序号,相对时间(s),R（Ω）,X（Ω）,时间
1,0,17865.2,-2483.99,2026/01/29 23:27:49
2,0.11,17861.6,-2486.72,2026/01/29 23:27:49
3,0.22,17866.9,-2485.85,2026/01/29 23:27:49
4,0.33,17862.7,-2485.14,2026/01/29 23:27:49
5,0.43,17864.3,-2485.85,2026/01/29 23:27:49
6,0.54,17864.7,-2485.24,2026/01/29 23:27:49
7,0.65,17862.4,-2485.81,2026/01/29 23:27:50
8,0.76,17866.5,-2485.59,2026/01/29 23:27:50
9,0.87,17862.4,-2485.81,2026/01/29 23:27:50
10,0.98,17866.7,-2484.97,2026/01/29 23:27:50
11,1.09,17861.4,-2487.3,2026/01/29 23:27:50
12,1.2,17868,-2484.31,2026/01/29 23:27:50
13,1.31,17860.8,-2487.06,2026/01/29 23:27:50
14,1.42,17867.6,-2484.74,2026/01/29 23:27:50
15,1.52,17862,-2486,2026/01/29 23:27:50
16,1.63,17866.3,-2485.01,2026/01/29 23:27:51
17,1.74,17863.8,-2485.65,2026/01/29 23:27:51
18,1.85,17865.4,-2486.33,2026/01/29 23:27:51
19,1.96,17865.9,-2484.1,2026/01/29 23:27:51
20,2.07,17862.5,-2486.77,2026/01/29 23:27:51
21,2.18,17867.3,-2483.91,2026/01/29 23:27:51
22,2.29,17863.4,-2485.17,2026/01/29 23:27:51
23,2.4,17866.1,-2483.7,2026/01/29 23:27:51
24,2.5,17863,-2487.88,2026/01/29 23:27:51
25,2.61,17867,-2484.16,2026/01/29 23:27:52
26,2.72,17862.4,-2487.08,2026/01/29 23:27:52
27,2.83,17866.4,-2484.49,2026/01/29 23:27:52
28,2.94,17863.4,-2486.54,2026/01/29 23:27:52
29,3.05,17866,-2484.77,2026/01/29 23:27:52
30,3.16,17864.2,-2486.07,2026/01/29 23:27:52
31,3.27,17865.4,-2485.91,2026/01/29 23:27:52
32,3.38,17866.6,-2483.56,2026/01/29 23:27:52
33,3.49,17863.8,-2487.45,2026/01/29 23:27:52
34,3.6,17868.2,-2484.52,2026/01/29 23:27:53
35,3.7,17863.8,-2485.48,2026/01/29 23:27:53
36,3.81,17866.8,-2484.96,2026/01/29 23:27:53
37,3.92,17865.9,-2485.75,2026/01/29 23:27:53
38,4.03,17864.6,-2484.83,2026/01/29 23:27:53
39,4.14,17867.7,-2485.55,2026/01/29 23:27:53
40,4.25,17863.5,-2484.98,2026/01/29 23:27:53
41,4.36,17867.7,-2486.68,2026/01/29 23:27:53
42,4.47,17863.6,-2486.25,2026/01/29 23:27:53
43,4.57,17869.4,-2484.33,2026/01/29 23:27:53
44,4.68,17864,-2487.21,2026/01/29 23:27:54
45,4.79,17868.9,-2484.97,2026/01/29 23:27:54
46,4.9,17864.2,-2486.37,2026/01/29 23:27:54
47,5.01,17868.9,-2485.56,2026/01/29 23:27:54
48,5.12,17865.1,-2485.52,2026/01/29 23:27:54
49,5.23,17867.4,-2485.55,2026/01/29 23:27:54
50,5.34,17866.6,-2484.05,2026/01/29 23:27:54
51,5.45,17865.8,-2487.76,2026/01/29 23:27:54
52,5.56,17869.1,-2484.17,2026/01/29 23:27:54
53,5.66,17865.2,-2485.93,2026/01/29 23:27:55
54,5.77,17867.9,-2485.39,2026/01/29 23:27:55
55,5.88,17866.2,-2486.01,2026/01/29 23:27:55
56,5.99,17868.5,-2484.37,2026/01/29 23:27:55
57,6.1,17866.7,-2486.59,2026/01/29 23:27:55
58,6.21,17867.3,-2483.99,2026/01/29 23:27:55
59,6.32,17867.8,-2486.19,2026/01/29 23:27:55
60,6.43,17866.6,-2485.25,2026/01/29 23:27:55
61,6.54,17869.2,-2486.89,2026/01/29 23:27:55
62,6.65,17866.7,-2484.69,2026/01/29 23:27:56
63,6.76,17869.9,-2484.41,2026/01/29 23:27:56
64,6.86,17865.7,-2486.71,2026/01/29 23:27:56
65,6.97,17872.5,-2483.91,2026/01/29 23:27:56
66,7.08,17866.1,-2485.62,2026/01/29 23:27:56
67,7.19,17871.3,-2485,2026/01/29 23:27:56
68,7.3,17868.3,-2485.68,2026/01/29 23:27:56
69,7.41,17870.4,-2486.06,2026/01/29 23:27:56
70,7.52,17869.3,-2484.62,2026/01/29 23:27:56
71,7.63,17868.8,-2488.04,2026/01/29 23:27:57
72,7.73,17870.9,-2483.82,2026/01/29 23:27:57
73,7.84,17867.3,-2486.81,2026/01/29 23:27:57
74,7.95,17871.4,-2484.8,2026/01/29 23:27:57
75,8.06,17868.9,-2485.83,2026/01/29 23:27:57
76,8.17,17871.4,-2485.72,2026/01/29 23:27:57
77,8.28,17869.3,-2486.89,2026/01/29 23:27:57
78,8.39,17872,-2484.55,2026/01/29 23:27:57
79,8.5,17871.4,-2485.94,2026/01/29 23:27:57
80,8.61,17871.5,-2484.67,2026/01/29 23:27:58
81,8.72,17872,-2486.31,2026/01/29 23:27:58
82,8.83,17870.6,-2484.95,2026/01/29 23:27:58
83,8.94,17874.3,-2486.34,2026/01/29 23:27:58
84,9.04,17869.7,-2485.67,2026/01/29 23:27:58
85,9.15,17874.8,-2484.21,2026/01/29 23:27:58
86,9.26,17869,-2487.07,2026/01/29 23:27:58
87,9.37,17875,-2483.55,2026/01/29 23:27:58
88,9.48,17870.3,-2486.65,2026/01/29 23:27:58
89,9.59,17875,-2484.72,2026/01/29 23:27:59
90,9.7,17871.5,-2486.01,2026/01/29 23:27:59
91,9.81,17874.9,-2485.46,2026/01/29 23:27:59
92,9.92,17872.8,-2485.72,2026/01/29 23:27:59
93,10.03,17873.1,-2487.26,2026/01/29 23:27:59
94,10.14,17875.2,-2483.8,2026/01/29 23:27:59
95,10.24,17871.5,-2486.79,2026/01/29 23:27:59
96,10.35,17876.8,-2484.57,2026/01/29 23:27:59
97,10.46,17872.6,-2485.96,2026/01/29 23:27:59
98,10.57,17875.8,-2486.01,2026/01/29 23:27:59
99,10.68,17874,-2484.99,2026/01/29 23:28:00
100,10.79,17875.2,-2486.46,2026/01/29 23:28:00
101,10.9,17877,-2483.29,2026/01/29 23:28:00
102,11,17873.4,-2486.77,2026/01/29 23:28:00
103,11.11,17876.6,-2485.56,2026/01/29 23:28:00
104,11.22,17874.6,-2485.91,2026/01/29 23:28:00
105,11.33,17877,-2484.95,2026/01/29 23:28:00
106,11.44,17875,-2486.67,2026/01/29 23:28:00
107,11.55,17875.2,-2485.29,2026/01/29 23:28:00
108,11.66,17876.9,-2485.95,2026/01/29 23:28:01
109,11.77,17874.2,-2485.1,2026/01/29 23:28:01
110,11.87,17878.8,-2486.07,2026/01/29 23:28:01
111,11.98,17874.3,-2486.17,2026/01/29 23:28:01
112,12.09,17878.4,-2485.34,2026/01/29 23:28:01
113,12.2,17874.7,-2488.14,2026/01/29 23:28:01
114,12.31,17878.7,-2483.82,2026/01/29 23:28:01
115,12.42,17875.7,-2487.38,2026/01/29 23:28:01
116,12.53,17877.5,-2484.02,2026/01/29 23:28:01
117,12.64,17879.1,-2486.04,2026/01/29 23:28:02
118,12.74,17879.1,-2483.56,2026/01/29 23:28:02
119,12.85,17869.6,-2486.64,2026/01/29 23:28:02
120,12.96,17819.4,-2499.16,2026/01/29 23:28:02
121,13.07,17782.6,-2504.15,2026/01/29 23:28:02
122,13.18,17812.9,-2499.6,2026/01/29 23:28:02
123,13.29,17866.5,-2487.42,2026/01/29 23:28:02
124,13.4,17879.9,-2484.73,2026/01/29 23:28:02
125,13.51,17884.1,-2483.41,2026/01/29 23:28:02
126,13.62,17876.9,-2485.67,2026/01/29 23:28:03
127,13.72,17823.3,-2497.33,2026/01/29 23:28:03
128,13.83,17763.7,-2506.93,2026/01/29 23:28:03
129,13.94,17784.9,-2505.17,2026/01/29 23:28:03
130,14.05,17862.1,-2487.6,2026/01/29 23:28:03
131,14.16,17862,-2488.62,2026/01/29 23:28:03
132,14.27,17865.7,-2488.66,2026/01/29 23:28:03
133,14.38,17799.9,-2501.07,2026/01/29 23:28:03
134,14.49,17769.4,-2508.08,2026/01/29 23:28:03
135,14.6,17769.6,-2506.38,2026/01/29 23:28:04
136,14.71,17770.1,-2508,2026/01/29 23:28:04
137,14.81,17807.2,-2497.82,2026/01/29 23:28:04
138,14.93,17857.8,-2491.46,2026/01/29 23:28:04
139,15.03,17870.2,-2485.27,2026/01/29 23:28:04
140,15.14,17869.9,-2488.94,2026/01/29 23:28:04
141,15.25,17875.3,-2485.53,2026/01/29 23:28:04
142,15.36,17870.6,-2487.57,2026/01/29 23:28:04
143,15.47,17875.5,-2487.82,2026/01/29 23:28:04
144,15.58,17863.9,-2488.54,2026/01/29 23:28:04
145,15.69,17869,-2489.02,2026/01/29 23:28:05
146,15.8,17834.8,-2493.23,2026/01/29 23:28:05
147,15.91,17765.5,-2508.23,2026/01/29 23:28:05
148,16.02,17795.3,-2501.48,2026/01/29 23:28:05
149,16.12,17861.6,-2490.98,2026/01/29 23:28:05
150,16.23,17869.5,-2486.25,2026/01/29 23:28:05
151,16.34,17865.4,-2489.22,2026/01/29 23:28:05
152,16.45,17870.5,-2487.76,2026/01/29 23:28:05
153,16.56,17867.5,-2488.07,2026/01/29 23:28:05
154,16.67,17827.4,-2495.06,2026/01/29 23:28:06
155,16.78,17770.2,-2506.96,2026/01/29 23:28:06
156,16.89,17785,-2504.29,2026/01/29 23:28:06
157,17,17865.4,-2487.05,2026/01/29 23:28:06
158,17.1,17881.1,-2486.8,2026/01/29 23:28:06
159,17.21,17886.5,-2483,2026/01/29 23:28:06
160,17.32,17882.9,-2485.62,2026/01/29 23:28:06
161,17.43,17870.8,-2487.26,2026/01/29 23:28:06
162,17.54,17784.9,-2502.03,2026/01/29 23:28:06
163,17.65,17776.5,-2506.42,2026/01/29 23:28:07
164,17.76,17801.6,-2500.73,2026/01/29 23:28:07
165,17.87,17887.2,-2483.61,2026/01/29 23:28:07
166,17.98,17890.3,-2482.5,2026/01/29 23:28:07
167,18.09,17890.5,-2484.03,2026/01/29 23:28:07
168,18.19,17879.3,-2483.44,2026/01/29 23:28:07
169,18.3,17803.1,-2500.46,2026/01/29 23:28:07
170,18.41,17775.1,-2506.01,2026/01/29 23:28:07
171,18.52,17820.1,-2497.89,2026/01/29 23:28:07
172,18.63,17893.9,-2482.27,2026/01/29 23:28:08
173,18.74,17892.8,-2482.43,2026/01/29 23:28:08
174,18.85,17897.5,-2482.46,2026/01/29 23:28:08
175,18.96,17898.6,-2480.74,2026/01/29 23:28:08
176,19.07,17871.6,-2488,2026/01/29 23:28:08
177,19.17,17789.4,-2500.85,2026/01/29 23:28:08
178,19.28,17778.4,-2507.52,2026/01/29 23:28:08
179,19.39,17823.6,-2496.52,2026/01/29 23:28:08
180,19.5,17896.1,-2481.6,2026/01/29 23:28:08
181,19.61,17899.5,-2482.46,2026/01/29 23:28:09
182,19.72,17899.9,-2481.68,2026/01/29 23:28:09
183,19.83,17901.4,-2483.01,2026/01/29 23:28:09
184,19.94,17884.1,-2484.35,2026/01/29 23:28:09
185,20.04,17789.5,-2503.88,2026/01/29 23:28:09
186,20.15,17780.3,-2505.02,2026/01/29 23:28:09
187,20.26,17857.2,-2491.91,2026/01/29 23:28:09
188,20.37,17905.5,-2479.85,2026/01/29 23:28:09
189,20.48,17903.3,-2481.16,2026/01/29 23:28:09
190,20.59,17910.1,-2481.13,2026/01/29 23:28:10
191,20.7,17908.2,-2480.2,2026/01/29 23:28:10
192,20.81,17903.4,-2482.25,2026/01/29 23:28:10
193,20.92,17821.7,-2496.07,2026/01/29 23:28:10
194,21.03,17768.2,-2509.11,2026/01/29 23:28:10
195,21.14,17780.9,-2505.64,2026/01/29 23:28:10
196,21.24,17872.1,-2489.87,2026/01/29 23:28:10
197,21.35,17914.9,-2478.72,2026/01/29 23:28:10
198,21.46,17910.5,-2481.01,2026/01/29 23:28:10
199,21.57,17917.5,-2480.34,2026/01/29 23:28:10
200,21.68,17911.9,-2480.36,2026/01/29 23:28:11
201,21.79,17910.6,-2482.37,2026/01/29 23:28:11
202,21.9,17859.5,-2491.6,2026/01/29 23:28:11
203,22.01,17787.9,-2504.99,2026/01/29 23:28:11
204,22.11,17769.8,-2509.73,2026/01/29 23:28:11
205,22.22,17831.1,-2498.59,2026/01/29 23:28:11
206,22.33,17923.4,-2478.4,2026/01/29 23:28:11
207,22.44,17930.1,-2478.65,2026/01/29 23:28:11
208,22.55,17941.7,-2474.76,2026/01/29 23:28:11
209,22.66,17934.1,-2478.92,2026/01/29 23:28:12
210,22.77,17936.1,-2476.61,2026/01/29 23:28:12
211,22.88,17887.1,-2487.91,2026/01/29 23:28:12
212,22.99,17816.8,-2498.31,2026/01/29 23:28:12
213,23.1,17774.2,-2510.41,2026/01/29 23:28:12
214,23.2,17785.9,-2506.26,2026/01/29 23:28:12
215,23.31,17884.2,-2485.92,2026/01/29 23:28:12
216,23.42,17910.4,-2483.07,2026/01/29 23:28:12
217,23.53,17913.8,-2479,2026/01/29 23:28:12
218,23.64,17905.2,-2483.38,2026/01/29 23:28:13
219,23.75,17846.3,-2493.56,2026/01/29 23:28:13
220,23.86,17776.1,-2508.34,2026/01/29 23:28:13
221,23.96,17755.5,-2512.92,2026/01/29 23:28:13
222,24.07,17802.7,-2504.6,2026/01/29 23:28:13
223,24.18,17893.9,-2485.51,2026/01/29 23:28:13
224,24.29,17913.1,-2480.5,2026/01/29 23:28:13
225,24.4,17908.7,-2481.47,2026/01/29 23:28:13
226,24.51,17913.2,-2480.75,2026/01/29 23:28:13
227,24.62,17912.2,-2480.76,2026/01/29 23:28:14
228,24.73,17849.5,-2493.89,2026/01/29 23:28:14
229,24.84,17782.3,-2506.28,2026/01/29 23:28:14
230,24.95,17792.4,-2507.16,2026/01/29 23:28:14
231,25.05,17859.9,-2491.38,2026/01/29 23:28:14
232,25.16,17927.7,-2478.97,2026/01/29 23:28:14
233,25.27,17936.9,-2476.74,2026/01/29 23:28:14
234,25.38,17929.4,-2478.81,2026/01/29 23:28:14
235,25.49,17936,-2477.35,2026/01/29 23:28:14
236,25.6,17935.6,-2478.38,2026/01/29 23:28:15
237,25.71,17935.6,-2477.35,2026/01/29 23:28:15
238,25.82,17884.3,-2489.77,2026/01/29 23:28:15
239,25.93,17866.1,-2489.62,2026/01/29 23:28:15
240,26.03,17939.1,-2477.73,2026/01/29 23:28:15
241,26.14,17932.8,-2479.24,2026/01/29 23:28:15
242,26.25,17937.4,-2476.86,2026/01/29 23:28:15
243,26.36,17936.7,-2478.84,2026/01/29 23:28:15
244,26.47,17940.4,-2476.77,2026/01/29 23:28:15
245,26.58,17887.2,-2488.16,2026/01/29 23:28:16
246,26.69,17842.5,-2497.3,2026/01/29 23:28:16
247,26.8,17894.2,-2484.84,2026/01/29 23:28:16
248,26.91,17934.3,-2479.16,2026/01/29 23:28:16
249,27.02,17935.6,-2476.69,2026/01/29 23:28:16
250,27.13,17933.3,-2480.39,2026/01/29 23:28:16
251,27.23,17931.6,-2478.72,2026/01/29 23:28:16
252,27.34,17847.9,-2496.23,2026/01/29 23:28:16
253,27.45,17851,-2494.96,2026/01/29 23:28:16
254,27.56,17921.1,-2480.77,2026/01/29 23:28:16
255,27.67,17929.2,-2478.21,2026/01/29 23:28:17
256,27.78,17930.3,-2480.7,2026/01/29 23:28:17
257,27.89,17924.6,-2479.55,2026/01/29 23:28:17
258,27.99,17866.7,-2491.44,2026/01/29 23:28:17
259,28.1,17819.1,-2502.13,2026/01/29 23:28:17
260,28.21,17838.1,-2497.7,2026/01/29 23:28:17
261,28.32,17920.4,-2480.43,2026/01/29 23:28:17
262,28.43,17933.3,-2479.6,2026/01/29 23:28:17
263,28.54,17930.4,-2478.82,2026/01/29 23:28:17
264,28.65,17934.6,-2479.63,2026/01/29 23:28:18
265,28.76,17914.7,-2482.28,2026/01/29 23:28:18
266,28.87,17833.8,-2497.99,2026/01/29 23:28:18
267,28.98,17819.1,-2502.62,2026/01/29 23:28:18
268,29.08,17901.2,-2485.55,2026/01/29 23:28:18
269,29.19,17929.7,-2478.29,2026/01/29 23:28:18
270,29.3,17927.1,-2481.47,2026/01/29 23:28:18
271,29.41,17929.3,-2479.97,2026/01/29 23:28:18
272,29.52,17927.6,-2481,2026/01/29 23:28:18
273,29.63,17898.1,-2486.63,2026/01/29 23:28:19
274,29.74,17821.8,-2500.24,2026/01/29 23:28:19
275,29.85,17847.6,-2497.24,2026/01/29 23:28:19
276,29.96,17933.8,-2477.82,2026/01/29 23:28:19
277,30.07,17931.8,-2480.6,2026/01/29 23:28:19
278,30.17,17940.6,-2477.84,2026/01/29 23:28:19
279,30.28,17929.5,-2481.01,2026/01/29 23:28:19
280,30.39,17874,-2490.04,2026/01/29 23:28:19
281,30.5,17824.8,-2502.16,2026/01/29 23:28:19
282,30.61,17840.3,-2497.7,2026/01/29 23:28:20
283,30.72,17931.1,-2479.4,2026/01/29 23:28:20
284,30.83,17936.4,-2479.3,2026/01/29 23:28:20
285,30.94,17941.3,-2477.13,2026/01/29 23:28:20
286,31.05,17922,-2481.3,2026/01/29 23:28:20
287,31.15,17852.4,-2496.68,2026/01/29 23:28:20
288,31.26,17825.8,-2501.74,2026/01/29 23:28:20
289,31.37,17832.2,-2499.92,2026/01/29 23:28:20
290,31.48,17911.3,-2484.2,2026/01/29 23:28:20
291,31.59,17931.9,-2478.64,2026/01/29 23:28:21
292,31.7,17935.5,-2480.92,2026/01/29 23:28:21
293,31.81,17905,-2483.82,2026/01/29 23:28:21
294,31.92,17825.9,-2502.2,2026/01/29 23:28:21
295,32.03,17849.4,-2497.12,2026/01/29 23:28:21
296,32.14,17925.7,-2480,2026/01/29 23:28:21
297,32.25,17930.5,-2479.44,2026/01/29 23:28:21
298,32.36,17935.6,-2479.98,2026/01/29 23:28:21
299,32.46,17932.4,-2479.39,2026/01/29 23:28:21
300,32.57,17890.7,-2487.82,2026/01/29 23:28:21
301,32.68,17823.5,-2502.78,2026/01/29 23:28:22
302,32.79,17883.3,-2487.97,2026/01/29 23:28:22
303,32.9,17930.9,-2481.29,2026/01/29 23:28:22
304,33.01,17927.9,-2480.39,2026/01/29 23:28:22
305,33.12,17934.4,-2479.85,2026/01/29 23:28:22
306,33.23,17865.6,-2493.91,2026/01/29 23:28:22
307,33.34,17850.5,-2497.37,2026/01/29 23:28:22
308,33.44,17923.9,-2480.34,2026/01/29 23:28:22
309,33.55,17931.9,-2480.66,2026/01/29 23:28:22
310,33.66,17930,-2480.59,2026/01/29 23:28:23
311,33.77,17906.4,-2485.34,2026/01/29 23:28:23
312,33.88,17866.6,-2493.66,2026/01/29 23:28:23
313,33.99,17895.2,-2487.48,2026/01/29 23:28:23
314,34.1,17935,-2478.52,2026/01/29 23:28:23
315,34.21,17931.7,-2482.24,2026/01/29 23:28:23
316,34.32,17935.7,-2478.43,2026/01/29 23:28:23
317,34.42,17863.3,-2495.48,2026/01/29 23:28:23
318,34.53,17892.6,-2488.53,2026/01/29 23:28:23
319,34.64,17937.5,-2478,2026/01/29 23:28:24
320,34.75,17934.5,-2481.43,2026/01/29 23:28:24
321,34.86,17939.6,-2478.63,2026/01/29 23:28:24
322,34.97,17913.5,-2484.7,2026/01/29 23:28:24
323,35.08,17884,-2490.73,2026/01/29 23:28:24
324,35.19,17917,-2483.51,2026/01/29 23:28:24
325,35.3,17934.7,-2479.66,2026/01/29 23:28:24
326,35.41,17932,-2480.96,2026/01/29 23:28:24
327,35.51,17933.9,-2479.86,2026/01/29 23:28:24
328,35.62,17935.3,-2481.35,2026/01/29 23:28:25
329,35.73,17932.6,-2481.59,2026/01/29 23:28:25
330,35.84,17918.5,-2483.42,2026/01/29 23:28:25
331,35.95,17869.8,-2495.46,2026/01/29 23:28:25
332,36.06,17870.5,-2494.38,2026/01/29 23:28:25
333,36.17,17916.6,-2483.61,2026/01/29 23:28:25
334,36.28,17935,-2481.4,2026/01/29 23:28:25
335,36.39,17933.2,-2480.44,2026/01/29 23:28:25
336,36.49,17936.4,-2481.14,2026/01/29 23:28:25
337,36.6,17938.5,-2480.4,2026/01/29 23:28:26
338,36.71,17898.1,-2488.51,2026/01/29 23:28:26
339,36.82,17877.5,-2492.75,2026/01/29 23:28:26
340,36.93,17870.3,-2496.04,2026/01/29 23:28:26
341,37.04,17910,-2483.69,2026/01/29 23:28:26
342,37.15,17933.9,-2481.62,2026/01/29 23:28:26
343,37.26,17933.1,-2480.89,2026/01/29 23:28:26
344,37.36,17937.8,-2479.93,2026/01/29 23:28:26
345,37.47,17935.8,-2482.08,2026/01/29 23:28:26
346,37.58,17899.9,-2487.7,2026/01/29 23:28:27
347,37.69,17859.4,-2498.14,2026/01/29 23:28:27
348,37.8,17909.8,-2486.2,2026/01/29 23:28:27
349,37.91,17927,-2481.15,2026/01/29 23:28:27
350,38.02,17932,-2481.01,2026/01/29 23:28:27
351,38.13,17932.4,-2481.26,2026/01/29 23:28:27
352,38.23,17933,-2479.95,2026/01/29 23:28:27
353,38.34,17933.9,-2481.47,2026/01/29 23:28:27
354,38.45,17935,-2480.48,2026/01/29 23:28:27
355,38.56,17938.1,-2478.13,2026/01/29 23:28:27
356,38.67,17909.2,-2488.05,2026/01/29 23:28:28
357,38.78,17862.1,-2496.91,2026/01/29 23:28:28
358,38.89,17882.3,-2492.39,2026/01/29 23:28:28
359,39,17922.7,-2483.5,2026/01/29 23:28:28
360,39.11,17937.5,-2478.42,2026/01/29 23:28:28
361,39.21,17936.6,-2482.2,2026/01/29 23:28:28
362,39.32,17940.1,-2479.14,2026/01/29 23:28:28
363,39.43,17941.2,-2478.77,2026/01/29 23:28:28
364,39.54,17949.2,-2477.32,2026/01/29 23:28:28
365,39.65,17941.5,-2479.08,2026/01/29 23:28:29
366,39.76,17945.2,-2477.89,2026/01/29 23:28:29
367,39.87,17943.4,-2480.51,2026/01/29 23:28:29
368,39.98,17943.2,-2478.91,2026/01/29 23:28:29
369,40.09,17948.4,-2480.54,2026/01/29 23:28:29
370,40.19,17939.7,-2482.32,2026/01/29 23:28:29
371,40.3,17882.7,-2493.16,2026/01/29 23:28:29
372,40.41,17869.9,-2496.72,2026/01/29 23:28:29
373,40.52,17936.9,-2480.87,2026/01/29 23:28:29
374,40.63,17934.7,-2481.02,2026/01/29 23:28:30
375,40.74,17939.3,-2481.63,2026/01/29 23:28:30
376,40.85,17938.8,-2479.96,2026/01/29 23:28:30
377,40.96,17941.4,-2479.99,2026/01/29 23:28:30
378,41.07,17941.6,-2478.29,2026/01/29 23:28:30
379,41.17,17940.6,-2479.9,2026/01/29 23:28:30
380,41.28,17939.6,-2480.77,2026/01/29 23:28:30
381,41.39,17860.6,-2499.59,2026/01/29 23:28:30
382,41.5,17880.2,-2491.94,2026/01/29 23:28:30
383,41.61,17937.1,-2481.59,2026/01/29 23:28:31
384,41.72,17938.4,-2479.64,2026/01/29 23:28:31
385,41.83,17944.4,-2479.79,2026/01/29 23:28:31
386,41.94,17942.3,-2478.97,2026/01/29 23:28:31
387,42.05,17936.5,-2482.06,2026/01/29 23:28:31
388,42.15,17853.9,-2499.93,2026/01/29 23:28:31
389,42.26,17848.9,-2500.75,2026/01/29 23:28:31
390,42.37,17920.6,-2484.01,2026/01/29 23:28:31
391,42.48,17940.1,-2481.5,2026/01/29 23:28:31
392,42.59,17936.6,-2481.07,2026/01/29 23:28:32
393,42.7,17941.9,-2482.03,2026/01/29 23:28:32
394,42.81,17939.5,-2482.23,2026/01/29 23:28:32
395,42.92,17935,-2482.57,2026/01/29 23:28:32
396,43.03,17869.9,-2497.16,2026/01/29 23:28:32
397,43.14,17853.5,-2499.78,2026/01/29 23:28:32
398,43.24,17923.9,-2485.19,2026/01/29 23:28:32
399,43.35,17936.8,-2483.55,2026/01/29 23:28:32
400,43.46,17939.9,-2480.31,2026/01/29 23:28:32
401,43.57,17940.3,-2483.15,2026/01/29 23:28:32
402,43.68,17942.8,-2480.98,2026/01/29 23:28:33
403,43.79,17920.5,-2485.72,2026/01/29 23:28:33
404,43.9,17874.1,-2498.71,2026/01/29 23:28:33
405,44.01,17872.6,-2495.55,2026/01/29 23:28:33
406,44.12,17920.1,-2487.28,2026/01/29 23:28:33
407,44.23,17945.3,-2479.38,2026/01/29 23:28:33
408,44.34,17942,-2482.74,2026/01/29 23:28:33
409,44.45,17948.6,-2480.4,2026/01/29 23:28:33
410,44.55,17945.6,-2482.55,2026/01/29 23:28:33
411,44.66,17925.1,-2484.77,2026/01/29 23:28:34
412,44.77,17861.7,-2501.14,2026/01/29 23:28:34
413,44.88,17869.3,-2497.12,2026/01/29 23:28:34
414,44.99,17940.8,-2482.77,2026/01/29 23:28:34
415,45.1,17944.3,-2480.65,2026/01/29 23:28:34
416,45.21,17948.4,-2480.2,2026/01/29 23:28:34
417,45.32,17945.3,-2481.96,2026/01/29 23:28:34
418,45.42,17947.9,-2482.3,2026/01/29 23:28:34
419,45.53,17922,-2485.82,2026/01/29 23:28:34
420,45.64,17848.8,-2503.93,2026/01/29 23:28:35
421,45.75,17876.1,-2495.72,2026/01/29 23:28:35
422,45.86,17930.3,-2484.91,2026/01/29 23:28:35
423,45.97,17946.1,-2480.58,2026/01/29 23:28:35
424,46.08,17943.9,-2482.59,2026/01/29 23:28:35
425,46.19,17951,-2480.07,2026/01/29 23:28:35
426,46.3,17931.8,-2485.92,2026/01/29 23:28:35
427,46.4,17847.9,-2502.12,2026/01/29 23:28:35
428,46.51,17859.6,-2500.81,2026/01/29 23:28:35
429,46.62,17900.7,-2490.66,2026/01/29 23:28:36
430,46.73,17954.3,-2479.86,2026/01/29 23:28:36
431,46.84,17951.8,-2479.9,2026/01/29 23:28:36
432,46.95,17953.1,-2480.35,2026/01/29 23:28:36
433,47.06,17949.1,-2482.44,2026/01/29 23:28:36
434,47.17,17954.9,-2482.23,2026/01/29 23:28:36
435,47.27,17949.7,-2481.9,2026/01/29 23:28:36
436,47.38,17960.3,-2480.05,2026/01/29 23:28:36
437,47.49,17958.5,-2478.66,2026/01/29 23:28:36
438,47.6,17958.9,-2480.69,2026/01/29 23:28:37
439,47.71,17960.1,-2478.38,2026/01/29 23:28:37
440,47.82,17956.1,-2481.06,2026/01/29 23:28:37
441,47.93,17961,-2479.07,2026/01/29 23:28:37
442,48.04,17956.2,-2483.07,2026/01/29 23:28:37
443,48.14,17962.2,-2477.84,2026/01/29 23:28:37
444,48.25,17963.4,-2479.16,2026/01/29 23:28:37
445,48.36,17959.9,-2479.02,2026/01/29 23:28:37
446,48.47,17964.6,-2477.99,2026/01/29 23:28:37
447,48.58,17959.1,-2480.23,2026/01/29 23:28:37
448,48.69,17962.3,-2479.75,2026/01/29 23:28:38
449,48.8,17958.8,-2479.88,2026/01/29 23:28:38
450,48.91,17966,-2480.09,2026/01/29 23:28:38
451,49.01,17964.2,-2479.09,2026/01/29 23:28:38
452,49.12,17969.5,-2478.18,2026/01/29 23:28:38
453,49.23,17963.2,-2480.74,2026/01/29 23:28:38
454,49.34,17963.4,-2480.73,2026/01/29 23:28:38
455,49.45,17966,-2480.6,2026/01/29 23:28:38
456,49.56,17961.9,-2481.25,2026/01/29 23:28:38
457,49.67,17967.5,-2479.13,2026/01/29 23:28:39
458,49.78,17963.1,-2482.8,2026/01/29 23:28:39
459,49.89,17971.1,-2476.52,2026/01/29 23:28:39
460,49.99,17968,-2479.44,2026/01/29 23:28:39
461,50.1,17968.3,-2478.23,2026/01/29 23:28:39
462,50.21,17970.7,-2477.79,2026/01/29 23:28:39
463,50.32,17967.1,-2479.47,2026/01/29 23:28:39
464,50.43,17971.3,-2478.51,2026/01/29 23:28:39
465,50.54,17967.7,-2478.2,2026/01/29 23:28:39
466,50.65,17972.8,-2478.32,2026/01/29 23:28:40
467,50.76,17968.6,-2478.39,2026/01/29 23:28:40
468,50.86,17973.2,-2478.05,2026/01/29 23:28:40
469,50.97,17974.1,-2477.21,2026/01/29 23:28:40
470,51.08,17971.6,-2477.59,2026/01/29 23:28:40
471,51.19,17976.5,-2476.48,2026/01/29 23:28:40
472,51.3,17971.5,-2478.67,2026/01/29 23:28:40
473,51.41,17976.8,-2475.07,2026/01/29 23:28:40
474,51.52,17973.5,-2478.63,2026/01/29 23:28:40
475,51.63,17974.6,-2476.67,2026/01/29 23:28:41
476,51.74,17975.2,-2478.01,2026/01/29 23:28:41
477,51.84,17972.3,-2478.65,2026/01/29 23:28:41
478,51.95,17977.1,-2476.43,2026/01/29 23:28:41
479,52.06,17973.9,-2478.8,2026/01/29 23:28:41
480,52.17,17977.1,-2476.39,2026/01/29 23:28:41
481,52.28,17970.1,-2479.37,2026/01/29 23:28:41
482,52.39,17973.4,-2480.6,2026/01/29 23:28:41
483,52.5,17968.6,-2480.47,2026/01/29 23:28:41
484,52.61,17972.6,-2480.63,2026/01/29 23:28:42
485,52.71,17970.6,-2480.94,2026/01/29 23:28:42
486,52.82,17975.8,-2477.12,2026/01/29 23:28:42
487,52.93,17977,-2478.66,2026/01/29 23:28:42
488,53.04,17970,-2480.37,2026/01/29 23:28:42
489,53.15,17975.4,-2480.52,2026/01/29 23:28:42
490,53.26,17970.4,-2482.21,2026/01/29 23:28:42
491,53.37,17974.3,-2479.37,2026/01/29 23:28:42
492,53.48,17974.9,-2479.96,2026/01/29 23:28:42
493,53.59,17977.3,-2477.52,2026/01/29 23:28:43
494,53.7,17978.4,-2478.16,2026/01/29 23:28:43
495,53.8,17976.8,-2479.57,2026/01/29 23:28:43
496,53.91,17980.2,-2475.7,2026/01/29 23:28:43
497,54.02,17977.5,-2478.38,2026/01/29 23:28:43
498,54.13,17982.4,-2478.13,2026/01/29 23:28:43
499,54.24,17978.5,-2477.47,2026/01/29 23:28:43
500,54.35,17981.8,-2477.68,2026/01/29 23:28:43
501,54.46,17974.3,-2480.95,2026/01/29 23:28:43
502,54.57,17976.8,-2480.2,2026/01/29 23:28:43
503,54.67,17975.7,-2482.41,2026/01/29 23:28:44
504,54.78,17975.2,-2480.22,2026/01/29 23:28:44
505,54.89,17979.3,-2480.6,2026/01/29 23:28:44
506,55,17974.4,-2482.34,2026/01/29 23:28:44
507,55.11,17978.1,-2479.02,2026/01/29 23:28:44
508,55.22,17977.2,-2481.35,2026/01/29 23:28:44
509,55.33,17976.4,-2480.32,2026/01/29 23:28:44
510,55.44,17980.5,-2478.61,2026/01/29 23:28:44
511,55.54,17974.7,-2481.33,2026/01/29 23:28:44
512,55.65,17980.6,-2478.8,2026/01/29 23:28:45
513,55.76,17976.2,-2480.65,2026/01/29 23:28:45
514,55.87,17981.2,-2480.93,2026/01/29 23:28:45
515,55.98,17976.5,-2479.79,2026/01/29 23:28:45
516,56.09,17980.4,-2479.66,2026/01/29 23:28:45
517,56.2,17977.4,-2479.56,2026/01/29 23:28:45
518,56.31,17982.1,-2478.35,2026/01/29 23:28:45
519,56.42,17988.8,-2479.04,2026/01/29 23:28:45
520,56.52,17987.4,-2476.45,2026/01/29 23:28:45
521,56.63,17992.6,-2475.8,2026/01/29 23:28:46
522,56.74,17989.3,-2480.47,2026/01/29 23:28:46
523,56.85,17993.5,-2476.79,2026/01/29 23:28:46
524,56.96,17990.8,-2480.54,2026/01/29 23:28:46
525,57.07,17992,-2478.07,2026/01/29 23:28:46
526,57.18,17993.6,-2478.67,2026/01/29 23:28:46
527,57.29,17988.6,-2480.69,2026/01/29 23:28:46
528,57.4,17992.4,-2478.95,2026/01/29 23:28:46
529,57.5,17984.4,-2482.7,2026/01/29 23:28:46
530,57.61,17989.8,-2481.02,2026/01/29 23:28:47
531,57.72,17984.9,-2480.24,2026/01/29 23:28:47
532,57.83,17989.2,-2480.8,2026/01/29 23:28:47
533,57.94,17985.8,-2479.61,2026/01/29 23:28:47
534,58.05,17986.6,-2481.82,2026/01/29 23:28:47
535,58.15,17989.4,-2478.39,2026/01/29 23:28:47
536,58.26,17984.9,-2481.7,2026/01/29 23:28:47
537,58.37,17992.9,-2478.36,2026/01/29 23:28:47
538,58.48,17989.3,-2481.56,2026/01/29 23:28:47
539,58.59,17993,-2478.56,2026/01/29 23:28:48
540,58.7,17990.9,-2480.87,2026/01/29 23:28:48
541,58.81,17997.5,-2476.87,2026/01/29 23:28:48
542,58.92,18001.5,-2478.69,2026/01/29 23:28:48
543,59.03,17998.9,-2477.7,2026/01/29 23:28:48
544,59.14,18003.7,-2479.51,2026/01/29 23:28:48
545,59.24,17993.8,-2480.36,2026/01/29 23:28:48
546,59.35,17994.8,-2479.02,2026/01/29 23:28:48
547,59.46,17990.8,-2479.47,2026/01/29 23:28:48
548,59.57,17999,-2478.64,2026/01/29 23:28:48
549,59.68,17993.6,-2479.19,2026/01/29 23:28:49
550,59.79,17997.2,-2479.34,2026/01/29 23:28:49
551,59.9,17994,-2479.07,2026/01/29 23:28:49
552,60.01,17997.7,-2479.8,2026/01/29 23:28:49
553,60.12,17995.9,-2477.54,2026/01/29 23:28:49
554,60.23,17994,-2480.26,2026/01/29 23:28:49
555,60.34,17998.7,-2478.09,2026/01/29 23:28:49
556,60.44,17991.4,-2480.68,2026/01/29 23:28:49
557,60.55,17998.8,-2476.55,2026/01/29 23:28:49
558,60.66,17996.9,-2480.78,2026/01/29 23:28:50
559,60.77,18000.8,-2477.31,2026/01/29 23:28:50
560,60.88,18001.2,-2479.87,2026/01/29 23:28:50
561,60.99,17998.2,-2477.34,2026/01/29 23:28:50
562,61.1,18004.9,-2479.32,2026/01/29 23:28:50
563,61.21,18000.4,-2478.35,2026/01/29 23:28:50
564,61.31,18003,-2478.77,2026/01/29 23:28:50
565,61.42,18002.4,-2478.47,2026/01/29 23:28:50
566,61.53,18010.3,-2477.91,2026/01/29 23:28:50
567,61.64,18009.5,-2477.71,2026/01/29 23:28:51
568,61.75,18012.2,-2478.41,2026/01/29 23:28:51
569,61.86,18014.2,-2475.44,2026/01/29 23:28:51
570,61.97,18009.2,-2480.06,2026/01/29 23:28:51
571,62.08,18017.8,-2474.91,2026/01/29 23:28:51
572,62.19,18017.1,-2478.56,2026/01/29 23:28:51
573,62.3,18028.9,-2474.17,2026/01/29 23:28:51
574,62.4,18014.2,-2478.27,2026/01/29 23:28:51
575,62.51,18021.4,-2476.61,2026/01/29 23:28:51
576,62.62,18013.1,-2478.24,2026/01/29 23:28:52
577,62.73,18016.7,-2476.8,2026/01/29 23:28:52
578,62.84,18028.3,-2476.58,2026/01/29 23:28:52
579,62.95,18033.1,-2474.56,2026/01/29 23:28:52
580,63.06,18039.1,-2475.5,2026/01/29 23:28:52
581,63.17,18035.9,-2476.42,2026/01/29 23:28:52
582,63.27,18041.6,-2472.55,2026/01/29 23:28:52
583,63.38,18032.3,-2478.2,2026/01/29 23:28:52
584,63.49,18034.7,-2478.88,2026/01/29 23:28:52
585,63.6,18030.7,-2480.9,2026/01/29 23:28:53
586,63.71,18037.9,-2477.8,2026/01/29 23:28:53
587,63.82,18052.9,-2475.46,2026/01/29 23:28:53
588,63.93,18049.5,-2476.69,2026/01/29 23:28:53
589,64.03,18044.4,-2478.58,2026/01/29 23:28:53
590,64.14,18019,-2481.39,2026/01/29 23:28:53
591,64.25,18000,-2484.92,2026/01/29 23:28:53
592,64.36,17988.5,-2485.06,2026/01/29 23:28:53
593,64.47,17985.4,-2488.29,2026/01/29 23:28:53
594,64.58,17983.4,-2484.08,2026/01/29 23:28:53
595,64.69,17982.6,-2489.74,2026/01/29 23:28:54
596,64.8,17991.7,-2484.4,2026/01/29 23:28:54
597,64.91,17988.3,-2484.86,2026/01/29 23:28:54
598,65.01,18002.8,-2482.18,2026/01/29 23:28:54
599,65.12,18008.4,-2480.76,2026/01/29 23:28:54
600,65.23,18022.1,-2478.66,2026/01/29 23:28:54
601,65.34,18018.6,-2479.32,2026/01/29 23:28:54
602,65.45,18008,-2479.53,2026/01/29 23:28:54
603,65.56,17993.9,-2487.38,2026/01/29 23:28:54
604,65.67,17970.5,-2492.12,2026/01/29 23:28:55
605,65.78,17976.7,-2489.19,2026/01/29 23:28:55
606,65.89,17970.2,-2493.58,2026/01/29 23:28:55
607,65.99,17993,-2484.31,2026/01/29 23:28:55
608,66.1,17995.6,-2486.78,2026/01/29 23:28:55
609,66.21,17999.4,-2482.88,2026/01/29 23:28:55
610,66.32,18004.3,-2485.36,2026/01/29 23:28:55
611,66.43,17992.9,-2485.85,2026/01/29 23:28:55
612,66.54,17991.6,-2488.44,2026/01/29 23:28:55
613,66.65,17988.2,-2489.89,2026/01/29 23:28:56
614,66.76,17985.8,-2489.14,2026/01/29 23:28:56
615,66.86,17977.4,-2492.37,2026/01/29 23:28:56
616,66.97,17979.8,-2492.22,2026/01/29 23:28:56
617,67.08,17974.4,-2494.11,2026/01/29 23:28:56
618,67.19,17975.1,-2494.96,2026/01/29 23:28:56
619,67.3,17980.1,-2491.74,2026/01/29 23:28:56
620,67.41,17976.3,-2495.7,2026/01/29 23:28:56
621,67.52,17980.4,-2491.38,2026/01/29 23:28:56
622,67.63,17983,-2490.97,2026/01/29 23:28:57
623,67.74,17984.4,-2489.02,2026/01/29 23:28:57
624,67.85,17977.9,-2491.64,2026/01/29 23:28:57
625,67.96,17981.8,-2491.33,2026/01/29 23:28:57
626,68.06,17981.1,-2489.87,2026/01/29 23:28:57
627,68.17,17981.5,-2491.91,2026/01/29 23:28:57
628,68.28,17979.8,-2490.12,2026/01/29 23:28:57
629,68.39,17979.5,-2492.59,2026/01/29 23:28:57
630,68.5,17979.5,-2489.28,2026/01/29 23:28:57
631,68.61,17970.5,-2495.26,2026/01/29 23:28:58
632,68.72,17981.3,-2491.03,2026/01/29 23:28:58
633,68.83,17974.8,-2494.54,2026/01/29 23:28:58
634,68.93,17977.9,-2493.45,2026/01/29 23:28:58
635,69.04,17968.1,-2494.89,2026/01/29 23:28:58
636,69.15,17972.2,-2494.19,2026/01/29 23:28:58
637,69.26,17978.3,-2493.82,2026/01/29 23:28:58
638,69.37,17981.5,-2492.57,2026/01/29 23:28:58
639,69.48,17984.2,-2491.09,2026/01/29 23:28:58
640,69.59,17970.8,-2495.8,2026/01/29 23:28:59
641,69.7,17978,-2493.44,2026/01/29 23:28:59
642,69.81,17973.8,-2495.62,2026/01/29 23:28:59
643,69.91,17981.8,-2492.52,2026/01/29 23:28:59
644,70.02,17978.6,-2495.21,2026/01/29 23:28:59
645,70.13,17979.8,-2492.71,2026/01/29 23:28:59
646,70.24,17979.5,-2494.37,2026/01/29 23:28:59
647,70.35,17979.3,-2491.99,2026/01/29 23:28:59
648,70.46,17987.7,-2492.72,2026/01/29 23:28:59
649,70.57,17977.4,-2494.4,2026/01/29 23:28:59
650,70.68,17988.4,-2489.39,2026/01/29 23:29:00
651,70.79,18013.4,-2484.66,2026/01/29 23:29:00
652,70.9,18010.6,-2484.07,2026/01/29 23:29:00
653,71,18007.1,-2487.29,2026/01/29 23:29:00
654,71.11,18005.1,-2485.71,2026/01/29 23:29:00
655,71.22,18003.4,-2486.52,2026/01/29 23:29:00
656,71.33,17993.7,-2486.53,2026/01/29 23:29:00
657,71.44,17997.3,-2489.81,2026/01/29 23:29:00
658,71.55,17993.1,-2487.77,2026/01/29 23:29:00
659,71.66,18000.7,-2485.6,2026/01/29 23:29:01
660,71.77,17999.2,-2489.02,2026/01/29 23:29:01
661,71.87,18000.3,-2486.67,2026/01/29 23:29:01
662,71.98,17994.2,-2490.81,2026/01/29 23:29:01
663,72.09,17993.2,-2488.72,2026/01/29 23:29:01
664,72.2,17989.9,-2490.59,2026/01/29 23:29:01
665,72.31,17969.8,-2492.94,2026/01/29 23:29:01
666,72.42,17978.2,-2494.38,2026/01/29 23:29:01
667,72.53,17982.4,-2493.23,2026/01/29 23:29:01
668,72.64,17991.7,-2489.92,2026/01/29 23:29:02
669,72.75,17989.9,-2494.49,2026/01/29 23:29:02
670,72.85,17994,-2489.73,2026/01/29 23:29:02
671,72.96,17988.4,-2494.11,2026/01/29 23:29:02
672,73.07,17981.6,-2492.09,2026/01/29 23:29:02
673,73.18,17980.3,-2495.05,2026/01/29 23:29:02
674,73.29,17976.3,-2492.25,2026/01/29 23:29:02
675,73.4,17982.4,-2493.68,2026/01/29 23:29:02
676,73.51,17978.3,-2493.74,2026/01/29 23:29:02
677,73.62,17987,-2490.47,2026/01/29 23:29:03
678,73.72,17983.7,-2494.83,2026/01/29 23:29:03
679,73.83,17988.3,-2491.89,2026/01/29 23:29:03
680,73.94,17989.4,-2494.87,2026/01/29 23:29:03
681,74.05,17984.8,-2492.69,2026/01/29 23:29:03
682,74.16,17991,-2491.77,2026/01/29 23:29:03
683,74.27,17984.2,-2494.9,2026/01/29 23:29:03
684,74.37,17991.5,-2490.9,2026/01/29 23:29:03
685,74.48,17985.4,-2494.32,2026/01/29 23:29:03
686,74.59,17991.3,-2492.13,2026/01/29 23:29:04
687,74.7,17988.2,-2492.78,2026/01/29 23:29:04
688,74.81,17985.9,-2490.37,2026/01/29 23:29:04
689,74.92,17990.1,-2492.13,2026/01/29 23:29:04
690,75.03,17987.5,-2494.04,2026/01/29 23:29:04
691,75.14,17994.2,-2492.05,2026/01/29 23:29:04
692,75.24,17988.2,-2492.91,2026/01/29 23:29:04
693,75.35,17994.4,-2492.26,2026/01/29 23:29:04
694,75.46,17990.9,-2492.72,2026/01/29 23:29:04
695,75.57,17990.6,-2493.71,2026/01/29 23:29:04
696,75.68,17993.4,-2490.94,2026/01/29 23:29:05
697,75.79,17990.3,-2494.69,2026/01/29 23:29:05
698,75.9,17991,-2491.98,2026/01/29 23:29:05
699,76.01,17988.5,-2494.11,2026/01/29 23:29:05
700,76.12,17995.2,-2493.68,2026/01/29 23:29:05
701,76.22,17989.4,-2492.37,2026/01/29 23:29:05
702,76.33,17992.4,-2494.11,2026/01/29 23:29:05
703,76.44,17992.9,-2491.83,2026/01/29 23:29:05
704,76.55,17991,-2494.21,2026/01/29 23:29:05
705,76.66,17995.8,-2489.02,2026/01/29 23:29:06
706,76.77,17990.7,-2493.69,2026/01/29 23:29:06
707,76.88,17996,-2491.36,2026/01/29 23:29:06
708,76.99,17992.4,-2492.66,2026/01/29 23:29:06
709,77.1,17995.4,-2491.39,2026/01/29 23:29:06
710,77.2,17993.5,-2494.71,2026/01/29 23:29:06
711,77.31,17995.9,-2490.96,2026/01/29 23:29:06
712,77.42,17995.6,-2493.03,2026/01/29 23:29:06
713,77.53,17992.7,-2491.87,2026/01/29 23:29:06
714,77.64,17998.3,-2493.32,2026/01/29 23:29:07
715,77.75,17993.4,-2492.41,2026/01/29 23:29:07
716,77.86,17998.7,-2490.79,2026/01/29 23:29:07
717,77.97,17993.6,-2494.91,2026/01/29 23:29:07
718,78.07,17998.7,-2490.67,2026/01/29 23:29:07
719,78.18,17994.5,-2493.28,2026/01/29 23:29:07
720,78.29,17997,-2492.47,2026/01/29 23:29:07
721,78.4,17995.5,-2493.55,2026/01/29 23:29:07
722,78.51,17996.4,-2493.48,2026/01/29 23:29:07
723,78.62,17999.2,-2490.42,2026/01/29 23:29:08
724,78.73,17995.6,-2494.26,2026/01/29 23:29:08
725,78.84,18001.4,-2491.36,2026/01/29 23:29:08
726,78.95,17995.5,-2491.86,2026/01/29 23:29:08
727,79.05,17997.5,-2493.77,2026/01/29 23:29:08
728,79.16,17994.2,-2493.79,2026/01/29 23:29:08
729,79.27,17996.7,-2493.59,2026/01/29 23:29:08
730,79.38,17998.3,-2492.19,2026/01/29 23:29:08
731,79.49,17989.8,-2495.88,2026/01/29 23:29:08
732,79.6,17992.9,-2492.2,2026/01/29 23:29:09
733,79.71,18002.9,-2488.81,2026/01/29 23:29:09
734,79.82,18019.3,-2486.13,2026/01/29 23:29:09
735,79.93,18010.8,-2490.48,2026/01/29 23:29:09
736,80.03,18013.1,-2486.27,2026/01/29 23:29:09
737,80.14,18002.3,-2489.74,2026/01/29 23:29:09
738,80.25,18011.5,-2485.72,2026/01/29 23:29:09
739,80.36,18002.9,-2490.91,2026/01/29 23:29:09
740,80.47,18007.3,-2489.29,2026/01/29 23:29:09
741,80.58,18007.9,-2488.48,2026/01/29 23:29:09
742,80.69,18005.1,-2491.49,2026/01/29 23:29:10
743,80.79,18013.3,-2488.52,2026/01/29 23:29:10
744,80.9,18009.5,-2488.19,2026/01/29 23:29:10
745,81.01,18014,-2489.26,2026/01/29 23:29:10
746,81.12,18012.4,-2488.35,2026/01/29 23:29:10
747,81.23,18014,-2488.81,2026/01/29 23:29:10
748,81.34,18023.7,-2485.02,2026/01/29 23:29:10
749,81.45,18018.1,-2484.67,2026/01/29 23:29:10
750,81.56,18019.3,-2486.63,2026/01/29 23:29:10
751,81.67,18003.1,-2489.73,2026/01/29 23:29:11
752,81.77,18004,-2489.88,2026/01/29 23:29:11
753,81.89,17999.8,-2492.08,2026/01/29 23:29:11
754,81.99,18011.4,-2487.21,2026/01/29 23:29:11
755,82.1,18003.7,-2489.76,2026/01/29 23:29:11
756,82.21,18009.2,-2487.69,2026/01/29 23:29:11
757,82.32,17999,-2490.95,2026/01/29 23:29:11
758,82.43,18004.3,-2491.1,2026/01/29 23:29:11
759,82.54,18006.2,-2487.04,2026/01/29 23:29:11
760,82.65,18001.4,-2490.38,2026/01/29 23:29:12
761,82.75,18004.7,-2488.38,2026/01/29 23:29:12
762,82.86,17994.4,-2492.7,2026/01/29 23:29:12
763,82.97,17993.9,-2491.56,2026/01/29 23:29:12
764,83.08,17983.4,-2495.63,2026/01/29 23:29:12
765,83.19,17988.5,-2491.38,2026/01/29 23:29:12
766,83.3,17987.5,-2492.41,2026/01/29 23:29:12
767,83.41,17989.4,-2491.14,2026/01/29 23:29:12
768,83.52,17986.8,-2491.3,2026/01/29 23:29:12
769,83.63,17984.4,-2494.79,2026/01/29 23:29:13
770,83.73,17986.3,-2489.06,2026/01/29 23:29:13
771,83.84,17983.8,-2493.12,2026/01/29 23:29:13
772,83.95,17991.4,-2491.05,2026/01/29 23:29:13
773,84.06,17987.1,-2493.09,2026/01/29 23:29:13
774,84.17,17994.6,-2487.84,2026/01/29 23:29:13
775,84.28,17987.9,-2493.75,2026/01/29 23:29:13
776,84.39,17991.4,-2490.14,2026/01/29 23:29:13
777,84.5,18002.7,-2489.22,2026/01/29 23:29:13
778,84.61,17999.9,-2490.91,2026/01/29 23:29:14
779,84.72,17997.5,-2492.24,2026/01/29 23:29:14
780,84.82,17997.1,-2494.1,2026/01/29 23:29:14
781,84.93,18002,-2491.1,2026/01/29 23:29:14
782,85.04,17996.4,-2491.43,2026/01/29 23:29:14
783,85.15,18000,-2491.64,2026/01/29 23:29:14
784,85.26,17998.7,-2492.27,2026/01/29 23:29:14
785,85.37,17998.9,-2491.52,2026/01/29 23:29:14
786,85.48,18001.8,-2492.65,2026/01/29 23:29:14
787,85.58,17997,-2490.5,2026/01/29 23:29:15
788,85.69,18001.8,-2493.27,2026/01/29 23:29:15
789,85.8,17997.9,-2491.51,2026/01/29 23:29:15
790,85.91,18003,-2490.48,2026/01/29 23:29:15
791,86.02,17994.9,-2493.46,2026/01/29 23:29:15
792,86.13,18006,-2490.09,2026/01/29 23:29:15
793,86.24,17997.4,-2491.76,2026/01/29 23:29:15
794,86.35,18001.5,-2492.42,2026/01/29 23:29:15
795,86.46,17999.3,-2490.37,2026/01/29 23:29:15
796,86.57,17998.7,-2491.83,2026/01/29 23:29:15
797,86.67,18002.9,-2490.62,2026/01/29 23:29:16
798,86.78,17996.7,-2490.85,2026/01/29 23:29:16
799,86.89,18004,-2490.16,2026/01/29 23:29:16
800,87,17999.5,-2490.58,2026/01/29 23:29:16
801,87.11,18003.3,-2489.66,2026/01/29 23:29:16
802,87.22,17997.5,-2492.65,2026/01/29 23:29:16
803,87.33,18006,-2489.44,2026/01/29 23:29:16
804,87.44,18000.7,-2489.29,2026/01/29 23:29:16
805,87.55,18003.1,-2490.94,2026/01/29 23:29:16
806,87.65,17999.5,-2490.51,2026/01/29 23:29:17
807,87.76,17998.6,-2492.6,2026/01/29 23:29:17
808,87.87,18002.6,-2489.23,2026/01/29 23:29:17
809,87.98,17997,-2492.03,2026/01/29 23:29:17
810,88.09,18001.6,-2491.4,2026/01/29 23:29:17
811,88.2,17997.8,-2493.79,2026/01/29 23:29:17
812,88.31,18002.8,-2489.67,2026/01/29 23:29:17
813,88.42,17997,-2493.54,2026/01/29 23:29:17
814,88.53,18002.8,-2489.99,2026/01/29 23:29:17
815,88.64,17997.7,-2492.25,2026/01/29 23:29:18
816,88.74,18001.7,-2490.78,2026/01/29 23:29:18
817,88.85,17998,-2491.14,2026/01/29 23:29:18
818,88.96,18000.2,-2492.1,2026/01/29 23:29:18
819,89.07,18001.6,-2488.37,2026/01/29 23:29:18
820,89.18,17998.1,-2492.66,2026/01/29 23:29:18
821,89.29,18003.2,-2490.05,2026/01/29 23:29:18
822,89.4,17998.2,-2492.44,2026/01/29 23:29:18
823,89.51,18001.7,-2489.45,2026/01/29 23:29:18
824,89.62,17996.9,-2493.61,2026/01/29 23:29:19
825,89.72,18000.8,-2490.16,2026/01/29 23:29:19
826,89.83,18006.6,-2489.95,2026/01/29 23:29:19
827,89.94,17994.8,-2492.09,2026/01/29 23:29:19
828,90.05,17989.2,-2493.93,2026/01/29 23:29:19
829,90.16,17975.4,-2496.36,2026/01/29 23:29:19
830,90.27,17970.9,-2495.45,2026/01/29 23:29:19
831,90.38,17968.3,-2494.98,2026/01/29 23:29:19
832,90.49,17978.6,-2495.07,2026/01/29 23:29:19
833,90.59,17975,-2495.84,2026/01/29 23:29:20
834,90.7,17978.1,-2495.1,2026/01/29 23:29:20
835,90.81,17976.2,-2496.16,2026/01/29 23:29:20
836,90.92,17973.3,-2496.61,2026/01/29 23:29:20
837,91.03,17978.4,-2496.82,2026/01/29 23:29:20
838,91.14,17972.5,-2495.76,2026/01/29 23:29:20
839,91.25,17978.3,-2495.45,2026/01/29 23:29:20
840,91.36,17971.7,-2499.26,2026/01/29 23:29:20
841,91.47,17978.6,-2494.41,2026/01/29 23:29:20
842,91.57,17980.1,-2494.24,2026/01/29 23:29:20
843,91.68,18000.5,-2496.19,2026/01/29 23:29:21
844,91.79,17992.7,-2491.71,2026/01/29 23:29:21
845,91.9,18005,-2489.14,2026/01/29 23:29:21
846,92.01,17952.7,-2501.08,2026/01/29 23:29:21
847,92.12,17947.3,-2504.91,2026/01/29 23:29:21
848,92.23,17954.5,-2500.55,2026/01/29 23:29:21
849,92.34,17987.7,-2492.88,2026/01/29 23:29:21
850,92.45,18016.9,-2484.72,2026/01/29 23:29:21
851,92.56,18014.6,-2484.69,2026/01/29 23:29:21
852,92.67,18017.4,-2484.22,2026/01/29 23:29:22
853,92.77,18005.5,-2490.8,2026/01/29 23:29:22
854,92.88,18009.9,-2487.32,2026/01/29 23:29:22
855,92.99,18004.7,-2489.27,2026/01/29 23:29:22
856,93.1,18025.7,-2484.3,2026/01/29 23:29:22
857,93.21,18022.9,-2483.73,2026/01/29 23:29:22
858,93.32,18024.9,-2485.13,2026/01/29 23:29:22
859,93.43,18023.7,-2481.91,2026/01/29 23:29:22
860,93.54,18009.6,-2489.12,2026/01/29 23:29:22
861,93.65,18012.9,-2486.6,2026/01/29 23:29:23
862,93.76,18005.8,-2489.24,2026/01/29 23:29:23
863,93.87,18011.3,-2488.16,2026/01/29 23:29:23
864,93.97,18008.1,-2489.64,2026/01/29 23:29:23
865,94.08,18011.3,-2485.54,2026/01/29 23:29:23
866,94.19,18008,-2490.3,2026/01/29 23:29:23
867,94.3,18013.1,-2486.96,2026/01/29 23:29:23
868,94.41,18009,-2489.25,2026/01/29 23:29:23
869,94.52,18011.9,-2488.26,2026/01/29 23:29:23
870,94.63,18010,-2487.37,2026/01/29 23:29:24
871,94.74,18010.7,-2490.62,2026/01/29 23:29:24
872,94.85,18016.1,-2484.12,2026/01/29 23:29:24
873,94.96,18011.8,-2488.8,2026/01/29 23:29:24
874,95.07,18014.4,-2487.14,2026/01/29 23:29:24
875,95.17,18021.3,-2484.08,2026/01/29 23:29:24
876,95.28,18018.6,-2484.52,2026/01/29 23:29:24
877,95.39,18012.8,-2489.65,2026/01/29 23:29:24
878,95.5,18014.6,-2486.83,2026/01/29 23:29:24
879,95.61,18014.3,-2489.16,2026/01/29 23:29:25
880,95.72,18015.2,-2486.27,2026/01/29 23:29:25
881,95.83,18015.1,-2488.85,2026/01/29 23:29:25
882,95.94,18014.4,-2487.8,2026/01/29 23:29:25
883,96.04,18018,-2486.74,2026/01/29 23:29:25
884,96.15,18024,-2483.5,2026/01/29 23:29:25
885,96.26,18019.7,-2487.15,2026/01/29 23:29:25
886,96.37,18025.9,-2482.21,2026/01/29 23:29:25
887,96.48,18026.6,-2483.44,2026/01/29 23:29:25
888,96.59,18027.1,-2481.89,2026/01/29 23:29:26
889,96.7,18024.9,-2483.99,2026/01/29 23:29:26
890,96.81,18032.7,-2481.97,2026/01/29 23:29:26
891,96.91,18027.6,-2482.62,2026/01/29 23:29:26
892,97.02,18033.2,-2480.45,2026/01/29 23:29:26
893,97.13,18028.8,-2485.32,2026/01/29 23:29:26
894,97.24,18032.7,-2480.3,2026/01/29 23:29:26
895,97.35,18030.9,-2484.25,2026/01/29 23:29:26
896,97.46,18033.3,-2481.64,2026/01/29 23:29:26
897,97.57,18029.6,-2483.49,2026/01/29 23:29:26
898,97.68,18030.2,-2483.72,2026/01/29 23:29:27
899,97.78,18033.7,-2480.17,2026/01/29 23:29:27
900,97.89,18028.9,-2484.5,2026/01/29 23:29:27
901,98,18023.3,-2486.16,2026/01/29 23:29:27
902,98.11,18019.8,-2486.46,2026/01/29 23:29:27
903,98.22,18023.2,-2487.28,2026/01/29 23:29:27
904,98.33,18023.2,-2487.2,2026/01/29 23:29:27
905,98.44,18020.6,-2487.75,2026/01/29 23:29:27
906,98.55,18026.3,-2487.63,2026/01/29 23:29:27
907,98.65,18020.3,-2487.84,2026/01/29 23:29:28
908,98.76,18026.6,-2486.21,2026/01/29 23:29:28
909,98.87,18020.4,-2487.96,2026/01/29 23:29:28
910,98.98,18026.6,-2485.43,2026/01/29 23:29:28
911,99.09,18022.4,-2488.15,2026/01/29 23:29:28
912,99.2,18025.7,-2486.01,2026/01/29 23:29:28
913,99.31,18022.7,-2487.47,2026/01/29 23:29:28
914,99.42,18027.2,-2487.01,2026/01/29 23:29:28
915,99.52,18032.3,-2481.99,2026/01/29 23:29:28
916,99.63,18027,-2487.37,2026/01/29 23:29:29
917,99.74,18029.3,-2485.32,2026/01/29 23:29:29
918,99.85,18025.9,-2486.72,2026/01/29 23:29:29
919,99.96,18028.5,-2486.33,2026/01/29 23:29:29
920,100.07,18039,-2484.27,2026/01/29 23:29:29
921,100.18,18034.7,-2482.15,2026/01/29 23:29:29
922,100.29,18026.9,-2488.02,2026/01/29 23:29:29
923,100.39,18034.9,-2482.08,2026/01/29 23:29:29
924,100.5,18036.4,-2484.59,2026/01/29 23:29:29
925,100.61,18033.9,-2482,2026/01/29 23:29:30
926,100.72,18037.1,-2483.09,2026/01/29 23:29:30
927,100.83,18031.3,-2484.73,2026/01/29 23:29:30
928,100.94,18038.3,-2483.85,2026/01/29 23:29:30
929,101.05,18033.1,-2482.16,2026/01/29 23:29:30
930,101.16,18039.2,-2483.39,2026/01/29 23:29:30
931,101.27,18035.7,-2482.84,2026/01/29 23:29:30
932,101.38,18035.4,-2484.61,2026/01/29 23:29:30
933,101.48,18043.3,-2481.56,2026/01/29 23:29:30
934,101.59,18037.7,-2483.98,2026/01/29 23:29:31
935,101.7,18041,-2482.85,2026/01/29 23:29:31
936,101.81,18034.4,-2484.03,2026/01/29 23:29:31
937,101.92,18034.5,-2484.05,2026/01/29 23:29:31
938,102.03,18038.2,-2484.94,2026/01/29 23:29:31
939,102.14,18044.4,-2481.59,2026/01/29 23:29:31
940,102.25,18034.4,-2484.64,2026/01/29 23:29:31
941,102.36,18033.1,-2485.22,2026/01/29 23:29:31
942,102.46,18030.9,-2486.74,2026/01/29 23:29:31
943,102.57,18032.5,-2487.04,2026/01/29 23:29:31
944,102.68,18032.6,-2484,2026/01/29 23:29:32
945,102.79,18030,-2488.04,2026/01/29 23:29:32
946,102.9,18037.1,-2483.45,2026/01/29 23:29:32
947,103.01,18033.4,-2484.81,2026/01/29 23:29:32
948,103.12,18041.7,-2482.77,2026/01/29 23:29:32
949,103.23,18033.9,-2486.75,2026/01/29 23:29:32
950,103.33,18030.9,-2486.24,2026/01/29 23:29:32
951,103.44,18033.3,-2488.31,2026/01/29 23:29:32
952,103.55,18034.2,-2483.27,2026/01/29 23:29:32
953,103.66,18047.4,-2483.5,2026/01/29 23:29:33
954,103.77,18043.6,-2483.06,2026/01/29 23:29:33
955,103.88,18049.7,-2481.01,2026/01/29 23:29:33
956,103.99,18038.7,-2484.67,2026/01/29 23:29:33
957,104.1,18045.7,-2482.34,2026/01/29 23:29:33
958,104.2,18038.3,-2483.39,2026/01/29 23:29:33
959,104.31,18038.4,-2485.56,2026/01/29 23:29:33
960,104.42,18037.9,-2483.74,2026/01/29 23:29:33
961,104.53,18038.1,-2484.96,2026/01/29 23:29:33
962,104.64,18041.9,-2482.44,2026/01/29 23:29:34
963,104.75,18036.8,-2486.46,2026/01/29 23:29:34
964,104.86,18044.8,-2484.39,2026/01/29 23:29:34
965,104.97,18046.4,-2485.28,2026/01/29 23:29:34
966,105.08,18051.6,-2479.89,2026/01/29 23:29:34
967,105.19,18043.8,-2484.82,2026/01/29 23:29:34
968,105.29,18045.1,-2481.84,2026/01/29 23:29:34
969,105.4,18042.5,-2484.37,2026/01/29 23:29:34
970,105.51,18045.3,-2482.84,2026/01/29 23:29:34
971,105.62,18046.2,-2482.59,2026/01/29 23:29:35
972,105.73,18038.5,-2486.74,2026/01/29 23:29:35
973,105.84,18039.7,-2484.58,2026/01/29 23:29:35
974,105.95,18037.7,-2486.37,2026/01/29 23:29:35
975,106.06,18039.8,-2485.5,2026/01/29 23:29:35
976,106.17,18039.1,-2486.03,2026/01/29 23:29:35
977,106.27,18036.3,-2487.27,2026/01/29 23:29:35
978,106.38,18038.6,-2486.98,2026/01/29 23:29:35
979,106.49,18036.4,-2485.47,2026/01/29 23:29:35
980,106.6,18039.2,-2488.47,2026/01/29 23:29:36
981,106.71,18034.8,-2488.71,2026/01/29 23:29:36
982,106.82,18041.5,-2485.01,2026/01/29 23:29:36
983,106.93,18034.2,-2487.57,2026/01/29 23:29:36
984,107.04,18041.7,-2487.03,2026/01/29 23:29:36
985,107.14,18037.1,-2486.9,2026/01/29 23:29:36
986,107.25,18044,-2486.31,2026/01/29 23:29:36
987,107.36,18044.5,-2486,2026/01/29 23:29:36
988,107.47,18053.4,-2484.1,2026/01/29 23:29:36
989,107.58,18054.1,-2484.59,2026/01/29 23:29:37
990,107.69,18056.6,-2484.81,2026/01/29 23:29:37
991,107.8,18054.3,-2483.99,2026/01/29 23:29:37
992,107.91,18048.2,-2484.03,2026/01/29 23:29:37
993,108.02,18052,-2485.34,2026/01/29 23:29:37
994,108.13,18046.7,-2483.78,2026/01/29 23:29:37
995,108.24,18047.8,-2485.42,2026/01/29 23:29:37
996,108.35,18041.9,-2486.44,2026/01/29 23:29:37
997,108.45,18050.7,-2485.46,2026/01/29 23:29:37
998,108.56,18047.2,-2485.43,2026/01/29 23:29:37
999,108.67,18053.3,-2485.72,2026/01/29 23:29:38
1000,108.78,18054.2,-2483.59,2026/01/29 23:29:38
1001,108.89,18049.2,-2486.95,2026/01/29 23:29:38
1002,109,18049.7,-2483.93,2026/01/29 23:29:38
1003,109.11,18045.1,-2484.45,2026/01/29 23:29:38
1004,109.22,18048.3,-2484.63,2026/01/29 23:29:38
1005,109.33,18043.7,-2484.52,2026/01/29 23:29:38
1006,109.43,18045.8,-2485.01,2026/01/29 23:29:38
1007,109.54,18044.6,-2486.87,2026/01/29 23:29:38
1008,109.65,18050.7,-2483.61,2026/01/29 23:29:39
1009,109.76,18050.8,-2485.06,2026/01/29 23:29:39
1010,109.87,18055.9,-2482.49,2026/01/29 23:29:39
1011,109.98,18054.5,-2482.61,2026/01/29 23:29:39
1012,110.09,18047.6,-2485.67,2026/01/29 23:29:39
1013,110.19,18052.8,-2481.91,2026/01/29 23:29:39
1014,110.3,18044.2,-2485.54,2026/01/29 23:29:39
1015,110.41,18046.4,-2486.27,2026/01/29 23:29:39
1016,110.52,18045,-2487.06,2026/01/29 23:29:39
1017,110.63,18045.5,-2486.54,2026/01/29 23:29:40
1018,110.74,18047.4,-2485.71,2026/01/29 23:29:40
1019,110.85,18043.4,-2486.02,2026/01/29 23:29:40
1020,110.96,18055.1,-2482.54,2026/01/29 23:29:40
1021,111.06,18051.4,-2483.92,2026/01/29 23:29:40
1022,111.17,18059.2,-2481.09,2026/01/29 23:29:40
1023,111.28,18051.6,-2485.08,2026/01/29 23:29:40
1024,111.39,18058.2,-2483.04,2026/01/29 23:29:40
1025,111.5,18053.4,-2483.23,2026/01/29 23:29:40
1026,111.61,18057.4,-2484.21,2026/01/29 23:29:41
1027,111.72,18055,-2483.43,2026/01/29 23:29:41
1028,111.83,18054.6,-2486.62,2026/01/29 23:29:41
1029,111.94,18059.7,-2482.25,2026/01/29 23:29:41
1030,112.04,18055.7,-2484.66,2026/01/29 23:29:41
1031,112.15,18058.5,-2483.15,2026/01/29 23:29:41
1032,112.26,18056.6,-2486.32,2026/01/29 23:29:41
1033,112.37,18060,-2481.77,2026/01/29 23:29:41
1034,112.48,18058.1,-2485.56,2026/01/29 23:29:41
1035,112.59,18057,-2482.6,2026/01/29 23:29:42
1036,112.7,18051.5,-2485.64,2026/01/29 23:29:42
1037,112.81,18052.4,-2484.28,2026/01/29 23:29:42
1038,112.91,18052.5,-2484.76,2026/01/29 23:29:42
1039,113.02,18045.8,-2487.43,2026/01/29 23:29:42
1040,113.13,18055.2,-2485.35,2026/01/29 23:29:42
1041,113.24,18052.3,-2485.31,2026/01/29 23:29:42
1042,113.35,18060,-2485.2,2026/01/29 23:29:42
1043,113.46,18058.7,-2484.32,2026/01/29 23:29:42
1044,113.57,18057.9,-2486.94,2026/01/29 23:29:42
1045,113.67,18063.2,-2483.7,2026/01/29 23:29:43
1046,113.78,18053.5,-2485.83,2026/01/29 23:29:43
1047,113.89,18054.8,-2484.8,2026/01/29 23:29:43
1048,114,18053.2,-2486.65,2026/01/29 23:29:43
1049,114.11,18051.1,-2485.87,2026/01/29 23:29:43
1050,114.22,18053.5,-2488.81,2026/01/29 23:29:43
1051,114.32,18052.2,-2484.71,2026/01/29 23:29:43
1052,114.43,18059.6,-2482.76,2026/01/29 23:29:43
1053,114.54,18051.9,-2485.24,2026/01/29 23:29:43
1054,114.65,18058.8,-2484.7,2026/01/29 23:29:44
1055,114.76,18054.6,-2485.44,2026/01/29 23:29:44
1056,114.87,18061.5,-2485.2,2026/01/29 23:29:44
1057,114.98,18059.3,-2484.9,2026/01/29 23:29:44
1058,115.08,18058.3,-2487.6,2026/01/29 23:29:44
1059,115.19,18063.8,-2482.19,2026/01/29 23:29:44
1060,115.3,18059.1,-2485.72,2026/01/29 23:29:44
1061,115.41,18064.6,-2483.56,2026/01/29 23:29:44
1062,115.52,18058.4,-2485.89,2026/01/29 23:29:44
1063,115.63,18064.3,-2483.72,2026/01/29 23:29:45
1064,115.74,18055.8,-2488.57,2026/01/29 23:29:45
1065,115.85,18057.3,-2485.67,2026/01/29 23:29:45
1066,115.96,18056.8,-2487.05,2026/01/29 23:29:45
1067,116.07,18057.1,-2484.06,2026/01/29 23:29:45
1068,116.17,18056.9,-2486.12,2026/01/29 23:29:45
1069,116.28,18056.1,-2487.69,2026/01/29 23:29:45
1070,116.39,18061.9,-2484.93,2026/01/29 23:29:45
1071,116.5,18055,-2487.41,2026/01/29 23:29:45
1072,116.61,18060.7,-2486.74,2026/01/29 23:29:46
1073,116.72,18055.5,-2487.03,2026/01/29 23:29:46
1074,116.83,18058.4,-2486.91,2026/01/29 23:29:46
1075,116.94,18059.6,-2486.08,2026/01/29 23:29:46
1076,117.04,18056.8,-2488.06,2026/01/29 23:29:46
1077,117.15,18063.1,-2485.61,2026/01/29 23:29:46
1078,117.26,18057.7,-2486.69,2026/01/29 23:29:46
1079,117.37,18061.9,-2485.15,2026/01/29 23:29:46
1080,117.48,18058.5,-2489.08,2026/01/29 23:29:46
1081,117.59,18064.5,-2484.98,2026/01/29 23:29:47
1082,117.7,18063.2,-2488.24,2026/01/29 23:29:47
1083,117.81,18065.7,-2485.02,2026/01/29 23:29:47
1084,117.91,18064.9,-2488.01,2026/01/29 23:29:47
1085,118.02,18064,-2486.3,2026/01/29 23:29:47
1086,118.13,18067.2,-2484.93,2026/01/29 23:29:47
1087,118.24,18061.7,-2487.16,2026/01/29 23:29:47
1088,118.35,18069,-2485.7,2026/01/29 23:29:47
1089,118.46,18063,-2485.47,2026/01/29 23:29:47
1090,118.57,18067.2,-2486.29,2026/01/29 23:29:47
1091,118.68,18064.3,-2486.12,2026/01/29 23:29:48
1092,118.78,18066.8,-2486.8,2026/01/29 23:29:48
1093,118.89,18066.5,-2486.31,2026/01/29 23:29:48
1094,119,18063.5,-2488.63,2026/01/29 23:29:48
1095,119.11,18069.5,-2486.5,2026/01/29 23:29:48
1096,119.22,18063.3,-2487.14,2026/01/29 23:29:48
1097,119.33,18067.6,-2485.62,2026/01/29 23:29:48
1098,119.44,18062.2,-2489.51,2026/01/29 23:29:48
1099,119.55,18065.7,-2484.87,2026/01/29 23:29:48
1100,119.66,18064.2,-2488.34,2026/01/29 23:29:49
1101,119.76,18068.7,-2485.13,2026/01/29 23:29:49
1102,119.87,18071.2,-2486.48,2026/01/29 23:29:49
1103,119.98,18069.7,-2484.92,2026/01/29 23:29:49
1104,120.09,18069.9,-2485.48,2026/01/29 23:29:49
1105,120.2,18066.4,-2488.03,2026/01/29 23:29:49
1106,120.31,18082.8,-2483.71,2026/01/29 23:29:49
1107,120.42,18079.3,-2485.22,2026/01/29 23:29:49
1108,120.52,18081.2,-2485.42,2026/01/29 23:29:49
1109,120.63,18077.8,-2484.51,2026/01/29 23:29:50
1110,120.74,18082.2,-2485.01,2026/01/29 23:29:50
1111,120.85,18071.7,-2483.86,2026/01/29 23:29:50
1112,120.96,18067.3,-2487.37,2026/01/29 23:29:50
1113,121.07,18070.2,-2487.27,2026/01/29 23:29:50
1114,121.18,18067.3,-2487.88,2026/01/29 23:29:50
1115,121.29,18070.4,-2485.4,2026/01/29 23:29:50
1116,121.39,18068.9,-2488.21,2026/01/29 23:29:50
1117,121.5,18069.8,-2486.57,2026/01/29 23:29:50
1118,121.61,18082.5,-2485.7,2026/01/29 23:29:51
1119,121.72,18072.9,-2487.21,2026/01/29 23:29:51
1120,121.83,18075.5,-2485.8,2026/01/29 23:29:51
1121,121.94,18067.4,-2489.56,2026/01/29 23:29:51
1122,122.05,18074.1,-2485.37,2026/01/29 23:29:51
1123,122.16,18068.1,-2490.18,2026/01/29 23:29:51
1124,122.27,18075.6,-2486.24,2026/01/29 23:29:51
1125,122.37,18069.8,-2487.84,2026/01/29 23:29:51
1126,122.48,18073.4,-2486.84,2026/01/29 23:29:51
1127,122.59,18071.3,-2487.14,2026/01/29 23:29:52
1128,122.7,18074.1,-2485.79,2026/01/29 23:29:52
1129,122.81,18074.9,-2484.74,2026/01/29 23:29:52
1130,122.92,18072,-2488.62,2026/01/29 23:29:52
1131,123.03,18076.7,-2485.88,2026/01/29 23:29:52
1132,123.14,18072.2,-2485.78,2026/01/29 23:29:52
1133,123.25,18075.9,-2487.68,2026/01/29 23:29:52
1134,123.35,18073.4,-2486.9,2026/01/29 23:29:52
1135,123.46,18074.5,-2487.97,2026/01/29 23:29:52
1136,123.57,18076.5,-2485.47,2026/01/29 23:29:52
1137,123.68,18070.8,-2489.36,2026/01/29 23:29:53
1138,123.79,18077,-2486.32,2026/01/29 23:29:53
1139,123.9,18073.9,-2487.15,2026/01/29 23:29:53
1140,124.01,18076.5,-2486.76,2026/01/29 23:29:53
1141,124.11,18073.1,-2489.45,2026/01/29 23:29:53
1142,124.22,18077.3,-2485.31,2026/01/29 23:29:53
1143,124.33,18076.2,-2488.3,2026/01/29 23:29:53
1144,124.44,18075,-2487.63,2026/01/29 23:29:53
1145,124.55,18080.2,-2488.99,2026/01/29 23:29:53
1146,124.66,18075.5,-2487.35,2026/01/29 23:29:54
1147,124.77,18081,-2484.87,2026/01/29 23:29:54
1148,124.88,18075.2,-2490.68,2026/01/29 23:29:54
1149,124.98,18080.4,-2485.68,2026/01/29 23:29:54
1150,125.09,18076.4,-2488.59,2026/01/29 23:29:54
1151,125.2,18079.4,-2486.26,2026/01/29 23:29:54
1152,125.31,18078,-2487.85,2026/01/29 23:29:54
1153,125.42,18078.4,-2486.64,2026/01/29 23:29:54
1154,125.53,18079.6,-2487.11,2026/01/29 23:29:54
1155,125.64,18077,-2488.69,2026/01/29 23:29:55
1156,125.75,18083.9,-2486.35,2026/01/29 23:29:55
1157,125.86,18076.9,-2487.06,2026/01/29 23:29:55
1158,125.96,18083,-2487.09,2026/01/29 23:29:55
1159,126.07,18078.7,-2486.84,2026/01/29 23:29:55
1160,126.18,18151.3,-2477.1,2026/01/29 23:29:55
1161,126.29,18070.1,-2490.81,2026/01/29 23:29:55
1162,126.4,18073.3,-2492.16,2026/01/29 23:29:55
1163,126.51,18076.2,-2487.65,2026/01/29 23:29:55
1164,126.62,18071.9,-2494.28,2026/01/29 23:29:56
1165,126.73,18075.2,-2489.52,2026/01/29 23:29:56
1166,126.84,18070.5,-2493.23,2026/01/29 23:29:56
1167,126.95,18076.1,-2490.91,2026/01/29 23:29:56
1168,127.05,18071.9,-2491.35,2026/01/29 23:29:56
1169,127.16,18074.9,-2492.05,2026/01/29 23:29:56
1170,127.27,18074.4,-2491.62,2026/01/29 23:29:56
1171,127.38,18071.5,-2493.64,2026/01/29 23:29:56
1172,127.49,18077.5,-2490.21,2026/01/29 23:29:56
1173,127.6,18071.3,-2492.37,2026/01/29 23:29:57
1174,127.71,18076.9,-2491.29,2026/01/29 23:29:57
1175,127.82,18073.3,-2493.47,2026/01/29 23:29:57
1176,127.93,18075.3,-2490.21,2026/01/29 23:29:57
1177,128.03,18073.5,-2493.13,2026/01/29 23:29:57
1178,128.14,18076,-2490.02,2026/01/29 23:29:57
1179,128.25,18074.7,-2493.12,2026/01/29 23:29:57
1180,128.36,18075.2,-2490.83,2026/01/29 23:29:57
1181,128.47,18077.8,-2492.22,2026/01/29 23:29:57
1182,128.58,18072.4,-2491.87,2026/01/29 23:29:57
1183,128.69,18078.2,-2491.31,2026/01/29 23:29:58
1184,128.8,18072.3,-2493.14,2026/01/29 23:29:58
1185,128.9,18077.7,-2489.94,2026/01/29 23:29:58
1186,129.01,18074,-2493.73,2026/01/29 23:29:58
1187,129.12,18076.4,-2491.04,2026/01/29 23:29:58
1188,129.23,18079.9,-2492.37,2026/01/29 23:29:58
1189,129.34,18076.5,-2491.46,2026/01/29 23:29:58
1190,129.45,18085.5,-2489.83,2026/01/29 23:29:58
1191,129.56,18081.1,-2490.59,2026/01/29 23:29:58
1192,129.67,18085.7,-2488.96,2026/01/29 23:29:59
1193,129.77,18081.8,-2492.85,2026/01/29 23:29:59
1194,129.88,18082.9,-2490.42,2026/01/29 23:29:59
1195,129.99,18080.5,-2492.16,2026/01/29 23:29:59
1196,130.1,18075.6,-2491.03,2026/01/29 23:29:59
1197,130.21,18080.4,-2493.51,2026/01/29 23:29:59
1198,130.32,18075.2,-2493.29,2026/01/29 23:29:59
1199,130.43,18080.2,-2490.29,2026/01/29 23:29:59
1200,130.53,18076.6,-2494.81,2026/01/29 23:29:59
1201,130.64,18080.4,-2490.21,2026/01/29 23:30:00
1202,130.75,18079,-2493.58,2026/01/29 23:30:00
1203,130.86,18077.2,-2491.66,2026/01/29 23:30:00
1204,130.97,18081,-2492.78,2026/01/29 23:30:00
1205,131.08,18076,-2491.77,2026/01/29 23:30:00
1206,131.19,18081.3,-2491.73,2026/01/29 23:30:00
1207,131.3,18076.4,-2493,2026/01/29 23:30:00
1208,131.41,18080.7,-2490.67,2026/01/29 23:30:00
1209,131.51,18078.3,-2494.38,2026/01/29 23:30:00
1210,131.62,18079.3,-2492.02,2026/01/29 23:30:01
1211,131.73,18080.3,-2493.44,2026/01/29 23:30:01
1212,131.84,18077.2,-2493.13,2026/01/29 23:30:01
1213,131.95,18080,-2493.4,2026/01/29 23:30:01
1214,132.06,18076.2,-2492.77,2026/01/29 23:30:01
1215,132.17,18081,-2492.36,2026/01/29 23:30:01
1216,132.28,18078.3,-2493.51,2026/01/29 23:30:01
1217,132.38,18081.2,-2491.84,2026/01/29 23:30:01
1218,132.49,18080.6,-2492.41,2026/01/29 23:30:01
1219,132.6,18079,-2493.47,2026/01/29 23:30:02
1220,132.71,18082.4,-2491.62,2026/01/29 23:30:02
1221,132.82,18077.7,-2493.44,2026/01/29 23:30:02
1222,132.93,18083.2,-2491.45,2026/01/29 23:30:02
1223,133.04,18078.9,-2493.58,2026/01/29 23:30:02
1224,133.14,18083,-2492.76,2026/01/29 23:30:02
1225,133.25,18078,-2493.02,2026/01/29 23:30:02
1226,133.36,18081.9,-2493.19,2026/01/29 23:30:02
1227,133.47,18079.9,-2492.94,2026/01/29 23:30:02
1228,133.58,18081.6,-2493.16,2026/01/29 23:30:03
1229,133.69,18082,-2492.05,2026/01/29 23:30:03
1230,133.8,18079.3,-2494.01,2026/01/29 23:30:03
1231,133.91,18085.9,-2490.63,2026/01/29 23:30:03
1232,134.02,18078.5,-2495.54,2026/01/29 23:30:03
1233,134.12,18084.3,-2491.55,2026/01/29 23:30:03
1234,134.23,18079.8,-2494.51,2026/01/29 23:30:03
1235,134.34,18083.2,-2491.38,2026/01/29 23:30:03
1236,134.45,18082.9,-2493.68,2026/01/29 23:30:03
1237,134.56,18079.5,-2492.01,2026/01/29 23:30:03
1238,134.67,18084.7,-2491.82,2026/01/29 23:30:04
1239,134.78,18078.9,-2492.97,2026/01/29 23:30:04
1240,134.89,18083.1,-2491.5,2026/01/29 23:30:04
1241,135,18080.4,-2494.23,2026/01/29 23:30:04
1242,135.1,18081.2,-2493.94,2026/01/29 23:30:04
1243,135.21,18083.5,-2491.35,2026/01/29 23:30:04
1244,135.32,18079.6,-2495.83,2026/01/29 23:30:04
1245,135.43,18083.4,-2491.48,2026/01/29 23:30:04
1246,135.54,18079.3,-2494,2026/01/29 23:30:04
1247,135.65,18085.6,-2491.85,2026/01/29 23:30:05
1248,135.76,18078.4,-2493.84,2026/01/29 23:30:05
1249,135.86,18085,-2492.03,2026/01/29 23:30:05
1250,135.97,18081.1,-2494.41,2026/01/29 23:30:05
1251,136.08,18082.8,-2492.44,2026/01/29 23:30:05
1252,136.19,18083.5,-2494.94,2026/01/29 23:30:05
1253,136.3,18080.3,-2492.09,2026/01/29 23:30:05
1254,136.41,18085.5,-2492.52,2026/01/29 23:30:05
1255,136.52,18079.5,-2493.6,2026/01/29 23:30:05
1256,136.63,18084.2,-2492.28,2026/01/29 23:30:06
1257,136.74,18081.5,-2493.95,2026/01/29 23:30:06
1258,136.84,18082.9,-2493.51,2026/01/29 23:30:06
1259,136.95,18082.7,-2492.31,2026/01/29 23:30:06
1260,137.06,18081.5,-2495.6,2026/01/29 23:30:06
1261,137.17,18086.3,-2492.17,2026/01/29 23:30:06
1262,137.28,18079.1,-2495.14,2026/01/29 23:30:06
1263,137.39,18086.2,-2490.83,2026/01/29 23:30:06
1264,137.5,18081.4,-2493.89,2026/01/29 23:30:06
1265,137.6,18083.9,-2492.46,2026/01/29 23:30:07
1266,137.71,18084.8,-2493.73,2026/01/29 23:30:07
1267,137.82,18081.1,-2492.88,2026/01/29 23:30:07
1268,137.93,18086.6,-2492.95,2026/01/29 23:30:07
1269,138.04,18080.6,-2494.33,2026/01/29 23:30:07
1270,138.15,18085.9,-2492.44,2026/01/29 23:30:07
1271,138.26,18082,-2493.6,2026/01/29 23:30:07
1272,138.37,18086.4,-2493.78,2026/01/29 23:30:07
1273,138.47,18082.4,-2493.51,2026/01/29 23:30:07
1274,138.58,18084.9,-2492.37,2026/01/29 23:30:08
1275,138.69,18084.8,-2494.38,2026/01/29 23:30:08
1276,138.8,18082.5,-2492.09,2026/01/29 23:30:08
1277,138.91,18087.5,-2493.23,2026/01/29 23:30:08
1278,139.02,18083.2,-2493.97,2026/01/29 23:30:08
1279,139.13,18086.2,-2492.54,2026/01/29 23:30:08
1280,139.24,18083.5,-2493.25,2026/01/29 23:30:08
1281,139.35,18085.6,-2493.6,2026/01/29 23:30:08
1282,139.45,18083.7,-2492.3,2026/01/29 23:30:08
1283,139.57,18086.4,-2493.51,2026/01/29 23:30:08
1284,139.67,18084.4,-2493.5,2026/01/29 23:30:09
1285,139.79,18084.9,-2491.95,2026/01/29 23:30:09
1286,139.89,18087.8,-2494.26,2026/01/29 23:30:09
1287,140,18089.4,-2491.23,2026/01/29 23:30:09
1288,140.11,18099.8,-2490.54,2026/01/29 23:30:09
1289,140.22,18099.6,-2492.01,2026/01/29 23:30:09
1290,140.33,18103.4,-2489.73,2026/01/29 23:30:09
1291,140.44,18102,-2490.62,2026/01/29 23:30:09
1292,140.55,18100.3,-2491.16,2026/01/29 23:30:09
1293,140.66,18096.2,-2491.04,2026/01/29 23:30:10
1294,140.77,18078.7,-2493.97,2026/01/29 23:30:10
1295,140.87,18081.1,-2493.78,2026/01/29 23:30:10
1296,140.98,18080.4,-2493.23,2026/01/29 23:30:10
1297,141.09,18084.5,-2493.12,2026/01/29 23:30:10
1298,141.2,18080.1,-2496.24,2026/01/29 23:30:10
1299,141.31,18086.8,-2490.9,2026/01/29 23:30:10
1300,141.42,18088.6,-2493.68,2026/01/29 23:30:10
1301,141.53,18086.8,-2493.7,2026/01/29 23:30:10
1302,141.64,18084.9,-2490.77,2026/01/29 23:30:11
1303,141.74,18069.5,-2496.21,2026/01/29 23:30:11
1304,141.85,18070.8,-2494.78,2026/01/29 23:30:11
1305,141.96,18064.1,-2497.32,2026/01/29 23:30:11
1306,142.07,18066.9,-2498.28,2026/01/29 23:30:11
1307,142.18,18060.8,-2500.32,2026/01/29 23:30:11
1308,142.29,18061,-2500.26,2026/01/29 23:30:11
1309,142.39,18066.5,-2501.24,2026/01/29 23:30:11
1310,142.5,18058.1,-2502.88,2026/01/29 23:30:11
1311,142.61,18063.7,-2499.75,2026/01/29 23:30:12
1312,142.72,18059,-2502.31,2026/01/29 23:30:12
1313,142.83,18057.1,-2501.99,2026/01/29 23:30:12
1314,142.94,18056,-2502.43,2026/01/29 23:30:12
1315,143.05,18054.1,-2503.02,2026/01/29 23:30:12
1316,143.16,18058.9,-2499.49,2026/01/29 23:30:12
1317,143.27,18064.9,-2502.44,2026/01/29 23:30:12
1318,143.38,18079.1,-2498.66,2026/01/29 23:30:12
1319,143.48,18080.3,-2498.77,2026/01/29 23:30:12
1320,143.59,18081,-2496.5,2026/01/29 23:30:13
1321,143.7,18069.2,-2502.13,2026/01/29 23:30:13
1322,143.81,18059.6,-2500.37,2026/01/29 23:30:13
1323,143.92,18047,-2505.11,2026/01/29 23:30:13
1324,144.03,18016.2,-2511.55,2026/01/29 23:30:13
1325,144.14,18008.6,-2513.57,2026/01/29 23:30:13
1326,144.24,18003.8,-2516.2,2026/01/29 23:30:13
1327,144.35,18025.7,-2512.95,2026/01/29 23:30:13
1328,144.46,18051.5,-2506.67,2026/01/29 23:30:13
1329,144.57,18060,-2506.26,2026/01/29 23:30:13
1330,144.68,18058.6,-2505.66,2026/01/29 23:30:14
1331,144.79,18062,-2505.19,2026/01/29 23:30:14
1332,144.9,18062,-2506.01,2026/01/29 23:30:14
1333,145.01,18031.4,-2514.96,2026/01/29 23:30:14
1334,145.11,18042.7,-2509.77,2026/01/29 23:30:14
1335,145.22,18046.8,-2511.92,2026/01/29 23:30:14
1336,145.33,18060.1,-2506.79,2026/01/29 23:30:14
1337,145.44,18072.6,-2505.16,2026/01/29 23:30:14
1338,145.55,18068,-2507.16,2026/01/29 23:30:14
1339,145.66,18074.7,-2503.07,2026/01/29 23:30:15
1340,145.77,18070.9,-2506.44,2026/01/29 23:30:15
1341,145.87,18080.7,-2503.43,2026/01/29 23:30:15
1342,145.98,18071.3,-2504.97,2026/01/29 23:30:15
1343,146.09,18076.1,-2504.81,2026/01/29 23:30:15
1344,146.2,18074,-2504.76,2026/01/29 23:30:15
1345,146.31,18077.2,-2502.94,2026/01/29 23:30:15
1346,146.42,18086.4,-2505.02,2026/01/29 23:30:15
1347,146.53,18080.9,-2503.94,2026/01/29 23:30:15
1348,146.64,18086.9,-2502.4,2026/01/29 23:30:16
1349,146.75,18076.3,-2506.71,2026/01/29 23:30:16
1350,146.85,18079,-2504.06,2026/01/29 23:30:16
1351,146.96,18076.5,-2505.65,2026/01/29 23:30:16
1352,147.07,18079.4,-2504.44,2026/01/29 23:30:16
1353,147.18,18079.8,-2504.27,2026/01/29 23:30:16
1354,147.29,18079.5,-2506.38,2026/01/29 23:30:16
1355,147.4,18086.1,-2502.77,2026/01/29 23:30:16
1356,147.51,18084.9,-2505.12,2026/01/29 23:30:16
1357,147.62,18093.3,-2501.46,2026/01/29 23:30:17
1358,147.72,18087.4,-2505.21,2026/01/29 23:30:17
1359,147.83,18096.9,-2502.2,2026/01/29 23:30:17
1360,147.94,18096,-2504.1,2026/01/29 23:30:17
1361,148.05,18094.1,-2501.89,2026/01/29 23:30:17
1362,148.16,18083,-2505.02,2026/01/29 23:30:17
1363,148.27,18063.4,-2507.39,2026/01/29 23:30:17
1364,148.38,18061.3,-2506.91,2026/01/29 23:30:17
1365,148.49,18051.1,-2508.56,2026/01/29 23:30:17
1366,148.59,18078.9,-2503.86,2026/01/29 23:30:18
1367,148.7,18088.9,-2501.6,2026/01/29 23:30:18
1368,148.81,18096.1,-2500.59,2026/01/29 23:30:18
1369,148.92,18095.5,-2498.64,2026/01/29 23:30:18
1370,149.03,18092.5,-2501.56,2026/01/29 23:30:18
1371,149.14,18100.8,-2498.55,2026/01/29 23:30:18
1372,149.25,18090.3,-2502.53,2026/01/29 23:30:18
1373,149.36,18096.9,-2498.73,2026/01/29 23:30:18
1374,149.47,18092.5,-2503.36,2026/01/29 23:30:18
1375,149.58,18096.9,-2498.67,2026/01/29 23:30:18
1376,149.68,18096.3,-2500.89,2026/01/29 23:30:19
1377,149.79,18089.8,-2501.71,2026/01/29 23:30:19
1378,149.9,18081.4,-2502.84,2026/01/29 23:30:19
1379,150.01,18064.7,-2507.86,2026/01/29 23:30:19
1380,150.12,18057.8,-2507.81,2026/01/29 23:30:19
1381,150.23,18044.3,-2512.04,2026/01/29 23:30:19
1382,150.34,18038,-2514.43,2026/01/29 23:30:19
1383,150.45,18027.4,-2514.76,2026/01/29 23:30:19
1384,150.56,18033.4,-2514.56,2026/01/29 23:30:19
1385,150.66,18031.7,-2514.64,2026/01/29 23:30:20
1386,150.77,18021.9,-2515.85,2026/01/29 23:30:20
1387,150.88,18019.6,-2518.13,2026/01/29 23:30:20
1388,150.99,18010.5,-2519.1,2026/01/29 23:30:20
1389,151.1,18014.5,-2516,2026/01/29 23:30:20
1390,151.21,18005,-2522.05,2026/01/29 23:30:20
1391,151.31,18017.5,-2517.74,2026/01/29 23:30:20
1392,151.42,18033,-2514.22,2026/01/29 23:30:20
1393,151.53,18036.7,-2516.32,2026/01/29 23:30:20
1394,151.64,18048.6,-2511.13,2026/01/29 23:30:21
1395,151.75,18055.8,-2510,2026/01/29 23:30:21
1396,151.86,18066.5,-2508.72,2026/01/29 23:30:21
1397,151.97,18061.1,-2509.61,2026/01/29 23:30:21
1398,152.08,18054.5,-2511.67,2026/01/29 23:30:21
1399,152.18,18047.1,-2513.67,2026/01/29 23:30:21
1400,152.29,18037.5,-2513.95,2026/01/29 23:30:21
1401,152.4,18035.8,-2518.11,2026/01/29 23:30:21
1402,152.51,18028.1,-2518.34,2026/01/29 23:30:21
1403,152.62,18039.9,-2516.52,2026/01/29 23:30:22
1404,152.73,18024,-2522.34,2026/01/29 23:30:22
1405,152.84,18029.2,-2519.12,2026/01/29 23:30:22
1406,152.95,18032.5,-2519.52,2026/01/29 23:30:22
1407,153.06,18032.8,-2518.67,2026/01/29 23:30:22
1408,153.17,18031.7,-2518.02,2026/01/29 23:30:22
1409,153.27,18028.5,-2521.45,2026/01/29 23:30:22
1410,153.38,18031,-2517.9,2026/01/29 23:30:22
1411,153.49,18026.1,-2521.24,2026/01/29 23:30:22
1412,153.6,18033.3,-2518.29,2026/01/29 23:30:23
1413,153.71,18027.9,-2520.39,2026/01/29 23:30:23
1414,153.82,18034.7,-2518.33,2026/01/29 23:30:23
1415,153.93,18031.9,-2520.49,2026/01/29 23:30:23
1416,154.04,18035.7,-2517.79,2026/01/29 23:30:23
1417,154.14,18038.3,-2519.48,2026/01/29 23:30:23
1418,154.25,18032,-2517.28,2026/01/29 23:30:23
1419,154.36,18036,-2516.73,2026/01/29 23:30:23
1420,154.47,18025.1,-2520.36,2026/01/29 23:30:23
1421,154.58,18026.2,-2518.02,2026/01/29 23:30:23
1422,154.69,18027,-2518.93,2026/01/29 23:30:24
1423,154.8,18022.5,-2520.65,2026/01/29 23:30:24
1424,154.91,18023.2,-2518.97,2026/01/29 23:30:24
1425,155.01,18026.9,-2520.73,2026/01/29 23:30:24
1426,155.12,18031.1,-2516.1,2026/01/29 23:30:24
1427,155.23,18026.3,-2519.49,2026/01/29 23:30:24
1428,155.34,18027,-2519.21,2026/01/29 23:30:24
1429,155.45,18020.4,-2520.14,2026/01/29 23:30:24
1430,155.56,18029.9,-2517.51,2026/01/29 23:30:24
1431,155.67,18037.8,-2518.22,2026/01/29 23:30:25
1432,155.78,18041.6,-2515.53,2026/01/29 23:30:25
1433,155.89,18050.1,-2517.32,2026/01/29 23:30:25
1434,155.99,18051,-2513.83,2026/01/29 23:30:25
1435,156.1,18058.4,-2513.19,2026/01/29 23:30:25
1436,156.21,18053.2,-2514.55,2026/01/29 23:30:25
1437,156.32,18052.8,-2513.31,2026/01/29 23:30:25
1438,156.43,18043.3,-2516.43,2026/01/29 23:30:25
1439,156.54,18042.2,-2517.09,2026/01/29 23:30:25
1440,156.65,18043,-2514.71,2026/01/29 23:30:26
1441,156.75,18043.5,-2519.2,2026/01/29 23:30:26
1442,156.86,18053.3,-2513.86,2026/01/29 23:30:26
1443,156.97,18051.1,-2515.42,2026/01/29 23:30:26
1444,157.08,18047.4,-2517.69,2026/01/29 23:30:26
1445,157.19,18037,-2519.35,2026/01/29 23:30:26
1446,157.3,18044,-2518.04,2026/01/29 23:30:26
1447,157.41,18054.7,-2517.22,2026/01/29 23:30:26
1448,157.52,18061.1,-2512.35,2026/01/29 23:30:26
1449,157.63,18059.8,-2515.2,2026/01/29 23:30:27
1450,157.74,18058,-2512.62,2026/01/29 23:30:27
1451,157.84,18061.9,-2515.66,2026/01/29 23:30:27
1452,157.95,18056.6,-2515.19,2026/01/29 23:30:27
1453,158.06,18061.7,-2512.88,2026/01/29 23:30:27
1454,158.17,18060,-2515.71,2026/01/29 23:30:27
1455,158.28,18062.7,-2513.61,2026/01/29 23:30:27
1456,158.39,18062.6,-2514.31,2026/01/29 23:30:27
1457,158.5,18059.7,-2516.44,2026/01/29 23:30:27
1458,158.61,18064.6,-2511.4,2026/01/29 23:30:28
1459,158.71,18061.4,-2516.1,2026/01/29 23:30:28
1460,158.82,18065.1,-2512.48,2026/01/29 23:30:28
1461,158.93,18060.4,-2513.78,2026/01/29 23:30:28
1462,159.04,18066.7,-2514.3,2026/01/29 23:30:28
1463,159.15,18063.1,-2514.52,2026/01/29 23:30:28
1464,159.26,18065.2,-2513.7,2026/01/29 23:30:28
1465,159.37,18066.1,-2513.83,2026/01/29 23:30:28
1466,159.48,18061.6,-2514.29,2026/01/29 23:30:28
1467,159.58,18088.5,-2505.53,2026/01/29 23:30:29
1468,159.69,18082.5,-2507.88,2026/01/29 23:30:29
1469,159.8,18088.6,-2504.26,2026/01/29 23:30:29
1470,159.91,18079.5,-2509.84,2026/01/29 23:30:29
1471,160.02,18079,-2507.86,2026/01/29 23:30:29
1472,160.13,18080.9,-2510.38,2026/01/29 23:30:29
1473,160.24,18075.2,-2509.19,2026/01/29 23:30:29
1474,160.34,18080.6,-2508.59,2026/01/29 23:30:29
1475,160.45,18086.4,-2506.68,2026/01/29 23:30:29
1476,160.56,18085.6,-2506.93,2026/01/29 23:30:29
1477,160.67,18080,-2507.96,2026/01/29 23:30:30
1478,160.78,18084.6,-2506.66,2026/01/29 23:30:30
1479,160.89,18082.3,-2506.97,2026/01/29 23:30:30
1480,161,18068.4,-2511.9,2026/01/29 23:30:30
1481,161.11,18070.3,-2507.6,2026/01/29 23:30:30
1482,161.22,18069.1,-2511.41,2026/01/29 23:30:30
1483,161.32,18073.7,-2507.84,2026/01/29 23:30:30
1484,161.43,18067.8,-2510.56,2026/01/29 23:30:30
1485,161.54,18077,-2507.65,2026/01/29 23:30:30
1486,161.65,18069.5,-2507.91,2026/01/29 23:30:31
1487,161.76,18077.2,-2508.02,2026/01/29 23:30:31
1488,161.87,18071.3,-2510.93,2026/01/29 23:30:31
1489,161.98,18075.7,-2509.09,2026/01/29 23:30:31
1490,162.09,18073.6,-2508.76,2026/01/29 23:30:31
1491,162.2,18072.7,-2508.44,2026/01/29 23:30:31
1492,162.31,18077.7,-2510.93,2026/01/29 23:30:31
1493,162.42,18074.4,-2508.95,2026/01/29 23:30:31
1494,162.52,18074.6,-2510.06,2026/01/29 23:30:31
1495,162.63,18072.9,-2511.42,2026/01/29 23:30:32
1496,162.74,18078.6,-2506.39,2026/01/29 23:30:32
1497,162.85,18085.9,-2507.13,2026/01/29 23:30:32
1498,162.96,18082.7,-2506.06,2026/01/29 23:30:32
1499,163.07,18079.5,-2507.91,2026/01/29 23:30:32
1500,163.18,18064.6,-2511.85,2026/01/29 23:30:32
1501,163.29,18067.5,-2511.3,2026/01/29 23:30:32
1502,163.39,18061.2,-2512.22,2026/01/29 23:30:32
1503,163.5,18062.4,-2511.58,2026/01/29 23:30:32
1504,163.61,18064.4,-2511.33,2026/01/29 23:30:33
1505,163.72,18067.7,-2511.82,2026/01/29 23:30:33
1506,163.83,18075.2,-2507.72,2026/01/29 23:30:33
1507,163.94,18062.7,-2514.5,2026/01/29 23:30:33
1508,164.05,18063.8,-2509.26,2026/01/29 23:30:33
1509,164.16,18060.9,-2512.71,2026/01/29 23:30:33
1510,164.26,18070.3,-2509.57,2026/01/29 23:30:33
1511,164.37,18073,-2510.18,2026/01/29 23:30:33
1512,164.48,18085.3,-2508.64,2026/01/29 23:30:33
1513,164.59,18088,-2508.04,2026/01/29 23:30:34
1514,164.7,18088.8,-2507.11,2026/01/29 23:30:34
1515,164.81,18087.2,-2507.6,2026/01/29 23:30:34
1516,164.92,18081.8,-2509.03,2026/01/29 23:30:34
1517,165.03,18089.2,-2506.74,2026/01/29 23:30:34
1518,165.14,18081.8,-2509.57,2026/01/29 23:30:34
1519,165.24,18086.9,-2506.07,2026/01/29 23:30:34
1520,165.35,18077.5,-2510.26,2026/01/29 23:30:34
1521,165.46,18079.4,-2507.75,2026/01/29 23:30:34
1522,165.57,18078.4,-2510.6,2026/01/29 23:30:34
1523,165.68,18085.1,-2506.68,2026/01/29 23:30:35
1524,165.79,18088.8,-2508.6,2026/01/29 23:30:35
1525,165.9,18083.7,-2507.74,2026/01/29 23:30:35
1526,166.01,18088.6,-2507.64,2026/01/29 23:30:35
1527,166.12,18083.9,-2508.78,2026/01/29 23:30:35
1528,166.23,18091.6,-2504.92,2026/01/29 23:30:35
1529,166.33,18090.7,-2508.61,2026/01/29 23:30:35
1530,166.44,18089.3,-2506.86,2026/01/29 23:30:35
1531,166.55,18087.6,-2508.36,2026/01/29 23:30:35
1532,166.66,18084.1,-2508.55,2026/01/29 23:30:36
1533,166.77,18091.1,-2506.98,2026/01/29 23:30:36
1534,166.88,18084.3,-2510.34,2026/01/29 23:30:36
1535,166.99,18095.3,-2507.05,2026/01/29 23:30:36
1536,167.1,18101.5,-2506.01,2026/01/29 23:30:36
1537,167.21,18110.4,-2503.48,2026/01/29 23:30:36
1538,167.32,18110.1,-2502.68,2026/01/29 23:30:36
1539,167.42,18102.6,-2504.23,2026/01/29 23:30:36
1540,167.53,18092.4,-2505.03,2026/01/29 23:30:36
1541,167.64,18090.6,-2504.98,2026/01/29 23:30:37
1542,167.75,18095.3,-2504.37,2026/01/29 23:30:37
1543,167.86,18106.5,-2504.58,2026/01/29 23:30:37
1544,167.97,18106.5,-2500.94,2026/01/29 23:30:37
1545,168.08,18104.1,-2505.33,2026/01/29 23:30:37
1546,168.19,18108.3,-2502.01,2026/01/29 23:30:37
1547,168.3,18103.5,-2502.67,2026/01/29 23:30:37
1548,168.4,18116.9,-2502.65,2026/01/29 23:30:37
1549,168.51,18112.6,-2501.75,2026/01/29 23:30:37
1550,168.62,18116.3,-2502.37,2026/01/29 23:30:38
1551,168.73,18114.8,-2502.49,2026/01/29 23:30:38
1552,168.84,18112.8,-2503.7,2026/01/29 23:30:38
1553,168.95,18101.2,-2502.71,2026/01/29 23:30:38
1554,169.06,18092.4,-2506.63,2026/01/29 23:30:38
1555,169.17,18117.3,-2500.02,2026/01/29 23:30:38
1556,169.27,18109.9,-2502.37,2026/01/29 23:30:38
1557,169.38,18116.4,-2501.44,2026/01/29 23:30:38
1558,169.49,18112.4,-2503.64,2026/01/29 23:30:38
1559,169.6,18116,-2501.57,2026/01/29 23:30:39
1560,169.71,18111.5,-2503.13,2026/01/29 23:30:39
1561,169.82,18113.9,-2502.63,2026/01/29 23:30:39
1562,169.93,18124.4,-2499.95,2026/01/29 23:30:39
1563,170.04,18121.6,-2501.69,2026/01/29 23:30:39
1564,170.14,18120.3,-2500.51,2026/01/29 23:30:39
1565,170.25,18101.1,-2505.62,2026/01/29 23:30:39
1566,170.36,18110.2,-2503.77,2026/01/29 23:30:39
1567,170.47,18122.4,-2502.75,2026/01/29 23:30:39
1568,170.58,18110,-2502.79,2026/01/29 23:30:40
1569,170.69,18110.5,-2505.58,2026/01/29 23:30:40
1570,170.8,18115.3,-2503.35,2026/01/29 23:30:40
1571,170.91,18124.6,-2501.24,2026/01/29 23:30:40
1572,171.01,18120.7,-2505.08,2026/01/29 23:30:40
1573,171.12,18119.8,-2501.55,2026/01/29 23:30:40
1574,171.23,18121,-2503.14,2026/01/29 23:30:40
1575,171.34,18128.5,-2498.98,2026/01/29 23:30:40
1576,171.45,18114.3,-2505.27,2026/01/29 23:30:40
1577,171.56,18111.9,-2502.71,2026/01/29 23:30:40
1578,171.67,18120.5,-2503.06,2026/01/29 23:30:41
1579,171.78,18110.6,-2504.9,2026/01/29 23:30:41
1580,171.89,18118.4,-2502.29,2026/01/29 23:30:41
1581,171.99,18115.8,-2505.59,2026/01/29 23:30:41
1582,172.1,18124.6,-2500.53,2026/01/29 23:30:41
1583,172.21,18122.8,-2504.38,2026/01/29 23:30:41
1584,172.32,18125.8,-2501.93,2026/01/29 23:30:41
1585,172.43,18127.8,-2502.74,2026/01/29 23:30:41
1586,172.54,18125.6,-2499.77,2026/01/29 23:30:41
1587,172.65,18119.3,-2503.04,2026/01/29 23:30:42
1588,172.76,18104.4,-2505.58,2026/01/29 23:30:42
1589,172.87,18097.8,-2507.49,2026/01/29 23:30:42
1590,172.98,18093.1,-2509.62,2026/01/29 23:30:42
1591,173.08,18095.4,-2507.22,2026/01/29 23:30:42
1592,173.19,18087.1,-2511.37,2026/01/29 23:30:42
1593,173.3,18077.6,-2511.29,2026/01/29 23:30:42
1594,173.41,18079.3,-2514.25,2026/01/29 23:30:42
1595,173.52,18071.2,-2511.6,2026/01/29 23:30:42
1596,173.63,18078.1,-2511.32,2026/01/29 23:30:43
1597,173.74,18073.8,-2512.34,2026/01/29 23:30:43
1598,173.85,18084.9,-2509.1,2026/01/29 23:30:43
1599,173.95,18081.4,-2513.36,2026/01/29 23:30:43
1600,174.06,18080,-2510.32,2026/01/29 23:30:43
1601,174.17,18075.2,-2513.2,2026/01/29 23:30:43
1602,174.28,18077.4,-2510.19,2026/01/29 23:30:43
1603,174.39,18075.7,-2513.86,2026/01/29 23:30:43
1604,174.5,18071.8,-2511.41,2026/01/29 23:30:43
1605,174.61,18067.1,-2515.31,2026/01/29 23:30:44
1606,174.72,18065.8,-2514.64,2026/01/29 23:30:44
1607,174.83,18066.5,-2514.34,2026/01/29 23:30:44
1608,174.94,18053.5,-2517.16,2026/01/29 23:30:44
1609,175.05,18054.1,-2516.06,2026/01/29 23:30:44
1610,175.15,18043.3,-2520.61,2026/01/29 23:30:44
1611,175.26,18036.6,-2520.87,2026/01/29 23:30:44
1612,175.37,18048.1,-2520.03,2026/01/29 23:30:44
1613,175.48,18067.3,-2513.97,2026/01/29 23:30:44
1614,175.59,18077,-2516.42,2026/01/29 23:30:45
1615,175.7,18074.8,-2513.39,2026/01/29 23:30:45
1616,175.81,18081.4,-2511.38,2026/01/29 23:30:45
1617,175.91,18080.9,-2514.71,2026/01/29 23:30:45
1618,176.02,18096.9,-2508.74,2026/01/29 23:30:45
1619,176.13,18094.3,-2512.14,2026/01/29 23:30:45
1620,176.24,18091.6,-2510.38,2026/01/29 23:30:45
1621,176.35,18091.9,-2513.01,2026/01/29 23:30:45
1622,176.46,18126,-2504.22,2026/01/29 23:30:45
1623,176.57,18134.3,-2502.06,2026/01/29 23:30:45
1624,176.68,18120.9,-2505.86,2026/01/29 23:30:46
1625,176.78,18122,-2503.73,2026/01/29 23:30:46
1626,176.89,18117.5,-2506.15,2026/01/29 23:30:46
1627,177,18125.8,-2501.38,2026/01/29 23:30:46
1628,177.11,18134.6,-2502.69,2026/01/29 23:30:46
1629,177.22,18131.6,-2502.71,2026/01/29 23:30:46
1630,177.33,18137,-2502.1,2026/01/29 23:30:46
1631,177.44,18130.4,-2504.27,2026/01/29 23:30:46
1632,177.55,18137.4,-2501.23,2026/01/29 23:30:46
1633,177.65,18131.8,-2503.41,2026/01/29 23:30:47
1634,177.76,18138.4,-2501.53,2026/01/29 23:30:47
1635,177.87,18138.8,-2500.67,2026/01/29 23:30:47
1636,177.98,18143.2,-2499.81,2026/01/29 23:30:47
1637,178.09,18140.8,-2499.79,2026/01/29 23:30:47
1638,178.2,18142.2,-2501.44,2026/01/29 23:30:47
1639,178.31,18145.9,-2498.2,2026/01/29 23:30:47
1640,178.41,18134.5,-2503.37,2026/01/29 23:30:47
1641,178.52,18136.5,-2504,2026/01/29 23:30:47
1642,178.63,18122.5,-2505.28,2026/01/29 23:30:48
1643,178.74,18126.4,-2505.77,2026/01/29 23:30:48
1644,178.85,18124,-2505.24,2026/01/29 23:30:48
1645,178.96,18127.9,-2506.05,2026/01/29 23:30:48
1646,179.07,18133.8,-2502.35,2026/01/29 23:30:48
1647,179.18,18130.6,-2507.54,2026/01/29 23:30:48
1648,179.29,18133.9,-2504.43,2026/01/29 23:30:48
1649,179.39,18128.6,-2504.72,2026/01/29 23:30:48
1650,179.5,18132.7,-2505.84,2026/01/29 23:30:48
1651,179.61,18131.1,-2504.91,2026/01/29 23:30:49
1652,179.72,18133,-2506.23,2026/01/29 23:30:49
1653,179.83,18131.1,-2503.05,2026/01/29 23:30:49
1654,179.94,18128,-2508.48,2026/01/29 23:30:49
1655,180.05,18129.8,-2503.58,2026/01/29 23:30:49
1656,180.16,18125.1,-2507.12,2026/01/29 23:30:49
1657,180.27,18128.4,-2505.16,2026/01/29 23:30:49
1658,180.37,18122.7,-2504.62,2026/01/29 23:30:49
1659,180.48,18126.1,-2505.7,2026/01/29 23:30:49
1660,180.59,18129.1,-2505.7,2026/01/29 23:30:50
1661,180.7,18131.8,-2504.43,2026/01/29 23:30:50
1662,180.81,18131.1,-2504.56,2026/01/29 23:30:50
1663,180.92,18129.9,-2504.69,2026/01/29 23:30:50
1664,181.03,18137.7,-2502.85,2026/01/29 23:30:50
1665,181.14,18133.4,-2504.84,2026/01/29 23:30:50
1666,181.25,18140.9,-2502.62,2026/01/29 23:30:50
1667,181.36,18136.8,-2503.83,2026/01/29 23:30:50
1668,181.47,18142.4,-2501.65,2026/01/29 23:30:50
1669,181.57,18138,-2504.78,2026/01/29 23:30:50
1670,181.68,18141.9,-2501.71,2026/01/29 23:30:51
1671,181.79,18140.7,-2503.38,2026/01/29 23:30:51
1672,181.9,18139.5,-2502.28,2026/01/29 23:30:51
1673,182.01,18142.7,-2503.57,2026/01/29 23:30:51
1674,182.12,18140.7,-2501.21,2026/01/29 23:30:51
1675,182.23,18143.4,-2504.31,2026/01/29 23:30:51
1676,182.34,18140,-2502.13,2026/01/29 23:30:51
1677,182.45,18145.9,-2503.34,2026/01/29 23:30:51
1678,182.56,18140.5,-2504.29,2026/01/29 23:30:51
1679,182.66,18148.9,-2501.72,2026/01/29 23:30:52
1680,182.77,18145.1,-2504.17,2026/01/29 23:30:52
1681,182.88,18152.2,-2500.72,2026/01/29 23:30:52
1682,182.99,18145.3,-2502.87,2026/01/29 23:30:52
1683,183.1,18151,-2501.07,2026/01/29 23:30:52
1684,183.21,18147.7,-2500.52,2026/01/29 23:30:52
1685,183.32,18144.6,-2504.54,2026/01/29 23:30:52
1686,183.43,18151.3,-2497.76,2026/01/29 23:30:52
1687,183.54,18142.1,-2504.74,2026/01/29 23:30:52
1688,183.65,18141.8,-2503.07,2026/01/29 23:30:53
1689,183.75,18130.8,-2506.03,2026/01/29 23:30:53
1690,183.86,18132.7,-2505.8,2026/01/29 23:30:53
1691,183.97,18128.9,-2505.67,2026/01/29 23:30:53
1692,184.08,18135.3,-2505.47,2026/01/29 23:30:53
1693,184.19,18134.3,-2504.63,2026/01/29 23:30:53
1694,184.3,18133.3,-2506.07,2026/01/29 23:30:53
1695,184.41,18136.1,-2503.23,2026/01/29 23:30:53
1696,184.52,18132.3,-2505.72,2026/01/29 23:30:53
1697,184.63,18139.9,-2503.34,2026/01/29 23:30:54
1698,184.73,18136.4,-2504.94,2026/01/29 23:30:54
1699,184.84,18139.6,-2502.82,2026/01/29 23:30:54
1700,184.95,18136.8,-2505.9,2026/01/29 23:30:54
1701,185.06,18140.8,-2502.7,2026/01/29 23:30:54
1702,185.17,18138.1,-2505.5,2026/01/29 23:30:54
1703,185.28,18138.6,-2503.53,2026/01/29 23:30:54
1704,185.39,18143.4,-2505.63,2026/01/29 23:30:54
1705,185.5,18140.5,-2503.37,2026/01/29 23:30:54
1706,185.6,18147.3,-2503.91,2026/01/29 23:30:55
1707,185.71,18143.8,-2505.06,2026/01/29 23:30:55
1708,185.82,18152.7,-2503.15,2026/01/29 23:30:55
1709,185.93,18144.5,-2504.62,2026/01/29 23:30:55
1710,186.04,18150,-2504.44,2026/01/29 23:30:55
1711,186.15,18143.4,-2504.88,2026/01/29 23:30:55
1712,186.26,18146.4,-2504.31,2026/01/29 23:30:55
1713,186.37,18142.2,-2503.73,2026/01/29 23:30:55
1714,186.48,18139.7,-2508.05,2026/01/29 23:30:55
1715,186.59,18144.7,-2503.05,2026/01/29 23:30:56
1716,186.69,18141.3,-2506.39,2026/01/29 23:30:56
1717,186.8,18147.1,-2503.83,2026/01/29 23:30:56
1718,186.91,18144.1,-2504.48,2026/01/29 23:30:56
1719,187.02,18148.3,-2504.78,2026/01/29 23:30:56
1720,187.13,18149.4,-2504.92,2026/01/29 23:30:56
1721,187.24,18148.1,-2505.16,2026/01/29 23:30:56
1722,187.35,18155.9,-2504.25,2026/01/29 23:30:56
1723,187.46,18152.9,-2502.85,2026/01/29 23:30:56
1724,187.56,18163.2,-2502.84,2026/01/29 23:30:56
1725,187.67,18156.5,-2504.16,2026/01/29 23:30:57
1726,187.78,18157.5,-2502.27,2026/01/29 23:30:57
1727,187.89,18149.1,-2507.34,2026/01/29 23:30:57
1728,188,18151.2,-2504.12,2026/01/29 23:30:57
1729,188.11,18145.4,-2504.61,2026/01/29 23:30:57
1730,188.22,18147.5,-2504.43,2026/01/29 23:30:57
1731,188.33,18145.6,-2505.78,2026/01/29 23:30:57
1732,188.43,18147,-2506.72,2026/01/29 23:30:57
1733,188.54,18149.1,-2503.52,2026/01/29 23:30:57
1734,188.65,18145.9,-2506.57,2026/01/29 23:30:58
1735,188.76,18152.5,-2503.67,2026/01/29 23:30:58
1736,188.87,18147.2,-2506.45,2026/01/29 23:30:58
1737,188.98,18154,-2505.84,2026/01/29 23:30:58
1738,189.09,18151.3,-2505.07,2026/01/29 23:30:58
1739,189.2,18155.3,-2503.7,2026/01/29 23:30:58
1740,189.31,18157.9,-2504.7,2026/01/29 23:30:58
1741,189.42,18158.1,-2504.85,2026/01/29 23:30:58
1742,189.53,18159.2,-2504.57,2026/01/29 23:30:58
1743,189.63,18151.9,-2504.22,2026/01/29 23:30:59
1744,189.74,18156.4,-2505.7,2026/01/29 23:30:59
1745,189.85,18147.3,-2505.57,2026/01/29 23:30:59
1746,189.96,18154.4,-2504.6,2026/01/29 23:30:59
1747,190.07,18147.6,-2506.8,2026/01/29 23:30:59
1748,190.18,18155.2,-2503.36,2026/01/29 23:30:59
1749,190.29,18150.5,-2507.1,2026/01/29 23:30:59
1750,190.4,18160.3,-2504.25,2026/01/29 23:30:59
1751,190.51,18156.6,-2505.48,2026/01/29 23:30:59
1752,190.62,18158.7,-2505.97,2026/01/29 23:31:00
1753,190.72,18157.2,-2502.99,2026/01/29 23:31:00
1754,190.83,18149.3,-2507.24,2026/01/29 23:31:00
1755,190.94,18153.6,-2505.12,2026/01/29 23:31:00
1756,191.05,18149.1,-2507.04,2026/01/29 23:31:00
1757,191.16,18153.4,-2505.59,2026/01/29 23:31:00
1758,191.27,18150.8,-2506.34,2026/01/29 23:31:00
1759,191.38,18154.6,-2505.57,2026/01/29 23:31:00
1760,191.49,18158.6,-2505.73,2026/01/29 23:31:00
1761,191.59,18155.6,-2504.84,2026/01/29 23:31:01
1762,191.7,18155.6,-2506.88,2026/01/29 23:31:01
1763,191.81,18149.4,-2506.05,2026/01/29 23:31:01
1764,191.92,18149.8,-2506.31,2026/01/29 23:31:01
1765,192.03,18146.4,-2509.02,2026/01/29 23:31:01
1766,192.14,18154.8,-2504.77,2026/01/29 23:31:01
1767,192.25,18149.1,-2506.56,2026/01/29 23:31:01
1768,192.36,18157,-2505.43,2026/01/29 23:31:01
1769,192.47,18153.8,-2504.99,2026/01/29 23:31:01
1770,192.58,18156.4,-2506.2,2026/01/29 23:31:01
1771,192.68,18158.6,-2502.35,2026/01/29 23:31:02
1772,192.79,18155.6,-2507.44,2026/01/29 23:31:02
1773,192.9,18162,-2504.82,2026/01/29 23:31:02
1774,193.01,18161.6,-2505.04,2026/01/29 23:31:02
1775,193.12,18164.9,-2503.06,2026/01/29 23:31:02
1776,193.23,18165.9,-2505.09,2026/01/29 23:31:02
1777,193.34,18162.4,-2503.38,2026/01/29 23:31:02
1778,193.45,18157.2,-2507.5,2026/01/29 23:31:02
1779,193.55,18152.9,-2504.39,2026/01/29 23:31:02
1780,193.66,18153.3,-2506.7,2026/01/29 23:31:03
1781,193.77,18146.2,-2507.73,2026/01/29 23:31:03
1782,193.88,18154.6,-2504.76,2026/01/29 23:31:03
1783,193.99,18147.5,-2507.1,2026/01/29 23:31:03
1784,194.1,18158.3,-2505.29,2026/01/29 23:31:03
1785,194.21,18153.2,-2505.63,2026/01/29 23:31:03
1786,194.32,18160.3,-2505.63,2026/01/29 23:31:03
1787,194.42,18159.3,-2505.21,2026/01/29 23:31:03
1788,194.53,18155.8,-2507.93,2026/01/29 23:31:03
1789,194.64,18161.9,-2504.44,2026/01/29 23:31:04
1790,194.75,18157.1,-2506.51,2026/01/29 23:31:04
1791,194.86,18163.4,-2503.26,2026/01/29 23:31:04
1792,194.97,18162.1,-2506.25,2026/01/29 23:31:04
1793,195.08,18164.4,-2503.44,2026/01/29 23:31:04
1794,195.18,18162.4,-2505.72,2026/01/29 23:31:04
1795,195.29,18160.8,-2504.82,2026/01/29 23:31:04
1796,195.4,18162.6,-2504.71,2026/01/29 23:31:04
1797,195.51,18156.3,-2505.76,2026/01/29 23:31:04
1798,195.62,18165.7,-2503.77,2026/01/29 23:31:05
1799,195.73,18157.4,-2504.73,2026/01/29 23:31:05
1800,195.84,18165.1,-2505.21,2026/01/29 23:31:05
1801,195.95,18151.3,-2509.38,2026/01/29 23:31:05
1802,196.06,18162.1,-2507.13,2026/01/29 23:31:05
1803,196.16,18156,-2507.26,2026/01/29 23:31:05
1804,196.27,18154.1,-2509.18,2026/01/29 23:31:05
1805,196.38,18168.4,-2503.52,2026/01/29 23:31:05
1806,196.49,18163.8,-2504.57,2026/01/29 23:31:05
1807,196.6,18170.4,-2502.09,2026/01/29 23:31:06
1808,196.71,18160.6,-2507.73,2026/01/29 23:31:06
1809,196.82,18164.9,-2502.91,2026/01/29 23:31:06
1810,196.93,18162.4,-2506.76,2026/01/29 23:31:06
1811,197.04,18170.2,-2502.26,2026/01/29 23:31:06
1812,197.14,18160.5,-2507.33,2026/01/29 23:31:06
1813,197.25,18163.7,-2506.42,2026/01/29 23:31:06
1814,197.36,18161.4,-2505.52,2026/01/29 23:31:06
1815,197.47,18159.7,-2508.92,2026/01/29 23:31:06
1816,197.58,18164.3,-2505,2026/01/29 23:31:06
1817,197.69,18159.5,-2507.62,2026/01/29 23:31:07
1818,197.8,18163.2,-2506.99,2026/01/29 23:31:07
1819,197.91,18159.8,-2506.29,2026/01/29 23:31:07
1820,198.01,18163.5,-2503.78,2026/01/29 23:31:07
1821,198.12,18161.9,-2506.35,2026/01/29 23:31:07
1822,198.23,18160.7,-2505.83,2026/01/29 23:31:07
1823,198.34,18164.6,-2506.17,2026/01/29 23:31:07
1824,198.45,18160.6,-2505.02,2026/01/29 23:31:07
1825,198.56,18164.5,-2504.81,2026/01/29 23:31:07
1826,198.67,18160,-2506.22,2026/01/29 23:31:08
1827,198.78,18168.7,-2503.25,2026/01/29 23:31:08
1828,198.89,18160.5,-2505.03,2026/01/29 23:31:08
1829,198.99,18165.8,-2505.47,2026/01/29 23:31:08
1830,199.1,18163.1,-2504.83,2026/01/29 23:31:08
1831,199.21,18169.8,-2503.77,2026/01/29 23:31:08
1832,199.32,18174.4,-2499.61,2026/01/29 23:31:08
1833,199.43,18169.4,-2503.45,2026/01/29 23:31:08
1834,199.54,18153.4,-2505.73,2026/01/29 23:31:08
1835,199.65,18160.6,-2508.52,2026/01/29 23:31:09
1836,199.76,18157.9,-2510.19,2026/01/29 23:31:09
1837,199.86,18163.5,-2511.09,2026/01/29 23:31:09
1838,199.97,18158.9,-2509.34,2026/01/29 23:31:09
1839,200.08,18177.7,-2505.6,2026/01/29 23:31:09
1840,200.19,18177.9,-2503.04,2026/01/29 23:31:09
1841,200.3,18170.5,-2507.61,2026/01/29 23:31:09
1842,200.41,18146.3,-2514.37,2026/01/29 23:31:09
1843,200.52,18109.3,-2522.65,2026/01/29 23:31:09
1844,200.63,18049.6,-2536.82,2026/01/29 23:31:10
1845,200.74,18053.4,-2536.28,2026/01/29 23:31:10
1846,200.84,18019.2,-2537.14,2026/01/29 23:31:10
1847,200.95,18014.7,-2539.56,2026/01/29 23:31:10
1848,201.06,18006.6,-2542.07,2026/01/29 23:31:10
1849,201.17,18049.6,-2532.21,2026/01/29 23:31:10
1850,201.28,18122.6,-2512.63,2026/01/29 23:31:10
1851,201.39,18144.8,-2506.13,2026/01/29 23:31:10
1852,201.5,18146.7,-2507.21,2026/01/29 23:31:10
1853,201.61,18054.7,-2527.48,2026/01/29 23:31:11
1854,201.72,18021.4,-2537.59,2026/01/29 23:31:11
1855,201.83,18004.1,-2541.22,2026/01/29 23:31:11
1856,201.93,18017.2,-2536.94,2026/01/29 23:31:11
1857,202.04,18048.2,-2530.18,2026/01/29 23:31:11
1858,202.15,18110.4,-2515.52,2026/01/29 23:31:11
1859,202.26,18119.1,-2512.61,2026/01/29 23:31:11
1860,202.37,18118.2,-2513.38,2026/01/29 23:31:11
1861,202.48,18039.4,-2529.54,2026/01/29 23:31:11
1862,202.59,18007.1,-2541.85,2026/01/29 23:31:12
1863,202.7,18022.1,-2534.54,2026/01/29 23:31:12
1864,202.8,18041.5,-2532.4,2026/01/29 23:31:12
1865,202.91,18102.7,-2516.76,2026/01/29 23:31:12
1866,203.02,18112.1,-2513.88,2026/01/29 23:31:12
1867,203.13,18100.9,-2514.63,2026/01/29 23:31:12
1868,203.24,18020.6,-2537.4,2026/01/29 23:31:12
1869,203.35,18003.1,-2541.12,2026/01/29 23:31:12
1870,203.46,18007.3,-2543.23,2026/01/29 23:31:12
1871,203.57,18070.4,-2525.95,2026/01/29 23:31:12
1872,203.68,18141.7,-2505.77,2026/01/29 23:31:13
1873,203.78,18135.8,-2508.7,2026/01/29 23:31:13
1874,203.89,18114.5,-2513.69,2026/01/29 23:31:13
1875,204,17998.6,-2541.98,2026/01/29 23:31:13
1876,204.11,18003.8,-2544.56,2026/01/29 23:31:13
1877,204.22,18096.1,-2520.88,2026/01/29 23:31:13
1878,204.33,18153.1,-2506.3,2026/01/29 23:31:13
1879,204.44,18147.6,-2505.79,2026/01/29 23:31:13
1880,204.54,18153.8,-2505.67,2026/01/29 23:31:13
1881,204.65,18148.4,-2505.84,2026/01/29 23:31:14
1882,204.76,18029.4,-2534.74,2026/01/29 23:31:14
1883,204.87,18040.5,-2533.04,2026/01/29 23:31:14
1884,204.98,18131.6,-2513.98,2026/01/29 23:31:14
1885,205.09,18169.1,-2500.85,2026/01/29 23:31:14
1886,205.2,18162.6,-2505.65,2026/01/29 23:31:14
1887,205.31,18141.3,-2508.45,2026/01/29 23:31:14
1888,205.42,18051.1,-2530.04,2026/01/29 23:31:14
1889,205.53,18070.9,-2526.87,2026/01/29 23:31:14
1890,205.64,18161.1,-2503.14,2026/01/29 23:31:15
1891,205.74,18175.2,-2503.04,2026/01/29 23:31:15
1892,205.85,18179.6,-2499.14,2026/01/29 23:31:15
1893,205.96,18170.5,-2501.42,2026/01/29 23:31:15
1894,206.07,18116.5,-2515.67,2026/01/29 23:31:15
1895,206.18,18066.1,-2528.61,2026/01/29 23:31:15
1896,206.29,18095.4,-2519.81,2026/01/29 23:31:15
1897,206.4,18167.9,-2503.23,2026/01/29 23:31:15
1898,206.51,18185.3,-2496.45,2026/01/29 23:31:15
1899,206.62,18188.4,-2499.03,2026/01/29 23:31:16
1900,206.72,18140,-2507.71,2026/01/29 23:31:16
1901,206.83,18048.3,-2531.15,2026/01/29 23:31:16
1902,206.94,18050.3,-2532.42,2026/01/29 23:31:16
1903,207.05,18165.9,-2501.6,2026/01/29 23:31:16
1904,207.16,18181.6,-2499.75,2026/01/29 23:31:16
1905,207.27,18194.7,-2497.47,2026/01/29 23:31:16
1906,207.38,18187.5,-2496.54,2026/01/29 23:31:16
1907,207.49,18117.9,-2514.45,2026/01/29 23:31:16
1908,207.6,18040.3,-2531.75,2026/01/29 23:31:17
1909,207.71,18124.2,-2512.41,2026/01/29 23:31:17
1910,207.82,18182,-2496.19,2026/01/29 23:31:17
1911,207.93,18188.4,-2495.84,2026/01/29 23:31:17
1912,208.03,18193.5,-2494.98,2026/01/29 23:31:17
1913,208.14,18114.7,-2512.31,2026/01/29 23:31:17
1914,208.25,18047.2,-2527.9,2026/01/29 23:31:17
1915,208.36,18061.6,-2527.66,2026/01/29 23:31:17
1916,208.47,18169.3,-2496.12,2026/01/29 23:31:17
1917,208.58,18179.8,-2495.49,2026/01/29 23:31:17
1918,208.69,18186.9,-2493.56,2026/01/29 23:31:18
1919,208.8,18158.8,-2499.56,2026/01/29 23:31:18
1920,208.91,18040.5,-2528.3,2026/01/29 23:31:18
1921,209.01,18015.5,-2531.6,2026/01/29 23:31:18
1922,209.12,18018.3,-2535.77,2026/01/29 23:31:18
1923,209.23,18124,-2507.34,2026/01/29 23:31:18
1924,209.34,18175.6,-2494.98,2026/01/29 23:31:18
1925,209.45,18181.5,-2493.52,2026/01/29 23:31:18
1926,209.56,18142.1,-2504.25,2026/01/29 23:31:18
1927,209.67,18039.2,-2524.99,2026/01/29 23:31:19
1928,209.78,18014.6,-2534.27,2026/01/29 23:31:19
1929,209.89,18033.1,-2528.43,2026/01/29 23:31:19
1930,210,18143.6,-2504.29,2026/01/29 23:31:19
1931,210.1,18177.2,-2493.85,2026/01/29 23:31:19
1932,210.21,18178.1,-2495.55,2026/01/29 23:31:19
1933,210.32,18177.5,-2493.85,2026/01/29 23:31:19
1934,210.43,18092.8,-2511.69,2026/01/29 23:31:19
1935,210.54,18015.6,-2533.04,2026/01/29 23:31:19
1936,210.65,18041.1,-2526.55,2026/01/29 23:31:20
1937,210.76,18156.3,-2498.31,2026/01/29 23:31:20
1938,210.87,18187.2,-2492.3,2026/01/29 23:31:20
1939,210.98,18189.5,-2489.98,2026/01/29 23:31:20
1940,211.08,18198.3,-2488.95,2026/01/29 23:31:20
1941,211.19,18152.1,-2499.93,2026/01/29 23:31:20
1942,211.3,18044.9,-2523.23,2026/01/29 23:31:20
1943,211.41,18024.9,-2530.38,2026/01/29 23:31:20
1944,211.52,18091.4,-2516.03,2026/01/29 23:31:20
1945,211.63,18183.8,-2491.13,2026/01/29 23:31:21
1946,211.74,18183,-2495.48,2026/01/29 23:31:21
1947,211.85,18188.1,-2491.26,2026/01/29 23:31:21
1948,211.95,18146.1,-2502.06,2026/01/29 23:31:21
1949,212.06,18053.3,-2521.84,2026/01/29 23:31:21
1950,212.17,18034.9,-2527.04,2026/01/29 23:31:21
1951,212.28,18127.9,-2507.19,2026/01/29 23:31:21
1952,212.39,18187.2,-2488.77,2026/01/29 23:31:21
1953,212.5,18190.1,-2493.08,2026/01/29 23:31:21
1954,212.61,18194.9,-2489.88,2026/01/29 23:31:22
1955,212.72,18142.9,-2502.28,2026/01/29 23:31:22
1956,212.83,18051.3,-2521.42,2026/01/29 23:31:22
1957,212.94,18031.7,-2529.34,2026/01/29 23:31:22
1958,213.04,18146.7,-2500.72,2026/01/29 23:31:22
1959,213.15,18186.3,-2492.57,2026/01/29 23:31:22
1960,213.26,18185,-2491.47,2026/01/29 23:31:22
1961,213.37,18176.3,-2494.75,2026/01/29 23:31:22
1962,213.48,18052,-2520.08,2026/01/29 23:31:22
1963,213.59,18025.5,-2529.68,2026/01/29 23:31:23
1964,213.7,18099.8,-2513.7,2026/01/29 23:31:23
1965,213.81,18186.1,-2490.99,2026/01/29 23:31:23
1966,213.92,18180.5,-2493.49,2026/01/29 23:31:23
1967,214.03,18188.5,-2491.62,2026/01/29 23:31:23
1968,214.13,18107.7,-2506.95,2026/01/29 23:31:23
1969,214.24,18033,-2527.01,2026/01/29 23:31:23
1970,214.35,18052,-2523.27,2026/01/29 23:31:23
1971,214.46,18175,-2494.13,2026/01/29 23:31:23
1972,214.57,18187.3,-2489.37,2026/01/29 23:31:23
1973,214.68,18182.2,-2492.22,2026/01/29 23:31:24
1974,214.79,18188.8,-2490.19,2026/01/29 23:31:24
1975,214.9,18087.3,-2512.77,2026/01/29 23:31:24
1976,215.01,18037.7,-2523.3,2026/01/29 23:31:24
1977,215.11,18094,-2515.59,2026/01/29 23:31:24
1978,215.22,18179.6,-2491.17,2026/01/29 23:31:24
1979,215.33,18181.3,-2493.43,2026/01/29 23:31:24
1980,215.44,18182.1,-2490.75,2026/01/29 23:31:24
1981,215.55,18133.9,-2503.12,2026/01/29 23:31:24
1982,215.66,18047.7,-2522.06,2026/01/29 23:31:25
1983,215.77,18051.8,-2523.35,2026/01/29 23:31:25
1984,215.88,18150,-2500.44,2026/01/29 23:31:25
1985,215.99,18183.5,-2492.42,2026/01/29 23:31:25
1986,216.09,18178.3,-2492.53,2026/01/29 23:31:25
1987,216.2,18181.4,-2492.39,2026/01/29 23:31:25
1988,216.31,18060.5,-2518.77,2026/01/29 23:31:25
1989,216.42,18041.7,-2525.79,2026/01/29 23:31:25
1990,216.53,18150.7,-2498.22,2026/01/29 23:31:25
1991,216.64,18177,-2492.93,2026/01/29 23:31:26
1992,216.75,18181.5,-2491.07,2026/01/29 23:31:26
1993,216.86,18172.8,-2493.24,2026/01/29 23:31:26
1994,216.97,18062.4,-2517.1,2026/01/29 23:31:26
1995,217.07,18043.1,-2525.57,2026/01/29 23:31:26
1996,217.18,18147.3,-2499.36,2026/01/29 23:31:26
1997,217.29,18184.4,-2493.61,2026/01/29 23:31:26
1998,217.4,18184.7,-2491.17,2026/01/29 23:31:26
1999,217.51,18179.8,-2492.59,2026/01/29 23:31:26
2000,217.62,18061.8,-2518.45,2026/01/29 23:31:27
2001,217.73,18050,-2522.2,2026/01/29 23:31:27
2002,217.84,18147,-2499.97,2026/01/29 23:31:27
2003,217.94,18186.1,-2490.44,2026/01/29 23:31:27
2004,218.05,18179.2,-2491.85,2026/01/29 23:31:27
2005,218.16,18157.5,-2497.55,2026/01/29 23:31:27
2006,218.27,18057,-2517.96,2026/01/29 23:31:27
2007,218.38,18079.5,-2518.79,2026/01/29 23:31:27
2008,218.49,18175.8,-2491.39,2026/01/29 23:31:27
2009,218.6,18182.4,-2492.83,2026/01/29 23:31:28
2010,218.71,18189.5,-2489.1,2026/01/29 23:31:28
2011,218.81,18173.2,-2492.87,2026/01/29 23:31:28
2012,218.92,18070.8,-2515.95,2026/01/29 23:31:28
2013,219.03,18066.9,-2519.25,2026/01/29 23:31:28
2014,219.14,18161,-2495.68,2026/01/29 23:31:28
2015,219.25,18182.3,-2492.07,2026/01/29 23:31:28
2016,219.36,18176.4,-2491.35,2026/01/29 23:31:28
2017,219.47,18178.4,-2493.57,2026/01/29 23:31:28
2018,219.58,18077.1,-2512.78,2026/01/29 23:31:28
2019,219.69,18059.3,-2521.26,2026/01/29 23:31:29
2020,219.79,18131.4,-2504.4,2026/01/29 23:31:29
2021,219.9,18181.1,-2490.22,2026/01/29 23:31:29
2022,220.01,18175,-2493.61,2026/01/29 23:31:29
2023,220.12,18180.5,-2491.67,2026/01/29 23:31:29
2024,220.23,18119,-2505.08,2026/01/29 23:31:29
2025,220.34,18058.9,-2519.27,2026/01/29 23:31:29
2026,220.45,18099.3,-2509.05,2026/01/29 23:31:29
2027,220.56,18169.3,-2495.26,2026/01/29 23:31:29
2028,220.66,18180.8,-2491.15,2026/01/29 23:31:30
2029,220.77,18174.7,-2494.12,2026/01/29 23:31:30
2030,220.88,18172.4,-2493.42,2026/01/29 23:31:30
2031,220.99,18064,-2516.98,2026/01/29 23:31:30
2032,221.1,18066.1,-2519.02,2026/01/29 23:31:30
2033,221.21,18160.3,-2495.57,2026/01/29 23:31:30
2034,221.32,18179.5,-2493.14,2026/01/29 23:31:30
2035,221.43,18182,-2490.46,2026/01/29 23:31:30
2036,221.54,18177,-2493.07,2026/01/29 23:31:30
2037,221.65,18115.6,-2506.36,2026/01/29 23:31:31
2038,221.76,18058.4,-2518.42,2026/01/29 23:31:31
2039,221.86,18091,-2511.91,2026/01/29 23:31:31
2040,221.97,18169.2,-2495.05,2026/01/29 23:31:31
2041,222.08,18188.1,-2488.09,2026/01/29 23:31:31
2042,222.19,18187.2,-2490.87,2026/01/29 23:31:31
2043,222.3,18135.8,-2499.32,2026/01/29 23:31:31
2044,222.41,18059.8,-2519.26,2026/01/29 23:31:31
2045,222.52,18046.6,-2521.08,2026/01/29 23:31:31
2046,222.63,18145.2,-2501.47,2026/01/29 23:31:32
2047,222.74,18174.5,-2492.7,2026/01/29 23:31:32
2048,222.84,18180.8,-2489.47,2026/01/29 23:31:32
2049,222.95,18174.9,-2495.23,2026/01/29 23:31:32
2050,223.06,18110.7,-2505.54,2026/01/29 23:31:32
2051,223.17,18128.1,-2504.56,2026/01/29 23:31:32
2052,223.28,18183.5,-2489.71,2026/01/29 23:31:32
2053,223.39,18187.6,-2490.64,2026/01/29 23:31:32
2054,223.5,18189.1,-2488.1,2026/01/29 23:31:32
2055,223.61,18193.2,-2488.19,2026/01/29 23:31:33
2056,223.71,18202.8,-2487.61,2026/01/29 23:31:33
2057,223.82,18210.1,-2485.06,2026/01/29 23:31:33
2058,223.93,18138.1,-2500.56,2026/01/29 23:31:33
2059,224.04,18156.2,-2497.6,2026/01/29 23:31:33
2060,224.15,18198.8,-2487.33,2026/01/29 23:31:33
2061,224.26,18201.6,-2487.59,2026/01/29 23:31:33
2062,224.37,18201,-2487.28,2026/01/29 23:31:33
2063,224.48,18198,-2489.21,2026/01/29 23:31:33
2064,224.58,18184,-2489.64,2026/01/29 23:31:34
2065,224.69,18205.2,-2487.09,2026/01/29 23:31:34
2066,224.8,18219.3,-2484.61,2026/01/29 23:31:34
2067,224.91,18212.6,-2483.68,2026/01/29 23:31:34
2068,225.02,18214.5,-2485.55,2026/01/29 23:31:34
2069,225.13,18210,-2485.38,2026/01/29 23:31:34
2070,225.24,18212.6,-2486.49,2026/01/29 23:31:34
2071,225.35,18212.8,-2483.42,2026/01/29 23:31:34
2072,225.46,18211.7,-2488.22,2026/01/29 23:31:34
2073,225.56,18216.3,-2483.61,2026/01/29 23:31:34
2074,225.67,18211.6,-2484.98,2026/01/29 23:31:35
2075,225.78,18217.6,-2485.85,2026/01/29 23:31:35
2076,225.89,18215.2,-2484.31,2026/01/29 23:31:35
2077,226,18216.2,-2486.51,2026/01/29 23:31:35
2078,226.11,18217.6,-2483.43,2026/01/29 23:31:35
2079,226.22,18216,-2486.11,2026/01/29 23:31:35
2080,226.32,18222,-2482.83,2026/01/29 23:31:35
2081,226.43,18217.5,-2484.13,2026/01/29 23:31:35
2082,226.54,18222,-2483.92,2026/01/29 23:31:35
2083,226.65,18218.5,-2483.76,2026/01/29 23:31:36
2084,226.76,18220.2,-2484.83,2026/01/29 23:31:36
2085,226.87,18221.8,-2482.3,2026/01/29 23:31:36
2086,226.98,18218.3,-2485.3,2026/01/29 23:31:36
2087,227.08,18222,-2483.53,2026/01/29 23:31:36
2088,227.19,18218.8,-2483.83,2026/01/29 23:31:36
2089,227.3,18219.4,-2484.6,2026/01/29 23:31:36
2090,227.41,18218.8,-2483.49,2026/01/29 23:31:36
2091,227.52,18216.7,-2486.43,2026/01/29 23:31:36
2092,227.63,18221.7,-2481.8,2026/01/29 23:31:37
2093,227.73,18216.5,-2485.69,2026/01/29 23:31:37
2094,227.84,18222.2,-2482.56,2026/01/29 23:31:37
2095,227.95,18217,-2483.32,2026/01/29 23:31:37
2096,228.06,18220.5,-2484.19,2026/01/29 23:31:37
2097,228.17,18217.3,-2484.6,2026/01/29 23:31:37
2098,228.28,18219.6,-2484.57,2026/01/29 23:31:37
2099,228.39,18222.3,-2481.96,2026/01/29 23:31:37
2100,228.5,18217.9,-2486.84,2026/01/29 23:31:37
2101,228.6,18222.5,-2481.46,2026/01/29 23:31:38
2102,228.71,18217.7,-2485.08,2026/01/29 23:31:38
2103,228.82,18222.7,-2483.85,2026/01/29 23:31:38
2104,228.93,18218.8,-2483.68,2026/01/29 23:31:38
2105,229.04,18223.5,-2483.92,2026/01/29 23:31:38
2106,229.15,18220.8,-2483.01,2026/01/29 23:31:38
2107,229.26,18222.2,-2484.8,2026/01/29 23:31:38
2108,229.37,18222.8,-2481.52,2026/01/29 23:31:38
2109,229.48,18220.3,-2486.42,2026/01/29 23:31:38
2110,229.59,18223.5,-2480.49,2026/01/29 23:31:39
2111,229.69,18220.1,-2484.79,2026/01/29 23:31:39
2112,229.8,18229.8,-2482.24,2026/01/29 23:31:39
2113,229.91,18230.4,-2481.92,2026/01/29 23:31:39
2114,230.02,18238.3,-2481.65,2026/01/29 23:31:39
2115,230.13,18242.2,-2478.97,2026/01/29 23:31:39
2116,230.24,18233.7,-2482.68,2026/01/29 23:31:39
2117,230.35,18222.1,-2483.9,2026/01/29 23:31:39
2118,230.46,18221.4,-2484.51,2026/01/29 23:31:39
2119,230.57,18216.6,-2484.5,2026/01/29 23:31:39
2120,230.67,18167,-2495.97,2026/01/29 23:31:40
2121,230.78,18174.7,-2491.59,2026/01/29 23:31:40
2122,230.89,18204.9,-2486.45,2026/01/29 23:31:40
2123,231,18224.2,-2480.16,2026/01/29 23:31:40
2124,231.11,18214.4,-2484.93,2026/01/29 23:31:40
2125,231.22,18168.1,-2492.75,2026/01/29 23:31:40
2126,231.33,18161.2,-2496.46,2026/01/29 23:31:40
2127,231.44,18204,-2484.19,2026/01/29 23:31:40
2128,231.55,18220.8,-2484.66,2026/01/29 23:31:40
2129,231.66,18215.4,-2482.99,2026/01/29 23:31:41
2130,231.76,18164.6,-2493.84,2026/01/29 23:31:41
2131,231.87,18126.9,-2505.05,2026/01/29 23:31:41
2132,231.98,18176.7,-2489.99,2026/01/29 23:31:41
2133,232.09,18215.6,-2483.68,2026/01/29 23:31:41
2134,232.2,18216.1,-2483.01,2026/01/29 23:31:41
2135,232.31,18165.5,-2492.92,2026/01/29 23:31:41
2136,232.42,18148.2,-2498,2026/01/29 23:31:41
2137,232.53,18201.9,-2482.18,2026/01/29 23:31:41
2138,232.64,18214.5,-2484.47,2026/01/29 23:31:42
2139,232.75,18219.3,-2481.68,2026/01/29 23:31:42
2140,232.85,18156.3,-2494.18,2026/01/29 23:31:42
2141,232.96,18137.7,-2500.03,2026/01/29 23:31:42
2142,233.07,18192.3,-2486.06,2026/01/29 23:31:42
2143,233.18,18215.5,-2482.96,2026/01/29 23:31:42
2144,233.29,18209.8,-2483.4,2026/01/29 23:31:42
2145,233.4,18170.7,-2492.77,2026/01/29 23:31:42
2146,233.51,18188,-2487.22,2026/01/29 23:31:42
2147,233.62,18210.2,-2483.77,2026/01/29 23:31:43
2148,233.73,18219.7,-2481.47,2026/01/29 23:31:43
2149,233.83,18184.7,-2490.93,2026/01/29 23:31:43
2150,233.94,18192.7,-2485.54,2026/01/29 23:31:43
2151,234.05,18210.4,-2484.49,2026/01/29 23:31:43
2152,234.16,18218,-2481.73,2026/01/29 23:31:43
2153,234.27,18216.6,-2483.37,2026/01/29 23:31:43
2154,234.38,18155.6,-2494.87,2026/01/29 23:31:43
2155,234.49,18176.1,-2489.54,2026/01/29 23:31:43
2156,234.6,18213.5,-2482.49,2026/01/29 23:31:44
2157,234.7,18217.5,-2483.21,2026/01/29 23:31:44
2158,234.81,18160.4,-2493.16,2026/01/29 23:31:44
2159,234.92,18148,-2497.67,2026/01/29 23:31:44
2160,235.03,18207.5,-2482.14,2026/01/29 23:31:44
2161,235.14,18219.1,-2482.95,2026/01/29 23:31:44
2162,235.25,18215,-2482.84,2026/01/29 23:31:44
2163,235.36,18143.3,-2499.22,2026/01/29 23:31:44
2164,235.47,18135.1,-2500.26,2026/01/29 23:31:44
2165,235.58,18196.1,-2485.41,2026/01/29 23:31:44
2166,235.69,18215.7,-2480.7,2026/01/29 23:31:45
2167,235.79,18181.1,-2491.03,2026/01/29 23:31:45
2168,235.9,18145.2,-2495.99,2026/01/29 23:31:45
2169,236.01,18197.5,-2485.54,2026/01/29 23:31:45
2170,236.12,18210.7,-2482.4,2026/01/29 23:31:45
2171,236.23,18214.4,-2482.34,2026/01/29 23:31:45
2172,236.34,18165.8,-2493.03,2026/01/29 23:31:45
2173,236.45,18149.8,-2494.28,2026/01/29 23:31:45
2174,236.56,18202.1,-2484.89,2026/01/29 23:31:45
2175,236.67,18224.7,-2480.48,2026/01/29 23:31:46
2176,236.78,18218,-2481.93,2026/01/29 23:31:46
2177,236.88,18167.9,-2491.58,2026/01/29 23:31:46
2178,236.99,18128.9,-2501.41,2026/01/29 23:31:46
2179,237.1,18189.4,-2485.43,2026/01/29 23:31:46
2180,237.21,18217.4,-2482.29,2026/01/29 23:31:46
2181,237.32,18217.5,-2481.04,2026/01/29 23:31:46
2182,237.43,18222.3,-2480.19,2026/01/29 23:31:46
2183,237.54,18177.1,-2491.45,2026/01/29 23:31:46
2184,237.64,18140.4,-2498.48,2026/01/29 23:31:47
2185,237.75,18182.2,-2487.18,2026/01/29 23:31:47
2186,237.86,18215.4,-2481.42,2026/01/29 23:31:47
2187,237.97,18217.1,-2480.34,2026/01/29 23:31:47
2188,238.08,18204.9,-2484.4,2026/01/29 23:31:47
2189,238.19,18139.1,-2497.94,2026/01/29 23:31:47
2190,238.3,18162.6,-2492.47,2026/01/29 23:31:47
2191,238.41,18218.8,-2480.74,2026/01/29 23:31:47
2192,238.52,18214.5,-2483.78,2026/01/29 23:31:47
2193,238.63,18176.3,-2487.53,2026/01/29 23:31:48
2194,238.74,18132.8,-2502,2026/01/29 23:31:48
2195,238.84,18178.9,-2486.77,2026/01/29 23:31:48
2196,238.95,18216.4,-2481.76,2026/01/29 23:31:48
2197,239.06,18211.8,-2485,2026/01/29 23:31:48
2198,239.17,18194,-2484.14,2026/01/29 23:31:48
2199,239.28,18164.3,-2492.89,2026/01/29 23:31:48
2200,239.39,18191.2,-2485.45,2026/01/29 23:31:48
2201,239.5,18209.6,-2482.39,2026/01/29 23:31:48
2202,239.61,18220.4,-2480.14,2026/01/29 23:31:49
2203,239.71,18205.7,-2484.32,2026/01/29 23:31:49
2204,239.82,18154.6,-2493.97,2026/01/29 23:31:49
2205,239.93,18180.7,-2488.64,2026/01/29 23:31:49
2206,240.04,18209.2,-2482.04,2026/01/29 23:31:49
2207,240.15,18216.5,-2482.55,2026/01/29 23:31:49
2208,240.26,18199.5,-2484.69,2026/01/29 23:31:49
2209,240.37,18156.8,-2493.8,2026/01/29 23:31:49
2210,240.48,18170.4,-2489.28,2026/01/29 23:31:49
2211,240.59,18211.7,-2481.9,2026/01/29 23:31:50
2212,240.7,18212.5,-2481.58,2026/01/29 23:31:50
2213,240.8,18206.6,-2482.93,2026/01/29 23:31:50
2214,240.91,18159.8,-2493.43,2026/01/29 23:31:50
2215,241.02,18180.4,-2488.28,2026/01/29 23:31:50
2216,241.13,18215.9,-2479.47,2026/01/29 23:31:50
2217,241.24,18212.2,-2484.68,2026/01/29 23:31:50
2218,241.35,18193.6,-2484.03,2026/01/29 23:31:50
2219,241.46,18154.2,-2495.39,2026/01/29 23:31:50
2220,241.56,18182.2,-2486.67,2026/01/29 23:31:50
2221,241.67,18209.6,-2481.44,2026/01/29 23:31:51
2222,241.78,18209.3,-2484.39,2026/01/29 23:31:51
2223,241.89,18213.1,-2481.07,2026/01/29 23:31:51
2224,242,18158.6,-2494.24,2026/01/29 23:31:51
2225,242.11,18164.5,-2491.79,2026/01/29 23:31:51
2226,242.22,18200.6,-2482.87,2026/01/29 23:31:51
2227,242.33,18218.8,-2479.89,2026/01/29 23:31:51
2228,242.44,18205.1,-2483.64,2026/01/29 23:31:51
2229,242.55,18151.1,-2495.05,2026/01/29 23:31:51
2230,242.65,18160.4,-2493.9,2026/01/29 23:31:52
2231,242.76,18200,-2482.03,2026/01/29 23:31:52
2232,242.87,18215.4,-2480.96,2026/01/29 23:31:52
2233,242.98,18210.2,-2483.54,2026/01/29 23:31:52
2234,243.09,18169.6,-2490.97,2026/01/29 23:31:52
2235,243.2,18153.9,-2494.56,2026/01/29 23:31:52
2236,243.31,18195.1,-2484.71,2026/01/29 23:31:52
2237,243.42,18215.5,-2479.76,2026/01/29 23:31:52
2238,243.52,18214.2,-2482.59,2026/01/29 23:31:52
2239,243.63,18157.5,-2492.74,2026/01/29 23:31:53
2240,243.74,18162.6,-2491.87,2026/01/29 23:31:53
2241,243.85,18217.6,-2479.9,2026/01/29 23:31:53
2242,243.96,18214,-2481.66,2026/01/29 23:31:53
2243,244.07,18209.6,-2478.91,2026/01/29 23:31:53
2244,244.18,18148.3,-2497.79,2026/01/29 23:31:53
2245,244.29,18160.6,-2490.91,2026/01/29 23:31:53
2246,244.4,18195.3,-2484.22,2026/01/29 23:31:53
2247,244.51,18213.6,-2481.67,2026/01/29 23:31:53
2248,244.62,18220.5,-2478.46,2026/01/29 23:31:54
2249,244.72,18212.3,-2483.15,2026/01/29 23:31:54
2250,244.83,18154.2,-2493.47,2026/01/29 23:31:54
2251,244.94,18156,-2493.39,2026/01/29 23:31:54
2252,245.05,18208.4,-2481.65,2026/01/29 23:31:54
2253,245.16,18213.4,-2481.84,2026/01/29 23:31:54
2254,245.27,18218.8,-2480.12,2026/01/29 23:31:54
2255,245.38,18165.3,-2492.96,2026/01/29 23:31:54
2256,245.49,18148.5,-2495.03,2026/01/29 23:31:54
2257,245.6,18187.8,-2486.37,2026/01/29 23:31:55
2258,245.7,18210.5,-2480.86,2026/01/29 23:31:55
2259,245.81,18219.5,-2480.73,2026/01/29 23:31:55
2260,245.92,18211.4,-2481.44,2026/01/29 23:31:55
2261,246.03,18149.9,-2494.07,2026/01/29 23:31:55
2262,246.14,18146,-2495.05,2026/01/29 23:31:55
2263,246.25,18185.9,-2485.88,2026/01/29 23:31:55
2264,246.36,18212.2,-2479.09,2026/01/29 23:31:55
2265,246.47,18212.7,-2481.95,2026/01/29 23:31:55
2266,246.58,18175.3,-2487.61,2026/01/29 23:31:55
2267,246.68,18120.4,-2502.34,2026/01/29 23:31:56
2268,246.79,18145.1,-2494.69,2026/01/29 23:31:56
2269,246.9,18194.4,-2484.89,2026/01/29 23:31:56
2270,247.01,18211.5,-2479.5,2026/01/29 23:31:56
2271,247.12,18206.9,-2483.13,2026/01/29 23:31:56
2272,247.23,18143.8,-2494.4,2026/01/29 23:31:56
2273,247.34,18141.6,-2497.21,2026/01/29 23:31:56
2274,247.45,18185.2,-2484.86,2026/01/29 23:31:56
2275,247.55,18211.9,-2478.69,2026/01/29 23:31:56
2276,247.66,18208.8,-2482.09,2026/01/29 23:31:57
2277,247.77,18150.3,-2495.38,2026/01/29 23:31:57
2278,247.88,18136.1,-2496.71,2026/01/29 23:31:57
2279,247.99,18190.9,-2485.43,2026/01/29 23:31:57
2280,248.1,18205.3,-2480.7,2026/01/29 23:31:57
2281,248.21,18194.7,-2483.72,2026/01/29 23:31:57
2282,248.32,18139.5,-2497.86,2026/01/29 23:31:57
2283,248.43,18163.4,-2489.54,2026/01/29 23:31:57
2284,248.54,18208,-2479.8,2026/01/29 23:31:57
2285,248.64,18207.4,-2483.63,2026/01/29 23:31:58
2286,248.75,18162.8,-2488.1,2026/01/29 23:31:58
2287,248.86,18131.4,-2500.04,2026/01/29 23:31:58
2288,248.97,18173.8,-2486.65,2026/01/29 23:31:58
2289,249.08,18207.3,-2480.67,2026/01/29 23:31:58
2290,249.19,18207.4,-2481.44,2026/01/29 23:31:58
2291,249.3,18144.5,-2493.56,2026/01/29 23:31:58
2292,249.41,18140.8,-2498.02,2026/01/29 23:31:58
2293,249.52,18201.5,-2479.83,2026/01/29 23:31:58
2294,249.62,18211.4,-2480.69,2026/01/29 23:31:59
2295,249.73,18192.7,-2484.71,2026/01/29 23:31:59
2296,249.84,18122.2,-2500.64,2026/01/29 23:31:59
2297,249.95,18156.7,-2491.62,2026/01/29 23:31:59
2298,250.06,18205.6,-2481.35,2026/01/29 23:31:59
2299,250.17,18211.1,-2478.75,2026/01/29 23:31:59
2300,250.28,18161.4,-2491.94,2026/01/29 23:31:59
2301,250.39,18126.3,-2499.75,2026/01/29 23:31:59
2302,250.5,18176.5,-2484.79,2026/01/29 23:31:59
2303,250.61,18207,-2481.63,2026/01/29 23:32:00
2304,250.71,18210.5,-2479.96,2026/01/29 23:32:00
2305,250.82,18152.7,-2492.73,2026/01/29 23:32:00
2306,250.93,18165.3,-2489.7,2026/01/29 23:32:00
2307,251.04,18204.3,-2479.06,2026/01/29 23:32:00
2308,251.15,18210.7,-2481.88,2026/01/29 23:32:00
2309,251.26,18190.5,-2481.55,2026/01/29 23:32:00
2310,251.37,18168.7,-2489.79,2026/01/29 23:32:00
2311,251.48,18203.6,-2479.76,2026/01/29 23:32:00
2312,251.59,18211.5,-2481.34,2026/01/29 23:32:01
2313,251.69,18218.7,-2477.76,2026/01/29 23:32:01
2314,251.8,18148.8,-2495.2,2026/01/29 23:32:01
2315,251.91,18161.2,-2488.96,2026/01/29 23:32:01
2316,252.02,18213.1,-2479.96,2026/01/29 23:32:01
2317,252.13,18212.4,-2479.96,2026/01/29 23:32:01
2318,252.24,18198.2,-2486.12,2026/01/29 23:32:01
2319,252.35,18148.4,-2497.83,2026/01/29 23:32:01
2320,252.46,18186.5,-2487.21,2026/01/29 23:32:01
2321,252.57,18220.9,-2480.57,2026/01/29 23:32:01
2322,252.67,18224.2,-2481.11,2026/01/29 23:32:02
2323,252.78,18163.9,-2491.95,2026/01/29 23:32:02
2324,252.89,18145.3,-2498.64,2026/01/29 23:32:02
2325,253,18195.2,-2484.98,2026/01/29 23:32:02
2326,253.11,18216.1,-2482.1,2026/01/29 23:32:02
2327,253.22,18219.8,-2480.9,2026/01/29 23:32:02
2328,253.33,18214.9,-2483.69,2026/01/29 23:32:02
2329,253.44,18221.1,-2479.08,2026/01/29 23:32:02
2330,253.54,18216.4,-2484.01,2026/01/29 23:32:02
2331,253.65,18218.8,-2480.79,2026/01/29 23:32:03
2332,253.76,18220.7,-2482.53,2026/01/29 23:32:03
2333,253.87,18216.1,-2481.37,2026/01/29 23:32:03
2334,253.98,18222.9,-2481.99,2026/01/29 23:32:03
2335,254.09,18217,-2483.32,2026/01/29 23:32:03
2336,254.2,18221.6,-2481.92,2026/01/29 23:32:03
2337,254.31,18217.9,-2481.33,2026/01/29 23:32:03
2338,254.42,18222.4,-2481.9,2026/01/29 23:32:03
2339,254.52,18219.4,-2481.16,2026/01/29 23:32:03
2340,254.63,18222.1,-2481.93,2026/01/29 23:32:04
2341,254.74,18220.2,-2481.22,2026/01/29 23:32:04
2342,254.85,18218.7,-2483.62,2026/01/29 23:32:04
2343,254.96,18224.4,-2479.83,2026/01/29 23:32:04
2344,255.07,18216.4,-2483.2,2026/01/29 23:32:04
2345,255.18,18224.8,-2479.2,2026/01/29 23:32:04
2346,255.29,18221.3,-2482.59,2026/01/29 23:32:04
2347,255.39,18226,-2479.16,2026/01/29 23:32:04
2348,255.5,18226.6,-2482.65,2026/01/29 23:32:04
2349,255.61,18234.4,-2477.83,2026/01/29 23:32:05
2350,255.72,18242.5,-2478.8,2026/01/29 23:32:05
2351,255.83,18237.7,-2478.35,2026/01/29 23:32:05
2352,255.94,18244.1,-2477.87,2026/01/29 23:32:05
2353,256.05,18241.3,-2479.26,2026/01/29 23:32:05
2354,256.16,18243.8,-2478.89,2026/01/29 23:32:05
2355,256.27,18241.5,-2477.78,2026/01/29 23:32:05
2356,256.37,18243.1,-2478.89,2026/01/29 23:32:05
2357,256.48,18244.4,-2477.07,2026/01/29 23:32:05
2358,256.59,18242.9,-2480.47,2026/01/29 23:32:06
2359,256.7,18245.7,-2476.69,2026/01/29 23:32:06
2360,256.81,18241.5,-2478.51,2026/01/29 23:32:06
2361,256.92,18249.5,-2476.96,2026/01/29 23:32:06
2362,257.03,18241.8,-2478.52,2026/01/29 23:32:06
2363,257.14,18248.6,-2476.74,2026/01/29 23:32:06
2364,257.25,18244.2,-2479.33,2026/01/29 23:32:06
2365,257.35,18246.2,-2476.44,2026/01/29 23:32:06
2366,257.47,18246.4,-2478.41,2026/01/29 23:32:06
2367,257.57,18244.9,-2476.13,2026/01/29 23:32:06
2368,257.68,18249.7,-2478.85,2026/01/29 23:32:07
2369,257.79,18243.7,-2477.77,2026/01/29 23:32:07
2370,257.9,18248.2,-2476,2026/01/29 23:32:07
2371,258.01,18245.4,-2479.59,2026/01/29 23:32:07
2372,258.12,18248.2,-2476.14,2026/01/29 23:32:07
2373,258.23,18247.8,-2477.81,2026/01/29 23:32:07
2374,258.33,18244.7,-2478.82,2026/01/29 23:32:07
2375,258.44,18250.6,-2475.5,2026/01/29 23:32:07
2376,258.55,18245.8,-2479.19,2026/01/29 23:32:07
2377,258.66,18250.3,-2476.03,2026/01/29 23:32:08
2378,258.77,18245.1,-2477.97,2026/01/29 23:32:08
2379,258.88,18251,-2478.35,2026/01/29 23:32:08
2380,258.99,18246.1,-2478.47,2026/01/29 23:32:08
2381,259.1,18251.1,-2477.37,2026/01/29 23:32:08
2382,259.21,18246.7,-2477.47,2026/01/29 23:32:08
2383,259.31,18248.5,-2477.05,2026/01/29 23:32:08
2384,259.42,18248.5,-2476.56,2026/01/29 23:32:08
2385,259.53,18246.3,-2477.99,2026/01/29 23:32:08
2386,259.64,18251.2,-2475.64,2026/01/29 23:32:09
2387,259.75,18244,-2479.15,2026/01/29 23:32:09
2388,259.86,18251.1,-2474.87,2026/01/29 23:32:09
2389,259.97,18246.2,-2479.02,2026/01/29 23:32:09
2390,260.08,18248.7,-2476.65,2026/01/29 23:32:09
2391,260.19,18248.7,-2478.28,2026/01/29 23:32:09
2392,260.29,18246.5,-2475.88,2026/01/29 23:32:09
2393,260.4,18251.4,-2478.35,2026/01/29 23:32:09
2394,260.51,18246,-2477.3,2026/01/29 23:32:09
2395,260.62,18250.7,-2476.01,2026/01/29 23:32:10
2396,260.73,18247,-2478.97,2026/01/29 23:32:10
2397,260.84,18250.2,-2475.46,2026/01/29 23:32:10
2398,260.95,18248.6,-2477.84,2026/01/29 23:32:10
2399,261.06,18247.6,-2476.97,2026/01/29 23:32:10
2400,261.16,18250.5,-2475.71,2026/01/29 23:32:10
2401,261.27,18245.1,-2478.61,2026/01/29 23:32:10
2402,261.38,18250.3,-2475.56,2026/01/29 23:32:10
2403,261.49,18245.4,-2478.55,2026/01/29 23:32:10
2404,261.6,18250.3,-2476.84,2026/01/29 23:32:11
2405,261.71,18246.1,-2476.94,2026/01/29 23:32:11
2406,261.82,18250.6,-2476.56,2026/01/29 23:32:11
2407,261.93,18247.3,-2476.48,2026/01/29 23:32:11
2408,262.04,18249.4,-2477.79,2026/01/29 23:32:11
2409,262.14,18249,-2474.98,2026/01/29 23:32:11
2410,262.25,18247.2,-2479.87,2026/01/29 23:32:11
2411,262.36,18250.6,-2474.82,2026/01/29 23:32:11
2412,262.47,18245.1,-2478.33,2026/01/29 23:32:11
2413,262.58,18252.3,-2475.2,2026/01/29 23:32:12
2414,262.69,18245.2,-2476.42,2026/01/29 23:32:12
2415,262.8,18251.9,-2476.44,2026/01/29 23:32:12
2416,262.91,18248.2,-2476.72,2026/01/29 23:32:12
2417,263.02,18250,-2477.55,2026/01/29 23:32:12
2418,263.12,18248.3,-2476.58,2026/01/29 23:32:12
2419,263.23,18248.6,-2477.9,2026/01/29 23:32:12
2420,263.34,18250.5,-2475.81,2026/01/29 23:32:12
2421,263.45,18247.6,-2477.74,2026/01/29 23:32:12
2422,263.56,18253.9,-2475.2,2026/01/29 23:32:12
2423,263.67,18246.5,-2477.62,2026/01/29 23:32:13
2424,263.78,18253,-2476.01,2026/01/29 23:32:13
2425,263.89,18247,-2477.53,2026/01/29 23:32:13
2426,264,18252.7,-2476.58,2026/01/29 23:32:13
2427,264.11,18248,-2477.5,2026/01/29 23:32:13
2428,264.22,18251.3,-2476.53,2026/01/29 23:32:13
2429,264.33,18248.9,-2477.69,2026/01/29 23:32:13
2430,264.44,18250.5,-2476.03,2026/01/29 23:32:13
2431,264.54,18251.2,-2476.23,2026/01/29 23:32:13
2432,264.65,18248.2,-2477.57,2026/01/29 23:32:14
2433,264.76,18253,-2475.2,2026/01/29 23:32:14
2434,264.87,18245.7,-2478.44,2026/01/29 23:32:14
2435,264.98,18254.4,-2474.92,2026/01/29 23:32:14
2436,265.09,18246,-2478.18,2026/01/29 23:32:14
2437,265.2,18252.1,-2476.45,2026/01/29 23:32:14
2438,265.31,18248.8,-2477.03,2026/01/29 23:32:14
2439,265.41,18249.4,-2476.65,2026/01/29 23:32:14
2440,265.52,18252.1,-2475.63,2026/01/29 23:32:14
2441,265.63,18247.5,-2478.2,2026/01/29 23:32:15
2442,265.74,18255.2,-2474.52,2026/01/29 23:32:15
2443,265.85,18247.1,-2478.05,2026/01/29 23:32:15
2444,265.96,18253.6,-2475.55,2026/01/29 23:32:15
2445,266.07,18249.7,-2477.19,2026/01/29 23:32:15
2446,266.18,18252,-2476.36,2026/01/29 23:32:15
2447,266.29,18250,-2476.09,2026/01/29 23:32:15
2448,266.39,18250.3,-2476.82,2026/01/29 23:32:15
2449,266.5,18252.4,-2475.01,2026/01/29 23:32:15
2450,266.61,18245.7,-2478.08,2026/01/29 23:32:16
2451,266.72,18254.5,-2475.29,2026/01/29 23:32:16
2452,266.83,18247.9,-2477.42,2026/01/29 23:32:16
2453,266.94,18253.9,-2476.38,2026/01/29 23:32:16
2454,267.05,18249.7,-2476.11,2026/01/29 23:32:16
2455,267.16,18253,-2475.93,2026/01/29 23:32:16
2456,267.26,18250.1,-2475.34,2026/01/29 23:32:16
2457,267.37,18250.1,-2477.39,2026/01/29 23:32:16
2458,267.48,18253.2,-2474.24,2026/01/29 23:32:16
2459,267.59,18247.8,-2477.69,2026/01/29 23:32:17
2460,267.7,18255.3,-2476.47,2026/01/29 23:32:17
2461,267.81,18249,-2476.55,2026/01/29 23:32:17
2462,267.92,18254.3,-2475.8,2026/01/29 23:32:17
2463,268.03,18251.3,-2475.78,2026/01/29 23:32:17
2464,268.14,18251,-2478.15,2026/01/29 23:32:17
2465,268.24,18253.8,-2473.07,2026/01/29 23:32:17
2466,268.35,18249,-2477.25,2026/01/29 23:32:17
2467,268.46,18254.3,-2475.47,2026/01/29 23:32:17
2468,268.57,18249.4,-2475.36,2026/01/29 23:32:17
2469,268.68,18253.7,-2476.34,2026/01/29 23:32:18
2470,268.79,18250.5,-2475.27,2026/01/29 23:32:18
2471,268.9,18252,-2476.55,2026/01/29 23:32:18
2472,269,18254.7,-2474.82,2026/01/29 23:32:18
2473,269.11,18249.3,-2476.99,2026/01/29 23:32:18
2474,269.22,18255.3,-2474.64,2026/01/29 23:32:18
2475,269.33,18250.5,-2475.87,2026/01/29 23:32:18
2476,269.44,18253.3,-2475.33,2026/01/29 23:32:18
2477,269.55,18250.5,-2477.46,2026/01/29 23:32:18
2478,269.66,18254.1,-2474.41,2026/01/29 23:32:19
2479,269.77,18251.1,-2476.89,2026/01/29 23:32:19
2480,269.88,18252.4,-2474.53,2026/01/29 23:32:19
2481,269.99,18252.7,-2476.95,2026/01/29 23:32:19
2482,270.1,18252.6,-2473.95,2026/01/29 23:32:19
2483,270.2,18254,-2476.44,2026/01/29 23:32:19
2484,270.31,18251.7,-2474.63,2026/01/29 23:32:19
2485,270.42,18255.2,-2476.94,2026/01/29 23:32:19
2486,270.53,18250.8,-2476.32,2026/01/29 23:32:19
2487,270.64,18257,-2474.42,2026/01/29 23:32:20
2488,270.75,18249,-2478.15,2026/01/29 23:32:20
2489,270.86,18257.6,-2473.54,2026/01/29 23:32:20
2490,270.97,18249.2,-2476.57,2026/01/29 23:32:20
2491,271.08,18257,-2475.22,2026/01/29 23:32:20
2492,271.19,18250.8,-2475.44,2026/01/29 23:32:20
2493,271.3,18255.4,-2475.98,2026/01/29 23:32:20
2494,271.4,18254,-2473.8,2026/01/29 23:32:20
2495,271.51,18251.4,-2477.78,2026/01/29 23:32:20
2496,271.62,18256,-2473.18,2026/01/29 23:32:21
2497,271.73,18250.4,-2476.83,2026/01/29 23:32:21
2498,271.84,18255.7,-2474.9,2026/01/29 23:32:21
2499,271.95,18252.7,-2475.66,2026/01/29 23:32:21
2500,272.06,18255.8,-2474.42,2026/01/29 23:32:21
2501,272.17,18254.7,-2475.98,2026/01/29 23:32:21
2502,272.28,18254.4,-2474.36,2026/01/29 23:32:21
2503,272.38,18256.1,-2475.77,2026/01/29 23:32:21
2504,272.49,18253.4,-2473.8,2026/01/29 23:32:21
2505,272.6,18257.5,-2476.67,2026/01/29 23:32:22
2506,272.71,18251.9,-2476.95,2026/01/29 23:32:22
2507,272.82,18259.2,-2472.84,2026/01/29 23:32:22
2508,272.93,18251.6,-2477.15,2026/01/29 23:32:22
2509,273.04,18259.1,-2474.23,2026/01/29 23:32:22
2510,273.15,18252.1,-2475.06,2026/01/29 23:32:22
2511,273.26,18257.2,-2474.77,2026/01/29 23:32:22
2512,273.36,18254.9,-2475.16,2026/01/29 23:32:22
2513,273.47,18255.3,-2476.72,2026/01/29 23:32:22
2514,273.58,18258.7,-2472.88,2026/01/29 23:32:23
2515,273.69,18253.5,-2476.33,2026/01/29 23:32:23
2516,273.8,18259.1,-2474.36,2026/01/29 23:32:23
2517,273.91,18253.2,-2475.84,2026/01/29 23:32:23
2518,274.02,18259,-2475.29,2026/01/29 23:32:23
2519,274.13,18254.2,-2476.74,2026/01/29 23:32:23
2520,274.24,18259.2,-2473,2026/01/29 23:32:23
2521,274.34,18255.9,-2476.66,2026/01/29 23:32:23
2522,274.45,18258,-2473.9,2026/01/29 23:32:23
2523,274.56,18255.2,-2475.65,2026/01/29 23:32:23
2524,274.67,18257.7,-2475.55,2026/01/29 23:32:24
2525,274.78,18258.8,-2472.44,2026/01/29 23:32:24
2526,274.89,18256,-2477.39,2026/01/29 23:32:24
2527,275,18260.9,-2473.44,2026/01/29 23:32:24
2528,275.11,18256.1,-2474.93,2026/01/29 23:32:24
2529,275.22,18259,-2473.44,2026/01/29 23:32:24
2530,275.33,18256.6,-2476.61,2026/01/29 23:32:24
2531,275.43,18260,-2472.97,2026/01/29 23:32:24
2532,275.54,18257.9,-2476.72,2026/01/29 23:32:24
2533,275.65,18259.5,-2473.39,2026/01/29 23:32:25
2534,275.76,18257.7,-2475.51,2026/01/29 23:32:25
2535,275.87,18259.6,-2474.83,2026/01/29 23:32:25
2536,275.98,18260.3,-2472.53,2026/01/29 23:32:25
2537,276.09,18258,-2476.47,2026/01/29 23:32:25
2538,276.2,18262.7,-2473.37,2026/01/29 23:32:25
2539,276.31,18258.1,-2475.76,2026/01/29 23:32:25
2540,276.42,18261,-2474.19,2026/01/29 23:32:25
2541,276.52,18258.2,-2476.52,2026/01/29 23:32:25
2542,276.63,18261.1,-2472.52,2026/01/29 23:32:26
2543,276.74,18259.5,-2476.33,2026/01/29 23:32:26
2544,276.85,18260.7,-2473.43,2026/01/29 23:32:26
2545,276.96,18259.7,-2475.01,2026/01/29 23:32:26
2546,277.07,18259.5,-2476.04,2026/01/29 23:32:26
2547,277.18,18262.1,-2472.7,2026/01/29 23:32:26
2548,277.29,18256.9,-2475.84,2026/01/29 23:32:26
2549,277.4,18262.4,-2473.59,2026/01/29 23:32:26
2550,277.5,18258.7,-2474.74,2026/01/29 23:32:26
2551,277.61,18260.4,-2474.04,2026/01/29 23:32:27
2552,277.72,18261.9,-2475.15,2026/01/29 23:32:27
2553,277.83,18259.1,-2473.71,2026/01/29 23:32:27
2554,277.94,18263.3,-2475.09,2026/01/29 23:32:27
2555,278.05,18257.6,-2475.08,2026/01/29 23:32:27
2556,278.16,18262,-2472.47,2026/01/29 23:32:27
2557,278.27,18249,-2476.64,2026/01/29 23:32:27
2558,278.37,18255.6,-2476.1,2026/01/29 23:32:27
2559,278.48,18249.7,-2475.88,2026/01/29 23:32:27
2560,278.59,18251.2,-2475.18,2026/01/29 23:32:28
2561,278.7,18244.1,-2477.51,2026/01/29 23:32:28
2562,278.81,18232.5,-2479.88,2026/01/29 23:32:28
2563,278.92,18168,-2496.16,2026/01/29 23:32:28
2564,279.03,18100.6,-2505.53,2026/01/29 23:32:28
2565,279.14,18099,-2507.46,2026/01/29 23:32:28
2566,279.24,18088.3,-2509.73,2026/01/29 23:32:28
2567,279.35,18101.9,-2505.48,2026/01/29 23:32:28
2568,279.46,18169.4,-2488.58,2026/01/29 23:32:28
2569,279.57,18223.6,-2479.17,2026/01/29 23:32:28
2570,279.68,18232.7,-2477,2026/01/29 23:32:29
2571,279.79,18234.1,-2479.11,2026/01/29 23:32:29
2572,279.9,18189.1,-2483.51,2026/01/29 23:32:29
2573,280.01,18102.5,-2504.59,2026/01/29 23:32:29
2574,280.11,18099,-2506.02,2026/01/29 23:32:29
2575,280.22,18098.9,-2506.26,2026/01/29 23:32:29
2576,280.33,18156.1,-2491.63,2026/01/29 23:32:29
2577,280.44,18209.6,-2483.03,2026/01/29 23:32:29
2578,280.55,18229.3,-2477.29,2026/01/29 23:32:29
2579,280.66,18223,-2479.75,2026/01/29 23:32:30
2580,280.77,18166.9,-2490.98,2026/01/29 23:32:30
2581,280.88,18104.2,-2502.82,2026/01/29 23:32:30
2582,280.99,18092.4,-2509.49,2026/01/29 23:32:30
2583,281.1,18092.9,-2505.51,2026/01/29 23:32:30
2584,281.2,18160.5,-2491.19,2026/01/29 23:32:30
2585,281.31,18217.2,-2478.81,2026/01/29 23:32:30
2586,281.42,18222.5,-2478.95,2026/01/29 23:32:30
2587,281.53,18188,-2483.68,2026/01/29 23:32:30
2588,281.64,18098.5,-2507.43,2026/01/29 23:32:31
2589,281.75,18090.4,-2507.79,2026/01/29 23:32:31
2590,281.86,18147.7,-2494.33,2026/01/29 23:32:31
2591,281.97,18206.3,-2480.25,2026/01/29 23:32:31
2592,282.08,18222.1,-2478.6,2026/01/29 23:32:31
2593,282.19,18225.2,-2479.5,2026/01/29 23:32:31
2594,282.29,18182.4,-2485,2026/01/29 23:32:31
2595,282.4,18100.3,-2505.23,2026/01/29 23:32:31
2596,282.51,18091,-2507.38,2026/01/29 23:32:31
2597,282.62,18084.3,-2510.75,2026/01/29 23:32:32
2598,282.73,18134.3,-2496.85,2026/01/29 23:32:32
2599,282.84,18204.1,-2482.73,2026/01/29 23:32:32
2600,282.95,18217.4,-2478.74,2026/01/29 23:32:32
2601,283.06,18193,-2486.38,2026/01/29 23:32:32
2602,283.17,18130.9,-2497.14,2026/01/29 23:32:32
2603,283.27,18088.7,-2508.87,2026/01/29 23:32:32
2604,283.38,18086.6,-2510.96,2026/01/29 23:32:32
2605,283.49,18090.8,-2507.52,2026/01/29 23:32:32
2606,283.6,18142.8,-2496.5,2026/01/29 23:32:33
2607,283.71,18209.1,-2480.61,2026/01/29 23:32:33
2608,283.82,18214.5,-2479.93,2026/01/29 23:32:33
2609,283.93,18219.1,-2479.53,2026/01/29 23:32:33
2610,284.04,18181.3,-2488.86,2026/01/29 23:32:33
2611,284.15,18100.5,-2503.8,2026/01/29 23:32:33
2612,284.26,18087.9,-2509.85,2026/01/29 23:32:33
2613,284.36,18102.1,-2505.18,2026/01/29 23:32:33
2614,284.47,18191,-2485.27,2026/01/29 23:32:33
2615,284.58,18209,-2481.15,2026/01/29 23:32:34
2616,284.69,18213.5,-2479.57,2026/01/29 23:32:34
2617,284.8,18209.1,-2482.26,2026/01/29 23:32:34
2618,284.91,18154.8,-2494.25,2026/01/29 23:32:34
2619,285.02,18092.1,-2506.47,2026/01/29 23:32:34
2620,285.13,18087.1,-2509.09,2026/01/29 23:32:34
2621,285.24,18110.9,-2503.5,2026/01/29 23:32:34
2622,285.34,18194.4,-2483.3,2026/01/29 23:32:34
2623,285.45,18215.2,-2480.9,2026/01/29 23:32:34
2624,285.56,18210.9,-2480.48,2026/01/29 23:32:34
2625,285.67,18186.6,-2487.87,2026/01/29 23:32:35
2626,285.78,18107.1,-2502.23,2026/01/29 23:32:35
2627,285.89,18093.9,-2506.68,2026/01/29 23:32:35
2628,286,18089.9,-2509.41,2026/01/29 23:32:35
2629,286.11,18158.8,-2491.92,2026/01/29 23:32:35
2630,286.22,18198.9,-2482.12,2026/01/29 23:32:35
2631,286.33,18209.9,-2482.23,2026/01/29 23:32:35
2632,286.43,18206.8,-2480.99,2026/01/29 23:32:35
2633,286.54,18137.4,-2498.22,2026/01/29 23:32:35
2634,286.65,18096.4,-2505.28,2026/01/29 23:32:36
2635,286.76,18121.5,-2501.63,2026/01/29 23:32:36
2636,286.87,18203.3,-2481.12,2026/01/29 23:32:36
2637,286.98,18204.5,-2481.84,2026/01/29 23:32:36
2638,287.09,18212.2,-2479.39,2026/01/29 23:32:36
2639,287.2,18204.9,-2484.35,2026/01/29 23:32:36
2640,287.31,18151,-2494.75,2026/01/29 23:32:36
2641,287.41,18133.3,-2500.52,2026/01/29 23:32:36
2642,287.52,18113.9,-2502.67,2026/01/29 23:32:36
2643,287.63,18109.1,-2504.5,2026/01/29 23:32:37
2644,287.74,18189.3,-2486.19,2026/01/29 23:32:37
2645,287.85,18211.2,-2478.75,2026/01/29 23:32:37
2646,287.96,18203.1,-2483.72,2026/01/29 23:32:37
2647,288.07,18136.1,-2497.67,2026/01/29 23:32:37
2648,288.18,18110.2,-2503.9,2026/01/29 23:32:37
2649,288.29,18132.1,-2497.72,2026/01/29 23:32:37
2650,288.39,18182.8,-2487.91,2026/01/29 23:32:37
2651,288.5,18214.4,-2480.05,2026/01/29 23:32:37
2652,288.61,18217.4,-2482.18,2026/01/29 23:32:38
2653,288.72,18175,-2488.2,2026/01/29 23:32:38
2654,288.83,18109,-2505.39,2026/01/29 23:32:38
2655,288.94,18095.3,-2508.98,2026/01/29 23:32:38
2656,289.05,18174.8,-2487.85,2026/01/29 23:32:38
2657,289.16,18202.3,-2483.97,2026/01/29 23:32:38
2658,289.27,18210.7,-2482.73,2026/01/29 23:32:38
2659,289.37,18193,-2486.05,2026/01/29 23:32:38
2660,289.48,18123.4,-2500.94,2026/01/29 23:32:38
2661,289.59,18093.6,-2508.63,2026/01/29 23:32:39
2662,289.7,18095.4,-2509.09,2026/01/29 23:32:39
2663,289.81,18183.9,-2487.58,2026/01/29 23:32:39
2664,289.92,18203,-2481.89,2026/01/29 23:32:39
2665,290.03,18210.2,-2482.87,2026/01/29 23:32:39
2666,290.14,18174.7,-2491.03,2026/01/29 23:32:39
2667,290.25,18116.4,-2501.91,2026/01/29 23:32:39
2668,290.35,18090.1,-2510.1,2026/01/29 23:32:39
2669,290.46,18091.7,-2510.7,2026/01/29 23:32:39
2670,290.57,18148.8,-2496.71,2026/01/29 23:32:39
2671,290.68,18235.1,-2478.39,2026/01/29 23:32:40
2672,290.79,18250,-2477.49,2026/01/29 23:32:40
2673,290.9,18252.2,-2478.21,2026/01/29 23:32:40
2674,291.01,18257,-2474.75,2026/01/29 23:32:40
2675,291.12,18172.6,-2490.63,2026/01/29 23:32:40
2676,291.23,18111.6,-2504.72,2026/01/29 23:32:40
2677,291.34,18093.8,-2509.83,2026/01/29 23:32:40
2678,291.44,18094.6,-2508.68,2026/01/29 23:32:40
2679,291.55,18086.7,-2513.4,2026/01/29 23:32:40
2680,291.66,18089.9,-2510.28,2026/01/29 23:32:41
2681,291.77,18161.2,-2494.3,2026/01/29 23:32:41
2682,291.88,18209.3,-2482.89,2026/01/29 23:32:41
2683,291.99,18208.7,-2483.29,2026/01/29 23:32:41
2684,292.1,18176.1,-2491.75,2026/01/29 23:32:41
2685,292.21,18103.8,-2505.48,2026/01/29 23:32:41
2686,292.32,18089.5,-2512.58,2026/01/29 23:32:41
2687,292.43,18092.8,-2510.94,2026/01/29 23:32:41
2688,292.53,18158.6,-2495.82,2026/01/29 23:32:41
2689,292.64,18212.2,-2480.42,2026/01/29 23:32:42
2690,292.75,18231.1,-2481.78,2026/01/29 23:32:42
2691,292.86,18240.7,-2477.76,2026/01/29 23:32:42
2692,292.97,18241.7,-2480.32,2026/01/29 23:32:42
2693,293.08,18227.3,-2479.58,2026/01/29 23:32:42
2694,293.19,18138.1,-2500.56,2026/01/29 23:32:42
2695,293.3,18110.7,-2507.24,2026/01/29 23:32:42
2696,293.41,18116.1,-2503.92,2026/01/29 23:32:42
2697,293.51,18183.5,-2490.01,2026/01/29 23:32:42
2698,293.62,18244,-2477.68,2026/01/29 23:32:43
2699,293.73,18254.3,-2476.71,2026/01/29 23:32:43
2700,293.84,18259.3,-2477.58,2026/01/29 23:32:43
2701,293.95,18215.9,-2483.22,2026/01/29 23:32:43
2702,294.06,18123.6,-2502.58,2026/01/29 23:32:43
2703,294.17,18103.1,-2509.04,2026/01/29 23:32:43
2704,294.28,18094.5,-2510.54,2026/01/29 23:32:43
2705,294.39,18135.1,-2503.62,2026/01/29 23:32:43
2706,294.5,18227.9,-2478.79,2026/01/29 23:32:43
2707,294.6,18257.6,-2477.35,2026/01/29 23:32:44
2708,294.71,18256.3,-2478.72,2026/01/29 23:32:44
2709,294.82,18262.8,-2475.09,2026/01/29 23:32:44
2710,294.93,18146.3,-2498.12,2026/01/29 23:32:44
2711,295.04,18113.5,-2506.6,2026/01/29 23:32:44
2712,295.15,18158.3,-2495.23,2026/01/29 23:32:44
2713,295.26,18243.1,-2479.3,2026/01/29 23:32:44
2714,295.37,18263.7,-2476.14,2026/01/29 23:32:44
2715,295.48,18266.7,-2477.13,2026/01/29 23:32:44
2716,295.58,18274.3,-2474.74,2026/01/29 23:32:45
2717,295.69,18260.7,-2475.07,2026/01/29 23:32:45
2718,295.8,18158.2,-2496.46,2026/01/29 23:32:45
2719,295.91,18106.8,-2508.35,2026/01/29 23:32:45
2720,296.02,18107.6,-2506.46,2026/01/29 23:32:45
2721,296.13,18169.9,-2495.6,2026/01/29 23:32:45
2722,296.24,18260.2,-2476.22,2026/01/29 23:32:45
2723,296.35,18263.9,-2477.19,2026/01/29 23:32:45
2724,296.46,18267.9,-2476.78,2026/01/29 23:32:45
2725,296.57,18205.3,-2484.28,2026/01/29 23:32:45
2726,296.67,18121.8,-2505.42,2026/01/29 23:32:46
2727,296.78,18114.7,-2503.55,2026/01/29 23:32:46
2728,296.89,18125.5,-2505.47,2026/01/29 23:32:46
2729,297,18242.8,-2477.17,2026/01/29 23:32:46
2730,297.11,18266.9,-2476.83,2026/01/29 23:32:46
2731,297.22,18272.2,-2474.6,2026/01/29 23:32:46
2732,297.33,18270.1,-2477.31,2026/01/29 23:32:46
2733,297.44,18162.1,-2493.33,2026/01/29 23:32:46
2734,297.55,18108.9,-2510.61,2026/01/29 23:32:46
2735,297.66,18112.2,-2508.5,2026/01/29 23:32:47
2736,297.76,18218.1,-2483.54,2026/01/29 23:32:47
2737,297.87,18263.4,-2477.91,2026/01/29 23:32:47
2738,297.98,18279.7,-2475.08,2026/01/29 23:32:47
2739,298.09,18275.5,-2478.03,2026/01/29 23:32:47
2740,298.2,18279.9,-2474.43,2026/01/29 23:32:47
2741,298.31,18182.8,-2490.67,2026/01/29 23:32:47
2742,298.42,18145.6,-2501.18,2026/01/29 23:32:47
2743,298.53,18115.8,-2506.9,2026/01/29 23:32:47
2744,298.64,18119.8,-2506.69,2026/01/29 23:32:48
2745,298.74,18181.4,-2492.41,2026/01/29 23:32:48
2746,298.85,18248.9,-2478.31,2026/01/29 23:32:48
2747,298.96,18271.6,-2478.1,2026/01/29 23:32:48
2748,299.07,18274,-2475.85,2026/01/29 23:32:48
2749,299.18,18277.7,-2474.66,2026/01/29 23:32:48
2750,299.29,18249.5,-2479.49,2026/01/29 23:32:48
2751,299.4,18159,-2496.56,2026/01/29 23:32:48
2752,299.51,18109.4,-2509.59,2026/01/29 23:32:48
2753,299.62,18155,-2499.04,2026/01/29 23:32:49
2754,299.72,18243.9,-2479.11,2026/01/29 23:32:49
2755,299.83,18272.6,-2477.7,2026/01/29 23:32:49
2756,299.94,18280.1,-2474.21,2026/01/29 23:32:49
2757,300.05,18278.7,-2478.04,2026/01/29 23:32:49
2758,300.16,18283.3,-2474.6,2026/01/29 23:32:49
2759,300.27,18277.6,-2477.48,2026/01/29 23:32:49
2760,300.38,18247.7,-2479.85,2026/01/29 23:32:49
2761,300.49,18175.4,-2496.14,2026/01/29 23:32:49
2762,300.6,18124.6,-2503.73,2026/01/29 23:32:50
2763,300.71,18108.9,-2510.32,2026/01/29 23:32:50
2764,300.81,18178.1,-2492.03,2026/01/29 23:32:50
2765,300.92,18234.9,-2481.17,2026/01/29 23:32:50
2766,301.03,18257.5,-2478.17,2026/01/29 23:32:50
2767,301.14,18260.6,-2478.23,2026/01/29 23:32:50
2768,301.25,18256.9,-2480.19,2026/01/29 23:32:50
2769,301.36,18205.4,-2486.56,2026/01/29 23:32:50
2770,301.47,18149.6,-2501.04,2026/01/29 23:32:50
2771,301.58,18115.1,-2507.62,2026/01/29 23:32:50
2772,301.69,18102.9,-2510.6,2026/01/29 23:32:51
2773,301.8,18146.3,-2501.8,2026/01/29 23:32:51
2774,301.91,18225.9,-2482.54,2026/01/29 23:32:51
2775,302.01,18251.7,-2478.84,2026/01/29 23:32:51
2776,302.12,18260.9,-2478.8,2026/01/29 23:32:51
2777,302.23,18253.8,-2477.9,2026/01/29 23:32:51
2778,302.34,18202.9,-2489.8,2026/01/29 23:32:51
2779,302.45,18129.7,-2504.94,2026/01/29 23:32:51
2780,302.56,18113.5,-2508.71,2026/01/29 23:32:51
2781,302.67,18106.6,-2512.48,2026/01/29 23:32:52
2782,302.78,18202,-2488.51,2026/01/29 23:32:52
2783,302.89,18243.4,-2480.33,2026/01/29 23:32:52
2784,302.99,18262.5,-2478.34,2026/01/29 23:32:52
2785,303.1,18263.8,-2478,2026/01/29 23:32:52
2786,303.21,18259.4,-2480.82,2026/01/29 23:32:52
2787,303.32,18202.7,-2487.86,2026/01/29 23:32:52
2788,303.43,18130.2,-2503.75,2026/01/29 23:32:52
2789,303.54,18113.1,-2509.16,2026/01/29 23:32:52
2790,303.65,18103.3,-2512.43,2026/01/29 23:32:53
2791,303.76,18141.7,-2501.8,2026/01/29 23:32:53
2792,303.87,18219.5,-2486.19,2026/01/29 23:32:53
2793,303.97,18260.4,-2476.35,2026/01/29 23:32:53
2794,304.08,18261,-2478.76,2026/01/29 23:32:53
2795,304.19,18255.5,-2478.17,2026/01/29 23:32:53
2796,304.3,18173.4,-2494.79,2026/01/29 23:32:53
2797,304.41,18123.2,-2507.2,2026/01/29 23:32:53
2798,304.52,18109.8,-2508.89,2026/01/29 23:32:53
2799,304.63,18104.2,-2513.58,2026/01/29 23:32:54
2800,304.74,18177.7,-2493.77,2026/01/29 23:32:54
2801,304.85,18239.6,-2480.99,2026/01/29 23:32:54
2802,304.95,18266.4,-2477.88,2026/01/29 23:32:54
2803,305.06,18266.8,-2478.72,2026/01/29 23:32:54
2804,305.17,18256.4,-2478.31,2026/01/29 23:32:54
2805,305.28,18177.1,-2496.63,2026/01/29 23:32:54
2806,305.39,18122.5,-2505.48,2026/01/29 23:32:54
2807,305.5,18110.3,-2512.38,2026/01/29 23:32:54
2808,305.61,18108,-2511.44,2026/01/29 23:32:55
2809,305.72,18170.6,-2497.02,2026/01/29 23:32:55
2810,305.83,18232.8,-2483.35,2026/01/29 23:32:55
2811,305.93,18253.8,-2478.57,2026/01/29 23:32:55
2812,306.04,18241.5,-2480.64,2026/01/29 23:32:55
2813,306.15,18183.4,-2495.02,2026/01/29 23:32:55
2814,306.26,18133.1,-2503.69,2026/01/29 23:32:55
2815,306.37,18109.4,-2510.99,2026/01/29 23:32:55
2816,306.48,18110,-2510.4,2026/01/29 23:32:55
2817,306.59,18104.7,-2514.16,2026/01/29 23:32:56
2818,306.7,18157.8,-2501.3,2026/01/29 23:32:56
2819,306.81,18229.9,-2483.25,2026/01/29 23:32:56
2820,306.91,18251.6,-2479.52,2026/01/29 23:32:56
2821,307.02,18247.3,-2482.74,2026/01/29 23:32:56
2822,307.13,18238.7,-2479.96,2026/01/29 23:32:56
2823,307.24,18171.9,-2496.97,2026/01/29 23:32:56
2824,307.35,18129.4,-2505.61,2026/01/29 23:32:56
2825,307.46,18109.8,-2510.87,2026/01/29 23:32:56
2826,307.57,18107.5,-2512.69,2026/01/29 23:32:56
2827,307.68,18135.4,-2503.61,2026/01/29 23:32:57
2828,307.79,18224.8,-2483.58,2026/01/29 23:32:57
2829,307.89,18259.6,-2478.12,2026/01/29 23:32:57
2830,308,18255.9,-2479.63,2026/01/29 23:32:57
2831,308.11,18224.2,-2485.44,2026/01/29 23:32:57
2832,308.22,18146.3,-2501.59,2026/01/29 23:32:57
2833,308.33,18117,-2507.63,2026/01/29 23:32:57
2834,308.44,18117.4,-2510.69,2026/01/29 23:32:57
2835,308.55,18200,-2488.51,2026/01/29 23:32:57
2836,308.66,18255.1,-2479.65,2026/01/29 23:32:58
2837,308.77,18262.7,-2477.04,2026/01/29 23:32:58
2838,308.88,18266.2,-2478.79,2026/01/29 23:32:58
2839,308.99,18237.9,-2481.78,2026/01/29 23:32:58
2840,309.09,18165.8,-2496.63,2026/01/29 23:32:58
2841,309.2,18111.9,-2510.69,2026/01/29 23:32:58
2842,309.31,18112.9,-2511.47,2026/01/29 23:32:58
2843,309.42,18151.4,-2501.19,2026/01/29 23:32:58
2844,309.53,18241,-2481.39,2026/01/29 23:32:58
2845,309.64,18267.5,-2477.35,2026/01/29 23:32:59
2846,309.75,18275.2,-2478.86,2026/01/29 23:32:59
2847,309.86,18272.8,-2476.29,2026/01/29 23:32:59
2848,309.97,18201.5,-2492.24,2026/01/29 23:32:59
2849,310.07,18142.2,-2502.73,2026/01/29 23:32:59
2850,310.18,18112.2,-2510.46,2026/01/29 23:32:59
2851,310.29,18113,-2509.92,2026/01/29 23:32:59
2852,310.4,18192.1,-2493.48,2026/01/29 23:32:59
2853,310.51,18259.3,-2477.5,2026/01/29 23:32:59
2854,310.62,18268.5,-2478.94,2026/01/29 23:33:00
2855,310.73,18265.6,-2477.88,2026/01/29 23:33:00
2856,310.84,18182.7,-2495.52,2026/01/29 23:33:00
2857,310.95,18130.7,-2505.26,2026/01/29 23:33:00
2858,311.06,18112.7,-2511.44,2026/01/29 23:33:00
2859,311.17,18114.9,-2511.27,2026/01/29 23:33:00
2860,311.27,18210.7,-2486.6,2026/01/29 23:33:00
2861,311.38,18256,-2480.15,2026/01/29 23:33:00
2862,311.49,18271.2,-2476.82,2026/01/29 23:33:00
2863,311.6,18249.2,-2480.14,2026/01/29 23:33:01
2864,311.71,18183.6,-2495.13,2026/01/29 23:33:01
2865,311.82,18132.4,-2505.78,2026/01/29 23:33:01
2866,311.93,18113.2,-2511.43,2026/01/29 23:33:01
2867,312.04,18110.2,-2511.42,2026/01/29 23:33:01
2868,312.15,18163.4,-2500.06,2026/01/29 23:33:01
2869,312.26,18244.3,-2480.7,2026/01/29 23:33:01
2870,312.36,18259.6,-2478.27,2026/01/29 23:33:01
2871,312.47,18253.2,-2479.75,2026/01/29 23:33:01
2872,312.58,18191.5,-2493.14,2026/01/29 23:33:02
2873,312.69,18148.2,-2501.52,2026/01/29 23:33:02
2874,312.8,18111.6,-2513.11,2026/01/29 23:33:02
2875,312.91,18113.1,-2511.25,2026/01/29 23:33:02
2876,313.02,18188.2,-2494.26,2026/01/29 23:33:02
2877,313.13,18254.6,-2478.42,2026/01/29 23:33:02
2878,313.24,18262.9,-2479.05,2026/01/29 23:33:02
2879,313.34,18248.8,-2480.84,2026/01/29 23:33:02
2880,313.45,18180.2,-2494.18,2026/01/29 23:33:02
2881,313.56,18129.4,-2507.88,2026/01/29 23:33:02
2882,313.67,18116.3,-2509.78,2026/01/29 23:33:03
2883,313.78,18107.2,-2513.57,2026/01/29 23:33:03
2884,313.89,18179.4,-2496.98,2026/01/29 23:33:03
2885,314,18247.4,-2480.71,2026/01/29 23:33:03
2886,314.11,18264.9,-2479.42,2026/01/29 23:33:03
2887,314.22,18220.9,-2485.96,2026/01/29 23:33:03
2888,314.33,18154.3,-2501.77,2026/01/29 23:33:03
2889,314.43,18118.8,-2508.48,2026/01/29 23:33:03
2890,314.54,18106.7,-2513.61,2026/01/29 23:33:03
2891,314.65,18122,-2510.37,2026/01/29 23:33:04
2892,314.76,18214.1,-2487.89,2026/01/29 23:33:04
2893,314.87,18268.9,-2478.72,2026/01/29 23:33:04
2894,314.98,18280.8,-2478.79,2026/01/29 23:33:04
2895,315.09,18288.1,-2475.17,2026/01/29 23:33:04
2896,315.2,18282.4,-2479.19,2026/01/29 23:33:04
2897,315.31,18233.2,-2482.93,2026/01/29 23:33:04
2898,315.42,18152.4,-2503.17,2026/01/29 23:33:04
2899,315.53,18119.4,-2509.24,2026/01/29 23:33:04
2900,315.63,18113.4,-2512.69,2026/01/29 23:33:05
2901,315.74,18116.9,-2510.62,2026/01/29 23:33:05
2902,315.85,18219.6,-2485.86,2026/01/29 23:33:05
2903,315.96,18262.7,-2479.58,2026/01/29 23:33:05
2904,316.07,18277.6,-2476.05,2026/01/29 23:33:05
2905,316.18,18267.6,-2479.53,2026/01/29 23:33:05
2906,316.29,18208.9,-2490.55,2026/01/29 23:33:05
2907,316.4,18131.8,-2505.97,2026/01/29 23:33:05
2908,316.51,18120.8,-2510.05,2026/01/29 23:33:05
2909,316.62,18120.5,-2509.77,2026/01/29 23:33:06
2910,316.73,18196.3,-2492.47,2026/01/29 23:33:06
2911,316.83,18267.1,-2476.87,2026/01/29 23:33:06
2912,316.94,18282.6,-2479.76,2026/01/29 23:33:06
2913,317.05,18286.7,-2475.47,2026/01/29 23:33:06
2914,317.16,18257.2,-2480.42,2026/01/29 23:33:06
2915,317.27,18161.6,-2499.71,2026/01/29 23:33:06
2916,317.38,18126.5,-2507.94,2026/01/29 23:33:06
2917,317.49,18133.5,-2506.65,2026/01/29 23:33:06
2918,317.6,18195.2,-2492.83,2026/01/29 23:33:07
2919,317.71,18266.9,-2478.28,2026/01/29 23:33:07
2920,317.82,18282,-2477.2,2026/01/29 23:33:07
2921,317.92,18270.4,-2477.79,2026/01/29 23:33:07
2922,318.03,18179.7,-2496.48,2026/01/29 23:33:07
2923,318.14,18129.6,-2505.34,2026/01/29 23:33:07
2924,318.25,18169.3,-2498.77,2026/01/29 23:33:07
2925,318.36,18249.5,-2480.44,2026/01/29 23:33:07
2926,318.47,18284,-2475.31,2026/01/29 23:33:07
2927,318.58,18283.8,-2479.37,2026/01/29 23:33:07
2928,318.69,18281.7,-2474.53,2026/01/29 23:33:08
2929,318.8,18166.9,-2499.91,2026/01/29 23:33:08
2930,318.9,18124,-2507.28,2026/01/29 23:33:08
2931,319.01,18114.9,-2511.13,2026/01/29 23:33:08
2932,319.12,18125.3,-2508.58,2026/01/29 23:33:08
2933,319.23,18236.7,-2483.38,2026/01/29 23:33:08
2934,319.34,18280.5,-2478.36,2026/01/29 23:33:08
2935,319.45,18296.7,-2474.22,2026/01/29 23:33:08
2936,319.56,18291.1,-2477.31,2026/01/29 23:33:08
2937,319.67,18297.4,-2475.77,2026/01/29 23:33:09
2938,319.77,18296.5,-2475.53,2026/01/29 23:33:09
2939,319.88,18300.8,-2474.86,2026/01/29 23:33:09
2940,319.99,18299.6,-2475.52,2026/01/29 23:33:09
2941,320.1,18299.5,-2476.98,2026/01/29 23:33:09
2942,320.21,18303.6,-2472.87,2026/01/29 23:33:09
2943,320.32,18299.3,-2475.97,2026/01/29 23:33:09
2944,320.43,18307,-2472.64,2026/01/29 23:33:09
2945,320.54,18301.1,-2473.82,2026/01/29 23:33:09
2946,320.65,18307.6,-2474.21,2026/01/29 23:33:10
2947,320.76,18302,-2474.56,2026/01/29 23:33:10
2948,320.87,18306.3,-2474.75,2026/01/29 23:33:10
2949,320.97,18304.8,-2474.22,2026/01/29 23:33:10
2950,321.08,18306,-2476.87,2026/01/29 23:33:10
2951,321.19,18308.3,-2472.23,2026/01/29 23:33:10
2952,321.3,18302.6,-2475.9,2026/01/29 23:33:10
2953,321.41,18310,-2473.39,2026/01/29 23:33:10
2954,321.52,18305.2,-2473.73,2026/01/29 23:33:10
2955,321.63,18309.8,-2474.35,2026/01/29 23:33:11
2956,321.74,18306,-2474.76,2026/01/29 23:33:11
2957,321.84,18308.9,-2474.85,2026/01/29 23:33:11
2958,321.95,18310.1,-2472.43,2026/01/29 23:33:11
2959,322.06,18306.5,-2476.85,2026/01/29 23:33:11
2960,322.17,18311.6,-2472.41,2026/01/29 23:33:11
2961,322.28,18306.7,-2475.35,2026/01/29 23:33:11
2962,322.39,18310.9,-2473.14,2026/01/29 23:33:11
2963,322.5,18307.6,-2474.82,2026/01/29 23:33:11
2964,322.61,18311.9,-2473.52,2026/01/29 23:33:12
2965,322.71,18310.6,-2473.65,2026/01/29 23:33:12
2966,322.82,18310.3,-2474.58,2026/01/29 23:33:12
2967,322.93,18314.1,-2471.71,2026/01/29 23:33:12
2968,323.04,18308.5,-2475.27,2026/01/29 23:33:12
2969,323.15,18313.9,-2472.65,2026/01/29 23:33:12
2970,323.26,18310.3,-2473.85,2026/01/29 23:33:12
2971,323.37,18313.6,-2474.46,2026/01/29 23:33:12
2972,323.48,18310.1,-2473.97,2026/01/29 23:33:12
2973,323.58,18311.2,-2474.16,2026/01/29 23:33:13
2974,323.69,18312.6,-2473.4,2026/01/29 23:33:13
2975,323.8,18309,-2476.22,2026/01/29 23:33:13
2976,323.91,18315.5,-2472.76,2026/01/29 23:33:13
2977,324.02,18310.5,-2474.15,2026/01/29 23:33:13
2978,324.13,18314.8,-2474.01,2026/01/29 23:33:13
2979,324.24,18311.2,-2473.46,2026/01/29 23:33:13
2980,324.35,18314.3,-2473.37,2026/01/29 23:33:13
2981,324.46,18313.7,-2473.19,2026/01/29 23:33:13
2982,324.56,18313.3,-2474.54,2026/01/29 23:33:13
2983,324.67,18315.3,-2472.11,2026/01/29 23:33:14
2984,324.78,18311.1,-2476.8,2026/01/29 23:33:14
2985,324.89,18316.3,-2470.97,2026/01/29 23:33:14
2986,325,18311.1,-2475.32,2026/01/29 23:33:14
2987,325.11,18317.3,-2472.42,2026/01/29 23:33:14
2988,325.22,18312.7,-2473.32,2026/01/29 23:33:14
2989,325.33,18317.4,-2474.16,2026/01/29 23:33:14
2990,325.43,18314.9,-2473.24,2026/01/29 23:33:14
2991,325.54,18316.3,-2473.55,2026/01/29 23:33:14
2992,325.65,18316.3,-2472.69,2026/01/29 23:33:15
2993,325.76,18314.8,-2475.5,2026/01/29 23:33:15
2994,325.87,18319.8,-2472.34,2026/01/29 23:33:15
2995,325.98,18313.4,-2474.53,2026/01/29 23:33:15
2996,326.09,18321.1,-2473.12,2026/01/29 23:33:15
2997,326.2,18314.3,-2473.57,2026/01/29 23:33:15
2998,326.31,18320.6,-2473.12,2026/01/29 23:33:15
2999,326.42,18315.6,-2472.8,2026/01/29 23:33:15
3000,326.52,18318.1,-2473.34,2026/01/29 23:33:15
3001,326.63,18319.7,-2472.2,2026/01/29 23:33:16
3002,326.74,18314.9,-2474.57,2026/01/29 23:33:16
3003,326.85,18322.2,-2471.43,2026/01/29 23:33:16
3004,326.96,18315.5,-2473.44,2026/01/29 23:33:16
3005,327.07,18321.4,-2472.04,2026/01/29 23:33:16
3006,327.18,18317.7,-2473.67,2026/01/29 23:33:16
3007,327.28,18320.4,-2471.78,2026/01/29 23:33:16
3008,327.39,18320.8,-2474.53,2026/01/29 23:33:16
3009,327.5,18317.6,-2471.39,2026/01/29 23:33:16
3010,327.61,18322.6,-2472.53,2026/01/29 23:33:17
3011,327.72,18317.8,-2473.42,2026/01/29 23:33:17
3012,327.83,18323.5,-2470.98,2026/01/29 23:33:17
3013,327.94,18319.7,-2474.51,2026/01/29 23:33:17
3014,328.05,18321.3,-2471.58,2026/01/29 23:33:17
3015,328.15,18322.2,-2473.65,2026/01/29 23:33:17
3016,328.26,18319.2,-2472.54,2026/01/29 23:33:17
3017,328.37,18325.5,-2472.81,2026/01/29 23:33:17
3018,328.48,18319.5,-2473.93,2026/01/29 23:33:17
3019,328.59,18324.5,-2472.06,2026/01/29 23:33:18
3020,328.7,18320.8,-2473.56,2026/01/29 23:33:18
3021,328.81,18324.7,-2472.03,2026/01/29 23:33:18
3022,328.92,18323.8,-2472.28,2026/01/29 23:33:18
3023,329.02,18322.5,-2473.32,2026/01/29 23:33:18
3024,329.13,18325.2,-2470.75,2026/01/29 23:33:18
3025,329.24,18321.8,-2474.55,2026/01/29 23:33:18
3026,329.35,18326.3,-2470.75,2026/01/29 23:33:18
3027,329.46,18321.6,-2473.37,2026/01/29 23:33:18
3028,329.57,18328.2,-2470.8,2026/01/29 23:33:18
3029,329.68,18321.7,-2472.07,2026/01/29 23:33:19
3030,329.79,18328.4,-2470.46,2026/01/29 23:33:19
3031,329.9,18322.9,-2472.85,2026/01/29 23:33:19
3032,330.01,18327.7,-2470.63,2026/01/29 23:33:19
3033,330.12,18325.3,-2472.55,2026/01/29 23:33:19
3034,330.22,18326,-2470.37,2026/01/29 23:33:19
3035,330.33,18328.3,-2472.54,2026/01/29 23:33:19
3036,330.44,18323.6,-2472.13,2026/01/29 23:33:19
3037,330.55,18329.2,-2470.19,2026/01/29 23:33:19
3038,330.66,18325.6,-2474.24,2026/01/29 23:33:20
3039,330.77,18328.6,-2470.58,2026/01/29 23:33:20
3040,330.88,18327,-2472.97,2026/01/29 23:33:20
3041,330.99,18327.3,-2471.51,2026/01/29 23:33:20
3042,331.09,18330.2,-2471.65,2026/01/29 23:33:20
3043,331.2,18324.6,-2473.69,2026/01/29 23:33:20
3044,331.31,18330.6,-2469.31,2026/01/29 23:33:20
3045,331.42,18326.5,-2473.42,2026/01/29 23:33:20
3046,331.53,18330.3,-2470.81,2026/01/29 23:33:20
3047,331.64,18325.4,-2471.44,2026/01/29 23:33:21
3048,331.75,18331.8,-2471.52,2026/01/29 23:33:21
3049,331.86,18326.1,-2472.37,2026/01/29 23:33:21
3050,331.97,18330.4,-2471.16,2026/01/29 23:33:21
3051,332.08,18328.8,-2472.08,2026/01/29 23:33:21
3052,332.18,18330.8,-2470.23,2026/01/29 23:33:21
3053,332.29,18332.1,-2472.6,2026/01/29 23:33:21
3054,332.4,18327.9,-2471.9,2026/01/29 23:33:21
3055,332.51,18333.2,-2471.28,2026/01/29 23:33:21
3056,332.62,18328.9,-2473.17,2026/01/29 23:33:22
3057,332.73,18332.3,-2470.18,2026/01/29 23:33:22
3058,332.84,18329.9,-2472.55,2026/01/29 23:33:22
3059,332.95,18330.9,-2471.25,2026/01/29 23:33:22
3060,333.06,18333.6,-2470.25,2026/01/29 23:33:22
3061,333.16,18329.7,-2473.62,2026/01/29 23:33:22
3062,333.27,18335,-2470.34,2026/01/29 23:33:22
3063,333.38,18328.5,-2472.66,2026/01/29 23:33:22
3064,333.49,18335.9,-2470.25,2026/01/29 23:33:22
3065,333.6,18328.6,-2472.21,2026/01/29 23:33:23
3066,333.71,18336.1,-2470.34,2026/01/29 23:33:23
3067,333.82,18330.3,-2473.14,2026/01/29 23:33:23
3068,333.93,18333.7,-2470.04,2026/01/29 23:33:23
3069,334.04,18334.1,-2471.41,2026/01/29 23:33:23
3070,334.15,18330.5,-2470.67,2026/01/29 23:33:23
3071,334.26,18336.4,-2472.26,2026/01/29 23:33:23
3072,334.36,18331,-2472.26,2026/01/29 23:33:23
3073,334.47,18335.8,-2471.02,2026/01/29 23:33:23
3074,334.58,18332.7,-2470.8,2026/01/29 23:33:24
3075,334.69,18335.7,-2470.87,2026/01/29 23:33:24
3076,334.8,18331.8,-2470.88,2026/01/29 23:33:24
3077,334.91,18336.5,-2470.18,2026/01/29 23:33:24
3078,335.02,18332.5,-2471.1,2026/01/29 23:33:24
3079,335.13,18335.7,-2470.74,2026/01/29 23:33:24
3080,335.24,18334.5,-2472.33,2026/01/29 23:33:24
3081,335.35,18332.7,-2470.09,2026/01/29 23:33:24
3082,335.46,18337.4,-2470.54,2026/01/29 23:33:24
3083,335.56,18332.2,-2471.85,2026/01/29 23:33:24
3084,335.67,18336.9,-2469.44,2026/01/29 23:33:25
3085,335.78,18334,-2472.14,2026/01/29 23:33:25
3086,335.89,18336.8,-2471.14,2026/01/29 23:33:25
3087,336,18335.9,-2470.88,2026/01/29 23:33:25
3088,336.11,18335.9,-2471.32,2026/01/29 23:33:25
3089,336.22,18336.2,-2470.06,2026/01/29 23:33:25
3090,336.33,18335.1,-2471.93,2026/01/29 23:33:25
3091,336.44,18338.3,-2470.25,2026/01/29 23:33:25
3092,336.55,18332.1,-2472.82,2026/01/29 23:33:25
3093,336.65,18339.7,-2467.73,2026/01/29 23:33:26
3094,336.76,18334.5,-2472.74,2026/01/29 23:33:26
3095,336.87,18337.6,-2469.96,2026/01/29 23:33:26
3096,336.98,18337.8,-2471.51,2026/01/29 23:33:26
3097,337.09,18334.6,-2471.9,2026/01/29 23:33:26
3098,337.2,18340.2,-2468.67,2026/01/29 23:33:26
3099,337.31,18334.8,-2472.29,2026/01/29 23:33:26
3100,337.42,18340.9,-2469.45,2026/01/29 23:33:26
3101,337.52,18335.1,-2470.23,2026/01/29 23:33:26
3102,337.63,18340.9,-2470.75,2026/01/29 23:33:27
3103,337.74,18336.2,-2471.41,2026/01/29 23:33:27
3104,337.85,18340.1,-2469.75,2026/01/29 23:33:27
3105,337.96,18338.4,-2471.27,2026/01/29 23:33:27
3106,338.07,18338.3,-2468.62,2026/01/29 23:33:27
3107,338.18,18341.9,-2471.66,2026/01/29 23:33:27
3108,338.29,18336.3,-2469.67,2026/01/29 23:33:27
3109,338.4,18342,-2469.25,2026/01/29 23:33:27
3110,338.51,18338.3,-2471.57,2026/01/29 23:33:27
3111,338.62,18342.2,-2470.06,2026/01/29 23:33:28
3112,338.72,18337.9,-2470.86,2026/01/29 23:33:28
3113,338.83,18342.4,-2470.95,2026/01/29 23:33:28
3114,338.94,18339.2,-2470.14,2026/01/29 23:33:28
3115,339.05,18342.3,-2471.72,2026/01/29 23:33:28
3116,339.16,18340.3,-2471.07,2026/01/29 23:33:28
3117,339.27,18339.7,-2470.39,2026/01/29 23:33:28
3118,339.38,18344.3,-2470.95,2026/01/29 23:33:28
3119,339.49,18338.3,-2471.5,2026/01/29 23:33:28
3120,339.6,18343.2,-2468.61,2026/01/29 23:33:29
3121,339.7,18339.9,-2472.3,2026/01/29 23:33:29
3122,339.81,18341.2,-2469.69,2026/01/29 23:33:29
3123,339.92,18342,-2471.13,2026/01/29 23:33:29
3124,340.03,18339.4,-2472.18,2026/01/29 23:33:29
3125,340.14,18344.5,-2468.32,2026/01/29 23:33:29
3126,340.25,18340.5,-2472.98,2026/01/29 23:33:29
3127,340.36,18345,-2468.79,2026/01/29 23:33:29
3128,340.47,18338.2,-2472.04,2026/01/29 23:33:29
3129,340.58,18346,-2470.32,2026/01/29 23:33:29
3130,340.68,18339.9,-2471.77,2026/01/29 23:33:30
3131,340.79,18343.6,-2469.43,2026/01/29 23:33:30
3132,340.9,18343,-2471.41,2026/01/29 23:33:30
3133,341.01,18341.2,-2469.36,2026/01/29 23:33:30
3134,341.12,18345.8,-2470.19,2026/01/29 23:33:30
3135,341.23,18340.8,-2471.88,2026/01/29 23:33:30
3136,341.34,18344.3,-2469.54,2026/01/29 23:33:30
3137,341.45,18341.8,-2471.01,2026/01/29 23:33:30
3138,341.55,18343.3,-2470.96,2026/01/29 23:33:30
3139,341.66,18343.9,-2469.56,2026/01/29 23:33:31
3140,341.77,18343.6,-2471.65,2026/01/29 23:33:31
3141,341.88,18343.2,-2469.7,2026/01/29 23:33:31
3142,341.99,18343.2,-2471.81,2026/01/29 23:33:31
3143,342.1,18346.3,-2469.69,2026/01/29 23:33:31
3144,342.21,18340.5,-2472.01,2026/01/29 23:33:31
3145,342.32,18348.8,-2468.62,2026/01/29 23:33:31
3146,342.43,18341.6,-2473.28,2026/01/29 23:33:31
3147,342.54,18346.9,-2468.5,2026/01/29 23:33:31
3148,342.64,18344.6,-2471.65,2026/01/29 23:33:32
3149,342.75,18342.2,-2470.18,2026/01/29 23:33:32
3150,342.86,18347.7,-2469,2026/01/29 23:33:32
3151,342.97,18341.9,-2471.84,2026/01/29 23:33:32
3152,343.08,18348,-2469.06,2026/01/29 23:33:32
3153,343.19,18343.3,-2470.46,2026/01/29 23:33:32
3154,343.3,18347.5,-2470.11,2026/01/29 23:33:32
3155,343.41,18342.9,-2470.33,2026/01/29 23:33:32
3156,343.52,18346.3,-2470.35,2026/01/29 23:33:32
3157,343.62,18343.2,-2469.98,2026/01/29 23:33:33
3158,343.73,18346.1,-2469.63,2026/01/29 23:33:33
3159,343.84,18346.7,-2470.54,2026/01/29 23:33:33
3160,343.95,18342.5,-2470.63,2026/01/29 23:33:33
3161,344.06,18349,-2469.6,2026/01/29 23:33:33
3162,344.17,18342.5,-2472.82,2026/01/29 23:33:33
3163,344.28,18346.6,-2468.12,2026/01/29 23:33:33
3164,344.39,18344.2,-2471.4,2026/01/29 23:33:33
3165,344.5,18345.4,-2470.4,2026/01/29 23:33:33
3166,344.6,18346,-2470.14,2026/01/29 23:33:34
3167,344.71,18343.7,-2472.41,2026/01/29 23:33:34
3168,344.82,18347.3,-2468.36,2026/01/29 23:33:34
3169,344.93,18343.4,-2471.14,2026/01/29 23:33:34
3170,345.04,18349.6,-2469.07,2026/01/29 23:33:34
3171,345.15,18342.3,-2470.02,2026/01/29 23:33:34
3172,345.26,18349.8,-2469.98,2026/01/29 23:33:34
3173,345.37,18343.6,-2471.11,2026/01/29 23:33:34
3174,345.48,18347.6,-2469.19,2026/01/29 23:33:34
3175,345.58,18347.1,-2470.79,2026/01/29 23:33:35
3176,345.69,18344.4,-2468.82,2026/01/29 23:33:35
3177,345.8,18349.5,-2470.85,2026/01/29 23:33:35
3178,345.91,18343.2,-2470.57,2026/01/29 23:33:35
3179,346.02,18348,-2469.19,2026/01/29 23:33:35
3180,346.13,18343.9,-2471.05,2026/01/29 23:33:35
3181,346.24,18347.8,-2469.85,2026/01/29 23:33:35
3182,346.35,18346.3,-2469.75,2026/01/29 23:33:35
3183,346.46,18346.5,-2471.03,2026/01/29 23:33:35
3184,346.57,18346.7,-2469.3,2026/01/29 23:33:35
3185,346.67,18345.3,-2471.86,2026/01/29 23:33:36
3186,346.78,18348.1,-2468.01,2026/01/29 23:33:36
3187,346.89,18342.9,-2471.8,2026/01/29 23:33:36
3188,347,18350.8,-2467.81,2026/01/29 23:33:36
3189,347.11,18344.3,-2472.35,2026/01/29 23:33:36
3190,347.22,18349.5,-2468.77,2026/01/29 23:33:36
3191,347.33,18345.9,-2472.21,2026/01/29 23:33:36
3192,347.44,18347.4,-2468.5,2026/01/29 23:33:36
3193,347.55,18349.2,-2470.15,2026/01/29 23:33:36
3194,347.66,18343.9,-2469.68,2026/01/29 23:33:37
3195,347.76,18348.9,-2469.79,2026/01/29 23:33:37
3196,347.87,18345.5,-2470.91,2026/01/29 23:33:37
3197,347.98,18349,-2470.45,2026/01/29 23:33:37
3198,348.09,18345.3,-2469.42,2026/01/29 23:33:37
3199,348.2,18347.7,-2470.55,2026/01/29 23:33:37
3200,348.31,18346,-2469.88,2026/01/29 23:33:37
3201,348.42,18348.1,-2470.28,2026/01/29 23:33:37
3202,348.52,18348.5,-2467.82,2026/01/29 23:33:37
3203,348.63,18344.8,-2470.1,2026/01/29 23:33:38
3204,348.74,18350.8,-2468.89,2026/01/29 23:33:38
3205,348.85,18342.5,-2471.75,2026/01/29 23:33:38
3206,348.96,18350.4,-2466.96,2026/01/29 23:33:38
3207,349.07,18345.3,-2471.6,2026/01/29 23:33:38
3208,349.18,18347.8,-2467.94,2026/01/29 23:33:38
3209,349.29,18349.3,-2470,2026/01/29 23:33:38
3210,349.4,18344.2,-2469.38,2026/01/29 23:33:38
3211,349.5,18350.8,-2470.36,2026/01/29 23:33:38
3212,349.61,18344.9,-2471.23,2026/01/29 23:33:39
3213,349.72,18348.9,-2469.8,2026/01/29 23:33:39
3214,349.83,18345.7,-2469.6,2026/01/29 23:33:39
3215,349.94,18349.3,-2469.92,2026/01/29 23:33:39
3216,350.05,18347.7,-2468.96,2026/01/29 23:33:39
3217,350.16,18347.9,-2470.39,2026/01/29 23:33:39
3218,350.27,18347.3,-2468.59,2026/01/29 23:33:39
3219,350.38,18346.6,-2471.78,2026/01/29 23:33:39
3220,350.49,18348.7,-2468.13,2026/01/29 23:33:39
3221,350.6,18346.1,-2471.34,2026/01/29 23:33:40
3222,350.7,18351.1,-2468.73,2026/01/29 23:33:40
3223,350.81,18344.4,-2471.39,2026/01/29 23:33:40
3224,350.92,18350.7,-2468.08,2026/01/29 23:33:40
3225,351.03,18345.9,-2470.61,2026/01/29 23:33:40
3226,351.14,18349,-2468.45,2026/01/29 23:33:40
3227,351.25,18349.1,-2470.26,2026/01/29 23:33:40
3228,351.36,18345.8,-2468.4,2026/01/29 23:33:40
3229,351.47,18350.7,-2470.7,2026/01/29 23:33:40
3230,351.58,18344.6,-2469.83,2026/01/29 23:33:40
3231,351.68,18350,-2469.56,2026/01/29 23:33:41
3232,351.79,18346.2,-2471.07,2026/01/29 23:33:41
3233,351.9,18349.3,-2468.54,2026/01/29 23:33:41
3234,352.01,18346.7,-2470.27,2026/01/29 23:33:41
3235,352.12,18348.6,-2469.59,2026/01/29 23:33:41
3236,352.23,18348.4,-2468.48,2026/01/29 23:33:41
3237,352.34,18347.3,-2471.28,2026/01/29 23:33:41
3238,352.45,18350.2,-2466.41,2026/01/29 23:33:41
3239,352.56,18346.9,-2471.62,2026/01/29 23:33:41
3240,352.66,18350.6,-2467.93,2026/01/29 23:33:42
3241,352.77,18344.4,-2471.25,2026/01/29 23:33:42
3242,352.88,18351.6,-2468.77,2026/01/29 23:33:42
3243,352.99,18344.9,-2469.32,2026/01/29 23:33:42
3244,353.1,18351.4,-2468.38,2026/01/29 23:33:42
3245,353.21,18346.2,-2469.87,2026/01/29 23:33:42
3246,353.32,18349.8,-2467.89,2026/01/29 23:33:42
3247,353.43,18346.9,-2471.27,2026/01/29 23:33:42
3248,353.54,18348.8,-2468.2,2026/01/29 23:33:42
3249,353.65,18348.9,-2470.57,2026/01/29 23:33:43
3250,353.76,18345.8,-2467.95,2026/01/29 23:33:43
3251,353.87,18351.2,-2468.96,2026/01/29 23:33:43
3252,353.97,18345.5,-2470.44,2026/01/29 23:33:43
3253,354.08,18350.6,-2467.21,2026/01/29 23:33:43
3254,354.19,18347.1,-2470.97,2026/01/29 23:33:43
3255,354.3,18350.3,-2467.61,2026/01/29 23:33:43
3256,354.41,18348.3,-2470.25,2026/01/29 23:33:43
3257,354.52,18347.8,-2468.61,2026/01/29 23:33:43
3258,354.63,18351.3,-2468.5,2026/01/29 23:33:44
3259,354.74,18345.3,-2469.9,2026/01/29 23:33:44
3260,354.85,18351,-2468.99,2026/01/29 23:33:44
3261,354.96,18345.8,-2470.84,2026/01/29 23:33:44
3262,355.06,18350.7,-2469.24,2026/01/29 23:33:44
3263,355.17,18347.2,-2468.31,2026/01/29 23:33:44
3264,355.28,18350.2,-2468.8,2026/01/29 23:33:44
3265,355.39,18348.7,-2468.43,2026/01/29 23:33:44
3266,355.5,18349,-2470.34,2026/01/29 23:33:44
3267,355.61,18349.4,-2466.93,2026/01/29 23:33:45
3268,355.72,18347.1,-2471.82,2026/01/29 23:33:45
3269,355.83,18349.6,-2466.21,2026/01/29 23:33:45
3270,355.94,18344.9,-2470.82,2026/01/29 23:33:45
3271,356.04,18348.4,-2468.54,2026/01/29 23:33:45
3272,356.15,18325,-2474.43,2026/01/29 23:33:45
3273,356.26,18238,-2492.14,2026/01/29 23:33:45
3274,356.37,18175.9,-2502.3,2026/01/29 23:33:45
3275,356.48,18167.3,-2504.44,2026/01/29 23:33:45
3276,356.59,18161.6,-2504.4,2026/01/29 23:33:46
3277,356.7,18159.2,-2506.78,2026/01/29 23:33:46
3278,356.81,18185.4,-2499.13,2026/01/29 23:33:46
3279,356.91,18283.9,-2476.42,2026/01/29 23:33:46
3280,357.02,18327.6,-2471.21,2026/01/29 23:33:46
3281,357.13,18324.3,-2472.12,2026/01/29 23:33:46
3282,357.24,18299.4,-2473.18,2026/01/29 23:33:46
3283,357.35,18188.1,-2496.76,2026/01/29 23:33:46
3284,357.46,18161.4,-2502.3,2026/01/29 23:33:46
3285,357.57,18157.2,-2504.59,2026/01/29 23:33:46
3286,357.68,18167.7,-2502.25,2026/01/29 23:33:47
3287,357.79,18256.4,-2480.59,2026/01/29 23:33:47
3288,357.89,18307.6,-2474.44,2026/01/29 23:33:47
3289,358,18329.4,-2470.36,2026/01/29 23:33:47
3290,358.11,18321.5,-2472.47,2026/01/29 23:33:47
3291,358.22,18241.9,-2484.67,2026/01/29 23:33:47
3292,358.33,18167.3,-2500.92,2026/01/29 23:33:47
3293,358.44,18157.8,-2503.21,2026/01/29 23:33:47
3294,358.55,18157.6,-2504.41,2026/01/29 23:33:47
3295,358.66,18223.3,-2488.75,2026/01/29 23:33:48
3296,358.77,18291,-2474.39,2026/01/29 23:33:48
3297,358.87,18303.8,-2475,2026/01/29 23:33:48
3298,358.98,18321.7,-2470.58,2026/01/29 23:33:48
3299,359.09,18303.4,-2474.57,2026/01/29 23:33:48
3300,359.2,18207.7,-2491.51,2026/01/29 23:33:48
3301,359.31,18156.9,-2503.92,2026/01/29 23:33:48
3302,359.42,18155.1,-2505.77,2026/01/29 23:33:48
3303,359.53,18243.2,-2483.72,2026/01/29 23:33:48
3304,359.64,18304.7,-2474.07,2026/01/29 23:33:49
3305,359.75,18322.6,-2471.09,2026/01/29 23:33:49
3306,359.86,18316.9,-2472.91,2026/01/29 23:33:49
3307,359.96,18281.3,-2476.57,2026/01/29 23:33:49
3308,360.07,18184.7,-2496.51,2026/01/29 23:33:49
3309,360.18,18160.4,-2503.59,2026/01/29 23:33:49
3310,360.29,18167.5,-2501.05,2026/01/29 23:33:49
3311,360.4,18278.4,-2477.15,2026/01/29 23:33:49
3312,360.51,18316.8,-2471.11,2026/01/29 23:33:49
3313,360.62,18322.4,-2473.63,2026/01/29 23:33:50
3314,360.73,18314.4,-2470.45,2026/01/29 23:33:50
3315,360.84,18219.9,-2489.69,2026/01/29 23:33:50
3316,360.95,18166.3,-2500.67,2026/01/29 23:33:50
3317,361.05,18149.1,-2504.63,2026/01/29 23:33:50
3318,361.16,18168.2,-2501.87,2026/01/29 23:33:50
3319,361.27,18261.1,-2478.43,2026/01/29 23:33:50
3320,361.38,18314.5,-2472.75,2026/01/29 23:33:50
3321,361.49,18322.3,-2471.12,2026/01/29 23:33:50
3322,361.6,18303.1,-2474.74,2026/01/29 23:33:51
3323,361.71,18211.7,-2488.81,2026/01/29 23:33:51
3324,361.82,18152.7,-2504.42,2026/01/29 23:33:51
3325,361.92,18150.5,-2504.39,2026/01/29 23:33:51
3326,362.03,18154.2,-2505.07,2026/01/29 23:33:51
3327,362.14,18250.3,-2480.78,2026/01/29 23:33:51
3328,362.25,18312.8,-2473.17,2026/01/29 23:33:51
3329,362.36,18316.4,-2471.35,2026/01/29 23:33:51
3330,362.47,18260,-2482.12,2026/01/29 23:33:51
3331,362.58,18170.1,-2498.04,2026/01/29 23:33:51
3332,362.69,18153.1,-2504.98,2026/01/29 23:33:52
3333,362.79,18143.3,-2507.77,2026/01/29 23:33:52
3334,362.9,18159.5,-2501.98,2026/01/29 23:33:52
3335,363.01,18275.4,-2477.69,2026/01/29 23:33:52
3336,363.12,18313,-2471.22,2026/01/29 23:33:52
3337,363.23,18310,-2473.55,2026/01/29 23:33:52
3338,363.34,18249.2,-2483.77,2026/01/29 23:33:52
3339,363.45,18165.4,-2500.51,2026/01/29 23:33:52
3340,363.56,18150.2,-2505.22,2026/01/29 23:33:52
3341,363.67,18143.7,-2505.16,2026/01/29 23:33:53
3342,363.78,18183.3,-2501.32,2026/01/29 23:33:53
3343,363.88,18298.5,-2471.46,2026/01/29 23:33:53
3344,363.99,18313.2,-2472.12,2026/01/29 23:33:53
3345,364.1,18320,-2472.14,2026/01/29 23:33:53
3346,364.21,18258.2,-2479.99,2026/01/29 23:33:53
3347,364.32,18173.8,-2498.7,2026/01/29 23:33:53
3348,364.43,18147.7,-2505.88,2026/01/29 23:33:53
3349,364.54,18139.7,-2505.64,2026/01/29 23:33:53
3350,364.65,18140.3,-2508.09,2026/01/29 23:33:54
3351,364.76,18218.4,-2486.83,2026/01/29 23:33:54
3352,364.87,18313.6,-2473.22,2026/01/29 23:33:54
3353,364.97,18320.4,-2472.71,2026/01/29 23:33:54
3354,365.08,18330.3,-2469.12,2026/01/29 23:33:54
3355,365.19,18320.6,-2473.17,2026/01/29 23:33:54
3356,365.3,18234.9,-2486.19,2026/01/29 23:33:54
3357,365.41,18156.9,-2502.98,2026/01/29 23:33:54
3358,365.52,18148.3,-2506.77,2026/01/29 23:33:54
3359,365.63,18143.4,-2506.77,2026/01/29 23:33:55
3360,365.74,18203.7,-2496.22,2026/01/29 23:33:55
3361,365.84,18300,-2472.06,2026/01/29 23:33:55
3362,365.96,18313.2,-2473.67,2026/01/29 23:33:55
3363,366.06,18317,-2471.08,2026/01/29 23:33:55
3364,366.17,18208.2,-2490.9,2026/01/29 23:33:55
3365,366.28,18157.1,-2500.69,2026/01/29 23:33:55
3366,366.39,18143,-2508.3,2026/01/29 23:33:55
3367,366.5,18140.6,-2506.27,2026/01/29 23:33:55
3368,366.61,18163.9,-2503.73,2026/01/29 23:33:56
3369,366.72,18293.5,-2472.37,2026/01/29 23:33:56
3370,366.83,18316.3,-2472.43,2026/01/29 23:33:56
3371,366.94,18314.9,-2471.87,2026/01/29 23:33:56
3372,367.04,18221.7,-2485.98,2026/01/29 23:33:56
3373,367.15,18152.9,-2505.42,2026/01/29 23:33:56
3374,367.26,18145.2,-2504.86,2026/01/29 23:33:56
3375,367.37,18141.5,-2506.84,2026/01/29 23:33:56
3376,367.48,18235.6,-2485.55,2026/01/29 23:33:56
3377,367.59,18308.7,-2473.97,2026/01/29 23:33:57
3378,367.7,18320.8,-2470.21,2026/01/29 23:33:57
3379,367.81,18320.2,-2473.34,2026/01/29 23:33:57
3380,367.92,18274.8,-2474.85,2026/01/29 23:33:57
3381,368.02,18181.6,-2497.18,2026/01/29 23:33:57
3382,368.13,18145.3,-2506.23,2026/01/29 23:33:57
3383,368.24,18131.9,-2506.94,2026/01/29 23:33:57
3384,368.35,18124.4,-2510.26,2026/01/29 23:33:57
3385,368.46,18247.1,-2482.39,2026/01/29 23:33:57
3386,368.57,18297,-2473.59,2026/01/29 23:33:57
3387,368.68,18303.1,-2472.95,2026/01/29 23:33:58
3388,368.79,18244.3,-2482.63,2026/01/29 23:33:58
3389,368.89,18156.9,-2502.44,2026/01/29 23:33:58
3390,369,18146.2,-2505.52,2026/01/29 23:33:58
3391,369.11,18127.1,-2508.5,2026/01/29 23:33:58
3392,369.22,18149.6,-2502.94,2026/01/29 23:33:58
3393,369.33,18274.6,-2477.47,2026/01/29 23:33:58
3394,369.44,18309.2,-2471.29,2026/01/29 23:33:58
3395,369.55,18299,-2473.5,2026/01/29 23:33:58
3396,369.66,18238.2,-2485.42,2026/01/29 23:33:59
3397,369.77,18160.7,-2500.76,2026/01/29 23:33:59
3398,369.87,18141.2,-2506.91,2026/01/29 23:33:59
3399,369.98,18128.6,-2506.57,2026/01/29 23:33:59
3400,370.09,18130.8,-2507.88,2026/01/29 23:33:59
3401,370.2,18263.7,-2477.31,2026/01/29 23:33:59
3402,370.31,18289,-2475.23,2026/01/29 23:33:59
3403,370.42,18297.4,-2471.93,2026/01/29 23:33:59
3404,370.53,18252.1,-2483.77,2026/01/29 23:33:59
3405,370.64,18172.3,-2498.62,2026/01/29 23:34:00
3406,370.74,18139.5,-2506.75,2026/01/29 23:34:00
3407,370.86,18126.9,-2508.44,2026/01/29 23:34:00
3408,370.96,18130.4,-2507.06,2026/01/29 23:34:00
3409,371.07,18253.7,-2480.8,2026/01/29 23:34:00
3410,371.18,18301.7,-2470.86,2026/01/29 23:34:00
3411,371.29,18308.8,-2473.92,2026/01/29 23:34:00
3412,371.4,18314.8,-2471.1,2026/01/29 23:34:00
3413,371.51,18241.5,-2482.98,2026/01/29 23:34:00
3414,371.62,18154.1,-2502.6,2026/01/29 23:34:01
3415,371.73,18140.1,-2508.15,2026/01/29 23:34:01
3416,371.84,18126.8,-2506.79,2026/01/29 23:34:01
3417,371.95,18165.1,-2500.64,2026/01/29 23:34:01
3418,372.05,18292.4,-2473.34,2026/01/29 23:34:01
3419,372.16,18310,-2472.52,2026/01/29 23:34:01
3420,372.27,18314.8,-2471.7,2026/01/29 23:34:01
3421,372.38,18305.8,-2469.24,2026/01/29 23:34:01
3422,372.49,18192.3,-2495.59,2026/01/29 23:34:01
3423,372.6,18145.9,-2503.45,2026/01/29 23:34:02
3424,372.71,18136.9,-2507.83,2026/01/29 23:34:02
3425,372.82,18175.4,-2500.79,2026/01/29 23:34:02
3426,372.93,18286.6,-2475.33,2026/01/29 23:34:02
3427,373.04,18312.7,-2469.08,2026/01/29 23:34:02
3428,373.14,18308.8,-2473.58,2026/01/29 23:34:02
3429,373.25,18267.2,-2477.07,2026/01/29 23:34:02
3430,373.36,18170.1,-2498.52,2026/01/29 23:34:02
3431,373.47,18143.9,-2505.11,2026/01/29 23:34:02
3432,373.58,18145.4,-2503.83,2026/01/29 23:34:03
3433,373.69,18214.9,-2491.27,2026/01/29 23:34:03
3434,373.8,18288.6,-2471.1,2026/01/29 23:34:03
3435,373.91,18287.4,-2476.04,2026/01/29 23:34:03
3436,374.02,18278,-2475.96,2026/01/29 23:34:03
3437,374.13,18184.7,-2495.52,2026/01/29 23:34:03
3438,374.23,18143.6,-2503.93,2026/01/29 23:34:03
3439,374.34,18139.7,-2508.02,2026/01/29 23:34:03
3440,374.45,18144.4,-2504.12,2026/01/29 23:34:03
3441,374.56,18222.3,-2489.12,2026/01/29 23:34:03
3442,374.67,18283.5,-2473.88,2026/01/29 23:34:04
3443,374.78,18293.9,-2472.25,2026/01/29 23:34:04
3444,374.89,18262.5,-2479.07,2026/01/29 23:34:04
3445,375,18174.5,-2495.92,2026/01/29 23:34:04
3446,375.1,18139.3,-2504.4,2026/01/29 23:34:04
3447,375.21,18140.4,-2507.31,2026/01/29 23:34:04
3448,375.32,18147.3,-2504.48,2026/01/29 23:34:04
3449,375.43,18260.6,-2478.09,2026/01/29 23:34:04
3450,375.54,18297.3,-2473.84,2026/01/29 23:34:04
3451,375.65,18300.3,-2471.44,2026/01/29 23:34:05
3452,375.76,18250.3,-2482.5,2026/01/29 23:34:05
3453,375.87,18155.3,-2500.45,2026/01/29 23:34:05
3454,375.98,18141.3,-2506.35,2026/01/29 23:34:05
3455,376.09,18136.2,-2507.76,2026/01/29 23:34:05
3456,376.2,18179.8,-2496.9,2026/01/29 23:34:05
3457,376.3,18275.3,-2476.16,2026/01/29 23:34:05
3458,376.41,18304.9,-2472.85,2026/01/29 23:34:05
3459,376.52,18300,-2471.45,2026/01/29 23:34:05
3460,376.63,18267.6,-2476.88,2026/01/29 23:34:06
3461,376.74,18153,-2501.53,2026/01/29 23:34:06
3462,376.85,18138.5,-2505.87,2026/01/29 23:34:06
3463,376.96,18150.9,-2503.59,2026/01/29 23:34:06
3464,377.07,18233.4,-2482.66,2026/01/29 23:34:06
3465,377.18,18300,-2474.07,2026/01/29 23:34:06
3466,377.29,18303.3,-2472.15,2026/01/29 23:34:06
3467,377.39,18308.5,-2470.64,2026/01/29 23:34:06
3468,377.5,18224.5,-2487.52,2026/01/29 23:34:06
3469,377.61,18160.7,-2499.92,2026/01/29 23:34:07
3470,377.72,18141.7,-2503.95,2026/01/29 23:34:07
3471,377.83,18146.4,-2504.58,2026/01/29 23:34:07
3472,377.94,18226.2,-2484.45,2026/01/29 23:34:07
3473,378.05,18298.9,-2472.97,2026/01/29 23:34:07
3474,378.16,18316.2,-2469.35,2026/01/29 23:34:07
3475,378.27,18308.7,-2470.83,2026/01/29 23:34:07
3476,378.37,18223.9,-2486.73,2026/01/29 23:34:07
3477,378.48,18145,-2503.91,2026/01/29 23:34:07
3478,378.59,18140.9,-2504.4,2026/01/29 23:34:08
3479,378.7,18146.7,-2505.82,2026/01/29 23:34:08
3480,378.81,18248.3,-2479.55,2026/01/29 23:34:08
3481,378.92,18300.6,-2472.76,2026/01/29 23:34:08
3482,379.03,18315.7,-2470.55,2026/01/29 23:34:08
3483,379.14,18299.4,-2471.64,2026/01/29 23:34:08
3484,379.25,18202.2,-2491.14,2026/01/29 23:34:08
3485,379.36,18145.2,-2501.77,2026/01/29 23:34:08
3486,379.47,18136.6,-2507.86,2026/01/29 23:34:08
3487,379.57,18153.4,-2503.15,2026/01/29 23:34:08
3488,379.68,18258.9,-2478.33,2026/01/29 23:34:09
3489,379.79,18299.4,-2471.49,2026/01/29 23:34:09
3490,379.9,18297.3,-2474.42,2026/01/29 23:34:09
3491,380.01,18302.2,-2469.18,2026/01/29 23:34:09
3492,380.12,18219.6,-2486.77,2026/01/29 23:34:09
3493,380.23,18152,-2501.21,2026/01/29 23:34:09
3494,380.34,18142.6,-2505.53,2026/01/29 23:34:09
3495,380.45,18224.9,-2486.19,2026/01/29 23:34:09
3496,380.56,18291.3,-2471.52,2026/01/29 23:34:09
3497,380.67,18301.4,-2473.87,2026/01/29 23:34:10
3498,380.77,18304.7,-2469.89,2026/01/29 23:34:10
3499,380.88,18237.4,-2482.5,2026/01/29 23:34:10
3500,380.99,18155.2,-2499.72,2026/01/29 23:34:10
3501,381.1,18146.9,-2505.43,2026/01/29 23:34:10
3502,381.21,18225.6,-2484.61,2026/01/29 23:34:10
3503,381.32,18295.5,-2474.88,2026/01/29 23:34:10
3504,381.43,18315.8,-2468.57,2026/01/29 23:34:10
3505,381.54,18314.3,-2472.36,2026/01/29 23:34:10
3506,381.65,18305.1,-2470.29,2026/01/29 23:34:11
3507,381.75,18193.5,-2491.9,2026/01/29 23:34:11
3508,381.86,18146.4,-2504.34,2026/01/29 23:34:11
3509,381.97,18144.7,-2503,2026/01/29 23:34:11
3510,382.08,18214.5,-2488.1,2026/01/29 23:34:11
3511,382.19,18294.6,-2472.12,2026/01/29 23:34:11
3512,382.3,18296.9,-2471.96,2026/01/29 23:34:11
3513,382.41,18301.3,-2470.21,2026/01/29 23:34:11
3514,382.52,18224.1,-2486.34,2026/01/29 23:34:11
3515,382.63,18149.4,-2501.27,2026/01/29 23:34:12
3516,382.74,18137.8,-2506.87,2026/01/29 23:34:12
3517,382.84,18150.7,-2501.68,2026/01/29 23:34:12
3518,382.95,18250.1,-2480.9,2026/01/29 23:34:12
3519,383.06,18288.5,-2473.1,2026/01/29 23:34:12
3520,383.17,18292.8,-2471.65,2026/01/29 23:34:12
3521,383.28,18254.4,-2480.64,2026/01/29 23:34:12
3522,383.39,18170.2,-2498.51,2026/01/29 23:34:12
3523,383.5,18142.6,-2503.27,2026/01/29 23:34:12
3524,383.61,18180.2,-2496.26,2026/01/29 23:34:13
3525,383.72,18261.9,-2476.36,2026/01/29 23:34:13
3526,383.82,18299.3,-2471.47,2026/01/29 23:34:13
3527,383.94,18308.4,-2471.34,2026/01/29 23:34:13
3528,384.05,18308.9,-2469.4,2026/01/29 23:34:13
3529,384.15,18293.9,-2473.68,2026/01/29 23:34:13
3530,384.26,18201.2,-2489.23,2026/01/29 23:34:13
3531,384.37,18153.8,-2501.71,2026/01/29 23:34:13
3532,384.48,18142,-2505.54,2026/01/29 23:34:13
3533,384.59,18208.6,-2488.03,2026/01/29 23:34:14
3534,384.7,18278.9,-2474.77,2026/01/29 23:34:14
3535,384.81,18301.1,-2471.75,2026/01/29 23:34:14
3536,384.92,18297.2,-2471.62,2026/01/29 23:34:14
3537,385.03,18264.1,-2477.06,2026/01/29 23:34:14
3538,385.13,18163.7,-2498.99,2026/01/29 23:34:14
3539,385.24,18140.8,-2504.76,2026/01/29 23:34:14
3540,385.35,18160,-2500.91,2026/01/29 23:34:14
3541,385.46,18246.4,-2478.8,2026/01/29 23:34:14
3542,385.57,18296.1,-2473.18,2026/01/29 23:34:14
3543,385.68,18293.2,-2471.99,2026/01/29 23:34:15
3544,385.79,18280.8,-2473.74,2026/01/29 23:34:15
3545,385.9,18176.6,-2496.92,2026/01/29 23:34:15
3546,386.01,18149.2,-2503.72,2026/01/29 23:34:15
3547,386.11,18169.2,-2499.25,2026/01/29 23:34:15
3548,386.22,18258.6,-2477.91,2026/01/29 23:34:15
3549,386.33,18292.8,-2472.38,2026/01/29 23:34:15
3550,386.44,18297.8,-2473.85,2026/01/29 23:34:15
3551,386.55,18290.1,-2471.69,2026/01/29 23:34:15
3552,386.66,18188,-2493.55,2026/01/29 23:34:16
3553,386.77,18148.4,-2502.79,2026/01/29 23:34:16
3554,386.88,18148.9,-2503.52,2026/01/29 23:34:16
3555,386.99,18240.9,-2480.2,2026/01/29 23:34:16
3556,387.1,18288.4,-2474.94,2026/01/29 23:34:16
3557,387.2,18301.8,-2470.45,2026/01/29 23:34:16
3558,387.31,18289.5,-2473.84,2026/01/29 23:34:16
3559,387.42,18227.3,-2484.44,2026/01/29 23:34:16
3560,387.53,18151.4,-2502.2,2026/01/29 23:34:16
3561,387.64,18144.4,-2506.42,2026/01/29 23:34:17
3562,387.75,18220.3,-2484.07,2026/01/29 23:34:17
3563,387.86,18282.7,-2475.91,2026/01/29 23:34:17
3564,387.97,18299.3,-2471.66,2026/01/29 23:34:17
3565,388.08,18296.9,-2473.46,2026/01/29 23:34:17
3566,388.18,18299.3,-2470.91,2026/01/29 23:34:17
3567,388.29,18216.8,-2487.77,2026/01/29 23:34:17
3568,388.4,18148.7,-2501.2,2026/01/29 23:34:17
3569,388.51,18144.2,-2506.57,2026/01/29 23:34:17
3570,388.62,18231.2,-2484.05,2026/01/29 23:34:18
3571,388.73,18294.8,-2473.33,2026/01/29 23:34:18
3572,388.84,18303.6,-2471.82,2026/01/29 23:34:18
3573,388.95,18291.4,-2471.61,2026/01/29 23:34:18
3574,389.06,18173.9,-2496.77,2026/01/29 23:34:18
3575,389.17,18150.7,-2502.6,2026/01/29 23:34:18
3576,389.27,18168.4,-2498.46,2026/01/29 23:34:18
3577,389.38,18259.2,-2477.52,2026/01/29 23:34:18
3578,389.49,18297.6,-2472.14,2026/01/29 23:34:18
3579,389.6,18305.7,-2471.03,2026/01/29 23:34:19
3580,389.71,18307.1,-2471.04,2026/01/29 23:34:19
3581,389.82,18245.3,-2480.37,2026/01/29 23:34:19
3582,389.93,18162.7,-2500.66,2026/01/29 23:34:19
3583,390.04,18142.6,-2503.73,2026/01/29 23:34:19
3584,390.15,18148.7,-2503.71,2026/01/29 23:34:19
3585,390.25,18197.7,-2493.37,2026/01/29 23:34:19
3586,390.36,18294.6,-2471.7,2026/01/29 23:34:19
3587,390.47,18296.4,-2473.13,2026/01/29 23:34:19
3588,390.58,18304.9,-2471.18,2026/01/29 23:34:20
3589,390.69,18305.3,-2469.9,2026/01/29 23:34:20
3590,390.8,18311.5,-2468.82,2026/01/29 23:34:20
3591,390.91,18309.7,-2469.4,2026/01/29 23:34:20
3592,391.02,18310.4,-2470.04,2026/01/29 23:34:20
3593,391.13,18315.9,-2467.6,2026/01/29 23:34:20
3594,391.23,18310,-2469.43,2026/01/29 23:34:20
3595,391.34,18317.2,-2466.74,2026/01/29 23:34:20
3596,391.45,18309.5,-2472.03,2026/01/29 23:34:20
3597,391.56,18315.9,-2467.38,2026/01/29 23:34:20
3598,391.67,18311.8,-2471.26,2026/01/29 23:34:21
3599,391.78,18313.9,-2469.25,2026/01/29 23:34:21
3600,391.89,18314.2,-2469.73,2026/01/29 23:34:21
3601,392,18312.9,-2472.26,2026/01/29 23:34:21
3602,392.1,18316.4,-2468.39,2026/01/29 23:34:21
3603,392.21,18311.3,-2470.09,2026/01/29 23:34:21
3604,392.32,18316.5,-2469.25,2026/01/29 23:34:21
3605,392.43,18313.6,-2471.03,2026/01/29 23:34:21
3606,392.54,18314.3,-2470.23,2026/01/29 23:34:21
3607,392.65,18315.7,-2469.73,2026/01/29 23:34:22
3608,392.76,18313.5,-2469.92,2026/01/29 23:34:22
3609,392.87,18318.4,-2470.96,2026/01/29 23:34:22
3610,392.98,18313.7,-2468.67,2026/01/29 23:34:22
3611,393.08,18318.6,-2470.45,2026/01/29 23:34:22
3612,393.19,18314.3,-2470.89,2026/01/29 23:34:22
3613,393.3,18321.9,-2468.45,2026/01/29 23:34:22
3614,393.41,18314.1,-2470.15,2026/01/29 23:34:22
3615,393.52,18319.7,-2469.21,2026/01/29 23:34:22
3616,393.63,18315.4,-2469.24,2026/01/29 23:34:23
3617,393.74,18319.6,-2469.34,2026/01/29 23:34:23
3618,393.85,18318.8,-2467.89,2026/01/29 23:34:23
3619,393.96,18317.7,-2469.87,2026/01/29 23:34:23
3620,394.07,18322.1,-2467.5,2026/01/29 23:34:23
3621,394.17,18314.7,-2468.57,2026/01/29 23:34:23
3622,394.28,18321.8,-2468.89,2026/01/29 23:34:23
3623,394.39,18316.5,-2469.69,2026/01/29 23:34:23
3624,394.5,18322.7,-2467.12,2026/01/29 23:34:23
3625,394.61,18316.6,-2471.72,2026/01/29 23:34:24
3626,394.72,18322.5,-2467.67,2026/01/29 23:34:24
3627,394.83,18318.4,-2469.73,2026/01/29 23:34:24
3628,394.94,18321.8,-2468.08,2026/01/29 23:34:24
3629,395.04,18322,-2466.13,2026/01/29 23:34:24
3630,395.15,18318.9,-2471,2026/01/29 23:34:24
3631,395.26,18323.7,-2467.02,2026/01/29 23:34:24
3632,395.37,18319,-2469.4,2026/01/29 23:34:24
3633,395.48,18322.7,-2466.78,2026/01/29 23:34:24
3634,395.59,18319.2,-2469.71,2026/01/29 23:34:25
3635,395.7,18322.4,-2466.48,2026/01/29 23:34:25
3636,395.81,18321,-2470.4,2026/01/29 23:34:25
3637,395.92,18321.2,-2466.97,2026/01/29 23:34:25
3638,396.02,18320.8,-2469.32,2026/01/29 23:34:25
3639,396.13,18321.7,-2468.17,2026/01/29 23:34:25
3640,396.24,18320.7,-2468.79,2026/01/29 23:34:25
3641,396.35,18319.6,-2471.18,2026/01/29 23:34:25
3642,396.46,18324.1,-2467.12,2026/01/29 23:34:25
3643,396.57,18317.7,-2470,2026/01/29 23:34:25
3644,396.68,18322.5,-2469.03,2026/01/29 23:34:26
3645,396.79,18322.3,-2468.55,2026/01/29 23:34:26
3646,396.9,18323.1,-2469.2,2026/01/29 23:34:26
3647,397.01,18324.3,-2467.78,2026/01/29 23:34:26
3648,397.11,18321.8,-2468.18,2026/01/29 23:34:26
3649,397.22,18326.6,-2468.54,2026/01/29 23:34:26
3650,397.33,18320.9,-2466.68,2026/01/29 23:34:26
3651,397.44,18326.1,-2467.26,2026/01/29 23:34:26
3652,397.55,18321.7,-2468.24,2026/01/29 23:34:26
3653,397.66,18328.4,-2465.6,2026/01/29 23:34:27
3654,397.77,18320.8,-2468.2,2026/01/29 23:34:27
3655,397.88,18327.7,-2467.6,2026/01/29 23:34:27
3656,397.99,18323.2,-2468.03,2026/01/29 23:34:27
3657,398.09,18325.4,-2468.33,2026/01/29 23:34:27
3658,398.2,18326.2,-2465.87,2026/01/29 23:34:27
3659,398.31,18322.2,-2468.8,2026/01/29 23:34:27
3660,398.42,18327.4,-2467.79,2026/01/29 23:34:27
3661,398.53,18321.3,-2469.86,2026/01/29 23:34:27
3662,398.64,18326.5,-2467.76,2026/01/29 23:34:28
3663,398.75,18322,-2470.18,2026/01/29 23:34:28
3664,398.86,18326.8,-2465.42,2026/01/29 23:34:28
3665,398.97,18322.4,-2469.73,2026/01/29 23:34:28
3666,399.08,18326.7,-2466.31,2026/01/29 23:34:28
3667,399.18,18323.2,-2468.87,2026/01/29 23:34:28
3668,399.29,18326.4,-2467.54,2026/01/29 23:34:28
3669,399.4,18324.2,-2467.06,2026/01/29 23:34:28
3670,399.51,18324,-2470.87,2026/01/29 23:34:28
3671,399.62,18327,-2466.07,2026/01/29 23:34:29
3672,399.73,18322.1,-2469.72,2026/01/29 23:34:29
3673,399.84,18327.3,-2467.49,2026/01/29 23:34:29
3674,399.95,18323.6,-2469.07,2026/01/29 23:34:29
3675,400.06,18327.1,-2466.47,2026/01/29 23:34:29
3676,400.17,18323.8,-2470.51,2026/01/29 23:34:29
3677,400.27,18326.4,-2466.66,2026/01/29 23:34:29
3678,400.38,18324.9,-2470.18,2026/01/29 23:34:29
3679,400.49,18326.5,-2468.15,2026/01/29 23:34:29
3680,400.6,18327.8,-2467.68,2026/01/29 23:34:30
3681,400.71,18322.4,-2470.02,2026/01/29 23:34:30
3682,400.82,18329.2,-2468.05,2026/01/29 23:34:30
3683,400.93,18323.6,-2468.15,2026/01/29 23:34:30
3684,401.03,18328.2,-2468.81,2026/01/29 23:34:30
3685,401.14,18325.9,-2467.87,2026/01/29 23:34:30
3686,401.25,18327.1,-2468.59,2026/01/29 23:34:30
3687,401.36,18329.5,-2467.13,2026/01/29 23:34:30
3688,401.47,18323.3,-2468.84,2026/01/29 23:34:30
3689,401.58,18330.5,-2468.33,2026/01/29 23:34:30
3690,401.69,18324.6,-2468.16,2026/01/29 23:34:31
3691,401.8,18330.1,-2465.93,2026/01/29 23:34:31
3692,401.91,18324.3,-2469.54,2026/01/29 23:34:31
3693,402.01,18329.9,-2467.26,2026/01/29 23:34:31
3694,402.12,18326,-2468.94,2026/01/29 23:34:31
3695,402.23,18329.7,-2467.58,2026/01/29 23:34:31
3696,402.34,18327.7,-2466.62,2026/01/29 23:34:31
3697,402.45,18326.9,-2470.28,2026/01/29 23:34:31
3698,402.56,18330.1,-2467.11,2026/01/29 23:34:31
3699,402.66,18325.8,-2468.29,2026/01/29 23:34:32
3700,402.77,18329.9,-2467.48,2026/01/29 23:34:32
3701,402.88,18327.5,-2469.39,2026/01/29 23:34:32
3702,402.99,18328.8,-2467.05,2026/01/29 23:34:32
3703,403.1,18330.8,-2468.76,2026/01/29 23:34:32
3704,403.21,18327.3,-2466.64,2026/01/29 23:34:32
3705,403.32,18331.7,-2468.34,2026/01/29 23:34:32
3706,403.43,18326.6,-2469.02,2026/01/29 23:34:32
3707,403.54,18333.6,-2467.19,2026/01/29 23:34:32
3708,403.64,18325.9,-2468.9,2026/01/29 23:34:33
3709,403.75,18332.5,-2467.22,2026/01/29 23:34:33
3710,403.86,18327.2,-2467.94,2026/01/29 23:34:33
3711,403.97,18329.6,-2469,2026/01/29 23:34:33
3712,404.08,18329,-2467.01,2026/01/29 23:34:33
3713,404.19,18327.9,-2470.06,2026/01/29 23:34:33
3714,404.3,18333.2,-2467.37,2026/01/29 23:34:33
3715,404.41,18325.4,-2468.34,2026/01/29 23:34:33
3716,404.52,18328.9,-2468.57,2026/01/29 23:34:33
3717,404.63,18321.2,-2470.53,2026/01/29 23:34:34
3718,404.73,18326.9,-2467.29,2026/01/29 23:34:34
3719,404.84,18320.9,-2472.18,2026/01/29 23:34:34
3720,404.95,18327.4,-2467.94,2026/01/29 23:34:34
3721,405.06,18321.3,-2470.71,2026/01/29 23:34:34
3722,405.17,18326,-2468.61,2026/01/29 23:34:34
3723,405.28,18322.5,-2469.26,2026/01/29 23:34:34
3724,405.39,18324.9,-2471.21,2026/01/29 23:34:34
3725,405.5,18325.8,-2466.39,2026/01/29 23:34:34
3726,405.61,18322.6,-2471.25,2026/01/29 23:34:35
3727,405.72,18327.4,-2468.2,2026/01/29 23:34:35
3728,405.82,18322.9,-2469.45,2026/01/29 23:34:35
3729,405.93,18325.8,-2468.83,2026/01/29 23:34:35
3730,406.04,18308.8,-2473.6,2026/01/29 23:34:35
3731,406.15,18245.7,-2485.12,2026/01/29 23:34:35
3732,406.26,18203.1,-2495.53,2026/01/29 23:34:35
3733,406.37,18167.6,-2499.9,2026/01/29 23:34:35
3734,406.48,18170,-2501.71,2026/01/29 23:34:35
3735,406.58,18162.7,-2504.24,2026/01/29 23:34:36
3736,406.7,18166.2,-2502.09,2026/01/29 23:34:36
3737,406.8,18159.4,-2505.36,2026/01/29 23:34:36
3738,406.92,18164.1,-2502.56,2026/01/29 23:34:36
3739,407.02,18155.1,-2504.38,2026/01/29 23:34:36
3740,407.13,18167,-2502.67,2026/01/29 23:34:36
3741,407.24,18213,-2491.68,2026/01/29 23:34:36
3742,407.35,18276.6,-2477.52,2026/01/29 23:34:36
3743,407.46,18299.6,-2473.47,2026/01/29 23:34:36
3744,407.57,18301.4,-2473.53,2026/01/29 23:34:36
3745,407.68,18303.9,-2473.74,2026/01/29 23:34:37
3746,407.78,18262,-2482.25,2026/01/29 23:34:37
3747,407.89,18221.2,-2489.91,2026/01/29 23:34:37
3748,408,18168.1,-2503.04,2026/01/29 23:34:37
3749,408.11,18162.1,-2501.45,2026/01/29 23:34:37
3750,408.22,18153.1,-2506.43,2026/01/29 23:34:37
3751,408.33,18145.1,-2507.06,2026/01/29 23:34:37
3752,408.44,18137.3,-2507.88,2026/01/29 23:34:37
3753,408.55,18140,-2509.15,2026/01/29 23:34:37
3754,408.66,18143.7,-2503.04,2026/01/29 23:34:38
3755,408.77,18194.3,-2495.95,2026/01/29 23:34:38
3756,408.87,18257.1,-2476.88,2026/01/29 23:34:38
3757,408.98,18277.6,-2477.59,2026/01/29 23:34:38
3758,409.09,18293.2,-2473.31,2026/01/29 23:34:38
3759,409.2,18296.8,-2475,2026/01/29 23:34:38
3760,409.31,18302.7,-2471.68,2026/01/29 23:34:38
3761,409.42,18302,-2473.74,2026/01/29 23:34:38
3762,409.53,18274.2,-2476.03,2026/01/29 23:34:38
3763,409.64,18219.8,-2490.95,2026/01/29 23:34:39
3764,409.75,18173.4,-2499.3,2026/01/29 23:34:39
3765,409.85,18154.3,-2505.48,2026/01/29 23:34:39
3766,409.96,18145.1,-2508.65,2026/01/29 23:34:39
3767,410.07,18147.1,-2507.32,2026/01/29 23:34:39
3768,410.18,18137.7,-2510.98,2026/01/29 23:34:39
3769,410.29,18137.2,-2509.94,2026/01/29 23:34:39
3770,410.4,18121.8,-2512.12,2026/01/29 23:34:39
3771,410.51,18133.6,-2509.44,2026/01/29 23:34:39
3772,410.62,18160,-2502.06,2026/01/29 23:34:40
3773,410.73,18224.8,-2486.18,2026/01/29 23:34:40
3774,410.84,18270.8,-2478.55,2026/01/29 23:34:40
3775,410.94,18298,-2474.04,2026/01/29 23:34:40
3776,411.05,18311.8,-2472.99,2026/01/29 23:34:40
3777,411.16,18307,-2472.52,2026/01/29 23:34:40
3778,411.27,18304.2,-2472.86,2026/01/29 23:34:40
3779,411.38,18263.2,-2483.57,2026/01/29 23:34:40
3780,411.49,18230.8,-2487.57,2026/01/29 23:34:40
3781,411.6,18187.2,-2498.64,2026/01/29 23:34:41
3782,411.71,18165.2,-2502.53,2026/01/29 23:34:41
3783,411.82,18148.5,-2506.95,2026/01/29 23:34:41
3784,411.92,18146.1,-2509.96,2026/01/29 23:34:41
3785,412.03,18143.3,-2507.75,2026/01/29 23:34:41
3786,412.14,18139.8,-2510.61,2026/01/29 23:34:41
3787,412.25,18156.1,-2505.96,2026/01/29 23:34:41
3788,412.36,18190.1,-2496.73,2026/01/29 23:34:41
3789,412.47,18244.4,-2484.11,2026/01/29 23:34:41
3790,412.58,18275.6,-2478.12,2026/01/29 23:34:41
3791,412.68,18298.3,-2472.18,2026/01/29 23:34:42
3792,412.79,18316.7,-2470.78,2026/01/29 23:34:42
3793,412.9,18313.6,-2469.92,2026/01/29 23:34:42
3794,413.01,18320.8,-2469.91,2026/01/29 23:34:42
3795,413.12,18292.9,-2474.67,2026/01/29 23:34:42
3796,413.23,18241.7,-2484.89,2026/01/29 23:34:42
3797,413.34,18190.2,-2499.13,2026/01/29 23:34:42
3798,413.45,18161.9,-2503.75,2026/01/29 23:34:42
3799,413.56,18147.4,-2507.83,2026/01/29 23:34:42
3800,413.67,18133,-2511.03,2026/01/29 23:34:43
3801,413.77,18115.1,-2514.1,2026/01/29 23:34:43
3802,413.88,18099.5,-2521.03,2026/01/29 23:34:43
3803,413.99,18102.1,-2514.94,2026/01/29 23:34:43
3804,414.1,18095.5,-2520.54,2026/01/29 23:34:43
3805,414.21,18098.8,-2519.27,2026/01/29 23:34:43
3806,414.32,18099.3,-2518.32,2026/01/29 23:34:43
3807,414.43,18116.5,-2510.8,2026/01/29 23:34:43
3808,414.54,18142.8,-2506.23,2026/01/29 23:34:43
3809,414.64,18212.5,-2489.86,2026/01/29 23:34:44
3810,414.75,18258.1,-2480.51,2026/01/29 23:34:44
3811,414.86,18272.4,-2474.24,2026/01/29 23:34:44
3812,414.97,18283.3,-2475.8,2026/01/29 23:34:44
3813,415.08,18298,-2475.29,2026/01/29 23:34:44
3814,415.19,18307.2,-2473.25,2026/01/29 23:34:44
3815,415.3,18299.1,-2476.77,2026/01/29 23:34:44
3816,415.41,18253.9,-2483.49,2026/01/29 23:34:44
3817,415.52,18192.2,-2498.11,2026/01/29 23:34:44
3818,415.63,18169.1,-2502.04,2026/01/29 23:34:45
3819,415.74,18155.7,-2504.53,2026/01/29 23:34:45
3820,415.84,18146.9,-2505.67,2026/01/29 23:34:45
3821,415.95,18140.5,-2505.74,2026/01/29 23:34:45
3822,416.06,18122,-2512.69,2026/01/29 23:34:45
3823,416.17,18121.1,-2512.85,2026/01/29 23:34:45
3824,416.28,18122.7,-2510.23,2026/01/29 23:34:45
3825,416.39,18147.3,-2502.56,2026/01/29 23:34:45
3826,416.5,18185.9,-2497.57,2026/01/29 23:34:45
3827,416.61,18245.6,-2481.18,2026/01/29 23:34:46
3828,416.71,18272.3,-2477.16,2026/01/29 23:34:46
3829,416.82,18286,-2473.13,2026/01/29 23:34:46
3830,416.93,18297.6,-2476.06,2026/01/29 23:34:46
3831,417.04,18317.5,-2473.65,2026/01/29 23:34:46
3832,417.15,18333.1,-2470.27,2026/01/29 23:34:46
3833,417.26,18334.3,-2473.01,2026/01/29 23:34:46
3834,417.37,18342,-2469.45,2026/01/29 23:34:46
3835,417.48,18334.3,-2469.61,2026/01/29 23:34:46
3836,417.58,18281.5,-2479.19,2026/01/29 23:34:47
3837,417.69,18225.4,-2490.01,2026/01/29 23:34:47
3838,417.8,18185,-2499.31,2026/01/29 23:34:47
3839,417.91,18166.6,-2502.48,2026/01/29 23:34:47
3840,418.02,18153.6,-2504.42,2026/01/29 23:34:47
3841,418.13,18160,-2504.52,2026/01/29 23:34:47
3842,418.24,18153.2,-2507.63,2026/01/29 23:34:47
3843,418.35,18160.2,-2501.93,2026/01/29 23:34:47
3844,418.46,18183.9,-2499.2,2026/01/29 23:34:47
3845,418.56,18255.9,-2481.9,2026/01/29 23:34:47
3846,418.67,18288.8,-2477.14,2026/01/29 23:34:48
3847,418.78,18301,-2474.32,2026/01/29 23:34:48
3848,418.89,18317.4,-2472.82,2026/01/29 23:34:48
3849,419,18329.2,-2473.43,2026/01/29 23:34:48
3850,419.11,18339.3,-2469.43,2026/01/29 23:34:48
3851,419.22,18336.3,-2472.3,2026/01/29 23:34:48
3852,419.33,18341.6,-2470.13,2026/01/29 23:34:48
3853,419.44,18338.8,-2468.5,2026/01/29 23:34:48
3854,419.54,18307.7,-2473.46,2026/01/29 23:34:48
3855,419.65,18233.9,-2489.74,2026/01/29 23:34:49
3856,419.76,18188.5,-2497.59,2026/01/29 23:34:49
3857,419.87,18164.5,-2503.48,2026/01/29 23:34:49
3858,419.98,18152.5,-2505.09,2026/01/29 23:34:49
3859,420.09,18157.3,-2506.23,2026/01/29 23:34:49
3860,420.2,18148.8,-2505.38,2026/01/29 23:34:49
3861,420.31,18165.2,-2502.81,2026/01/29 23:34:49
3862,420.42,18210.1,-2492.78,2026/01/29 23:34:49
3863,420.52,18276.3,-2476.78,2026/01/29 23:34:49
3864,420.63,18301.1,-2475.69,2026/01/29 23:34:50
3865,420.74,18328.4,-2471.9,2026/01/29 23:34:50
3866,420.85,18340.3,-2471.3,2026/01/29 23:34:50
3867,420.96,18348.9,-2468.83,2026/01/29 23:34:50
3868,421.07,18351.1,-2466.45,2026/01/29 23:34:50
3869,421.18,18348.1,-2470.02,2026/01/29 23:34:50
3870,421.29,18353.8,-2466.06,2026/01/29 23:34:50
3871,421.39,18321.3,-2471.87,2026/01/29 23:34:50
3872,421.51,18265.1,-2479.91,2026/01/29 23:34:50
3873,421.61,18205.8,-2492.93,2026/01/29 23:34:51
3874,421.72,18177.1,-2499.7,2026/01/29 23:34:51
3875,421.83,18159.7,-2503.44,2026/01/29 23:34:51
3876,421.94,18157,-2504.5,2026/01/29 23:34:51
3877,422.05,18153.7,-2505.29,2026/01/29 23:34:51
3878,422.16,18149.7,-2505.62,2026/01/29 23:34:51
3879,422.27,18161.8,-2503.43,2026/01/29 23:34:51
3880,422.38,18186,-2495.62,2026/01/29 23:34:51
3881,422.49,18239.3,-2485.58,2026/01/29 23:34:51
3882,422.6,18253,-2483.31,2026/01/29 23:34:52
3883,422.7,18293.6,-2474.09,2026/01/29 23:34:52
3884,422.81,18315.5,-2475.21,2026/01/29 23:34:52
3885,422.92,18335.6,-2470.32,2026/01/29 23:34:52
3886,423.03,18342.4,-2470.92,2026/01/29 23:34:52
3887,423.14,18352,-2467.72,2026/01/29 23:34:52
3888,423.25,18349.9,-2470.08,2026/01/29 23:34:52
3889,423.36,18348.8,-2469.24,2026/01/29 23:34:52
3890,423.47,18353.8,-2467.92,2026/01/29 23:34:52
3891,423.57,18321.6,-2472.82,2026/01/29 23:34:52
3892,423.68,18267.3,-2481.66,2026/01/29 23:34:53
3893,423.79,18208.2,-2493.3,2026/01/29 23:34:53
3894,423.9,18187.3,-2498.68,2026/01/29 23:34:53
3895,424.01,18162.8,-2501.74,2026/01/29 23:34:53
3896,424.12,18157.1,-2505.23,2026/01/29 23:34:53
3897,424.23,18154.5,-2503.38,2026/01/29 23:34:53
3898,424.34,18150,-2508.55,2026/01/29 23:34:53
3899,424.45,18151.7,-2505.33,2026/01/29 23:34:53
3900,424.55,18156,-2505.06,2026/01/29 23:34:53
3901,424.66,18193.9,-2497.02,2026/01/29 23:34:54
3902,424.77,18265.3,-2479.88,2026/01/29 23:34:54
3903,424.88,18306.4,-2473.08,2026/01/29 23:34:54
3904,424.99,18322.5,-2472.3,2026/01/29 23:34:54
3905,425.1,18329.5,-2471.31,2026/01/29 23:34:54
3906,425.21,18340.4,-2471.14,2026/01/29 23:34:54
3907,425.32,18342.9,-2467.88,2026/01/29 23:34:54
3908,425.43,18350.3,-2469.97,2026/01/29 23:34:54
3909,425.54,18350,-2469.17,2026/01/29 23:34:54
3910,425.64,18360.4,-2466.19,2026/01/29 23:34:55
3911,425.75,18350.9,-2471.67,2026/01/29 23:34:55
3912,425.86,18338.7,-2467.23,2026/01/29 23:34:55
3913,425.97,18275.8,-2481.21,2026/01/29 23:34:55
3914,426.08,18227.8,-2488.58,2026/01/29 23:34:55
3915,426.19,18194.2,-2497.12,2026/01/29 23:34:55
3916,426.3,18169.7,-2502.14,2026/01/29 23:34:55
3917,426.41,18160.8,-2504.85,2026/01/29 23:34:55
3918,426.52,18157.8,-2504.44,2026/01/29 23:34:55
3919,426.62,18158.1,-2504.36,2026/01/29 23:34:56
3920,426.73,18150.6,-2506.37,2026/01/29 23:34:56
3921,426.84,18167.1,-2501.88,2026/01/29 23:34:56
3922,426.95,18198.2,-2495.11,2026/01/29 23:34:56
3923,427.06,18253.3,-2483.51,2026/01/29 23:34:56
3924,427.17,18293.6,-2475.05,2026/01/29 23:34:56
3925,427.28,18323.8,-2470.32,2026/01/29 23:34:56
3926,427.39,18331,-2470.38,2026/01/29 23:34:56
3927,427.5,18344.5,-2471.3,2026/01/29 23:34:56
3928,427.6,18356.6,-2465.29,2026/01/29 23:34:57
3929,427.71,18347.4,-2469.89,2026/01/29 23:34:57
3930,427.82,18350.8,-2468.03,2026/01/29 23:34:57
3931,427.93,18300.7,-2474.17,2026/01/29 23:34:57
3932,428.04,18239.6,-2488.99,2026/01/29 23:34:57
3933,428.15,18195.1,-2494.2,2026/01/29 23:34:57
3934,428.26,18172.1,-2501.85,2026/01/29 23:34:57
3935,428.37,18161.4,-2502.67,2026/01/29 23:34:57
3936,428.48,18159.2,-2507.93,2026/01/29 23:34:57
3937,428.59,18160,-2503.48,2026/01/29 23:34:58
3938,428.7,18158.2,-2507.3,2026/01/29 23:34:58
3939,428.8,18172,-2501.28,2026/01/29 23:34:58
3940,428.91,18202.6,-2494.36,2026/01/29 23:34:58
3941,429.02,18254.2,-2485.06,2026/01/29 23:34:58
3942,429.13,18303.6,-2474.51,2026/01/29 23:34:58
3943,429.24,18330.1,-2472.34,2026/01/29 23:34:58
3944,429.35,18343.8,-2470.82,2026/01/29 23:34:58
3945,429.46,18349.8,-2471.67,2026/01/29 23:34:58
3946,429.57,18361.2,-2466.12,2026/01/29 23:34:58
3947,429.67,18355.7,-2469.14,2026/01/29 23:34:59
3948,429.78,18362.2,-2466.05,2026/01/29 23:34:59
3949,429.89,18356.7,-2470.58,2026/01/29 23:34:59
3950,430,18354.2,-2468.83,2026/01/29 23:34:59
3951,430.11,18325.5,-2472.09,2026/01/29 23:34:59
3952,430.22,18272.1,-2481.17,2026/01/29 23:34:59
3953,430.33,18217.8,-2492.33,2026/01/29 23:34:59
3954,430.44,18177.3,-2500.94,2026/01/29 23:34:59
3955,430.55,18173.1,-2502.39,2026/01/29 23:34:59
3956,430.66,18165,-2502.02,2026/01/29 23:35:00
3957,430.76,18166.9,-2501.58,2026/01/29 23:35:00
3958,430.87,18163.5,-2504.19,2026/01/29 23:35:00
3959,430.98,18177.3,-2499.23,2026/01/29 23:35:00
3960,431.09,18216.6,-2493,2026/01/29 23:35:00
3961,431.2,18235.7,-2486.85,2026/01/29 23:35:00
3962,431.31,18263.6,-2482.9,2026/01/29 23:35:00
3963,431.42,18295.3,-2476.12,2026/01/29 23:35:00
3964,431.53,18330.1,-2472.7,2026/01/29 23:35:00
3965,431.64,18340.9,-2470.36,2026/01/29 23:35:01
3966,431.74,18356.8,-2468.76,2026/01/29 23:35:01
3967,431.85,18358,-2468.2,2026/01/29 23:35:01
3968,431.96,18364.5,-2464.73,2026/01/29 23:35:01
3969,432.07,18361,-2469.81,2026/01/29 23:35:01
3970,432.18,18360,-2468.24,2026/01/29 23:35:01
3971,432.29,18361.1,-2469.75,2026/01/29 23:35:01
3972,432.4,18333.9,-2470.61,2026/01/29 23:35:01
3973,432.5,18294,-2479.78,2026/01/29 23:35:01
3974,432.61,18240.6,-2488.1,2026/01/29 23:35:02
3975,432.72,18204.3,-2495.17,2026/01/29 23:35:02
3976,432.83,18177.3,-2504.08,2026/01/29 23:35:02
3977,432.94,18171.9,-2504.5,2026/01/29 23:35:02
3978,433.05,18168.7,-2505.43,2026/01/29 23:35:02
3979,433.16,18170.4,-2502.7,2026/01/29 23:35:02
3980,433.27,18169.3,-2506.37,2026/01/29 23:35:02
3981,433.38,18174.6,-2502.56,2026/01/29 23:35:02
3982,433.49,18218.2,-2493.59,2026/01/29 23:35:02
3983,433.6,18250.1,-2486.34,2026/01/29 23:35:03
3984,433.71,18292.5,-2478.38,2026/01/29 23:35:03
3985,433.81,18324.3,-2473.63,2026/01/29 23:35:03
3986,433.92,18338.2,-2471.65,2026/01/29 23:35:03
3987,434.03,18336,-2473.18,2026/01/29 23:35:03
3988,434.14,18339.6,-2469.86,2026/01/29 23:35:03
3989,434.25,18338.2,-2472.74,2026/01/29 23:35:03
3990,434.36,18332.3,-2472.85,2026/01/29 23:35:03
3991,434.47,18280.3,-2481.76,2026/01/29 23:35:03
3992,434.58,18214.6,-2496.5,2026/01/29 23:35:03
3993,434.68,18190.2,-2499.59,2026/01/29 23:35:04
3994,434.79,18169.9,-2504.74,2026/01/29 23:35:04
3995,434.9,18169.5,-2503.55,2026/01/29 23:35:04
3996,435.01,18150.4,-2507.98,2026/01/29 23:35:04
3997,435.12,18150.4,-2508.71,2026/01/29 23:35:04
3998,435.23,18147.2,-2507.38,2026/01/29 23:35:04
3999,435.34,18162.2,-2504.02,2026/01/29 23:35:04
4000,435.45,18189.8,-2496.68,2026/01/29 23:35:04
4001,435.56,18246.3,-2485.83,2026/01/29 23:35:04
4002,435.67,18291.3,-2475.34,2026/01/29 23:35:05
4003,435.78,18321.2,-2476.47,2026/01/29 23:35:05
4004,435.88,18338.7,-2471.42,2026/01/29 23:35:05
4005,435.99,18341.2,-2472.35,2026/01/29 23:35:05
4006,436.1,18355.5,-2470.02,2026/01/29 23:35:05
4007,436.21,18356,-2469.98,2026/01/29 23:35:05
4008,436.32,18361.7,-2469.87,2026/01/29 23:35:05
4009,436.43,18364.1,-2466.31,2026/01/29 23:35:05
4010,436.54,18364,-2469.95,2026/01/29 23:35:05
4011,436.65,18359.6,-2469.34,2026/01/29 23:35:06
4012,436.75,18311.4,-2476.55,2026/01/29 23:35:06
4013,436.86,18235.4,-2489.32,2026/01/29 23:35:06
4014,436.97,18182.8,-2500.44,2026/01/29 23:35:06
4015,437.08,18183.3,-2501.3,2026/01/29 23:35:06
4016,437.19,18173.9,-2502.97,2026/01/29 23:35:06
4017,437.3,18172.6,-2503.95,2026/01/29 23:35:06
4018,437.41,18171.8,-2505.68,2026/01/29 23:35:06
4019,437.52,18179.9,-2501,2026/01/29 23:35:06
4020,437.63,18210.8,-2497.77,2026/01/29 23:35:07
4021,437.74,18268.6,-2481.17,2026/01/29 23:35:07
4022,437.84,18320.8,-2473.75,2026/01/29 23:35:07
4023,437.95,18334.5,-2472.38,2026/01/29 23:35:07
4024,438.06,18347.5,-2468.13,2026/01/29 23:35:07
4025,438.17,18353.4,-2472.12,2026/01/29 23:35:07
4026,438.28,18356.7,-2468.59,2026/01/29 23:35:07
4027,438.39,18359,-2469.09,2026/01/29 23:35:07
4028,438.5,18354.8,-2469.9,2026/01/29 23:35:07
4029,438.61,18351.1,-2469.46,2026/01/29 23:35:08
4030,438.71,18294.2,-2479.49,2026/01/29 23:35:08
4031,438.82,18239.5,-2489.31,2026/01/29 23:35:08
4032,438.93,18196.4,-2496.63,2026/01/29 23:35:08
4033,439.04,18179.1,-2502.64,2026/01/29 23:35:08
4034,439.15,18180.2,-2500.33,2026/01/29 23:35:08
4035,439.26,18174.8,-2504.59,2026/01/29 23:35:08
4036,439.37,18177.3,-2502.37,2026/01/29 23:35:08
4037,439.48,18186.3,-2502.12,2026/01/29 23:35:08
4038,439.59,18246.7,-2486.17,2026/01/29 23:35:09
4039,439.69,18282.7,-2481.41,2026/01/29 23:35:09
4040,439.8,18326.7,-2472.34,2026/01/29 23:35:09
4041,439.91,18330.6,-2471.26,2026/01/29 23:35:09
4042,440.02,18355.2,-2469.34,2026/01/29 23:35:09
4043,440.13,18363.5,-2470.28,2026/01/29 23:35:09
4044,440.24,18374.8,-2464.26,2026/01/29 23:35:09
4045,440.35,18376.1,-2466.94,2026/01/29 23:35:09
4046,440.46,18368.9,-2465.71,2026/01/29 23:35:09
4047,440.57,18369.4,-2468.76,2026/01/29 23:35:09
4048,440.67,18323.8,-2473.12,2026/01/29 23:35:10
4049,440.78,18262.7,-2483.77,2026/01/29 23:35:10
4050,440.89,18214,-2494.7,2026/01/29 23:35:10
4051,441,18182.1,-2500.92,2026/01/29 23:35:10
4052,441.11,18180.7,-2501.49,2026/01/29 23:35:10
4053,441.22,18175.8,-2504.88,2026/01/29 23:35:10
4054,441.33,18176,-2502.63,2026/01/29 23:35:10
4055,441.44,18175,-2504.99,2026/01/29 23:35:10
4056,441.55,18205.6,-2495.53,2026/01/29 23:35:10
4057,441.65,18266.4,-2483.73,2026/01/29 23:35:11
4058,441.76,18320.9,-2472.72,2026/01/29 23:35:11
4059,441.87,18335.6,-2470.75,2026/01/29 23:35:11
4060,441.98,18356.5,-2470.18,2026/01/29 23:35:11
4061,442.09,18366.6,-2469.38,2026/01/29 23:35:11
4062,442.2,18370,-2466.98,2026/01/29 23:35:11
4063,442.31,18368,-2471.44,2026/01/29 23:35:11
4064,442.42,18363.7,-2466.33,2026/01/29 23:35:11
4065,442.53,18326.8,-2472.62,2026/01/29 23:35:11
4066,442.64,18249.3,-2487.88,2026/01/29 23:35:12
4067,442.74,18201.8,-2495.87,2026/01/29 23:35:12
4068,442.85,18179,-2501.66,2026/01/29 23:35:12
4069,442.96,18181.1,-2501.95,2026/01/29 23:35:12
4070,443.07,18174.9,-2503.63,2026/01/29 23:35:12
4071,443.18,18180.2,-2504.12,2026/01/29 23:35:12
4072,443.29,18206.2,-2495.46,2026/01/29 23:35:12
4073,443.4,18280.6,-2481.8,2026/01/29 23:35:12
4074,443.51,18327.8,-2471.06,2026/01/29 23:35:12
4075,443.62,18340.8,-2472.78,2026/01/29 23:35:13
4076,443.72,18366.5,-2468.07,2026/01/29 23:35:13
4077,443.83,18367.9,-2470.07,2026/01/29 23:35:13
4078,443.94,18376.5,-2465.52,2026/01/29 23:35:13
4079,444.05,18371,-2468.86,2026/01/29 23:35:13
4080,444.16,18368.7,-2466.3,2026/01/29 23:35:13
4081,444.27,18351.8,-2470.58,2026/01/29 23:35:13
4082,444.38,18302.4,-2478.02,2026/01/29 23:35:13
4083,444.49,18251.2,-2486.97,2026/01/29 23:35:13
4084,444.6,18196.4,-2497.87,2026/01/29 23:35:14
4085,444.71,18181.8,-2503.4,2026/01/29 23:35:14
4086,444.81,18177.5,-2503.53,2026/01/29 23:35:14
4087,444.92,18163.4,-2506.45,2026/01/29 23:35:14
4088,445.03,18161.5,-2505.35,2026/01/29 23:35:14
4089,445.14,18177.1,-2499.49,2026/01/29 23:35:14
4090,445.25,18235,-2487.88,2026/01/29 23:35:14
4091,445.36,18281.3,-2479.85,2026/01/29 23:35:14
4092,445.47,18332,-2469.67,2026/01/29 23:35:14
4093,445.58,18345.9,-2472.68,2026/01/29 23:35:14
4094,445.68,18366.6,-2467.55,2026/01/29 23:35:15
4095,445.79,18372.5,-2468.54,2026/01/29 23:35:15
4096,445.9,18371.5,-2469.19,2026/01/29 23:35:15
4097,446.01,18374.1,-2465.87,2026/01/29 23:35:15
4098,446.12,18365,-2469.66,2026/01/29 23:35:15
4099,446.23,18310.7,-2477.31,2026/01/29 23:35:15
4100,446.34,18230.7,-2490.05,2026/01/29 23:35:15
4101,446.44,18195.4,-2500.12,2026/01/29 23:35:15
4102,446.55,18177.2,-2504.36,2026/01/29 23:35:15
4103,446.66,18182.6,-2502.45,2026/01/29 23:35:16
4104,446.77,18158.9,-2509.12,2026/01/29 23:35:16
4105,446.88,18152.7,-2508.48,2026/01/29 23:35:16
4106,446.99,18179.8,-2499.34,2026/01/29 23:35:16
4107,447.1,18224,-2492.19,2026/01/29 23:35:16
4108,447.21,18269.7,-2479.69,2026/01/29 23:35:16
4109,447.31,18320.9,-2474.39,2026/01/29 23:35:16
4110,447.42,18342.4,-2473.08,2026/01/29 23:35:16
4111,447.53,18364.9,-2467.69,2026/01/29 23:35:16
4112,447.64,18362.8,-2470.7,2026/01/29 23:35:17
4113,447.75,18375.4,-2467.31,2026/01/29 23:35:17
4114,447.86,18369,-2466.65,2026/01/29 23:35:17
4115,447.97,18371.7,-2466.7,2026/01/29 23:35:17
4116,448.07,18355.6,-2469.29,2026/01/29 23:35:17
4117,448.18,18282.2,-2479.82,2026/01/29 23:35:17
4118,448.29,18219.4,-2495.38,2026/01/29 23:35:17
4119,448.4,18179.9,-2501.81,2026/01/29 23:35:17
4120,448.51,18185.6,-2501.46,2026/01/29 23:35:17
4121,448.62,18177,-2506.23,2026/01/29 23:35:18
4122,448.73,18180.6,-2502.78,2026/01/29 23:35:18
4123,448.84,18182.8,-2502.34,2026/01/29 23:35:18
4124,448.95,18233.1,-2492.11,2026/01/29 23:35:18
4125,449.05,18296.1,-2475.9,2026/01/29 23:35:18
4126,449.16,18336.6,-2474.39,2026/01/29 23:35:18
4127,449.27,18362.1,-2469.34,2026/01/29 23:35:18
4128,449.38,18367,-2468.43,2026/01/29 23:35:18
4129,449.49,18371.5,-2467.79,2026/01/29 23:35:18
4130,449.6,18361.6,-2469.12,2026/01/29 23:35:19
4131,449.71,18317.1,-2473.66,2026/01/29 23:35:19
4132,449.82,18230.8,-2492.06,2026/01/29 23:35:19
4133,449.92,18191.5,-2499.92,2026/01/29 23:35:19
4134,450.03,18177.9,-2505.95,2026/01/29 23:35:19
4135,450.14,18174.5,-2503.89,2026/01/29 23:35:19
4136,450.25,18162.7,-2506.11,2026/01/29 23:35:19
4137,450.36,18155.4,-2507.9,2026/01/29 23:35:19
4138,450.47,18173.8,-2501.15,2026/01/29 23:35:19
4139,450.58,18219.6,-2491.86,2026/01/29 23:35:19
4140,450.69,18283.4,-2480.37,2026/01/29 23:35:20
4141,450.8,18333.6,-2471.45,2026/01/29 23:35:20
4142,450.9,18352.6,-2472.67,2026/01/29 23:35:20
4143,451.01,18360,-2468.32,2026/01/29 23:35:20
4144,451.12,18360.2,-2469.74,2026/01/29 23:35:20
4145,451.23,18367.9,-2467.28,2026/01/29 23:35:20
4146,451.34,18352.8,-2470.65,2026/01/29 23:35:20
4147,451.45,18309.8,-2475.69,2026/01/29 23:35:20
4148,451.56,18225,-2494.16,2026/01/29 23:35:20
4149,451.67,18188.1,-2499.67,2026/01/29 23:35:21
4150,451.78,18177.1,-2504.94,2026/01/29 23:35:21
4151,451.89,18176.1,-2504.27,2026/01/29 23:35:21
4152,452,18181.9,-2505.83,2026/01/29 23:35:21
4153,452.1,18183.4,-2502.33,2026/01/29 23:35:21
4154,452.21,18249.5,-2488.16,2026/01/29 23:35:21
4155,452.32,18291.7,-2481.46,2026/01/29 23:35:21
4156,452.43,18331.5,-2472.5,2026/01/29 23:35:21
4157,452.54,18351.7,-2471.46,2026/01/29 23:35:21
4158,452.65,18360.7,-2471.26,2026/01/29 23:35:22
4159,452.76,18364.7,-2467.17,2026/01/29 23:35:22
4160,452.86,18346.8,-2474.97,2026/01/29 23:35:22
4161,452.97,18295.3,-2476.92,2026/01/29 23:35:22
4162,453.08,18219.6,-2496.43,2026/01/29 23:35:22
4163,453.19,18193.2,-2501.66,2026/01/29 23:35:22
4164,453.3,18171.7,-2505.11,2026/01/29 23:35:22
4165,453.41,18178,-2504.26,2026/01/29 23:35:22
4166,453.52,18157.6,-2508.19,2026/01/29 23:35:22
4167,453.63,18160.2,-2506.75,2026/01/29 23:35:23
4168,453.74,18166.9,-2505.19,2026/01/29 23:35:23
4169,453.84,18207.4,-2493.63,2026/01/29 23:35:23
4170,453.95,18271.9,-2481.97,2026/01/29 23:35:23
4171,454.06,18314.5,-2476.17,2026/01/29 23:35:23
4172,454.17,18338.8,-2470.6,2026/01/29 23:35:23
4173,454.28,18344.4,-2474.88,2026/01/29 23:35:23
4174,454.39,18349.4,-2469.63,2026/01/29 23:35:23
4175,454.5,18340.7,-2474.26,2026/01/29 23:35:23
4176,454.61,18280.6,-2480.77,2026/01/29 23:35:24
4177,454.72,18212,-2497.67,2026/01/29 23:35:24
4178,454.83,18179.9,-2502.8,2026/01/29 23:35:24
4179,454.94,18179.5,-2504.2,2026/01/29 23:35:24
4180,455.05,18154.4,-2509.38,2026/01/29 23:35:24
4181,455.16,18151.7,-2507.97,2026/01/29 23:35:24
4182,455.27,18134.8,-2514.92,2026/01/29 23:35:24
4183,455.37,18122.4,-2517.38,2026/01/29 23:35:24
4184,455.48,18129.8,-2514.77,2026/01/29 23:35:24
4185,455.59,18236.2,-2489.99,2026/01/29 23:35:25
4186,455.7,18295.7,-2474.87,2026/01/29 23:35:25
4187,455.81,18322.8,-2475.8,2026/01/29 23:35:25
4188,455.92,18328.8,-2474.27,2026/01/29 23:35:25
4189,456.03,18333.7,-2475.28,2026/01/29 23:35:25
4190,456.13,18337,-2471.4,2026/01/29 23:35:25
4191,456.24,18338.3,-2471.93,2026/01/29 23:35:25
4192,456.35,18338.9,-2472.55,2026/01/29 23:35:25
4193,456.46,18267.8,-2486.32,2026/01/29 23:35:25
4194,456.57,18218.2,-2495.6,2026/01/29 23:35:25
4195,456.68,18179.5,-2503.4,2026/01/29 23:35:26
4196,456.79,18185.9,-2502.82,2026/01/29 23:35:26
4197,456.9,18170.4,-2506.21,2026/01/29 23:35:26
4198,457.01,18167.9,-2506.01,2026/01/29 23:35:26
4199,457.12,18158.2,-2509.57,2026/01/29 23:35:26
4200,457.23,18150.5,-2509.94,2026/01/29 23:35:26
4201,457.33,18142.2,-2513.33,2026/01/29 23:35:26
4202,457.44,18187.1,-2500,2026/01/29 23:35:26
4203,457.55,18280.8,-2478.66,2026/01/29 23:35:26
4204,457.66,18315.3,-2477.34,2026/01/29 23:35:27
4205,457.77,18337.8,-2469.57,2026/01/29 23:35:27
4206,457.88,18344.9,-2474.24,2026/01/29 23:35:27
4207,457.99,18362,-2467.95,2026/01/29 23:35:27
4208,458.1,18362.1,-2471.66,2026/01/29 23:35:27
4209,458.21,18363.2,-2468.64,2026/01/29 23:35:27
4210,458.32,18350.5,-2472.51,2026/01/29 23:35:27
4211,458.43,18272.8,-2481.63,2026/01/29 23:35:27
4212,458.53,18208.3,-2497.11,2026/01/29 23:35:27
4213,458.64,18178.8,-2506.65,2026/01/29 23:35:28
4214,458.75,18186.5,-2500.17,2026/01/29 23:35:28
4215,458.86,18163.8,-2508.76,2026/01/29 23:35:28
4216,458.97,18155.1,-2508.71,2026/01/29 23:35:28
4217,459.08,18152.7,-2509.67,2026/01/29 23:35:28
4218,459.19,18212.8,-2493.27,2026/01/29 23:35:28
4219,459.3,18293.1,-2478.51,2026/01/29 23:35:28
4220,459.4,18331.9,-2473.66,2026/01/29 23:35:28
4221,459.51,18355.8,-2470.81,2026/01/29 23:35:28
4222,459.62,18365.5,-2470.24,2026/01/29 23:35:29
4223,459.73,18373.5,-2466.87,2026/01/29 23:35:29
4224,459.84,18374.6,-2467.94,2026/01/29 23:35:29
4225,459.95,18369.5,-2467.71,2026/01/29 23:35:29
4226,460.06,18355.4,-2471.91,2026/01/29 23:35:29
4227,460.17,18274.5,-2482.67,2026/01/29 23:35:29
4228,460.28,18213.7,-2497.22,2026/01/29 23:35:29
4229,460.39,18178.9,-2502.72,2026/01/29 23:35:29
4230,460.49,18187.2,-2502.76,2026/01/29 23:35:29
4231,460.6,18169.8,-2505.61,2026/01/29 23:35:30
4232,460.71,18160.8,-2508.82,2026/01/29 23:35:30
4233,460.82,18188.5,-2502.06,2026/01/29 23:35:30
4234,460.93,18271.4,-2480.16,2026/01/29 23:35:30
4235,461.04,18322.7,-2476.99,2026/01/29 23:35:30
4236,461.15,18344.5,-2469.4,2026/01/29 23:35:30
4237,461.26,18363.8,-2471.46,2026/01/29 23:35:30
4238,461.36,18366.8,-2468.46,2026/01/29 23:35:30
4239,461.47,18376.3,-2465.88,2026/01/29 23:35:30
4240,461.58,18368.2,-2471.85,2026/01/29 23:35:31
4241,461.69,18374.2,-2466.4,2026/01/29 23:35:31
4242,461.8,18345.5,-2472.85,2026/01/29 23:35:31
4243,461.91,18271.8,-2483.6,2026/01/29 23:35:31
4244,462.02,18213.3,-2495.8,2026/01/29 23:35:31
4245,462.13,18180.8,-2502.31,2026/01/29 23:35:31
4246,462.23,18191.7,-2501.4,2026/01/29 23:35:31
4247,462.35,18166.6,-2507,2026/01/29 23:35:31
4248,462.46,18161.4,-2507.75,2026/01/29 23:35:31
4249,462.56,18154,-2509.05,2026/01/29 23:35:31
4250,462.67,18230.4,-2489.15,2026/01/29 23:35:32
4251,462.78,18306.1,-2477.08,2026/01/29 23:35:32
4252,462.89,18347.6,-2470.72,2026/01/29 23:35:32
4253,463,18368.1,-2468.27,2026/01/29 23:35:32
4254,463.11,18378,-2467.33,2026/01/29 23:35:32
4255,463.22,18384.5,-2463.68,2026/01/29 23:35:32
4256,463.32,18381,-2468.1,2026/01/29 23:35:32
4257,463.43,18383.5,-2464.58,2026/01/29 23:35:32
4258,463.54,18378.3,-2465.82,2026/01/29 23:35:32
4259,463.65,18381.7,-2467.84,2026/01/29 23:35:33
4260,463.76,18379.6,-2467.72,2026/01/29 23:35:33
4261,463.87,18380,-2469.14,2026/01/29 23:35:33
4262,463.98,18383.5,-2466.22,2026/01/29 23:35:33
4263,464.09,18378.6,-2469.64,2026/01/29 23:35:33
4264,464.19,18386.2,-2467.56,2026/01/29 23:35:33
4265,464.3,18380.7,-2467.43,2026/01/29 23:35:33
4266,464.41,18385.1,-2467.27,2026/01/29 23:35:33
4267,464.52,18383.3,-2468.95,2026/01/29 23:35:33
4268,464.63,18384.7,-2466.8,2026/01/29 23:35:34
4269,464.74,18386.8,-2468.61,2026/01/29 23:35:34
4270,464.85,18384.2,-2465.27,2026/01/29 23:35:34
4271,464.96,18387.2,-2467.93,2026/01/29 23:35:34
4272,465.06,18383.7,-2468.13,2026/01/29 23:35:34
4273,465.17,18391,-2464.89,2026/01/29 23:35:34
4274,465.28,18383.1,-2469.07,2026/01/29 23:35:34
4275,465.39,18390.8,-2465.47,2026/01/29 23:35:34
4276,465.5,18384.2,-2467.18,2026/01/29 23:35:34
4277,465.61,18388.5,-2467.11,2026/01/29 23:35:35
4278,465.72,18387,-2465.56,2026/01/29 23:35:35
4279,465.83,18387.5,-2469.07,2026/01/29 23:35:35
4280,465.93,18391,-2464.78,2026/01/29 23:35:35
4281,466.04,18385.8,-2468.41,2026/01/29 23:35:35
4282,466.15,18391.8,-2465.12,2026/01/29 23:35:35
4283,466.26,18387.3,-2466.08,2026/01/29 23:35:35
4284,466.37,18390.6,-2464.77,2026/01/29 23:35:35
4285,466.48,18388.1,-2468.15,2026/01/29 23:35:35
4286,466.59,18391.2,-2464.4,2026/01/29 23:35:36
4287,466.7,18388.7,-2468.03,2026/01/29 23:35:36
4288,466.81,18391,-2464.21,2026/01/29 23:35:36
4289,466.92,18389.1,-2467.09,2026/01/29 23:35:36
4290,467.03,18392.1,-2466.81,2026/01/29 23:35:36
4291,467.14,18390.1,-2464.77,2026/01/29 23:35:36
4292,467.24,18388.5,-2468.95,2026/01/29 23:35:36
4293,467.35,18393.6,-2463.41,2026/01/29 23:35:36
4294,467.46,18389,-2467,2026/01/29 23:35:36
4295,467.57,18395.2,-2464.48,2026/01/29 23:35:36
4296,467.68,18390.1,-2466.09,2026/01/29 23:35:37
4297,467.79,18394.1,-2463.93,2026/01/29 23:35:37
4298,467.9,18390.6,-2468.52,2026/01/29 23:35:37
4299,468.01,18393.9,-2463.86,2026/01/29 23:35:37
4300,468.12,18391.8,-2466.88,2026/01/29 23:35:37
4301,468.22,18393.5,-2464.82,2026/01/29 23:35:37
4302,468.33,18395.4,-2463.25,2026/01/29 23:35:37
4303,468.44,18390,-2467.03,2026/01/29 23:35:37
4304,468.55,18396.5,-2465.55,2026/01/29 23:35:37
4305,468.66,18393.9,-2465.04,2026/01/29 23:35:38
4306,468.76,18392.4,-2466.08,2026/01/29 23:35:38
4307,468.87,18397.3,-2464.93,2026/01/29 23:35:38
4308,468.98,18392.1,-2465.2,2026/01/29 23:35:38
4309,469.09,18397.4,-2463.2,2026/01/29 23:35:38
4310,469.2,18393.2,-2467.11,2026/01/29 23:35:38
4311,469.31,18397,-2463.49,2026/01/29 23:35:38
4312,469.41,18394.5,-2465.85,2026/01/29 23:35:38
4313,469.52,18397.6,-2464.46,2026/01/29 23:35:38
4314,469.63,18397.8,-2462.07,2026/01/29 23:35:39
4315,469.74,18393.7,-2465.72,2026/01/29 23:35:39
4316,469.85,18398.3,-2465.37,2026/01/29 23:35:39
4317,469.96,18397.1,-2464.52,2026/01/29 23:35:39
4318,470.06,18396.3,-2465.05,2026/01/29 23:35:39
4319,470.17,18399.7,-2464.94,2026/01/29 23:35:39
4320,470.28,18395.3,-2463.7,2026/01/29 23:35:39
4321,470.39,18399.1,-2466.29,2026/01/29 23:35:39
4322,470.5,18396.7,-2463.87,2026/01/29 23:35:39
4323,470.61,18400.2,-2463.47,2026/01/29 23:35:40
4324,470.72,18394.3,-2466.19,2026/01/29 23:35:40
4325,470.83,18401.8,-2465.02,2026/01/29 23:35:40
4326,470.94,18396.7,-2464.18,2026/01/29 23:35:40
4327,471.05,18400.2,-2464.49,2026/01/29 23:35:40
4328,471.15,18399,-2464.15,2026/01/29 23:35:40
4329,471.26,18398.9,-2463.96,2026/01/29 23:35:40
4330,471.37,18402,-2464.23,2026/01/29 23:35:40
4331,471.48,18398.8,-2463.24,2026/01/29 23:35:40
4332,471.59,18400.7,-2464.61,2026/01/29 23:35:41
4333,471.7,18399.6,-2462.38,2026/01/29 23:35:41
4334,471.81,18402,-2463.75,2026/01/29 23:35:41
4335,471.92,18397.7,-2465.18,2026/01/29 23:35:41
4336,472.03,18404,-2462.18,2026/01/29 23:35:41
4337,472.14,18398.3,-2464.57,2026/01/29 23:35:41
4338,472.25,18403.8,-2464.86,2026/01/29 23:35:41
4339,472.35,18399.9,-2464.28,2026/01/29 23:35:41
4340,472.46,18402.3,-2463.21,2026/01/29 23:35:41
4341,472.57,18402.7,-2465,2026/01/29 23:35:41
4342,472.68,18401.8,-2462.22,2026/01/29 23:35:42
4343,472.79,18401.9,-2465.22,2026/01/29 23:35:42
4344,472.9,18402.5,-2462.98,2026/01/29 23:35:42
4345,473.01,18402.9,-2464.87,2026/01/29 23:35:42
4346,473.12,18401.4,-2463.27,2026/01/29 23:35:42
4347,473.23,18404.8,-2461.86,2026/01/29 23:35:42
4348,473.34,18400,-2464.58,2026/01/29 23:35:42
4349,473.45,18406.9,-2462.59,2026/01/29 23:35:42
4350,473.56,18400.5,-2462.53,2026/01/29 23:35:42
4351,473.66,18405.2,-2463.43,2026/01/29 23:35:43
4352,473.77,18404.1,-2462.77,2026/01/29 23:35:43
4353,473.88,18402.6,-2463.11,2026/01/29 23:35:43
4354,473.99,18406.9,-2463.9,2026/01/29 23:35:43
4355,474.1,18401,-2462.73,2026/01/29 23:35:43
4356,474.21,18407,-2464.51,2026/01/29 23:35:43
4357,474.32,18402.3,-2463.49,2026/01/29 23:35:43
4358,474.43,18407.6,-2461.66,2026/01/29 23:35:43
4359,474.53,18399.9,-2465.04,2026/01/29 23:35:43
4360,474.64,18408.2,-2462.07,2026/01/29 23:35:44
4361,474.75,18401.6,-2462.92,2026/01/29 23:35:44
4362,474.86,18407.5,-2463.41,2026/01/29 23:35:44
4363,474.97,18404.6,-2462.86,2026/01/29 23:35:44
4364,475.08,18403.5,-2463.86,2026/01/29 23:35:44
4365,475.19,18407.5,-2461.72,2026/01/29 23:35:44
4366,475.29,18402.9,-2463.88,2026/01/29 23:35:44
4367,475.4,18407.2,-2462.31,2026/01/29 23:35:44
4368,475.51,18403.7,-2465.14,2026/01/29 23:35:44
4369,475.62,18407.7,-2459.22,2026/01/29 23:35:45
4370,475.73,18403.1,-2464.02,2026/01/29 23:35:45
4371,475.84,18408.5,-2461.94,2026/01/29 23:35:45
4372,475.95,18405,-2463.38,2026/01/29 23:35:45
4373,476.06,18407.7,-2462.28,2026/01/29 23:35:45
4374,476.17,18405.5,-2461.57,2026/01/29 23:35:45
4375,476.28,18403.9,-2464.66,2026/01/29 23:35:45
4376,476.38,18409.4,-2460.82,2026/01/29 23:35:45
4377,476.49,18404.7,-2462.83,2026/01/29 23:35:45
4378,476.6,18407.9,-2462.41,2026/01/29 23:35:46
4379,476.71,18405.3,-2463.69,2026/01/29 23:35:46
4380,476.82,18408.5,-2460.33,2026/01/29 23:35:46
4381,476.93,18405.9,-2464.21,2026/01/29 23:35:46
4382,477.04,18407.6,-2460.55,2026/01/29 23:35:46
4383,477.15,18406.9,-2463.09,2026/01/29 23:35:46
4384,477.26,18406.4,-2461.89,2026/01/29 23:35:46
4385,477.36,18409.1,-2460.83,2026/01/29 23:35:46
4386,477.47,18402.9,-2464.31,2026/01/29 23:35:46
4387,477.58,18411.2,-2461.67,2026/01/29 23:35:47
4388,477.69,18405.3,-2462.21,2026/01/29 23:35:47
4389,477.8,18407.9,-2462.63,2026/01/29 23:35:47
4390,477.91,18407.3,-2461.39,2026/01/29 23:35:47
4391,478.02,18407,-2462.57,2026/01/29 23:35:47
4392,478.13,18410.2,-2461.58,2026/01/29 23:35:47
4393,478.24,18405.7,-2462.61,2026/01/29 23:35:47
4394,478.35,18409.4,-2464.28,2026/01/29 23:35:47
4395,478.45,18405.6,-2461.36,2026/01/29 23:35:47
4396,478.56,18410.7,-2462.1,2026/01/29 23:35:47
4397,478.67,18404.4,-2463.62,2026/01/29 23:35:48
4398,478.78,18411.4,-2461.17,2026/01/29 23:35:48
4399,478.89,18404.7,-2461.88,2026/01/29 23:35:48
4400,479,18411.3,-2461.47,2026/01/29 23:35:48
4401,479.11,18405.8,-2461.65,2026/01/29 23:35:48
4402,479.22,18410.2,-2461.83,2026/01/29 23:35:48
4403,479.33,18408.2,-2461.5,2026/01/29 23:35:48
4404,479.44,18407.6,-2462.03,2026/01/29 23:35:48
4405,479.55,18411.3,-2462.32,2026/01/29 23:35:48
4406,479.65,18405.5,-2461.65,2026/01/29 23:35:49
4407,479.76,18412.2,-2462.46,2026/01/29 23:35:49
4408,479.87,18404.9,-2463.34,2026/01/29 23:35:49
4409,479.98,18411.2,-2458.97,2026/01/29 23:35:49
4410,480.09,18404.8,-2463.64,2026/01/29 23:35:49
4411,480.2,18411.4,-2461.25,2026/01/29 23:35:49
4412,480.31,18407.1,-2462.04,2026/01/29 23:35:49
4413,480.41,18407.7,-2464.27,2026/01/29 23:35:49
4414,480.52,18409.7,-2459.34,2026/01/29 23:35:49
4415,480.63,18405.5,-2463.38,2026/01/29 23:35:50
4416,480.74,18411.6,-2461.92,2026/01/29 23:35:50
4417,480.85,18407.9,-2462.1,2026/01/29 23:35:50
4418,480.96,18407.7,-2462.04,2026/01/29 23:35:50
4419,481.07,18409.6,-2462.37,2026/01/29 23:35:50
4420,481.17,18407.8,-2461.73,2026/01/29 23:35:50
4421,481.28,18409.2,-2463.53,2026/01/29 23:35:50
4422,481.39,18399.1,-2462.37,2026/01/29 23:35:50
4423,481.5,18348.6,-2472.6,2026/01/29 23:35:50
4424,481.61,18312.9,-2480.54,2026/01/29 23:35:51
4425,481.72,18236.1,-2489.95,2026/01/29 23:35:51
4426,481.83,18202,-2495.77,2026/01/29 23:35:51
4427,481.94,18221.1,-2491.82,2026/01/29 23:35:51
4428,482.05,18214.3,-2493.46,2026/01/29 23:35:51
4429,482.15,18200.2,-2497.82,2026/01/29 23:35:51
4430,482.26,18193,-2495.89,2026/01/29 23:35:51
4431,482.37,18181.3,-2500.08,2026/01/29 23:35:51
4432,482.48,18180.3,-2499.63,2026/01/29 23:35:51
4433,482.59,18173.1,-2501.88,2026/01/29 23:35:52
4434,482.7,18296.9,-2469.03,2026/01/29 23:35:52
4435,482.81,18334.4,-2471.93,2026/01/29 23:35:52
4436,482.92,18347.6,-2466.13,2026/01/29 23:35:52
4437,483.03,18342.6,-2470.9,2026/01/29 23:35:52
4438,483.14,18336.6,-2469.65,2026/01/29 23:35:52
4439,483.24,18239.2,-2489.33,2026/01/29 23:35:52
4440,483.35,18210.9,-2493.63,2026/01/29 23:35:52
4441,483.46,18216.8,-2490.66,2026/01/29 23:35:52
4442,483.57,18217.4,-2495.94,2026/01/29 23:35:52
4443,483.68,18203.8,-2494.49,2026/01/29 23:35:53
4444,483.79,18272.5,-2479.41,2026/01/29 23:35:53
4445,483.9,18326.2,-2467.19,2026/01/29 23:35:53
4446,484.01,18343.1,-2468.78,2026/01/29 23:35:53
4447,484.12,18359.5,-2464.85,2026/01/29 23:35:53
4448,484.22,18361.7,-2468.51,2026/01/29 23:35:53
4449,484.33,18363.5,-2464.54,2026/01/29 23:35:53
4450,484.44,18339.8,-2471.1,2026/01/29 23:35:53
4451,484.55,18232.2,-2489.35,2026/01/29 23:35:53
4452,484.66,18211.5,-2492.15,2026/01/29 23:35:54
4453,484.77,18214.9,-2493.42,2026/01/29 23:35:54
4454,484.88,18208.5,-2493.8,2026/01/29 23:35:54
4455,484.99,18280.7,-2476.95,2026/01/29 23:35:54
4456,485.09,18347,-2465.87,2026/01/29 23:35:54
4457,485.2,18366.8,-2462.08,2026/01/29 23:35:54
4458,485.31,18369.6,-2465.14,2026/01/29 23:35:54
4459,485.42,18375.4,-2464.59,2026/01/29 23:35:54
4460,485.53,18368,-2465.55,2026/01/29 23:35:54
4461,485.64,18298.1,-2475.82,2026/01/29 23:35:55
4462,485.75,18199.1,-2495.86,2026/01/29 23:35:55
4463,485.86,18225.5,-2489.13,2026/01/29 23:35:55
4464,485.96,18213.7,-2494.2,2026/01/29 23:35:55
4465,486.07,18227.8,-2489.8,2026/01/29 23:35:55
4466,486.18,18334.3,-2466.96,2026/01/29 23:35:55
4467,486.29,18365.9,-2464.15,2026/01/29 23:35:55
4468,486.4,18366.1,-2464.09,2026/01/29 23:35:55
4469,486.51,18362.7,-2469.09,2026/01/29 23:35:55
4470,486.62,18270.4,-2478.13,2026/01/29 23:35:56
4471,486.73,18203.2,-2495.24,2026/01/29 23:35:56
4472,486.84,18219.2,-2490.62,2026/01/29 23:35:56
4473,486.95,18205.8,-2494.44,2026/01/29 23:35:56
4474,487.06,18264.1,-2479.46,2026/01/29 23:35:56
4475,487.16,18337.1,-2466.94,2026/01/29 23:35:56
4476,487.27,18351.3,-2463.47,2026/01/29 23:35:56
4477,487.38,18320.1,-2469.35,2026/01/29 23:35:56
4478,487.49,18201.5,-2493.43,2026/01/29 23:35:56
4479,487.6,18215.1,-2492.46,2026/01/29 23:35:57
4480,487.71,18207.6,-2494.95,2026/01/29 23:35:57
4481,487.82,18200.5,-2494.54,2026/01/29 23:35:57
4482,487.93,18274.6,-2476.5,2026/01/29 23:35:57
4483,488.03,18330.6,-2467.5,2026/01/29 23:35:57
4484,488.14,18352.6,-2463.18,2026/01/29 23:35:57
4485,488.25,18358.9,-2464.96,2026/01/29 23:35:57
4486,488.36,18353.2,-2463.31,2026/01/29 23:35:57
4487,488.47,18222.2,-2491.4,2026/01/29 23:35:57
4488,488.58,18209.1,-2493.94,2026/01/29 23:35:57
4489,488.69,18203.1,-2494.9,2026/01/29 23:35:58
4490,488.8,18320.8,-2468.68,2026/01/29 23:35:58
4491,488.9,18360.2,-2466.28,2026/01/29 23:35:58
4492,489.01,18374,-2461.06,2026/01/29 23:35:58
4493,489.12,18369.1,-2466.22,2026/01/29 23:35:58
4494,489.23,18323.6,-2467.42,2026/01/29 23:35:58
4495,489.34,18203.3,-2492.65,2026/01/29 23:35:58
4496,489.45,18210.7,-2492.88,2026/01/29 23:35:58
4497,489.56,18247.5,-2484.4,2026/01/29 23:35:58
4498,489.67,18342.6,-2464.69,2026/01/29 23:35:59
4499,489.78,18349.5,-2464.1,2026/01/29 23:35:59
4500,489.88,18332.1,-2467.99,2026/01/29 23:35:59
4501,489.99,18213.2,-2491.93,2026/01/29 23:35:59
4502,490.1,18210.1,-2492.51,2026/01/29 23:35:59
4503,490.21,18202,-2495.61,2026/01/29 23:35:59
4504,490.32,18324,-2469.06,2026/01/29 23:35:59
4505,490.43,18340.8,-2464.59,2026/01/29 23:35:59
4506,490.54,18344.7,-2466.49,2026/01/29 23:35:59
4507,490.65,18320.8,-2466.75,2026/01/29 23:36:00
4508,490.76,18205.6,-2495.54,2026/01/29 23:36:00
4509,490.87,18208.3,-2492.49,2026/01/29 23:36:00
4510,490.98,18201.3,-2494.57,2026/01/29 23:36:00
4511,491.08,18300.2,-2473.74,2026/01/29 23:36:00
4512,491.19,18323.8,-2466.65,2026/01/29 23:36:00
4513,491.3,18318.6,-2467.39,2026/01/29 23:36:00
4514,491.41,18322.9,-2467.78,2026/01/29 23:36:00
4515,491.52,18260.4,-2480.21,2026/01/29 23:36:00
4516,491.63,18202.3,-2494.75,2026/01/29 23:36:01
4517,491.74,18207.8,-2493.02,2026/01/29 23:36:01
4518,491.85,18203.3,-2497.47,2026/01/29 23:36:01
4519,491.96,18330.8,-2463.97,2026/01/29 23:36:01
4520,492.06,18329.8,-2465.73,2026/01/29 23:36:01
4521,492.17,18333.1,-2465.52,2026/01/29 23:36:01
4522,492.28,18306,-2470.98,2026/01/29 23:36:01
4523,492.39,18209.5,-2491.93,2026/01/29 23:36:01
4524,492.5,18197.8,-2497.33,2026/01/29 23:36:01
4525,492.61,18177.6,-2496.35,2026/01/29 23:36:02
4526,492.72,18274.4,-2476.48,2026/01/29 23:36:02
4527,492.83,18325.3,-2466.2,2026/01/29 23:36:02
4528,492.94,18322.3,-2468.39,2026/01/29 23:36:02
4529,493.05,18318.6,-2470.43,2026/01/29 23:36:02
4530,493.15,18208,-2491.39,2026/01/29 23:36:02
4531,493.26,18205.4,-2493.63,2026/01/29 23:36:02
4532,493.37,18203.9,-2493.26,2026/01/29 23:36:02
4533,493.48,18312.9,-2469.06,2026/01/29 23:36:02
4534,493.59,18326.5,-2467.67,2026/01/29 23:36:03
4535,493.7,18330.7,-2466.26,2026/01/29 23:36:03
4536,493.81,18331.8,-2466.25,2026/01/29 23:36:03
4537,493.92,18233.8,-2486.8,2026/01/29 23:36:03
4538,494.03,18208,-2491.83,2026/01/29 23:36:03
4539,494.14,18201.9,-2493.71,2026/01/29 23:36:03
4540,494.25,18282.1,-2474.91,2026/01/29 23:36:03
4541,494.36,18322.7,-2468.29,2026/01/29 23:36:03
4542,494.46,18314.3,-2468.87,2026/01/29 23:36:03
4543,494.57,18321.4,-2467.89,2026/01/29 23:36:03
4544,494.68,18301.4,-2473.24,2026/01/29 23:36:04
4545,494.79,18209.9,-2491.01,2026/01/29 23:36:04
4546,494.9,18207.8,-2492.64,2026/01/29 23:36:04
4547,495.01,18210,-2491.76,2026/01/29 23:36:04
4548,495.12,18227.5,-2489.5,2026/01/29 23:36:04
4549,495.23,18324.5,-2466.13,2026/01/29 23:36:04
4550,495.33,18329.9,-2463.15,2026/01/29 23:36:04
4551,495.45,18328.2,-2468.09,2026/01/29 23:36:04
4552,495.55,18329.2,-2464.88,2026/01/29 23:36:04
4553,495.66,18230,-2488.41,2026/01/29 23:36:05
4554,495.77,18209.5,-2492.08,2026/01/29 23:36:05
4555,495.88,18182.8,-2498.12,2026/01/29 23:36:05
4556,495.99,18209.6,-2491.22,2026/01/29 23:36:05
4557,496.1,18319.3,-2469.23,2026/01/29 23:36:05
4558,496.21,18332.8,-2464.09,2026/01/29 23:36:05
4559,496.32,18335,-2467.19,2026/01/29 23:36:05
4560,496.42,18327.9,-2468,2026/01/29 23:36:05
4561,496.53,18320.8,-2471.17,2026/01/29 23:36:05
4562,496.64,18199.1,-2494.59,2026/01/29 23:36:06
4563,496.75,18190.9,-2493.31,2026/01/29 23:36:06
4564,496.86,18156.5,-2503.71,2026/01/29 23:36:06
4565,496.97,18274.8,-2473.99,2026/01/29 23:36:06
4566,497.08,18322.5,-2467.49,2026/01/29 23:36:06
4567,497.19,18333.5,-2465.9,2026/01/29 23:36:06
4568,497.3,18330.4,-2466.75,2026/01/29 23:36:06
4569,497.41,18327.6,-2469.64,2026/01/29 23:36:06
4570,497.51,18203.7,-2492.27,2026/01/29 23:36:06
4571,497.62,18200.8,-2495.03,2026/01/29 23:36:07
4572,497.73,18175.3,-2497.71,2026/01/29 23:36:07
4573,497.84,18183.6,-2498.68,2026/01/29 23:36:07
4574,497.95,18326.5,-2465.54,2026/01/29 23:36:07
4575,498.06,18344.3,-2464.96,2026/01/29 23:36:07
4576,498.17,18353.7,-2462.15,2026/01/29 23:36:07
4577,498.28,18345.4,-2468.21,2026/01/29 23:36:07
4578,498.39,18308.6,-2470.19,2026/01/29 23:36:07
4579,498.5,18190.4,-2498.22,2026/01/29 23:36:07
4580,498.61,18176.2,-2497.32,2026/01/29 23:36:08
4581,498.71,18162.2,-2501.45,2026/01/29 23:36:08
4582,498.82,18279.2,-2471.09,2026/01/29 23:36:08
4583,498.93,18341,-2467.55,2026/01/29 23:36:08
4584,499.04,18351.1,-2463.82,2026/01/29 23:36:08
4585,499.15,18358.2,-2463.5,2026/01/29 23:36:08
4586,499.26,18348.5,-2467.38,2026/01/29 23:36:08
4587,499.37,18284.8,-2475.92,2026/01/29 23:36:08
4588,499.48,18192.8,-2494.75,2026/01/29 23:36:08
4589,499.59,18190.1,-2493.95,2026/01/29 23:36:09
4590,499.69,18169.9,-2498.05,2026/01/29 23:36:09
4591,499.8,18213.3,-2491.14,2026/01/29 23:36:09
4592,499.91,18324,-2464.4,2026/01/29 23:36:09
4593,500.02,18342.2,-2466.79,2026/01/29 23:36:09
4594,500.13,18352.2,-2464.96,2026/01/29 23:36:09
4595,500.24,18346.7,-2466.35,2026/01/29 23:36:09
4596,500.35,18314.3,-2469.13,2026/01/29 23:36:09
4597,500.46,18198.6,-2493.46,2026/01/29 23:36:09
4598,500.56,18206.7,-2491.74,2026/01/29 23:36:09
4599,500.67,18204.1,-2492.68,2026/01/29 23:36:10
4600,500.78,18279.9,-2475.38,2026/01/29 23:36:10
4601,500.89,18333.3,-2466.79,2026/01/29 23:36:10
4602,501,18334.9,-2466.53,2026/01/29 23:36:10
4603,501.11,18347,-2464.05,2026/01/29 23:36:10
4604,501.22,18338.6,-2466.61,2026/01/29 23:36:10
4605,501.33,18288.6,-2471.97,2026/01/29 23:36:10
4606,501.44,18197.5,-2494.99,2026/01/29 23:36:10
4607,501.55,18180.9,-2495.65,2026/01/29 23:36:10
4608,501.65,18153.6,-2504.3,2026/01/29 23:36:11
4609,501.76,18256.4,-2476.87,2026/01/29 23:36:11
4610,501.87,18309.5,-2469.12,2026/01/29 23:36:11
4611,501.98,18317.5,-2467.88,2026/01/29 23:36:11
4612,502.09,18319.2,-2465.2,2026/01/29 23:36:11
4613,502.2,18197.8,-2494.28,2026/01/29 23:36:11
4614,502.31,18207,-2491.65,2026/01/29 23:36:11
4615,502.42,18204.3,-2492.68,2026/01/29 23:36:11
4616,502.52,18227.4,-2489.14,2026/01/29 23:36:11
4617,502.63,18300.5,-2468.23,2026/01/29 23:36:12
4618,502.74,18302.9,-2473,2026/01/29 23:36:12
4619,502.85,18314.1,-2465.49,2026/01/29 23:36:12
4620,502.96,18312.1,-2468.91,2026/01/29 23:36:12
4621,503.07,18236.9,-2484.07,2026/01/29 23:36:12
4622,503.18,18205.5,-2491.19,2026/01/29 23:36:12
4623,503.28,18180.4,-2497.01,2026/01/29 23:36:12
4624,503.39,18165.5,-2500.31,2026/01/29 23:36:12
4625,503.5,18279.8,-2472.6,2026/01/29 23:36:12
4626,503.61,18316,-2467.61,2026/01/29 23:36:13
4627,503.72,18329.5,-2465.74,2026/01/29 23:36:13
4628,503.83,18346.6,-2464.87,2026/01/29 23:36:13
4629,503.94,18336.4,-2466.12,2026/01/29 23:36:13
4630,504.05,18344.5,-2465.31,2026/01/29 23:36:13
4631,504.16,18293.3,-2475.86,2026/01/29 23:36:13
4632,504.27,18201.5,-2491.42,2026/01/29 23:36:13
4633,504.37,18208.6,-2491.9,2026/01/29 23:36:13
4634,504.48,18198.9,-2491.12,2026/01/29 23:36:13
4635,504.6,18282.9,-2474.36,2026/01/29 23:36:14
4636,504.7,18337,-2464.13,2026/01/29 23:36:14
4637,504.81,18352.6,-2462.02,2026/01/29 23:36:14
4638,504.92,18354.5,-2462.82,2026/01/29 23:36:14
4639,505.03,18359.5,-2460.13,2026/01/29 23:36:14
4640,505.14,18342.4,-2465.98,2026/01/29 23:36:14
4641,505.25,18222.1,-2488.23,2026/01/29 23:36:14
4642,505.36,18200.3,-2491.47,2026/01/29 23:36:14
4643,505.47,18178.8,-2498.19,2026/01/29 23:36:14
4644,505.57,18181.4,-2494.98,2026/01/29 23:36:14
4645,505.69,18313.6,-2467.66,2026/01/29 23:36:15
4646,505.79,18344,-2463.65,2026/01/29 23:36:15
4647,505.9,18351.9,-2462.71,2026/01/29 23:36:15
4648,506.01,18353.2,-2460.68,2026/01/29 23:36:15
4649,506.12,18314.3,-2469.85,2026/01/29 23:36:15
4650,506.23,18194.2,-2494.41,2026/01/29 23:36:15
4651,506.34,18187,-2494.04,2026/01/29 23:36:15
4652,506.45,18168.2,-2498.47,2026/01/29 23:36:15
4653,506.55,18218.4,-2487.01,2026/01/29 23:36:15
4654,506.66,18314.8,-2465.92,2026/01/29 23:36:16
4655,506.77,18334.2,-2464.79,2026/01/29 23:36:16
4656,506.88,18336.7,-2462.85,2026/01/29 23:36:16
4657,506.99,18342.3,-2464.55,2026/01/29 23:36:16
4658,507.1,18294.8,-2470.41,2026/01/29 23:36:16
4659,507.21,18197.7,-2491.3,2026/01/29 23:36:16
4660,507.32,18203.8,-2492.21,2026/01/29 23:36:16
4661,507.43,18199.9,-2489.5,2026/01/29 23:36:16
4662,507.53,18267.6,-2476.13,2026/01/29 23:36:16
4663,507.64,18333.9,-2464.08,2026/01/29 23:36:17
4664,507.75,18345.8,-2465.24,2026/01/29 23:36:17
4665,507.86,18352.6,-2464.23,2026/01/29 23:36:17
4666,507.97,18350.3,-2463.84,2026/01/29 23:36:17
4667,508.08,18273.8,-2476.08,2026/01/29 23:36:17
4668,508.19,18200.2,-2489.86,2026/01/29 23:36:17
4669,508.3,18202.7,-2489.54,2026/01/29 23:36:17
4670,508.41,18180.6,-2496.23,2026/01/29 23:36:17
4671,508.51,18169.7,-2495.79,2026/01/29 23:36:17
4672,508.62,18303,-2468.14,2026/01/29 23:36:18
4673,508.73,18332.7,-2464.69,2026/01/29 23:36:18
4674,508.84,18344,-2463.66,2026/01/29 23:36:18
4675,508.95,18350,-2459.56,2026/01/29 23:36:18
4676,509.06,18323.8,-2466.37,2026/01/29 23:36:18
4677,509.17,18197.5,-2491.17,2026/01/29 23:36:18
4678,509.28,18164.6,-2499.43,2026/01/29 23:36:18
4679,509.39,18114,-2506.89,2026/01/29 23:36:18
4680,509.5,18143.2,-2503.12,2026/01/29 23:36:18
4681,509.6,18221.8,-2482.59,2026/01/29 23:36:19
4682,509.71,18300,-2467.47,2026/01/29 23:36:19
4683,509.82,18322.4,-2459.95,2026/01/29 23:36:19
4684,509.93,18326.5,-2466.53,2026/01/29 23:36:19
4685,510.04,18331,-2463.08,2026/01/29 23:36:19
4686,510.15,18328,-2467.56,2026/01/29 23:36:19
4687,510.26,18265.6,-2475.16,2026/01/29 23:36:19
4688,510.37,18211.6,-2488.05,2026/01/29 23:36:19
4689,510.48,18141.6,-2502.12,2026/01/29 23:36:19
4690,510.59,18132.8,-2503.45,2026/01/29 23:36:20
4691,510.69,18236.7,-2480.52,2026/01/29 23:36:20
4692,510.8,18304.1,-2464.5,2026/01/29 23:36:20
4693,510.91,18335,-2464.84,2026/01/29 23:36:20
4694,511.02,18351.9,-2464.28,2026/01/29 23:36:20
4695,511.13,18356.8,-2463.25,2026/01/29 23:36:20
4696,511.24,18362.5,-2464.23,2026/01/29 23:36:20
4697,511.35,18368.2,-2460.33,2026/01/29 23:36:20
4698,511.46,18362.4,-2463.83,2026/01/29 23:36:20
4699,511.57,18277.3,-2472.6,2026/01/29 23:36:20
4700,511.67,18195.3,-2488.7,2026/01/29 23:36:21
4701,511.78,18190,-2491.3,2026/01/29 23:36:21
4702,511.89,18173.8,-2494.59,2026/01/29 23:36:21
4703,512,18240.6,-2479.75,2026/01/29 23:36:21
4704,512.11,18341.4,-2462.23,2026/01/29 23:36:21
4705,512.22,18362.5,-2462.91,2026/01/29 23:36:21
4706,512.33,18367.6,-2459.95,2026/01/29 23:36:21
4707,512.44,18364.6,-2463.09,2026/01/29 23:36:21
4708,512.55,18370.3,-2459.33,2026/01/29 23:36:21
4709,512.66,18321.5,-2466.42,2026/01/29 23:36:22
4710,512.77,18203.4,-2490.27,2026/01/29 23:36:22
4711,512.87,18193.7,-2491.7,2026/01/29 23:36:22
4712,512.98,18148.9,-2499.41,2026/01/29 23:36:22
4713,513.09,18142.5,-2503.77,2026/01/29 23:36:22
4714,513.2,18134.3,-2503.31,2026/01/29 23:36:22
4715,513.31,18302.5,-2464.89,2026/01/29 23:36:22
4716,513.42,18343.5,-2462.95,2026/01/29 23:36:22
4717,513.53,18366.8,-2460.66,2026/01/29 23:36:22
4718,513.64,18356.4,-2462.31,2026/01/29 23:36:23
4719,513.75,18363.1,-2461.11,2026/01/29 23:36:23
4720,513.85,18356.2,-2464.96,2026/01/29 23:36:23
4721,513.96,18330.1,-2462.27,2026/01/29 23:36:23
4722,514.07,18193.4,-2493.52,2026/01/29 23:36:23
4723,514.18,18182.3,-2490.33,2026/01/29 23:36:23
4724,514.29,18108.9,-2507.46,2026/01/29 23:36:23
4725,514.4,18115.3,-2508.55,2026/01/29 23:36:23
4726,514.51,18191.6,-2490.21,2026/01/29 23:36:23
4727,514.61,18302.8,-2465.91,2026/01/29 23:36:24
4728,514.72,18336.2,-2463.07,2026/01/29 23:36:24
4729,514.83,18334.9,-2465.6,2026/01/29 23:36:24
4730,514.94,18345.3,-2460.46,2026/01/29 23:36:24
4731,515.05,18338.7,-2463.79,2026/01/29 23:36:24
4732,515.16,18326.5,-2463.87,2026/01/29 23:36:24
4733,515.27,18184.7,-2492.56,2026/01/29 23:36:24
4734,515.38,18188.1,-2489,2026/01/29 23:36:24
4735,515.48,18169.3,-2493.85,2026/01/29 23:36:24
4736,515.59,18154.8,-2494.54,2026/01/29 23:36:25
4737,515.7,18284.2,-2467.05,2026/01/29 23:36:25
4738,515.81,18334,-2464.9,2026/01/29 23:36:25
4739,515.92,18343.6,-2465.16,2026/01/29 23:36:25
4740,516.03,18353.8,-2459.42,2026/01/29 23:36:25
4741,516.14,18345.3,-2464.14,2026/01/29 23:36:25
4742,516.24,18350,-2461.54,2026/01/29 23:36:25
4743,516.35,18253.5,-2477.22,2026/01/29 23:36:25
4744,516.46,18184,-2491.89,2026/01/29 23:36:25
4745,516.57,18159.8,-2494.83,2026/01/29 23:36:25
4746,516.68,18142.6,-2500.17,2026/01/29 23:36:26
4747,516.79,18265.6,-2467.41,2026/01/29 23:36:26
4748,516.9,18338.2,-2464.95,2026/01/29 23:36:26
4749,517,18357.2,-2458.35,2026/01/29 23:36:26
4750,517.11,18352.8,-2459.31,2026/01/29 23:36:26
4751,517.22,18353.6,-2461.71,2026/01/29 23:36:26
4752,517.33,18346.3,-2461.61,2026/01/29 23:36:26
4753,517.44,18203.3,-2488.63,2026/01/29 23:36:26
4754,517.55,18203.8,-2484.44,2026/01/29 23:36:26
4755,517.66,18200.9,-2487.48,2026/01/29 23:36:27
4756,517.77,18263.7,-2471.02,2026/01/29 23:36:27
4757,517.87,18339.5,-2462.65,2026/01/29 23:36:27
4758,517.98,18358.1,-2461.41,2026/01/29 23:36:27
4759,518.09,18357.1,-2460.64,2026/01/29 23:36:27
4760,518.2,18361.5,-2460.67,2026/01/29 23:36:27
4761,518.31,18341.8,-2460.71,2026/01/29 23:36:27
4762,518.42,18198.7,-2487.38,2026/01/29 23:36:27
4763,518.53,18174,-2490,2026/01/29 23:36:27
4764,518.64,18142.2,-2500.97,2026/01/29 23:36:28
4765,518.75,18132.8,-2500.03,2026/01/29 23:36:28
4766,518.86,18269.5,-2468.73,2026/01/29 23:36:28
4767,518.97,18329,-2461.48,2026/01/29 23:36:28
4768,519.07,18329.4,-2463.75,2026/01/29 23:36:28
4769,519.18,18341.1,-2459.5,2026/01/29 23:36:28
4770,519.29,18337,-2461.35,2026/01/29 23:36:28
4771,519.4,18306.1,-2463.58,2026/01/29 23:36:28
4772,519.51,18186.1,-2488.64,2026/01/29 23:36:28
4773,519.62,18141,-2498.65,2026/01/29 23:36:29
4774,519.73,18139.7,-2499.96,2026/01/29 23:36:29
4775,519.84,18131,-2503.29,2026/01/29 23:36:29
4776,519.94,18300,-2461.86,2026/01/29 23:36:29
4777,520.05,18331,-2463.24,2026/01/29 23:36:29
4778,520.16,18342.4,-2459.99,2026/01/29 23:36:29
4779,520.27,18336.8,-2463.19,2026/01/29 23:36:29
4780,520.38,18326.2,-2462.86,2026/01/29 23:36:29
4781,520.49,18191.7,-2488.37,2026/01/29 23:36:29
4782,520.6,18194.7,-2487.16,2026/01/29 23:36:30
4783,520.71,18194.7,-2485.07,2026/01/29 23:36:30
4784,520.82,18262.2,-2473.37,2026/01/29 23:36:30
4785,520.93,18335.8,-2460.34,2026/01/29 23:36:30
4786,521.03,18348.1,-2459.1,2026/01/29 23:36:30
4787,521.14,18355,-2458,2026/01/29 23:36:30
4788,521.25,18354.3,-2457.76,2026/01/29 23:36:30
4789,521.36,18357.8,-2458.08,2026/01/29 23:36:30
4790,521.47,18279.7,-2467.78,2026/01/29 23:36:30
4791,521.58,18184.6,-2488.45,2026/01/29 23:36:30
4792,521.69,18152.8,-2492.74,2026/01/29 23:36:31
4793,521.8,18127.5,-2504.26,2026/01/29 23:36:31
4794,521.91,18234.5,-2474.1,2026/01/29 23:36:31
4795,522.01,18307.6,-2466,2026/01/29 23:36:31
4796,522.12,18321.8,-2461.12,2026/01/29 23:36:31
4797,522.23,18316.7,-2462.88,2026/01/29 23:36:31
4798,522.34,18329,-2461.45,2026/01/29 23:36:31
4799,522.45,18317.8,-2461,2026/01/29 23:36:31
4800,522.56,18186.6,-2488.17,2026/01/29 23:36:31
4801,522.67,18158.2,-2492.04,2026/01/29 23:36:32
4802,522.78,18136.1,-2499.37,2026/01/29 23:36:32
4803,522.89,18219.6,-2475.95,2026/01/29 23:36:32
4804,523,18314.4,-2465.04,2026/01/29 23:36:32
4805,523.1,18333.4,-2460.1,2026/01/29 23:36:32
4806,523.21,18324.8,-2462.95,2026/01/29 23:36:32
4807,523.32,18339.9,-2459.54,2026/01/29 23:36:32
4808,523.43,18333.8,-2459.82,2026/01/29 23:36:32
4809,523.54,18274.8,-2469.42,2026/01/29 23:36:32
4810,523.65,18186.9,-2487.61,2026/01/29 23:36:33
4811,523.76,18126.9,-2500.02,2026/01/29 23:36:33
4812,523.87,18135.6,-2497.13,2026/01/29 23:36:33
4813,523.98,18227.1,-2474.12,2026/01/29 23:36:33
4814,524.09,18315.9,-2460.95,2026/01/29 23:36:33
4815,524.19,18322,-2462.45,2026/01/29 23:36:33
4816,524.3,18322.6,-2461.51,2026/01/29 23:36:33
4817,524.41,18325.8,-2462.34,2026/01/29 23:36:33
4818,524.52,18315.7,-2460.39,2026/01/29 23:36:33
4819,524.63,18200.8,-2485.52,2026/01/29 23:36:34
4820,524.74,18162,-2487.04,2026/01/29 23:36:34
4821,524.85,18117.8,-2504.6,2026/01/29 23:36:34
4822,524.96,18137.7,-2498.34,2026/01/29 23:36:34
4823,525.07,18303.1,-2461.06,2026/01/29 23:36:34
4824,525.17,18325.5,-2463.2,2026/01/29 23:36:34
4825,525.28,18334,-2459.88,2026/01/29 23:36:34
4826,525.39,18336,-2460.86,2026/01/29 23:36:34
4827,525.5,18330.4,-2459.42,2026/01/29 23:36:34
4828,525.61,18213.8,-2481.37,2026/01/29 23:36:35
4829,525.72,18169.4,-2490.14,2026/01/29 23:36:35
4830,525.83,18076.6,-2506,2026/01/29 23:36:35
4831,525.94,18108,-2502.67,2026/01/29 23:36:35
4832,526.05,18262.3,-2465.44,2026/01/29 23:36:35
4833,526.15,18298.5,-2460.22,2026/01/29 23:36:35
4834,526.26,18315.7,-2462.16,2026/01/29 23:36:35
4835,526.37,18316.1,-2461.91,2026/01/29 23:36:35
4836,526.48,18323.8,-2459.96,2026/01/29 23:36:35
4837,526.59,18272.5,-2468.33,2026/01/29 23:36:36
4838,526.7,18177.7,-2488.18,2026/01/29 23:36:36
4839,526.81,18106.5,-2497.1,2026/01/29 23:36:36
4840,526.92,18085.9,-2508.58,2026/01/29 23:36:36
4841,527.02,18165.7,-2488.31,2026/01/29 23:36:36
4842,527.13,18274.1,-2464.74,2026/01/29 23:36:36
4843,527.24,18296.6,-2460.56,2026/01/29 23:36:36
4844,527.35,18296.8,-2462.93,2026/01/29 23:36:36
4845,527.46,18301.5,-2459.29,2026/01/29 23:36:36
4846,527.57,18301.8,-2462.82,2026/01/29 23:36:36
4847,527.68,18278.1,-2463.22,2026/01/29 23:36:37
4848,527.79,18175.4,-2484.78,2026/01/29 23:36:37
4849,527.89,18084.8,-2505.33,2026/01/29 23:36:37
4850,528,18099.4,-2502.94,2026/01/29 23:36:37
4851,528.11,18253.3,-2469.22,2026/01/29 23:36:37
4852,528.22,18301.9,-2459.32,2026/01/29 23:36:37
4853,528.33,18310.5,-2457.41,2026/01/29 23:36:37
4854,528.44,18305.4,-2461.93,2026/01/29 23:36:37
4855,528.55,18312.3,-2457.49,2026/01/29 23:36:37
4856,528.66,18306.4,-2461.78,2026/01/29 23:36:38
4857,528.77,18170.9,-2489.21,2026/01/29 23:36:38
4858,528.88,18128.2,-2491.55,2026/01/29 23:36:38
4859,528.98,18055.6,-2509.12,2026/01/29 23:36:38
4860,529.09,18103.1,-2499.5,2026/01/29 23:36:38
4861,529.2,18257.6,-2463.69,2026/01/29 23:36:38
4862,529.31,18273.6,-2464.73,2026/01/29 23:36:38
4863,529.42,18279,-2464.01,2026/01/29 23:36:38
4864,529.53,18287.4,-2461.81,2026/01/29 23:36:38
4865,529.64,18281.4,-2465.11,2026/01/29 23:36:39
4866,529.75,18201.9,-2477.9,2026/01/29 23:36:39
4867,529.85,18159.2,-2486.01,2026/01/29 23:36:39
4868,529.96,18061.4,-2503.67,2026/01/29 23:36:39
4869,530.07,18119.7,-2493.93,2026/01/29 23:36:39
4870,530.18,18199,-2476.58,2026/01/29 23:36:39
4871,530.29,18279.7,-2461.83,2026/01/29 23:36:39
4872,530.4,18282.1,-2463.66,2026/01/29 23:36:39
4873,530.51,18291.8,-2460.98,2026/01/29 23:36:39
4874,530.62,18287.8,-2462.22,2026/01/29 23:36:40
4875,530.73,18216.1,-2475.23,2026/01/29 23:36:40
4876,530.83,18168.9,-2482.17,2026/01/29 23:36:40
4877,530.94,18076.3,-2503.33,2026/01/29 23:36:40
4878,531.05,18090.9,-2500.76,2026/01/29 23:36:40
4879,531.16,18244.9,-2468.03,2026/01/29 23:36:40
4880,531.27,18279.2,-2461.22,2026/01/29 23:36:40
4881,531.38,18282,-2463.21,2026/01/29 23:36:40
4882,531.49,18289.4,-2460.07,2026/01/29 23:36:40
4883,531.6,18286.8,-2461.88,2026/01/29 23:36:41
4884,531.71,18232.3,-2468.25,2026/01/29 23:36:41
4885,531.81,18145.8,-2489.18,2026/01/29 23:36:41
4886,531.92,18047.5,-2504.6,2026/01/29 23:36:41
4887,532.03,18109.2,-2497.95,2026/01/29 23:36:41
4888,532.14,18239.3,-2465.71,2026/01/29 23:36:41
4889,532.25,18281.5,-2461.68,2026/01/29 23:36:41
4890,532.36,18280.5,-2461.75,2026/01/29 23:36:41
4891,532.47,18289.5,-2459.67,2026/01/29 23:36:41
4892,532.58,18286.6,-2462.08,2026/01/29 23:36:41
4893,532.69,18188,-2481.44,2026/01/29 23:36:42
4894,532.8,18140.5,-2487.82,2026/01/29 23:36:42
4895,532.91,18106.5,-2497.49,2026/01/29 23:36:42
4896,533.01,18103.6,-2498.65,2026/01/29 23:36:42
4897,533.12,18258.1,-2463.87,2026/01/29 23:36:42
4898,533.23,18304.5,-2459.59,2026/01/29 23:36:42
4899,533.34,18312.9,-2457.36,2026/01/29 23:36:42
4900,533.45,18318.2,-2457.18,2026/01/29 23:36:42
4901,533.56,18316.4,-2457.87,2026/01/29 23:36:42
4902,533.67,18323.6,-2454.92,2026/01/29 23:36:43
4903,533.78,18320,-2457.59,2026/01/29 23:36:43
4904,533.89,18323.6,-2455.66,2026/01/29 23:36:43
4905,534,18329.4,-2455.6,2026/01/29 23:36:43
4906,534.11,18336.5,-2455.97,2026/01/29 23:36:43
4907,534.21,18350.7,-2452.18,2026/01/29 23:36:43
4908,534.32,18350.6,-2455.48,2026/01/29 23:36:43
4909,534.43,18359.6,-2450.95,2026/01/29 23:36:43
4910,534.54,18352.6,-2453.98,2026/01/29 23:36:43
4911,534.65,18355.9,-2451.78,2026/01/29 23:36:44
4912,534.76,18347.2,-2454.08,2026/01/29 23:36:44
4913,534.87,18260.3,-2463.79,2026/01/29 23:36:44
4914,534.98,18154.6,-2487.42,2026/01/29 23:36:44
4915,535.08,18116,-2490.73,2026/01/29 23:36:44
4916,535.19,18066.6,-2502.97,2026/01/29 23:36:44
4917,535.3,18083,-2499.66,2026/01/29 23:36:44
4918,535.41,18088.6,-2500.68,2026/01/29 23:36:44
4919,535.52,18251.9,-2463.92,2026/01/29 23:36:44
4920,535.63,18314.2,-2455.49,2026/01/29 23:36:45
4921,535.74,18322.1,-2454.05,2026/01/29 23:36:45
4922,535.85,18327.3,-2453.25,2026/01/29 23:36:45
4923,535.96,18317.7,-2453.15,2026/01/29 23:36:45
4924,536.06,18182.7,-2481.93,2026/01/29 23:36:45
4925,536.17,18152.7,-2481.31,2026/01/29 23:36:45
4926,536.28,18075.7,-2500.17,2026/01/29 23:36:45
4927,536.39,18081,-2501.15,2026/01/29 23:36:45
4928,536.5,18120.8,-2494.73,2026/01/29 23:36:45
4929,536.61,18271.6,-2458.79,2026/01/29 23:36:46
4930,536.72,18307.6,-2458.02,2026/01/29 23:36:46
4931,536.83,18321.9,-2452.54,2026/01/29 23:36:46
4932,536.94,18328.4,-2451.91,2026/01/29 23:36:46
4933,537.04,18317.9,-2455.63,2026/01/29 23:36:46
4934,537.15,18326.5,-2451.75,2026/01/29 23:36:46
4935,537.26,18210.5,-2472.53,2026/01/29 23:36:46
4936,537.37,18148.8,-2484.4,2026/01/29 23:36:46
4937,537.48,18145.6,-2484.51,2026/01/29 23:36:46
4938,537.59,18234,-2466.22,2026/01/29 23:36:47
4939,537.7,18323,-2454.4,2026/01/29 23:36:47
4940,537.8,18338.3,-2451.26,2026/01/29 23:36:47
4941,537.91,18342.1,-2450.59,2026/01/29 23:36:47
4942,538.02,18333,-2451.86,2026/01/29 23:36:47
4943,538.13,18320.9,-2450.7,2026/01/29 23:36:47
4944,538.24,18160.3,-2486.21,2026/01/29 23:36:47
4945,538.35,18148.1,-2483.06,2026/01/29 23:36:47
4946,538.46,18146.7,-2485.21,2026/01/29 23:36:47
4947,538.56,18274,-2459.63,2026/01/29 23:36:47
4948,538.67,18327.7,-2450.92,2026/01/29 23:36:48
4949,538.78,18331.4,-2453.09,2026/01/29 23:36:48
4950,538.89,18336.5,-2451.71,2026/01/29 23:36:48
4951,539,18331.5,-2451.1,2026/01/29 23:36:48
4952,539.11,18331.3,-2450.1,2026/01/29 23:36:48
4953,539.22,18314.7,-2453.13,2026/01/29 23:36:48
4954,539.33,18157.3,-2484.77,2026/01/29 23:36:48
4955,539.43,18145.8,-2484.13,2026/01/29 23:36:48
4956,539.54,18123.6,-2491.07,2026/01/29 23:36:48
4957,539.65,18201.2,-2473.23,2026/01/29 23:36:49
4958,539.76,18314.1,-2454.87,2026/01/29 23:36:49
4959,539.87,18338.6,-2450.37,2026/01/29 23:36:49
4960,539.98,18340.2,-2449.4,2026/01/29 23:36:49
4961,540.09,18337.1,-2451.79,2026/01/29 23:36:49
4962,540.2,18321,-2448.98,2026/01/29 23:36:49
4963,540.31,18144.6,-2488.42,2026/01/29 23:36:49
4964,540.41,18141.8,-2484.72,2026/01/29 23:36:49
4965,540.52,18125.3,-2490.93,2026/01/29 23:36:49
4966,540.63,18206.9,-2473.41,2026/01/29 23:36:50
4967,540.74,18319.9,-2452.8,2026/01/29 23:36:50
4968,540.85,18331.9,-2450.5,2026/01/29 23:36:50
4969,540.96,18339.9,-2451.59,2026/01/29 23:36:50
4970,541.07,18334.5,-2449.21,2026/01/29 23:36:50
4971,541.18,18339.7,-2449.68,2026/01/29 23:36:50
4972,541.28,18220.8,-2473.35,2026/01/29 23:36:50
4973,541.39,18135,-2484.18,2026/01/29 23:36:50
4974,541.5,18124,-2489.14,2026/01/29 23:36:50
4975,541.61,18126.7,-2491.67,2026/01/29 23:36:51
4976,541.72,18276.4,-2457.92,2026/01/29 23:36:51
4977,541.83,18323.7,-2454.11,2026/01/29 23:36:51
4978,541.94,18332.8,-2448.99,2026/01/29 23:36:51
4979,542.05,18327.6,-2452.61,2026/01/29 23:36:51
4980,542.16,18188.2,-2474.07,2026/01/29 23:36:51
4981,542.26,18130.9,-2486.34,2026/01/29 23:36:51
4982,542.37,18105.4,-2492.13,2026/01/29 23:36:51
4983,542.48,18112.7,-2494.77,2026/01/29 23:36:51
4984,542.59,18298.9,-2452.59,2026/01/29 23:36:52
4985,542.7,18334.3,-2451.61,2026/01/29 23:36:52
4986,542.81,18334.7,-2451.86,2026/01/29 23:36:52
4987,542.92,18344,-2450.07,2026/01/29 23:36:52
4988,543.03,18343.9,-2451.09,2026/01/29 23:36:52
4989,543.14,18353.2,-2449.43,2026/01/29 23:36:52
4990,543.24,18352.5,-2449.49,2026/01/29 23:36:52
4991,543.35,18357,-2450.23,2026/01/29 23:36:52
4992,543.46,18344.1,-2449.95,2026/01/29 23:36:52
4993,543.57,18276.2,-2458.28,2026/01/29 23:36:52
4994,543.68,18133.5,-2485.88,2026/01/29 23:36:53
4995,543.79,18110.6,-2490.89,2026/01/29 23:36:53
4996,543.89,18104.6,-2491.97,2026/01/29 23:36:53
4997,544,18164.4,-2484.29,2026/01/29 23:36:53
4998,544.11,18312.1,-2451.98,2026/01/29 23:36:53
4999,544.22,18328.4,-2452.42,2026/01/29 23:36:53
5000,544.33,18328,-2451.48,2026/01/29 23:36:53
5001,544.44,18329.9,-2451.66,2026/01/29 23:36:53
5002,544.55,18328.8,-2452,2026/01/29 23:36:53
5003,544.66,18342.3,-2448.81,2026/01/29 23:36:54
5004,544.77,18340.9,-2451.03,2026/01/29 23:36:54
5005,544.87,18346.6,-2448.52,2026/01/29 23:36:54
5006,544.98,18339.7,-2448.8,2026/01/29 23:36:54
5007,545.09,18341.7,-2449.62,2026/01/29 23:36:54
5008,545.2,18327,-2451.47,2026/01/29 23:36:54
5009,545.31,18299.4,-2454.23,2026/01/29 23:36:54
5010,545.42,18226.2,-2470.71,2026/01/29 23:36:54
5011,545.53,18166.4,-2481.25,2026/01/29 23:36:54
5012,545.64,18115.9,-2489.06,2026/01/29 23:36:55
5013,545.75,18116.5,-2490.1,2026/01/29 23:36:55
5014,545.85,18121.2,-2487.87,2026/01/29 23:36:55
5015,545.96,18114.2,-2491.72,2026/01/29 23:36:55
5016,546.07,18109.1,-2491.83,2026/01/29 23:36:55
5017,546.18,18104,-2492.82,2026/01/29 23:36:55
5018,546.29,18096.3,-2495.98,2026/01/29 23:36:55
5019,546.4,18098.5,-2491.68,2026/01/29 23:36:55
5020,546.51,18178.9,-2478.01,2026/01/29 23:36:55
5021,546.62,18264.5,-2461.85,2026/01/29 23:36:56
5022,546.73,18297.3,-2454.71,2026/01/29 23:36:56
5023,546.84,18319.8,-2450.24,2026/01/29 23:36:56
5024,546.94,18313.3,-2452.13,2026/01/29 23:36:56
5025,547.05,18314.3,-2452.01,2026/01/29 23:36:56
5026,547.16,18300.3,-2455.88,2026/01/29 23:36:56
5027,547.27,18205.3,-2473.25,2026/01/29 23:36:56
5028,547.38,18152.5,-2484.49,2026/01/29 23:36:56
5029,547.49,18102.1,-2495.29,2026/01/29 23:36:56
5030,547.6,18117.5,-2486.98,2026/01/29 23:36:57
5031,547.7,18102.5,-2493.94,2026/01/29 23:36:57
5032,547.81,18086.1,-2496.43,2026/01/29 23:36:57
5033,547.92,18081,-2497.7,2026/01/29 23:36:57
5034,548.03,18069,-2501.67,2026/01/29 23:36:57
5035,548.14,18154.6,-2481.98,2026/01/29 23:36:57
5036,548.25,18224.3,-2467.85,2026/01/29 23:36:57
5037,548.36,18279.9,-2457.58,2026/01/29 23:36:57
5038,548.47,18304.6,-2453.79,2026/01/29 23:36:57
5039,548.58,18326.6,-2450.91,2026/01/29 23:36:57
5040,548.68,18322.9,-2451.48,2026/01/29 23:36:58
5041,548.79,18326.8,-2451.31,2026/01/29 23:36:58
5042,548.9,18325,-2452.44,2026/01/29 23:36:58
5043,549.01,18324.3,-2452.79,2026/01/29 23:36:58
5044,549.12,18329.4,-2449.98,2026/01/29 23:36:58
5045,549.23,18321.8,-2452.93,2026/01/29 23:36:58
5046,549.34,18315.3,-2452.55,2026/01/29 23:36:58
5047,549.45,18221.6,-2471.33,2026/01/29 23:36:58
5048,549.56,18145.1,-2484.31,2026/01/29 23:36:58
5049,549.66,18113.8,-2490.19,2026/01/29 23:36:59
5050,549.77,18116.8,-2487.99,2026/01/29 23:36:59
5051,549.89,18088.9,-2496.79,2026/01/29 23:36:59
5052,549.99,18076.2,-2497.72,2026/01/29 23:36:59
5053,550.1,18072,-2499.81,2026/01/29 23:36:59
5054,550.21,18063.4,-2502.51,2026/01/29 23:36:59
5055,550.32,18152.5,-2480.31,2026/01/29 23:36:59
5056,550.43,18216.2,-2469.41,2026/01/29 23:36:59
5057,550.54,18280,-2457.39,2026/01/29 23:36:59
5058,550.65,18310.5,-2453.67,2026/01/29 23:37:00
5059,550.76,18331.9,-2451.77,2026/01/29 23:37:00
5060,550.87,18334.5,-2450.14,2026/01/29 23:37:00
5061,550.98,18340.7,-2450.65,2026/01/29 23:37:00
5062,551.09,18334.9,-2449.57,2026/01/29 23:37:00
5063,551.19,18343.3,-2448.12,2026/01/29 23:37:00
5064,551.3,18339.7,-2449.61,2026/01/29 23:37:00
5065,551.41,18339.8,-2447.78,2026/01/29 23:37:00
5066,551.52,18295.8,-2455.42,2026/01/29 23:37:00
5067,551.63,18156.2,-2483.5,2026/01/29 23:37:01
5068,551.74,18117.7,-2487.62,2026/01/29 23:37:01
5069,551.85,18097.2,-2495.05,2026/01/29 23:37:01
5070,551.96,18084,-2495.12,2026/01/29 23:37:01
5071,552.07,18074,-2499.86,2026/01/29 23:37:01
5072,552.18,18069.5,-2496.5,2026/01/29 23:37:01
5073,552.28,18150.4,-2483.26,2026/01/29 23:37:01
5074,552.39,18268,-2459.47,2026/01/29 23:37:01
5075,552.5,18313.7,-2454.77,2026/01/29 23:37:01
5076,552.61,18315.6,-2453.1,2026/01/29 23:37:02
5077,552.72,18325.3,-2451.27,2026/01/29 23:37:02
5078,552.83,18321.8,-2454.15,2026/01/29 23:37:02
5079,552.94,18324.7,-2451.62,2026/01/29 23:37:02
5080,553.05,18323.4,-2452.59,2026/01/29 23:37:02
5081,553.15,18307.3,-2453.98,2026/01/29 23:37:02
5082,553.26,18212.6,-2470.26,2026/01/29 23:37:02
5083,553.37,18145.1,-2486.69,2026/01/29 23:37:02
5084,553.48,18107.2,-2489.1,2026/01/29 23:37:02
5085,553.59,18112.5,-2488.97,2026/01/29 23:37:03
5086,553.7,18107.1,-2491.17,2026/01/29 23:37:03
5087,553.81,18083.8,-2495.65,2026/01/29 23:37:03
5088,553.92,18082.1,-2496.37,2026/01/29 23:37:03
5089,554.03,18079.4,-2496.36,2026/01/29 23:37:03
5090,554.13,18071.2,-2499.07,2026/01/29 23:37:03
5091,554.24,18083.6,-2491.36,2026/01/29 23:37:03
5092,554.35,18111.4,-2488.74,2026/01/29 23:37:03
5093,554.46,18186.9,-2473.41,2026/01/29 23:37:03
5094,554.57,18218.4,-2466.01,2026/01/29 23:37:03
5095,554.68,18266.1,-2459.44,2026/01/29 23:37:04
5096,554.79,18289.7,-2455.97,2026/01/29 23:37:04
5097,554.9,18313.5,-2453.34,2026/01/29 23:37:04
5098,555,18321.4,-2454.29,2026/01/29 23:37:04
5099,555.11,18325.6,-2452.79,2026/01/29 23:37:04
5100,555.22,18330.8,-2451.87,2026/01/29 23:37:04
5101,555.33,18325.4,-2453.78,2026/01/29 23:37:04
5102,555.44,18334.3,-2450.08,2026/01/29 23:37:04
5103,555.55,18326.6,-2453.15,2026/01/29 23:37:04
5104,555.66,18306.3,-2453.39,2026/01/29 23:37:05
5105,555.77,18209,-2473.15,2026/01/29 23:37:05
5106,555.88,18135.4,-2485.74,2026/01/29 23:37:05
5107,555.99,18106.1,-2490.07,2026/01/29 23:37:05
5108,556.09,18111.2,-2486.13,2026/01/29 23:37:05
5109,556.2,18088.1,-2496.05,2026/01/29 23:37:05
5110,556.31,18073.7,-2497.01,2026/01/29 23:37:05
5111,556.42,18079.6,-2495.61,2026/01/29 23:37:05
5112,556.53,18064.7,-2499.33,2026/01/29 23:37:05
5113,556.64,18088.4,-2490.68,2026/01/29 23:37:06
5114,556.75,18143.8,-2481.29,2026/01/29 23:37:06
5115,556.86,18202.4,-2468.87,2026/01/29 23:37:06
5116,556.96,18270.8,-2459.28,2026/01/29 23:37:06
5117,557.07,18296.9,-2454.46,2026/01/29 23:37:06
5118,557.18,18319.4,-2453.24,2026/01/29 23:37:06
5119,557.29,18317.2,-2453.27,2026/01/29 23:37:06
5120,557.4,18325.6,-2451.74,2026/01/29 23:37:06
5121,557.51,18322.6,-2453.35,2026/01/29 23:37:06
5122,557.62,18324.4,-2450.37,2026/01/29 23:37:07
5123,557.73,18319.6,-2452.99,2026/01/29 23:37:07
5124,557.84,18300.7,-2453.89,2026/01/29 23:37:07
5125,557.94,18176.8,-2479.71,2026/01/29 23:37:07
5126,558.05,18103.3,-2489.26,2026/01/29 23:37:07
5127,558.16,18112.9,-2487.17,2026/01/29 23:37:07
5128,558.27,18087.6,-2493.84,2026/01/29 23:37:07
5129,558.38,18078.6,-2494.18,2026/01/29 23:37:07
5130,558.49,18068.9,-2499.59,2026/01/29 23:37:07
5131,558.6,18072.6,-2495.15,2026/01/29 23:37:08
5132,558.71,18065,-2499.32,2026/01/29 23:37:08
5133,558.81,18084.8,-2492.62,2026/01/29 23:37:08
5134,558.92,18203.8,-2470.72,2026/01/29 23:37:08
5135,559.03,18238.2,-2460.88,2026/01/29 23:37:08
5136,559.14,18275.5,-2457.36,2026/01/29 23:37:08
5137,559.25,18300.5,-2454.45,2026/01/29 23:37:08
5138,559.36,18315.7,-2450.41,2026/01/29 23:37:08
5139,559.47,18317.2,-2454.36,2026/01/29 23:37:08
5140,559.58,18319.5,-2451.98,2026/01/29 23:37:08
5141,559.69,18320.2,-2453.21,2026/01/29 23:37:09
5142,559.79,18306.7,-2451.44,2026/01/29 23:37:09
5143,559.9,18242.7,-2463.35,2026/01/29 23:37:09
5144,560.01,18142.5,-2485.41,2026/01/29 23:37:09
5145,560.12,18101.6,-2488.4,2026/01/29 23:37:09
5146,560.23,18107.6,-2489.96,2026/01/29 23:37:09
5147,560.34,18104.7,-2487.86,2026/01/29 23:37:09
5148,560.44,18084.9,-2495.34,2026/01/29 23:37:09
5149,560.55,18076.4,-2493.68,2026/01/29 23:37:09
5150,560.66,18078.8,-2496.91,2026/01/29 23:37:10
5151,560.77,18070.3,-2496.16,2026/01/29 23:37:10
5152,560.88,18160.4,-2476.33,2026/01/29 23:37:10
5153,560.99,18273.4,-2459.58,2026/01/29 23:37:10
5154,561.1,18303.9,-2451.74,2026/01/29 23:37:10
5155,561.2,18306.6,-2454.12,2026/01/29 23:37:10
5156,561.32,18309.4,-2451.6,2026/01/29 23:37:10
5157,561.42,18310.6,-2453.97,2026/01/29 23:37:10
5158,561.53,18307.8,-2453.23,2026/01/29 23:37:10
5159,561.64,18313.5,-2451.44,2026/01/29 23:37:11
5160,561.75,18302,-2455.79,2026/01/29 23:37:11
5161,561.86,18200.9,-2471.62,2026/01/29 23:37:11
5162,561.97,18101.3,-2490.75,2026/01/29 23:37:11
5163,562.08,18113.3,-2486.2,2026/01/29 23:37:11
5164,562.18,18099.7,-2490.25,2026/01/29 23:37:11
5165,562.29,18078.6,-2494.61,2026/01/29 23:37:11
5166,562.4,18073,-2494.99,2026/01/29 23:37:11
5167,562.51,18070.5,-2497.02,2026/01/29 23:37:11
5168,562.62,18075.3,-2494.53,2026/01/29 23:37:12
5169,562.73,18200.2,-2470.41,2026/01/29 23:37:12
5170,562.84,18277.4,-2457.95,2026/01/29 23:37:12
5171,562.95,18289.1,-2454.79,2026/01/29 23:37:12
5172,563.06,18300.3,-2454.3,2026/01/29 23:37:12
5173,563.16,18301.1,-2452.96,2026/01/29 23:37:12
5174,563.27,18305,-2454.68,2026/01/29 23:37:12
5175,563.38,18309.8,-2448.73,2026/01/29 23:37:12
5176,563.49,18298.8,-2455.47,2026/01/29 23:37:12
5177,563.6,18210.8,-2468.91,2026/01/29 23:37:13
5178,563.71,18106.1,-2488.73,2026/01/29 23:37:13
5179,563.82,18115.6,-2484.82,2026/01/29 23:37:13
5180,563.93,18079.7,-2494.8,2026/01/29 23:37:13
5181,564.03,18068.7,-2496.88,2026/01/29 23:37:13
5182,564.14,18066.8,-2497.52,2026/01/29 23:37:13
5183,564.25,18058.9,-2497.7,2026/01/29 23:37:13
5184,564.36,18071.6,-2495.18,2026/01/29 23:37:13
5185,564.47,18167.8,-2477.6,2026/01/29 23:37:13
5186,564.58,18277.3,-2453.95,2026/01/29 23:37:13
5187,564.69,18302.7,-2454.79,2026/01/29 23:37:14
5188,564.8,18311.3,-2451.79,2026/01/29 23:37:14
5189,564.9,18316.7,-2451.16,2026/01/29 23:37:14
5190,565.01,18314.4,-2451.69,2026/01/29 23:37:14
5191,565.12,18320.6,-2450.7,2026/01/29 23:37:14
5192,565.23,18312.9,-2451.98,2026/01/29 23:37:14
5193,565.34,18322.3,-2450.04,2026/01/29 23:37:14
5194,565.45,18235,-2462.14,2026/01/29 23:37:14
5195,565.56,18123.2,-2486.43,2026/01/29 23:37:14
5196,565.66,18106.9,-2486.72,2026/01/29 23:37:15
5197,565.77,18108.6,-2487.99,2026/01/29 23:37:15
5198,565.88,18103.2,-2487.41,2026/01/29 23:37:15
5199,565.99,18078.4,-2495.3,2026/01/29 23:37:15
5200,566.1,18078.8,-2494.54,2026/01/29 23:37:15
5201,566.21,18076.9,-2494.95,2026/01/29 23:37:15
5202,566.32,18089.5,-2491.04,2026/01/29 23:37:15
5203,566.42,18230.8,-2464.76,2026/01/29 23:37:15
5204,566.53,18291.6,-2453.1,2026/01/29 23:37:15
5205,566.64,18305.4,-2453.05,2026/01/29 23:37:16
5206,566.75,18307.6,-2450.07,2026/01/29 23:37:16
5207,566.86,18312.6,-2449.39,2026/01/29 23:37:16
5208,566.97,18308.4,-2451.93,2026/01/29 23:37:16
5209,567.08,18317.3,-2448.4,2026/01/29 23:37:16
5210,567.19,18310.8,-2449.39,2026/01/29 23:37:16
5211,567.3,18313.8,-2451.04,2026/01/29 23:37:16
5212,567.41,18303.5,-2453.83,2026/01/29 23:37:16
5213,567.51,18235.2,-2462.85,2026/01/29 23:37:16
5214,567.62,18114.5,-2487.23,2026/01/29 23:37:17
5215,567.73,18111.6,-2486.08,2026/01/29 23:37:17
5216,567.84,18107.7,-2489.05,2026/01/29 23:37:17
5217,567.95,18099,-2488,2026/01/29 23:37:17
5218,568.06,18098.3,-2489.55,2026/01/29 23:37:17
5219,568.17,18084.1,-2493.45,2026/01/29 23:37:17
5220,568.28,18078.7,-2493.47,2026/01/29 23:37:17
5221,568.38,18064.1,-2496.97,2026/01/29 23:37:17
5222,568.49,18205,-2468.61,2026/01/29 23:37:17
5223,568.6,18283.8,-2454.19,2026/01/29 23:37:18
5224,568.71,18297.9,-2454.36,2026/01/29 23:37:18
5225,568.82,18302.2,-2452.45,2026/01/29 23:37:18
5226,568.93,18307.7,-2451.17,2026/01/29 23:37:18
5227,569.04,18316.6,-2449.69,2026/01/29 23:37:18
5228,569.15,18312.5,-2450.94,2026/01/29 23:37:18
5229,569.25,18310.9,-2448.62,2026/01/29 23:37:18
5230,569.36,18288.3,-2452.96,2026/01/29 23:37:18
5231,569.47,18142.5,-2481.36,2026/01/29 23:37:18
5232,569.58,18113.6,-2484.79,2026/01/29 23:37:19
5233,569.69,18082.5,-2494.33,2026/01/29 23:37:19
5234,569.8,18072.9,-2493.31,2026/01/29 23:37:19
5235,569.91,18065.8,-2498.55,2026/01/29 23:37:19
5236,570.02,18068.2,-2495.82,2026/01/29 23:37:19
5237,570.13,18062.4,-2497.47,2026/01/29 23:37:19
5238,570.23,18060.9,-2496.53,2026/01/29 23:37:19
5239,570.34,18194.7,-2471.23,2026/01/29 23:37:19
5240,570.45,18277.8,-2454.93,2026/01/29 23:37:19
5241,570.56,18290.8,-2455.73,2026/01/29 23:37:19
5242,570.67,18296.1,-2453.75,2026/01/29 23:37:20
5243,570.78,18307,-2450.74,2026/01/29 23:37:20
5244,570.89,18307.4,-2452.08,2026/01/29 23:37:20
5245,571,18309,-2450.06,2026/01/29 23:37:20
5246,571.1,18299.4,-2451.24,2026/01/29 23:37:20
5247,571.21,18194.5,-2471.83,2026/01/29 23:37:20
5248,571.32,18096.5,-2490.17,2026/01/29 23:37:20
5249,571.43,18111.8,-2485.51,2026/01/29 23:37:20
5250,571.54,18080.8,-2494.38,2026/01/29 23:37:20
5251,571.65,18068.5,-2494.98,2026/01/29 23:37:21
5252,571.76,18067.3,-2498.36,2026/01/29 23:37:21
5253,571.87,18061.2,-2497.31,2026/01/29 23:37:21
5254,571.98,18061.6,-2496.79,2026/01/29 23:37:21
5255,572.08,18062.8,-2498.86,2026/01/29 23:37:21
5256,572.19,18074.7,-2495.69,2026/01/29 23:37:21
5257,572.3,18095.6,-2488.27,2026/01/29 23:37:21
5258,572.41,18231.3,-2462.82,2026/01/29 23:37:21
5259,572.52,18280.9,-2455.07,2026/01/29 23:37:21
5260,572.63,18290.8,-2454.44,2026/01/29 23:37:22
5261,572.74,18308.5,-2453.37,2026/01/29 23:37:22
5262,572.85,18308.7,-2451.48,2026/01/29 23:37:22
5263,572.95,18317.6,-2451.48,2026/01/29 23:37:22
5264,573.06,18313.9,-2453.15,2026/01/29 23:37:22
5265,573.17,18324.3,-2448.59,2026/01/29 23:37:22
5266,573.28,18317.5,-2452.26,2026/01/29 23:37:22
5267,573.39,18324.4,-2450.46,2026/01/29 23:37:22
5268,573.5,18321.1,-2450.39,2026/01/29 23:37:22
5269,573.61,18323.8,-2451.28,2026/01/29 23:37:23
5270,573.72,18322,-2448.94,2026/01/29 23:37:23
5271,573.83,18295.6,-2453.87,2026/01/29 23:37:23
5272,573.93,18197.1,-2470.82,2026/01/29 23:37:23
5273,574.04,18103.3,-2490.57,2026/01/29 23:37:23
5274,574.15,18119,-2482.3,2026/01/29 23:37:23
5275,574.26,18083.5,-2494.8,2026/01/29 23:37:23
5276,574.37,18075.2,-2492.57,2026/01/29 23:37:23
5277,574.48,18070.2,-2495.94,2026/01/29 23:37:23
5278,574.59,18071.2,-2495.08,2026/01/29 23:37:24
5279,574.7,18061.8,-2496.36,2026/01/29 23:37:24
5280,574.8,18101.9,-2489.23,2026/01/29 23:37:24
5281,574.91,18154.7,-2475.26,2026/01/29 23:37:24
5282,575.02,18226.1,-2463.98,2026/01/29 23:37:24
5283,575.13,18293.1,-2452.87,2026/01/29 23:37:24
5284,575.24,18311.4,-2452.31,2026/01/29 23:37:24
5285,575.35,18320.2,-2448.09,2026/01/29 23:37:24
5286,575.46,18323.7,-2451.29,2026/01/29 23:37:24
5287,575.57,18325.6,-2449.44,2026/01/29 23:37:24
5288,575.68,18328,-2451.78,2026/01/29 23:37:25
5289,575.78,18324,-2449.37,2026/01/29 23:37:25
5290,575.89,18326.2,-2449.67,2026/01/29 23:37:25
5291,576,18292.6,-2455.44,2026/01/29 23:37:25
5292,576.11,18210.6,-2469.01,2026/01/29 23:37:25
5293,576.22,18134.2,-2485.27,2026/01/29 23:37:25
5294,576.33,18103.1,-2488.22,2026/01/29 23:37:25
5295,576.44,18107.3,-2485.51,2026/01/29 23:37:25
5296,576.55,18089.4,-2491.67,2026/01/29 23:37:25
5297,576.66,18074.8,-2494.82,2026/01/29 23:37:26
5298,576.77,18068.5,-2495.07,2026/01/29 23:37:26
5299,576.87,18071.4,-2496.66,2026/01/29 23:37:26
5300,576.98,18066.9,-2493.61,2026/01/29 23:37:26
5301,577.09,18064.1,-2494.94,2026/01/29 23:37:26
5302,577.2,18100.7,-2489.73,2026/01/29 23:37:26
5303,577.31,18221.2,-2463.48,2026/01/29 23:37:26
5304,577.42,18272,-2455.4,2026/01/29 23:37:26
5305,577.52,18297.9,-2451.99,2026/01/29 23:37:26
5306,577.64,18307.6,-2451.26,2026/01/29 23:37:27
5307,577.75,18315.3,-2450.33,2026/01/29 23:37:27
5308,577.85,18317.5,-2446.88,2026/01/29 23:37:27
5309,577.96,18310.4,-2450.53,2026/01/29 23:37:27
5310,578.07,18236.5,-2461.12,2026/01/29 23:37:27
5311,578.18,18111,-2487.8,2026/01/29 23:37:27
5312,578.29,18115.4,-2484.06,2026/01/29 23:37:27
5313,578.4,18076.7,-2495.13,2026/01/29 23:37:27
5314,578.51,18067,-2494.63,2026/01/29 23:37:27
5315,578.62,18053.5,-2500.31,2026/01/29 23:37:28
5316,578.73,18054.5,-2497.92,2026/01/29 23:37:28
5317,578.83,18049.4,-2499.82,2026/01/29 23:37:28
5318,578.94,18036.5,-2501.29,2026/01/29 23:37:28
5319,579.05,18052.7,-2498.91,2026/01/29 23:37:28
5320,579.16,18044.4,-2502.25,2026/01/29 23:37:28
5321,579.27,18065.3,-2493.2,2026/01/29 23:37:28
5322,579.38,18198.8,-2468.02,2026/01/29 23:37:28
5323,579.49,18272.8,-2455.52,2026/01/29 23:37:28
5324,579.6,18289.1,-2455.77,2026/01/29 23:37:29
5325,579.71,18307.9,-2448.8,2026/01/29 23:37:29
5326,579.81,18308.7,-2451.07,2026/01/29 23:37:29
5327,579.92,18306.1,-2449.45,2026/01/29 23:37:29
5328,580.03,18300.9,-2453.45,2026/01/29 23:37:29
5329,580.14,18244.1,-2457.49,2026/01/29 23:37:29
5330,580.25,18128.8,-2483.84,2026/01/29 23:37:29
5331,580.36,18094,-2488.16,2026/01/29 23:37:29
5332,580.47,18108.1,-2483.61,2026/01/29 23:37:29
5333,580.58,18061.4,-2495.17,2026/01/29 23:37:29
5334,580.68,18058.6,-2497.29,2026/01/29 23:37:30
5335,580.79,18051.5,-2497.57,2026/01/29 23:37:30
5336,580.9,18047.6,-2499.03,2026/01/29 23:37:30
5337,581.01,18051.2,-2497.5,2026/01/29 23:37:30
5338,581.12,18042.4,-2499.38,2026/01/29 23:37:30
5339,581.23,18134,-2479.12,2026/01/29 23:37:30
5340,581.34,18223.1,-2464.57,2026/01/29 23:37:30
5341,581.45,18266.5,-2454.27,2026/01/29 23:37:30
5342,581.55,18273.9,-2456.78,2026/01/29 23:37:30
5343,581.66,18283.7,-2454.41,2026/01/29 23:37:31
5344,581.77,18282.1,-2454.67,2026/01/29 23:37:31
5345,581.88,18286.7,-2455.07,2026/01/29 23:37:31
5346,581.99,18287,-2453.18,2026/01/29 23:37:31
5347,582.1,18276.1,-2456.18,2026/01/29 23:37:31
5348,582.21,18181.8,-2471.82,2026/01/29 23:37:31
5349,582.32,18092,-2488.75,2026/01/29 23:37:31
5350,582.43,18109.1,-2483.87,2026/01/29 23:37:31
5351,582.54,18066.8,-2497.1,2026/01/29 23:37:31
5352,582.64,18056.9,-2495.32,2026/01/29 23:37:32
5353,582.75,18049.4,-2499.61,2026/01/29 23:37:32
5354,582.86,18045.1,-2497.81,2026/01/29 23:37:32
5355,582.97,18049.8,-2498.97,2026/01/29 23:37:32
5356,583.08,18158.1,-2475.35,2026/01/29 23:37:32
5357,583.19,18260.3,-2455.55,2026/01/29 23:37:32
5358,583.3,18273,-2456.22,2026/01/29 23:37:32
5359,583.4,18290,-2452.61,2026/01/29 23:37:32
5360,583.51,18297.7,-2451.52,2026/01/29 23:37:32
5361,583.62,18309.9,-2450.57,2026/01/29 23:37:33
5362,583.73,18306.2,-2451.2,2026/01/29 23:37:33
5363,583.84,18306,-2450.91,2026/01/29 23:37:33
5364,583.95,18286.1,-2454.24,2026/01/29 23:37:33
5365,584.06,18156.6,-2477.55,2026/01/29 23:37:33
5366,584.17,18098.6,-2487.54,2026/01/29 23:37:33
5367,584.28,18090.3,-2487.38,2026/01/29 23:37:33
5368,584.39,18059.9,-2494.61,2026/01/29 23:37:33
5369,584.49,18034.7,-2501.42,2026/01/29 23:37:33
5370,584.6,18023.1,-2502.2,2026/01/29 23:37:34
5371,584.71,18051,-2497.2,2026/01/29 23:37:34
5372,584.82,18046.5,-2498.17,2026/01/29 23:37:34
5373,584.93,18103.7,-2484.11,2026/01/29 23:37:34
5374,585.04,18224.8,-2463.28,2026/01/29 23:37:34
5375,585.15,18281.5,-2451.67,2026/01/29 23:37:34
5376,585.26,18285.9,-2455.02,2026/01/29 23:37:34
5377,585.36,18296.4,-2452.41,2026/01/29 23:37:34
5378,585.47,18296.5,-2452.38,2026/01/29 23:37:34
5379,585.58,18303.7,-2447.99,2026/01/29 23:37:35
5380,585.69,18298.8,-2451.83,2026/01/29 23:37:35
5381,585.8,18261,-2454.09,2026/01/29 23:37:35
5382,585.91,18147.6,-2480.62,2026/01/29 23:37:35
5383,586.02,18090,-2488.55,2026/01/29 23:37:35
5384,586.13,18105.1,-2481.73,2026/01/29 23:37:35
5385,586.23,18053.2,-2498.01,2026/01/29 23:37:35
5386,586.34,18051.9,-2498.46,2026/01/29 23:37:35
5387,586.45,18041.4,-2498.76,2026/01/29 23:37:35
5388,586.56,18054.5,-2496.9,2026/01/29 23:37:35
5389,586.67,18055.6,-2495.66,2026/01/29 23:37:36
5390,586.78,18051.8,-2495.53,2026/01/29 23:37:36
5391,586.89,18131.9,-2478.73,2026/01/29 23:37:36
5392,586.99,18211.6,-2463.09,2026/01/29 23:37:36
5393,587.1,18267.4,-2453.35,2026/01/29 23:37:36
5394,587.21,18281.5,-2456.35,2026/01/29 23:37:36
5395,587.32,18296.9,-2451.49,2026/01/29 23:37:36
5396,587.43,18295.6,-2452.06,2026/01/29 23:37:36
5397,587.54,18298.9,-2451.66,2026/01/29 23:37:36
5398,587.65,18296.7,-2451.13,2026/01/29 23:37:37
5399,587.76,18298.8,-2454.33,2026/01/29 23:37:37
5400,587.86,18306.3,-2447.39,2026/01/29 23:37:37
5401,587.97,18305.1,-2449.07,2026/01/29 23:37:37
5402,588.08,18309.2,-2448.72,2026/01/29 23:37:37
5403,588.19,18307.4,-2448.68,2026/01/29 23:37:37
5404,588.3,18312.1,-2446.07,2026/01/29 23:37:37
5405,588.41,18311.6,-2448.04,2026/01/29 23:37:37
5406,588.52,18311.6,-2445.92,2026/01/29 23:37:37
5407,588.63,18313.5,-2447.69,2026/01/29 23:37:38
5408,588.74,18313.1,-2445.53,2026/01/29 23:37:38
5409,588.84,18315,-2447.02,2026/01/29 23:37:38
5410,588.95,18311.4,-2448.11,2026/01/29 23:37:38
5411,589.06,18318.6,-2445.65,2026/01/29 23:37:38
5412,589.17,18309.7,-2446.26,2026/01/29 23:37:38
5413,589.28,18315.2,-2447.71,2026/01/29 23:37:38
5414,589.39,18310.7,-2447.19,2026/01/29 23:37:38
5415,589.5,18312,-2448.37,2026/01/29 23:37:38
5416,589.61,18315.6,-2446.5,2026/01/29 23:37:39
5417,589.72,18309.4,-2449.37,2026/01/29 23:37:39
5418,589.82,18314.7,-2449.51,2026/01/29 23:37:39
5419,589.93,18313.1,-2446.84,2026/01/29 23:37:39
5420,590.04,18318.8,-2444.3,2026/01/29 23:37:39
5421,590.15,18312.3,-2448.51,2026/01/29 23:37:39
5422,590.26,18317.4,-2445.09,2026/01/29 23:37:39
5423,590.37,18313.2,-2448.1,2026/01/29 23:37:39
5424,590.48,18316.5,-2446.16,2026/01/29 23:37:39
5425,590.58,18314.4,-2446.96,2026/01/29 23:37:40
5426,590.69,18314.6,-2449.24,2026/01/29 23:37:40
5427,590.8,18317.4,-2445.02,2026/01/29 23:37:40
5428,590.91,18313.1,-2449.08,2026/01/29 23:37:40
5429,591.02,18319.1,-2445.77,2026/01/29 23:37:40
5430,591.13,18316.5,-2447.15,2026/01/29 23:37:40
5431,591.24,18320.4,-2444.63,2026/01/29 23:37:40
5432,591.35,18317.5,-2447.5,2026/01/29 23:37:40
5433,591.46,18319,-2444.29,2026/01/29 23:37:40
5434,591.57,18319.3,-2446.27,2026/01/29 23:37:40
5435,591.67,18316.4,-2444.66,2026/01/29 23:37:41
5436,591.78,18320.8,-2445.94,2026/01/29 23:37:41
5437,591.89,18316.3,-2446.41,2026/01/29 23:37:41
5438,592,18319.8,-2444.7,2026/01/29 23:37:41
5439,592.11,18315.2,-2447.2,2026/01/29 23:37:41
5440,592.22,18322,-2446.45,2026/01/29 23:37:41
5441,592.33,18316.9,-2445.64,2026/01/29 23:37:41
5442,592.44,18320.4,-2445.79,2026/01/29 23:37:41
5443,592.55,18318.9,-2446.34,2026/01/29 23:37:41
5444,592.65,18319,-2446.07,2026/01/29 23:37:42
5445,592.76,18321.8,-2444.77,2026/01/29 23:37:42
5446,592.87,18319.2,-2444.87,2026/01/29 23:37:42
5447,592.98,18327,-2445.06,2026/01/29 23:37:42
5448,593.09,18320.5,-2444.81,2026/01/29 23:37:42
5449,593.2,18326.3,-2442.21,2026/01/29 23:37:42
5450,593.31,18321,-2444.79,2026/01/29 23:37:42
5451,593.41,18326.1,-2444.07,2026/01/29 23:37:42
5452,593.53,18321.4,-2444.96,2026/01/29 23:37:42
5453,593.63,18326.6,-2444.08,2026/01/29 23:37:43
5454,593.74,18325,-2443.07,2026/01/29 23:37:43
5455,593.85,18324.8,-2445.61,2026/01/29 23:37:43
5456,593.96,18329.3,-2441.81,2026/01/29 23:37:43
5457,594.07,18323.9,-2444.8,2026/01/29 23:37:43
5458,594.18,18329.7,-2442.44,2026/01/29 23:37:43
5459,594.29,18324.7,-2446.17,2026/01/29 23:37:43
5460,594.4,18329.5,-2440.91,2026/01/29 23:37:43
5461,594.51,18324.8,-2445.4,2026/01/29 23:37:43
5462,594.61,18327.8,-2442.9,2026/01/29 23:37:44
5463,594.72,18325.7,-2445.22,2026/01/29 23:37:44
5464,594.83,18329.2,-2443.43,2026/01/29 23:37:44
5465,594.94,18328.2,-2442.87,2026/01/29 23:37:44
5466,595.05,18325.9,-2445.88,2026/01/29 23:37:44
5467,595.16,18331.7,-2442.49,2026/01/29 23:37:44
5468,595.27,18325.6,-2445.02,2026/01/29 23:37:44
5469,595.38,18330.5,-2444.16,2026/01/29 23:37:44
5470,595.49,18327.1,-2443.87,2026/01/29 23:37:44
5471,595.6,18330.2,-2442.48,2026/01/29 23:37:45
5472,595.7,18329.6,-2443.76,2026/01/29 23:37:45
5473,595.81,18328.6,-2442.53,2026/01/29 23:37:45
5474,595.92,18332.4,-2443.86,2026/01/29 23:37:45
5475,596.03,18329,-2442.97,2026/01/29 23:37:45
5476,596.14,18333.8,-2440.57,2026/01/29 23:37:45
5477,596.25,18328.4,-2444.46,2026/01/29 23:37:45
5478,596.35,18334.3,-2442.17,2026/01/29 23:37:45
5479,596.46,18328.2,-2443.44,2026/01/29 23:37:45
5480,596.57,18332.6,-2443.44,2026/01/29 23:37:45
5481,596.68,18331.2,-2441.97,2026/01/29 23:37:46
5482,596.79,18329.5,-2444.7,2026/01/29 23:37:46
5483,596.9,18335.1,-2442.69,2026/01/29 23:37:46
5484,597.01,18329.3,-2443.96,2026/01/29 23:37:46
5485,597.12,18334.3,-2443.96,2026/01/29 23:37:46
5486,597.23,18330.9,-2444.37,2026/01/29 23:37:46
5487,597.33,18334.7,-2441.03,2026/01/29 23:37:46
5488,597.44,18332,-2444.01,2026/01/29 23:37:46
5489,597.55,18334.4,-2441,2026/01/29 23:37:46
5490,597.66,18331.6,-2443.58,2026/01/29 23:37:47
5491,597.77,18332.2,-2443.91,2026/01/29 23:37:47
5492,597.88,18337.6,-2440.48,2026/01/29 23:37:47
5493,597.98,18329.6,-2444.45,2026/01/29 23:37:47
5494,598.09,18337.2,-2443.31,2026/01/29 23:37:47
5495,598.2,18332,-2442.61,2026/01/29 23:37:47
5496,598.31,18336.2,-2441.71,2026/01/29 23:37:47
5497,598.42,18334.5,-2441.91,2026/01/29 23:37:47
5498,598.53,18334.4,-2441.72,2026/01/29 23:37:47
5499,598.64,18337.7,-2442.43,2026/01/29 23:37:48
5500,598.75,18332.4,-2440.91,2026/01/29 23:37:48
5501,598.86,18337.8,-2441.35,2026/01/29 23:37:48
5502,598.97,18332.2,-2442.84,2026/01/29 23:37:48
5503,599.07,18339.6,-2439.5,2026/01/29 23:37:48
5504,599.18,18332.4,-2444.12,2026/01/29 23:37:48
5505,599.29,18337.8,-2441.21,2026/01/29 23:37:48
5506,599.4,18333.8,-2441.76,2026/01/29 23:37:48
5507,599.51,18336.9,-2442.29,2026/01/29 23:37:48
5508,599.62,18337.8,-2438.77,2026/01/29 23:37:49
5509,599.73,18332.6,-2443.61,2026/01/29 23:37:49
5510,599.83,18338.4,-2442.19,2026/01/29 23:37:49
5511,599.94,18335.6,-2441.21,2026/01/29 23:37:49
5512,600.05,18335.6,-2441.59,2026/01/29 23:37:49
5513,600.16,18338.6,-2441.95,2026/01/29 23:37:49
5514,600.27,18334.4,-2440.63,2026/01/29 23:37:49
5515,600.38,18339.8,-2443.29,2026/01/29 23:37:49
5516,600.49,18335,-2441.48,2026/01/29 23:37:49
5517,600.59,18340,-2440.08,2026/01/29 23:37:50
5518,600.7,18332.5,-2443.89,2026/01/29 23:37:50
5519,600.81,18341,-2440.31,2026/01/29 23:37:50
5520,600.92,18334.1,-2441.69,2026/01/29 23:37:50
5521,601.03,18338.6,-2441.94,2026/01/29 23:37:50
5522,601.14,18337.4,-2441.28,2026/01/29 23:37:50
5523,601.25,18335.7,-2443.43,2026/01/29 23:37:50
5524,601.36,18340.3,-2439.8,2026/01/29 23:37:50
5525,601.47,18334.8,-2440.81,2026/01/29 23:37:50
5526,601.57,18343.9,-2438.75,2026/01/29 23:37:50
5527,601.68,18338.4,-2440.53,2026/01/29 23:37:51
5528,601.79,18340.6,-2438.5,2026/01/29 23:37:51
5529,601.9,18336.8,-2442.74,2026/01/29 23:37:51
5530,602.01,18340.6,-2439.21,2026/01/29 23:37:51
5531,602.12,18337.6,-2441.7,2026/01/29 23:37:51
5532,602.23,18341,-2439.54,2026/01/29 23:37:51
5533,602.34,18339.7,-2439.59,2026/01/29 23:37:51
5534,602.45,18343,-2440.83,2026/01/29 23:37:51
5535,602.56,18349.7,-2439.3,2026/01/29 23:37:51
5536,602.66,18344.8,-2444.12,2026/01/29 23:37:52
5537,602.77,18351.3,-2443.14,2026/01/29 23:37:52
5538,602.88,18347.1,-2442.85,2026/01/29 23:37:52
5539,602.99,18350.9,-2441.61,2026/01/29 23:37:52
5540,603.1,18350.8,-2442.58,2026/01/29 23:37:52
5541,603.21,18348,-2441.27,2026/01/29 23:37:52
5542,603.31,18352.5,-2442.95,2026/01/29 23:37:52
5543,603.42,18347.3,-2439.99,2026/01/29 23:37:52
5544,603.53,18352.4,-2441.04,2026/01/29 23:37:52
5545,603.64,18347.5,-2443.23,2026/01/29 23:37:53
5546,603.75,18354.8,-2440.11,2026/01/29 23:37:53
5547,603.86,18348.1,-2441.44,2026/01/29 23:37:53
5548,603.97,18354.4,-2441.35,2026/01/29 23:37:53
5549,604.08,18350.9,-2440.72,2026/01/29 23:37:53
5550,604.19,18351.7,-2443.62,2026/01/29 23:37:53
5551,604.29,18355.2,-2438.9,2026/01/29 23:37:53
5552,604.4,18349.5,-2442.57,2026/01/29 23:37:53
5553,604.51,18354.9,-2441.97,2026/01/29 23:37:53
5554,604.62,18350.6,-2442.57,2026/01/29 23:37:54
5555,604.73,18352.9,-2439.39,2026/01/29 23:37:54
5556,604.84,18350,-2442.89,2026/01/29 23:37:54
5557,604.95,18352.6,-2439.58,2026/01/29 23:37:54
5558,605.06,18352.9,-2441.8,2026/01/29 23:37:54
5559,605.16,18351.8,-2440.38,2026/01/29 23:37:54
5560,605.27,18356.7,-2439.2,2026/01/29 23:37:54
5561,605.38,18347.3,-2442.29,2026/01/29 23:37:54
5562,605.49,18313.8,-2447.72,2026/01/29 23:37:54
5563,605.6,18210.6,-2465.8,2026/01/29 23:37:55
5564,605.71,18165.8,-2474.15,2026/01/29 23:37:55
5565,605.82,18163.2,-2471.24,2026/01/29 23:37:55
5566,605.92,18116.3,-2482.53,2026/01/29 23:37:55
5567,606.03,18059.5,-2490.39,2026/01/29 23:37:55
5568,606.14,18000.8,-2500.18,2026/01/29 23:37:55
5569,606.25,17977.4,-2502.88,2026/01/29 23:37:55
5570,606.36,17932.6,-2509.86,2026/01/29 23:37:55
5571,606.47,17881.5,-2516.34,2026/01/29 23:37:55
5572,606.58,17869.3,-2521.98,2026/01/29 23:37:55
5573,606.69,17883.2,-2519.25,2026/01/29 23:37:56
5574,606.8,18000,-2500.1,2026/01/29 23:37:56
5575,606.91,18069.5,-2488.54,2026/01/29 23:37:56
5576,607.01,18121.1,-2479.36,2026/01/29 23:37:56
5577,607.12,18237.3,-2456.09,2026/01/29 23:37:56
5578,607.23,18283.7,-2444.92,2026/01/29 23:37:56
5579,607.34,18300.4,-2447.99,2026/01/29 23:37:56
5580,607.45,18307.6,-2443.79,2026/01/29 23:37:56
5581,607.56,18303.3,-2445.3,2026/01/29 23:37:56
5582,607.67,18312,-2443.14,2026/01/29 23:37:57
5583,607.78,18236.4,-2458.01,2026/01/29 23:37:57
5584,607.89,18150,-2470.6,2026/01/29 23:37:57
5585,608,18139.5,-2475.38,2026/01/29 23:37:57
5586,608.11,18135.1,-2471.38,2026/01/29 23:37:57
5587,608.21,18129.9,-2473.82,2026/01/29 23:37:57
5588,608.32,18047.6,-2491.97,2026/01/29 23:37:57
5589,608.43,18001.7,-2499.79,2026/01/29 23:37:57
5590,608.54,17972.7,-2503.15,2026/01/29 23:37:57
5591,608.65,17953,-2501.22,2026/01/29 23:37:58
5592,608.76,17939.2,-2506.8,2026/01/29 23:37:58
5593,608.87,17973.3,-2503.14,2026/01/29 23:37:58
5594,608.98,18021.2,-2497.81,2026/01/29 23:37:58
5595,609.09,18063.3,-2485.98,2026/01/29 23:37:58
5596,609.2,18135.1,-2475.89,2026/01/29 23:37:58
5597,609.31,18226.6,-2454.58,2026/01/29 23:37:58
5598,609.41,18262.7,-2452.69,2026/01/29 23:37:58
5599,609.52,18282.8,-2445.43,2026/01/29 23:37:58
5600,609.63,18285.9,-2447.86,2026/01/29 23:37:59
5601,609.74,18289.4,-2444.09,2026/01/29 23:37:59
5602,609.85,18232.4,-2453.79,2026/01/29 23:37:59
5603,609.96,18158.2,-2470.58,2026/01/29 23:37:59
5604,610.07,18134.3,-2474.18,2026/01/29 23:37:59
5605,610.18,18104.6,-2482.27,2026/01/29 23:37:59
5606,610.29,18097.3,-2482.43,2026/01/29 23:37:59
5607,610.4,18093.8,-2480.41,2026/01/29 23:37:59
5608,610.5,18100.9,-2479.26,2026/01/29 23:37:59
5609,610.61,18111.8,-2474.95,2026/01/29 23:38:00
5610,610.72,18122.1,-2472.55,2026/01/29 23:38:00
5611,610.83,18133.4,-2471.6,2026/01/29 23:38:00
5612,610.94,18125.4,-2471.95,2026/01/29 23:38:00
5613,611.05,18035.7,-2491.77,2026/01/29 23:38:00
5614,611.16,17999.3,-2497.33,2026/01/29 23:38:00
5615,611.27,17980.7,-2497.34,2026/01/29 23:38:00
5616,611.37,17972.5,-2501.8,2026/01/29 23:38:00
5617,611.48,17974.1,-2499.5,2026/01/29 23:38:00
5618,611.59,17934.8,-2504.67,2026/01/29 23:38:01
5619,611.7,17927.8,-2506.42,2026/01/29 23:38:01
5620,611.81,17932.1,-2507.5,2026/01/29 23:38:01
5621,611.92,18016.8,-2495.47,2026/01/29 23:38:01
5622,612.03,18032.4,-2493.46,2026/01/29 23:38:01
5623,612.14,18041.2,-2490.2,2026/01/29 23:38:01
5624,612.25,18115.9,-2474.51,2026/01/29 23:38:01
5625,612.35,18179.4,-2463.36,2026/01/29 23:38:01
5626,612.46,18210.2,-2456.7,2026/01/29 23:38:01
5627,612.57,18248.7,-2450.93,2026/01/29 23:38:01
5628,612.68,18260.8,-2450.28,2026/01/29 23:38:02
5629,612.79,18273.3,-2451.14,2026/01/29 23:38:02
5630,612.9,18272.2,-2447.88,2026/01/29 23:38:02
5631,613.01,18277.2,-2450.48,2026/01/29 23:38:02
5632,613.12,18276.5,-2447.63,2026/01/29 23:38:02
5633,613.23,18281.5,-2447.8,2026/01/29 23:38:02
5634,613.34,18250.9,-2451.56,2026/01/29 23:38:02
5635,613.44,18176.9,-2464.74,2026/01/29 23:38:02
5636,613.55,18113.7,-2477.26,2026/01/29 23:38:02
5637,613.66,18104.6,-2476.37,2026/01/29 23:38:03
5638,613.77,18102.4,-2475.07,2026/01/29 23:38:03
5639,613.88,18127.2,-2470.79,2026/01/29 23:38:03
5640,613.99,18129.3,-2469.39,2026/01/29 23:38:03
5641,614.1,18132.8,-2469.3,2026/01/29 23:38:03
5642,614.21,18128.3,-2468.67,2026/01/29 23:38:03
5643,614.32,18035.3,-2490.01,2026/01/29 23:38:03
5644,614.43,18032.1,-2490.49,2026/01/29 23:38:03
5645,614.53,18024.5,-2492.47,2026/01/29 23:38:03
5646,614.64,18037.2,-2491.48,2026/01/29 23:38:04
5647,614.75,18038.5,-2489.89,2026/01/29 23:38:04
5648,614.86,18033.8,-2489.33,2026/01/29 23:38:04
5649,614.97,18099.4,-2476.9,2026/01/29 23:38:04
5650,615.08,18162.3,-2465.74,2026/01/29 23:38:04
5651,615.19,18228.7,-2453.82,2026/01/29 23:38:04
5652,615.3,18253.9,-2451.16,2026/01/29 23:38:04
5653,615.4,18275,-2447.07,2026/01/29 23:38:04
5654,615.51,18277.7,-2448.81,2026/01/29 23:38:04
5655,615.62,18289.8,-2445.73,2026/01/29 23:38:05
5656,615.73,18287.5,-2446.35,2026/01/29 23:38:05
5657,615.84,18291.8,-2446.14,2026/01/29 23:38:05
5658,615.95,18286.5,-2444.9,2026/01/29 23:38:05
5659,616.06,18230.6,-2457.72,2026/01/29 23:38:05
5660,616.17,18180.2,-2465.37,2026/01/29 23:38:05
5661,616.27,18127.3,-2475.64,2026/01/29 23:38:05
5662,616.38,18097.8,-2478.48,2026/01/29 23:38:05
5663,616.49,18103.2,-2475.42,2026/01/29 23:38:05
5664,616.6,18099.1,-2475.91,2026/01/29 23:38:06
5665,616.71,18096.6,-2476.92,2026/01/29 23:38:06
5666,616.82,18087.7,-2477.94,2026/01/29 23:38:06
5667,616.93,18092,-2477.57,2026/01/29 23:38:06
5668,617.04,18076.9,-2479.45,2026/01/29 23:38:06
5669,617.14,18082,-2479.45,2026/01/29 23:38:06
5670,617.25,18146.8,-2470,2026/01/29 23:38:06
5671,617.36,18249.5,-2446.85,2026/01/29 23:38:06
5672,617.47,18275.7,-2449.34,2026/01/29 23:38:06
5673,617.58,18289.1,-2444.1,2026/01/29 23:38:06
5674,617.69,18292.4,-2446.63,2026/01/29 23:38:07
5675,617.8,18295.8,-2443.88,2026/01/29 23:38:07
5676,617.91,18289.9,-2445.3,2026/01/29 23:38:07
5677,618.02,18196.5,-2461.16,2026/01/29 23:38:07
5678,618.13,18135.2,-2475.5,2026/01/29 23:38:07
5679,618.24,18093,-2480.29,2026/01/29 23:38:07
5680,618.35,18102,-2475.04,2026/01/29 23:38:07
5681,618.45,18093,-2478.18,2026/01/29 23:38:07
5682,618.56,18095.9,-2476.4,2026/01/29 23:38:07
5683,618.67,18047.9,-2488.1,2026/01/29 23:38:08
5684,618.78,18034.9,-2491.86,2026/01/29 23:38:08
5685,618.89,18011.4,-2495.09,2026/01/29 23:38:08
5686,619,17995.1,-2501.12,2026/01/29 23:38:08
5687,619.1,18048.9,-2487.03,2026/01/29 23:38:08
5688,619.22,18027.8,-2493.22,2026/01/29 23:38:08
5689,619.33,18104.5,-2471.79,2026/01/29 23:38:08
5690,619.43,18195.1,-2459.47,2026/01/29 23:38:08
5691,619.54,18251.1,-2449.89,2026/01/29 23:38:08
5692,619.65,18266.4,-2448.38,2026/01/29 23:38:09
5693,619.76,18277.7,-2447.49,2026/01/29 23:38:09
5694,619.87,18281,-2447.06,2026/01/29 23:38:09
5695,619.98,18279.8,-2447.58,2026/01/29 23:38:09
5696,620.09,18284.5,-2446.12,2026/01/29 23:38:09
5697,620.19,18264.2,-2449.44,2026/01/29 23:38:09
5698,620.3,18192,-2462.21,2026/01/29 23:38:09
5699,620.41,18128.8,-2477.09,2026/01/29 23:38:09
5700,620.52,18095,-2477.71,2026/01/29 23:38:09
5701,620.63,18104.6,-2475.79,2026/01/29 23:38:10
5702,620.74,18094.7,-2475.99,2026/01/29 23:38:10
5703,620.85,18098.8,-2476.3,2026/01/29 23:38:10
5704,620.96,18067.8,-2482.04,2026/01/29 23:38:10
5705,621.06,18067.8,-2483.64,2026/01/29 23:38:10
5706,621.17,18071.1,-2484.39,2026/01/29 23:38:10
5707,621.28,18070.2,-2481.44,2026/01/29 23:38:10
5708,621.39,18051,-2488.85,2026/01/29 23:38:10
5709,621.5,18069.6,-2481.03,2026/01/29 23:38:10
5710,621.61,18179.8,-2463.39,2026/01/29 23:38:11
5711,621.72,18248.8,-2448.54,2026/01/29 23:38:11
5712,621.83,18275.2,-2449.12,2026/01/29 23:38:11
5713,621.93,18285.1,-2447.46,2026/01/29 23:38:11
5714,622.04,18304.5,-2442.22,2026/01/29 23:38:11
5715,622.15,18299.2,-2446.49,2026/01/29 23:38:11
5716,622.26,18307.4,-2443.31,2026/01/29 23:38:11
5717,622.37,18296.5,-2445.82,2026/01/29 23:38:11
5718,622.48,18242.8,-2451.82,2026/01/29 23:38:11
5719,622.59,18172.9,-2468.16,2026/01/29 23:38:12
5720,622.7,18134.6,-2473.46,2026/01/29 23:38:12
5721,622.81,18096.7,-2478.67,2026/01/29 23:38:12
5722,622.91,18086.9,-2481.23,2026/01/29 23:38:12
5723,623.02,18098,-2475.54,2026/01/29 23:38:12
5724,623.13,18087.8,-2479.7,2026/01/29 23:38:12
5725,623.24,18092.9,-2477.61,2026/01/29 23:38:12
5726,623.35,18084.5,-2479.51,2026/01/29 23:38:12
5727,623.46,18084,-2480.52,2026/01/29 23:38:12
5728,623.57,18077.7,-2480.35,2026/01/29 23:38:12
5729,623.68,18082.6,-2480.94,2026/01/29 23:38:13
5730,623.79,18071.7,-2481.63,2026/01/29 23:38:13
5731,623.9,18080.4,-2480.77,2026/01/29 23:38:13
5732,624.01,18099,-2474.84,2026/01/29 23:38:13
5733,624.12,18141.8,-2469.41,2026/01/29 23:38:13
5734,624.22,18193.8,-2458.95,2026/01/29 23:38:13
5735,624.33,18229.1,-2452.79,2026/01/29 23:38:13
5736,624.44,18256.8,-2449.8,2026/01/29 23:38:13
5737,624.55,18267.4,-2447.44,2026/01/29 23:38:13
5738,624.66,18291.3,-2445.75,2026/01/29 23:38:14
5739,624.77,18304.3,-2442.58,2026/01/29 23:38:14
5740,624.88,18323.6,-2442.71,2026/01/29 23:38:14
5741,624.99,18331.8,-2437.47,2026/01/29 23:38:14
5742,625.09,18330.2,-2442.25,2026/01/29 23:38:14
5743,625.2,18332.8,-2439.74,2026/01/29 23:38:14
5744,625.31,18324.4,-2441.55,2026/01/29 23:38:14
5745,625.42,18283.8,-2447.77,2026/01/29 23:38:14
5746,625.53,18221.5,-2457.06,2026/01/29 23:38:14
5747,625.64,18177.5,-2467.26,2026/01/29 23:38:15
5748,625.75,18132.9,-2475,2026/01/29 23:38:15
5749,625.86,18095.6,-2480.46,2026/01/29 23:38:15
5750,625.97,18085.4,-2479.73,2026/01/29 23:38:15
5751,626.07,18093.3,-2479.81,2026/01/29 23:38:15
5752,626.18,18097.1,-2476.8,2026/01/29 23:38:15
5753,626.29,18061.6,-2484.8,2026/01/29 23:38:15
5754,626.4,18051.9,-2489.29,2026/01/29 23:38:15
5755,626.51,18038.1,-2490.36,2026/01/29 23:38:15
5756,626.62,18034.9,-2493.02,2026/01/29 23:38:16
5757,626.73,18033,-2491.58,2026/01/29 23:38:16
5758,626.84,18058.9,-2488.12,2026/01/29 23:38:16
5759,626.94,18161.7,-2464.51,2026/01/29 23:38:16
5760,627.05,18209.1,-2458.08,2026/01/29 23:38:16
5761,627.16,18254.8,-2450.68,2026/01/29 23:38:16
5762,627.27,18284,-2447.26,2026/01/29 23:38:16
5763,627.38,18303.9,-2443.15,2026/01/29 23:38:16
5764,627.49,18308.5,-2442.83,2026/01/29 23:38:16
5765,627.6,18324.8,-2441.51,2026/01/29 23:38:17
5766,627.71,18321.5,-2441.72,2026/01/29 23:38:17
5767,627.82,18328.9,-2439.59,2026/01/29 23:38:17
5768,627.93,18322.4,-2440.13,2026/01/29 23:38:17
5769,628.04,18265.9,-2450.6,2026/01/29 23:38:17
5770,628.15,18182.7,-2464.48,2026/01/29 23:38:17
5771,628.26,18115.3,-2478.57,2026/01/29 23:38:17
5772,628.36,18094.6,-2476.65,2026/01/29 23:38:17
5773,628.47,18103.9,-2475.33,2026/01/29 23:38:17
5774,628.58,18078.5,-2482.79,2026/01/29 23:38:18
5775,628.69,18046.4,-2489.01,2026/01/29 23:38:18
5776,628.8,18013.1,-2497.06,2026/01/29 23:38:18
5777,628.91,18002.8,-2497.82,2026/01/29 23:38:18
5778,629.02,18000.3,-2498.46,2026/01/29 23:38:18
5779,629.13,18038.9,-2490.71,2026/01/29 23:38:18
5780,629.23,18037.8,-2491.72,2026/01/29 23:38:18
5781,629.34,18125.7,-2469.8,2026/01/29 23:38:18
5782,629.45,18217,-2456.99,2026/01/29 23:38:18
5783,629.56,18268.6,-2449.48,2026/01/29 23:38:18
5784,629.67,18287.9,-2446.21,2026/01/29 23:38:19
5785,629.78,18308.6,-2443.51,2026/01/29 23:38:19
5786,629.89,18314.5,-2440.68,2026/01/29 23:38:19
5787,630,18317.4,-2443.3,2026/01/29 23:38:19
5788,630.1,18321.4,-2437.23,2026/01/29 23:38:19
5789,630.21,18318.9,-2442.63,2026/01/29 23:38:19
5790,630.32,18315,-2438.98,2026/01/29 23:38:19
5791,630.43,18248.1,-2451.27,2026/01/29 23:38:19
5792,630.54,18147.1,-2475.22,2026/01/29 23:38:19
5793,630.65,18093.7,-2479.04,2026/01/29 23:38:20
5794,630.76,18116.8,-2473.66,2026/01/29 23:38:20
5795,630.87,18103.1,-2475.94,2026/01/29 23:38:20
5796,630.98,18064.4,-2486.75,2026/01/29 23:38:20
5797,631.09,18044.5,-2489.58,2026/01/29 23:38:20
5798,631.2,18031.8,-2495.21,2026/01/29 23:38:20
5799,631.3,18040.6,-2490.95,2026/01/29 23:38:20
5800,631.41,18043,-2490.52,2026/01/29 23:38:20
5801,631.52,18060.9,-2486.37,2026/01/29 23:38:20
5802,631.63,18146.8,-2466.6,2026/01/29 23:38:21
5803,631.74,18219,-2456.27,2026/01/29 23:38:21
5804,631.85,18242.8,-2452.26,2026/01/29 23:38:21
5805,631.96,18278.6,-2448.86,2026/01/29 23:38:21
5806,632.07,18292.1,-2444.54,2026/01/29 23:38:21
5807,632.17,18307,-2445.12,2026/01/29 23:38:21
5808,632.28,18320.3,-2439.57,2026/01/29 23:38:21
5809,632.39,18317.9,-2442.15,2026/01/29 23:38:21
5810,632.5,18325.7,-2439.03,2026/01/29 23:38:21
5811,632.61,18318.3,-2441.19,2026/01/29 23:38:22
5812,632.72,18265.9,-2449.38,2026/01/29 23:38:22
5813,632.83,18164.8,-2468.94,2026/01/29 23:38:22
5814,632.94,18109.4,-2477.63,2026/01/29 23:38:22
5815,633.05,18108.8,-2474.74,2026/01/29 23:38:22
5816,633.16,18110.4,-2476.12,2026/01/29 23:38:22
5817,633.26,18094.2,-2478.66,2026/01/29 23:38:22
5818,633.37,18058.7,-2487.57,2026/01/29 23:38:22
5819,633.48,18058.9,-2487.36,2026/01/29 23:38:22
5820,633.59,18062.6,-2486.64,2026/01/29 23:38:23
5821,633.7,18062.3,-2484.87,2026/01/29 23:38:23
5822,633.81,18062.1,-2485.06,2026/01/29 23:38:23
5823,633.92,18110.1,-2473.93,2026/01/29 23:38:23
5824,634.03,18185.9,-2464.61,2026/01/29 23:38:23
5825,634.14,18239.3,-2451.65,2026/01/29 23:38:23
5826,634.24,18278.4,-2447.25,2026/01/29 23:38:23
5827,634.35,18295.5,-2446.92,2026/01/29 23:38:23
5828,634.46,18319.2,-2440.64,2026/01/29 23:38:23
5829,634.57,18319.1,-2443.29,2026/01/29 23:38:23
5830,634.68,18326.2,-2438.51,2026/01/29 23:38:24
5831,634.79,18325.2,-2441.94,2026/01/29 23:38:24
5832,634.9,18323.7,-2440.81,2026/01/29 23:38:24
5833,635.01,18267.6,-2449.96,2026/01/29 23:38:24
5834,635.12,18187,-2463.87,2026/01/29 23:38:24
5835,635.22,18142.4,-2475.26,2026/01/29 23:38:24
5836,635.33,18091.6,-2480.52,2026/01/29 23:38:24
5837,635.44,18116.3,-2473.5,2026/01/29 23:38:24
5838,635.55,18106.5,-2477.72,2026/01/29 23:38:24
5839,635.66,18074.4,-2483.2,2026/01/29 23:38:25
5840,635.77,18062.1,-2487.52,2026/01/29 23:38:25
5841,635.88,18058.8,-2486.27,2026/01/29 23:38:25
5842,635.99,18058.1,-2486.11,2026/01/29 23:38:25
5843,636.09,18083.7,-2479.51,2026/01/29 23:38:25
5844,636.2,18148,-2467.85,2026/01/29 23:38:25
5845,636.31,18218.3,-2456.18,2026/01/29 23:38:25
5846,636.42,18261.6,-2450.39,2026/01/29 23:38:25
5847,636.53,18284.3,-2446.76,2026/01/29 23:38:25
5848,636.64,18303.4,-2445.39,2026/01/29 23:38:26
5849,636.75,18316.7,-2441.54,2026/01/29 23:38:26
5850,636.86,18321.6,-2443.88,2026/01/29 23:38:26
5851,636.96,18327.8,-2437.43,2026/01/29 23:38:26
5852,637.07,18321.8,-2442.63,2026/01/29 23:38:26
5853,637.18,18315.4,-2441.19,2026/01/29 23:38:26
5854,637.29,18240.2,-2451.77,2026/01/29 23:38:26
5855,637.4,18169.4,-2469.46,2026/01/29 23:38:26
5856,637.51,18106.4,-2477.33,2026/01/29 23:38:26
5857,637.62,18103.6,-2477.63,2026/01/29 23:38:27
5858,637.73,18108.6,-2474.75,2026/01/29 23:38:27
5859,637.84,18071.9,-2484.29,2026/01/29 23:38:27
5860,637.95,18053.1,-2488.76,2026/01/29 23:38:27
5861,638.06,18015.8,-2495.05,2026/01/29 23:38:27
5862,638.16,18035.5,-2494.25,2026/01/29 23:38:27
5863,638.27,18040.9,-2490.19,2026/01/29 23:38:27
5864,638.38,18099.4,-2475.48,2026/01/29 23:38:27
5865,638.49,18181.7,-2466.71,2026/01/29 23:38:27
5866,638.6,18246.5,-2450.94,2026/01/29 23:38:28
5867,638.71,18285.8,-2448.21,2026/01/29 23:38:28
5868,638.82,18300.1,-2444.52,2026/01/29 23:38:28
5869,638.93,18318.9,-2441.05,2026/01/29 23:38:28
5870,639.04,18315.1,-2440.89,2026/01/29 23:38:28
5871,639.14,18322,-2440,2026/01/29 23:38:28
5872,639.25,18320.1,-2440.31,2026/01/29 23:38:28
5873,639.36,18248.1,-2450.52,2026/01/29 23:38:28
5874,639.47,18156.5,-2470.94,2026/01/29 23:38:28
5875,639.58,18102.5,-2479.43,2026/01/29 23:38:28
5876,639.69,18110.2,-2473.53,2026/01/29 23:38:29
5877,639.8,18105.4,-2476.54,2026/01/29 23:38:29
5878,639.9,18063.7,-2484.85,2026/01/29 23:38:29
5879,640.01,18041.8,-2489.13,2026/01/29 23:38:29
5880,640.12,18038.7,-2491.73,2026/01/29 23:38:29
5881,640.23,18049.2,-2488.33,2026/01/29 23:38:29
5882,640.34,18055.1,-2486.01,2026/01/29 23:38:29
5883,640.45,18098.6,-2477.01,2026/01/29 23:38:29
5884,640.56,18153.8,-2467.08,2026/01/29 23:38:29
5885,640.67,18217.6,-2456.35,2026/01/29 23:38:30
5886,640.77,18269.1,-2449.52,2026/01/29 23:38:30
5887,640.88,18299.2,-2443.87,2026/01/29 23:38:30
5888,640.99,18304,-2447.52,2026/01/29 23:38:30
5889,641.1,18310.4,-2442.32,2026/01/29 23:38:30
5890,641.21,18313.2,-2444.68,2026/01/29 23:38:30
5891,641.32,18310.2,-2442.84,2026/01/29 23:38:30
5892,641.43,18317.5,-2440.41,2026/01/29 23:38:30
5893,641.54,18251.2,-2451.93,2026/01/29 23:38:30
5894,641.65,18182.3,-2465.29,2026/01/29 23:38:31
5895,641.75,18118,-2475.92,2026/01/29 23:38:31
5896,641.86,18102.9,-2477.73,2026/01/29 23:38:31
5897,641.97,18108.4,-2473.85,2026/01/29 23:38:31
5898,642.08,18072.4,-2485.22,2026/01/29 23:38:31
5899,642.19,18059.5,-2485.57,2026/01/29 23:38:31
5900,642.3,18051.5,-2489.75,2026/01/29 23:38:31
5901,642.41,18048.6,-2488.61,2026/01/29 23:38:31
5902,642.52,18058,-2486.49,2026/01/29 23:38:31
5903,642.63,18065.9,-2485.76,2026/01/29 23:38:32
5904,642.74,18152.9,-2468.4,2026/01/29 23:38:32
5905,642.84,18218.3,-2453.18,2026/01/29 23:38:32
5906,642.95,18263.5,-2451.26,2026/01/29 23:38:32
5907,643.06,18294.3,-2443.36,2026/01/29 23:38:32
5908,643.17,18306.6,-2446.63,2026/01/29 23:38:32
5909,643.28,18312.9,-2443.33,2026/01/29 23:38:32
5910,643.39,18322.3,-2441.28,2026/01/29 23:38:32
5911,643.5,18319.9,-2443.37,2026/01/29 23:38:32
5912,643.61,18309.4,-2442.51,2026/01/29 23:38:33
5913,643.71,18220.8,-2457.83,2026/01/29 23:38:33
5914,643.82,18143.8,-2474.15,2026/01/29 23:38:33
5915,643.93,18095.3,-2478.65,2026/01/29 23:38:33
5916,644.04,18117.1,-2473.37,2026/01/29 23:38:33
5917,644.15,18069.8,-2483.76,2026/01/29 23:38:33
5918,644.26,18052.8,-2489.08,2026/01/29 23:38:33
5919,644.37,18030.6,-2492.04,2026/01/29 23:38:33
5920,644.48,18016.4,-2494.9,2026/01/29 23:38:33
5921,644.59,18052.5,-2487.93,2026/01/29 23:38:34
5922,644.69,18047.8,-2488.11,2026/01/29 23:38:34
5923,644.8,18067.5,-2481.18,2026/01/29 23:38:34
5924,644.91,18150.1,-2468.47,2026/01/29 23:38:34
5925,645.02,18222.4,-2455.04,2026/01/29 23:38:34
5926,645.13,18280.5,-2447.19,2026/01/29 23:38:34
5927,645.24,18301,-2446.79,2026/01/29 23:38:34
5928,645.34,18310,-2442.16,2026/01/29 23:38:34
5929,645.45,18312.6,-2443.38,2026/01/29 23:38:34
5930,645.56,18314.8,-2444.35,2026/01/29 23:38:34
5931,645.67,18317.2,-2438.86,2026/01/29 23:38:35
5932,645.78,18315.1,-2443.48,2026/01/29 23:38:35
5933,645.89,18236.4,-2452.88,2026/01/29 23:38:35
5934,646,18136.8,-2474.99,2026/01/29 23:38:35
5935,646.11,18110.8,-2474.92,2026/01/29 23:38:35
5936,646.21,18110.9,-2473.09,2026/01/29 23:38:35
5937,646.33,18063.2,-2485.03,2026/01/29 23:38:35
5938,646.43,18018.5,-2495.33,2026/01/29 23:38:35
5939,646.54,17970.1,-2498.15,2026/01/29 23:38:35
5940,646.65,17964.8,-2502.95,2026/01/29 23:38:36
5941,646.76,18062.3,-2486.69,2026/01/29 23:38:36
5942,646.87,18111.2,-2475.05,2026/01/29 23:38:36
5943,646.98,18221.8,-2454.35,2026/01/29 23:38:36
5944,647.09,18265.8,-2447.83,2026/01/29 23:38:36
5945,647.2,18277.1,-2449.3,2026/01/29 23:38:36
5946,647.31,18298.9,-2445.55,2026/01/29 23:38:36
5947,647.42,18300.3,-2444.88,2026/01/29 23:38:36
5948,647.52,18307.8,-2444.67,2026/01/29 23:38:36
5949,647.63,18307.3,-2442.48,2026/01/29 23:38:37
5950,647.74,18314.5,-2441.01,2026/01/29 23:38:37
5951,647.85,18314.1,-2440.87,2026/01/29 23:38:37
5952,647.96,18307.7,-2442.45,2026/01/29 23:38:37
5953,648.07,18310.5,-2441.57,2026/01/29 23:38:37
5954,648.18,18305.6,-2444.53,2026/01/29 23:38:37
5955,648.28,18286.9,-2444.16,2026/01/29 23:38:37
5956,648.39,18256.7,-2452.5,2026/01/29 23:38:37
5957,648.5,18199.7,-2461.25,2026/01/29 23:38:37
5958,648.61,18169.4,-2467.69,2026/01/29 23:38:38
5959,648.72,18133.2,-2475.01,2026/01/29 23:38:38
5960,648.83,18102.8,-2477.77,2026/01/29 23:38:38
5961,648.94,18099.8,-2476.88,2026/01/29 23:38:38
5962,649.04,18109.5,-2475.39,2026/01/29 23:38:38
5963,649.15,18108.6,-2472.99,2026/01/29 23:38:38
5964,649.26,18097.6,-2478.76,2026/01/29 23:38:38
5965,649.37,18074.9,-2482.42,2026/01/29 23:38:38
5966,649.48,18054.6,-2486.63,2026/01/29 23:38:38
5967,649.59,18069.7,-2484.6,2026/01/29 23:38:39
5968,649.7,18058.2,-2485.88,2026/01/29 23:38:39
5969,649.8,18056.4,-2483.4,2026/01/29 23:38:39
5970,649.92,18100,-2476.85,2026/01/29 23:38:39
5971,650.02,18139.2,-2467.15,2026/01/29 23:38:39
5972,650.13,18167,-2467.43,2026/01/29 23:38:39
5973,650.24,18191.3,-2460.58,2026/01/29 23:38:39
5974,650.35,18227.5,-2453.5,2026/01/29 23:38:39
5975,650.46,18239.1,-2453.05,2026/01/29 23:38:39
5976,650.57,18268.2,-2448.69,2026/01/29 23:38:39
5977,650.68,18287,-2445.47,2026/01/29 23:38:40
5978,650.79,18306.7,-2443.77,2026/01/29 23:38:40
5979,650.9,18309.3,-2443.01,2026/01/29 23:38:40
5980,651.01,18317.1,-2443.21,2026/01/29 23:38:40
5981,651.11,18318.9,-2440.22,2026/01/29 23:38:40
5982,651.22,18318.2,-2442.48,2026/01/29 23:38:40
5983,651.33,18325.3,-2439.82,2026/01/29 23:38:40
5984,651.44,18318.6,-2441.87,2026/01/29 23:38:40
5985,651.55,18324.5,-2437.44,2026/01/29 23:38:40
5986,651.66,18319.9,-2442.45,2026/01/29 23:38:41
5987,651.77,18318.5,-2438.76,2026/01/29 23:38:41
5988,651.88,18286.6,-2447.34,2026/01/29 23:38:41
5989,651.99,18246.8,-2452.77,2026/01/29 23:38:41
5990,652.09,18213,-2461,2026/01/29 23:38:41
5991,652.2,18184.5,-2467.23,2026/01/29 23:38:41
5992,652.31,18154.4,-2471.51,2026/01/29 23:38:41
5993,652.42,18119,-2475.09,2026/01/29 23:38:41
5994,652.53,18095.4,-2479.62,2026/01/29 23:38:41
5995,652.64,18092.3,-2477.47,2026/01/29 23:38:42
5996,652.75,18102.9,-2477.35,2026/01/29 23:38:42
5997,652.85,18105.4,-2473.56,2026/01/29 23:38:42
5998,652.96,18085,-2481.19,2026/01/29 23:38:42
5999,653.07,18057.4,-2485.55,2026/01/29 23:38:42
6000,653.18,18021.6,-2493.87,2026/01/29 23:38:42
6001,653.29,18015,-2493.61,2026/01/29 23:38:42
6002,653.4,18012.1,-2498.72,2026/01/29 23:38:42
6003,653.51,18039,-2487.44,2026/01/29 23:38:42
6004,653.62,18054.4,-2486.02,2026/01/29 23:38:43
6005,653.73,18097.4,-2474.73,2026/01/29 23:38:43
6006,653.84,18122.9,-2472.09,2026/01/29 23:38:43
6007,653.94,18127.6,-2470.95,2026/01/29 23:38:43
6008,654.05,18156.2,-2466.02,2026/01/29 23:38:43
6009,654.16,18184.6,-2463.29,2026/01/29 23:38:43
6010,654.27,18210.6,-2456.16,2026/01/29 23:38:43
6011,654.38,18236.9,-2451.89,2026/01/29 23:38:43
6012,654.49,18270.5,-2448.19,2026/01/29 23:38:43
6013,654.6,18284.5,-2445.91,2026/01/29 23:38:44
6014,654.71,18301.5,-2445.29,2026/01/29 23:38:44
6015,654.81,18309.9,-2441.04,2026/01/29 23:38:44
6016,654.92,18310.7,-2443.51,2026/01/29 23:38:44
6017,655.03,18320.6,-2440.73,2026/01/29 23:38:44
6018,655.14,18314.3,-2441.27,2026/01/29 23:38:44
6019,655.25,18322.2,-2440.14,2026/01/29 23:38:44
6020,655.36,18315.1,-2441.58,2026/01/29 23:38:44
6021,655.47,18296.6,-2443.35,2026/01/29 23:38:44
6022,655.58,18273.6,-2449.7,2026/01/29 23:38:44
6023,655.68,18252.3,-2449.89,2026/01/29 23:38:45
6024,655.79,18227.4,-2456.95,2026/01/29 23:38:45
6025,655.9,18190.3,-2465.26,2026/01/29 23:38:45
6026,656.01,18160.8,-2467.97,2026/01/29 23:38:45
6027,656.12,18129.5,-2475.84,2026/01/29 23:38:45
6028,656.23,18104.9,-2475.84,2026/01/29 23:38:45
6029,656.34,18095.7,-2478.81,2026/01/29 23:38:45
6030,656.45,18103.2,-2475.05,2026/01/29 23:38:45
6031,656.56,18110.1,-2473.24,2026/01/29 23:38:45
6032,656.67,18101.9,-2476.34,2026/01/29 23:38:46
6033,656.78,18106.5,-2473.55,2026/01/29 23:38:46
6034,656.88,18096.7,-2478.12,2026/01/29 23:38:46
6035,656.99,18099,-2475.65,2026/01/29 23:38:46
6036,657.1,18094.1,-2478.1,2026/01/29 23:38:46
6037,657.21,18089.6,-2478.99,2026/01/29 23:38:46
6038,657.32,18080,-2479.04,2026/01/29 23:38:46
6039,657.43,18091.3,-2479.69,2026/01/29 23:38:46
6040,657.54,18126.7,-2468.02,2026/01/29 23:38:46
6041,657.64,18150.5,-2467.64,2026/01/29 23:38:47
6042,657.75,18179.2,-2462.48,2026/01/29 23:38:47
6043,657.86,18186,-2460.98,2026/01/29 23:38:47
6044,657.97,18222.3,-2452.82,2026/01/29 23:38:47
6045,658.08,18243.9,-2449.28,2026/01/29 23:38:47
6046,658.19,18252.4,-2449.01,2026/01/29 23:38:47
6047,658.3,18259.9,-2446.96,2026/01/29 23:38:47
6048,658.4,18274.8,-2447.9,2026/01/29 23:38:47
6049,658.51,18298.4,-2441.87,2026/01/29 23:38:47
6050,658.62,18305.1,-2443.39,2026/01/29 23:38:48
6051,658.73,18319.9,-2439.63,2026/01/29 23:38:48
6052,658.84,18321.4,-2441.78,2026/01/29 23:38:48
6053,658.95,18332.3,-2438.37,2026/01/29 23:38:48
6054,659.06,18336.1,-2440.39,2026/01/29 23:38:48
6055,659.17,18336.6,-2438.23,2026/01/29 23:38:48
6056,659.27,18339.3,-2438.74,2026/01/29 23:38:48
6057,659.38,18333.1,-2440.3,2026/01/29 23:38:48
6058,659.49,18323.9,-2437.9,2026/01/29 23:38:48
6059,659.6,18285.2,-2447.73,2026/01/29 23:38:49
6060,659.71,18231.2,-2454.63,2026/01/29 23:38:49
6061,659.82,18186.4,-2466.77,2026/01/29 23:38:49
6062,659.93,18151.5,-2470.8,2026/01/29 23:38:49
6063,660.04,18121.2,-2476.18,2026/01/29 23:38:49
6064,660.15,18097.7,-2477.18,2026/01/29 23:38:49
6065,660.26,18091.7,-2480.36,2026/01/29 23:38:49
6066,660.37,18097.9,-2476.26,2026/01/29 23:38:49
6067,660.47,18106.3,-2474.34,2026/01/29 23:38:49
6068,660.58,18100.1,-2476.66,2026/01/29 23:38:50
6069,660.69,18103.4,-2474.2,2026/01/29 23:38:50
6070,660.8,18085.5,-2481.14,2026/01/29 23:38:50
6071,660.91,18062.9,-2483.91,2026/01/29 23:38:50
6072,661.02,18054.5,-2487.68,2026/01/29 23:38:50
6073,661.13,18045.6,-2487.7,2026/01/29 23:38:50
6074,661.24,18049.7,-2488.06,2026/01/29 23:38:50
6075,661.34,18041.5,-2487.74,2026/01/29 23:38:50
6076,661.45,18049.6,-2485.65,2026/01/29 23:38:50
6077,661.56,18059.7,-2484.46,2026/01/29 23:38:50
6078,661.67,18083.9,-2477.13,2026/01/29 23:38:51
6079,661.78,18114.4,-2473.06,2026/01/29 23:38:51
6080,661.89,18150.6,-2466.31,2026/01/29 23:38:51
6081,662,18208.6,-2456.86,2026/01/29 23:38:51
6082,662.11,18232.9,-2451.71,2026/01/29 23:38:51
6083,662.22,18262.4,-2449.06,2026/01/29 23:38:51
6084,662.32,18284.5,-2445.06,2026/01/29 23:38:51
6085,662.43,18312.6,-2440.91,2026/01/29 23:38:51
6086,662.54,18326.9,-2441.7,2026/01/29 23:38:51
6087,662.65,18337.6,-2438.73,2026/01/29 23:38:52
6088,662.76,18342.6,-2440.32,2026/01/29 23:38:52
6089,662.87,18340.4,-2437.76,2026/01/29 23:38:52
6090,662.98,18346.9,-2440.01,2026/01/29 23:38:52
6091,663.08,18340.4,-2437.58,2026/01/29 23:38:52
6092,663.19,18302.9,-2442.95,2026/01/29 23:38:52
6093,663.3,18224.4,-2458.88,2026/01/29 23:38:52
6094,663.41,18168.9,-2466.75,2026/01/29 23:38:52
6095,663.52,18124.6,-2475.38,2026/01/29 23:38:52
6096,663.63,18091,-2477.76,2026/01/29 23:38:53
6097,663.74,18103.3,-2476.76,2026/01/29 23:38:53
6098,663.85,18104.4,-2472.48,2026/01/29 23:38:53
6099,663.96,18066.9,-2485.73,2026/01/29 23:38:53
6100,664.06,18051.2,-2486.48,2026/01/29 23:38:53
6101,664.17,18051.2,-2485.5,2026/01/29 23:38:53
6102,664.28,18044.8,-2490.32,2026/01/29 23:38:53
6103,664.39,18059.5,-2483.97,2026/01/29 23:38:53
6104,664.5,18049,-2487.38,2026/01/29 23:38:53
6105,664.61,18053.1,-2483.57,2026/01/29 23:38:54
6106,664.72,18059.1,-2484.45,2026/01/29 23:38:54
6107,664.83,18074.4,-2480.04,2026/01/29 23:38:54
6108,664.93,18125.6,-2469.19,2026/01/29 23:38:54
6109,665.04,18159.2,-2467.53,2026/01/29 23:38:54
6110,665.15,18205.9,-2456.5,2026/01/29 23:38:54
6111,665.26,18236.4,-2451.58,2026/01/29 23:38:54
6112,665.37,18276.2,-2446.14,2026/01/29 23:38:54
6113,665.48,18285.8,-2445.17,2026/01/29 23:38:54
6114,665.59,18306.2,-2443.15,2026/01/29 23:38:55
6115,665.7,18317.5,-2439.57,2026/01/29 23:38:55
6116,665.8,18317,-2441.94,2026/01/29 23:38:55
6117,665.91,18324.9,-2439.21,2026/01/29 23:38:55
6118,666.02,18322.1,-2439.06,2026/01/29 23:38:55
6119,666.13,18325.8,-2440.95,2026/01/29 23:38:55
6120,666.24,18315.3,-2439.88,2026/01/29 23:38:55
6121,666.35,18256.9,-2450.07,2026/01/29 23:38:55
6122,666.46,18174.4,-2465.79,2026/01/29 23:38:55
6123,666.56,18118.9,-2476.35,2026/01/29 23:38:55
6124,666.68,18095.5,-2477.06,2026/01/29 23:38:56
6125,666.78,18106.1,-2473.92,2026/01/29 23:38:56
6126,666.89,18107.6,-2473,2026/01/29 23:38:56
6127,667,18065.9,-2485.79,2026/01/29 23:38:56
6128,667.11,18055.1,-2484.72,2026/01/29 23:38:56
6129,667.22,18050.5,-2488.34,2026/01/29 23:38:56
6130,667.33,18051.7,-2486.61,2026/01/29 23:38:56
6131,667.44,18051.9,-2485.67,2026/01/29 23:38:56
6132,667.55,18065.9,-2479.79,2026/01/29 23:38:56
6133,667.65,18108.8,-2471.92,2026/01/29 23:38:57
6134,667.76,18166.8,-2467,2026/01/29 23:38:57
6135,667.87,18215.3,-2454.9,2026/01/29 23:38:57
6136,667.98,18229,-2453.01,2026/01/29 23:38:57
6137,668.09,18264.5,-2447.71,2026/01/29 23:38:57
6138,668.2,18283.7,-2444.37,2026/01/29 23:38:57
6139,668.31,18294.8,-2446.47,2026/01/29 23:38:57
6140,668.41,18313.1,-2439,2026/01/29 23:38:57
6141,668.52,18316.6,-2442.04,2026/01/29 23:38:57
6142,668.63,18325.5,-2439.3,2026/01/29 23:38:58
6143,668.74,18324.8,-2439.89,2026/01/29 23:38:58
6144,668.85,18326.3,-2439.32,2026/01/29 23:38:58
6145,668.96,18326.4,-2440.58,2026/01/29 23:38:58
6146,669.07,18322.7,-2439.58,2026/01/29 23:38:58
6147,669.17,18264.5,-2449.63,2026/01/29 23:38:58
6148,669.28,18171.1,-2466.21,2026/01/29 23:38:58
6149,669.39,18136.2,-2472.75,2026/01/29 23:38:58
6150,669.5,18094.2,-2479.46,2026/01/29 23:38:58
6151,669.61,18115.3,-2470.77,2026/01/29 23:38:59
6152,669.72,18104.7,-2474.68,2026/01/29 23:38:59
6153,669.83,18078.7,-2483.22,2026/01/29 23:38:59
6154,669.94,18050.8,-2486.09,2026/01/29 23:38:59
6155,670.05,17996.2,-2497.03,2026/01/29 23:38:59
6156,670.15,17969.4,-2498.58,2026/01/29 23:38:59
6157,670.26,17962.9,-2501.82,2026/01/29 23:38:59
6158,670.37,17992.4,-2496.19,2026/01/29 23:38:59
6159,670.48,18051.1,-2486.64,2026/01/29 23:38:59
6160,670.59,18075.5,-2480.55,2026/01/29 23:39:00
6161,670.7,18043.3,-2487.74,2026/01/29 23:39:00
6162,670.81,18072,-2478.94,2026/01/29 23:39:00
6163,670.92,18116.7,-2472.13,2026/01/29 23:39:00
6164,671.03,18156.7,-2465.2,2026/01/29 23:39:00
6165,671.13,18228,-2453.35,2026/01/29 23:39:00
6166,671.24,18276.9,-2447.06,2026/01/29 23:39:00
6167,671.35,18293.9,-2442.08,2026/01/29 23:39:00
6168,671.46,18302.2,-2444.45,2026/01/29 23:39:00
6169,671.57,18312.1,-2440.43,2026/01/29 23:39:00
6170,671.68,18308,-2442.8,2026/01/29 23:39:01
6171,671.79,18312.5,-2440.39,2026/01/29 23:39:01
6172,671.9,18309.2,-2443.15,2026/01/29 23:39:01
6173,672,18290.6,-2443.42,2026/01/29 23:39:01
6174,672.11,18244.2,-2453.73,2026/01/29 23:39:01
6175,672.22,18189.6,-2464.3,2026/01/29 23:39:01
6176,672.33,18145.5,-2472.03,2026/01/29 23:39:01
6177,672.44,18102.4,-2479.05,2026/01/29 23:39:01
6178,672.55,18101.7,-2477.14,2026/01/29 23:39:01
6179,672.66,18111.3,-2470.63,2026/01/29 23:39:02
6180,672.77,18110,-2473.85,2026/01/29 23:39:02
6181,672.87,18062.9,-2484.05,2026/01/29 23:39:02
6182,672.98,18009.5,-2493.4,2026/01/29 23:39:02
6183,673.09,17992.1,-2495.67,2026/01/29 23:39:02
6184,673.2,17985.4,-2496.67,2026/01/29 23:39:02
6185,673.31,18023.3,-2490.51,2026/01/29 23:39:02
6186,673.42,18056.6,-2484.13,2026/01/29 23:39:02
6187,673.52,18048.3,-2484.15,2026/01/29 23:39:02
6188,673.63,18083.8,-2477.26,2026/01/29 23:39:03
6189,673.74,18132.9,-2470.36,2026/01/29 23:39:03
6190,673.85,18192.3,-2456.51,2026/01/29 23:39:03
6191,673.96,18224.1,-2454.76,2026/01/29 23:39:03
6192,674.07,18256.2,-2448.36,2026/01/29 23:39:03
6193,674.18,18280.6,-2446.7,2026/01/29 23:39:03
6194,674.28,18292.4,-2443.45,2026/01/29 23:39:03
6195,674.4,18293.6,-2445.93,2026/01/29 23:39:03
6196,674.5,18295.4,-2442.55,2026/01/29 23:39:03
6197,674.61,18269.9,-2448.31,2026/01/29 23:39:04
6198,674.72,18234.9,-2452.88,2026/01/29 23:39:04
6199,674.83,18198.1,-2462.12,2026/01/29 23:39:04
6200,674.94,18151.9,-2471.46,2026/01/29 23:39:04
6201,675.05,18120.1,-2473.24,2026/01/29 23:39:04
6202,675.15,18094.8,-2477.83,2026/01/29 23:39:04
6203,675.26,18107.4,-2474.08,2026/01/29 23:39:04
6204,675.37,18109.6,-2472.44,2026/01/29 23:39:04
6205,675.48,18069.6,-2483.05,2026/01/29 23:39:04
6206,675.59,18068.3,-2484.05,2026/01/29 23:39:05
6207,675.7,18040.2,-2487.1,2026/01/29 23:39:05
6208,675.81,18042.3,-2486.73,2026/01/29 23:39:05
6209,675.91,18036.7,-2488.75,2026/01/29 23:39:05
6210,676.02,18060.9,-2484.57,2026/01/29 23:39:05
6211,676.13,18045.8,-2485.17,2026/01/29 23:39:05
6212,676.24,18085.4,-2477.73,2026/01/29 23:39:05
6213,676.35,18142.5,-2463.88,2026/01/29 23:39:05
6214,676.46,18205.6,-2457.86,2026/01/29 23:39:05
6215,676.57,18256.3,-2447.43,2026/01/29 23:39:05
6216,676.68,18280,-2446.39,2026/01/29 23:39:06
6217,676.78,18301.5,-2441.55,2026/01/29 23:39:06
6218,676.89,18307.5,-2443.71,2026/01/29 23:39:06
6219,677,18311.6,-2439.87,2026/01/29 23:39:06
6220,677.11,18313.1,-2442.35,2026/01/29 23:39:06
6221,677.22,18301.8,-2439.74,2026/01/29 23:39:06
6222,677.33,18224.4,-2454.94,2026/01/29 23:39:06
6223,677.44,18130.8,-2474.2,2026/01/29 23:39:06
6224,677.55,18095.8,-2475.8,2026/01/29 23:39:06
6225,677.66,18111.7,-2473.99,2026/01/29 23:39:07
6226,677.77,18114.5,-2469.91,2026/01/29 23:39:07
6227,677.87,18059.2,-2485.02,2026/01/29 23:39:07
6228,677.98,18034.2,-2488.65,2026/01/29 23:39:07
6229,678.09,18026.7,-2492.72,2026/01/29 23:39:07
6230,678.2,18028.4,-2488.17,2026/01/29 23:39:07
6231,678.31,18055.1,-2485.66,2026/01/29 23:39:07
6232,678.42,18039.8,-2485.3,2026/01/29 23:39:07
6233,678.53,18061,-2483.11,2026/01/29 23:39:07
6234,678.64,18130.3,-2467.37,2026/01/29 23:39:08
6235,678.75,18193,-2458.46,2026/01/29 23:39:08
6236,678.86,18249.3,-2450.53,2026/01/29 23:39:08
6237,678.96,18283.4,-2443.68,2026/01/29 23:39:08
6238,679.07,18288.4,-2444.6,2026/01/29 23:39:08
6239,679.18,18298.4,-2443.54,2026/01/29 23:39:08
6240,679.29,18298.9,-2443.92,2026/01/29 23:39:08
6241,679.4,18301.8,-2441.89,2026/01/29 23:39:08
6242,679.51,18303.5,-2442.38,2026/01/29 23:39:08
6243,679.62,18292,-2441.54,2026/01/29 23:39:09
6244,679.73,18255.4,-2450.03,2026/01/29 23:39:09
6245,679.83,18196.4,-2461.44,2026/01/29 23:39:09
6246,679.94,18147.4,-2471.07,2026/01/29 23:39:09
6247,680.05,18099.3,-2477.26,2026/01/29 23:39:09
6248,680.16,18097.7,-2476.59,2026/01/29 23:39:09
6249,680.27,18106.5,-2472.24,2026/01/29 23:39:09
6250,680.38,18105,-2475.4,2026/01/29 23:39:09
6251,680.49,18106.2,-2470.35,2026/01/29 23:39:09
6252,680.59,18056.7,-2485.9,2026/01/29 23:39:10
6253,680.7,18050.6,-2484.53,2026/01/29 23:39:10
6254,680.81,18035.9,-2488.89,2026/01/29 23:39:10
6255,680.92,18054.8,-2482.01,2026/01/29 23:39:10
6256,681.03,18041.9,-2487.28,2026/01/29 23:39:10
6257,681.14,18086.5,-2474.94,2026/01/29 23:39:10
6258,681.25,18155.1,-2466.81,2026/01/29 23:39:10
6259,681.36,18234.8,-2450.45,2026/01/29 23:39:10
6260,681.47,18266.9,-2445.49,2026/01/29 23:39:10
6261,681.57,18281,-2447.05,2026/01/29 23:39:10
6262,681.68,18294.9,-2441.67,2026/01/29 23:39:11
6263,681.79,18297.6,-2443.57,2026/01/29 23:39:11
6264,681.9,18305.9,-2442.49,2026/01/29 23:39:11
6265,682.01,18308.6,-2441.72,2026/01/29 23:39:11
6266,682.12,18312,-2439.72,2026/01/29 23:39:11
6267,682.23,18315.4,-2440.65,2026/01/29 23:39:11
6268,682.34,18314.3,-2438.17,2026/01/29 23:39:11
6269,682.44,18320.9,-2439.88,2026/01/29 23:39:11
6270,682.55,18316.4,-2440.44,2026/01/29 23:39:11
6271,682.66,18324.4,-2437.88,2026/01/29 23:39:12
6272,682.77,18318.2,-2439.68,2026/01/29 23:39:12
6273,682.88,18325.2,-2438.12,2026/01/29 23:39:12
6274,682.99,18322.2,-2438.15,2026/01/29 23:39:12
6275,683.1,18322.6,-2440.4,2026/01/29 23:39:12
6276,683.2,18326.1,-2437.51,2026/01/29 23:39:12
6277,683.31,18322,-2438.97,2026/01/29 23:39:12
6278,683.42,18326.9,-2435.71,2026/01/29 23:39:12
6279,683.53,18324.5,-2440.28,2026/01/29 23:39:12
6280,683.64,18328.8,-2434.99,2026/01/29 23:39:13
6281,683.75,18326,-2439.72,2026/01/29 23:39:13
6282,683.85,18329.1,-2436.62,2026/01/29 23:39:13
6283,683.96,18329.2,-2436.71,2026/01/29 23:39:13
6284,684.07,18326.6,-2439.41,2026/01/29 23:39:13
6285,684.18,18332.3,-2435.57,2026/01/29 23:39:13
6286,684.29,18327,-2438.2,2026/01/29 23:39:13
6287,684.4,18332.8,-2437.14,2026/01/29 23:39:13
6288,684.51,18329.4,-2437.67,2026/01/29 23:39:13
6289,684.62,18330.5,-2436.68,2026/01/29 23:39:14
6290,684.72,18332,-2437.67,2026/01/29 23:39:14
6291,684.83,18329.1,-2435.91,2026/01/29 23:39:14
6292,684.94,18335.3,-2438.25,2026/01/29 23:39:14
6293,685.05,18329.5,-2437.06,2026/01/29 23:39:14
6294,685.16,18337,-2434.12,2026/01/29 23:39:14
6295,685.27,18329.4,-2437.49,2026/01/29 23:39:14
6296,685.38,18336.2,-2435.98,2026/01/29 23:39:14
6297,685.48,18331.9,-2436.57,2026/01/29 23:39:14
6298,685.59,18334.4,-2438.54,2026/01/29 23:39:15
6299,685.7,18337.4,-2433.46,2026/01/29 23:39:15
6300,685.81,18332,-2438.42,2026/01/29 23:39:15
6301,685.92,18336.5,-2436.5,2026/01/29 23:39:15
6302,686.03,18333.9,-2438.08,2026/01/29 23:39:15
6303,686.14,18337.9,-2433.64,2026/01/29 23:39:15
6304,686.24,18336.1,-2438.01,2026/01/29 23:39:15
6305,686.35,18338.1,-2435.28,2026/01/29 23:39:15
6306,686.46,18337.6,-2438.13,2026/01/29 23:39:15
6307,686.57,18341.7,-2434.81,2026/01/29 23:39:15
6308,686.68,18343.4,-2433.81,2026/01/29 23:39:16
6309,686.79,18338.2,-2438.21,2026/01/29 23:39:16
6310,686.9,18345.7,-2434.64,2026/01/29 23:39:16
6311,687.01,18343.3,-2435.06,2026/01/29 23:39:16
6312,687.12,18348,-2434.67,2026/01/29 23:39:16
6313,687.23,18346.5,-2436.25,2026/01/29 23:39:16
6314,687.33,18347.5,-2434.75,2026/01/29 23:39:16
6315,687.44,18351.1,-2435.31,2026/01/29 23:39:16
6316,687.55,18346.1,-2434.28,2026/01/29 23:39:16
6317,687.66,18354.1,-2434.26,2026/01/29 23:39:17
6318,687.77,18346.3,-2436.93,2026/01/29 23:39:17
6319,687.88,18355,-2434.04,2026/01/29 23:39:17
6320,687.98,18349.3,-2435.42,2026/01/29 23:39:17
6321,688.09,18355.2,-2435.04,2026/01/29 23:39:17
6322,688.2,18352.2,-2435.06,2026/01/29 23:39:17
6323,688.31,18352.9,-2436.95,2026/01/29 23:39:17
6324,688.42,18356.6,-2431.74,2026/01/29 23:39:17
6325,688.53,18350.5,-2436.18,2026/01/29 23:39:17
6326,688.64,18356.6,-2434.03,2026/01/29 23:39:18
6327,688.75,18353.4,-2436.93,2026/01/29 23:39:18
6328,688.85,18358.2,-2431.24,2026/01/29 23:39:18
6329,688.96,18353.8,-2435.61,2026/01/29 23:39:18
6330,689.07,18358.3,-2432.86,2026/01/29 23:39:18
6331,689.18,18356.5,-2434.39,2026/01/29 23:39:18
6332,689.29,18359.3,-2433.83,2026/01/29 23:39:18
6333,689.4,18359.9,-2432.26,2026/01/29 23:39:18
6334,689.51,18356.7,-2435.33,2026/01/29 23:39:18
6335,689.62,18362.3,-2432.96,2026/01/29 23:39:19
6336,689.72,18359.4,-2434.16,2026/01/29 23:39:19
6337,689.83,18361.8,-2434,2026/01/29 23:39:19
6338,689.94,18362.9,-2434.43,2026/01/29 23:39:19
6339,690.05,18359.2,-2433.57,2026/01/29 23:39:19
6340,690.16,18365.9,-2434.39,2026/01/29 23:39:19
6341,690.27,18360.8,-2433.63,2026/01/29 23:39:19
6342,690.38,18367.4,-2432.51,2026/01/29 23:39:19
6343,690.48,18359.3,-2434.29,2026/01/29 23:39:19
6344,690.59,18368.2,-2432.62,2026/01/29 23:39:20
6345,690.7,18361.7,-2433.62,2026/01/29 23:39:20
6346,690.81,18367.6,-2433.81,2026/01/29 23:39:20
6347,690.92,18365.1,-2432.29,2026/01/29 23:39:20
6348,691.03,18366.5,-2433.74,2026/01/29 23:39:20
6349,691.14,18368.7,-2432.03,2026/01/29 23:39:20
6350,691.25,18364.2,-2435.1,2026/01/29 23:39:20
6351,691.36,18371.3,-2432.92,2026/01/29 23:39:20
6352,691.47,18365.4,-2433.38,2026/01/29 23:39:20
6353,691.57,18371.2,-2429.96,2026/01/29 23:39:20
6354,691.68,18366.7,-2434.62,2026/01/29 23:39:21
6355,691.79,18370.5,-2430.98,2026/01/29 23:39:21
6356,691.9,18369.8,-2434.03,2026/01/29 23:39:21
6357,692.01,18369.4,-2432.71,2026/01/29 23:39:21
6358,692.12,18373.7,-2431.24,2026/01/29 23:39:21
6359,692.22,18368.5,-2434.12,2026/01/29 23:39:21
6360,692.33,18375.2,-2432.96,2026/01/29 23:39:21
6361,692.44,18371.2,-2432.13,2026/01/29 23:39:21
6362,692.55,18373.3,-2433.03,2026/01/29 23:39:21
6363,692.66,18374,-2432.47,2026/01/29 23:39:22
6364,692.77,18371,-2432.64,2026/01/29 23:39:22
6365,692.88,18377.3,-2432.49,2026/01/29 23:39:22
6366,692.99,18372.5,-2432.17,2026/01/29 23:39:22
6367,693.09,18378.6,-2430.34,2026/01/29 23:39:22
6368,693.2,18373.2,-2434.44,2026/01/29 23:39:22
6369,693.31,18377.6,-2431.03,2026/01/29 23:39:22
6370,693.42,18376.3,-2432.71,2026/01/29 23:39:22
6371,693.53,18376.5,-2432.69,2026/01/29 23:39:22
6372,693.63,18381,-2430.02,2026/01/29 23:39:23
6373,693.74,18373.6,-2433.12,2026/01/29 23:39:23
6374,693.85,18381.4,-2432.26,2026/01/29 23:39:23
6375,693.96,18377.2,-2431.3,2026/01/29 23:39:23
6376,694.07,18380.3,-2431.26,2026/01/29 23:39:23
6377,694.18,18379.1,-2432.42,2026/01/29 23:39:23
6378,694.29,18379.6,-2430.84,2026/01/29 23:39:23
6379,694.4,18382.7,-2431.41,2026/01/29 23:39:23
6380,694.51,18378.9,-2431.07,2026/01/29 23:39:23
6381,694.62,18382.4,-2432.62,2026/01/29 23:39:24
6382,694.73,18380.8,-2430.44,2026/01/29 23:39:24
6383,694.83,18383.4,-2431.89,2026/01/29 23:39:24
6384,694.94,18377.8,-2433.53,2026/01/29 23:39:24
6385,695.05,18387.6,-2430.26,2026/01/29 23:39:24
6386,695.16,18383.6,-2433.27,2026/01/29 23:39:24
6387,695.27,18393.6,-2433.61,2026/01/29 23:39:24
6388,695.38,18389.7,-2433.57,2026/01/29 23:39:24
6389,695.49,18391.4,-2434.08,2026/01/29 23:39:24
6390,695.6,18394.6,-2432.01,2026/01/29 23:39:25
6391,695.7,18388.5,-2435.39,2026/01/29 23:39:25
6392,695.82,18395.6,-2434.2,2026/01/29 23:39:25
6393,695.92,18389.5,-2435.04,2026/01/29 23:39:25
6394,696.03,18392.4,-2433.09,2026/01/29 23:39:25
6395,696.14,18386.7,-2437.93,2026/01/29 23:39:25
6396,696.25,18393.3,-2432.36,2026/01/29 23:39:25
6397,696.36,18385,-2436.15,2026/01/29 23:39:25
6398,696.47,18383.7,-2434.21,2026/01/29 23:39:25
6399,696.58,18321.2,-2444.19,2026/01/29 23:39:25
6400,696.68,18260.6,-2455.22,2026/01/29 23:39:26
6401,696.79,18209.9,-2460.88,2026/01/29 23:39:26
6402,696.9,18176.7,-2470.12,2026/01/29 23:39:26
6403,697.01,18189.3,-2462.25,2026/01/29 23:39:26
6404,697.12,18171.6,-2463.87,2026/01/29 23:39:26
6405,697.23,18141.7,-2468.71,2026/01/29 23:39:26
6406,697.34,18051.7,-2486.33,2026/01/29 23:39:26
6407,697.45,18001,-2490.94,2026/01/29 23:39:26
6408,697.56,17960.6,-2499.73,2026/01/29 23:39:26
6409,697.67,17925.9,-2499.92,2026/01/29 23:39:27
6410,697.77,17900.4,-2507.65,2026/01/29 23:39:27
6411,697.88,17900.8,-2505.64,2026/01/29 23:39:27
6412,697.99,17905.9,-2507.47,2026/01/29 23:39:27
6413,698.1,17960.3,-2501.22,2026/01/29 23:39:27
6414,698.21,18020.2,-2488.89,2026/01/29 23:39:27
6415,698.32,18046.2,-2490.64,2026/01/29 23:39:27
6416,698.43,18118.7,-2476.82,2026/01/29 23:39:27
6417,698.54,18159.1,-2467.96,2026/01/29 23:39:27
6418,698.65,18265,-2446.39,2026/01/29 23:39:28
6419,698.76,18296.3,-2444,2026/01/29 23:39:28
6420,698.86,18318.1,-2440.15,2026/01/29 23:39:28
6421,698.97,18324.7,-2439.87,2026/01/29 23:39:28
6422,699.08,18326.2,-2436.86,2026/01/29 23:39:28
6423,699.19,18323.1,-2437.43,2026/01/29 23:39:28
6424,699.3,18241.9,-2453.22,2026/01/29 23:39:28
6425,699.41,18195.3,-2461.04,2026/01/29 23:39:28
6426,699.52,18150.8,-2470.42,2026/01/29 23:39:28
6427,699.63,18185.8,-2459.1,2026/01/29 23:39:29
6428,699.74,18185,-2457.86,2026/01/29 23:39:29
6429,699.84,18202.6,-2455.42,2026/01/29 23:39:29
6430,699.95,18105.2,-2474.52,2026/01/29 23:39:29
6431,700.06,18048.7,-2484.36,2026/01/29 23:39:29
6432,700.17,18011.2,-2489.17,2026/01/29 23:39:29
6433,700.28,17961.8,-2497.91,2026/01/29 23:39:29
6434,700.39,17935.4,-2502.67,2026/01/29 23:39:29
6435,700.5,17906.9,-2507.17,2026/01/29 23:39:29
6436,700.61,17862.5,-2514.97,2026/01/29 23:39:30
6437,700.72,17855.6,-2519.19,2026/01/29 23:39:30
6438,700.83,17923.3,-2509.24,2026/01/29 23:39:30
6439,700.93,18010.4,-2493.52,2026/01/29 23:39:30
6440,701.04,18033,-2491.54,2026/01/29 23:39:30
6441,701.15,18098.8,-2475.34,2026/01/29 23:39:30
6442,701.26,18183.2,-2464.14,2026/01/29 23:39:30
6443,701.37,18254.8,-2447.89,2026/01/29 23:39:30
6444,701.48,18270.7,-2450.06,2026/01/29 23:39:30
6445,701.59,18284.1,-2445.11,2026/01/29 23:39:31
6446,701.7,18283.8,-2446.07,2026/01/29 23:39:31
6447,701.81,18291.5,-2443.46,2026/01/29 23:39:31
6448,701.92,18240.5,-2454.79,2026/01/29 23:39:31
6449,702.02,18169.9,-2466.35,2026/01/29 23:39:31
6450,702.13,18164.1,-2463.1,2026/01/29 23:39:31
6451,702.24,18185.8,-2456.8,2026/01/29 23:39:31
6452,702.35,18158.6,-2461.75,2026/01/29 23:39:31
6453,702.46,18062.2,-2479.02,2026/01/29 23:39:31
6454,702.57,18003.5,-2488.41,2026/01/29 23:39:31
6455,702.68,17957.5,-2499.06,2026/01/29 23:39:32
6456,702.79,17953.8,-2497.21,2026/01/29 23:39:32
6457,702.9,17945.3,-2499.2,2026/01/29 23:39:32
6458,703,17944.8,-2499.65,2026/01/29 23:39:32
6459,703.11,17983.5,-2497.26,2026/01/29 23:39:32
6460,703.22,18022.1,-2488.71,2026/01/29 23:39:32
6461,703.33,18045.5,-2489.06,2026/01/29 23:39:32
6462,703.44,18091.2,-2475.99,2026/01/29 23:39:32
6463,703.55,18123.7,-2472.51,2026/01/29 23:39:32
6464,703.66,18172.1,-2466,2026/01/29 23:39:33
6465,703.77,18249.7,-2449.6,2026/01/29 23:39:33
6466,703.87,18263.6,-2450.8,2026/01/29 23:39:33
6467,703.98,18287.1,-2447.82,2026/01/29 23:39:33
6468,704.09,18289.4,-2446.81,2026/01/29 23:39:33
6469,704.2,18301.4,-2446.39,2026/01/29 23:39:33
6470,704.31,18307.5,-2443.23,2026/01/29 23:39:33
6471,704.42,18311,-2443.88,2026/01/29 23:39:33
6472,704.53,18307.6,-2441.77,2026/01/29 23:39:33
6473,704.64,18195.9,-2463.1,2026/01/29 23:39:34
6474,704.75,18147.1,-2472.54,2026/01/29 23:39:34
6475,704.86,18171.1,-2459.88,2026/01/29 23:39:34
6476,704.97,18180.6,-2460.56,2026/01/29 23:39:34
6477,705.08,18177.5,-2458.99,2026/01/29 23:39:34
6478,705.18,18071.1,-2477.99,2026/01/29 23:39:34
6479,705.29,18006.1,-2489.19,2026/01/29 23:39:34
6480,705.4,17952.8,-2498.19,2026/01/29 23:39:34
6481,705.51,17875.3,-2514,2026/01/29 23:39:34
6482,705.62,17861.3,-2517.83,2026/01/29 23:39:35
6483,705.73,17842.8,-2518.9,2026/01/29 23:39:35
6484,705.84,17825.3,-2523.68,2026/01/29 23:39:35
6485,705.95,17882.4,-2515.62,2026/01/29 23:39:35
6486,706.06,17977.3,-2497.48,2026/01/29 23:39:35
6487,706.16,18015.3,-2494.19,2026/01/29 23:39:35
6488,706.27,18071.7,-2485.54,2026/01/29 23:39:35
6489,706.38,18115.2,-2473.53,2026/01/29 23:39:35
6490,706.49,18213.5,-2459.17,2026/01/29 23:39:35
6491,706.6,18258.2,-2451.58,2026/01/29 23:39:36
6492,706.71,18270.5,-2450.22,2026/01/29 23:39:36
6493,706.82,18281.5,-2448.99,2026/01/29 23:39:36
6494,706.93,18283.7,-2447.97,2026/01/29 23:39:36
6495,707.04,18268,-2449.59,2026/01/29 23:39:36
6496,707.15,18187.1,-2465.71,2026/01/29 23:39:36
6497,707.26,18136.3,-2472.96,2026/01/29 23:39:36
6498,707.37,18177.3,-2460.75,2026/01/29 23:39:36
6499,707.48,18182.7,-2459.06,2026/01/29 23:39:36
6500,707.58,18196.7,-2452.17,2026/01/29 23:39:37
6501,707.69,18063,-2481.97,2026/01/29 23:39:37
6502,707.8,18018.6,-2486.23,2026/01/29 23:39:37
6503,707.91,17991.1,-2493.45,2026/01/29 23:39:37
6504,708.02,17990.7,-2492.27,2026/01/29 23:39:37
6505,708.13,17958.4,-2497.64,2026/01/29 23:39:37
6506,708.24,17950.3,-2503.41,2026/01/29 23:39:37
6507,708.34,18008.2,-2491.57,2026/01/29 23:39:37
6508,708.45,18029.2,-2493.17,2026/01/29 23:39:37
6509,708.56,18082.2,-2479.75,2026/01/29 23:39:37
6510,708.67,18111.3,-2473.77,2026/01/29 23:39:38
6511,708.78,18198.2,-2460.38,2026/01/29 23:39:38
6512,708.89,18255.2,-2453.5,2026/01/29 23:39:38
6513,709,18273.3,-2448.35,2026/01/29 23:39:38
6514,709.11,18276.4,-2452.11,2026/01/29 23:39:38
6515,709.22,18286.2,-2446.35,2026/01/29 23:39:38
6516,709.33,18283,-2448.94,2026/01/29 23:39:38
6517,709.44,18213.7,-2461.96,2026/01/29 23:39:38
6518,709.55,18146.5,-2471.18,2026/01/29 23:39:38
6519,709.65,18175.5,-2462.99,2026/01/29 23:39:39
6520,709.76,18187.2,-2456.64,2026/01/29 23:39:39
6521,709.87,18196.7,-2456.82,2026/01/29 23:39:39
6522,709.98,18137.1,-2467.02,2026/01/29 23:39:39
6523,710.09,18063.1,-2480.98,2026/01/29 23:39:39
6524,710.2,18010.8,-2488.16,2026/01/29 23:39:39
6525,710.31,17956.5,-2497.13,2026/01/29 23:39:39
6526,710.42,17883.9,-2511.78,2026/01/29 23:39:39
6527,710.52,17875.6,-2516.29,2026/01/29 23:39:39
6528,710.63,17880.1,-2512.84,2026/01/29 23:39:40
6529,710.74,17947.9,-2506.01,2026/01/29 23:39:40
6530,710.85,18009.5,-2494.38,2026/01/29 23:39:40
6531,710.96,18030.1,-2491.24,2026/01/29 23:39:40
6532,711.07,18075.3,-2481.78,2026/01/29 23:39:40
6533,711.18,18106.1,-2475.35,2026/01/29 23:39:40
6534,711.28,18175.5,-2463.37,2026/01/29 23:39:40
6535,711.39,18244.4,-2455.4,2026/01/29 23:39:40
6536,711.5,18268,-2448.99,2026/01/29 23:39:40
6537,711.61,18274.4,-2452.59,2026/01/29 23:39:41
6538,711.72,18284.9,-2448.67,2026/01/29 23:39:41
6539,711.83,18284.5,-2449.65,2026/01/29 23:39:41
6540,711.94,18290.7,-2447.44,2026/01/29 23:39:41
6541,712.05,18263.6,-2452.92,2026/01/29 23:39:41
6542,712.16,18171.9,-2469.24,2026/01/29 23:39:41
6543,712.26,18179.7,-2461.19,2026/01/29 23:39:41
6544,712.37,18191.6,-2456.59,2026/01/29 23:39:41
6545,712.49,18201.8,-2453.98,2026/01/29 23:39:41
6546,712.59,18078.7,-2477.37,2026/01/29 23:39:42
6547,712.7,17989.6,-2491.96,2026/01/29 23:39:42
6548,712.81,17915.2,-2504.63,2026/01/29 23:39:42
6549,712.92,17860.1,-2513.85,2026/01/29 23:39:42
6550,713.03,17826.1,-2522.92,2026/01/29 23:39:42
6551,713.14,17830.2,-2519.67,2026/01/29 23:39:42
6552,713.25,17850.7,-2520.46,2026/01/29 23:39:42
6553,713.36,17979.2,-2498.82,2026/01/29 23:39:42
6554,713.47,18005.6,-2495.1,2026/01/29 23:39:42
6555,713.58,18063.2,-2482.81,2026/01/29 23:39:42
6556,713.68,18103,-2475.8,2026/01/29 23:39:43
6557,713.79,18208.6,-2459.52,2026/01/29 23:39:43
6558,713.9,18256.6,-2454.59,2026/01/29 23:39:43
6559,714.01,18265.3,-2452.78,2026/01/29 23:39:43
6560,714.12,18282.4,-2450.31,2026/01/29 23:39:43
6561,714.23,18283.4,-2452.76,2026/01/29 23:39:43
6562,714.34,18295.4,-2446.25,2026/01/29 23:39:43
6563,714.45,18290.7,-2449.27,2026/01/29 23:39:43
6564,714.56,18299.3,-2446.24,2026/01/29 23:39:43
6565,714.66,18217.3,-2462.13,2026/01/29 23:39:44
6566,714.77,18146.4,-2472.9,2026/01/29 23:39:44
6567,714.88,18189.4,-2456.46,2026/01/29 23:39:44
6568,714.99,18201.8,-2454.58,2026/01/29 23:39:44
6569,715.1,18114,-2473.22,2026/01/29 23:39:44
6570,715.21,18031.2,-2484.33,2026/01/29 23:39:44
6571,715.32,17970.2,-2493.56,2026/01/29 23:39:44
6572,715.42,17906.5,-2506.72,2026/01/29 23:39:44
6573,715.53,17897.6,-2508.59,2026/01/29 23:39:44
6574,715.64,17904.2,-2510.49,2026/01/29 23:39:45
6575,715.75,17995.5,-2493.76,2026/01/29 23:39:45
6576,715.86,18022.5,-2494.76,2026/01/29 23:39:45
6577,715.97,18076.8,-2478.74,2026/01/29 23:39:45
6578,716.08,18131.7,-2471.46,2026/01/29 23:39:45
6579,716.19,18226.8,-2458.31,2026/01/29 23:39:45
6580,716.3,18267.6,-2450.59,2026/01/29 23:39:45
6581,716.41,18286.5,-2451.07,2026/01/29 23:39:45
6582,716.51,18329.4,-2444.36,2026/01/29 23:39:45
6583,716.62,18334.2,-2444.51,2026/01/29 23:39:46
6584,716.73,18340.8,-2443.15,2026/01/29 23:39:46
6585,716.84,18346.2,-2439.44,2026/01/29 23:39:46
6586,716.95,18348.5,-2441.38,2026/01/29 23:39:46
6587,717.06,18275.5,-2450.21,2026/01/29 23:39:46
6588,717.17,18179.4,-2470.74,2026/01/29 23:39:46
6589,717.28,18187.9,-2459.1,2026/01/29 23:39:46
6590,717.39,18198.3,-2455.04,2026/01/29 23:39:46
6591,717.49,18157,-2462.88,2026/01/29 23:39:46
6592,717.6,18056.5,-2481.14,2026/01/29 23:39:47
6593,717.71,17969.9,-2494.95,2026/01/29 23:39:47
6594,717.82,17891.5,-2508.12,2026/01/29 23:39:47
6595,717.93,17814.5,-2522.8,2026/01/29 23:39:47
6596,718.04,17802.5,-2523.48,2026/01/29 23:39:47
6597,718.14,17829,-2524.05,2026/01/29 23:39:47
6598,718.25,17981.7,-2495.7,2026/01/29 23:39:47
6599,718.36,18049.2,-2487.04,2026/01/29 23:39:47
6600,718.47,18094.5,-2476.43,2026/01/29 23:39:47
6601,718.58,18190.4,-2460.67,2026/01/29 23:39:48
6602,718.69,18241.5,-2455.81,2026/01/29 23:39:48
6603,718.8,18266.1,-2450.89,2026/01/29 23:39:48
6604,718.91,18280.1,-2452.13,2026/01/29 23:39:48
6605,719.02,18292.9,-2448.57,2026/01/29 23:39:48
6606,719.13,18293.7,-2448.04,2026/01/29 23:39:48
6607,719.23,18256.4,-2453.49,2026/01/29 23:39:48
6608,719.34,18142.8,-2473.09,2026/01/29 23:39:48
6609,719.45,18185.1,-2459.58,2026/01/29 23:39:48
6610,719.56,18203.7,-2453.39,2026/01/29 23:39:48
6611,719.67,18212.6,-2451.48,2026/01/29 23:39:49
6612,719.78,18131.6,-2467.16,2026/01/29 23:39:49
6613,719.89,18051.4,-2483.11,2026/01/29 23:39:49
6614,719.99,18049.9,-2479.95,2026/01/29 23:39:49
6615,720.1,18045,-2482.78,2026/01/29 23:39:49
6616,720.21,18040,-2481.75,2026/01/29 23:39:49
6617,720.32,18064.6,-2482.98,2026/01/29 23:39:49
6618,720.43,18069.6,-2481.89,2026/01/29 23:39:49
6619,720.54,18068.2,-2482.73,2026/01/29 23:39:49
6620,720.65,18140.9,-2470.07,2026/01/29 23:39:50
6621,720.76,18248.2,-2452.2,2026/01/29 23:39:50
6622,720.86,18266.9,-2452.67,2026/01/29 23:39:50
6623,720.97,18293.9,-2449.56,2026/01/29 23:39:50
6624,721.08,18319.9,-2444.27,2026/01/29 23:39:50
6625,721.19,18332.8,-2443.98,2026/01/29 23:39:50
6626,721.3,18331.7,-2442.62,2026/01/29 23:39:50
6627,721.41,18335.1,-2444.09,2026/01/29 23:39:50
6628,721.52,18332.9,-2438.01,2026/01/29 23:39:50
6629,721.63,18256.8,-2455.12,2026/01/29 23:39:51
6630,721.73,18186.4,-2466.25,2026/01/29 23:39:51
6631,721.84,18162.1,-2464.96,2026/01/29 23:39:51
6632,721.95,18193.8,-2456.44,2026/01/29 23:39:51
6633,722.06,18209.8,-2452.86,2026/01/29 23:39:51
6634,722.17,18143.9,-2466.23,2026/01/29 23:39:51
6635,722.28,18068.8,-2478.79,2026/01/29 23:39:51
6636,722.39,18043.9,-2483.01,2026/01/29 23:39:51
6637,722.5,18047.6,-2483.4,2026/01/29 23:39:51
6638,722.61,18043.1,-2485.39,2026/01/29 23:39:52
6639,722.71,18072.1,-2480.59,2026/01/29 23:39:52
6640,722.82,18051.3,-2487.24,2026/01/29 23:39:52
6641,722.93,18099.2,-2475.1,2026/01/29 23:39:52
6642,723.04,18147,-2469.39,2026/01/29 23:39:52
6643,723.15,18238.9,-2453.64,2026/01/29 23:39:52
6644,723.26,18283.9,-2450.75,2026/01/29 23:39:52
6645,723.37,18313.8,-2444.31,2026/01/29 23:39:52
6646,723.48,18342.1,-2442.76,2026/01/29 23:39:52
6647,723.59,18354.4,-2442,2026/01/29 23:39:53
6648,723.7,18363.5,-2438.04,2026/01/29 23:39:53
6649,723.81,18362.5,-2439.65,2026/01/29 23:39:53
6650,723.92,18371.8,-2435.97,2026/01/29 23:39:53
6651,724.02,18305.4,-2446.11,2026/01/29 23:39:53
6652,724.13,18244.6,-2457.49,2026/01/29 23:39:53
6653,724.24,18185,-2463.83,2026/01/29 23:39:53
6654,724.35,18172.1,-2463.83,2026/01/29 23:39:53
6655,724.46,18193,-2457.48,2026/01/29 23:39:53
6656,724.57,18192.3,-2458.81,2026/01/29 23:39:53
6657,724.68,18106.6,-2474.9,2026/01/29 23:39:54
6658,724.79,18040.5,-2485.44,2026/01/29 23:39:54
6659,724.9,18004.5,-2487.94,2026/01/29 23:39:54
6660,725.01,17989.4,-2494.07,2026/01/29 23:39:54
6661,725.12,18056.8,-2482.29,2026/01/29 23:39:54
6662,725.22,18048,-2487.81,2026/01/29 23:39:54
6663,725.33,18105.1,-2477.45,2026/01/29 23:39:54
6664,725.44,18113.3,-2474.64,2026/01/29 23:39:54
6665,725.55,18213.4,-2459.13,2026/01/29 23:39:54
6666,725.66,18297.7,-2448.85,2026/01/29 23:39:55
6667,725.77,18313.4,-2444.76,2026/01/29 23:39:55
6668,725.88,18347.4,-2441.43,2026/01/29 23:39:55
6669,725.98,18352.6,-2441.54,2026/01/29 23:39:55
6670,726.09,18364.2,-2437.13,2026/01/29 23:39:55
6671,726.2,18363,-2440.4,2026/01/29 23:39:55
6672,726.31,18364.2,-2434.53,2026/01/29 23:39:55
6673,726.42,18221.4,-2462.26,2026/01/29 23:39:55
6674,726.53,18217.6,-2451.91,2026/01/29 23:39:55
6675,726.64,18205.1,-2455.77,2026/01/29 23:39:56
6676,726.75,18099.2,-2474.47,2026/01/29 23:39:56
6677,726.86,18016,-2487.81,2026/01/29 23:39:56
6678,726.97,17948.9,-2497.57,2026/01/29 23:39:56
6679,727.08,17890,-2509.17,2026/01/29 23:39:56
6680,727.18,17915.2,-2511.68,2026/01/29 23:39:56
6681,727.29,18036.4,-2486.46,2026/01/29 23:39:56
6682,727.4,18036.6,-2490.93,2026/01/29 23:39:56
6683,727.51,18085,-2480.72,2026/01/29 23:39:56
6684,727.62,18161.4,-2466.2,2026/01/29 23:39:57
6685,727.73,18266.8,-2451.73,2026/01/29 23:39:57
6686,727.84,18295.3,-2448.77,2026/01/29 23:39:57
6687,727.95,18311.4,-2450.87,2026/01/29 23:39:57
6688,728.05,18324,-2444.41,2026/01/29 23:39:57
6689,728.16,18321.9,-2445.27,2026/01/29 23:39:57
6690,728.27,18333.2,-2442.81,2026/01/29 23:39:57
6691,728.38,18286.5,-2448.81,2026/01/29 23:39:57
6692,728.49,18195.3,-2466.69,2026/01/29 23:39:57
6693,728.6,18179.3,-2462.55,2026/01/29 23:39:58
6694,728.71,18210.4,-2454.92,2026/01/29 23:39:58
6695,728.82,18164.2,-2459.69,2026/01/29 23:39:58
6696,728.92,18062.8,-2480.06,2026/01/29 23:39:58
6697,729.03,17982.9,-2492.54,2026/01/29 23:39:58
6698,729.14,17944.2,-2497.46,2026/01/29 23:39:58
6699,729.25,17895,-2508.89,2026/01/29 23:39:58
6700,729.36,18014.9,-2491,2026/01/29 23:39:58
6701,729.47,18030.7,-2490.88,2026/01/29 23:39:58
6702,729.58,18090,-2479.08,2026/01/29 23:39:59
6703,729.69,18128.5,-2472.08,2026/01/29 23:39:59
6704,729.8,18252.5,-2453.61,2026/01/29 23:39:59
6705,729.91,18286,-2450.13,2026/01/29 23:39:59
6706,730.01,18306.5,-2449.87,2026/01/29 23:39:59
6707,730.12,18308.7,-2448.27,2026/01/29 23:39:59
6708,730.23,18318,-2444.25,2026/01/29 23:39:59
6709,730.34,18319.3,-2448.18,2026/01/29 23:39:59
6710,730.45,18265.4,-2453.73,2026/01/29 23:39:59
6711,730.56,18176.4,-2470.22,2026/01/29 23:39:59
6712,730.67,18188.1,-2459.4,2026/01/29 23:40:00
6713,730.78,18212.9,-2454.64,2026/01/29 23:40:00
6714,730.88,18219.1,-2448.65,2026/01/29 23:40:00
6715,731,18074.5,-2479.97,2026/01/29 23:40:00
6716,731.1,17979.2,-2493.84,2026/01/29 23:40:00
6717,731.21,17948.3,-2497.15,2026/01/29 23:40:00
6718,731.32,17920.4,-2508.77,2026/01/29 23:40:00
6719,731.43,18038.6,-2486.48,2026/01/29 23:40:00
6720,731.54,18081.7,-2484.28,2026/01/29 23:40:00
6721,731.65,18109.3,-2473.22,2026/01/29 23:40:01
6722,731.76,18213.7,-2458.93,2026/01/29 23:40:01
6723,731.87,18267.8,-2451.05,2026/01/29 23:40:01
6724,731.97,18297.4,-2451.64,2026/01/29 23:40:01
6725,732.09,18312.8,-2446.61,2026/01/29 23:40:01
6726,732.2,18345,-2445.72,2026/01/29 23:40:01
6727,732.3,18348.1,-2441.84,2026/01/29 23:40:01
6728,732.41,18359.8,-2441.44,2026/01/29 23:40:01
6729,732.52,18358.3,-2441.09,2026/01/29 23:40:01
6730,732.63,18368.1,-2438.51,2026/01/29 23:40:02
6731,732.74,18364.9,-2440.19,2026/01/29 23:40:02
6732,732.85,18287.7,-2448.4,2026/01/29 23:40:02
6733,732.96,18175.5,-2469.61,2026/01/29 23:40:02
6734,733.07,18219.2,-2451.67,2026/01/29 23:40:02
6735,733.18,18179.4,-2460.25,2026/01/29 23:40:02
6736,733.29,18048.2,-2481.79,2026/01/29 23:40:02
6737,733.4,17977.9,-2496.12,2026/01/29 23:40:02
6738,733.5,17919.7,-2500.33,2026/01/29 23:40:02
6739,733.61,17893.7,-2512.66,2026/01/29 23:40:03
6740,733.72,18025.4,-2489.97,2026/01/29 23:40:03
6741,733.83,18074.1,-2483.43,2026/01/29 23:40:03
6742,733.94,18108.3,-2477.87,2026/01/29 23:40:03
6743,734.05,18234.1,-2454.39,2026/01/29 23:40:03
6744,734.16,18282.7,-2452.82,2026/01/29 23:40:03
6745,734.27,18306.3,-2447.8,2026/01/29 23:40:03
6746,734.38,18338.7,-2446.33,2026/01/29 23:40:03
6747,734.48,18347.2,-2442.25,2026/01/29 23:40:03
6748,734.59,18355.9,-2441.86,2026/01/29 23:40:04
6749,734.7,18358.4,-2442.62,2026/01/29 23:40:04
6750,734.81,18346.6,-2438,2026/01/29 23:40:04
6751,734.92,18223.6,-2464.63,2026/01/29 23:40:04
6752,735.03,18183.3,-2463.46,2026/01/29 23:40:04
6753,735.14,18212.5,-2456.57,2026/01/29 23:40:04
6754,735.25,18223.7,-2450.57,2026/01/29 23:40:04
6755,735.36,18232.1,-2450.65,2026/01/29 23:40:04
6756,735.46,18130.4,-2468.39,2026/01/29 23:40:04
6757,735.57,18077.7,-2476.7,2026/01/29 23:40:04
6758,735.68,18001.1,-2492.46,2026/01/29 23:40:05
6759,735.79,17947.2,-2495.28,2026/01/29 23:40:05
6760,735.9,17901.2,-2509.73,2026/01/29 23:40:05
6761,736.01,17913.2,-2509.24,2026/01/29 23:40:05
6762,736.12,18036.5,-2489.84,2026/01/29 23:40:05
6763,736.23,18048.8,-2488.09,2026/01/29 23:40:05
6764,736.34,18091.6,-2477.87,2026/01/29 23:40:05
6765,736.45,18098.5,-2477.35,2026/01/29 23:40:05
6766,736.56,18178.7,-2462.63,2026/01/29 23:40:05
6767,736.66,18246.6,-2455.91,2026/01/29 23:40:06
6768,736.77,18292.2,-2449.4,2026/01/29 23:40:06
6769,736.88,18309.9,-2449.27,2026/01/29 23:40:06
6770,736.99,18326.2,-2446.56,2026/01/29 23:40:06
6771,737.1,18328.9,-2445.67,2026/01/29 23:40:06
6772,737.21,18337.2,-2444.44,2026/01/29 23:40:06
6773,737.32,18335,-2439.71,2026/01/29 23:40:06
6774,737.43,18213.3,-2467.44,2026/01/29 23:40:06
6775,737.54,18164,-2466.42,2026/01/29 23:40:06
6776,737.64,18211.7,-2454.43,2026/01/29 23:40:07
6777,737.75,18162.4,-2463.13,2026/01/29 23:40:07
6778,737.86,18038.4,-2484.23,2026/01/29 23:40:07
6779,737.97,17966.1,-2496.23,2026/01/29 23:40:07
6780,738.08,17872.6,-2512.63,2026/01/29 23:40:07
6781,738.19,17850.9,-2519.56,2026/01/29 23:40:07
6782,738.3,17896.9,-2513.15,2026/01/29 23:40:07
6783,738.4,18017.1,-2492.21,2026/01/29 23:40:07
6784,738.51,18042.4,-2489.94,2026/01/29 23:40:07
6785,738.62,18069.3,-2481.86,2026/01/29 23:40:08
6786,738.73,18117.6,-2474.11,2026/01/29 23:40:08
6787,738.84,18205.9,-2460.59,2026/01/29 23:40:08
6788,738.95,18253.4,-2455.3,2026/01/29 23:40:08
6789,739.06,18284.8,-2453.26,2026/01/29 23:40:08
6790,739.17,18307.8,-2449.18,2026/01/29 23:40:08
6791,739.27,18326.7,-2445.47,2026/01/29 23:40:08
6792,739.38,18325.9,-2448.77,2026/01/29 23:40:08
6793,739.49,18336.5,-2442.19,2026/01/29 23:40:08
6794,739.6,18281.3,-2452.91,2026/01/29 23:40:09
6795,739.71,18184.3,-2469.03,2026/01/29 23:40:09
6796,739.82,18202.9,-2455.91,2026/01/29 23:40:09
6797,739.93,18220.9,-2452.81,2026/01/29 23:40:09
6798,740.03,18163.3,-2461.14,2026/01/29 23:40:09
6799,740.14,18067.4,-2480.52,2026/01/29 23:40:09
6800,740.25,17979.7,-2492.76,2026/01/29 23:40:09
6801,740.36,17886,-2511.97,2026/01/29 23:40:09
6802,740.47,17879.9,-2512.49,2026/01/29 23:40:09
6803,740.58,17884.3,-2514.48,2026/01/29 23:40:09
6804,740.69,18015.3,-2493.11,2026/01/29 23:40:10
6805,740.8,18053.7,-2487.01,2026/01/29 23:40:10
6806,740.91,18071.1,-2485.6,2026/01/29 23:40:10
6807,741.02,18187.8,-2460.61,2026/01/29 23:40:10
6808,741.12,18253.4,-2455.37,2026/01/29 23:40:10
6809,741.23,18295,-2451.21,2026/01/29 23:40:10
6810,741.34,18304.8,-2449.78,2026/01/29 23:40:10
6811,741.45,18317.9,-2447.67,2026/01/29 23:40:10
6812,741.56,18317.7,-2448.05,2026/01/29 23:40:10
6813,741.67,18323.4,-2445.59,2026/01/29 23:40:11
6814,741.78,18327.5,-2445.9,2026/01/29 23:40:11
6815,741.89,18241,-2459.3,2026/01/29 23:40:11
6816,742,18170.2,-2469.27,2026/01/29 23:40:11
6817,742.1,18209.4,-2454.08,2026/01/29 23:40:11
6818,742.21,18226.1,-2448.5,2026/01/29 23:40:11
6819,742.32,18124.6,-2470.4,2026/01/29 23:40:11
6820,742.43,18029.4,-2485.13,2026/01/29 23:40:11
6821,742.54,17954.1,-2498.42,2026/01/29 23:40:11
6822,742.65,17917.5,-2504.97,2026/01/29 23:40:12
6823,742.76,18036.5,-2487.08,2026/01/29 23:40:12
6824,742.87,18076.6,-2483.91,2026/01/29 23:40:12
6825,742.97,18109,-2475.31,2026/01/29 23:40:12
6826,743.08,18205.7,-2458.58,2026/01/29 23:40:12
6827,743.19,18274.2,-2452.18,2026/01/29 23:40:12
6828,743.3,18304.8,-2448.69,2026/01/29 23:40:12
6829,743.41,18324.6,-2447.96,2026/01/29 23:40:12
6830,743.52,18338.1,-2442.89,2026/01/29 23:40:12
6831,743.63,18344.6,-2444.77,2026/01/29 23:40:13
6832,743.74,18355,-2439.79,2026/01/29 23:40:13
6833,743.85,18351.3,-2439.57,2026/01/29 23:40:13
6834,743.95,18305.2,-2447.61,2026/01/29 23:40:13
6835,744.06,18197.8,-2467.31,2026/01/29 23:40:13
6836,744.17,18197.3,-2458.8,2026/01/29 23:40:13
6837,744.28,18225.4,-2450.64,2026/01/29 23:40:13
6838,744.39,18140.2,-2466.03,2026/01/29 23:40:13
6839,744.5,18058.7,-2480.44,2026/01/29 23:40:13
6840,744.61,17975.4,-2494.07,2026/01/29 23:40:14
6841,744.72,17965.5,-2496.18,2026/01/29 23:40:14
6842,744.83,17954.1,-2502.37,2026/01/29 23:40:14
6843,744.94,18049.1,-2484.8,2026/01/29 23:40:14
6844,745.04,18101.9,-2478.45,2026/01/29 23:40:14
6845,745.15,18162.3,-2466.19,2026/01/29 23:40:14
6846,745.26,18273.8,-2451.43,2026/01/29 23:40:14
6847,745.37,18304.4,-2449.9,2026/01/29 23:40:14
6848,745.48,18328.8,-2443.5,2026/01/29 23:40:14
6849,745.59,18347.2,-2444.38,2026/01/29 23:40:15
6850,745.7,18362.3,-2440.34,2026/01/29 23:40:15
6851,745.8,18362.1,-2439.09,2026/01/29 23:40:15
6852,745.92,18373.1,-2439.02,2026/01/29 23:40:15
6853,746.02,18356.2,-2437.96,2026/01/29 23:40:15
6854,746.13,18237.9,-2460.59,2026/01/29 23:40:15
6855,746.24,18180.6,-2465.8,2026/01/29 23:40:15
6856,746.35,18229.1,-2449.39,2026/01/29 23:40:15
6857,746.46,18112.9,-2471.96,2026/01/29 23:40:15
6858,746.57,18016.4,-2486.22,2026/01/29 23:40:15
6859,746.68,17939.4,-2498.56,2026/01/29 23:40:16
6860,746.79,17897.4,-2510,2026/01/29 23:40:16
6861,746.89,17960.3,-2499.58,2026/01/29 23:40:16
6862,747,18049.2,-2488.75,2026/01/29 23:40:16
6863,747.11,18113.1,-2471.9,2026/01/29 23:40:16
6864,747.22,18191,-2462.69,2026/01/29 23:40:16
6865,747.33,18282.9,-2450.93,2026/01/29 23:40:16
6866,747.44,18323.8,-2445.98,2026/01/29 23:40:16
6867,747.55,18345.4,-2445.25,2026/01/29 23:40:16
6868,747.66,18358.1,-2440.19,2026/01/29 23:40:17
6869,747.77,18358.4,-2441.87,2026/01/29 23:40:17
6870,747.88,18368.3,-2439.88,2026/01/29 23:40:17
6871,747.99,18341,-2440.3,2026/01/29 23:40:17
6872,748.09,18239.1,-2460.22,2026/01/29 23:40:17
6873,748.2,18170.9,-2468.55,2026/01/29 23:40:17
6874,748.31,18231,-2450.1,2026/01/29 23:40:17
6875,748.42,18213.2,-2452.61,2026/01/29 23:40:17
6876,748.53,18072.1,-2477.32,2026/01/29 23:40:17
6877,748.64,17983.6,-2492.23,2026/01/29 23:40:18
6878,748.75,17888.9,-2509.69,2026/01/29 23:40:18
6879,748.86,17887.9,-2509.03,2026/01/29 23:40:18
6880,748.97,18007.3,-2494.51,2026/01/29 23:40:18
6881,749.07,18076.2,-2483.56,2026/01/29 23:40:18
6882,749.18,18118.3,-2475.47,2026/01/29 23:40:18
6883,749.29,18226.4,-2457.85,2026/01/29 23:40:18
6884,749.4,18295.7,-2448.51,2026/01/29 23:40:18
6885,749.51,18308,-2450.08,2026/01/29 23:40:18
6886,749.62,18345.3,-2442.48,2026/01/29 23:40:19
6887,749.73,18351.4,-2440.86,2026/01/29 23:40:19
6888,749.84,18361.6,-2441.32,2026/01/29 23:40:19
6889,749.94,18358.6,-2440.61,2026/01/29 23:40:19
6890,750.05,18369.8,-2438.47,2026/01/29 23:40:19
6891,750.16,18341.4,-2439.98,2026/01/29 23:40:19
6892,750.27,18211.6,-2465.46,2026/01/29 23:40:19
6893,750.38,18223,-2452.31,2026/01/29 23:40:19
6894,750.49,18233.4,-2451.12,2026/01/29 23:40:19
6895,750.6,18129.2,-2466.08,2026/01/29 23:40:20
6896,750.7,18042.6,-2485.09,2026/01/29 23:40:20
6897,750.81,17976.4,-2493.29,2026/01/29 23:40:20
6898,750.92,17965.1,-2496.54,2026/01/29 23:40:20
6899,751.03,18021.7,-2489.91,2026/01/29 23:40:20
6900,751.14,18052.3,-2486.44,2026/01/29 23:40:20
6901,751.25,18101.3,-2478.96,2026/01/29 23:40:20
6902,751.36,18113.2,-2474.68,2026/01/29 23:40:20
6903,751.46,18190.3,-2460.15,2026/01/29 23:40:20
6904,751.57,18267.4,-2453.09,2026/01/29 23:40:20
6905,751.68,18306.1,-2444.97,2026/01/29 23:40:21
6906,751.79,18323.9,-2447.28,2026/01/29 23:40:21
6907,751.9,18351.7,-2442.15,2026/01/29 23:40:21
6908,752.01,18349.1,-2442.74,2026/01/29 23:40:21
6909,752.12,18360.9,-2439.33,2026/01/29 23:40:21
6910,752.23,18362.4,-2440.33,2026/01/29 23:40:21
6911,752.33,18289.4,-2450.6,2026/01/29 23:40:21
6912,752.44,18214.3,-2466.47,2026/01/29 23:40:21
6913,752.55,18176,-2465.29,2026/01/29 23:40:21
6914,752.66,18234.6,-2449.57,2026/01/29 23:40:22
6915,752.77,18068,-2480.37,2026/01/29 23:40:22
6916,752.88,17980.5,-2489.62,2026/01/29 23:40:22
6917,752.99,17875.2,-2512.21,2026/01/29 23:40:22
6918,753.1,17876.7,-2512.1,2026/01/29 23:40:22
6919,753.21,17935.9,-2504.11,2026/01/29 23:40:22
6920,753.31,18019.1,-2494.94,2026/01/29 23:40:22
6921,753.42,18082.8,-2480.61,2026/01/29 23:40:22
6922,753.53,18108.1,-2477.32,2026/01/29 23:40:22
6923,753.64,18204.8,-2457.76,2026/01/29 23:40:23
6924,753.75,18271.2,-2453.32,2026/01/29 23:40:23
6925,753.86,18309.2,-2448.09,2026/01/29 23:40:23
6926,753.97,18315.4,-2449.05,2026/01/29 23:40:23
6927,754.08,18331.5,-2444.25,2026/01/29 23:40:23
6928,754.18,18337,-2446.7,2026/01/29 23:40:23
6929,754.29,18340.4,-2441.24,2026/01/29 23:40:23
6930,754.4,18349.4,-2442.89,2026/01/29 23:40:23
6931,754.51,18276.2,-2452.76,2026/01/29 23:40:23
6932,754.62,18187.8,-2465.3,2026/01/29 23:40:24
6933,754.73,18195.3,-2460.87,2026/01/29 23:40:24
6934,754.84,18244.4,-2444.78,2026/01/29 23:40:24
6935,754.95,18111.2,-2471.69,2026/01/29 23:40:24
6936,755.06,18057.2,-2479.95,2026/01/29 23:40:24
6937,755.17,17964.7,-2492.73,2026/01/29 23:40:24
6938,755.28,17907.2,-2506.13,2026/01/29 23:40:24
6939,755.39,17936.4,-2504.4,2026/01/29 23:40:24
6940,755.5,18042.9,-2487.86,2026/01/29 23:40:24
6941,755.61,18075.9,-2476.88,2026/01/29 23:40:25
6942,755.71,18110.2,-2476.06,2026/01/29 23:40:25
6943,755.82,18212,-2455.9,2026/01/29 23:40:25
6944,755.93,18261.2,-2454.34,2026/01/29 23:40:25
6945,756.04,18304.3,-2448.23,2026/01/29 23:40:25
6946,756.15,18311.8,-2448.54,2026/01/29 23:40:25
6947,756.26,18321.6,-2445.39,2026/01/29 23:40:25
6948,756.37,18325.2,-2447.19,2026/01/29 23:40:25
6949,756.47,18326.9,-2444.53,2026/01/29 23:40:25
6950,756.58,18335.2,-2444.8,2026/01/29 23:40:26
6951,756.69,18337,-2444.74,2026/01/29 23:40:26
6952,756.8,18347.7,-2440.13,2026/01/29 23:40:26
6953,756.91,18353.7,-2442.19,2026/01/29 23:40:26
6954,757.02,18326.5,-2441.06,2026/01/29 23:40:26
6955,757.13,18188.1,-2467.21,2026/01/29 23:40:26
6956,757.24,18230.9,-2450.23,2026/01/29 23:40:26
6957,757.34,18240.9,-2440.82,2026/01/29 23:40:26
6958,757.45,18049.3,-2482.55,2026/01/29 23:40:26
6959,757.56,17939.6,-2497.08,2026/01/29 23:40:26
6960,757.67,17897.6,-2506.99,2026/01/29 23:40:27
6961,757.78,17921.1,-2508.82,2026/01/29 23:40:27
6962,757.89,18037.1,-2488.58,2026/01/29 23:40:27
6963,758,18085.7,-2480.03,2026/01/29 23:40:27
6964,758.11,18186.8,-2460.45,2026/01/29 23:40:27
6965,758.21,18259.3,-2456.44,2026/01/29 23:40:27
6966,758.32,18302.7,-2446.36,2026/01/29 23:40:27
6967,758.43,18314.1,-2449.27,2026/01/29 23:40:27
6968,758.54,18335.8,-2445.94,2026/01/29 23:40:27
6969,758.65,18336.1,-2444.99,2026/01/29 23:40:28
6970,758.76,18346.8,-2442.84,2026/01/29 23:40:28
6971,758.87,18349.8,-2441,2026/01/29 23:40:28
6972,758.98,18322.9,-2443.56,2026/01/29 23:40:28
6973,759.08,18203.2,-2465.5,2026/01/29 23:40:28
6974,759.19,18213.9,-2455.78,2026/01/29 23:40:28
6975,759.3,18242,-2446.17,2026/01/29 23:40:28
6976,759.41,18115.6,-2471.2,2026/01/29 23:40:28
6977,759.52,18021.2,-2482.95,2026/01/29 23:40:28
6978,759.63,17930.8,-2501.51,2026/01/29 23:40:29
6979,759.74,17919.8,-2502.06,2026/01/29 23:40:29
6980,759.84,18009.8,-2491.5,2026/01/29 23:40:29
6981,759.95,18041.9,-2489.14,2026/01/29 23:40:29
6982,760.06,18095,-2475.32,2026/01/29 23:40:29
6983,760.17,18158.9,-2468.42,2026/01/29 23:40:29
6984,760.28,18260.5,-2451.97,2026/01/29 23:40:29
6985,760.39,18299.5,-2450.64,2026/01/29 23:40:29
6986,760.5,18314,-2446.13,2026/01/29 23:40:29
6987,760.6,18327.6,-2446.57,2026/01/29 23:40:30
6988,760.71,18326.4,-2446.17,2026/01/29 23:40:30
6989,760.82,18339.5,-2440.43,2026/01/29 23:40:30
6990,760.93,18263.8,-2457.47,2026/01/29 23:40:30
6991,761.04,18168.1,-2468.91,2026/01/29 23:40:30
6992,761.15,18240.7,-2449.02,2026/01/29 23:40:30
6993,761.26,18180.2,-2454.86,2026/01/29 23:40:30
6994,761.37,18070.2,-2477.79,2026/01/29 23:40:30
6995,761.48,17988.6,-2489.25,2026/01/29 23:40:30
6996,761.59,17919.5,-2503.67,2026/01/29 23:40:31
6997,761.7,17908.3,-2505.37,2026/01/29 23:40:31
6998,761.81,18022.8,-2487.86,2026/01/29 23:40:31
6999,761.91,18040.7,-2487.2,2026/01/29 23:40:31
7000,762.02,18070.2,-2481.27,2026/01/29 23:40:31
7001,762.13,18103.2,-2477.67,2026/01/29 23:40:31
7002,762.24,18220,-2455.43,2026/01/29 23:40:31
7003,762.35,18272.7,-2454.79,2026/01/29 23:40:31
7004,762.46,18309.8,-2448.39,2026/01/29 23:40:31
7005,762.57,18324.1,-2447.35,2026/01/29 23:40:31
7006,762.68,18325,-2447.31,2026/01/29 23:40:32
7007,762.78,18339.4,-2444.58,2026/01/29 23:40:32
7008,762.89,18327.9,-2442.61,2026/01/29 23:40:32
7009,763,18207.4,-2463.99,2026/01/29 23:40:32
7010,763.11,18189.9,-2463.83,2026/01/29 23:40:32
7011,763.22,18247.7,-2445.21,2026/01/29 23:40:32
7012,763.33,18121.8,-2469.2,2026/01/29 23:40:32
7013,763.44,18013.5,-2486.5,2026/01/29 23:40:32
7014,763.55,17889.6,-2509.85,2026/01/29 23:40:32
7015,763.66,17871.3,-2513.78,2026/01/29 23:40:33
7016,763.77,17911.9,-2509.44,2026/01/29 23:40:33
7017,763.87,18020.1,-2491.36,2026/01/29 23:40:33
7018,763.98,18064.7,-2483.73,2026/01/29 23:40:33
7019,764.09,18127.4,-2474.91,2026/01/29 23:40:33
7020,764.2,18230.7,-2454.44,2026/01/29 23:40:33
7021,764.31,18275.4,-2454.93,2026/01/29 23:40:33
7022,764.42,18306.8,-2449.26,2026/01/29 23:40:33
7023,764.53,18319.4,-2450.66,2026/01/29 23:40:33
7024,764.63,18321,-2448.55,2026/01/29 23:40:34
7025,764.74,18333,-2445.03,2026/01/29 23:40:34
7026,764.85,18333.4,-2445.61,2026/01/29 23:40:34
7027,764.96,18324.9,-2443.65,2026/01/29 23:40:34
7028,765.07,18202.5,-2467.68,2026/01/29 23:40:34
7029,765.18,18227.8,-2450.54,2026/01/29 23:40:34
7030,765.29,18250.8,-2445.69,2026/01/29 23:40:34
7031,765.4,18128.7,-2464.66,2026/01/29 23:40:34
7032,765.51,18033.1,-2485.53,2026/01/29 23:40:34
7033,765.62,17925.7,-2502.76,2026/01/29 23:40:35
7034,765.72,17919.4,-2504.29,2026/01/29 23:40:35
7035,765.83,18019.2,-2491,2026/01/29 23:40:35
7036,765.94,18075.4,-2480.7,2026/01/29 23:40:35
7037,766.05,18116,-2474.57,2026/01/29 23:40:35
7038,766.16,18235.1,-2455.95,2026/01/29 23:40:35
7039,766.27,18287.4,-2451.41,2026/01/29 23:40:35
7040,766.37,18316.5,-2451.51,2026/01/29 23:40:35
7041,766.48,18338,-2445.2,2026/01/29 23:40:35
7042,766.59,18338.4,-2445.29,2026/01/29 23:40:36
7043,766.7,18347.3,-2444.57,2026/01/29 23:40:36
7044,766.81,18352.6,-2442.19,2026/01/29 23:40:36
7045,766.92,18293.7,-2451.51,2026/01/29 23:40:36
7046,767.03,18191.2,-2467.37,2026/01/29 23:40:36
7047,767.14,18251.5,-2446.37,2026/01/29 23:40:36
7048,767.25,18120.6,-2470.12,2026/01/29 23:40:36
7049,767.35,17999.8,-2487.98,2026/01/29 23:40:36
7050,767.46,17879.2,-2512.91,2026/01/29 23:40:36
7051,767.57,17815.8,-2523.52,2026/01/29 23:40:36
7052,767.68,17848.9,-2518.35,2026/01/29 23:40:37
7053,767.79,18033.8,-2491.15,2026/01/29 23:40:37
7054,767.9,18069.7,-2483.26,2026/01/29 23:40:37
7055,768.01,18170.8,-2465.91,2026/01/29 23:40:37
7056,768.12,18262,-2454.06,2026/01/29 23:40:37
7057,768.23,18301.2,-2452.23,2026/01/29 23:40:37
7058,768.33,18309.4,-2448.37,2026/01/29 23:40:37
7059,768.44,18320,-2447.49,2026/01/29 23:40:37
7060,768.55,18320.8,-2448.23,2026/01/29 23:40:37
7061,768.66,18289,-2452.15,2026/01/29 23:40:38
7062,768.77,18154.7,-2475.19,2026/01/29 23:40:38
7063,768.88,18251.8,-2446.79,2026/01/29 23:40:38
7064,768.98,18221.7,-2445.95,2026/01/29 23:40:38
7065,769.09,18059.7,-2481.87,2026/01/29 23:40:38
7066,769.2,17899.6,-2506.14,2026/01/29 23:40:38
7067,769.31,17812.3,-2525.65,2026/01/29 23:40:38
7068,769.42,17812.9,-2523.56,2026/01/29 23:40:38
7069,769.53,17864.8,-2518.7,2026/01/29 23:40:38
7070,769.64,18047.8,-2484.01,2026/01/29 23:40:39
7071,769.75,18078.4,-2482.7,2026/01/29 23:40:39
7072,769.85,18187.8,-2460.94,2026/01/29 23:40:39
7073,769.96,18263.8,-2456.07,2026/01/29 23:40:39
7074,770.07,18296.8,-2450.91,2026/01/29 23:40:39
7075,770.18,18314.2,-2448.81,2026/01/29 23:40:39
7076,770.29,18313.5,-2450.58,2026/01/29 23:40:39
7077,770.4,18325.5,-2447.52,2026/01/29 23:40:39
7078,770.51,18322,-2448.32,2026/01/29 23:40:39
7079,770.62,18330.3,-2447.57,2026/01/29 23:40:40
7080,770.73,18329.2,-2445.92,2026/01/29 23:40:40
7081,770.84,18335.3,-2445.54,2026/01/29 23:40:40
7082,770.94,18320.9,-2443.57,2026/01/29 23:40:40
7083,771.05,18175.4,-2472.21,2026/01/29 23:40:40
7084,771.16,18249.5,-2448.01,2026/01/29 23:40:40
7085,771.27,18242,-2443.13,2026/01/29 23:40:40
7086,771.38,18071.2,-2477.88,2026/01/29 23:40:40
7087,771.49,17979.8,-2493.02,2026/01/29 23:40:40
7088,771.6,17919.8,-2503.69,2026/01/29 23:40:41
7089,771.71,17920.9,-2504.91,2026/01/29 23:40:41
7090,771.81,18063.5,-2484.12,2026/01/29 23:40:41
7091,771.92,18051.9,-2484.73,2026/01/29 23:40:41
7092,772.03,18110.3,-2476.84,2026/01/29 23:40:41
7093,772.14,18214.8,-2457.09,2026/01/29 23:40:41
7094,772.25,18270.7,-2454.67,2026/01/29 23:40:41
7095,772.36,18310.8,-2448.25,2026/01/29 23:40:41
7096,772.47,18321.8,-2450.5,2026/01/29 23:40:41
7097,772.58,18334.5,-2445.67,2026/01/29 23:40:41
7098,772.68,18336.1,-2448.62,2026/01/29 23:40:42
7099,772.79,18342.1,-2445.26,2026/01/29 23:40:42
7100,772.9,18344.2,-2444.65,2026/01/29 23:40:42
7101,773.01,18348.6,-2445.61,2026/01/29 23:40:42
7102,773.12,18254.6,-2459.59,2026/01/29 23:40:42
7103,773.23,18179,-2469.83,2026/01/29 23:40:42
7104,773.34,18259.3,-2446.09,2026/01/29 23:40:42
7105,773.44,18171,-2461.82,2026/01/29 23:40:42
7106,773.55,18067.2,-2477.8,2026/01/29 23:40:42
7107,773.66,17976.8,-2490.76,2026/01/29 23:40:43
7108,773.77,17894.5,-2508,2026/01/29 23:40:43
7109,773.88,17897,-2509.25,2026/01/29 23:40:43
7110,773.99,17976.3,-2501.01,2026/01/29 23:40:43
7111,774.1,18071,-2484.28,2026/01/29 23:40:43
7112,774.21,18072.8,-2482.89,2026/01/29 23:40:43
7113,774.31,18192.5,-2463.35,2026/01/29 23:40:43
7114,774.42,18276.1,-2453.89,2026/01/29 23:40:43
7115,774.53,18318.2,-2449.6,2026/01/29 23:40:43
7116,774.64,18332.7,-2448.68,2026/01/29 23:40:44
7117,774.75,18335.2,-2446.51,2026/01/29 23:40:44
7118,774.86,18344.9,-2447.14,2026/01/29 23:40:44
7119,774.97,18344.3,-2446.45,2026/01/29 23:40:44
7120,775.08,18359.4,-2442.14,2026/01/29 23:40:44
7121,775.18,18242.5,-2462.98,2026/01/29 23:40:44
7122,775.29,18229.7,-2459.8,2026/01/29 23:40:44
7123,775.4,18285.2,-2443.03,2026/01/29 23:40:44
7124,775.51,18181.5,-2458.74,2026/01/29 23:40:44
7125,775.62,18087.6,-2475.97,2026/01/29 23:40:45
7126,775.73,18007.8,-2486.16,2026/01/29 23:40:45
7127,775.84,17934.3,-2502.78,2026/01/29 23:40:45
7128,775.95,17927.5,-2500.65,2026/01/29 23:40:45
7129,776.06,17930.9,-2503.32,2026/01/29 23:40:45
7130,776.17,18061.7,-2483.82,2026/01/29 23:40:45
7131,776.28,18037.3,-2489.89,2026/01/29 23:40:45
7132,776.38,18093,-2478.66,2026/01/29 23:40:45
7133,776.49,18237.7,-2455.23,2026/01/29 23:40:45
7134,776.6,18297.8,-2452.05,2026/01/29 23:40:46
7135,776.71,18332.6,-2449.73,2026/01/29 23:40:46
7136,776.82,18339.6,-2448.64,2026/01/29 23:40:46
7137,776.93,18342.5,-2446.16,2026/01/29 23:40:46
7138,777.04,18355.8,-2444.51,2026/01/29 23:40:46
7139,777.15,18329.7,-2446.04,2026/01/29 23:40:46
7140,777.26,18192.9,-2470.58,2026/01/29 23:40:46
7141,777.36,18266.5,-2446.33,2026/01/29 23:40:46
7142,777.47,18197.3,-2458.45,2026/01/29 23:40:46
7143,777.58,18044.6,-2483.46,2026/01/29 23:40:47
7144,777.69,17938.8,-2500.71,2026/01/29 23:40:47
7145,777.8,17877.6,-2513.03,2026/01/29 23:40:47
7146,777.91,17882.2,-2512.59,2026/01/29 23:40:47
7147,778.02,17927.4,-2506.67,2026/01/29 23:40:47
7148,778.13,18063.9,-2486.79,2026/01/29 23:40:47
7149,778.24,18043.8,-2492.38,2026/01/29 23:40:47
7150,778.35,18112.2,-2476.63,2026/01/29 23:40:47
7151,778.46,18221.1,-2459.09,2026/01/29 23:40:47
7152,778.56,18276.5,-2455.48,2026/01/29 23:40:47
7153,778.67,18310.3,-2450.51,2026/01/29 23:40:48
7154,778.78,18323,-2451.37,2026/01/29 23:40:48
7155,778.89,18338.1,-2449.03,2026/01/29 23:40:48
7156,779,18338.5,-2448.24,2026/01/29 23:40:48
7157,779.11,18345,-2447.92,2026/01/29 23:40:48
7158,779.22,18351.8,-2445.29,2026/01/29 23:40:48
7159,779.33,18307.1,-2451.82,2026/01/29 23:40:48
7160,779.44,18181.4,-2474.53,2026/01/29 23:40:48
7161,779.54,18247.2,-2450.5,2026/01/29 23:40:48
7162,779.66,18270.6,-2447.79,2026/01/29 23:40:49
7163,779.76,18129.1,-2470.49,2026/01/29 23:40:49
7164,779.87,18032.7,-2485.42,2026/01/29 23:40:49
7165,779.98,17893.1,-2512.58,2026/01/29 23:40:49
7166,780.09,17909.6,-2508.46,2026/01/29 23:40:49
7167,780.2,17907.5,-2507.64,2026/01/29 23:40:49
7168,780.31,17985.6,-2503.61,2026/01/29 23:40:49
7169,780.42,18046.1,-2493.06,2026/01/29 23:40:49
7170,780.53,18163,-2469.88,2026/01/29 23:40:49
7171,780.64,18271,-2455.21,2026/01/29 23:40:50
7172,780.74,18307.6,-2451.02,2026/01/29 23:40:50
7173,780.85,18333.9,-2449.85,2026/01/29 23:40:50
7174,780.96,18336.8,-2449.59,2026/01/29 23:40:50
7175,781.07,18349.1,-2444.86,2026/01/29 23:40:50
7176,781.18,18352.5,-2447.82,2026/01/29 23:40:50
7177,781.29,18359.4,-2445.36,2026/01/29 23:40:50
7178,781.39,18359.9,-2445.97,2026/01/29 23:40:50
7179,781.5,18361.4,-2448.43,2026/01/29 23:40:50
7180,781.61,18368,-2443.43,2026/01/29 23:40:51
7181,781.72,18364.9,-2445.55,2026/01/29 23:40:51
7182,781.83,18371.3,-2445.64,2026/01/29 23:40:51
7183,781.94,18371.4,-2445.87,2026/01/29 23:40:51
7184,782.05,18375.1,-2443.49,2026/01/29 23:40:51
7185,782.16,18377.7,-2444.79,2026/01/29 23:40:51
7186,782.26,18377.6,-2442.68,2026/01/29 23:40:51
7187,782.37,18382.7,-2444.89,2026/01/29 23:40:51
7188,782.48,18380.7,-2442.85,2026/01/29 23:40:51
7189,782.59,18385.9,-2441.8,2026/01/29 23:40:52
7190,782.7,18380.5,-2444.09,2026/01/29 23:40:52
7191,782.81,18390.3,-2442.28,2026/01/29 23:40:52
7192,782.92,18385.2,-2442.22,2026/01/29 23:40:52
7193,783.02,18389.2,-2442.8,2026/01/29 23:40:52
7194,783.13,18390.3,-2441.48,2026/01/29 23:40:52
7195,783.25,18390.1,-2441.52,2026/01/29 23:40:52
7196,783.35,18394.8,-2440.9,2026/01/29 23:40:52
7197,783.46,18389.4,-2441.44,2026/01/29 23:40:52
7198,783.57,18396.5,-2442.08,2026/01/29 23:40:52
7199,783.68,18391,-2442.26,2026/01/29 23:40:53
7200,783.79,18400.1,-2440.21,2026/01/29 23:40:53
7201,783.9,18392.5,-2441.83,2026/01/29 23:40:53
7202,784.01,18399.3,-2440.51,2026/01/29 23:40:53
7203,784.12,18394.5,-2441.34,2026/01/29 23:40:53
7204,784.23,18399.5,-2441.08,2026/01/29 23:40:53
7205,784.33,18398.1,-2439.78,2026/01/29 23:40:53
7206,784.44,18396.1,-2443.34,2026/01/29 23:40:53
7207,784.55,18403.1,-2439.14,2026/01/29 23:40:53
7208,784.66,18398.8,-2441.1,2026/01/29 23:40:54
7209,784.77,18403.1,-2438.94,2026/01/29 23:40:54
7210,784.88,18399.8,-2441.81,2026/01/29 23:40:54
7211,784.99,18404.7,-2438.17,2026/01/29 23:40:54
7212,785.09,18401.4,-2441.88,2026/01/29 23:40:54
7213,785.2,18405,-2439.87,2026/01/29 23:40:54
7214,785.31,18404.2,-2440.14,2026/01/29 23:40:54
7215,785.42,18403.4,-2441.76,2026/01/29 23:40:54
7216,785.53,18407.9,-2438.49,2026/01/29 23:40:54
7217,785.64,18403.6,-2440.93,2026/01/29 23:40:55
7218,785.75,18407.7,-2439.92,2026/01/29 23:40:55
7219,785.86,18404.3,-2439.95,2026/01/29 23:40:55
7220,785.96,18408.1,-2438.97,2026/01/29 23:40:55
7221,786.07,18407.7,-2440.27,2026/01/29 23:40:55
7222,786.18,18405.6,-2439.5,2026/01/29 23:40:55
7223,786.29,18410,-2441.49,2026/01/29 23:40:55
7224,786.4,18406.8,-2438.69,2026/01/29 23:40:55
7225,786.51,18412.4,-2438.94,2026/01/29 23:40:55
7226,786.62,18407.1,-2440.84,2026/01/29 23:40:56
7227,786.73,18414.4,-2437.42,2026/01/29 23:40:56
7228,786.83,18408.2,-2438.94,2026/01/29 23:40:56
7229,786.95,18415,-2439.21,2026/01/29 23:40:56
7230,787.05,18410,-2440.03,2026/01/29 23:40:56
7231,787.16,18411.3,-2439.83,2026/01/29 23:40:56
7232,787.27,18415.3,-2438.46,2026/01/29 23:40:56
7233,787.38,18410.2,-2440.2,2026/01/29 23:40:56
7234,787.49,18417.3,-2439.39,2026/01/29 23:40:56
7235,787.6,18411,-2440.27,2026/01/29 23:40:57
7236,787.71,18418.3,-2435.75,2026/01/29 23:40:57
7237,787.81,18413.9,-2439.33,2026/01/29 23:40:57
7238,787.92,18419.6,-2437.34,2026/01/29 23:40:57
7239,788.03,18418.7,-2438.05,2026/01/29 23:40:57
7240,788.14,18419.4,-2439.61,2026/01/29 23:40:57
7241,788.25,18422.4,-2435.91,2026/01/29 23:40:57
7242,788.36,18418.7,-2439.42,2026/01/29 23:40:57
7243,788.46,18423.7,-2437.01,2026/01/29 23:40:57
7244,788.58,18421,-2439.55,2026/01/29 23:40:57
7245,788.69,18425.6,-2437.22,2026/01/29 23:40:58
7246,788.79,18422.1,-2439.02,2026/01/29 23:40:58
7247,788.9,18425.9,-2434.82,2026/01/29 23:40:58
7248,789.01,18422,-2439.24,2026/01/29 23:40:58
7249,789.12,18428.6,-2436.68,2026/01/29 23:40:58
7250,789.23,18423.6,-2438.37,2026/01/29 23:40:58
7251,789.34,18426.8,-2437.47,2026/01/29 23:40:58
7252,789.45,18426.8,-2435.28,2026/01/29 23:40:58
7253,789.56,18424.2,-2439.19,2026/01/29 23:40:58
7254,789.67,18427.8,-2436.43,2026/01/29 23:40:59
7255,789.78,18424,-2437.83,2026/01/29 23:40:59
7256,789.88,18427.7,-2435.71,2026/01/29 23:40:59
7257,789.99,18425.2,-2438.75,2026/01/29 23:40:59
7258,790.1,18429.4,-2435.03,2026/01/29 23:40:59
7259,790.21,18426,-2438.14,2026/01/29 23:40:59
7260,790.32,18427.2,-2436.86,2026/01/29 23:40:59
7261,790.43,18430.3,-2437.47,2026/01/29 23:40:59
7262,790.53,18427,-2437.96,2026/01/29 23:40:59
7263,790.64,18432.8,-2435.83,2026/01/29 23:41:00
7264,790.75,18425.1,-2436.15,2026/01/29 23:41:00
7265,790.86,18431.7,-2436.75,2026/01/29 23:41:00
7266,790.97,18427,-2436.37,2026/01/29 23:41:00
7267,791.08,18430.4,-2437.64,2026/01/29 23:41:00
7268,791.19,18430.6,-2436.08,2026/01/29 23:41:00
7269,791.3,18427.4,-2437.6,2026/01/29 23:41:00
7270,791.41,18433.3,-2436.89,2026/01/29 23:41:00
7271,791.52,18428,-2437.04,2026/01/29 23:41:00
7272,791.62,18434.9,-2435.28,2026/01/29 23:41:01
7273,791.73,18427.4,-2438.17,2026/01/29 23:41:01
7274,791.84,18435.6,-2436.58,2026/01/29 23:41:01
7275,791.95,18430.9,-2438.13,2026/01/29 23:41:01
7276,792.06,18433.8,-2436.58,2026/01/29 23:41:01
7277,792.17,18431.3,-2436.31,2026/01/29 23:41:01
7278,792.28,18433.8,-2437.68,2026/01/29 23:41:01
7279,792.39,18435.5,-2434.44,2026/01/29 23:41:01
7280,792.49,18431.5,-2437.7,2026/01/29 23:41:01
7281,792.6,18436.1,-2435.93,2026/01/29 23:41:02
7282,792.71,18432.8,-2436.68,2026/01/29 23:41:02
7283,792.82,18437.3,-2434.39,2026/01/29 23:41:02
7284,792.93,18433.2,-2437.15,2026/01/29 23:41:02
7285,793.04,18438.2,-2435.16,2026/01/29 23:41:02
7286,793.15,18435.6,-2437.1,2026/01/29 23:41:02
7287,793.26,18436.2,-2435.07,2026/01/29 23:41:02
7288,793.36,18439.2,-2435.52,2026/01/29 23:41:02
7289,793.47,18433.2,-2437.13,2026/01/29 23:41:02
7290,793.58,18440.6,-2436.78,2026/01/29 23:41:03
7291,793.69,18435.1,-2435.49,2026/01/29 23:41:03
7292,793.8,18438,-2436.31,2026/01/29 23:41:03
7293,793.91,18439.8,-2434.64,2026/01/29 23:41:03
7294,794.01,18435.1,-2437.8,2026/01/29 23:41:03
7295,794.12,18441.9,-2435.34,2026/01/29 23:41:03
7296,794.23,18435.5,-2436.9,2026/01/29 23:41:03
7297,794.34,18441.6,-2433.36,2026/01/29 23:41:03
7298,794.45,18436.6,-2438.3,2026/01/29 23:41:03
7299,794.56,18441.9,-2434.67,2026/01/29 23:41:03
7300,794.67,18439.4,-2436.86,2026/01/29 23:41:04
7301,794.77,18441.4,-2434.66,2026/01/29 23:41:04
7302,794.88,18440.6,-2435.97,2026/01/29 23:41:04
7303,794.99,18440,-2437.51,2026/01/29 23:41:04
7304,795.1,18444,-2434.56,2026/01/29 23:41:04
7305,795.21,18438.1,-2435.21,2026/01/29 23:41:04
7306,795.32,18442.8,-2435.19,2026/01/29 23:41:04
7307,795.43,18441.8,-2436.06,2026/01/29 23:41:04
7308,795.54,18441.8,-2436.49,2026/01/29 23:41:04
7309,795.65,18445.4,-2435.2,2026/01/29 23:41:05
7310,795.75,18440.9,-2435.3,2026/01/29 23:41:05
7311,795.86,18445.2,-2437.23,2026/01/29 23:41:05
7312,795.97,18442.2,-2433.96,2026/01/29 23:41:05
7313,796.08,18445.4,-2435.89,2026/01/29 23:41:05
7314,796.19,18441.9,-2436.01,2026/01/29 23:41:05
7315,796.3,18447.2,-2434.17,2026/01/29 23:41:05
7316,796.41,18440.2,-2437.02,2026/01/29 23:41:05
7317,796.52,18447.9,-2434.85,2026/01/29 23:41:05
7318,796.63,18442.7,-2435.08,2026/01/29 23:41:06
7319,796.74,18445.7,-2436.09,2026/01/29 23:41:06
7320,796.85,18445.6,-2434.97,2026/01/29 23:41:06
7321,796.95,18442.7,-2437.24,2026/01/29 23:41:06
7322,797.06,18449.2,-2435.48,2026/01/29 23:41:06
7323,797.17,18442.9,-2435.27,2026/01/29 23:41:06
7324,797.28,18449.7,-2435.26,2026/01/29 23:41:06
7325,797.39,18443.2,-2435.75,2026/01/29 23:41:06
7326,797.5,18451,-2433.35,2026/01/29 23:41:06
7327,797.61,18443.5,-2436.17,2026/01/29 23:41:07
7328,797.72,18449.2,-2433.57,2026/01/29 23:41:07
7329,797.82,18446.5,-2435.11,2026/01/29 23:41:07
7330,797.93,18447.6,-2436.3,2026/01/29 23:41:07
7331,798.04,18450.8,-2432.92,2026/01/29 23:41:07
7332,798.15,18446.5,-2435.69,2026/01/29 23:41:07
7333,798.26,18450.7,-2433.53,2026/01/29 23:41:07
7334,798.37,18447.3,-2435.33,2026/01/29 23:41:07
7335,798.48,18450.3,-2434.15,2026/01/29 23:41:07
7336,798.58,18450.4,-2434.54,2026/01/29 23:41:08
7337,798.69,18446.7,-2435.32,2026/01/29 23:41:08
7338,798.8,18453.5,-2435.02,2026/01/29 23:41:08
7339,798.91,18446.6,-2433.7,2026/01/29 23:41:08
7340,799.02,18453.1,-2434.27,2026/01/29 23:41:08
7341,799.13,18446.4,-2436.5,2026/01/29 23:41:08
7342,799.24,18454.3,-2433.04,2026/01/29 23:41:08
7343,799.34,18447.3,-2434.84,2026/01/29 23:41:08
7344,799.45,18453.7,-2434,2026/01/29 23:41:08
7345,799.56,18449.5,-2434.46,2026/01/29 23:41:08
7346,799.67,18451.3,-2435.96,2026/01/29 23:41:09
7347,799.78,18453.9,-2431.38,2026/01/29 23:41:09
7348,799.89,18449.3,-2435.89,2026/01/29 23:41:09
7349,800,18454.5,-2434.45,2026/01/29 23:41:09
7350,800.11,18451.2,-2435.88,2026/01/29 23:41:09
7351,800.22,18455,-2432.79,2026/01/29 23:41:09
7352,800.32,18453.2,-2435.62,2026/01/29 23:41:09
7353,800.43,18454.2,-2433.08,2026/01/29 23:41:09
7354,800.54,18454.2,-2434.61,2026/01/29 23:41:09
7355,800.65,18454,-2432.29,2026/01/29 23:41:10
7356,800.76,18455.8,-2433.23,2026/01/29 23:41:10
7357,800.87,18452.4,-2435.18,2026/01/29 23:41:10
7358,800.98,18459.3,-2431.46,2026/01/29 23:41:10
7359,801.09,18451.7,-2433.15,2026/01/29 23:41:10
7360,801.2,18458.2,-2434.15,2026/01/29 23:41:10
7361,801.3,18453.7,-2434.54,2026/01/29 23:41:10
7362,801.41,18457.6,-2433.08,2026/01/29 23:41:10
7363,801.52,18456.3,-2433.56,2026/01/29 23:41:10
7364,801.63,18455.6,-2434.28,2026/01/29 23:41:11
7365,801.74,18459.7,-2433.54,2026/01/29 23:41:11
7366,801.85,18454.3,-2433.15,2026/01/29 23:41:11
7367,801.96,18460.4,-2434.92,2026/01/29 23:41:11
7368,802.07,18454.2,-2434.72,2026/01/29 23:41:11
7369,802.18,18461.9,-2431.28,2026/01/29 23:41:11
7370,802.28,18455,-2435.2,2026/01/29 23:41:11
7371,802.39,18462.3,-2433,2026/01/29 23:41:11
7372,802.5,18455.9,-2433.79,2026/01/29 23:41:11
7373,802.61,18460.7,-2434.15,2026/01/29 23:41:12
7374,802.72,18458.6,-2432.44,2026/01/29 23:41:12
7375,802.83,18457.8,-2436.13,2026/01/29 23:41:12
7376,802.94,18462.4,-2431.29,2026/01/29 23:41:12
7377,803.05,18457.4,-2434.07,2026/01/29 23:41:12
7378,803.15,18462.1,-2432.81,2026/01/29 23:41:12
7379,803.26,18459.2,-2435.02,2026/01/29 23:41:12
7380,803.37,18463.3,-2430.84,2026/01/29 23:41:12
7381,803.48,18459.2,-2436.07,2026/01/29 23:41:12
7382,803.59,18464.3,-2431.3,2026/01/29 23:41:13
7383,803.7,18460.5,-2433.67,2026/01/29 23:41:13
7384,803.81,18463.3,-2432.12,2026/01/29 23:41:13
7385,803.92,18463,-2431.78,2026/01/29 23:41:13
7386,804.03,18461,-2435.05,2026/01/29 23:41:13
7387,804.13,18465.6,-2431.59,2026/01/29 23:41:13
7388,804.24,18460.2,-2432.92,2026/01/29 23:41:13
7389,804.35,18463.8,-2432.75,2026/01/29 23:41:13
7390,804.46,18462.5,-2432.67,2026/01/29 23:41:13
7391,804.57,18463.9,-2431.3,2026/01/29 23:41:13
7392,804.68,18464.2,-2434.1,2026/01/29 23:41:14
7393,804.79,18463.9,-2431.86,2026/01/29 23:41:14
7394,804.9,18465.2,-2433.13,2026/01/29 23:41:14
7395,805.01,18463.3,-2430.69,2026/01/29 23:41:14
7396,805.12,18465.9,-2433.04,2026/01/29 23:41:14
7397,805.23,18461.9,-2434.69,2026/01/29 23:41:14
7398,805.33,18469.1,-2430.55,2026/01/29 23:41:14
7399,805.44,18461.7,-2432.03,2026/01/29 23:41:14
7400,805.55,18467.5,-2432.62,2026/01/29 23:41:14
7401,805.66,18464.9,-2432.27,2026/01/29 23:41:15
7402,805.77,18465.5,-2433.79,2026/01/29 23:41:15
7403,805.88,18467.9,-2431.03,2026/01/29 23:41:15
7404,805.99,18460.8,-2433.91,2026/01/29 23:41:15
7405,806.1,18467.7,-2433.28,2026/01/29 23:41:15
7406,806.2,18460.2,-2432.8,2026/01/29 23:41:15
7407,806.31,18467.4,-2432.91,2026/01/29 23:41:15
7408,806.42,18457,-2435.11,2026/01/29 23:41:15
7409,806.53,18341.2,-2451.47,2026/01/29 23:41:15
7410,806.64,18345.9,-2446.95,2026/01/29 23:41:16
7411,806.75,18380.8,-2433.78,2026/01/29 23:41:16
7412,806.86,18265.7,-2450.52,2026/01/29 23:41:16
7413,806.96,18177.6,-2464.9,2026/01/29 23:41:16
7414,807.07,18097.1,-2471.55,2026/01/29 23:41:16
7415,807.18,17924.9,-2506.49,2026/01/29 23:41:16
7416,807.29,17890.2,-2510.95,2026/01/29 23:41:16
7417,807.4,17831.5,-2521.28,2026/01/29 23:41:16
7418,807.51,17856.8,-2513.2,2026/01/29 23:41:16
7419,807.62,17952.4,-2499.88,2026/01/29 23:41:17
7420,807.73,18088.1,-2475.76,2026/01/29 23:41:17
7421,807.84,18125.4,-2477.79,2026/01/29 23:41:17
7422,807.95,18113.7,-2483.01,2026/01/29 23:41:17
7423,808.05,18251.2,-2457.02,2026/01/29 23:41:17
7424,808.16,18326.2,-2451.23,2026/01/29 23:41:17
7425,808.27,18369.8,-2445,2026/01/29 23:41:17
7426,808.38,18383,-2442.04,2026/01/29 23:41:17
7427,808.49,18395.1,-2442.39,2026/01/29 23:41:17
7428,808.6,18401.8,-2439.82,2026/01/29 23:41:18
7429,808.71,18387.6,-2438.48,2026/01/29 23:41:18
7430,808.82,18273.2,-2461.44,2026/01/29 23:41:18
7431,808.93,18273.4,-2454.12,2026/01/29 23:41:18
7432,809.04,18335.4,-2436.61,2026/01/29 23:41:18
7433,809.14,18200.8,-2459.39,2026/01/29 23:41:18
7434,809.25,18126.6,-2473.17,2026/01/29 23:41:18
7435,809.36,18034.1,-2488.97,2026/01/29 23:41:18
7436,809.47,17932.6,-2503.87,2026/01/29 23:41:18
7437,809.58,17856.4,-2518.19,2026/01/29 23:41:18
7438,809.69,17874.1,-2513.65,2026/01/29 23:41:19
7439,809.8,17815.2,-2525.81,2026/01/29 23:41:19
7440,809.91,17845.1,-2521.06,2026/01/29 23:41:19
7441,810.02,17913.9,-2510.67,2026/01/29 23:41:19
7442,810.12,18118.9,-2476.49,2026/01/29 23:41:19
7443,810.23,18140.8,-2472.76,2026/01/29 23:41:19
7444,810.34,18141.4,-2475.53,2026/01/29 23:41:19
7445,810.45,18291.1,-2454.05,2026/01/29 23:41:19
7446,810.56,18334.7,-2448.35,2026/01/29 23:41:19
7447,810.67,18356.6,-2447.48,2026/01/29 23:41:20
7448,810.78,18358.5,-2448,2026/01/29 23:41:20
7449,810.89,18372.8,-2443.73,2026/01/29 23:41:20
7450,811,18371.1,-2444.36,2026/01/29 23:41:20
7451,811.11,18383.1,-2441.88,2026/01/29 23:41:20
7452,811.22,18263,-2463.4,2026/01/29 23:41:20
7453,811.33,18254.9,-2460.78,2026/01/29 23:41:20
7454,811.43,18326,-2436.29,2026/01/29 23:41:20
7455,811.54,18260.3,-2450.97,2026/01/29 23:41:20
7456,811.65,18150.3,-2466.81,2026/01/29 23:41:21
7457,811.76,18037,-2485.29,2026/01/29 23:41:21
7458,811.87,17900.1,-2511.07,2026/01/29 23:41:21
7459,811.98,17811.8,-2529.18,2026/01/29 23:41:21
7460,812.09,17790.7,-2523.31,2026/01/29 23:41:21
7461,812.2,17830.1,-2521.13,2026/01/29 23:41:21
7462,812.31,18009.3,-2487.73,2026/01/29 23:41:21
7463,812.41,18089.2,-2486.88,2026/01/29 23:41:21
7464,812.52,18082.1,-2491.76,2026/01/29 23:41:21
7465,812.63,18111.5,-2481.55,2026/01/29 23:41:22
7466,812.74,18266.9,-2457.48,2026/01/29 23:41:22
7467,812.85,18332.7,-2449.77,2026/01/29 23:41:22
7468,812.96,18356.6,-2447.7,2026/01/29 23:41:22
7469,813.07,18376.9,-2445.82,2026/01/29 23:41:22
7470,813.18,18379.3,-2445.07,2026/01/29 23:41:22
7471,813.29,18387.6,-2441.92,2026/01/29 23:41:22
7472,813.39,18394,-2442.61,2026/01/29 23:41:22
7473,813.5,18394,-2440.69,2026/01/29 23:41:22
7474,813.61,18400.4,-2441.15,2026/01/29 23:41:23
7475,813.72,18363,-2443.46,2026/01/29 23:41:23
7476,813.83,18284.7,-2460.45,2026/01/29 23:41:23
7477,813.94,18219.1,-2470.55,2026/01/29 23:41:23
7478,814.05,18294.7,-2447.9,2026/01/29 23:41:23
7479,814.16,18328.7,-2434.69,2026/01/29 23:41:23
7480,814.26,18224.7,-2455.22,2026/01/29 23:41:23
7481,814.37,18130.2,-2469.58,2026/01/29 23:41:23
7482,814.48,18026.9,-2486.72,2026/01/29 23:41:23
7483,814.59,17882.8,-2510.62,2026/01/29 23:41:24
7484,814.7,17824.9,-2516.95,2026/01/29 23:41:24
7485,814.8,17782.5,-2522.27,2026/01/29 23:41:24
7486,814.92,17789.1,-2521.95,2026/01/29 23:41:24
7487,815.02,17846.5,-2509.63,2026/01/29 23:41:24
7488,815.13,18058.3,-2485.32,2026/01/29 23:41:24
7489,815.24,18090.4,-2481.66,2026/01/29 23:41:24
7490,815.35,18117.6,-2484.05,2026/01/29 23:41:24
7491,815.46,18267.4,-2456.32,2026/01/29 23:41:24
7492,815.57,18322.7,-2451.81,2026/01/29 23:41:24
7493,815.68,18333.9,-2450.67,2026/01/29 23:41:25
7494,815.79,18346.8,-2450,2026/01/29 23:41:25
7495,815.89,18346.6,-2448.15,2026/01/29 23:41:25
7496,816,18356.4,-2446.66,2026/01/29 23:41:25
7497,816.11,18360.4,-2445.28,2026/01/29 23:41:25
7498,816.22,18356.6,-2449.59,2026/01/29 23:41:25
7499,816.33,18370.5,-2445.16,2026/01/29 23:41:25
7500,816.44,18373.1,-2446.82,2026/01/29 23:41:25
7501,816.55,18390.9,-2443.1,2026/01/29 23:41:25
7502,816.66,18393.4,-2445.27,2026/01/29 23:41:26
7503,816.76,18402.8,-2439.7,2026/01/29 23:41:26
7504,816.87,18400.9,-2442.91,2026/01/29 23:41:26
7505,816.98,18407.4,-2439.83,2026/01/29 23:41:26
7506,817.09,18406.1,-2441.11,2026/01/29 23:41:26
7507,817.2,18412.1,-2440.3,2026/01/29 23:41:26
7508,817.31,18410.1,-2440.17,2026/01/29 23:41:26
7509,817.42,18410.7,-2441.33,2026/01/29 23:41:26
7510,817.53,18417.7,-2436.68,2026/01/29 23:41:26
7511,817.64,18413.1,-2438.58,2026/01/29 23:41:27
7512,817.75,18419.5,-2439.49,2026/01/29 23:41:27
7513,817.85,18412.9,-2439.19,2026/01/29 23:41:27
7514,817.96,18419.5,-2436.94,2026/01/29 23:41:27
7515,818.07,18418,-2438.58,2026/01/29 23:41:27
7516,818.18,18404.2,-2439.84,2026/01/29 23:41:27
7517,818.29,18340.3,-2453.29,2026/01/29 23:41:27
7518,818.4,18289.1,-2457.58,2026/01/29 23:41:27
7519,818.51,18252.2,-2464.16,2026/01/29 23:41:27
7520,818.62,18273.5,-2455.19,2026/01/29 23:41:28
7521,818.72,18330.7,-2439.6,2026/01/29 23:41:28
7522,818.83,18341.5,-2430.7,2026/01/29 23:41:28
7523,818.94,18246.4,-2449.38,2026/01/29 23:41:28
7524,819.05,18178.3,-2460.66,2026/01/29 23:41:28
7525,819.16,18134.4,-2468.73,2026/01/29 23:41:28
7526,819.27,18071.7,-2479,2026/01/29 23:41:28
7527,819.38,18021.7,-2487.98,2026/01/29 23:41:28
7528,819.49,17990.3,-2490.52,2026/01/29 23:41:28
7529,819.59,17946.7,-2501.95,2026/01/29 23:41:29
7530,819.7,17974.9,-2494.29,2026/01/29 23:41:29
7531,819.81,18001.6,-2492.33,2026/01/29 23:41:29
7532,819.92,18052.3,-2480.16,2026/01/29 23:41:29
7533,820.03,18133.9,-2469.44,2026/01/29 23:41:29
7534,820.14,18164.9,-2465.88,2026/01/29 23:41:29
7535,820.25,18091,-2483.22,2026/01/29 23:41:29
7536,820.36,18146.8,-2468.85,2026/01/29 23:41:29
7537,820.47,18238.7,-2457.16,2026/01/29 23:41:29
7538,820.58,18312.9,-2450.92,2026/01/29 23:41:29
7539,820.69,18351.9,-2445.54,2026/01/29 23:41:30
7540,820.79,18371.6,-2446.62,2026/01/29 23:41:30
7541,820.9,18397.5,-2442.81,2026/01/29 23:41:30
7542,821.01,18400.1,-2441.36,2026/01/29 23:41:30
7543,821.12,18410.6,-2439.8,2026/01/29 23:41:30
7544,821.23,18413.3,-2440.08,2026/01/29 23:41:30
7545,821.34,18413.7,-2441.77,2026/01/29 23:41:30
7546,821.45,18422.9,-2438.9,2026/01/29 23:41:30
7547,821.56,18419.5,-2440.09,2026/01/29 23:41:30
7548,821.66,18416.3,-2438.34,2026/01/29 23:41:31
7549,821.77,18293.3,-2459.89,2026/01/29 23:41:31
7550,821.88,18251.2,-2459.83,2026/01/29 23:41:31
7551,821.99,18303.6,-2447.65,2026/01/29 23:41:31
7552,822.1,18323.7,-2435.73,2026/01/29 23:41:31
7553,822.21,18279.7,-2443.55,2026/01/29 23:41:31
7554,822.32,18188.2,-2461.56,2026/01/29 23:41:31
7555,822.42,18138.1,-2466.03,2026/01/29 23:41:31
7556,822.53,18044.2,-2481.78,2026/01/29 23:41:31
7557,822.64,17959.5,-2496.78,2026/01/29 23:41:32
7558,822.75,17949.7,-2498.18,2026/01/29 23:41:32
7559,822.86,17959.4,-2498.11,2026/01/29 23:41:32
7560,822.97,18008.1,-2488.76,2026/01/29 23:41:32
7561,823.08,17975.3,-2490.85,2026/01/29 23:41:32
7562,823.19,17896,-2508.4,2026/01/29 23:41:32
7563,823.3,18021.9,-2486.06,2026/01/29 23:41:32
7564,823.4,18170.8,-2466.85,2026/01/29 23:41:32
7565,823.51,18092.3,-2481.15,2026/01/29 23:41:32
7566,823.62,18178.2,-2465.44,2026/01/29 23:41:33
7567,823.73,18258.6,-2455.93,2026/01/29 23:41:33
7568,823.84,18322.9,-2449.54,2026/01/29 23:41:33
7569,823.95,18349.1,-2448.06,2026/01/29 23:41:33
7570,824.06,18374.2,-2445.99,2026/01/29 23:41:33
7571,824.17,18394.9,-2443.2,2026/01/29 23:41:33
7572,824.28,18421.7,-2440.08,2026/01/29 23:41:33
7573,824.39,18434.3,-2437.59,2026/01/29 23:41:33
7574,824.5,18436.1,-2439.92,2026/01/29 23:41:33
7575,824.6,18442.4,-2435.87,2026/01/29 23:41:34
7576,824.71,18435.9,-2440.53,2026/01/29 23:41:34
7577,824.82,18406.1,-2441.13,2026/01/29 23:41:34
7578,824.93,18330.4,-2452.29,2026/01/29 23:41:34
7579,825.04,18252.3,-2461.47,2026/01/29 23:41:34
7580,825.15,18239.5,-2463.38,2026/01/29 23:41:34
7581,825.26,18285.5,-2448.76,2026/01/29 23:41:34
7582,825.37,18300.8,-2443.25,2026/01/29 23:41:34
7583,825.48,18256.1,-2449.9,2026/01/29 23:41:34
7584,825.59,18208.2,-2458.43,2026/01/29 23:41:35
7585,825.7,18188.3,-2459.9,2026/01/29 23:41:35
7586,825.8,18147.7,-2464.59,2026/01/29 23:41:35
7587,825.91,18110.7,-2474.87,2026/01/29 23:41:35
7588,826.02,18049.6,-2481.83,2026/01/29 23:41:35
7589,826.13,18024.2,-2487.97,2026/01/29 23:41:35
7590,826.24,18026.1,-2486.72,2026/01/29 23:41:35
7591,826.35,18025,-2488.69,2026/01/29 23:41:35
7592,826.46,18031.5,-2485.19,2026/01/29 23:41:35
7593,826.57,18034.5,-2487.52,2026/01/29 23:41:35
7594,826.67,18097.9,-2475.07,2026/01/29 23:41:36
7595,826.78,18154.1,-2468.67,2026/01/29 23:41:36
7596,826.89,18122.5,-2473.79,2026/01/29 23:41:36
7597,827,18106.9,-2475.39,2026/01/29 23:41:36
7598,827.11,18086.9,-2480.04,2026/01/29 23:41:36
7599,827.22,18110.3,-2477.66,2026/01/29 23:41:36
7600,827.32,18192.6,-2463.49,2026/01/29 23:41:36
7601,827.43,18253.7,-2455.2,2026/01/29 23:41:36
7602,827.54,18298.5,-2451.58,2026/01/29 23:41:36
7603,827.65,18349.7,-2447.76,2026/01/29 23:41:37
7604,827.76,18402.2,-2440.78,2026/01/29 23:41:37
7605,827.87,18417.2,-2441.45,2026/01/29 23:41:37
7606,827.98,18430.4,-2436.39,2026/01/29 23:41:37
7607,828.09,18431.4,-2439.98,2026/01/29 23:41:37
7608,828.19,18434.9,-2437.2,2026/01/29 23:41:37
7609,828.3,18439.5,-2438.91,2026/01/29 23:41:37
7610,828.41,18436.3,-2437.81,2026/01/29 23:41:37
7611,828.52,18406.9,-2437.37,2026/01/29 23:41:37
7612,828.63,18295.1,-2458.74,2026/01/29 23:41:38
7613,828.74,18242.3,-2466.89,2026/01/29 23:41:38
7614,828.84,18281.6,-2452.39,2026/01/29 23:41:38
7615,828.95,18323.7,-2442.4,2026/01/29 23:41:38
7616,829.06,18321.6,-2442.12,2026/01/29 23:41:38
7617,829.17,18290.2,-2449.54,2026/01/29 23:41:38
7618,829.28,18282,-2448.31,2026/01/29 23:41:38
7619,829.39,18221.6,-2456.87,2026/01/29 23:41:38
7620,829.5,18178,-2464.68,2026/01/29 23:41:38
7621,829.61,18148.4,-2466.23,2026/01/29 23:41:39
7622,829.72,18122.2,-2470.12,2026/01/29 23:41:39
7623,829.83,18074,-2481.11,2026/01/29 23:41:39
7624,829.94,18088.9,-2476.4,2026/01/29 23:41:39
7625,830.04,18087.1,-2477.07,2026/01/29 23:41:39
7626,830.15,18095.2,-2475.7,2026/01/29 23:41:39
7627,830.26,18182,-2456.09,2026/01/29 23:41:39
7628,830.37,18143.7,-2469.42,2026/01/29 23:41:39
7629,830.48,18103.3,-2478.22,2026/01/29 23:41:39
7630,830.59,18095.4,-2480.51,2026/01/29 23:41:40
7631,830.7,18141.6,-2473.89,2026/01/29 23:41:40
7632,830.81,18219.1,-2459.71,2026/01/29 23:41:40
7633,830.92,18286.5,-2454.59,2026/01/29 23:41:40
7634,831.03,18351.8,-2445.91,2026/01/29 23:41:40
7635,831.14,18404.1,-2442.31,2026/01/29 23:41:40
7636,831.25,18412.4,-2443.47,2026/01/29 23:41:40
7637,831.36,18432.7,-2438.75,2026/01/29 23:41:40
7638,831.46,18437.5,-2438.38,2026/01/29 23:41:40
7639,831.57,18449.7,-2436.64,2026/01/29 23:41:40
7640,831.68,18445.5,-2436.48,2026/01/29 23:41:41
7641,831.79,18426.1,-2440.18,2026/01/29 23:41:41
7642,831.9,18360.7,-2444.51,2026/01/29 23:41:41
7643,832.01,18254.2,-2465.57,2026/01/29 23:41:41
7644,832.12,18278.9,-2453.22,2026/01/29 23:41:41
7645,832.23,18315.3,-2444.28,2026/01/29 23:41:41
7646,832.34,18300.9,-2443.34,2026/01/29 23:41:41
7647,832.44,18256.4,-2456.77,2026/01/29 23:41:41
7648,832.55,18216.1,-2457.41,2026/01/29 23:41:41
7649,832.66,18154.1,-2467.23,2026/01/29 23:41:42
7650,832.77,18115.7,-2471.63,2026/01/29 23:41:42
7651,832.88,18069.6,-2481.65,2026/01/29 23:41:42
7652,832.99,18102.1,-2476.1,2026/01/29 23:41:42
7653,833.1,18139.1,-2467.08,2026/01/29 23:41:42
7654,833.21,18168.5,-2463.05,2026/01/29 23:41:42
7655,833.31,18205.5,-2454.33,2026/01/29 23:41:42
7656,833.42,18155.9,-2467.99,2026/01/29 23:41:42
7657,833.53,18122.7,-2474.62,2026/01/29 23:41:42
7658,833.64,18152.8,-2469.22,2026/01/29 23:41:43
7659,833.75,18174.6,-2463.5,2026/01/29 23:41:43
7660,833.86,18162.9,-2470.7,2026/01/29 23:41:43
7661,833.97,18159.9,-2470.39,2026/01/29 23:41:43
7662,834.08,18160.7,-2474.26,2026/01/29 23:41:43
7663,834.19,18182.6,-2469.96,2026/01/29 23:41:43
7664,834.29,18210.2,-2465.1,2026/01/29 23:41:43
7665,834.4,18211.3,-2465.79,2026/01/29 23:41:43
7666,834.51,18226.4,-2464.92,2026/01/29 23:41:43
7667,834.62,18225.1,-2464.93,2026/01/29 23:41:44
7668,834.73,18231.3,-2465.73,2026/01/29 23:41:44
7669,834.84,18239,-2457.73,2026/01/29 23:41:44
7670,834.95,18219.1,-2464.08,2026/01/29 23:41:44
7671,835.05,18201.3,-2465.33,2026/01/29 23:41:44
7672,835.16,18153.1,-2475.42,2026/01/29 23:41:44
7673,835.27,18155.6,-2471,2026/01/29 23:41:44
7674,835.38,18348.6,-2434.92,2026/01/29 23:41:44
7675,835.49,18397.9,-2425.38,2026/01/29 23:41:44
7676,835.6,18357.8,-2426.69,2026/01/29 23:41:45
7677,835.71,18321.8,-2436.13,2026/01/29 23:41:45
7678,835.82,18301.7,-2441.32,2026/01/29 23:41:45
7679,835.93,18272.4,-2447.87,2026/01/29 23:41:45
7680,836.03,18264.7,-2447.56,2026/01/29 23:41:45
7681,836.14,18244.4,-2452.27,2026/01/29 23:41:45
7682,836.25,18239.7,-2455.59,2026/01/29 23:41:45
7683,836.36,18214.3,-2459.78,2026/01/29 23:41:45
7684,836.47,18210,-2460.24,2026/01/29 23:41:45
7685,836.58,18230,-2452.2,2026/01/29 23:41:45
7686,836.68,18192.9,-2461.34,2026/01/29 23:41:46
7687,836.79,18150.8,-2470.92,2026/01/29 23:41:46
7688,836.9,18169.8,-2468.34,2026/01/29 23:41:46
7689,837.01,18190.3,-2460.33,2026/01/29 23:41:46
7690,837.12,18193.4,-2467.76,2026/01/29 23:41:46
7691,837.23,18185.4,-2468.66,2026/01/29 23:41:46
7692,837.34,18191.4,-2470.56,2026/01/29 23:41:46
7693,837.44,18204.4,-2467.19,2026/01/29 23:41:46
7694,837.55,18218.3,-2464.99,2026/01/29 23:41:46
7695,837.66,18222.3,-2465.83,2026/01/29 23:41:47
7696,837.77,18234,-2464.3,2026/01/29 23:41:47
7697,837.88,18232.2,-2465.02,2026/01/29 23:41:47
7698,837.99,18239.4,-2463.78,2026/01/29 23:41:47
7699,838.1,18242.7,-2460.62,2026/01/29 23:41:47
7700,838.2,18234.5,-2462.57,2026/01/29 23:41:47
7701,838.31,18253.9,-2454.96,2026/01/29 23:41:47
7702,838.42,18232.2,-2462.85,2026/01/29 23:41:47
7703,838.53,18216.4,-2461.32,2026/01/29 23:41:47
7704,838.64,18190.5,-2468.06,2026/01/29 23:41:48
7705,838.75,18304.6,-2441.65,2026/01/29 23:41:48
7706,838.86,18346.6,-2436.47,2026/01/29 23:41:48
7707,838.97,18381.7,-2425.75,2026/01/29 23:41:48
7708,839.07,18358.8,-2428.12,2026/01/29 23:41:48
7709,839.18,18318.1,-2437.35,2026/01/29 23:41:48
7710,839.29,18292,-2444.34,2026/01/29 23:41:48
7711,839.4,18269.6,-2447.57,2026/01/29 23:41:48
7712,839.51,18249.6,-2454.7,2026/01/29 23:41:48
7713,839.62,18242.6,-2453.85,2026/01/29 23:41:49
7714,839.73,18239.1,-2456.01,2026/01/29 23:41:49
7715,839.84,18221.5,-2456.93,2026/01/29 23:41:49
7716,839.94,18214.7,-2458.3,2026/01/29 23:41:49
7717,840.05,18222.4,-2458.29,2026/01/29 23:41:49
7718,840.16,18215.1,-2459.72,2026/01/29 23:41:49
7719,840.27,18197.1,-2460.44,2026/01/29 23:41:49
7720,840.38,18085.7,-2488.16,2026/01/29 23:41:49
7721,840.49,18131,-2474.02,2026/01/29 23:41:49
7722,840.6,18154.3,-2472.65,2026/01/29 23:41:50
7723,840.71,18178,-2468.53,2026/01/29 23:41:50
7724,840.82,18204.3,-2467.77,2026/01/29 23:41:50
7725,840.93,18193.8,-2470.4,2026/01/29 23:41:50
7726,841.03,18202.7,-2467.62,2026/01/29 23:41:50
7727,841.14,18207.3,-2471.16,2026/01/29 23:41:50
7728,841.25,18215.2,-2467.11,2026/01/29 23:41:50
7729,841.36,18212.6,-2468.88,2026/01/29 23:41:50
7730,841.47,18218.8,-2466.87,2026/01/29 23:41:50
7731,841.58,18225.4,-2463.23,2026/01/29 23:41:50
7732,841.69,18219.8,-2464.67,2026/01/29 23:41:51
7733,841.79,18205.4,-2467.96,2026/01/29 23:41:51
7734,841.9,18269.1,-2455.16,2026/01/29 23:41:51
7735,842.01,18364.9,-2435.16,2026/01/29 23:41:51
7736,842.12,18450.5,-2423.37,2026/01/29 23:41:51
7737,842.23,18451.1,-2418.53,2026/01/29 23:41:51
7738,842.34,18348.9,-2434.18,2026/01/29 23:41:51
7739,842.44,18317.6,-2438.05,2026/01/29 23:41:51
7740,842.56,18293,-2445.22,2026/01/29 23:41:51
7741,842.67,18270.8,-2450.55,2026/01/29 23:41:52
7742,842.77,18268.6,-2448.71,2026/01/29 23:41:52
7743,842.88,18218.1,-2458.51,2026/01/29 23:41:52
7744,842.99,18177.9,-2459.67,2026/01/29 23:41:52
7745,843.1,18168.1,-2462.93,2026/01/29 23:41:52
7746,843.21,18184.6,-2463.41,2026/01/29 23:41:52
7747,843.32,18232.1,-2455.09,2026/01/29 23:41:52
7748,843.43,18193.2,-2464.7,2026/01/29 23:41:52
7749,843.53,18182.6,-2463.67,2026/01/29 23:41:52
7750,843.64,18144.2,-2471.89,2026/01/29 23:41:53
7751,843.75,18132.5,-2477.15,2026/01/29 23:41:53
7752,843.86,18189.2,-2462.49,2026/01/29 23:41:53
7753,843.97,18202.8,-2462.94,2026/01/29 23:41:53
7754,844.08,18219.4,-2464.36,2026/01/29 23:41:53
7755,844.19,18192.9,-2469.53,2026/01/29 23:41:53
7756,844.3,18193.6,-2470.89,2026/01/29 23:41:53
7757,844.41,18193.6,-2469.89,2026/01/29 23:41:53
7758,844.51,18186.3,-2472.41,2026/01/29 23:41:53
7759,844.62,18193.1,-2471.48,2026/01/29 23:41:54
7760,844.73,18195.4,-2469.56,2026/01/29 23:41:54
7761,844.84,18198.5,-2472.07,2026/01/29 23:41:54
7762,844.95,18201.6,-2468.6,2026/01/29 23:41:54
7763,845.06,18191.4,-2472.9,2026/01/29 23:41:54
7764,845.17,18213.5,-2466.24,2026/01/29 23:41:54
7765,845.28,18239.1,-2459.69,2026/01/29 23:41:54
7766,845.39,18228.9,-2462.45,2026/01/29 23:41:54
7767,845.49,18218.1,-2463.85,2026/01/29 23:41:54
7768,845.61,18341.8,-2436.36,2026/01/29 23:41:55
7769,845.71,18376,-2430.14,2026/01/29 23:41:55
7770,845.82,18347.6,-2434,2026/01/29 23:41:55
7771,845.93,18344.7,-2434.8,2026/01/29 23:41:55
7772,846.04,18332.2,-2435.4,2026/01/29 23:41:55
7773,846.15,18316.5,-2437.96,2026/01/29 23:41:55
7774,846.26,18281.1,-2449.02,2026/01/29 23:41:55
7775,846.37,18244.8,-2453.33,2026/01/29 23:41:55
7776,846.47,18194,-2462.14,2026/01/29 23:41:55
7777,846.58,18228,-2457,2026/01/29 23:41:56
7778,846.69,18240.2,-2453.58,2026/01/29 23:41:56
7779,846.8,18213.5,-2457.99,2026/01/29 23:41:56
7780,846.91,18147.7,-2472.78,2026/01/29 23:41:56
7781,847.02,18155.9,-2471.25,2026/01/29 23:41:56
7782,847.13,18208.1,-2462.85,2026/01/29 23:41:56
7783,847.24,18195.4,-2469.18,2026/01/29 23:41:56
7784,847.34,18192.6,-2471.97,2026/01/29 23:41:56
7785,847.45,18187.6,-2470.78,2026/01/29 23:41:56
7786,847.56,18183.8,-2473.72,2026/01/29 23:41:56
7787,847.67,18196.4,-2469.39,2026/01/29 23:41:57
7788,847.78,18187,-2474.95,2026/01/29 23:41:57
7789,847.89,18192.7,-2470.35,2026/01/29 23:41:57
7790,848,18205.8,-2468.93,2026/01/29 23:41:57
7791,848.1,18239.1,-2459.81,2026/01/29 23:41:57
7792,848.21,18266.7,-2458.04,2026/01/29 23:41:57
7793,848.32,18254.5,-2459.79,2026/01/29 23:41:57
7794,848.43,18248.2,-2461.67,2026/01/29 23:41:57
7795,848.54,18335.7,-2438.53,2026/01/29 23:41:57
7796,848.65,18402,-2427.88,2026/01/29 23:41:58
7797,848.76,18395.7,-2423,2026/01/29 23:41:58
7798,848.87,18355.6,-2431.53,2026/01/29 23:41:58
7799,848.98,18331.8,-2438.9,2026/01/29 23:41:58
7800,849.08,18317.4,-2438.36,2026/01/29 23:41:58
7801,849.19,18286.1,-2447.55,2026/01/29 23:41:58
7802,849.3,18279.9,-2446.87,2026/01/29 23:41:58
7803,849.41,18225.6,-2457.13,2026/01/29 23:41:58
7804,849.52,18201.8,-2460.74,2026/01/29 23:41:58
7805,849.63,18239.7,-2454.66,2026/01/29 23:41:59
7806,849.73,18239.9,-2456.75,2026/01/29 23:41:59
7807,849.84,18233.2,-2457.04,2026/01/29 23:41:59
7808,849.95,18196,-2461.37,2026/01/29 23:41:59
7809,850.06,18156.5,-2470.95,2026/01/29 23:41:59
7810,850.17,18156,-2468.95,2026/01/29 23:41:59
7811,850.28,18196.8,-2467.42,2026/01/29 23:41:59
7812,850.39,18187.8,-2471.36,2026/01/29 23:41:59
7813,850.49,18187.1,-2470.74,2026/01/29 23:41:59
7814,850.6,18196,-2471.11,2026/01/29 23:42:00
7815,850.71,18197.6,-2470.53,2026/01/29 23:42:00
7816,850.82,18195.3,-2471.14,2026/01/29 23:42:00
7817,850.93,18212.2,-2466.63,2026/01/29 23:42:00
7818,851.04,18244.8,-2462.14,2026/01/29 23:42:00
7819,851.15,18288.5,-2453.93,2026/01/29 23:42:00
7820,851.26,18246.3,-2463.66,2026/01/29 23:42:00
7821,851.37,18327.2,-2440.18,2026/01/29 23:42:00
7822,851.48,18392.5,-2428.83,2026/01/29 23:42:00
7823,851.58,18386.7,-2424.55,2026/01/29 23:42:01
7824,851.69,18338.7,-2436.49,2026/01/29 23:42:01
7825,851.8,18315.6,-2439.84,2026/01/29 23:42:01
7826,851.91,18289.5,-2445.9,2026/01/29 23:42:01
7827,852.02,18216.2,-2456.6,2026/01/29 23:42:01
7828,852.13,18188.7,-2459,2026/01/29 23:42:01
7829,852.24,18177.1,-2459.95,2026/01/29 23:42:01
7830,852.35,18181.7,-2463.84,2026/01/29 23:42:01
7831,852.46,18209.7,-2458.07,2026/01/29 23:42:01
7832,852.57,18236.9,-2451.69,2026/01/29 23:42:01
7833,852.68,18178.2,-2468.25,2026/01/29 23:42:02
7834,852.78,18175.3,-2464.92,2026/01/29 23:42:02
7835,852.89,18104,-2484.86,2026/01/29 23:42:02
7836,853,18174.6,-2467.89,2026/01/29 23:42:02
7837,853.11,18191,-2470.07,2026/01/29 23:42:02
7838,853.22,18172,-2474.94,2026/01/29 23:42:02
7839,853.32,18179,-2472.8,2026/01/29 23:42:02
7840,853.43,18180.5,-2473.89,2026/01/29 23:42:02
7841,853.54,18188.5,-2471.39,2026/01/29 23:42:02
7842,853.65,18190,-2472.77,2026/01/29 23:42:03
7843,853.76,18191,-2472.69,2026/01/29 23:42:03
7844,853.87,18195.5,-2469.95,2026/01/29 23:42:03
7845,853.98,18190.6,-2472.2,2026/01/29 23:42:03
7846,854.08,18201.4,-2470.56,2026/01/29 23:42:03
7847,854.19,18195.7,-2471.09,2026/01/29 23:42:03
7848,854.3,18205.6,-2469.74,2026/01/29 23:42:03
7849,854.41,18211.6,-2468.76,2026/01/29 23:42:03
7850,854.52,18209.2,-2471.01,2026/01/29 23:42:03
7851,854.63,18208.7,-2468.9,2026/01/29 23:42:04
7852,854.74,18207.1,-2470.92,2026/01/29 23:42:04
7853,854.84,18213.4,-2468.46,2026/01/29 23:42:04
7854,854.95,18205.5,-2470.16,2026/01/29 23:42:04
7855,855.06,18206.3,-2470.91,2026/01/29 23:42:04
7856,855.17,18190,-2472.54,2026/01/29 23:42:04
7857,855.28,18207,-2471.07,2026/01/29 23:42:04
7858,855.39,18253.1,-2455.29,2026/01/29 23:42:04
7859,855.5,18209.8,-2468.42,2026/01/29 23:42:04
7860,855.61,18390.9,-2428.87,2026/01/29 23:42:05
7861,855.71,18366.8,-2429.54,2026/01/29 23:42:05
7862,855.82,18340.6,-2434.45,2026/01/29 23:42:05
7863,855.93,18328.9,-2437.82,2026/01/29 23:42:05
7864,856.04,18308.6,-2440.97,2026/01/29 23:42:05
7865,856.15,18255.8,-2450.57,2026/01/29 23:42:05
7866,856.26,18197.3,-2461.51,2026/01/29 23:42:05
7867,856.37,18162.1,-2458.69,2026/01/29 23:42:05
7868,856.48,18128,-2470.36,2026/01/29 23:42:05
7869,856.58,18159.5,-2468.65,2026/01/29 23:42:06
7870,856.69,18215.1,-2457.86,2026/01/29 23:42:06
7871,856.8,18193.4,-2462.25,2026/01/29 23:42:06
7872,856.91,18153.6,-2468.25,2026/01/29 23:42:06
7873,857.02,18115.3,-2481.06,2026/01/29 23:42:06
7874,857.13,18175.1,-2473.01,2026/01/29 23:42:06
7875,857.24,18164.4,-2478.08,2026/01/29 23:42:06
7876,857.35,18179.2,-2471.09,2026/01/29 23:42:06
7877,857.45,18180.8,-2472.82,2026/01/29 23:42:06
7878,857.56,18191.5,-2471.6,2026/01/29 23:42:06
7879,857.67,18189.5,-2471.46,2026/01/29 23:42:07
7880,857.78,18195.9,-2471.72,2026/01/29 23:42:07
7881,857.89,18192.3,-2469.8,2026/01/29 23:42:07
7882,858,18188.8,-2474.65,2026/01/29 23:42:07
7883,858.11,18189.3,-2469.76,2026/01/29 23:42:07
7884,858.22,18199.6,-2471.44,2026/01/29 23:42:07
7885,858.33,18248.2,-2458.28,2026/01/29 23:42:07
7886,858.43,18229.9,-2461.15,2026/01/29 23:42:07
7887,858.54,18233.2,-2462.72,2026/01/29 23:42:07
7888,858.65,18345.2,-2435.06,2026/01/29 23:42:08
7889,858.76,18404.7,-2424.47,2026/01/29 23:42:08
7890,858.87,18394.1,-2423.4,2026/01/29 23:42:08
7891,858.98,18349.6,-2433.74,2026/01/29 23:42:08
7892,859.09,18328.9,-2437.38,2026/01/29 23:42:08
7893,859.2,18311.5,-2441.25,2026/01/29 23:42:08
7894,859.3,18284.6,-2446.94,2026/01/29 23:42:08
7895,859.41,18211.1,-2459.6,2026/01/29 23:42:08
7896,859.52,18167.4,-2462.37,2026/01/29 23:42:08
7897,859.63,18151.6,-2464.23,2026/01/29 23:42:09
7898,859.74,18151.3,-2468.39,2026/01/29 23:42:09
7899,859.85,18210.3,-2459.51,2026/01/29 23:42:09
7900,859.96,18189.9,-2462.98,2026/01/29 23:42:09
7901,860.07,18154.8,-2469.54,2026/01/29 23:42:09
7902,860.18,18094.9,-2486.06,2026/01/29 23:42:09
7903,860.28,18156.6,-2473.21,2026/01/29 23:42:09
7904,860.39,18169,-2476.31,2026/01/29 23:42:09
7905,860.5,18163.8,-2474.91,2026/01/29 23:42:09
7906,860.61,18171.7,-2475.41,2026/01/29 23:42:10
7907,860.72,18181.3,-2471.15,2026/01/29 23:42:10
7908,860.83,18189.1,-2471.38,2026/01/29 23:42:10
7909,860.94,18187.2,-2473.64,2026/01/29 23:42:10
7910,861.04,18197.5,-2468.04,2026/01/29 23:42:10
7911,861.15,18195.9,-2472.68,2026/01/29 23:42:10
7912,861.26,18198.2,-2469.27,2026/01/29 23:42:10
7913,861.37,18205.6,-2470.9,2026/01/29 23:42:10
7914,861.48,18200.3,-2471.02,2026/01/29 23:42:10
7915,861.59,18206.5,-2467.98,2026/01/29 23:42:11
7916,861.69,18204.6,-2471.19,2026/01/29 23:42:11
7917,861.8,18210.2,-2467.46,2026/01/29 23:42:11
7918,861.91,18210.2,-2469.01,2026/01/29 23:42:11
7919,862.02,18212.6,-2462.64,2026/01/29 23:42:11
7920,862.13,18133.5,-2478.65,2026/01/29 23:42:11
7921,862.24,18063.1,-2490.38,2026/01/29 23:42:11
7922,862.35,18003.8,-2497.47,2026/01/29 23:42:11
7923,862.45,17932.4,-2509.49,2026/01/29 23:42:11
7924,862.56,17940.3,-2506.97,2026/01/29 23:42:11
7925,862.67,17943.2,-2504.56,2026/01/29 23:42:12
7926,862.78,17939,-2507.94,2026/01/29 23:42:12
7927,862.89,17968.1,-2499.52,2026/01/29 23:42:12
7928,863,17981.9,-2499.85,2026/01/29 23:42:12
7929,863.11,17983.5,-2500.42,2026/01/29 23:42:12
7930,863.21,17991.7,-2499.04,2026/01/29 23:42:12
7931,863.32,18004.2,-2496.38,2026/01/29 23:42:12
7932,863.43,18002.7,-2498.74,2026/01/29 23:42:12
7933,863.54,18044.1,-2490.8,2026/01/29 23:42:12
7934,863.65,18053.4,-2490.66,2026/01/29 23:42:13
7935,863.76,18051.8,-2491.41,2026/01/29 23:42:13
7936,863.87,18046.4,-2488,2026/01/29 23:42:13
7937,863.97,17990.9,-2501.17,2026/01/29 23:42:13
7938,864.08,17941.3,-2508.93,2026/01/29 23:42:13
7939,864.19,17917.4,-2516.45,2026/01/29 23:42:13
7940,864.3,17892,-2518.89,2026/01/29 23:42:13
7941,864.41,17889,-2520.45,2026/01/29 23:42:13
7942,864.52,17890.5,-2520.12,2026/01/29 23:42:13
7943,864.63,17916.4,-2513.62,2026/01/29 23:42:14
7944,864.74,17928.4,-2510.73,2026/01/29 23:42:14
7945,864.84,17931.9,-2511.93,2026/01/29 23:42:14
7946,864.95,17936.2,-2509.75,2026/01/29 23:42:14
7947,865.06,17933.7,-2511.57,2026/01/29 23:42:14
7948,865.17,17932.8,-2510.1,2026/01/29 23:42:14
7949,865.28,17941.7,-2511,2026/01/29 23:42:14
7950,865.39,17972.6,-2506.57,2026/01/29 23:42:14
7951,865.5,18040.9,-2494.99,2026/01/29 23:42:14
7952,865.6,18063.3,-2491,2026/01/29 23:42:15
7953,865.71,18065.2,-2492.79,2026/01/29 23:42:15
7954,865.82,18070.7,-2490.26,2026/01/29 23:42:15
7955,865.93,18014.3,-2501.81,2026/01/29 23:42:15
7956,866.04,17949.4,-2508.61,2026/01/29 23:42:15
7957,866.15,17911.1,-2514.32,2026/01/29 23:42:15
7958,866.26,17899,-2517.6,2026/01/29 23:42:15
7959,866.37,17921.2,-2512.34,2026/01/29 23:42:15
7960,866.48,17942.1,-2509.73,2026/01/29 23:42:15
7961,866.59,17997.3,-2503.99,2026/01/29 23:42:16
7962,866.69,18050,-2493.19,2026/01/29 23:42:16
7963,866.8,18063.1,-2493.68,2026/01/29 23:42:16
7964,866.91,17977.8,-2501.75,2026/01/29 23:42:16
7965,867.02,17905.6,-2517.87,2026/01/29 23:42:16
7966,867.13,17881.6,-2521.07,2026/01/29 23:42:16
7967,867.24,17878.6,-2521.39,2026/01/29 23:42:16
7968,867.35,17918.1,-2512.8,2026/01/29 23:42:16
7969,867.45,17937.2,-2511.24,2026/01/29 23:42:16
7970,867.56,17930.4,-2511.33,2026/01/29 23:42:16
7971,867.67,17956.1,-2509.42,2026/01/29 23:42:17
7972,867.78,18033.6,-2495.53,2026/01/29 23:42:17
7973,867.89,18060.6,-2491.77,2026/01/29 23:42:17
7974,868,18056.9,-2495.03,2026/01/29 23:42:17
7975,868.11,18064.5,-2493.32,2026/01/29 23:42:17
7976,868.22,18066.6,-2492.97,2026/01/29 23:42:17
7977,868.33,18073.1,-2492.51,2026/01/29 23:42:17
7978,868.43,18071.6,-2492.01,2026/01/29 23:42:17
7979,868.54,18077.3,-2491.84,2026/01/29 23:42:17
7980,868.65,18078.5,-2492.35,2026/01/29 23:42:18
7981,868.76,18080,-2491.22,2026/01/29 23:42:18
7982,868.87,18086.6,-2489.94,2026/01/29 23:42:18
7983,868.98,18080.9,-2493.97,2026/01/29 23:42:18
7984,869.09,18085.6,-2489.26,2026/01/29 23:42:18
7985,869.2,18084.3,-2491.55,2026/01/29 23:42:18
7986,869.3,18077.1,-2492.62,2026/01/29 23:42:18
7987,869.41,18073.1,-2491.17,2026/01/29 23:42:18
7988,869.52,18022.1,-2498.71,2026/01/29 23:42:18
7989,869.63,17889.2,-2520.47,2026/01/29 23:42:19
7990,869.74,17839.4,-2527.7,2026/01/29 23:42:19
7991,869.85,17876.3,-2524.07,2026/01/29 23:42:19
7992,869.96,17844.7,-2522.31,2026/01/29 23:42:19
7993,870.06,17660.4,-2548.89,2026/01/29 23:42:19
7994,870.17,17480.2,-2505.49,2026/01/29 23:42:19
7995,870.28,16977,-2472.79,2026/01/29 23:42:19
7996,870.39,16565.9,-2475.67,2026/01/29 23:42:19
7997,870.5,16377.5,-2503.88,2026/01/29 23:42:19
7998,870.61,16261.5,-2530,2026/01/29 23:42:20
7999,870.72,16572.9,-2589.85,2026/01/29 23:42:20
8000,870.83,17203.4,-2662.54,2026/01/29 23:42:20
8001,870.93,17617.7,-2605.97,2026/01/29 23:42:20
8002,871.04,17677.9,-2598.11,2026/01/29 23:42:20
8003,871.15,17709.6,-2593.29,2026/01/29 23:42:20
8004,871.26,17727.4,-2594.07,2026/01/29 23:42:20
8005,871.37,17770.3,-2585.91,2026/01/29 23:42:20
8006,871.48,17779.3,-2586.66,2026/01/29 23:42:20
8007,871.59,17799.1,-2582.88,2026/01/29 23:42:21
8008,871.7,17803.7,-2583.52,2026/01/29 23:42:21
8009,871.8,17809.4,-2581.52,2026/01/29 23:42:21
8010,871.91,17828.9,-2579.97,2026/01/29 23:42:21
8011,872.02,17826.5,-2579.72,2026/01/29 23:42:21
8012,872.13,17836,-2576.94,2026/01/29 23:42:21
8013,872.24,17837,-2578.02,2026/01/29 23:42:21
8014,872.35,17845.6,-2577.57,2026/01/29 23:42:21
8015,872.46,17850.4,-2575.29,2026/01/29 23:42:21
8016,872.57,17858.3,-2573.84,2026/01/29 23:42:21
8017,872.68,17858.7,-2573.14,2026/01/29 23:42:22
8018,872.79,17869,-2570.91,2026/01/29 23:42:22
8019,872.9,17872,-2570.7,2026/01/29 23:42:22
8020,873,17872.6,-2571.03,2026/01/29 23:42:22
8021,873.11,17877.7,-2567.91,2026/01/29 23:42:22
8022,873.22,17871,-2571.65,2026/01/29 23:42:22
8023,873.33,17873.6,-2568.2,2026/01/29 23:42:22
8024,873.44,17874.2,-2569.58,2026/01/29 23:42:22
8025,873.55,17871.3,-2569.13,2026/01/29 23:42:22
8026,873.65,17877.2,-2568.85,2026/01/29 23:42:23
8027,873.76,17874.7,-2568.72,2026/01/29 23:42:23
8028,873.87,17880.1,-2565.8,2026/01/29 23:42:23
8029,873.98,17879.2,-2565.71,2026/01/29 23:42:23
8030,874.09,17887.4,-2566.65,2026/01/29 23:42:23
8031,874.2,17886.7,-2565.34,2026/01/29 23:42:23
8032,874.31,17903.8,-2561.42,2026/01/29 23:42:23
8033,874.42,17908.9,-2562.06,2026/01/29 23:42:23
8034,874.53,17911.4,-2557.87,2026/01/29 23:42:23
8035,874.64,17913.9,-2559.94,2026/01/29 23:42:24
8036,874.74,17906.5,-2562.18,2026/01/29 23:42:24
8037,874.85,17906,-2560.34,2026/01/29 23:42:24
8038,874.96,17907.4,-2561.81,2026/01/29 23:42:24
8039,875.07,17907.7,-2559.82,2026/01/29 23:42:24
8040,875.18,17919.4,-2557.02,2026/01/29 23:42:24
8041,875.29,17922.5,-2558.83,2026/01/29 23:42:24
8042,875.4,17936.6,-2553.55,2026/01/29 23:42:24
8043,875.5,17918.4,-2558.51,2026/01/29 23:42:24
8044,875.61,17915.4,-2558.6,2026/01/29 23:42:25
8045,875.72,17902.7,-2560.19,2026/01/29 23:42:25
8046,875.83,17917.1,-2556.78,2026/01/29 23:42:25
8047,875.94,17924.1,-2556.87,2026/01/29 23:42:25
8048,876.05,17914.5,-2555.93,2026/01/29 23:42:25
8049,876.15,17906.4,-2558.67,2026/01/29 23:42:25
8050,876.26,17850.9,-2573.46,2026/01/29 23:42:25
8051,876.37,17779.8,-2583.26,2026/01/29 23:42:25
8052,876.48,17758.4,-2588.52,2026/01/29 23:42:25
8053,876.59,17760.6,-2589.75,2026/01/29 23:42:26
8054,876.7,17755.1,-2592.25,2026/01/29 23:42:26
8055,876.81,17738.5,-2596.76,2026/01/29 23:42:26
8056,876.92,17742.8,-2593.68,2026/01/29 23:42:26
8057,877.02,17725.7,-2592.53,2026/01/29 23:42:26
8058,877.13,17870.5,-2557.23,2026/01/29 23:42:26
8059,877.24,17916.6,-2549.4,2026/01/29 23:42:26
8060,877.35,17987.5,-2538.04,2026/01/29 23:42:26
8061,877.46,18002.9,-2538.68,2026/01/29 23:42:26
8062,877.57,18012.1,-2536.31,2026/01/29 23:42:26
8063,877.68,18016.7,-2539.03,2026/01/29 23:42:27
8064,877.79,18027.7,-2534.11,2026/01/29 23:42:27
8065,877.9,18042.4,-2533.82,2026/01/29 23:42:27
8066,878.01,18049.9,-2532.42,2026/01/29 23:42:27
8067,878.12,18062.5,-2528.62,2026/01/29 23:42:27
8068,878.22,18054.9,-2531.94,2026/01/29 23:42:27
8069,878.33,18058.7,-2531.57,2026/01/29 23:42:27
8070,878.44,18061.2,-2530.38,2026/01/29 23:42:27
8071,878.55,18064.8,-2531.33,2026/01/29 23:42:27
8072,878.66,18079,-2525.26,2026/01/29 23:42:28
8073,878.77,18099,-2523.18,2026/01/29 23:42:28
8074,878.88,18071.2,-2526.63,2026/01/29 23:42:28
8075,878.98,17973.3,-2543.55,2026/01/29 23:42:28
8076,879.09,17903.2,-2551.68,2026/01/29 23:42:28
8077,879.2,17832.1,-2562.61,2026/01/29 23:42:28
8078,879.31,17778.1,-2572.37,2026/01/29 23:42:28
8079,879.42,17684,-2603.21,2026/01/29 23:42:28
8080,879.53,17618.3,-2613.65,2026/01/29 23:42:28
8081,879.64,17619.1,-2611.62,2026/01/29 23:42:29
8082,879.75,17649,-2596.5,2026/01/29 23:42:29
8083,879.86,17909.4,-2540.72,2026/01/29 23:42:29
8084,879.96,18008.9,-2528.93,2026/01/29 23:42:29
8085,880.07,18030.4,-2529.33,2026/01/29 23:42:29
8086,880.18,18065.6,-2524.19,2026/01/29 23:42:29
8087,880.29,18075,-2525.57,2026/01/29 23:42:29
8088,880.4,18082.5,-2521.31,2026/01/29 23:42:29
8089,880.51,18085.6,-2523.34,2026/01/29 23:42:29
8090,880.62,18096.6,-2520.31,2026/01/29 23:42:30
8091,880.73,18092.5,-2522.17,2026/01/29 23:42:30
8092,880.83,18111,-2516.78,2026/01/29 23:42:30
8093,880.94,18123.2,-2514.44,2026/01/29 23:42:30
8094,881.05,18099,-2517.19,2026/01/29 23:42:30
8095,881.16,18024.3,-2528.83,2026/01/29 23:42:30
8096,881.27,17929.8,-2539.63,2026/01/29 23:42:30
8097,881.38,17874.2,-2547.32,2026/01/29 23:42:30
8098,881.49,17808.1,-2560.58,2026/01/29 23:42:30
8099,881.6,17680.2,-2593.4,2026/01/29 23:42:31
8100,881.7,17593.7,-2613.11,2026/01/29 23:42:31
8101,881.81,17605.2,-2608.48,2026/01/29 23:42:31
8102,881.92,17671.7,-2589.86,2026/01/29 23:42:31
8103,882.03,17794,-2561.09,2026/01/29 23:42:31
8104,882.14,17922.8,-2533.83,2026/01/29 23:42:31
8105,882.25,17991.4,-2530.47,2026/01/29 23:42:31
8106,882.36,18052.2,-2520.06,2026/01/29 23:42:31
8107,882.47,18061.4,-2520.52,2026/01/29 23:42:31
8108,882.58,18090.9,-2518.46,2026/01/29 23:42:31
8109,882.68,18096,-2518.24,2026/01/29 23:42:32
8110,882.79,18105,-2515.97,2026/01/29 23:42:32
8111,882.9,18111.3,-2517.62,2026/01/29 23:42:32
8112,883.01,18113.5,-2514.36,2026/01/29 23:42:32
8113,883.12,18123.9,-2512.28,2026/01/29 23:42:32
8114,883.23,18132.4,-2511.45,2026/01/29 23:42:32
8115,883.34,18142.1,-2505.44,2026/01/29 23:42:32
8116,883.45,18100,-2514.99,2026/01/29 23:42:32
8117,883.55,18017.6,-2524.86,2026/01/29 23:42:32
8118,883.66,17956.1,-2529.97,2026/01/29 23:42:33
8119,883.77,17901.3,-2540.3,2026/01/29 23:42:33
8120,883.88,17860.3,-2542.65,2026/01/29 23:42:33
8121,883.99,17793.4,-2561.2,2026/01/29 23:42:33
8122,884.1,17722.3,-2579.24,2026/01/29 23:42:33
8123,884.21,17538.9,-2605.98,2026/01/29 23:42:33
8124,884.32,17345.8,-2647.06,2026/01/29 23:42:33
8125,884.42,17239.4,-2639.78,2026/01/29 23:42:33
8126,884.53,17061,-2657.41,2026/01/29 23:42:33
8127,884.64,16953.8,-2648.66,2026/01/29 23:42:34
8128,884.75,16929.6,-2648.43,2026/01/29 23:42:34
8129,884.86,16858.9,-2650.18,2026/01/29 23:42:34
8130,884.97,16779.4,-2658.14,2026/01/29 23:42:34
8131,885.08,17181.4,-2654.45,2026/01/29 23:42:34
8132,885.19,17554.2,-2621.07,2026/01/29 23:42:34
8133,885.3,17763.4,-2579.13,2026/01/29 23:42:34
8134,885.4,17893.7,-2563.51,2026/01/29 23:42:34
8135,885.51,17908.4,-2561.7,2026/01/29 23:42:34
8136,885.62,17932.2,-2561.13,2026/01/29 23:42:35
8137,885.73,17946.7,-2558.61,2026/01/29 23:42:35
8138,885.84,17963.3,-2556.38,2026/01/29 23:42:35
8139,885.95,17969.3,-2556.18,2026/01/29 23:42:35
8140,886.06,17979.4,-2553.5,2026/01/29 23:42:35
8141,886.16,18014.8,-2547.61,2026/01/29 23:42:35
8142,886.27,17991.6,-2550.07,2026/01/29 23:42:35
8143,886.38,17868.6,-2567.09,2026/01/29 23:42:35
8144,886.49,17787.4,-2580.09,2026/01/29 23:42:35
8145,886.6,17727.4,-2590.45,2026/01/29 23:42:36
8146,886.71,17401.7,-2626.69,2026/01/29 23:42:36
8147,886.82,17194.6,-2651.07,2026/01/29 23:42:36
8148,886.93,17135.2,-2658.13,2026/01/29 23:42:36
8149,887.04,16969.6,-2668.19,2026/01/29 23:42:36
8150,887.14,16950.6,-2668.58,2026/01/29 23:42:36
8151,887.25,17225.5,-2640.16,2026/01/29 23:42:36
8152,887.36,17464.5,-2617.74,2026/01/29 23:42:36
8153,887.47,17727.4,-2578.31,2026/01/29 23:42:36
8154,887.58,17884.8,-2558.97,2026/01/29 23:42:36
8155,887.69,17913.6,-2558.97,2026/01/29 23:42:37
8156,887.8,17933.6,-2557.34,2026/01/29 23:42:37
8157,887.91,17956.6,-2555.85,2026/01/29 23:42:37
8158,888.01,17968.5,-2552.32,2026/01/29 23:42:37
8159,888.12,17978,-2554.45,2026/01/29 23:42:37
8160,888.23,17978.8,-2554.2,2026/01/29 23:42:37
8161,888.34,17992.1,-2550.62,2026/01/29 23:42:37
8162,888.45,17988.5,-2554.45,2026/01/29 23:42:37
8163,888.56,17996.3,-2550.53,2026/01/29 23:42:37
8164,888.67,18000.7,-2552.16,2026/01/29 23:42:38
8165,888.78,18011.3,-2547.98,2026/01/29 23:42:38
8166,888.88,18045.1,-2541.84,2026/01/29 23:42:38
8167,888.99,18019.5,-2543.43,2026/01/29 23:42:38
8168,889.1,17949.3,-2553.23,2026/01/29 23:42:38
8169,889.21,17821.8,-2570.97,2026/01/29 23:42:38
8170,889.32,17794.2,-2572.52,2026/01/29 23:42:38
8171,889.43,17741,-2585.47,2026/01/29 23:42:38
8172,889.54,17573.1,-2612.75,2026/01/29 23:42:38
8173,889.65,17366.2,-2629.72,2026/01/29 23:42:39
8174,889.75,17337.4,-2631.77,2026/01/29 23:42:39
8175,889.86,17358.3,-2630.97,2026/01/29 23:42:39
8176,889.97,17371,-2630.49,2026/01/29 23:42:39
8177,890.08,17393.7,-2625.17,2026/01/29 23:42:39
8178,890.19,17567.9,-2611.65,2026/01/29 23:42:39
8179,890.3,17807.9,-2562.32,2026/01/29 23:42:39
8180,890.41,17942.7,-2548.65,2026/01/29 23:42:39
8181,890.52,17960.5,-2549.62,2026/01/29 23:42:39
8182,890.62,17985.6,-2544.91,2026/01/29 23:42:40
8183,890.73,17991,-2547.31,2026/01/29 23:42:40
8184,890.84,18004,-2544.47,2026/01/29 23:42:40
8185,890.95,18012.6,-2544.82,2026/01/29 23:42:40
8186,891.06,18059.4,-2533.63,2026/01/29 23:42:40
8187,891.17,18024.7,-2538.45,2026/01/29 23:42:40
8188,891.28,17935.6,-2548.27,2026/01/29 23:42:40
8189,891.39,17849.4,-2560.5,2026/01/29 23:42:40
8190,891.5,17799.2,-2567.03,2026/01/29 23:42:40
8191,891.61,17734.6,-2579.54,2026/01/29 23:42:41
8192,891.71,17630.7,-2603,2026/01/29 23:42:41
8193,891.82,17524.8,-2612.73,2026/01/29 23:42:41
8194,891.93,17398.1,-2623.98,2026/01/29 23:42:41
8195,892.04,17314.5,-2636.73,2026/01/29 23:42:41
8196,892.15,17213.4,-2642.14,2026/01/29 23:42:41
8197,892.26,17561,-2608.65,2026/01/29 23:42:41
8198,892.37,17808.1,-2564.36,2026/01/29 23:42:41
8199,892.48,17929.8,-2552.99,2026/01/29 23:42:41
8200,892.59,17944.3,-2552.45,2026/01/29 23:42:42
8201,892.69,17961.3,-2551.83,2026/01/29 23:42:42
8202,892.8,17976.7,-2547.34,2026/01/29 23:42:42
8203,892.91,17981,-2548.52,2026/01/29 23:42:42
8204,893.02,17990.8,-2547.61,2026/01/29 23:42:42
8205,893.13,18008.2,-2543.71,2026/01/29 23:42:42
8206,893.24,18036.6,-2537.37,2026/01/29 23:42:42
8207,893.35,18028.4,-2539.18,2026/01/29 23:42:42
8208,893.46,17998.3,-2543.63,2026/01/29 23:42:42
8209,893.56,17941.2,-2548.15,2026/01/29 23:42:42
8210,893.67,17851.1,-2562.39,2026/01/29 23:42:43
8211,893.78,17801.8,-2567.4,2026/01/29 23:42:43
8212,893.89,17750.1,-2577.71,2026/01/29 23:42:43
8213,894,17669,-2591.96,2026/01/29 23:42:43
8214,894.11,17529.4,-2613.02,2026/01/29 23:42:43
8215,894.22,17476.6,-2611.56,2026/01/29 23:42:43
8216,894.32,17488.2,-2612.07,2026/01/29 23:42:43
8217,894.43,17542.6,-2608.58,2026/01/29 23:42:43
8218,894.54,17632.1,-2597.2,2026/01/29 23:42:43
8219,894.65,17738.7,-2574.4,2026/01/29 23:42:44
8220,894.76,17840.5,-2555.19,2026/01/29 23:42:44
8221,894.87,17916.7,-2552.91,2026/01/29 23:42:44
8222,894.98,17980.6,-2541.18,2026/01/29 23:42:44
8223,895.09,17981.8,-2544.16,2026/01/29 23:42:44
8224,895.2,17992.2,-2541.8,2026/01/29 23:42:44
8225,895.3,18007.6,-2540.78,2026/01/29 23:42:44
8226,895.41,18012.5,-2537.98,2026/01/29 23:42:44
8227,895.52,18026.2,-2538.55,2026/01/29 23:42:44
8228,895.63,18061.5,-2529.96,2026/01/29 23:42:45
8229,895.74,18065.1,-2527.97,2026/01/29 23:42:45
8230,895.85,18001,-2540.25,2026/01/29 23:42:45
8231,895.96,17967.2,-2538.38,2026/01/29 23:42:45
8232,896.07,17892.1,-2548.12,2026/01/29 23:42:45
8233,896.18,17827.5,-2558.13,2026/01/29 23:42:45
8234,896.28,17665.1,-2589.97,2026/01/29 23:42:45
8235,896.39,17360.6,-2625.83,2026/01/29 23:42:45
8236,896.5,17180.2,-2652.28,2026/01/29 23:42:45
8237,896.61,17163.7,-2654.1,2026/01/29 23:42:46
8238,896.72,17185.4,-2645.96,2026/01/29 23:42:46
8239,896.83,17335.2,-2622.58,2026/01/29 23:42:46
8240,896.94,17595.2,-2600.55,2026/01/29 23:42:46
8241,897.05,17792.7,-2563.72,2026/01/29 23:42:46
8242,897.16,17919.2,-2549.83,2026/01/29 23:42:46
8243,897.26,17960.3,-2547.49,2026/01/29 23:42:46
8244,897.37,17967.9,-2549.35,2026/01/29 23:42:46
8245,897.48,17983.4,-2546.03,2026/01/29 23:42:46
8246,897.59,17990.9,-2546.32,2026/01/29 23:42:47
8247,897.7,18004.9,-2544.51,2026/01/29 23:42:47
8248,897.81,18023.9,-2541.89,2026/01/29 23:42:47
8249,897.92,18057.2,-2531.29,2026/01/29 23:42:47
8250,898.03,18021.8,-2539.11,2026/01/29 23:42:47
8251,898.14,17890.3,-2553.48,2026/01/29 23:42:47
8252,898.25,17825.8,-2563.54,2026/01/29 23:42:47
8253,898.35,17756.5,-2574.59,2026/01/29 23:42:47
8254,898.46,17636.7,-2597.35,2026/01/29 23:42:47
8255,898.57,17436.1,-2611.54,2026/01/29 23:42:47
8256,898.68,17182.5,-2651.46,2026/01/29 23:42:48
8257,898.79,16968.6,-2666.29,2026/01/29 23:42:48
8258,898.9,16875.8,-2677.67,2026/01/29 23:42:48
8259,899.01,16852.3,-2691.39,2026/01/29 23:42:48
8260,899.12,17131.6,-2656.81,2026/01/29 23:42:48
8261,899.22,17389.1,-2621.2,2026/01/29 23:42:48
8262,899.33,17694.7,-2583.25,2026/01/29 23:42:48
8263,899.44,17827.1,-2569.8,2026/01/29 23:42:48
8264,899.55,17933.4,-2557.28,2026/01/29 23:42:48
8265,899.66,17957.6,-2556.27,2026/01/29 23:42:49
8266,899.77,17969.6,-2555.41,2026/01/29 23:42:49
8267,899.88,17986.4,-2552.58,2026/01/29 23:42:49
8268,899.99,17989.7,-2555.15,2026/01/29 23:42:49
8269,900.1,18004.3,-2551.37,2026/01/29 23:42:49
8270,900.2,18010.3,-2551.29,2026/01/29 23:42:49
8271,900.31,18067.4,-2538.28,2026/01/29 23:42:49
8272,900.42,18065.8,-2536.21,2026/01/29 23:42:49
8273,900.53,17981.5,-2550.6,2026/01/29 23:42:49
8274,900.64,17854.6,-2562.95,2026/01/29 23:42:50
8275,900.75,17804.2,-2570.04,2026/01/29 23:42:50
8276,900.86,17737.4,-2580.39,2026/01/29 23:42:50
8277,900.97,17511.6,-2609.7,2026/01/29 23:42:50
8278,901.08,17243,-2631.36,2026/01/29 23:42:50
8279,901.18,17121.2,-2653.96,2026/01/29 23:42:50
8280,901.29,17050.6,-2658.46,2026/01/29 23:42:50
8281,901.4,17048.9,-2659.06,2026/01/29 23:42:50
8282,901.51,17196.3,-2641.32,2026/01/29 23:42:50
8283,901.62,17374.8,-2613.33,2026/01/29 23:42:51
8284,901.73,17646.6,-2590.91,2026/01/29 23:42:51
8285,901.84,17798.9,-2567.25,2026/01/29 23:42:51
8286,901.95,17914.6,-2558.09,2026/01/29 23:42:51
8287,902.06,17978.7,-2548.73,2026/01/29 23:42:51
8288,902.17,17988.9,-2550.33,2026/01/29 23:42:51
8289,902.28,18002.6,-2549.01,2026/01/29 23:42:51
8290,902.38,18018.3,-2547.64,2026/01/29 23:42:51
8291,902.5,18025.4,-2542.52,2026/01/29 23:42:51
8292,902.6,18026.7,-2545.89,2026/01/29 23:42:52
8293,902.71,18037.8,-2541.68,2026/01/29 23:42:52
8294,902.82,18044.3,-2541.63,2026/01/29 23:42:52
8295,902.93,18053.7,-2540.8,2026/01/29 23:42:52
8296,903.04,18056.5,-2537.11,2026/01/29 23:42:52
8297,903.15,18055.1,-2540.68,2026/01/29 23:42:52
8298,903.25,18094.8,-2534.74,2026/01/29 23:42:52
8299,903.36,18146.5,-2524.61,2026/01/29 23:42:52
8300,903.47,18129.7,-2527.59,2026/01/29 23:42:52
8301,903.58,18125.4,-2530.65,2026/01/29 23:42:53
8302,903.69,18111.9,-2530.2,2026/01/29 23:42:53
8303,903.8,18119.2,-2530.75,2026/01/29 23:42:53
8304,903.91,18114.8,-2528.16,2026/01/29 23:42:53
8305,904.02,18123.3,-2522.09,2026/01/29 23:42:53
8306,904.13,18005.4,-2536.38,2026/01/29 23:42:53
8307,904.24,17884.7,-2557.99,2026/01/29 23:42:53
8308,904.35,17804.4,-2568.39,2026/01/29 23:42:53
8309,904.46,17755.9,-2569.75,2026/01/29 23:42:53
8310,904.56,17787.5,-2561.35,2026/01/29 23:42:53
8311,904.67,17961.2,-2529.15,2026/01/29 23:42:54
8312,904.78,17998.4,-2525.77,2026/01/29 23:42:54
8313,904.89,18017.4,-2525.6,2026/01/29 23:42:54
8314,905,18029.4,-2526.92,2026/01/29 23:42:54
8315,905.11,18029.6,-2525.44,2026/01/29 23:42:54
8316,905.21,18026.1,-2523.43,2026/01/29 23:42:54
8317,905.32,18014.9,-2527.8,2026/01/29 23:42:54
8318,905.43,18039.8,-2524.28,2026/01/29 23:42:54
8319,905.54,18064.3,-2524.44,2026/01/29 23:42:54
8320,905.65,18069.5,-2524.66,2026/01/29 23:42:55
8321,905.76,18045.3,-2528,2026/01/29 23:42:55
8322,905.87,18010.4,-2534.49,2026/01/29 23:42:55
8323,905.97,17987.1,-2534.94,2026/01/29 23:42:55
8324,906.08,17927.7,-2543.11,2026/01/29 23:42:55
8325,906.19,17883.2,-2545.1,2026/01/29 23:42:55
8326,906.3,17819.3,-2556.15,2026/01/29 23:42:55
8327,906.41,17772.2,-2559.57,2026/01/29 23:42:55
8328,906.52,17841.8,-2548.99,2026/01/29 23:42:55
8329,906.63,18031.3,-2520.56,2026/01/29 23:42:56
8330,906.74,18085.4,-2513.43,2026/01/29 23:42:56
8331,906.84,18099.5,-2512.69,2026/01/29 23:42:56
8332,906.95,18115.2,-2509.23,2026/01/29 23:42:56
8333,907.06,18112.6,-2511.62,2026/01/29 23:42:56
8334,907.17,18124.3,-2510.32,2026/01/29 23:42:56
8335,907.28,18123.8,-2509.01,2026/01/29 23:42:56
8336,907.39,18128.9,-2508.88,2026/01/29 23:42:56
8337,907.5,18131.9,-2507.37,2026/01/29 23:42:56
8338,907.61,18132.7,-2507.07,2026/01/29 23:42:57
8339,907.72,18136.9,-2508.58,2026/01/29 23:42:57
8340,907.82,18133.4,-2507.19,2026/01/29 23:42:57
8341,907.93,18135.5,-2510,2026/01/29 23:42:57
8342,908.04,18131.6,-2506.46,2026/01/29 23:42:57
8343,908.15,18137.5,-2503.83,2026/01/29 23:42:57
8344,908.26,18129.1,-2507.41,2026/01/29 23:42:57
8345,908.37,18138.5,-2505.74,2026/01/29 23:42:57
8346,908.48,18132.6,-2505.75,2026/01/29 23:42:57
8347,908.59,18139,-2504.33,2026/01/29 23:42:58
8348,908.7,18138.3,-2502.9,2026/01/29 23:42:58
8349,908.8,18136.3,-2506.8,2026/01/29 23:42:58
8350,908.91,18141.7,-2501.76,2026/01/29 23:42:58
8351,909.02,18135.9,-2504.81,2026/01/29 23:42:58
8352,909.13,18141.7,-2501.5,2026/01/29 23:42:58
8353,909.24,18139.9,-2505.9,2026/01/29 23:42:58
8354,909.35,18156.4,-2499.67,2026/01/29 23:42:58
8355,909.46,18143.2,-2503.99,2026/01/29 23:42:58
8356,909.56,18139.5,-2502.63,2026/01/29 23:42:58
8357,909.68,18141.2,-2503,2026/01/29 23:42:59
8358,909.78,18146.3,-2501.19,2026/01/29 23:42:59
8359,909.89,18156.8,-2496.98,2026/01/29 23:42:59
8360,910,18154.2,-2499.55,2026/01/29 23:42:59
8361,910.11,18157.4,-2497.86,2026/01/29 23:42:59
8362,910.22,18155.2,-2498.1,2026/01/29 23:42:59
8363,910.33,18164.6,-2497.47,2026/01/29 23:42:59
8364,910.44,18164.3,-2497.88,2026/01/29 23:42:59
8365,910.55,18163.7,-2497.36,2026/01/29 23:42:59
8366,910.66,18161.8,-2498.93,2026/01/29 23:43:00
8367,910.76,18165.7,-2496.24,2026/01/29 23:43:00
8368,910.87,18169.8,-2497.73,2026/01/29 23:43:00
8369,910.98,18168.6,-2495.56,2026/01/29 23:43:00
8370,911.09,18176,-2493.8,2026/01/29 23:43:00
8371,911.2,18164.3,-2498.38,2026/01/29 23:43:00
8372,911.31,18163.2,-2496.98,2026/01/29 23:43:00
8373,911.42,18084.9,-2510.07,2026/01/29 23:43:00
8374,911.53,17954.8,-2528.16,2026/01/29 23:43:00
8375,911.64,17840.1,-2536.33,2026/01/29 23:43:01
8376,911.75,17085.4,-2624.07,2026/01/29 23:43:01
8377,911.85,16294.7,-2541.83,2026/01/29 23:43:01
8378,911.96,15901.1,-2520.99,2026/01/29 23:43:01
8379,912.07,15809.4,-2510.33,2026/01/29 23:43:01
8380,912.18,16503.9,-2705.53,2026/01/29 23:43:01
8381,912.29,16981.8,-2672.79,2026/01/29 23:43:01
8382,912.4,17568.7,-2600.85,2026/01/29 23:43:01
8383,912.51,17745.8,-2572.4,2026/01/29 23:43:01
8384,912.62,17791.5,-2572.02,2026/01/29 23:43:02
8385,912.73,17819.8,-2568.65,2026/01/29 23:43:02
8386,912.84,17827.5,-2569.09,2026/01/29 23:43:02
8387,912.95,17840.7,-2568.56,2026/01/29 23:43:02
8388,913.05,17850.1,-2566.6,2026/01/29 23:43:02
8389,913.16,17857.5,-2568.62,2026/01/29 23:43:02
8390,913.27,17870.8,-2564.23,2026/01/29 23:43:02
8391,913.38,17870.8,-2566.46,2026/01/29 23:43:02
8392,913.49,17881.7,-2563.14,2026/01/29 23:43:02
8393,913.6,17885.6,-2565.92,2026/01/29 23:43:03
8394,913.71,17895.7,-2561.42,2026/01/29 23:43:03
8395,913.81,17900.6,-2562.81,2026/01/29 23:43:03
8396,913.92,17907.1,-2560.05,2026/01/29 23:43:03
8397,914.03,17910.7,-2561.31,2026/01/29 23:43:03
8398,914.14,17916,-2561.1,2026/01/29 23:43:03
8399,914.25,17926.7,-2557.51,2026/01/29 23:43:03
8400,914.36,17926,-2556.46,2026/01/29 23:43:03
8401,914.47,17935.3,-2557.1,2026/01/29 23:43:03
8402,914.57,17936.8,-2555.16,2026/01/29 23:43:03
8403,914.68,17937.1,-2556.89,2026/01/29 23:43:04
8404,914.79,17944.9,-2555.12,2026/01/29 23:43:04
8405,914.9,17944.4,-2555.29,2026/01/29 23:43:04
8406,915.01,17952.2,-2553.12,2026/01/29 23:43:04
8407,915.12,17950.3,-2555.46,2026/01/29 23:43:04
8408,915.22,17958.9,-2551.27,2026/01/29 23:43:04
8409,915.33,17957.4,-2552.84,2026/01/29 23:43:04
8410,915.44,17963.1,-2551.27,2026/01/29 23:43:04
8411,915.55,17963.1,-2551.08,2026/01/29 23:43:04
8412,915.66,17964.9,-2552.39,2026/01/29 23:43:05
8413,915.77,17972.7,-2548.21,2026/01/29 23:43:05
8414,915.88,17969.3,-2549.13,2026/01/29 23:43:05
8415,915.99,17975.9,-2548.16,2026/01/29 23:43:05
8416,916.09,17977.9,-2547.87,2026/01/29 23:43:05
8417,916.2,17982.1,-2546.8,2026/01/29 23:43:05
8418,916.31,17989.1,-2546.23,2026/01/29 23:43:05
8419,916.42,17987,-2544.65,2026/01/29 23:43:05
8420,916.53,17992.2,-2546.47,2026/01/29 23:43:05
8421,916.64,17992.8,-2544.54,2026/01/29 23:43:06
8422,916.75,18001.3,-2542.1,2026/01/29 23:43:06
8423,916.86,17997.2,-2544.4,2026/01/29 23:43:06
8424,916.97,18007.9,-2542.48,2026/01/29 23:43:06
8425,917.07,18004.5,-2541.24,2026/01/29 23:43:06
8426,917.18,18009.8,-2540.87,2026/01/29 23:43:06
8427,917.29,18012.1,-2540.33,2026/01/29 23:43:06
8428,917.4,18011.2,-2540.59,2026/01/29 23:43:06
8429,917.51,18019.5,-2539.91,2026/01/29 23:43:06
8430,917.62,18015.8,-2538.95,2026/01/29 23:43:07
8431,917.72,18022.3,-2535.86,2026/01/29 23:43:07
8432,917.83,18021.1,-2539.29,2026/01/29 23:43:07
8433,917.94,18025.7,-2535.99,2026/01/29 23:43:07
8434,918.05,18025.9,-2537.11,2026/01/29 23:43:07
8435,918.16,18028.7,-2536.68,2026/01/29 23:43:07
8436,918.27,18034.6,-2533.76,2026/01/29 23:43:07
8437,918.37,18029.6,-2536.78,2026/01/29 23:43:07
8438,918.48,18038.7,-2533.79,2026/01/29 23:43:07
8439,918.59,18036.8,-2533.41,2026/01/29 23:43:08
8440,918.7,18041.8,-2533.65,2026/01/29 23:43:08
8441,918.81,18042.9,-2532.98,2026/01/29 23:43:08
8442,918.92,18041.4,-2533.57,2026/01/29 23:43:08
8443,919.03,18049.2,-2531.35,2026/01/29 23:43:08
8444,919.13,18046.3,-2534,2026/01/29 23:43:08
8445,919.24,18052.7,-2528.23,2026/01/29 23:43:08
8446,919.35,18051,-2531.74,2026/01/29 23:43:08
8447,919.46,18054.3,-2529.81,2026/01/29 23:43:08
8448,919.57,18056.9,-2529.97,2026/01/29 23:43:08
8449,919.68,18053.8,-2530.15,2026/01/29 23:43:09
8450,919.78,18062,-2528.87,2026/01/29 23:43:09
8451,919.89,18056.6,-2528.72,2026/01/29 23:43:09
8452,920,18062.3,-2528.36,2026/01/29 23:43:09
8453,920.11,18064.1,-2526.45,2026/01/29 23:43:09
8454,920.22,18062.2,-2528.6,2026/01/29 23:43:09
8455,920.32,18068.5,-2525.18,2026/01/29 23:43:09
8456,920.43,18064.7,-2527.51,2026/01/29 23:43:09
8457,920.54,18069.9,-2523.33,2026/01/29 23:43:09
8458,920.65,18068.5,-2527.42,2026/01/29 23:43:10
8459,920.76,18071.7,-2524.29,2026/01/29 23:43:10
8460,920.87,18073.3,-2525.87,2026/01/29 23:43:10
8461,920.98,18072.6,-2524.48,2026/01/29 23:43:10
8462,921.08,18078.7,-2524.43,2026/01/29 23:43:10
8463,921.19,18073.4,-2525.58,2026/01/29 23:43:10
8464,921.3,18082.8,-2523.03,2026/01/29 23:43:10
8465,921.41,18079.1,-2522.75,2026/01/29 23:43:10
8466,921.52,18086.2,-2523,2026/01/29 23:43:10
8467,921.63,18082,-2521.45,2026/01/29 23:43:11
8468,921.74,18079.1,-2524.11,2026/01/29 23:43:11
8469,921.85,18068.6,-2526.86,2026/01/29 23:43:11
8470,921.95,18054.4,-2530.87,2026/01/29 23:43:11
8471,922.06,18074,-2522.92,2026/01/29 23:43:11
8472,922.17,18029.7,-2534.16,2026/01/29 23:43:11
8473,922.28,17933.9,-2542.16,2026/01/29 23:43:11
8474,922.39,17865.4,-2555.1,2026/01/29 23:43:11
8475,922.5,17465.1,-2606.28,2026/01/29 23:43:11
8476,922.61,16797.6,-2581.98,2026/01/29 23:43:12
8477,922.72,16241,-2531.31,2026/01/29 23:43:12
8478,922.82,15971.2,-2521.74,2026/01/29 23:43:12
8479,922.93,15931.1,-2527.84,2026/01/29 23:43:12
8480,923.04,15777.2,-2525.62,2026/01/29 23:43:12
8481,923.15,15824.1,-2528.77,2026/01/29 23:43:12
8482,923.26,15769.9,-2526.77,2026/01/29 23:43:12
8483,923.37,15931.1,-2553.2,2026/01/29 23:43:12
8484,923.48,16641.7,-2705.36,2026/01/29 23:43:12
8485,923.59,17151.4,-2642.93,2026/01/29 23:43:13
8486,923.7,17619.5,-2586.43,2026/01/29 23:43:13
8487,923.8,17778,-2566.06,2026/01/29 23:43:13
8488,923.91,17815.5,-2562.73,2026/01/29 23:43:13
8489,924.02,17837.7,-2564.96,2026/01/29 23:43:13
8490,924.13,17845.8,-2564.44,2026/01/29 23:43:13
8491,924.24,17861.2,-2562.07,2026/01/29 23:43:13
8492,924.35,17861.8,-2562.39,2026/01/29 23:43:13
8493,924.46,17867.9,-2562.63,2026/01/29 23:43:13
8494,924.56,17864.5,-2561.47,2026/01/29 23:43:13
8495,924.68,17856.4,-2564.3,2026/01/29 23:43:14
8496,924.78,17828,-2565.09,2026/01/29 23:43:14
8497,924.89,17658.1,-2592.83,2026/01/29 23:43:14
8498,925,17552.4,-2589.78,2026/01/29 23:43:14
8499,925.11,17124.5,-2643.16,2026/01/29 23:43:14
8500,925.22,16676.7,-2556.55,2026/01/29 23:43:14
8501,925.33,16154.6,-2513.19,2026/01/29 23:43:14
8502,925.44,15945.6,-2518.79,2026/01/29 23:43:14
8503,925.55,16004.9,-2530.73,2026/01/29 23:43:14
8504,925.66,16176.9,-2560.24,2026/01/29 23:43:15
8505,925.77,16414.8,-2605.56,2026/01/29 23:43:15
8506,925.87,16875.9,-2668.4,2026/01/29 23:43:15
8507,925.98,17508.1,-2596.34,2026/01/29 23:43:15
8508,926.09,17727.1,-2574.17,2026/01/29 23:43:15
8509,926.2,17807.7,-2561.93,2026/01/29 23:43:15
8510,926.31,17825,-2563.83,2026/01/29 23:43:15
8511,926.42,17839.6,-2562.06,2026/01/29 23:43:15
8512,926.53,17844.5,-2563.08,2026/01/29 23:43:15
8513,926.64,17856.8,-2559.87,2026/01/29 23:43:16
8514,926.75,17863.4,-2562.78,2026/01/29 23:43:16
8515,926.86,17899.1,-2552.08,2026/01/29 23:43:16
8516,926.97,17903.1,-2557.73,2026/01/29 23:43:16
8517,927.07,17924.6,-2552.46,2026/01/29 23:43:16
8518,927.18,17935.4,-2551.55,2026/01/29 23:43:16
8519,927.29,17940.9,-2552.18,2026/01/29 23:43:16
8520,927.4,17956.9,-2547.92,2026/01/29 23:43:16
8521,927.51,17978.2,-2544.29,2026/01/29 23:43:16
8522,927.62,17994.8,-2542.4,2026/01/29 23:43:17
8523,927.73,17999.8,-2541.69,2026/01/29 23:43:17
8524,927.84,18011.4,-2540.85,2026/01/29 23:43:17
8525,927.94,18020.4,-2537.89,2026/01/29 23:43:17
8526,928.05,18026.9,-2537.49,2026/01/29 23:43:17
8527,928.16,18037.6,-2536.18,2026/01/29 23:43:17
8528,928.27,18036,-2536.64,2026/01/29 23:43:17
8529,928.38,18047.1,-2532.55,2026/01/29 23:43:17
8530,928.49,18046.1,-2533.89,2026/01/29 23:43:17
8531,928.6,18059.4,-2530.22,2026/01/29 23:43:18
8532,928.71,18057,-2531.85,2026/01/29 23:43:18
8533,928.82,18068.3,-2530.01,2026/01/29 23:43:18
8534,928.92,18076.4,-2526.84,2026/01/29 23:43:18
8535,929.03,18086.6,-2526.36,2026/01/29 23:43:18
8536,929.14,18094.8,-2522.77,2026/01/29 23:43:18
8537,929.25,18103.9,-2521.78,2026/01/29 23:43:18
8538,929.36,18112.5,-2518.12,2026/01/29 23:43:18
8539,929.47,18054.8,-2529.08,2026/01/29 23:43:18
8540,929.58,17870.1,-2552.44,2026/01/29 23:43:18
8541,929.69,17751.4,-2572.28,2026/01/29 23:43:19
8542,929.8,17481.1,-2589.62,2026/01/29 23:43:19
8543,929.9,17069.8,-2636.07,2026/01/29 23:43:19
8544,930.01,16481.9,-2535.83,2026/01/29 23:43:19
8545,930.12,15931.3,-2515.89,2026/01/29 23:43:19
8546,930.23,15742.1,-2510.43,2026/01/29 23:43:19
8547,930.34,15680.1,-2502.91,2026/01/29 23:43:19
8548,930.45,15742.9,-2521.68,2026/01/29 23:43:19
8549,930.56,15811.3,-2537.02,2026/01/29 23:43:19
8550,930.67,15936.6,-2559.99,2026/01/29 23:43:20
8551,930.78,16161.4,-2607.47,2026/01/29 23:43:20
8552,930.89,16657.1,-2698.91,2026/01/29 23:43:20
8553,931,17202.5,-2637.58,2026/01/29 23:43:20
8554,931.11,17666.9,-2581.61,2026/01/29 23:43:20
8555,931.22,17881.1,-2550.81,2026/01/29 23:43:20
8556,931.33,17939.8,-2545.63,2026/01/29 23:43:20
8557,931.43,17977.3,-2537.69,2026/01/29 23:43:20
8558,931.54,17987.9,-2538.91,2026/01/29 23:43:20
8559,931.65,18006.9,-2533.81,2026/01/29 23:43:21
8560,931.76,17977.4,-2536.81,2026/01/29 23:43:21
8561,931.87,17884.1,-2552.34,2026/01/29 23:43:21
8562,931.98,17742.4,-2565.51,2026/01/29 23:43:21
8563,932.09,17633.5,-2581.75,2026/01/29 23:43:21
8564,932.2,17492.3,-2590.73,2026/01/29 23:43:21
8565,932.31,17172.9,-2611.21,2026/01/29 23:43:21
8566,932.42,16846.6,-2623.3,2026/01/29 23:43:21
8567,932.53,16285.3,-2540.21,2026/01/29 23:43:21
8568,932.64,15958.8,-2500.93,2026/01/29 23:43:22
8569,932.74,15886.8,-2524.46,2026/01/29 23:43:22
8570,932.85,15866.5,-2534.36,2026/01/29 23:43:22
8571,932.96,15782.8,-2543.06,2026/01/29 23:43:22
8572,933.07,15821.6,-2559.44,2026/01/29 23:43:22
8573,933.18,16202,-2700.54,2026/01/29 23:43:22
8574,933.29,16431.7,-2692.66,2026/01/29 23:43:22
8575,933.4,16954.5,-2650.57,2026/01/29 23:43:22
8576,933.51,17544.4,-2593.42,2026/01/29 23:43:22
8577,933.62,17886.1,-2538.67,2026/01/29 23:43:23
8578,933.73,18044.5,-2512.1,2026/01/29 23:43:23
8579,933.84,18105.9,-2502.8,2026/01/29 23:43:23
8580,933.95,18123.3,-2500.07,2026/01/29 23:43:23
8581,934.05,18141.4,-2493.81,2026/01/29 23:43:23
8582,934.16,18144.6,-2497.3,2026/01/29 23:43:23
8583,934.27,18174.6,-2487.71,2026/01/29 23:43:23
8584,934.38,18107.1,-2498.59,2026/01/29 23:43:23
8585,934.49,17943.8,-2520.26,2026/01/29 23:43:23
8586,934.6,17719.3,-2550.71,2026/01/29 23:43:24
8587,934.71,17294.9,-2589.72,2026/01/29 23:43:24
8588,934.82,16954.7,-2609.01,2026/01/29 23:43:24
8589,934.93,16651.2,-2629.43,2026/01/29 23:43:24
8590,935.04,16473.6,-2652.46,2026/01/29 23:43:24
8591,935.14,16421.7,-2660.97,2026/01/29 23:43:24
8592,935.25,16438.6,-2664.3,2026/01/29 23:43:24
8593,935.36,16573.4,-2666.58,2026/01/29 23:43:24
8594,935.47,17410.6,-2587.06,2026/01/29 23:43:24
8595,935.58,17661.8,-2567.28,2026/01/29 23:43:24
8596,935.69,17956.1,-2523.86,2026/01/29 23:43:25
8597,935.8,18105.7,-2498.81,2026/01/29 23:43:25
8598,935.91,18143.2,-2493.03,2026/01/29 23:43:25
8599,936.02,18160.5,-2486.06,2026/01/29 23:43:25
8600,936.12,18178.1,-2488.07,2026/01/29 23:43:25
8601,936.23,18199.3,-2482.32,2026/01/29 23:43:25
8602,936.34,18130.6,-2492.24,2026/01/29 23:43:25
8603,936.45,18041.5,-2503.97,2026/01/29 23:43:25
8604,936.56,17960.5,-2515.91,2026/01/29 23:43:25
8605,936.67,17721.6,-2553.72,2026/01/29 23:43:26
8606,936.78,17349.8,-2585.02,2026/01/29 23:43:26
8607,936.89,17051.1,-2586.95,2026/01/29 23:43:26
8608,937,16757.1,-2618.48,2026/01/29 23:43:26
8609,937.1,16534,-2641.7,2026/01/29 23:43:26
8610,937.21,16496,-2654.28,2026/01/29 23:43:26
8611,937.32,16636.5,-2641.83,2026/01/29 23:43:26
8612,937.43,17210.3,-2590.49,2026/01/29 23:43:26
8613,937.54,17616.8,-2557.33,2026/01/29 23:43:26
8614,937.65,17800.9,-2532.73,2026/01/29 23:43:27
8615,937.76,17984,-2511.83,2026/01/29 23:43:27
8616,937.87,18142.2,-2489.24,2026/01/29 23:43:27
8617,937.98,18217.9,-2480.3,2026/01/29 23:43:27
8618,938.09,18231.6,-2473.54,2026/01/29 23:43:27
8619,938.2,18235.6,-2475.61,2026/01/29 23:43:27
8620,938.3,18239.3,-2473.83,2026/01/29 23:43:27
8621,938.41,18257.3,-2468.87,2026/01/29 23:43:27
8622,938.52,18150.9,-2482.87,2026/01/29 23:43:27
8623,938.63,18055.3,-2495.97,2026/01/29 23:43:28
8624,938.74,17907,-2519.95,2026/01/29 23:43:28
8625,938.85,17506.8,-2565.52,2026/01/29 23:43:28
8626,938.96,17143.6,-2570.75,2026/01/29 23:43:28
8627,939.07,16822.9,-2601.36,2026/01/29 23:43:28
8628,939.17,16657.8,-2624.27,2026/01/29 23:43:28
8629,939.28,16664.5,-2628.98,2026/01/29 23:43:28
8630,939.39,16877.8,-2609.46,2026/01/29 23:43:28
8631,939.5,17302.8,-2573.36,2026/01/29 23:43:28
8632,939.61,17669.4,-2537.56,2026/01/29 23:43:29
8633,939.72,17874.6,-2519.95,2026/01/29 23:43:29
8634,939.83,18081.6,-2495.06,2026/01/29 23:43:29
8635,939.93,18197.5,-2482.82,2026/01/29 23:43:29
8636,940.04,18253.3,-2476.39,2026/01/29 23:43:29
8637,940.15,18266.5,-2472.49,2026/01/29 23:43:29
8638,940.26,18272.8,-2475.43,2026/01/29 23:43:29
8639,940.37,18270.4,-2472.88,2026/01/29 23:43:29
8640,940.48,18285.6,-2469,2026/01/29 23:43:29
8641,940.59,18283.5,-2469.52,2026/01/29 23:43:30
8642,940.69,18145.6,-2491.53,2026/01/29 23:43:30
8643,940.8,18047.4,-2501.16,2026/01/29 23:43:30
8644,940.91,17894.5,-2528.01,2026/01/29 23:43:30
8645,941.02,17560,-2568.4,2026/01/29 23:43:30
8646,941.13,17250.7,-2576.17,2026/01/29 23:43:30
8647,941.24,16927.2,-2598.55,2026/01/29 23:43:30
8648,941.35,16783.7,-2615.06,2026/01/29 23:43:30
8649,941.46,16931.5,-2603.67,2026/01/29 23:43:30
8650,941.57,17251.4,-2569.3,2026/01/29 23:43:30
8651,941.68,17741.1,-2510.15,2026/01/29 23:43:31
8652,941.79,17736.7,-2543.51,2026/01/29 23:43:31
8653,941.9,18045.2,-2494.04,2026/01/29 23:43:31
8654,942,18198.5,-2477.99,2026/01/29 23:43:31
8655,942.11,18247.1,-2473.01,2026/01/29 23:43:31
8656,942.22,18256.2,-2473.46,2026/01/29 23:43:31
8657,942.33,18268,-2471.81,2026/01/29 23:43:31
8658,942.44,18270.5,-2469.54,2026/01/29 23:43:31
8659,942.55,18283.4,-2471.85,2026/01/29 23:43:31
8660,942.66,18290.1,-2468.16,2026/01/29 23:43:32
8661,942.77,18291.4,-2466.93,2026/01/29 23:43:32
8662,942.88,18304.2,-2465.96,2026/01/29 23:43:32
8663,942.98,18240.9,-2469.9,2026/01/29 23:43:32
8664,943.09,18125.6,-2484.56,2026/01/29 23:43:32
8665,943.2,18055.8,-2497.53,2026/01/29 23:43:32
8666,943.31,18044.5,-2495.47,2026/01/29 23:43:32
8667,943.42,17938.7,-2516.66,2026/01/29 23:43:32
8668,943.53,17806.4,-2527,2026/01/29 23:43:32
8669,943.64,17730,-2530.15,2026/01/29 23:43:33
8670,943.75,17748.7,-2522.26,2026/01/29 23:43:33
8671,943.85,17903.5,-2490.99,2026/01/29 23:43:33
8672,943.96,17865.8,-2514.31,2026/01/29 23:43:33
8673,944.07,17988.2,-2503.25,2026/01/29 23:43:33
8674,944.18,18207.8,-2470.69,2026/01/29 23:43:33
8675,944.29,18301.7,-2457.9,2026/01/29 23:43:33
8676,944.4,18328.9,-2449.59,2026/01/29 23:43:33
8677,944.51,18434.1,-2439.27,2026/01/29 23:43:33
8678,944.62,18438.7,-2438.42,2026/01/29 23:43:34
8679,944.73,18445.2,-2435.89,2026/01/29 23:43:34
8680,944.84,18448.7,-2436.4,2026/01/29 23:43:34
8681,944.95,18459.4,-2435.6,2026/01/29 23:43:34
8682,945.05,18458.4,-2433.06,2026/01/29 23:43:34
8683,945.16,18431.8,-2430.77,2026/01/29 23:43:34
8684,945.27,18371.5,-2437.11,2026/01/29 23:43:34
8685,945.38,18339.9,-2428.33,2026/01/29 23:43:34
8686,945.49,18254.3,-2440.8,2026/01/29 23:43:34
8687,945.6,18215,-2440.37,2026/01/29 23:43:35
8688,945.71,18152.5,-2446.26,2026/01/29 23:43:35
8689,945.82,18069.7,-2448.96,2026/01/29 23:43:35
8690,945.92,18036,-2443.56,2026/01/29 23:43:35
8691,946.03,18003,-2446,2026/01/29 23:43:35
8692,946.14,18046,-2437.43,2026/01/29 23:43:35
8693,946.25,18138,-2422.12,2026/01/29 23:43:35
8694,946.36,18062.1,-2455.78,2026/01/29 23:43:35
8695,946.47,18077.6,-2460.55,2026/01/29 23:43:35
8696,946.58,18285.2,-2448.54,2026/01/29 23:43:35
8697,946.69,18417.3,-2433.45,2026/01/29 23:43:36
8698,946.8,18445,-2431.58,2026/01/29 23:43:36
8699,946.91,18459,-2431.98,2026/01/29 23:43:36
8700,947.01,18457.7,-2434.32,2026/01/29 23:43:36
8701,947.12,18461.6,-2429.23,2026/01/29 23:43:36
8702,947.23,18467.2,-2431.44,2026/01/29 23:43:36
8703,947.34,18444.5,-2428.08,2026/01/29 23:43:36
8704,947.45,18346.5,-2434.57,2026/01/29 23:43:36
8705,947.56,18262.2,-2442,2026/01/29 23:43:36
8706,947.67,18305.2,-2428.42,2026/01/29 23:43:37
8707,947.78,18234.9,-2438.84,2026/01/29 23:43:37
8708,947.89,18130.8,-2444.88,2026/01/29 23:43:37
8709,948,18083.2,-2445.37,2026/01/29 23:43:37
8710,948.11,18055.4,-2440.87,2026/01/29 23:43:37
8711,948.22,18064.2,-2437.35,2026/01/29 23:43:37
8712,948.33,18049.1,-2439.63,2026/01/29 23:43:37
8713,948.43,17988,-2449.18,2026/01/29 23:43:37
8714,948.54,17987.6,-2445.84,2026/01/29 23:43:37
8715,948.65,17943.3,-2454.85,2026/01/29 23:43:38
8716,948.76,17940,-2453.67,2026/01/29 23:43:38
8717,948.87,17975.7,-2447.25,2026/01/29 23:43:38
8718,948.98,18114.1,-2425.64,2026/01/29 23:43:38
8719,949.09,18045.1,-2459.73,2026/01/29 23:43:38
8720,949.2,18075.2,-2457.34,2026/01/29 23:43:38
8721,949.31,18214.9,-2449.47,2026/01/29 23:43:38
8722,949.41,18330.6,-2449.25,2026/01/29 23:43:38
8723,949.52,18433.1,-2434.61,2026/01/29 23:43:38
8724,949.63,18471.6,-2432.56,2026/01/29 23:43:39
8725,949.74,18485,-2431.88,2026/01/29 23:43:39
8726,949.85,18482.1,-2432.33,2026/01/29 23:43:39
8727,949.96,18497.6,-2426.61,2026/01/29 23:43:39
8728,950.07,18438.3,-2430.81,2026/01/29 23:43:39
8729,950.18,18308.7,-2434.87,2026/01/29 23:43:39
8730,950.28,18277.5,-2437.43,2026/01/29 23:43:39
8731,950.39,18306.1,-2427.74,2026/01/29 23:43:39
8732,950.5,18203.5,-2440.49,2026/01/29 23:43:39
8733,950.61,18100.2,-2448.92,2026/01/29 23:43:40
8734,950.72,18063.9,-2442.75,2026/01/29 23:43:40
8735,950.83,18016.7,-2449.08,2026/01/29 23:43:40
8736,950.94,17998.3,-2447.87,2026/01/29 23:43:40
8737,951.05,17996.4,-2446.17,2026/01/29 23:43:40
8738,951.16,17939.4,-2459.03,2026/01/29 23:43:40
8739,951.27,17918.1,-2455.16,2026/01/29 23:43:40
8740,951.37,17918.8,-2458.38,2026/01/29 23:43:40
8741,951.48,18027.6,-2442.66,2026/01/29 23:43:40
8742,951.59,18022.1,-2459.36,2026/01/29 23:43:41
8743,951.7,18130.7,-2450.76,2026/01/29 23:43:41
8744,951.81,18269.7,-2451.96,2026/01/29 23:43:41
8745,951.92,18416.7,-2434.94,2026/01/29 23:43:41
8746,952.03,18495.3,-2429.77,2026/01/29 23:43:41
8747,952.13,18511.5,-2426.82,2026/01/29 23:43:41
8748,952.24,18513.9,-2425.53,2026/01/29 23:43:41
8749,952.35,18507.2,-2429.59,2026/01/29 23:43:41
8750,952.46,18527.1,-2423.35,2026/01/29 23:43:41
8751,952.57,18498.9,-2423.14,2026/01/29 23:43:41
8752,952.68,18436.4,-2432.34,2026/01/29 23:43:42
8753,952.79,18348.7,-2431.75,2026/01/29 23:43:42
8754,952.9,18284.7,-2436.49,2026/01/29 23:43:42
8755,953.01,18334.7,-2422.79,2026/01/29 23:43:42
8756,953.11,18264.3,-2434.06,2026/01/29 23:43:42
8757,953.22,18202.8,-2443.09,2026/01/29 23:43:42
8758,953.33,18119.8,-2444.14,2026/01/29 23:43:42
8759,953.44,18100.8,-2438.8,2026/01/29 23:43:42
8760,953.55,18045.8,-2443.65,2026/01/29 23:43:42
8761,953.66,18002.6,-2446.93,2026/01/29 23:43:43
8762,953.77,18026.5,-2441.36,2026/01/29 23:43:43
8763,953.87,18087.1,-2437.8,2026/01/29 23:43:43
8764,953.98,18161.2,-2434.2,2026/01/29 23:43:43
8765,954.09,18048.1,-2467.84,2026/01/29 23:43:43
8766,954.2,18157.4,-2453.24,2026/01/29 23:43:43
8767,954.31,18297.3,-2449.16,2026/01/29 23:43:43
8768,954.42,18454.1,-2432.87,2026/01/29 23:43:43
8769,954.53,18506.6,-2429.11,2026/01/29 23:43:43
8770,954.63,18510.8,-2426.86,2026/01/29 23:43:44
8771,954.74,18515.8,-2429.97,2026/01/29 23:43:44
8772,954.85,18520.7,-2426.65,2026/01/29 23:43:44
8773,954.96,18535.7,-2424.38,2026/01/29 23:43:44
8774,955.07,18539.6,-2424.95,2026/01/29 23:43:44
8775,955.18,18520.3,-2422.13,2026/01/29 23:43:44
8776,955.29,18448.9,-2427.94,2026/01/29 23:43:44
8777,955.4,18373,-2430.31,2026/01/29 23:43:44
8778,955.51,18301.2,-2434.97,2026/01/29 23:43:44
8779,955.61,18343.6,-2421.54,2026/01/29 23:43:45
8780,955.72,18267.3,-2435.96,2026/01/29 23:43:45
8781,955.83,18139.5,-2446.47,2026/01/29 23:43:45
8782,955.94,18069.9,-2445.34,2026/01/29 23:43:45
8783,956.05,18022.3,-2443.99,2026/01/29 23:43:45
8784,956.16,17990.1,-2446.06,2026/01/29 23:43:45
8785,956.27,17973.7,-2452.54,2026/01/29 23:43:45
8786,956.38,18015.9,-2444.01,2026/01/29 23:43:45
8787,956.49,18106.4,-2433.37,2026/01/29 23:43:45
8788,956.6,18071,-2458.54,2026/01/29 23:43:46
8789,956.71,18102.9,-2454.98,2026/01/29 23:43:46
8790,956.81,18270.7,-2447.74,2026/01/29 23:43:46
8791,956.92,18423.1,-2436.99,2026/01/29 23:43:46
8792,957.03,18499.4,-2430.21,2026/01/29 23:43:46
8793,957.14,18525.4,-2426.1,2026/01/29 23:43:46
8794,957.25,18523.5,-2426.38,2026/01/29 23:43:46
8795,957.36,18529.7,-2425.02,2026/01/29 23:43:46
8796,957.47,18534.9,-2424.68,2026/01/29 23:43:46
8797,957.58,18475.9,-2418.14,2026/01/29 23:43:46
8798,957.69,18334.3,-2429.66,2026/01/29 23:43:47
8799,957.79,18373.3,-2414.61,2026/01/29 23:43:47
8800,957.9,18233.3,-2441.66,2026/01/29 23:43:47
8801,958.01,18141.2,-2447.08,2026/01/29 23:43:47
8802,958.12,18096.2,-2443.52,2026/01/29 23:43:47
8803,958.23,18062.2,-2446.86,2026/01/29 23:43:47
8804,958.34,18061.5,-2444.15,2026/01/29 23:43:47
8805,958.45,18065.3,-2444.73,2026/01/29 23:43:47
8806,958.55,18125.9,-2435.93,2026/01/29 23:43:47
8807,958.66,18184.1,-2436.31,2026/01/29 23:43:48
8808,958.77,18095,-2460.09,2026/01/29 23:43:48
8809,958.88,18087.9,-2462.66,2026/01/29 23:43:48
8810,958.99,18188.4,-2453.52,2026/01/29 23:43:48
8811,959.1,18326.2,-2449.16,2026/01/29 23:43:48
8812,959.21,18461.4,-2435.8,2026/01/29 23:43:48
8813,959.32,18512.1,-2428.07,2026/01/29 23:43:48
8814,959.42,18514.4,-2428.94,2026/01/29 23:43:48
8815,959.53,18520.1,-2429,2026/01/29 23:43:48
8816,959.64,18515.3,-2429.05,2026/01/29 23:43:49
8817,959.75,18520,-2428.53,2026/01/29 23:43:49
8818,959.86,18525.7,-2427.45,2026/01/29 23:43:49
8819,959.97,18534.2,-2429.03,2026/01/29 23:43:49
8820,960.08,18542.4,-2426.37,2026/01/29 23:43:49
8821,960.19,18540.1,-2427.17,2026/01/29 23:43:49
8822,960.3,18548.4,-2427.4,2026/01/29 23:43:49
8823,960.41,18542.9,-2427.52,2026/01/29 23:43:49
8824,960.52,18529.7,-2420.58,2026/01/29 23:43:49
8825,960.63,18471.6,-2433.4,2026/01/29 23:43:50
8826,960.73,18440,-2433.72,2026/01/29 23:43:50
8827,960.84,18404,-2441.24,2026/01/29 23:43:50
8828,960.95,18389.4,-2443.51,2026/01/29 23:43:50
8829,961.06,18400.6,-2442.69,2026/01/29 23:43:50
8830,961.17,18411.5,-2444.2,2026/01/29 23:43:50
8831,961.28,18405.8,-2442.75,2026/01/29 23:43:50
8832,961.39,18393.9,-2445.94,2026/01/29 23:43:50
8833,961.49,18397.1,-2443.06,2026/01/29 23:43:50
8834,961.6,18389.4,-2447.8,2026/01/29 23:43:51
8835,961.71,18384,-2446.95,2026/01/29 23:43:51
8836,961.82,18367.4,-2453.56,2026/01/29 23:43:51
8837,961.93,18363.2,-2452.16,2026/01/29 23:43:51
8838,962.04,18382.6,-2451.48,2026/01/29 23:43:51
8839,962.15,18375,-2453.05,2026/01/29 23:43:51
8840,962.25,18375.2,-2447.4,2026/01/29 23:43:51
8841,962.36,18349.2,-2452.86,2026/01/29 23:43:51
8842,962.47,18337.5,-2450.52,2026/01/29 23:43:51
8843,962.58,18172.1,-2455.04,2026/01/29 23:43:51
8844,962.69,17975.5,-2470.28,2026/01/29 23:43:52
8845,962.79,17932.3,-2465.44,2026/01/29 23:43:52
8846,962.9,17742.3,-2462.64,2026/01/29 23:43:52
8847,963.01,17243.4,-2428.36,2026/01/29 23:43:52
8848,963.12,16800.8,-2422.91,2026/01/29 23:43:52
8849,963.23,16470.7,-2473.2,2026/01/29 23:43:52
8850,963.34,16495.1,-2498.05,2026/01/29 23:43:52
8851,963.45,17202.1,-2602.44,2026/01/29 23:43:52
8852,963.56,17846.7,-2516.03,2026/01/29 23:43:52
8853,963.66,18056,-2492.94,2026/01/29 23:43:53
8854,963.77,18118.4,-2489.66,2026/01/29 23:43:53
8855,963.88,18141.3,-2490.93,2026/01/29 23:43:53
8856,963.99,18162.7,-2489.42,2026/01/29 23:43:53
8857,964.1,18169,-2487.6,2026/01/29 23:43:53
8858,964.21,18181.1,-2486.87,2026/01/29 23:43:53
8859,964.32,18190.4,-2484.88,2026/01/29 23:43:53
8860,964.43,18193,-2485.93,2026/01/29 23:43:53
8861,964.53,18205.2,-2483.71,2026/01/29 23:43:53
8862,964.64,18205.7,-2484.27,2026/01/29 23:43:54
8863,964.75,18218.2,-2480.84,2026/01/29 23:43:54
8864,964.86,18217.1,-2484.04,2026/01/29 23:43:54
8865,964.97,18225.8,-2480.04,2026/01/29 23:43:54
8866,965.08,18198.5,-2485.98,2026/01/29 23:43:54
8867,965.19,18166.5,-2494.79,2026/01/29 23:43:54
8868,965.3,18189.5,-2489.07,2026/01/29 23:43:54
8869,965.4,18208,-2487.09,2026/01/29 23:43:54
8870,965.51,18234,-2477.77,2026/01/29 23:43:54
8871,965.62,18238.4,-2476.18,2026/01/29 23:43:55
8872,965.73,18249.2,-2475.31,2026/01/29 23:43:55
8873,965.84,18251,-2474.12,2026/01/29 23:43:55
8874,965.95,18248.6,-2473.34,2026/01/29 23:43:55
8875,966.06,18253.4,-2474.3,2026/01/29 23:43:55
8876,966.16,18251.9,-2474.36,2026/01/29 23:43:55
8877,966.27,18256.2,-2471.96,2026/01/29 23:43:55
8878,966.38,18246.6,-2478.27,2026/01/29 23:43:55
8879,966.49,18240.1,-2475.11,2026/01/29 23:43:55
8880,966.6,18132.1,-2494.1,2026/01/29 23:43:56
8881,966.71,17968.5,-2512.02,2026/01/29 23:43:56
8882,966.81,17815.9,-2530.28,2026/01/29 23:43:56
8883,966.92,17553.3,-2562.64,2026/01/29 23:43:56
8884,967.03,17120.7,-2554.38,2026/01/29 23:43:56
8885,967.14,16544.2,-2525.73,2026/01/29 23:43:56
8886,967.25,16286.8,-2488.56,2026/01/29 23:43:56
8887,967.36,15990.3,-2499.25,2026/01/29 23:43:56
8888,967.47,16004.3,-2506.73,2026/01/29 23:43:56
8889,967.58,16376.6,-2607.65,2026/01/29 23:43:56
8890,967.68,17377.3,-2594.17,2026/01/29 23:43:57
8891,967.79,17888.5,-2524.43,2026/01/29 23:43:57
8892,967.9,18045.8,-2505.77,2026/01/29 23:43:57
8893,968.01,18086.6,-2503.34,2026/01/29 23:43:57
8894,968.12,18101.7,-2502.54,2026/01/29 23:43:57
8895,968.23,18127.6,-2496.6,2026/01/29 23:43:57
8896,968.34,18131.8,-2499.9,2026/01/29 23:43:57
8897,968.44,18149.6,-2496.31,2026/01/29 23:43:57
8898,968.55,18155.3,-2493.15,2026/01/29 23:43:57
8899,968.66,18170,-2497.95,2026/01/29 23:43:58
8900,968.77,18189.9,-2492.73,2026/01/29 23:43:58
8901,968.88,18190.9,-2492.34,2026/01/29 23:43:58
8902,968.99,18206.8,-2488.98,2026/01/29 23:43:58
8903,969.1,18216.4,-2489.85,2026/01/29 23:43:58
8904,969.21,18225.5,-2487.63,2026/01/29 23:43:58
8905,969.31,18235.5,-2487.57,2026/01/29 23:43:58
8906,969.42,18237.1,-2485.19,2026/01/29 23:43:58
8907,969.53,18248.3,-2485.56,2026/01/29 23:43:58
8908,969.64,18249.6,-2484.21,2026/01/29 23:43:59
8909,969.75,18262.1,-2480.38,2026/01/29 23:43:59
8910,969.86,18257.9,-2482.1,2026/01/29 23:43:59
8911,969.97,18271.1,-2480.06,2026/01/29 23:43:59
8912,970.07,18269,-2476.99,2026/01/29 23:43:59
8913,970.18,18282.9,-2480.06,2026/01/29 23:43:59
8914,970.29,18288.2,-2474.96,2026/01/29 23:43:59
8915,970.4,18288.4,-2476.42,2026/01/29 23:43:59
8916,970.51,18298.6,-2474.31,2026/01/29 23:43:59
8917,970.62,18298.6,-2474.64,2026/01/29 23:44:00
8918,970.73,18306.4,-2471.73,2026/01/29 23:44:00
8919,970.83,18312,-2471.87,2026/01/29 23:44:00
8920,970.94,18313.7,-2469.83,2026/01/29 23:44:00
8921,971.05,18322.7,-2470.01,2026/01/29 23:44:00
8922,971.16,18320.5,-2468.9,2026/01/29 23:44:00
8923,971.27,18331.7,-2464.88,2026/01/29 23:44:00
8924,971.38,18329.9,-2466.57,2026/01/29 23:44:00
8925,971.48,18339.2,-2463.35,2026/01/29 23:44:00
8926,971.59,18339.9,-2463.34,2026/01/29 23:44:01
8927,971.7,18344.5,-2464.19,2026/01/29 23:44:01
8928,971.81,18352.9,-2459.66,2026/01/29 23:44:01
8929,971.92,18351.9,-2460.11,2026/01/29 23:44:01
8930,972.03,18359.3,-2458.13,2026/01/29 23:44:01
8931,972.14,18360.7,-2456.68,2026/01/29 23:44:01
8932,972.24,18365.9,-2456.23,2026/01/29 23:44:01
8933,972.35,18370.7,-2454.45,2026/01/29 23:44:01
8934,972.46,18372.4,-2451.99,2026/01/29 23:44:01
8935,972.57,18384.2,-2449.77,2026/01/29 23:44:01
8936,972.68,18395.4,-2453.61,2026/01/29 23:44:02
8937,972.79,18481.4,-2432.1,2026/01/29 23:44:02
8938,972.9,18474.2,-2436.23,2026/01/29 23:44:02
8939,973,18481.3,-2432.07,2026/01/29 23:44:02
8940,973.11,18482.3,-2434.01,2026/01/29 23:44:02
8941,973.22,18479.2,-2432.54,2026/01/29 23:44:02
8942,973.33,18474.1,-2430.29,2026/01/29 23:44:02
8943,973.44,18465,-2434.4,2026/01/29 23:44:02
8944,973.55,18473.3,-2433.84,2026/01/29 23:44:02
8945,973.65,18483.4,-2432.97,2026/01/29 23:44:03
8946,973.76,18546.3,-2429.49,2026/01/29 23:44:03
8947,973.87,18553.7,-2426.7,2026/01/29 23:44:03
8948,973.98,18556.5,-2425.91,2026/01/29 23:44:03
8949,974.09,18559.5,-2425.43,2026/01/29 23:44:03
8950,974.2,18535.3,-2424.77,2026/01/29 23:44:03
8951,974.31,18532.5,-2423.8,2026/01/29 23:44:03
8952,974.42,18518.5,-2426.64,2026/01/29 23:44:03
8953,974.52,18528.8,-2422.78,2026/01/29 23:44:03
8954,974.63,18517.2,-2426,2026/01/29 23:44:04
8955,974.74,18542.9,-2424.45,2026/01/29 23:44:04
8956,974.85,18553.2,-2422.55,2026/01/29 23:44:04
8957,974.96,18549.6,-2423.82,2026/01/29 23:44:04
8958,975.07,18551.7,-2417.04,2026/01/29 23:44:04
8959,975.18,18573,-2404.32,2026/01/29 23:44:04
8960,975.28,18589.9,-2392.75,2026/01/29 23:44:04
8961,975.39,18543.2,-2380,2026/01/29 23:44:04
8962,975.5,18469.3,-2376.94,2026/01/29 23:44:04
8963,975.61,17744.2,-2390.78,2026/01/29 23:44:05
8964,975.72,16632.4,-2502.6,2026/01/29 23:44:05
8965,975.83,16292.1,-2477,2026/01/29 23:44:05
8966,975.94,16203.2,-2468.4,2026/01/29 23:44:05
8967,976.05,16197.9,-2476.42,2026/01/29 23:44:05
8968,976.16,16290.6,-2468.26,2026/01/29 23:44:05
8969,976.26,16351.1,-2472.72,2026/01/29 23:44:05
8970,976.37,16348.9,-2486.45,2026/01/29 23:44:05
8971,976.48,16523.6,-2479.71,2026/01/29 23:44:05
8972,976.59,16679.9,-2504.89,2026/01/29 23:44:06
8973,976.7,16735.7,-2512.3,2026/01/29 23:44:06
8974,976.81,16766.7,-2507.89,2026/01/29 23:44:06
8975,976.92,16781.8,-2503,2026/01/29 23:44:06
8976,977.03,16800.7,-2492.1,2026/01/29 23:44:06
8977,977.14,16823.4,-2488.95,2026/01/29 23:44:06
8978,977.24,16865.7,-2477.08,2026/01/29 23:44:06
8979,977.35,16866.5,-2476.1,2026/01/29 23:44:06
8980,977.46,16849.9,-2472.08,2026/01/29 23:44:06
8981,977.57,16847.9,-2475.68,2026/01/29 23:44:06
8982,977.68,16859.3,-2468.68,2026/01/29 23:44:07
8983,977.79,16857.4,-2470,2026/01/29 23:44:07
8984,977.9,16869.9,-2465.12,2026/01/29 23:44:07
8985,978,16908,-2457.89,2026/01/29 23:44:07
8986,978.11,16914.9,-2458.34,2026/01/29 23:44:07
8987,978.22,16946.8,-2456.95,2026/01/29 23:44:07
8988,978.33,16982.7,-2451.57,2026/01/29 23:44:07
8989,978.44,16998,-2449.64,2026/01/29 23:44:07
8990,978.55,17005.5,-2446.11,2026/01/29 23:44:07
8991,978.66,17003.2,-2449.47,2026/01/29 23:44:08
8992,978.77,17011.6,-2445.34,2026/01/29 23:44:08
8993,978.88,17011.1,-2446.02,2026/01/29 23:44:08
8994,978.98,17014,-2443.22,2026/01/29 23:44:08
8995,979.09,17004.2,-2447.41,2026/01/29 23:44:08
8996,979.2,16997.6,-2446.04,2026/01/29 23:44:08
8997,979.31,16989.9,-2449.65,2026/01/29 23:44:08
8998,979.42,17002.8,-2443.86,2026/01/29 23:44:08
8999,979.53,17004.2,-2444.82,2026/01/29 23:44:08
9000,979.64,17004.1,-2444.82,2026/01/29 23:44:09
9001,979.74,17007.1,-2441.8,2026/01/29 23:44:09
9002,979.85,16999.9,-2443.21,2026/01/29 23:44:09
9003,979.96,17005.7,-2441.84,2026/01/29 23:44:09
9004,980.07,17001.1,-2440.34,2026/01/29 23:44:09
9005,980.18,17004.5,-2440.51,2026/01/29 23:44:09
9006,980.29,17003.5,-2439,2026/01/29 23:44:09
9007,980.4,17001.2,-2439,2026/01/29 23:44:09
9008,980.51,17006.4,-2438.29,2026/01/29 23:44:09
9009,980.61,17001.3,-2436.73,2026/01/29 23:44:10
9010,980.72,17005.3,-2433.79,2026/01/29 23:44:10
9011,980.83,16999.7,-2436.86,2026/01/29 23:44:10
9012,980.94,17002,-2433.99,2026/01/29 23:44:10
9013,981.05,17002,-2435.73,2026/01/29 23:44:10
9014,981.15,16996.6,-2435.85,2026/01/29 23:44:10
9015,981.26,16982.3,-2436.19,2026/01/29 23:44:10
9016,981.37,16922.2,-2443.14,2026/01/29 23:44:10
9017,981.48,16617.3,-2471.69,2026/01/29 23:44:10
9018,981.59,16243.2,-2489.49,2026/01/29 23:44:11
9019,981.7,16027.7,-2480.02,2026/01/29 23:44:11
9020,981.81,15915.8,-2457.07,2026/01/29 23:44:11
9021,981.92,15719.5,-2462.39,2026/01/29 23:44:11
9022,982.03,14947.2,-2626.56,2026/01/29 23:44:11
9023,982.13,14856.3,-2665.9,2026/01/29 23:44:11
9024,982.24,16166.2,-2581.11,2026/01/29 23:44:11
9025,982.35,16666.4,-2477.46,2026/01/29 23:44:11
9026,982.46,16865.3,-2435.84,2026/01/29 23:44:11
9027,982.57,16958.6,-2419.75,2026/01/29 23:44:11
9028,982.68,17017,-2410.94,2026/01/29 23:44:12
9029,982.79,17051.6,-2404.14,2026/01/29 23:44:12
9030,982.89,17073.7,-2402.06,2026/01/29 23:44:12
9031,983,17087.6,-2396.16,2026/01/29 23:44:12
9032,983.11,17035.1,-2406.03,2026/01/29 23:44:12
9033,983.22,16872,-2425.24,2026/01/29 23:44:12
9034,983.33,16501.2,-2464.26,2026/01/29 23:44:12
9035,983.44,15738.3,-2568.58,2026/01/29 23:44:12
9036,983.55,14604,-2639.64,2026/01/29 23:44:12
9037,983.66,14343.1,-2631.67,2026/01/29 23:44:13
9038,983.76,14429.9,-2664.37,2026/01/29 23:44:13
9039,983.87,14845.4,-2717.46,2026/01/29 23:44:13
9040,983.98,15613.3,-2789.31,2026/01/29 23:44:13
9041,984.09,16607.6,-2654.98,2026/01/29 23:44:13
9042,984.2,17240.5,-2571.39,2026/01/29 23:44:13
9043,984.31,17692.6,-2528.95,2026/01/29 23:44:13
9044,984.42,17861.3,-2523.88,2026/01/29 23:44:13
9045,984.53,17891.5,-2523.03,2026/01/29 23:44:13
9046,984.63,17911.4,-2523.61,2026/01/29 23:44:14
9047,984.74,17923.2,-2520.39,2026/01/29 23:44:14
9048,984.85,17929.2,-2520.62,2026/01/29 23:44:14
9049,984.96,17938.7,-2518.94,2026/01/29 23:44:14
9050,985.07,17863.6,-2533.58,2026/01/29 23:44:14
9051,985.18,17805,-2523.67,2026/01/29 23:44:14
9052,985.28,17767.1,-2513.37,2026/01/29 23:44:14
9053,985.39,17288.3,-2582.19,2026/01/29 23:44:14
9054,985.5,17118.4,-2600.4,2026/01/29 23:44:14
9055,985.61,17078.9,-2610.75,2026/01/29 23:44:15
9056,985.72,17233.1,-2585.9,2026/01/29 23:44:15
9057,985.83,17485.3,-2555.05,2026/01/29 23:44:15
9058,985.94,17774.1,-2538.47,2026/01/29 23:44:15
9059,986.04,17794.1,-2538.13,2026/01/29 23:44:15
9060,986.15,17809.9,-2543.52,2026/01/29 23:44:15
9061,986.26,17838.7,-2536.07,2026/01/29 23:44:15
9062,986.37,17948.9,-2517.58,2026/01/29 23:44:15
9063,986.48,18003.3,-2508.25,2026/01/29 23:44:15
9064,986.59,18030.1,-2510.38,2026/01/29 23:44:16
9065,986.7,18170.2,-2490.07,2026/01/29 23:44:16
9066,986.81,18286,-2475.75,2026/01/29 23:44:16
9067,986.92,18261.5,-2482.32,2026/01/29 23:44:16
9068,987.02,18268.8,-2484.42,2026/01/29 23:44:16
9069,987.13,18294.9,-2476.18,2026/01/29 23:44:16
9070,987.24,18323.3,-2473.05,2026/01/29 23:44:16
9071,987.35,18238,-2478.96,2026/01/29 23:44:16
9072,987.46,18166.8,-2483.46,2026/01/29 23:44:16
9073,987.57,18079.6,-2496.76,2026/01/29 23:44:16
9074,987.68,18096.2,-2493.22,2026/01/29 23:44:17
9075,987.78,18076.8,-2495.15,2026/01/29 23:44:17
9076,987.89,18060.4,-2499.57,2026/01/29 23:44:17
9077,988,18057.7,-2495.58,2026/01/29 23:44:17
9078,988.11,18040.4,-2502.67,2026/01/29 23:44:17
9079,988.22,18040.1,-2501.11,2026/01/29 23:44:17
9080,988.33,17984.7,-2514.82,2026/01/29 23:44:17
9081,988.44,18269.3,-2474,2026/01/29 23:44:17
9082,988.54,18372.7,-2465.08,2026/01/29 23:44:17
9083,988.65,18387.1,-2461.58,2026/01/29 23:44:18
9084,988.76,18387.5,-2462.64,2026/01/29 23:44:18
9085,988.87,18399.5,-2458.47,2026/01/29 23:44:18
9086,988.98,18425.1,-2455.02,2026/01/29 23:44:18
9087,989.09,18376.9,-2456.02,2026/01/29 23:44:18
9088,989.2,18285.7,-2462.6,2026/01/29 23:44:18
9089,989.3,18171.5,-2481.13,2026/01/29 23:44:18
9090,989.41,18156.5,-2480.46,2026/01/29 23:44:18
9091,989.52,18119.1,-2480.67,2026/01/29 23:44:18
9092,989.63,18083.9,-2487.91,2026/01/29 23:44:19
9093,989.74,18064.1,-2488.66,2026/01/29 23:44:19
9094,989.85,18061.7,-2490.06,2026/01/29 23:44:19
9095,989.96,18077.3,-2483.12,2026/01/29 23:44:19
9096,990.06,18022.8,-2499.63,2026/01/29 23:44:19
9097,990.17,18350.3,-2457.72,2026/01/29 23:44:19
9098,990.28,18437.7,-2452.22,2026/01/29 23:44:19
9099,990.39,18423.2,-2452.89,2026/01/29 23:44:19
9100,990.5,18433,-2450.86,2026/01/29 23:44:19
9101,990.61,18439.3,-2448.48,2026/01/29 23:44:20
9102,990.72,18454.3,-2444.22,2026/01/29 23:44:20
9103,990.83,18451.8,-2447.56,2026/01/29 23:44:20
9104,990.93,18470.8,-2435.11,2026/01/29 23:44:20
9105,991.04,18335,-2450.99,2026/01/29 23:44:20
9106,991.15,18231.7,-2465.34,2026/01/29 23:44:20
9107,991.26,18212.4,-2465.68,2026/01/29 23:44:20
9108,991.37,18185.8,-2467.15,2026/01/29 23:44:20
9109,991.48,18153,-2468.95,2026/01/29 23:44:20
9110,991.59,18138.6,-2471.17,2026/01/29 23:44:21
9111,991.7,18064.1,-2482.28,2026/01/29 23:44:21
9112,991.8,18277.4,-2458.86,2026/01/29 23:44:21
9113,991.91,18556.1,-2422.54,2026/01/29 23:44:21
9114,992.02,18530.5,-2426.71,2026/01/29 23:44:21
9115,992.13,18551.2,-2427.77,2026/01/29 23:44:21
9116,992.24,18563.2,-2425.02,2026/01/29 23:44:21
9117,992.35,18562.1,-2426.13,2026/01/29 23:44:21
9118,992.46,18580.2,-2423.27,2026/01/29 23:44:21
9119,992.56,18580.7,-2426.07,2026/01/29 23:44:21
9120,992.67,18590.5,-2421.16,2026/01/29 23:44:22
9121,992.78,18591.3,-2424.9,2026/01/29 23:44:22
9122,992.89,18595.7,-2422.38,2026/01/29 23:44:22
9123,993,18594.4,-2424.02,2026/01/29 23:44:22
9124,993.11,18597.5,-2423.07,2026/01/29 23:44:22
9125,993.22,18606.3,-2421.27,2026/01/29 23:44:22
9126,993.33,18603.5,-2424.08,2026/01/29 23:44:22
9127,993.44,18610.5,-2421.07,2026/01/29 23:44:22
9128,993.54,18605.5,-2424.03,2026/01/29 23:44:22
9129,993.65,18606.7,-2419.15,2026/01/29 23:44:23
9130,993.76,18427.6,-2417.73,2026/01/29 23:44:23
9131,993.87,18311.8,-2405.69,2026/01/29 23:44:23
9132,993.98,18159.8,-2429.99,2026/01/29 23:44:23
9133,994.09,18154.6,-2429.23,2026/01/29 23:44:23
9134,994.2,18152.9,-2425.35,2026/01/29 23:44:23
9135,994.31,18147.3,-2427.01,2026/01/29 23:44:23
9136,994.41,18149.9,-2425.27,2026/01/29 23:44:23
9137,994.52,18145.5,-2429.66,2026/01/29 23:44:23
9138,994.63,18148.7,-2426.37,2026/01/29 23:44:24
9139,994.74,18158.6,-2427.5,2026/01/29 23:44:24
9140,994.85,18158.3,-2426.42,2026/01/29 23:44:24
9141,994.96,18166,-2426.06,2026/01/29 23:44:24
9142,995.06,18162.1,-2429.42,2026/01/29 23:44:24
9143,995.17,18166.4,-2425.82,2026/01/29 23:44:24
9144,995.28,18164.2,-2429.34,2026/01/29 23:44:24
9145,995.39,18162.3,-2428.12,2026/01/29 23:44:24
9146,995.5,18144.9,-2430.07,2026/01/29 23:44:24
9147,995.61,18159.5,-2427.88,2026/01/29 23:44:25
9148,995.72,18178.4,-2424.47,2026/01/29 23:44:25
9149,995.82,18177.6,-2425.23,2026/01/29 23:44:25
9150,995.93,18180.5,-2426.26,2026/01/29 23:44:25
9151,996.04,18170.8,-2424.9,2026/01/29 23:44:25
9152,996.15,18167,-2421.82,2026/01/29 23:44:25
9153,996.26,18149.7,-2418.73,2026/01/29 23:44:25
9154,996.37,18104.5,-2423.81,2026/01/29 23:44:25
9155,996.47,18012.1,-2433.39,2026/01/29 23:44:25
9156,996.58,17893.9,-2447.73,2026/01/29 23:44:26
9157,996.69,17295.9,-2422.01,2026/01/29 23:44:26
9158,996.8,16321.5,-2466.64,2026/01/29 23:44:26
9159,996.91,15296.8,-2491.14,2026/01/29 23:44:26
9160,997.02,14446.8,-2511.57,2026/01/29 23:44:26
9161,997.13,14500.7,-2558.63,2026/01/29 23:44:26
9162,997.24,16201.1,-2561,2026/01/29 23:44:26
9163,997.35,16876.3,-2552.5,2026/01/29 23:44:26
9164,997.46,17254.5,-2562.72,2026/01/29 23:44:26
9165,997.56,17413.1,-2547.94,2026/01/29 23:44:26
9166,997.67,17511.1,-2536.66,2026/01/29 23:44:27
9167,997.78,17579.5,-2529.24,2026/01/29 23:44:27
9168,997.89,17619.1,-2523.46,2026/01/29 23:44:27
9169,998,17652,-2516.04,2026/01/29 23:44:27
9170,998.11,17672,-2517.41,2026/01/29 23:44:27
9171,998.22,17672.6,-2522.14,2026/01/29 23:44:27
9172,998.33,17720.4,-2520.82,2026/01/29 23:44:27
9173,998.44,17765.2,-2512.55,2026/01/29 23:44:27
9174,998.54,17777.8,-2512.1,2026/01/29 23:44:27
9175,998.65,17795.8,-2507.15,2026/01/29 23:44:28
9176,998.76,17802.1,-2508.16,2026/01/29 23:44:28
9177,998.87,17820.5,-2502.04,2026/01/29 23:44:28
9178,998.98,17833.2,-2502.61,2026/01/29 23:44:28
9179,999.09,17841.2,-2499.76,2026/01/29 23:44:28
9180,999.19,17856.3,-2500.07,2026/01/29 23:44:28
9181,999.3,17863.6,-2497.29,2026/01/29 23:44:28
9182,999.41,17884.6,-2502.21,2026/01/29 23:44:28
9183,999.52,17887,-2508.41,2026/01/29 23:44:28
9184,999.63,17911.2,-2502.81,2026/01/29 23:44:29
9185,999.74,17921.8,-2500.58,2026/01/29 23:44:29
9186,999.85,17941.4,-2497.46,2026/01/29 23:44:29
9187,999.96,17949.6,-2495.98,2026/01/29 23:44:29
9188,1000.07,17963.7,-2496.44,2026/01/29 23:44:29
9189,1000.17,18009,-2486,2026/01/29 23:44:29
9190,1000.28,18120.7,-2473.5,2026/01/29 23:44:29
9191,1000.39,18134.9,-2474.52,2026/01/29 23:44:29
9192,1000.5,18137.2,-2476.45,2026/01/29 23:44:29
9193,1000.61,18158.5,-2475.92,2026/01/29 23:44:30
9194,1000.72,18162.6,-2477.66,2026/01/29 23:44:30
9195,1000.83,18172.7,-2475.84,2026/01/29 23:44:30
9196,1000.94,18179.9,-2476.7,2026/01/29 23:44:30
9197,1001.05,18177,-2475.78,2026/01/29 23:44:30
9198,1001.15,18181.3,-2476.51,2026/01/29 23:44:30
9199,1001.26,18180.7,-2476.1,2026/01/29 23:44:30
9200,1001.37,18184.8,-2474.75,2026/01/29 23:44:30
9201,1001.48,18183.2,-2477.44,2026/01/29 23:44:30
9202,1001.59,18194.9,-2472.07,2026/01/29 23:44:31
9203,1001.7,18194.7,-2473.83,2026/01/29 23:44:31
9204,1001.81,18205.3,-2472.8,2026/01/29 23:44:31
9205,1001.92,18207.9,-2471.78,2026/01/29 23:44:31
9206,1002.03,18216.9,-2471.81,2026/01/29 23:44:31
9207,1002.13,18219.1,-2468.81,2026/01/29 23:44:31
9208,1002.24,18218.4,-2472.91,2026/01/29 23:44:31
9209,1002.35,18220.8,-2469.18,2026/01/29 23:44:31
9210,1002.46,18216.9,-2473.2,2026/01/29 23:44:31
9211,1002.57,18221.2,-2470.09,2026/01/29 23:44:31
9212,1002.68,18217.7,-2470.51,2026/01/29 23:44:32
9213,1002.79,18226.2,-2469.49,2026/01/29 23:44:32
9214,1002.9,18214.2,-2471.47,2026/01/29 23:44:32
9215,1003.01,18197.3,-2473.21,2026/01/29 23:44:32
9216,1003.11,18186.6,-2474.32,2026/01/29 23:44:32
9217,1003.22,18168.3,-2476.04,2026/01/29 23:44:32
9218,1003.33,18185.4,-2474.24,2026/01/29 23:44:32
9219,1003.44,18140.9,-2482.04,2026/01/29 23:44:32
9220,1003.55,18097.2,-2482.12,2026/01/29 23:44:32
9221,1003.66,18096.6,-2483.62,2026/01/29 23:44:33
9222,1003.77,18057.3,-2486.81,2026/01/29 23:44:33
9223,1003.88,17977.8,-2497.18,2026/01/29 23:44:33
9224,1003.98,17899.6,-2500.16,2026/01/29 23:44:33
9225,1004.09,17733.8,-2526.46,2026/01/29 23:44:33
9226,1004.2,17474,-2554.78,2026/01/29 23:44:33
9227,1004.31,17051.2,-2549.44,2026/01/29 23:44:33
9228,1004.42,16686.5,-2545.27,2026/01/29 23:44:33
9229,1004.53,16438.2,-2538.72,2026/01/29 23:44:33
9230,1004.64,15733.6,-2492.56,2026/01/29 23:44:34
9231,1004.75,14683.6,-2527.35,2026/01/29 23:44:34
9232,1004.86,14064.2,-2500.63,2026/01/29 23:44:34
9233,1004.97,13918.5,-2454.01,2026/01/29 23:44:34
9234,1005.08,13843.1,-2413.19,2026/01/29 23:44:34
9235,1005.19,13785.6,-2368.64,2026/01/29 23:44:34
9236,1005.3,13644.4,-2337.25,2026/01/29 23:44:34
9237,1005.41,13364.2,-2353.95,2026/01/29 23:44:34
9238,1005.51,13435.5,-2361.71,2026/01/29 23:44:34
9239,1005.63,13856.9,-2363.39,2026/01/29 23:44:35
9240,1005.73,14111.4,-2466.14,2026/01/29 23:44:35
9241,1005.84,14523.4,-2610.92,2026/01/29 23:44:35
9242,1005.95,16005.1,-2704.26,2026/01/29 23:44:35
9243,1006.06,16595.1,-2641.78,2026/01/29 23:44:35
9244,1006.17,16919.6,-2606.77,2026/01/29 23:44:35
9245,1006.28,16994.6,-2597.3,2026/01/29 23:44:35
9246,1006.39,17075.8,-2586.15,2026/01/29 23:44:35
9247,1006.5,17136,-2585.55,2026/01/29 23:44:35
9248,1006.61,17151.4,-2580.85,2026/01/29 23:44:36
9249,1006.71,17186.6,-2581.41,2026/01/29 23:44:36
9250,1006.82,17212.5,-2573.37,2026/01/29 23:44:36
9251,1006.93,17189.4,-2576.54,2026/01/29 23:44:36
9252,1007.04,17154.1,-2569.44,2026/01/29 23:44:36
9253,1007.15,17081.6,-2563.35,2026/01/29 23:44:36
9254,1007.26,16893,-2581.02,2026/01/29 23:44:36
9255,1007.37,16713,-2615.31,2026/01/29 23:44:36
9256,1007.48,16009,-2503.62,2026/01/29 23:44:36
9257,1007.59,14235.7,-2499.2,2026/01/29 23:44:37
9258,1007.7,13836.4,-2455.96,2026/01/29 23:44:37
9259,1007.81,13720.9,-2434.06,2026/01/29 23:44:37
9260,1007.92,13616.7,-2408.1,2026/01/29 23:44:37
9261,1008.03,13457.1,-2357.9,2026/01/29 23:44:37
9262,1008.13,13309,-2338.69,2026/01/29 23:44:37
9263,1008.24,13288.4,-2335.55,2026/01/29 23:44:37
9264,1008.35,13699.3,-2369.56,2026/01/29 23:44:37
9265,1008.46,14224.2,-2513.83,2026/01/29 23:44:37
9266,1008.57,15775.8,-2707.1,2026/01/29 23:44:37
9267,1008.68,16661.7,-2604.46,2026/01/29 23:44:38
9268,1008.79,16952.5,-2587.29,2026/01/29 23:44:38
9269,1008.9,16960.6,-2577.79,2026/01/29 23:44:38
9270,1009.01,16976.3,-2576.95,2026/01/29 23:44:38
9271,1009.12,16975.5,-2574.34,2026/01/29 23:44:38
9272,1009.22,16890.7,-2580.58,2026/01/29 23:44:38
9273,1009.33,16686.4,-2574.2,2026/01/29 23:44:38
9274,1009.44,16543.7,-2598.61,2026/01/29 23:44:38
9275,1009.55,16056.5,-2545.23,2026/01/29 23:44:38
9276,1009.66,14791.8,-2483.17,2026/01/29 23:44:39
9277,1009.77,13773.4,-2453.47,2026/01/29 23:44:39
9278,1009.88,13646.8,-2443.32,2026/01/29 23:44:39
9279,1009.99,13563,-2408.1,2026/01/29 23:44:39
9280,1010.1,13463.7,-2367.54,2026/01/29 23:44:39
9281,1010.21,13435.9,-2346.78,2026/01/29 23:44:39
9282,1010.31,13262.9,-2306.77,2026/01/29 23:44:39
9283,1010.42,13153.9,-2278.92,2026/01/29 23:44:39
9284,1010.53,13236.2,-2290.97,2026/01/29 23:44:39
9285,1010.64,13830.9,-2357.97,2026/01/29 23:44:40
9286,1010.75,14161.5,-2461.7,2026/01/29 23:44:40
9287,1010.86,15448.6,-2642.89,2026/01/29 23:44:40
9288,1010.97,16020.3,-2668.63,2026/01/29 23:44:40
9289,1011.08,16335.5,-2671.24,2026/01/29 23:44:40
9290,1011.19,16374.6,-2667.68,2026/01/29 23:44:40
9291,1011.3,16389.6,-2665.83,2026/01/29 23:44:40
9292,1011.41,16343.6,-2658.39,2026/01/29 23:44:40
9293,1011.52,16150.9,-2664.93,2026/01/29 23:44:40
9294,1011.63,15855.8,-2662.44,2026/01/29 23:44:41
9295,1011.74,14411.3,-2527.77,2026/01/29 23:44:41
9296,1011.84,13395.1,-2449.33,2026/01/29 23:44:41
9297,1011.95,13296.9,-2392.63,2026/01/29 23:44:41
9298,1012.06,13163.2,-2347.53,2026/01/29 23:44:41
9299,1012.17,12963.4,-2335.41,2026/01/29 23:44:41
9300,1012.28,12934.7,-2317.96,2026/01/29 23:44:41
9301,1012.39,12962.5,-2316.61,2026/01/29 23:44:41
9302,1012.5,13204.7,-2375.53,2026/01/29 23:44:41
9303,1012.61,13689,-2510.52,2026/01/29 23:44:42
9304,1012.72,14575.9,-2701.5,2026/01/29 23:44:42
9305,1012.83,15328.5,-2725.41,2026/01/29 23:44:42
9306,1012.94,15779.7,-2726.48,2026/01/29 23:44:42
9307,1013.05,16026.2,-2706.47,2026/01/29 23:44:42
9308,1013.15,16028.2,-2704.22,2026/01/29 23:44:42
9309,1013.26,16054.7,-2705.72,2026/01/29 23:44:42
9310,1013.37,16068.5,-2706.38,2026/01/29 23:44:42
9311,1013.48,16071.5,-2707.31,2026/01/29 23:44:42
9312,1013.59,16109.2,-2707.97,2026/01/29 23:44:43
9313,1013.7,16076.3,-2713.22,2026/01/29 23:44:43
9314,1013.81,16110.3,-2710.43,2026/01/29 23:44:43
9315,1013.92,16098.5,-2709.25,2026/01/29 23:44:43
9316,1014.03,15956,-2705.89,2026/01/29 23:44:43
9317,1014.14,15740.7,-2697.55,2026/01/29 23:44:43
9318,1014.25,15373.9,-2724.28,2026/01/29 23:44:43
9319,1014.35,14610,-2566.22,2026/01/29 23:44:43
9320,1014.46,13360.6,-2522.75,2026/01/29 23:44:43
9321,1014.57,13244.3,-2444.31,2026/01/29 23:44:43
9322,1014.68,13120,-2379.25,2026/01/29 23:44:44
9323,1014.79,12982.1,-2347.95,2026/01/29 23:44:44
9324,1014.9,12909.8,-2303.36,2026/01/29 23:44:44
9325,1015.01,12877.3,-2264.57,2026/01/29 23:44:44
9326,1015.12,13020.6,-2315.56,2026/01/29 23:44:44
9327,1015.23,13442.8,-2496,2026/01/29 23:44:44
9328,1015.34,14374.3,-2690.75,2026/01/29 23:44:44
9329,1015.45,15367,-2712.69,2026/01/29 23:44:44
9330,1015.56,15759,-2721.24,2026/01/29 23:44:44
9331,1015.67,15936.3,-2716.43,2026/01/29 23:44:45
9332,1015.77,15919.5,-2719.17,2026/01/29 23:44:45
9333,1015.88,15885.3,-2721.56,2026/01/29 23:44:45
9334,1015.99,15716.1,-2707.9,2026/01/29 23:44:45
9335,1016.1,15272.4,-2718.63,2026/01/29 23:44:45
9336,1016.21,14562.1,-2562.12,2026/01/29 23:44:45
9337,1016.32,13226.9,-2448.48,2026/01/29 23:44:45
9338,1016.43,13031.3,-2359.55,2026/01/29 23:44:45
9339,1016.54,12874.9,-2322.89,2026/01/29 23:44:45
9340,1016.65,12857.4,-2283.73,2026/01/29 23:44:46
9341,1016.76,12911.9,-2290.37,2026/01/29 23:44:46
9342,1016.87,13098,-2372.56,2026/01/29 23:44:46
9343,1016.97,13493.1,-2559.13,2026/01/29 23:44:46
9344,1017.09,14791.8,-2702.67,2026/01/29 23:44:46
9345,1017.19,15619.7,-2722.45,2026/01/29 23:44:46
9346,1017.3,16054.2,-2728.06,2026/01/29 23:44:46
9347,1017.41,16695.7,-2671.39,2026/01/29 23:44:46
9348,1017.52,16718.2,-2662.37,2026/01/29 23:44:46
9349,1017.63,16695.2,-2660.46,2026/01/29 23:44:47
9350,1017.74,16656.4,-2664.37,2026/01/29 23:44:47
9351,1017.85,16509.3,-2662.1,2026/01/29 23:44:47
9352,1017.96,16312.6,-2670.64,2026/01/29 23:44:47
9353,1018.07,15286.4,-2698.39,2026/01/29 23:44:47
9354,1018.18,14454.6,-2599.61,2026/01/29 23:44:47
9355,1018.28,13327.4,-2547.94,2026/01/29 23:44:47
9356,1018.39,13201,-2445.9,2026/01/29 23:44:47
9357,1018.5,13132.1,-2383.23,2026/01/29 23:44:47
9358,1018.61,13148,-2381.12,2026/01/29 23:44:48
9359,1018.72,13261.2,-2436.83,2026/01/29 23:44:48
9360,1018.83,13403.2,-2574.49,2026/01/29 23:44:48
9361,1018.94,14605.3,-2799.01,2026/01/29 23:44:48
9362,1019.05,15457.9,-2750.94,2026/01/29 23:44:48
9363,1019.16,16152.1,-2698.13,2026/01/29 23:44:48
9364,1019.27,16449.2,-2682.52,2026/01/29 23:44:48
9365,1019.37,16542.5,-2680.67,2026/01/29 23:44:48
9366,1019.48,16538.1,-2683.26,2026/01/29 23:44:48
9367,1019.59,16523.5,-2688.39,2026/01/29 23:44:49
9368,1019.7,16476.6,-2696.63,2026/01/29 23:44:49
9369,1019.81,16145.8,-2707.11,2026/01/29 23:44:49
9370,1019.92,15736,-2723.28,2026/01/29 23:44:49
9371,1020.03,15347.8,-2703.38,2026/01/29 23:44:49
9372,1020.14,14826.4,-2632.41,2026/01/29 23:44:49
9373,1020.24,13634,-2630.09,2026/01/29 23:44:49
9374,1020.35,13388.5,-2619.26,2026/01/29 23:44:49
9375,1020.46,13318.2,-2613.76,2026/01/29 23:44:49
9376,1020.57,13395,-2675.48,2026/01/29 23:44:49
9377,1020.68,14444.2,-2823.09,2026/01/29 23:44:50
9378,1020.79,15770.1,-2730.55,2026/01/29 23:44:50
9379,1020.9,16320.1,-2697.09,2026/01/29 23:44:50
9380,1021.01,16562.4,-2688.18,2026/01/29 23:44:50
9381,1021.12,16655.5,-2684.21,2026/01/29 23:44:50
9382,1021.23,16708.3,-2683.29,2026/01/29 23:44:50
9383,1021.33,16735.7,-2681.75,2026/01/29 23:44:50
9384,1021.44,16751.1,-2684.94,2026/01/29 23:44:50
9385,1021.55,16777.2,-2682.44,2026/01/29 23:44:50
9386,1021.66,16790.8,-2682.71,2026/01/29 23:44:51
9387,1021.77,16804.6,-2682.43,2026/01/29 23:44:51
9388,1021.87,16802.9,-2683.38,2026/01/29 23:44:51
9389,1021.98,16804.6,-2685.98,2026/01/29 23:44:51
9390,1022.09,16727.9,-2694.74,2026/01/29 23:44:51
9391,1022.2,16351,-2710.92,2026/01/29 23:44:51
9392,1022.31,16080.6,-2695.33,2026/01/29 23:44:51
9393,1022.42,15624.1,-2660.4,2026/01/29 23:44:51
9394,1022.53,14947.8,-2548.34,2026/01/29 23:44:51
9395,1022.64,13515.5,-2504.69,2026/01/29 23:44:52
9396,1022.75,13207.9,-2370.56,2026/01/29 23:44:52
9397,1022.86,12940.5,-2305.43,2026/01/29 23:44:52
9398,1022.97,12978.2,-2338.52,2026/01/29 23:44:52
9399,1023.07,13252.8,-2481.54,2026/01/29 23:44:52
9400,1023.18,14569.6,-2695.89,2026/01/29 23:44:52
9401,1023.29,15335.3,-2724.47,2026/01/29 23:44:52
9402,1023.4,16094.5,-2731.03,2026/01/29 23:44:52
9403,1023.51,16853.5,-2666.78,2026/01/29 23:44:52
9404,1023.62,16872.7,-2659.92,2026/01/29 23:44:53
9405,1023.73,16798.2,-2665.07,2026/01/29 23:44:53
9406,1023.84,16603.6,-2672.35,2026/01/29 23:44:53
9407,1023.95,16115.7,-2615.82,2026/01/29 23:44:53
9408,1024.06,15129.3,-2684.87,2026/01/29 23:44:53
9409,1024.17,14651.7,-2537.17,2026/01/29 23:44:53
9410,1024.28,13610.9,-2503.92,2026/01/29 23:44:53
9411,1024.38,13166.1,-2436.33,2026/01/29 23:44:53
9412,1024.49,13087.4,-2370.06,2026/01/29 23:44:53
9413,1024.6,13067.2,-2337.72,2026/01/29 23:44:54
9414,1024.71,13108.7,-2387.33,2026/01/29 23:44:54
9415,1024.82,13170.3,-2461.23,2026/01/29 23:44:54
9416,1024.93,13555.3,-2585.15,2026/01/29 23:44:54
9417,1025.04,14620,-2730.88,2026/01/29 23:44:54
9418,1025.15,15138.5,-2712.79,2026/01/29 23:44:54
9419,1025.26,15704.1,-2729.94,2026/01/29 23:44:54
9420,1025.37,16224.2,-2721.52,2026/01/29 23:44:54
9421,1025.48,16893.2,-2660.56,2026/01/29 23:44:54
9422,1025.59,17005.2,-2655.84,2026/01/29 23:44:55
9423,1025.69,17097.1,-2630.59,2026/01/29 23:44:55
9424,1025.8,17118.2,-2636.86,2026/01/29 23:44:55
9425,1025.91,17129,-2637.08,2026/01/29 23:44:55
9426,1026.02,17108.3,-2638.14,2026/01/29 23:44:55
9427,1026.13,17043.1,-2638.3,2026/01/29 23:44:55
9428,1026.24,16973.4,-2639.77,2026/01/29 23:44:55
9429,1026.35,16875,-2648.62,2026/01/29 23:44:55
9430,1026.46,16657.2,-2635.32,2026/01/29 23:44:55
9431,1026.57,16460.2,-2617.15,2026/01/29 23:44:55
9432,1026.67,15698.2,-2681.12,2026/01/29 23:44:56
9433,1026.78,15355.3,-2610.41,2026/01/29 23:44:56
9434,1026.89,14850.3,-2531.56,2026/01/29 23:44:56
9435,1027,13631.3,-2521.77,2026/01/29 23:44:56
9436,1027.11,13231.5,-2449.26,2026/01/29 23:44:56
9437,1027.22,13132.1,-2386.62,2026/01/29 23:44:56
9438,1027.33,13113.6,-2341.16,2026/01/29 23:44:56
9439,1027.44,13116.7,-2361.92,2026/01/29 23:44:56
9440,1027.55,13154.7,-2410.34,2026/01/29 23:44:56
9441,1027.66,13211,-2466.65,2026/01/29 23:44:57
9442,1027.77,13923.4,-2657.19,2026/01/29 23:44:57
9443,1027.88,14974.5,-2726.69,2026/01/29 23:44:57
9444,1027.99,15377.1,-2720.23,2026/01/29 23:44:57
9445,1028.1,15890.1,-2728.72,2026/01/29 23:44:57
9446,1028.2,16490.5,-2708.66,2026/01/29 23:44:57
9447,1028.31,16943.9,-2662.91,2026/01/29 23:44:57
9448,1028.42,17051.2,-2647.42,2026/01/29 23:44:57
9449,1028.53,17112.2,-2635.58,2026/01/29 23:44:57
9450,1028.64,17125.3,-2639.59,2026/01/29 23:44:58
9451,1028.75,17130.3,-2637.25,2026/01/29 23:44:58
9452,1028.86,17097.6,-2639.6,2026/01/29 23:44:58
9453,1028.97,17002.8,-2641.32,2026/01/29 23:44:58
9454,1029.08,16961.3,-2646.64,2026/01/29 23:44:58
9455,1029.19,16743,-2637.61,2026/01/29 23:44:58
9456,1029.29,16529.4,-2613.18,2026/01/29 23:44:58
9457,1029.4,15719.8,-2663.41,2026/01/29 23:44:58
9458,1029.51,15236.1,-2578.36,2026/01/29 23:44:58
9459,1029.62,14372.7,-2542.05,2026/01/29 23:44:59
9460,1029.73,13420.9,-2490.21,2026/01/29 23:44:59
9461,1029.84,13206.3,-2434.64,2026/01/29 23:44:59
9462,1029.95,13147.9,-2403.22,2026/01/29 23:44:59
9463,1030.06,13129.8,-2408.87,2026/01/29 23:44:59
9464,1030.17,13134.2,-2446.77,2026/01/29 23:44:59
9465,1030.28,13240.3,-2481.25,2026/01/29 23:44:59
9466,1030.39,14056.8,-2669.15,2026/01/29 23:44:59
9467,1030.5,15068,-2728.67,2026/01/29 23:44:59
9468,1030.6,15554.7,-2717.6,2026/01/29 23:45:00
9469,1030.71,15982.7,-2723.07,2026/01/29 23:45:00
9470,1030.82,16568,-2730.37,2026/01/29 23:45:00
9471,1030.93,16917.4,-2651.07,2026/01/29 23:45:00
9472,1031.04,17006.8,-2645.17,2026/01/29 23:45:00
9473,1031.15,17070.8,-2625.47,2026/01/29 23:45:00
9474,1031.26,17090.3,-2623.21,2026/01/29 23:45:00
9475,1031.37,17084.9,-2627.71,2026/01/29 23:45:00
9476,1031.48,17024.9,-2626.36,2026/01/29 23:45:00
9477,1031.59,16950.2,-2636.66,2026/01/29 23:45:01
9478,1031.69,16811.2,-2629.01,2026/01/29 23:45:01
9479,1031.8,16574.2,-2603.08,2026/01/29 23:45:01
9480,1031.91,16386.9,-2585.06,2026/01/29 23:45:01
9481,1032.02,15653.5,-2651.23,2026/01/29 23:45:01
9482,1032.13,15047.1,-2551.32,2026/01/29 23:45:01
9483,1032.24,14148.6,-2547.49,2026/01/29 23:45:01
9484,1032.35,13559.2,-2519.3,2026/01/29 23:45:01
9485,1032.46,13441.8,-2508.98,2026/01/29 23:45:01
9486,1032.56,13587.5,-2562.81,2026/01/29 23:45:01
9487,1032.67,14491.5,-2635.87,2026/01/29 23:45:02
9488,1032.78,15144,-2718.63,2026/01/29 23:45:02
9489,1032.89,15595.2,-2726.27,2026/01/29 23:45:02
9490,1033,16195.4,-2713.35,2026/01/29 23:45:02
9491,1033.11,16520.4,-2689.38,2026/01/29 23:45:02
9492,1033.22,16784.9,-2670.86,2026/01/29 23:45:02
9493,1033.33,16906.6,-2660.11,2026/01/29 23:45:02
9494,1033.44,16932.2,-2661.19,2026/01/29 23:45:02
9495,1033.55,16940.1,-2658.35,2026/01/29 23:45:02
9496,1033.65,16953.3,-2655.52,2026/01/29 23:45:03
9497,1033.76,16959.5,-2659.09,2026/01/29 23:45:03
9498,1033.87,16939.5,-2659.03,2026/01/29 23:45:03
9499,1033.98,16875.1,-2666.64,2026/01/29 23:45:03
9500,1034.09,16819.1,-2676.64,2026/01/29 23:45:03
9501,1034.2,16707.7,-2684.43,2026/01/29 23:45:03
9502,1034.31,16341.2,-2705.42,2026/01/29 23:45:03
9503,1034.42,16044.4,-2684.01,2026/01/29 23:45:03
9504,1034.53,15701.1,-2666.87,2026/01/29 23:45:03
9505,1034.64,15321.5,-2579.75,2026/01/29 23:45:04
9506,1034.74,14515.1,-2539.67,2026/01/29 23:45:04
9507,1034.85,13710.8,-2545.03,2026/01/29 23:45:04
9508,1034.96,13705.3,-2578.26,2026/01/29 23:45:04
9509,1035.07,14359.3,-2630.77,2026/01/29 23:45:04
9510,1035.18,15189.2,-2714.79,2026/01/29 23:45:04
9511,1035.29,15774.6,-2714.57,2026/01/29 23:45:04
9512,1035.4,16325.3,-2702.44,2026/01/29 23:45:04
9513,1035.51,16706.1,-2677.58,2026/01/29 23:45:04
9514,1035.62,16853.7,-2668.61,2026/01/29 23:45:05
9515,1035.73,16938.2,-2661.88,2026/01/29 23:45:05
9516,1035.83,16959.7,-2661.04,2026/01/29 23:45:05
9517,1035.94,16980.7,-2661.38,2026/01/29 23:45:05
9518,1036.05,16992.5,-2662.07,2026/01/29 23:45:05
9519,1036.16,16980.4,-2663.19,2026/01/29 23:45:05
9520,1036.27,16852.4,-2673.61,2026/01/29 23:45:05
9521,1036.38,16729.3,-2687.17,2026/01/29 23:45:05
9522,1036.49,16354.7,-2700.37,2026/01/29 23:45:05
9523,1036.6,15897.1,-2670.79,2026/01/29 23:45:06
9524,1036.7,15516.7,-2665.04,2026/01/29 23:45:06
9525,1036.81,15179,-2557.93,2026/01/29 23:45:06
9526,1036.92,14619.4,-2516.95,2026/01/29 23:45:06
9527,1037.03,13662.8,-2531.09,2026/01/29 23:45:06
9528,1037.14,13539.6,-2553.23,2026/01/29 23:45:06
9529,1037.25,14138,-2645.86,2026/01/29 23:45:06
9530,1037.36,14771.2,-2647.66,2026/01/29 23:45:06
9531,1037.47,15233.7,-2718.6,2026/01/29 23:45:06
9532,1037.58,16041.9,-2712.16,2026/01/29 23:45:06
9533,1037.69,16474.8,-2688.96,2026/01/29 23:45:07
9534,1037.79,16680.1,-2673.18,2026/01/29 23:45:07
9535,1037.91,16811.7,-2667.02,2026/01/29 23:45:07
9536,1038.01,16894.5,-2658.78,2026/01/29 23:45:07
9537,1038.12,16913.6,-2656.54,2026/01/29 23:45:07
9538,1038.23,16928.1,-2655.18,2026/01/29 23:45:07
9539,1038.34,16947.6,-2655.98,2026/01/29 23:45:07
9540,1038.45,16916.3,-2660.1,2026/01/29 23:45:07
9541,1038.56,16752.1,-2674.49,2026/01/29 23:45:07
9542,1038.67,16666,-2686.41,2026/01/29 23:45:08
9543,1038.78,16258.1,-2683.18,2026/01/29 23:45:08
9544,1038.89,15746.5,-2668.14,2026/01/29 23:45:08
9545,1038.99,15432.3,-2661.3,2026/01/29 23:45:08
9546,1039.1,15307.6,-2614.85,2026/01/29 23:45:08
9547,1039.21,15059.8,-2541.67,2026/01/29 23:45:08
9548,1039.32,14953.6,-2512.81,2026/01/29 23:45:08
9549,1039.43,14903.3,-2531.13,2026/01/29 23:45:08
9550,1039.54,15010.3,-2558.59,2026/01/29 23:45:08
9551,1039.65,15275.4,-2686.47,2026/01/29 23:45:09
9552,1039.76,15494.1,-2711.77,2026/01/29 23:45:09
9553,1039.87,16263,-2708.38,2026/01/29 23:45:09
9554,1039.97,16607.7,-2670.16,2026/01/29 23:45:09
9555,1040.08,16805.5,-2657.92,2026/01/29 23:45:09
9556,1040.19,16900.4,-2652.81,2026/01/29 23:45:09
9557,1040.3,16994,-2644.77,2026/01/29 23:45:09
9558,1040.41,17015.3,-2645.46,2026/01/29 23:45:09
9559,1040.52,17034.8,-2643.73,2026/01/29 23:45:09
9560,1040.63,17042.7,-2642.43,2026/01/29 23:45:10
9561,1040.74,17048.2,-2643.13,2026/01/29 23:45:10
9562,1040.85,17023.1,-2647.53,2026/01/29 23:45:10
9563,1040.95,16973.3,-2653.62,2026/01/29 23:45:10
9564,1041.06,16744.2,-2673.44,2026/01/29 23:45:10
9565,1041.17,15913.5,-2662.6,2026/01/29 23:45:10
9566,1041.28,15527.4,-2651.48,2026/01/29 23:45:10
9567,1041.39,15316.7,-2616.45,2026/01/29 23:45:10
9568,1041.5,15004.2,-2529.79,2026/01/29 23:45:10
9569,1041.61,15052.1,-2552.59,2026/01/29 23:45:11
9570,1041.71,15295.9,-2648.49,2026/01/29 23:45:11
9571,1041.82,15439.8,-2691.15,2026/01/29 23:45:11
9572,1041.93,15563.5,-2693.22,2026/01/29 23:45:11
9573,1042.04,16350.3,-2699.32,2026/01/29 23:45:11
9574,1042.15,16681.2,-2660.54,2026/01/29 23:45:11
9575,1042.26,16869.7,-2653.36,2026/01/29 23:45:11
9576,1042.37,16963.6,-2647.51,2026/01/29 23:45:11
9577,1042.48,17021.3,-2647.43,2026/01/29 23:45:11
9578,1042.59,17075,-2640.04,2026/01/29 23:45:12
9579,1042.69,17109.9,-2640.92,2026/01/29 23:45:12
9580,1042.8,17131.7,-2636.69,2026/01/29 23:45:12
9581,1042.91,17095.9,-2642.71,2026/01/29 23:45:12
9582,1043.02,17053.6,-2645.24,2026/01/29 23:45:12
9583,1043.13,16821.2,-2664.53,2026/01/29 23:45:12
9584,1043.24,16457,-2663.69,2026/01/29 23:45:12
9585,1043.35,15868.5,-2661.13,2026/01/29 23:45:12
9586,1043.46,15562.9,-2648.7,2026/01/29 23:45:12
9587,1043.56,15305.1,-2626.83,2026/01/29 23:45:12
9588,1043.67,15005.8,-2530.74,2026/01/29 23:45:13
9589,1043.78,14495.7,-2573.34,2026/01/29 23:45:13
9590,1043.89,14931,-2611.58,2026/01/29 23:45:13
9591,1044,15186.9,-2662.7,2026/01/29 23:45:13
9592,1044.11,15247.8,-2684.58,2026/01/29 23:45:13
9593,1044.22,15421.3,-2692.68,2026/01/29 23:45:13
9594,1044.33,15977.5,-2696.87,2026/01/29 23:45:13
9595,1044.44,16812.7,-2668.64,2026/01/29 23:45:13
9596,1044.55,16899.5,-2648.09,2026/01/29 23:45:13
9597,1044.66,16986.3,-2644.97,2026/01/29 23:45:14
9598,1044.77,17034.9,-2639.03,2026/01/29 23:45:14
9599,1044.87,17035.6,-2642.74,2026/01/29 23:45:14
9600,1044.98,17053,-2639.65,2026/01/29 23:45:14
9601,1045.09,17078.8,-2640.32,2026/01/29 23:45:14
9602,1045.2,17133.3,-2633.27,2026/01/29 23:45:14
9603,1045.31,17130.7,-2635.48,2026/01/29 23:45:14
9604,1045.42,17073.3,-2641.38,2026/01/29 23:45:14
9605,1045.53,16894.7,-2657,2026/01/29 23:45:14
9606,1045.64,16772.9,-2661.2,2026/01/29 23:45:15
9607,1045.75,16167.2,-2669.91,2026/01/29 23:45:15
9608,1045.86,15767.7,-2660.19,2026/01/29 23:45:15
9609,1045.96,15555.1,-2650.42,2026/01/29 23:45:15
9610,1046.07,15342.3,-2661.94,2026/01/29 23:45:15
9611,1046.18,15254.8,-2618.69,2026/01/29 23:45:15
9612,1046.29,15197.9,-2604.73,2026/01/29 23:45:15
9613,1046.4,15319.4,-2648.75,2026/01/29 23:45:15
9614,1046.51,15431.7,-2690.3,2026/01/29 23:45:15
9615,1046.62,15620.5,-2693.39,2026/01/29 23:45:16
9616,1046.73,16610.9,-2690.47,2026/01/29 23:45:16
9617,1046.84,16808,-2650.8,2026/01/29 23:45:16
9618,1046.95,16997.2,-2639.96,2026/01/29 23:45:16
9619,1047.05,17042.8,-2641.65,2026/01/29 23:45:16
9620,1047.16,17097,-2637.4,2026/01/29 23:45:16
9621,1047.27,17108.6,-2637.79,2026/01/29 23:45:16
9622,1047.38,17117.1,-2638.49,2026/01/29 23:45:16
9623,1047.49,17117.2,-2637.35,2026/01/29 23:45:16
9624,1047.6,17134.6,-2638,2026/01/29 23:45:17
9625,1047.71,17195.3,-2630.83,2026/01/29 23:45:17
9626,1047.82,17160.6,-2636.29,2026/01/29 23:45:17
9627,1047.93,17078.3,-2640.11,2026/01/29 23:45:17
9628,1048.03,16888.9,-2659.8,2026/01/29 23:45:17
9629,1048.14,16779.7,-2658.49,2026/01/29 23:45:17
9630,1048.25,16135.2,-2668.41,2026/01/29 23:45:17
9631,1048.36,15729.4,-2660.25,2026/01/29 23:45:17
9632,1048.47,15459.7,-2652.93,2026/01/29 23:45:17
9633,1048.58,15300.1,-2641.36,2026/01/29 23:45:18
9634,1048.69,15308,-2654.48,2026/01/29 23:45:18
9635,1048.8,15388.9,-2686.72,2026/01/29 23:45:18
9636,1048.91,15482.6,-2687.03,2026/01/29 23:45:18
9637,1049.01,15848.2,-2692.7,2026/01/29 23:45:18
9638,1049.13,16898.4,-2655.9,2026/01/29 23:45:18
9639,1049.23,16879.4,-2649.4,2026/01/29 23:45:18
9640,1049.34,17033.6,-2639.71,2026/01/29 23:45:18
9641,1049.45,17094.9,-2638.89,2026/01/29 23:45:18
9642,1049.56,17106.7,-2635.55,2026/01/29 23:45:18
9643,1049.67,17105.6,-2638.82,2026/01/29 23:45:19
9644,1049.78,17119.3,-2636.25,2026/01/29 23:45:19
9645,1049.89,17192.8,-2632.49,2026/01/29 23:45:19
9646,1050,17157.2,-2634.67,2026/01/29 23:45:19
9647,1050.1,17085.2,-2632.38,2026/01/29 23:45:19
9648,1050.21,16867.8,-2656.72,2026/01/29 23:45:19
9649,1050.32,16695.3,-2647.15,2026/01/29 23:45:19
9650,1050.43,16070.6,-2656.28,2026/01/29 23:45:19
9651,1050.54,15699.4,-2659.26,2026/01/29 23:45:19
9652,1050.65,15558.1,-2653.61,2026/01/29 23:45:20
9653,1050.76,15421.7,-2666.14,2026/01/29 23:45:20
9654,1050.86,15454.6,-2672.42,2026/01/29 23:45:20
9655,1050.97,15616.5,-2679.94,2026/01/29 23:45:20
9656,1051.08,16624.3,-2675.48,2026/01/29 23:45:20
9657,1051.19,16830.3,-2656.1,2026/01/29 23:45:20
9658,1051.3,17066.8,-2640.6,2026/01/29 23:45:20
9659,1051.41,17120.3,-2639.31,2026/01/29 23:45:20
9660,1051.52,17132.1,-2637.04,2026/01/29 23:45:20
9661,1051.63,17142.6,-2636.82,2026/01/29 23:45:21
9662,1051.74,17214.8,-2632.97,2026/01/29 23:45:21
9663,1051.85,17212.3,-2632.76,2026/01/29 23:45:21
9664,1051.96,17068.6,-2636.23,2026/01/29 23:45:21
9665,1052.06,16848.8,-2656.34,2026/01/29 23:45:21
9666,1052.17,16632.8,-2652.54,2026/01/29 23:45:21
9667,1052.28,16087,-2653.4,2026/01/29 23:45:21
9668,1052.39,15733,-2666.02,2026/01/29 23:45:21
9669,1052.5,15521.5,-2652.93,2026/01/29 23:45:21
9670,1052.61,15321.7,-2661.85,2026/01/29 23:45:22
9671,1052.72,15175.1,-2623.43,2026/01/29 23:45:22
9672,1052.83,15145.5,-2631.43,2026/01/29 23:45:22
9673,1052.94,15357.5,-2694.32,2026/01/29 23:45:22
9674,1053.05,15665.8,-2697.84,2026/01/29 23:45:22
9675,1053.16,16872.3,-2626.52,2026/01/29 23:45:22
9676,1053.26,17026.2,-2642.83,2026/01/29 23:45:22
9677,1053.37,17141.5,-2638.04,2026/01/29 23:45:22
9678,1053.48,17177.5,-2632.25,2026/01/29 23:45:22
9679,1053.59,17182.1,-2635.7,2026/01/29 23:45:23
9680,1053.7,17219.8,-2632.6,2026/01/29 23:45:23
9681,1053.81,17257.4,-2632.41,2026/01/29 23:45:23
9682,1053.92,17174.4,-2632.55,2026/01/29 23:45:23
9683,1054.03,16876.6,-2652.89,2026/01/29 23:45:23
9684,1054.13,16704.6,-2653.35,2026/01/29 23:45:23
9685,1054.24,16039.5,-2670.54,2026/01/29 23:45:23
9686,1054.35,15670.2,-2669.46,2026/01/29 23:45:23
9687,1054.46,15445,-2668.32,2026/01/29 23:45:23
9688,1054.57,15393.7,-2682.18,2026/01/29 23:45:23
9689,1054.68,15462.4,-2685.54,2026/01/29 23:45:24
9690,1054.79,15637.5,-2688.64,2026/01/29 23:45:24
9691,1054.9,16337.3,-2691.26,2026/01/29 23:45:24
9692,1055,16838.4,-2644.28,2026/01/29 23:45:24
9693,1055.11,17001.3,-2649.32,2026/01/29 23:45:24
9694,1055.22,17176.7,-2636.37,2026/01/29 23:45:24
9695,1055.33,17222,-2632.62,2026/01/29 23:45:24
9696,1055.44,17236.2,-2629.97,2026/01/29 23:45:24
9697,1055.55,17228.1,-2632.07,2026/01/29 23:45:24
9698,1055.66,17338.8,-2623.46,2026/01/29 23:45:25
9699,1055.77,17364,-2620.67,2026/01/29 23:45:25
9700,1055.88,17295.8,-2627.83,2026/01/29 23:45:25
9701,1055.98,17106.7,-2630.97,2026/01/29 23:45:25
9702,1056.09,16938.1,-2648.25,2026/01/29 23:45:25
9703,1056.2,16694.1,-2649.87,2026/01/29 23:45:25
9704,1056.31,16207.8,-2663.9,2026/01/29 23:45:25
9705,1056.42,15840.7,-2658.62,2026/01/29 23:45:25
9706,1056.53,15596,-2656.36,2026/01/29 23:45:25
9707,1056.64,15506.7,-2673.33,2026/01/29 23:45:26
9708,1056.75,15886.2,-2684.67,2026/01/29 23:45:26
9709,1056.86,16855.3,-2659.06,2026/01/29 23:45:26
9710,1056.96,16942.7,-2651.66,2026/01/29 23:45:26
9711,1057.07,17131.3,-2639.25,2026/01/29 23:45:26
9712,1057.18,17201.1,-2631.06,2026/01/29 23:45:26
9713,1057.29,17209.4,-2635.12,2026/01/29 23:45:26
9714,1057.4,17285.2,-2628.04,2026/01/29 23:45:26
9715,1057.51,17342.3,-2626.01,2026/01/29 23:45:26
9716,1057.62,17352,-2624.64,2026/01/29 23:45:27
9717,1057.73,17262.1,-2629.97,2026/01/29 23:45:27
9718,1057.83,17022.1,-2646.38,2026/01/29 23:45:27
9719,1057.94,16924.2,-2649.65,2026/01/29 23:45:27
9720,1058.05,16518.9,-2662.45,2026/01/29 23:45:27
9721,1058.16,16098.6,-2653.07,2026/01/29 23:45:27
9722,1058.27,15789.3,-2655.81,2026/01/29 23:45:27
9723,1058.38,15687.1,-2657.1,2026/01/29 23:45:27
9724,1058.49,15793,-2666.08,2026/01/29 23:45:27
9725,1058.6,16215.5,-2663.55,2026/01/29 23:45:28
9726,1058.7,16837.6,-2644.57,2026/01/29 23:45:28
9727,1058.81,17011.2,-2639.81,2026/01/29 23:45:28
9728,1058.92,17141.7,-2640.65,2026/01/29 23:45:28
9729,1059.03,17239.1,-2640.35,2026/01/29 23:45:28
9730,1059.14,17275.2,-2632.09,2026/01/29 23:45:28
9731,1059.25,17378.2,-2627.97,2026/01/29 23:45:28
9732,1059.36,17423,-2622.01,2026/01/29 23:45:28
9733,1059.47,17445.1,-2620.19,2026/01/29 23:45:28
9734,1059.57,17444.1,-2622.28,2026/01/29 23:45:28
9735,1059.68,17390.8,-2623.84,2026/01/29 23:45:29
9736,1059.79,17174.6,-2635.98,2026/01/29 23:45:29
9737,1059.9,17045.8,-2644.3,2026/01/29 23:45:29
9738,1060.01,16975.7,-2642.24,2026/01/29 23:45:29
9739,1060.12,16641.2,-2655.12,2026/01/29 23:45:29
9740,1060.23,16234.2,-2661.54,2026/01/29 23:45:29
9741,1060.34,15905,-2666.2,2026/01/29 23:45:29
9742,1060.44,15775.4,-2665.93,2026/01/29 23:45:29
9743,1060.55,15841.3,-2672.03,2026/01/29 23:45:29
9744,1060.66,16339.2,-2672.37,2026/01/29 23:45:30
9745,1060.77,16918.1,-2647.66,2026/01/29 23:45:30
9746,1060.88,17039.4,-2640.72,2026/01/29 23:45:30
9747,1060.99,17156.4,-2643.98,2026/01/29 23:45:30
9748,1061.1,17245.7,-2638.23,2026/01/29 23:45:30
9749,1061.21,17280.8,-2634.1,2026/01/29 23:45:30
9750,1061.32,17382.9,-2626.76,2026/01/29 23:45:30
9751,1061.42,17423.2,-2622.3,2026/01/29 23:45:30
9752,1061.53,17446.6,-2619.21,2026/01/29 23:45:30
9753,1061.64,17463,-2618.09,2026/01/29 23:45:31
9754,1061.75,17397.9,-2625.95,2026/01/29 23:45:31
9755,1061.86,17188.1,-2635.03,2026/01/29 23:45:31
9756,1061.97,17065.8,-2643.18,2026/01/29 23:45:31
9757,1062.08,17012,-2646.42,2026/01/29 23:45:31
9758,1062.19,16766.9,-2646.22,2026/01/29 23:45:31
9759,1062.29,16270,-2664.23,2026/01/29 23:45:31
9760,1062.4,15936.9,-2669.81,2026/01/29 23:45:31
9761,1062.51,16001.6,-2677.33,2026/01/29 23:45:31
9762,1062.62,16824.6,-2653.98,2026/01/29 23:45:32
9763,1062.73,17060.4,-2640.12,2026/01/29 23:45:32
9764,1062.84,17192.9,-2643.86,2026/01/29 23:45:32
9765,1062.95,17266.4,-2638.24,2026/01/29 23:45:32
9766,1063.06,17299.9,-2630.99,2026/01/29 23:45:32
9767,1063.17,17356.5,-2631.63,2026/01/29 23:45:32
9768,1063.27,17413.1,-2623.28,2026/01/29 23:45:32
9769,1063.38,17433.7,-2621.93,2026/01/29 23:45:32
9770,1063.49,17451.2,-2619.93,2026/01/29 23:45:32
9771,1063.6,17455.3,-2618.02,2026/01/29 23:45:33
9772,1063.71,17396.2,-2624.58,2026/01/29 23:45:33
9773,1063.82,17210.8,-2636.13,2026/01/29 23:45:33
9774,1063.93,17068.4,-2643.28,2026/01/29 23:45:33
9775,1064.04,16965.4,-2638.04,2026/01/29 23:45:33
9776,1064.14,16530.5,-2662.45,2026/01/29 23:45:33
9777,1064.25,16118.7,-2656.03,2026/01/29 23:45:33
9778,1064.36,15804.4,-2668.95,2026/01/29 23:45:33
9779,1064.47,15690.3,-2663.43,2026/01/29 23:45:33
9780,1064.58,15736.5,-2671.74,2026/01/29 23:45:34
9781,1064.69,16101.6,-2666.48,2026/01/29 23:45:34
9782,1064.8,16864.3,-2647.02,2026/01/29 23:45:34
9783,1064.91,17061.1,-2639.78,2026/01/29 23:45:34
9784,1065.02,17198.8,-2643.11,2026/01/29 23:45:34
9785,1065.13,17295.2,-2638.49,2026/01/29 23:45:34
9786,1065.23,17330,-2635.38,2026/01/29 23:45:34
9787,1065.34,17332,-2635.78,2026/01/29 23:45:34
9788,1065.45,17341.4,-2632.92,2026/01/29 23:45:34
9789,1065.56,17409.3,-2629.94,2026/01/29 23:45:34
9790,1065.67,17416.5,-2625.87,2026/01/29 23:45:35
9791,1065.78,17345.1,-2631.18,2026/01/29 23:45:35
9792,1065.89,17096.4,-2645.13,2026/01/29 23:45:35
9793,1066,16889.6,-2635.6,2026/01/29 23:45:35
9794,1066.1,16289.6,-2664.96,2026/01/29 23:45:35
9795,1066.21,15947.6,-2664.89,2026/01/29 23:45:35
9796,1066.32,15741.8,-2662.35,2026/01/29 23:45:35
9797,1066.43,15659.6,-2667.49,2026/01/29 23:45:35
9798,1066.54,15765.5,-2670.95,2026/01/29 23:45:35
9799,1066.65,16118.7,-2659.91,2026/01/29 23:45:36
9800,1066.76,16749.6,-2657.18,2026/01/29 23:45:36
9801,1066.87,17044.1,-2636.59,2026/01/29 23:45:36
9802,1066.98,17214.7,-2643,2026/01/29 23:45:36
9803,1067.09,17336.1,-2638.84,2026/01/29 23:45:36
9804,1067.19,17372.4,-2631.39,2026/01/29 23:45:36
9805,1067.3,17369.8,-2632.85,2026/01/29 23:45:36
9806,1067.41,17383.6,-2631.36,2026/01/29 23:45:36
9807,1067.52,17421.8,-2630.33,2026/01/29 23:45:36
9808,1067.63,17451.7,-2626.64,2026/01/29 23:45:37
9809,1067.74,17409.9,-2627.71,2026/01/29 23:45:37
9810,1067.85,17258.7,-2632.39,2026/01/29 23:45:37
9811,1067.96,17058.7,-2640.79,2026/01/29 23:45:37
9812,1068.06,16533.7,-2658.98,2026/01/29 23:45:37
9813,1068.17,16057.5,-2659.25,2026/01/29 23:45:37
9814,1068.28,15820.2,-2667.69,2026/01/29 23:45:37
9815,1068.39,15731.2,-2666.23,2026/01/29 23:45:37
9816,1068.5,15787,-2673.01,2026/01/29 23:45:37
9817,1068.61,16112.6,-2658.33,2026/01/29 23:45:38
9818,1068.72,16757.5,-2658.78,2026/01/29 23:45:38
9819,1068.83,17057.3,-2638.75,2026/01/29 23:45:38
9820,1068.93,17209.5,-2638.39,2026/01/29 23:45:38
9821,1069.04,17329,-2632.8,2026/01/29 23:45:38
9822,1069.15,17392.7,-2628.13,2026/01/29 23:45:38
9823,1069.26,17458.5,-2620.53,2026/01/29 23:45:38
9824,1069.37,17486.6,-2618,2026/01/29 23:45:38
9825,1069.48,17508.1,-2616.28,2026/01/29 23:45:38
9826,1069.59,17509.4,-2615.14,2026/01/29 23:45:39
9827,1069.7,17484,-2619.23,2026/01/29 23:45:39
9828,1069.8,17373.1,-2621.81,2026/01/29 23:45:39
9829,1069.91,17116.4,-2636.73,2026/01/29 23:45:39
9830,1070.02,16943.8,-2637.61,2026/01/29 23:45:39
9831,1070.13,16507.4,-2659.47,2026/01/29 23:45:39
9832,1070.24,16241.1,-2657.2,2026/01/29 23:45:39
9833,1070.35,16071.3,-2656.36,2026/01/29 23:45:39
9834,1070.46,15980,-2663.7,2026/01/29 23:45:39
9835,1070.57,16012.6,-2662.46,2026/01/29 23:45:39
9836,1070.68,16513.4,-2672.51,2026/01/29 23:45:40
9837,1070.79,17030.4,-2633.41,2026/01/29 23:45:40
9838,1070.89,17236.6,-2637.21,2026/01/29 23:45:40
9839,1071,17351.6,-2632.22,2026/01/29 23:45:40
9840,1071.11,17368.7,-2624.81,2026/01/29 23:45:40
9841,1071.22,17436.5,-2621.79,2026/01/29 23:45:40
9842,1071.33,17482.2,-2615.04,2026/01/29 23:45:40
9843,1071.44,17500.3,-2613.57,2026/01/29 23:45:40
9844,1071.54,17487.1,-2617.07,2026/01/29 23:45:40
9845,1071.65,17339.4,-2621.15,2026/01/29 23:45:41
9846,1071.76,17086.1,-2635.17,2026/01/29 23:45:41
9847,1071.87,16659.3,-2642.18,2026/01/29 23:45:41
9848,1071.98,16237.7,-2653.25,2026/01/29 23:45:41
9849,1072.09,15956.8,-2663.35,2026/01/29 23:45:41
9850,1072.2,15850.2,-2667.02,2026/01/29 23:45:41
9851,1072.3,15868.7,-2667.05,2026/01/29 23:45:41
9852,1072.41,16080.7,-2660.26,2026/01/29 23:45:41
9853,1072.52,16847.4,-2651.5,2026/01/29 23:45:41
9854,1072.63,17056.8,-2633.12,2026/01/29 23:45:42
9855,1072.74,17271.3,-2631.66,2026/01/29 23:45:42
9856,1072.85,17356.3,-2624.47,2026/01/29 23:45:42
9857,1072.96,17448.4,-2615.15,2026/01/29 23:45:42
9858,1073.07,17466.4,-2615.07,2026/01/29 23:45:42
9859,1073.17,17480.6,-2609.32,2026/01/29 23:45:42
9860,1073.28,17489.7,-2611.34,2026/01/29 23:45:42
9861,1073.39,17502.7,-2609.38,2026/01/29 23:45:42
9862,1073.5,17470.8,-2614.39,2026/01/29 23:45:42
9863,1073.61,17378.2,-2622.07,2026/01/29 23:45:43
9864,1073.72,17088.5,-2633.95,2026/01/29 23:45:43
9865,1073.82,16448,-2644.3,2026/01/29 23:45:43
9866,1073.93,15975.2,-2656.4,2026/01/29 23:45:43
9867,1074.04,15811.2,-2662.49,2026/01/29 23:45:43
9868,1074.15,15773.8,-2664.86,2026/01/29 23:45:43
9869,1074.26,15837.9,-2669.62,2026/01/29 23:45:43
9870,1074.37,16187.8,-2651.77,2026/01/29 23:45:43
9871,1074.48,16882.8,-2650.13,2026/01/29 23:45:43
9872,1074.59,17065.4,-2640.89,2026/01/29 23:45:44
9873,1074.7,17267.6,-2638.54,2026/01/29 23:45:44
9874,1074.81,17373.2,-2634.15,2026/01/29 23:45:44
9875,1074.92,17465.1,-2625.95,2026/01/29 23:45:44
9876,1075.03,17489.7,-2621.91,2026/01/29 23:45:44
9877,1075.14,17511.4,-2620.27,2026/01/29 23:45:44
9878,1075.25,17524.6,-2616.12,2026/01/29 23:45:44
9879,1075.35,17531.8,-2617.84,2026/01/29 23:45:44
9880,1075.46,17502.8,-2618.81,2026/01/29 23:45:44
9881,1075.57,17409.8,-2612.89,2026/01/29 23:45:44
9882,1075.68,17128.5,-2641.51,2026/01/29 23:45:45
9883,1075.79,16949.2,-2629.19,2026/01/29 23:45:45
9884,1075.9,16376.8,-2655.78,2026/01/29 23:45:45
9885,1076.01,16053.9,-2657.76,2026/01/29 23:45:45
9886,1076.12,15828.4,-2663.48,2026/01/29 23:45:45
9887,1076.23,15827.1,-2671,2026/01/29 23:45:45
9888,1076.34,16160.7,-2658.12,2026/01/29 23:45:45
9889,1076.45,16753.8,-2655.26,2026/01/29 23:45:45
9890,1076.55,17051.1,-2640.38,2026/01/29 23:45:45
9891,1076.66,17206.8,-2644.52,2026/01/29 23:45:46
9892,1076.77,17392.9,-2636.56,2026/01/29 23:45:46
9893,1076.88,17475.5,-2625.72,2026/01/29 23:45:46
9894,1076.99,17503.5,-2622.47,2026/01/29 23:45:46
9895,1077.1,17514.7,-2622.31,2026/01/29 23:45:46
9896,1077.21,17532.3,-2620.09,2026/01/29 23:45:46
9897,1077.32,17534.3,-2618.19,2026/01/29 23:45:46
9898,1077.42,17542.8,-2619.44,2026/01/29 23:45:46
9899,1077.53,17488.8,-2620.05,2026/01/29 23:45:46
9900,1077.64,17250.6,-2636.96,2026/01/29 23:45:47
9901,1077.75,17061.3,-2637.16,2026/01/29 23:45:47
9902,1077.86,16456.4,-2660.29,2026/01/29 23:45:47
9903,1077.96,16069.8,-2651.99,2026/01/29 23:45:47
9904,1078.07,15761,-2667.26,2026/01/29 23:45:47
9905,1078.18,15801.2,-2675.82,2026/01/29 23:45:47
9906,1078.29,16599.5,-2679.99,2026/01/29 23:45:47
9907,1078.4,17038,-2646.02,2026/01/29 23:45:47
9908,1078.51,17278.8,-2645.94,2026/01/29 23:45:47
9909,1078.62,17405.8,-2641.83,2026/01/29 23:45:48
9910,1078.73,17456.1,-2628.56,2026/01/29 23:45:48
9911,1078.84,17472.8,-2632.56,2026/01/29 23:45:48
9912,1078.95,17485.8,-2630.32,2026/01/29 23:45:48
9913,1079.06,17489.6,-2630.1,2026/01/29 23:45:48
9914,1079.16,17497,-2628.26,2026/01/29 23:45:48
9915,1079.27,17501,-2630.34,2026/01/29 23:45:48
9916,1079.38,17506.5,-2627.34,2026/01/29 23:45:48
9917,1079.49,17513,-2630.38,2026/01/29 23:45:48
9918,1079.6,17515.1,-2626.98,2026/01/29 23:45:49
9919,1079.71,17523.6,-2625.41,2026/01/29 23:45:49
9920,1079.82,17524.5,-2627.26,2026/01/29 23:45:49
9921,1079.93,17535.5,-2626.87,2026/01/29 23:45:49
9922,1080.03,17483.5,-2631.21,2026/01/29 23:45:49
9923,1080.14,17420.5,-2637.61,2026/01/29 23:45:49
9924,1080.25,17338.1,-2637.55,2026/01/29 23:45:49
9925,1080.36,17246.1,-2650.49,2026/01/29 23:45:49
9926,1080.47,17204.2,-2647.83,2026/01/29 23:45:49
9927,1080.58,17164.5,-2650.41,2026/01/29 23:45:49
9928,1080.69,17138.5,-2650.56,2026/01/29 23:45:50
9929,1080.79,17100.3,-2655.83,2026/01/29 23:45:50
9930,1080.9,17090.5,-2653.81,2026/01/29 23:45:50
9931,1081.01,17078.6,-2655.59,2026/01/29 23:45:50
9932,1081.12,17063.8,-2654.08,2026/01/29 23:45:50
9933,1081.23,17052.8,-2652.86,2026/01/29 23:45:50
9934,1081.34,16982.1,-2654.81,2026/01/29 23:45:50
9935,1081.44,16872.5,-2660.71,2026/01/29 23:45:50
9936,1081.55,16767,-2665.76,2026/01/29 23:45:50
9937,1081.66,16710.2,-2663.92,2026/01/29 23:45:51
9938,1081.77,16609.7,-2664.88,2026/01/29 23:45:51
9939,1081.88,16468.9,-2671.91,2026/01/29 23:45:51
9940,1081.99,16415.5,-2666.98,2026/01/29 23:45:51
9941,1082.1,16477.3,-2666.8,2026/01/29 23:45:51
9942,1082.2,16669.2,-2654,2026/01/29 23:45:51
9943,1082.31,16937.7,-2648.58,2026/01/29 23:45:51
9944,1082.42,17184,-2643.98,2026/01/29 23:45:51
9945,1082.53,17222,-2638.33,2026/01/29 23:45:51
9946,1082.64,17278.1,-2635.87,2026/01/29 23:45:52
9947,1082.75,17294.3,-2633.96,2026/01/29 23:45:52
9948,1082.86,17311.2,-2636.75,2026/01/29 23:45:52
9949,1082.96,17363,-2633.14,2026/01/29 23:45:52
9950,1083.07,17430.5,-2629.05,2026/01/29 23:45:52
9951,1083.18,17476.9,-2623.28,2026/01/29 23:45:52
9952,1083.29,17488.9,-2618.16,2026/01/29 23:45:52
9953,1083.4,17588,-2608.9,2026/01/29 23:45:52
9954,1083.51,17621.6,-2613.17,2026/01/29 23:45:52
9955,1083.62,17651.8,-2605.71,2026/01/29 23:45:53
9956,1083.72,17660,-2604.47,2026/01/29 23:45:53
9957,1083.83,17652.4,-2607.78,2026/01/29 23:45:53
9958,1083.94,17653.7,-2605.95,2026/01/29 23:45:53
9959,1084.05,17645,-2607.3,2026/01/29 23:45:53
9960,1084.16,17642.9,-2609.59,2026/01/29 23:45:53
9961,1084.27,17648.9,-2605.01,2026/01/29 23:45:53
9962,1084.37,17629.2,-2607.32,2026/01/29 23:45:53
9963,1084.48,17578.9,-2608.95,2026/01/29 23:45:53
9964,1084.59,17517,-2609.94,2026/01/29 23:45:54
9965,1084.7,17472.5,-2609.43,2026/01/29 23:45:54
9966,1084.81,17436.7,-2610.67,2026/01/29 23:45:54
9967,1084.92,17411,-2609.15,2026/01/29 23:45:54
9968,1085.03,17400.2,-2611.19,2026/01/29 23:45:54
9969,1085.14,17388.9,-2609.24,2026/01/29 23:45:54
9970,1085.25,17384.2,-2608.74,2026/01/29 23:45:54
9971,1085.35,17366.2,-2608.32,2026/01/29 23:45:54
9972,1085.46,17353.8,-2607.75,2026/01/29 23:45:54
9973,1085.57,17329.5,-2605.18,2026/01/29 23:45:54
9974,1085.68,17321.3,-2604.88,2026/01/29 23:45:55
9975,1085.79,17307.1,-2605.44,2026/01/29 23:45:55
9976,1085.9,17272.2,-2603.75,2026/01/29 23:45:55
9977,1086,17235.1,-2601.93,2026/01/29 23:45:55
9978,1086.11,17176.2,-2597.54,2026/01/29 23:45:55
9979,1086.22,17065,-2594.92,2026/01/29 23:45:55
9980,1086.33,16948.6,-2591.89,2026/01/29 23:45:55
9981,1086.44,16878,-2583.34,2026/01/29 23:45:55
9982,1086.55,16819.8,-2582.02,2026/01/29 23:45:55
9983,1086.66,16770.1,-2572.17,2026/01/29 23:45:56
9984,1086.77,16734.8,-2574.5,2026/01/29 23:45:56
9985,1086.88,16699,-2572.78,2026/01/29 23:45:56
9986,1086.99,16614.8,-2585.46,2026/01/29 23:45:56
9987,1087.09,16630.3,-2594.72,2026/01/29 23:45:56
9988,1087.2,16748.7,-2591.17,2026/01/29 23:45:56
9989,1087.31,16886,-2599.82,2026/01/29 23:45:56
9990,1087.42,17104.8,-2596.47,2026/01/29 23:45:56
9991,1087.53,17233.5,-2605.11,2026/01/29 23:45:56
9992,1087.64,17389.5,-2606.82,2026/01/29 23:45:57
9993,1087.75,17296.3,-2606.61,2026/01/29 23:45:57
9994,1087.86,17306.7,-2605.2,2026/01/29 23:45:57
9995,1087.97,17302.9,-2606.09,2026/01/29 23:45:57
9996,1088.07,17322.4,-2607.22,2026/01/29 23:45:57
9997,1088.18,17336.1,-2605.81,2026/01/29 23:45:57
9998,1088.29,17362.7,-2610.82,2026/01/29 23:45:57
9999,1088.4,17423.8,-2611.94,2026/01/29 23:45:57
10000,1088.51,17458.7,-2612.18,2026/01/29 23:45:57
10001,1088.62,17476.3,-2612.02,2026/01/29 23:45:58
10002,1088.73,17486.4,-2613.69,2026/01/29 23:45:58
10003,1088.84,17496.1,-2611.77,2026/01/29 23:45:58
10004,1088.95,17497.8,-2619.75,2026/01/29 23:45:58
10005,1089.05,17583.6,-2611.07,2026/01/29 23:45:58
10006,1089.16,17598.6,-2612.35,2026/01/29 23:45:58
10007,1089.27,17602.9,-2612.02,2026/01/29 23:45:58
10008,1089.38,17610.1,-2610.35,2026/01/29 23:45:58
10009,1089.49,17614.9,-2611.8,2026/01/29 23:45:58
10010,1089.6,17624.6,-2610.79,2026/01/29 23:45:59
10011,1089.7,17624.3,-2610.52,2026/01/29 23:45:59
10012,1089.81,17622.4,-2610.53,2026/01/29 23:45:59
10013,1089.92,17609.1,-2611.31,2026/01/29 23:45:59
10014,1090.03,17567.2,-2610.87,2026/01/29 23:45:59
10015,1090.14,17505.1,-2613.78,2026/01/29 23:45:59
10016,1090.25,17426,-2610.74,2026/01/29 23:45:59
10017,1090.36,17391.9,-2611.95,2026/01/29 23:45:59
10018,1090.47,17367,-2612.11,2026/01/29 23:45:59
10019,1090.58,17367.8,-2608.31,2026/01/29 23:45:59
10020,1090.69,17346.7,-2612.08,2026/01/29 23:46:00
10021,1090.79,17336.3,-2611.42,2026/01/29 23:46:00
10022,1090.9,17319.1,-2608.96,2026/01/29 23:46:00
10023,1091.01,17302.1,-2611.55,2026/01/29 23:46:00
10024,1091.12,17298.7,-2607.78,2026/01/29 23:46:00
10025,1091.23,17286,-2609.57,2026/01/29 23:46:00
10026,1091.34,17273.5,-2607.43,2026/01/29 23:46:00
10027,1091.45,17260.4,-2607.39,2026/01/29 23:46:00
10028,1091.55,17198.3,-2600.03,2026/01/29 23:46:00
10029,1091.66,17124.7,-2603.62,2026/01/29 23:46:01
10030,1091.77,17056.2,-2599.61,2026/01/29 23:46:01
10031,1091.88,16984.5,-2596.03,2026/01/29 23:46:01
10032,1091.99,16925.4,-2595.16,2026/01/29 23:46:01
10033,1092.1,16877.9,-2585.16,2026/01/29 23:46:01
10034,1092.21,16827.5,-2584.66,2026/01/29 23:46:01
10035,1092.32,16799.3,-2576.12,2026/01/29 23:46:01
10036,1092.43,16693.2,-2574.25,2026/01/29 23:46:01
10037,1092.54,16606.3,-2584.49,2026/01/29 23:46:01
10038,1092.64,16223.3,-2636.53,2026/01/29 23:46:02
10039,1092.75,15959.8,-2667.83,2026/01/29 23:46:02
10040,1092.86,15872.7,-2673.54,2026/01/29 23:46:02
10041,1092.97,15823.9,-2672.61,2026/01/29 23:46:02
10042,1093.08,15838.3,-2676.88,2026/01/29 23:46:02
10043,1093.19,15954.7,-2676.08,2026/01/29 23:46:02
10044,1093.3,16270.5,-2660.92,2026/01/29 23:46:02
10045,1093.41,16638.5,-2667.72,2026/01/29 23:46:02
10046,1093.51,16921.2,-2658.1,2026/01/29 23:46:02
10047,1093.62,17091.7,-2657.77,2026/01/29 23:46:03
10048,1093.73,17170,-2657.42,2026/01/29 23:46:03
10049,1093.84,17183.4,-2642.09,2026/01/29 23:46:03
10050,1093.95,17097.1,-2658.39,2026/01/29 23:46:03
10051,1094.06,17124.5,-2657.71,2026/01/29 23:46:03
10052,1094.17,17170.3,-2655.93,2026/01/29 23:46:03
10053,1094.27,17254.7,-2650.73,2026/01/29 23:46:03
10054,1094.38,17276.6,-2652.96,2026/01/29 23:46:03
10055,1094.49,17312.1,-2647,2026/01/29 23:46:03
10056,1094.6,17315.6,-2647.73,2026/01/29 23:46:04
10057,1094.71,17320.4,-2648.8,2026/01/29 23:46:04
10058,1094.82,17403.7,-2639.45,2026/01/29 23:46:04
10059,1094.93,17423.9,-2638.63,2026/01/29 23:46:04
10060,1095.04,17438.2,-2634.31,2026/01/29 23:46:04
10061,1095.15,17447.3,-2635.89,2026/01/29 23:46:04
10062,1095.26,17450.5,-2634.25,2026/01/29 23:46:04
10063,1095.36,17436.2,-2635.91,2026/01/29 23:46:04
10064,1095.47,17378.7,-2639.06,2026/01/29 23:46:04
10065,1095.58,17290.3,-2647.29,2026/01/29 23:46:05
10066,1095.69,17224.5,-2650.1,2026/01/29 23:46:05
10067,1095.8,17194.3,-2653.68,2026/01/29 23:46:05
10068,1095.91,17154.3,-2652.18,2026/01/29 23:46:05
10069,1096.01,17105.4,-2652.98,2026/01/29 23:46:05
10070,1096.12,17073.1,-2655.65,2026/01/29 23:46:05
10071,1096.23,17078,-2654.81,2026/01/29 23:46:05
10072,1096.34,17032.9,-2653.38,2026/01/29 23:46:05
10073,1096.45,16956.5,-2658.89,2026/01/29 23:46:05
10074,1096.56,16860.2,-2656.98,2026/01/29 23:46:05
10075,1096.66,16720.3,-2664.79,2026/01/29 23:46:06
10076,1096.77,16586.5,-2666.75,2026/01/29 23:46:06
10077,1096.88,16453.6,-2667.17,2026/01/29 23:46:06
10078,1096.99,16310.4,-2664.5,2026/01/29 23:46:06
10079,1097.1,16122.8,-2666.12,2026/01/29 23:46:06
10080,1097.21,15989.5,-2677.86,2026/01/29 23:46:06
10081,1097.32,15998.1,-2676.89,2026/01/29 23:46:06
10082,1097.43,16073.9,-2669.42,2026/01/29 23:46:06
10083,1097.54,16242.4,-2660.89,2026/01/29 23:46:06
10084,1097.65,16414.1,-2663.75,2026/01/29 23:46:07
10085,1097.75,16523.9,-2661.8,2026/01/29 23:46:07
10086,1097.86,16623.2,-2662.66,2026/01/29 23:46:07
10087,1097.97,16820.8,-2654.81,2026/01/29 23:46:07
10088,1098.08,16896.2,-2655.22,2026/01/29 23:46:07
10089,1098.19,17051.9,-2654.18,2026/01/29 23:46:07
10090,1098.3,17177.8,-2652.06,2026/01/29 23:46:07
10091,1098.41,17223.4,-2650.8,2026/01/29 23:46:07
10092,1098.52,17124.1,-2651.21,2026/01/29 23:46:07
10093,1098.62,17124.3,-2651.33,2026/01/29 23:46:08
10094,1098.73,17199.3,-2649.8,2026/01/29 23:46:08
10095,1098.84,17246.1,-2648.05,2026/01/29 23:46:08
10096,1098.95,17278.8,-2643.02,2026/01/29 23:46:08
10097,1099.06,17283.9,-2644.25,2026/01/29 23:46:08
10098,1099.17,17296.2,-2640.73,2026/01/29 23:46:08
10099,1099.28,17307.6,-2640.32,2026/01/29 23:46:08
10100,1099.39,17318.8,-2640.35,2026/01/29 23:46:08
10101,1099.49,17333.5,-2634.25,2026/01/29 23:46:08
10102,1099.6,17409.1,-2638.77,2026/01/29 23:46:09
10103,1099.71,17523.9,-2616.45,2026/01/29 23:46:09
10104,1099.82,17538.7,-2616.35,2026/01/29 23:46:09
10105,1099.93,17554.3,-2614.54,2026/01/29 23:46:09
10106,1100.04,17560.3,-2616.23,2026/01/29 23:46:09
10107,1100.15,17565.8,-2614.33,2026/01/29 23:46:09
10108,1100.25,17547.4,-2615.68,2026/01/29 23:46:09
10109,1100.36,17515.1,-2616.52,2026/01/29 23:46:09
10110,1100.47,17497.1,-2614.35,2026/01/29 23:46:09
10111,1100.58,17393.6,-2615.03,2026/01/29 23:46:10
10112,1100.69,17380.3,-2615.08,2026/01/29 23:46:10
10113,1100.8,17346.7,-2612.34,2026/01/29 23:46:10
10114,1100.91,17295.8,-2612.66,2026/01/29 23:46:10
10115,1101.01,17248.1,-2607.54,2026/01/29 23:46:10
10116,1101.12,17222.7,-2609.15,2026/01/29 23:46:10
10117,1101.23,17163.3,-2608.23,2026/01/29 23:46:10
10118,1101.34,17142.1,-2606.39,2026/01/29 23:46:10
10119,1101.45,17106.7,-2603.03,2026/01/29 23:46:10
10120,1101.56,17055.7,-2603.5,2026/01/29 23:46:10
10121,1101.66,16969,-2598.26,2026/01/29 23:46:11
10122,1101.77,16883.7,-2593.86,2026/01/29 23:46:11
10123,1101.88,16826,-2588.43,2026/01/29 23:46:11
10124,1101.99,16789,-2574.34,2026/01/29 23:46:11
10125,1102.1,16666.6,-2575.37,2026/01/29 23:46:11
10126,1102.21,16128.4,-2641.79,2026/01/29 23:46:11
10127,1102.32,15949.1,-2677.88,2026/01/29 23:46:11
10128,1102.43,16098.3,-2670.93,2026/01/29 23:46:11
10129,1102.53,16479.4,-2665.09,2026/01/29 23:46:11
10130,1102.64,16819.9,-2659.94,2026/01/29 23:46:12
10131,1102.75,17019.8,-2654.54,2026/01/29 23:46:12
10132,1102.86,17063.2,-2651.28,2026/01/29 23:46:12
10133,1102.97,17089.8,-2650.75,2026/01/29 23:46:12
10134,1103.08,17097.7,-2654.99,2026/01/29 23:46:12
10135,1103.19,17113.9,-2650.33,2026/01/29 23:46:12
10136,1103.3,17154.7,-2653.51,2026/01/29 23:46:12
10137,1103.41,17215.9,-2651.42,2026/01/29 23:46:12
10138,1103.52,17241.4,-2651.57,2026/01/29 23:46:12
10139,1103.62,17280,-2648.7,2026/01/29 23:46:13
10140,1103.73,17278.4,-2646.54,2026/01/29 23:46:13
10141,1103.84,17287.8,-2647.88,2026/01/29 23:46:13
10142,1103.95,17315.9,-2644.09,2026/01/29 23:46:13
10143,1104.06,17317.7,-2642.73,2026/01/29 23:46:13
10144,1104.17,17324.8,-2640.77,2026/01/29 23:46:13
10145,1104.28,17326.8,-2643.19,2026/01/29 23:46:13
10146,1104.39,17368.2,-2636.8,2026/01/29 23:46:13
10147,1104.5,17387.4,-2638.42,2026/01/29 23:46:13
10148,1104.6,17397.8,-2634.59,2026/01/29 23:46:14
10149,1104.71,17400.2,-2637.85,2026/01/29 23:46:14
10150,1104.82,17403.2,-2636.04,2026/01/29 23:46:14
10151,1104.93,17374.3,-2640.02,2026/01/29 23:46:14
10152,1105.04,17303.8,-2645.84,2026/01/29 23:46:14
10153,1105.15,17247.2,-2647.37,2026/01/29 23:46:14
10154,1105.26,17187.5,-2648.99,2026/01/29 23:46:14
10155,1105.37,17123.8,-2652.35,2026/01/29 23:46:14
10156,1105.47,17113.1,-2651.72,2026/01/29 23:46:14
10157,1105.58,17079.3,-2650.13,2026/01/29 23:46:15
10158,1105.69,16981.1,-2653.75,2026/01/29 23:46:15
10159,1105.8,16895.2,-2655.53,2026/01/29 23:46:15
10160,1105.91,16784.8,-2659.55,2026/01/29 23:46:15
10161,1106.02,16637,-2660.5,2026/01/29 23:46:15
10162,1106.13,16514.7,-2663.94,2026/01/29 23:46:15
10163,1106.23,16369.4,-2661.92,2026/01/29 23:46:15
10164,1106.35,16136.8,-2660.86,2026/01/29 23:46:15
10165,1106.45,15881.8,-2675.8,2026/01/29 23:46:15
10166,1106.56,15756.2,-2680.6,2026/01/29 23:46:15
10167,1106.67,15660.8,-2680.54,2026/01/29 23:46:16
10168,1106.78,15546.8,-2694.47,2026/01/29 23:46:16
10169,1106.89,15568.2,-2695.37,2026/01/29 23:46:16
10170,1107,15652.4,-2694.05,2026/01/29 23:46:16
10171,1107.11,15926.8,-2679.64,2026/01/29 23:46:16
10172,1107.22,16249.9,-2664.69,2026/01/29 23:46:16
10173,1107.33,16656.9,-2672.72,2026/01/29 23:46:16
10174,1107.44,16897.3,-2647.09,2026/01/29 23:46:16
10175,1107.55,16982.5,-2659.79,2026/01/29 23:46:16
10176,1107.66,17045.1,-2663.71,2026/01/29 23:46:17
10177,1107.77,17100.5,-2661.84,2026/01/29 23:46:17
10178,1107.87,17112.9,-2664.13,2026/01/29 23:46:17
10179,1107.98,17139.8,-2661.93,2026/01/29 23:46:17
10180,1108.09,17156.1,-2660.65,2026/01/29 23:46:17
10181,1108.2,17084.2,-2664.65,2026/01/29 23:46:17
10182,1108.31,17128.9,-2658.55,2026/01/29 23:46:17
10183,1108.42,17166.3,-2661.05,2026/01/29 23:46:17
10184,1108.53,17200.4,-2657.54,2026/01/29 23:46:17
10185,1108.64,17226.4,-2656.36,2026/01/29 23:46:18
10186,1108.75,17243.8,-2656.27,2026/01/29 23:46:18
10187,1108.85,17256.5,-2654.6,2026/01/29 23:46:18
10188,1108.96,17270.4,-2650.33,2026/01/29 23:46:18
10189,1109.07,17266.7,-2652.73,2026/01/29 23:46:18
10190,1109.18,17271.9,-2650.82,2026/01/29 23:46:18
10191,1109.29,17278.1,-2652.09,2026/01/29 23:46:18
10192,1109.4,17283.8,-2649.89,2026/01/29 23:46:18
10193,1109.51,17304.9,-2647.39,2026/01/29 23:46:18
10194,1109.62,17340.3,-2648,2026/01/29 23:46:19
10195,1109.73,17361.7,-2644.97,2026/01/29 23:46:19
10196,1109.83,17356.2,-2647.87,2026/01/29 23:46:19
10197,1109.94,17339.4,-2648.57,2026/01/29 23:46:19
10198,1110.05,17320.9,-2651.14,2026/01/29 23:46:19
10199,1110.16,17263.3,-2655.14,2026/01/29 23:46:19
10200,1110.27,17211.2,-2656.86,2026/01/29 23:46:19
10201,1110.38,17120.2,-2661.86,2026/01/29 23:46:19
10202,1110.49,17072.8,-2661.53,2026/01/29 23:46:19
10203,1110.6,17044.8,-2662.91,2026/01/29 23:46:20
10204,1110.7,17005.7,-2661,2026/01/29 23:46:20
10205,1110.81,16915.6,-2670.91,2026/01/29 23:46:20
10206,1110.92,16894.1,-2664.81,2026/01/29 23:46:20
10207,1111.03,16802,-2666.9,2026/01/29 23:46:20
10208,1111.14,16686.1,-2671.12,2026/01/29 23:46:20
10209,1111.25,16599.6,-2671.3,2026/01/29 23:46:20
10210,1111.36,16511.3,-2677.86,2026/01/29 23:46:20
10211,1111.47,16427.5,-2668.58,2026/01/29 23:46:20
10212,1111.57,16321.5,-2664.13,2026/01/29 23:46:20
10213,1111.68,16123,-2661.99,2026/01/29 23:46:21
10214,1111.79,15947.2,-2679.31,2026/01/29 23:46:21
10215,1111.9,15975.3,-2678.1,2026/01/29 23:46:21
10216,1112.01,16202.5,-2664.25,2026/01/29 23:46:21
10217,1112.12,16553.2,-2668.26,2026/01/29 23:46:21
10218,1112.23,16877,-2659.39,2026/01/29 23:46:21
10219,1112.34,17056.3,-2654.91,2026/01/29 23:46:21
10220,1112.45,17055.1,-2656.85,2026/01/29 23:46:21
10221,1112.56,17065,-2655.67,2026/01/29 23:46:21
10222,1112.66,17075.3,-2654.37,2026/01/29 23:46:22
10223,1112.77,17104.7,-2659.06,2026/01/29 23:46:22
10224,1112.88,17188.9,-2653.67,2026/01/29 23:46:22
10225,1112.99,17232.8,-2652.96,2026/01/29 23:46:22
10226,1113.1,17250.9,-2651.31,2026/01/29 23:46:22
10227,1113.21,17259,-2649.12,2026/01/29 23:46:22
10228,1113.32,17274.3,-2650.24,2026/01/29 23:46:22
10229,1113.42,17296.2,-2647.03,2026/01/29 23:46:22
10230,1113.53,17294.2,-2646.33,2026/01/29 23:46:22
10231,1113.64,17303.7,-2644.78,2026/01/29 23:46:23
10232,1113.75,17306.6,-2647.85,2026/01/29 23:46:23
10233,1113.86,17320.3,-2642.38,2026/01/29 23:46:23
10234,1113.97,17326.7,-2644.81,2026/01/29 23:46:23
10235,1114.08,17376.1,-2640.22,2026/01/29 23:46:23
10236,1114.19,17388.9,-2639.97,2026/01/29 23:46:23
10237,1114.3,17403.3,-2640.22,2026/01/29 23:46:23
10238,1114.4,17388.9,-2638.25,2026/01/29 23:46:23
10239,1114.51,17381,-2646.16,2026/01/29 23:46:23
10240,1114.62,17329.4,-2646.63,2026/01/29 23:46:24
10241,1114.73,17251.6,-2652.52,2026/01/29 23:46:24
10242,1114.84,17237.2,-2650.2,2026/01/29 23:46:24
10243,1114.95,17179.3,-2652.49,2026/01/29 23:46:24
10244,1115.06,17122.1,-2651.5,2026/01/29 23:46:24
10245,1115.17,17091.7,-2655.74,2026/01/29 23:46:24
10246,1115.27,17067,-2652.93,2026/01/29 23:46:24
10247,1115.38,17001,-2655.65,2026/01/29 23:46:24
10248,1115.49,16923.3,-2659.71,2026/01/29 23:46:24
10249,1115.6,16879.5,-2657.96,2026/01/29 23:46:25
10250,1115.71,16819.2,-2659.48,2026/01/29 23:46:25
10251,1115.82,16710.3,-2658.97,2026/01/29 23:46:25
10252,1115.93,16604.9,-2663.12,2026/01/29 23:46:25
10253,1116.04,16620.1,-2660.9,2026/01/29 23:46:25
10254,1116.15,16603.8,-2661.42,2026/01/29 23:46:25
10255,1116.25,16558.3,-2664.89,2026/01/29 23:46:25
10256,1116.36,16559.9,-2663.48,2026/01/29 23:46:25
10257,1116.47,16574.8,-2662.23,2026/01/29 23:46:25
10258,1116.58,16721.7,-2654.06,2026/01/29 23:46:26
10259,1116.69,16949.4,-2651.36,2026/01/29 23:46:26
10260,1116.8,17106.4,-2645.4,2026/01/29 23:46:26
10261,1116.91,17122.2,-2644.31,2026/01/29 23:46:26
10262,1117.02,17149.7,-2643.17,2026/01/29 23:46:26
10263,1117.13,17170.8,-2643.8,2026/01/29 23:46:26
10264,1117.24,17251,-2642.6,2026/01/29 23:46:26
10265,1117.34,17310.1,-2635.54,2026/01/29 23:46:26
10266,1117.45,17320.7,-2636.08,2026/01/29 23:46:26
10267,1117.56,17333.6,-2630.59,2026/01/29 23:46:26
10268,1117.67,17395.4,-2625.04,2026/01/29 23:46:27
10269,1117.78,17446,-2617.37,2026/01/29 23:46:27
10270,1117.89,17444.3,-2619.15,2026/01/29 23:46:27
10271,1118,17451,-2617.06,2026/01/29 23:46:27
10272,1118.1,17458.8,-2618.41,2026/01/29 23:46:27
10273,1118.21,17467.6,-2617.89,2026/01/29 23:46:27
10274,1118.32,17510.6,-2617.1,2026/01/29 23:46:27
10275,1118.43,17524.1,-2619.7,2026/01/29 23:46:27
10276,1118.54,17513.9,-2617.51,2026/01/29 23:46:27
10277,1118.65,17455.8,-2616.52,2026/01/29 23:46:28
10278,1118.75,17387.2,-2615.74,2026/01/29 23:46:28
10279,1118.86,17297.3,-2611.05,2026/01/29 23:46:28
10280,1118.97,17235.7,-2613.37,2026/01/29 23:46:28
10281,1119.08,17146.1,-2606.66,2026/01/29 23:46:28
10282,1119.19,17071,-2603.74,2026/01/29 23:46:28
10283,1119.3,16994.2,-2602.09,2026/01/29 23:46:28
10284,1119.41,16882.6,-2594.35,2026/01/29 23:46:28
10285,1119.51,16826.4,-2586.46,2026/01/29 23:46:28
10286,1119.62,16795,-2585.93,2026/01/29 23:46:29
10287,1119.73,16746.6,-2572.5,2026/01/29 23:46:29
10288,1119.84,16517.6,-2587.13,2026/01/29 23:46:29
10289,1119.95,15941.9,-2664.98,2026/01/29 23:46:29
10290,1120.06,15837.2,-2677.79,2026/01/29 23:46:29
10291,1120.17,15804.6,-2680.34,2026/01/29 23:46:29
10292,1120.28,15749.7,-2676.53,2026/01/29 23:46:29
10293,1120.39,15691,-2679.49,2026/01/29 23:46:29
10294,1120.5,15705.3,-2682.45,2026/01/29 23:46:29
10295,1120.6,15776.8,-2680.91,2026/01/29 23:46:30
10296,1120.71,15952,-2675.8,2026/01/29 23:46:30
10297,1120.82,16219.8,-2661.5,2026/01/29 23:46:30
10298,1120.93,16643.8,-2671.12,2026/01/29 23:46:30
10299,1121.04,16916.2,-2662.58,2026/01/29 23:46:30
10300,1121.15,17048.4,-2655.72,2026/01/29 23:46:30
10301,1121.26,17095.4,-2658.06,2026/01/29 23:46:30
10302,1121.37,17109.4,-2655.76,2026/01/29 23:46:30
10303,1121.47,17125,-2655.77,2026/01/29 23:46:30
10304,1121.58,17182.6,-2654.33,2026/01/29 23:46:31
10305,1121.69,17211.5,-2650.1,2026/01/29 23:46:31
10306,1121.8,17213.5,-2650.17,2026/01/29 23:46:31
10307,1121.91,17246.8,-2649.83,2026/01/29 23:46:31
10308,1122.02,17262,-2645.83,2026/01/29 23:46:31
10309,1122.13,17267.3,-2648.95,2026/01/29 23:46:31
10310,1122.24,17279.5,-2644.33,2026/01/29 23:46:31
10311,1122.35,17278.3,-2645.33,2026/01/29 23:46:31
10312,1122.46,17336,-2640.39,2026/01/29 23:46:31
10313,1122.56,17368.8,-2641.8,2026/01/29 23:46:31
10314,1122.67,17380.5,-2638.2,2026/01/29 23:46:32
10315,1122.78,17378.8,-2640.98,2026/01/29 23:46:32
10316,1122.89,17369.6,-2640.28,2026/01/29 23:46:32
10317,1123,17336.5,-2645.54,2026/01/29 23:46:32
10318,1123.11,17245.2,-2649.57,2026/01/29 23:46:32
10319,1123.22,17200.9,-2650.29,2026/01/29 23:46:32
10320,1123.32,17090.7,-2654.44,2026/01/29 23:46:32
10321,1123.43,17007.3,-2652.79,2026/01/29 23:46:32
10322,1123.54,16845.2,-2658.4,2026/01/29 23:46:32
10323,1123.65,16729.1,-2661.91,2026/01/29 23:46:33
10324,1123.76,16557.8,-2664.98,2026/01/29 23:46:33
10325,1123.87,16400.3,-2664.6,2026/01/29 23:46:33
10326,1123.98,16174.7,-2650.89,2026/01/29 23:46:33
10327,1124.09,15938.2,-2668.92,2026/01/29 23:46:33
10328,1124.2,15808.4,-2671.94,2026/01/29 23:46:33
10329,1124.31,15645.1,-2673.34,2026/01/29 23:46:33
10330,1124.42,15499.8,-2688.06,2026/01/29 23:46:33
10331,1124.52,15495.8,-2692.87,2026/01/29 23:46:33
10332,1124.63,15542.9,-2691.1,2026/01/29 23:46:34
10333,1124.74,15594.8,-2688.6,2026/01/29 23:46:34
10334,1124.85,15771.9,-2680.74,2026/01/29 23:46:34
10335,1124.96,16132.2,-2660.96,2026/01/29 23:46:34
10336,1125.07,16514,-2668.07,2026/01/29 23:46:34
10337,1125.18,16827.9,-2651.2,2026/01/29 23:46:34
10338,1125.29,16954.4,-2659.86,2026/01/29 23:46:34
10339,1125.4,17016.4,-2658.47,2026/01/29 23:46:34
10340,1125.5,17039.4,-2654.22,2026/01/29 23:46:34
10341,1125.61,17061.2,-2656.96,2026/01/29 23:46:35
10342,1125.72,17168.8,-2656.4,2026/01/29 23:46:35
10343,1125.83,17199.5,-2652.07,2026/01/29 23:46:35
10344,1125.94,17232.8,-2650.94,2026/01/29 23:46:35
10345,1126.05,17247.5,-2648.99,2026/01/29 23:46:35
10346,1126.16,17251.9,-2647.25,2026/01/29 23:46:35
10347,1126.27,17337,-2646.05,2026/01/29 23:46:35
10348,1126.37,17361.1,-2642.76,2026/01/29 23:46:35
10349,1126.48,17362.8,-2643.42,2026/01/29 23:46:35
10350,1126.59,17374.2,-2643.13,2026/01/29 23:46:36
10351,1126.7,17344.1,-2644.54,2026/01/29 23:46:36
10352,1126.81,17302.6,-2647.21,2026/01/29 23:46:36
10353,1126.91,17222.8,-2651.52,2026/01/29 23:46:36
10354,1127.02,17189.3,-2657.91,2026/01/29 23:46:36
10355,1127.13,17122.6,-2653.64,2026/01/29 23:46:36
10356,1127.24,17038.8,-2660.93,2026/01/29 23:46:36
10357,1127.35,17003,-2656.58,2026/01/29 23:46:36
10358,1127.46,16870,-2663.98,2026/01/29 23:46:36
10359,1127.57,16729.9,-2663.76,2026/01/29 23:46:36
10360,1127.68,16599.1,-2668.85,2026/01/29 23:46:37
10361,1127.79,16506.2,-2668.78,2026/01/29 23:46:37
10362,1127.9,16418.4,-2665.07,2026/01/29 23:46:37
10363,1128,16365.8,-2656.24,2026/01/29 23:46:37
10364,1128.11,16134.8,-2648.2,2026/01/29 23:46:37
10365,1128.22,15929.3,-2671.47,2026/01/29 23:46:37
10366,1128.33,15938.5,-2670.57,2026/01/29 23:46:37
10367,1128.44,16061.6,-2663.43,2026/01/29 23:46:37
10368,1128.55,16326.5,-2656.97,2026/01/29 23:46:37
10369,1128.66,16710,-2662.67,2026/01/29 23:46:38
10370,1128.77,16920.8,-2654.25,2026/01/29 23:46:38
10371,1128.88,17053.8,-2655.25,2026/01/29 23:46:38
10372,1128.99,17109.2,-2654.02,2026/01/29 23:46:38
10373,1129.1,17111.4,-2647.82,2026/01/29 23:46:38
10374,1129.21,17161.8,-2651.78,2026/01/29 23:46:38
10375,1129.31,17220.5,-2652.2,2026/01/29 23:46:38
10376,1129.42,17244.5,-2651.19,2026/01/29 23:46:38
10377,1129.53,17269.2,-2646.45,2026/01/29 23:46:38
10378,1129.64,17285.7,-2645.83,2026/01/29 23:46:39
10379,1129.75,17302.1,-2645.29,2026/01/29 23:46:39
10380,1129.86,17306.1,-2643.93,2026/01/29 23:46:39
10381,1129.97,17312.1,-2644.29,2026/01/29 23:46:39
10382,1130.07,17320.6,-2641.35,2026/01/29 23:46:39
10383,1130.18,17349.3,-2643.67,2026/01/29 23:46:39
10384,1130.29,17400.5,-2636.74,2026/01/29 23:46:39
10385,1130.4,17416.1,-2637.72,2026/01/29 23:46:39
10386,1130.51,17428.2,-2632.81,2026/01/29 23:46:39
10387,1130.62,17408,-2639.34,2026/01/29 23:46:40
10388,1130.73,17360.4,-2640.51,2026/01/29 23:46:40
10389,1130.84,17267.2,-2644.78,2026/01/29 23:46:40
10390,1130.94,17212.5,-2643.98,2026/01/29 23:46:40
10391,1131.05,17129.9,-2649.85,2026/01/29 23:46:40
10392,1131.16,17053.4,-2652.69,2026/01/29 23:46:40
10393,1131.27,16952.2,-2653.23,2026/01/29 23:46:40
10394,1131.38,16823.7,-2657.46,2026/01/29 23:46:40
10395,1131.49,16726.9,-2654.96,2026/01/29 23:46:40
10396,1131.6,16562.7,-2660.25,2026/01/29 23:46:41
10397,1131.7,16417.4,-2658.92,2026/01/29 23:46:41
10398,1131.81,16291.8,-2651.75,2026/01/29 23:46:41
10399,1131.92,15985.1,-2669.38,2026/01/29 23:46:41
10400,1132.03,15795,-2672.22,2026/01/29 23:46:41
10401,1132.14,15694.2,-2680.46,2026/01/29 23:46:41
10402,1132.25,15763.3,-2678.94,2026/01/29 23:46:41
10403,1132.36,15835.6,-2676.73,2026/01/29 23:46:41
10404,1132.47,16038.4,-2665.48,2026/01/29 23:46:41
10405,1132.58,16420.3,-2664.46,2026/01/29 23:46:41
10406,1132.68,16830.7,-2656.58,2026/01/29 23:46:42
10407,1132.79,17017.3,-2658.39,2026/01/29 23:46:42
10408,1132.9,17058.6,-2658.98,2026/01/29 23:46:42
10409,1133.01,17031.8,-2656.57,2026/01/29 23:46:42
10410,1133.12,17127.8,-2658.46,2026/01/29 23:46:42
10411,1133.23,17205.2,-2652.69,2026/01/29 23:46:42
10412,1133.33,17228.4,-2653.43,2026/01/29 23:46:42
10413,1133.45,17265.3,-2649.17,2026/01/29 23:46:42
10414,1133.55,17279.5,-2649.63,2026/01/29 23:46:42
10415,1133.66,17285.5,-2655.16,2026/01/29 23:46:43
10416,1133.77,17375.6,-2641.68,2026/01/29 23:46:43
10417,1133.88,17388.4,-2642.53,2026/01/29 23:46:43
10418,1133.99,17402.3,-2641.11,2026/01/29 23:46:43
10419,1134.1,17405.2,-2641.43,2026/01/29 23:46:43
10420,1134.21,17415.8,-2640.02,2026/01/29 23:46:43
10421,1134.31,17380.5,-2643.58,2026/01/29 23:46:43
10422,1134.42,17310.3,-2649.95,2026/01/29 23:46:43
10423,1134.53,17225.1,-2650.42,2026/01/29 23:46:43
10424,1134.64,17199.9,-2653.21,2026/01/29 23:46:44
10425,1134.75,17107.5,-2654.76,2026/01/29 23:46:44
10426,1134.86,17038.3,-2659.43,2026/01/29 23:46:44
10427,1134.97,16938,-2659.22,2026/01/29 23:46:44
10428,1135.08,16811.5,-2663.05,2026/01/29 23:46:44
10429,1135.19,16658.6,-2660.33,2026/01/29 23:46:44
10430,1135.3,16479.5,-2668.48,2026/01/29 23:46:44
10431,1135.41,16410.8,-2650.86,2026/01/29 23:46:44
10432,1135.52,16373.2,-2650.23,2026/01/29 23:46:44
10433,1135.62,16214.5,-2647.16,2026/01/29 23:46:45
10434,1135.73,16044.6,-2666.12,2026/01/29 23:46:45
10435,1135.84,16029,-2668.82,2026/01/29 23:46:45
10436,1135.95,16243.5,-2658.98,2026/01/29 23:46:45
10437,1136.06,16712.7,-2657.33,2026/01/29 23:46:45
10438,1136.17,16974.5,-2653.52,2026/01/29 23:46:45
10439,1136.28,17074,-2656.02,2026/01/29 23:46:45
10440,1136.39,17119.8,-2654.71,2026/01/29 23:46:45
10441,1136.5,17132.9,-2655.77,2026/01/29 23:46:45
10442,1136.6,17223.5,-2649.48,2026/01/29 23:46:46
10443,1136.71,17255.3,-2649.44,2026/01/29 23:46:46
10444,1136.82,17293.2,-2648.26,2026/01/29 23:46:46
10445,1136.93,17320.5,-2643.74,2026/01/29 23:46:46
10446,1137.04,17408.3,-2638.69,2026/01/29 23:46:46
10447,1137.15,17433.6,-2636.77,2026/01/29 23:46:46
10448,1137.26,17437.8,-2633.93,2026/01/29 23:46:46
10449,1137.36,17451.4,-2632.49,2026/01/29 23:46:46
10450,1137.47,17456.1,-2629.65,2026/01/29 23:46:46
10451,1137.58,17459.7,-2631.83,2026/01/29 23:46:47
10452,1137.69,17462.4,-2629.05,2026/01/29 23:46:47
10453,1137.8,17440.7,-2633.9,2026/01/29 23:46:47
10454,1137.91,17360.7,-2640.99,2026/01/29 23:46:47
10455,1138.02,17306.4,-2643.56,2026/01/29 23:46:47
10456,1138.12,17235.1,-2648.89,2026/01/29 23:46:47
10457,1138.23,17213.9,-2643.22,2026/01/29 23:46:47
10458,1138.34,17128.9,-2650.46,2026/01/29 23:46:47
10459,1138.45,17037.7,-2649.91,2026/01/29 23:46:47
10460,1138.56,16889.2,-2654.48,2026/01/29 23:46:47
10461,1138.67,16757.8,-2652.25,2026/01/29 23:46:48
10462,1138.78,16588.5,-2657.07,2026/01/29 23:46:48
10463,1138.88,16459.5,-2656.11,2026/01/29 23:46:48
10464,1138.99,16383.7,-2651.32,2026/01/29 23:46:48
10465,1139.1,16175.1,-2648.85,2026/01/29 23:46:48
10466,1139.21,15945.7,-2671.28,2026/01/29 23:46:48
10467,1139.32,15880.1,-2678.52,2026/01/29 23:46:48
10468,1139.43,15930.1,-2675.82,2026/01/29 23:46:48
10469,1139.54,16161.5,-2659.58,2026/01/29 23:46:48
10470,1139.65,16508.7,-2660.37,2026/01/29 23:46:49
10471,1139.76,16858.4,-2654.16,2026/01/29 23:46:49
10472,1139.87,17030.1,-2655.87,2026/01/29 23:46:49
10473,1139.98,17108.3,-2659.29,2026/01/29 23:46:49
10474,1140.09,17162.2,-2657.32,2026/01/29 23:46:49
10475,1140.2,17155.6,-2661.16,2026/01/29 23:46:49
10476,1140.3,17231.6,-2656.89,2026/01/29 23:46:49
10477,1140.41,17265.5,-2655.1,2026/01/29 23:46:49
10478,1140.52,17291.1,-2654.27,2026/01/29 23:46:49
10479,1140.63,17321.5,-2652.19,2026/01/29 23:46:50
10480,1140.74,17321.5,-2650.22,2026/01/29 23:46:50
10481,1140.85,17328.9,-2648.02,2026/01/29 23:46:50
10482,1140.96,17401.3,-2646.28,2026/01/29 23:46:50
10483,1141.06,17429.6,-2642.42,2026/01/29 23:46:50
10484,1141.17,17432,-2643.51,2026/01/29 23:46:50
10485,1141.28,17429.8,-2643.62,2026/01/29 23:46:50
10486,1141.39,17401.6,-2646.44,2026/01/29 23:46:50
10487,1141.5,17317.8,-2652.78,2026/01/29 23:46:50
10488,1141.61,17250.6,-2654.22,2026/01/29 23:46:51
10489,1141.72,17151.3,-2658.38,2026/01/29 23:46:51
10490,1141.82,17074.6,-2657.85,2026/01/29 23:46:51
10491,1141.93,16905.5,-2661.4,2026/01/29 23:46:51
10492,1142.04,16720.7,-2666.28,2026/01/29 23:46:51
10493,1142.15,16579.5,-2665.06,2026/01/29 23:46:51
10494,1142.26,16411.1,-2657.75,2026/01/29 23:46:51
10495,1142.37,16214.4,-2652.15,2026/01/29 23:46:51
10496,1142.48,15969.7,-2677.49,2026/01/29 23:46:51
10497,1142.59,15891.1,-2680.93,2026/01/29 23:46:52
10498,1142.7,15826.7,-2681.72,2026/01/29 23:46:52
10499,1142.81,15855.4,-2680.46,2026/01/29 23:46:52
10500,1142.92,16061.6,-2670.42,2026/01/29 23:46:52
10501,1143.03,16500.8,-2667.35,2026/01/29 23:46:52
10502,1143.14,16897.8,-2662.19,2026/01/29 23:46:52
10503,1143.25,17056.2,-2658.32,2026/01/29 23:46:52
10504,1143.36,17114.6,-2657,2026/01/29 23:46:52
10505,1143.46,17209.9,-2657.55,2026/01/29 23:46:52
10506,1143.57,17259.3,-2653.59,2026/01/29 23:46:52
10507,1143.68,17287.4,-2654.62,2026/01/29 23:46:53
10508,1143.79,17313.1,-2651.11,2026/01/29 23:46:53
10509,1143.9,17313.7,-2650.14,2026/01/29 23:46:53
10510,1144.01,17334,-2654.17,2026/01/29 23:46:53
10511,1144.11,17410.2,-2643.78,2026/01/29 23:46:53
10512,1144.22,17426.4,-2644.54,2026/01/29 23:46:53
10513,1144.33,17429.6,-2640.31,2026/01/29 23:46:53
10514,1144.44,17424.5,-2644.59,2026/01/29 23:46:53
10515,1144.55,17434.1,-2641.85,2026/01/29 23:46:53
10516,1144.66,17393.1,-2646.48,2026/01/29 23:46:54
10517,1144.77,17327.9,-2652.46,2026/01/29 23:46:54
10518,1144.88,17230.5,-2655.3,2026/01/29 23:46:54
10519,1144.99,17193.8,-2657.93,2026/01/29 23:46:54
10520,1145.09,17094,-2659.09,2026/01/29 23:46:54
10521,1145.2,16988,-2658.35,2026/01/29 23:46:54
10522,1145.31,16837.3,-2662.87,2026/01/29 23:46:54
10523,1145.42,16642.4,-2664.96,2026/01/29 23:46:54
10524,1145.53,16438,-2665.8,2026/01/29 23:46:54
10525,1145.64,16287.2,-2654.74,2026/01/29 23:46:55
10526,1145.75,15934.4,-2666.92,2026/01/29 23:46:55
10527,1145.86,15712.2,-2682.9,2026/01/29 23:46:55
10528,1145.97,15723.3,-2682.54,2026/01/29 23:46:55
10529,1146.08,15753.3,-2682.71,2026/01/29 23:46:55
10530,1146.18,15834.2,-2679.38,2026/01/29 23:46:55
10531,1146.29,16072.5,-2668.25,2026/01/29 23:46:55
10532,1146.4,16501.8,-2665.19,2026/01/29 23:46:55
10533,1146.51,16879.8,-2656.44,2026/01/29 23:46:55
10534,1146.62,17003.4,-2654.14,2026/01/29 23:46:56
10535,1146.73,17030.8,-2646.12,2026/01/29 23:46:56
10536,1146.84,17121,-2655.75,2026/01/29 23:46:56
10537,1146.95,17231.3,-2652.55,2026/01/29 23:46:56
10538,1147.05,17275.2,-2649.1,2026/01/29 23:46:56
10539,1147.16,17310.3,-2650.75,2026/01/29 23:46:56
10540,1147.27,17315.6,-2646.04,2026/01/29 23:46:56
10541,1147.38,17350.7,-2651.92,2026/01/29 23:46:56
10542,1147.49,17407.5,-2641.75,2026/01/29 23:46:56
10543,1147.6,17415.5,-2639.12,2026/01/29 23:46:57
10544,1147.71,17423.1,-2639.17,2026/01/29 23:46:57
10545,1147.82,17415.5,-2640.25,2026/01/29 23:46:57
10546,1147.93,17422.8,-2639.12,2026/01/29 23:46:57
10547,1148.04,17387.4,-2644.39,2026/01/29 23:46:57
10548,1148.15,17321.4,-2648.58,2026/01/29 23:46:57
10549,1148.25,17211.2,-2658.11,2026/01/29 23:46:57
10550,1148.36,17151.5,-2653.87,2026/01/29 23:46:57
10551,1148.47,17066.7,-2659.74,2026/01/29 23:46:57
10552,1148.58,16964.4,-2657.58,2026/01/29 23:46:58
10553,1148.69,16856.1,-2662.33,2026/01/29 23:46:58
10554,1148.8,16769.1,-2663.38,2026/01/29 23:46:58
10555,1148.91,16617.3,-2662.9,2026/01/29 23:46:58
10556,1149.02,16421.5,-2662.8,2026/01/29 23:46:58
10557,1149.13,16393.5,-2651.21,2026/01/29 23:46:58
10558,1149.24,16357.3,-2647.99,2026/01/29 23:46:58
10559,1149.35,16150.5,-2651.13,2026/01/29 23:46:58
10560,1149.46,16023.9,-2670.57,2026/01/29 23:46:58
10561,1149.57,16175.6,-2660.63,2026/01/29 23:46:58
10562,1149.68,16506.3,-2663.06,2026/01/29 23:46:59
10563,1149.78,16847.3,-2657.11,2026/01/29 23:46:59
10564,1149.89,17055.7,-2657.01,2026/01/29 23:46:59
10565,1150,17135.9,-2660.22,2026/01/29 23:46:59
10566,1150.11,17211.2,-2658.09,2026/01/29 23:46:59
10567,1150.22,17284.9,-2657.16,2026/01/29 23:46:59
10568,1150.33,17324.4,-2653.45,2026/01/29 23:46:59
10569,1150.44,17354.9,-2650.12,2026/01/29 23:46:59
10570,1150.54,17352.2,-2650.81,2026/01/29 23:46:59
10571,1150.65,17441.3,-2643.28,2026/01/29 23:47:00
10572,1150.76,17452.3,-2640.94,2026/01/29 23:47:00
10573,1150.87,17462.8,-2641.5,2026/01/29 23:47:00
10574,1150.98,17451.8,-2642.76,2026/01/29 23:47:00
10575,1151.09,17455.3,-2641.65,2026/01/29 23:47:00
10576,1151.2,17415.7,-2647.09,2026/01/29 23:47:00
10577,1151.3,17334.6,-2651.03,2026/01/29 23:47:00
10578,1151.41,17266.2,-2652.09,2026/01/29 23:47:00
10579,1151.52,17233.1,-2655.66,2026/01/29 23:47:00
10580,1151.63,17161.9,-2654.25,2026/01/29 23:47:01
10581,1151.74,17095.8,-2657.82,2026/01/29 23:47:01
10582,1151.85,16959.5,-2661.53,2026/01/29 23:47:01
10583,1151.96,16858.6,-2661.06,2026/01/29 23:47:01
10584,1152.06,16762.2,-2665.42,2026/01/29 23:47:01
10585,1152.17,16662.5,-2663.23,2026/01/29 23:47:01
10586,1152.28,16519,-2667.77,2026/01/29 23:47:01
10587,1152.39,16441.9,-2659.79,2026/01/29 23:47:01
10588,1152.5,16383.7,-2656.11,2026/01/29 23:47:01
10589,1152.61,16214.7,-2656.04,2026/01/29 23:47:02
10590,1152.72,16081,-2674.46,2026/01/29 23:47:02
10591,1152.83,16232,-2663.78,2026/01/29 23:47:02
10592,1152.93,16674.4,-2666.31,2026/01/29 23:47:02
10593,1153.04,16963.6,-2661.08,2026/01/29 23:47:02
10594,1153.15,17122,-2661.77,2026/01/29 23:47:02
10595,1153.26,17216.4,-2657.59,2026/01/29 23:47:02
10596,1153.37,17258.7,-2657.24,2026/01/29 23:47:02
10597,1153.48,17301.4,-2655.76,2026/01/29 23:47:02
10598,1153.59,17338.1,-2654.29,2026/01/29 23:47:03
10599,1153.7,17359.4,-2651.37,2026/01/29 23:47:03
10600,1153.81,17364.1,-2650.28,2026/01/29 23:47:03
10601,1153.92,17447.4,-2645.51,2026/01/29 23:47:03
10602,1154.03,17458.5,-2643.48,2026/01/29 23:47:03
10603,1154.13,17462.8,-2642.9,2026/01/29 23:47:03
10604,1154.24,17462.4,-2644.98,2026/01/29 23:47:03
10605,1154.35,17442.9,-2646.25,2026/01/29 23:47:03
10606,1154.46,17379.6,-2649.69,2026/01/29 23:47:03
10607,1154.57,17325.7,-2656.59,2026/01/29 23:47:03
10608,1154.67,17253.8,-2658.94,2026/01/29 23:47:04
10609,1154.78,17186.6,-2657.34,2026/01/29 23:47:04
10610,1154.89,17097.8,-2658.89,2026/01/29 23:47:04
10611,1155,16904.6,-2663.2,2026/01/29 23:47:04
10612,1155.11,16691.6,-2666.77,2026/01/29 23:47:04
10613,1155.22,16489,-2665.44,2026/01/29 23:47:04
10614,1155.33,16272.7,-2655.43,2026/01/29 23:47:04
10615,1155.44,15930.7,-2678.17,2026/01/29 23:47:04
10616,1155.55,15701.3,-2683.89,2026/01/29 23:47:04
10617,1155.65,15543.5,-2696.99,2026/01/29 23:47:05
10618,1155.76,15556,-2702.4,2026/01/29 23:47:05
10619,1155.87,15701.8,-2689.46,2026/01/29 23:47:05
10620,1155.98,16052.7,-2676,2026/01/29 23:47:05
10621,1156.09,16568,-2670.12,2026/01/29 23:47:05
10622,1156.2,16903.6,-2658.6,2026/01/29 23:47:05
10623,1156.31,17025.8,-2666.32,2026/01/29 23:47:05
10624,1156.42,17024.1,-2662.23,2026/01/29 23:47:05
10625,1156.53,17137.3,-2665.61,2026/01/29 23:47:05
10626,1156.63,17237,-2662.15,2026/01/29 23:47:06
10627,1156.74,17267.1,-2660.8,2026/01/29 23:47:06
10628,1156.85,17301,-2658.68,2026/01/29 23:47:06
10629,1156.96,17328.4,-2657.64,2026/01/29 23:47:06
10630,1157.07,17359.6,-2655.41,2026/01/29 23:47:06
10631,1157.18,17419.5,-2649.72,2026/01/29 23:47:06
10632,1157.29,17425.3,-2651.16,2026/01/29 23:47:06
10633,1157.4,17435.4,-2646.93,2026/01/29 23:47:06
10634,1157.51,17439.5,-2649.16,2026/01/29 23:47:06
10635,1157.61,17450.9,-2646.45,2026/01/29 23:47:07
10636,1157.72,17453.7,-2646.39,2026/01/29 23:47:07
10637,1157.83,17443.3,-2649.02,2026/01/29 23:47:07
10638,1157.94,17390.1,-2651.2,2026/01/29 23:47:07
10639,1158.05,17329.3,-2660.97,2026/01/29 23:47:07
10640,1158.16,17269.2,-2656.84,2026/01/29 23:47:07
10641,1158.27,17210.5,-2665.73,2026/01/29 23:47:07
10642,1158.38,17157,-2663.63,2026/01/29 23:47:07
10643,1158.48,17090.5,-2669.35,2026/01/29 23:47:07
10644,1158.59,16987.1,-2667,2026/01/29 23:47:08
10645,1158.7,16886.4,-2671.82,2026/01/29 23:47:08
10646,1158.81,16784,-2671.22,2026/01/29 23:47:08
10647,1158.92,16660.9,-2674.53,2026/01/29 23:47:08
10648,1159.03,16448.8,-2671.43,2026/01/29 23:47:08
10649,1159.14,16280.8,-2656.25,2026/01/29 23:47:08
10650,1159.25,16040.4,-2670.75,2026/01/29 23:47:08
10651,1159.36,15889.2,-2678.42,2026/01/29 23:47:08
10652,1159.46,15735,-2682.63,2026/01/29 23:47:08
10653,1159.57,15747.5,-2686.63,2026/01/29 23:47:08
10654,1159.68,15948.5,-2679.53,2026/01/29 23:47:09
10655,1159.79,16320.3,-2659.34,2026/01/29 23:47:09
10656,1159.9,16669.3,-2664.76,2026/01/29 23:47:09
10657,1160.01,16979.9,-2660.6,2026/01/29 23:47:09
10658,1160.12,17110.4,-2661.77,2026/01/29 23:47:09
10659,1160.23,17151.6,-2663.86,2026/01/29 23:47:09
10660,1160.34,17272.3,-2656.08,2026/01/29 23:47:09
10661,1160.44,17304.3,-2661.07,2026/01/29 23:47:09
10662,1160.55,17350.7,-2655.38,2026/01/29 23:47:09
10663,1160.66,17369.2,-2655.27,2026/01/29 23:47:10
10664,1160.77,17443.4,-2650.64,2026/01/29 23:47:10
10665,1160.88,17456.3,-2647.07,2026/01/29 23:47:10
10666,1160.99,17456.1,-2648.19,2026/01/29 23:47:10
10667,1161.1,17463,-2647.74,2026/01/29 23:47:10
10668,1161.2,17452.9,-2649.17,2026/01/29 23:47:10
10669,1161.31,17451.5,-2650.7,2026/01/29 23:47:10
10670,1161.42,17393.1,-2652.89,2026/01/29 23:47:10
10671,1161.53,17319.3,-2661.13,2026/01/29 23:47:10
10672,1161.64,17230.1,-2664.73,2026/01/29 23:47:11
10673,1161.75,17142.9,-2665.75,2026/01/29 23:47:11
10674,1161.86,17022.7,-2662.11,2026/01/29 23:47:11
10675,1161.97,16820.2,-2669.78,2026/01/29 23:47:11
10676,1162.08,16614.5,-2674.53,2026/01/29 23:47:11
10677,1162.18,16440.8,-2664.69,2026/01/29 23:47:11
10678,1162.29,16247.1,-2654.34,2026/01/29 23:47:11
10679,1162.4,16024.8,-2677.31,2026/01/29 23:47:11
10680,1162.51,15993.9,-2679.18,2026/01/29 23:47:11
10681,1162.62,16008.7,-2677.81,2026/01/29 23:47:12
10682,1162.73,16041,-2676.72,2026/01/29 23:47:12
10683,1162.84,16189.7,-2666.21,2026/01/29 23:47:12
10684,1162.95,16441.8,-2663.05,2026/01/29 23:47:12
10685,1163.05,16678.8,-2664.53,2026/01/29 23:47:12
10686,1163.16,16915.6,-2655.5,2026/01/29 23:47:12
10687,1163.27,17037.5,-2661.19,2026/01/29 23:47:12
10688,1163.38,17132.7,-2650.9,2026/01/29 23:47:12
10689,1163.49,17135.2,-2660.45,2026/01/29 23:47:12
10690,1163.6,17263.6,-2656.58,2026/01/29 23:47:13
10691,1163.71,17308.9,-2655.99,2026/01/29 23:47:13
10692,1163.81,17341.6,-2653.1,2026/01/29 23:47:13
10693,1163.92,17361.6,-2651.89,2026/01/29 23:47:13
10694,1164.03,17450.4,-2644.03,2026/01/29 23:47:13
10695,1164.14,17466.1,-2642.73,2026/01/29 23:47:13
10696,1164.25,17470.3,-2644.48,2026/01/29 23:47:13
10697,1164.36,17482.5,-2639.37,2026/01/29 23:47:13
10698,1164.47,17486.7,-2641.58,2026/01/29 23:47:13
10699,1164.58,17471.5,-2643.3,2026/01/29 23:47:13
10700,1164.69,17421.3,-2648.33,2026/01/29 23:47:14
10701,1164.8,17351.8,-2652.63,2026/01/29 23:47:14
10702,1164.9,17266.2,-2655.29,2026/01/29 23:47:14
10703,1165.01,17188.2,-2659.61,2026/01/29 23:47:14
10704,1165.12,17126.2,-2657.4,2026/01/29 23:47:14
10705,1165.23,16965.8,-2659.34,2026/01/29 23:47:14
10706,1165.34,16776.1,-2663.54,2026/01/29 23:47:14
10707,1165.45,16566.3,-2669.75,2026/01/29 23:47:14
10708,1165.56,16438.8,-2660.36,2026/01/29 23:47:14
10709,1165.66,16214.2,-2662.1,2026/01/29 23:47:15
10710,1165.77,16017.2,-2678.39,2026/01/29 23:47:15
10711,1165.88,15916.5,-2683.18,2026/01/29 23:47:15
10712,1165.99,15833.2,-2687.17,2026/01/29 23:47:15
10713,1166.1,15824.5,-2685.54,2026/01/29 23:47:15
10714,1166.21,15908.6,-2684.67,2026/01/29 23:47:15
10715,1166.31,16281.6,-2663.11,2026/01/29 23:47:15
10716,1166.42,16718.3,-2669,2026/01/29 23:47:15
10717,1166.53,16996.4,-2664.21,2026/01/29 23:47:15
10718,1166.64,17075.2,-2653.95,2026/01/29 23:47:16
10719,1166.75,17158.4,-2666.98,2026/01/29 23:47:16
10720,1166.86,17246.5,-2663.14,2026/01/29 23:47:16
10721,1166.97,17273.1,-2663.04,2026/01/29 23:47:16
10722,1167.08,17305.5,-2661.62,2026/01/29 23:47:16
10723,1167.19,17324.7,-2658.06,2026/01/29 23:47:16
10724,1167.29,17328.9,-2661.51,2026/01/29 23:47:16
10725,1167.4,17337.5,-2657.83,2026/01/29 23:47:16
10726,1167.51,17367.1,-2659.27,2026/01/29 23:47:16
10727,1167.62,17434.4,-2650.75,2026/01/29 23:47:17
10728,1167.73,17428.5,-2653.29,2026/01/29 23:47:17
10729,1167.84,17444.5,-2653.42,2026/01/29 23:47:17
10730,1167.95,17421.3,-2656.25,2026/01/29 23:47:17
10731,1168.05,17385.1,-2659.59,2026/01/29 23:47:17
10732,1168.16,17320.4,-2662.99,2026/01/29 23:47:17
10733,1168.27,17229.6,-2669.18,2026/01/29 23:47:17
10734,1168.38,17183.9,-2665.96,2026/01/29 23:47:17
10735,1168.49,17108,-2671.44,2026/01/29 23:47:17
10736,1168.6,16992.4,-2670.78,2026/01/29 23:47:18
10737,1168.71,16830.6,-2675.93,2026/01/29 23:47:18
10738,1168.82,16598.5,-2677.77,2026/01/29 23:47:18
10739,1168.92,16442.4,-2663.25,2026/01/29 23:47:18
10740,1169.03,16176.1,-2663.22,2026/01/29 23:47:18
10741,1169.14,15918.7,-2682.52,2026/01/29 23:47:18
10742,1169.25,15778,-2688.78,2026/01/29 23:47:18
10743,1169.36,15766.5,-2687.88,2026/01/29 23:47:18
10744,1169.47,15826.4,-2688.51,2026/01/29 23:47:18
10745,1169.58,16191.4,-2670.52,2026/01/29 23:47:19
10746,1169.69,16761.4,-2668.33,2026/01/29 23:47:19
10747,1169.8,17019.9,-2661.47,2026/01/29 23:47:19
10748,1169.91,17085,-2651.48,2026/01/29 23:47:19
10749,1170.02,17192.8,-2662.19,2026/01/29 23:47:19
10750,1170.13,17242.5,-2660.12,2026/01/29 23:47:19
10751,1170.23,17276.9,-2659.99,2026/01/29 23:47:19
10752,1170.34,17298.6,-2655.79,2026/01/29 23:47:19
10753,1170.45,17296,-2657.71,2026/01/29 23:47:19
10754,1170.56,17389,-2649.66,2026/01/29 23:47:19
10755,1170.67,17400,-2651.4,2026/01/29 23:47:20
10756,1170.78,17414.4,-2648.42,2026/01/29 23:47:20
10757,1170.89,17420.8,-2649.87,2026/01/29 23:47:20
10758,1171,17414.8,-2648.48,2026/01/29 23:47:20
10759,1171.11,17424.2,-2651.86,2026/01/29 23:47:20
10760,1171.21,17417,-2650.8,2026/01/29 23:47:20
10761,1171.32,17396.6,-2652.58,2026/01/29 23:47:20
10762,1171.43,17325.4,-2659.99,2026/01/29 23:47:20
10763,1171.54,17220,-2662.87,2026/01/29 23:47:20
10764,1171.65,17144.8,-2663.75,2026/01/29 23:47:21
10765,1171.76,17007.1,-2666.33,2026/01/29 23:47:21
10766,1171.87,16824.4,-2670.4,2026/01/29 23:47:21
10767,1171.97,16629.5,-2677.49,2026/01/29 23:47:21
10768,1172.08,16495.6,-2674.41,2026/01/29 23:47:21
10769,1172.19,16452.8,-2657.72,2026/01/29 23:47:21
10770,1172.3,16274.9,-2653.28,2026/01/29 23:47:21
10771,1172.41,16125.9,-2667.46,2026/01/29 23:47:21
10772,1172.52,16193.7,-2665.66,2026/01/29 23:47:21
10773,1172.63,16453.3,-2658.74,2026/01/29 23:47:22
10774,1172.74,16751.6,-2662.63,2026/01/29 23:47:22
10775,1172.84,16975.4,-2653.36,2026/01/29 23:47:22
10776,1172.95,17120,-2657.64,2026/01/29 23:47:22
10777,1173.06,17156.6,-2653.94,2026/01/29 23:47:22
10778,1173.17,17258,-2652.84,2026/01/29 23:47:22
10779,1173.28,17317.3,-2649.82,2026/01/29 23:47:22
10780,1173.39,17346.3,-2648.1,2026/01/29 23:47:22
10781,1173.5,17375.8,-2645.34,2026/01/29 23:47:22
10782,1173.61,17387.5,-2643.86,2026/01/29 23:47:23
10783,1173.72,17393.1,-2644.35,2026/01/29 23:47:23
10784,1173.82,17476.3,-2636,2026/01/29 23:47:23
10785,1173.93,17495.4,-2634.87,2026/01/29 23:47:23
10786,1174.04,17506,-2629.44,2026/01/29 23:47:23
10787,1174.15,17504.4,-2633.25,2026/01/29 23:47:23
10788,1174.26,17511.4,-2628.84,2026/01/29 23:47:23
10789,1174.37,17499.6,-2634.08,2026/01/29 23:47:23
10790,1174.48,17484,-2633.86,2026/01/29 23:47:23
10791,1174.59,17426.3,-2641.02,2026/01/29 23:47:24
10792,1174.7,17353.1,-2641.05,2026/01/29 23:47:24
10793,1174.81,17286.2,-2649.87,2026/01/29 23:47:24
10794,1174.92,17210,-2648,2026/01/29 23:47:24
10795,1175.02,17144.4,-2648.08,2026/01/29 23:47:24
10796,1175.13,16983.6,-2651.25,2026/01/29 23:47:24
10797,1175.24,16846.5,-2650.89,2026/01/29 23:47:24
10798,1175.35,16694.7,-2657.93,2026/01/29 23:47:24
10799,1175.46,16587.5,-2660.92,2026/01/29 23:47:24
10800,1175.57,16494.7,-2657.51,2026/01/29 23:47:24
10801,1175.67,16313.9,-2656.04,2026/01/29 23:47:25
10802,1175.78,16048.7,-2671.47,2026/01/29 23:47:25
10803,1175.89,15928.3,-2681.51,2026/01/29 23:47:25
10804,1176,15890,-2683.69,2026/01/29 23:47:25
10805,1176.11,15958.5,-2684.91,2026/01/29 23:47:25
10806,1176.22,16405.7,-2665.51,2026/01/29 23:47:25
10807,1176.33,16915.7,-2666.93,2026/01/29 23:47:25
10808,1176.44,17068.5,-2663.31,2026/01/29 23:47:25
10809,1176.55,17113.3,-2663.29,2026/01/29 23:47:25
10810,1176.66,17227.9,-2661.62,2026/01/29 23:47:26
10811,1176.76,17275.3,-2657.71,2026/01/29 23:47:26
10812,1176.87,17309.6,-2656.43,2026/01/29 23:47:26
10813,1176.98,17329.6,-2653.89,2026/01/29 23:47:26
10814,1177.09,17328.5,-2654.27,2026/01/29 23:47:26
10815,1177.2,17331.5,-2653.75,2026/01/29 23:47:26
10816,1177.31,17342.2,-2651.35,2026/01/29 23:47:26
10817,1177.42,17417.1,-2649.03,2026/01/29 23:47:26
10818,1177.52,17435.7,-2646.35,2026/01/29 23:47:26
10819,1177.63,17433.1,-2647.39,2026/01/29 23:47:27
10820,1177.74,17434.8,-2648.88,2026/01/29 23:47:27
10821,1177.85,17387.7,-2652.6,2026/01/29 23:47:27
10822,1177.96,17294,-2655.4,2026/01/29 23:47:27
10823,1178.07,17232.1,-2660.7,2026/01/29 23:47:27
10824,1178.18,17163.5,-2662.53,2026/01/29 23:47:27
10825,1178.29,17093.2,-2664.27,2026/01/29 23:47:27
10826,1178.39,16965.5,-2667.28,2026/01/29 23:47:27
10827,1178.5,16844.2,-2670.24,2026/01/29 23:47:27
10828,1178.61,16673.5,-2668.53,2026/01/29 23:47:28
10829,1178.72,16449.2,-2666.56,2026/01/29 23:47:28
10830,1178.83,16289.2,-2650.16,2026/01/29 23:47:28
10831,1178.94,16029.3,-2672.6,2026/01/29 23:47:28
10832,1179.05,15922.6,-2680.01,2026/01/29 23:47:28
10833,1179.16,15882.5,-2685.67,2026/01/29 23:47:28
10834,1179.27,15944.2,-2683.73,2026/01/29 23:47:28
10835,1179.37,16301.9,-2667.32,2026/01/29 23:47:28
10836,1179.48,16804.2,-2667.45,2026/01/29 23:47:28
10837,1179.59,17037.1,-2664.76,2026/01/29 23:47:29
10838,1179.7,17079,-2663.75,2026/01/29 23:47:29
10839,1179.81,17201.7,-2662.96,2026/01/29 23:47:29
10840,1179.92,17245.7,-2662.13,2026/01/29 23:47:29
10841,1180.03,17275.3,-2659.33,2026/01/29 23:47:29
10842,1180.14,17298,-2659.13,2026/01/29 23:47:29
10843,1180.24,17315.1,-2656.55,2026/01/29 23:47:29
10844,1180.35,17312.5,-2657.08,2026/01/29 23:47:29
10845,1180.46,17320.4,-2656.11,2026/01/29 23:47:29
10846,1180.57,17397.2,-2653.49,2026/01/29 23:47:29
10847,1180.68,17421,-2650.46,2026/01/29 23:47:30
10848,1180.79,17426,-2650.83,2026/01/29 23:47:30
10849,1180.9,17417,-2652.84,2026/01/29 23:47:30
10850,1181,17366.5,-2655.47,2026/01/29 23:47:30
10851,1181.11,17248.2,-2665.43,2026/01/29 23:47:30
10852,1181.22,17174,-2663.74,2026/01/29 23:47:30
10853,1181.33,17086.4,-2666.19,2026/01/29 23:47:30
10854,1181.44,16931.2,-2671.06,2026/01/29 23:47:30
10855,1181.55,16800.7,-2668.65,2026/01/29 23:47:30
10856,1181.66,16585.6,-2672.56,2026/01/29 23:47:31
10857,1181.76,16464.7,-2659.07,2026/01/29 23:47:31
10858,1181.87,16269.2,-2654.44,2026/01/29 23:47:31
10859,1181.98,16055.7,-2669.8,2026/01/29 23:47:31
10860,1182.09,15959.3,-2681.39,2026/01/29 23:47:31
10861,1182.2,15904.5,-2682.79,2026/01/29 23:47:31
10862,1182.31,15856.6,-2686.97,2026/01/29 23:47:31
10863,1182.42,15852.1,-2687.09,2026/01/29 23:47:31
10864,1182.53,15871.2,-2686.86,2026/01/29 23:47:31
10865,1182.63,15862.9,-2687.43,2026/01/29 23:47:32
10866,1182.75,15916.7,-2685.13,2026/01/29 23:47:32
10867,1182.85,16049.8,-2681.07,2026/01/29 23:47:32
10868,1182.96,16236.4,-2667.47,2026/01/29 23:47:32
10869,1183.07,16440.4,-2671.98,2026/01/29 23:47:32
10870,1183.18,16858,-2671.15,2026/01/29 23:47:32
10871,1183.29,17035.9,-2666.94,2026/01/29 23:47:32
10872,1183.4,17135.1,-2667.78,2026/01/29 23:47:32
10873,1183.51,17194.3,-2667.33,2026/01/29 23:47:32
10874,1183.62,17251.7,-2660.86,2026/01/29 23:47:33
10875,1183.72,17295.9,-2659.12,2026/01/29 23:47:33
10876,1183.83,17305.9,-2660.72,2026/01/29 23:47:33
10877,1183.94,17320.9,-2656.88,2026/01/29 23:47:33
10878,1184.05,17368.5,-2661.13,2026/01/29 23:47:33
10879,1184.16,17418.6,-2649.95,2026/01/29 23:47:33
10880,1184.27,17422.5,-2652.05,2026/01/29 23:47:33
10881,1184.38,17429.4,-2652.85,2026/01/29 23:47:33
10882,1184.49,17420,-2652.31,2026/01/29 23:47:33
10883,1184.59,17365,-2657.86,2026/01/29 23:47:34
10884,1184.7,17261.6,-2662.96,2026/01/29 23:47:34
10885,1184.81,17184.6,-2664.46,2026/01/29 23:47:34
10886,1184.92,17104.1,-2666.49,2026/01/29 23:47:34
10887,1185.03,16988.3,-2666.98,2026/01/29 23:47:34
10888,1185.13,16840.8,-2670.36,2026/01/29 23:47:34
10889,1185.24,16681,-2671.23,2026/01/29 23:47:34
10890,1185.35,16460.7,-2667.66,2026/01/29 23:47:34
10891,1185.46,16163.2,-2661.95,2026/01/29 23:47:34
10892,1185.57,15865.9,-2679.94,2026/01/29 23:47:34
10893,1185.68,15659.3,-2691.6,2026/01/29 23:47:35
10894,1185.79,15577,-2702.85,2026/01/29 23:47:35
10895,1185.9,15591,-2703.55,2026/01/29 23:47:35
10896,1186.01,15638.7,-2697.61,2026/01/29 23:47:35
10897,1186.12,15706.4,-2694.6,2026/01/29 23:47:35
10898,1186.23,15894.2,-2684.08,2026/01/29 23:47:35
10899,1186.33,16251.5,-2668.92,2026/01/29 23:47:35
10900,1186.44,16694.3,-2671.39,2026/01/29 23:47:35
10901,1186.55,16980.7,-2668.35,2026/01/29 23:47:35
10902,1186.66,17103.8,-2670.23,2026/01/29 23:47:36
10903,1186.77,17172.6,-2667.17,2026/01/29 23:47:36
10904,1186.88,17230.9,-2661.93,2026/01/29 23:47:36
10905,1186.99,17270.5,-2662.11,2026/01/29 23:47:36
10906,1187.1,17290.9,-2659.27,2026/01/29 23:47:36
10907,1187.2,17302,-2659.22,2026/01/29 23:47:36
10908,1187.31,17341.6,-2663.31,2026/01/29 23:47:36
10909,1187.42,17408.3,-2651.98,2026/01/29 23:47:36
10910,1187.53,17373.2,-2659.76,2026/01/29 23:47:36
10911,1187.64,17296.7,-2662.37,2026/01/29 23:47:37
10912,1187.75,17233.9,-2663.2,2026/01/29 23:47:37
10913,1187.86,17197.6,-2666.61,2026/01/29 23:47:37
10914,1187.97,17181.4,-2669.42,2026/01/29 23:47:37
10915,1188.08,17138.3,-2670.11,2026/01/29 23:47:37
10916,1188.18,17108.1,-2668.8,2026/01/29 23:47:37
10917,1188.29,17075.5,-2670.21,2026/01/29 23:47:37
10918,1188.4,17058.9,-2672.71,2026/01/29 23:47:37
10919,1188.51,17012.5,-2672.03,2026/01/29 23:47:37
10920,1188.62,16957.5,-2673.35,2026/01/29 23:47:38
10921,1188.73,16886.9,-2673.07,2026/01/29 23:47:38
10922,1188.84,16806.7,-2676.87,2026/01/29 23:47:38
10923,1188.94,16765.5,-2675.19,2026/01/29 23:47:38
10924,1189.05,16726.9,-2675.99,2026/01/29 23:47:38
10925,1189.16,16657.4,-2679.26,2026/01/29 23:47:38
10926,1189.27,16561.6,-2680.8,2026/01/29 23:47:38
10927,1189.38,16534.4,-2660.72,2026/01/29 23:47:38
10928,1189.49,16463.8,-2661.27,2026/01/29 23:47:38
10929,1189.6,16305.9,-2654.73,2026/01/29 23:47:39
10930,1189.71,16108.5,-2670.85,2026/01/29 23:47:39
10931,1189.81,15991.9,-2676.82,2026/01/29 23:47:39
10932,1189.92,15940.4,-2679.6,2026/01/29 23:47:39
10933,1190.03,15928.9,-2684.34,2026/01/29 23:47:39
10934,1190.14,16051.6,-2681.02,2026/01/29 23:47:39
10935,1190.25,16467.3,-2669.69,2026/01/29 23:47:39
10936,1190.36,16863.4,-2663.91,2026/01/29 23:47:39
10937,1190.47,17022,-2670.52,2026/01/29 23:47:39
10938,1190.58,17148.7,-2669.22,2026/01/29 23:47:39
10939,1190.69,17145.5,-2671.58,2026/01/29 23:47:40
10940,1190.8,17232,-2667.33,2026/01/29 23:47:40
10941,1190.9,17268,-2665.84,2026/01/29 23:47:40
10942,1191.01,17290.7,-2664.23,2026/01/29 23:47:40
10943,1191.12,17304.8,-2661.07,2026/01/29 23:47:40
10944,1191.23,17306.1,-2664.53,2026/01/29 23:47:40
10945,1191.34,17343.8,-2660.54,2026/01/29 23:47:40
10946,1191.45,17354.5,-2660.02,2026/01/29 23:47:40
10947,1191.56,17362.4,-2659.42,2026/01/29 23:47:40
10948,1191.67,17361.6,-2659.04,2026/01/29 23:47:41
10949,1191.78,17374.6,-2658.51,2026/01/29 23:47:41
10950,1191.88,17378.8,-2655.48,2026/01/29 23:47:41
10951,1191.99,17377.4,-2658.44,2026/01/29 23:47:41
10952,1192.1,17384.9,-2656.33,2026/01/29 23:47:41
10953,1192.21,17385.2,-2658.09,2026/01/29 23:47:41
10954,1192.32,17392.1,-2655.62,2026/01/29 23:47:41
10955,1192.42,17396.3,-2656.86,2026/01/29 23:47:41
10956,1192.53,17395.9,-2654.58,2026/01/29 23:47:41
10957,1192.64,17404.7,-2653.07,2026/01/29 23:47:42
10958,1192.75,17401.4,-2656.11,2026/01/29 23:47:42
10959,1192.86,17411.5,-2653.35,2026/01/29 23:47:42
10960,1192.97,17408.8,-2652.57,2026/01/29 23:47:42
10961,1193.07,17415.5,-2653.38,2026/01/29 23:47:42
10962,1193.18,17417.7,-2651.74,2026/01/29 23:47:42
10963,1193.29,17420.3,-2652.21,2026/01/29 23:47:42
10964,1193.4,17424.2,-2651.8,2026/01/29 23:47:42
10965,1193.51,17423.4,-2651.94,2026/01/29 23:47:42
10966,1193.62,17431.1,-2651.25,2026/01/29 23:47:43
10967,1193.73,17429.5,-2651.6,2026/01/29 23:47:43
10968,1193.84,17437,-2647.92,2026/01/29 23:47:43
10969,1193.95,17433.9,-2650.97,2026/01/29 23:47:43
10970,1194.05,17441,-2648.69,2026/01/29 23:47:43
10971,1194.16,17440.4,-2648.73,2026/01/29 23:47:43
10972,1194.27,17443.4,-2648.54,2026/01/29 23:47:43
10973,1194.38,17448.2,-2645.85,2026/01/29 23:47:43
10974,1194.49,17445.2,-2647.97,2026/01/29 23:47:43
10975,1194.6,17450.7,-2647.04,2026/01/29 23:47:44
10976,1194.7,17453.2,-2646.12,2026/01/29 23:47:44
10977,1194.81,17454.2,-2646.45,2026/01/29 23:47:44
10978,1194.92,17462.4,-2645.03,2026/01/29 23:47:44
10979,1195.03,17459.1,-2644.32,2026/01/29 23:47:44
10980,1195.14,17465.7,-2642.05,2026/01/29 23:47:44
10981,1195.25,17462.5,-2644.83,2026/01/29 23:47:44
10982,1195.35,17468.2,-2641.73,2026/01/29 23:47:44
10983,1195.46,17468.2,-2641.48,2026/01/29 23:47:44
10984,1195.57,17470.2,-2642.86,2026/01/29 23:47:44
10985,1195.68,17479.7,-2639.19,2026/01/29 23:47:45
10986,1195.79,17480.2,-2640.52,2026/01/29 23:47:45
10987,1195.9,17489.2,-2638.39,2026/01/29 23:47:45
10988,1196,17491.3,-2638.22,2026/01/29 23:47:45
10989,1196.11,17494.2,-2636.82,2026/01/29 23:47:45
10990,1196.22,17499,-2635.57,2026/01/29 23:47:45
10991,1196.33,17495.4,-2633.88,2026/01/29 23:47:45
10992,1196.44,17504,-2634.96,2026/01/29 23:47:45
10993,1196.55,17507.7,-2629.4,2026/01/29 23:47:45
10994,1196.66,17604.8,-2619,2026/01/29 23:47:46
10995,1196.77,17600.4,-2619.74,2026/01/29 23:47:46
10996,1196.87,17607,-2618.32,2026/01/29 23:47:46
10997,1196.98,17602,-2618.32,2026/01/29 23:47:46
10998,1197.09,17605.7,-2618.13,2026/01/29 23:47:46
10999,1197.2,17606.8,-2615.76,2026/01/29 23:47:46
11000,1197.31,17603.4,-2619.41,2026/01/29 23:47:46
11001,1197.42,17605.7,-2618.46,2026/01/29 23:47:46
11002,1197.52,17592.5,-2619.61,2026/01/29 23:47:46
11003,1197.63,17579.8,-2618.3,2026/01/29 23:47:47
11004,1197.74,17579.9,-2620.93,2026/01/29 23:47:47
11005,1197.85,17588.3,-2618.06,2026/01/29 23:47:47
11006,1197.96,17589.9,-2620.34,2026/01/29 23:47:47
11007,1198.07,17592.6,-2618.22,2026/01/29 23:47:47
11008,1198.18,17592,-2618.01,2026/01/29 23:47:47
11009,1198.29,17587.7,-2620.43,2026/01/29 23:47:47
11010,1198.39,17595.4,-2619.81,2026/01/29 23:47:47
11011,1198.5,17594.7,-2619.54,2026/01/29 23:47:47
11012,1198.61,17603,-2618.96,2026/01/29 23:47:48
11013,1198.72,17610.4,-2617.71,2026/01/29 23:47:48
11014,1198.83,17612.3,-2619.16,2026/01/29 23:47:48
11015,1198.94,17619.1,-2618.55,2026/01/29 23:47:48
11016,1199.04,17613.5,-2621.72,2026/01/29 23:47:48
11017,1199.15,17612,-2618.14,2026/01/29 23:47:48
11018,1199.26,17607.8,-2620.77,2026/01/29 23:47:48
11019,1199.37,17613.2,-2619.2,2026/01/29 23:47:48
11020,1199.48,17616.7,-2620.25,2026/01/29 23:47:48
11021,1199.59,17615.4,-2620.55,2026/01/29 23:47:49
11022,1199.69,17620.4,-2617.53,2026/01/29 23:47:49
11023,1199.8,17614.9,-2620.03,2026/01/29 23:47:49
11024,1199.91,17614.8,-2618.4,2026/01/29 23:47:49
11025,1200.02,17599.4,-2620.71,2026/01/29 23:47:49
11026,1200.13,17576.4,-2619.3,2026/01/29 23:47:49
11027,1200.24,17528.7,-2620.35,2026/01/29 23:47:49
11028,1200.35,17483.4,-2618.15,2026/01/29 23:47:49
11029,1200.46,17463.4,-2620.4,2026/01/29 23:47:49
11030,1200.56,17466.7,-2619.67,2026/01/29 23:47:49
11031,1200.67,17478,-2618.92,2026/01/29 23:47:50
11032,1200.78,17472.4,-2621.34,2026/01/29 23:47:50
11033,1200.89,17471.2,-2619.26,2026/01/29 23:47:50
11034,1201,17460,-2620.74,2026/01/29 23:47:50
11035,1201.11,17469.1,-2619.5,2026/01/29 23:47:50
11036,1201.22,17453,-2619.24,2026/01/29 23:47:50
11037,1201.33,17487.4,-2626.15,2026/01/29 23:47:50
11038,1201.43,17491.3,-2621.79,2026/01/29 23:47:50
11039,1201.54,17466.8,-2625.31,2026/01/29 23:47:50
11040,1201.65,17426.2,-2622.24,2026/01/29 23:47:51
11041,1201.76,17337.6,-2619.62,2026/01/29 23:47:51
11042,1201.87,17133.3,-2604.54,2026/01/29 23:47:51
11043,1201.98,16883.3,-2598.51,2026/01/29 23:47:51
11044,1202.09,16631.7,-2600.88,2026/01/29 23:47:51
11045,1202.19,16082.3,-2674.38,2026/01/29 23:47:51
11046,1202.3,15898.4,-2695.55,2026/01/29 23:47:51
11047,1202.41,15835.3,-2694.93,2026/01/29 23:47:51
11048,1202.52,15907.1,-2700.55,2026/01/29 23:47:51
11049,1202.63,16367,-2681.65,2026/01/29 23:47:52
11050,1202.74,16962.1,-2674.92,2026/01/29 23:47:52
11051,1202.85,17064,-2675.76,2026/01/29 23:47:52
11052,1202.96,17304.2,-2692.34,2026/01/29 23:47:52
11053,1203.07,17426,-2689.23,2026/01/29 23:47:52
11054,1203.18,17459.5,-2689.41,2026/01/29 23:47:52
11055,1203.28,17479.6,-2685.2,2026/01/29 23:47:52
11056,1203.39,17399.7,-2689.11,2026/01/29 23:47:52
11057,1203.5,17211.5,-2689.79,2026/01/29 23:47:52
11058,1203.61,17086.3,-2692.39,2026/01/29 23:47:53
11059,1203.72,16949.9,-2693.15,2026/01/29 23:47:53
11060,1203.83,16902.1,-2694.54,2026/01/29 23:47:53
11061,1203.94,16786.8,-2697.23,2026/01/29 23:47:53
11062,1204.05,16702.5,-2700.13,2026/01/29 23:47:53
11063,1204.16,16701.4,-2698.39,2026/01/29 23:47:53
11064,1204.26,16744.6,-2698.44,2026/01/29 23:47:53
11065,1204.37,16821.3,-2693.46,2026/01/29 23:47:53
11066,1204.48,17023.2,-2693.41,2026/01/29 23:47:53
11067,1204.59,17125,-2681.25,2026/01/29 23:47:54
11068,1204.7,17221.3,-2685.92,2026/01/29 23:47:54
11069,1204.81,17452.4,-2683.06,2026/01/29 23:47:54
11070,1204.92,17557.9,-2682.4,2026/01/29 23:47:54
11071,1205.03,17587.6,-2677.22,2026/01/29 23:47:54
11072,1205.14,17604.8,-2675.96,2026/01/29 23:47:54
11073,1205.24,17591.6,-2677.6,2026/01/29 23:47:54
11074,1205.35,17542,-2678.15,2026/01/29 23:47:54
11075,1205.46,17411.3,-2685.58,2026/01/29 23:47:54
11076,1205.57,17285.6,-2683.01,2026/01/29 23:47:54
11077,1205.68,17181.7,-2686.11,2026/01/29 23:47:55
11078,1205.79,17065.2,-2687.07,2026/01/29 23:47:55
11079,1205.9,17006,-2692.39,2026/01/29 23:47:55
11080,1206.01,16954.4,-2690.84,2026/01/29 23:47:55
11081,1206.12,16913,-2696.11,2026/01/29 23:47:55
11082,1206.23,16929.6,-2691.47,2026/01/29 23:47:55
11083,1206.34,16950.3,-2692.79,2026/01/29 23:47:55
11084,1206.44,17132.2,-2683.62,2026/01/29 23:47:55
11085,1206.55,17237.1,-2684.3,2026/01/29 23:47:55
11086,1206.66,17372.6,-2682.71,2026/01/29 23:47:56
11087,1206.77,17468.6,-2674.56,2026/01/29 23:47:56
11088,1206.88,17527.3,-2673.34,2026/01/29 23:47:56
11089,1206.99,17559.2,-2668.49,2026/01/29 23:47:56
11090,1207.1,17567.3,-2671.71,2026/01/29 23:47:56
11091,1207.21,17575.8,-2671.59,2026/01/29 23:47:56
11092,1207.32,17447.6,-2678.87,2026/01/29 23:47:56
11093,1207.43,17354,-2679.05,2026/01/29 23:47:56
11094,1207.53,17282,-2680.78,2026/01/29 23:47:56
11095,1207.64,17187.4,-2681.29,2026/01/29 23:47:57
11096,1207.75,17109.8,-2682.57,2026/01/29 23:47:57
11097,1207.86,17051.6,-2683.77,2026/01/29 23:47:57
11098,1207.97,16988.3,-2683,2026/01/29 23:47:57
11099,1208.08,16876.4,-2689.91,2026/01/29 23:47:57
11100,1208.19,16900.1,-2687.65,2026/01/29 23:47:57
11101,1208.29,16944.1,-2683.93,2026/01/29 23:47:57
11102,1208.4,17030.6,-2681.47,2026/01/29 23:47:57
11103,1208.51,17206.6,-2676.3,2026/01/29 23:47:57
11104,1208.62,17247.9,-2679.81,2026/01/29 23:47:58
11105,1208.73,17364.8,-2676.96,2026/01/29 23:47:58
11106,1208.84,17447.1,-2675.97,2026/01/29 23:47:58
11107,1208.95,17500,-2669.76,2026/01/29 23:47:58
11108,1209.05,17555.3,-2668.46,2026/01/29 23:47:58
11109,1209.16,17588.8,-2662.74,2026/01/29 23:47:58
11110,1209.27,17613.5,-2665.52,2026/01/29 23:47:58
11111,1209.38,17607.5,-2664.93,2026/01/29 23:47:58
11112,1209.49,17568.3,-2668.9,2026/01/29 23:47:58
11113,1209.6,17442.4,-2673.59,2026/01/29 23:47:59
11114,1209.71,17350.7,-2672.33,2026/01/29 23:47:59
11115,1209.82,17218.7,-2671.52,2026/01/29 23:47:59
11116,1209.92,17142.5,-2674.64,2026/01/29 23:47:59
11117,1210.03,17059.8,-2673.25,2026/01/29 23:47:59
11118,1210.14,16915.4,-2681.1,2026/01/29 23:47:59
11119,1210.25,16886.5,-2681.61,2026/01/29 23:47:59
11120,1210.36,16975.4,-2676.09,2026/01/29 23:47:59
11121,1210.47,17078.5,-2672.39,2026/01/29 23:47:59
11122,1210.58,17265.6,-2674.16,2026/01/29 23:47:59
11123,1210.69,17254,-2666.73,2026/01/29 23:48:00
11124,1210.79,17350.1,-2669.97,2026/01/29 23:48:00
11125,1210.91,17452.5,-2671.4,2026/01/29 23:48:00
11126,1211.01,17621.2,-2663.13,2026/01/29 23:48:00
11127,1211.12,17800.8,-2640.6,2026/01/29 23:48:00
11128,1211.23,17805.3,-2638.37,2026/01/29 23:48:00
11129,1211.34,17786.4,-2639.66,2026/01/29 23:48:00
11130,1211.45,17689.2,-2641.99,2026/01/29 23:48:00
11131,1211.56,17553,-2639.47,2026/01/29 23:48:00
11132,1211.67,17446.3,-2633.94,2026/01/29 23:48:01
11133,1211.78,17360.8,-2629.67,2026/01/29 23:48:01
11134,1211.89,17300,-2628.62,2026/01/29 23:48:01
11135,1212,17257.7,-2626.93,2026/01/29 23:48:01
11136,1212.1,17198.9,-2621.65,2026/01/29 23:48:01
11137,1212.21,17113.3,-2621.32,2026/01/29 23:48:01
11138,1212.32,17047.5,-2616.93,2026/01/29 23:48:01
11139,1212.43,17036.2,-2619.24,2026/01/29 23:48:01
11140,1212.54,17053.6,-2618.49,2026/01/29 23:48:01
11141,1212.65,17106.4,-2618.95,2026/01/29 23:48:02
11142,1212.76,17187.5,-2626.71,2026/01/29 23:48:02
11143,1212.87,17347.2,-2632.65,2026/01/29 23:48:02
11144,1212.97,17385,-2633.88,2026/01/29 23:48:02
11145,1213.08,17414.9,-2633.7,2026/01/29 23:48:02
11146,1213.19,17488.7,-2638.61,2026/01/29 23:48:02
11147,1213.3,17656.8,-2643.4,2026/01/29 23:48:02
11148,1213.41,17737.7,-2644.99,2026/01/29 23:48:02
11149,1213.52,17766.1,-2641.14,2026/01/29 23:48:02
11150,1213.63,17807.1,-2642.05,2026/01/29 23:48:03
11151,1213.74,17794.9,-2640.21,2026/01/29 23:48:03
11152,1213.85,17734.8,-2640.14,2026/01/29 23:48:03
11153,1213.95,17656.6,-2643.73,2026/01/29 23:48:03
11154,1214.06,17555.7,-2641.72,2026/01/29 23:48:03
11155,1214.17,17467.3,-2637.33,2026/01/29 23:48:03
11156,1214.28,17396.6,-2632.32,2026/01/29 23:48:03
11157,1214.39,17316.3,-2628.23,2026/01/29 23:48:03
11158,1214.5,17248.2,-2624.4,2026/01/29 23:48:03
11159,1214.61,17135.8,-2619.92,2026/01/29 23:48:04
11160,1214.72,17051.3,-2619.96,2026/01/29 23:48:04
11161,1214.83,17031.2,-2617.87,2026/01/29 23:48:04
11162,1214.93,16997.1,-2618.16,2026/01/29 23:48:04
11163,1215.04,16980.9,-2615.92,2026/01/29 23:48:04
11164,1215.15,17007.1,-2621.01,2026/01/29 23:48:04
11165,1215.26,17120,-2621.03,2026/01/29 23:48:04
11166,1215.37,17285.1,-2632.46,2026/01/29 23:48:04
11167,1215.48,17419.9,-2623.84,2026/01/29 23:48:04
11168,1215.59,17455.2,-2636.31,2026/01/29 23:48:05
11169,1215.7,17623.2,-2647.89,2026/01/29 23:48:05
11170,1215.81,17736.2,-2643.21,2026/01/29 23:48:05
11171,1215.92,17760.5,-2644.78,2026/01/29 23:48:05
11172,1216.03,17771.8,-2640.66,2026/01/29 23:48:05
11173,1216.13,17776.1,-2643.57,2026/01/29 23:48:05
11174,1216.24,17816.4,-2640.14,2026/01/29 23:48:05
11175,1216.35,17804,-2641.26,2026/01/29 23:48:05
11176,1216.46,17763.9,-2640.68,2026/01/29 23:48:05
11177,1216.57,17681.3,-2646.37,2026/01/29 23:48:05
11178,1216.68,17557.8,-2641.19,2026/01/29 23:48:06
11179,1216.79,17472.4,-2640.68,2026/01/29 23:48:06
11180,1216.9,17384.4,-2628.59,2026/01/29 23:48:06
11181,1217,17295.6,-2625.12,2026/01/29 23:48:06
11182,1217.11,17159.4,-2622.45,2026/01/29 23:48:06
11183,1217.22,17025.2,-2615.05,2026/01/29 23:48:06
11184,1217.33,16949.2,-2612.53,2026/01/29 23:48:06
11185,1217.44,16904.3,-2606.32,2026/01/29 23:48:06
11186,1217.55,16839.5,-2602.7,2026/01/29 23:48:06
11187,1217.66,16815.3,-2601.73,2026/01/29 23:48:07
11188,1217.77,16854.2,-2603.68,2026/01/29 23:48:07
11189,1217.87,16984.7,-2615,2026/01/29 23:48:07
11190,1217.98,17241,-2631.39,2026/01/29 23:48:07
11191,1218.09,17425.8,-2637.76,2026/01/29 23:48:07
11192,1218.2,17438.3,-2633.83,2026/01/29 23:48:07
11193,1218.31,17556.1,-2647.08,2026/01/29 23:48:07
11194,1218.42,17670.7,-2645.95,2026/01/29 23:48:07
11195,1218.53,17726.9,-2647.16,2026/01/29 23:48:07
11196,1218.63,17731.5,-2646.53,2026/01/29 23:48:08
11197,1218.74,17741.7,-2644.65,2026/01/29 23:48:08
11198,1218.85,17737.6,-2644.84,2026/01/29 23:48:08
11199,1218.96,17748.2,-2646.15,2026/01/29 23:48:08
11200,1219.07,17726.1,-2645.37,2026/01/29 23:48:08
11201,1219.18,17686.4,-2644.5,2026/01/29 23:48:08
11202,1219.29,17577.6,-2644.29,2026/01/29 23:48:08
11203,1219.4,17489.2,-2642.77,2026/01/29 23:48:08
11204,1219.5,17443,-2636.86,2026/01/29 23:48:08
11205,1219.61,17398.1,-2632.82,2026/01/29 23:48:09
11206,1219.72,17308.3,-2624.31,2026/01/29 23:48:09
11207,1219.83,17122,-2616.87,2026/01/29 23:48:09
11208,1219.94,16976.6,-2611.25,2026/01/29 23:48:09
11209,1220.05,16911,-2607.37,2026/01/29 23:48:09
11210,1220.16,16881.7,-2604.77,2026/01/29 23:48:09
11211,1220.26,16870.3,-2605.12,2026/01/29 23:48:09
11212,1220.37,16843.4,-2602.16,2026/01/29 23:48:09
11213,1220.48,16819.9,-2600.07,2026/01/29 23:48:09
11214,1220.59,16845.9,-2607.28,2026/01/29 23:48:10
11215,1220.7,16961.7,-2614.7,2026/01/29 23:48:10
11216,1220.81,17239.1,-2631.2,2026/01/29 23:48:10
11217,1220.92,17473.5,-2638,2026/01/29 23:48:10
11218,1221.03,17506.9,-2641.5,2026/01/29 23:48:10
11219,1221.14,17601.3,-2645.12,2026/01/29 23:48:10
11220,1221.25,17657.6,-2645.99,2026/01/29 23:48:10
11221,1221.36,17664.2,-2641.37,2026/01/29 23:48:10
11222,1221.46,17668.3,-2644.59,2026/01/29 23:48:10
11223,1221.57,17689.2,-2643.41,2026/01/29 23:48:10
11224,1221.68,17738.4,-2643.8,2026/01/29 23:48:11
11225,1221.79,17737.6,-2644.65,2026/01/29 23:48:11
11226,1221.9,17686.5,-2640.78,2026/01/29 23:48:11
11227,1222.01,17583.7,-2643.4,2026/01/29 23:48:11
11228,1222.12,17482.1,-2638.25,2026/01/29 23:48:11
11229,1222.22,17410,-2633.26,2026/01/29 23:48:11
11230,1222.33,17328,-2629.21,2026/01/29 23:48:11
11231,1222.44,17177.2,-2617.05,2026/01/29 23:48:11
11232,1222.55,16999.1,-2612.26,2026/01/29 23:48:11
11233,1222.66,16897.6,-2606.65,2026/01/29 23:48:12
11234,1222.77,16855.5,-2604.26,2026/01/29 23:48:12
11235,1222.88,16825.7,-2600.9,2026/01/29 23:48:12
11236,1222.99,16800.1,-2602.53,2026/01/29 23:48:12
11237,1223.09,16816,-2603.65,2026/01/29 23:48:12
11238,1223.2,16928.3,-2616.27,2026/01/29 23:48:12
11239,1223.31,17170.1,-2624.98,2026/01/29 23:48:12
11240,1223.42,17397.4,-2635.56,2026/01/29 23:48:12
11241,1223.53,17445.9,-2640.14,2026/01/29 23:48:12
11242,1223.64,17544.7,-2642.57,2026/01/29 23:48:13
11243,1223.75,17645.3,-2647.86,2026/01/29 23:48:13
11244,1223.86,17701.5,-2644.83,2026/01/29 23:48:13
11245,1223.97,17706.9,-2645.27,2026/01/29 23:48:13
11246,1224.07,17710.2,-2644.22,2026/01/29 23:48:13
11247,1224.18,17730.3,-2645.83,2026/01/29 23:48:13
11248,1224.29,17720.5,-2641.45,2026/01/29 23:48:13
11249,1224.4,17656.3,-2642.04,2026/01/29 23:48:13
11250,1224.51,17530.4,-2639.79,2026/01/29 23:48:13
11251,1224.62,17452.8,-2636.65,2026/01/29 23:48:14
11252,1224.73,17411.6,-2631.06,2026/01/29 23:48:14
11253,1224.84,17335.1,-2626.31,2026/01/29 23:48:14
11254,1224.95,17183.8,-2621.46,2026/01/29 23:48:14
11255,1225.06,17064.7,-2617.97,2026/01/29 23:48:14
11256,1225.16,16967.3,-2613.12,2026/01/29 23:48:14
11257,1225.27,16916.8,-2609.59,2026/01/29 23:48:14
11258,1225.38,16894.4,-2606.2,2026/01/29 23:48:14
11259,1225.49,16849.5,-2606.67,2026/01/29 23:48:14
11260,1225.6,16881.4,-2610.06,2026/01/29 23:48:15
11261,1225.71,17047.3,-2621.84,2026/01/29 23:48:15
11262,1225.82,17262.3,-2626.03,2026/01/29 23:48:15
11263,1225.92,17447.6,-2637.95,2026/01/29 23:48:15
11264,1226.03,17441,-2636.54,2026/01/29 23:48:15
11265,1226.14,17550.3,-2641.74,2026/01/29 23:48:15
11266,1226.25,17643.6,-2643.3,2026/01/29 23:48:15
11267,1226.36,17708.1,-2639.05,2026/01/29 23:48:15
11268,1226.47,17712.3,-2640.37,2026/01/29 23:48:15
11269,1226.57,17717.9,-2638.03,2026/01/29 23:48:15
11270,1226.69,17718.8,-2638.15,2026/01/29 23:48:16
11271,1226.8,17636.3,-2635.86,2026/01/29 23:48:16
11272,1226.91,17547.4,-2638.16,2026/01/29 23:48:16
11273,1227.01,17476.4,-2636.86,2026/01/29 23:48:16
11274,1227.12,17433.1,-2636.84,2026/01/29 23:48:16
11275,1227.23,17373.3,-2630.92,2026/01/29 23:48:16
11276,1227.34,17309.4,-2625.85,2026/01/29 23:48:16
11277,1227.45,17149.2,-2617.23,2026/01/29 23:48:16
11278,1227.55,16960.5,-2605.75,2026/01/29 23:48:16
11279,1227.66,16842,-2604.59,2026/01/29 23:48:17
11280,1227.77,16840.1,-2601.7,2026/01/29 23:48:17
11281,1227.88,16834.9,-2602.98,2026/01/29 23:48:17
11282,1227.99,16842,-2604.33,2026/01/29 23:48:17
11283,1228.1,16909.6,-2612.77,2026/01/29 23:48:17
11284,1228.21,17171.7,-2625.12,2026/01/29 23:48:17
11285,1228.32,17422.4,-2633.89,2026/01/29 23:48:17
11286,1228.43,17418.3,-2636.11,2026/01/29 23:48:17
11287,1228.53,17524.9,-2638.8,2026/01/29 23:48:17
11288,1228.64,17600.8,-2642.76,2026/01/29 23:48:18
11289,1228.75,17698.7,-2638.99,2026/01/29 23:48:18
11290,1228.86,17719.1,-2639.53,2026/01/29 23:48:18
11291,1228.97,17725.1,-2636.33,2026/01/29 23:48:18
11292,1229.08,17729.4,-2639.5,2026/01/29 23:48:18
11293,1229.19,17701.6,-2633.38,2026/01/29 23:48:18
11294,1229.3,17562.3,-2636.21,2026/01/29 23:48:18
11295,1229.4,17478.2,-2638.66,2026/01/29 23:48:18
11296,1229.51,17436.1,-2634.76,2026/01/29 23:48:18
11297,1229.62,17369.2,-2631.05,2026/01/29 23:48:19
11298,1229.73,17257.5,-2619.18,2026/01/29 23:48:19
11299,1229.84,17029.9,-2611.33,2026/01/29 23:48:19
11300,1229.95,16946.8,-2610.63,2026/01/29 23:48:19
11301,1230.06,16954.1,-2610.35,2026/01/29 23:48:19
11302,1230.17,16961.5,-2614.07,2026/01/29 23:48:19
11303,1230.28,16983.8,-2615.48,2026/01/29 23:48:19
11304,1230.38,17073.3,-2622.46,2026/01/29 23:48:19
11305,1230.49,17277.4,-2625.72,2026/01/29 23:48:19
11306,1230.6,17477.2,-2640.47,2026/01/29 23:48:20
11307,1230.71,17474.8,-2636.94,2026/01/29 23:48:20
11308,1230.82,17591.5,-2642.71,2026/01/29 23:48:20
11309,1230.93,17691,-2639.95,2026/01/29 23:48:20
11310,1231.04,17737.3,-2638.39,2026/01/29 23:48:20
11311,1231.15,17741.4,-2634.85,2026/01/29 23:48:20
11312,1231.26,17737.8,-2637.39,2026/01/29 23:48:20
11313,1231.37,17735.2,-2636.5,2026/01/29 23:48:20
11314,1231.47,17678.6,-2633.28,2026/01/29 23:48:20
11315,1231.58,17559.2,-2638.61,2026/01/29 23:48:21
11316,1231.69,17505.3,-2636.3,2026/01/29 23:48:21
11317,1231.8,17459.2,-2635.25,2026/01/29 23:48:21
11318,1231.91,17430.1,-2633.96,2026/01/29 23:48:21
11319,1232.02,17367.1,-2630.12,2026/01/29 23:48:21
11320,1232.13,17268.6,-2624.07,2026/01/29 23:48:21
11321,1232.24,17115.3,-2616.56,2026/01/29 23:48:21
11322,1232.34,16962,-2611.77,2026/01/29 23:48:21
11323,1232.45,16891.8,-2607.68,2026/01/29 23:48:21
11324,1232.56,16870,-2606.69,2026/01/29 23:48:21
11325,1232.67,16821.7,-2602.55,2026/01/29 23:48:22
11326,1232.78,16806.5,-2604.94,2026/01/29 23:48:22
11327,1232.89,16896.5,-2610.33,2026/01/29 23:48:22
11328,1233,17206.1,-2628.44,2026/01/29 23:48:22
11329,1233.11,17475.7,-2636.7,2026/01/29 23:48:22
11330,1233.21,17476.6,-2637.81,2026/01/29 23:48:22
11331,1233.32,17615.3,-2642.94,2026/01/29 23:48:22
11332,1233.43,17710,-2636.87,2026/01/29 23:48:22
11333,1233.54,17728.4,-2636.24,2026/01/29 23:48:22
11334,1233.65,17735.8,-2634.56,2026/01/29 23:48:23
11335,1233.76,17719.9,-2633.08,2026/01/29 23:48:23
11336,1233.87,17630.8,-2635.07,2026/01/29 23:48:23
11337,1233.98,17546.1,-2637.04,2026/01/29 23:48:23
11338,1234.09,17484.2,-2638.42,2026/01/29 23:48:23
11339,1234.2,17458.4,-2632.51,2026/01/29 23:48:23
11340,1234.31,17424.2,-2632.84,2026/01/29 23:48:23
11341,1234.41,17356.2,-2629.95,2026/01/29 23:48:23
11342,1234.52,17281.7,-2625.92,2026/01/29 23:48:23
11343,1234.63,17160,-2618.94,2026/01/29 23:48:24
11344,1234.74,17061.8,-2618.63,2026/01/29 23:48:24
11345,1234.85,17022.7,-2614.67,2026/01/29 23:48:24
11346,1234.96,16997,-2617.31,2026/01/29 23:48:24
11347,1235.06,16997.5,-2615.99,2026/01/29 23:48:24
11348,1235.17,17045.1,-2620.51,2026/01/29 23:48:24
11349,1235.28,17197,-2625.2,2026/01/29 23:48:24
11350,1235.39,17416,-2636.22,2026/01/29 23:48:24
11351,1235.5,17425,-2634.18,2026/01/29 23:48:24
11352,1235.61,17538.6,-2638.47,2026/01/29 23:48:25
11353,1235.72,17635.9,-2640.56,2026/01/29 23:48:25
11354,1235.83,17712,-2636.95,2026/01/29 23:48:25
11355,1235.94,17738.4,-2634.46,2026/01/29 23:48:25
11356,1236.04,17744,-2636.46,2026/01/29 23:48:25
11357,1236.15,17749.5,-2631.21,2026/01/29 23:48:25
11358,1236.26,17747.1,-2637.93,2026/01/29 23:48:25
11359,1236.37,17752.2,-2632.33,2026/01/29 23:48:25
11360,1236.48,17709,-2634.99,2026/01/29 23:48:25
11361,1236.59,17641.5,-2637.99,2026/01/29 23:48:26
11362,1236.7,17559.1,-2636.78,2026/01/29 23:48:26
11363,1236.81,17473.3,-2637.02,2026/01/29 23:48:26
11364,1236.91,17430.3,-2631.36,2026/01/29 23:48:26
11365,1237.02,17348.2,-2628.81,2026/01/29 23:48:26
11366,1237.13,17190.5,-2618.05,2026/01/29 23:48:26
11367,1237.24,17004.2,-2616.01,2026/01/29 23:48:26
11368,1237.35,16870.1,-2604.08,2026/01/29 23:48:26
11369,1237.46,16822.9,-2604.65,2026/01/29 23:48:26
11370,1237.56,16822.9,-2603.15,2026/01/29 23:48:26
11371,1237.67,16859.3,-2607.22,2026/01/29 23:48:27
11372,1237.78,16980.2,-2617.93,2026/01/29 23:48:27
11373,1237.89,17238,-2621.78,2026/01/29 23:48:27
11374,1238,17460.4,-2638.75,2026/01/29 23:48:27
11375,1238.11,17473.5,-2637.42,2026/01/29 23:48:27
11376,1238.21,17583.4,-2640.93,2026/01/29 23:48:27
11377,1238.32,17684.6,-2638.14,2026/01/29 23:48:27
11378,1238.43,17740.2,-2634.29,2026/01/29 23:48:27
11379,1238.54,17742.8,-2634.64,2026/01/29 23:48:27
11380,1238.65,17753.3,-2632.59,2026/01/29 23:48:28
11381,1238.76,17745.9,-2634.81,2026/01/29 23:48:28
11382,1238.87,17765.2,-2634.15,2026/01/29 23:48:28
11383,1238.97,17713.2,-2634.43,2026/01/29 23:48:28
11384,1239.08,17608.4,-2639.02,2026/01/29 23:48:28
11385,1239.19,17532.6,-2635.6,2026/01/29 23:48:28
11386,1239.3,17483.8,-2638.02,2026/01/29 23:48:28
11387,1239.41,17445.9,-2632.94,2026/01/29 23:48:28
11388,1239.52,17386.9,-2629.9,2026/01/29 23:48:28
11389,1239.63,17328.7,-2628.08,2026/01/29 23:48:29
11390,1239.73,17182.4,-2618.19,2026/01/29 23:48:29
11391,1239.84,17022.2,-2615.83,2026/01/29 23:48:29
11392,1239.95,16927.3,-2608.37,2026/01/29 23:48:29
11393,1240.06,16878.9,-2608.51,2026/01/29 23:48:29
11394,1240.17,16864.9,-2606.99,2026/01/29 23:48:29
11395,1240.28,16818.6,-2604.6,2026/01/29 23:48:29
11396,1240.39,16798.6,-2602.6,2026/01/29 23:48:29
11397,1240.49,16861.6,-2607.83,2026/01/29 23:48:29
11398,1240.6,17092.4,-2622.7,2026/01/29 23:48:30
11399,1240.71,17395.1,-2634.79,2026/01/29 23:48:30
11400,1240.82,17437,-2636.04,2026/01/29 23:48:30
11401,1240.93,17580.3,-2640.05,2026/01/29 23:48:30
11402,1241.04,17703.1,-2637.48,2026/01/29 23:48:30
11403,1241.15,17743.2,-2632.94,2026/01/29 23:48:30
11404,1241.26,17753.5,-2635.55,2026/01/29 23:48:30
11405,1241.37,17769.2,-2631.31,2026/01/29 23:48:30
11406,1241.47,17771,-2632.58,2026/01/29 23:48:30
11407,1241.58,17766.7,-2631.3,2026/01/29 23:48:31
11408,1241.69,17757.4,-2633.14,2026/01/29 23:48:31
11409,1241.8,17630.1,-2636.29,2026/01/29 23:48:31
11410,1241.91,17523.9,-2634.2,2026/01/29 23:48:31
11411,1242.02,17448.9,-2631.58,2026/01/29 23:48:31
11412,1242.13,17368.8,-2627.35,2026/01/29 23:48:31
11413,1242.23,17212.5,-2619.3,2026/01/29 23:48:31
11414,1242.34,17014.1,-2610.76,2026/01/29 23:48:31
11415,1242.45,16837.7,-2602.83,2026/01/29 23:48:31
11416,1242.56,16733.1,-2607.13,2026/01/29 23:48:31
11417,1242.67,16541.2,-2622.22,2026/01/29 23:48:32
11418,1242.78,16085.7,-2700.88,2026/01/29 23:48:32
11419,1242.89,16126.9,-2709.85,2026/01/29 23:48:32
11420,1243,16547.6,-2702.77,2026/01/29 23:48:32
11421,1243.11,17023.7,-2683.55,2026/01/29 23:48:32
11422,1243.22,17303.1,-2683.82,2026/01/29 23:48:32
11423,1243.32,17398.4,-2675.05,2026/01/29 23:48:32
11424,1243.43,17460.6,-2683.17,2026/01/29 23:48:32
11425,1243.54,17567,-2673.02,2026/01/29 23:48:32
11426,1243.65,17607.6,-2667.18,2026/01/29 23:48:33
11427,1243.76,17610.6,-2668.48,2026/01/29 23:48:33
11428,1243.87,17618.9,-2665.73,2026/01/29 23:48:33
11429,1243.98,17612.5,-2668.72,2026/01/29 23:48:33
11430,1244.09,17624.4,-2665.45,2026/01/29 23:48:33
11431,1244.2,17563,-2671.03,2026/01/29 23:48:33
11432,1244.3,17440.3,-2678.05,2026/01/29 23:48:33
11433,1244.41,17346.8,-2682.67,2026/01/29 23:48:33
11434,1244.52,17278.9,-2684.65,2026/01/29 23:48:33
11435,1244.63,17193.3,-2684.1,2026/01/29 23:48:34
11436,1244.74,17030.8,-2688.5,2026/01/29 23:48:34
11437,1244.85,16819.9,-2691.9,2026/01/29 23:48:34
11438,1244.96,16662.1,-2704.66,2026/01/29 23:48:34
11439,1245.06,16698.7,-2701.69,2026/01/29 23:48:34
11440,1245.17,16718.7,-2697.67,2026/01/29 23:48:34
11441,1245.28,16704.5,-2702.82,2026/01/29 23:48:34
11442,1245.39,16807.7,-2693.01,2026/01/29 23:48:34
11443,1245.5,17108.3,-2684.27,2026/01/29 23:48:34
11444,1245.61,17362.3,-2676.21,2026/01/29 23:48:35
11445,1245.72,17359.5,-2680.65,2026/01/29 23:48:35
11446,1245.83,17533.7,-2672.68,2026/01/29 23:48:35
11447,1245.94,17627.9,-2661.63,2026/01/29 23:48:35
11448,1246.05,17644.9,-2659.72,2026/01/29 23:48:35
11449,1246.15,17651.3,-2656.22,2026/01/29 23:48:35
11450,1246.26,17649.5,-2658.05,2026/01/29 23:48:35
11451,1246.37,17662.4,-2656.69,2026/01/29 23:48:35
11452,1246.48,17633.6,-2661.69,2026/01/29 23:48:35
11453,1246.59,17595.9,-2662.66,2026/01/29 23:48:36
11454,1246.7,17476.7,-2669.33,2026/01/29 23:48:36
11455,1246.8,17369.1,-2674.56,2026/01/29 23:48:36
11456,1246.92,17296.5,-2677.12,2026/01/29 23:48:36
11457,1247.02,17192.4,-2675.34,2026/01/29 23:48:36
11458,1247.13,16954.1,-2680.76,2026/01/29 23:48:36
11459,1247.24,16704.8,-2695.13,2026/01/29 23:48:36
11460,1247.35,16669.6,-2697.47,2026/01/29 23:48:36
11461,1247.46,16663.8,-2695.21,2026/01/29 23:48:36
11462,1247.57,16577.4,-2695.65,2026/01/29 23:48:36
11463,1247.68,16837.5,-2687.73,2026/01/29 23:48:37
11464,1247.79,17291.2,-2670.61,2026/01/29 23:48:37
11465,1247.9,17356.6,-2672.39,2026/01/29 23:48:37
11466,1248.01,17548.6,-2664.41,2026/01/29 23:48:37
11467,1248.11,17645.7,-2656.8,2026/01/29 23:48:37
11468,1248.22,17667.2,-2649.57,2026/01/29 23:48:37
11469,1248.33,17672.7,-2650.31,2026/01/29 23:48:37
11470,1248.44,17671,-2646.3,2026/01/29 23:48:37
11471,1248.55,17675.3,-2644.55,2026/01/29 23:48:37
11472,1248.66,17760.9,-2635.36,2026/01/29 23:48:38
11473,1248.77,17735.2,-2631.34,2026/01/29 23:48:38
11474,1248.88,17594.5,-2634.64,2026/01/29 23:48:38
11475,1248.98,17522.1,-2634.58,2026/01/29 23:48:38
11476,1249.09,17460.5,-2636.06,2026/01/29 23:48:38
11477,1249.2,17394,-2628.81,2026/01/29 23:48:38
11478,1249.31,17268.6,-2620.73,2026/01/29 23:48:38
11479,1249.42,17131.8,-2618.94,2026/01/29 23:48:38
11480,1249.53,17062.6,-2612.97,2026/01/29 23:48:38
11481,1249.64,17003.9,-2613.88,2026/01/29 23:48:39
11482,1249.75,16986.5,-2612.39,2026/01/29 23:48:39
11483,1249.86,16926.8,-2610.63,2026/01/29 23:48:39
11484,1249.96,16939.3,-2612.92,2026/01/29 23:48:39
11485,1250.07,17036.2,-2619.46,2026/01/29 23:48:39
11486,1250.18,17230.1,-2628.2,2026/01/29 23:48:39
11487,1250.29,17468.9,-2634.46,2026/01/29 23:48:39
11488,1250.4,17464.8,-2637.09,2026/01/29 23:48:39
11489,1250.51,17608.7,-2639.7,2026/01/29 23:48:39
11490,1250.62,17718.3,-2636.47,2026/01/29 23:48:40
11491,1250.73,17766.6,-2632.61,2026/01/29 23:48:40
11492,1250.83,17769.9,-2631.29,2026/01/29 23:48:40
11493,1250.94,17772.3,-2633.19,2026/01/29 23:48:40
11494,1251.05,17776.2,-2629.51,2026/01/29 23:48:40
11495,1251.16,17765.8,-2633.32,2026/01/29 23:48:40
11496,1251.27,17709,-2634.61,2026/01/29 23:48:40
11497,1251.37,17575.7,-2634.31,2026/01/29 23:48:40
11498,1251.48,17492.6,-2631.59,2026/01/29 23:48:40
11499,1251.59,17443,-2630.85,2026/01/29 23:48:41
11500,1251.7,17363.4,-2626.69,2026/01/29 23:48:41
11501,1251.81,17199,-2619.55,2026/01/29 23:48:41
11502,1251.92,17016.2,-2609.09,2026/01/29 23:48:41
11503,1252.03,16847.5,-2601.94,2026/01/29 23:48:41
11504,1252.14,16713.8,-2610.79,2026/01/29 23:48:41
11505,1252.24,16155,-2685.75,2026/01/29 23:48:41
11506,1252.35,16001.1,-2713.78,2026/01/29 23:48:41
11507,1252.46,15950.2,-2714.37,2026/01/29 23:48:41
11508,1252.57,15898.2,-2718.19,2026/01/29 23:48:41
11509,1252.68,16152,-2710.04,2026/01/29 23:48:42
11510,1252.79,16881.1,-2695.71,2026/01/29 23:48:42
11511,1252.9,17295.9,-2687.79,2026/01/29 23:48:42
11512,1253.01,17368.7,-2688.6,2026/01/29 23:48:42
11513,1253.12,17516.8,-2682.23,2026/01/29 23:48:42
11514,1253.23,17582.7,-2673.18,2026/01/29 23:48:42
11515,1253.34,17583,-2674.31,2026/01/29 23:48:42
11516,1253.45,17594.3,-2672.62,2026/01/29 23:48:42
11517,1253.56,17592.1,-2672.17,2026/01/29 23:48:42
11518,1253.66,17593.1,-2672.08,2026/01/29 23:48:43
11519,1253.77,17604.3,-2670,2026/01/29 23:48:43
11520,1253.88,17558.9,-2677.42,2026/01/29 23:48:43
11521,1253.99,17452.8,-2680.35,2026/01/29 23:48:43
11522,1254.1,17333.7,-2690.1,2026/01/29 23:48:43
11523,1254.21,17289.9,-2685.6,2026/01/29 23:48:43
11524,1254.32,17231.1,-2689.74,2026/01/29 23:48:43
11525,1254.43,17099.3,-2692.1,2026/01/29 23:48:43
11526,1254.53,16891.8,-2696.44,2026/01/29 23:48:43
11527,1254.64,16736.2,-2702.41,2026/01/29 23:48:44
11528,1254.75,16638.1,-2705.07,2026/01/29 23:48:44
11529,1254.86,16564.8,-2702.23,2026/01/29 23:48:44
11530,1254.97,16607.9,-2698.28,2026/01/29 23:48:44
11531,1255.08,16646.7,-2696.61,2026/01/29 23:48:44
11532,1255.19,16682,-2697.64,2026/01/29 23:48:44
11533,1255.3,16799.4,-2692.95,2026/01/29 23:48:44
11534,1255.4,17023.2,-2680.88,2026/01/29 23:48:44
11535,1255.51,17297.5,-2679.53,2026/01/29 23:48:44
11536,1255.62,17426.8,-2668.05,2026/01/29 23:48:45
11537,1255.73,17429.6,-2678.86,2026/01/29 23:48:45
11538,1255.84,17549.2,-2668.11,2026/01/29 23:48:45
11539,1255.95,17620.4,-2662.39,2026/01/29 23:48:45
11540,1256.06,17668.4,-2655.66,2026/01/29 23:48:45
11541,1256.17,17700.6,-2648.45,2026/01/29 23:48:45
11542,1256.28,17709.4,-2646.17,2026/01/29 23:48:45
11543,1256.39,17719.2,-2642.32,2026/01/29 23:48:45
11544,1256.49,17687.5,-2647.21,2026/01/29 23:48:45
11545,1256.6,17636.5,-2655.79,2026/01/29 23:48:46
11546,1256.71,17532.3,-2663.85,2026/01/29 23:48:46
11547,1256.82,17410.8,-2670.03,2026/01/29 23:48:46
11548,1256.93,17355.5,-2669.69,2026/01/29 23:48:46
11549,1257.04,17289.8,-2672.07,2026/01/29 23:48:46
11550,1257.15,17106.4,-2669.09,2026/01/29 23:48:46
11551,1257.26,16889.1,-2677.81,2026/01/29 23:48:46
11552,1257.37,16695.7,-2687.32,2026/01/29 23:48:46
11553,1257.48,16542.4,-2690.36,2026/01/29 23:48:46
11554,1257.58,16468.9,-2687.59,2026/01/29 23:48:47
11555,1257.7,16358.3,-2684.84,2026/01/29 23:48:47
11556,1257.81,16258.2,-2692.87,2026/01/29 23:48:47
11557,1257.91,16130.6,-2700.99,2026/01/29 23:48:47
11558,1258.02,16059,-2706.2,2026/01/29 23:48:47
11559,1258.13,16264.8,-2699.49,2026/01/29 23:48:47
11560,1258.24,16758.5,-2697.42,2026/01/29 23:48:47
11561,1258.35,17181.3,-2685.03,2026/01/29 23:48:47
11562,1258.46,17474.7,-2678.13,2026/01/29 23:48:47
11563,1258.57,17442.2,-2680.5,2026/01/29 23:48:47
11564,1258.68,17586.9,-2669.8,2026/01/29 23:48:48
11565,1258.79,17623.1,-2664.59,2026/01/29 23:48:48
11566,1258.89,17618.5,-2665.99,2026/01/29 23:48:48
11567,1259,17660.3,-2660.94,2026/01/29 23:48:48
11568,1259.11,17660.9,-2658.77,2026/01/29 23:48:48
11569,1259.22,17629,-2664.69,2026/01/29 23:48:48
11570,1259.33,17554.8,-2669.18,2026/01/29 23:48:48
11571,1259.43,17411.9,-2679.26,2026/01/29 23:48:48
11572,1259.54,17352.4,-2682.87,2026/01/29 23:48:48
11573,1259.65,17306.7,-2682.31,2026/01/29 23:48:49
11574,1259.76,17281.5,-2682.42,2026/01/29 23:48:49
11575,1259.87,17214.5,-2681.26,2026/01/29 23:48:49
11576,1259.98,17085.2,-2683.41,2026/01/29 23:48:49
11577,1260.09,16925.6,-2688.51,2026/01/29 23:48:49
11578,1260.19,16857.2,-2688.16,2026/01/29 23:48:49
11579,1260.3,16777.3,-2691.16,2026/01/29 23:48:49
11580,1260.41,16715.1,-2694.81,2026/01/29 23:48:49
11581,1260.52,16723,-2692.61,2026/01/29 23:48:49
11582,1260.63,16859.1,-2688.54,2026/01/29 23:48:50
11583,1260.74,16962.6,-2682.05,2026/01/29 23:48:50
11584,1260.85,17090.7,-2680.47,2026/01/29 23:48:50
11585,1260.96,17246.2,-2677.25,2026/01/29 23:48:50
11586,1261.07,17436.9,-2657.5,2026/01/29 23:48:50
11587,1261.18,17357.6,-2673.28,2026/01/29 23:48:50
11588,1261.28,17431.5,-2673.8,2026/01/29 23:48:50
11589,1261.39,17542.6,-2666.83,2026/01/29 23:48:50
11590,1261.5,17620.5,-2659.1,2026/01/29 23:48:50
11591,1261.61,17653.1,-2654.93,2026/01/29 23:48:51
11592,1261.72,17691,-2648.95,2026/01/29 23:48:51
11593,1261.82,17707.2,-2642.26,2026/01/29 23:48:51
11594,1261.93,17708.5,-2642.31,2026/01/29 23:48:51
11595,1262.04,17701,-2642.29,2026/01/29 23:48:51
11596,1262.15,17649.8,-2653.24,2026/01/29 23:48:51
11597,1262.26,17607.3,-2655.6,2026/01/29 23:48:51
11598,1262.37,17572.6,-2663.29,2026/01/29 23:48:51
11599,1262.48,17508.2,-2662.58,2026/01/29 23:48:51
11600,1262.59,17415.9,-2669.91,2026/01/29 23:48:52
11601,1262.7,17385.7,-2667.01,2026/01/29 23:48:52
11602,1262.8,17357.8,-2668.44,2026/01/29 23:48:52
11603,1262.91,17309.3,-2669.8,2026/01/29 23:48:52
11604,1263.02,17231.8,-2669.06,2026/01/29 23:48:52
11605,1263.13,17068.7,-2669.76,2026/01/29 23:48:52
11606,1263.24,16926.4,-2673.69,2026/01/29 23:48:52
11607,1263.35,16748.8,-2681.83,2026/01/29 23:48:52
11608,1263.46,16663.2,-2688.24,2026/01/29 23:48:52
11609,1263.56,16587.8,-2681.23,2026/01/29 23:48:52
11610,1263.67,16551.1,-2685.51,2026/01/29 23:48:53
11611,1263.78,16550.5,-2684.86,2026/01/29 23:48:53
11612,1263.89,16552.2,-2688.34,2026/01/29 23:48:53
11613,1264,16660.7,-2686.65,2026/01/29 23:48:53
11614,1264.11,16889.5,-2678.45,2026/01/29 23:48:53
11615,1264.21,17119.6,-2668.44,2026/01/29 23:48:53
11616,1264.32,17412,-2669.21,2026/01/29 23:48:53
11617,1264.43,17439.3,-2652.04,2026/01/29 23:48:53
11618,1264.54,17459.5,-2665.89,2026/01/29 23:48:53
11619,1264.65,17578.7,-2658.86,2026/01/29 23:48:54
11620,1264.76,17647.6,-2650.1,2026/01/29 23:48:54
11621,1264.87,17660.5,-2643.52,2026/01/29 23:48:54
11622,1264.98,17750.7,-2631.12,2026/01/29 23:48:54
11623,1265.09,17752.4,-2629.86,2026/01/29 23:48:54
11624,1265.2,17776.5,-2627.37,2026/01/29 23:48:54
11625,1265.3,17780.6,-2626.59,2026/01/29 23:48:54
11626,1265.41,17728.8,-2630.03,2026/01/29 23:48:54
11627,1265.52,17623.4,-2633.68,2026/01/29 23:48:54
11628,1265.63,17529.4,-2634.57,2026/01/29 23:48:55
11629,1265.74,17491.8,-2628.32,2026/01/29 23:48:55
11630,1265.85,17458.2,-2632.12,2026/01/29 23:48:55
11631,1265.96,17435.5,-2627.61,2026/01/29 23:48:55
11632,1266.06,17372,-2625.34,2026/01/29 23:48:55
11633,1266.17,17269.8,-2623.69,2026/01/29 23:48:55
11634,1266.28,17169,-2614.91,2026/01/29 23:48:55
11635,1266.39,17102.4,-2614.78,2026/01/29 23:48:55
11636,1266.5,17031.8,-2612.03,2026/01/29 23:48:55
11637,1266.61,16972.3,-2610.28,2026/01/29 23:48:56
11638,1266.72,16918.6,-2602.97,2026/01/29 23:48:56
11639,1266.83,16902.3,-2609.12,2026/01/29 23:48:56
11640,1266.94,16957.5,-2608.45,2026/01/29 23:48:56
11641,1267.04,17012.7,-2612.83,2026/01/29 23:48:56
11642,1267.15,17104,-2615.51,2026/01/29 23:48:56
11643,1267.26,17264,-2625.15,2026/01/29 23:48:56
11644,1267.37,17536.9,-2639.06,2026/01/29 23:48:56
11645,1267.48,17560.8,-2624.75,2026/01/29 23:48:56
11646,1267.59,17582.1,-2639.63,2026/01/29 23:48:57
11647,1267.7,17712,-2635.76,2026/01/29 23:48:57
11648,1267.81,17759.5,-2630,2026/01/29 23:48:57
11649,1267.92,17763.9,-2628.79,2026/01/29 23:48:57
11650,1268.03,17760.6,-2631.52,2026/01/29 23:48:57
11651,1268.14,17758.5,-2628.37,2026/01/29 23:48:57
11652,1268.24,17762.1,-2631.43,2026/01/29 23:48:57
11653,1268.35,17775.2,-2627.29,2026/01/29 23:48:57
11654,1268.46,17758.5,-2631.47,2026/01/29 23:48:57
11655,1268.57,17678.4,-2631.39,2026/01/29 23:48:57
11656,1268.68,17583.7,-2629.38,2026/01/29 23:48:58
11657,1268.79,17499.6,-2634.02,2026/01/29 23:48:58
11658,1268.9,17467.4,-2628.74,2026/01/29 23:48:58
11659,1269.01,17443.7,-2627.83,2026/01/29 23:48:58
11660,1269.11,17417.9,-2627.94,2026/01/29 23:48:58
11661,1269.22,17331.4,-2620.43,2026/01/29 23:48:58
11662,1269.33,17215.5,-2618.18,2026/01/29 23:48:58
11663,1269.44,17135.5,-2616.06,2026/01/29 23:48:58
11664,1269.55,17078.8,-2616.39,2026/01/29 23:48:58
11665,1269.66,17033.8,-2614.09,2026/01/29 23:48:59
11666,1269.77,17012.1,-2617.05,2026/01/29 23:48:59
11667,1269.88,17026.5,-2612.19,2026/01/29 23:48:59
11668,1269.99,17029.4,-2617.09,2026/01/29 23:48:59
11669,1270.09,17062.7,-2615.41,2026/01/29 23:48:59
11670,1270.2,17181.7,-2623.99,2026/01/29 23:48:59
11671,1270.31,17398.2,-2632.91,2026/01/29 23:48:59
11672,1270.42,17676.2,-2632.72,2026/01/29 23:48:59
11673,1270.53,17551.9,-2639.1,2026/01/29 23:48:59
11674,1270.64,17670.6,-2634.2,2026/01/29 23:49:00
11675,1270.75,17764.5,-2630.92,2026/01/29 23:49:00
11676,1270.86,17791.6,-2628.2,2026/01/29 23:49:00
11677,1270.96,17832.4,-2621.64,2026/01/29 23:49:00
11678,1271.07,17834.4,-2620.79,2026/01/29 23:49:00
11679,1271.18,17838,-2621.25,2026/01/29 23:49:00
11680,1271.29,17834.7,-2620.28,2026/01/29 23:49:00
11681,1271.4,17817.4,-2624.03,2026/01/29 23:49:00
11682,1271.51,17779.6,-2628.13,2026/01/29 23:49:00
11683,1271.62,17720.3,-2629.16,2026/01/29 23:49:01
11684,1271.72,17602.1,-2632.73,2026/01/29 23:49:01
11685,1271.83,17519.7,-2631.87,2026/01/29 23:49:01
11686,1271.94,17477.4,-2631.27,2026/01/29 23:49:01
11687,1272.05,17447.6,-2628.5,2026/01/29 23:49:01
11688,1272.16,17417.4,-2622.79,2026/01/29 23:49:01
11689,1272.27,17271.8,-2619.51,2026/01/29 23:49:01
11690,1272.38,17113,-2612.3,2026/01/29 23:49:01
11691,1272.49,16983.2,-2611.61,2026/01/29 23:49:01
11692,1272.59,16989.2,-2612.51,2026/01/29 23:49:02
11693,1272.7,16992.2,-2613.14,2026/01/29 23:49:02
11694,1272.81,16993.6,-2613.62,2026/01/29 23:49:02
11695,1272.92,17009.5,-2613.67,2026/01/29 23:49:02
11696,1273.03,17017.7,-2615.57,2026/01/29 23:49:02
11697,1273.14,17097.7,-2618.4,2026/01/29 23:49:02
11698,1273.25,17245.1,-2628.27,2026/01/29 23:49:02
11699,1273.35,17485.6,-2636.89,2026/01/29 23:49:02
11700,1273.46,17762.1,-2615.46,2026/01/29 23:49:02
11701,1273.57,17629.9,-2635.9,2026/01/29 23:49:02
11702,1273.68,17738.7,-2632.61,2026/01/29 23:49:03
11703,1273.79,17774.3,-2629.71,2026/01/29 23:49:03
11704,1273.9,17771.9,-2627.77,2026/01/29 23:49:03
11705,1274,17768.4,-2626.78,2026/01/29 23:49:03
11706,1274.11,17774.3,-2628.53,2026/01/29 23:49:03
11707,1274.22,17787.6,-2625.74,2026/01/29 23:49:03
11708,1274.33,17785.7,-2626.08,2026/01/29 23:49:03
11709,1274.44,17689.5,-2628.72,2026/01/29 23:49:03
11710,1274.55,17573.3,-2631.42,2026/01/29 23:49:03
11711,1274.66,17491.8,-2626.96,2026/01/29 23:49:04
11712,1274.77,17442.5,-2629.13,2026/01/29 23:49:04
11713,1274.87,17403,-2618.42,2026/01/29 23:49:04
11714,1274.98,17219.2,-2617.1,2026/01/29 23:49:04
11715,1275.09,17061.5,-2611.01,2026/01/29 23:49:04
11716,1275.2,17012.7,-2614.74,2026/01/29 23:49:04
11717,1275.31,17041.9,-2615.19,2026/01/29 23:49:04
11718,1275.42,17060.3,-2612.58,2026/01/29 23:49:04
11719,1275.53,17049.4,-2615.69,2026/01/29 23:49:04
11720,1275.63,17055.8,-2613.39,2026/01/29 23:49:05
11721,1275.74,17050.1,-2615.11,2026/01/29 23:49:05
11722,1275.85,17063.2,-2616.24,2026/01/29 23:49:05
11723,1275.96,17184.7,-2618.34,2026/01/29 23:49:05
11724,1276.07,17371,-2631.36,2026/01/29 23:49:05
11725,1276.18,17665.8,-2628.65,2026/01/29 23:49:05
11726,1276.28,17621.9,-2626.19,2026/01/29 23:49:05
11727,1276.39,17734.6,-2629.31,2026/01/29 23:49:05
11728,1276.5,17738.2,-2631.89,2026/01/29 23:49:05
11729,1276.61,17743.6,-2628.29,2026/01/29 23:49:06
11730,1276.72,17791.4,-2625.25,2026/01/29 23:49:06
11731,1276.83,17806.6,-2623.26,2026/01/29 23:49:06
11732,1276.94,17810.4,-2622.87,2026/01/29 23:49:06
11733,1277.05,17788.6,-2626.09,2026/01/29 23:49:06
11734,1277.16,17713.7,-2626.6,2026/01/29 23:49:06
11735,1277.26,17587.4,-2630.28,2026/01/29 23:49:06
11736,1277.37,17494.2,-2626.42,2026/01/29 23:49:06
11737,1277.48,17440.8,-2626.08,2026/01/29 23:49:06
11738,1277.59,17317,-2617.5,2026/01/29 23:49:07
11739,1277.7,17160.7,-2616.41,2026/01/29 23:49:07
11740,1277.81,17032.4,-2611.29,2026/01/29 23:49:07
11741,1277.92,16971,-2610.77,2026/01/29 23:49:07
11742,1278.02,16946.6,-2608.26,2026/01/29 23:49:07
11743,1278.13,16934.1,-2609.02,2026/01/29 23:49:07
11744,1278.24,16887.7,-2607.05,2026/01/29 23:49:07
11745,1278.35,16838.2,-2602.4,2026/01/29 23:49:07
11746,1278.46,16764.2,-2599.31,2026/01/29 23:49:07
11747,1278.57,16223.9,-2662.15,2026/01/29 23:49:07
11748,1278.68,15999.7,-2700.19,2026/01/29 23:49:08
11749,1278.79,16049.2,-2704.2,2026/01/29 23:49:08
11750,1278.9,16292,-2683.13,2026/01/29 23:49:08
11751,1279,16792.8,-2685.32,2026/01/29 23:49:08
11752,1279.11,17198.5,-2671.8,2026/01/29 23:49:08
11753,1279.22,17430.9,-2675.78,2026/01/29 23:49:08
11754,1279.33,17628.7,-2623.63,2026/01/29 23:49:08
11755,1279.44,17523.8,-2670.47,2026/01/29 23:49:08
11756,1279.55,17534.4,-2667.42,2026/01/29 23:49:08
11757,1279.66,17531.8,-2668.88,2026/01/29 23:49:09
11758,1279.76,17544.1,-2668,2026/01/29 23:49:09
11759,1279.87,17573.9,-2662.46,2026/01/29 23:49:09
11760,1279.98,17591.5,-2659.4,2026/01/29 23:49:09
11761,1280.09,17556.3,-2664.18,2026/01/29 23:49:09
11762,1280.2,17475.3,-2670.95,2026/01/29 23:49:09
11763,1280.31,17403.7,-2670.1,2026/01/29 23:49:09
11764,1280.42,17298.3,-2675.31,2026/01/29 23:49:09
11765,1280.53,17243.1,-2677.35,2026/01/29 23:49:09
11766,1280.63,17182.8,-2677.27,2026/01/29 23:49:10
11767,1280.74,16999.2,-2679.53,2026/01/29 23:49:10
11768,1280.85,16784.2,-2682.82,2026/01/29 23:49:10
11769,1280.96,16505.4,-2682.51,2026/01/29 23:49:10
11770,1281.07,16252.5,-2681.92,2026/01/29 23:49:10
11771,1281.18,16155.1,-2694.43,2026/01/29 23:49:10
11772,1281.29,16151.6,-2696.63,2026/01/29 23:49:10
11773,1281.39,16396.6,-2684.55,2026/01/29 23:49:10
11774,1281.5,16927.3,-2683.12,2026/01/29 23:49:10
11775,1281.61,17242.4,-2673.54,2026/01/29 23:49:11
11776,1281.72,17465,-2670.7,2026/01/29 23:49:11
11777,1281.83,17573.9,-2642.62,2026/01/29 23:49:11
11778,1281.94,17541.4,-2667.21,2026/01/29 23:49:11
11779,1282.05,17552,-2663.98,2026/01/29 23:49:11
11780,1282.16,17554.5,-2665.69,2026/01/29 23:49:11
11781,1282.27,17568.6,-2660.38,2026/01/29 23:49:11
11782,1282.37,17601.7,-2659.64,2026/01/29 23:49:11
11783,1282.49,17597.3,-2656.39,2026/01/29 23:49:11
11784,1282.59,17500,-2669.77,2026/01/29 23:49:12
11785,1282.7,17386.1,-2670.32,2026/01/29 23:49:12
11786,1282.81,17271.7,-2675.91,2026/01/29 23:49:12
11787,1282.92,17206.7,-2673.46,2026/01/29 23:49:12
11788,1283.03,17021.9,-2677.84,2026/01/29 23:49:12
11789,1283.14,16847.5,-2685.69,2026/01/29 23:49:12
11790,1283.25,16637.4,-2692.03,2026/01/29 23:49:12
11791,1283.36,16525.5,-2677.97,2026/01/29 23:49:12
11792,1283.47,16312.3,-2674.32,2026/01/29 23:49:12
11793,1283.57,16154.5,-2693.99,2026/01/29 23:49:12
11794,1283.68,16155.1,-2695.9,2026/01/29 23:49:13
11795,1283.79,16210.4,-2691.92,2026/01/29 23:49:13
11796,1283.9,16264.6,-2684.16,2026/01/29 23:49:13
11797,1284.01,16387.6,-2680.15,2026/01/29 23:49:13
11798,1284.12,16806.1,-2684.3,2026/01/29 23:49:13
11799,1284.23,17142.1,-2674,2026/01/29 23:49:13
11800,1284.34,17366.6,-2672.9,2026/01/29 23:49:13
11801,1284.45,17590.9,-2650.48,2026/01/29 23:49:13
11802,1284.56,17515.4,-2665.89,2026/01/29 23:49:13
11803,1284.66,17563.6,-2662.8,2026/01/29 23:49:14
11804,1284.77,17569.2,-2658.82,2026/01/29 23:49:14
11805,1284.88,17569,-2660.02,2026/01/29 23:49:14
11806,1284.99,17579.7,-2657.15,2026/01/29 23:49:14
11807,1285.1,17583.6,-2656.24,2026/01/29 23:49:14
11808,1285.21,17632,-2652.12,2026/01/29 23:49:14
11809,1285.32,17644.2,-2648.3,2026/01/29 23:49:14
11810,1285.43,17608,-2653.13,2026/01/29 23:49:14
11811,1285.54,17514.5,-2662.87,2026/01/29 23:49:14
11812,1285.65,17416.4,-2662.83,2026/01/29 23:49:15
11813,1285.75,17305.8,-2669.56,2026/01/29 23:49:15
11814,1285.86,17268.4,-2669.68,2026/01/29 23:49:15
11815,1285.97,17154.2,-2667.88,2026/01/29 23:49:15
11816,1286.08,16989.1,-2674.99,2026/01/29 23:49:15
11817,1286.19,16785.7,-2677.97,2026/01/29 23:49:15
11818,1286.3,16535.7,-2682.07,2026/01/29 23:49:15
11819,1286.41,16465.2,-2680.05,2026/01/29 23:49:15
11820,1286.52,16535.7,-2678.68,2026/01/29 23:49:15
11821,1286.63,16625.2,-2669.95,2026/01/29 23:49:16
11822,1286.73,16642.1,-2670.04,2026/01/29 23:49:16
11823,1286.84,16661.6,-2666.76,2026/01/29 23:49:16
11824,1286.95,16777,-2667.49,2026/01/29 23:49:16
11825,1287.06,17143.5,-2650.02,2026/01/29 23:49:16
11826,1287.17,17425,-2658.02,2026/01/29 23:49:16
11827,1287.28,17671.8,-2628.29,2026/01/29 23:49:16
11828,1287.39,17690,-2627.03,2026/01/29 23:49:16
11829,1287.5,17711.6,-2626.32,2026/01/29 23:49:16
11830,1287.61,17775.8,-2621.11,2026/01/29 23:49:17
11831,1287.71,17795.8,-2617.9,2026/01/29 23:49:17
11832,1287.82,17809.2,-2617.91,2026/01/29 23:49:17
11833,1287.93,17819.5,-2614.89,2026/01/29 23:49:17
11834,1288.04,17819.7,-2618.39,2026/01/29 23:49:17
11835,1288.15,17826,-2615.82,2026/01/29 23:49:17
11836,1288.26,17810,-2619.03,2026/01/29 23:49:17
11837,1288.36,17781.9,-2618.37,2026/01/29 23:49:17
11838,1288.47,17688.2,-2626.54,2026/01/29 23:49:17
11839,1288.58,17598.9,-2624.9,2026/01/29 23:49:18
11840,1288.69,17495.9,-2622.48,2026/01/29 23:49:18
11841,1288.8,17438.5,-2621.44,2026/01/29 23:49:18
11842,1288.91,17294.5,-2612.78,2026/01/29 23:49:18
11843,1289.02,17194.9,-2616.32,2026/01/29 23:49:18
11844,1289.12,17155,-2613.05,2026/01/29 23:49:18
11845,1289.23,17094.9,-2609.26,2026/01/29 23:49:18
11846,1289.34,17013.1,-2608.17,2026/01/29 23:49:18
11847,1289.45,16987.8,-2605.4,2026/01/29 23:49:18
11848,1289.56,16989.5,-2605.67,2026/01/29 23:49:18
11849,1289.67,16924,-2600.58,2026/01/29 23:49:19
11850,1289.78,16848.2,-2598.13,2026/01/29 23:49:19
11851,1289.89,16815.6,-2596.48,2026/01/29 23:49:19
11852,1290,16712.3,-2606.02,2026/01/29 23:49:19
11853,1290.1,16306.6,-2660.52,2026/01/29 23:49:19
11854,1290.21,16147.3,-2690.56,2026/01/29 23:49:19
11855,1290.32,16032.8,-2699.27,2026/01/29 23:49:19
11856,1290.43,16030.1,-2704.5,2026/01/29 23:49:19
11857,1290.54,16349.2,-2689.46,2026/01/29 23:49:19
11858,1290.65,16989.5,-2677.72,2026/01/29 23:49:20
11859,1290.76,17314,-2679.47,2026/01/29 23:49:20
11860,1290.87,17545.8,-2654.68,2026/01/29 23:49:20
11861,1290.98,17674.3,-2631.71,2026/01/29 23:49:20
11862,1291.09,17512.5,-2672.6,2026/01/29 23:49:20
11863,1291.19,17525.6,-2671.51,2026/01/29 23:49:20
11864,1291.3,17525,-2668.8,2026/01/29 23:49:20
11865,1291.41,17526.6,-2669.15,2026/01/29 23:49:20
11866,1291.52,17537.5,-2667.75,2026/01/29 23:49:20
11867,1291.63,17539.5,-2669.69,2026/01/29 23:49:21
11868,1291.74,17596.5,-2660.51,2026/01/29 23:49:21
11869,1291.85,17567.5,-2665.61,2026/01/29 23:49:21
11870,1291.96,17481.9,-2672.63,2026/01/29 23:49:21
11871,1292.07,17401,-2675.85,2026/01/29 23:49:21
11872,1292.18,17307.5,-2681.84,2026/01/29 23:49:21
11873,1292.28,17257.2,-2680.95,2026/01/29 23:49:21
11874,1292.39,17238.2,-2681.85,2026/01/29 23:49:21
11875,1292.5,17222.7,-2683.88,2026/01/29 23:49:21
11876,1292.61,17206.1,-2683.97,2026/01/29 23:49:22
11877,1292.72,17178.4,-2684.21,2026/01/29 23:49:22
11878,1292.83,17145,-2686.11,2026/01/29 23:49:22
11879,1292.94,17117.6,-2684.04,2026/01/29 23:49:22
11880,1293.05,17092.2,-2686.26,2026/01/29 23:49:22
11881,1293.16,17048.2,-2686.07,2026/01/29 23:49:22
11882,1293.26,16984.5,-2688.98,2026/01/29 23:49:22
11883,1293.37,16903,-2687.93,2026/01/29 23:49:22
11884,1293.48,16819.1,-2688.32,2026/01/29 23:49:22
11885,1293.59,16704.3,-2697.75,2026/01/29 23:49:23
11886,1293.7,16637.1,-2687.88,2026/01/29 23:49:23
11887,1293.81,16625.5,-2682.79,2026/01/29 23:49:23
11888,1293.92,16546.4,-2680.79,2026/01/29 23:49:23
11889,1294.02,16394.3,-2676.95,2026/01/29 23:49:23
11890,1294.13,16292.6,-2691.14,2026/01/29 23:49:23
11891,1294.24,16322.2,-2689.91,2026/01/29 23:49:23
11892,1294.35,16496.1,-2685.27,2026/01/29 23:49:23
11893,1294.46,16694.2,-2678.78,2026/01/29 23:49:23
11894,1294.57,16739.6,-2681.5,2026/01/29 23:49:23
11895,1294.68,16776.3,-2678.87,2026/01/29 23:49:24
11896,1294.79,16835.9,-2678.91,2026/01/29 23:49:24
11897,1294.9,16936.6,-2673.67,2026/01/29 23:49:24
11898,1295.01,17055.6,-2669.99,2026/01/29 23:49:24
11899,1295.11,17104.7,-2672.42,2026/01/29 23:49:24
11900,1295.22,17201.9,-2668.46,2026/01/29 23:49:24
11901,1295.33,17323.6,-2673.01,2026/01/29 23:49:24
11902,1295.44,17524.3,-2658.12,2026/01/29 23:49:24
11903,1295.55,17620.8,-2640.81,2026/01/29 23:49:24
11904,1295.66,17727.9,-2618.92,2026/01/29 23:49:25
11905,1295.77,17565.4,-2660.17,2026/01/29 23:49:25
11906,1295.88,17613.4,-2650.55,2026/01/29 23:49:25
11907,1295.99,17615.1,-2651.79,2026/01/29 23:49:25
11908,1296.1,17617.4,-2647.89,2026/01/29 23:49:25
11909,1296.2,17641,-2647.15,2026/01/29 23:49:25
11910,1296.31,17701.3,-2636.48,2026/01/29 23:49:25
11911,1296.42,17705.3,-2634.52,2026/01/29 23:49:25
11912,1296.53,17661,-2642.93,2026/01/29 23:49:25
11913,1296.64,17602.3,-2648.06,2026/01/29 23:49:26
11914,1296.75,17513.6,-2656,2026/01/29 23:49:26
11915,1296.86,17464.7,-2659.71,2026/01/29 23:49:26
11916,1296.97,17437.4,-2661.06,2026/01/29 23:49:26
11917,1297.08,17388.1,-2658.58,2026/01/29 23:49:26
11918,1297.18,17352.3,-2661.11,2026/01/29 23:49:26
11919,1297.29,17333.1,-2660.74,2026/01/29 23:49:26
11920,1297.4,17341.5,-2662.11,2026/01/29 23:49:26
11921,1297.51,17320.7,-2661.64,2026/01/29 23:49:26
11922,1297.62,17289.5,-2658.94,2026/01/29 23:49:27
11923,1297.73,17188.9,-2662.82,2026/01/29 23:49:27
11924,1297.84,17104.7,-2663.22,2026/01/29 23:49:27
11925,1297.95,17018.4,-2665.55,2026/01/29 23:49:27
11926,1298.05,16949.2,-2667.3,2026/01/29 23:49:27
11927,1298.16,16808.6,-2672.22,2026/01/29 23:49:27
11928,1298.27,16699.4,-2678.39,2026/01/29 23:49:27
11929,1298.38,16564,-2671.55,2026/01/29 23:49:27
11930,1298.49,16295.4,-2683.96,2026/01/29 23:49:27
11931,1298.6,16116.6,-2698.23,2026/01/29 23:49:28
11932,1298.71,16075.5,-2703.25,2026/01/29 23:49:28
11933,1298.82,16106.2,-2702.44,2026/01/29 23:49:28
11934,1298.93,16349,-2689.03,2026/01/29 23:49:28
11935,1299.04,16844.8,-2681.64,2026/01/29 23:49:28
11936,1299.15,17119.3,-2680.34,2026/01/29 23:49:28
11937,1299.25,17388.6,-2675.44,2026/01/29 23:49:28
11938,1299.36,17592.3,-2651.01,2026/01/29 23:49:28
11939,1299.47,17677.2,-2627.28,2026/01/29 23:49:28
11940,1299.58,17575.9,-2662.19,2026/01/29 23:49:29
11941,1299.69,17582.4,-2664.96,2026/01/29 23:49:29
11942,1299.8,17585.2,-2663.1,2026/01/29 23:49:29
11943,1299.91,17591.8,-2660.74,2026/01/29 23:49:29
11944,1300.02,17605.2,-2658.81,2026/01/29 23:49:29
11945,1300.12,17647.4,-2654.68,2026/01/29 23:49:29
11946,1300.23,17651.5,-2651.33,2026/01/29 23:49:29
11947,1300.34,17637.3,-2655.93,2026/01/29 23:49:29
11948,1300.45,17606,-2659.23,2026/01/29 23:49:29
11949,1300.56,17548.3,-2662.21,2026/01/29 23:49:29
11950,1300.67,17432.4,-2673.34,2026/01/29 23:49:30
11951,1300.77,17388.5,-2670.93,2026/01/29 23:49:30
11952,1300.88,17337.2,-2673.03,2026/01/29 23:49:30
11953,1300.99,17296.2,-2675.35,2026/01/29 23:49:30
11954,1301.1,17269.9,-2673.42,2026/01/29 23:49:30
11955,1301.21,17216.8,-2676.82,2026/01/29 23:49:30
11956,1301.32,17147.9,-2675.6,2026/01/29 23:49:30
11957,1301.43,17077.9,-2679.6,2026/01/29 23:49:30
11958,1301.54,17027.1,-2678.9,2026/01/29 23:49:30
11959,1301.64,16949.7,-2683,2026/01/29 23:49:31
11960,1301.75,16910.6,-2683.31,2026/01/29 23:49:31
11961,1301.86,16827.7,-2685.24,2026/01/29 23:49:31
11962,1301.97,16686.8,-2686.92,2026/01/29 23:49:31
11963,1302.08,16621.3,-2682.06,2026/01/29 23:49:31
11964,1302.19,16581.4,-2677.39,2026/01/29 23:49:31
11965,1302.3,16583.5,-2675.73,2026/01/29 23:49:31
11966,1302.41,16521.1,-2680.55,2026/01/29 23:49:31
11967,1302.51,16327.5,-2682.93,2026/01/29 23:49:31
11968,1302.62,16311.5,-2689.82,2026/01/29 23:49:32
11969,1302.73,16533.8,-2687.46,2026/01/29 23:49:32
11970,1302.84,16791.2,-2677.75,2026/01/29 23:49:32
11971,1302.95,16986.8,-2674.84,2026/01/29 23:49:32
11972,1303.06,17120,-2671.79,2026/01/29 23:49:32
11973,1303.17,17275.4,-2673.47,2026/01/29 23:49:32
11974,1303.27,17515.2,-2659.22,2026/01/29 23:49:32
11975,1303.38,17657.9,-2640.12,2026/01/29 23:49:32
11976,1303.49,17755.1,-2598.32,2026/01/29 23:49:32
11977,1303.6,17591.3,-2660.34,2026/01/29 23:49:33
11978,1303.71,17607.5,-2654.96,2026/01/29 23:49:33
11979,1303.82,17601.7,-2654.8,2026/01/29 23:49:33
11980,1303.93,17605.5,-2653.09,2026/01/29 23:49:33
11981,1304.04,17624.4,-2653.57,2026/01/29 23:49:33
11982,1304.14,17686.1,-2641.86,2026/01/29 23:49:33
11983,1304.25,17687.2,-2642.58,2026/01/29 23:49:33
11984,1304.36,17651.4,-2647.12,2026/01/29 23:49:33
11985,1304.47,17595.5,-2654.28,2026/01/29 23:49:33
11986,1304.58,17524.5,-2658.76,2026/01/29 23:49:34
11987,1304.69,17467.5,-2662.77,2026/01/29 23:49:34
11988,1304.8,17430.6,-2663.35,2026/01/29 23:49:34
11989,1304.91,17388.5,-2665,2026/01/29 23:49:34
11990,1305.01,17356.2,-2663.01,2026/01/29 23:49:34
11991,1305.13,17311.8,-2667.63,2026/01/29 23:49:34
11992,1305.23,17291.8,-2664.71,2026/01/29 23:49:34
11993,1305.34,17214.6,-2666.69,2026/01/29 23:49:34
11994,1305.45,17121,-2667.22,2026/01/29 23:49:34
11995,1305.56,17025.5,-2668.79,2026/01/29 23:49:34
11996,1305.67,16962.5,-2672.41,2026/01/29 23:49:35
11997,1305.78,16883,-2671.68,2026/01/29 23:49:35
11998,1305.89,16719,-2681.44,2026/01/29 23:49:35
11999,1306,16539.1,-2674.7,2026/01/29 23:49:35
12000,1306.1,16288.3,-2681.6,2026/01/29 23:49:35
12001,1306.22,16096.2,-2699.47,2026/01/29 23:49:35
12002,1306.33,16040.8,-2702.27,2026/01/29 23:49:35
12003,1306.43,16043.9,-2703.12,2026/01/29 23:49:35
12004,1306.54,16219.6,-2695.49,2026/01/29 23:49:35
12005,1306.65,16778.7,-2681.8,2026/01/29 23:49:36
12006,1306.76,17110.4,-2680.78,2026/01/29 23:49:36
12007,1306.87,17345,-2676.74,2026/01/29 23:49:36
12008,1306.98,17490.4,-2668.61,2026/01/29 23:49:36
12009,1307.09,17647.2,-2639.94,2026/01/29 23:49:36
12010,1307.2,17501.1,-2672.22,2026/01/29 23:49:36
12011,1307.31,17552.6,-2667.63,2026/01/29 23:49:36
12012,1307.42,17567,-2663.74,2026/01/29 23:49:36
12013,1307.53,17561.9,-2666.51,2026/01/29 23:49:36
12014,1307.64,17577.8,-2661.89,2026/01/29 23:49:37
12015,1307.74,17598.5,-2662.24,2026/01/29 23:49:37
12016,1307.85,17637,-2653.38,2026/01/29 23:49:37
12017,1307.96,17625,-2658.73,2026/01/29 23:49:37
12018,1308.07,17598.4,-2659.53,2026/01/29 23:49:37
12019,1308.18,17517.9,-2667.96,2026/01/29 23:49:37
12020,1308.29,17427.6,-2671.89,2026/01/29 23:49:37
12021,1308.4,17365.8,-2676.12,2026/01/29 23:49:37
12022,1308.5,17300.7,-2676.64,2026/01/29 23:49:37
12023,1308.61,17263.3,-2676.9,2026/01/29 23:49:38
12024,1308.72,17180.6,-2677.78,2026/01/29 23:49:38
12025,1308.83,17086.3,-2680.8,2026/01/29 23:49:38
12026,1308.94,17035.1,-2680.91,2026/01/29 23:49:38
12027,1309.05,16961.5,-2682.47,2026/01/29 23:49:38
12028,1309.16,16906.9,-2684.5,2026/01/29 23:49:38
12029,1309.27,16860.7,-2684.12,2026/01/29 23:49:38
12030,1309.37,16755.3,-2690.06,2026/01/29 23:49:38
12031,1309.48,16643.1,-2685.78,2026/01/29 23:49:38
12032,1309.59,16584.1,-2676.53,2026/01/29 23:49:39
12033,1309.7,16398.6,-2675.61,2026/01/29 23:49:39
12034,1309.81,16194.4,-2691.26,2026/01/29 23:49:39
12035,1309.92,16066,-2698.14,2026/01/29 23:49:39
12036,1310.03,15986.6,-2700.39,2026/01/29 23:49:39
12037,1310.14,15978.3,-2700.57,2026/01/29 23:49:39
12038,1310.25,16113.4,-2697.46,2026/01/29 23:49:39
12039,1310.36,16593.9,-2681.65,2026/01/29 23:49:39
12040,1310.47,17084.7,-2672.4,2026/01/29 23:49:39
12041,1310.58,17388,-2674.96,2026/01/29 23:49:39
12042,1310.69,17582.7,-2648.37,2026/01/29 23:49:40
12043,1310.8,17600.3,-2641.28,2026/01/29 23:49:40
12044,1310.9,17520.7,-2669.3,2026/01/29 23:49:40
12045,1311.01,17540.3,-2668.51,2026/01/29 23:49:40
12046,1311.12,17536.6,-2668.81,2026/01/29 23:49:40
12047,1311.23,17567.2,-2664.82,2026/01/29 23:49:40
12048,1311.34,17598.7,-2659.68,2026/01/29 23:49:40
12049,1311.45,17579.6,-2662.71,2026/01/29 23:49:40
12050,1311.56,17510.5,-2669.62,2026/01/29 23:49:40
12051,1311.66,17431.5,-2673.44,2026/01/29 23:49:41
12052,1311.78,17364.8,-2672.85,2026/01/29 23:49:41
12053,1311.88,17279.9,-2678.03,2026/01/29 23:49:41
12054,1311.99,17238.9,-2678.62,2026/01/29 23:49:41
12055,1312.1,17140.4,-2679.46,2026/01/29 23:49:41
12056,1312.21,16983.8,-2684.61,2026/01/29 23:49:41
12057,1312.32,16864.4,-2689.04,2026/01/29 23:49:41
12058,1312.43,16765.9,-2692.75,2026/01/29 23:49:41
12059,1312.54,16715.6,-2694.01,2026/01/29 23:49:41
12060,1312.65,16641,-2684.35,2026/01/29 23:49:42
12061,1312.76,16696.8,-2679.14,2026/01/29 23:49:42
12062,1312.87,16907.2,-2667.51,2026/01/29 23:49:42
12063,1312.98,17105.4,-2661.32,2026/01/29 23:49:42
12064,1313.09,17234.6,-2663.65,2026/01/29 23:49:42
12065,1313.19,17335.2,-2662.5,2026/01/29 23:49:42
12066,1313.3,17412.3,-2661.98,2026/01/29 23:49:42
12067,1313.41,17462.6,-2657.95,2026/01/29 23:49:42
12068,1313.52,17605.4,-2650.08,2026/01/29 23:49:42
12069,1313.63,17734.7,-2622.27,2026/01/29 23:49:43
12070,1313.74,17686.4,-2627.52,2026/01/29 23:49:43
12071,1313.85,17715.4,-2624.49,2026/01/29 23:49:43
12072,1313.96,17720,-2626.89,2026/01/29 23:49:43
12073,1314.07,17727.8,-2623.51,2026/01/29 23:49:43
12074,1314.17,17793.5,-2619.19,2026/01/29 23:49:43
12075,1314.28,17816.4,-2614.75,2026/01/29 23:49:43
12076,1314.39,17812.5,-2613.55,2026/01/29 23:49:43
12077,1314.5,17786.2,-2618.85,2026/01/29 23:49:43
12078,1314.61,17731.4,-2621.58,2026/01/29 23:49:44
12079,1314.72,17638.9,-2625.79,2026/01/29 23:49:44
12080,1314.83,17586.8,-2626.8,2026/01/29 23:49:44
12081,1314.93,17521.4,-2620.29,2026/01/29 23:49:44
12082,1315.04,17459.9,-2623.75,2026/01/29 23:49:44
12083,1315.15,17413.3,-2617.08,2026/01/29 23:49:44
12084,1315.26,17268.1,-2612.09,2026/01/29 23:49:44
12085,1315.37,17160.6,-2609.27,2026/01/29 23:49:44
12086,1315.48,17055.4,-2605.76,2026/01/29 23:49:44
12087,1315.59,16935.7,-2598.06,2026/01/29 23:49:45
12088,1315.69,16839.8,-2595.65,2026/01/29 23:49:45
12089,1315.8,16788.9,-2591.69,2026/01/29 23:49:45
12090,1315.91,16801.7,-2593.74,2026/01/29 23:49:45
12091,1316.02,16832.7,-2595.28,2026/01/29 23:49:45
12092,1316.13,16868.6,-2593.28,2026/01/29 23:49:45
12093,1316.24,16929.4,-2601.11,2026/01/29 23:49:45
12094,1316.35,17134.7,-2609.53,2026/01/29 23:49:45
12095,1316.45,17324.9,-2615.83,2026/01/29 23:49:45
12096,1316.56,17499.6,-2628.26,2026/01/29 23:49:45
12097,1316.67,17666.8,-2622.64,2026/01/29 23:49:46
12098,1316.78,17805.8,-2599.87,2026/01/29 23:49:46
12099,1316.89,17675.7,-2625.79,2026/01/29 23:49:46
12100,1317,17694.9,-2624.49,2026/01/29 23:49:46
12101,1317.11,17710.7,-2625.3,2026/01/29 23:49:46
12102,1317.22,17701.9,-2625.97,2026/01/29 23:49:46
12103,1317.33,17792.3,-2616.45,2026/01/29 23:49:46
12104,1317.43,17804.9,-2617.43,2026/01/29 23:49:46
12105,1317.54,17809.4,-2616.33,2026/01/29 23:49:46
12106,1317.65,17778.8,-2618.03,2026/01/29 23:49:47
12107,1317.76,17702,-2625.72,2026/01/29 23:49:47
12108,1317.87,17622.1,-2623.89,2026/01/29 23:49:47
12109,1317.98,17559.2,-2624.19,2026/01/29 23:49:47
12110,1318.09,17512.2,-2622.42,2026/01/29 23:49:47
12111,1318.19,17441.3,-2619.92,2026/01/29 23:49:47
12112,1318.3,17311.9,-2611.88,2026/01/29 23:49:47
12113,1318.41,17224.1,-2611.85,2026/01/29 23:49:47
12114,1318.52,17138.1,-2609.71,2026/01/29 23:49:47
12115,1318.63,17012,-2603.59,2026/01/29 23:49:48
12116,1318.74,16878.8,-2594.7,2026/01/29 23:49:48
12117,1318.85,16821.8,-2592.57,2026/01/29 23:49:48
12118,1318.96,16812.4,-2590.34,2026/01/29 23:49:48
12119,1319.07,16720,-2602.43,2026/01/29 23:49:48
12120,1319.18,16343.2,-2659.27,2026/01/29 23:49:48
12121,1319.29,16400.7,-2670.99,2026/01/29 23:49:48
12122,1319.39,16795.1,-2676.23,2026/01/29 23:49:48
12123,1319.5,17161.6,-2665.17,2026/01/29 23:49:48
12124,1319.61,17414.6,-2665.51,2026/01/29 23:49:49
12125,1319.72,17566.9,-2654.21,2026/01/29 23:49:49
12126,1319.83,17716.6,-2619.54,2026/01/29 23:49:49
12127,1319.94,17574.4,-2659.38,2026/01/29 23:49:49
12128,1320.05,17595.5,-2652.18,2026/01/29 23:49:49
12129,1320.16,17680.6,-2640.68,2026/01/29 23:49:49
12130,1320.26,17708.3,-2634.65,2026/01/29 23:49:49
12131,1320.37,17721.3,-2633.75,2026/01/29 23:49:49
12132,1320.48,17728.6,-2631.82,2026/01/29 23:49:49
12133,1320.59,17738,-2630.99,2026/01/29 23:49:50
12134,1320.7,17742.9,-2627.21,2026/01/29 23:49:50
12135,1320.8,17760.3,-2624.71,2026/01/29 23:49:50
12136,1320.91,17853.6,-2611.54,2026/01/29 23:49:50
12137,1321.02,17863.6,-2606.59,2026/01/29 23:49:50
12138,1321.13,17860.3,-2610.26,2026/01/29 23:49:50
12139,1321.24,17869.3,-2608.1,2026/01/29 23:49:50
12140,1321.35,17865.1,-2608.98,2026/01/29 23:49:50
12141,1321.46,17871.6,-2607.76,2026/01/29 23:49:50
12142,1321.57,17870.8,-2608.1,2026/01/29 23:49:50
12143,1321.68,17873.3,-2610.42,2026/01/29 23:49:51
12144,1321.79,17877.5,-2605.24,2026/01/29 23:49:51
12145,1321.9,17875.7,-2609.49,2026/01/29 23:49:51
12146,1322,17880,-2607.16,2026/01/29 23:49:51
12147,1322.11,17878.9,-2607.92,2026/01/29 23:49:51
12148,1322.22,17883.9,-2606.48,2026/01/29 23:49:51
12149,1322.33,17881,-2608.52,2026/01/29 23:49:51
12150,1322.44,17884,-2605.82,2026/01/29 23:49:51
12151,1322.55,17884.4,-2608,2026/01/29 23:49:51
12152,1322.66,17883.9,-2606.91,2026/01/29 23:49:52
12153,1322.77,17888.2,-2608.3,2026/01/29 23:49:52
12154,1322.88,17885.2,-2606.29,2026/01/29 23:49:52
12155,1322.98,17892.7,-2604.86,2026/01/29 23:49:52
12156,1323.09,17886.7,-2609.45,2026/01/29 23:49:52
12157,1323.2,17892.8,-2606.65,2026/01/29 23:49:52
12158,1323.31,17889.6,-2606.97,2026/01/29 23:49:52
12159,1323.42,17893.6,-2606.53,2026/01/29 23:49:52
