point_0,point_1,point_2,point_3,point_4,point_5,point_6,point_7,point_8,point_9,point_10,point_11,point_12,point_13,point_14,point_15,point_16,point_17,point_18,point_19,point_20,point_21,point_22,point_23,point_24,point_25,point_26,point_27,point_28,point_29,point_30,point_31,point_32,point_33,point_34,point_35,point_36,point_37,point_38,point_39,point_40,point_41,point_42,point_43,point_44,point_45,point_46,point_47,point_48,point_49,point_50,point_51,point_52,point_53,point_54,point_55,point_56,point_57,point_58,point_59,point_60,point_61,point_62,point_63,point_64,point_65,point_66,point_67,point_68,point_69,point_70,point_71,point_72,point_73,point_74,point_75,point_76,point_77,point_78,point_79,point_80,point_81,point_82,point_83,point_84,point_85,point_86,point_87,point_88,point_89,point_90,point_91,point_92,point_93,point_94,point_95,point_96,point_97,point_98,point_99,point_100,point_101,point_102,point_103,point_104,point_105,point_106,point_107,point_108,point_109,point_110,point_111,point_112,point_113,point_114,point_115,point_116,point_117,point_118,point_119,point_120,point_121,point_122,point_123,point_124,point_125,point_126,point_127,point_128,point_129,point_130,point_131,point_132,point_133,point_134,point_135,point_136,point_137,point_138,point_139,point_140,point_141,point_142,point_143,point_144,point_145,point_146,point_147,point_148,point_149,point_150,point_151,point_152,point_153,point_154,point_155,point_156,point_157,point_158,point_159,point_160,point_161,point_162,point_163,point_164,point_165,point_166,point_167,point_168,point_169,point_170,point_171,point_172,point_173,point_174,point_175,point_176,point_177,point_178,point_179,point_180,point_181,point_182,point_183,point_184,point_185,point_186,point_187,point_188,point_189,point_190,point_191,point_192,point_193,point_194,point_195,point_196,point_197,point_198,point_199
-2.2656347098028564,-2.261731887313755,-2.2578290648246546,-2.2539262423355533,-2.250023419846453,-2.2461205973573515,-2.2422177748682506,-2.2314113883498936,-2.208680663962822,-2.18594993957575,-2.1632192151886778,-2.140488490801606,-2.117757766414534,-2.095027042027462,-1.8045355323872214,-1.4166764644731005,-1.0288173965589795,-0.6409583286448598,-0.2530992607307376,0.13475980718338215,0.48458565550041893,0.4921125274436849,0.49963939938695084,0.5071662713302169,0.5146931432734828,0.52222001521675,0.529746887160016,0.5350821741670938,0.537912792675673,0.5407434111842523,0.5435740296928314,0.5464046482014094,0.5492352667099887,0.5520658852185679,0.5548428935281201,0.5576091797978671,0.5603754660676153,0.5631417523373624,0.5659080386071095,0.5686743248768564,0.578174052144284,0.6146075434024297,0.6510410346605768,0.6874745259187226,0.7239080171768684,0.7603415084350155,0.7967749996931612,0.6821878454920948,0.4521143153516284,0.22204078521116205,-0.008032744929301859,-0.23810627506976823,-0.46817980521023583,-0.6982533353506998,-0.735607492426788,-0.7591959799982781,-0.7827844675697672,-0.8063729551412574,-0.8299614427127463,-0.8535499302842365,-0.8738639068992102,-0.8865373579489833,-0.8992108089987564,-0.9118842600485294,-0.9245577110983036,-0.9372311621480768,-0.9499046131978498,-0.9612485313117746,-0.971927682957777,-0.9826068346037781,-0.9932859862497805,-1.0039651378957817,-1.0146442895417829,-1.025228372434845,-1.033055461492658,-1.0408825505504695,-1.0487096396082822,-1.056536728666094,-1.0643638177239068,-1.0721909067817186,-1.0793918287149065,-1.0856534999611562,-1.091915171207406,-1.098176842453657,-1.1044385136999069,-1.1107001849461566,-1.1169618561924064,-1.1174364851544505,-1.116149840377824,-1.1148631956011976,-1.1135765508245712,-1.1122899060479448,-1.111003261271317,-1.1071090164140611,-1.0862653710327077,-1.0654217256513554,-1.044578080270003,-1.0237344348886508,-1.0028907895072974,-0.9820471441259451,-0.9611284444659568,-0.9401346905273298,-0.9191409365887041,-0.8981471826500784,-0.8771534287114527,-0.856159674772827,-0.8351659208342013,-0.6062446525714689,-0.3453345359511829,-0.08442441933089577,0.1764856972893914,0.43739581390967236,0.6983059305299595,0.8951196931946231,0.8813311500051074,0.8675426068155916,0.8537540636260759,0.8399655204365589,0.8261769772470432,0.8123884340575261,0.8045441897360263,0.8006628113265353,0.7967814329170444,0.7929000545075546,0.7890186760980636,0.7851372976885728,0.781255919279083,0.7801522639817979,0.779144392240108,0.778136520498417,0.7771286487567258,0.7761207770150347,0.7751129052733436,0.7749913888222185,0.7766425829522228,0.7782937770822271,0.7799449712122315,0.7815961653422359,0.7832473594722402,0.7848985536022445,0.7864146500307027,0.7878728474442128,0.7893310448577231,0.7907892422712334,0.7922474396847435,0.7937056370982538,0.7951724121436082,0.7967592740347803,0.7983461359259537,0.7999329978171271,0.8015198597082993,0.8031067215994727,0.804693583490646,0.8066800200652262,0.8091889773796482,0.8116979346940703,0.8142068920084922,0.8167158493229142,0.8192248066373374,0.8217337639517593,0.8257695397344447,0.830187020134196,0.8346045005339474,0.8390219809337,0.8434394613334514,0.8478569417332027,0.8519384648857246,0.8543402018020949,0.8567419387184642,0.8591436756348345,0.8615454125512036,0.863947149467574,0.8663488863839445,0.8685447601360533,0.8705605036194355,0.8725762471028166,0.8745919905861987,0.8766077340695809,0.8786234775529619,0.8806392210363441,0.881632081922308,0.8825112891863359,0.8833904964503639,0.8842697037143918,0.8851489109784211,0.8860281182424491,0.8866843070785285,0.8867271952377491,0.8867700833969697,0.8868129715561903,0.8868558597154123,0.8868987478746329,0.8869416360338536,0.8868215491880345,0.8866071083919314,0.8863926675958269,0.8861782267997225,0.8859637860036181,0.8857493452075137,0.8855349044114093
0.3090641977199297,0.6980965538611462,1.0871289100023627,1.4761612661435837,1.7302235249877347,1.5689931767639866,1.4077628285402386,1.246532480316495,1.1152439647201235,1.0150488906983282,0.914853816676537,0.814658742654746,0.7412920806110213,0.6775561305594231,0.613820180507825,0.550084230456227,0.5048963183153868,0.46006509921129884,0.4152338801072064,0.3733683088229118,0.3416353675895941,0.30990242635628085,0.27816948512296324,0.25038564536789715,0.22702479926847896,0.20366395316905636,0.18030310706963817,0.16129901163332105,0.14401468619560095,0.12673036075787647,0.10944603532015636,0.09618979339025241,0.08309151551948205,0.06999323764870727,0.05703508918522891,0.04461198027686553,0.03218887136850215,0.019765762460138774,0.007464948307234642,-0.004688093016165942,-0.01684113433956653,-0.028994175662962713,-0.0391675706324247,-0.04848490231369394,-0.057802233994967575,-0.06711956567623681,-0.07274257661978983,-0.07814392831907654,-0.08354528001836324,-0.08879376327333138,-0.09338491221772971,-0.09797606116212362,-0.10256721010651754,-0.10750995647284856,-0.11291130817213527,-0.11831265987142636,-0.12371401157071307,-0.13094978460183135,-0.1390518121507636,-0.14715383969969587,-0.1552558672486281,-0.1636075799232851,-0.17197967505718015,-0.18035177019107518,-0.1880588875921845,-0.19251500274409702,-0.19697111789600955,-0.20142723304792207,-0.2051546752819117,-0.20785535113155285,-0.2105560269811984,-0.21325670283084394,-0.2178300171234007,-0.2233664026151688,-0.2289027881069413,-0.23443917359870942,-0.2385080220250149,-0.24242400200699743,-0.24633998198897997,-0.25019481459323945,-0.2537056931977778,-0.2572165718023118,-0.2607274504068501,-0.2649338804330423,-0.2702001983398476,-0.2754665162466529,-0.28073283415345823,-0.28747178474054114,-0.2950336771195434,-0.30259556949854566,-0.31015746187755233,-0.317000872568253,-0.3237525621923624,-0.3305042518164719,-0.3370240909666983,-0.34202034128854075,-0.3470165916103789,-0.3520128419322214,-0.3570600484021701,-0.362191332516494,-0.3673226166308135,-0.3724539007451374,-0.37531508846131745,-0.3768004601786216,-0.37828583189593024,-0.3797712036132344,-0.36180151798348165,-0.3408712801487374,-0.3199410423139976,-0.2972528173695811,-0.2607936933993881,-0.22433456942919516,-0.18787544545900223,-0.1544660469529778,-0.12651405190916568,-0.09856205686534918,-0.07061006182153268,-0.0482020956917046,-0.02943239853667593,-0.01066270138165166,0.008106995773372611,0.0213734289328978,0.03366150404877978,0.04594957916465737,0.05789370028081818,0.06653586299968044,0.07517802571854268,0.08382018843740052,0.09191202475671155,0.09893378196578823,0.1059555391748605,0.11297729638393718,0.11905126923822995,0.12445262093751666,0.12985397263680776,0.13525532433609447,0.13807829494119486,0.14037386941339183,0.1426694438855888,0.1450261657355132,0.14813194296260732,0.15123772018969706,0.15434349741678682,0.1607410418115583,0.17410938726729586,0.18747773272302903,0.2008460781787666,0.20886402808332363,0.21278000806530617,0.2166959880472931,0.22061196802927563,0.2194883849635298,0.21719281049133282,0.21489723601913585,0.2130373366132468,0.2184386883125379,0.22384004001182461,0.22924139171111133,0.2308923709097606,0.22387061370068392,0.21684885649161165,0.20982709928253498,0.20509582093084905,0.2022601112887221,0.19942440164659514,0.1965886920044726,0.20049448075683388,0.20616590004108779,0.2118373193253417,0.21717242803209036,0.2139316170125148,0.21069080599294365,0.20744999497336813,0.20409453262055804,0.20044862022353832,0.1968027078265186,0.19315679542949885,0.19150836403825489,0.19164339783073628,0.19177843162321767,0.19191346541569906,0.1980027251144237,0.20583468507839317,0.21366664504236263,0.22254320604251335,0.2857390209241814,0.34893483580585394,0.412130650687522,0.48313804307391706,0.5759062585091872,0.6686744739444574,0.7614426893797319,0.8575816540122441,0.9569665252791423,1.056351396546045,1.1557362678129433,-1.0719442326473934,-4.055920978919064,-7.039897725190667,-10.023874471462335
-2.2419070445956737,-1.8014734103478354,-1.361039776099996,-0.9206061418521583,-0.48017250760431895,-0.03973887335648123,0.20785015545395374,0.23990697818728848,0.27196380092062405,0.3040206236539588,0.3360774463872944,0.3681342691206292,0.3910468093304223,0.4134214505682413,0.4357960918060603,0.4581707330438802,0.4805453742816992,0.49957526191197676,0.5139224944916958,0.5282697270714147,0.5426169596511338,0.5569641922308528,0.5713114248105717,0.58357747736782,0.59558338242226,0.6075892874766993,0.6195951925311394,0.6316010975855787,0.6412294891838974,0.6466515108213862,0.6520735324588749,0.6574955540963637,0.6629175757338525,0.6683395973713421,0.672001222373282,0.6753107680481134,0.6786203137229441,0.6819298593977747,0.6852394050726062,0.7228292522312834,0.83832887548961,0.9538284987479358,1.0693281220062625,1.1848277452645883,1.300327368522915,1.2426919826750613,1.135589451368301,1.0284869200615396,0.9213843887547793,0.8142818574480182,0.7328591120623187,0.728475724439804,0.7240923368172885,0.719708949194773,0.7153255615722576,0.7109421739497429,0.7074487646263099,0.7042976546486786,0.7011465446710463,0.697995434693415,0.6948443247157836,0.691980746188625,0.690308369384854,0.6886359925810829,0.6869636157773117,0.6852912389735415,0.6836188621697703,0.6824041884912416,0.6814183663753353,0.6804325442594282,0.6794467221435211,0.678460900027614,0.677514197836941,0.6768100391827216,0.6761058805285023,0.6754017218742828,0.6746975632200635,0.6739934045658441,0.6736119852948084,0.6734359456312538,0.6732599059676991,0.6730838663041445,0.6729078266405899,0.6727405889602129,0.6726701730947906,0.672599757229369,0.6725293413639467,0.6724589254985252,0.6723885096331028,0.6722887538237549,0.6721655260592672,0.6720422982947787,0.6719190705302902,0.6717958427658017,0.6716706590050515,0.6714770153751415,0.6712833717452306,0.6710897281153206,0.6708960844854106,0.6707024408555006,0.6704735892928789,0.6702095297975466,0.6699454703022142,0.6696814108068818,0.6694173513115494,0.6691532918162171,0.6692999915358461,0.6694584272330454,0.6696168629302446,0.6697752986274439,0.6699337343246431,0.6695914349788424,0.6686232168292907,0.6676549986797398,0.666686780530188,0.6657185623806363,0.6647503442310854,0.6646212484778118,0.6645684365787448,0.6645156246796786,0.6644628127806125,0.6644100008815456,0.6642750371394868,0.6640109776441544,0.663746918148822,0.6634828586534897,0.6632187991581573,0.6629547396628249,0.6707400937835376,0.6798237404229671,0.6889073870623966,0.6979910337018261,0.7070746803412556,0.7109592889170329,0.7044458213655038,0.6979323538139749,0.6914188862624459,0.6849054187109168,0.6783919511593879,0.4562851526475786,0.1821385845936351,-0.09200798346030245,-0.3661545515142459,-0.6403011195681894,-0.8439975922656173,-0.8645238170361114,-0.8850500418066046,-0.9055762665770988,-0.926102491347592,-0.9466287161180861,-0.972964249785889,-1.0012362197527962,-1.0295081897197016,-1.057780159686608,-1.0860521296535144,-1.115043906244734,-1.1465550060210492,-1.178066105797364,-1.2095772055736793,-1.2410883053499948,-1.2725994051263103,-1.3031325067717656,-1.3332352892396415,-1.363338071707518,-1.3934408541753949,-1.4235436366432717,-1.4526107190905677,-1.4764993014349577,-1.5003878837793485,-1.5242764661237402,-1.548165048468131,-1.572053630812522,-1.5917021022605684,-1.6089539892889417,-1.626205876317316,-1.6434577633456893,-1.6607096503740635,-1.6771400189725143,-1.6869982401315846,-1.696856461290655,-1.7067146824497261,-1.7165729036087967,-1.726431124767867,-1.7334653763240793,-1.7384825067353917,-1.743499637146705,-1.7485167675580178,-1.7535338979693302,-1.7584385585955944,-1.7614312328760267,-1.7644239071564587,-1.7674165814368907,-1.770409255717323,-1.773401929997755,-1.7749916659594682,-1.7753261413202228,-1.7756606166809767,-1.7759950920417307,-1.7763295674024853,-1.7766640427632392
-1.2080764855880477,-1.2002373617859599,-1.192398237983872,-1.1845591141817842,-1.1660125779016786,-1.1341888501488315,-1.1023651223959845,-1.0705413946431375,-1.0256926326637832,-0.9792808665772494,-0.9328691004907157,-0.8843260494442717,-0.8316326013706333,-0.7789391532969949,-0.7262457052233582,-0.6673113653053898,-0.6066749639753319,-0.546038562645274,-0.4916569588900369,-0.45796430095920854,-0.42427164302838016,-0.3905789850975518,-0.3686524292594511,-0.35229929020211476,-0.3359461511447784,-0.3206313066307652,-0.31258452392001246,-0.30453774120926125,-0.2964909584985085,-0.29019444373221354,-0.2852106299242644,-0.2802268161163136,-0.2752921358894321,-0.2730598026212883,-0.2708274693531445,-0.2685951360849991,-0.26776079225554333,-0.2685395131630357,-0.2693182340705281,-0.2700969549780204,-0.269268173440761,-0.2682817936246037,-0.2672954138084464,-0.007124758615307435,0.7195775922564007,1.4462799431281057,2.172982293999809,2.364703381424382,2.4256512711174363,2.486599160810491,2.3953849851795757,1.8476846135767384,1.2999842419739012,0.7522838703710686,0.5365577839243466,0.46553843716105886,0.3945190903977727,0.32523517879975417,0.26636387819334434,0.20749257758693612,0.14862127698052627,0.09589909039720838,0.04746264995119424,-0.0009737904948199121,-0.049102450772633394,-0.08892104650906736,-0.12873964224550133,-0.16855823798193528,-0.20677489356581222,-0.2432709467636134,-0.2797669999614146,-0.31626305315921416,-0.34784204005542224,-0.37904279108227446,-0.4102435421091282,-0.4379595170749544,-0.4598675319390673,-0.4817755468031802,-0.5036835616672948,-0.5139923432045718,-0.5217795522794938,-0.5295667613544157,-0.534837033210478,-0.5332276766683275,-0.5316183201261785,-0.5300089635840279,-0.5242093469206093,-0.5167336262086839,-0.5092579054967585,-0.5007225681214256,-0.48665367705939894,-0.47258478599737386,-0.45851589493534717,-0.43748115994606435,-0.41193911418032203,-0.3863970684145781,-0.360451756464598,-0.3273820752597628,-0.2943123940549277,-0.2612427128500942,-0.23645343062825971,-0.21994454738942426,-0.20343566415059042,-0.18692678091175657,-0.18225909071030097,-0.17826165671850752,-0.17426422272671405,-0.17257143180161838,-0.17444036197959972,-0.17630929215758107,-0.1781782223355624,-0.18209500309050736,-0.18640392544529744,-0.19071284780008754,-0.06378133987885548,0.3912512437324104,0.8462838273436666,1.301316410954934,0.6926292136136678,-0.30522375724682266,-1.303076728107313,-1.8587923627651,-0.38067625089060275,1.097439860983896,2.5755559728583934,3.1058065067924967,3.0673376939623824,3.028868881132268,2.992105837909043,2.9775177995753563,2.962929761241668,2.948341722907981,2.9337268001620123,2.919086847101158,2.904446894040306,2.889806940979453,2.082356794293,1.2455433071018998,0.4087298199107981,0.01780450796013813,0.26663179526747605,0.5154590825748075,0.7642863698821438,0.7290807684738982,0.6465363522797258,0.5639919360855551,0.48409517097685956,0.4102724289466006,0.33644968691634003,0.26262694488608107,0.1928535515747814,0.12442994116980151,0.056006330764823226,-0.010785673929220752,-0.07090292798761708,-0.131020182046015,-0.19113743610441133,-0.24327836315320853,-0.29098799741889775,-0.3386976316845854,-0.38515575020609016,-0.41884840813691854,-0.4525410660677453,-0.4862337239985737,-0.513529745903573,-0.5352820165861883,-0.5570342872688038,-0.5787865579514192,-0.5930946275778886,-0.6072673480942453,-0.6214400686106036,-0.6330763838854151,-0.6413308255048328,-0.6495852671242489,-0.6578397087436667,-0.6596891708989608,-0.6606236359879507,-0.6615581010769421,-0.6611909897919805,-0.6580761061620127,-0.6549612225320433,-0.6518463389020754,-0.6409980150217487,-0.6278116743215476,-0.6146253336213465,-0.597956998006216,-0.5685213477030119,-0.5390856973998077,-0.5096500470966037,-0.468860831371902,-0.4222414063767034,-0.3756219813815047,-0.3290025563863061,-0.28238313139110743,-0.2357637063959088,-0.18914428140071013,-0.3048686975949483,-0.5515155663613066,-0.7981624351276586,-1.044809303894017
-0.570909011600814,0.004848753470850508,0.5806065185425142,1.1563642836141779,1.732122048685843,2.307879813757507,2.8836375788291706,3.4593953439008356,3.131163973908365,2.694453907708199,2.257743841508034,1.8210337753078691,1.384323709107704,0.9476136429075385,0.5109035767073734,0.5114876519194564,0.6313337656985161,0.751179879477575,0.8710259932566339,0.9908721070356936,1.1107182208147526,1.2305643345938122,1.2684963747732596,1.2676270116686805,1.2667576485641012,1.2658882854595228,1.2650189223549435,1.2641495592503642,1.2632801961457858,1.2630876043193051,1.2634025909513995,1.263717577583493,1.2640325642155874,1.264347550847681,1.2646625374797744,1.2649775241118686,1.26650925910565,1.2694449345167649,1.272380609927879,1.2753162853389939,1.2782519607501088,1.2811876361612229,1.2841233115723378,1.286397515056055,1.2874810690704575,1.28856462308486,1.2896481770992625,1.290731731113666,1.2918152851280684,1.292898839142471,1.2938248998408268,1.2942784805910414,1.294732061341257,1.2951856420914718,1.2956392228416873,1.2960928035919022,1.2965463843421177,1.2800302852787286,1.1616961073337206,1.0433619293887109,0.9250277514437019,0.8066935734986936,0.6883593955536839,0.5700252176086757,0.4554506301081583,0.44238498460890624,0.42931933910965503,0.41625369361040304,0.403188048111151,0.390122402611899,0.377056757112647,0.363991111613395,0.33490884585307445,0.3045945323803652,0.27428021890765514,0.24396590543494512,0.21365159196223585,0.1833372784895258,0.15302296501681575,0.0788989608097873,-0.004748889209049647,-0.08839673922788581,-0.17204458924672275,-0.2556924392655597,-0.33934028928439586,-0.4229881393032328,-0.4615569024604122,-0.4820940308729297,-0.5026311592854479,-0.5231682876979646,-0.5437054161104828,-0.5642425445229996,-0.5847796729355178,-0.6066478448590831,-0.6293772802309731,-0.6521067156028637,-0.6748361509747544,-0.6975655863466451,-0.7202950217185358,-0.7430244570904257,-0.761003894050341,-0.7742333325982823,-0.787462771146223,-0.8006922096941635,-0.8139216482421041,-0.8271510867900448,-0.8403805253379861,-0.8488680651302051,-0.8500272159363105,-0.8511863667424159,-0.8523455175485213,-0.8535046683546267,-0.854663819160732,-0.8558229699668374,-0.8583572624124834,-0.8643294089569826,-0.8703015555014811,-0.8762737020459803,-0.8822458485904787,-0.888217995134978,-0.8941901416794772,-0.8975568987956566,-0.8889388645415695,-0.8803208302874823,-0.8717027960333951,-0.8630847617793087,-0.8544667275252215,-0.8458486932711343,-0.8372234593225993,-0.8285046293462419,-0.8197857993698854,-0.811066969393528,-0.8023481394171705,-0.793629309440814,-0.7849104794644566,-0.7761916494880992,-0.7706681339038827,-0.7652629632971528,-0.759857792690423,-0.7544526220836925,-0.7490474514769626,-0.7436422808702328,-0.738237110263503,-0.7321623680731216,-0.7259760306187991,-0.7197896931644758,-0.7136033557101533,-0.7074170182558308,-0.7012306808015074,-0.6950443433471849,-0.6877051548193989,-0.6799816826004583,-0.6722582103815177,-0.6645347381625771,-0.6568112659436365,-0.6490877937246959,-0.6413643215057554,-0.5991930112392282,-0.5378840131684856,-0.4765750150977422,-0.4152660170269996,-0.35395701895625703,-0.29264802088551595,-0.2313390228147726,-0.2145578849995235,-0.23636755940569948,-0.25817723381187624,-0.27998690821805294,-0.3017965826242289,-0.3236062570304057,-0.34541593143658245,-0.3897102516034233,-0.463984099451147,-0.5382579472988713,-0.6125317951465957,-0.686805642994321,-0.7610794908420454,-0.8353533386897682,-0.8904755493252845,-0.9051665258461411,-0.9198575023669969,-0.9345484788878535,-0.9492394554087094,-0.9639304319295652,-0.9786214084504218,-0.992964099752363,-1.006029745251615,-1.0190953907508662,-1.0321610362501181,-1.0452266817493703,-1.0582923272486222,-1.0713579727478746,-1.0838579922520661,-1.0916444617974255,-1.0994309313427848,-1.1072174008881444,-1.1150038704335037,-1.122790339978863,-1.1305768095242223,-1.1383632790695817
-0.946438656264262,-0.9437071413211889,-0.9409756263781177,-0.9382441114350446,-0.9355125964919714,-0.9327810815488983,-0.930049566605827,-0.9183755920276939,-0.8912555508071884,-0.8641355095866831,-0.8370154683661776,-0.8098954271456721,-0.7827753859251666,-0.7556553447046611,-0.7134642781792029,-0.6657928388155809,-0.6181213994519589,-0.570449960088335,-0.5227785207247149,-0.47510708136109103,-0.4279754413790749,-0.3857019958315245,-0.34342855028397407,-0.3011551047364237,-0.2588816591888733,-0.2166082136413229,-0.17433476809377252,-0.14930021685361172,-0.14396725910761474,-0.13863430136161403,-0.13330134361561705,-0.12796838586961634,-0.12263542812361937,-0.11730247037761865,-0.1565734173567946,-0.20476514528100062,-0.2529568732052104,-0.30114860112941644,-0.34934032905362244,-0.3975320569778322,-0.45211032698322157,-0.5322347653133516,-0.6123592036434761,-0.6924836419736042,-0.7726080803037305,-0.8527325186338569,-0.9328569569639851,-1.0060897397353592,-1.0740524329618066,-1.142015126188254,-1.2099778194146997,-1.2779405126411472,-1.3459032058675946,-1.413865899094042,-1.4559095505273334,-1.496101841832544,-1.5362941331377529,-1.5764864244429633,-1.6166787157481721,-1.6568710070533825,-1.6891223942026594,-1.7028450049880959,-1.7165676157735306,-1.7302902265589672,-1.7440128373444017,-1.7577354481298384,-1.771458058915273,-1.7632418353960313,-1.7440561947244504,-1.7248705540528713,-1.7056849133812904,-1.6864992727097095,-1.6673136320381285,-1.6458408895689756,-1.5580421949702157,-1.470243500371456,-1.382444805772698,-1.2946461111739382,-1.2068474165751804,-1.1190487219764205,-0.9403556158434202,-0.6253208924090593,-0.3102861689746966,0.004748554459669955,0.319783277894029,0.6348180013283917,0.9498527247627545,1.0957589801028769,1.1901913538490985,1.2846237275953198,1.3790561013415414,1.4734884750877628,1.5679208488339844,1.6567254346498754,1.7089493989186193,1.7611733631873632,1.8133973274561033,1.8656212917248471,1.917845255993591,1.9700692202623349,1.987791549357269,1.9710122432783939,1.9542329371995222,1.9374536311206467,1.920674325041775,1.9038950189628998,1.8871157128840281,1.8264283880297623,1.7589859833639008,1.691543578698039,1.6241011740321776,1.5566587693663159,1.4892163647004544,1.4171303846313672,1.3297869425231224,1.2424435004148737,1.155100058306629,1.0677566161983805,0.9804131740901318,0.8930697319818833,0.8187595183162962,0.7531381236124834,0.6875167289086705,0.6218953342048578,0.556273939501045,0.49065254479722836,0.4250311500934155,0.3855000588339523,0.3468686332104994,0.30823720758704276,0.26960578196358986,0.23097435634013697,0.19234293071668407,0.16028014817061825,0.14135465177933026,0.12242915538804232,0.10350365899675061,0.08457816260546265,0.06565266621417469,0.04672716982288672,0.04710437902931252,0.05575417634903941,0.06440397366877004,0.07305377098850067,0.0817035683082313,0.09035336562795819,0.10181705691285224,0.15267526371006052,0.20353347050726875,0.25439167730447704,0.30524988410168524,0.3561080908988935,0.40696629769609804,0.45602083748327693,0.5027167357958018,0.5494126341083266,0.5961085324208515,0.6428044307333763,0.6895003290459012,0.7361962273584262,0.7527153891570066,0.7616903668271049,0.7706653444971994,0.7796403221672938,0.7886152998373921,0.7975902775074866,0.7996605924048142,0.7672075934383118,0.7347545944718056,0.7023015955053031,0.6698485965387969,0.6373955975722945,0.6049425986057884,0.5622919438518121,0.5107183402838035,0.459144736715791,0.40757113314777854,0.35599752957976605,0.3044239260117536,0.25285032244374117,0.20508132897500814,0.15773506996175185,0.11038881094849555,0.06304255193523926,0.015696292921982973,-0.03164996609127332,-0.07344648045828633,-0.09998119704813314,-0.12651591363797995,-0.15305063022782675,-0.17958534681767357,-0.20612006340752412,-0.23265477999737091,-0.24810951811575302,-0.257149531855924,-0.26618954559609126,-0.2752295593362622,-0.28426957307642947,-0.29330958681660046,-0.3023496005567677
-2.144167654687775,-2.11985658810944,-2.0955455215311014,-2.0712344549527666,-2.0469233883744318,-1.9974629425771266,-1.905562919347812,-1.8136628961184973,-1.7217628728891827,-1.629862849659868,-1.4889117891321633,-1.331099434533136,-1.1732870799341126,-1.0154747253350853,-0.8529224925789932,-0.6543471858292236,-0.45577187907945393,-0.2571965723296843,-0.058621265579910396,0.1195347922865508,0.27629925608478983,0.4330637198830247,0.5898281836812638,0.7465926474794986,0.8039025264613284,0.8450846349323885,0.8862667434034487,0.9274488518745088,0.9395093439050004,0.8554685016816171,0.7714276594582297,0.6873868172348464,0.6033459750114589,0.49915638594869055,0.3817926162601702,0.2644288465716498,0.14706507688313364,0.02970130719461326,-0.05480743045610107,-0.1385339054392533,-0.22226038042240132,-0.3059868554055493,-0.3779428360449386,-0.4279272272426359,-0.4779116184403373,-0.5278960096380388,-0.577880400835736,-0.6117735758529278,-0.6394378929937927,-0.6671022101346578,-0.6947665272755227,-0.7188826374258088,-0.7084037294179044,-0.6979248214100001,-0.6874459134020957,-0.6769670053941914,-0.6302262017682404,-0.5417842181815343,-0.45334223459482836,-0.3649002510081223,-0.27645826742141627,-0.21214214180639895,-0.15251715524142886,-0.09289216867645875,-0.03326718211148444,0.00922844529358604,-0.012986839683167831,-0.0352021246599217,-0.057417409636679774,-0.07963269461343364,-0.1399863308282555,-0.22779957993448688,-0.31561282904071825,-0.4034260781469496,-0.4912393272531809,-0.5546732750312591,-0.6169179885982021,-0.6791627021651493,-0.7414074157320966,-0.7931780952018408,-0.8232525611845218,-0.8533270271672072,-0.8834014931498925,-0.9134759591325735,-0.9271740851587176,-0.9337757972036996,-0.9403775092486775,-0.9469792212936553,-0.9522284231190122,-0.9394441553493702,-0.9266598875797282,-0.9138756198100861,-0.9010913520404441,-0.8723791440987866,-0.8235474327819561,-0.7747157214651256,-0.725884010148295,-0.6770522988314644,-0.5717563320394877,-0.4535542497103358,-0.33535216738118817,-0.21715008505203626,-0.08836186867955095,0.08674068413251547,0.2618432369445861,0.43694578975664833,0.612048342568719,0.1577730586939917,-0.7947596792244407,-1.7472924171428688,-2.6998251550613013,-3.6523578929797105,-2.3587976232877947,-0.8967803780250957,0.565236867237603,2.027254112500302,3.0107703007472075,2.890053280496157,2.7693362602451064,2.64861923999406,2.527902219743009,2.3782804720776034,2.2147047180742296,2.051128964070856,1.887553210067482,1.7255322335778382,1.59538419611968,1.4652361586615175,1.3350881212033594,1.204940083745197,1.0907589777446605,0.9987541654352674,0.9067493531258743,0.8147445408164812,0.7227397285070881,0.6563375691118885,0.5967125825469183,0.5370875959819482,0.4774626094169781,0.42118112559313137,0.3820947987236521,0.3430084718541729,0.3039221449846936,0.26483581811521434,0.23219523814826645,0.20515965548787615,0.17812407282748588,0.15108849016709558,0.12405290750670528,0.10908756469820924,0.09536019520785305,0.08163282571750108,0.06790545622714911,0.061284248539365975,0.07302062550821549,0.084757002477065,0.09649337944591872,0.10822975641476823,0.14200595757512824,0.18758920740950694,0.23317245724388982,0.2787557070782685,0.32477273496506903,0.3890084410535187,0.4532441471419684,0.5174798532304181,0.5817155593188637,0.6389084644438617,0.6853300269188719,0.7317515893938863,0.7781731518688965,0.8245947143439109,0.8427890229920493,0.8524296183593222,0.862070213726595,0.8717108090938637,0.8746254076932707,0.8360630262241877,0.7975006447551005,0.7589382632860175,0.7203758818169304,0.6677132766888402,0.6015913671589705,0.5354694576290968,0.4693475480992273,0.4032256385693577,0.3544207337613845,0.3078943822062917,0.26136803065120306,0.21484167909611024,0.1729528535733543,0.14455501287193623,0.11615717217051816,0.08775933146910009,0.05936149076768202,0.040241139086284135,0.026618558676010574,0.012995978265732809,-0.0006266021445407507,-0.01424918255481431
-0.9705945563940555,-0.9683261275288977,-0.96605769866374,-0.9637892697985823,-0.961520840933422,-0.9592524120682643,-0.9569839832031066,-0.9547155543379489,-0.9367106503625767,-0.9094489963223703,-0.8821873422821666,-0.8549256882419601,-0.8276640342017537,-0.80040238016155,-0.7731407261213435,-0.6112436181398037,-0.06467378461158842,0.4818960489166242,1.0284658824448367,1.575035715973052,2.1216055495012647,2.668175383029477,3.2147452165576924,3.265069230727005,3.253362517476456,3.241655804225907,3.2299490909753605,3.2182423777248115,3.206535664474262,3.194828951223713,3.045273176472852,2.7677147017574217,2.4901562270419912,2.212597752326558,1.9350392776111278,1.6574808028956949,1.3799223281802644,1.1451639451746445,1.1565060895004355,1.1678482338262266,1.1791903781520177,1.190532522477809,1.2018746668036,1.213216811129391,1.2245589554551821,1.1864682540944012,1.1342538825374548,1.0820395109805085,1.0298251394235622,0.9776107678666185,0.9253963963096722,0.8731820247527259,0.8134917398127883,0.7429273990430444,0.6723630582733005,0.6017987175035566,0.5312343767338152,0.46067003596407136,0.3901056951943275,0.32021798234666304,0.26792259547310443,0.2156272085995484,0.16333182172598978,0.11103643485243116,0.05874104797887254,0.006445661105313921,-0.0458497257682447,-0.08642489683848549,-0.12113996000706867,-0.15585502317564925,-0.19057008634423242,-0.225285149512813,-0.26000021268139617,-0.29471527584997675,-0.3260697036627692,-0.3494426225055613,-0.37281554134835077,-0.3961884601911428,-0.41956137903393487,-0.44293429787672695,-0.4663072167195164,-0.48968013556230844,-0.5076145262065551,-0.5251138345949182,-0.5426131429832813,-0.5601124513716446,-0.5776117597600077,-0.5951110681483708,-0.6126103765367339,-0.626013910585229,-0.6361408251618277,-0.6462677397384263,-0.6563946543150276,-0.6665215688916263,-0.6766484834682249,-0.6867753980448236,-0.6951094736704542,-0.6955550579118245,-0.6960006421531948,-0.6964462263945651,-0.696891810635938,-0.6973373948773083,-0.6977829791186786,-0.6982285633600489,-0.6899274939745196,-0.6796385487646938,-0.6693496035548705,-0.6590606583450446,-0.6487717131352188,-0.6384827679253955,-0.6281938227155696,-0.615636448640586,-0.600243538484156,-0.5848506283277259,-0.5694577181712933,-0.5540648080148632,-0.5386718978584332,-0.5232789877020031,-0.5074780003952244,-0.4865760487091234,-0.4656740970230224,-0.444772145336924,-0.423870193650823,-0.40296824196472203,-0.38206629027862105,-0.36116433859252006,-0.3374403533777413,-0.3125281435193075,-0.2876159336608712,-0.2627037238024374,-0.23779151394400364,-0.21287930408556988,-0.1879670942271361,-0.16666006595797095,-0.15256340086734568,-0.1384667357767178,-0.12437007068609252,-0.11027340559546464,-0.09617674050483936,-0.08208007541421408,-0.06798341032358621,-0.06648612724989163,-0.06547343579222994,-0.06446074433457086,-0.06344805287691177,-0.06243536141925268,-0.061422669961591,-0.06040997850393191,-0.06633459860215378,-0.07702862039504121,-0.08772264218793123,-0.09841666398081866,-0.10911068577370868,-0.11980470756659611,-0.13049872935948614,-0.14435234850027448,-0.16926455835870824,-0.19417676821714203,-0.21908897807557579,-0.24400118793400957,-0.26891339779244333,-0.29382560765087967,-0.31873781750931346,-0.3383705292351471,-0.3570850673727001,-0.3757996055102557,-0.3945141436478113,-0.4132286817853669,-0.4319432199229225,-0.4506577580604781,-0.46619319516280017,-0.47830498499641344,-0.4904167748300267,-0.5025285646636399,-0.5146403544972532,-0.5267521443308665,-0.5388639341644772,-0.5503366031670351,-0.5566963055211379,-0.5630560078752433,-0.5694157102293488,-0.5757754125834516,-0.582135114937557,-0.5884948172916623,-0.5948545196457651,-0.5998339610501715,-0.6043303111221807,-0.60882666119419,-0.6133230112662018,-0.6178193613382111,-0.6223157114102204,-0.6268120614822322,-0.630963346316816,-0.6345280202477785,-0.638092694178741,-0.6416573681097035,-0.6452220420406686,-0.6487867159716311,-0.6523513899025934,-0.6559160638335559
-0.7502240331041168,-0.7482399979570866,-0.7462559628100565,-0.7442719276630263,-0.7422878925159961,-0.7403038573689646,-0.7249931236780308,-0.7015704865255892,-0.6781478493731462,-0.6547252122207047,-0.631302575068263,-0.5252207438848127,-0.16197697571600228,0.20126679245280937,0.5645105606216198,0.9277543287904301,1.2909980969592405,1.1804804874966193,0.9959376627790854,0.8113948380615528,0.6268520133440189,0.44230918862648627,0.3471417850255166,0.3463151037142537,0.3454884224029909,0.344661741091728,0.3438350597804651,0.34120308522731013,0.3236774414285418,0.3061517976297748,0.2886261538310064,0.2711005100322381,0.2535748662334698,0.230278093172562,0.20484386482938163,0.17940963648619998,0.1539754081430196,0.12854117979983795,0.10057998777277052,0.06795363202160407,0.0353272762704376,0.002700920519272427,-0.029925435231894032,-0.06255179098306049,-0.0919607924417451,-0.12128042294786,-0.15060005345397492,-0.17991968396009111,-0.20923931446620603,-0.23351246518392876,-0.25434483422774734,-0.27517720327156725,-0.2960095723153858,-0.3168419413592044,-0.3362443751619208,-0.3504632937156389,-0.36468221226935565,-0.3789011308230737,-0.3931200493767918,-0.40733896793050856,-0.4175175746701722,-0.4269141855748585,-0.43631079647954346,-0.44570740738422976,-0.4551040182889147,-0.46269012264614245,-0.4681462193004757,-0.47360231595480895,-0.4790584126091422,-0.48451450926347545,-0.48951034551207884,-0.48928989716240884,-0.48906944881273884,-0.4888490004630688,-0.4886285521133988,-0.4884081037637288,-0.4838114577699335,-0.4773633435420845,-0.4709152293142368,-0.4644671150863878,-0.45801900085853886,-0.4497924046745683,-0.4378606377486775,-0.4259288708227867,-0.4139971038968946,-0.4020653369710037,-0.3901335700451129,-0.373144896719697,-0.35586725731430724,-0.3385896179089175,-0.3213119785035278,-0.3040343390981394,-0.29071359861773893,-0.280407638270664,-0.27010167792359036,-0.25979571757651543,-0.24948975722944178,-0.2405548962463615,-0.23749617539468984,-0.23443745454301818,-0.23137873369134654,-0.22832001283967487,-0.2252612919880032,-0.23053641246338416,-0.23775609591507757,-0.24497577936677098,-0.25219546281846567,-0.25941514627015905,-0.26892272610761775,-0.28143316995139284,-0.293943613795168,-0.3064540576389418,-0.3189645014827169,-0.3318354081685205,-0.3510144145898146,-0.37019342101110736,-0.38937242743240147,-0.4085514338536943,-0.4277304402749884,-0.4494043857888313,-0.47227590206709846,-0.4951474183453644,-0.5180189346236317,-0.5408904509018988,-0.5625495012569803,-0.5813427230663516,-0.6001359448757215,-0.6189291666850928,-0.637722388494464,-0.6565156103038353,-0.6689024243298894,-0.680723967080946,-0.6925455098320024,-0.7043670525830575,-0.716188595334114,-0.7207264054508018,-0.719073042828276,-0.7174196802057515,-0.7157663175832257,-0.7141129549606999,-0.7082546890198064,-0.680671089267343,-0.6530874895148796,-0.625503889762415,-0.5979202900099503,-0.570336690257487,0.451121164549749,1.7467512276480073,3.0423812907462646,4.338011353844522,5.6336414169427815,6.028881475647144,5.10354952790716,4.178217580167155,3.2528856324271516,2.327553684687148,1.4211609313123876,1.1965791750860377,0.9719974188596825,0.7474156626333274,0.5228339064069721,0.298252150180617,0.21870157578313187,0.21770955820961743,0.2167175406361017,0.21572552306258727,0.21473350548907155,0.20970489989119306,0.19377750662753335,0.17785011336387233,0.1619227201002113,0.14599532683655156,0.13006793357289054,0.10942175401359075,0.08820360035784931,0.06698544670210786,0.045767293046366425,0.02454913939062498,0.00450546900322642,-0.014425533024689073,-0.033356535052603276,-0.05228753708051877,-0.07121853910843298,-0.08969151500443283,-0.1052331236561697,-0.12077473230790788,-0.13631634095964604,-0.15185794961138294,-0.16739955826312108,-0.1810018172441133,-0.19398071383093704,-0.20695961041776076,-0.2199385070045845,-0.23291740359140822,-0.2441654827301469,-0.25257007606131743,-0.2609746693924867,-0.26937926272365725,-0.2777838560548278,-0.28618844938599836
0.049623440804608204,0.05741558289042714,0.06520772497624608,0.07299986706206502,0.080792009147889,0.08858415123370794,0.09637629331952688,0.10416843540534582,0.11196057749116475,0.14705154168170137,0.1933831973271137,0.23971485297253112,0.28604650861794345,0.33237816426336086,0.3787098199087732,0.4250414755541906,0.47137313119960295,0.5096318468461956,0.5365884464944384,0.5635450461426812,0.590501645790919,0.6174582454391618,0.6444148450874048,0.6713714447356476,0.6983280443838854,0.7223713656847293,0.7260217385537605,0.7296721114227916,0.7333224842918229,0.7369728571608541,0.7406232300298904,0.7442736028989215,0.7479239757679528,0.7515743486369839,0.7332288849874893,0.7104842540342844,0.6877396230810795,0.6649949921278796,0.6422503611746747,0.6195057302214698,0.5967610992682699,0.574016468315065,0.5423740534935954,0.503202744629745,0.4640314357658946,0.4248601269020442,0.3856888180381939,0.3465175091743435,0.30734620031049315,0.26817489144664275,0.22623070319188884,0.1759678767644394,0.12570505033698995,0.07544222390954049,0.025179397482085995,-0.025083428945363452,-0.0753462553728129,-0.12560908180026234,-0.17587190822771684,-0.22546198965526337,-0.27502282130020567,-0.32458365294514796,-0.3741444845900953,-0.42370531623503754,-0.47326614787997984,-0.5228269795249221,-0.5723878111698695,-0.6171282786416002,-0.6594585640267303,-0.7017888494118604,-0.7441191347969905,-0.7864494201821155,-0.8287797055672457,-0.8711099909523757,-0.9134402763375058,-0.9524799611796371,-0.9860353117834352,-1.0195906623872382,-1.0531460129910364,-1.0867013635948395,-1.1202567141986375,-1.1538120648024357,-1.1873674154062388,-1.2205717686187858,-1.249915150527546,-1.2792585324363113,-1.3086019143450713,-1.3379452962538365,-1.3672886781625966,-1.3966320600713618,-1.425975441980122,-1.4553188238888872,-1.4759925702336958,-1.4943848335353622,-1.5127770968370289,-1.5311693601386902,-1.5495616234403569,-1.5679538867420233,-1.5863461500436848,-1.6047384133453513,-1.6118285606486682,-1.6076165919536303,-1.6034046232585923,-1.5991926545635544,-1.5949806858685165,-1.5907687171734786,-1.5865567484784404,-1.5823447797834025,-1.5720781060892486,-1.5388035533984512,-1.505529000707649,-1.4722544480168518,-1.4389798953260544,-1.4057053426352573,-1.37243078994446,-1.3391562372536576,-1.3058816845628605,-1.2344478654863251,-1.159545022192905,-1.0846421788994849,-1.0097393356060647,-0.9348364923126444,-0.8599336490192243,-0.7850308057258042,-0.710127962432384,-0.4849543610087057,-0.16961830470688677,0.14571775159493724,0.46105380789676126,0.7763898641985852,1.0917259205004144,1.4070619768022332,1.7223980331040574,1.9348450541165434,1.941514004550349,1.9481829549841594,1.9548519054179698,1.9615208558517805,1.968189806285591,1.9748587567194014,1.981527707153212,1.986090673239501,1.942215999332856,1.8983413254262163,1.8544666515195714,1.8105919776129267,1.7667173037062869,1.722842629799642,1.6789679558930022,1.6350932819863573,1.5709485087348427,1.50004703570171,1.429145562668577,1.358244089635439,1.2873426166023063,1.2164411435691733,1.1455396705360354,1.0746381975029027,1.0067611519910649,0.9424584299134873,0.8781557078359147,0.8138529857583371,0.7495502636807594,0.6852475416031818,0.6209448195256092,0.5566420974480316,0.4952760535439414,0.4485934005072729,0.4019107474706045,0.35522809443393605,0.3085454413972676,0.2618627883605991,0.2151801353239357,0.16849748228726724,0.12181482925059879,0.09116398205941836,0.06280339284616118,0.034442803632909046,0.006082214419656916,-0.022278374793600265,-0.050638964006852395,-0.07899955322010958,-0.10736014243336171,-0.12912783064757946,-0.14618630386248188,-0.1632447770773843,-0.1803032502922867,-0.1973617235071891,-0.21442019672209153,-0.23147866993699395,-0.24853714315189637,-0.2622991658672791,-0.2680555230838318,-0.2738118803003794,-0.2795682375169321,-0.2853245947334848,-0.2910809519500375,-0.29683730916659024,-0.3025936663831379,-0.30835002359969055
-0.621347509212758,-0.6120916976459567,-0.6028358860791523,-0.593580074512351,-0.5843242629455496,-0.5750684513787452,-0.565812639811944,-0.5565568282451426,-0.5473010166783382,-0.5336203501874044,-0.5116430807137189,-0.4896658112400303,-0.46768854176634483,-0.4457112722926594,-0.423734002818974,-0.40175673334528855,-0.3797794638716031,-0.35780219439791766,-0.3318263849263426,-0.30410121420569236,-0.27637604348504213,-0.24865087276439196,-0.22092570204374173,-0.19320053132309153,-0.1654753606024445,-0.1377501898817943,-0.11103016685362826,-0.10642339306010445,-0.10181661926658064,-0.09720984547306,-0.09260307167953619,-0.08799629788601238,-0.08338952409249173,-0.07878275029896792,-0.07417597650544411,-0.08197276198845954,-0.10906397301275401,-0.13615518403704532,-0.16324639506133978,-0.19033760608563427,-0.21742881710992873,-0.24452002813422005,-0.27161123915851454,-0.298702450182809,-0.332291288703671,-0.3681734075174383,-0.4040555263312057,-0.4399376451449763,-0.47581976395874365,-0.511701882772511,-0.5475840015862784,-0.583466120400049,-0.6190762796918996,-0.6518308640036452,-0.6845854483153876,-0.71734003262713,-0.7500946169388724,-0.782849201250618,-0.8156037855623604,-0.8483583698741027,-0.8811129541858451,-0.9086304801363856,-0.9293398302173596,-0.9500491802983336,-0.9707585303793044,-0.9914678804602783,-1.0121772305412524,-1.0328865806222263,-1.0535959307032003,-1.0743052807841742,-1.0853233165504115,-1.0936493205625593,-1.1019753245747037,-1.1103013285868515,-1.118627332598999,-1.1269533366111437,-1.1352793406232913,-1.143605344635436,-1.1509556019844955,-1.1518008815796386,-1.1526461611747785,-1.1534914407699215,-1.1543367203650614,-1.1551819999602047,-1.1560272795553446,-1.1568725591504876,-1.1577178387456275,-1.1557332692613806,-1.1506615916905316,-1.1455899141196826,-1.1405182365488304,-1.1354465589779814,-1.1303748814071293,-1.1253032038362802,-1.120231526265428,-1.115159848694579,-1.1036989599230573,-1.0908929740566595,-1.0780869881902617,-1.065281002323864,-1.0524750164574692,-1.0396690305910714,-1.0268630447246736,-1.0140570588582756,-0.9970173247588198,-0.9598672865523377,-0.9227172483458589,-0.8855672101393769,-0.8484171719328948,-0.811267133726416,-0.7741170955199339,-0.7369670573134551,-0.6998170191069731,-0.4158306386043947,0.09442238900293437,0.6046754166102634,1.1149284442175798,1.6251814718249087,2.135434499432238,2.6456875270395668,3.1559405546468957,3.666193582254212,3.486294196071669,3.2028719478206336,2.9194496995695984,2.6360274513185633,2.3526052030675344,2.069182954816496,1.7857607065654608,1.5023384583144257,1.2784073554823374,1.268644376158451,1.2588813968345645,1.2491184175106747,1.2393554381867882,1.2295924588629017,1.219829479539012,1.2100665002151254,1.200303520891239,1.178835256738976,1.1483629273341123,1.117890597929255,1.0874182685243914,1.0569459391195308,1.0264736097146705,0.9960012803098099,0.9655289509049494,0.935056621500089,0.909060598820804,0.8834908910677652,0.8579211833147264,0.8323514755616908,0.806781767808652,0.7812120600556132,0.7556423523025744,0.7300726445495356,0.705870084663423,0.6855411104002638,0.6652121361371045,0.6448831618739452,0.624554187610786,0.6042252133476267,0.5838962390844674,0.5635672648213081,0.5432382905581489,0.5258677948779841,0.5103991782868896,0.4949305616957952,0.4794619451047008,0.46399332851360636,0.4485247119225119,0.4330560953314175,0.41758747874032304,0.4021188621492286,0.39020777011507973,0.37845838374260915,0.3667089973701386,0.35495961099766804,0.3432102246251975,0.331460838252727,0.3197114518802564,0.3079620655077859,0.2971645374620191,0.2885426855915736,0.279920833721128,0.27129898185068246,0.26267712998023374,0.2540552781097882,0.24543342623934258,0.23681157436889705,0.22818972249845149,0.2232889384109639,0.22037272380772624,0.2174565092044886,0.21454029460124782,0.2116240799980102,0.20870786539476938,0.20579165079153175,0.20287543618829093,0.1999592215850533
0.30779933005020393,0.31729710568871755,0.32679488132723616,0.3362926569657498,0.3457904326042634,0.355288208242782,0.3647859838812957,0.3742837595198093,0.3837815351583279,0.3953122794953845,0.4106548401422203,0.4259974007890512,0.441339961435882,0.45668252208271287,0.47202508272954874,0.48736764337637956,0.5027102040232104,0.5180527646700412,0.5141745303488142,0.501887198229055,0.4895998661092958,0.47731253398954154,0.4650252018697823,0.4527378697500231,0.44045053763026887,0.4281632055105096,0.41498067410588,0.3821037584340975,0.34922684276231497,0.31634992709053245,0.2834730114187499,0.2505960957469624,0.21771918007517985,0.1848422644033973,0.15196534873161477,0.11599566391758383,0.07521500488227875,0.034434345846978645,-0.006346313188326445,-0.04712697222362655,-0.08790763125893164,-0.12868829029423173,-0.16946894932953682,-0.21024960836483694,-0.25451576913187973,-0.3000121069807103,-0.3455084448295408,-0.3910047826783763,-0.43650112052720685,-0.48199745837603736,-0.5274937962248679,-0.5729901340737035,-0.6175970481169207,-0.6528650122011974,-0.6881329762854741,-0.7234009403697507,-0.7586689044540273,-0.7939368685383039,-0.8292048326225806,-0.8644727967068572,-0.8997407607911339,-0.9299551805253341,-0.953599992604434,-0.9772448046835389,-1.0008896167626389,-1.0245344288417388,-1.0481792409208386,-1.0718240529999385,-1.0954688650790436,-1.1191136771581434,-1.1328824197073784,-1.1439078096094304,-1.1549331995114822,-1.1659585894135343,-1.176983979315586,-1.188009369217643,-1.199034759119695,-1.2100601490217469,-1.220531092915103,-1.227305730083834,-1.2340803672525646,-1.2408550044212954,-1.247629641590026,-1.254404278758762,-1.2611789159274926,-1.2679535530962234,-1.274728190264954,-1.2799463357738607,-1.2834664903811415,-1.2869866449884224,-1.2905067995957034,-1.2940269542029892,-1.2975471088102701,-1.301067263417551,-1.3045874180248318,-1.3081075726321127,-1.304988813833212,-1.3004723890540548,-1.2959559642749026,-1.2914395394957505,-1.2869231147165934,-1.2824066899374411,-1.2778902651582889,-1.2733738403791317,-1.2647337234103166,-1.2365060685406069,-1.208278413670892,-1.180050758801177,-1.1518231039314673,-1.1235954490617523,-1.0953677941920377,-1.0671401393223277,-1.038912484452613,-0.9867050397068807,-0.9125161209081261,-0.8383272021093765,-0.7641382833106268,-0.6899493645118722,-0.6157604457131225,-0.5415715269143678,-0.4673826081156182,-0.39319368931686854,0.05599709765384446,0.5614381648503567,1.0668792320468639,1.5723202992433762,2.0777613664398786,2.583202433636386,3.088643500832898,3.5940845680294102,3.896965138976705,3.470627923426856,3.044290707877002,2.6179534923271484,2.1916162767772893,1.7652790612274356,1.3389418456775866,0.9126046301277326,0.48626741457787376,0.3240659673781961,0.36504588044786945,0.4060257935175478,0.44700570658722616,0.4879856196569045,0.5289655327265829,0.5699454457962563,0.6109253588659346,0.651905271935613,0.6564996656847373,0.6576287718795291,0.6587578780743159,0.6598869842691026,0.6610160904638944,0.6621451966586812,0.663274302853473,0.6644034090482598,0.663626607088162,0.657449732022556,0.651272856956945,0.645095981891339,0.6389191068257281,0.632742231760122,0.6265653566945161,0.620388481628905,0.6142116065632991,0.6059324570480588,0.5963018453866297,0.5866712337251955,0.5770406220637664,0.5674100104023323,0.5577793987409031,0.548148787079469,0.5385181754180398,0.5288875637566057,0.51862164937688,0.5083268576008684,0.49803206582485676,0.4877372740488451,0.4774424822728285,0.4671476904968168,0.45685289872080515,0.4465581069447885,0.4367484554263863,0.42804769592536573,0.4193469364243501,0.4106461769233345,0.40194541742231393,0.39324465792129837,0.38454389842027775,0.3758431389192622,0.36714237941824657,0.3604341602609736,0.3547886292870296,0.34914309831308565,0.34349756733914666,0.33785203636520267,0.33220650539125873,0.32656097441731474,0.32091544344337575,0.3152699124694318
-0.16891057632476386,-0.16499341289030553,-0.16107624945584717,-0.1571590860213888,-0.15324192258693045,-0.1493247591524721,-0.14540759571801373,-0.1414904322835554,-0.13757326884909704,-0.11945910821711746,-0.09549912520967856,-0.07153914220224436,-0.047579159194810164,-0.023619176187371273,0.00034080682006292434,0.024300789827497123,0.04826077283493132,0.07222075584237021,0.09618073884980441,0.1201407218572386,0.1441007048646728,0.1680606878721117,0.19202067087954588,0.2159806538869801,0.23994063689441897,0.26086481824014734,0.26053838795394446,0.26021195766773686,0.259885527381534,0.25955909709533104,0.25923266680912344,0.25890623652292055,0.25857980623671295,0.25825337595051,0.2340975347713541,0.20517581141360283,0.1762540880558516,0.14733236469810504,0.11841064134035381,0.08948891798260726,0.06056719462485602,0.03164547126710947,-0.00417209188672043,-0.045824596406455455,-0.08747710092619518,-0.1291296054459349,-0.17078210996566992,-0.21243461448540965,-0.25408711900514935,-0.2957396235248891,-0.3373105204730734,-0.3786365947066055,-0.41996266894014234,-0.46128874317367446,-0.5026148174072113,-0.5439408916407433,-0.5852669658742755,-0.6265930401078124,-0.6679191143413444,-0.7040522267718371,-0.7399595582543681,-0.7758668897368991,-0.8117742212194349,-0.8476815527019659,-0.8835888841844969,-0.9194962156670325,-0.9554035471495635,-0.9846952248316782,-1.0106790756135844,-1.0366629263954907,-1.062646777177397,-1.0886306279593032,-1.1146144787412096,-1.1405983295231112,-1.1665821803050176,-1.188746796738331,-1.2045460225906457,-1.2203452484429602,-1.2361444742952747,-1.2519437001475893,-1.267742925999904,-1.2835421518522185,-1.299341377704533,-1.3140688241171388,-1.3170066966929836,-1.3199445692688287,-1.322882441844669,-1.3258203144205138,-1.328758186996354,-1.331696059572199,-1.334633932148044,-1.3375718047238843,-1.3258311954300492,-1.310227827749461,-1.2946244600688683,-1.2790210923882754,-1.2634177247076872,-1.2478143570270945,-1.2322109893465016,-1.2166076216659134,-1.180145358696833,-1.1228242004392597,-1.0655030421816911,-1.0081818839241181,-0.9508607256665497,-0.8935395674089766,-0.8362184091514081,-0.7788972508938349,-0.6042924110552429,0.015990418791205867,0.6362732486376593,1.256556078484094,1.8768389083305428,2.4971217381769963,3.117404568023445,3.7376873978698937,4.357970227716333,4.038258964902526,3.633093693665074,3.2279284224276177,2.8227631511901614,2.4175978799527145,2.012432608715263,1.6072673374778068,1.2021020662403505,1.036577428863035,1.01483717180179,0.9930969147405496,0.9713566576793046,0.9496164006180643,0.9278761435568192,0.9061358864955789,0.8843956294343338,0.8593475454728853,0.8276838077110108,0.7960200699491411,0.7643563321872713,0.7326925944254016,0.7010288566635319,0.6693651189016621,0.6377013811397877,0.6063341508878902,0.5817865933652862,0.557239035842682,0.5326914783200779,0.5081439207974737,0.4835963632748696,0.4590488057522655,0.43450124822966135,0.40995369070705723,0.3884908993890894,0.36805636347266535,0.3476218275562413,0.3271872916398173,0.3067527557233933,0.2863182198069739,0.2658836838905499,0.2454491479741259,0.22698951528924355,0.21086385915072137,0.19473820301220388,0.1786125468736817,0.1624868907351642,0.1463612345966467,0.13023557845812453,0.11410992231960704,0.09866976978211565,0.08665713524977826,0.07464450071744087,0.06263186618510348,0.0506192316527661,0.03860659712042402,0.026593962588086627,0.014581328055749236,0.002568693523411847,-0.007444555505923349,-0.017172178034826308,-0.026899800563729263,-0.03662742309263692,-0.04635504562153987,-0.056082668150442834,-0.06581029067935049,-0.07553791320825344,-0.08381836146831412,-0.0910651138220656,-0.09831186617581239,-0.10555861852955917,-0.11280537088330594,-0.12005212323705274,-0.12729887559079953,-0.134545627944551,-0.14057370722979753,-0.14364215192012364,-0.14671059661044974,-0.14977904130077585,-0.15284748599110193,-0.15591593068142803,-0.15898437537175414,-0.16205282006208024,-0.16512126475240635
-0.2826575452845285,-0.2756072237713273,-0.2685569022581261,-0.2615065807449249,-0.25445625923171955,-0.24740593771851835,-0.24035561620531715,-0.23330529469211594,-0.22625497317891474,-0.21920465166571354,-0.20012561834631212,-0.1701113924758252,-0.14009716660533833,-0.11008294073485143,-0.08006871486436454,-0.05005448899387765,-0.020040263123390755,0.009973962747096138,0.03998818861758303,0.0693789166671741,0.08629968829885698,0.10322045993054402,0.12014123156222689,0.1370620031939098,0.1539827748255968,0.1709035464572797,0.18782431808896258,0.20474508972064548,0.2216658613523325,0.22618382248528016,0.22139967574417843,0.21661552900307673,0.21183138226197504,0.20704723552087748,0.20226308877977578,0.19747894203867405,0.19269479529757236,0.18791064855647066,0.18233993533362453,0.16929684053420438,0.1562537457347801,0.1432106509353558,0.13016755613593564,0.11712446133651135,0.10408136653708705,0.09103827173766275,0.07799517693824261,0.06495208213881831,0.04922794670954736,0.03185394012344291,0.014479933537338474,-0.0028940730487659674,-0.020268079634870408,-0.03764208622097485,-0.055016092807079295,-0.07239009939318373,-0.08976410597928818,-0.10818846658674505,-0.1329149513223331,-0.15764143605791703,-0.18236792079350095,-0.20709440552908903,-0.23182089026467295,-0.256547375000261,-0.2812738597358449,-0.306000344471433,-0.3307268292070169,-0.35894490173961907,-0.3889087681707263,-0.41887263460183344,-0.44883650103294065,-0.4788003674640478,-0.508764233895155,-0.5387281003262622,-0.5686919667573693,-0.5986558331884765,-0.62706575120443,-0.648871388455974,-0.6706770257075181,-0.6924826629590662,-0.7142883002106102,-0.7360939374621542,-0.7578995747136982,-0.7797052119652463,-0.8015108492167904,-0.8233164864683344,-0.8350502358438779,-0.8427552300690195,-0.8504602242941611,-0.8581652185193027,-0.8658702127444443,-0.8735752069695859,-0.8812802011947275,-0.8889851954198692,-0.8966901896450149,-0.8993952109602805,-0.8861003189639576,-0.8728054269676347,-0.8595105349713119,-0.8462156429749891,-0.8329207509786661,-0.8196258589823433,-0.8063309669860205,-0.7930360749896976,-0.7797411829933706,-0.740009983391083,-0.6920174376619351,-0.6440248919327831,-0.5960323462036311,-0.5480398004744791,-0.5000472547453271,-0.45205470901617917,-0.40406216328702715,-0.35606961755787514,-0.14806355030154192,0.45997632077272554,1.0680161918469806,1.676056062921248,2.2840959339955114,2.892135805069779,3.500175676144046,4.108215547218301,4.716255418292569,5.3242952893668365,4.904717226932365,4.243346709554667,3.5819761921769775,2.9206056747992752,2.2592351574215774,1.5978646400438752,0.936494122666173,0.27512360528848745,-0.38624691208921474,-0.8045827750189695,-0.736849329052854,-0.6691158830867386,-0.6013824371206232,-0.5336489911545078,-0.46591554518838835,-0.39818209922227293,-0.3304486532561575,-0.26271520729004216,-0.19498176132392675,-0.17226965416353962,-0.15706110347077526,-0.14185255277801087,-0.12664400208525065,-0.11143545139248628,-0.09622690069972192,-0.08101835000695755,-0.06580979931419319,-0.05060124862142882,-0.041109693332570064,-0.04090825557505121,-0.040706817817528225,-0.04050538006000937,-0.04030394230249052,-0.04010250454496753,-0.039901066787448675,-0.03969962902992982,-0.039498191272406835,-0.03929675351488798,-0.04433509552143014,-0.04992499329261139,-0.05551489106379264,-0.06110478883497389,-0.06669468660615514,-0.07228458437733638,-0.07787448214851764,-0.08346437991969888,-0.08905427769088013,-0.09531323658525313,-0.1024642769772179,-0.10961531736917854,-0.11676635776113917,-0.12391739815310393,-0.13106843854506456,-0.13821947893702932,-0.14537051932898995,-0.15252155972095058,-0.15967260011291534,-0.1665358722798449,-0.17338475603552725,-0.1802336397912096,-0.18708252354689195,-0.1939314073025743,-0.2007802910582525,-0.20762917481393486,-0.2144780585696172,-0.22132694232529956,-0.22690484975377137,-0.23108468322231238,-0.23526451669085338,-0.2394443501593944,-0.2436241836279354,-0.2478040170964764,-0.25198385056501743,-0.25616368403355844,-0.26034351750209944,-0.26452335097064045
-0.44293119992636104,-0.4228207596302311,-0.4027103193341046,-0.38259987903797466,-0.3624894387418482,-0.34237899844571823,-0.3010855878676896,-0.25321815202975745,-0.20535071619182527,-0.15748328035389308,-0.1096158445159644,-0.06295575950629664,-0.01738229024206754,0.02819117902216156,0.07376464828639066,0.11933811755061977,0.15384420422242284,0.16118489725826987,0.16852559029412037,0.1758662833299674,0.1832069763658179,0.1889257947890321,0.16545087018480734,0.14197594558058255,0.11850102097635778,0.09502609637212954,0.07155117176790476,0.033354616064373885,-0.008166178919646706,-0.04968697390366729,-0.09120776888768788,-0.13272856387170848,-0.17026510112245513,-0.20490399638536652,-0.2395428916482814,-0.27418178691119277,-0.3088206821741042,-0.338672431402947,-0.3593181305662711,-0.37996382972959863,-0.40060952889292273,-0.4212552280562468,-0.4412972518054422,-0.45620803453450864,-0.47111881726357857,-0.486029599992645,-0.5009403827217149,-0.5158511654507848,-0.5275745419932342,-0.5388149782043772,-0.5500554144155201,-0.561295850626663,-0.5725362868378059,-0.5745525627210063,-0.5711880784129115,-0.5678235941048132,-0.5644591097967149,-0.5610946254886167,-0.5412799861454167,-0.4962417757483852,-0.4512035653513537,-0.4061653549543222,-0.3611271445572907,-0.19159899025789293,0.6418755315207954,1.47535005329948,2.308824575078158,3.142299096856843,3.975773618635521,3.972765302821755,3.8980584580714996,3.8233516133212477,3.7486447685709927,3.6739379238207373,3.3061949595423745,2.803204555481805,2.300214151421246,1.7972237473606771,1.2942333433001079,1.0020001120728017,0.9701139766983312,0.9382278413238642,0.9063417059493937,0.8744555705749266,0.8383517563070525,0.7864316461889118,0.7345115360707746,0.6825914259526339,0.6306713158344932,0.5787512057163525,0.532936266286472,0.4872863314697865,0.4416363966531011,0.3959864618364157,0.35033652701973034,0.31009552391366957,0.2717862821328312,0.2334770403519963,0.1951677985711579,0.15685855679032298,0.12260198928969313,0.09239809606927524,0.06219420284885389,0.03199030962843254,0.0017864164080146538,-0.02674730816664013,-0.050604560533149906,-0.07446181289965968,-0.09831906526616599,-0.12217631763267577,-0.14591283491635978,-0.16518215413546344,-0.1844514733545671,-0.20372079257366726,-0.22299011179277092,-0.24225943101187458,-0.2488515665341985,-0.25206311973738416,-0.2552746729405664,-0.25848622614375205,-0.2616977793469377,-0.24720353265362013,-0.2183760193774192,-0.1895485061012218,-0.16072099282502436,-0.1318934795488269,-0.09615991953495515,-0.0454632582561223,0.005233403022710537,0.055930064301543375,0.10662672558037274,0.15582627183215592,0.1875594761017138,0.21929268037126823,0.25102588464082265,0.28275908891037704,0.31449229317993493,0.3167339412177434,0.31344592246210484,0.3101579037064629,0.30686988495082435,0.3035818661951824,0.2832621517554878,0.25183480969576205,0.2204074676360329,0.1889801255763037,0.1575527835165745,0.11925159074125784,0.06916665388208239,0.019081717022903465,-0.031003219836271984,-0.0810881566954509,-0.13147493126169418,-0.1838538346945727,-0.23623273812745468,-0.2886116415603367,-0.3409905449932152,-0.3933694484260937,-0.43842778133693294,-0.48262487065693815,-0.5268219599769468,-0.5710190492969555,-0.6152161386169607,-0.6494022773192755,-0.6783827217003855,-0.7073631660814991,-0.7363436104626125,-0.7653240548437226,-0.7897648601105602,-0.8079636615952687,-0.8261624630799771,-0.8443612645646855,-0.862560066049394,-0.8795334064434142,-0.8910797048643857,-0.9026260032853539,-0.9141723017063256,-0.9257186001272971,-0.9372648985482688,-0.936351336421547,-0.9347455598199542,-0.9331397832183648,-0.931534006616772,-0.9299282300151791,-0.9009397366285439,-0.8607953215887473,-0.8206509065489471,-0.7805064915091504,-0.7403620764693503,-0.6834113379001091,-0.6077869065203713,-0.5321624751406369,-0.4565380437609025,-0.38091361238116467,-0.4479256078526243,-0.9745438676223275,-1.5011621273920341,-2.0277803871617373,-2.55439864693143,-3.081016906701137
-3.2428522295262763,-2.840002674658005,-2.4371531197897345,-2.034303564921464,-1.631454010053193,-1.2286044551849222,-0.8257549003166479,-0.5615254974286961,-0.5367309025067442,-0.5119363075847924,-0.48714171266284045,-0.4623471177408922,-0.43755252281894036,-0.41275792789698845,-0.39999330310383585,-0.3916032129029729,-0.38321312270210994,-0.374823032501247,-0.36643294230038403,-0.3580428520995211,-0.3505543835321855,-0.3511805096665781,-0.3518066358009707,-0.35243276193536327,-0.3530588880697559,-0.3536850142041485,-0.35431114033854105,-0.35622291213555657,-0.3596039932612751,-0.3629850743869973,-0.3663661555127159,-0.36974723663843806,-0.37312831776415667,-0.37650939888987883,-0.38046442897212784,-0.38453424884567794,-0.38860406871923164,-0.3926738885927817,-0.3967437084663354,-0.40081352833988904,-0.4050210959630083,-0.40977965458438986,-0.41453821320577505,-0.41929677182716024,-0.42405533044854543,-0.42881388906993056,-0.43357244769131575,-0.4379407210222615,-0.4420105408958152,-0.44608036076936525,-0.45015018064291895,-0.45422000051647266,-0.4582898203900263,-0.46235964026358,-0.4649684991568819,-0.46747300369445227,-0.46997750823202267,-0.472482012769593,-0.4749865173071634,-0.4774910218447338,-0.47657687768852225,-0.46768588658014454,-0.4587948954717668,-0.4499039043633926,-0.44101291325501485,-0.4321219221466371,-0.423230931038263,-0.3968084081668889,-0.3616201194140185,-0.3264318306611481,-0.29124354190827767,-0.2560552531554073,-0.22086696440253686,-0.18509011708333722,-0.1322450713405927,-0.0794000255978482,-0.026554979855103685,0.02629006588764082,0.07913511163038893,0.13198015737313343,0.16749403171588612,0.17701114895865647,0.18652826620142682,0.19604538344419356,0.2055625006869639,0.21507961792973426,0.224596735172501,0.21553669000783823,0.20082272584961042,0.1861087616913826,0.17139479753315479,0.15668083337492336,0.14196686921669555,0.12584203416896705,0.10054653833950399,0.07525104251003732,0.04995554668057066,0.024660050851104,-0.0006354449783590591,-0.02593094080782572,-0.050475085276021986,-0.07426787838294426,-0.09806067148986652,-0.1218534645967888,-0.14564625770371106,-0.16943905081063693,-0.1932318439175592,-0.20790824050772366,-0.2211821145568496,-0.23445598860597552,-0.24772986265510147,-0.2610037367042238,-0.2742776107533497,-0.28562301630854675,-0.2906320253836875,-0.2956410344588319,-0.3006500435339726,-0.3056590526091134,-0.3106680616842542,-0.31567707075939855,-0.3107306742976931,-0.29914734081142824,-0.2875640073251634,-0.27598067383889857,-0.26439734035263374,-0.2528140068663689,-0.24123067338010407,-0.20271348067937722,-0.16326753421263646,-0.12382158774589568,-0.08437564127915488,-0.04492969481241411,-0.0054837483456733225,0.3162824721187472,1.2026892405785163,2.089096009038282,2.9755027774980296,3.8619095459577952,4.748316314417565,5.63472308287733,5.245798573237924,4.310303515841788,3.3748084584456297,2.4393134010494752,1.5038183436533208,0.5683232862571627,-0.2991995179892976,-0.21511077814035498,-0.13102203829141232,-0.04693329844246969,0.03715544140646934,0.12124418125541198,0.2053329211043546,0.26275077471527863,0.2852913155534157,0.3078318563915528,0.33037239722968986,0.3529129380678269,0.375453478905964,0.3979940197441047,0.39689203774757287,0.3898794250423729,0.3828668123371765,0.3758541996319766,0.3688415869267802,0.36182897422158383,0.3534180131495746,0.33801531024351167,0.32261260733745234,0.30720990443138946,0.29180720152533013,0.2764044986192672,0.2610017957132079,0.2440629966907701,0.2257801135665034,0.20749723044223672,0.1892143473179664,0.1709314641936997,0.15264858106943302,0.1343656979451663,0.11754794997537707,0.10089299480053256,0.08423803962568445,0.06758308445083995,0.05092812927599544,0.03427317410114733,0.018202603318402816,0.003739089613930596,-0.010724424090541624,-0.025187937795013843,-0.03965145149948607,-0.05411496520395468,-0.0685784789084269,-0.0788782538191871,-0.08676744311253526,-0.09465663240588341,-0.10254582169923157,-0.11043501099257973,-0.11832420028592788,-0.12621338957927603
-1.195052479743183,-1.1897701136504764,-1.184487747557766,-1.1792053814650594,-1.1739230153723492,-1.1686406492796426,-1.1633582831869322,-1.1580759170942256,-1.1527935510015155,-1.1475111849088089,-0.9787206160683086,-0.6612862265480031,-0.3438518370276975,-0.026417447507388257,0.2910169420129173,0.6084513315332265,0.9258857210535321,1.2433201105738376,1.560754500094147,1.8565797915184967,1.7202231210236612,1.5838664505288294,1.4475097800339976,1.3111531095391658,1.174796439044334,1.0384397685495022,0.9020830980546702,0.7657264275598348,0.629369757065003,0.5851539227248266,0.610043715500639,0.6349335082764515,0.6598233010522676,0.68471309382808,0.7096028866038925,0.734492679379705,0.7593824721555174,0.7842722649313335,0.8047792713122275,0.7836498069413937,0.76252034257056,0.7413908781997225,0.7202614138288888,0.699131949458055,0.6780024850872213,0.6568730207163875,0.6357435563455538,0.6146140919747201,0.5858637806380145,0.552423717322305,0.5189836540066028,0.48554359069089337,0.45210352737518755,0.41866346405948174,0.385223400743776,0.35178333742807016,0.31834327411236435,0.2858049221998953,0.258676838706832,0.23154875521376875,0.2044206717207055,0.17729258822764593,0.15016450473458268,0.12303642124151942,0.09590833774845617,0.0687802542553929,0.04165217076233333,0.017627850397189178,-0.004844588403997262,-0.027317027205180023,-0.04978946600636278,-0.07226190480754555,-0.094734343608732,-0.11720678240991475,-0.13967922121109752,-0.16215166001228395,-0.18393342624928732,-0.20277983408852554,-0.22162624192776745,-0.2404726497670057,-0.2593190576062439,-0.2781654654454858,-0.29701187328472406,-0.31585828112396597,-0.33470468896320416,-0.3535510968024424,-0.36360421968106243,-0.3701400285754286,-0.37667583746979844,-0.3832116463641646,-0.3897474552585345,-0.39628326415290066,-0.4028190730472705,-0.40935488194163666,-0.4158906908360065,-0.3509610746867688,-0.057342098397994985,0.2362768778907788,0.5298958541795563,0.8235148304683264,1.1171338067571002,1.410752783045874,1.7043717593346477,1.9979907356234252,2.291609711912199,2.382597295421102,2.4102625686863055,2.4379278419515056,2.465593115216709,2.493258388481913,2.5209236617471125,2.548588935012316,2.5762542082775197,2.60391948154272,2.535312673500854,2.2260256621913355,1.916738650881821,1.6074516395723026,1.2981646282627806,0.9888776169532622,0.6795906056437437,0.37030359433422905,0.0610165830247107,-0.24827042828481136,-0.30120280618959006,-0.29381644682266683,-0.2864300874557473,-0.27904372808882405,-0.27165736872190077,-0.26427100935497755,-0.2568846499880543,-0.24949829062113107,-0.24211193125420785,-0.24321615467471835,-0.2613015436700926,-0.2793869326654669,-0.2974723216608412,-0.3155577106562191,-0.3336430996515934,-0.3517284886469677,-0.36981387764234197,-0.3878992666377199,-0.4059846556330942,-0.428290821409568,-0.4513004499828911,-0.4743100785562142,-0.4973197071295373,-0.5203293357028604,-0.5433389642761872,-0.5663485928495103,-0.5893582214228333,-0.6123678499961565,-0.6344736354608015,-0.6551106758738396,-0.6757477162868778,-0.6963847566999196,-0.7170217971129578,-0.7376588375259958,-0.7582958779390376,-0.7789329183520758,-0.7995699587651176,-0.8202069991781558,-0.8374823401044313,-0.8544038179268355,-0.8713252957492397,-0.8882467735716438,-0.9051682513940517,-0.9220897292164558,-0.93901120703886,-0.9559326848612641,-0.972854162683672,-0.9882024418876649,-1.0014531229337835,-1.0147038039798983,-1.027954485026017,-1.0412051660721318,-1.0544558471182468,-1.0677065281643654,-1.0809572092104802,-1.0942078902565988,-1.1074585713027136,-1.1175116941813301,-1.1274049391515724,-1.1372981841218148,-1.147191429092057,-1.1570846740622995,-1.1669779190325418,-1.1768711640027842,-1.1867644089730267,-1.196657653943269,-1.20499475393866,-1.2116200944617193,-1.2182454349847787,-1.2248707755078343,-1.2314961160308935,-1.2381214565539527,-1.244746797077012,-1.2513721376000713,-1.257997478123127,-1.2646228186461863
-1.6256835247722539,-1.624849518183179,-1.6240155115941006,-1.6231815050050258,-1.6223474984159474,-1.6215134918268725,-1.6206794852377977,-1.6198454786487193,-1.6190114720596445,-1.618177465470566,-1.6173434588814912,-1.6165094522924166,-1.6156754457033382,-1.6148414391142634,-1.614007432525185,-1.3728220882628384,-1.066086379180509,-0.7593506700981796,-0.45261496101585025,-0.1458792519335209,0.16085645714880847,0.46759216623113786,0.7743278753134673,1.0810635843957965,1.387799293478126,1.6945350025604553,2.0012707116427846,2.308006420725114,2.6147421298074436,2.6437196036421784,2.4643784010412166,2.2850371984402544,2.1056959958392927,1.926354793238331,1.7470135906373692,1.5676723880364072,1.3883311854354454,1.2089899828344834,1.0296487802335217,0.8503075776325562,0.6709663750315943,0.4916251724306325,0.3122839698296706,0.2024291325328539,0.21764975278348966,0.2328703730341291,0.24809099328476855,0.26331161353540433,0.27853223378604375,0.2937528540366832,0.30897347428731897,0.32419409453795844,0.3394147147885942,0.3546353350392336,0.3698559552898731,0.38507657554050884,0.4002971957911483,0.4114116101312844,0.39788878900840785,0.38436596788553135,0.3708431467626548,0.3573203256397783,0.3437975045169017,0.3302746833940289,0.3167518622711523,0.30322904114827576,0.28970622002539925,0.2761833989025227,0.2626605777796462,0.24913775665676963,0.2356149355338931,0.22209211441102022,0.2013504556434102,0.18005350167235887,0.1587565477013112,0.1374595937302635,0.11616263975921216,0.0948656857881645,0.07356873181711315,0.05227177784606547,0.03097482387501413,0.009677869903966456,-0.011619084067084891,-0.03291603803813256,-0.05421299200918391,-0.07550994598023159,-0.09399851041663738,-0.11136371903918496,-0.12872892766173255,-0.14609413628428014,-0.1634593449068277,-0.1808245535293753,-0.19818976215192288,-0.21555497077447414,-0.2329201793970217,-0.2502853880195693,-0.2676505966421169,-0.28501580526466447,-0.30238101388721206,-0.3197462225097596,-0.3342370869949545,-0.34585360734280035,-0.35747012769064623,-0.36908664803849206,-0.38070316838633794,-0.3923196887341801,-0.40393620908202593,-0.4155527294298718,-0.42716924977771764,-0.43878577012555986,-0.4504022904734057,-0.46201881082125157,-0.4736353311690974,-0.4852518515169433,-0.4957279955082968,-0.5033531986084195,-0.5109784017085423,-0.518603604808665,-0.5262288079087913,-0.533854011008914,-0.5414792141090369,-0.5491044172091633,-0.556729620309286,-0.5643548234094087,-0.5719800265095351,-0.5796052296096578,-0.5872304327097805,-0.594855635809907,-0.6022042550922218,-0.6059572847430674,-0.6097103143939094,-0.6134633440447514,-0.6172163736955935,-0.6209694033464355,-0.6247224329972775,-0.6284754626481195,-0.6322284922989615,-0.6359815219498034,-0.6397345516006454,-0.6434875812514874,-0.6472406109023294,-0.6509936405531714,-0.6547466702040134,-0.6543892388086973,-0.653346730572351,-0.6523042223360048,-0.6512617140996586,-0.650219205863316,-0.6491766976269698,-0.6481341893906236,-0.6470916811542811,-0.6460491729179348,-0.6450066646815886,-0.6439641564452461,-0.6429216482088999,-0.6418791399725536,-0.6408366317362111,-0.6335901357096971,-0.6228969797997588,-0.6122038238898168,-0.6015106679798784,-0.59081751206994,-0.5801243561600017,-0.5694312002500597,-0.5587380443401213,-0.548044888430183,-0.5373517325202446,-0.5266585766103061,-0.5159654207003641,-0.5052722647904258,-0.49457910888048745,-0.38366474280468305,-0.13912209650774482,0.10542054978920076,0.34996319608614634,0.5945058423830919,0.8390484886800375,1.0835911349769758,1.3281337812739213,1.572676427570867,1.8172190738678125,2.0617617201647542,2.3063043664616965,2.550847012758642,2.795389659055584,2.920250232252273,2.606276537414747,2.2923028425772283,1.978329147739702,1.6643554529021758,1.3503817580646496,1.0364080632271233,0.7224343683896045,0.4084606735520782,0.094486978714552,-0.2194867161229779,-0.5334604109605041,-0.8474341057980304,-1.1614078006355493,-1.4753814954730755
-0.5002628309854553,-0.46877583222750974,-0.43728883346956254,-0.40580183471161696,-0.37431483595366977,-0.3428278371957242,-0.3113408384377786,-0.30224658216772726,-0.29385209910042326,-0.2854576160331193,-0.2770631329658169,-0.26866864989851297,-0.260274166831209,-0.2648492486228023,-0.2702610765343243,-0.2756729044458447,-0.2810847323573667,-0.2864965602688887,-0.29190838818041065,-0.3009262377891772,-0.310304689567666,-0.3196831413461564,-0.3290615931246451,-0.3384400449031355,-0.3478184966816259,-0.3571969484601146,-0.366575400238605,-0.3759538520170954,-0.38533230379558414,-0.39471075557407453,-0.4040892073525649,-0.4125023261909139,-0.42074306414709445,-0.4289838021032749,-0.43722454005945705,-0.4454652780156375,-0.45370601597181803,-0.4610158971642922,-0.468118921298166,-0.4752219454320382,-0.4823249695659104,-0.4894279936997827,-0.4965310178336549,-0.502471169854308,-0.5080982409214022,-0.5137253119884965,-0.5193523830555906,-0.5249794541226849,-0.5306065251897791,-0.5317610112060279,-0.531484270006007,-0.531207528805986,-0.530930787605965,-0.530654046405944,-0.5303773052059231,0.34196406920778977,1.5413296810766144,2.7406952929454502,3.940060904814273,5.139426516683111,6.338792128551948,5.8540347249703615,4.637049923366855,3.420065121763361,2.203080320159853,0.9860955185563444,-0.2308892830471495,-0.59362524855618,-0.529236796017958,-0.464848343479736,-0.400459890941514,-0.33607143840329196,-0.27168298586506995,-0.22476836404736722,-0.18783878835567527,-0.15090921266398333,-0.11397963697228976,-0.07705006128059781,-0.04012048558890425,-0.021043978558500463,-0.01357196615793254,-0.006099953757366223,0.0013720586432017013,0.008844071043769625,0.01631608344433594,0.014263353263709653,0.005192391707464629,-0.0038785698487787874,-0.012949531405023812,-0.022020492961267228,-0.031091454517512253,-0.04246020664362791,-0.0557437842446363,-0.0690273618456447,-0.08231093944665309,-0.09559451704766148,-0.10887809464866988,-0.12016578117073945,-0.1295749819714542,-0.13898418277216895,-0.1483933835728821,-0.15780258437359684,-0.1672117851743116,-0.17520466737559257,-0.1816927110649741,-0.188180754754354,-0.19466879844373552,-0.20115684213311705,-0.20764488582249857,-0.21385339294620237,-0.21972645619109318,-0.22559951943598242,-0.23147258268087323,-0.23734564592576404,-0.24321870917065327,-0.24817861963433058,-0.2518992513235024,-0.2556198830126725,-0.2593405147018443,-0.2630611463910161,-0.2667817780801878,-0.2689398003672204,-0.26869380818942384,-0.2684478160116272,-0.2682018238338306,-0.26795583165603404,-0.2677098394782374,-0.2645343040921373,-0.25623206809150645,-0.2479298320908756,-0.23962759609024636,-0.23132536008961552,-0.22302312408898628,-0.2087555777767915,-0.18255741084146881,-0.1563592439061461,-0.13016107697082505,-0.10396291003550234,-0.07776474310018126,0.0456096519502617,0.3924893716654871,0.7393690913807061,1.0862488110959314,1.4331285308111568,1.7800082505263823,1.9400625019365099,1.6019155045330662,1.2637685071296145,0.9256215097261645,0.5874745123227127,0.24932751491926108,-0.007537703493503423,-0.010397362560386291,-0.013257021627269161,-0.01611668069415364,-0.018976339761036506,-0.021835998827920984,-0.02761774679468933,-0.0442529678181754,-0.06088818884165986,-0.07752340986514593,-0.0941586308886304,-0.11079385191211646,-0.12747379878610912,-0.14435501198739178,-0.16123622518867284,-0.17811743838995392,-0.19499865159123658,-0.21187986479251764,-0.22850949508468857,-0.24373026108584542,-0.25895102708700063,-0.2741717930881558,-0.28939255908931105,-0.3046133250904679,-0.31947628428755603,-0.33174514415515366,-0.3440140040227513,-0.3562828638903489,-0.3685517237579481,-0.3808205836255457,-0.3928378605840332,-0.4023393084514211,-0.41184075631880895,-0.42134220418619683,-0.4308436520535847,-0.44034509992097254,-0.44969746161999824,-0.4567389877094233,-0.46378051379884677,-0.47082203988827026,-0.4778635659776937,-0.4849050920671172,-0.4917844869484469,-0.4934756831707971,-0.49516687939314896,-0.49685807561549916,-0.4985492718378494,-0.5002404680602012,-0.5019316642825514
-0.8971315525448649,-0.8830592480700792,-0.8689869435952935,-0.8549146391205124,-0.8408423346457267,-0.826770030170941,-0.8126977256961553,-0.7986254212213697,-0.784553116746584,-0.7612998680146756,-0.7342662304710107,-0.7072325929273456,-0.6801989553836807,-0.6531653178400157,-0.6261316802963462,-0.5990980427526813,-0.5720644052090164,-0.5368527837052239,-0.4901919846572504,-0.4435311856092813,-0.3968703865613122,-0.35020958751333864,-0.3035487884653696,-0.25688798941739605,-0.21022719036942697,-0.16132901835122992,-0.09676923554147278,-0.03220945273171121,0.03235033007804593,0.09691011288780306,0.16146989569756465,0.22602967850732178,0.2905894613170789,0.3551492441268405,0.3938377946602187,0.4273520987383256,0.46086640281643243,0.4943807068945393,0.5278950109726461,0.561409315050753,0.5949236191288598,0.6284379232069622,0.6447347421866254,0.646462919929146,0.6481910976716619,0.649919275414178,0.6516474531566941,0.6533756308992146,0.6551038086417307,0.6568319863842467,0.6547489149981757,0.6412320962263431,0.6277152774545106,0.6141984586826782,0.6006816399108457,0.5871648211390131,0.5736480023671807,0.5601311835953482,0.5466143648235157,0.5242252049628654,0.5014502911418296,0.47867537732079823,0.45590046349976243,0.433125549678731,0.4103506358576952,0.38757572203666385,0.36480080821562805,0.3472515747112566,0.33231518136521293,0.31737878801916924,0.3024423946731255,0.2875060013270818,0.27256960798103813,0.25763321463499445,0.24269682128895073,0.23229689451701946,0.22945774536859706,0.22661859622017463,0.22377944707175224,0.22094029792332984,0.2181011487749074,0.215261999626485,0.21242285047806703,0.21027805845833497,0.21577119485419247,0.22126433125004993,0.22675746764591181,0.23225060404176928,0.23774374043762678,0.24323687683348866,0.24873001322934613,0.2542231496252036,0.27843049648579665,0.307562635573948,0.33669477466209924,0.36582691375025056,0.3949590528384019,0.4240911919265532,0.45322333101470447,0.4823554701028558,0.767412216667736,1.3083935707093581,1.849374924750985,2.3903562787926074,2.931337632834234,3.4723189868758473,4.0133003409174695,4.554281694959096,4.826829726435273,4.079331132162813,3.331832537890353,2.5843339436179065,1.8368353493454468,1.0893367550729867,0.3418381608005268,-0.40566043347193315,-1.1531590277443753,-1.1353937720221816,-1.0480590753913885,-0.9607243787605957,-0.8733896821298027,-0.7860549854990098,-0.6987202888682214,-0.6113855922374284,-0.5240508956066354,-0.47664173387551817,-0.4531878930842117,-0.42973405229290523,-0.40628021150159427,-0.3828263707102878,-0.35937252991898133,-0.33591868912767037,-0.3124648483363639,-0.2963146158616456,-0.29477160002011243,-0.2932285841785793,-0.2916855683370461,-0.29014255249551296,-0.2885995366539754,-0.28705652081244226,-0.2855135049709091,-0.28433052615906496,-0.29142839903012097,-0.2985262719011726,-0.3056241447722286,-0.3127220176432846,-0.3198198905143362,-0.32691776338539225,-0.3340156362564438,-0.3411135091274998,-0.3507573581370842,-0.3612498658595114,-0.37174237358193857,-0.3822348813043657,-0.3927273890267929,-0.40321989674922004,-0.41371240447164725,-0.4242049121940744,-0.4345276881739339,-0.44464987209439527,-0.45477205601485216,-0.4648942399353135,-0.4750164238557704,-0.48513860777623175,-0.4952607916966887,-0.50538297561715,-0.5158754833395772,-0.5282196100718424,-0.540563736804112,-0.5529078635363771,-0.5652519902686467,-0.577596117000912,-0.5899402437331815,-0.6022843704654467,-0.6146284971977163,-0.623300246227136,-0.6314473698704285,-0.6395944935137254,-0.6477416171570224,-0.6558887408003193,-0.6640358644436163,-0.6721829880869133,-0.6803301117302059,-0.6785762170569977,-0.6697501664434257,-0.6609241158298536,-0.6520980652162859,-0.6432720146027138,-0.6344459639891418,-0.6256199133755697,-0.6167938627619975,-0.6676079461167672,-0.863262354823203,-1.0589167635296433,-1.2545711722360835,-1.4502255809425237,-1.645879989648964,-1.8415343983554042,-2.03718880706184,-2.23284321576828
-2.3673317057359076,-1.774658045346637,-1.1819843849573666,-0.5893107245680963,0.0033629358211785363,0.5960365962104489,0.739641712604186,0.7438807291372447,0.7481197456702989,0.7523587622033575,0.7565977787364118,0.7328188157364139,0.6838236711566621,0.6348285265769102,0.5858333819971585,0.5368382374174067,0.482135726636479,0.41342422608901647,0.34471272554155835,0.27600122499410024,0.20728972444663768,0.13912301794565693,0.08076260428124621,0.022402190616830988,-0.03595822304757975,-0.09431863671199049,-0.1526790503764057,-0.18594780681454645,-0.2135507051693379,-0.24115360352412488,-0.26875650187891637,-0.2963594002337078,-0.31796956407725735,-0.33522137554900144,-0.35247318702074554,-0.3697249984924852,-0.3869768099642293,-0.38544360386200377,-0.3477853639636833,-0.3101271240653628,-0.2724688841670423,-0.23481064426872628,-0.18940076336625672,-0.0781019339285538,0.0331968955091536,0.14449572494685653,0.25579455438456394,0.3670933838222713,1.1899010207298717,2.1205130224056425,3.0511250240814043,3.9817370257571754,4.912349027432951,4.583210407125718,3.5192172573284095,2.4552241075311008,1.3912309577338056,0.32723780793649676,-0.2999861720288166,-0.25749742491840527,-0.21500867780799837,-0.1725199306975915,-0.13003118358718013,-0.09633696894131773,-0.10954692743967905,-0.12275688593804485,-0.13596684443640616,-0.14917680293477195,-0.16238676143313777,-0.1813170574195001,-0.20073766804769252,-0.22015827867588048,-0.2395788893040729,-0.25899949993226534,-0.2823322506656282,-0.3074706045244531,-0.33260895838327786,-0.3577473122421027,-0.382885666100932,-0.40753889383265507,-0.431592848113258,-0.45564680239386085,-0.47970075667446377,-0.5037547109550666,-0.527767157117843,-0.5516239478387656,-0.5754807385596926,-0.5993375292806196,-0.6231943200015466,-0.6470511107224691,-0.6759952401345385,-0.7050768651869037,-0.7341584902392734,-0.7632401152916385,-0.7923217403440082,-0.8096358139924921,-0.8227471907110154,-0.8358585674295432,-0.8489699441480666,-0.8620813208665901,-0.8404919110819538,-0.7842017147941489,-0.7279115185063441,-0.6716213222185436,-0.6153311259307388,-0.5499350862946907,-0.4590426852835642,-0.3681502842724332,-0.2772578832613066,-0.18636548225017566,-0.09803361325748507,-0.10444142894699207,-0.11084924463649459,-0.11725706032599711,-0.12366487601550412,-0.13007269170500663,-0.15554829902117628,-0.18610865077112415,-0.21666900252106752,-0.24722935427101536,-0.2777897060209632,-0.2966369857716726,-0.3060022548563315,-0.3153675239409949,-0.3247327930256538,-0.3340980621103172,-0.33443531556765754,-0.315211868499141,-0.295988421430629,-0.27676497436211245,-0.2575415272935959,-0.23462126348113838,-0.16857147098931835,-0.10252167849750278,-0.03647188600568275,0.029577906486137288,0.09562769897795284,0.1707262611560047,0.24752146765022387,0.3243166741444431,0.40111188063865777,0.477907087132877,0.912530806124697,1.5805209463106127,2.2485110864965243,2.91650122668244,3.584491366868338,3.6968278992517125,2.8566153896878737,2.0164028801240397,1.1761903705602057,0.33597786099637156,-0.38532686228061674,-0.3218401960646013,-0.2583535298485814,-0.19486686363256595,-0.1313801974165505,-0.06789353120053505,-0.07223631802816,-0.0845590405079753,-0.09688176298779508,-0.10920448546761038,-0.12152720794742568,-0.13871416298506586,-0.15843051895277213,-0.1781468749204829,-0.19786323088818916,-0.21757958685589543,-0.2360922074066241,-0.2529496917590164,-0.26980717611140426,-0.2866646604637966,-0.3035221448161844,-0.3210333820243441,-0.34143981045092053,-0.36184623887749695,-0.3822526673040733,-0.40265909573065417,-0.4230655241572306,-0.44431249196979816,-0.4656061564149206,-0.486899820860043,-0.50819348530517,-0.5294871497502923,-0.5540729267905473,-0.5799999348880847,-0.6059269429856176,-0.6318539510831549,-0.6577809591806878,-0.6871168214547448,-0.7202402994804928,-0.7533637775062407,-0.7864872555319887,-0.8196107335577367,-0.8473407505233673,-0.8576918374064147,-0.8680429242894621,-0.8783940111725095,-0.8887450980555524,-0.8990961849385997
-0.8098805838881018,-0.7641220788575155,-0.7183635738269292,-0.6726050687963429,-0.6268465637657566,-0.5810880587351703,-0.5333203178581786,-0.48432956385728915,-0.43533880985639684,-0.3863480558555074,-0.33735730185461504,-0.3041526668311122,-0.320060401959474,-0.33596813708783574,-0.3518758722161975,-0.3677836073445593,-0.383691342472921,-0.3811271258812172,-0.37567666683325257,-0.37022620778528786,-0.36477574873732316,-0.35932528968935845,-0.3431143706353231,-0.3155451882415501,-0.2879760058477741,-0.26040682345400107,-0.2328376410602251,-0.20338426477809157,-0.1583862889169901,-0.11338831305588862,-0.06839033719478418,-0.0233923613336827,0.021605614527421733,0.4652185106993234,1.0564665625418967,1.6477146143844703,2.2389626662270437,2.830210718069614,3.1869348695315742,3.110691820290861,3.0344487710501484,2.9582057218094353,2.8819626725687195,2.805719623328007,2.2312271938635577,1.6428945038373408,1.054561813811121,0.46622912378490405,-0.12210356624131584,-0.3559440181115194,-0.3480852166935234,-0.3402264152755273,-0.33236761385753133,-0.3245088124395353,-0.3217065022564856,-0.337233972800105,-0.35276144334372433,-0.3682889138873437,-0.383816384430966,-0.39934385497458535,-0.4143403254223944,-0.42923402165811175,-0.44412771789382904,-0.45902141412954633,-0.4739151103652637,-0.48639189971327534,-0.4960252691933977,-0.505658638673523,-0.5152920081536453,-0.5249253776337677,-0.5341630663973368,-0.5389163737066066,-0.5436696810158793,-0.5484229883251491,-0.5531762956344218,-0.5579296029436916,-0.563484549107283,-0.5693786501707799,-0.5752727512342769,-0.581166852297774,-0.587060953361271,-0.5939416868608547,-0.6028779046022851,-0.6118141223437155,-0.6207503400851458,-0.6296865578265762,-0.6386227755680066,-0.655592510887989,-0.6730213043553174,-0.6904500978226459,-0.7078788912899743,-0.7253076847573028,-0.7410098714614781,-0.7553965482508732,-0.7697832250402683,-0.7841699018296634,-0.7985565786190585,-0.8100056258461468,-0.8088648320919195,-0.8077240383376952,-0.806583244583471,-0.8054424508292467,-0.8043016570750194,-0.7777242458279376,-0.7452116238325222,-0.7126990018371067,-0.6801863798416883,-0.6476737578462728,-0.599731300808725,-0.5315371852783779,-0.46334306974802786,-0.3951489542176837,-0.32695483868733655,-0.26022696858283756,-0.21915839343073407,-0.17808981827862766,-0.1370212431265242,-0.09595266797441776,-0.05488409282231429,-0.04918697566532645,-0.06046815834599825,-0.07174934102667005,-0.0830305237073389,-0.0943117063880107,-0.10561173100756599,-0.11695629111902771,-0.12830085123048646,-0.13964541134194816,-0.1509899714534099,-0.1623345315648716,-0.1569063402628601,-0.14999820030671865,-0.14309006035057717,-0.1361819203944357,-0.1292737804382942,-0.09954976539764951,-0.050432256535180284,-0.0013147476727081136,0.04780276118976406,0.09692027005223328,0.2625529031638078,1.0301803448957298,1.7978077866276696,2.5654352283596062,3.333062670091546,4.100690111823483,3.8432903847346664,3.3031245421090616,2.7629586994834563,2.222792856857851,1.6826270142322428,1.285188858649896,1.0970846440643345,0.908980429478764,0.7208762148931965,0.5327720003076291,0.34895004455924417,0.31928940694939234,0.2896287693395375,0.2599681317296827,0.23030749411983087,0.20064685650997607,0.16169543012697435,0.11771149315851732,0.07372755619005734,0.029743619221600327,-0.014240317746856695,-0.055260931599986976,-0.0882805730417247,-0.12130021448346537,-0.1543198559252031,-0.1873394973669408,-0.2203591388086815,-0.2418475136536575,-0.2619381592141769,-0.28202880477469927,-0.3021194503352187,-0.3222100958957381,-0.33917640540865074,-0.35318281761330345,-0.36718922981795904,-0.38119564202261175,-0.3952020542272644,-0.40953391810354095,-0.42594867267822495,-0.44236342725290895,-0.45877818182759295,-0.47519293640227694,-0.49160769097696094,-0.5117634268718051,-0.5331216210481315,-0.554479815224458,-0.5758380094007846,-0.597196203577111,-0.6143577840930009,-0.6246249278810253,-0.6348920716690526,-0.64515921545708,-0.6554263592451044,-0.6656935030331317
-0.9486960961886275,-0.9351089429751192,-0.921521789761614,-0.9079346365481057,-0.8943474833346006,-0.8807603301210922,-0.8671731769075871,-0.8199155025993271,-0.771605624506859,-0.723295746414391,-0.674985868321923,-0.626675990229455,-0.5783661121369836,-0.5113834292073215,-0.4431960491913894,-0.3750086691754573,-0.30682128915952517,-0.2386339091435931,-0.17044652912766098,-0.11666976615635727,-0.06433406488951773,-0.011998363622674903,0.04033733764416793,0.09267303891100746,0.1450087401778503,0.1558300461252501,0.1609252285803145,0.1660204110353789,0.1711155934904433,0.17621077594550774,0.18130595840057542,0.17994304951341633,0.17742691002943536,0.17491077054545112,0.17239463106147015,0.1698784915774859,0.16736235209350495,0.17040459346959155,0.17468203059236315,0.1789594677151347,0.183236904837903,0.1875143419606746,0.1917917790834429,0.20171909304752053,0.21316752769964312,0.2246159623517657,0.2360643970038883,0.2475128316560076,0.25896126630813016,0.2783679451614849,0.30032126215923555,0.32227457915698293,0.3442278961547336,0.36618121315248425,0.38813453015023164,0.4219365767180089,0.46018189687454647,0.49842721703108406,0.5366725371876216,0.5749178573441592,0.6131631775006969,0.9006931108665492,1.2966076586712352,1.692522206475918,2.088436754280604,2.48435130208529,2.8802658498899727,2.575267808773203,1.9198134731957015,1.2643591376181937,0.6089048020406826,-0.046549533536818566,-0.7020038691143263,-0.9101686634232814,-0.8627394341502054,-0.8153102048771294,-0.7678809756040567,-0.7204517463309806,-0.6730225170579079,-0.6521271223431958,-0.6484787200914194,-0.6448303178396464,-0.6411819155878701,-0.6375335133360936,-0.6338851110843207,-0.6359952371515705,-0.6423484893486253,-0.6487017415456802,-0.6550549937427383,-0.6614082459397933,-0.6677614981368515,-0.6745951042353944,-0.6818290052518446,-0.6890629062682948,-0.696296807284745,-0.7035307083011985,-0.7107646093176487,-0.7181929392942237,-0.7258042612332724,-0.733415583172321,-0.7410269051113664,-0.748638227050415,-0.7562495489894637,-0.7649283240429295,-0.7747412680304598,-0.7845542120179935,-0.7943671560055239,-0.8041800999930575,-0.8139930439805879,-0.8243492453567087,-0.8353573555991337,-0.8463654658415587,-0.8573735760839836,-0.8683816863264086,-0.8793897965688334,-0.8923193224172072,-0.9078564837308006,-0.9233936450443939,-0.9389308063579872,-0.9544679676715805,-0.9700051289851738,-0.9858396522377847,-1.0021316553965716,-1.0184236585553619,-1.0347156617141489,-1.051007664872939,-1.067299668031726,-1.0794057300489799,-1.0841863950685482,-1.0889670600881134,-1.0937477251076817,-1.0985283901272502,-1.1033090551468154,-1.0978154839401195,-1.071773440280898,-1.0457313966216766,-1.0196893529624553,-0.993647309303234,-0.9676052656440125,-0.930183409318595,-0.8665879838609304,-0.8029925584032692,-0.7393971329456046,-0.6758017074879401,-0.6122062820302755,-0.548010414195755,-0.4822133666896055,-0.41641631918345595,-0.35061927167730644,-0.2848222241711602,-0.21902517666501067,-0.15496655280233967,-0.09634050282554443,-0.03771445284874591,0.020911597128052618,0.07953764710485114,0.13816369708164966,0.19338724025624143,0.2359729010226498,0.2785585617890582,0.32114422255546654,0.36372988332187495,0.4063155440882833,0.4439375478726529,0.4592230952378494,0.47450864260304265,0.48979418996823915,0.5050797373334324,0.5203652846986289,0.5350503896869628,0.5463730173648838,0.557695645042808,0.5690182727207289,0.580340900398653,0.591663528076574,0.6050600646625057,0.633492440831513,0.661924817000517,0.6903571931695209,0.7187895693385281,0.7472219455075321,0.8065284968447707,1.1745767998643388,1.542625102883917,1.910673405903495,2.278721708923073,2.6467700119426514,2.99139915609843,2.9730313378653563,2.954663519632283,2.9362957013992093,2.9179278831661324,2.899560064933059,2.8646105062672906,2.2990452537550654,1.7334800012428402,1.1679147487306152,0.6023494962183934,0.03678424370618154,-0.5287810088060435
-0.7891280430360835,-0.7489705425911317,-0.7088130421461798,-0.6686555417012253,-0.6294483571537425,-0.6368066515822518,-0.6441649460107612,-0.6515232404392732,-0.6590474878910629,-0.670554607901604,-0.6820617279121479,-0.6935688479226891,-0.7051558132557546,-0.7179936886416648,-0.730831564027575,-0.7436694394134852,-0.7564321662605514,-0.7683306849109073,-0.7802292035612632,-0.7921277222116191,-0.8041045205899401,-0.8167858365199254,-0.8294671524499108,-0.8421484683798934,-0.855299462677656,-0.8718947650057859,-0.8884900673339131,-0.9050853696620431,-0.9222286300859099,-0.9427379188121845,-0.9632472075384563,-0.9837564962647282,-1.003075933125966,-1.0161486476957635,-1.0292213622655635,-1.0422940768353637,-0.9834073686780131,-0.5967055125414329,-0.21000365640485275,0.17669819973172746,0.5092304841180014,0.6250844815030481,0.7409384788880973,0.8567924762731438,0.8301726719820888,0.2984184799303118,-0.23333571212146784,-0.7650899041732447,-1.0594122877462824,-0.6018672778033036,-0.14432226786032762,0.3132227420826511,0.6571181117800154,0.6775491207783222,0.6979801297766316,0.7184111387749411,0.7354886442273195,0.7439428548473106,0.752397065467299,0.7608512760872902,0.76766161242006,0.7706362420826476,0.7736108717452379,0.7765855014078282,0.7776814175993073,0.7747850676646821,0.7718887177300542,0.768992367795429,0.7665750897959364,0.7650877749646426,0.763600460133346,0.7621131453020523,0.9590461537219264,1.5087264034771968,2.0584066532324754,2.608086902987754,2.9248239038656765,2.8614956039437147,2.7981673040217534,2.7348390040997916,2.664559464334725,2.5838530648050066,2.5031466652752856,2.4224402657455673,2.070100078995567,1.342646567036609,0.6151930550776618,-0.11226045688129642,-0.5156045831827814,-0.5064458550111258,-0.49728712683947035,-0.4881283986678148,-0.49085253320092276,-0.5075261152570124,-0.5241996973131048,-0.5408732793691945,-0.5575092871558649,-0.5741045894839921,-0.590699891812122,-0.607295194140252,-0.624908132931896,-0.6435387081870593,-0.6621692834422226,-0.6807998586973859,-0.7008144195429326,-0.7221065055488339,-0.7433985915547352,-0.7646906775606338,-0.7880117741153342,-0.8130612870634526,-0.838110800011571,-0.8631603129596893,-0.8889988855656715,-0.915457433617124,-0.9419159816685738,-0.9683745297200236,-0.9847537799989746,-0.9938342284426677,-1.0029146768863608,-1.0119951253300539,-0.6421860344878526,-0.019783917455080475,0.6026181995777026,1.2250203166104883,1.2749220775922543,0.9739365235750189,0.6729509695577862,0.37196541554055074,0.2951229033830756,0.34436085227172053,0.39359880116036544,0.44283675004901035,0.473940417157779,0.4957021815314575,0.5174639459051359,0.5392257102788144,0.548797755414114,0.5526334620842935,0.556469168754473,0.5603048754246552,0.5620583413310212,0.5629194183386131,0.563780495346205,0.5646415723537969,0.5679825511432539,0.5722879361812105,0.5765933212191672,0.5808987062571265,0.5908809371669519,0.6028577355452702,0.6148345339235884,0.6268113323019094,0.8958556261211731,1.246079129027056,1.5963026319329392,1.9465261348388223,2.0204613378997522,2.0164690717736478,2.0124768056475406,2.0084845395214366,1.443884173616437,0.7391317827667114,0.03437939191700223,-0.6703729989327232,-0.7569816899508529,-0.7079003005181301,-0.65881891108541,-0.6097375216526899,-0.6035941286021651,-0.6056294015291985,-0.6076646744562345,-0.6096999473832679,-0.6228431137082342,-0.6377945417491427,-0.6527459697900514,-0.66769739783096,-0.6813399888203292,-0.694804102029944,-0.7082682152395561,-0.7217323284491709,-0.734632827617451,-0.7474707030033612,-0.760308578389274,-0.7731464537751842,-0.7848320515654796,-0.7964174513039859,-0.8080028510424895,-0.8195882507809931,-0.8324981435166313,-0.845492578358469,-0.8584870132003041,-0.8714814480421417,-0.8921410338461013,-0.9131200009401531,-0.934098968034202,-0.955077935128251,-0.9748294760878414,-0.9945559675344865,-1.0142824589811288,-1.0340089504277712
-0.9320112686565662,-0.9312209809385071,-0.9304306932204494,-0.9296404055023902,-0.9288501177843326,-0.9280598300662735,-0.9272695423482157,-0.4729899351661478,0.10826668146584412,0.6895232980978346,1.2707799147298267,1.852036531361817,2.433293147993808,2.4698115408093253,2.0826446484342522,1.6954777560591776,1.3083108636841059,0.9211439713090328,0.5339770789339583,0.23317304448261195,0.0972435569765583,-0.038685930529495344,-0.1746154180355503,-0.31054490554160397,-0.4464743930476576,-0.5608778014208144,-0.5245986558636933,-0.48831951030657217,-0.45204036474945103,-0.4157612191923312,-0.3794820736352101,-0.34320292807808894,-0.3244034959255635,-0.3074123099873078,-0.29042112404905074,-0.2734299381107937,-0.25643875217253664,-0.23944756623428096,-0.22863667721615216,-0.22063501407081124,-0.21263335092546898,-0.20463168778012672,-0.1966300246347858,-0.18862836148944354,-0.1828030766301611,-0.17944435382841264,-0.1760856310266642,-0.17272690822491574,-0.16936818542316728,-0.16600946262141883,-0.13881245169917322,-0.04010057641543488,0.0586112988683048,0.1573231741520418,0.2560350494357815,0.35474692471951985,0.45073138125753714,0.4621658566781954,0.47360033209885366,0.4850348075195119,0.4964692829401701,0.507903758360827,0.5193382337814854,0.3820241992381316,0.21038358547231062,0.038742971706489646,-0.13289764205932866,-0.30453825582514965,-0.4761788695909693,-0.5465530647656551,-0.5476397103779858,-0.5487263559903163,-0.5498130016026456,-0.5508996472149761,-0.5519862928273067,-0.557351605538188,-0.5698480300799863,-0.582344454621786,-0.5948408791635856,-0.607337303705384,-0.6198337282471835,-0.6322375409470224,-0.6441412497002778,-0.6560449584535332,-0.6679486672067885,-0.6798523759600451,-0.6917560847133004,-0.7036597934665558,-0.7122294759092519,-0.7205768899312439,-0.7289243039532374,-0.7372717179752295,-0.7456191319972216,-0.7539665460192151,-0.7611246696373702,-0.7678174187496779,-0.7745101678619857,-0.7812029169742934,-0.7878956660865998,-0.7945884151989075,-0.8005526178211304,-0.8057882739532672,-0.8110239300854053,-0.8162595862175421,-0.8214952423496803,-0.826730898481817,-0.8317929074102799,-0.8364111512626832,-0.8410293951150878,-0.8456476389674924,-0.8502658828198957,-0.8548841266723004,-0.859602700020161,-0.8658262157998703,-0.872049731579581,-0.8782732473592916,-0.8844967631390009,-0.8907202789187115,-0.8969437946984222,-0.9039174663980082,-0.9110300558605333,-0.9181426453230598,-0.9252552347855862,-0.9323678242481114,-0.9394804137106378,-0.9438918244493317,-0.946682527953725,-0.9494732314581197,-0.9522639349625129,-0.9550546384669076,-0.9578453419713023,-0.5891560555979496,0.3224655236736672,1.234087102945284,2.145708682216902,3.0573302614885174,3.9689518407601145,4.569156840257127,3.8198899940641424,3.07062314787116,2.321356301678178,1.572089455485212,0.8228226092922273,0.07355576309924523,0.004229625269406871,-0.04316294132291051,-0.09055550791522789,-0.13794807450754526,-0.18534064109986398,-0.23273320769218137,-0.23515346382873564,-0.22258294981336846,-0.21001243579800127,-0.1974419217826341,-0.1848714077672669,-0.17230089375189972,-0.16215758176123377,-0.1541559186158915,-0.14615425547055058,-0.13815259232520832,-0.13015092917986607,-0.12214926603452382,-0.11565254532103286,-0.11246669795760868,-0.10928085059418581,-0.10609500323076296,-0.10290915586734009,-0.09972330850391722,-0.09661618120615988,-0.09427001454317446,-0.09192384788018772,-0.0895776812172023,-0.08723151455421554,-0.08488534789123013,-0.08253918122824339,0.2806196346494083,0.6953231147005823,1.110026594751747,1.5247300748029222,1.9394335548540962,2.35413703490527,2.320812207106668,2.052805884720099,1.7847995623335267,1.5167932399469528,1.248786917560379,0.980780595173805,0.8223989101152577,0.8049631873355927,0.787527464555929,0.7700917417762642,0.7526560189965992,0.7352202962169356,0.6599901534621493,0.3783513679390681,0.09671258241598561,-0.18492620310709557,-0.46656498863017803,-0.7482037741532526,-1.029842559676335
-1.092503320252187,-1.0420850567489701,-0.9916667932457555,-0.9412485297425386,-0.8908302662393217,-0.8404120027361071,-0.7899937392328902,-0.7743713725727344,-0.7598363776889243,-0.7453013828051142,-0.7307663879213041,-0.716231393037494,-0.7016963981536838,-0.699380258731342,-0.6978524325645783,-0.6963246063978146,-0.6947967802310508,-0.6932689540642872,-0.6917411278975214,-0.6947930263584053,-0.6983028972820512,-0.7018127682056993,-0.7053226391293473,-0.7088325100529932,-0.7123423809766413,-0.71773919855015,-0.7233962846270862,-0.7290533707040247,-0.7347104567809608,-0.7403675428578992,-0.7460246289348377,-0.7514364619989287,-0.7568044998821523,-0.7621725377653781,-0.7675405756486039,-0.7729086135318297,-0.7782766514150534,-0.7843541712283,-0.7905893536926614,-0.7968245361570228,-0.8030597186213841,-0.8092949010857455,-0.8155300835501069,-0.8228063400281851,-0.8303628856638027,-0.8379194312994203,-0.845475976935038,-0.8530325225706555,-0.8605890682062732,-0.8682394606580306,-0.8759198840909527,-0.8836003075238748,-0.8912807309567968,-0.8989611543897189,-0.9066415778226411,-0.9138114745757607,-0.9207899238239533,-0.9277683730721458,-0.9347468223203403,-0.9417252715685328,-0.9487037208167254,-0.9500701304597287,-0.9489965228830834,-0.9479229153064384,-0.9468493077297931,-0.945775700153148,-0.9447020925765028,-0.7951402986300262,-0.5713344114986338,-0.34752852436723924,-0.12372263723584682,0.10008324989554558,0.32388913702694017,0.4455296262353557,0.5087898880592109,0.572050149883066,0.6353104117069213,0.6985706735307764,0.7618309353546316,0.8203362918273761,0.8757509598219033,0.9311656278164283,0.9865802958109554,1.0419949638054804,1.0974096318000053,1.0784813546299474,1.0047740652333552,0.9310667758367611,0.8573594864401668,0.7836521970435747,0.7099449076469805,0.684865284501646,0.7003087165656953,0.7157521486297425,0.7311955806937896,0.746639012757839,0.7620824448218861,0.7721866186929925,0.7772656083825057,0.782344598072019,0.7874235877615322,0.7925025774510455,0.7975815671405587,0.7983761368505462,0.7946185103322893,0.7908608838140301,0.787103257295773,0.7833456307775161,0.7795880042592591,0.7751734500280174,0.7699705825411997,0.764767715054382,0.7595648475675643,0.7543619800807444,0.7491591125939268,0.7482832089766182,0.7532796134679262,0.7582760179592365,0.7632724224505467,0.7682688269418548,0.7732652314331652,0.9138127258666426,1.2629003586726943,1.611987991478748,1.961075624284802,2.310163257090856,2.6592508898969007,2.857613028236339,2.7922055512591935,2.7267980742820477,2.6613905973049024,2.5959831203277566,2.5305756433506112,2.4702333918632786,2.4200215913555714,2.3698097908478637,2.3195979903401587,2.269386189832449,2.219174389324742,2.0537186985967453,1.6232020603620736,1.1926854221274128,0.7621687838927412,0.33165214565806955,-0.09886449257660211,-0.40548081027019806,-0.38169627318760063,-0.35791173610500326,-0.33412719902240373,-0.3103426619398063,-0.2865581248572068,-0.26965068246137097,-0.2742341609616642,-0.27881763946195526,-0.2834011179622485,-0.28798459646253954,-0.29256807496283277,-0.29910481852972537,-0.3128965466297044,-0.32668827472968337,-0.34048000282966023,-0.35427173092963926,-0.3680634590296183,-0.3820729117430415,-0.3970621252169723,-0.41205133869090094,-0.42704055216482956,-0.4420297656387604,-0.457018979112689,-0.47144511168977704,-0.48271799124455017,-0.4939908707993233,-0.5052637503540964,-0.5165366299088696,-0.5278095094636427,-0.5391925026160198,-0.5513738193510321,-0.5635551360860424,-0.5757364528210526,-0.5879177695560649,-0.6000990862910772,-0.6123367111157713,-0.6251374168373081,-0.6379381225588449,-0.6507388282803839,-0.6635395340019207,-0.6763402397234576,-0.6889882879574071,-0.699270145133738,-0.709552002310069,-0.7198338594864021,-0.730115716662733,-0.7403975738390639,-0.7505430403092718,-0.7563240041835146,-0.7621049680577575,-0.7678859319320004,-0.7736668958062433,-0.7794478596804839,-0.7852288235547268
-1.2884008321050133,-1.2848818400359892,-1.2813628479669674,-1.277843855897943,-1.2743248638289213,-1.2708058717598971,-1.2083841699779165,-0.8043267518607726,-0.40026933374363116,0.003788084373512728,0.40784550249065415,0.811902920607798,1.1026068270736928,1.1212623055765978,1.1399177840795,1.1585732625824026,1.177228741085305,1.19588421958821,1.0546538255593914,0.7109013263237266,0.36714882708805957,0.023396327852394917,-0.32035617138327216,-0.6641086706189369,-0.7504161336365468,-0.6565120713015198,-0.5626080089664928,-0.4687039466314657,-0.3747998842964387,-0.28089582196141166,-0.21825436040074386,-0.16686743511884697,-0.11548050983694763,-0.0640935845550483,-0.012706659273148953,0.038680266008747945,0.06756662556325302,0.09345290968743447,0.11933919381161837,0.14522547793580226,0.17111176205998613,0.19656845126196465,0.207848508031161,0.21912856480035733,0.23040862156955613,0.2416886783387525,0.2529687351079488,0.2628962058844618,0.2665116086951,0.2701270115057407,0.2737424143163814,0.2773578171270197,0.28097321993766033,0.38215629326477457,0.6873444958536125,0.9925326984424527,1.2977209010312856,1.6029091036201235,1.908097306208959,2.059527389578855,2.03797958882744,2.0164317880760256,1.9948839873246111,1.9733361865731942,1.9517883858217797,1.6300302959200201,1.1224277413061456,0.6148251866922662,0.10722263207839162,-0.4003799225354878,-0.9079824771493697,-0.9903711270812444,-0.9419247294186655,-0.8934783317560888,-0.8450319340935099,-0.7965855364309332,-0.7481391387683543,-0.7403922521184199,-0.7365840278245437,-0.73277580353067,-0.7289675792367963,-0.7251593549429226,-0.7224853746680714,-0.7379592986976123,-0.7534332227271509,-0.7689071467566917,-0.7843810707862326,-0.7998549948157712,-0.8156068086299714,-0.8324304830421506,-0.8492541574543299,-0.8660778318665091,-0.8829015062786884,-0.8997251806908676,-0.9155790764667794,-0.9296550447428713,-0.9437310130189632,-0.9578069812950551,-0.9718829495711471,-0.985958917847239,-0.9992636001903941,-1.0117969966006146,-1.0243303930108327,-1.0368637894210533,-1.049397185831274,-1.0619305822414922,-1.0748382791779911,-1.0879501400379106,-1.1010620008978327,-1.1141738617577548,-1.1272857226176767,-1.1403975834775963,-1.1528203910959627,-1.165064555281329,-1.1773087194666976,-1.1895528836520664,-1.2017970478374325,-1.2140412120228012,-1.2230641231941402,-1.2318857060521011,-1.2407072889100645,-1.2495288717680255,-1.258350454625989,-1.266653120845247,-1.2695936484645671,-1.2725341760838875,-1.275474703703208,-1.278415231322528,-1.281355758941851,-1.1992053002539624,-0.8405091360676501,-0.4818129718813451,-0.12311680769503273,0.23557935649127965,0.594275520677592,0.8282643905822227,0.8608030158779841,0.8933416411737455,0.9258802664695069,0.9584188917652684,0.9909575170610297,1.0280387896529837,1.0691579709526648,1.110277152252346,1.1513963335520245,1.1925155148517057,1.2336346961513869,1.050530848550233,0.7601899001704238,0.46984895179061476,0.1795080034108057,-0.11083294496900335,-0.40117389334880504,-0.40044514156658134,-0.3373443111782065,-0.2742434807898341,-0.21114265040145933,-0.1480418200130894,-0.08494098962471458,-0.05117596298338302,-0.01829990009196387,0.01457616279945773,0.04745222569087933,0.08032828858230093,0.11162775228727824,0.13110272209392584,0.15057769190057346,0.17005266170722108,0.1895276315138687,0.20900260132051632,0.22618072698864103,0.23697873004975242,0.2477767331108663,0.2585747361719777,0.2693727392330891,0.28017074229420297,0.28860668218569546,0.29366824612059095,0.29872981005548893,0.3037913739903844,0.30885293792527996,0.31391450186017794,0.5259160514560174,0.9012912739420842,1.2766664964281487,1.6520417189142156,2.02741694140028,2.402792163886337,2.4746777142020573,2.420109234446794,2.365540754691533,2.3109722749362698,2.2564037951810088,2.2018353154257477,1.6256648742517992,0.9595630604194548,0.2934612465871129,-0.3726405672452314,-1.0387423810775611,-1.7048441949099031
-1.9098237784460765,-1.6678501219618251,-1.4258764654775702,-1.183902808993319,-0.9419291525090676,-0.6999554960248163,-0.457981839540565,-0.21600818305630998,0.025965473427941324,0.26793912991219265,0.2533788714375265,0.2266027122505296,0.1998265530635327,0.1730503938765321,0.14627423468953518,0.11949807550253827,0.09272191631554136,0.06594575712854445,0.03916959794154753,0.007901512385107922,-0.023815765808277062,-0.05553304400166205,-0.08725032219504703,-0.11896760038843202,-0.150684878581817,-0.182402156775202,-0.21411943496858696,-0.24583671316197195,-0.27170165299974064,-0.2966425394129361,-0.32158342582613164,-0.34652431223932717,-0.3714651986525227,-0.39640608506571823,-0.42134697147891376,-0.446287857892113,-0.4712287443053085,-0.49043279904095843,-0.5083620022927057,-0.5262912055444565,-0.5442204087962074,-0.5621496120479583,-0.5800788152997092,-0.5980080185514601,-0.615937221803211,-0.6338664250549582,-0.6497229251390957,-0.6649698066445192,-0.6802166881499464,-0.6954635696553736,-0.7107104511607971,-0.7259573326662243,-0.7412042141716478,-0.756451095677075,-0.7716979771824986,-0.7859181326606232,-0.7997532658785083,-0.813588399096397,-0.8274235323142822,-0.8412586655321673,-0.8550937987500524,-0.8689289319679375,-0.8827640651858264,-0.8965991984037115,-0.9106268427517181,-0.9247443256271095,-0.9388618085025046,-0.9529792913778995,-0.9670967742532945,-0.9812142571286858,-0.9953317400040809,-1.0094492228794758,-1.023566705754871,-1.0375344577512817,-1.0514166492454216,-1.0652988407395576,-1.0791810322336939,-1.0930632237278337,-1.1069454152219698,-1.120827606716106,-1.1347097982102459,-1.148591989704382,-1.158859249977394,-1.1666238655588623,-1.1743884811403273,-1.182153096721796,-1.1899177123032607,-1.1976823278847293,-1.205446943466194,-1.2132115590476626,-1.2209761746291274,-1.057765238514238,-0.7520746759857068,-0.44638411345717194,-0.14069355092864444,0.16499701159988675,0.4706875741284142,0.7763781366569454,1.0820686991854802,1.3877592617140078,1.3525596710780279,0.9764699272775331,0.6003801834770347,0.22429043967653992,-0.15179930412395853,-0.5278890479244459,-0.9039787917249407,-1.280068535525439,-1.6561582793259337,-1.786732161847979,-1.6226870108359008,-1.4586418598238264,-1.2945967088117485,-1.1305515577996705,-0.9665064067875924,-0.8024612557755143,-0.6384161047634399,-0.4743709537513619,-0.34505481061275345,-0.26590278995804223,-0.1867507693033347,-0.1075987486486272,-0.028446727993919684,0.050705292660791525,0.12985731331549905,0.20900933397021024,0.28816135462491776,0.3536408070160619,0.395193264945972,0.4367457228758821,0.4782981808057922,0.5198506387356986,0.5614030966656087,0.6029555545955188,0.6445080125254289,0.6860604704553352,0.7218033702807664,0.7450972170251646,0.7683910637695666,0.7916849105139648,0.8149787572583668,0.838272604002765,0.8615664507471671,0.8848602974915653,0.9081541442359673,0.9285346558779004,0.9411462739132512,0.9537578919486022,0.9663695099839567,0.9789811280193076,0.9915927460546584,1.004204364090013,1.016815982125364,1.0294276001607148,1.040862761289786,1.0482979689374936,1.0557331765852014,1.063168384232909,1.070603591880613,1.0780387995283205,1.085474007176028,1.0929092148237356,1.1003444224714434,1.1067015677904835,1.1082074326305276,1.1097132974705681,1.1112191623106122,1.1127250271506528,1.114230891990697,1.1157367568307375,1.1172426216707778,1.118748486510822,1.0952664066614195,0.9135273437788458,0.731788280896272,0.5500492180137019,0.36831015513112814,0.18657109224856172,0.004832029365987948,-0.17690703351658216,-0.35864609639915596,-0.4813141885109905,-0.01327257291544066,0.45476904268012397,0.9228106582756886,1.3908522738712497,1.858893889466814,2.326935505062364,2.794977120657929,3.2630187362534895,3.686277984958263,3.1691075289563275,2.6519370729544067,2.1347666169524713,1.6175961609505396,1.1004257049486041,0.5832552489466688,0.06608479294473699,-0.4510856630571874,-0.9682561190591191
