序号,相对时间(s),R（Ω）,X（Ω）,时间
1,0,16785.3,-2104.78,2026/01/29 20:53:19
2,0.11,16784.3,-2106.61,2026/01/29 20:53:19
3,0.22,16786.1,-2104.89,2026/01/29 20:53:19
4,0.33,16783.8,-2104.62,2026/01/29 20:53:19
5,0.43,16784.8,-2106.05,2026/01/29 20:53:19
6,0.54,16783.6,-2105.7,2026/01/29 20:53:19
7,0.65,16783.3,-2104.61,2026/01/29 20:53:20
8,0.76,16784.5,-2105.89,2026/01/29 20:53:20
9,0.87,16781.8,-2104.86,2026/01/29 20:53:20
10,0.98,16784,-2105.52,2026/01/29 20:53:20
11,1.09,16780.1,-2106.38,2026/01/29 20:53:20
12,1.19,16785.1,-2103.56,2026/01/29 20:53:20
13,1.3,16777.9,-2107.2,2026/01/29 20:53:20
14,1.41,16784.6,-2105.2,2026/01/29 20:53:20
15,1.52,16778.7,-2104.56,2026/01/29 20:53:20
16,1.63,16783.3,-2106.56,2026/01/29 20:53:21
17,1.74,16780.7,-2104.73,2026/01/29 20:53:21
18,1.85,16780.9,-2105.8,2026/01/29 20:53:21
19,1.96,16781.2,-2105.17,2026/01/29 20:53:21
20,2.07,16779.4,-2105.55,2026/01/29 20:53:21
21,2.17,16780.4,-2105.18,2026/01/29 20:53:21
22,2.28,16779.1,-2107.22,2026/01/29 20:53:21
23,2.39,16781.4,-2102.93,2026/01/29 20:53:21
24,2.5,16779,-2106.41,2026/01/29 20:53:21
25,2.61,16780.2,-2104.46,2026/01/29 20:53:22
26,2.72,16779.4,-2105.88,2026/01/29 20:53:22
27,2.83,16779.5,-2104.61,2026/01/29 20:53:22
28,2.94,16779,-2105.57,2026/01/29 20:53:22
29,3.05,16777.7,-2106.42,2026/01/29 20:53:22
30,3.15,16780.5,-2104.54,2026/01/29 20:53:22
31,3.26,16776.8,-2105.26,2026/01/29 20:53:22
32,3.37,16780.5,-2106.85,2026/01/29 20:53:22
33,3.48,16778.7,-2104.35,2026/01/29 20:53:22
34,3.59,16779.7,-2104.74,2026/01/29 20:53:22
35,3.7,16778.7,-2106.46,2026/01/29 20:53:23
36,3.81,16777.6,-2105.44,2026/01/29 20:53:23
37,3.92,16780.3,-2105.79,2026/01/29 20:53:23
38,4.02,16777,-2106.31,2026/01/29 20:53:23
39,4.13,16781.4,-2102.7,2026/01/29 20:53:23
40,4.24,16775.3,-2107.57,2026/01/29 20:53:23
41,4.35,16781.8,-2104.15,2026/01/29 20:53:23
42,4.46,16776.2,-2105.33,2026/01/29 20:53:23
43,4.57,16780.5,-2104.98,2026/01/29 20:53:23
44,4.68,16779,-2104.12,2026/01/29 20:53:24
45,4.79,16777.2,-2105.79,2026/01/29 20:53:24
46,4.9,16780.5,-2103.19,2026/01/29 20:53:24
47,5,16776.9,-2105.64,2026/01/29 20:53:24
48,5.11,16778.4,-2105.5,2026/01/29 20:53:24
49,5.22,16778.2,-2106.2,2026/01/29 20:53:24
50,5.33,16778.3,-2103.5,2026/01/29 20:53:24
51,5.44,16776.2,-2107.81,2026/01/29 20:53:24
52,5.55,16778.9,-2104.03,2026/01/29 20:53:24
53,5.66,16777.7,-2105.1,2026/01/29 20:53:25
54,5.77,16777.4,-2105.01,2026/01/29 20:53:25
55,5.87,16779.2,-2104.74,2026/01/29 20:53:25
56,5.98,16775.4,-2105.89,2026/01/29 20:53:25
57,6.09,16781.1,-2104.64,2026/01/29 20:53:25
58,6.2,16774.9,-2104.39,2026/01/29 20:53:25
59,6.31,16779,-2105.69,2026/01/29 20:53:25
60,6.42,16776.9,-2104.54,2026/01/29 20:53:25
61,6.53,16775.7,-2105.53,2026/01/29 20:53:25
62,6.63,16778.6,-2104.01,2026/01/29 20:53:26
63,6.74,16775.4,-2105.1,2026/01/29 20:53:26
64,6.85,16778.1,-2104,2026/01/29 20:53:26
65,6.96,16775.7,-2106.9,2026/01/29 20:53:26
66,7.07,16777.7,-2103.4,2026/01/29 20:53:26
67,7.18,16774.6,-2107.18,2026/01/29 20:53:26
68,7.29,16777.4,-2103.88,2026/01/29 20:53:26
69,7.4,16775.7,-2104.69,2026/01/29 20:53:26
70,7.5,16781.5,-2102.73,2026/01/29 20:53:26
71,7.61,16782,-2102.14,2026/01/29 20:53:27
72,7.72,16780,-2103.93,2026/01/29 20:53:27
73,7.83,16783.3,-2102.37,2026/01/29 20:53:27
74,7.94,16775.9,-2103.61,2026/01/29 20:53:27
75,8.05,16778.4,-2106.09,2026/01/29 20:53:27
76,8.16,16775.3,-2104.82,2026/01/29 20:53:27
77,8.27,16776.4,-2104.78,2026/01/29 20:53:27
78,8.38,16776.2,-2105.83,2026/01/29 20:53:27
79,8.48,16774.2,-2104.74,2026/01/29 20:53:27
80,8.59,16776.8,-2105.8,2026/01/29 20:53:28
81,8.7,16774.3,-2105.44,2026/01/29 20:53:28
82,8.81,16777.8,-2103.65,2026/01/29 20:53:28
83,8.92,16772.2,-2107.65,2026/01/29 20:53:28
84,9.03,16778.5,-2103.21,2026/01/29 20:53:28
85,9.14,16773.3,-2105.19,2026/01/29 20:53:28
86,9.24,16775.6,-2105.19,2026/01/29 20:53:28
87,9.35,16777.4,-2103.08,2026/01/29 20:53:28
88,9.46,16776,-2105.37,2026/01/29 20:53:28
89,9.57,16777.2,-2104.23,2026/01/29 20:53:28
90,9.68,16773,-2105.28,2026/01/29 20:53:29
91,9.79,16774.9,-2105.72,2026/01/29 20:53:29
92,9.9,16774.2,-2105.34,2026/01/29 20:53:29
93,10.01,16775.3,-2103.27,2026/01/29 20:53:29
94,10.11,16775,-2105.88,2026/01/29 20:53:29
95,10.22,16774.9,-2103.86,2026/01/29 20:53:29
96,10.33,16775.4,-2105.17,2026/01/29 20:53:29
97,10.44,16772.9,-2104.9,2026/01/29 20:53:29
98,10.55,16776.2,-2104.35,2026/01/29 20:53:29
99,10.66,16771.4,-2106.44,2026/01/29 20:53:30
100,10.77,16778,-2103.41,2026/01/29 20:53:30
101,10.88,16770.4,-2106.33,2026/01/29 20:53:30
102,10.99,16776.9,-2105.03,2026/01/29 20:53:30
103,11.09,16771.9,-2104.9,2026/01/29 20:53:30
104,11.2,16774.9,-2105.8,2026/01/29 20:53:30
105,11.31,16773.8,-2104.48,2026/01/29 20:53:30
106,11.42,16772.9,-2105.67,2026/01/29 20:53:30
107,11.53,16775.8,-2104.37,2026/01/29 20:53:30
108,11.64,16772.5,-2105.44,2026/01/29 20:53:31
109,11.75,16774.6,-2104.44,2026/01/29 20:53:31
110,11.86,16772.8,-2106.99,2026/01/29 20:53:31
111,11.97,16774.7,-2101.9,2026/01/29 20:53:31
112,12.07,16772.3,-2107.39,2026/01/29 20:53:31
113,12.18,16774.5,-2103.79,2026/01/29 20:53:31
114,12.29,16772.8,-2105.46,2026/01/29 20:53:31
115,12.4,16773.7,-2105.09,2026/01/29 20:53:31
116,12.51,16772.9,-2105.17,2026/01/29 20:53:31
117,12.62,16771.7,-2105.98,2026/01/29 20:53:32
118,12.73,16774.8,-2103.64,2026/01/29 20:53:32
119,12.84,16771.1,-2104.7,2026/01/29 20:53:32
120,12.95,16774.9,-2106.13,2026/01/29 20:53:32
121,13.06,16771.6,-2103.97,2026/01/29 20:53:32
122,13.16,16773.7,-2105.01,2026/01/29 20:53:32
123,13.27,16772.7,-2105.26,2026/01/29 20:53:32
124,13.38,16772.3,-2104.31,2026/01/29 20:53:32
125,13.49,16773.9,-2104.62,2026/01/29 20:53:32
126,13.6,16771.1,-2104.67,2026/01/29 20:53:33
127,13.71,16773.2,-2104.53,2026/01/29 20:53:33
128,13.82,16770.5,-2107.85,2026/01/29 20:53:33
129,13.92,16773.6,-2102.53,2026/01/29 20:53:33
130,14.03,16770.3,-2105.96,2026/01/29 20:53:33
131,14.14,16772.9,-2103.74,2026/01/29 20:53:33
132,14.25,16771.4,-2104.6,2026/01/29 20:53:33
133,14.36,16771.7,-2104.41,2026/01/29 20:53:33
134,14.47,16772.7,-2103.39,2026/01/29 20:53:33
135,14.58,16768.1,-2105.43,2026/01/29 20:53:33
136,14.69,16774.3,-2105.1,2026/01/29 20:53:34
137,14.79,16768.8,-2103.6,2026/01/29 20:53:34
138,14.9,16772.1,-2106.04,2026/01/29 20:53:34
139,15.01,16771,-2104.58,2026/01/29 20:53:34
140,15.12,16770.1,-2104.77,2026/01/29 20:53:34
141,15.23,16772,-2104.02,2026/01/29 20:53:34
142,15.34,16769.3,-2105.06,2026/01/29 20:53:34
143,15.45,16771,-2104.24,2026/01/29 20:53:34
144,15.56,16770.4,-2106.98,2026/01/29 20:53:34
145,15.66,16771.6,-2102.38,2026/01/29 20:53:35
146,15.77,16769.8,-2105.87,2026/01/29 20:53:35
147,15.88,16771,-2102.97,2026/01/29 20:53:35
148,15.99,16770.2,-2104.48,2026/01/29 20:53:35
149,16.1,16770.2,-2104.77,2026/01/29 20:53:35
150,16.21,16771.6,-2104.41,2026/01/29 20:53:35
151,16.32,16767.7,-2106.09,2026/01/29 20:53:35
152,16.43,16773.3,-2103.74,2026/01/29 20:53:35
153,16.54,16765.5,-2105.92,2026/01/29 20:53:35
154,16.64,16772.2,-2105.41,2026/01/29 20:53:36
155,16.75,16768.9,-2104,2026/01/29 20:53:36
156,16.86,16769.9,-2105.35,2026/01/29 20:53:36
157,16.97,16769.7,-2104.35,2026/01/29 20:53:36
158,17.08,16768.2,-2104.9,2026/01/29 20:53:36
159,17.19,16770.6,-2103.79,2026/01/29 20:53:36
160,17.29,16768.6,-2103.69,2026/01/29 20:53:36
161,17.4,16768.7,-2105.16,2026/01/29 20:53:36
162,17.51,16767.8,-2105.62,2026/01/29 20:53:36
163,17.62,16768,-2104.42,2026/01/29 20:53:37
164,17.73,16768.5,-2105.22,2026/01/29 20:53:37
165,17.84,16767,-2104.83,2026/01/29 20:53:37
166,17.95,16769.2,-2103.58,2026/01/29 20:53:37
167,18.05,16767.6,-2105.24,2026/01/29 20:53:37
168,18.16,16769.2,-2102.33,2026/01/29 20:53:37
169,18.27,16766.9,-2107.3,2026/01/29 20:53:37
170,18.38,16769.9,-2101.68,2026/01/29 20:53:37
171,18.49,16767.2,-2106.07,2026/01/29 20:53:37
172,18.6,16768,-2104.64,2026/01/29 20:53:38
173,18.71,16768.5,-2105.31,2026/01/29 20:53:38
174,18.82,16766.2,-2105.18,2026/01/29 20:53:38
175,18.92,16769.9,-2103.25,2026/01/29 20:53:38
176,19.04,16764.2,-2106.27,2026/01/29 20:53:38
177,19.14,16771.5,-2102.1,2026/01/29 20:53:38
178,19.25,16763.7,-2106.03,2026/01/29 20:53:38
179,19.36,16770.3,-2103.83,2026/01/29 20:53:38
180,19.47,16764.9,-2104.35,2026/01/29 20:53:38
181,19.58,16768.3,-2104.26,2026/01/29 20:53:38
182,19.69,16766.4,-2104.3,2026/01/29 20:53:39
183,19.8,16767.3,-2104.91,2026/01/29 20:53:39
184,19.91,16768.6,-2103.79,2026/01/29 20:53:39
185,20.02,16763.4,-2105.07,2026/01/29 20:53:39
186,20.12,16769.7,-2104.86,2026/01/29 20:53:39
187,20.23,16763.9,-2103.37,2026/01/29 20:53:39
188,20.34,16768.3,-2105.69,2026/01/29 20:53:39
189,20.45,16764.3,-2104.21,2026/01/29 20:53:39
190,20.56,16766.5,-2104.91,2026/01/29 20:53:39
191,20.67,16766.3,-2103.46,2026/01/29 20:53:40
192,20.78,16765.3,-2104.69,2026/01/29 20:53:40
193,20.89,16767.2,-2103.28,2026/01/29 20:53:40
194,21,16764.6,-2104.95,2026/01/29 20:53:40
195,21.1,16767.8,-2104.06,2026/01/29 20:53:40
196,21.21,16764.6,-2103.54,2026/01/29 20:53:40
197,21.32,16766.3,-2105.36,2026/01/29 20:53:40
198,21.43,16765.6,-2103.93,2026/01/29 20:53:40
199,21.54,16765.4,-2104.19,2026/01/29 20:53:40
200,21.65,16766.3,-2103.56,2026/01/29 20:53:41
201,21.76,16763.6,-2105.64,2026/01/29 20:53:41
202,21.87,16765.7,-2104.24,2026/01/29 20:53:41
203,21.97,16765,-2103.01,2026/01/29 20:53:41
204,22.08,16765.3,-2104.87,2026/01/29 20:53:41
205,22.19,16763.7,-2103.97,2026/01/29 20:53:41
206,22.3,16764.2,-2104.32,2026/01/29 20:53:41
207,22.41,16764.1,-2104.18,2026/01/29 20:53:41
208,22.52,16763.2,-2105.67,2026/01/29 20:53:41
209,22.63,16765.4,-2103.84,2026/01/29 20:53:42
210,22.73,16763.5,-2103.8,2026/01/29 20:53:42
211,22.84,16764.3,-2104.61,2026/01/29 20:53:42
212,22.95,16763.6,-2103.3,2026/01/29 20:53:42
213,23.06,16759.1,-2102.82,2026/01/29 20:53:42
214,23.17,16706.8,-2103.28,2026/01/29 20:53:42
215,23.28,16614.8,-2109.16,2026/01/29 20:53:42
216,23.39,16472.3,-2111.66,2026/01/29 20:53:42
217,23.5,16477.8,-2115.95,2026/01/29 20:53:42
218,23.61,16656.2,-2107.98,2026/01/29 20:53:43
219,23.72,16812,-2096.18,2026/01/29 20:53:43
220,23.82,16835.5,-2094.44,2026/01/29 20:53:43
221,23.93,16816.6,-2092.8,2026/01/29 20:53:43
222,24.04,16726,-2093.73,2026/01/29 20:53:43
223,24.15,16560.5,-2090.53,2026/01/29 20:53:43
224,24.26,16509.2,-2106.89,2026/01/29 20:53:43
225,24.37,16670.8,-2107.41,2026/01/29 20:53:43
226,24.48,16823.8,-2095.34,2026/01/29 20:53:43
227,24.59,16843.2,-2092.01,2026/01/29 20:53:43
228,24.7,16792.9,-2093.17,2026/01/29 20:53:44
229,24.81,16690.7,-2086.75,2026/01/29 20:53:44
230,24.91,16510.7,-2098.15,2026/01/29 20:53:44
231,25.02,16529.1,-2105.48,2026/01/29 20:53:44
232,25.13,16639,-2104.99,2026/01/29 20:53:44
233,25.24,16781.1,-2099.76,2026/01/29 20:53:44
234,25.35,16825.5,-2094.01,2026/01/29 20:53:44
235,25.46,16832.8,-2093.87,2026/01/29 20:53:44
236,25.57,16763.5,-2091.94,2026/01/29 20:53:44
237,25.68,16625.2,-2087.08,2026/01/29 20:53:45
238,25.79,16517.5,-2100.2,2026/01/29 20:53:45
239,25.9,16603.5,-2103.02,2026/01/29 20:53:45
240,26,16724.3,-2100.51,2026/01/29 20:53:45
241,26.11,16801.4,-2097.11,2026/01/29 20:53:45
242,26.22,16819.1,-2091.84,2026/01/29 20:53:45
243,26.33,16768,-2093.49,2026/01/29 20:53:45
244,26.44,16637.2,-2088.17,2026/01/29 20:53:45
245,26.55,16562.3,-2100.17,2026/01/29 20:53:45
246,26.66,16659.6,-2098.87,2026/01/29 20:53:46
247,26.77,16774.8,-2100.56,2026/01/29 20:53:46
248,26.88,16819.4,-2093.88,2026/01/29 20:53:46
249,26.99,16828.9,-2093.78,2026/01/29 20:53:46
250,27.09,16787.2,-2091.9,2026/01/29 20:53:46
251,27.2,16679.4,-2087.94,2026/01/29 20:53:46
252,27.31,16566,-2096.98,2026/01/29 20:53:46
253,27.42,16622.7,-2099.21,2026/01/29 20:53:46
254,27.53,16715.9,-2098.8,2026/01/29 20:53:46
255,27.64,16818.1,-2095.89,2026/01/29 20:53:47
256,27.75,16834.8,-2092.63,2026/01/29 20:53:47
257,27.86,16774.6,-2090.18,2026/01/29 20:53:47
258,27.97,16603.2,-2090.23,2026/01/29 20:53:47
259,28.07,16534.6,-2100.98,2026/01/29 20:53:47
260,28.18,16633.1,-2098.75,2026/01/29 20:53:47
261,28.29,16746.4,-2101.65,2026/01/29 20:53:47
262,28.4,16827.5,-2094.11,2026/01/29 20:53:47
263,28.51,16820,-2092.54,2026/01/29 20:53:47
264,28.62,16759.5,-2086.74,2026/01/29 20:53:48
265,28.73,16551.2,-2094.31,2026/01/29 20:53:48
266,28.84,16558.6,-2102.73,2026/01/29 20:53:48
267,28.95,16669.2,-2098.94,2026/01/29 20:53:48
268,29.05,16799.5,-2098.61,2026/01/29 20:53:48
269,29.16,16829.8,-2094.21,2026/01/29 20:53:48
270,29.27,16797.2,-2090.64,2026/01/29 20:53:48
271,29.38,16681.2,-2084.6,2026/01/29 20:53:48
272,29.49,16519.4,-2099.63,2026/01/29 20:53:48
273,29.6,16626.7,-2099.72,2026/01/29 20:53:49
274,29.71,16731.6,-2099.88,2026/01/29 20:53:49
275,29.82,16821,-2095.56,2026/01/29 20:53:49
276,29.93,16836.2,-2092.81,2026/01/29 20:53:49
277,30.04,16773.5,-2091.63,2026/01/29 20:53:49
278,30.14,16614.6,-2088.09,2026/01/29 20:53:49
279,30.25,16567.3,-2103.66,2026/01/29 20:53:49
280,30.36,16673.9,-2097.54,2026/01/29 20:53:49
281,30.47,16806.3,-2098.1,2026/01/29 20:53:49
282,30.58,16834.9,-2095.03,2026/01/29 20:53:49
283,30.69,16819.9,-2091.12,2026/01/29 20:53:50
284,30.8,16754.2,-2085.1,2026/01/29 20:53:50
285,30.91,16598.5,-2096.09,2026/01/29 20:53:50
286,31.02,16628,-2098.43,2026/01/29 20:53:50
287,31.12,16714.8,-2098.76,2026/01/29 20:53:50
288,31.23,16820.2,-2095.65,2026/01/29 20:53:50
289,31.34,16842.6,-2094.63,2026/01/29 20:53:50
290,31.45,16813.8,-2092.5,2026/01/29 20:53:50
291,31.56,16753.8,-2084.8,2026/01/29 20:53:50
292,31.67,16614.1,-2096.9,2026/01/29 20:53:51
293,31.78,16657.2,-2098.98,2026/01/29 20:53:51
294,31.89,16741,-2099.53,2026/01/29 20:53:51
295,32,16828.4,-2096.69,2026/01/29 20:53:51
296,32.11,16838,-2094.38,2026/01/29 20:53:51
297,32.22,16791,-2091.39,2026/01/29 20:53:51
298,32.32,16689.2,-2091.76,2026/01/29 20:53:51
299,32.43,16607.5,-2099.54,2026/01/29 20:53:51
300,32.54,16696.2,-2097.36,2026/01/29 20:53:51
301,32.65,16802,-2098.52,2026/01/29 20:53:52
302,32.76,16831.9,-2096.69,2026/01/29 20:53:52
303,32.87,16824.9,-2091.94,2026/01/29 20:53:52
304,32.98,16759,-2085.25,2026/01/29 20:53:52
305,33.09,16585.3,-2095.69,2026/01/29 20:53:52
306,33.2,16649.8,-2103.82,2026/01/29 20:53:52
307,33.31,16736.3,-2097.1,2026/01/29 20:53:52
308,33.41,16828.4,-2096.2,2026/01/29 20:53:52
309,33.52,16839.1,-2095.3,2026/01/29 20:53:52
310,33.63,16794.9,-2087.24,2026/01/29 20:53:53
311,33.74,16624.6,-2096.31,2026/01/29 20:53:53
312,33.85,16656.2,-2099.11,2026/01/29 20:53:53
313,33.96,16725.8,-2099.16,2026/01/29 20:53:53
314,34.07,16827.9,-2095.11,2026/01/29 20:53:53
315,34.18,16836,-2098.53,2026/01/29 20:53:53
316,34.29,16804.2,-2089.24,2026/01/29 20:53:53
317,34.4,16681.1,-2093.7,2026/01/29 20:53:53
318,34.5,16670.6,-2099.83,2026/01/29 20:53:53
319,34.61,16737.5,-2098.04,2026/01/29 20:53:54
320,34.72,16836.6,-2097.69,2026/01/29 20:53:54
321,34.83,16857.7,-2096.15,2026/01/29 20:53:54
322,34.94,16838.7,-2092.34,2026/01/29 20:53:54
323,35.05,16772.6,-2086.24,2026/01/29 20:53:54
324,35.16,16621.9,-2099.94,2026/01/29 20:53:54
325,35.27,16711.1,-2097.38,2026/01/29 20:53:54
326,35.38,16770.6,-2102.67,2026/01/29 20:53:54
327,35.48,16842.2,-2096.87,2026/01/29 20:53:54
328,35.59,16853.8,-2096.28,2026/01/29 20:53:55
329,35.7,16823.6,-2091.3,2026/01/29 20:53:55
330,35.81,16677.7,-2093.51,2026/01/29 20:53:55
331,35.92,16642.6,-2104.46,2026/01/29 20:53:55
332,36.03,16750.8,-2099.44,2026/01/29 20:53:55
333,36.14,16838.5,-2096.87,2026/01/29 20:53:55
334,36.25,16854.8,-2097.13,2026/01/29 20:53:55
335,36.36,16830.2,-2092,2026/01/29 20:53:55
336,36.47,16702.6,-2092.23,2026/01/29 20:53:55
337,36.57,16607.1,-2103.34,2026/01/29 20:53:55
338,36.68,16720.8,-2099.88,2026/01/29 20:53:56
339,36.79,16794,-2100.31,2026/01/29 20:53:56
340,36.9,16851.6,-2100.37,2026/01/29 20:53:56
341,37.01,16852.1,-2091.86,2026/01/29 20:53:56
342,37.12,16820.2,-2084.71,2026/01/29 20:53:56
343,37.23,16645.6,-2099.15,2026/01/29 20:53:56
344,37.34,16664.1,-2104.68,2026/01/29 20:53:56
345,37.45,16766.7,-2098.33,2026/01/29 20:53:56
346,37.55,16845.5,-2096.97,2026/01/29 20:53:56
347,37.66,16862.3,-2097.08,2026/01/29 20:53:57
348,37.77,16841.6,-2093.61,2026/01/29 20:53:57
349,37.88,16758.1,-2089.14,2026/01/29 20:53:57
350,37.99,16678.9,-2102.39,2026/01/29 20:53:57
351,38.1,16776.7,-2098.98,2026/01/29 20:53:57
352,38.21,16831.5,-2100.55,2026/01/29 20:53:57
353,38.32,16869.2,-2098.47,2026/01/29 20:53:57
354,38.43,16875.9,-2096.58,2026/01/29 20:53:57
355,38.54,16874.9,-2095.06,2026/01/29 20:53:57
356,38.64,16852.9,-2085.26,2026/01/29 20:53:58
357,38.75,16805.8,-2097.64,2026/01/29 20:53:58
358,38.86,16826.3,-2100.62,2026/01/29 20:53:58
359,38.97,16852.7,-2097.08,2026/01/29 20:53:58
360,39.08,16855.6,-2096.17,2026/01/29 20:53:58
361,39.19,16863.7,-2095.58,2026/01/29 20:53:58
362,39.3,16875.3,-2095.8,2026/01/29 20:53:58
363,39.41,16864,-2098.18,2026/01/29 20:53:58
364,39.52,16820,-2100.79,2026/01/29 20:53:58
365,39.62,16815.4,-2103.49,2026/01/29 20:53:59
366,39.73,16843.1,-2092.81,2026/01/29 20:53:59
367,39.84,16841.9,-2098.47,2026/01/29 20:53:59
368,39.95,16856.6,-2091.39,2026/01/29 20:53:59
369,40.06,16867.4,-2093.79,2026/01/29 20:53:59
370,40.17,16857.2,-2094.81,2026/01/29 20:53:59
371,40.28,16820.7,-2100.04,2026/01/29 20:53:59
372,40.39,16830.1,-2099.81,2026/01/29 20:53:59
373,40.5,16831.6,-2095.42,2026/01/29 20:53:59
374,40.61,16860,-2093.21,2026/01/29 20:54:00
375,40.71,16871.4,-2092.73,2026/01/29 20:54:00
376,40.82,16860.8,-2092.9,2026/01/29 20:54:00
377,40.93,16855.9,-2096.52,2026/01/29 20:54:00
378,41.04,16831.9,-2100.07,2026/01/29 20:54:00
379,41.15,16833.8,-2095.32,2026/01/29 20:54:00
380,41.26,16831.2,-2096.71,2026/01/29 20:54:00
381,41.37,16854.9,-2092.61,2026/01/29 20:54:00
382,41.48,16860.9,-2092.36,2026/01/29 20:54:00
383,41.59,16864.8,-2093.71,2026/01/29 20:54:00
384,41.7,16832.5,-2097.47,2026/01/29 20:54:01
385,41.8,16813.1,-2099.1,2026/01/29 20:54:01
386,41.91,16825.9,-2095.58,2026/01/29 20:54:01
387,42.02,16828.2,-2095.02,2026/01/29 20:54:01
388,42.13,16849.8,-2094.48,2026/01/29 20:54:01
389,42.24,16858.2,-2091.22,2026/01/29 20:54:01
390,42.35,16842.8,-2094.77,2026/01/29 20:54:01
391,42.46,16788.1,-2098.97,2026/01/29 20:54:01
392,42.57,16784.1,-2101.42,2026/01/29 20:54:01
393,42.68,16812.6,-2095.85,2026/01/29 20:54:02
394,42.79,16838.2,-2096.78,2026/01/29 20:54:02
395,42.89,16859.9,-2090.2,2026/01/29 20:54:02
396,43,16855,-2094.08,2026/01/29 20:54:02
397,43.11,16821.6,-2093.61,2026/01/29 20:54:02
398,43.22,16787.8,-2101.01,2026/01/29 20:54:02
399,43.33,16802.3,-2098.76,2026/01/29 20:54:02
400,43.44,16803.3,-2098.13,2026/01/29 20:54:02
401,43.55,16836.5,-2095.06,2026/01/29 20:54:02
402,43.66,16849.1,-2092.11,2026/01/29 20:54:03
403,43.77,16845.6,-2093.86,2026/01/29 20:54:03
404,43.88,16815.7,-2096.31,2026/01/29 20:54:03
405,43.98,16784.1,-2099.53,2026/01/29 20:54:03
406,44.09,16811.5,-2095.46,2026/01/29 20:54:03
407,44.2,16819.2,-2098.09,2026/01/29 20:54:03
408,44.31,16843,-2094.26,2026/01/29 20:54:03
409,44.42,16854.1,-2092.5,2026/01/29 20:54:03
410,44.53,16835.9,-2093.49,2026/01/29 20:54:03
411,44.64,16792.4,-2097.81,2026/01/29 20:54:04
412,44.75,16796.4,-2100.21,2026/01/29 20:54:04
413,44.86,16799.4,-2098.03,2026/01/29 20:54:04
414,44.96,16837.9,-2094.14,2026/01/29 20:54:04
415,45.07,16849.9,-2093.99,2026/01/29 20:54:04
416,45.18,16846.3,-2092.76,2026/01/29 20:54:04
417,45.29,16804.3,-2098.48,2026/01/29 20:54:04
418,45.4,16787.3,-2099.43,2026/01/29 20:54:04
419,45.51,16801.9,-2097.67,2026/01/29 20:54:04
420,45.62,16812.6,-2097.72,2026/01/29 20:54:05
421,45.73,16832.3,-2097.47,2026/01/29 20:54:05
422,45.84,16849.4,-2089.79,2026/01/29 20:54:05
423,45.94,16823.9,-2096.98,2026/01/29 20:54:05
424,46.05,16781.9,-2098.71,2026/01/29 20:54:05
425,46.16,16776.8,-2100.8,2026/01/29 20:54:05
426,46.27,16791.6,-2099.12,2026/01/29 20:54:05
427,46.38,16812.4,-2098.52,2026/01/29 20:54:05
428,46.49,16829.3,-2095.64,2026/01/29 20:54:05
429,46.6,16846.2,-2094.46,2026/01/29 20:54:06
430,46.71,16795.1,-2096.35,2026/01/29 20:54:06
431,46.82,16762.8,-2103,2026/01/29 20:54:06
432,46.93,16778.5,-2101.11,2026/01/29 20:54:06
433,47.03,16797,-2099.46,2026/01/29 20:54:06
434,47.14,16824.9,-2095.94,2026/01/29 20:54:06
435,47.25,16839.2,-2093.51,2026/01/29 20:54:06
436,47.36,16823,-2094.79,2026/01/29 20:54:06
437,47.47,16762.1,-2101.92,2026/01/29 20:54:06
438,47.58,16749.7,-2102.32,2026/01/29 20:54:06
439,47.69,16791.2,-2100.89,2026/01/29 20:54:07
440,47.8,16800.3,-2098.06,2026/01/29 20:54:07
441,47.91,16828.1,-2096.92,2026/01/29 20:54:07
442,48.02,16841.6,-2093.43,2026/01/29 20:54:07
443,48.12,16824.2,-2093.87,2026/01/29 20:54:07
444,48.23,16762,-2101.67,2026/01/29 20:54:07
445,48.34,16747.5,-2102.15,2026/01/29 20:54:07
446,48.45,16793,-2098.03,2026/01/29 20:54:07
447,48.56,16805,-2098.53,2026/01/29 20:54:07
448,48.67,16816.4,-2096.91,2026/01/29 20:54:08
449,48.78,16847,-2092.92,2026/01/29 20:54:08
450,48.89,16789.1,-2099.22,2026/01/29 20:54:08
451,48.99,16750.1,-2102.22,2026/01/29 20:54:08
452,49.1,16776.5,-2101.38,2026/01/29 20:54:08
453,49.21,16791.7,-2098.86,2026/01/29 20:54:08
454,49.32,16813.7,-2096.46,2026/01/29 20:54:08
455,49.43,16829.3,-2095.76,2026/01/29 20:54:08
456,49.54,16836.8,-2093.74,2026/01/29 20:54:08
457,49.65,16768.9,-2101.44,2026/01/29 20:54:09
458,49.76,16755.7,-2104.31,2026/01/29 20:54:09
459,49.87,16792.6,-2098.33,2026/01/29 20:54:09
460,49.98,16811.3,-2099.42,2026/01/29 20:54:09
461,50.08,16835.2,-2094.44,2026/01/29 20:54:09
462,50.19,16843,-2094.43,2026/01/29 20:54:09
463,50.3,16811.8,-2097.21,2026/01/29 20:54:09
464,50.41,16759.3,-2102.6,2026/01/29 20:54:09
465,50.52,16753.4,-2102.7,2026/01/29 20:54:09
466,50.63,16788.8,-2101.02,2026/01/29 20:54:10
467,50.74,16801.2,-2099.3,2026/01/29 20:54:10
468,50.85,16824.3,-2098.51,2026/01/29 20:54:10
469,50.95,16842.6,-2094.3,2026/01/29 20:54:10
470,51.06,16792.9,-2100.13,2026/01/29 20:54:10
471,51.17,16739.5,-2103.85,2026/01/29 20:54:10
472,51.28,16734.9,-2104.62,2026/01/29 20:54:10
473,51.39,16784.2,-2101.04,2026/01/29 20:54:10
474,51.5,16793.8,-2100.5,2026/01/29 20:54:10
475,51.61,16818.1,-2098.12,2026/01/29 20:54:11
476,51.72,16833.7,-2095.33,2026/01/29 20:54:11
477,51.82,16829.3,-2095.57,2026/01/29 20:54:11
478,51.93,16759.7,-2102.29,2026/01/29 20:54:11
479,52.04,16742.2,-2104.49,2026/01/29 20:54:11
480,52.15,16772,-2102.27,2026/01/29 20:54:11
481,52.26,16791.5,-2101.68,2026/01/29 20:54:11
482,52.37,16812,-2098.02,2026/01/29 20:54:11
483,52.48,16832.9,-2095.61,2026/01/29 20:54:11
484,52.59,16845.6,-2095.17,2026/01/29 20:54:11
485,52.69,16790.2,-2099.99,2026/01/29 20:54:12
486,52.8,16750.7,-2104.9,2026/01/29 20:54:12
487,52.91,16760.2,-2104.46,2026/01/29 20:54:12
488,53.02,16788.2,-2100.54,2026/01/29 20:54:12
489,53.13,16809.7,-2101.63,2026/01/29 20:54:12
490,53.24,16834,-2092.89,2026/01/29 20:54:12
491,53.35,16840.9,-2097.25,2026/01/29 20:54:12
492,53.46,16778.5,-2099.98,2026/01/29 20:54:12
493,53.57,16745.6,-2105.92,2026/01/29 20:54:12
494,53.68,16773.9,-2102.43,2026/01/29 20:54:13
495,53.78,16790.5,-2101.41,2026/01/29 20:54:13
496,53.89,16817,-2098.41,2026/01/29 20:54:13
497,54,16834.3,-2095.7,2026/01/29 20:54:13
498,54.11,16813.9,-2095.86,2026/01/29 20:54:13
499,54.22,16751.8,-2104.12,2026/01/29 20:54:13
500,54.33,16733.2,-2104.6,2026/01/29 20:54:13
501,54.44,16782.8,-2101.6,2026/01/29 20:54:13
502,54.55,16787.9,-2101.3,2026/01/29 20:54:13
503,54.66,16817.5,-2098.79,2026/01/29 20:54:14
504,54.76,16833.1,-2093.27,2026/01/29 20:54:14
505,54.87,16802.2,-2100.34,2026/01/29 20:54:14
506,54.98,16769.1,-2101.7,2026/01/29 20:54:14
507,55.09,16755.1,-2104.72,2026/01/29 20:54:14
508,55.2,16784.9,-2100.57,2026/01/29 20:54:14
509,55.31,16819.8,-2098.68,2026/01/29 20:54:14
510,55.42,16839,-2094.49,2026/01/29 20:54:14
511,55.53,16835.2,-2096.22,2026/01/29 20:54:14
512,55.64,16787.2,-2100.75,2026/01/29 20:54:15
513,55.74,16759.2,-2104.24,2026/01/29 20:54:15
514,55.85,16784,-2101.24,2026/01/29 20:54:15
515,55.96,16791.3,-2100.02,2026/01/29 20:54:15
516,56.07,16820.3,-2099.56,2026/01/29 20:54:15
517,56.18,16835,-2093.24,2026/01/29 20:54:15
518,56.29,16824.7,-2098.11,2026/01/29 20:54:15
519,56.4,16765.9,-2099.98,2026/01/29 20:54:15
520,56.51,16751.8,-2104.44,2026/01/29 20:54:15
521,56.62,16777,-2101.42,2026/01/29 20:54:16
522,56.72,16801.4,-2102.05,2026/01/29 20:54:16
523,56.84,16822.2,-2096.77,2026/01/29 20:54:16
524,56.94,16833.2,-2094.75,2026/01/29 20:54:16
525,57.05,16795.7,-2098.59,2026/01/29 20:54:16
526,57.16,16745.6,-2103.25,2026/01/29 20:54:16
527,57.27,16757.5,-2104.29,2026/01/29 20:54:16
528,57.38,16776.9,-2102.32,2026/01/29 20:54:16
529,57.49,16805.5,-2099.29,2026/01/29 20:54:16
530,57.6,16820,-2098.11,2026/01/29 20:54:17
531,57.71,16833.4,-2094.48,2026/01/29 20:54:17
532,57.81,16769.2,-2101.84,2026/01/29 20:54:17
533,57.92,16741.5,-2103.77,2026/01/29 20:54:17
534,58.03,16774.6,-2100.36,2026/01/29 20:54:17
535,58.14,16781.3,-2104.14,2026/01/29 20:54:17
536,58.25,16796.5,-2099.67,2026/01/29 20:54:17
537,58.36,16817.3,-2098.01,2026/01/29 20:54:17
538,58.47,16814.5,-2096.56,2026/01/29 20:54:17
539,58.58,16759.4,-2103.03,2026/01/29 20:54:17
540,58.69,16743.9,-2103.7,2026/01/29 20:54:18
541,58.8,16778.7,-2101.46,2026/01/29 20:54:18
542,58.91,16788.2,-2101.11,2026/01/29 20:54:18
543,59.01,16803.1,-2099.87,2026/01/29 20:54:18
544,59.12,16833.1,-2095.2,2026/01/29 20:54:18
545,59.23,16769.5,-2100.98,2026/01/29 20:54:18
546,59.34,16742.6,-2104.86,2026/01/29 20:54:18
547,59.45,16775.4,-2101.16,2026/01/29 20:54:18
548,59.56,16778.3,-2102.88,2026/01/29 20:54:18
549,59.67,16797.6,-2100.25,2026/01/29 20:54:19
550,59.78,16817.5,-2097.04,2026/01/29 20:54:19
551,59.89,16798.2,-2098.46,2026/01/29 20:54:19
552,59.99,16747.7,-2104.84,2026/01/29 20:54:19
553,60.1,16748.3,-2103.3,2026/01/29 20:54:19
554,60.21,16774.2,-2102.5,2026/01/29 20:54:19
555,60.32,16787.6,-2100.54,2026/01/29 20:54:19
556,60.43,16796.5,-2100.48,2026/01/29 20:54:19
557,60.54,16831.9,-2092.84,2026/01/29 20:54:19
558,60.65,16755,-2102.88,2026/01/29 20:54:20
559,60.76,16725.2,-2105.21,2026/01/29 20:54:20
560,60.87,16754.6,-2104.8,2026/01/29 20:54:20
561,60.98,16774.7,-2102.29,2026/01/29 20:54:20
562,61.08,16789,-2099.98,2026/01/29 20:54:20
563,61.19,16802.5,-2099.94,2026/01/29 20:54:20
564,61.3,16805.2,-2096.08,2026/01/29 20:54:20
565,61.41,16749.8,-2104.83,2026/01/29 20:54:20
566,61.52,16745.9,-2103.99,2026/01/29 20:54:20
567,61.63,16781.1,-2101.16,2026/01/29 20:54:21
568,61.74,16774.4,-2102.34,2026/01/29 20:54:21
569,61.85,16805,-2098.72,2026/01/29 20:54:21
570,61.96,16821.2,-2096.53,2026/01/29 20:54:21
571,62.06,16830.9,-2095.67,2026/01/29 20:54:21
572,62.17,16796.7,-2103.62,2026/01/29 20:54:21
573,62.28,16784.4,-2101.4,2026/01/29 20:54:21
574,62.39,16773.5,-2105.59,2026/01/29 20:54:21
575,62.5,16795.3,-2098.44,2026/01/29 20:54:21
576,62.61,16784.5,-2102.1,2026/01/29 20:54:22
577,62.72,16814.9,-2096.95,2026/01/29 20:54:22
578,62.83,16826.9,-2095.89,2026/01/29 20:54:22
579,62.94,16831.8,-2095.77,2026/01/29 20:54:22
580,63.04,16770.7,-2101.9,2026/01/29 20:54:22
581,63.15,16740.9,-2105.88,2026/01/29 20:54:22
582,63.26,16768,-2101.98,2026/01/29 20:54:22
583,63.37,16772.7,-2102.38,2026/01/29 20:54:22
584,63.48,16806.9,-2099.91,2026/01/29 20:54:22
585,63.59,16824.2,-2096.88,2026/01/29 20:54:22
586,63.7,16828.6,-2095.44,2026/01/29 20:54:23
587,63.81,16811.3,-2100.07,2026/01/29 20:54:23
588,63.92,16764.9,-2103.97,2026/01/29 20:54:23
589,64.02,16749,-2104.12,2026/01/29 20:54:23
590,64.13,16772.9,-2101.92,2026/01/29 20:54:23
591,64.24,16776.3,-2104.02,2026/01/29 20:54:23
592,64.35,16807.9,-2098.22,2026/01/29 20:54:23
593,64.46,16821.7,-2097.73,2026/01/29 20:54:23
594,64.57,16826.8,-2096.3,2026/01/29 20:54:23
595,64.68,16830.9,-2096.8,2026/01/29 20:54:24
596,64.79,16768.1,-2101.6,2026/01/29 20:54:24
597,64.9,16740.4,-2106.31,2026/01/29 20:54:24
598,65.01,16763,-2102.16,2026/01/29 20:54:24
599,65.11,16769.1,-2103.52,2026/01/29 20:54:24
600,65.22,16800.3,-2100.29,2026/01/29 20:54:24
601,65.33,16815.8,-2097.26,2026/01/29 20:54:24
602,65.44,16826.3,-2096.65,2026/01/29 20:54:24
603,65.55,16803.1,-2097.92,2026/01/29 20:54:24
604,65.66,16743.1,-2103.69,2026/01/29 20:54:25
605,65.77,16734.9,-2105.8,2026/01/29 20:54:25
606,65.88,16768.8,-2101.92,2026/01/29 20:54:25
607,65.98,16783.2,-2103.62,2026/01/29 20:54:25
608,66.09,16806,-2100.07,2026/01/29 20:54:25
609,66.2,16820.3,-2095.43,2026/01/29 20:54:25
610,66.31,16810,-2098.24,2026/01/29 20:54:25
611,66.42,16753,-2101.22,2026/01/29 20:54:25
612,66.53,16738,-2107.24,2026/01/29 20:54:25
613,66.64,16767.9,-2099.99,2026/01/29 20:54:26
614,66.75,16767,-2105,2026/01/29 20:54:26
615,66.86,16812.7,-2097.12,2026/01/29 20:54:26
616,66.97,16822.1,-2097.39,2026/01/29 20:54:26
617,67.08,16823.1,-2095.73,2026/01/29 20:54:26
618,67.19,16800.3,-2098.78,2026/01/29 20:54:26
619,67.29,16750.5,-2103.7,2026/01/29 20:54:26
620,67.4,16738.5,-2102.77,2026/01/29 20:54:26
621,67.51,16765.8,-2102.58,2026/01/29 20:54:26
622,67.62,16769.6,-2103.64,2026/01/29 20:54:27
623,67.73,16789.5,-2099.62,2026/01/29 20:54:27
624,67.84,16808.4,-2099.25,2026/01/29 20:54:27
625,67.95,16818.2,-2095.41,2026/01/29 20:54:27
626,68.06,16758.4,-2102.01,2026/01/29 20:54:27
627,68.16,16728.1,-2104.4,2026/01/29 20:54:27
628,68.27,16728,-2106.92,2026/01/29 20:54:27
629,68.38,16765.9,-2101.15,2026/01/29 20:54:27
630,68.49,16781.6,-2103.87,2026/01/29 20:54:27
631,68.6,16814.2,-2097.19,2026/01/29 20:54:28
632,68.71,16821.5,-2097.64,2026/01/29 20:54:28
633,68.82,16833.3,-2091.65,2026/01/29 20:54:28
634,68.93,16822.9,-2098.89,2026/01/29 20:54:28
635,69.04,16809.6,-2095.95,2026/01/29 20:54:28
636,69.15,16754.3,-2103.51,2026/01/29 20:54:28
637,69.26,16726.8,-2105.67,2026/01/29 20:54:28
638,69.36,16727.5,-2106.13,2026/01/29 20:54:28
639,69.47,16762.4,-2102.93,2026/01/29 20:54:28
640,69.58,16786,-2103,2026/01/29 20:54:28
641,69.69,16804.3,-2099.18,2026/01/29 20:54:29
642,69.8,16816.1,-2097.38,2026/01/29 20:54:29
643,69.91,16776.7,-2098.63,2026/01/29 20:54:29
644,70.02,16726.6,-2105.01,2026/01/29 20:54:29
645,70.13,16721.8,-2108.15,2026/01/29 20:54:29
646,70.24,16757.9,-2102.17,2026/01/29 20:54:29
647,70.35,16773.7,-2104.66,2026/01/29 20:54:29
648,70.45,16794.4,-2100.4,2026/01/29 20:54:29
649,70.56,16808.7,-2098.71,2026/01/29 20:54:29
650,70.67,16810.9,-2098.14,2026/01/29 20:54:30
651,70.78,16770.6,-2098.55,2026/01/29 20:54:30
652,70.89,16724.6,-2105.6,2026/01/29 20:54:30
653,71,16755.4,-2102.4,2026/01/29 20:54:30
654,71.11,16759.2,-2103.38,2026/01/29 20:54:30
655,71.22,16793.6,-2102.94,2026/01/29 20:54:30
656,71.33,16802.2,-2098.04,2026/01/29 20:54:30
657,71.43,16811.8,-2097.12,2026/01/29 20:54:30
658,71.54,16790.4,-2097.89,2026/01/29 20:54:30
659,71.65,16732.1,-2103.79,2026/01/29 20:54:31
660,71.76,16729,-2105.34,2026/01/29 20:54:31
661,71.87,16756.2,-2102.69,2026/01/29 20:54:31
662,71.98,16777.5,-2103.06,2026/01/29 20:54:31
663,72.09,16794.1,-2101.87,2026/01/29 20:54:31
664,72.2,16813.1,-2095.26,2026/01/29 20:54:31
665,72.31,16794.4,-2096.35,2026/01/29 20:54:31
666,72.42,16733.9,-2103.68,2026/01/29 20:54:31
667,72.53,16713.3,-2104.61,2026/01/29 20:54:31
668,72.64,16758,-2103.17,2026/01/29 20:54:32
669,72.75,16767.1,-2104.98,2026/01/29 20:54:32
670,72.85,16789.6,-2100.5,2026/01/29 20:54:32
671,72.96,16803.4,-2097.43,2026/01/29 20:54:32
672,73.07,16784.4,-2097.67,2026/01/29 20:54:32
673,73.18,16741.2,-2102.29,2026/01/29 20:54:32
674,73.29,16715.5,-2107.02,2026/01/29 20:54:32
675,73.4,16738.8,-2102.4,2026/01/29 20:54:32
676,73.51,16757.7,-2103.55,2026/01/29 20:54:32
677,73.62,16782.2,-2101.96,2026/01/29 20:54:33
678,73.72,16792.4,-2097.71,2026/01/29 20:54:33
679,73.83,16817.3,-2095.61,2026/01/29 20:54:33
680,73.94,16766.3,-2101.15,2026/01/29 20:54:33
681,74.05,16737.4,-2103.43,2026/01/29 20:54:33
682,74.16,16754.4,-2102.54,2026/01/29 20:54:33
683,74.27,16762.9,-2101.84,2026/01/29 20:54:33
684,74.38,16783.8,-2100.19,2026/01/29 20:54:33
685,74.49,16799.7,-2100.39,2026/01/29 20:54:33
686,74.6,16816.7,-2093.02,2026/01/29 20:54:34
687,74.71,16814.5,-2096.9,2026/01/29 20:54:34
688,74.81,16763.3,-2101.64,2026/01/29 20:54:34
689,74.92,16730,-2103.62,2026/01/29 20:54:34
690,75.03,16738.5,-2104.78,2026/01/29 20:54:34
691,75.14,16762.7,-2101.12,2026/01/29 20:54:34
692,75.25,16781.2,-2101.96,2026/01/29 20:54:34
693,75.36,16802.5,-2098.1,2026/01/29 20:54:34
694,75.47,16810.8,-2096.25,2026/01/29 20:54:34
695,75.58,16803.6,-2095.99,2026/01/29 20:54:34
696,75.68,16746.3,-2104.99,2026/01/29 20:54:35
697,75.79,16731.5,-2101.75,2026/01/29 20:54:35
698,75.9,16763.3,-2102.49,2026/01/29 20:54:35
699,76.01,16765.6,-2102.68,2026/01/29 20:54:35
700,76.12,16790.8,-2099.97,2026/01/29 20:54:35
701,76.23,16805.8,-2096.26,2026/01/29 20:54:35
702,76.34,16817.9,-2094.7,2026/01/29 20:54:35
703,76.45,16752.6,-2103.55,2026/01/29 20:54:35
704,76.56,16733.9,-2103.31,2026/01/29 20:54:35
705,76.67,16762.6,-2100.51,2026/01/29 20:54:36
706,76.78,16768.3,-2103.74,2026/01/29 20:54:36
707,76.88,16800.8,-2099.21,2026/01/29 20:54:36
708,77,16814,-2094.05,2026/01/29 20:54:36
709,77.1,16812.7,-2097.97,2026/01/29 20:54:36
710,77.21,16799.3,-2094.78,2026/01/29 20:54:36
711,77.32,16738,-2103.39,2026/01/29 20:54:36
712,77.43,16722.7,-2104.85,2026/01/29 20:54:36
713,77.54,16759.4,-2101.32,2026/01/29 20:54:36
714,77.65,16767,-2105.6,2026/01/29 20:54:37
715,77.76,16807.9,-2096.39,2026/01/29 20:54:37
716,77.87,16806.6,-2095.63,2026/01/29 20:54:37
717,77.97,16812.4,-2097.61,2026/01/29 20:54:37
718,78.08,16810.9,-2095.01,2026/01/29 20:54:37
719,78.19,16812,-2095.22,2026/01/29 20:54:37
720,78.3,16812.6,-2096.88,2026/01/29 20:54:37
721,78.41,16812.4,-2094.89,2026/01/29 20:54:37
722,78.52,16811.6,-2097.61,2026/01/29 20:54:37
723,78.63,16811.9,-2095.94,2026/01/29 20:54:38
724,78.74,16812.4,-2097.14,2026/01/29 20:54:38
725,78.85,16809.9,-2097.57,2026/01/29 20:54:38
726,78.95,16816.3,-2094.69,2026/01/29 20:54:38
727,79.06,16808.2,-2096.16,2026/01/29 20:54:38
728,79.17,16813.7,-2097.94,2026/01/29 20:54:38
729,79.28,16810.2,-2095.37,2026/01/29 20:54:38
730,79.39,16811,-2097.14,2026/01/29 20:54:38
731,79.5,16811.1,-2096.89,2026/01/29 20:54:38
732,79.61,16809.8,-2097.05,2026/01/29 20:54:39
733,79.72,16812.4,-2096.64,2026/01/29 20:54:39
734,79.82,16810.5,-2097.71,2026/01/29 20:54:39
735,79.93,16811.9,-2094.73,2026/01/29 20:54:39
736,80.04,16808.8,-2099.85,2026/01/29 20:54:39
737,80.15,16813,-2095.24,2026/01/29 20:54:39
738,80.26,16809.1,-2098.05,2026/01/29 20:54:39
739,80.37,16811.3,-2097.25,2026/01/29 20:54:39
740,80.48,16810,-2097.45,2026/01/29 20:54:39
741,80.59,16808.1,-2098.51,2026/01/29 20:54:39
742,80.69,16811.4,-2096.61,2026/01/29 20:54:40
743,80.8,16807.6,-2097.63,2026/01/29 20:54:40
744,80.91,16810.4,-2098.76,2026/01/29 20:54:40
745,81.02,16808.7,-2096.79,2026/01/29 20:54:40
746,81.13,16809.7,-2097.04,2026/01/29 20:54:40
747,81.24,16808.7,-2098.77,2026/01/29 20:54:40
748,81.35,16807.2,-2097.85,2026/01/29 20:54:40
749,81.45,16809.2,-2098.03,2026/01/29 20:54:40
750,81.56,16806.2,-2097.98,2026/01/29 20:54:40
751,81.67,16809.2,-2098.02,2026/01/29 20:54:41
752,81.78,16804.9,-2099.05,2026/01/29 20:54:41
753,81.89,16810.6,-2096.5,2026/01/29 20:54:41
754,82,16802.5,-2099.43,2026/01/29 20:54:41
755,82.11,16809.9,-2098.37,2026/01/29 20:54:41
756,82.22,16804.4,-2096.89,2026/01/29 20:54:41
757,82.33,16807.6,-2099.13,2026/01/29 20:54:41
758,82.44,16805.9,-2097.77,2026/01/29 20:54:41
759,82.55,16805.7,-2098.4,2026/01/29 20:54:41
760,82.66,16806.9,-2097.96,2026/01/29 20:54:42
761,82.76,16803.9,-2098.36,2026/01/29 20:54:42
762,82.87,16805.8,-2098.3,2026/01/29 20:54:42
763,82.98,16803.8,-2099.66,2026/01/29 20:54:42
764,83.09,16805.6,-2095.84,2026/01/29 20:54:42
765,83.2,16802.6,-2099.34,2026/01/29 20:54:42
766,83.31,16804.9,-2097.52,2026/01/29 20:54:42
767,83.41,16803.5,-2098.75,2026/01/29 20:54:42
768,83.52,16801.5,-2099.11,2026/01/29 20:54:42
769,83.63,16806.7,-2097.78,2026/01/29 20:54:43
770,83.74,16799.4,-2098.58,2026/01/29 20:54:43
771,83.85,16805.2,-2100.3,2026/01/29 20:54:43
772,83.96,16801.6,-2097.36,2026/01/29 20:54:43
773,84.07,16803.6,-2099.3,2026/01/29 20:54:43
774,84.18,16802.7,-2098.3,2026/01/29 20:54:43
775,84.29,16802.1,-2098.55,2026/01/29 20:54:43
776,84.39,16803.8,-2098.31,2026/01/29 20:54:43
777,84.5,16801.3,-2098.55,2026/01/29 20:54:43
778,84.61,16802.6,-2098.51,2026/01/29 20:54:44
779,84.72,16799.8,-2100.5,2026/01/29 20:54:44
780,84.83,16803.8,-2096.2,2026/01/29 20:54:44
781,84.94,16797.6,-2101.68,2026/01/29 20:54:44
782,85.05,16804.7,-2097.13,2026/01/29 20:54:44
783,85.16,16798.1,-2099.59,2026/01/29 20:54:44
784,85.27,16801.1,-2099.2,2026/01/29 20:54:44
785,85.37,16799.8,-2098.83,2026/01/29 20:54:44
786,85.48,16799.8,-2099.37,2026/01/29 20:54:44
787,85.59,16801.6,-2098.08,2026/01/29 20:54:45
788,85.7,16798.5,-2099.26,2026/01/29 20:54:45
789,85.81,16801.5,-2098.68,2026/01/29 20:54:45
790,85.92,16798.9,-2098.12,2026/01/29 20:54:45
791,86.03,16799.7,-2098.92,2026/01/29 20:54:45
792,86.14,16798.8,-2100.19,2026/01/29 20:54:45
793,86.25,16799.2,-2097.84,2026/01/29 20:54:45
794,86.35,16800.2,-2099.25,2026/01/29 20:54:45
795,86.46,16797.3,-2098.52,2026/01/29 20:54:45
796,86.57,16800,-2099.56,2026/01/29 20:54:45
797,86.68,16796.2,-2100.61,2026/01/29 20:54:46
798,86.79,16800.9,-2096.42,2026/01/29 20:54:46
799,86.9,16795,-2101.14,2026/01/29 20:54:46
800,87.01,16801,-2098.08,2026/01/29 20:54:46
801,87.11,16795.7,-2098.85,2026/01/29 20:54:46
802,87.22,16798.3,-2099.38,2026/01/29 20:54:46
803,87.33,16797.2,-2098.62,2026/01/29 20:54:46
804,87.44,16796,-2100.39,2026/01/29 20:54:46
805,87.55,16798.5,-2098.24,2026/01/29 20:54:46
806,87.66,16794.6,-2099.56,2026/01/29 20:54:47
807,87.77,16798.2,-2100.56,2026/01/29 20:54:47
808,87.88,16795.7,-2098.05,2026/01/29 20:54:47
809,87.99,16797.4,-2099.11,2026/01/29 20:54:47
810,88.09,16796.5,-2099.28,2026/01/29 20:54:47
811,88.2,16796.4,-2098.51,2026/01/29 20:54:47
812,88.31,16797.2,-2098.91,2026/01/29 20:54:47
813,88.42,16794.2,-2099.04,2026/01/29 20:54:47
814,88.53,16796.7,-2098.2,2026/01/29 20:54:47
815,88.64,16794.7,-2100.7,2026/01/29 20:54:48
816,88.75,16796.8,-2096.42,2026/01/29 20:54:48
817,88.86,16794.2,-2101.93,2026/01/29 20:54:48
818,88.96,16798.8,-2096.27,2026/01/29 20:54:48
819,89.07,16796.3,-2099.58,2026/01/29 20:54:48
820,89.18,16800.4,-2097.65,2026/01/29 20:54:48
821,89.29,16804,-2097.69,2026/01/29 20:54:48
822,89.4,16807.9,-2097.19,2026/01/29 20:54:48
823,89.51,16815.9,-2095.28,2026/01/29 20:54:48
824,89.62,16807.9,-2098.41,2026/01/29 20:54:49
825,89.73,16774.6,-2101.16,2026/01/29 20:54:49
826,89.84,16755.8,-2101.67,2026/01/29 20:54:49
827,89.95,16755.7,-2103.82,2026/01/29 20:54:49
828,90.05,16745.2,-2102.21,2026/01/29 20:54:49
829,90.16,16748.7,-2104.13,2026/01/29 20:54:49
830,90.27,16757.8,-2100.8,2026/01/29 20:54:49
831,90.38,16764.1,-2103.31,2026/01/29 20:54:49
832,90.49,16792.3,-2098.61,2026/01/29 20:54:49
833,90.6,16796.6,-2098.04,2026/01/29 20:54:50
834,90.71,16797.6,-2096.48,2026/01/29 20:54:50
835,90.82,16803.5,-2097.01,2026/01/29 20:54:50
836,90.93,16809,-2096.56,2026/01/29 20:54:50
837,91.04,16810.8,-2096.44,2026/01/29 20:54:50
838,91.15,16799.1,-2094.98,2026/01/29 20:54:50
839,91.25,16744.7,-2103.5,2026/01/29 20:54:50
840,91.36,16723.2,-2102.04,2026/01/29 20:54:50
841,91.47,16736.9,-2103.21,2026/01/29 20:54:50
842,91.58,16750.7,-2103.06,2026/01/29 20:54:50
843,91.69,16787.6,-2100.13,2026/01/29 20:54:51
844,91.8,16802.7,-2098.53,2026/01/29 20:54:51
845,91.91,16808.6,-2093.52,2026/01/29 20:54:51
846,92.01,16813,-2098.17,2026/01/29 20:54:51
847,92.12,16817.4,-2094.71,2026/01/29 20:54:51
848,92.23,16815.8,-2096.3,2026/01/29 20:54:51
849,92.34,16800.2,-2096.41,2026/01/29 20:54:51
850,92.45,16755.5,-2100.46,2026/01/29 20:54:51
851,92.56,16720,-2104.18,2026/01/29 20:54:51
852,92.67,16703,-2104.27,2026/01/29 20:54:52
853,92.78,16693,-2107.64,2026/01/29 20:54:52
854,92.88,16717.3,-2105.16,2026/01/29 20:54:52
855,92.99,16747.2,-2101.86,2026/01/29 20:54:52
856,93.1,16759,-2104.56,2026/01/29 20:54:52
857,93.21,16790.7,-2098.71,2026/01/29 20:54:52
858,93.32,16796.2,-2097.91,2026/01/29 20:54:52
859,93.43,16802.8,-2095.34,2026/01/29 20:54:52
860,93.54,16800.7,-2098.49,2026/01/29 20:54:52
861,93.65,16813.8,-2094.26,2026/01/29 20:54:53
862,93.76,16790,-2096.28,2026/01/29 20:54:53
863,93.86,16735,-2102.59,2026/01/29 20:54:53
864,93.97,16691.7,-2104.87,2026/01/29 20:54:53
865,94.08,16684.3,-2107.76,2026/01/29 20:54:53
866,94.19,16698,-2107.19,2026/01/29 20:54:53
867,94.3,16755.4,-2099.89,2026/01/29 20:54:53
868,94.41,16747.3,-2104.27,2026/01/29 20:54:53
869,94.52,16776.5,-2101.65,2026/01/29 20:54:53
870,94.63,16782.2,-2098.91,2026/01/29 20:54:54
871,94.74,16778.4,-2099,2026/01/29 20:54:54
872,94.85,16783.4,-2099.71,2026/01/29 20:54:54
873,94.96,16778.5,-2097.34,2026/01/29 20:54:54
874,95.06,16785.5,-2099.1,2026/01/29 20:54:54
875,95.17,16788,-2097.52,2026/01/29 20:54:54
876,95.28,16793,-2098.1,2026/01/29 20:54:54
877,95.39,16805.1,-2094.29,2026/01/29 20:54:54
878,95.5,16754.9,-2101.16,2026/01/29 20:54:54
879,95.61,16716.4,-2101.15,2026/01/29 20:54:55
880,95.72,16689.8,-2106.79,2026/01/29 20:54:55
881,95.83,16695.9,-2105.28,2026/01/29 20:54:55
882,95.94,16727.3,-2102.47,2026/01/29 20:54:55
883,96.05,16748.2,-2102.11,2026/01/29 20:54:55
884,96.15,16744.7,-2104.12,2026/01/29 20:54:55
885,96.26,16783.7,-2099.95,2026/01/29 20:54:55
886,96.37,16793.2,-2096.96,2026/01/29 20:54:55
887,96.48,16793.6,-2097.63,2026/01/29 20:54:55
888,96.59,16796.5,-2095.99,2026/01/29 20:54:55
889,96.7,16802,-2096.63,2026/01/29 20:54:56
890,96.81,16807.7,-2095.78,2026/01/29 20:54:56
891,96.92,16747,-2100.05,2026/01/29 20:54:56
892,97.03,16713.8,-2104.41,2026/01/29 20:54:56
893,97.13,16696,-2104.01,2026/01/29 20:54:56
894,97.24,16700.2,-2105.46,2026/01/29 20:54:56
895,97.35,16731.7,-2102.12,2026/01/29 20:54:56
896,97.46,16742.7,-2103.63,2026/01/29 20:54:56
897,97.57,16770.6,-2101.48,2026/01/29 20:54:56
898,97.68,16788.1,-2099.1,2026/01/29 20:54:57
899,97.79,16796.3,-2095.86,2026/01/29 20:54:57
900,97.9,16789.6,-2097.64,2026/01/29 20:54:57
901,98,16796.2,-2097.1,2026/01/29 20:54:57
902,98.11,16793.8,-2096.96,2026/01/29 20:54:57
903,98.22,16805.3,-2096.42,2026/01/29 20:54:57
904,98.33,16804.2,-2095.2,2026/01/29 20:54:57
905,98.44,16746.3,-2100.87,2026/01/29 20:54:57
906,98.55,16706,-2102.73,2026/01/29 20:54:57
907,98.66,16689.1,-2107.29,2026/01/29 20:54:58
908,98.77,16709.3,-2102.96,2026/01/29 20:54:58
909,98.87,16746.9,-2102.58,2026/01/29 20:54:58
910,98.98,16746.8,-2102.78,2026/01/29 20:54:58
911,99.09,16784.1,-2100.21,2026/01/29 20:54:58
912,99.2,16791.2,-2096.14,2026/01/29 20:54:58
913,99.31,16797,-2096.94,2026/01/29 20:54:58
914,99.42,16796.5,-2095.79,2026/01/29 20:54:58
915,99.53,16798.9,-2096.41,2026/01/29 20:54:58
916,99.64,16804.2,-2097.64,2026/01/29 20:54:59
917,99.75,16808.3,-2093.87,2026/01/29 20:54:59
918,99.86,16784.8,-2097.75,2026/01/29 20:54:59
919,99.96,16733.2,-2100.34,2026/01/29 20:54:59
920,100.07,16694.1,-2105.82,2026/01/29 20:54:59
921,100.18,16678.8,-2106.31,2026/01/29 20:54:59
922,100.29,16681.8,-2106.89,2026/01/29 20:54:59
923,100.4,16724.6,-2104.24,2026/01/29 20:54:59
924,100.51,16745,-2102.56,2026/01/29 20:54:59
925,100.62,16768.6,-2102.05,2026/01/29 20:55:00
926,100.73,16785.2,-2099.34,2026/01/29 20:55:00
927,100.84,16781.4,-2097.23,2026/01/29 20:55:00
928,100.95,16785.7,-2099.64,2026/01/29 20:55:00
929,101.05,16789.1,-2097.08,2026/01/29 20:55:00
930,101.16,16798,-2095.96,2026/01/29 20:55:00
931,101.27,16765,-2098.46,2026/01/29 20:55:00
932,101.38,16711.5,-2103.55,2026/01/29 20:55:00
933,101.49,16699.5,-2103.16,2026/01/29 20:55:00
934,101.6,16705.9,-2107.13,2026/01/29 20:55:01
935,101.71,16749.3,-2097.56,2026/01/29 20:55:01
936,101.82,16741.2,-2108.18,2026/01/29 20:55:01
937,101.93,16775.1,-2098.15,2026/01/29 20:55:01
938,102.03,16775,-2100.89,2026/01/29 20:55:01
939,102.14,16776.5,-2097.76,2026/01/29 20:55:01
940,102.25,16785.5,-2098.37,2026/01/29 20:55:01
941,102.36,16790.2,-2098.04,2026/01/29 20:55:01
942,102.47,16765,-2098.76,2026/01/29 20:55:01
943,102.58,16719.9,-2102.09,2026/01/29 20:55:01
944,102.69,16689.1,-2105.51,2026/01/29 20:55:02
945,102.8,16678,-2104.47,2026/01/29 20:55:02
946,102.91,16709.6,-2107.6,2026/01/29 20:55:02
947,103.01,16742.4,-2098.74,2026/01/29 20:55:02
948,103.13,16738.9,-2105.97,2026/01/29 20:55:02
949,103.23,16762.9,-2101.68,2026/01/29 20:55:02
950,103.34,16768.6,-2100.02,2026/01/29 20:55:02
951,103.45,16769.5,-2100.49,2026/01/29 20:55:02
952,103.56,16775,-2099.37,2026/01/29 20:55:02
953,103.67,16787.2,-2096.41,2026/01/29 20:55:03
954,103.78,16775.1,-2099.58,2026/01/29 20:55:03
955,103.89,16729.9,-2098.75,2026/01/29 20:55:03
956,104,16691.5,-2106.35,2026/01/29 20:55:03
957,104.11,16676.3,-2104.07,2026/01/29 20:55:03
958,104.22,16672.2,-2106.33,2026/01/29 20:55:03
959,104.32,16673.2,-2105.45,2026/01/29 20:55:03
960,104.43,16697.6,-2105.1,2026/01/29 20:55:03
961,104.54,16746.6,-2098.9,2026/01/29 20:55:03
962,104.65,16746.7,-2103.31,2026/01/29 20:55:04
963,104.76,16755.9,-2100.92,2026/01/29 20:55:04
964,104.87,16767.4,-2100.95,2026/01/29 20:55:04
965,104.98,16772.6,-2099.25,2026/01/29 20:55:04
966,105.09,16806.2,-2093.87,2026/01/29 20:55:04
967,105.19,16749,-2101.05,2026/01/29 20:55:04
968,105.3,16715.8,-2101.66,2026/01/29 20:55:04
969,105.41,16693.2,-2104.4,2026/01/29 20:55:04
970,105.52,16673.9,-2106.94,2026/01/29 20:55:04
971,105.63,16673.7,-2105.64,2026/01/29 20:55:05
972,105.74,16686.3,-2105.66,2026/01/29 20:55:05
973,105.85,16742.8,-2100.07,2026/01/29 20:55:05
974,105.96,16744.8,-2102.93,2026/01/29 20:55:05
975,106.07,16762.5,-2100.96,2026/01/29 20:55:05
976,106.18,16762.4,-2100.48,2026/01/29 20:55:05
977,106.29,16773.4,-2099.05,2026/01/29 20:55:05
978,106.39,16783.4,-2097.87,2026/01/29 20:55:05
979,106.5,16772.9,-2099.39,2026/01/29 20:55:05
980,106.61,16720.9,-2101.31,2026/01/29 20:55:06
981,106.72,16684.5,-2106.19,2026/01/29 20:55:06
982,106.83,16672.8,-2104.47,2026/01/29 20:55:06
983,106.94,16676.4,-2108.08,2026/01/29 20:55:06
984,107.05,16725.8,-2101.11,2026/01/29 20:55:06
985,107.16,16729.1,-2103.09,2026/01/29 20:55:06
986,107.27,16746,-2105.01,2026/01/29 20:55:06
987,107.38,16758.4,-2100.51,2026/01/29 20:55:06
988,107.48,16763.6,-2101.29,2026/01/29 20:55:06
989,107.59,16772.3,-2098.44,2026/01/29 20:55:07
990,107.7,16783.4,-2098.49,2026/01/29 20:55:07
991,107.81,16771,-2100.43,2026/01/29 20:55:07
992,107.92,16720.7,-2105.3,2026/01/29 20:55:07
993,108.03,16694.7,-2101.34,2026/01/29 20:55:07
994,108.14,16679.7,-2106.71,2026/01/29 20:55:07
995,108.25,16676.2,-2104.88,2026/01/29 20:55:07
996,108.36,16693.6,-2105.94,2026/01/29 20:55:07
997,108.47,16738.1,-2098.66,2026/01/29 20:55:07
998,108.57,16731.9,-2102.32,2026/01/29 20:55:07
999,108.68,16750.4,-2103.78,2026/01/29 20:55:08
1000,108.79,16761.7,-2099.93,2026/01/29 20:55:08
1001,108.9,16754.9,-2101.98,2026/01/29 20:55:08
1002,109.01,16768.1,-2098.21,2026/01/29 20:55:08
1003,109.12,16770,-2100.73,2026/01/29 20:55:08
1004,109.23,16801.7,-2093.59,2026/01/29 20:55:08
1005,109.34,16732.4,-2102.71,2026/01/29 20:55:08
1006,109.45,16690.4,-2102.93,2026/01/29 20:55:08
1007,109.56,16683.9,-2105.06,2026/01/29 20:55:08
1008,109.67,16681,-2105.71,2026/01/29 20:55:09
1009,109.77,16690.5,-2104.61,2026/01/29 20:55:09
1010,109.88,16734.9,-2098.57,2026/01/29 20:55:09
1011,109.99,16736.4,-2105.16,2026/01/29 20:55:09
1012,110.1,16748.4,-2102.3,2026/01/29 20:55:09
1013,110.21,16756.6,-2101.35,2026/01/29 20:55:09
1014,110.32,16755,-2101.74,2026/01/29 20:55:09
1015,110.43,16767.1,-2099.69,2026/01/29 20:55:09
1016,110.54,16777.5,-2098.72,2026/01/29 20:55:09
1017,110.65,16768.4,-2100.64,2026/01/29 20:55:10
1018,110.75,16716.9,-2101.13,2026/01/29 20:55:10
1019,110.86,16676.9,-2105.94,2026/01/29 20:55:10
1020,110.97,16654.9,-2107.16,2026/01/29 20:55:10
1021,111.08,16646.7,-2108,2026/01/29 20:55:10
1022,111.19,16676.9,-2107.04,2026/01/29 20:55:10
1023,111.3,16741.4,-2096.69,2026/01/29 20:55:10
1024,111.41,16743.5,-2099.57,2026/01/29 20:55:10
1025,111.52,16756.3,-2100.08,2026/01/29 20:55:10
1026,111.62,16758.5,-2100.77,2026/01/29 20:55:11
1027,111.74,16766.3,-2098.36,2026/01/29 20:55:11
1028,111.84,16770.2,-2101.64,2026/01/29 20:55:11
1029,111.95,16798.9,-2091.31,2026/01/29 20:55:11
1030,112.06,16746,-2103.61,2026/01/29 20:55:11
1031,112.17,16707.3,-2101.91,2026/01/29 20:55:11
1032,112.28,16686.1,-2104.6,2026/01/29 20:55:11
1033,112.39,16677.1,-2106.21,2026/01/29 20:55:11
1034,112.5,16684.7,-2104.94,2026/01/29 20:55:11
1035,112.61,16728.9,-2100.92,2026/01/29 20:55:12
1036,112.72,16731.2,-2103.77,2026/01/29 20:55:12
1037,112.82,16745.8,-2102.71,2026/01/29 20:55:12
1038,112.93,16756.6,-2101.26,2026/01/29 20:55:12
1039,113.04,16752.9,-2101.75,2026/01/29 20:55:12
1040,113.15,16766.2,-2098.42,2026/01/29 20:55:12
1041,113.26,16792.6,-2095.65,2026/01/29 20:55:12
1042,113.37,16745.2,-2100.81,2026/01/29 20:55:12
1043,113.48,16702.2,-2103.08,2026/01/29 20:55:12
1044,113.59,16671.5,-2106.09,2026/01/29 20:55:12
1045,113.69,16660.4,-2106.28,2026/01/29 20:55:13
1046,113.8,16663.8,-2107.22,2026/01/29 20:55:13
1047,113.91,16718.6,-2102.41,2026/01/29 20:55:13
1048,114.02,16738.5,-2098.63,2026/01/29 20:55:13
1049,114.13,16733.8,-2105.48,2026/01/29 20:55:13
1050,114.24,16749.7,-2102.71,2026/01/29 20:55:13
1051,114.35,16748,-2103.32,2026/01/29 20:55:13
1052,114.46,16757.8,-2099.99,2026/01/29 20:55:13
1053,114.56,16759.8,-2102.02,2026/01/29 20:55:13
1054,114.67,16775.1,-2097.67,2026/01/29 20:55:14
1055,114.78,16774.1,-2099.61,2026/01/29 20:55:14
1056,114.89,16704,-2101.81,2026/01/29 20:55:14
1057,115,16667.9,-2105.88,2026/01/29 20:55:14
1058,115.11,16651.6,-2106.68,2026/01/29 20:55:14
1059,115.22,16648.7,-2107.84,2026/01/29 20:55:14
1060,115.33,16668.5,-2106.11,2026/01/29 20:55:14
1061,115.44,16734.9,-2098.5,2026/01/29 20:55:14
1062,115.55,16740.8,-2096.91,2026/01/29 20:55:14
1063,115.65,16753.3,-2101.9,2026/01/29 20:55:15
1064,115.76,16761,-2099.63,2026/01/29 20:55:15
1065,115.87,16771,-2098.81,2026/01/29 20:55:15
1066,115.98,16778,-2097.16,2026/01/29 20:55:15
1067,116.09,16790.7,-2096.86,2026/01/29 20:55:15
1068,116.2,16738.3,-2100.05,2026/01/29 20:55:15
1069,116.31,16687.7,-2104.84,2026/01/29 20:55:15
1070,116.42,16668.6,-2103.84,2026/01/29 20:55:15
1071,116.53,16652.6,-2108.4,2026/01/29 20:55:15
1072,116.63,16655.3,-2105.62,2026/01/29 20:55:16
1073,116.74,16704.6,-2102.94,2026/01/29 20:55:16
1074,116.85,16736.4,-2097.64,2026/01/29 20:55:16
1075,116.96,16742.7,-2101.72,2026/01/29 20:55:16
1076,117.07,16757.5,-2101.47,2026/01/29 20:55:16
1077,117.18,16771.5,-2097.88,2026/01/29 20:55:16
1078,117.29,16767.7,-2097.91,2026/01/29 20:55:16
1079,117.4,16782.4,-2097.15,2026/01/29 20:55:16
1080,117.51,16779.5,-2100.62,2026/01/29 20:55:16
1081,117.62,16720,-2100.29,2026/01/29 20:55:17
1082,117.72,16671.5,-2105.8,2026/01/29 20:55:17
1083,117.83,16655.4,-2105.96,2026/01/29 20:55:17
1084,117.94,16656.3,-2107.79,2026/01/29 20:55:17
1085,118.05,16683.7,-2103.35,2026/01/29 20:55:17
1086,118.16,16736.6,-2095.66,2026/01/29 20:55:17
1087,118.27,16744.5,-2097.76,2026/01/29 20:55:17
1088,118.38,16750.4,-2100.74,2026/01/29 20:55:17
1089,118.49,16753,-2099.84,2026/01/29 20:55:17
1090,118.6,16755.6,-2100.49,2026/01/29 20:55:18
1091,118.7,16761.9,-2098.65,2026/01/29 20:55:18
1092,118.81,16774.3,-2098,2026/01/29 20:55:18
1093,118.92,16742.7,-2101.77,2026/01/29 20:55:18
1094,119.03,16678.4,-2104.37,2026/01/29 20:55:18
1095,119.14,16656.8,-2105.92,2026/01/29 20:55:18
1096,119.25,16646.9,-2109.57,2026/01/29 20:55:18
1097,119.36,16669.3,-2103.46,2026/01/29 20:55:18
1098,119.47,16718.4,-2101,2026/01/29 20:55:18
1099,119.58,16746.4,-2094.11,2026/01/29 20:55:18
1100,119.68,16744.7,-2101.79,2026/01/29 20:55:19
1101,119.79,16749.9,-2100.15,2026/01/29 20:55:19
1102,119.9,16756.3,-2099.59,2026/01/29 20:55:19
1103,120.01,16759.1,-2099.12,2026/01/29 20:55:19
1104,120.12,16766.4,-2098,2026/01/29 20:55:19
1105,120.23,16786.8,-2095.73,2026/01/29 20:55:19
1106,120.34,16746.7,-2102.3,2026/01/29 20:55:19
1107,120.45,16702.5,-2102.67,2026/01/29 20:55:19
1108,120.56,16679,-2106.15,2026/01/29 20:55:19
1109,120.67,16659.8,-2105.03,2026/01/29 20:55:20
1110,120.78,16661.8,-2106.16,2026/01/29 20:55:20
1111,120.89,16675,-2104.36,2026/01/29 20:55:20
1112,120.99,16726.7,-2098.69,2026/01/29 20:55:20
1113,121.1,16729.1,-2099.91,2026/01/29 20:55:20
1114,121.21,16735.6,-2103.95,2026/01/29 20:55:20
1115,121.32,16753.1,-2099.46,2026/01/29 20:55:20
1116,121.43,16749.9,-2103.96,2026/01/29 20:55:20
1117,121.54,16763.2,-2096.02,2026/01/29 20:55:20
1118,121.65,16769.7,-2100.88,2026/01/29 20:55:21
1119,121.76,16772.7,-2099.77,2026/01/29 20:55:21
1120,121.86,16723.2,-2101.29,2026/01/29 20:55:21
1121,121.97,16681.5,-2105.31,2026/01/29 20:55:21
1122,122.08,16660.6,-2105.45,2026/01/29 20:55:21
1123,122.19,16648.8,-2107.13,2026/01/29 20:55:21
1124,122.3,16652.2,-2108.57,2026/01/29 20:55:21
1125,122.41,16677.3,-2102.82,2026/01/29 20:55:21
1126,122.52,16737.5,-2096.7,2026/01/29 20:55:21
1127,122.63,16737.2,-2098.66,2026/01/29 20:55:22
1128,122.74,16745.7,-2101.05,2026/01/29 20:55:22
1129,122.84,16752.7,-2099.59,2026/01/29 20:55:22
1130,122.95,16753.3,-2100.77,2026/01/29 20:55:22
1131,123.06,16765,-2097.58,2026/01/29 20:55:22
1132,123.17,16764,-2100.28,2026/01/29 20:55:22
1133,123.28,16789.6,-2095.18,2026/01/29 20:55:22
1134,123.39,16723.8,-2104.17,2026/01/29 20:55:22
1135,123.5,16683.5,-2102.55,2026/01/29 20:55:22
1136,123.61,16660.9,-2107.3,2026/01/29 20:55:23
1137,123.72,16650.3,-2106.94,2026/01/29 20:55:23
1138,123.83,16654.8,-2106.07,2026/01/29 20:55:23
1139,123.94,16690.5,-2103.41,2026/01/29 20:55:23
1140,124.04,16734,-2096.69,2026/01/29 20:55:23
1141,124.15,16734.3,-2099.65,2026/01/29 20:55:23
1142,124.26,16735.1,-2101.42,2026/01/29 20:55:23
1143,124.37,16742.3,-2099.9,2026/01/29 20:55:23
1144,124.48,16761,-2099.1,2026/01/29 20:55:23
1145,124.59,16752.2,-2105.01,2026/01/29 20:55:23
1146,124.7,16710.8,-2105.32,2026/01/29 20:55:24
1147,124.81,16676.1,-2104.23,2026/01/29 20:55:24
1148,124.92,16662.2,-2106.23,2026/01/29 20:55:24
1149,125.02,16657.1,-2106,2026/01/29 20:55:24
1150,125.13,16661.5,-2107.59,2026/01/29 20:55:24
1151,125.24,16711.8,-2100.33,2026/01/29 20:55:24
1152,125.35,16722.8,-2100.72,2026/01/29 20:55:24
1153,125.46,16734.9,-2099.42,2026/01/29 20:55:24
1154,125.57,16738,-2104.06,2026/01/29 20:55:24
1155,125.68,16748.9,-2099.09,2026/01/29 20:55:25
1156,125.79,16754.3,-2100.93,2026/01/29 20:55:25
1157,125.9,16766.8,-2097.41,2026/01/29 20:55:25
1158,126.01,16751.8,-2103.1,2026/01/29 20:55:25
1159,126.12,16706.7,-2103.14,2026/01/29 20:55:25
1160,126.22,16685.1,-2104.38,2026/01/29 20:55:25
1161,126.33,16669.3,-2106.35,2026/01/29 20:55:25
1162,126.44,16672.2,-2104.29,2026/01/29 20:55:25
1163,126.55,16714.9,-2103.62,2026/01/29 20:55:25
1164,126.66,16718.3,-2100.88,2026/01/29 20:55:26
1165,126.77,16723,-2105.65,2026/01/29 20:55:26
1166,126.88,16736.9,-2102.98,2026/01/29 20:55:26
1167,126.99,16743.4,-2102.07,2026/01/29 20:55:26
1168,127.1,16752.5,-2101.03,2026/01/29 20:55:26
1169,127.21,16756.8,-2100.13,2026/01/29 20:55:26
1170,127.31,16762.7,-2097.87,2026/01/29 20:55:26
1171,127.42,16786.3,-2096.79,2026/01/29 20:55:26
1172,127.53,16750.5,-2103.59,2026/01/29 20:55:26
1173,127.64,16720.9,-2104.31,2026/01/29 20:55:27
1174,127.75,16696.2,-2103.33,2026/01/29 20:55:27
1175,127.86,16688.3,-2104.84,2026/01/29 20:55:27
1176,127.97,16703.3,-2103.43,2026/01/29 20:55:27
1177,128.08,16724.9,-2101.16,2026/01/29 20:55:27
1178,128.18,16722.6,-2103.1,2026/01/29 20:55:27
1179,128.29,16729.5,-2104.75,2026/01/29 20:55:27
1180,128.4,16744.2,-2102.4,2026/01/29 20:55:27
1181,128.51,16743.5,-2101.15,2026/01/29 20:55:27
1182,128.62,16755,-2099.8,2026/01/29 20:55:28
1183,128.73,16760.1,-2099.83,2026/01/29 20:55:28
1184,128.84,16760.4,-2097.89,2026/01/29 20:55:28
1185,128.95,16707.7,-2101.7,2026/01/29 20:55:28
1186,129.06,16675.4,-2105.54,2026/01/29 20:55:28
1187,129.16,16667.5,-2103.72,2026/01/29 20:55:28
1188,129.27,16659.1,-2108.22,2026/01/29 20:55:28
1189,129.38,16674.6,-2102.81,2026/01/29 20:55:28
1190,129.49,16716.4,-2102.82,2026/01/29 20:55:28
1191,129.6,16716.9,-2103.13,2026/01/29 20:55:29
1192,129.71,16728,-2105.22,2026/01/29 20:55:29
1193,129.82,16731.7,-2103.43,2026/01/29 20:55:29
1194,129.93,16740.5,-2101.98,2026/01/29 20:55:29
1195,130.03,16744.3,-2101.95,2026/01/29 20:55:29
1196,130.14,16753.4,-2099.43,2026/01/29 20:55:29
1197,130.25,16768.9,-2098.96,2026/01/29 20:55:29
1198,130.36,16747.1,-2100.81,2026/01/29 20:55:29
1199,130.47,16711.8,-2104.71,2026/01/29 20:55:29
1200,130.58,16683.8,-2103,2026/01/29 20:55:29
1201,130.69,16675.8,-2105.89,2026/01/29 20:55:30
1202,130.8,16685.6,-2104.4,2026/01/29 20:55:30
1203,130.91,16720.6,-2101.24,2026/01/29 20:55:30
1204,131.01,16709.6,-2105.21,2026/01/29 20:55:30
1205,131.12,16722.7,-2103.77,2026/01/29 20:55:30
1206,131.23,16737.4,-2104.65,2026/01/29 20:55:30
1207,131.34,16749.7,-2100.03,2026/01/29 20:55:30
1208,131.45,16756.3,-2100.95,2026/01/29 20:55:30
1209,131.56,16772.7,-2095.25,2026/01/29 20:55:30
1210,131.67,16726,-2104.08,2026/01/29 20:55:31
1211,131.78,16694.9,-2102.86,2026/01/29 20:55:31
1212,131.89,16674.9,-2104.13,2026/01/29 20:55:31
1213,131.99,16666.6,-2106.67,2026/01/29 20:55:31
1214,132.1,16667.7,-2104.69,2026/01/29 20:55:31
1215,132.21,16692.4,-2105.56,2026/01/29 20:55:31
1216,132.32,16713.7,-2101.15,2026/01/29 20:55:31
1217,132.43,16714,-2104.74,2026/01/29 20:55:31
1218,132.54,16721.8,-2103.96,2026/01/29 20:55:31
1219,132.65,16732.9,-2103.77,2026/01/29 20:55:32
1220,132.76,16739.6,-2101.1,2026/01/29 20:55:32
1221,132.87,16762.6,-2097.07,2026/01/29 20:55:32
1222,132.97,16729.3,-2101.79,2026/01/29 20:55:32
1223,133.08,16690.8,-2102.77,2026/01/29 20:55:32
1224,133.19,16660.8,-2105.59,2026/01/29 20:55:32
1225,133.3,16649.9,-2105.82,2026/01/29 20:55:32
1226,133.41,16656,-2107.07,2026/01/29 20:55:32
1227,133.52,16700.5,-2102.21,2026/01/29 20:55:32
1228,133.63,16722.3,-2099.31,2026/01/29 20:55:33
1229,133.74,16722.2,-2102.75,2026/01/29 20:55:33
1230,133.85,16733.9,-2101.65,2026/01/29 20:55:33
1231,133.96,16744.8,-2099.86,2026/01/29 20:55:33
1232,134.07,16770.1,-2097.37,2026/01/29 20:55:33
1233,134.17,16719.6,-2106.12,2026/01/29 20:55:33
1234,134.28,16691.8,-2102.47,2026/01/29 20:55:33
1235,134.39,16666.6,-2105.57,2026/01/29 20:55:33
1236,134.5,16654.5,-2106.06,2026/01/29 20:55:33
1237,134.61,16653.4,-2106.83,2026/01/29 20:55:34
1238,134.72,16666.7,-2106.05,2026/01/29 20:55:34
1239,134.82,16716.2,-2098.77,2026/01/29 20:55:34
1240,134.94,16725.1,-2102.88,2026/01/29 20:55:34
1241,135.05,16743.2,-2100.52,2026/01/29 20:55:34
1242,135.15,16744.9,-2100.84,2026/01/29 20:55:34
1243,135.26,16752.8,-2099.05,2026/01/29 20:55:34
1244,135.37,16770.9,-2097.11,2026/01/29 20:55:34
1245,135.48,16710.7,-2102.9,2026/01/29 20:55:34
1246,135.59,16671,-2105.56,2026/01/29 20:55:34
1247,135.7,16643.2,-2106.59,2026/01/29 20:55:35
1248,135.81,16641.4,-2107.28,2026/01/29 20:55:35
1249,135.92,16670.5,-2104.75,2026/01/29 20:55:35
1250,136.03,16724.3,-2097.05,2026/01/29 20:55:35
1251,136.14,16726.5,-2099.81,2026/01/29 20:55:35
1252,136.24,16737.4,-2100.95,2026/01/29 20:55:35
1253,136.35,16742.9,-2101.73,2026/01/29 20:55:35
1254,136.46,16750.8,-2097.66,2026/01/29 20:55:35
1255,136.57,16762.8,-2099.88,2026/01/29 20:55:35
1256,136.68,16722.6,-2102.18,2026/01/29 20:55:36
1257,136.79,16686.4,-2103.19,2026/01/29 20:55:36
1258,136.9,16652.7,-2106.22,2026/01/29 20:55:36
1259,137.01,16642.5,-2107.29,2026/01/29 20:55:36
1260,137.11,16653.2,-2107.33,2026/01/29 20:55:36
1261,137.22,16705.3,-2099.87,2026/01/29 20:55:36
1262,137.33,16718.5,-2101.73,2026/01/29 20:55:36
1263,137.44,16726,-2099.76,2026/01/29 20:55:36
1264,137.55,16733,-2104.03,2026/01/29 20:55:36
1265,137.66,16744.4,-2097.37,2026/01/29 20:55:37
1266,137.77,16755.7,-2099.42,2026/01/29 20:55:37
1267,137.88,16735,-2101.86,2026/01/29 20:55:37
1268,137.99,16689.3,-2103.75,2026/01/29 20:55:37
1269,138.1,16662.8,-2104.06,2026/01/29 20:55:37
1270,138.21,16655.2,-2106.02,2026/01/29 20:55:37
1271,138.31,16650,-2106.95,2026/01/29 20:55:37
1272,138.42,16684,-2102.13,2026/01/29 20:55:37
1273,138.53,16714.3,-2102.63,2026/01/29 20:55:37
1274,138.64,16725.5,-2099.65,2026/01/29 20:55:38
1275,138.75,16731.4,-2102.05,2026/01/29 20:55:38
1276,138.86,16737.8,-2099.5,2026/01/29 20:55:38
1277,138.97,16750,-2098.72,2026/01/29 20:55:38
1278,139.08,16751.3,-2101.8,2026/01/29 20:55:38
1279,139.18,16699.2,-2102.06,2026/01/29 20:55:38
1280,139.29,16659.6,-2106.56,2026/01/29 20:55:38
1281,139.4,16651.6,-2103.94,2026/01/29 20:55:38
1282,139.51,16644.5,-2107.67,2026/01/29 20:55:38
1283,139.62,16678.1,-2102.89,2026/01/29 20:55:39
1284,139.73,16718.8,-2098.65,2026/01/29 20:55:39
1285,139.84,16726.7,-2101.97,2026/01/29 20:55:39
1286,139.95,16735.1,-2101.33,2026/01/29 20:55:39
1287,140.06,16742.1,-2100.87,2026/01/29 20:55:39
1288,140.16,16771.2,-2094.53,2026/01/29 20:55:39
1289,140.27,16704.9,-2105.28,2026/01/29 20:55:39
1290,140.38,16674.7,-2103.07,2026/01/29 20:55:39
1291,140.49,16640.5,-2107.45,2026/01/29 20:55:39
1292,140.6,16650.8,-2106.42,2026/01/29 20:55:40
1293,140.71,16698.4,-2101.38,2026/01/29 20:55:40
1294,140.82,16706.9,-2102.72,2026/01/29 20:55:40
1295,140.93,16722.4,-2103.34,2026/01/29 20:55:40
1296,141.04,16729.9,-2102.42,2026/01/29 20:55:40
1297,141.14,16742.8,-2099.86,2026/01/29 20:55:40
1298,141.25,16755.5,-2097.29,2026/01/29 20:55:40
1299,141.36,16714,-2106.07,2026/01/29 20:55:40
1300,141.47,16669.3,-2102.51,2026/01/29 20:55:40
1301,141.58,16639.3,-2107.55,2026/01/29 20:55:40
1302,141.69,16631.8,-2106.5,2026/01/29 20:55:41
1303,141.8,16672.2,-2104.94,2026/01/29 20:55:41
1304,141.91,16720,-2096.45,2026/01/29 20:55:41
1305,142.02,16719.4,-2102.94,2026/01/29 20:55:41
1306,142.12,16729.6,-2101.55,2026/01/29 20:55:41
1307,142.23,16746.9,-2097.56,2026/01/29 20:55:41
1308,142.34,16760.3,-2098.82,2026/01/29 20:55:41
1309,142.45,16747.7,-2105.56,2026/01/29 20:55:41
1310,142.56,16700.8,-2103.52,2026/01/29 20:55:41
1311,142.67,16668.3,-2104.7,2026/01/29 20:55:42
1312,142.78,16659.3,-2104.24,2026/01/29 20:55:42
1313,142.89,16672.6,-2103.59,2026/01/29 20:55:42
1314,142.99,16703.8,-2101.93,2026/01/29 20:55:42
1315,143.1,16717.5,-2103.36,2026/01/29 20:55:42
1316,143.21,16730.9,-2103.14,2026/01/29 20:55:42
1317,143.32,16733.3,-2098.58,2026/01/29 20:55:42
1318,143.43,16742.2,-2102.57,2026/01/29 20:55:42
1319,143.54,16766.1,-2094.6,2026/01/29 20:55:42
1320,143.65,16705.9,-2103.22,2026/01/29 20:55:43
1321,143.76,16671,-2103.42,2026/01/29 20:55:43
1322,143.87,16656.6,-2104.89,2026/01/29 20:55:43
1323,143.98,16657.8,-2105.38,2026/01/29 20:55:43
1324,144.09,16703.1,-2102.39,2026/01/29 20:55:43
1325,144.19,16699.3,-2104.38,2026/01/29 20:55:43
1326,144.3,16724.9,-2102.46,2026/01/29 20:55:43
1327,144.41,16725.8,-2103.45,2026/01/29 20:55:43
1328,144.52,16736.5,-2099.4,2026/01/29 20:55:43
1329,144.63,16746.2,-2100.01,2026/01/29 20:55:44
1330,144.74,16723.8,-2099.78,2026/01/29 20:55:44
1331,144.85,16678.3,-2103.01,2026/01/29 20:55:44
1332,144.96,16656.7,-2105.02,2026/01/29 20:55:44
1333,145.07,16651.6,-2103.94,2026/01/29 20:55:44
1334,145.17,16658.5,-2105.44,2026/01/29 20:55:44
1335,145.28,16706,-2100.04,2026/01/29 20:55:44
1336,145.39,16710.4,-2102.31,2026/01/29 20:55:44
1337,145.5,16727.9,-2103.41,2026/01/29 20:55:44
1338,145.61,16731.5,-2099.92,2026/01/29 20:55:45
1339,145.72,16742.1,-2100.39,2026/01/29 20:55:45
1340,145.83,16755.5,-2098.32,2026/01/29 20:55:45
1341,145.93,16695.1,-2102,2026/01/29 20:55:45
1342,146.05,16655.5,-2103.55,2026/01/29 20:55:45
1343,146.15,16638.8,-2106.8,2026/01/29 20:55:45
1344,146.26,16649,-2105.58,2026/01/29 20:55:45
1345,146.37,16696.7,-2100.78,2026/01/29 20:55:45
1346,146.48,16713.3,-2100.88,2026/01/29 20:55:45
1347,146.59,16722.4,-2103.97,2026/01/29 20:55:45
1348,146.7,16728.1,-2100.22,2026/01/29 20:55:46
1349,146.81,16732.1,-2101.96,2026/01/29 20:55:46
1350,146.92,16742.7,-2098.25,2026/01/29 20:55:46
1351,147.03,16751.1,-2097.79,2026/01/29 20:55:46
1352,147.13,16684.4,-2102.08,2026/01/29 20:55:46
1353,147.24,16653.4,-2104.41,2026/01/29 20:55:46
1354,147.35,16640.8,-2107.31,2026/01/29 20:55:46
1355,147.46,16666.1,-2100.57,2026/01/29 20:55:46
1356,147.57,16708.6,-2101.43,2026/01/29 20:55:46
1357,147.68,16719.2,-2101.58,2026/01/29 20:55:47
1358,147.79,16729.2,-2101.33,2026/01/29 20:55:47
1359,147.89,16731.4,-2100.54,2026/01/29 20:55:47
1360,148,16744.9,-2097.96,2026/01/29 20:55:47
1361,148.11,16747.1,-2099.9,2026/01/29 20:55:47
1362,148.22,16691.4,-2099.9,2026/01/29 20:55:47
1363,148.33,16654.6,-2104.67,2026/01/29 20:55:47
1364,148.44,16653.3,-2105.95,2026/01/29 20:55:47
1365,148.55,16661.4,-2104.27,2026/01/29 20:55:47
1366,148.66,16707.8,-2099.26,2026/01/29 20:55:48
1367,148.77,16710.1,-2101.99,2026/01/29 20:55:48
1368,148.87,16721.6,-2103.17,2026/01/29 20:55:48
1369,148.98,16732.4,-2099.64,2026/01/29 20:55:48
1370,149.09,16743.7,-2098.84,2026/01/29 20:55:48
1371,149.2,16753.8,-2099.48,2026/01/29 20:55:48
1372,149.31,16690.2,-2101.42,2026/01/29 20:55:48
1373,149.42,16657.7,-2105,2026/01/29 20:55:48
1374,149.53,16643.1,-2105.01,2026/01/29 20:55:48
1375,149.64,16651,-2104.41,2026/01/29 20:55:49
1376,149.75,16702.8,-2099.41,2026/01/29 20:55:49
1377,149.86,16707.7,-2102.46,2026/01/29 20:55:49
1378,149.96,16725.4,-2101.56,2026/01/29 20:55:49
1379,150.07,16730.6,-2100.67,2026/01/29 20:55:49
1380,150.18,16741.9,-2098.43,2026/01/29 20:55:49
1381,150.29,16759.8,-2097.32,2026/01/29 20:55:49
1382,150.4,16702,-2099.44,2026/01/29 20:55:49
1383,150.51,16661.2,-2106.5,2026/01/29 20:55:49
1384,150.62,16649.2,-2102.48,2026/01/29 20:55:50
1385,150.73,16644.5,-2106.46,2026/01/29 20:55:50
1386,150.83,16664.2,-2104.27,2026/01/29 20:55:50
1387,150.94,16708.5,-2101.27,2026/01/29 20:55:50
1388,151.05,16722.9,-2101.42,2026/01/29 20:55:50
1389,151.16,16730.2,-2099.11,2026/01/29 20:55:50
1390,151.27,16730.9,-2101.35,2026/01/29 20:55:50
1391,151.38,16748.8,-2096.68,2026/01/29 20:55:50
1392,151.49,16721.9,-2101.69,2026/01/29 20:55:50
1393,151.6,16672.7,-2103.43,2026/01/29 20:55:51
1394,151.71,16644,-2105.01,2026/01/29 20:55:51
1395,151.82,16644.8,-2105.75,2026/01/29 20:55:51
1396,151.93,16656.9,-2103.33,2026/01/29 20:55:51
1397,152.03,16708,-2098.04,2026/01/29 20:55:51
1398,152.14,16713.1,-2100.95,2026/01/29 20:55:51
1399,152.25,16725.4,-2101.52,2026/01/29 20:55:51
1400,152.36,16730.2,-2101.57,2026/01/29 20:55:51
1401,152.47,16728.8,-2098.85,2026/01/29 20:55:51
1402,152.58,16738.8,-2100.12,2026/01/29 20:55:51
1403,152.69,16755.8,-2097,2026/01/29 20:55:52
1404,152.8,16692.9,-2101.11,2026/01/29 20:55:52
1405,152.9,16654.3,-2104.79,2026/01/29 20:55:52
1406,153.01,16638.9,-2106.15,2026/01/29 20:55:52
1407,153.12,16642.8,-2104.42,2026/01/29 20:55:52
1408,153.23,16650.7,-2103.09,2026/01/29 20:55:52
1409,153.34,16688.9,-2100.64,2026/01/29 20:55:52
1410,153.45,16712,-2100.47,2026/01/29 20:55:52
1411,153.56,16723.5,-2098.86,2026/01/29 20:55:52
1412,153.67,16726.3,-2102.57,2026/01/29 20:55:53
1413,153.78,16729.9,-2097.07,2026/01/29 20:55:53
1414,153.89,16739.6,-2100.24,2026/01/29 20:55:53
1415,153.99,16741.4,-2095.16,2026/01/29 20:55:53
1416,154.1,16673.2,-2102.68,2026/01/29 20:55:53
1417,154.21,16643.3,-2105.17,2026/01/29 20:55:53
1418,154.32,16643.6,-2103.94,2026/01/29 20:55:53
1419,154.43,16655.2,-2105.03,2026/01/29 20:55:53
1420,154.54,16707.8,-2094.99,2026/01/29 20:55:53
1421,154.65,16704.8,-2103.24,2026/01/29 20:55:54
1422,154.76,16725.1,-2100.72,2026/01/29 20:55:54
1423,154.86,16724.6,-2100.35,2026/01/29 20:55:54
1424,154.97,16726.4,-2099.95,2026/01/29 20:55:54
1425,155.08,16741,-2097.64,2026/01/29 20:55:54
1426,155.19,16717,-2101.3,2026/01/29 20:55:54
1427,155.3,16671.6,-2102.15,2026/01/29 20:55:54
1428,155.41,16637.8,-2105.34,2026/01/29 20:55:54
1429,155.52,16641.3,-2106.59,2026/01/29 20:55:54
1430,155.63,16654,-2102.54,2026/01/29 20:55:55
1431,155.74,16703.8,-2098.36,2026/01/29 20:55:55
1432,155.84,16706.9,-2099.45,2026/01/29 20:55:55
1433,155.95,16715.3,-2102.72,2026/01/29 20:55:55
1434,156.06,16723.6,-2100.07,2026/01/29 20:55:55
1435,156.17,16721.9,-2101.88,2026/01/29 20:55:55
1436,156.28,16724,-2100.45,2026/01/29 20:55:55
1437,156.39,16725.2,-2100.75,2026/01/29 20:55:55
1438,156.5,16734,-2099.98,2026/01/29 20:55:55
1439,156.61,16749.7,-2095.96,2026/01/29 20:55:56
1440,156.72,16696.3,-2101.69,2026/01/29 20:55:56
1441,156.82,16657.2,-2104.4,2026/01/29 20:55:56
1442,156.94,16645.3,-2104.17,2026/01/29 20:55:56
1443,157.04,16649.3,-2104.71,2026/01/29 20:55:56
1444,157.15,16689.5,-2101.68,2026/01/29 20:55:56
1445,157.26,16705.2,-2103.1,2026/01/29 20:55:56
1446,157.37,16722.1,-2102.38,2026/01/29 20:55:56
1447,157.48,16724.1,-2100.31,2026/01/29 20:55:56
1448,157.59,16725.1,-2102.05,2026/01/29 20:55:56
1449,157.7,16727.9,-2098.21,2026/01/29 20:55:57
1450,157.8,16737,-2100.25,2026/01/29 20:55:57
1451,157.91,16731.6,-2096.61,2026/01/29 20:55:57
1452,158.02,16666.1,-2102.49,2026/01/29 20:55:57
1453,158.13,16635.7,-2105.8,2026/01/29 20:55:57
1454,158.24,16631.1,-2104.97,2026/01/29 20:55:57
1455,158.35,16632.7,-2106.18,2026/01/29 20:55:57
1456,158.46,16668.5,-2099.76,2026/01/29 20:55:57
1457,158.57,16714.5,-2099.32,2026/01/29 20:55:57
1458,158.68,16722.6,-2097.8,2026/01/29 20:55:58
1459,158.78,16727.2,-2100.94,2026/01/29 20:55:58
1460,158.89,16727.9,-2098.11,2026/01/29 20:55:58
1461,159,16729.4,-2099.17,2026/01/29 20:55:58
1462,159.11,16733.8,-2098.67,2026/01/29 20:55:58
1463,159.22,16745.5,-2096.24,2026/01/29 20:55:58
1464,159.33,16728.1,-2100.52,2026/01/29 20:55:58
1465,159.44,16676.9,-2100,2026/01/29 20:55:58
1466,159.55,16642.6,-2106.63,2026/01/29 20:55:58
1467,159.65,16636,-2103.26,2026/01/29 20:55:59
1468,159.76,16634.5,-2106.46,2026/01/29 20:55:59
1469,159.87,16643.2,-2102.8,2026/01/29 20:55:59
1470,159.98,16683,-2102.05,2026/01/29 20:55:59
1471,160.09,16713.3,-2097.03,2026/01/29 20:55:59
1472,160.2,16718.1,-2101.82,2026/01/29 20:55:59
1473,160.31,16730.6,-2099.52,2026/01/29 20:55:59
1474,160.42,16738.7,-2097.38,2026/01/29 20:55:59
1475,160.53,16735.2,-2100.44,2026/01/29 20:55:59
1476,160.64,16746.1,-2096.63,2026/01/29 20:56:00
1477,160.75,16744.3,-2099.2,2026/01/29 20:56:00
1478,160.86,16729.1,-2098.04,2026/01/29 20:56:00
1479,160.97,16683.3,-2103.78,2026/01/29 20:56:00
1480,161.08,16660.5,-2101.92,2026/01/29 20:56:00
1481,161.18,16642,-2105.83,2026/01/29 20:56:00
1482,161.29,16645,-2103.88,2026/01/29 20:56:00
1483,161.4,16679.2,-2101.95,2026/01/29 20:56:00
1484,161.51,16712.3,-2097.09,2026/01/29 20:56:00
1485,161.62,16720.9,-2100.23,2026/01/29 20:56:01
1486,161.73,16726.7,-2101.01,2026/01/29 20:56:01
1487,161.84,16742.5,-2096.5,2026/01/29 20:56:01
1488,161.95,16741,-2099.6,2026/01/29 20:56:01
1489,162.06,16756.1,-2094.96,2026/01/29 20:56:01
1490,162.16,16733.6,-2102.89,2026/01/29 20:56:01
1491,162.27,16699.4,-2100.87,2026/01/29 20:56:01
1492,162.38,16662.4,-2102.91,2026/01/29 20:56:01
1493,162.49,16644.5,-2104.59,2026/01/29 20:56:01
1494,162.6,16635.1,-2105,2026/01/29 20:56:02
1495,162.71,16631.2,-2106.68,2026/01/29 20:56:02
1496,162.82,16677,-2100.5,2026/01/29 20:56:02
1497,162.93,16716,-2098.07,2026/01/29 20:56:02
1498,163.04,16725.1,-2097.39,2026/01/29 20:56:02
1499,163.15,16729.5,-2100.68,2026/01/29 20:56:02
1500,163.25,16739.4,-2098.02,2026/01/29 20:56:02
1501,163.36,16743,-2098.29,2026/01/29 20:56:02
1502,163.47,16746.6,-2098.18,2026/01/29 20:56:02
1503,163.58,16759.6,-2094.95,2026/01/29 20:56:02
1504,163.69,16693.4,-2101.79,2026/01/29 20:56:03
1505,163.8,16662.8,-2102.89,2026/01/29 20:56:03
1506,163.91,16641,-2105.92,2026/01/29 20:56:03
1507,164.02,16637.8,-2104.22,2026/01/29 20:56:03
1508,164.13,16650.8,-2105.9,2026/01/29 20:56:03
1509,164.24,16717.6,-2093,2026/01/29 20:56:03
1510,164.35,16717.1,-2100.79,2026/01/29 20:56:03
1511,164.45,16733,-2098.47,2026/01/29 20:56:03
1512,164.56,16739.5,-2099.52,2026/01/29 20:56:03
1513,164.67,16746.3,-2097.72,2026/01/29 20:56:04
1514,164.78,16761.5,-2095.5,2026/01/29 20:56:04
1515,164.89,16706,-2102.94,2026/01/29 20:56:04
1516,165,16675.2,-2101.75,2026/01/29 20:56:04
1517,165.11,16652.6,-2106.33,2026/01/29 20:56:04
1518,165.22,16646.5,-2101.59,2026/01/29 20:56:04
1519,165.33,16642.6,-2108.41,2026/01/29 20:56:04
1520,165.43,16651.2,-2101.89,2026/01/29 20:56:04
1521,165.54,16699,-2100.11,2026/01/29 20:56:04
1522,165.65,16718.9,-2097.82,2026/01/29 20:56:05
1523,165.76,16733.5,-2099.07,2026/01/29 20:56:05
1524,165.87,16734.9,-2099.15,2026/01/29 20:56:05
1525,165.98,16744.9,-2097.18,2026/01/29 20:56:05
1526,166.09,16753.9,-2097.98,2026/01/29 20:56:05
1527,166.2,16707.3,-2100.76,2026/01/29 20:56:05
1528,166.31,16667.4,-2104.08,2026/01/29 20:56:05
1529,166.42,16652.9,-2103.58,2026/01/29 20:56:05
1530,166.52,16643.3,-2105.41,2026/01/29 20:56:05
1531,166.63,16637,-2105.5,2026/01/29 20:56:06
1532,166.74,16650.9,-2104.21,2026/01/29 20:56:06
1533,166.85,16708.1,-2098.34,2026/01/29 20:56:06
1534,166.96,16721.4,-2096.49,2026/01/29 20:56:06
1535,167.07,16725.4,-2099.56,2026/01/29 20:56:06
1536,167.18,16732,-2100.45,2026/01/29 20:56:06
1537,167.29,16739.1,-2096.83,2026/01/29 20:56:06
1538,167.4,16761.4,-2097.02,2026/01/29 20:56:06
1539,167.5,16710.8,-2101.99,2026/01/29 20:56:06
1540,167.62,16674.2,-2104.03,2026/01/29 20:56:07
1541,167.73,16652.1,-2104.26,2026/01/29 20:56:07
1542,167.83,16643.4,-2105.9,2026/01/29 20:56:07
1543,167.94,16637.8,-2105.63,2026/01/29 20:56:07
1544,168.05,16633.6,-2106.31,2026/01/29 20:56:07
1545,168.16,16657.9,-2103.49,2026/01/29 20:56:07
1546,168.27,16705.8,-2099.75,2026/01/29 20:56:07
1547,168.38,16719.5,-2095.91,2026/01/29 20:56:07
1548,168.49,16720,-2100.04,2026/01/29 20:56:07
1549,168.59,16741.2,-2096.68,2026/01/29 20:56:08
1550,168.7,16747.4,-2098.03,2026/01/29 20:56:08
1551,168.81,16752.7,-2097.07,2026/01/29 20:56:08
1552,168.92,16755.3,-2098.02,2026/01/29 20:56:08
1553,169.03,16752.1,-2098.32,2026/01/29 20:56:08
1554,169.14,16725.2,-2100.12,2026/01/29 20:56:08
1555,169.25,16692.6,-2104.28,2026/01/29 20:56:08
1556,169.36,16665.4,-2102.53,2026/01/29 20:56:08
1557,169.47,16653.2,-2105.43,2026/01/29 20:56:08
1558,169.57,16647.4,-2104.36,2026/01/29 20:56:08
1559,169.68,16657.2,-2103.55,2026/01/29 20:56:09
1560,169.79,16687.9,-2101.45,2026/01/29 20:56:09
1561,169.9,16717.1,-2097.26,2026/01/29 20:56:09
1562,170.01,16712.8,-2098.15,2026/01/29 20:56:09
1563,170.12,16727,-2101.71,2026/01/29 20:56:09
1564,170.22,16737,-2098.61,2026/01/29 20:56:09
1565,170.33,16742,-2099.7,2026/01/29 20:56:09
1566,170.44,16747,-2098.69,2026/01/29 20:56:09
1567,170.55,16752.9,-2097.69,2026/01/29 20:56:09
1568,170.66,16720.6,-2101.78,2026/01/29 20:56:10
1569,170.77,16679.6,-2103.64,2026/01/29 20:56:10
1570,170.88,16663,-2102.28,2026/01/29 20:56:10
1571,170.99,16644.5,-2107.43,2026/01/29 20:56:10
1572,171.1,16647.8,-2103.26,2026/01/29 20:56:10
1573,171.21,16654.8,-2104.87,2026/01/29 20:56:10
1574,171.31,16712.9,-2095.48,2026/01/29 20:56:10
1575,171.42,16720.2,-2099.75,2026/01/29 20:56:10
1576,171.53,16733.9,-2100.08,2026/01/29 20:56:10
1577,171.64,16746,-2097.73,2026/01/29 20:56:11
1578,171.75,16750,-2098.04,2026/01/29 20:56:11
1579,171.86,16743.9,-2101.2,2026/01/29 20:56:11
1580,171.97,16696.5,-2101.66,2026/01/29 20:56:11
1581,172.08,16670,-2104.05,2026/01/29 20:56:11
1582,172.19,16649.8,-2104.45,2026/01/29 20:56:11
1583,172.3,16637.7,-2106.1,2026/01/29 20:56:11
1584,172.4,16635.9,-2105.35,2026/01/29 20:56:11
1585,172.51,16656.3,-2104.6,2026/01/29 20:56:11
1586,172.62,16712.4,-2097.63,2026/01/29 20:56:12
1587,172.73,16712.2,-2099.9,2026/01/29 20:56:12
1588,172.84,16728.4,-2097.94,2026/01/29 20:56:12
1589,172.95,16734.5,-2100.86,2026/01/29 20:56:12
1590,173.06,16744.5,-2095.73,2026/01/29 20:56:12
1591,173.17,16747.1,-2100.39,2026/01/29 20:56:12
1592,173.28,16750.2,-2097.25,2026/01/29 20:56:12
1593,173.39,16754.7,-2097.94,2026/01/29 20:56:12
1594,173.49,16753.1,-2100.1,2026/01/29 20:56:12
1595,173.6,16708.3,-2104.22,2026/01/29 20:56:13
1596,173.71,16677.6,-2103.27,2026/01/29 20:56:13
1597,173.82,16656.6,-2105.58,2026/01/29 20:56:13
1598,173.93,16648.6,-2103.93,2026/01/29 20:56:13
1599,174.04,16663.1,-2105.51,2026/01/29 20:56:13
1600,174.15,16711.2,-2096.06,2026/01/29 20:56:13
1601,174.26,16705.7,-2102.05,2026/01/29 20:56:13
1602,174.37,16727.2,-2101.08,2026/01/29 20:56:13
1603,174.48,16736.2,-2100.1,2026/01/29 20:56:13
1604,174.58,16748.1,-2097.36,2026/01/29 20:56:13
1605,174.69,16745.1,-2100.23,2026/01/29 20:56:14
1606,174.8,16755.3,-2094.96,2026/01/29 20:56:14
1607,174.91,16748,-2100.51,2026/01/29 20:56:14
1608,175.02,16695.3,-2100.36,2026/01/29 20:56:14
1609,175.13,16662.1,-2103.83,2026/01/29 20:56:14
1610,175.24,16645.1,-2104.87,2026/01/29 20:56:14
1611,175.35,16648.9,-2104.28,2026/01/29 20:56:14
1612,175.46,16682.4,-2103.7,2026/01/29 20:56:14
1613,175.56,16719.8,-2095.3,2026/01/29 20:56:14
1614,175.67,16722.8,-2101.51,2026/01/29 20:56:15
1615,175.78,16746.6,-2097.81,2026/01/29 20:56:15
1616,175.89,16742.5,-2099.46,2026/01/29 20:56:15
1617,176,16750.1,-2096.62,2026/01/29 20:56:15
1618,176.11,16747.2,-2099.51,2026/01/29 20:56:15
1619,176.22,16751,-2098.09,2026/01/29 20:56:15
1620,176.33,16755.4,-2098.38,2026/01/29 20:56:15
1621,176.44,16756.9,-2095.74,2026/01/29 20:56:15
1622,176.54,16702.3,-2100.82,2026/01/29 20:56:15
1623,176.65,16671.2,-2102.68,2026/01/29 20:56:16
1624,176.76,16653.1,-2105.65,2026/01/29 20:56:16
1625,176.87,16642.9,-2104.42,2026/01/29 20:56:16
1626,176.98,16650.3,-2105.23,2026/01/29 20:56:16
1627,177.09,16669.2,-2101.69,2026/01/29 20:56:16
1628,177.2,16712.1,-2096.06,2026/01/29 20:56:16
1629,177.31,16717.8,-2097.03,2026/01/29 20:56:16
1630,177.42,16725.5,-2101.77,2026/01/29 20:56:16
1631,177.52,16739.3,-2097.19,2026/01/29 20:56:16
1632,177.63,16741,-2100.47,2026/01/29 20:56:17
1633,177.74,16745.9,-2096.89,2026/01/29 20:56:17
1634,177.85,16758.2,-2096.36,2026/01/29 20:56:17
1635,177.96,16708.4,-2103.71,2026/01/29 20:56:17
1636,178.07,16678.1,-2102.07,2026/01/29 20:56:17
1637,178.18,16655.5,-2104.8,2026/01/29 20:56:17
1638,178.29,16648,-2103.37,2026/01/29 20:56:17
1639,178.4,16648.3,-2105.5,2026/01/29 20:56:17
1640,178.5,16677.2,-2101.36,2026/01/29 20:56:17
1641,178.61,16709.8,-2098.44,2026/01/29 20:56:18
1642,178.72,16719.9,-2098.27,2026/01/29 20:56:18
1643,178.83,16730.6,-2102.31,2026/01/29 20:56:18
1644,178.94,16739.2,-2098.34,2026/01/29 20:56:18
1645,179.05,16745.4,-2099.51,2026/01/29 20:56:18
1646,179.16,16748.5,-2097.75,2026/01/29 20:56:18
1647,179.27,16753.9,-2097.71,2026/01/29 20:56:18
1648,179.38,16691.5,-2102.82,2026/01/29 20:56:18
1649,179.48,16664.8,-2103.76,2026/01/29 20:56:18
1650,179.59,16647.4,-2103.66,2026/01/29 20:56:19
1651,179.7,16650.6,-2104.9,2026/01/29 20:56:19
1652,179.81,16653.4,-2103.61,2026/01/29 20:56:19
1653,179.92,16702.4,-2098.24,2026/01/29 20:56:19
1654,180.03,16711.5,-2100.52,2026/01/29 20:56:19
1655,180.14,16726.4,-2100.01,2026/01/29 20:56:19
1656,180.25,16738.1,-2096.95,2026/01/29 20:56:19
1657,180.35,16744.2,-2099.53,2026/01/29 20:56:19
1658,180.46,16751.9,-2095.38,2026/01/29 20:56:19
1659,180.57,16725.5,-2102.71,2026/01/29 20:56:19
1660,180.68,16681.9,-2102.18,2026/01/29 20:56:20
1661,180.79,16654.2,-2103.62,2026/01/29 20:56:20
1662,180.9,16637.8,-2106.73,2026/01/29 20:56:20
1663,181.01,16639.9,-2104.8,2026/01/29 20:56:20
1664,181.12,16641.6,-2105.43,2026/01/29 20:56:20
1665,181.23,16687.7,-2099.79,2026/01/29 20:56:20
1666,181.34,16713.5,-2098.8,2026/01/29 20:56:20
1667,181.44,16727.8,-2096.39,2026/01/29 20:56:20
1668,181.55,16734.2,-2099.68,2026/01/29 20:56:20
1669,181.66,16742.9,-2096.19,2026/01/29 20:56:21
1670,181.77,16745,-2098.34,2026/01/29 20:56:21
1671,181.88,16760,-2097.77,2026/01/29 20:56:21
1672,181.99,16698.3,-2101.62,2026/01/29 20:56:21
1673,182.1,16660.8,-2103.45,2026/01/29 20:56:21
1674,182.21,16644.5,-2106.57,2026/01/29 20:56:21
1675,182.31,16634.7,-2105.04,2026/01/29 20:56:21
1676,182.42,16637.9,-2106.47,2026/01/29 20:56:21
1677,182.53,16655.5,-2103.77,2026/01/29 20:56:21
1678,182.64,16721.1,-2095.1,2026/01/29 20:56:22
1679,182.75,16722.3,-2097.61,2026/01/29 20:56:22
1680,182.86,16730,-2099.7,2026/01/29 20:56:22
1681,182.97,16740.4,-2095.73,2026/01/29 20:56:22
1682,183.08,16738.1,-2101.57,2026/01/29 20:56:22
1683,183.19,16746,-2095.57,2026/01/29 20:56:22
1684,183.29,16757.3,-2102.28,2026/01/29 20:56:22
1685,183.4,16704.1,-2103.73,2026/01/29 20:56:22
1686,183.51,16671.9,-2103.45,2026/01/29 20:56:22
1687,183.62,16649.2,-2106.1,2026/01/29 20:56:23
1688,183.73,16639.8,-2105.2,2026/01/29 20:56:23
1689,183.84,16636.9,-2105.68,2026/01/29 20:56:23
1690,183.95,16664.4,-2102.92,2026/01/29 20:56:23
1691,184.06,16708.7,-2097.9,2026/01/29 20:56:23
1692,184.17,16719.1,-2096.44,2026/01/29 20:56:23
1693,184.28,16721.1,-2100.97,2026/01/29 20:56:23
1694,184.39,16731.2,-2098.37,2026/01/29 20:56:23
1695,184.49,16736.5,-2099.13,2026/01/29 20:56:23
1696,184.6,16740.9,-2098.31,2026/01/29 20:56:24
1697,184.71,16764.2,-2094.44,2026/01/29 20:56:24
1698,184.82,16708.2,-2103.29,2026/01/29 20:56:24
1699,184.93,16675.2,-2103.46,2026/01/29 20:56:24
1700,185.04,16653,-2104.59,2026/01/29 20:56:24
1701,185.15,16644.7,-2106.39,2026/01/29 20:56:24
1702,185.26,16637.4,-2104.58,2026/01/29 20:56:24
1703,185.37,16642.3,-2106.91,2026/01/29 20:56:24
1704,185.48,16651.6,-2103.14,2026/01/29 20:56:24
1705,185.59,16697.6,-2100.48,2026/01/29 20:56:24
1706,185.69,16713.9,-2099.07,2026/01/29 20:56:25
1707,185.8,16715.2,-2098.3,2026/01/29 20:56:25
1708,185.91,16739.2,-2096.99,2026/01/29 20:56:25
1709,186.02,16737.4,-2099.73,2026/01/29 20:56:25
1710,186.13,16744.8,-2095.4,2026/01/29 20:56:25
1711,186.24,16746.9,-2100.11,2026/01/29 20:56:25
1712,186.35,16751.4,-2098.36,2026/01/29 20:56:25
1713,186.46,16699.6,-2102.94,2026/01/29 20:56:25
1714,186.56,16663.5,-2104.18,2026/01/29 20:56:25
1715,186.67,16652.7,-2103.61,2026/01/29 20:56:26
1716,186.78,16649.2,-2104.98,2026/01/29 20:56:26
1717,186.89,16674,-2102.56,2026/01/29 20:56:26
1718,187,16702.8,-2098.42,2026/01/29 20:56:26
1719,187.11,16712.9,-2102.13,2026/01/29 20:56:26
1720,187.22,16724.9,-2101.17,2026/01/29 20:56:26
1721,187.33,16735.8,-2098.89,2026/01/29 20:56:26
1722,187.44,16739.9,-2099.6,2026/01/29 20:56:26
1723,187.55,16747.8,-2097.95,2026/01/29 20:56:26
1724,187.65,16738,-2100.64,2026/01/29 20:56:27
1725,187.76,16684.2,-2103.65,2026/01/29 20:56:27
1726,187.87,16656,-2102.64,2026/01/29 20:56:27
1727,187.98,16645.5,-2106.15,2026/01/29 20:56:27
1728,188.09,16647.4,-2104.42,2026/01/29 20:56:27
1729,188.2,16673.1,-2102.58,2026/01/29 20:56:27
1730,188.31,16712.8,-2097.47,2026/01/29 20:56:27
1731,188.42,16714.6,-2100.21,2026/01/29 20:56:27
1732,188.52,16733.5,-2100.86,2026/01/29 20:56:27
1733,188.63,16739.7,-2098.08,2026/01/29 20:56:28
1734,188.74,16738,-2099.33,2026/01/29 20:56:28
1735,188.85,16742.3,-2097.29,2026/01/29 20:56:28
1736,188.96,16733.5,-2101.6,2026/01/29 20:56:28
1737,189.07,16739.9,-2096.67,2026/01/29 20:56:28
1738,189.18,16735,-2101.8,2026/01/29 20:56:28
1739,189.29,16736.9,-2098.1,2026/01/29 20:56:28
1740,189.4,16736.9,-2099.78,2026/01/29 20:56:28
1741,189.5,16734.5,-2099.49,2026/01/29 20:56:28
1742,189.61,16736.4,-2099.34,2026/01/29 20:56:29
1743,189.72,16734.8,-2100.22,2026/01/29 20:56:29
1744,189.83,16735.5,-2100.07,2026/01/29 20:56:29
1745,189.94,16733.9,-2098.5,2026/01/29 20:56:29
1746,190.05,16737.3,-2100.13,2026/01/29 20:56:29
1747,190.16,16734.2,-2099.13,2026/01/29 20:56:29
1748,190.27,16735.5,-2100.06,2026/01/29 20:56:29
1749,190.38,16734.5,-2100.19,2026/01/29 20:56:29
1750,190.48,16732.9,-2100.03,2026/01/29 20:56:29
1751,190.59,16736.5,-2098.89,2026/01/29 20:56:30
1752,190.7,16731.3,-2101.26,2026/01/29 20:56:30
1753,190.81,16736.6,-2097.16,2026/01/29 20:56:30
1754,190.92,16732.6,-2102.67,2026/01/29 20:56:30
1755,191.03,16734.8,-2097.46,2026/01/29 20:56:30
1756,191.14,16733.6,-2100.41,2026/01/29 20:56:30
1757,191.25,16733.7,-2099.24,2026/01/29 20:56:30
1758,191.36,16734.2,-2099.78,2026/01/29 20:56:30
1759,191.47,16732,-2101.07,2026/01/29 20:56:30
1760,191.57,16733.6,-2099.51,2026/01/29 20:56:30
1761,191.68,16731.8,-2099.71,2026/01/29 20:56:31
1762,191.79,16736.3,-2100.25,2026/01/29 20:56:31
1763,191.9,16730.2,-2099.02,2026/01/29 20:56:31
1764,192.01,16736.4,-2099.72,2026/01/29 20:56:31
1765,192.12,16730.9,-2099.57,2026/01/29 20:56:31
1766,192.23,16734.2,-2099.26,2026/01/29 20:56:31
1767,192.34,16733.1,-2100.16,2026/01/29 20:56:31
1768,192.45,16732,-2099.29,2026/01/29 20:56:31
1769,192.56,16734.8,-2100.02,2026/01/29 20:56:31
1770,192.67,16731.3,-2100.84,2026/01/29 20:56:32
1771,192.77,16733.9,-2098.77,2026/01/29 20:56:32
1772,192.88,16732.5,-2102.04,2026/01/29 20:56:32
1773,192.99,16732.5,-2099,2026/01/29 20:56:32
1774,193.1,16731.7,-2101.32,2026/01/29 20:56:32
1775,193.21,16732.1,-2100.53,2026/01/29 20:56:32
1776,193.32,16731.7,-2100.13,2026/01/29 20:56:32
1777,193.43,16730.8,-2101.93,2026/01/29 20:56:32
1778,193.54,16733.2,-2100,2026/01/29 20:56:32
1779,193.65,16729.1,-2100.74,2026/01/29 20:56:33
1780,193.75,16735.6,-2100.84,2026/01/29 20:56:33
1781,193.86,16728.7,-2100.66,2026/01/29 20:56:33
1782,193.97,16734.2,-2100.14,2026/01/29 20:56:33
1783,194.08,16730.8,-2101.16,2026/01/29 20:56:33
1784,194.19,16732.1,-2100.23,2026/01/29 20:56:33
1785,194.3,16732.1,-2101.28,2026/01/29 20:56:33
1786,194.41,16731,-2100.93,2026/01/29 20:56:33
1787,194.52,16738.5,-2098.94,2026/01/29 20:56:33
1788,194.63,16737.8,-2102.33,2026/01/29 20:56:34
1789,194.73,16739.4,-2097.84,2026/01/29 20:56:34
1790,194.84,16737.4,-2102.24,2026/01/29 20:56:34
1791,194.95,16738.5,-2099.63,2026/01/29 20:56:34
1792,195.06,16741.6,-2101.02,2026/01/29 20:56:34
1793,195.17,16743.8,-2099.83,2026/01/29 20:56:34
1794,195.28,16750.5,-2098.21,2026/01/29 20:56:34
1795,195.39,16751.3,-2098.51,2026/01/29 20:56:34
1796,195.5,16756.4,-2098.38,2026/01/29 20:56:34
1797,195.6,16764.5,-2096.13,2026/01/29 20:56:35
1798,195.71,16780.5,-2102.46,2026/01/29 20:56:35
1799,195.82,16780.8,-2103.04,2026/01/29 20:56:35
1800,195.93,16753,-2105.14,2026/01/29 20:56:35
1801,196.04,16728.2,-2106.38,2026/01/29 20:56:35
1802,196.15,16718.2,-2106.29,2026/01/29 20:56:35
1803,196.26,16711.4,-2104.98,2026/01/29 20:56:35
1804,196.37,16694.3,-2107.08,2026/01/29 20:56:35
1805,196.48,16696.4,-2102.88,2026/01/29 20:56:35
1806,196.58,16686.3,-2109.02,2026/01/29 20:56:35
1807,196.69,16686.1,-2104.18,2026/01/29 20:56:36
1808,196.8,16681.5,-2107.71,2026/01/29 20:56:36
1809,196.91,16680.7,-2105.9,2026/01/29 20:56:36
1810,197.02,16679.6,-2107.28,2026/01/29 20:56:36
1811,197.13,16674.2,-2108.67,2026/01/29 20:56:36
1812,197.24,16673.2,-2107.72,2026/01/29 20:56:36
1813,197.35,16668.8,-2108.84,2026/01/29 20:56:36
1814,197.46,16679.9,-2106.8,2026/01/29 20:56:36
1815,197.57,16703.4,-2104.27,2026/01/29 20:56:36
1816,197.67,16708.2,-2103.15,2026/01/29 20:56:37
1817,197.78,16708.8,-2102.73,2026/01/29 20:56:37
1818,197.89,16699.6,-2104.63,2026/01/29 20:56:37
1819,198,16704.4,-2102.81,2026/01/29 20:56:37
1820,198.11,16702.2,-2104.36,2026/01/29 20:56:37
1821,198.22,16708.6,-2104.44,2026/01/29 20:56:37
1822,198.33,16706.8,-2103.07,2026/01/29 20:56:37
1823,198.43,16715.9,-2104.61,2026/01/29 20:56:37
1824,198.54,16715.2,-2103.36,2026/01/29 20:56:37
1825,198.65,16718.5,-2103.33,2026/01/29 20:56:38
1826,198.76,16724.7,-2102.19,2026/01/29 20:56:38
1827,198.87,16725.3,-2102.58,2026/01/29 20:56:38
1828,198.98,16736.7,-2100.05,2026/01/29 20:56:38
1829,199.09,16731.5,-2102.47,2026/01/29 20:56:38
1830,199.19,16739.9,-2099.09,2026/01/29 20:56:38
1831,199.3,16744.1,-2100.34,2026/01/29 20:56:38
1832,199.41,16745.6,-2098.73,2026/01/29 20:56:38
1833,199.52,16746,-2099.89,2026/01/29 20:56:38
1834,199.63,16748.2,-2098.83,2026/01/29 20:56:39
1835,199.74,16751.8,-2098.18,2026/01/29 20:56:39
1836,199.85,16748.9,-2098.19,2026/01/29 20:56:39
1837,199.96,16751.5,-2094.4,2026/01/29 20:56:39
1838,200.06,16756.6,-2098.43,2026/01/29 20:56:39
1839,200.17,16754.4,-2097.93,2026/01/29 20:56:39
1840,200.28,16759.6,-2104.46,2026/01/29 20:56:39
1841,200.39,16746.7,-2104.09,2026/01/29 20:56:39
1842,200.5,16734.1,-2105.51,2026/01/29 20:56:39
1843,200.61,16716.7,-2104.69,2026/01/29 20:56:40
1844,200.72,16709.3,-2103.93,2026/01/29 20:56:40
1845,200.83,16698.9,-2106.81,2026/01/29 20:56:40
1846,200.94,16690.5,-2105.35,2026/01/29 20:56:40
1847,201.04,16683.9,-2105.86,2026/01/29 20:56:40
1848,201.15,16678.6,-2105.24,2026/01/29 20:56:40
1849,201.26,16673.9,-2105.85,2026/01/29 20:56:40
1850,201.37,16669.1,-2106.06,2026/01/29 20:56:40
1851,201.48,16669.7,-2105.72,2026/01/29 20:56:40
1852,201.59,16660.6,-2107.48,2026/01/29 20:56:40
1853,201.7,16659.7,-2106.82,2026/01/29 20:56:41
1854,201.81,16657.6,-2107.07,2026/01/29 20:56:41
1855,201.92,16659.3,-2108.2,2026/01/29 20:56:41
1856,202.03,16663.2,-2106.17,2026/01/29 20:56:41
1857,202.14,16696.5,-2105.18,2026/01/29 20:56:41
1858,202.24,16714.9,-2097.21,2026/01/29 20:56:41
1859,202.35,16717.4,-2099.68,2026/01/29 20:56:41
1860,202.46,16707.2,-2101.81,2026/01/29 20:56:41
1861,202.57,16709.9,-2103.31,2026/01/29 20:56:41
1862,202.68,16711.5,-2102.04,2026/01/29 20:56:42
1863,202.79,16706.7,-2104.01,2026/01/29 20:56:42
1864,202.9,16713,-2104.06,2026/01/29 20:56:42
1865,203.01,16720.2,-2101.92,2026/01/29 20:56:42
1866,203.12,16727.9,-2103.08,2026/01/29 20:56:42
1867,203.22,16725.7,-2100.41,2026/01/29 20:56:42
1868,203.33,16733.4,-2102.51,2026/01/29 20:56:42
1869,203.44,16733.5,-2100.29,2026/01/29 20:56:42
1870,203.55,16738.6,-2101.27,2026/01/29 20:56:42
1871,203.66,16745.4,-2098.92,2026/01/29 20:56:43
1872,203.77,16743.9,-2101.2,2026/01/29 20:56:43
1873,203.88,16748.5,-2098.79,2026/01/29 20:56:43
1874,203.99,16750.8,-2097.62,2026/01/29 20:56:43
1875,204.1,16765.9,-2097.24,2026/01/29 20:56:43
1876,204.21,16753.6,-2103.22,2026/01/29 20:56:43
1877,204.32,16756.6,-2108.07,2026/01/29 20:56:43
1878,204.42,16727.7,-2105.44,2026/01/29 20:56:43
1879,204.53,16717.6,-2105.67,2026/01/29 20:56:43
1880,204.64,16711.9,-2104.84,2026/01/29 20:56:44
1881,204.75,16705,-2107.53,2026/01/29 20:56:44
1882,204.86,16703,-2106.62,2026/01/29 20:56:44
1883,204.97,16693,-2105.96,2026/01/29 20:56:44
1884,205.08,16691.3,-2108.4,2026/01/29 20:56:44
1885,205.19,16684.3,-2105.52,2026/01/29 20:56:44
1886,205.29,16682,-2107.44,2026/01/29 20:56:44
1887,205.4,16674.8,-2106.51,2026/01/29 20:56:44
1888,205.51,16670.6,-2107.72,2026/01/29 20:56:44
1889,205.62,16668.4,-2106.28,2026/01/29 20:56:45
1890,205.73,16660.6,-2108.57,2026/01/29 20:56:45
1891,205.84,16658.8,-2108.98,2026/01/29 20:56:45
1892,205.95,16655.2,-2106.64,2026/01/29 20:56:45
1893,206.06,16657.5,-2109.05,2026/01/29 20:56:45
1894,206.16,16659.7,-2106.39,2026/01/29 20:56:45
1895,206.27,16673.7,-2106.2,2026/01/29 20:56:45
1896,206.38,16688.3,-2102.39,2026/01/29 20:56:45
1897,206.49,16698.1,-2102.85,2026/01/29 20:56:45
1898,206.6,16712.6,-2101.05,2026/01/29 20:56:46
1899,206.71,16706.7,-2100.62,2026/01/29 20:56:46
1900,206.82,16710.7,-2101.88,2026/01/29 20:56:46
1901,206.92,16715.5,-2101.39,2026/01/29 20:56:46
1902,207.03,16710.4,-2102.91,2026/01/29 20:56:46
1903,207.14,16707.4,-2103.81,2026/01/29 20:56:46
1904,207.25,16710.1,-2105.26,2026/01/29 20:56:46
1905,207.36,16711.1,-2103.81,2026/01/29 20:56:46
1906,207.47,16711.1,-2104.33,2026/01/29 20:56:46
1907,207.58,16714.1,-2104.2,2026/01/29 20:56:46
1908,207.69,16720.7,-2104.84,2026/01/29 20:56:47
1909,207.79,16724.1,-2100.85,2026/01/29 20:56:47
1910,207.9,16726.4,-2104.12,2026/01/29 20:56:47
1911,208.01,16729,-2102.81,2026/01/29 20:56:47
1912,208.12,16736.8,-2102.7,2026/01/29 20:56:47
1913,208.23,16737,-2102.32,2026/01/29 20:56:47
1914,208.34,16740.9,-2100.69,2026/01/29 20:56:47
1915,208.45,16739.6,-2103.82,2026/01/29 20:56:47
1916,208.55,16750.7,-2097.62,2026/01/29 20:56:47
1917,208.66,16749.9,-2101.58,2026/01/29 20:56:48
1918,208.77,16752.6,-2098.58,2026/01/29 20:56:48
1919,208.88,16754.7,-2100.08,2026/01/29 20:56:48
1920,208.99,16757.7,-2098.54,2026/01/29 20:56:48
1921,209.1,16762.6,-2098.27,2026/01/29 20:56:48
1922,209.21,16760.6,-2099.06,2026/01/29 20:56:48
1923,209.32,16766.5,-2095.57,2026/01/29 20:56:48
1924,209.43,16761.6,-2098.14,2026/01/29 20:56:48
1925,209.53,16769.4,-2096.1,2026/01/29 20:56:48
1926,209.64,16771,-2096.17,2026/01/29 20:56:49
1927,209.75,16781.4,-2096.24,2026/01/29 20:56:49
1928,209.86,16774.8,-2100.72,2026/01/29 20:56:49
1929,209.97,16780.9,-2104.56,2026/01/29 20:56:49
1930,210.08,16795.5,-2104.16,2026/01/29 20:56:49
1931,210.19,16798.6,-2106.56,2026/01/29 20:56:49
1932,210.3,16810.7,-2103.09,2026/01/29 20:56:49
1933,210.4,16815.5,-2099.04,2026/01/29 20:56:49
1934,210.51,16816.7,-2102.13,2026/01/29 20:56:49
1935,210.63,16819.1,-2101.15,2026/01/29 20:56:50
1936,210.73,16823.4,-2100.94,2026/01/29 20:56:50
1937,210.84,16800.1,-2102.27,2026/01/29 20:56:50
1938,210.95,16777.6,-2104.29,2026/01/29 20:56:50
1939,211.06,16764.7,-2106.75,2026/01/29 20:56:50
1940,211.17,16758.2,-2106.41,2026/01/29 20:56:50
1941,211.28,16757.1,-2106.81,2026/01/29 20:56:50
1942,211.39,16745.2,-2110.34,2026/01/29 20:56:50
1943,211.49,16742.6,-2106.58,2026/01/29 20:56:50
1944,211.6,16731.9,-2112.58,2026/01/29 20:56:51
1945,211.71,16729.9,-2109.35,2026/01/29 20:56:51
1946,211.82,16723.5,-2111.17,2026/01/29 20:56:51
1947,211.93,16717.4,-2110.95,2026/01/29 20:56:51
1948,212.04,16712.2,-2111.14,2026/01/29 20:56:51
1949,212.15,16702.8,-2112.8,2026/01/29 20:56:51
1950,212.25,16699.9,-2110.75,2026/01/29 20:56:51
1951,212.36,16691.4,-2111.06,2026/01/29 20:56:51
1952,212.47,16694.2,-2112.2,2026/01/29 20:56:51
1953,212.58,16689.2,-2110.89,2026/01/29 20:56:51
1954,212.69,16685.8,-2112.75,2026/01/29 20:56:52
1955,212.8,16683.6,-2109.91,2026/01/29 20:56:52
1956,212.91,16679.6,-2111.68,2026/01/29 20:56:52
1957,213.02,16681.1,-2111.38,2026/01/29 20:56:52
1958,213.13,16679.5,-2111.25,2026/01/29 20:56:52
1959,213.23,16681.5,-2109.21,2026/01/29 20:56:52
1960,213.34,16689.4,-2111.08,2026/01/29 20:56:52
1961,213.45,16708.7,-2106.02,2026/01/29 20:56:52
1962,213.56,16725,-2106.42,2026/01/29 20:56:52
1963,213.67,16732,-2105.23,2026/01/29 20:56:53
1964,213.78,16731.1,-2104.38,2026/01/29 20:56:53
1965,213.88,16728.1,-2106.46,2026/01/29 20:56:53
1966,213.99,16735.9,-2104.35,2026/01/29 20:56:53
1967,214.1,16718.6,-2107.11,2026/01/29 20:56:53
1968,214.21,16725.4,-2106.76,2026/01/29 20:56:53
1969,214.32,16727.2,-2105.89,2026/01/29 20:56:53
1970,214.43,16726.3,-2105.37,2026/01/29 20:56:53
1971,214.54,16729.9,-2103.18,2026/01/29 20:56:53
1972,214.65,16733.3,-2103.8,2026/01/29 20:56:54
1973,214.76,16740.4,-2100.93,2026/01/29 20:56:54
1974,214.87,16740.7,-2101.54,2026/01/29 20:56:54
1975,214.97,16744.9,-2100.89,2026/01/29 20:56:54
1976,215.08,16745.6,-2102.46,2026/01/29 20:56:54
1977,215.19,16749.1,-2098.86,2026/01/29 20:56:54
1978,215.3,16746.2,-2103.9,2026/01/29 20:56:54
1979,215.41,16750.1,-2100.15,2026/01/29 20:56:54
1980,215.52,16757.4,-2100.48,2026/01/29 20:56:54
1981,215.63,16758.2,-2100.23,2026/01/29 20:56:55
1982,215.74,16761,-2100.31,2026/01/29 20:56:55
1983,215.85,16758.5,-2101.72,2026/01/29 20:56:55
1984,215.95,16768.3,-2099.5,2026/01/29 20:56:55
1985,216.06,16773.6,-2097.71,2026/01/29 20:56:55
1986,216.17,16787.5,-2100.37,2026/01/29 20:56:55
1987,216.28,16785.9,-2104.24,2026/01/29 20:56:55
1988,216.39,16790.5,-2107.14,2026/01/29 20:56:55
1989,216.5,16805.2,-2104.68,2026/01/29 20:56:55
1990,216.61,16801.2,-2101.57,2026/01/29 20:56:56
1991,216.72,16782.8,-2103.52,2026/01/29 20:56:56
1992,216.83,16761.5,-2107,2026/01/29 20:56:56
1993,216.93,16753.1,-2106.41,2026/01/29 20:56:56
1994,217.04,16739,-2110.49,2026/01/29 20:56:56
1995,217.15,16738.5,-2108.26,2026/01/29 20:56:56
1996,217.26,16720.6,-2110.45,2026/01/29 20:56:56
1997,217.37,16719,-2111.14,2026/01/29 20:56:56
1998,217.48,16710,-2108.2,2026/01/29 20:56:56
1999,217.59,16704.8,-2109.52,2026/01/29 20:56:56
2000,217.7,16701.3,-2109.54,2026/01/29 20:56:57
2001,217.81,16696.6,-2110.53,2026/01/29 20:56:57
2002,217.91,16695.5,-2109.87,2026/01/29 20:56:57
2003,218.03,16690.3,-2110.19,2026/01/29 20:56:57
2004,218.13,16691.7,-2110.3,2026/01/29 20:56:57
2005,218.24,16684.7,-2112.13,2026/01/29 20:56:57
2006,218.35,16689.8,-2107.55,2026/01/29 20:56:57
2007,218.46,16681.8,-2110.59,2026/01/29 20:56:57
2008,218.57,16695.7,-2108.98,2026/01/29 20:56:57
2009,218.68,16701.5,-2107.01,2026/01/29 20:56:58
2010,218.79,16725.3,-2107.42,2026/01/29 20:56:58
2011,218.9,16732.6,-2105.14,2026/01/29 20:56:58
2012,219,16732.3,-2105.69,2026/01/29 20:56:58
2013,219.11,16734.6,-2104.67,2026/01/29 20:56:58
2014,219.22,16724.2,-2107.83,2026/01/29 20:56:58
2015,219.33,16727.3,-2106.11,2026/01/29 20:56:58
2016,219.44,16727.4,-2108.44,2026/01/29 20:56:58
2017,219.55,16731.8,-2102.51,2026/01/29 20:56:58
2018,219.66,16731.1,-2108.05,2026/01/29 20:56:59
2019,219.77,16738.1,-2104.79,2026/01/29 20:56:59
2020,219.88,16741.3,-2104.25,2026/01/29 20:56:59
2021,219.98,16747.9,-2103.61,2026/01/29 20:56:59
2022,220.09,16749.9,-2102.92,2026/01/29 20:56:59
2023,220.2,16751,-2104.5,2026/01/29 20:56:59
2024,220.31,16758.7,-2101.97,2026/01/29 20:56:59
2025,220.42,16757.4,-2102.33,2026/01/29 20:56:59
2026,220.53,16759.9,-2102.07,2026/01/29 20:56:59
2027,220.64,16765.2,-2103.09,2026/01/29 20:57:00
2028,220.75,16771.7,-2098.06,2026/01/29 20:57:00
2029,220.86,16767.5,-2104.1,2026/01/29 20:57:00
2030,220.97,16771.8,-2099.38,2026/01/29 20:57:00
2031,221.08,16769.5,-2102.63,2026/01/29 20:57:00
2032,221.19,16773.5,-2101.31,2026/01/29 20:57:00
2033,221.29,16774.9,-2100.8,2026/01/29 20:57:00
2034,221.4,16780.4,-2100.9,2026/01/29 20:57:00
2035,221.51,16795.6,-2098.39,2026/01/29 20:57:00
2036,221.62,16791.2,-2105.82,2026/01/29 20:57:01
2037,221.73,16772.9,-2107.01,2026/01/29 20:57:01
2038,221.84,16752.4,-2107.58,2026/01/29 20:57:01
2039,221.95,16737.2,-2107.47,2026/01/29 20:57:01
2040,222.06,16726.8,-2110.34,2026/01/29 20:57:01
2041,222.17,16717.6,-2106.06,2026/01/29 20:57:01
2042,222.27,16709.1,-2108.77,2026/01/29 20:57:01
2043,222.38,16701.1,-2107.44,2026/01/29 20:57:01
2044,222.49,16697,-2107.97,2026/01/29 20:57:01
2045,222.6,16687.9,-2110.39,2026/01/29 20:57:02
2046,222.71,16686.6,-2108.92,2026/01/29 20:57:02
2047,222.82,16674.3,-2110.4,2026/01/29 20:57:02
2048,222.93,16674.9,-2112.06,2026/01/29 20:57:02
2049,223.03,16665.9,-2109.85,2026/01/29 20:57:02
2050,223.14,16665.4,-2111.01,2026/01/29 20:57:02
2051,223.25,16666.4,-2110.42,2026/01/29 20:57:02
2052,223.36,16665.5,-2110.46,2026/01/29 20:57:02
2053,223.47,16665.4,-2110.13,2026/01/29 20:57:02
2054,223.58,16661.1,-2111.93,2026/01/29 20:57:02
2055,223.69,16664,-2108.28,2026/01/29 20:57:03
2056,223.8,16666.2,-2111.67,2026/01/29 20:57:03
2057,223.9,16687,-2104.66,2026/01/29 20:57:03
2058,224.01,16709.5,-2104.86,2026/01/29 20:57:03
2059,224.12,16745.1,-2100.49,2026/01/29 20:57:03
2060,224.23,16744.1,-2100.21,2026/01/29 20:57:03
2061,224.34,16735.2,-2102.5,2026/01/29 20:57:03
2062,224.45,16741.2,-2102.22,2026/01/29 20:57:03
2063,224.56,16740.2,-2103.35,2026/01/29 20:57:03
2064,224.67,16745.9,-2105.51,2026/01/29 20:57:04
2065,224.77,16755.7,-2103.1,2026/01/29 20:57:04
2066,224.88,16760.6,-2102.01,2026/01/29 20:57:04
2067,224.99,16764.4,-2103.05,2026/01/29 20:57:04
2068,225.1,16766.7,-2101.17,2026/01/29 20:57:04
2069,225.21,16769.3,-2102.02,2026/01/29 20:57:04
2070,225.32,16768.1,-2101.47,2026/01/29 20:57:04
2071,225.43,16771.6,-2101.2,2026/01/29 20:57:04
2072,225.54,16766.4,-2103.54,2026/01/29 20:57:04
2073,225.65,16775.4,-2099.83,2026/01/29 20:57:05
2074,225.75,16769.3,-2101.74,2026/01/29 20:57:05
2075,225.86,16782.2,-2101.03,2026/01/29 20:57:05
2076,225.97,16781.3,-2100.18,2026/01/29 20:57:05
2077,226.08,16782.9,-2100.81,2026/01/29 20:57:05
2078,226.19,16784.8,-2099.05,2026/01/29 20:57:05
2079,226.3,16781.9,-2100.8,2026/01/29 20:57:05
2080,226.41,16783,-2100.85,2026/01/29 20:57:05
2081,226.52,16784.2,-2102.82,2026/01/29 20:57:05
2082,226.62,16788.6,-2099.26,2026/01/29 20:57:06
2083,226.73,16789.1,-2102.74,2026/01/29 20:57:06
2084,226.84,16794.3,-2097.95,2026/01/29 20:57:06
2085,226.95,16794.7,-2104.27,2026/01/29 20:57:06
2086,227.06,16794.4,-2107.34,2026/01/29 20:57:06
2087,227.17,16766,-2106.68,2026/01/29 20:57:06
2088,227.28,16750.9,-2108.48,2026/01/29 20:57:06
2089,227.39,16746.7,-2106.02,2026/01/29 20:57:06
2090,227.49,16730.6,-2108.23,2026/01/29 20:57:06
2091,227.6,16725.4,-2109.43,2026/01/29 20:57:07
2092,227.71,16714.5,-2106.59,2026/01/29 20:57:07
2093,227.82,16711.9,-2108.39,2026/01/29 20:57:07
2094,227.93,16703.5,-2108.97,2026/01/29 20:57:07
2095,228.04,16699.9,-2108.66,2026/01/29 20:57:07
2096,228.15,16698.5,-2109.56,2026/01/29 20:57:07
2097,228.26,16693.8,-2110.89,2026/01/29 20:57:07
2098,228.36,16692.7,-2108.36,2026/01/29 20:57:07
2099,228.47,16684.8,-2113.85,2026/01/29 20:57:07
2100,228.58,16681.5,-2108.24,2026/01/29 20:57:07
2101,228.69,16672.6,-2112.2,2026/01/29 20:57:08
2102,228.8,16675.8,-2110.98,2026/01/29 20:57:08
2103,228.91,16670.9,-2111.01,2026/01/29 20:57:08
2104,229.02,16671.3,-2111.46,2026/01/29 20:57:08
2105,229.13,16671.6,-2110.67,2026/01/29 20:57:08
2106,229.24,16672.2,-2111.13,2026/01/29 20:57:08
2107,229.34,16678,-2109.45,2026/01/29 20:57:08
2108,229.45,16681.4,-2108.03,2026/01/29 20:57:08
2109,229.56,16692.6,-2108.15,2026/01/29 20:57:08
2110,229.67,16709.8,-2106.46,2026/01/29 20:57:09
2111,229.78,16736.6,-2102.48,2026/01/29 20:57:09
2112,229.89,16750.6,-2101.88,2026/01/29 20:57:09
2113,230,16749.1,-2101.15,2026/01/29 20:57:09
2114,230.11,16746.1,-2102.46,2026/01/29 20:57:09
2115,230.22,16733.5,-2104.45,2026/01/29 20:57:09
2116,230.33,16742.2,-2102.52,2026/01/29 20:57:09
2117,230.43,16740.2,-2106.58,2026/01/29 20:57:09
2118,230.54,16747.8,-2103.48,2026/01/29 20:57:09
2119,230.65,16739.8,-2105.22,2026/01/29 20:57:10
2120,230.76,16748.6,-2106.65,2026/01/29 20:57:10
2121,230.87,16752.2,-2104.35,2026/01/29 20:57:10
2122,230.98,16756.6,-2104.6,2026/01/29 20:57:10
2123,231.09,16760.8,-2103.93,2026/01/29 20:57:10
2124,231.2,16762.9,-2104.54,2026/01/29 20:57:10
2125,231.3,16767.6,-2103.07,2026/01/29 20:57:10
2126,231.41,16766.2,-2103.61,2026/01/29 20:57:10
2127,231.52,16767,-2102.1,2026/01/29 20:57:10
2128,231.63,16771.4,-2104.26,2026/01/29 20:57:11
2129,231.74,16775.2,-2100.11,2026/01/29 20:57:11
2130,231.85,16773.9,-2103.34,2026/01/29 20:57:11
2131,231.96,16774.4,-2102.48,2026/01/29 20:57:11
2132,232.07,16775,-2102.65,2026/01/29 20:57:11
2133,232.17,16774.5,-2103.61,2026/01/29 20:57:11
2134,232.28,16786.8,-2099.45,2026/01/29 20:57:11
2135,232.39,16775.2,-2102.94,2026/01/29 20:57:11
2136,232.5,16782.4,-2102.66,2026/01/29 20:57:11
2137,232.61,16780.2,-2102.26,2026/01/29 20:57:12
2138,232.72,16783.7,-2103.09,2026/01/29 20:57:12
2139,232.83,16793.3,-2099.79,2026/01/29 20:57:12
2140,232.93,16796.8,-2101.99,2026/01/29 20:57:12
2141,233.04,16792.4,-2105.38,2026/01/29 20:57:12
2142,233.15,16801.2,-2106.51,2026/01/29 20:57:12
2143,233.26,16795.7,-2105.3,2026/01/29 20:57:12
2144,233.37,16776.6,-2107.24,2026/01/29 20:57:12
2145,233.48,16751.4,-2106.6,2026/01/29 20:57:12
2146,233.59,16738.4,-2111.37,2026/01/29 20:57:12
2147,233.7,16733.1,-2107.78,2026/01/29 20:57:13
2148,233.81,16724.1,-2110.47,2026/01/29 20:57:13
2149,233.92,16718.5,-2108.67,2026/01/29 20:57:13
2150,234.03,16714,-2107.84,2026/01/29 20:57:13
2151,234.13,16710.2,-2108.77,2026/01/29 20:57:13
2152,234.24,16706.8,-2108.25,2026/01/29 20:57:13
2153,234.35,16697.4,-2110.79,2026/01/29 20:57:13
2154,234.46,16699.5,-2109.53,2026/01/29 20:57:13
2155,234.57,16687,-2109.82,2026/01/29 20:57:13
2156,234.68,16687,-2111.22,2026/01/29 20:57:14
2157,234.79,16682.1,-2110.74,2026/01/29 20:57:14
2158,234.89,16677,-2111.32,2026/01/29 20:57:14
2159,235,16676.9,-2111.04,2026/01/29 20:57:14
2160,235.11,16670.9,-2111.94,2026/01/29 20:57:14
2161,235.22,16668.8,-2113.12,2026/01/29 20:57:14
2162,235.33,16668.7,-2112.17,2026/01/29 20:57:14
2163,235.44,16669.1,-2111.63,2026/01/29 20:57:14
2164,235.55,16670.3,-2112.97,2026/01/29 20:57:14
2165,235.66,16674.7,-2108.75,2026/01/29 20:57:15
2166,235.77,16683,-2110.33,2026/01/29 20:57:15
2167,235.87,16700.5,-2106.99,2026/01/29 20:57:15
2168,235.98,16732.4,-2103.83,2026/01/29 20:57:15
2169,236.09,16754.5,-2102.79,2026/01/29 20:57:15
2170,236.2,16752.6,-2099.36,2026/01/29 20:57:15
2171,236.31,16745.3,-2104.48,2026/01/29 20:57:15
2172,236.42,16746.3,-2100.84,2026/01/29 20:57:15
2173,236.53,16737.7,-2104.96,2026/01/29 20:57:15
2174,236.64,16746.5,-2104.94,2026/01/29 20:57:16
2175,236.74,16745.1,-2104.97,2026/01/29 20:57:16
2176,236.85,16744.9,-2106.72,2026/01/29 20:57:16
2177,236.96,16747,-2106.66,2026/01/29 20:57:16
2178,237.07,16750.8,-2107.62,2026/01/29 20:57:16
2179,237.18,16759.3,-2105.24,2026/01/29 20:57:16
2180,237.29,16758.2,-2106.13,2026/01/29 20:57:16
2181,237.4,16766.8,-2106.25,2026/01/29 20:57:16
2182,237.51,16766.6,-2102.83,2026/01/29 20:57:16
2183,237.62,16771.1,-2105.32,2026/01/29 20:57:17
2184,237.73,16768.7,-2104.11,2026/01/29 20:57:17
2185,237.84,16770.2,-2104.36,2026/01/29 20:57:17
2186,237.95,16775.3,-2104.01,2026/01/29 20:57:17
2187,238.05,16776.1,-2103.71,2026/01/29 20:57:17
2188,238.16,16778.8,-2103.02,2026/01/29 20:57:17
2189,238.27,16777,-2103.79,2026/01/29 20:57:17
2190,238.38,16778,-2102.75,2026/01/29 20:57:17
2191,238.49,16778.4,-2104.49,2026/01/29 20:57:17
2192,238.6,16780.5,-2102.5,2026/01/29 20:57:18
2193,238.7,16785.1,-2102.51,2026/01/29 20:57:18
2194,238.81,16783.1,-2102.63,2026/01/29 20:57:18
2195,238.92,16785.5,-2102.31,2026/01/29 20:57:18
2196,239.03,16785.2,-2105.41,2026/01/29 20:57:18
2197,239.14,16787.8,-2100.22,2026/01/29 20:57:18
2198,239.25,16786.3,-2105.63,2026/01/29 20:57:18
2199,239.36,16791.1,-2101.48,2026/01/29 20:57:18
2200,239.46,16795,-2102.77,2026/01/29 20:57:18
2201,239.57,16800.8,-2100.99,2026/01/29 20:57:18
2202,239.68,16809.9,-2101.46,2026/01/29 20:57:19
2203,239.79,16806.2,-2106.11,2026/01/29 20:57:19
2204,239.9,16826.4,-2106.47,2026/01/29 20:57:19
2205,240.01,16827.6,-2109.03,2026/01/29 20:57:19
2206,240.12,16808.4,-2105.39,2026/01/29 20:57:19
2207,240.23,16784.1,-2111,2026/01/29 20:57:19
2208,240.34,16769.8,-2109.1,2026/01/29 20:57:19
2209,240.45,16757.5,-2111.97,2026/01/29 20:57:19
2210,240.55,16753.3,-2110.9,2026/01/29 20:57:19
2211,240.66,16746.2,-2111.54,2026/01/29 20:57:20
2212,240.77,16740.6,-2111.62,2026/01/29 20:57:20
2213,240.88,16736.9,-2110.83,2026/01/29 20:57:20
2214,240.99,16723.3,-2112.56,2026/01/29 20:57:20
2215,241.1,16725,-2108.74,2026/01/29 20:57:20
2216,241.21,16712.8,-2111.08,2026/01/29 20:57:20
2217,241.32,16713.3,-2110.26,2026/01/29 20:57:20
2218,241.43,16705.6,-2110.63,2026/01/29 20:57:20
2219,241.54,16703.1,-2110.13,2026/01/29 20:57:20
2220,241.64,16704.1,-2109.69,2026/01/29 20:57:21
2221,241.75,16708,-2110.09,2026/01/29 20:57:21
2222,241.86,16739.7,-2104.79,2026/01/29 20:57:21
2223,241.97,16751.3,-2105.12,2026/01/29 20:57:21
2224,242.07,16752.3,-2103.08,2026/01/29 20:57:21
2225,242.18,16754.3,-2102.75,2026/01/29 20:57:21
2226,242.29,16754.5,-2104.36,2026/01/29 20:57:21
2227,242.4,16761.3,-2101.87,2026/01/29 20:57:21
2228,242.51,16750.1,-2106.3,2026/01/29 20:57:21
2229,242.62,16752.9,-2104.93,2026/01/29 20:57:22
2230,242.73,16752.1,-2106.93,2026/01/29 20:57:22
2231,242.83,16752.8,-2105.94,2026/01/29 20:57:22
2232,242.94,16756.3,-2105.51,2026/01/29 20:57:22
2233,243.05,16754.8,-2109.64,2026/01/29 20:57:22
2234,243.16,16769.1,-2103.41,2026/01/29 20:57:22
2235,243.27,16765.2,-2107.44,2026/01/29 20:57:22
2236,243.38,16774.9,-2103.08,2026/01/29 20:57:22
2237,243.48,16774.7,-2105.03,2026/01/29 20:57:22
2238,243.59,16775.4,-2104.76,2026/01/29 20:57:23
2239,243.7,16780.8,-2102.64,2026/01/29 20:57:23
2240,243.81,16776.5,-2107.29,2026/01/29 20:57:23
2241,243.92,16780.7,-2104.07,2026/01/29 20:57:23
2242,244.02,16781.4,-2104.4,2026/01/29 20:57:23
2243,244.13,16785.4,-2102.86,2026/01/29 20:57:23
2244,244.24,16792.9,-2102.59,2026/01/29 20:57:23
2245,244.35,16791.7,-2102.56,2026/01/29 20:57:23
2246,244.46,16792.2,-2102.06,2026/01/29 20:57:23
2247,244.57,16792.3,-2105.83,2026/01/29 20:57:23
2248,244.68,16797.4,-2100.88,2026/01/29 20:57:24
2249,244.79,16797.5,-2103.76,2026/01/29 20:57:24
2250,244.9,16799.2,-2101.24,2026/01/29 20:57:24
2251,245,16803.7,-2101.02,2026/01/29 20:57:24
2252,245.11,16807.4,-2102.13,2026/01/29 20:57:24
2253,245.22,16808.5,-2103.14,2026/01/29 20:57:24
2254,245.33,16801.6,-2106.99,2026/01/29 20:57:24
2255,245.44,16810.8,-2109.79,2026/01/29 20:57:24
2256,245.55,16824.3,-2106.37,2026/01/29 20:57:24
2257,245.66,16813.1,-2110.29,2026/01/29 20:57:25
2258,245.76,16796.5,-2109.51,2026/01/29 20:57:25
2259,245.87,16775.7,-2111.43,2026/01/29 20:57:25
2260,245.98,16763.4,-2111.02,2026/01/29 20:57:25
2261,246.09,16756.2,-2112.32,2026/01/29 20:57:25
2262,246.2,16754.2,-2112.1,2026/01/29 20:57:25
2263,246.31,16742.5,-2113.6,2026/01/29 20:57:25
2264,246.42,16743.6,-2112.17,2026/01/29 20:57:25
2265,246.53,16728.6,-2113.22,2026/01/29 20:57:25
2266,246.64,16731.9,-2111.36,2026/01/29 20:57:26
2267,246.75,16722.3,-2112.77,2026/01/29 20:57:26
2268,246.85,16719.6,-2112.51,2026/01/29 20:57:26
2269,246.96,16717.8,-2112.27,2026/01/29 20:57:26
2270,247.07,16712.6,-2112.44,2026/01/29 20:57:26
2271,247.18,16711,-2111.93,2026/01/29 20:57:26
2272,247.29,16706.8,-2115.38,2026/01/29 20:57:26
2273,247.4,16705.5,-2110.63,2026/01/29 20:57:26
2274,247.51,16701.3,-2114.31,2026/01/29 20:57:26
2275,247.62,16705.4,-2111.27,2026/01/29 20:57:27
2276,247.73,16729.5,-2110.21,2026/01/29 20:57:27
2277,247.83,16758.4,-2107.42,2026/01/29 20:57:27
2278,247.94,16757.6,-2105.41,2026/01/29 20:57:27
2279,248.05,16757.1,-2107.08,2026/01/29 20:57:27
2280,248.16,16756.6,-2108.3,2026/01/29 20:57:27
2281,248.27,16757.1,-2105.96,2026/01/29 20:57:27
2282,248.38,16764.8,-2106.88,2026/01/29 20:57:27
2283,248.49,16765.1,-2105.97,2026/01/29 20:57:27
2284,248.6,16773.8,-2105.44,2026/01/29 20:57:28
2285,248.71,16778.2,-2105.2,2026/01/29 20:57:28
2286,248.81,16782.1,-2104.56,2026/01/29 20:57:28
2287,248.92,16786.7,-2103.6,2026/01/29 20:57:28
2288,249.03,16785.7,-2107.16,2026/01/29 20:57:28
2289,249.14,16787.3,-2104.11,2026/01/29 20:57:28
2290,249.25,16785.6,-2105.43,2026/01/29 20:57:28
2291,249.36,16788.7,-2104.49,2026/01/29 20:57:28
2292,249.47,16792.6,-2103.69,2026/01/29 20:57:28
2293,249.58,16798.6,-2103.24,2026/01/29 20:57:28
2294,249.68,16799.3,-2102.32,2026/01/29 20:57:29
2295,249.79,16796,-2105.13,2026/01/29 20:57:29
2296,249.9,16804.3,-2102.67,2026/01/29 20:57:29
2297,250.01,16799.4,-2105.78,2026/01/29 20:57:29
2298,250.12,16806.3,-2100.32,2026/01/29 20:57:29
2299,250.23,16804.9,-2104.58,2026/01/29 20:57:29
2300,250.34,16809.7,-2101.12,2026/01/29 20:57:29
2301,250.45,16809.6,-2103.97,2026/01/29 20:57:29
2302,250.56,16806.6,-2106.74,2026/01/29 20:57:29
2303,250.67,16825.9,-2107.44,2026/01/29 20:57:30
2304,250.77,16842.8,-2105.46,2026/01/29 20:57:30
2305,250.88,16847.6,-2104.16,2026/01/29 20:57:30
2306,250.99,16836.6,-2103.5,2026/01/29 20:57:30
2307,251.1,16826.3,-2104.4,2026/01/29 20:57:30
2308,251.21,16798.4,-2109.08,2026/01/29 20:57:30
2309,251.32,16787.7,-2110.82,2026/01/29 20:57:30
2310,251.43,16787.3,-2111.03,2026/01/29 20:57:30
2311,251.53,16777.4,-2112.53,2026/01/29 20:57:30
2312,251.64,16771.6,-2111.58,2026/01/29 20:57:31
2313,251.75,16764.8,-2112.77,2026/01/29 20:57:31
2314,251.86,16759.6,-2113.86,2026/01/29 20:57:31
2315,251.97,16751.3,-2113.66,2026/01/29 20:57:31
2316,252.08,16746.8,-2114.41,2026/01/29 20:57:31
2317,252.19,16743.6,-2112.57,2026/01/29 20:57:31
2318,252.3,16734.4,-2114.75,2026/01/29 20:57:31
2319,252.4,16736.3,-2112.35,2026/01/29 20:57:31
2320,252.51,16726.6,-2116.73,2026/01/29 20:57:31
2321,252.62,16722.3,-2111.66,2026/01/29 20:57:32
2322,252.73,16717.4,-2117.34,2026/01/29 20:57:32
2323,252.84,16715.6,-2114.76,2026/01/29 20:57:32
2324,252.95,16718.2,-2114.57,2026/01/29 20:57:32
2325,253.06,16731.5,-2114.03,2026/01/29 20:57:32
2326,253.17,16760,-2111.1,2026/01/29 20:57:32
2327,253.28,16766.1,-2110.15,2026/01/29 20:57:32
2328,253.38,16764.5,-2109.52,2026/01/29 20:57:32
2329,253.49,16749.5,-2112.06,2026/01/29 20:57:32
2330,253.6,16763.6,-2106.17,2026/01/29 20:57:33
2331,253.71,16762.1,-2107.94,2026/01/29 20:57:33
2332,253.82,16771.9,-2104.94,2026/01/29 20:57:33
2333,253.93,16773.9,-2106.55,2026/01/29 20:57:33
2334,254.04,16779.2,-2106.51,2026/01/29 20:57:33
2335,254.15,16784.5,-2105.38,2026/01/29 20:57:33
2336,254.25,16787.8,-2103.72,2026/01/29 20:57:33
2337,254.36,16792.7,-2105.67,2026/01/29 20:57:33
2338,254.47,16791.1,-2102.96,2026/01/29 20:57:33
2339,254.58,16793.7,-2104.36,2026/01/29 20:57:33
2340,254.69,16792.8,-2104.17,2026/01/29 20:57:34
2341,254.8,16791.2,-2104.84,2026/01/29 20:57:34
2342,254.91,16795.2,-2102.83,2026/01/29 20:57:34
2343,255.02,16796.3,-2105.48,2026/01/29 20:57:34
2344,255.13,16805.3,-2100.4,2026/01/29 20:57:34
2345,255.23,16805.6,-2103.1,2026/01/29 20:57:34
2346,255.34,16803.3,-2102.9,2026/01/29 20:57:34
2347,255.45,16808.8,-2102.99,2026/01/29 20:57:34
2348,255.56,16809.9,-2102.86,2026/01/29 20:57:34
2349,255.67,16814,-2101.31,2026/01/29 20:57:35
2350,255.78,16814.1,-2101.49,2026/01/29 20:57:35
2351,255.89,16826.9,-2099.43,2026/01/29 20:57:35
2352,255.99,16815.4,-2105.93,2026/01/29 20:57:35
2353,256.1,16834.7,-2104.77,2026/01/29 20:57:35
2354,256.21,16841.9,-2108.63,2026/01/29 20:57:35
2355,256.32,16846,-2104.29,2026/01/29 20:57:35
2356,256.43,16840.4,-2104.88,2026/01/29 20:57:35
2357,256.54,16820.8,-2107.77,2026/01/29 20:57:35
2358,256.65,16802.1,-2109.08,2026/01/29 20:57:36
2359,256.76,16787.4,-2109.96,2026/01/29 20:57:36
2360,256.87,16784.6,-2113.19,2026/01/29 20:57:36
2361,256.98,16778.1,-2110.54,2026/01/29 20:57:36
2362,257.09,16772.8,-2113.81,2026/01/29 20:57:36
2363,257.19,16762.8,-2113.78,2026/01/29 20:57:36
2364,257.3,16754.3,-2114.95,2026/01/29 20:57:36
2365,257.41,16750.5,-2114.59,2026/01/29 20:57:36
2366,257.52,16742.9,-2115.65,2026/01/29 20:57:36
2367,257.63,16741.1,-2113.11,2026/01/29 20:57:37
2368,257.74,16736.7,-2115.77,2026/01/29 20:57:37
2369,257.85,16731.6,-2113.55,2026/01/29 20:57:37
2370,257.95,16724.5,-2115.48,2026/01/29 20:57:37
2371,258.06,16720.9,-2115.52,2026/01/29 20:57:37
2372,258.17,16720.6,-2114.7,2026/01/29 20:57:37
2373,258.28,16715.4,-2114.89,2026/01/29 20:57:37
2374,258.39,16725.7,-2113.62,2026/01/29 20:57:37
2375,258.5,16731.4,-2114.02,2026/01/29 20:57:37
2376,258.61,16760.4,-2110.79,2026/01/29 20:57:38
2377,258.71,16773,-2110.16,2026/01/29 20:57:38
2378,258.82,16768.2,-2108.89,2026/01/29 20:57:38
2379,258.93,16771.7,-2108.76,2026/01/29 20:57:38
2380,259.04,16765.7,-2110.1,2026/01/29 20:57:38
2381,259.15,16765.6,-2108.99,2026/01/29 20:57:38
2382,259.26,16770.8,-2106.87,2026/01/29 20:57:38
2383,259.37,16773,-2108.13,2026/01/29 20:57:38
2384,259.48,16772.1,-2105.48,2026/01/29 20:57:38
2385,259.59,16778.1,-2107.58,2026/01/29 20:57:38
2386,259.69,16782,-2105.68,2026/01/29 20:57:39
2387,259.8,16788.2,-2105.38,2026/01/29 20:57:39
2388,259.91,16795.2,-2105.19,2026/01/29 20:57:39
2389,260.02,16794.4,-2105.83,2026/01/29 20:57:39
2390,260.13,16798.5,-2103.15,2026/01/29 20:57:39
2391,260.24,16796.4,-2107.47,2026/01/29 20:57:39
2392,260.35,16799.2,-2102.61,2026/01/29 20:57:39
2393,260.46,16797.6,-2106.44,2026/01/29 20:57:39
2394,260.57,16799.7,-2104.42,2026/01/29 20:57:39
2395,260.68,16806.2,-2103.4,2026/01/29 20:57:40
2396,260.78,16808.8,-2103.92,2026/01/29 20:57:40
2397,260.89,16808.9,-2102.69,2026/01/29 20:57:40
2398,261,16808,-2104.76,2026/01/29 20:57:40
2399,261.11,16817,-2102.5,2026/01/29 20:57:40
2400,261.22,16811.6,-2104.54,2026/01/29 20:57:40
2401,261.33,16818.7,-2100.77,2026/01/29 20:57:40
2402,261.44,16822.7,-2103.33,2026/01/29 20:57:40
2403,261.55,16828.8,-2100.52,2026/01/29 20:57:40
2404,261.66,16830.2,-2105.36,2026/01/29 20:57:41
2405,261.76,16845,-2107.69,2026/01/29 20:57:41
2406,261.87,16848.6,-2107.1,2026/01/29 20:57:41
2407,261.98,16831.8,-2107.21,2026/01/29 20:57:41
2408,262.09,16804.9,-2110.11,2026/01/29 20:57:41
2409,262.2,16788.3,-2109.28,2026/01/29 20:57:41
2410,262.31,16784.9,-2112.9,2026/01/29 20:57:41
2411,262.42,16768.8,-2113.38,2026/01/29 20:57:41
2412,262.53,16763.1,-2113.88,2026/01/29 20:57:41
2413,262.64,16754.5,-2113.7,2026/01/29 20:57:42
2414,262.74,16749.1,-2112.9,2026/01/29 20:57:42
2415,262.85,16747.6,-2113.04,2026/01/29 20:57:42
2416,262.96,16739.5,-2115.19,2026/01/29 20:57:42
2417,263.07,16739,-2112.97,2026/01/29 20:57:42
2418,263.18,16736.4,-2116.11,2026/01/29 20:57:42
2419,263.29,16735.8,-2113.61,2026/01/29 20:57:42
2420,263.4,16733.8,-2114.8,2026/01/29 20:57:42
2421,263.51,16731.7,-2114.58,2026/01/29 20:57:42
2422,263.62,16726.6,-2114.63,2026/01/29 20:57:43
2423,263.73,16739.4,-2114.6,2026/01/29 20:57:43
2424,263.84,16771.4,-2111.42,2026/01/29 20:57:43
2425,263.95,16774.3,-2109.86,2026/01/29 20:57:43
2426,264.06,16766.9,-2109.64,2026/01/29 20:57:43
2427,264.16,16772.7,-2109.17,2026/01/29 20:57:43
2428,264.27,16781.2,-2105.05,2026/01/29 20:57:43
2429,264.38,16784.8,-2109.07,2026/01/29 20:57:43
2430,264.49,16795.1,-2103.1,2026/01/29 20:57:43
2431,264.6,16800.2,-2106.98,2026/01/29 20:57:44
2432,264.71,16805.7,-2103.8,2026/01/29 20:57:44
2433,264.82,16807.7,-2104.92,2026/01/29 20:57:44
2434,264.93,16806.4,-2105.79,2026/01/29 20:57:44
2435,265.04,16810.2,-2104.1,2026/01/29 20:57:44
2436,265.14,16812.6,-2104.1,2026/01/29 20:57:44
2437,265.25,16824.1,-2103.56,2026/01/29 20:57:44
2438,265.36,16816.2,-2103.4,2026/01/29 20:57:44
2439,265.47,16819.4,-2103.6,2026/01/29 20:57:44
2440,265.58,16821,-2103.8,2026/01/29 20:57:44
2441,265.69,16822,-2102.95,2026/01/29 20:57:45
2442,265.8,16826.7,-2103.26,2026/01/29 20:57:45
2443,265.91,16824.6,-2104.09,2026/01/29 20:57:45
2444,266.01,16829.5,-2102.11,2026/01/29 20:57:45
2445,266.12,16830.4,-2104.01,2026/01/29 20:57:45
2446,266.23,16835.2,-2101.12,2026/01/29 20:57:45
2447,266.34,16839.7,-2103.41,2026/01/29 20:57:45
2448,266.45,16845,-2107.79,2026/01/29 20:57:45
2449,266.56,16850.5,-2109.78,2026/01/29 20:57:45
2450,266.67,16858,-2108.31,2026/01/29 20:57:46
2451,266.78,16866.1,-2105.33,2026/01/29 20:57:46
2452,266.88,16841.6,-2107.14,2026/01/29 20:57:46
2453,266.99,16820.6,-2107.9,2026/01/29 20:57:46
2454,267.1,16799.9,-2112.69,2026/01/29 20:57:46
2455,267.21,16799.3,-2110.37,2026/01/29 20:57:46
2456,267.32,16790.4,-2114.2,2026/01/29 20:57:46
2457,267.43,16781.4,-2113.88,2026/01/29 20:57:46
2458,267.54,16774.8,-2114.14,2026/01/29 20:57:46
2459,267.65,16763.4,-2115.67,2026/01/29 20:57:47
2460,267.76,16754.5,-2115.47,2026/01/29 20:57:47
2461,267.86,16750.1,-2113.5,2026/01/29 20:57:47
2462,267.97,16746.2,-2116.4,2026/01/29 20:57:47
2463,268.08,16735.2,-2114.23,2026/01/29 20:57:47
2464,268.19,16736.6,-2114.93,2026/01/29 20:57:47
2465,268.3,16733.5,-2114.8,2026/01/29 20:57:47
2466,268.41,16732.6,-2114.84,2026/01/29 20:57:47
2467,268.52,16738.6,-2113.17,2026/01/29 20:57:47
2468,268.63,16752.3,-2115.08,2026/01/29 20:57:48
2469,268.74,16777.7,-2110.53,2026/01/29 20:57:48
2470,268.85,16779.5,-2112.25,2026/01/29 20:57:48
2471,268.95,16777.5,-2110.02,2026/01/29 20:57:48
2472,269.06,16771.6,-2111.34,2026/01/29 20:57:48
2473,269.17,16778.9,-2108.38,2026/01/29 20:57:48
2474,269.28,16785.4,-2107.05,2026/01/29 20:57:48
2475,269.39,16794.1,-2106.55,2026/01/29 20:57:48
2476,269.5,16804,-2106.28,2026/01/29 20:57:48
2477,269.6,16804,-2103.6,2026/01/29 20:57:49
2478,269.71,16811.2,-2104.48,2026/01/29 20:57:49
2479,269.82,16807.2,-2105.16,2026/01/29 20:57:49
2480,269.93,16813.8,-2104.04,2026/01/29 20:57:49
2481,270.04,16817.6,-2104.86,2026/01/29 20:57:49
2482,270.15,16819.3,-2103.48,2026/01/29 20:57:49
2483,270.26,16820.8,-2103.14,2026/01/29 20:57:49
2484,270.37,16820.1,-2105.44,2026/01/29 20:57:49
2485,270.48,16822.1,-2102.35,2026/01/29 20:57:49
2486,270.59,16821.8,-2104.47,2026/01/29 20:57:49
2487,270.7,16826.1,-2103.57,2026/01/29 20:57:50
2488,270.8,16834.7,-2102.53,2026/01/29 20:57:50
2489,270.91,16847.8,-2102.87,2026/01/29 20:57:50
2490,271.02,16856.4,-2105.16,2026/01/29 20:57:50
2491,271.13,16857.3,-2109.5,2026/01/29 20:57:50
2492,271.24,16870.5,-2106.27,2026/01/29 20:57:50
2493,271.35,16860.3,-2106.19,2026/01/29 20:57:50
2494,271.46,16838.3,-2105.32,2026/01/29 20:57:50
2495,271.57,16805.4,-2114.09,2026/01/29 20:57:50
2496,271.67,16799,-2111.23,2026/01/29 20:57:51
2497,271.78,16789.2,-2114.97,2026/01/29 20:57:51
2498,271.89,16777.2,-2114.43,2026/01/29 20:57:51
2499,272,16770.1,-2114.96,2026/01/29 20:57:51
2500,272.11,16760.4,-2115.79,2026/01/29 20:57:51
2501,272.22,16757.8,-2114.34,2026/01/29 20:57:51
2502,272.33,16752.7,-2113.4,2026/01/29 20:57:51
2503,272.44,16748.9,-2115.19,2026/01/29 20:57:51
2504,272.54,16740.3,-2114.75,2026/01/29 20:57:51
2505,272.65,16736.1,-2116.13,2026/01/29 20:57:52
2506,272.76,16732.6,-2116.21,2026/01/29 20:57:52
2507,272.87,16729.5,-2116.42,2026/01/29 20:57:52
2508,272.98,16731.6,-2113.68,2026/01/29 20:57:52
2509,273.09,16724.5,-2118.44,2026/01/29 20:57:52
2510,273.2,16731.5,-2111.2,2026/01/29 20:57:52
2511,273.31,16731.5,-2115.69,2026/01/29 20:57:52
2512,273.42,16740.6,-2112.43,2026/01/29 20:57:52
2513,273.52,16764.2,-2112.03,2026/01/29 20:57:52
2514,273.63,16784.1,-2109.94,2026/01/29 20:57:53
2515,273.74,16784.2,-2107.88,2026/01/29 20:57:53
2516,273.85,16782.2,-2107.76,2026/01/29 20:57:53
2517,273.96,16783.7,-2109.54,2026/01/29 20:57:53
2518,274.07,16779.2,-2106.14,2026/01/29 20:57:53
2519,274.18,16781.1,-2109.84,2026/01/29 20:57:53
2520,274.29,16782.3,-2107.79,2026/01/29 20:57:53
2521,274.39,16784.1,-2108.2,2026/01/29 20:57:53
2522,274.5,16786.1,-2107.45,2026/01/29 20:57:53
2523,274.61,16783.9,-2108.55,2026/01/29 20:57:54
2524,274.72,16789.9,-2107.08,2026/01/29 20:57:54
2525,274.83,16791.8,-2109.3,2026/01/29 20:57:54
2526,274.94,16799.3,-2104.21,2026/01/29 20:57:54
2527,275.05,16802.1,-2108.35,2026/01/29 20:57:54
2528,275.16,16806.1,-2104.25,2026/01/29 20:57:54
2529,275.27,16806.9,-2105.88,2026/01/29 20:57:54
2530,275.38,16807,-2105.31,2026/01/29 20:57:54
2531,275.48,16807.7,-2105.21,2026/01/29 20:57:54
2532,275.59,16805.2,-2107,2026/01/29 20:57:55
2533,275.7,16810.6,-2105.6,2026/01/29 20:57:55
2534,275.81,16811,-2104.33,2026/01/29 20:57:55
2535,275.92,16824,-2103.64,2026/01/29 20:57:55
2536,276.03,16816.1,-2104.51,2026/01/29 20:57:55
2537,276.14,16820.2,-2104.12,2026/01/29 20:57:55
2538,276.25,16820.2,-2104.63,2026/01/29 20:57:55
2539,276.35,16817.6,-2104.7,2026/01/29 20:57:55
2540,276.46,16825.6,-2102.19,2026/01/29 20:57:55
2541,276.57,16838.8,-2103.81,2026/01/29 20:57:55
2542,276.68,16841.5,-2103.58,2026/01/29 20:57:56
2543,276.79,16853.5,-2110.04,2026/01/29 20:57:56
2544,276.9,16857.4,-2109.16,2026/01/29 20:57:56
2545,277.01,16833.3,-2111.52,2026/01/29 20:57:56
2546,277.11,16807.1,-2112.31,2026/01/29 20:57:56
2547,277.22,16798.5,-2110.94,2026/01/29 20:57:56
2548,277.33,16790.7,-2113.64,2026/01/29 20:57:56
2549,277.44,16784.2,-2114.75,2026/01/29 20:57:56
2550,277.55,16769.6,-2115.16,2026/01/29 20:57:56
2551,277.66,16770.6,-2115.36,2026/01/29 20:57:57
2552,277.77,16757.8,-2115.93,2026/01/29 20:57:57
2553,277.88,16757.5,-2113.23,2026/01/29 20:57:57
2554,277.99,16747.2,-2116.32,2026/01/29 20:57:57
2555,278.1,16745.6,-2113.78,2026/01/29 20:57:57
2556,278.21,16741.6,-2114.53,2026/01/29 20:57:57
2557,278.32,16734.6,-2115.22,2026/01/29 20:57:57
2558,278.42,16734.9,-2113.44,2026/01/29 20:57:57
2559,278.53,16730.3,-2116.34,2026/01/29 20:57:57
2560,278.64,16728.3,-2114.68,2026/01/29 20:57:58
2561,278.75,16727.5,-2115.88,2026/01/29 20:57:58
2562,278.86,16729.7,-2114.68,2026/01/29 20:57:58
2563,278.97,16732.1,-2112.96,2026/01/29 20:57:58
2564,279.07,16746.8,-2114.14,2026/01/29 20:57:58
2565,279.18,16766.4,-2110.46,2026/01/29 20:57:58
2566,279.29,16779.4,-2110.77,2026/01/29 20:57:58
2567,279.4,16788.1,-2107.5,2026/01/29 20:57:58
2568,279.51,16778.6,-2109.5,2026/01/29 20:57:58
2569,279.62,16783.8,-2107.14,2026/01/29 20:57:59
2570,279.73,16779.8,-2109.95,2026/01/29 20:57:59
2571,279.84,16774.3,-2110.27,2026/01/29 20:57:59
2572,279.95,16781.7,-2109.21,2026/01/29 20:57:59
2573,280.06,16782.8,-2109.23,2026/01/29 20:57:59
2574,280.16,16788.8,-2107.3,2026/01/29 20:57:59
2575,280.27,16788,-2109.48,2026/01/29 20:57:59
2576,280.38,16791.8,-2107.5,2026/01/29 20:57:59
2577,280.49,16796.5,-2108,2026/01/29 20:57:59
2578,280.6,16801.4,-2107.87,2026/01/29 20:58:00
2579,280.71,16807,-2105.58,2026/01/29 20:58:00
2580,280.82,16806,-2106.91,2026/01/29 20:58:00
2581,280.92,16811.9,-2107.35,2026/01/29 20:58:00
2582,281.03,16806.2,-2106.63,2026/01/29 20:58:00
2583,281.14,16812.7,-2105.97,2026/01/29 20:58:00
2584,281.25,16810.9,-2106.62,2026/01/29 20:58:00
2585,281.36,16814,-2105.75,2026/01/29 20:58:00
2586,281.47,16817.3,-2106.05,2026/01/29 20:58:00
2587,281.58,16820.8,-2106.23,2026/01/29 20:58:00
2588,281.68,16823.8,-2102.86,2026/01/29 20:58:01
2589,281.79,16822.9,-2107.31,2026/01/29 20:58:01
2590,281.9,16826.4,-2102.83,2026/01/29 20:58:01
2591,282.01,16825.5,-2104.56,2026/01/29 20:58:01
2592,282.12,16828,-2104.07,2026/01/29 20:58:01
2593,282.23,16840.1,-2102.02,2026/01/29 20:58:01
2594,282.34,16849.9,-2103.98,2026/01/29 20:58:01
2595,282.45,16853.7,-2108.81,2026/01/29 20:58:01
2596,282.55,16866.6,-2106.53,2026/01/29 20:58:01
2597,282.66,16853.4,-2110.4,2026/01/29 20:58:02
2598,282.77,16818.1,-2112.19,2026/01/29 20:58:02
2599,282.88,16804.6,-2112.57,2026/01/29 20:58:02
2600,282.99,16794.5,-2114.18,2026/01/29 20:58:02
2601,283.1,16785.8,-2113.57,2026/01/29 20:58:02
2602,283.21,16777.3,-2114.65,2026/01/29 20:58:02
2603,283.32,16766.6,-2116.34,2026/01/29 20:58:02
2604,283.43,16766.3,-2113.01,2026/01/29 20:58:02
2605,283.53,16758.7,-2117.29,2026/01/29 20:58:02
2606,283.64,16751.7,-2112.74,2026/01/29 20:58:03
2607,283.75,16743.8,-2115.92,2026/01/29 20:58:03
2608,283.86,16739.8,-2114.33,2026/01/29 20:58:03
2609,283.97,16736.2,-2114.96,2026/01/29 20:58:03
2610,284.08,16730.2,-2115.5,2026/01/29 20:58:03
2611,284.19,16731.7,-2115.16,2026/01/29 20:58:03
2612,284.29,16727.4,-2114.53,2026/01/29 20:58:03
2613,284.4,16732.4,-2117.28,2026/01/29 20:58:03
2614,284.51,16728.3,-2114.05,2026/01/29 20:58:03
2615,284.62,16733.7,-2115.02,2026/01/29 20:58:04
2616,284.73,16748,-2111.15,2026/01/29 20:58:04
2617,284.84,16762.5,-2111.96,2026/01/29 20:58:04
2618,284.95,16782.9,-2110.45,2026/01/29 20:58:04
2619,285.06,16788.2,-2109.15,2026/01/29 20:58:04
2620,285.17,16790.1,-2106.16,2026/01/29 20:58:04
2621,285.28,16782.8,-2112.14,2026/01/29 20:58:04
2622,285.38,16781.3,-2108.1,2026/01/29 20:58:04
2623,285.49,16786.5,-2110.56,2026/01/29 20:58:04
2624,285.6,16789.9,-2108.61,2026/01/29 20:58:05
2625,285.71,16797.6,-2108.32,2026/01/29 20:58:05
2626,285.82,16805.3,-2108.23,2026/01/29 20:58:05
2627,285.93,16811.5,-2106.62,2026/01/29 20:58:05
2628,286.04,16814.3,-2106.2,2026/01/29 20:58:05
2629,286.14,16818.9,-2107.21,2026/01/29 20:58:05
2630,286.25,16818.6,-2105.71,2026/01/29 20:58:05
2631,286.36,16821.5,-2106.39,2026/01/29 20:58:05
2632,286.47,16822.4,-2105.73,2026/01/29 20:58:05
2633,286.58,16825.9,-2105.89,2026/01/29 20:58:05
2634,286.69,16832.2,-2105.1,2026/01/29 20:58:06
2635,286.8,16825,-2106.8,2026/01/29 20:58:06
2636,286.91,16835.3,-2104.92,2026/01/29 20:58:06
2637,287.01,16829.9,-2105.71,2026/01/29 20:58:06
2638,287.12,16838.9,-2103.08,2026/01/29 20:58:06
2639,287.23,16851.2,-2104.42,2026/01/29 20:58:06
2640,287.34,16855.9,-2106.3,2026/01/29 20:58:06
2641,287.45,16860.5,-2111.17,2026/01/29 20:58:06
2642,287.56,16872.8,-2110.05,2026/01/29 20:58:06
2643,287.67,16839.9,-2111.02,2026/01/29 20:58:07
2644,287.78,16816.7,-2114.64,2026/01/29 20:58:07
2645,287.89,16804.2,-2110.87,2026/01/29 20:58:07
2646,288,16797.1,-2114.79,2026/01/29 20:58:07
2647,288.1,16783.7,-2114.05,2026/01/29 20:58:07
2648,288.22,16772.1,-2115.38,2026/01/29 20:58:07
2649,288.32,16764.4,-2114.35,2026/01/29 20:58:07
2650,288.43,16756.8,-2114.4,2026/01/29 20:58:07
2651,288.54,16750.8,-2115.34,2026/01/29 20:58:07
2652,288.65,16747.6,-2114.66,2026/01/29 20:58:08
2653,288.76,16741.7,-2114.46,2026/01/29 20:58:08
2654,288.87,16739.4,-2115.95,2026/01/29 20:58:08
2655,288.98,16731.6,-2114.13,2026/01/29 20:58:08
2656,289.09,16739.7,-2115.39,2026/01/29 20:58:08
2657,289.19,16733.4,-2114.72,2026/01/29 20:58:08
2658,289.3,16736,-2115.01,2026/01/29 20:58:08
2659,289.41,16739.8,-2114.23,2026/01/29 20:58:08
2660,289.52,16758.3,-2113.63,2026/01/29 20:58:08
2661,289.63,16792.9,-2108.75,2026/01/29 20:58:09
2662,289.74,16786.9,-2110.46,2026/01/29 20:58:09
2663,289.85,16792.9,-2108.44,2026/01/29 20:58:09
2664,289.95,16788.2,-2110.23,2026/01/29 20:58:09
2665,290.06,16783.1,-2110.9,2026/01/29 20:58:09
2666,290.17,16792.8,-2110.12,2026/01/29 20:58:09
2667,290.28,16792.4,-2110.28,2026/01/29 20:58:09
2668,290.39,16803,-2106.32,2026/01/29 20:58:09
2669,290.5,16802.5,-2111.47,2026/01/29 20:58:09
2670,290.61,16813.2,-2104.15,2026/01/29 20:58:10
2671,290.72,16814.8,-2110.68,2026/01/29 20:58:10
2672,290.82,16820.4,-2105.78,2026/01/29 20:58:10
2673,290.93,16821.3,-2107.16,2026/01/29 20:58:10
2674,291.04,16825.1,-2106.3,2026/01/29 20:58:10
2675,291.15,16828.8,-2106.66,2026/01/29 20:58:10
2676,291.26,16825.4,-2107.26,2026/01/29 20:58:10
2677,291.37,16833,-2104.65,2026/01/29 20:58:10
2678,291.48,16831.3,-2109.29,2026/01/29 20:58:10
2679,291.58,16838.1,-2102.58,2026/01/29 20:58:10
2680,291.69,16835.9,-2106.96,2026/01/29 20:58:11
2681,291.8,16839.1,-2104.55,2026/01/29 20:58:11
2682,291.91,16854.4,-2104.34,2026/01/29 20:58:11
2683,292.02,16862.4,-2104.84,2026/01/29 20:58:11
2684,292.13,16870.7,-2108.28,2026/01/29 20:58:11
2685,292.24,16895.9,-2106.34,2026/01/29 20:58:11
2686,292.35,16861.7,-2107.2,2026/01/29 20:58:11
2687,292.46,16833.5,-2112.76,2026/01/29 20:58:11
2688,292.57,16819.1,-2111.13,2026/01/29 20:58:11
2689,292.67,16810.7,-2113.91,2026/01/29 20:58:12
2690,292.78,16799.6,-2113.8,2026/01/29 20:58:12
2691,292.89,16790.1,-2115.64,2026/01/29 20:58:12
2692,293,16777.5,-2117.51,2026/01/29 20:58:12
2693,293.11,16773.8,-2115.09,2026/01/29 20:58:12
2694,293.22,16765.8,-2116.08,2026/01/29 20:58:12
2695,293.33,16757.6,-2115.06,2026/01/29 20:58:12
2696,293.44,16752.6,-2115.83,2026/01/29 20:58:12
2697,293.55,16747.2,-2115.07,2026/01/29 20:58:12
2698,293.66,16742.1,-2117.48,2026/01/29 20:58:13
2699,293.76,16738.1,-2114.67,2026/01/29 20:58:13
2700,293.87,16732.9,-2117.55,2026/01/29 20:58:13
2701,293.98,16731.6,-2117.01,2026/01/29 20:58:13
2702,294.09,16735.7,-2115.29,2026/01/29 20:58:13
2703,294.2,16735,-2114.35,2026/01/29 20:58:13
2704,294.31,16742.4,-2113.29,2026/01/29 20:58:13
2705,294.42,16756.1,-2113.71,2026/01/29 20:58:13
2706,294.53,16781.6,-2109.5,2026/01/29 20:58:13
2707,294.63,16798.9,-2110.77,2026/01/29 20:58:14
2708,294.74,16796.7,-2107.81,2026/01/29 20:58:14
2709,294.85,16798,-2109.23,2026/01/29 20:58:14
2710,294.96,16797.5,-2108.36,2026/01/29 20:58:14
2711,295.07,16795.7,-2109.36,2026/01/29 20:58:14
2712,295.18,16800.4,-2109.71,2026/01/29 20:58:14
2713,295.29,16804.9,-2107.85,2026/01/29 20:58:14
2714,295.4,16808,-2110.18,2026/01/29 20:58:14
2715,295.51,16818.8,-2105.7,2026/01/29 20:58:14
2716,295.62,16820.7,-2110.08,2026/01/29 20:58:15
2717,295.72,16826,-2104.75,2026/01/29 20:58:15
2718,295.83,16823.5,-2109.02,2026/01/29 20:58:15
2719,295.94,16825.8,-2106.99,2026/01/29 20:58:15
2720,296.05,16834,-2106.63,2026/01/29 20:58:15
2721,296.16,16835.6,-2106.72,2026/01/29 20:58:15
2722,296.27,16837.7,-2104.5,2026/01/29 20:58:15
2723,296.38,16831.8,-2109.8,2026/01/29 20:58:15
2724,296.49,16841.6,-2104.16,2026/01/29 20:58:15
2725,296.6,16846.2,-2106.44,2026/01/29 20:58:16
2726,296.7,16863.5,-2104.62,2026/01/29 20:58:16
2727,296.81,16870.2,-2110.71,2026/01/29 20:58:16
2728,296.92,16887.9,-2109.19,2026/01/29 20:58:16
2729,297.03,16882.5,-2102.89,2026/01/29 20:58:16
2730,297.14,16834.6,-2112.94,2026/01/29 20:58:16
2731,297.25,16819,-2113.31,2026/01/29 20:58:16
2732,297.36,16805.2,-2114.54,2026/01/29 20:58:16
2733,297.47,16795.5,-2115.38,2026/01/29 20:58:16
2734,297.58,16778.7,-2113.78,2026/01/29 20:58:16
2735,297.69,16777.3,-2116.24,2026/01/29 20:58:17
2736,297.79,16769.4,-2114.59,2026/01/29 20:58:17
2737,297.9,16760.1,-2115.99,2026/01/29 20:58:17
2738,298.01,16755.8,-2115.58,2026/01/29 20:58:17
2739,298.12,16749.4,-2116.86,2026/01/29 20:58:17
2740,298.23,16746.6,-2116.25,2026/01/29 20:58:17
2741,298.34,16743.5,-2117.08,2026/01/29 20:58:17
2742,298.45,16743.9,-2115.74,2026/01/29 20:58:17
2743,298.56,16742.1,-2118.5,2026/01/29 20:58:17
2744,298.67,16743.4,-2113.62,2026/01/29 20:58:18
2745,298.77,16745.3,-2116.46,2026/01/29 20:58:18
2746,298.88,16753.9,-2113.22,2026/01/29 20:58:18
2747,298.99,16779.7,-2113.53,2026/01/29 20:58:18
2748,299.1,16804.9,-2110.21,2026/01/29 20:58:18
2749,299.21,16802.1,-2110.19,2026/01/29 20:58:18
2750,299.32,16792.9,-2112.43,2026/01/29 20:58:18
2751,299.43,16802.3,-2109.75,2026/01/29 20:58:18
2752,299.54,16799.9,-2110.32,2026/01/29 20:58:18
2753,299.65,16812.5,-2110.14,2026/01/29 20:58:19
2754,299.75,16815.6,-2107.03,2026/01/29 20:58:19
2755,299.86,16823.2,-2108.36,2026/01/29 20:58:19
2756,299.97,16825,-2107.77,2026/01/29 20:58:19
2757,300.08,16826.6,-2108.31,2026/01/29 20:58:19
2758,300.19,16831.8,-2106.61,2026/01/29 20:58:19
2759,300.3,16832.5,-2107.61,2026/01/29 20:58:19
2760,300.41,16838.7,-2105.66,2026/01/29 20:58:19
2761,300.52,16839.4,-2107.92,2026/01/29 20:58:19
2762,300.62,16840.1,-2104.59,2026/01/29 20:58:20
2763,300.73,16841.6,-2108.17,2026/01/29 20:58:20
2764,300.84,16843.8,-2104.6,2026/01/29 20:58:20
2765,300.95,16852.8,-2106.55,2026/01/29 20:58:20
2766,301.06,16866.3,-2105.11,2026/01/29 20:58:20
2767,301.17,16868.7,-2111.74,2026/01/29 20:58:20
2768,301.28,16882.6,-2110.17,2026/01/29 20:58:20
2769,301.39,16878.7,-2107.64,2026/01/29 20:58:20
2770,301.5,16840.2,-2112.35,2026/01/29 20:58:20
2771,301.6,16833.1,-2114.5,2026/01/29 20:58:21
2772,301.71,16815.2,-2113.02,2026/01/29 20:58:21
2773,301.82,16808.9,-2115.58,2026/01/29 20:58:21
2774,301.93,16796.5,-2115.84,2026/01/29 20:58:21
2775,302.04,16782.1,-2116.44,2026/01/29 20:58:21
2776,302.15,16781.3,-2115.94,2026/01/29 20:58:21
2777,302.26,16773.2,-2116.26,2026/01/29 20:58:21
2778,302.37,16768,-2115.18,2026/01/29 20:58:21
2779,302.48,16759.8,-2118.77,2026/01/29 20:58:21
2780,302.58,16760.4,-2113.96,2026/01/29 20:58:21
2781,302.69,16750.8,-2118.86,2026/01/29 20:58:22
2782,302.8,16760.9,-2114.44,2026/01/29 20:58:22
2783,302.91,16755.3,-2114.74,2026/01/29 20:58:22
2784,303.02,16763.8,-2115.22,2026/01/29 20:58:22
2785,303.13,16787.1,-2112.91,2026/01/29 20:58:22
2786,303.24,16807.9,-2112.97,2026/01/29 20:58:22
2787,303.35,16810.1,-2110.36,2026/01/29 20:58:22
2788,303.45,16802.2,-2110.27,2026/01/29 20:58:22
2789,303.56,16799.3,-2110.87,2026/01/29 20:58:22
2790,303.67,16811.2,-2111.39,2026/01/29 20:58:23
2791,303.78,16821.7,-2106.97,2026/01/29 20:58:23
2792,303.89,16828.1,-2109.3,2026/01/29 20:58:23
2793,304,16831.1,-2107.71,2026/01/29 20:58:23
2794,304.11,16835.2,-2107.49,2026/01/29 20:58:23
2795,304.22,16834.6,-2108.27,2026/01/29 20:58:23
2796,304.33,16841.1,-2106.01,2026/01/29 20:58:23
2797,304.43,16834.2,-2105.85,2026/01/29 20:58:23
2798,304.54,16839.6,-2108.22,2026/01/29 20:58:23
2799,304.65,16839.2,-2106.22,2026/01/29 20:58:24
2800,304.76,16847.1,-2105.73,2026/01/29 20:58:24
2801,304.87,16849.9,-2105.33,2026/01/29 20:58:24
2802,304.98,16845.3,-2106.82,2026/01/29 20:58:24
2803,305.09,16851.8,-2105.96,2026/01/29 20:58:24
2804,305.19,16848.6,-2107.67,2026/01/29 20:58:24
2805,305.3,16858.4,-2104.45,2026/01/29 20:58:24
2806,305.41,16865.4,-2106.85,2026/01/29 20:58:24
2807,305.52,16880.5,-2108.76,2026/01/29 20:58:24
2808,305.63,16867.2,-2110.37,2026/01/29 20:58:25
2809,305.74,16837.3,-2113.32,2026/01/29 20:58:25
2810,305.85,16818,-2112.94,2026/01/29 20:58:25
2811,305.96,16806.4,-2116.37,2026/01/29 20:58:25
2812,306.06,16798.3,-2115.07,2026/01/29 20:58:25
2813,306.17,16789,-2115.06,2026/01/29 20:58:25
2814,306.28,16783.2,-2114.1,2026/01/29 20:58:25
2815,306.39,16777.6,-2116.95,2026/01/29 20:58:25
2816,306.5,16772.1,-2112.67,2026/01/29 20:58:25
2817,306.61,16760.5,-2118.7,2026/01/29 20:58:26
2818,306.72,16761.4,-2115.58,2026/01/29 20:58:26
2819,306.83,16760.5,-2115.01,2026/01/29 20:58:26
2820,306.93,16776.4,-2116.15,2026/01/29 20:58:26
2821,307.04,16803.3,-2111.57,2026/01/29 20:58:26
2822,307.15,16807.3,-2110.75,2026/01/29 20:58:26
2823,307.26,16811,-2109.79,2026/01/29 20:58:26
2824,307.37,16803.1,-2109.89,2026/01/29 20:58:26
2825,307.48,16799.4,-2111.3,2026/01/29 20:58:26
2826,307.59,16806.6,-2111.98,2026/01/29 20:58:26
2827,307.7,16811.6,-2108.59,2026/01/29 20:58:27
2828,307.81,16814,-2111.24,2026/01/29 20:58:27
2829,307.91,16820.8,-2108.76,2026/01/29 20:58:27
2830,308.02,16831.1,-2107.67,2026/01/29 20:58:27
2831,308.13,16831.3,-2109.28,2026/01/29 20:58:27
2832,308.24,16840,-2105.65,2026/01/29 20:58:27
2833,308.35,16833.5,-2107.11,2026/01/29 20:58:27
2834,308.46,16844.6,-2108.75,2026/01/29 20:58:27
2835,308.57,16845,-2106.05,2026/01/29 20:58:27
2836,308.67,16845.1,-2106.83,2026/01/29 20:58:28
2837,308.78,16846.2,-2107.13,2026/01/29 20:58:28
2838,308.89,16845.8,-2106.91,2026/01/29 20:58:28
2839,309,16846.8,-2105.87,2026/01/29 20:58:28
2840,309.11,16848.4,-2107.82,2026/01/29 20:58:28
2841,309.22,16866.4,-2102.83,2026/01/29 20:58:28
2842,309.33,16872.2,-2110.98,2026/01/29 20:58:28
2843,309.44,16889.6,-2108.34,2026/01/29 20:58:28
2844,309.55,16856.4,-2112.4,2026/01/29 20:58:28
2845,309.65,16827.4,-2113.79,2026/01/29 20:58:29
2846,309.77,16812.7,-2114.57,2026/01/29 20:58:29
2847,309.87,16798.8,-2115.41,2026/01/29 20:58:29
2848,309.98,16789.1,-2114.26,2026/01/29 20:58:29
2849,310.09,16780.3,-2112.11,2026/01/29 20:58:29
2850,310.2,16768.9,-2114.74,2026/01/29 20:58:29
2851,310.31,16762.2,-2116.86,2026/01/29 20:58:29
2852,310.42,16759.9,-2113.96,2026/01/29 20:58:29
2853,310.52,16751.4,-2117.48,2026/01/29 20:58:29
2854,310.63,16754.2,-2114.08,2026/01/29 20:58:30
2855,310.74,16758.9,-2114.06,2026/01/29 20:58:30
2856,310.85,16775.6,-2113.4,2026/01/29 20:58:30
2857,310.96,16804,-2110.62,2026/01/29 20:58:30
2858,311.07,16808.3,-2110.35,2026/01/29 20:58:30
2859,311.18,16812.8,-2108.23,2026/01/29 20:58:30
2860,311.29,16799,-2109.91,2026/01/29 20:58:30
2861,311.4,16808.6,-2111.35,2026/01/29 20:58:30
2862,311.51,16814.2,-2107.81,2026/01/29 20:58:30
2863,311.62,16817.1,-2108.17,2026/01/29 20:58:31
2864,311.72,16820.1,-2109.81,2026/01/29 20:58:31
2865,311.83,16824.3,-2107.51,2026/01/29 20:58:31
2866,311.94,16830.1,-2108.32,2026/01/29 20:58:31
2867,312.05,16833,-2106.86,2026/01/29 20:58:31
2868,312.16,16835.6,-2107.45,2026/01/29 20:58:31
2869,312.27,16834.8,-2108.66,2026/01/29 20:58:31
2870,312.38,16844.2,-2105.75,2026/01/29 20:58:31
2871,312.49,16840.9,-2106.93,2026/01/29 20:58:31
2872,312.59,16846.3,-2108.51,2026/01/29 20:58:32
2873,312.7,16845.3,-2105.42,2026/01/29 20:58:32
2874,312.81,16849,-2107.44,2026/01/29 20:58:32
2875,312.92,16869.4,-2103.62,2026/01/29 20:58:32
2876,313.03,16871.2,-2110.1,2026/01/29 20:58:32
2877,313.14,16863.7,-2109.9,2026/01/29 20:58:32
2878,313.25,16832.1,-2111.91,2026/01/29 20:58:32
2879,313.36,16813.2,-2111.88,2026/01/29 20:58:32
2880,313.47,16800.5,-2114.55,2026/01/29 20:58:32
2881,313.58,16792,-2110.58,2026/01/29 20:58:32
2882,313.68,16779,-2116.21,2026/01/29 20:58:33
2883,313.79,16776.4,-2113.58,2026/01/29 20:58:33
2884,313.9,16766.1,-2114.2,2026/01/29 20:58:33
2885,314.01,16763.2,-2115.45,2026/01/29 20:58:33
2886,314.12,16756.4,-2115.24,2026/01/29 20:58:33
2887,314.23,16754.7,-2116,2026/01/29 20:58:33
2888,314.34,16757.8,-2114.02,2026/01/29 20:58:33
2889,314.45,16775.7,-2113.95,2026/01/29 20:58:33
2890,314.56,16803.5,-2111.59,2026/01/29 20:58:33
2891,314.66,16807.9,-2110.86,2026/01/29 20:58:34
2892,314.77,16807.6,-2106.23,2026/01/29 20:58:34
2893,314.88,16800.7,-2112.05,2026/01/29 20:58:34
2894,314.99,16804.2,-2109.84,2026/01/29 20:58:34
2895,315.1,16808.9,-2110.43,2026/01/29 20:58:34
2896,315.21,16819.2,-2107.98,2026/01/29 20:58:34
2897,315.32,16826.4,-2108.33,2026/01/29 20:58:34
2898,315.43,16830,-2109.79,2026/01/29 20:58:34
2899,315.54,16839.5,-2107.21,2026/01/29 20:58:34
2900,315.65,16832.6,-2107.2,2026/01/29 20:58:35
2901,315.75,16838.6,-2109.95,2026/01/29 20:58:35
2902,315.86,16840.6,-2106.58,2026/01/29 20:58:35
2903,315.97,16848.5,-2105.88,2026/01/29 20:58:35
2904,316.08,16845.2,-2108.34,2026/01/29 20:58:35
2905,316.19,16848.5,-2107.16,2026/01/29 20:58:35
2906,316.3,16853.3,-2105.09,2026/01/29 20:58:35
2907,316.41,16854.4,-2104.7,2026/01/29 20:58:35
2908,316.52,16881.7,-2102.11,2026/01/29 20:58:35
2909,316.62,16888.6,-2111.45,2026/01/29 20:58:36
2910,316.73,16886.5,-2106.19,2026/01/29 20:58:36
2911,316.84,16837.3,-2113.64,2026/01/29 20:58:36
2912,316.95,16826.1,-2115.08,2026/01/29 20:58:36
2913,317.06,16814.5,-2114.78,2026/01/29 20:58:36
2914,317.17,16795.4,-2115.49,2026/01/29 20:58:36
2915,317.28,16785.8,-2114.12,2026/01/29 20:58:36
2916,317.39,16775.3,-2116.1,2026/01/29 20:58:36
2917,317.5,16770.4,-2114.97,2026/01/29 20:58:36
2918,317.6,16763.2,-2116.15,2026/01/29 20:58:37
2919,317.71,16758.3,-2115.77,2026/01/29 20:58:37
2920,317.82,16757.5,-2117.62,2026/01/29 20:58:37
2921,317.93,16762.3,-2112.28,2026/01/29 20:58:37
2922,318.04,16774.5,-2114.65,2026/01/29 20:58:37
2923,318.15,16796.7,-2111.67,2026/01/29 20:58:37
2924,318.26,16811.1,-2110.33,2026/01/29 20:58:37
2925,318.37,16811.5,-2108.31,2026/01/29 20:58:37
2926,318.48,16808.2,-2108.22,2026/01/29 20:58:37
2927,318.58,16802.1,-2111.84,2026/01/29 20:58:37
2928,318.69,16817.4,-2109.51,2026/01/29 20:58:38
2929,318.8,16824.7,-2107.26,2026/01/29 20:58:38
2930,318.91,16831.4,-2109.66,2026/01/29 20:58:38
2931,319.02,16835.8,-2107.4,2026/01/29 20:58:38
2932,319.13,16840,-2107.07,2026/01/29 20:58:38
2933,319.24,16841.3,-2107.37,2026/01/29 20:58:38
2934,319.35,16839.3,-2107.71,2026/01/29 20:58:38
2935,319.45,16842.5,-2105.92,2026/01/29 20:58:38
2936,319.56,16842.3,-2108.96,2026/01/29 20:58:38
2937,319.67,16852.9,-2102.87,2026/01/29 20:58:39
2938,319.78,16847.6,-2109.17,2026/01/29 20:58:39
2939,319.89,16851.1,-2106.26,2026/01/29 20:58:39
2940,320,16850.5,-2107.89,2026/01/29 20:58:39
2941,320.11,16854.9,-2106.16,2026/01/29 20:58:39
2942,320.22,16866,-2105.13,2026/01/29 20:58:39
2943,320.33,16875.7,-2105.4,2026/01/29 20:58:39
2944,320.43,16880.4,-2108.57,2026/01/29 20:58:39
2945,320.54,16851.3,-2110.47,2026/01/29 20:58:39
2946,320.65,16816.6,-2113.53,2026/01/29 20:58:40
2947,320.76,16805.6,-2113.02,2026/01/29 20:58:40
2948,320.87,16792.7,-2112.97,2026/01/29 20:58:40
2949,320.98,16782.7,-2114.92,2026/01/29 20:58:40
2950,321.09,16774.8,-2111.48,2026/01/29 20:58:40
2951,321.2,16768.3,-2113.26,2026/01/29 20:58:40
2952,321.3,16757.9,-2114.73,2026/01/29 20:58:40
2953,321.41,16757.4,-2113.24,2026/01/29 20:58:40
2954,321.52,16747.8,-2116.85,2026/01/29 20:58:40
2955,321.63,16757.5,-2112.44,2026/01/29 20:58:41
2956,321.74,16773.4,-2112.05,2026/01/29 20:58:41
2957,321.85,16813.6,-2108.89,2026/01/29 20:58:41
2958,321.96,16807.8,-2107.87,2026/01/29 20:58:41
2959,322.06,16800.7,-2111.4,2026/01/29 20:58:41
2960,322.17,16816.6,-2108.34,2026/01/29 20:58:41
2961,322.28,16817.3,-2110.13,2026/01/29 20:58:41
2962,322.39,16825.8,-2109.6,2026/01/29 20:58:41
2963,322.5,16831.6,-2109.69,2026/01/29 20:58:41
2964,322.61,16836.6,-2106.93,2026/01/29 20:58:42
2965,322.72,16837.4,-2109.59,2026/01/29 20:58:42
2966,322.83,16839.5,-2107.66,2026/01/29 20:58:42
2967,322.93,16845.2,-2107.64,2026/01/29 20:58:42
2968,323.04,16847.3,-2107.4,2026/01/29 20:58:42
2969,323.15,16850.5,-2105.09,2026/01/29 20:58:42
2970,323.26,16844.3,-2108.12,2026/01/29 20:58:42
2971,323.37,16852.8,-2107.53,2026/01/29 20:58:42
2972,323.48,16860.9,-2105.29,2026/01/29 20:58:42
2973,323.59,16879.7,-2104.95,2026/01/29 20:58:42
2974,323.69,16888.9,-2105.3,2026/01/29 20:58:43
2975,323.8,16825.6,-2113.54,2026/01/29 20:58:43
2976,323.91,16810.3,-2112.74,2026/01/29 20:58:43
2977,324.02,16791.2,-2113.56,2026/01/29 20:58:43
2978,324.13,16777.6,-2111.48,2026/01/29 20:58:43
2979,324.24,16767.1,-2116.29,2026/01/29 20:58:43
2980,324.35,16762.8,-2110.82,2026/01/29 20:58:43
2981,324.46,16749.8,-2115.77,2026/01/29 20:58:43
2982,324.56,16742.9,-2117.1,2026/01/29 20:58:43
2983,324.67,16749.8,-2114.83,2026/01/29 20:58:44
2984,324.78,16745.1,-2115.72,2026/01/29 20:58:44
2985,324.89,16752.5,-2113.69,2026/01/29 20:58:44
2986,325,16775.5,-2113.07,2026/01/29 20:58:44
2987,325.11,16813.2,-2108.72,2026/01/29 20:58:44
2988,325.22,16808.7,-2105.54,2026/01/29 20:58:44
2989,325.33,16802.8,-2111.74,2026/01/29 20:58:44
2990,325.44,16815.1,-2108.75,2026/01/29 20:58:44
2991,325.54,16815.4,-2108.99,2026/01/29 20:58:44
2992,325.65,16816.6,-2109.69,2026/01/29 20:58:45
2993,325.76,16817.1,-2110.35,2026/01/29 20:58:45
2994,325.87,16822.5,-2108.79,2026/01/29 20:58:45
2995,325.98,16820.5,-2109.08,2026/01/29 20:58:45
2996,326.09,16826.5,-2106.82,2026/01/29 20:58:45
2997,326.2,16821.8,-2111.03,2026/01/29 20:58:45
2998,326.31,16831.1,-2107.24,2026/01/29 20:58:45
2999,326.42,16830.2,-2108.07,2026/01/29 20:58:45
3000,326.52,16839.3,-2107.08,2026/01/29 20:58:45
3001,326.63,16835.2,-2106.95,2026/01/29 20:58:46
3002,326.74,16837.4,-2107.73,2026/01/29 20:58:46
3003,326.85,16837,-2106.5,2026/01/29 20:58:46
3004,326.96,16834.9,-2108.01,2026/01/29 20:58:46
3005,327.07,16839.3,-2106.2,2026/01/29 20:58:46
3006,327.18,16836.6,-2107.74,2026/01/29 20:58:46
3007,327.29,16842.5,-2108.5,2026/01/29 20:58:46
3008,327.4,16846.8,-2112.22,2026/01/29 20:58:46
3009,327.51,16857.8,-2108.26,2026/01/29 20:58:46
3010,327.61,16868.9,-2113.45,2026/01/29 20:58:47
3011,327.72,16874.7,-2112.35,2026/01/29 20:58:47
3012,327.83,16883.8,-2109.52,2026/01/29 20:58:47
3013,327.94,16851.9,-2111.12,2026/01/29 20:58:47
3014,328.05,16821.4,-2112.71,2026/01/29 20:58:47
3015,328.16,16791.6,-2113.99,2026/01/29 20:58:47
3016,328.27,16785.4,-2115.66,2026/01/29 20:58:47
3017,328.37,16769.3,-2113.58,2026/01/29 20:58:47
3018,328.48,16762.8,-2116.51,2026/01/29 20:58:47
3019,328.59,16753.4,-2115.54,2026/01/29 20:58:48
3020,328.7,16754.5,-2116.06,2026/01/29 20:58:48
3021,328.81,16749.1,-2115.73,2026/01/29 20:58:48
3022,328.92,16745.5,-2116.7,2026/01/29 20:58:48
3023,329.03,16747.1,-2115.68,2026/01/29 20:58:48
3024,329.14,16751.9,-2116.22,2026/01/29 20:58:48
3025,329.25,16772.4,-2111.54,2026/01/29 20:58:48
3026,329.36,16796,-2113.33,2026/01/29 20:58:48
3027,329.47,16817.2,-2105.48,2026/01/29 20:58:48
3028,329.57,16805.7,-2110.32,2026/01/29 20:58:48
3029,329.68,16809.9,-2107.78,2026/01/29 20:58:49
3030,329.79,16807.6,-2109.3,2026/01/29 20:58:49
3031,329.9,16816.6,-2106.97,2026/01/29 20:58:49
3032,330.01,16818,-2107.57,2026/01/29 20:58:49
3033,330.12,16822,-2108.68,2026/01/29 20:58:49
3034,330.23,16830.8,-2108.27,2026/01/29 20:58:49
3035,330.34,16829.8,-2106.19,2026/01/29 20:58:49
3036,330.44,16835.2,-2108.75,2026/01/29 20:58:49
3037,330.55,16834.6,-2107.79,2026/01/29 20:58:49
3038,330.66,16837.8,-2107.87,2026/01/29 20:58:50
3039,330.77,16844.4,-2107.4,2026/01/29 20:58:50
3040,330.88,16843,-2107.67,2026/01/29 20:58:50
3041,330.99,16862.2,-2104.74,2026/01/29 20:58:50
3042,331.1,16846.3,-2108.01,2026/01/29 20:58:50
3043,331.21,16813.3,-2110.27,2026/01/29 20:58:50
3044,331.31,16800.3,-2114.83,2026/01/29 20:58:50
3045,331.42,16788.2,-2110.06,2026/01/29 20:58:50
3046,331.53,16774.6,-2113.23,2026/01/29 20:58:50
3047,331.64,16765.7,-2112.05,2026/01/29 20:58:51
3048,331.75,16753.2,-2114.16,2026/01/29 20:58:51
3049,331.86,16740.3,-2114.12,2026/01/29 20:58:51
3050,331.97,16734.2,-2114.27,2026/01/29 20:58:51
3051,332.08,16727.4,-2117.42,2026/01/29 20:58:51
3052,332.19,16738.5,-2113.4,2026/01/29 20:58:51
3053,332.29,16738.4,-2114.43,2026/01/29 20:58:51
3054,332.4,16775.9,-2112.44,2026/01/29 20:58:51
3055,332.51,16808.5,-2105.6,2026/01/29 20:58:51
3056,332.62,16810.3,-2107.41,2026/01/29 20:58:52
3057,332.73,16807.9,-2108.14,2026/01/29 20:58:52
3058,332.84,16820.6,-2107.06,2026/01/29 20:58:52
3059,332.95,16823.5,-2107.81,2026/01/29 20:58:52
3060,333.06,16828.4,-2107.75,2026/01/29 20:58:52
3061,333.16,16832,-2107.84,2026/01/29 20:58:52
3062,333.27,16837,-2109.47,2026/01/29 20:58:52
3063,333.38,16846.1,-2105.07,2026/01/29 20:58:52
3064,333.49,16846.6,-2108.95,2026/01/29 20:58:52
3065,333.6,16852.7,-2105.09,2026/01/29 20:58:53
3066,333.71,16870.5,-2106.46,2026/01/29 20:58:53
3067,333.82,16873.5,-2106.63,2026/01/29 20:58:53
3068,333.93,16816.6,-2112.51,2026/01/29 20:58:53
3069,334.04,16799,-2113.91,2026/01/29 20:58:53
3070,334.15,16783.6,-2111.1,2026/01/29 20:58:53
3071,334.25,16763.4,-2116.47,2026/01/29 20:58:53
3072,334.36,16761,-2113.16,2026/01/29 20:58:53
3073,334.47,16743.7,-2117.02,2026/01/29 20:58:53
3074,334.58,16740.6,-2115.85,2026/01/29 20:58:53
3075,334.69,16733.5,-2116.58,2026/01/29 20:58:54
3076,334.8,16732.7,-2116.61,2026/01/29 20:58:54
3077,334.91,16743,-2112.93,2026/01/29 20:58:54
3078,335.02,16769.3,-2112.29,2026/01/29 20:58:54
3079,335.12,16810,-2108.03,2026/01/29 20:58:54
3080,335.23,16806.9,-2107.72,2026/01/29 20:58:54
3081,335.34,16813.3,-2108.99,2026/01/29 20:58:54
3082,335.45,16816.8,-2107.57,2026/01/29 20:58:54
3083,335.56,16823,-2109.73,2026/01/29 20:58:54
3084,335.67,16832.1,-2105.68,2026/01/29 20:58:55
3085,335.78,16829.5,-2108.64,2026/01/29 20:58:55
3086,335.89,16830.4,-2106.5,2026/01/29 20:58:55
3087,336,16828.5,-2108.51,2026/01/29 20:58:55
3088,336.1,16829.9,-2107.93,2026/01/29 20:58:55
3089,336.21,16831,-2108.57,2026/01/29 20:58:55
3090,336.32,16832.7,-2107.15,2026/01/29 20:58:55
3091,336.43,16830.6,-2109.01,2026/01/29 20:58:55
3092,336.54,16836.8,-2107.34,2026/01/29 20:58:55
3093,336.65,16847.4,-2106.72,2026/01/29 20:58:56
3094,336.76,16859.1,-2106.14,2026/01/29 20:58:56
3095,336.87,16826.6,-2112.42,2026/01/29 20:58:56
3096,336.98,16811.6,-2113.09,2026/01/29 20:58:56
3097,337.09,16804.3,-2112.12,2026/01/29 20:58:56
3098,337.19,16790,-2114.84,2026/01/29 20:58:56
3099,337.3,16782.2,-2110.44,2026/01/29 20:58:56
3100,337.41,16771.8,-2117.08,2026/01/29 20:58:56
3101,337.52,16771.1,-2112.23,2026/01/29 20:58:56
3102,337.63,16768.9,-2115.67,2026/01/29 20:58:57
3103,337.74,16790.1,-2112.39,2026/01/29 20:58:57
3104,337.85,16798.3,-2109.44,2026/01/29 20:58:57
3105,337.95,16803.8,-2109.68,2026/01/29 20:58:57
3106,338.06,16808,-2107.11,2026/01/29 20:58:57
3107,338.17,16807.1,-2111.09,2026/01/29 20:58:57
3108,338.28,16813.1,-2106.66,2026/01/29 20:58:57
3109,338.39,16811,-2111.79,2026/01/29 20:58:57
3110,338.5,16815.1,-2109.27,2026/01/29 20:58:57
3111,338.61,16818.2,-2109.78,2026/01/29 20:58:58
3112,338.72,16822,-2109.38,2026/01/29 20:58:58
3113,338.83,16826.9,-2108.56,2026/01/29 20:58:58
3114,338.94,16824.2,-2109.46,2026/01/29 20:58:58
3115,339.04,16828.6,-2106.91,2026/01/29 20:58:58
3116,339.15,16822.4,-2111.09,2026/01/29 20:58:58
3117,339.26,16829,-2106.29,2026/01/29 20:58:58
3118,339.37,16823.6,-2110.53,2026/01/29 20:58:58
3119,339.48,16826.8,-2107.59,2026/01/29 20:58:58
3120,339.59,16826,-2109.37,2026/01/29 20:58:58
3121,339.7,16826.6,-2108.27,2026/01/29 20:58:59
3122,339.8,16827.3,-2107.57,2026/01/29 20:58:59
3123,339.91,16822.6,-2110.29,2026/01/29 20:58:59
3124,340.02,16829.1,-2106.28,2026/01/29 20:58:59
3125,340.13,16823.3,-2110.53,2026/01/29 20:58:59
3126,340.24,16827.6,-2108.12,2026/01/29 20:58:59
3127,340.35,16825.7,-2109.81,2026/01/29 20:58:59
3128,340.46,16825.8,-2108.18,2026/01/29 20:58:59
3129,340.57,16827.4,-2106.89,2026/01/29 20:58:59
3130,340.67,16831.4,-2110.92,2026/01/29 20:59:00
3131,340.78,16838.3,-2106.72,2026/01/29 20:59:00
3132,340.89,16833.1,-2112.41,2026/01/29 20:59:00
3133,341,16837.7,-2106.9,2026/01/29 20:59:00
3134,341.11,16834.4,-2110.83,2026/01/29 20:59:00
3135,341.22,16836.2,-2108.25,2026/01/29 20:59:00
3136,341.33,16836.3,-2108.93,2026/01/29 20:59:00
3137,341.44,16834.7,-2109.01,2026/01/29 20:59:00
3138,341.55,16837.5,-2109.05,2026/01/29 20:59:00
3139,341.65,16833.8,-2110.8,2026/01/29 20:59:01
3140,341.76,16837.8,-2106.92,2026/01/29 20:59:01
3141,341.87,16834.3,-2112.51,2026/01/29 20:59:01
3142,341.98,16836.6,-2107.15,2026/01/29 20:59:01
3143,342.09,16835.3,-2111.26,2026/01/29 20:59:01
3144,342.2,16835.8,-2108.49,2026/01/29 20:59:01
3145,342.31,16836.3,-2109.53,2026/01/29 20:59:01
3146,342.42,16834.2,-2109.91,2026/01/29 20:59:01
3147,342.53,16837.4,-2109.86,2026/01/29 20:59:01
3148,342.64,16834,-2109.74,2026/01/29 20:59:02
3149,342.74,16835.9,-2109.51,2026/01/29 20:59:02
3150,342.85,16835.5,-2110.66,2026/01/29 20:59:02
3151,342.96,16835.7,-2109.08,2026/01/29 20:59:02
3152,343.07,16836.2,-2110.02,2026/01/29 20:59:02
3153,343.18,16835.9,-2109.3,2026/01/29 20:59:02
3154,343.29,16836.7,-2108.47,2026/01/29 20:59:02
3155,343.4,16834.5,-2110.27,2026/01/29 20:59:02
3156,343.5,16836.5,-2109.81,2026/01/29 20:59:02
3157,343.61,16834.7,-2108.98,2026/01/29 20:59:03
3158,343.72,16837,-2111.23,2026/01/29 20:59:03
3159,343.83,16833.9,-2109.15,2026/01/29 20:59:03
3160,343.94,16836.2,-2110.2,2026/01/29 20:59:03
3161,344.05,16835.1,-2109.86,2026/01/29 20:59:03
3162,344.16,16835.5,-2110.47,2026/01/29 20:59:03
3163,344.27,16837.1,-2109.09,2026/01/29 20:59:03
3164,344.38,16834.1,-2111.03,2026/01/29 20:59:03
3165,344.48,16839.1,-2109.52,2026/01/29 20:59:03
3166,344.59,16831.5,-2111.24,2026/01/29 20:59:04
3167,344.7,16839.5,-2109.07,2026/01/29 20:59:04
3168,344.81,16832.7,-2111.79,2026/01/29 20:59:04
3169,344.92,16837.1,-2109.08,2026/01/29 20:59:04
3170,345.03,16835.6,-2111.12,2026/01/29 20:59:04
3171,345.14,16835.1,-2110.04,2026/01/29 20:59:04
3172,345.25,16838,-2110.04,2026/01/29 20:59:04
3173,345.36,16834,-2111.77,2026/01/29 20:59:04
3174,345.46,16836.9,-2107.95,2026/01/29 20:59:04
3175,345.57,16835.6,-2112.76,2026/01/29 20:59:04
3176,345.68,16836.5,-2108.45,2026/01/29 20:59:05
3177,345.79,16836.1,-2110.58,2026/01/29 20:59:05
3178,345.9,16836.5,-2110.72,2026/01/29 20:59:05
3179,346.01,16836.9,-2109.85,2026/01/29 20:59:05
3180,346.12,16835.1,-2111.72,2026/01/29 20:59:05
3181,346.23,16837,-2110.24,2026/01/29 20:59:05
3182,346.34,16834.8,-2110.17,2026/01/29 20:59:05
3183,346.44,16838.7,-2111.03,2026/01/29 20:59:05
3184,346.55,16833.3,-2109.56,2026/01/29 20:59:05
3185,346.66,16838.8,-2111.09,2026/01/29 20:59:06
3186,346.77,16834.7,-2110.81,2026/01/29 20:59:06
3187,346.88,16836.1,-2110.04,2026/01/29 20:59:06
3188,346.99,16836.6,-2110.92,2026/01/29 20:59:06
3189,347.1,16834.8,-2111.06,2026/01/29 20:59:06
3190,347.21,16838.7,-2109.86,2026/01/29 20:59:06
3191,347.32,16834.3,-2112.76,2026/01/29 20:59:06
3192,347.42,16837.6,-2107.93,2026/01/29 20:59:06
3193,347.53,16836.1,-2112.38,2026/01/29 20:59:06
3194,347.64,16836.7,-2110.07,2026/01/29 20:59:07
3195,347.75,16838.1,-2110.57,2026/01/29 20:59:07
3196,347.86,16835.8,-2111.66,2026/01/29 20:59:07
3197,347.97,16838.5,-2109.31,2026/01/29 20:59:07
3198,348.08,16836.3,-2110.75,2026/01/29 20:59:07
3199,348.19,16839.4,-2110.28,2026/01/29 20:59:07
3200,348.3,16834.1,-2110.45,2026/01/29 20:59:07
3201,348.4,16841.2,-2110.81,2026/01/29 20:59:07
3202,348.51,16834.7,-2111.48,2026/01/29 20:59:07
3203,348.62,16839.3,-2109.77,2026/01/29 20:59:08
3204,348.73,16838.2,-2110.75,2026/01/29 20:59:08
3205,348.84,16836.1,-2109.9,2026/01/29 20:59:08
3206,348.95,16840.4,-2109.65,2026/01/29 20:59:08
3207,349.06,16838.2,-2111.47,2026/01/29 20:59:08
3208,349.17,16838.7,-2108.88,2026/01/29 20:59:08
3209,349.27,16838.8,-2110.15,2026/01/29 20:59:08
3210,349.38,16839.3,-2110.87,2026/01/29 20:59:08
3211,349.49,16838.8,-2109.66,2026/01/29 20:59:08
3212,349.6,16839.4,-2110.79,2026/01/29 20:59:09
3213,349.71,16840.6,-2108.95,2026/01/29 20:59:09
3214,349.82,16838.1,-2110.86,2026/01/29 20:59:09
3215,349.93,16844.5,-2108.63,2026/01/29 20:59:09
3216,350.04,16838.2,-2113.06,2026/01/29 20:59:09
3217,350.14,16841.8,-2107.65,2026/01/29 20:59:09
3218,350.25,16841,-2111.08,2026/01/29 20:59:09
3219,350.36,16840.9,-2109.56,2026/01/29 20:59:09
3220,350.47,16841.8,-2109.78,2026/01/29 20:59:09
3221,350.58,16840,-2111.91,2026/01/29 20:59:09
3222,350.69,16842.2,-2109.7,2026/01/29 20:59:10
3223,350.8,16838.8,-2110.65,2026/01/29 20:59:10
3224,350.91,16844.5,-2110.8,2026/01/29 20:59:10
3225,351.02,16837.8,-2110.85,2026/01/29 20:59:10
3226,351.13,16844.5,-2109.13,2026/01/29 20:59:10
3227,351.23,16840.6,-2111.26,2026/01/29 20:59:10
3228,351.34,16842.1,-2108.72,2026/01/29 20:59:10
3229,351.45,16843.5,-2110.72,2026/01/29 20:59:10
3230,351.56,16840.9,-2110.84,2026/01/29 20:59:10
3231,351.67,16843,-2109.6,2026/01/29 20:59:11
3232,351.78,16842,-2109.69,2026/01/29 20:59:11
3233,351.89,16844,-2111.46,2026/01/29 20:59:11
3234,352,16840.3,-2109.34,2026/01/29 20:59:11
3235,352.1,16844.8,-2110.98,2026/01/29 20:59:11
3236,352.21,16842.1,-2110.69,2026/01/29 20:59:11
3237,352.32,16842.8,-2109.94,2026/01/29 20:59:11
3238,352.43,16843.8,-2111.2,2026/01/29 20:59:11
3239,352.54,16841.5,-2110.23,2026/01/29 20:59:11
3240,352.65,16844.8,-2108.96,2026/01/29 20:59:12
3241,352.76,16842.8,-2111.33,2026/01/29 20:59:12
3242,352.87,16843.8,-2110.21,2026/01/29 20:59:12
3243,352.98,16842.9,-2108.88,2026/01/29 20:59:12
3244,353.09,16845.7,-2111.2,2026/01/29 20:59:12
3245,353.2,16842.8,-2110.01,2026/01/29 20:59:12
3246,353.3,16844.7,-2110.99,2026/01/29 20:59:12
3247,353.41,16844.5,-2110.65,2026/01/29 20:59:12
3248,353.52,16842.6,-2110.32,2026/01/29 20:59:12
3249,353.63,16846.4,-2109.3,2026/01/29 20:59:13
3250,353.74,16843.1,-2111.86,2026/01/29 20:59:13
3251,353.85,16845.4,-2108.08,2026/01/29 20:59:13
3252,353.96,16844.5,-2111.54,2026/01/29 20:59:13
3253,354.07,16845,-2110.4,2026/01/29 20:59:13
3254,354.18,16844.7,-2109.48,2026/01/29 20:59:13
3255,354.28,16845.5,-2110.71,2026/01/29 20:59:13
3256,354.39,16846.7,-2108.73,2026/01/29 20:59:13
3257,354.5,16844.6,-2110.95,2026/01/29 20:59:13
3258,354.61,16850.6,-2109.62,2026/01/29 20:59:14
3259,354.72,16842.4,-2112.68,2026/01/29 20:59:14
3260,354.83,16849.7,-2107.1,2026/01/29 20:59:14
3261,354.94,16846.2,-2111.64,2026/01/29 20:59:14
3262,355.05,16846.9,-2108.98,2026/01/29 20:59:14
3263,355.16,16846.8,-2111.27,2026/01/29 20:59:14
3264,355.27,16846.2,-2110.44,2026/01/29 20:59:14
3265,355.37,16848.7,-2109.3,2026/01/29 20:59:14
3266,355.48,16846.9,-2110.56,2026/01/29 20:59:14
3267,355.59,16849.3,-2110.09,2026/01/29 20:59:15
3268,355.7,16844.8,-2110.16,2026/01/29 20:59:15
3269,355.81,16851.6,-2110.36,2026/01/29 20:59:15
3270,355.92,16845.2,-2111.6,2026/01/29 20:59:15
3271,356.03,16849.6,-2108.53,2026/01/29 20:59:15
3272,356.14,16847.4,-2111.5,2026/01/29 20:59:15
3273,356.25,16848.9,-2108.82,2026/01/29 20:59:15
3274,356.36,16850.1,-2110.26,2026/01/29 20:59:15
3275,356.46,16847.9,-2110.76,2026/01/29 20:59:15
3276,356.58,16849.8,-2110.06,2026/01/29 20:59:15
3277,356.68,16848.1,-2110.71,2026/01/29 20:59:16
3278,356.79,16850.2,-2110.98,2026/01/29 20:59:16
3279,356.9,16846.7,-2108.79,2026/01/29 20:59:16
3280,357.01,16852.2,-2110.71,2026/01/29 20:59:16
3281,357.12,16847.5,-2110.25,2026/01/29 20:59:16
3282,357.23,16851.2,-2109.82,2026/01/29 20:59:16
3283,357.34,16849.3,-2110.36,2026/01/29 20:59:16
3284,357.45,16847.7,-2110.63,2026/01/29 20:59:16
3285,357.55,16852.2,-2109.47,2026/01/29 20:59:16
3286,357.66,16849.4,-2111.89,2026/01/29 20:59:17
3287,357.77,16850.6,-2108.24,2026/01/29 20:59:17
3288,357.88,16850.6,-2110.87,2026/01/29 20:59:17
3289,357.99,16851.6,-2109.8,2026/01/29 20:59:17
3290,358.1,16850.4,-2109.88,2026/01/29 20:59:17
3291,358.21,16851,-2110.99,2026/01/29 20:59:17
3292,358.32,16852,-2109.2,2026/01/29 20:59:17
3293,358.43,16849.4,-2110.86,2026/01/29 20:59:17
3294,358.54,16855,-2109.28,2026/01/29 20:59:17
3295,358.64,16847.9,-2111.2,2026/01/29 20:59:18
3296,358.75,16860.2,-2106.22,2026/01/29 20:59:18
3297,358.86,16850.7,-2112.26,2026/01/29 20:59:18
3298,358.97,16854,-2108.79,2026/01/29 20:59:18
3299,359.08,16855.1,-2109.98,2026/01/29 20:59:18
3300,359.19,16852.7,-2110.09,2026/01/29 20:59:18
3301,359.3,16855.1,-2109.46,2026/01/29 20:59:18
3302,359.41,16853.9,-2109.86,2026/01/29 20:59:18
3303,359.52,16855.4,-2109.55,2026/01/29 20:59:18
3304,359.62,16852.7,-2108.39,2026/01/29 20:59:19
3305,359.73,16856.6,-2111.1,2026/01/29 20:59:19
3306,359.84,16852.8,-2109.2,2026/01/29 20:59:19
3307,359.95,16856,-2110.25,2026/01/29 20:59:19
3308,360.06,16855.3,-2110.38,2026/01/29 20:59:19
3309,360.17,16853,-2110.35,2026/01/29 20:59:19
3310,360.28,16859,-2108.01,2026/01/29 20:59:19
3311,360.38,16853.3,-2112.52,2026/01/29 20:59:19
3312,360.49,16857.5,-2106.77,2026/01/29 20:59:19
3313,360.6,16854.7,-2112.25,2026/01/29 20:59:20
3314,360.71,16855.8,-2108.87,2026/01/29 20:59:20
3315,360.82,16856.2,-2110.37,2026/01/29 20:59:20
3316,360.93,16854.8,-2110.6,2026/01/29 20:59:20
3317,361.04,16857.1,-2109.82,2026/01/29 20:59:20
3318,361.15,16854.9,-2109.74,2026/01/29 20:59:20
3319,361.26,16858.3,-2110.55,2026/01/29 20:59:20
3320,361.36,16854.5,-2108.34,2026/01/29 20:59:20
3321,361.47,16859.1,-2110.15,2026/01/29 20:59:20
3322,361.58,16854.5,-2109.49,2026/01/29 20:59:20
3323,361.69,16858.6,-2109.82,2026/01/29 20:59:21
3324,361.8,16856.9,-2110.12,2026/01/29 20:59:21
3325,361.91,16855.4,-2110.39,2026/01/29 20:59:21
3326,362.02,16859.7,-2108.48,2026/01/29 20:59:21
3327,362.13,16855.6,-2112.38,2026/01/29 20:59:21
3328,362.23,16859.2,-2107.12,2026/01/29 20:59:21
3329,362.34,16857.7,-2110.81,2026/01/29 20:59:21
3330,362.45,16858.1,-2108.59,2026/01/29 20:59:21
3331,362.56,16859.1,-2109.75,2026/01/29 20:59:21
3332,362.67,16857.5,-2110.66,2026/01/29 20:59:22
3333,362.78,16858.8,-2109.72,2026/01/29 20:59:22
3334,362.89,16857.5,-2110.18,2026/01/29 20:59:22
3335,363,16859.9,-2110.08,2026/01/29 20:59:22
3336,363.11,16856.1,-2108.48,2026/01/29 20:59:22
3337,363.21,16861.6,-2110.7,2026/01/29 20:59:22
3338,363.32,16856.7,-2109.07,2026/01/29 20:59:22
3339,363.43,16860.2,-2109.97,2026/01/29 20:59:22
3340,363.54,16859,-2109.7,2026/01/29 20:59:22
3341,363.65,16857.4,-2109.58,2026/01/29 20:59:23
3342,363.76,16861.9,-2108.81,2026/01/29 20:59:23
3343,363.87,16856.8,-2111.8,2026/01/29 20:59:23
3344,363.98,16862.5,-2107.14,2026/01/29 20:59:23
3345,364.09,16859.1,-2112.34,2026/01/29 20:59:23
3346,364.19,16860.9,-2107.47,2026/01/29 20:59:23
3347,364.3,16860.5,-2110.35,2026/01/29 20:59:23
3348,364.41,16860.6,-2109.53,2026/01/29 20:59:23
3349,364.52,16861.7,-2109.02,2026/01/29 20:59:23
3350,364.63,16859.3,-2110.47,2026/01/29 20:59:24
3351,364.74,16862.2,-2108.81,2026/01/29 20:59:24
3352,364.85,16859.6,-2110.16,2026/01/29 20:59:24
3353,364.96,16862.8,-2109.49,2026/01/29 20:59:24
3354,365.07,16857.5,-2109.27,2026/01/29 20:59:24
3355,365.18,16863.8,-2109.56,2026/01/29 20:59:24
3356,365.29,16857.7,-2109.21,2026/01/29 20:59:24
3357,365.39,16863.2,-2109.3,2026/01/29 20:59:24
3358,365.5,16859.8,-2110.5,2026/01/29 20:59:24
3359,365.61,16860.9,-2109.92,2026/01/29 20:59:25
3360,365.72,16861.8,-2110.31,2026/01/29 20:59:25
3361,365.83,16859.6,-2110.18,2026/01/29 20:59:25
3362,365.94,16862.7,-2108.5,2026/01/29 20:59:25
3363,366.05,16860.9,-2110.75,2026/01/29 20:59:25
3364,366.16,16861.7,-2107.67,2026/01/29 20:59:25
3365,366.27,16861,-2110.85,2026/01/29 20:59:25
3366,366.37,16861.3,-2109.42,2026/01/29 20:59:25
3367,366.48,16860.9,-2109.38,2026/01/29 20:59:25
3368,366.59,16861.6,-2110.22,2026/01/29 20:59:26
3369,366.7,16862.5,-2109.35,2026/01/29 20:59:26
3370,366.81,16860.6,-2110.88,2026/01/29 20:59:26
3371,366.92,16863.1,-2109.57,2026/01/29 20:59:26
3372,367.03,16859,-2110.16,2026/01/29 20:59:26
3373,367.14,16866.3,-2108.85,2026/01/29 20:59:26
3374,367.25,16858.7,-2110.18,2026/01/29 20:59:26
3375,367.36,16865.3,-2108.43,2026/01/29 20:59:26
3376,367.46,16860.9,-2110.76,2026/01/29 20:59:26
3377,367.57,16863.2,-2108.98,2026/01/29 20:59:26
3378,367.68,16863.4,-2109.78,2026/01/29 20:59:27
3379,367.79,16861.4,-2109.45,2026/01/29 20:59:27
3380,367.9,16864.6,-2109.48,2026/01/29 20:59:27
3381,368.01,16862.3,-2110.83,2026/01/29 20:59:27
3382,368.12,16863.3,-2109.09,2026/01/29 20:59:27
3383,368.23,16863.1,-2110.73,2026/01/29 20:59:27
3384,368.34,16863.1,-2109.5,2026/01/29 20:59:27
3385,368.45,16863.5,-2109.29,2026/01/29 20:59:27
3386,368.55,16863.7,-2109.88,2026/01/29 20:59:27
3387,368.66,16863.7,-2108.97,2026/01/29 20:59:28
3388,368.77,16862.3,-2111.22,2026/01/29 20:59:28
3389,368.88,16866.5,-2109.28,2026/01/29 20:59:28
3390,368.99,16859.7,-2110.03,2026/01/29 20:59:28
3391,369.1,16867.2,-2109.29,2026/01/29 20:59:28
3392,369.21,16861,-2110.65,2026/01/29 20:59:28
3393,369.32,16865.4,-2108.83,2026/01/29 20:59:28
3394,369.43,16863.1,-2111.01,2026/01/29 20:59:28
3395,369.53,16863.3,-2109.81,2026/01/29 20:59:28
3396,369.64,16864.6,-2109.65,2026/01/29 20:59:29
3397,369.75,16862.3,-2109.79,2026/01/29 20:59:29
3398,369.86,16865.1,-2108.59,2026/01/29 20:59:29
3399,369.97,16863.9,-2110.47,2026/01/29 20:59:29
3400,370.08,16864,-2108.68,2026/01/29 20:59:29
3401,370.19,16864.1,-2109.51,2026/01/29 20:59:29
3402,370.3,16864.8,-2109.46,2026/01/29 20:59:29
3403,370.41,16863.8,-2109.64,2026/01/29 20:59:29
3404,370.51,16863.4,-2111.06,2026/01/29 20:59:29
3405,370.62,16864.8,-2109.65,2026/01/29 20:59:30
3406,370.73,16861.2,-2109.9,2026/01/29 20:59:30
3407,370.84,16868.1,-2109.88,2026/01/29 20:59:30
3408,370.95,16861.3,-2109.73,2026/01/29 20:59:30
3409,371.06,16866.4,-2109.49,2026/01/29 20:59:30
3410,371.17,16863.6,-2110.4,2026/01/29 20:59:30
3411,371.28,16864.4,-2109.44,2026/01/29 20:59:30
3412,371.38,16865.1,-2110.4,2026/01/29 20:59:30
3413,371.49,16862.5,-2109.14,2026/01/29 20:59:30
3414,371.6,16866.3,-2108.39,2026/01/29 20:59:31
3415,371.71,16863.7,-2110.98,2026/01/29 20:59:31
3416,371.82,16865.2,-2107.6,2026/01/29 20:59:31
3417,371.93,16865.2,-2111.13,2026/01/29 20:59:31
3418,372.04,16864.9,-2108.97,2026/01/29 20:59:31
3419,372.15,16864.8,-2109.37,2026/01/29 20:59:31
3420,372.26,16865.4,-2110.63,2026/01/29 20:59:31
3421,372.37,16864,-2108.65,2026/01/29 20:59:31
3422,372.48,16865.4,-2109.8,2026/01/29 20:59:31
3423,372.58,16865.5,-2109.18,2026/01/29 20:59:31
3424,372.69,16863.8,-2110.64,2026/01/29 20:59:32
3425,372.8,16868.9,-2108.74,2026/01/29 20:59:32
3426,372.91,16861.7,-2110,2026/01/29 20:59:32
3427,373.02,16871.9,-2107.69,2026/01/29 20:59:32
3428,373.13,16864.5,-2111.02,2026/01/29 20:59:32
3429,373.24,16877.4,-2107.45,2026/01/29 20:59:32
3430,373.35,16878.6,-2107.96,2026/01/29 20:59:32
3431,373.46,16872.5,-2106.84,2026/01/29 20:59:32
3432,373.57,16884.2,-2107.62,2026/01/29 20:59:32
3433,373.67,16848.1,-2109.3,2026/01/29 20:59:33
3434,373.78,16832.2,-2109.17,2026/01/29 20:59:33
3435,373.89,16813.3,-2111.57,2026/01/29 20:59:33
3436,374,16801.6,-2109.79,2026/01/29 20:59:33
3437,374.11,16799.7,-2112.34,2026/01/29 20:59:33
3438,374.22,16791.8,-2113.13,2026/01/29 20:59:33
3439,374.33,16805.1,-2112.2,2026/01/29 20:59:33
3440,374.44,16855.8,-2105.61,2026/01/29 20:59:33
3441,374.55,16855.3,-2107.11,2026/01/29 20:59:33
3442,374.66,16874.1,-2106.73,2026/01/29 20:59:34
3443,374.76,16876.5,-2105.67,2026/01/29 20:59:34
3444,374.87,16878.7,-2106.44,2026/01/29 20:59:34
3445,374.98,16891.2,-2103.7,2026/01/29 20:59:34
3446,375.09,16866.6,-2106.6,2026/01/29 20:59:34
3447,375.2,16826.7,-2106.39,2026/01/29 20:59:34
3448,375.31,16780.1,-2112.11,2026/01/29 20:59:34
3449,375.42,16750.9,-2113.57,2026/01/29 20:59:34
3450,375.53,16753.6,-2114.17,2026/01/29 20:59:34
3451,375.64,16766,-2114.03,2026/01/29 20:59:35
3452,375.75,16778.5,-2108.85,2026/01/29 20:59:35
3453,375.86,16786.9,-2110.23,2026/01/29 20:59:35
3454,375.96,16826.1,-2105.51,2026/01/29 20:59:35
3455,376.08,16860.1,-2103.35,2026/01/29 20:59:35
3456,376.18,16863.5,-2104.93,2026/01/29 20:59:35
3457,376.29,16870.6,-2105.29,2026/01/29 20:59:35
3458,376.4,16874.3,-2106.82,2026/01/29 20:59:35
3459,376.51,16871.1,-2106,2026/01/29 20:59:35
3460,376.62,16870.7,-2107.71,2026/01/29 20:59:36
3461,376.73,16869.5,-2107.23,2026/01/29 20:59:36
3462,376.84,16867.3,-2108.32,2026/01/29 20:59:36
3463,376.94,16873.1,-2107.08,2026/01/29 20:59:36
3464,377.05,16868.4,-2109.18,2026/01/29 20:59:36
3465,377.16,16882.6,-2106.06,2026/01/29 20:59:36
3466,377.27,16886.8,-2106.89,2026/01/29 20:59:36
3467,377.38,16840.6,-2108.92,2026/01/29 20:59:36
3468,377.49,16794.4,-2111.84,2026/01/29 20:59:36
3469,377.6,16760.5,-2115.12,2026/01/29 20:59:37
3470,377.71,16754,-2115.05,2026/01/29 20:59:37
3471,377.82,16772,-2110.18,2026/01/29 20:59:37
3472,377.93,16804.6,-2106.52,2026/01/29 20:59:37
3473,378.04,16841.5,-2104.05,2026/01/29 20:59:37
3474,378.14,16864.2,-2103.84,2026/01/29 20:59:37
3475,378.25,16873.3,-2103.83,2026/01/29 20:59:37
3476,378.36,16874.4,-2105.37,2026/01/29 20:59:37
3477,378.47,16872,-2105.41,2026/01/29 20:59:37
3478,378.58,16871.5,-2107,2026/01/29 20:59:37
3479,378.69,16871.9,-2106.17,2026/01/29 20:59:38
3480,378.8,16873.2,-2107.46,2026/01/29 20:59:38
3481,378.9,16882,-2105.93,2026/01/29 20:59:38
3482,379.01,16879.6,-2107.11,2026/01/29 20:59:38
3483,379.12,16895.9,-2103.26,2026/01/29 20:59:38
3484,379.23,16834.6,-2110.71,2026/01/29 20:59:38
3485,379.34,16802.4,-2108.05,2026/01/29 20:59:38
3486,379.45,16770.2,-2111.59,2026/01/29 20:59:38
3487,379.56,16757.5,-2115.08,2026/01/29 20:59:38
3488,379.67,16741.6,-2118.47,2026/01/29 20:59:39
3489,379.78,16738.3,-2118.53,2026/01/29 20:59:39
3490,379.89,16761.2,-2110.74,2026/01/29 20:59:39
3491,379.99,16761.6,-2115.42,2026/01/29 20:59:39
3492,380.1,16780.8,-2108.74,2026/01/29 20:59:39
3493,380.21,16792,-2109,2026/01/29 20:59:39
3494,380.32,16839.5,-2104.42,2026/01/29 20:59:39
3495,380.43,16847.7,-2103.16,2026/01/29 20:59:39
3496,380.54,16870,-2105.61,2026/01/29 20:59:39
3497,380.65,16872,-2101.13,2026/01/29 20:59:40
3498,380.76,16864.1,-2102.97,2026/01/29 20:59:40
3499,380.87,16865,-2103.62,2026/01/29 20:59:40
3500,380.97,16858,-2103.2,2026/01/29 20:59:40
3501,381.08,16865.8,-2104.56,2026/01/29 20:59:40
3502,381.19,16863.2,-2104.18,2026/01/29 20:59:40
3503,381.3,16867.5,-2104.32,2026/01/29 20:59:40
3504,381.41,16869.9,-2104.67,2026/01/29 20:59:40
3505,381.52,16888.6,-2103.29,2026/01/29 20:59:40
3506,381.63,16853.6,-2107.77,2026/01/29 20:59:41
3507,381.74,16805.8,-2111.69,2026/01/29 20:59:41
3508,381.85,16772.8,-2109.86,2026/01/29 20:59:41
3509,381.95,16754.9,-2119.08,2026/01/29 20:59:41
3510,382.06,16749.6,-2113.9,2026/01/29 20:59:41
3511,382.17,16766.9,-2113.12,2026/01/29 20:59:41
3512,382.28,16780.6,-2110.63,2026/01/29 20:59:41
3513,382.39,16823.8,-2104.04,2026/01/29 20:59:41
3514,382.5,16858.6,-2101.15,2026/01/29 20:59:41
3515,382.61,16857,-2103.22,2026/01/29 20:59:42
3516,382.72,16859.8,-2103.85,2026/01/29 20:59:42
3517,382.82,16859.5,-2103.84,2026/01/29 20:59:42
3518,382.93,16859.6,-2104.76,2026/01/29 20:59:42
3519,383.04,16861.9,-2104.74,2026/01/29 20:59:42
3520,383.15,16867.5,-2104.2,2026/01/29 20:59:42
3521,383.26,16865.7,-2105.86,2026/01/29 20:59:42
3522,383.37,16867.4,-2105.08,2026/01/29 20:59:42
3523,383.48,16873,-2103.63,2026/01/29 20:59:42
3524,383.59,16885.7,-2106.38,2026/01/29 20:59:42
3525,383.69,16831.6,-2107.4,2026/01/29 20:59:43
3526,383.8,16797.1,-2112.02,2026/01/29 20:59:43
3527,383.91,16768.4,-2111.86,2026/01/29 20:59:43
3528,384.02,16759.6,-2115.28,2026/01/29 20:59:43
3529,384.13,16763.6,-2112.76,2026/01/29 20:59:43
3530,384.24,16764.7,-2112.55,2026/01/29 20:59:43
3531,384.35,16776.7,-2109.68,2026/01/29 20:59:43
3532,384.46,16818.3,-2106.13,2026/01/29 20:59:43
3533,384.56,16855.5,-2103.17,2026/01/29 20:59:43
3534,384.67,16858.3,-2104.41,2026/01/29 20:59:44
3535,384.78,16869.1,-2103.44,2026/01/29 20:59:44
3536,384.89,16869.5,-2104.59,2026/01/29 20:59:44
3537,385,16874.7,-2104,2026/01/29 20:59:44
3538,385.11,16876.4,-2104.78,2026/01/29 20:59:44
3539,385.22,16879.5,-2105.4,2026/01/29 20:59:44
3540,385.33,16845.2,-2108.33,2026/01/29 20:59:44
3541,385.44,16788.5,-2113.4,2026/01/29 20:59:44
3542,385.55,16762.8,-2112.25,2026/01/29 20:59:44
3543,385.65,16758.2,-2117.25,2026/01/29 20:59:45
3544,385.76,16767.1,-2110.14,2026/01/29 20:59:45
3545,385.87,16808.4,-2106.87,2026/01/29 20:59:45
3546,385.98,16848.5,-2103.01,2026/01/29 20:59:45
3547,386.09,16867.5,-2102.97,2026/01/29 20:59:45
3548,386.2,16866.4,-2104.86,2026/01/29 20:59:45
3549,386.31,16869.7,-2103.21,2026/01/29 20:59:45
3550,386.42,16872.7,-2106.73,2026/01/29 20:59:45
3551,386.52,16878.5,-2102.18,2026/01/29 20:59:45
3552,386.63,16833.8,-2110.36,2026/01/29 20:59:46
3553,386.74,16774.3,-2110.01,2026/01/29 20:59:46
3554,386.85,16750.3,-2117.17,2026/01/29 20:59:46
3555,386.96,16768.3,-2112.7,2026/01/29 20:59:46
3556,387.07,16839.7,-2101.09,2026/01/29 20:59:46
3557,387.18,16862.2,-2103.28,2026/01/29 20:59:46
3558,387.29,16872.8,-2102.45,2026/01/29 20:59:46
3559,387.4,16872.4,-2106.35,2026/01/29 20:59:46
3560,387.5,16879.2,-2102.64,2026/01/29 20:59:46
3561,387.61,16799.4,-2110.27,2026/01/29 20:59:47
3562,387.72,16756.7,-2115.11,2026/01/29 20:59:47
3563,387.83,16762.4,-2112.22,2026/01/29 20:59:47
3564,387.94,16810.6,-2106.37,2026/01/29 20:59:47
3565,388.05,16855.9,-2100.16,2026/01/29 20:59:47
3566,388.16,16868.3,-2102.41,2026/01/29 20:59:47
3567,388.27,16867.8,-2105.45,2026/01/29 20:59:47
3568,388.37,16871.8,-2103.41,2026/01/29 20:59:47
3569,388.48,16872.8,-2106.58,2026/01/29 20:59:47
3570,388.59,16884.1,-2103.83,2026/01/29 20:59:48
3571,388.7,16820.2,-2109.62,2026/01/29 20:59:48
3572,388.81,16772.8,-2111.37,2026/01/29 20:59:48
3573,388.92,16758.5,-2114.57,2026/01/29 20:59:48
3574,389.03,16765.7,-2112.11,2026/01/29 20:59:48
3575,389.14,16811.2,-2103.52,2026/01/29 20:59:48
3576,389.24,16852.2,-2101.85,2026/01/29 20:59:48
3577,389.35,16861.9,-2102.5,2026/01/29 20:59:48
3578,389.46,16864.4,-2105.2,2026/01/29 20:59:48
3579,389.57,16867.7,-2104.46,2026/01/29 20:59:48
3580,389.68,16870.8,-2106.8,2026/01/29 20:59:49
3581,389.79,16884.2,-2103.11,2026/01/29 20:59:49
3582,389.9,16815,-2107.83,2026/01/29 20:59:49
3583,390.01,16765.8,-2114.72,2026/01/29 20:59:49
3584,390.11,16751.1,-2114.46,2026/01/29 20:59:49
3585,390.22,16760.5,-2112.79,2026/01/29 20:59:49
3586,390.33,16785.1,-2109.94,2026/01/29 20:59:49
3587,390.44,16833,-2102.21,2026/01/29 20:59:49
3588,390.55,16852.7,-2102.14,2026/01/29 20:59:49
3589,390.66,16862.8,-2104.18,2026/01/29 20:59:50
3590,390.77,16864.3,-2104.39,2026/01/29 20:59:50
3591,390.88,16869.2,-2103.97,2026/01/29 20:59:50
3592,390.99,16869.7,-2106.06,2026/01/29 20:59:50
3593,391.09,16871.8,-2105.49,2026/01/29 20:59:50
3594,391.2,16876.7,-2105.57,2026/01/29 20:59:50
3595,391.31,16858.6,-2109.09,2026/01/29 20:59:50
3596,391.42,16806.7,-2110.07,2026/01/29 20:59:50
3597,391.53,16765.1,-2112.54,2026/01/29 20:59:50
3598,391.64,16749.4,-2116.48,2026/01/29 20:59:51
3599,391.75,16753,-2114.78,2026/01/29 20:59:51
3600,391.86,16786.1,-2112.17,2026/01/29 20:59:51
3601,391.96,16841.2,-2099.43,2026/01/29 20:59:51
3602,392.07,16851.6,-2106.1,2026/01/29 20:59:51
3603,392.18,16859.1,-2103.55,2026/01/29 20:59:51
3604,392.29,16863.4,-2105.85,2026/01/29 20:59:51
3605,392.4,16865,-2104.81,2026/01/29 20:59:51
3606,392.51,16873.1,-2103.29,2026/01/29 20:59:51
3607,392.62,16801.1,-2109.53,2026/01/29 20:59:52
3608,392.73,16762,-2112.8,2026/01/29 20:59:52
3609,392.84,16741.8,-2119.97,2026/01/29 20:59:52
3610,392.95,16760.4,-2109.52,2026/01/29 20:59:52
3611,393.05,16777.5,-2113.11,2026/01/29 20:59:52
3612,393.16,16833.9,-2100.04,2026/01/29 20:59:52
3613,393.27,16849.5,-2104.1,2026/01/29 20:59:52
3614,393.38,16855.2,-2102.86,2026/01/29 20:59:52
3615,393.49,16855.7,-2104.86,2026/01/29 20:59:52
3616,393.6,16855.6,-2107.04,2026/01/29 20:59:53
3617,393.71,16881.1,-2102.89,2026/01/29 20:59:53
3618,393.81,16832.7,-2111,2026/01/29 20:59:53
3619,393.92,16788.9,-2110.5,2026/01/29 20:59:53
3620,394.03,16752.9,-2115.7,2026/01/29 20:59:53
3621,394.14,16736.3,-2119.11,2026/01/29 20:59:53
3622,394.25,16758.7,-2110.67,2026/01/29 20:59:53
3623,394.36,16793.8,-2108.09,2026/01/29 20:59:53
3624,394.47,16833.9,-2099.47,2026/01/29 20:59:53
3625,394.58,16844.6,-2103,2026/01/29 20:59:53
3626,394.69,16849.3,-2103.79,2026/01/29 20:59:54
3627,394.8,16846.2,-2104.25,2026/01/29 20:59:54
3628,394.9,16851.3,-2106.01,2026/01/29 20:59:54
3629,395.01,16862.8,-2105.81,2026/01/29 20:59:54
3630,395.12,16829.9,-2110,2026/01/29 20:59:54
3631,395.23,16779.6,-2112.21,2026/01/29 20:59:54
3632,395.34,16751.8,-2115.95,2026/01/29 20:59:54
3633,395.45,16737.5,-2116.83,2026/01/29 20:59:54
3634,395.56,16757.1,-2111.42,2026/01/29 20:59:54
3635,395.67,16800,-2105.42,2026/01/29 20:59:55
3636,395.77,16838.2,-2103.47,2026/01/29 20:59:55
3637,395.88,16851.7,-2100.03,2026/01/29 20:59:55
3638,395.99,16847.2,-2105.43,2026/01/29 20:59:55
3639,396.1,16850.4,-2104.02,2026/01/29 20:59:55
3640,396.21,16853.3,-2105.84,2026/01/29 20:59:55
3641,396.32,16887.4,-2104.86,2026/01/29 20:59:55
3642,396.43,16819.5,-2107.96,2026/01/29 20:59:55
3643,396.54,16766.5,-2112.07,2026/01/29 20:59:55
3644,396.64,16752.3,-2116.08,2026/01/29 20:59:56
3645,396.75,16755.1,-2110.31,2026/01/29 20:59:56
3646,396.86,16788.7,-2110.39,2026/01/29 20:59:56
3647,396.97,16833.5,-2099.46,2026/01/29 20:59:56
3648,397.08,16836,-2105.59,2026/01/29 20:59:56
3649,397.19,16845.8,-2103.89,2026/01/29 20:59:56
3650,397.3,16842.4,-2105.5,2026/01/29 20:59:56
3651,397.41,16845.6,-2104.78,2026/01/29 20:59:56
3652,397.51,16844.7,-2107.25,2026/01/29 20:59:56
3653,397.62,16847.6,-2103.71,2026/01/29 20:59:57
3654,397.73,16845.4,-2109.17,2026/01/29 20:59:57
3655,397.84,16850.4,-2104.16,2026/01/29 20:59:57
3656,397.95,16847.8,-2106.96,2026/01/29 20:59:57
3657,398.06,16848.6,-2106.32,2026/01/29 20:59:57
3658,398.17,16849.7,-2106.69,2026/01/29 20:59:57
3659,398.28,16848.6,-2107.45,2026/01/29 20:59:57
3660,398.39,16852.4,-2106.28,2026/01/29 20:59:57
3661,398.49,16848.7,-2105.55,2026/01/29 20:59:57
3662,398.6,16854.8,-2107.18,2026/01/29 20:59:58
3663,398.71,16850.6,-2106.12,2026/01/29 20:59:58
3664,398.82,16852.7,-2106.04,2026/01/29 20:59:58
3665,398.93,16852.2,-2107.54,2026/01/29 20:59:58
3666,399.04,16851.2,-2107.42,2026/01/29 20:59:58
3667,399.15,16860.2,-2106.48,2026/01/29 20:59:58
3668,399.26,16869.2,-2104.06,2026/01/29 20:59:58
3669,399.37,16809.1,-2108.1,2026/01/29 20:59:58
3670,399.47,16758.5,-2114.57,2026/01/29 20:59:58
3671,399.58,16758.1,-2111.64,2026/01/29 20:59:58
3672,399.69,16773.8,-2110.61,2026/01/29 20:59:59
3673,399.8,16849.3,-2101.48,2026/01/29 20:59:59
3674,399.91,16849.3,-2104.1,2026/01/29 20:59:59
3675,400.02,16860,-2104.28,2026/01/29 20:59:59
3676,400.13,16858.2,-2105.01,2026/01/29 20:59:59
3677,400.24,16856.2,-2106.37,2026/01/29 20:59:59
3678,400.35,16859.4,-2105.64,2026/01/29 20:59:59
3679,400.46,16855.7,-2106.24,2026/01/29 20:59:59
3680,400.57,16858.3,-2105.21,2026/01/29 20:59:59
3681,400.67,16855.4,-2109.8,2026/01/29 21:00:00
3682,400.78,16859.7,-2104.85,2026/01/29 21:00:00
3683,400.89,16855.9,-2107.44,2026/01/29 21:00:00
3684,401,16857,-2107.07,2026/01/29 21:00:00
3685,401.11,16857.3,-2106.94,2026/01/29 21:00:00
3686,401.22,16857.5,-2107.75,2026/01/29 21:00:00
3687,401.33,16858.6,-2107,2026/01/29 21:00:00
3688,401.43,16856.2,-2107.4,2026/01/29 21:00:00
3689,401.54,16857.5,-2107.59,2026/01/29 21:00:00
3690,401.65,16858.2,-2109.24,2026/01/29 21:00:01
3691,401.76,16858.4,-2105.01,2026/01/29 21:00:01
3692,401.87,16857.1,-2108.68,2026/01/29 21:00:01
3693,401.98,16857.9,-2108.12,2026/01/29 21:00:01
3694,402.09,16858.7,-2107.11,2026/01/29 21:00:01
3695,402.19,16857,-2107.96,2026/01/29 21:00:01
3696,402.3,16862.5,-2106.57,2026/01/29 21:00:01
3697,402.41,16855.6,-2106.58,2026/01/29 21:00:01
3698,402.52,16860.9,-2109.2,2026/01/29 21:00:01
3699,402.63,16858.3,-2106.52,2026/01/29 21:00:02
3700,402.74,16858.1,-2107.04,2026/01/29 21:00:02
3701,402.85,16858.5,-2108.42,2026/01/29 21:00:02
3702,402.96,16857.6,-2107.62,2026/01/29 21:00:02
3703,403.06,16860.1,-2106.89,2026/01/29 21:00:02
3704,403.17,16855.8,-2110.83,2026/01/29 21:00:02
3705,403.28,16862.9,-2105.43,2026/01/29 21:00:02
3706,403.39,16855.8,-2108.26,2026/01/29 21:00:02
3707,403.5,16860.8,-2108.17,2026/01/29 21:00:02
3708,403.61,16858.7,-2107.83,2026/01/29 21:00:03
3709,403.71,16859.6,-2108.18,2026/01/29 21:00:03
3710,403.82,16859.4,-2107.35,2026/01/29 21:00:03
3711,403.93,16858.1,-2107.75,2026/01/29 21:00:03
