序号,相对时间(s),R（Ω）,X（Ω）,时间
1,0,17922.9,-2153.25,2026/01/29 22:52:32
2,0.11,17919.7,-2156.38,2026/01/29 22:52:32
3,0.22,17924.1,-2152.72,2026/01/29 22:52:32
4,0.33,17919.5,-2154.12,2026/01/29 22:52:32
5,0.43,17923,-2154.29,2026/01/29 22:52:32
6,0.54,17920.9,-2154.66,2026/01/29 22:52:32
7,0.65,17921.4,-2153.84,2026/01/29 22:52:32
8,0.76,17921.2,-2155.47,2026/01/29 22:52:32
9,0.87,17920.5,-2154.15,2026/01/29 22:52:32
10,0.98,17923.5,-2154.82,2026/01/29 22:52:33
11,1.09,17920.1,-2154.72,2026/01/29 22:52:33
12,1.2,17924.1,-2152.28,2026/01/29 22:52:33
13,1.3,17919.6,-2157.35,2026/01/29 22:52:33
14,1.41,17923.6,-2152.4,2026/01/29 22:52:33
15,1.52,17919.5,-2155.43,2026/01/29 22:52:33
16,1.63,17922.7,-2154.96,2026/01/29 22:52:33
17,1.74,17921.6,-2154.41,2026/01/29 22:52:33
18,1.85,17920.4,-2156.3,2026/01/29 22:52:33
19,1.96,17923.2,-2152.5,2026/01/29 22:52:34
20,2.07,17918.2,-2156.3,2026/01/29 22:52:34
21,2.17,17924.2,-2154.03,2026/01/29 22:52:34
22,2.28,17918.9,-2153.86,2026/01/29 22:52:34
23,2.39,17922.8,-2155.94,2026/01/29 22:52:34
24,2.5,17920,-2154.25,2026/01/29 22:52:34
25,2.61,17922.7,-2154.9,2026/01/29 22:52:34
26,2.72,17921.1,-2155.58,2026/01/29 22:52:34
27,2.83,17919.3,-2155.13,2026/01/29 22:52:34
28,2.94,17923.4,-2155.51,2026/01/29 22:52:34
29,3.05,17920.5,-2154.99,2026/01/29 22:52:35
30,3.15,17923.3,-2153.48,2026/01/29 22:52:35
31,3.26,17920,-2157.58,2026/01/29 22:52:35
32,3.37,17923.5,-2152.85,2026/01/29 22:52:35
33,3.48,17920.4,-2155.53,2026/01/29 22:52:35
34,3.59,17922.3,-2153.71,2026/01/29 22:52:35
35,3.7,17920.5,-2155.03,2026/01/29 22:52:35
36,3.81,17921.4,-2156.26,2026/01/29 22:52:35
37,3.92,17923.8,-2153.75,2026/01/29 22:52:35
38,4.02,17918.7,-2157.59,2026/01/29 22:52:36
39,4.13,17925.2,-2153.96,2026/01/29 22:52:36
40,4.24,17918.6,-2155.82,2026/01/29 22:52:36
41,4.35,17924,-2154.87,2026/01/29 22:52:36
42,4.46,17921.5,-2154.81,2026/01/29 22:52:36
43,4.57,17922,-2156.42,2026/01/29 22:52:36
44,4.68,17924.2,-2154.76,2026/01/29 22:52:36
45,4.79,17920,-2156.58,2026/01/29 22:52:36
46,4.9,17924.3,-2155.33,2026/01/29 22:52:36
47,5,17920.4,-2156.09,2026/01/29 22:52:37
48,5.11,17923.3,-2155.03,2026/01/29 22:52:37
49,5.22,17921.3,-2156.9,2026/01/29 22:52:37
50,5.33,17923.9,-2153.95,2026/01/29 22:52:37
51,5.44,17922.2,-2156.65,2026/01/29 22:52:37
52,5.55,17923.3,-2153.71,2026/01/29 22:52:37
53,5.66,17922.7,-2156.63,2026/01/29 22:52:37
54,5.77,17922.5,-2154.35,2026/01/29 22:52:37
55,5.87,17923.7,-2155.84,2026/01/29 22:52:37
56,5.99,17921.9,-2156.66,2026/01/29 22:52:38
57,6.09,17926.2,-2153.67,2026/01/29 22:52:38
58,6.2,17920.2,-2157.38,2026/01/29 22:52:38
59,6.31,17925.6,-2155.83,2026/01/29 22:52:38
60,6.42,17922.6,-2155.63,2026/01/29 22:52:38
61,6.53,17923.3,-2157.14,2026/01/29 22:52:38
62,6.64,17924.8,-2153.89,2026/01/29 22:52:38
63,6.74,17920.9,-2157.71,2026/01/29 22:52:38
64,6.85,17926.2,-2155.21,2026/01/29 22:52:38
65,6.96,17920.4,-2155.82,2026/01/29 22:52:39
66,7.07,17925.2,-2156.82,2026/01/29 22:52:39
67,7.18,17923.1,-2155.67,2026/01/29 22:52:39
68,7.29,17921.8,-2157.19,2026/01/29 22:52:39
69,7.4,17925.6,-2155.22,2026/01/29 22:52:39
70,7.5,17921.4,-2155.94,2026/01/29 22:52:39
71,7.61,17925.3,-2155.87,2026/01/29 22:52:39
72,7.72,17922.3,-2155.56,2026/01/29 22:52:39
73,7.83,17924.5,-2155.53,2026/01/29 22:52:39
74,7.94,17922.7,-2157.43,2026/01/29 22:52:39
75,8.05,17924.1,-2155.4,2026/01/29 22:52:40
76,8.16,17922.5,-2157.43,2026/01/29 22:52:40
77,8.27,17923.1,-2155.74,2026/01/29 22:52:40
78,8.38,17923.9,-2157.31,2026/01/29 22:52:40
79,8.48,17921.6,-2155.96,2026/01/29 22:52:40
80,8.59,17924.8,-2155.21,2026/01/29 22:52:40
81,8.7,17920.7,-2158.18,2026/01/29 22:52:40
82,8.81,17926.6,-2153.8,2026/01/29 22:52:40
83,8.92,17920.1,-2158.34,2026/01/29 22:52:40
84,9.03,17925.9,-2155.22,2026/01/29 22:52:41
85,9.14,17920.9,-2156.86,2026/01/29 22:52:41
86,9.25,17924.3,-2156.2,2026/01/29 22:52:41
87,9.36,17922.3,-2156.91,2026/01/29 22:52:41
88,9.47,17923.5,-2157.36,2026/01/29 22:52:41
89,9.57,17924.7,-2154.32,2026/01/29 22:52:41
90,9.68,17920.2,-2157.62,2026/01/29 22:52:41
91,9.79,17926.6,-2154.87,2026/01/29 22:52:41
92,9.9,17920.2,-2156.14,2026/01/29 22:52:41
93,10.01,17925.5,-2157.1,2026/01/29 22:52:42
94,10.12,17921.9,-2156.14,2026/01/29 22:52:42
95,10.23,17923.4,-2157.19,2026/01/29 22:52:42
96,10.34,17924,-2155.89,2026/01/29 22:52:42
97,10.45,17921,-2157.22,2026/01/29 22:52:42
98,10.55,17926.1,-2155.4,2026/01/29 22:52:42
99,10.66,17920.9,-2156.39,2026/01/29 22:52:42
100,10.77,17925.7,-2157.53,2026/01/29 22:52:42
101,10.88,17921.8,-2157.18,2026/01/29 22:52:42
102,10.99,17924.7,-2155.78,2026/01/29 22:52:43
103,11.1,17922.2,-2156.08,2026/01/29 22:52:43
104,11.21,17923.9,-2155.7,2026/01/29 22:52:43
105,11.32,17921.6,-2157.6,2026/01/29 22:52:43
106,11.43,17924.1,-2154.85,2026/01/29 22:52:43
107,11.54,17922.2,-2158.35,2026/01/29 22:52:43
108,11.65,17922.1,-2155.94,2026/01/29 22:52:43
109,11.75,17923.8,-2157.73,2026/01/29 22:52:43
110,11.86,17921,-2156.35,2026/01/29 22:52:43
111,11.97,17924.1,-2156.45,2026/01/29 22:52:44
112,12.08,17920.8,-2158.7,2026/01/29 22:52:44
113,12.19,17924.5,-2154,2026/01/29 22:52:44
114,12.3,17921.2,-2159.16,2026/01/29 22:52:44
115,12.41,17924.3,-2154.77,2026/01/29 22:52:44
116,12.52,17920.7,-2157.73,2026/01/29 22:52:44
117,12.63,17924.1,-2154.98,2026/01/29 22:52:44
118,12.74,17923.3,-2156.16,2026/01/29 22:52:44
119,12.84,17925.8,-2155.88,2026/01/29 22:52:44
120,12.95,17927.8,-2155.61,2026/01/29 22:52:44
121,13.06,17924.3,-2158.64,2026/01/29 22:52:45
122,13.17,17924.3,-2155.6,2026/01/29 22:52:45
123,13.28,17892.5,-2168.97,2026/01/29 22:52:45
124,13.39,17867.5,-2168.77,2026/01/29 22:52:45
125,13.5,17864.8,-2161.05,2026/01/29 22:52:45
126,13.61,17913.5,-2156.9,2026/01/29 22:52:45
127,13.71,17924,-2153.09,2026/01/29 22:52:45
128,13.82,17883.6,-2163.9,2026/01/29 22:52:45
129,13.93,17862,-2165.74,2026/01/29 22:52:45
130,14.04,17861.5,-2162.37,2026/01/29 22:52:46
131,14.15,17905,-2154.28,2026/01/29 22:52:46
132,14.26,17900.3,-2155.43,2026/01/29 22:52:46
133,14.37,17876.2,-2165.54,2026/01/29 22:52:46
134,14.48,17853.9,-2168.52,2026/01/29 22:52:46
135,14.59,17865.2,-2159.82,2026/01/29 22:52:46
136,14.69,17899.9,-2155.48,2026/01/29 22:52:46
137,14.8,17911.9,-2156.66,2026/01/29 22:52:46
138,14.91,17884.9,-2158.35,2026/01/29 22:52:46
139,15.02,17860,-2167.07,2026/01/29 22:52:47
140,15.13,17871.5,-2159.39,2026/01/29 22:52:47
141,15.24,17893.3,-2156.57,2026/01/29 22:52:47
142,15.35,17901.8,-2155.82,2026/01/29 22:52:47
143,15.46,17874.4,-2162.51,2026/01/29 22:52:47
144,15.56,17857.9,-2165.4,2026/01/29 22:52:47
145,15.67,17877.6,-2156.44,2026/01/29 22:52:47
146,15.78,17893.7,-2158.3,2026/01/29 22:52:47
147,15.89,17899.5,-2154.91,2026/01/29 22:52:47
148,16,17871.3,-2162.45,2026/01/29 22:52:48
149,16.11,17861.6,-2162.69,2026/01/29 22:52:48
150,16.22,17880.8,-2157.5,2026/01/29 22:52:48
151,16.33,17897.4,-2156.8,2026/01/29 22:52:48
152,16.44,17883.7,-2159.52,2026/01/29 22:52:48
153,16.54,17864.9,-2165.06,2026/01/29 22:52:48
154,16.65,17864.3,-2159.38,2026/01/29 22:52:48
155,16.76,17896.9,-2159.14,2026/01/29 22:52:48
156,16.87,17912.7,-2154.36,2026/01/29 22:52:48
157,16.98,17880.8,-2159.39,2026/01/29 22:52:49
158,17.09,17866.5,-2163.86,2026/01/29 22:52:49
159,17.2,17869.5,-2158.47,2026/01/29 22:52:49
160,17.31,17896.6,-2158.06,2026/01/29 22:52:49
161,17.42,17894.7,-2154.75,2026/01/29 22:52:49
162,17.52,17866.6,-2166.41,2026/01/29 22:52:49
163,17.63,17863.8,-2158.58,2026/01/29 22:52:49
164,17.74,17896.4,-2158.45,2026/01/29 22:52:49
165,17.85,17911.1,-2157.11,2026/01/29 22:52:49
166,17.96,17895.7,-2155.52,2026/01/29 22:52:50
167,18.07,17869.9,-2167.58,2026/01/29 22:52:50
168,18.18,17845.2,-2163.43,2026/01/29 22:52:50
169,18.29,17897.8,-2159.01,2026/01/29 22:52:50
170,18.39,17929.9,-2155.15,2026/01/29 22:52:50
171,18.5,17912.8,-2156.54,2026/01/29 22:52:50
172,18.61,17875.6,-2163.07,2026/01/29 22:52:50
173,18.72,17849.1,-2165.68,2026/01/29 22:52:50
174,18.83,17873.5,-2158.48,2026/01/29 22:52:50
175,18.94,17910.7,-2158.25,2026/01/29 22:52:50
176,19.05,17922.8,-2154.99,2026/01/29 22:52:51
177,19.16,17880.5,-2159.77,2026/01/29 22:52:51
178,19.27,17862,-2166.35,2026/01/29 22:52:51
179,19.37,17875.5,-2158,2026/01/29 22:52:51
180,19.48,17917.2,-2159.07,2026/01/29 22:52:51
181,19.59,17922.2,-2153.34,2026/01/29 22:52:51
182,19.7,17875.4,-2163.35,2026/01/29 22:52:51
183,19.81,17862.2,-2162.66,2026/01/29 22:52:51
184,19.92,17871.4,-2160.84,2026/01/29 22:52:51
185,20.03,17910.1,-2155.57,2026/01/29 22:52:52
186,20.14,17906.4,-2155.66,2026/01/29 22:52:52
187,20.25,17873.8,-2163.59,2026/01/29 22:52:52
188,20.35,17847.1,-2173.9,2026/01/29 22:52:52
189,20.46,17862.2,-2159.2,2026/01/29 22:52:52
190,20.57,17919,-2155.88,2026/01/29 22:52:52
191,20.68,17925.2,-2155.22,2026/01/29 22:52:52
192,20.79,17890.6,-2154.45,2026/01/29 22:52:52
193,20.9,17853,-2174.5,2026/01/29 22:52:52
194,21.01,17841,-2158.66,2026/01/29 22:52:53
195,21.12,17899.1,-2156.92,2026/01/29 22:52:53
196,21.23,17906.3,-2152.63,2026/01/29 22:52:53
197,21.33,17865.7,-2161.49,2026/01/29 22:52:53
198,21.44,17841.6,-2159.76,2026/01/29 22:52:53
199,21.55,17866.8,-2156.51,2026/01/29 22:52:53
200,21.66,17897.8,-2154.58,2026/01/29 22:52:53
201,21.77,17896.5,-2153.21,2026/01/29 22:52:53
202,21.88,17858.9,-2161.87,2026/01/29 22:52:53
203,21.99,17842.8,-2159.89,2026/01/29 22:52:54
204,22.1,17879.1,-2157.45,2026/01/29 22:52:54
205,22.2,17927.3,-2158.2,2026/01/29 22:52:54
206,22.31,17938.6,-2154.29,2026/01/29 22:52:54
207,22.42,17883.7,-2155.46,2026/01/29 22:52:54
208,22.53,17854.5,-2169.94,2026/01/29 22:52:54
209,22.64,17829.3,-2168.81,2026/01/29 22:52:54
210,22.75,17863.5,-2155.25,2026/01/29 22:52:54
211,22.86,17919.9,-2155.87,2026/01/29 22:52:54
212,22.97,17935.2,-2157.12,2026/01/29 22:52:55
213,23.08,17916.4,-2152.3,2026/01/29 22:52:55
214,23.19,17866.2,-2159.51,2026/01/29 22:52:55
215,23.29,17847.1,-2163.72,2026/01/29 22:52:55
216,23.4,17844,-2158.4,2026/01/29 22:52:55
217,23.51,17911.6,-2153.89,2026/01/29 22:52:55
218,23.62,17933,-2160.22,2026/01/29 22:52:55
219,23.73,17911.6,-2150.25,2026/01/29 22:52:55
220,23.84,17860.7,-2160.07,2026/01/29 22:52:55
221,23.95,17843.9,-2153.68,2026/01/29 22:52:55
222,24.06,17874.7,-2156.44,2026/01/29 22:52:56
223,24.17,17916.2,-2154.99,2026/01/29 22:52:56
224,24.27,17918.1,-2153.76,2026/01/29 22:52:56
225,24.38,17868.4,-2156.36,2026/01/29 22:52:56
226,24.49,17850.3,-2163.06,2026/01/29 22:52:56
227,24.6,17848.7,-2156.36,2026/01/29 22:52:56
228,24.71,17901.8,-2153.95,2026/01/29 22:52:56
229,24.82,17907.7,-2153.04,2026/01/29 22:52:56
230,24.93,17877,-2153.58,2026/01/29 22:52:56
231,25.04,17852.7,-2164.22,2026/01/29 22:52:57
232,25.15,17830.6,-2158.53,2026/01/29 22:52:57
233,25.25,17896.5,-2155.5,2026/01/29 22:52:57
234,25.36,17915.8,-2156.2,2026/01/29 22:52:57
235,25.47,17926.5,-2154.16,2026/01/29 22:52:57
236,25.58,17894.7,-2151.87,2026/01/29 22:52:57
237,25.69,17860.8,-2159.52,2026/01/29 22:52:57
238,25.8,17839.1,-2159.5,2026/01/29 22:52:57
239,25.91,17861.3,-2155.71,2026/01/29 22:52:57
240,26.02,17899.8,-2154.54,2026/01/29 22:52:58
241,26.13,17909.4,-2155.42,2026/01/29 22:52:58
242,26.24,17890.6,-2150.74,2026/01/29 22:52:58
243,26.34,17859.4,-2162.93,2026/01/29 22:52:58
244,26.45,17834.8,-2158.39,2026/01/29 22:52:58
245,26.56,17874.4,-2158.5,2026/01/29 22:52:58
246,26.67,17913.2,-2153.44,2026/01/29 22:52:58
247,26.78,17912.8,-2154.33,2026/01/29 22:52:58
248,26.89,17874.4,-2154.07,2026/01/29 22:52:58
249,27,17846,-2175.19,2026/01/29 22:52:59
250,27.11,17821,-2161.58,2026/01/29 22:52:59
251,27.21,17854.9,-2150.59,2026/01/29 22:52:59
252,27.32,17877.5,-2148.8,2026/01/29 22:52:59
253,27.43,17886.3,-2149.04,2026/01/29 22:52:59
254,27.54,17859.1,-2151.33,2026/01/29 22:52:59
255,27.65,17838.6,-2158.46,2026/01/29 22:52:59
256,27.76,17839.3,-2149.97,2026/01/29 22:52:59
257,27.87,17893.9,-2152.45,2026/01/29 22:52:59
258,27.98,17910.6,-2147.59,2026/01/29 22:53:00
259,28.08,17864.9,-2152.11,2026/01/29 22:53:00
260,28.19,17840.9,-2162.21,2026/01/29 22:53:00
261,28.3,17821.1,-2163.73,2026/01/29 22:53:00
262,28.41,17841.9,-2150.26,2026/01/29 22:53:00
263,28.52,17896.9,-2152.8,2026/01/29 22:53:00
264,28.63,17908.1,-2151.78,2026/01/29 22:53:00
265,28.74,17910.6,-2150.89,2026/01/29 22:53:00
266,28.85,17864.6,-2150.71,2026/01/29 22:53:00
267,28.95,17843.4,-2157.16,2026/01/29 22:53:00
268,29.06,17833.2,-2152.01,2026/01/29 22:53:01
269,29.17,17894.1,-2152.86,2026/01/29 22:53:01
270,29.28,17915.5,-2153.05,2026/01/29 22:53:01
271,29.39,17899.6,-2148.78,2026/01/29 22:53:01
272,29.5,17855.4,-2153.5,2026/01/29 22:53:01
273,29.61,17831.7,-2155.06,2026/01/29 22:53:01
274,29.71,17864.9,-2150.76,2026/01/29 22:53:01
275,29.82,17902,-2153.66,2026/01/29 22:53:01
276,29.93,17910,-2148.76,2026/01/29 22:53:01
277,30.04,17857.7,-2153.36,2026/01/29 22:53:02
278,30.15,17838,-2162.93,2026/01/29 22:53:02
279,30.26,17827.5,-2152.7,2026/01/29 22:53:02
280,30.37,17886.9,-2151.23,2026/01/29 22:53:02
281,30.48,17905.8,-2149.18,2026/01/29 22:53:02
282,30.58,17861.6,-2152.6,2026/01/29 22:53:02
283,30.7,17841.6,-2155.62,2026/01/29 22:53:02
284,30.8,17844.1,-2152.51,2026/01/29 22:53:02
285,30.91,17897.8,-2151.2,2026/01/29 22:53:02
286,31.02,17905.1,-2151.69,2026/01/29 22:53:03
287,31.13,17871,-2149.5,2026/01/29 22:53:03
288,31.24,17843.9,-2151.13,2026/01/29 22:53:03
289,31.35,17871.6,-2152.62,2026/01/29 22:53:03
290,31.46,17900.5,-2151.9,2026/01/29 22:53:03
291,31.57,17896.4,-2150.66,2026/01/29 22:53:03
292,31.68,17865.2,-2149.42,2026/01/29 22:53:03
293,31.79,17869.5,-2154.12,2026/01/29 22:53:03
294,31.89,17917.1,-2152,2026/01/29 22:53:03
295,32,17918.3,-2154.4,2026/01/29 22:53:04
296,32.11,17882.4,-2148.57,2026/01/29 22:53:04
297,32.22,17856.1,-2153.2,2026/01/29 22:53:04
298,32.33,17899.6,-2153.37,2026/01/29 22:53:04
299,32.44,17910.2,-2154.48,2026/01/29 22:53:04
300,32.55,17897.3,-2150.59,2026/01/29 22:53:04
301,32.66,17867.8,-2150.72,2026/01/29 22:53:04
302,32.76,17880.6,-2153.99,2026/01/29 22:53:04
303,32.87,17919.6,-2154.92,2026/01/29 22:53:04
304,32.98,17923.1,-2153.95,2026/01/29 22:53:05
305,33.09,17884.8,-2150.53,2026/01/29 22:53:05
306,33.2,17875.7,-2153.03,2026/01/29 22:53:05
307,33.31,17906.6,-2156.15,2026/01/29 22:53:05
308,33.42,17916.8,-2152.18,2026/01/29 22:53:05
309,33.53,17877.1,-2152.34,2026/01/29 22:53:05
310,33.64,17869,-2151.98,2026/01/29 22:53:05
311,33.74,17899,-2154.76,2026/01/29 22:53:05
312,33.85,17909,-2153.93,2026/01/29 22:53:05
313,33.96,17900.5,-2151.09,2026/01/29 22:53:06
314,34.07,17872.8,-2151.71,2026/01/29 22:53:06
315,34.18,17894.8,-2153.91,2026/01/29 22:53:06
316,34.29,17900.6,-2155.22,2026/01/29 22:53:06
317,34.4,17906.9,-2152.74,2026/01/29 22:53:06
318,34.51,17877.8,-2152.89,2026/01/29 22:53:06
319,34.62,17874.1,-2154.25,2026/01/29 22:53:06
320,34.72,17901.4,-2155.18,2026/01/29 22:53:06
321,34.83,17907,-2154.37,2026/01/29 22:53:06
322,34.94,17879.3,-2151.6,2026/01/29 22:53:06
323,35.05,17858.4,-2154.64,2026/01/29 22:53:07
324,35.16,17893.1,-2152.75,2026/01/29 22:53:07
325,35.27,17898.3,-2156.02,2026/01/29 22:53:07
326,35.38,17898.8,-2149.43,2026/01/29 22:53:07
327,35.49,17863.3,-2153.65,2026/01/29 22:53:07
328,35.6,17878.7,-2153.48,2026/01/29 22:53:07
329,35.7,17898.6,-2155.52,2026/01/29 22:53:07
330,35.81,17900.7,-2151.69,2026/01/29 22:53:07
331,35.92,17871.1,-2152.33,2026/01/29 22:53:07
332,36.03,17887.1,-2155.19,2026/01/29 22:53:08
333,36.14,17906.4,-2154.64,2026/01/29 22:53:08
334,36.25,17907.8,-2154.61,2026/01/29 22:53:08
335,36.36,17878.5,-2149.35,2026/01/29 22:53:08
336,36.47,17866.9,-2154.93,2026/01/29 22:53:08
337,36.58,17901.9,-2154.72,2026/01/29 22:53:08
338,36.68,17905.4,-2155.02,2026/01/29 22:53:08
339,36.79,17886.7,-2151.09,2026/01/29 22:53:08
340,36.9,17865.2,-2151.85,2026/01/29 22:53:08
341,37.01,17878.9,-2155.3,2026/01/29 22:53:09
342,37.12,17900.5,-2153.51,2026/01/29 22:53:09
343,37.23,17894.3,-2151.49,2026/01/29 22:53:09
344,37.34,17871.2,-2153.07,2026/01/29 22:53:09
345,37.45,17872.1,-2155.25,2026/01/29 22:53:09
346,37.55,17900.4,-2155.11,2026/01/29 22:53:09
347,37.66,17903.6,-2151.88,2026/01/29 22:53:09
348,37.77,17874.7,-2151.31,2026/01/29 22:53:09
349,37.88,17880.3,-2153.94,2026/01/29 22:53:09
350,37.99,17899.8,-2156.44,2026/01/29 22:53:10
351,38.1,17906.2,-2153.22,2026/01/29 22:53:10
352,38.21,17875.8,-2153.8,2026/01/29 22:53:10
353,38.32,17865.6,-2153.72,2026/01/29 22:53:10
354,38.42,17902.3,-2155.88,2026/01/29 22:53:10
355,38.53,17904.8,-2156.46,2026/01/29 22:53:10
356,38.64,17911.4,-2154.45,2026/01/29 22:53:10
357,38.75,17871.1,-2153.35,2026/01/29 22:53:10
358,38.86,17869.8,-2154.78,2026/01/29 22:53:10
359,38.97,17905.3,-2156.24,2026/01/29 22:53:11
360,39.08,17919.2,-2155.1,2026/01/29 22:53:11
361,39.19,17876.3,-2152.8,2026/01/29 22:53:11
362,39.3,17858.6,-2155.62,2026/01/29 22:53:11
363,39.4,17897.3,-2153.68,2026/01/29 22:53:11
364,39.51,17902.6,-2156.07,2026/01/29 22:53:11
365,39.62,17884.5,-2150.21,2026/01/29 22:53:11
366,39.73,17856.6,-2156.17,2026/01/29 22:53:11
367,39.84,17892.6,-2152.33,2026/01/29 22:53:11
368,39.95,17898.1,-2157.08,2026/01/29 22:53:11
369,40.06,17903.1,-2153.45,2026/01/29 22:53:12
370,40.17,17902.8,-2156.37,2026/01/29 22:53:12
371,40.27,17903.7,-2155.78,2026/01/29 22:53:12
372,40.38,17907.7,-2155.92,2026/01/29 22:53:12
373,40.49,17903.7,-2155.95,2026/01/29 22:53:12
374,40.6,17908.3,-2156.42,2026/01/29 22:53:12
375,40.71,17904.6,-2155.56,2026/01/29 22:53:12
376,40.82,17908.8,-2156.64,2026/01/29 22:53:12
377,40.93,17906.8,-2155.98,2026/01/29 22:53:12
378,41.04,17907.2,-2156.51,2026/01/29 22:53:13
379,41.14,17907.4,-2155.41,2026/01/29 22:53:13
380,41.25,17908.4,-2157.97,2026/01/29 22:53:13
381,41.36,17910.3,-2154.53,2026/01/29 22:53:13
382,41.47,17906.7,-2158.4,2026/01/29 22:53:13
383,41.58,17911.6,-2154.98,2026/01/29 22:53:13
384,41.69,17905.8,-2159.56,2026/01/29 22:53:13
385,41.8,17911.5,-2154.44,2026/01/29 22:53:13
386,41.91,17907.6,-2158.83,2026/01/29 22:53:13
387,42.02,17911.4,-2154.77,2026/01/29 22:53:14
388,42.13,17908.2,-2158.06,2026/01/29 22:53:14
389,42.24,17910.7,-2155.63,2026/01/29 22:53:14
390,42.35,17910.6,-2157.56,2026/01/29 22:53:14
391,42.45,17907.7,-2156.16,2026/01/29 22:53:14
392,42.56,17910.4,-2157.09,2026/01/29 22:53:14
393,42.67,17908.6,-2157.65,2026/01/29 22:53:14
394,42.78,17910.6,-2156.88,2026/01/29 22:53:14
395,42.89,17908.5,-2158.65,2026/01/29 22:53:14
396,43,17909.4,-2157.27,2026/01/29 22:53:15
397,43.11,17909,-2157.82,2026/01/29 22:53:15
398,43.22,17909.2,-2157.04,2026/01/29 22:53:15
399,43.32,17912.1,-2157.13,2026/01/29 22:53:15
400,43.43,17908.4,-2157.46,2026/01/29 22:53:15
401,43.54,17913.4,-2157.16,2026/01/29 22:53:15
402,43.65,17908.9,-2155.83,2026/01/29 22:53:15
403,43.76,17913.5,-2158.42,2026/01/29 22:53:15
404,43.87,17910,-2157.06,2026/01/29 22:53:15
405,43.98,17912.1,-2158.42,2026/01/29 22:53:16
406,44.09,17911.3,-2157.29,2026/01/29 22:53:16
407,44.19,17910,-2158.34,2026/01/29 22:53:16
408,44.3,17913.8,-2156.21,2026/01/29 22:53:16
409,44.41,17907.7,-2158.73,2026/01/29 22:53:16
410,44.52,17915,-2157.14,2026/01/29 22:53:16
411,44.63,17909.6,-2158,2026/01/29 22:53:16
412,44.74,17913.2,-2157.58,2026/01/29 22:53:16
413,44.85,17911.8,-2158.22,2026/01/29 22:53:16
414,44.95,17910.4,-2158.9,2026/01/29 22:53:17
415,45.06,17914.6,-2156.22,2026/01/29 22:53:17
416,45.17,17908.4,-2159.79,2026/01/29 22:53:17
417,45.28,17915.6,-2155.4,2026/01/29 22:53:17
418,45.39,17909.9,-2160.96,2026/01/29 22:53:17
419,45.5,17914.2,-2155.56,2026/01/29 22:53:17
420,45.61,17910,-2158.53,2026/01/29 22:53:17
421,45.72,17912.8,-2157.16,2026/01/29 22:53:17
422,45.83,17911.3,-2156.6,2026/01/29 22:53:17
423,45.93,17912,-2157.77,2026/01/29 22:53:17
424,46.04,17913.9,-2157.43,2026/01/29 22:53:18
425,46.15,17910.7,-2158.57,2026/01/29 22:53:18
426,46.26,17914.8,-2155.56,2026/01/29 22:53:18
427,46.37,17910.7,-2160.4,2026/01/29 22:53:18
428,46.48,17916.3,-2154.06,2026/01/29 22:53:18
429,46.59,17912.1,-2159.9,2026/01/29 22:53:18
430,46.7,17916,-2156.41,2026/01/29 22:53:18
431,46.81,17914.7,-2158.29,2026/01/29 22:53:18
432,46.92,17916.9,-2157.65,2026/01/29 22:53:18
433,47.03,17916.6,-2157.41,2026/01/29 22:53:19
434,47.13,17914.9,-2158.03,2026/01/29 22:53:19
435,47.24,17918.9,-2155.83,2026/01/29 22:53:19
436,47.35,17909.7,-2159.11,2026/01/29 22:53:19
437,47.46,17902.5,-2155.55,2026/01/29 22:53:19
438,47.57,17881.3,-2162,2026/01/29 22:53:19
439,47.68,17866.4,-2159.46,2026/01/29 22:53:19
440,47.79,17847.5,-2157.72,2026/01/29 22:53:19
441,47.9,17863.3,-2155.76,2026/01/29 22:53:19
442,48,17896.4,-2153.48,2026/01/29 22:53:20
443,48.11,17896.9,-2154.94,2026/01/29 22:53:20
444,48.22,17876,-2151.56,2026/01/29 22:53:20
445,48.33,17854.3,-2160.96,2026/01/29 22:53:20
446,48.44,17846.8,-2155.61,2026/01/29 22:53:20
447,48.55,17876,-2156.83,2026/01/29 22:53:20
448,48.66,17913.1,-2155.72,2026/01/29 22:53:20
449,48.77,17912,-2153.11,2026/01/29 22:53:20
450,48.87,17879,-2152.67,2026/01/29 22:53:20
451,48.98,17863,-2154.25,2026/01/29 22:53:21
452,49.09,17850.6,-2158.72,2026/01/29 22:53:21
453,49.2,17853.9,-2155.41,2026/01/29 22:53:21
454,49.31,17852,-2155.55,2026/01/29 22:53:21
455,49.42,17920.5,-2156.62,2026/01/29 22:53:21
456,49.53,17927.5,-2155.1,2026/01/29 22:53:21
457,49.64,17906,-2153.46,2026/01/29 22:53:21
458,49.75,17867.4,-2155.4,2026/01/29 22:53:21
459,49.85,17848.2,-2163.89,2026/01/29 22:53:21
460,49.96,17834.7,-2155.23,2026/01/29 22:53:22
461,50.07,17869.1,-2154.78,2026/01/29 22:53:22
462,50.18,17905.1,-2154.4,2026/01/29 22:53:22
463,50.29,17906.8,-2154.03,2026/01/29 22:53:22
464,50.4,17883.9,-2150.89,2026/01/29 22:53:22
465,50.51,17852.2,-2162.51,2026/01/29 22:53:22
466,50.62,17835.3,-2168.42,2026/01/29 22:53:22
467,50.73,17823.6,-2157.2,2026/01/29 22:53:22
468,50.84,17856.9,-2151.29,2026/01/29 22:53:22
469,50.95,17891.2,-2151.43,2026/01/29 22:53:22
470,51.05,17896.4,-2151.39,2026/01/29 22:53:23
471,51.16,17892.9,-2148.99,2026/01/29 22:53:23
472,51.27,17859.1,-2156.06,2026/01/29 22:53:23
473,51.38,17841.2,-2168.61,2026/01/29 22:53:23
474,51.49,17816.4,-2163.72,2026/01/29 22:53:23
475,51.6,17845.3,-2150.08,2026/01/29 22:53:23
476,51.71,17870.3,-2150.27,2026/01/29 22:53:23
477,51.82,17882,-2148.52,2026/01/29 22:53:23
478,51.92,17867.4,-2149.27,2026/01/29 22:53:23
479,52.03,17841.4,-2161.05,2026/01/29 22:53:24
480,52.14,17831,-2169.62,2026/01/29 22:53:24
481,52.25,17811.3,-2157.86,2026/01/29 22:53:24
482,52.36,17848,-2150.58,2026/01/29 22:53:24
483,52.47,17884.4,-2149.82,2026/01/29 22:53:24
484,52.58,17895.3,-2148,2026/01/29 22:53:24
485,52.69,17868,-2150.68,2026/01/29 22:53:24
486,52.8,17841.9,-2160.5,2026/01/29 22:53:24
487,52.9,17828.3,-2171.29,2026/01/29 22:53:24
488,53.01,17816.3,-2166.57,2026/01/29 22:53:25
489,53.12,17834.2,-2150.88,2026/01/29 22:53:25
490,53.23,17886.3,-2150.84,2026/01/29 22:53:25
491,53.34,17902.6,-2146.3,2026/01/29 22:53:25
492,53.45,17864.9,-2149.05,2026/01/29 22:53:25
493,53.56,17842.5,-2160.38,2026/01/29 22:53:25
494,53.67,17820,-2171.6,2026/01/29 22:53:25
495,53.78,17805.5,-2157.57,2026/01/29 22:53:25
496,53.88,17838.4,-2149.86,2026/01/29 22:53:25
497,53.99,17866.7,-2148.2,2026/01/29 22:53:26
498,54.1,17877.4,-2146.23,2026/01/29 22:53:26
499,54.21,17852,-2148.64,2026/01/29 22:53:26
500,54.32,17829.7,-2167.12,2026/01/29 22:53:26
501,54.43,17811.1,-2173.36,2026/01/29 22:53:26
502,54.54,17799.3,-2156.12,2026/01/29 22:53:26
503,54.65,17836.3,-2150.5,2026/01/29 22:53:26
504,54.76,17884.2,-2146.06,2026/01/29 22:53:26
505,54.86,17890.9,-2145.56,2026/01/29 22:53:26
506,54.97,17864.9,-2145.77,2026/01/29 22:53:27
507,55.08,17843.5,-2147.62,2026/01/29 22:53:27
508,55.19,17825.8,-2149.25,2026/01/29 22:53:27
509,55.3,17839.2,-2146.15,2026/01/29 22:53:27
510,55.41,17882.4,-2147.48,2026/01/29 22:53:27
511,55.52,17907.4,-2145.85,2026/01/29 22:53:27
512,55.63,17889.6,-2146.56,2026/01/29 22:53:27
513,55.74,17849.9,-2146.13,2026/01/29 22:53:27
514,55.84,17825.8,-2151.4,2026/01/29 22:53:27
515,55.95,17838.8,-2146.04,2026/01/29 22:53:27
516,56.06,17886.1,-2147.21,2026/01/29 22:53:28
517,56.17,17904.7,-2149.15,2026/01/29 22:53:28
518,56.28,17894.7,-2143.58,2026/01/29 22:53:28
519,56.39,17848.6,-2147.51,2026/01/29 22:53:28
520,56.5,17831.3,-2153.81,2026/01/29 22:53:28
521,56.61,17822.4,-2146.36,2026/01/29 22:53:28
522,56.72,17866.9,-2144.97,2026/01/29 22:53:28
523,56.82,17903.7,-2149.49,2026/01/29 22:53:28
524,56.93,17909.7,-2144.97,2026/01/29 22:53:28
525,57.04,17867.4,-2145.14,2026/01/29 22:53:29
526,57.15,17838.4,-2153.9,2026/01/29 22:53:29
527,57.26,17824.1,-2159.38,2026/01/29 22:53:29
528,57.37,17810.2,-2150.99,2026/01/29 22:53:29
529,57.48,17847.4,-2145.03,2026/01/29 22:53:29
530,57.59,17905.5,-2147.89,2026/01/29 22:53:29
531,57.7,17922,-2148.07,2026/01/29 22:53:29
532,57.81,17883.5,-2144.96,2026/01/29 22:53:29
533,57.91,17841.7,-2150.74,2026/01/29 22:53:29
534,58.02,17820.7,-2160.31,2026/01/29 22:53:30
535,58.13,17825.1,-2146.22,2026/01/29 22:53:30
536,58.24,17865.6,-2146.33,2026/01/29 22:53:30
537,58.35,17898.8,-2147.86,2026/01/29 22:53:30
538,58.46,17887.9,-2142.8,2026/01/29 22:53:30
539,58.57,17845.8,-2150.04,2026/01/29 22:53:30
540,58.68,17830.6,-2158.24,2026/01/29 22:53:30
541,58.79,17815,-2147.82,2026/01/29 22:53:30
542,58.9,17864.4,-2147.82,2026/01/29 22:53:30
543,59,17897.5,-2148.19,2026/01/29 22:53:31
544,59.11,17887.2,-2141.99,2026/01/29 22:53:31
545,59.22,17848.3,-2149.87,2026/01/29 22:53:31
546,59.33,17834.4,-2155.41,2026/01/29 22:53:31
547,59.44,17815.8,-2147.56,2026/01/29 22:53:31
548,59.55,17870,-2147.58,2026/01/29 22:53:31
549,59.66,17914.7,-2147.01,2026/01/29 22:53:31
550,59.77,17914.7,-2149.38,2026/01/29 22:53:31
551,59.88,17879.5,-2142.61,2026/01/29 22:53:31
552,59.99,17839.4,-2151.57,2026/01/29 22:53:32
553,60.09,17830.9,-2154.34,2026/01/29 22:53:32
554,60.2,17831.4,-2146.99,2026/01/29 22:53:32
555,60.31,17876,-2146.34,2026/01/29 22:53:32
556,60.42,17891.8,-2147.57,2026/01/29 22:53:32
557,60.53,17879.8,-2142.57,2026/01/29 22:53:32
558,60.64,17844.4,-2150.86,2026/01/29 22:53:32
559,60.75,17829.8,-2162.86,2026/01/29 22:53:32
560,60.86,17813.8,-2154.65,2026/01/29 22:53:32
561,60.96,17830.7,-2149.73,2026/01/29 22:53:33
562,61.07,17884.4,-2145.81,2026/01/29 22:53:33
563,61.18,17890.5,-2145.54,2026/01/29 22:53:33
564,61.29,17877.6,-2144.86,2026/01/29 22:53:33
565,61.4,17848,-2150.73,2026/01/29 22:53:33
566,61.51,17826.1,-2156.07,2026/01/29 22:53:33
567,61.61,17835.4,-2147.9,2026/01/29 22:53:33
568,61.72,17874.8,-2146.11,2026/01/29 22:53:33
569,61.83,17887.5,-2145.43,2026/01/29 22:53:33
570,61.94,17888.8,-2147.7,2026/01/29 22:53:33
571,62.05,17857.6,-2144.77,2026/01/29 22:53:34
572,62.16,17834.8,-2157.69,2026/01/29 22:53:34
573,62.27,17823.6,-2153.57,2026/01/29 22:53:34
574,62.38,17837.9,-2146.89,2026/01/29 22:53:34
575,62.49,17881.1,-2147.93,2026/01/29 22:53:34
576,62.59,17892.8,-2143.21,2026/01/29 22:53:34
577,62.7,17858.2,-2146.23,2026/01/29 22:53:34
578,62.81,17838,-2160.1,2026/01/29 22:53:34
579,62.92,17815,-2151.43,2026/01/29 22:53:34
580,63.03,17849.6,-2146.08,2026/01/29 22:53:35
581,63.14,17886,-2147.44,2026/01/29 22:53:35
582,63.25,17893.9,-2146.5,2026/01/29 22:53:35
583,63.36,17875.2,-2145.17,2026/01/29 22:53:35
584,63.46,17842.7,-2157.6,2026/01/29 22:53:35
585,63.57,17824.4,-2154.37,2026/01/29 22:53:35
586,63.68,17837,-2149.65,2026/01/29 22:53:35
587,63.79,17882.6,-2145.53,2026/01/29 22:53:35
588,63.9,17883.2,-2145.04,2026/01/29 22:53:35
589,64.01,17869.5,-2146.1,2026/01/29 22:53:36
590,64.12,17839.7,-2156.58,2026/01/29 22:53:36
591,64.23,17823.8,-2153.64,2026/01/29 22:53:36
592,64.34,17835.7,-2147.93,2026/01/29 22:53:36
593,64.45,17872,-2145.79,2026/01/29 22:53:36
594,64.55,17886,-2147.12,2026/01/29 22:53:36
595,64.66,17888.9,-2145.02,2026/01/29 22:53:36
596,64.77,17866.5,-2143.62,2026/01/29 22:53:36
597,64.88,17844.5,-2147.83,2026/01/29 22:53:36
598,64.99,17862.3,-2143.68,2026/01/29 22:53:37
599,65.1,17894,-2148.58,2026/01/29 22:53:37
600,65.21,17915.6,-2147.61,2026/01/29 22:53:37
601,65.32,17901.8,-2144.37,2026/01/29 22:53:37
602,65.43,17865.1,-2146.06,2026/01/29 22:53:37
603,65.53,17847.5,-2145.75,2026/01/29 22:53:37
604,65.64,17877.5,-2147.31,2026/01/29 22:53:37
605,65.75,17919.8,-2147.99,2026/01/29 22:53:37
606,65.86,17922.3,-2147.85,2026/01/29 22:53:37
607,65.97,17900.1,-2144.96,2026/01/29 22:53:38
608,66.08,17854.4,-2151.8,2026/01/29 22:53:38
609,66.19,17836.9,-2142.87,2026/01/29 22:53:38
610,66.3,17867,-2149.31,2026/01/29 22:53:38
611,66.41,17894.5,-2145.88,2026/01/29 22:53:38
612,66.51,17897.1,-2146.05,2026/01/29 22:53:38
613,66.62,17870,-2146.02,2026/01/29 22:53:38
614,66.73,17846.3,-2149.02,2026/01/29 22:53:38
615,66.84,17847.6,-2148.79,2026/01/29 22:53:38
616,66.95,17899.5,-2146.52,2026/01/29 22:53:38
617,67.06,17907,-2147.05,2026/01/29 22:53:39
618,67.17,17891.2,-2144.54,2026/01/29 22:53:39
619,67.28,17853.9,-2148.23,2026/01/29 22:53:39
620,67.39,17843.2,-2144.99,2026/01/29 22:53:39
621,67.49,17877.8,-2148.27,2026/01/29 22:53:39
622,67.6,17899.3,-2147.72,2026/01/29 22:53:39
623,67.71,17902.3,-2147.97,2026/01/29 22:53:39
624,67.82,17879.3,-2146.09,2026/01/29 22:53:39
625,67.93,17849.6,-2155.7,2026/01/29 22:53:39
626,68.04,17829.2,-2158.69,2026/01/29 22:53:40
627,68.15,17848.6,-2146.5,2026/01/29 22:53:40
628,68.26,17887.6,-2147.18,2026/01/29 22:53:40
629,68.37,17904,-2146.33,2026/01/29 22:53:40
630,68.48,17877.6,-2144.09,2026/01/29 22:53:40
631,68.58,17850.7,-2156.09,2026/01/29 22:53:40
632,68.69,17830.9,-2166.61,2026/01/29 22:53:40
633,68.8,17818.8,-2151.67,2026/01/29 22:53:40
634,68.91,17865.9,-2149.05,2026/01/29 22:53:40
635,69.02,17894.8,-2146.37,2026/01/29 22:53:41
636,69.13,17895.3,-2144.07,2026/01/29 22:53:41
637,69.24,17858.4,-2151.82,2026/01/29 22:53:41
638,69.35,17845.2,-2155.91,2026/01/29 22:53:41
639,69.45,17828.9,-2149.47,2026/01/29 22:53:41
640,69.56,17880.3,-2146.31,2026/01/29 22:53:41
641,69.67,17896.3,-2146.72,2026/01/29 22:53:41
642,69.78,17890.8,-2145.12,2026/01/29 22:53:41
643,69.89,17862.6,-2149.47,2026/01/29 22:53:41
644,70,17837.8,-2159.33,2026/01/29 22:53:42
645,70.11,17829.9,-2150.57,2026/01/29 22:53:42
646,70.22,17866.6,-2148.44,2026/01/29 22:53:42
647,70.32,17889.5,-2145.47,2026/01/29 22:53:42
648,70.43,17893.7,-2146.93,2026/01/29 22:53:42
649,70.54,17870.8,-2147.51,2026/01/29 22:53:42
650,70.65,17847,-2157.23,2026/01/29 22:53:42
651,70.76,17831.6,-2155.34,2026/01/29 22:53:42
652,70.87,17848.4,-2146.08,2026/01/29 22:53:42
653,70.98,17891,-2148.07,2026/01/29 22:53:43
654,71.09,17908,-2145.57,2026/01/29 22:53:43
655,71.2,17875.1,-2145.62,2026/01/29 22:53:43
656,71.31,17852.3,-2159.15,2026/01/29 22:53:43
657,71.41,17828.7,-2158.21,2026/01/29 22:53:43
658,71.52,17843.9,-2148.57,2026/01/29 22:53:43
659,71.63,17882.2,-2148.23,2026/01/29 22:53:43
660,71.74,17891.9,-2144.33,2026/01/29 22:53:43
661,71.85,17868.9,-2148.05,2026/01/29 22:53:43
662,71.96,17842.9,-2165.4,2026/01/29 22:53:44
663,72.07,17827,-2162.79,2026/01/29 22:53:44
664,72.17,17823.7,-2155.31,2026/01/29 22:53:44
665,72.29,17881.4,-2146.58,2026/01/29 22:53:44
666,72.39,17888.8,-2145.06,2026/01/29 22:53:44
667,72.5,17870.5,-2149.36,2026/01/29 22:53:44
668,72.61,17844.1,-2160.18,2026/01/29 22:53:44
669,72.72,17826,-2153.3,2026/01/29 22:53:44
670,72.83,17850.4,-2150.19,2026/01/29 22:53:44
671,72.94,17890.2,-2147.08,2026/01/29 22:53:44
672,73.05,17902.2,-2147.38,2026/01/29 22:53:45
673,73.16,17876.4,-2146.16,2026/01/29 22:53:45
674,73.27,17853,-2157.68,2026/01/29 22:53:45
675,73.37,17829.5,-2156.34,2026/01/29 22:53:45
676,73.48,17851.3,-2147,2026/01/29 22:53:45
677,73.59,17885.3,-2148.12,2026/01/29 22:53:45
678,73.7,17892.1,-2144.48,2026/01/29 22:53:45
679,73.81,17859.2,-2151.73,2026/01/29 22:53:45
680,73.92,17842.6,-2160.31,2026/01/29 22:53:45
681,74.03,17825.7,-2151.66,2026/01/29 22:53:46
682,74.14,17866.2,-2148.97,2026/01/29 22:53:46
683,74.25,17895.2,-2147.56,2026/01/29 22:53:46
684,74.35,17882.2,-2146.07,2026/01/29 22:53:46
685,74.46,17859.4,-2153.23,2026/01/29 22:53:46
686,74.57,17841.8,-2158.7,2026/01/29 22:53:46
687,74.68,17834.3,-2147.86,2026/01/29 22:53:46
688,74.79,17874.7,-2151.08,2026/01/29 22:53:46
689,74.9,17901.7,-2146.28,2026/01/29 22:53:46
690,75.01,17886.2,-2144.84,2026/01/29 22:53:47
691,75.12,17857.4,-2155.7,2026/01/29 22:53:47
692,75.23,17842.2,-2154.45,2026/01/29 22:53:47
693,75.34,17846.1,-2150.63,2026/01/29 22:53:47
694,75.44,17893.2,-2147.55,2026/01/29 22:53:47
695,75.55,17894.9,-2145.81,2026/01/29 22:53:47
696,75.66,17870.4,-2149.82,2026/01/29 22:53:47
697,75.77,17847.4,-2160.65,2026/01/29 22:53:47
698,75.88,17826.1,-2149.77,2026/01/29 22:53:47
699,75.99,17856.8,-2151.62,2026/01/29 22:53:48
700,76.1,17900.9,-2146.66,2026/01/29 22:53:48
701,76.21,17892.1,-2145.89,2026/01/29 22:53:48
702,76.32,17859.3,-2152.92,2026/01/29 22:53:48
703,76.42,17833.9,-2163.84,2026/01/29 22:53:48
704,76.53,17813.9,-2157.52,2026/01/29 22:53:48
705,76.64,17862,-2150.14,2026/01/29 22:53:48
706,76.75,17890.4,-2147.44,2026/01/29 22:53:48
707,76.86,17895.9,-2145.65,2026/01/29 22:53:48
708,76.97,17865.7,-2150.54,2026/01/29 22:53:49
709,77.08,17847.3,-2154.86,2026/01/29 22:53:49
710,77.19,17831.8,-2152.1,2026/01/29 22:53:49
711,77.3,17879.2,-2148.17,2026/01/29 22:53:49
712,77.4,17896.3,-2145.94,2026/01/29 22:53:49
713,77.51,17881.2,-2146.99,2026/01/29 22:53:49
714,77.62,17859.6,-2151.57,2026/01/29 22:53:49
715,77.73,17834.3,-2162.68,2026/01/29 22:53:49
716,77.84,17819.3,-2154.56,2026/01/29 22:53:49
717,77.95,17855.9,-2150.1,2026/01/29 22:53:49
718,78.06,17880.6,-2148.04,2026/01/29 22:53:50
719,78.17,17884,-2146.27,2026/01/29 22:53:50
720,78.28,17867.6,-2148.63,2026/01/29 22:53:50
721,78.38,17850.3,-2155.15,2026/01/29 22:53:50
722,78.49,17832.2,-2149.54,2026/01/29 22:53:50
723,78.6,17870.9,-2149.39,2026/01/29 22:53:50
724,78.71,17890.1,-2148.38,2026/01/29 22:53:50
725,78.82,17891,-2143.87,2026/01/29 22:53:50
726,78.93,17858.3,-2151.97,2026/01/29 22:53:50
727,79.04,17851.4,-2147.29,2026/01/29 22:53:51
728,79.15,17886.2,-2148.49,2026/01/29 22:53:51
729,79.26,17909.1,-2147.88,2026/01/29 22:53:51
730,79.37,17915.4,-2146.75,2026/01/29 22:53:51
731,79.47,17885.5,-2146.43,2026/01/29 22:53:51
732,79.58,17865.4,-2147.69,2026/01/29 22:53:51
733,79.69,17894.2,-2147.98,2026/01/29 22:53:51
734,79.8,17927.8,-2149.06,2026/01/29 22:53:51
735,79.91,17932.5,-2148.44,2026/01/29 22:53:51
736,80.02,17912.4,-2145.09,2026/01/29 22:53:52
737,80.13,17865.3,-2153.59,2026/01/29 22:53:52
738,80.24,17848.9,-2145.41,2026/01/29 22:53:52
739,80.35,17888.8,-2149.45,2026/01/29 22:53:52
740,80.46,17909.9,-2147.88,2026/01/29 22:53:52
741,80.56,17913.3,-2146.3,2026/01/29 22:53:52
742,80.67,17884.8,-2147.89,2026/01/29 22:53:52
743,80.78,17860,-2150.55,2026/01/29 22:53:52
744,80.89,17847.7,-2149.49,2026/01/29 22:53:52
745,81,17900.5,-2148.15,2026/01/29 22:53:53
746,81.11,17914,-2147.35,2026/01/29 22:53:53
747,81.22,17920.8,-2148.61,2026/01/29 22:53:53
748,81.33,17921.1,-2149.67,2026/01/29 22:53:53
749,81.44,17925.1,-2147.17,2026/01/29 22:53:53
750,81.54,17924.2,-2150.28,2026/01/29 22:53:53
751,81.65,17928.2,-2147.88,2026/01/29 22:53:53
752,81.76,17927.9,-2149.34,2026/01/29 22:53:53
753,81.87,17928.3,-2150.92,2026/01/29 22:53:53
754,81.98,17933.2,-2147.38,2026/01/29 22:53:54
755,82.09,17929.8,-2151.14,2026/01/29 22:53:54
756,82.2,17939.2,-2149.05,2026/01/29 22:53:54
757,82.31,17935.2,-2149.45,2026/01/29 22:53:54
758,82.42,17940.1,-2150.44,2026/01/29 22:53:54
759,82.52,17940.3,-2150.31,2026/01/29 22:53:54
760,82.63,17940,-2150.11,2026/01/29 22:53:54
761,82.74,17942.8,-2150.65,2026/01/29 22:53:54
762,82.85,17941.1,-2149.98,2026/01/29 22:53:54
763,82.96,17944.7,-2150.29,2026/01/29 22:53:55
764,83.07,17941.9,-2152.88,2026/01/29 22:53:55
765,83.18,17947.3,-2147.99,2026/01/29 22:53:55
766,83.29,17943.3,-2152.5,2026/01/29 22:53:55
767,83.39,17947.8,-2150.12,2026/01/29 22:53:55
768,83.5,17945.4,-2150.25,2026/01/29 22:53:55
769,83.61,17946.9,-2151.12,2026/01/29 22:53:55
770,83.72,17948,-2149.78,2026/01/29 22:53:55
771,83.83,17945.3,-2152.5,2026/01/29 22:53:55
772,83.94,17951.7,-2151.33,2026/01/29 22:53:55
773,84.05,17947.4,-2150.42,2026/01/29 22:53:56
774,84.16,17950.6,-2152.31,2026/01/29 22:53:56
775,84.27,17949.4,-2151.79,2026/01/29 22:53:56
776,84.37,17951.5,-2149.32,2026/01/29 22:53:56
777,84.48,17948.6,-2153.91,2026/01/29 22:53:56
778,84.59,17952.9,-2150.24,2026/01/29 22:53:56
779,84.7,17951,-2150.69,2026/01/29 22:53:56
780,84.81,17952.8,-2151.64,2026/01/29 22:53:56
781,84.92,17953.7,-2149.83,2026/01/29 22:53:56
782,85.03,17950.4,-2153.73,2026/01/29 22:53:57
783,85.14,17956.5,-2150.22,2026/01/29 22:53:57
784,85.24,17950.5,-2151.73,2026/01/29 22:53:57
785,85.35,17956.3,-2152.18,2026/01/29 22:53:57
786,85.46,17952.9,-2151.24,2026/01/29 22:53:57
787,85.57,17953.4,-2151.57,2026/01/29 22:53:57
788,85.68,17954.6,-2152.73,2026/01/29 22:53:57
789,85.79,17956,-2150.96,2026/01/29 22:53:57
790,85.9,17955.9,-2152.28,2026/01/29 22:53:57
791,86.01,17955.9,-2150.51,2026/01/29 22:53:58
792,86.12,17956.9,-2151.49,2026/01/29 22:53:58
793,86.23,17955.5,-2152.91,2026/01/29 22:53:58
794,86.34,17959.2,-2149.9,2026/01/29 22:53:58
795,86.45,17953.1,-2153.97,2026/01/29 22:53:58
796,86.55,17960.8,-2151.1,2026/01/29 22:53:58
797,86.66,17955.6,-2152.53,2026/01/29 22:53:58
798,86.77,17959.2,-2152.8,2026/01/29 22:53:58
799,86.88,17959.2,-2151.86,2026/01/29 22:53:58
800,86.99,17954.9,-2153.63,2026/01/29 22:53:59
801,87.1,17961,-2152.94,2026/01/29 22:53:59
802,87.21,17956.1,-2152.41,2026/01/29 22:53:59
803,87.31,17960.7,-2152.89,2026/01/29 22:53:59
804,87.42,17957.2,-2153.56,2026/01/29 22:53:59
805,87.53,17960.8,-2150.86,2026/01/29 22:53:59
806,87.64,17958.5,-2153.61,2026/01/29 22:53:59
807,87.75,17961.9,-2151.54,2026/01/29 22:53:59
808,87.86,17959.2,-2152.05,2026/01/29 22:53:59
809,87.97,17960.1,-2155.16,2026/01/29 22:54:00
810,88.08,17963.2,-2150.32,2026/01/29 22:54:00
811,88.18,17957.6,-2153.49,2026/01/29 22:54:00
812,88.29,17963.4,-2152.36,2026/01/29 22:54:00
813,88.4,17961.4,-2152.45,2026/01/29 22:54:00
814,88.51,17961.2,-2152.19,2026/01/29 22:54:00
815,88.62,17963.7,-2153.56,2026/01/29 22:54:00
816,88.73,17960.4,-2151.53,2026/01/29 22:54:00
817,88.84,17963.7,-2152.93,2026/01/29 22:54:00
818,88.94,17960.5,-2153.9,2026/01/29 22:54:00
819,89.05,17965.1,-2150.92,2026/01/29 22:54:01
820,89.16,17959.7,-2155.16,2026/01/29 22:54:01
821,89.27,17965.3,-2153.01,2026/01/29 22:54:01
822,89.38,17962.2,-2152.38,2026/01/29 22:54:01
823,89.49,17963.2,-2153.07,2026/01/29 22:54:01
824,89.6,17964,-2152.54,2026/01/29 22:54:01
825,89.71,17963.8,-2154.09,2026/01/29 22:54:01
826,89.82,17967.1,-2152.45,2026/01/29 22:54:01
827,89.92,17962.2,-2153.61,2026/01/29 22:54:01
828,90.03,17967,-2153.56,2026/01/29 22:54:02
829,90.14,17964,-2153.97,2026/01/29 22:54:02
830,90.25,17966.3,-2151.83,2026/01/29 22:54:02
831,90.36,17965,-2154.24,2026/01/29 22:54:02
832,90.47,17966.1,-2152.43,2026/01/29 22:54:02
833,90.58,17965.5,-2153.58,2026/01/29 22:54:02
834,90.69,17967,-2153.29,2026/01/29 22:54:02
835,90.79,17967.1,-2151.69,2026/01/29 22:54:02
836,90.9,17965.6,-2154.99,2026/01/29 22:54:02
837,91.01,17971.6,-2151.27,2026/01/29 22:54:03
838,91.12,17965.8,-2153.08,2026/01/29 22:54:03
839,91.23,17971.8,-2153.05,2026/01/29 22:54:03
840,91.34,17979.8,-2153.32,2026/01/29 22:54:03
841,91.45,18001.1,-2153,2026/01/29 22:54:03
842,91.56,18015.9,-2154.74,2026/01/29 22:54:03
843,91.66,18020.9,-2153.47,2026/01/29 22:54:03
844,91.78,18029.1,-2154.98,2026/01/29 22:54:03
845,91.88,18032.4,-2154.29,2026/01/29 22:54:03
846,91.99,18036.6,-2155.68,2026/01/29 22:54:04
847,92.1,18039.1,-2157.39,2026/01/29 22:54:04
848,92.21,18045.9,-2153.99,2026/01/29 22:54:04
849,92.32,18040,-2157.35,2026/01/29 22:54:04
850,92.43,18043,-2156.75,2026/01/29 22:54:04
851,92.54,18043.2,-2156.19,2026/01/29 22:54:04
852,92.64,18043.9,-2156.81,2026/01/29 22:54:04
853,92.75,18049.4,-2154.77,2026/01/29 22:54:04
854,92.86,18046.5,-2155.85,2026/01/29 22:54:04
855,92.97,18073.8,-2156.94,2026/01/29 22:54:05
856,93.08,18067.4,-2156.78,2026/01/29 22:54:05
857,93.19,18068.7,-2156.76,2026/01/29 22:54:05
858,93.3,18066.6,-2159.75,2026/01/29 22:54:05
859,93.41,18069.2,-2156.79,2026/01/29 22:54:05
860,93.52,18066.7,-2159.26,2026/01/29 22:54:05
861,93.62,18069.4,-2159.07,2026/01/29 22:54:05
862,93.73,18068.2,-2158.73,2026/01/29 22:54:05
863,93.84,18066.9,-2160.82,2026/01/29 22:54:05
864,93.95,18072.2,-2156.74,2026/01/29 22:54:05
865,94.06,18064.6,-2160.23,2026/01/29 22:54:06
866,94.17,18071.9,-2158.92,2026/01/29 22:54:06
867,94.28,18067,-2158.25,2026/01/29 22:54:06
868,94.39,18070.5,-2159.94,2026/01/29 22:54:06
869,94.5,18069.5,-2159.38,2026/01/29 22:54:06
870,94.6,18068.3,-2159.31,2026/01/29 22:54:06
871,94.71,18071.2,-2160.05,2026/01/29 22:54:06
872,94.82,18068.3,-2158.39,2026/01/29 22:54:06
873,94.93,18071,-2159.3,2026/01/29 22:54:06
874,95.04,18067.5,-2161.09,2026/01/29 22:54:07
875,95.15,18072.5,-2157.34,2026/01/29 22:54:07
876,95.26,18067.8,-2160.82,2026/01/29 22:54:07
877,95.37,18072.9,-2159.12,2026/01/29 22:54:07
878,95.47,18070.2,-2159.13,2026/01/29 22:54:07
879,95.58,18070.3,-2159.76,2026/01/29 22:54:07
880,95.69,18071.8,-2158.59,2026/01/29 22:54:07
881,95.8,18068.5,-2161.21,2026/01/29 22:54:07
882,95.91,18073.5,-2159.5,2026/01/29 22:54:07
883,96.02,18069.4,-2159.24,2026/01/29 22:54:08
884,96.13,18072.4,-2159.08,2026/01/29 22:54:08
885,96.24,18070.2,-2160.99,2026/01/29 22:54:08
886,96.34,18071.9,-2158.86,2026/01/29 22:54:08
887,96.45,18070.8,-2161.63,2026/01/29 22:54:08
888,96.56,18072.6,-2160,2026/01/29 22:54:08
889,96.67,18072.1,-2160.22,2026/01/29 22:54:08
890,96.78,18070.9,-2161.42,2026/01/29 22:54:08
891,96.89,18075.6,-2157.88,2026/01/29 22:54:08
892,97,18068.4,-2162.22,2026/01/29 22:54:09
893,97.11,18076.4,-2160.36,2026/01/29 22:54:09
894,97.22,18070.6,-2159.86,2026/01/29 22:54:09
895,97.32,18073.6,-2160.62,2026/01/29 22:54:09
896,97.43,18073.9,-2159.89,2026/01/29 22:54:09
897,97.54,18071.4,-2160.54,2026/01/29 22:54:09
898,97.65,18075.8,-2160.29,2026/01/29 22:54:09
899,97.76,18071.8,-2159.64,2026/01/29 22:54:09
900,97.87,18075.3,-2160.17,2026/01/29 22:54:09
901,97.98,18072.6,-2161.18,2026/01/29 22:54:10
902,98.09,18076.1,-2159.13,2026/01/29 22:54:10
903,98.2,18072.3,-2162.91,2026/01/29 22:54:10
904,98.31,18077.4,-2157.51,2026/01/29 22:54:10
905,98.41,18072,-2161.88,2026/01/29 22:54:10
906,98.52,18077.5,-2159.43,2026/01/29 22:54:10
907,98.63,18074.4,-2160.12,2026/01/29 22:54:10
908,98.74,18075.5,-2161,2026/01/29 22:54:10
909,98.85,18077.1,-2159.9,2026/01/29 22:54:10
910,98.96,18072.9,-2161.82,2026/01/29 22:54:11
911,99.07,18077.8,-2160.39,2026/01/29 22:54:11
912,99.18,18073.9,-2160.48,2026/01/29 22:54:11
913,99.29,18076.6,-2160.68,2026/01/29 22:54:11
914,99.39,18075.9,-2161.61,2026/01/29 22:54:11
915,99.5,18078.2,-2159.19,2026/01/29 22:54:11
916,99.61,18075.6,-2162.53,2026/01/29 22:54:11
917,99.72,18078.2,-2160.54,2026/01/29 22:54:11
918,99.83,18076.8,-2160.63,2026/01/29 22:54:11
919,99.94,18076.6,-2161.97,2026/01/29 22:54:11
920,100.05,18079.2,-2159.17,2026/01/29 22:54:12
921,100.16,18074,-2162.72,2026/01/29 22:54:12
922,100.26,18081.6,-2160.51,2026/01/29 22:54:12
923,100.37,18075.3,-2160.9,2026/01/29 22:54:12
924,100.48,18079.9,-2161.27,2026/01/29 22:54:12
925,100.59,18078.4,-2160.35,2026/01/29 22:54:12
926,100.7,18076.3,-2161.18,2026/01/29 22:54:12
927,100.81,18080.6,-2160.9,2026/01/29 22:54:12
928,100.92,18077.4,-2161.04,2026/01/29 22:54:12
929,101.03,18080.5,-2162.18,2026/01/29 22:54:13
930,101.14,18078.6,-2161.11,2026/01/29 22:54:13
931,101.25,18080.8,-2160.15,2026/01/29 22:54:13
932,101.36,18078,-2163,2026/01/29 22:54:13
933,101.46,18082.6,-2158.83,2026/01/29 22:54:13
934,101.57,18076.6,-2163.38,2026/01/29 22:54:13
935,101.68,18082.8,-2159.92,2026/01/29 22:54:13
936,101.79,18078.6,-2161.44,2026/01/29 22:54:13
937,101.9,18080.6,-2162.14,2026/01/29 22:54:13
938,102.01,18081.6,-2159.49,2026/01/29 22:54:14
939,102.12,18078.8,-2163.61,2026/01/29 22:54:14
940,102.23,18083.6,-2160.55,2026/01/29 22:54:14
941,102.34,18077.7,-2162.11,2026/01/29 22:54:14
942,102.45,18083.7,-2161.29,2026/01/29 22:54:14
943,102.55,18080.2,-2160.7,2026/01/29 22:54:14
944,102.66,18083,-2160.52,2026/01/29 22:54:14
945,102.77,18080.7,-2163.18,2026/01/29 22:54:14
946,102.88,18083.8,-2158.93,2026/01/29 22:54:14
947,102.99,18080.6,-2162.73,2026/01/29 22:54:15
948,103.1,18083.6,-2159.88,2026/01/29 22:54:15
949,103.21,18081.2,-2160.94,2026/01/29 22:54:15
950,103.32,18081.6,-2162.79,2026/01/29 22:54:15
951,103.43,18084.9,-2159.1,2026/01/29 22:54:15
952,103.53,18079.3,-2163.07,2026/01/29 22:54:15
953,103.64,18086.3,-2160.62,2026/01/29 22:54:15
954,103.75,18080.1,-2161.24,2026/01/29 22:54:15
955,103.86,18085.3,-2162.77,2026/01/29 22:54:15
956,103.97,18082,-2161.8,2026/01/29 22:54:16
957,104.08,18083.1,-2161.55,2026/01/29 22:54:16
958,104.19,18083.7,-2162.82,2026/01/29 22:54:16
959,104.3,18082.6,-2160.7,2026/01/29 22:54:16
960,104.4,18086.1,-2162.61,2026/01/29 22:54:16
961,104.51,18083.2,-2161.57,2026/01/29 22:54:16
962,104.62,18086.4,-2160.07,2026/01/29 22:54:16
963,104.73,18081.9,-2163.95,2026/01/29 22:54:16
964,104.84,18087.4,-2159.3,2026/01/29 22:54:16
965,104.95,18082.4,-2163.09,2026/01/29 22:54:16
966,105.06,18087.2,-2161.33,2026/01/29 22:54:17
967,105.17,18084.7,-2161.92,2026/01/29 22:54:17
968,105.28,18084.7,-2163.01,2026/01/29 22:54:17
969,105.39,18087.9,-2159.87,2026/01/29 22:54:17
970,105.49,18083.7,-2163.17,2026/01/29 22:54:17
971,105.6,18088.9,-2161.63,2026/01/29 22:54:17
972,105.71,18084.3,-2161.77,2026/01/29 22:54:17
973,105.82,18087.9,-2162.1,2026/01/29 22:54:17
974,105.93,18085,-2162.57,2026/01/29 22:54:17
975,106.04,18086.6,-2160.92,2026/01/29 22:54:18
976,106.15,18086,-2163.85,2026/01/29 22:54:18
977,106.26,18086.2,-2161.31,2026/01/29 22:54:18
978,106.36,18088.3,-2162.53,2026/01/29 22:54:18
979,106.47,18085.9,-2162.56,2026/01/29 22:54:18
980,106.58,18089.6,-2159.95,2026/01/29 22:54:18
981,106.69,18084.1,-2164.78,2026/01/29 22:54:18
982,106.8,18091.1,-2160.62,2026/01/29 22:54:18
983,106.91,18086.1,-2162.58,2026/01/29 22:54:18
984,107.02,18088.1,-2162.28,2026/01/29 22:54:19
985,107.13,18088.3,-2161.89,2026/01/29 22:54:19
986,107.24,18086,-2163.87,2026/01/29 22:54:19
987,107.34,18090.6,-2161.69,2026/01/29 22:54:19
988,107.45,18085.8,-2162.52,2026/01/29 22:54:19
989,107.56,18090.4,-2162.89,2026/01/29 22:54:19
990,107.67,18088.4,-2162.78,2026/01/29 22:54:19
991,107.78,18090,-2161.59,2026/01/29 22:54:19
992,107.89,18088.7,-2164.09,2026/01/29 22:54:19
993,108,18091.1,-2160.86,2026/01/29 22:54:20
994,108.11,18088.9,-2163.66,2026/01/29 22:54:20
995,108.22,18090.8,-2160.92,2026/01/29 22:54:20
996,108.33,18088.1,-2163.78,2026/01/29 22:54:20
997,108.43,18091.4,-2162.34,2026/01/29 22:54:20
998,108.54,18089.8,-2161.93,2026/01/29 22:54:20
999,108.65,18090.9,-2162.84,2026/01/29 22:54:20
1000,108.76,18091.9,-2159.65,2026/01/29 22:54:20
1001,108.87,18088.2,-2164.72,2026/01/29 22:54:20
1002,108.98,18093.9,-2160.98,2026/01/29 22:54:21
1003,109.09,18088.1,-2162.81,2026/01/29 22:54:21
1004,109.2,18093.6,-2163.78,2026/01/29 22:54:21
1005,109.31,18089.9,-2162.38,2026/01/29 22:54:21
1006,109.42,18091.4,-2162.59,2026/01/29 22:54:21
1007,109.52,18091.4,-2163.53,2026/01/29 22:54:21
1008,109.63,18090.4,-2162.06,2026/01/29 22:54:21
1009,109.74,18093.5,-2163.7,2026/01/29 22:54:21
1010,109.85,18091,-2162.96,2026/01/29 22:54:21
1011,109.96,18093.5,-2161.24,2026/01/29 22:54:22
1012,110.07,18090.7,-2165.74,2026/01/29 22:54:22
1013,110.18,18094.3,-2161.53,2026/01/29 22:54:22
1014,110.29,18091.9,-2163.9,2026/01/29 22:54:22
1015,110.39,18094.1,-2163.1,2026/01/29 22:54:22
1016,110.5,18092.7,-2162.09,2026/01/29 22:54:22
1017,110.61,18092,-2164.95,2026/01/29 22:54:22
1018,110.72,18095.3,-2160.94,2026/01/29 22:54:22
1019,110.83,18089.9,-2164.28,2026/01/29 22:54:22
1020,110.94,18097.1,-2163.55,2026/01/29 22:54:22
1021,111.05,18091.7,-2162.42,2026/01/29 22:54:23
1022,111.16,18095,-2163.27,2026/01/29 22:54:23
1023,111.27,18094.5,-2163.51,2026/01/29 22:54:23
1024,111.37,18094,-2162.81,2026/01/29 22:54:23
1025,111.48,18096.2,-2163.65,2026/01/29 22:54:23
1026,111.59,18093.5,-2162.46,2026/01/29 22:54:23
1027,111.7,18096.4,-2164.15,2026/01/29 22:54:23
1028,111.81,18093.8,-2163.19,2026/01/29 22:54:23
1029,111.92,18097.2,-2161.97,2026/01/29 22:54:23
1030,112.03,18093.9,-2164.77,2026/01/29 22:54:24
1031,112.14,18098.7,-2160.71,2026/01/29 22:54:24
1032,112.25,18093.2,-2164.78,2026/01/29 22:54:24
1033,112.36,18098.2,-2162.79,2026/01/29 22:54:24
1034,112.46,18095.1,-2163.2,2026/01/29 22:54:24
1035,112.57,18097.3,-2164.27,2026/01/29 22:54:24
1036,112.68,18096.8,-2161.95,2026/01/29 22:54:24
1037,112.79,18094.6,-2165.76,2026/01/29 22:54:24
1038,112.9,18099.1,-2160.95,2026/01/29 22:54:24
1039,113.01,18093.3,-2164.59,2026/01/29 22:54:25
1040,113.12,18099.5,-2162.88,2026/01/29 22:54:25
1041,113.23,18094.6,-2162.63,2026/01/29 22:54:25
1042,113.34,18098.5,-2163.65,2026/01/29 22:54:25
1043,113.44,18097.7,-2163.9,2026/01/29 22:54:25
1044,113.55,18098.7,-2162.92,2026/01/29 22:54:25
1045,113.66,18102.2,-2163.71,2026/01/29 22:54:25
1046,113.77,18101.2,-2163.76,2026/01/29 22:54:25
1047,113.88,18105.4,-2164.21,2026/01/29 22:54:25
1048,113.99,18104.4,-2165.38,2026/01/29 22:54:26
1049,114.1,18109.9,-2163.14,2026/01/29 22:54:26
1050,114.2,18110.2,-2167.48,2026/01/29 22:54:26
1051,114.31,18118.1,-2161.58,2026/01/29 22:54:26
1052,114.42,18119.7,-2160.01,2026/01/29 22:54:26
1053,114.53,18115.2,-2159.64,2026/01/29 22:54:26
1054,114.64,18108.3,-2159.29,2026/01/29 22:54:26
1055,114.75,18103.4,-2161.74,2026/01/29 22:54:26
1056,114.86,18104.8,-2159.03,2026/01/29 22:54:26
1057,114.97,18101.4,-2162.47,2026/01/29 22:54:27
1058,115.08,18106.9,-2159.1,2026/01/29 22:54:27
1059,115.19,18099.4,-2162.34,2026/01/29 22:54:27
1060,115.3,18106.8,-2161.33,2026/01/29 22:54:27
1061,115.41,18100.3,-2160.23,2026/01/29 22:54:27
1062,115.51,18103.3,-2161.01,2026/01/29 22:54:27
1063,115.62,18099.8,-2161.1,2026/01/29 22:54:27
1064,115.73,18099.2,-2162.23,2026/01/29 22:54:27
1065,115.84,18102.3,-2159.78,2026/01/29 22:54:27
1066,115.95,18098.4,-2161.63,2026/01/29 22:54:27
1067,116.06,18103.5,-2160.92,2026/01/29 22:54:28
1068,116.17,18099.6,-2161.02,2026/01/29 22:54:28
1069,116.28,18102.1,-2161.94,2026/01/29 22:54:28
1070,116.39,18100,-2162.55,2026/01/29 22:54:28
1071,116.49,18101.9,-2161.17,2026/01/29 22:54:28
1072,116.6,18100.6,-2162.89,2026/01/29 22:54:28
1073,116.71,18100.3,-2161.82,2026/01/29 22:54:28
1074,116.82,18101.4,-2163.12,2026/01/29 22:54:28
1075,116.93,18099.8,-2162.06,2026/01/29 22:54:28
1076,117.04,18102.7,-2160.59,2026/01/29 22:54:29
1077,117.15,18098.8,-2164.79,2026/01/29 22:54:29
1078,117.25,18102.7,-2158.72,2026/01/29 22:54:29
1079,117.36,18098.8,-2164.05,2026/01/29 22:54:29
1080,117.47,18102.7,-2160.72,2026/01/29 22:54:29
1081,117.58,18099.8,-2162.59,2026/01/29 22:54:29
1082,117.69,18102.5,-2162.28,2026/01/29 22:54:29
1083,117.8,18100.7,-2161.6,2026/01/29 22:54:29
1084,117.91,18098.8,-2164.33,2026/01/29 22:54:29
1085,118.02,18103.8,-2159.87,2026/01/29 22:54:30
1086,118.13,18096.6,-2164.65,2026/01/29 22:54:30
1087,118.24,18104.9,-2160.68,2026/01/29 22:54:30
1088,118.35,18097.1,-2162.13,2026/01/29 22:54:30
1089,118.45,18102.7,-2162.02,2026/01/29 22:54:30
1090,118.56,18101.1,-2161.62,2026/01/29 22:54:30
1091,118.67,18100.7,-2163.22,2026/01/29 22:54:30
1092,118.78,18102,-2161.54,2026/01/29 22:54:30
1093,118.89,18099.2,-2163.75,2026/01/29 22:54:30
1094,119,18103,-2161.72,2026/01/29 22:54:31
1095,119.11,18097.9,-2163.21,2026/01/29 22:54:31
1096,119.22,18102.5,-2162.9,2026/01/29 22:54:31
1097,119.32,18099.3,-2161.77,2026/01/29 22:54:31
1098,119.43,18102.3,-2162.4,2026/01/29 22:54:31
1099,119.54,18101.3,-2162.85,2026/01/29 22:54:31
1100,119.65,18101.4,-2161.7,2026/01/29 22:54:31
1101,119.76,18102.8,-2162.73,2026/01/29 22:54:31
1102,119.87,18099.2,-2162.21,2026/01/29 22:54:31
1103,119.98,18102.9,-2163.32,2026/01/29 22:54:32
1104,120.09,18099.4,-2162.51,2026/01/29 22:54:32
1105,120.2,18102.1,-2163.27,2026/01/29 22:54:32
1106,120.31,18099.1,-2162.17,2026/01/29 22:54:32
1107,120.42,18102,-2160.98,2026/01/29 22:54:32
1108,120.52,18100.1,-2164.06,2026/01/29 22:54:32
1109,120.63,18102.7,-2160.47,2026/01/29 22:54:32
1110,120.74,18100.2,-2163.11,2026/01/29 22:54:32
1111,120.85,18101.3,-2161.67,2026/01/29 22:54:32
1112,120.96,18101.8,-2163.2,2026/01/29 22:54:33
1113,121.07,18100.3,-2161.89,2026/01/29 22:54:33
1114,121.18,18102.3,-2162.16,2026/01/29 22:54:33
1115,121.29,18099.1,-2163.85,2026/01/29 22:54:33
1116,121.4,18103.1,-2161.06,2026/01/29 22:54:33
1117,121.5,18099.8,-2165.02,2026/01/29 22:54:33
1118,121.61,18103.6,-2160.44,2026/01/29 22:54:33
1119,121.72,18100.2,-2163.32,2026/01/29 22:54:33
1120,121.83,18101.8,-2161.61,2026/01/29 22:54:33
1121,121.94,18100.7,-2162.01,2026/01/29 22:54:33
1122,122.05,18101.9,-2162.61,2026/01/29 22:54:34
1123,122.16,18102.7,-2161.34,2026/01/29 22:54:34
1124,122.27,18099.9,-2164.13,2026/01/29 22:54:34
1125,122.38,18104.6,-2160.36,2026/01/29 22:54:34
1126,122.48,18098.4,-2164.43,2026/01/29 22:54:34
1127,122.59,18104.9,-2160.54,2026/01/29 22:54:34
1128,122.7,18099.8,-2164,2026/01/29 22:54:34
1129,122.81,18104.5,-2160.64,2026/01/29 22:54:34
1130,122.92,18101.7,-2162.21,2026/01/29 22:54:34
1131,123.03,18101.3,-2163.52,2026/01/29 22:54:35
1132,123.14,18104.5,-2160.14,2026/01/29 22:54:35
1133,123.25,18099.9,-2164.56,2026/01/29 22:54:35
1134,123.36,18107.1,-2160.13,2026/01/29 22:54:35
1135,123.46,18099.7,-2163.58,2026/01/29 22:54:35
1136,123.57,18105.6,-2160.93,2026/01/29 22:54:35
1137,123.68,18100.8,-2162.54,2026/01/29 22:54:35
1138,123.79,18104.3,-2162.82,2026/01/29 22:54:35
1139,123.9,18102.2,-2162.68,2026/01/29 22:54:35
1140,124.01,18088.5,-2165.05,2026/01/29 22:54:36
1141,124.12,18072,-2162.82,2026/01/29 22:54:36
1142,124.23,18025.4,-2163.63,2026/01/29 22:54:36
1143,124.34,17967.6,-2168.37,2026/01/29 22:54:36
1144,124.45,17932.6,-2168.08,2026/01/29 22:54:36
1145,124.55,17974,-2151.03,2026/01/29 22:54:36
1146,124.66,18043.9,-2150.5,2026/01/29 22:54:36
1147,124.77,18059,-2148.81,2026/01/29 22:54:36
1148,124.88,18005.2,-2148.22,2026/01/29 22:54:36
1149,124.99,17966.3,-2156.19,2026/01/29 22:54:37
1150,125.1,17970.7,-2145.96,2026/01/29 22:54:37
1151,125.21,18030.7,-2150.43,2026/01/29 22:54:37
1152,125.32,18055.7,-2146.6,2026/01/29 22:54:37
1153,125.42,18015,-2146.56,2026/01/29 22:54:37
1154,125.53,17982.2,-2148.21,2026/01/29 22:54:37
1155,125.64,17967.8,-2147.64,2026/01/29 22:54:37
1156,125.75,18031,-2149.57,2026/01/29 22:54:37
1157,125.86,18047.7,-2147.72,2026/01/29 22:54:37
1158,125.97,18009.5,-2147.61,2026/01/29 22:54:38
1159,126.08,17975.7,-2149.1,2026/01/29 22:54:38
1160,126.19,17960.4,-2149.8,2026/01/29 22:54:38
1161,126.3,18025.6,-2147.85,2026/01/29 22:54:38
1162,126.4,18038.1,-2149.67,2026/01/29 22:54:38
1163,126.51,18024.9,-2145.82,2026/01/29 22:54:38
1164,126.62,17980.6,-2147.59,2026/01/29 22:54:38
1165,126.73,17960,-2148.11,2026/01/29 22:54:38
1166,126.84,18005.1,-2147.89,2026/01/29 22:54:38
1167,126.95,18063.4,-2152.12,2026/01/29 22:54:38
1168,127.06,18056.1,-2145.56,2026/01/29 22:54:39
1169,127.16,17985.3,-2148.56,2026/01/29 22:54:39
1170,127.27,17966.4,-2155.81,2026/01/29 22:54:39
1171,127.38,17956.6,-2149.83,2026/01/29 22:54:39
1172,127.49,18033.4,-2149.15,2026/01/29 22:54:39
1173,127.6,18054.2,-2148.75,2026/01/29 22:54:39
1174,127.71,18044.1,-2147.19,2026/01/29 22:54:39
1175,127.82,17994.5,-2145.88,2026/01/29 22:54:39
1176,127.93,17962.5,-2160.69,2026/01/29 22:54:39
1177,128.04,17945.4,-2150.48,2026/01/29 22:54:40
1178,128.14,17975.4,-2151.54,2026/01/29 22:54:40
1179,128.25,18048.6,-2147.42,2026/01/29 22:54:40
1180,128.36,18031.8,-2145.81,2026/01/29 22:54:40
1181,128.47,17981.9,-2148.31,2026/01/29 22:54:40
1182,128.58,17960.1,-2158.06,2026/01/29 22:54:40
1183,128.69,17938.1,-2152.46,2026/01/29 22:54:40
1184,128.8,18008.7,-2147.93,2026/01/29 22:54:40
1185,128.91,18050.8,-2151.06,2026/01/29 22:54:40
1186,129.01,18016.6,-2143.16,2026/01/29 22:54:41
1187,129.12,17970.9,-2154.14,2026/01/29 22:54:41
1188,129.23,17953.6,-2148.97,2026/01/29 22:54:41
1189,129.34,17991.6,-2149.69,2026/01/29 22:54:41
1190,129.45,18047.8,-2147.15,2026/01/29 22:54:41
1191,129.56,18051.5,-2149.01,2026/01/29 22:54:41
1192,129.67,18006.7,-2144.79,2026/01/29 22:54:41
1193,129.78,17969.4,-2157.19,2026/01/29 22:54:41
1194,129.89,17945.7,-2161.11,2026/01/29 22:54:41
1195,130,17954.9,-2151.84,2026/01/29 22:54:42
1196,130.11,18024.1,-2151.01,2026/01/29 22:54:42
1197,130.21,18031.8,-2144.31,2026/01/29 22:54:42
1198,130.32,17985.1,-2148.51,2026/01/29 22:54:42
1199,130.43,17961.5,-2157.97,2026/01/29 22:54:42
1200,130.54,17937.8,-2153.11,2026/01/29 22:54:42
1201,130.65,17996.8,-2150.75,2026/01/29 22:54:42
1202,130.76,18050.5,-2148.92,2026/01/29 22:54:42
1203,130.87,18011.7,-2146.39,2026/01/29 22:54:42
1204,130.98,17976.2,-2151.41,2026/01/29 22:54:43
1205,131.09,17959,-2152.38,2026/01/29 22:54:43
1206,131.19,17948.3,-2151.05,2026/01/29 22:54:43
1207,131.3,18005.1,-2148.94,2026/01/29 22:54:43
1208,131.41,18062.1,-2150.58,2026/01/29 22:54:43
1209,131.52,18047.5,-2146.17,2026/01/29 22:54:43
1210,131.63,17988.8,-2146.48,2026/01/29 22:54:43
1211,131.74,17967.9,-2147.04,2026/01/29 22:54:43
1212,131.85,17975,-2150.79,2026/01/29 22:54:43
1213,131.96,18046.5,-2147.6,2026/01/29 22:54:44
1214,132.06,18056.5,-2151.4,2026/01/29 22:54:44
1215,132.17,18023.9,-2144.94,2026/01/29 22:54:44
1216,132.28,17972.5,-2151.48,2026/01/29 22:54:44
1217,132.39,17953.6,-2149.4,2026/01/29 22:54:44
1218,132.5,18010.7,-2150.33,2026/01/29 22:54:44
1219,132.61,18062.5,-2150.32,2026/01/29 22:54:44
1220,132.72,18020.3,-2144.36,2026/01/29 22:54:44
1221,132.83,17970.1,-2153.74,2026/01/29 22:54:44
1222,132.94,17957.2,-2152.5,2026/01/29 22:54:44
1223,133.04,17970.7,-2151.33,2026/01/29 22:54:45
1224,133.15,18053.2,-2148.79,2026/01/29 22:54:45
1225,133.26,18059.5,-2150.01,2026/01/29 22:54:45
1226,133.37,18000.5,-2145.79,2026/01/29 22:54:45
1227,133.48,17970.5,-2154.91,2026/01/29 22:54:45
1228,133.59,17942.9,-2150.5,2026/01/29 22:54:45
1229,133.7,18007.6,-2150.7,2026/01/29 22:54:45
1230,133.81,18050.6,-2148.33,2026/01/29 22:54:45
1231,133.92,18008.6,-2145.59,2026/01/29 22:54:45
1232,134.03,17965.6,-2153.26,2026/01/29 22:54:46
1233,134.13,17946.8,-2150.89,2026/01/29 22:54:46
1234,134.24,17992.4,-2149.01,2026/01/29 22:54:46
1235,134.35,18046.8,-2150.21,2026/01/29 22:54:46
1236,134.46,18039.1,-2145.17,2026/01/29 22:54:46
1237,134.57,17979.7,-2150.51,2026/01/29 22:54:46
1238,134.68,17962.1,-2154.06,2026/01/29 22:54:46
1239,134.79,17957.9,-2153.14,2026/01/29 22:54:46
1240,134.9,18041.8,-2148.01,2026/01/29 22:54:46
1241,135.01,18052.6,-2150.66,2026/01/29 22:54:47
1242,135.12,17994.2,-2144.55,2026/01/29 22:54:47
1243,135.22,17964.8,-2156.21,2026/01/29 22:54:47
1244,135.33,17940.3,-2150.1,2026/01/29 22:54:47
1245,135.44,18015.7,-2151.49,2026/01/29 22:54:47
1246,135.55,18058.4,-2149.77,2026/01/29 22:54:47
1247,135.66,18009.2,-2146.61,2026/01/29 22:54:47
1248,135.77,17966.1,-2153.32,2026/01/29 22:54:47
1249,135.88,17946.4,-2150.34,2026/01/29 22:54:47
1250,135.98,18010.7,-2149.76,2026/01/29 22:54:48
1251,136.09,18058.2,-2150.88,2026/01/29 22:54:48
1252,136.2,18039,-2144.84,2026/01/29 22:54:48
1253,136.31,17976.9,-2151.13,2026/01/29 22:54:48
1254,136.42,17959.5,-2147.34,2026/01/29 22:54:48
1255,136.53,17996.4,-2152.24,2026/01/29 22:54:48
1256,136.64,18054.4,-2146.7,2026/01/29 22:54:48
1257,136.75,18038.9,-2149.13,2026/01/29 22:54:48
1258,136.85,17992,-2145.69,2026/01/29 22:54:48
1259,136.96,17971.6,-2149.36,2026/01/29 22:54:49
1260,137.07,18025.7,-2151.08,2026/01/29 22:54:49
1261,137.18,18066.9,-2149.95,2026/01/29 22:54:49
1262,137.29,18022.6,-2146.34,2026/01/29 22:54:49
1263,137.4,17984.9,-2147.52,2026/01/29 22:54:49
1264,137.51,17971.7,-2149.68,2026/01/29 22:54:49
1265,137.62,18042.7,-2151.17,2026/01/29 22:54:49
1266,137.73,18053.3,-2150.33,2026/01/29 22:54:49
1267,137.84,18021.4,-2145.49,2026/01/29 22:54:49
1268,137.95,17991,-2147.21,2026/01/29 22:54:49
1269,138.05,17991.4,-2149.65,2026/01/29 22:54:50
1270,138.16,18036,-2151.31,2026/01/29 22:54:50
1271,138.27,18049.4,-2150.44,2026/01/29 22:54:50
1272,138.38,18007,-2145.91,2026/01/29 22:54:50
1273,138.49,17974.5,-2147.27,2026/01/29 22:54:50
1274,138.6,17993.1,-2150.2,2026/01/29 22:54:50
1275,138.71,18050.1,-2149.82,2026/01/29 22:54:50
1276,138.82,18057.7,-2149.39,2026/01/29 22:54:50
1277,138.93,17998.7,-2146.04,2026/01/29 22:54:50
1278,139.03,17972.3,-2148.59,2026/01/29 22:54:51
1279,139.14,17989.7,-2149.05,2026/01/29 22:54:51
1280,139.25,18041.3,-2151.26,2026/01/29 22:54:51
1281,139.36,18042,-2146,2026/01/29 22:54:51
1282,139.47,17983.9,-2150,2026/01/29 22:54:51
1283,139.58,17968.3,-2147.26,2026/01/29 22:54:51
1284,139.69,17979.8,-2152.4,2026/01/29 22:54:51
1285,139.8,18047.2,-2147.8,2026/01/29 22:54:51
1286,139.91,18034.4,-2146.39,2026/01/29 22:54:51
1287,140.02,17977.7,-2148.36,2026/01/29 22:54:52
1288,140.12,17957.9,-2148.41,2026/01/29 22:54:52
1289,140.23,17998.4,-2152.03,2026/01/29 22:54:52
1290,140.34,18051.1,-2147.84,2026/01/29 22:54:52
1291,140.45,18029,-2147.72,2026/01/29 22:54:52
1292,140.56,17983.3,-2146.6,2026/01/29 22:54:52
1293,140.67,17956.1,-2153.97,2026/01/29 22:54:52
1294,140.78,17988.9,-2147.56,2026/01/29 22:54:52
1295,140.89,18034.9,-2150.24,2026/01/29 22:54:52
1296,141,18008.1,-2143.79,2026/01/29 22:54:53
1297,141.11,17969.2,-2152.61,2026/01/29 22:54:53
1298,141.21,17944.6,-2149.22,2026/01/29 22:54:53
1299,141.32,18006.2,-2150.68,2026/01/29 22:54:53
1300,141.43,18036.8,-2148.66,2026/01/29 22:54:53
1301,141.54,18008.7,-2146.3,2026/01/29 22:54:53
1302,141.65,17968.1,-2151,2026/01/29 22:54:53
1303,141.76,17953.6,-2148.77,2026/01/29 22:54:53
1304,141.87,17997.4,-2149.97,2026/01/29 22:54:53
1305,141.98,18033,-2149.04,2026/01/29 22:54:54
1306,142.09,18004.3,-2144.95,2026/01/29 22:54:54
1307,142.2,17968.7,-2153.43,2026/01/29 22:54:54
1308,142.31,17949.7,-2148.18,2026/01/29 22:54:54
1309,142.41,18001.2,-2151.14,2026/01/29 22:54:54
1310,142.52,18023.7,-2146.1,2026/01/29 22:54:54
1311,142.63,17990.7,-2147.64,2026/01/29 22:54:54
1312,142.74,17968.8,-2148.69,2026/01/29 22:54:54
1313,142.85,17970,-2149.44,2026/01/29 22:54:54
1314,142.96,18021.7,-2149.64,2026/01/29 22:54:55
1315,143.07,18028.5,-2144.96,2026/01/29 22:54:55
1316,143.17,17984.3,-2148.34,2026/01/29 22:54:55
1317,143.28,17970.2,-2148.11,2026/01/29 22:54:55
1318,143.39,17973.9,-2150.92,2026/01/29 22:54:55
1319,143.5,18032.5,-2148.48,2026/01/29 22:54:55
1320,143.61,18005.4,-2146.5,2026/01/29 22:54:55
1321,143.72,17971.6,-2150,2026/01/29 22:54:55
1322,143.83,17951.1,-2148.13,2026/01/29 22:54:55
1323,143.94,18010.6,-2149.28,2026/01/29 22:54:55
1324,144.05,18041.2,-2149.38,2026/01/29 22:54:56
1325,144.15,18014.1,-2145.99,2026/01/29 22:54:56
1326,144.26,17974.7,-2150.56,2026/01/29 22:54:56
1327,144.37,17951.5,-2151.23,2026/01/29 22:54:56
1328,144.48,17996.7,-2150.08,2026/01/29 22:54:56
1329,144.59,18028.6,-2149.09,2026/01/29 22:54:56
1330,144.7,18019.1,-2146.48,2026/01/29 22:54:56
1331,144.81,17979.1,-2148.91,2026/01/29 22:54:56
1332,144.92,17959.7,-2153,2026/01/29 22:54:56
1333,145.03,17979.9,-2148.16,2026/01/29 22:54:57
1334,145.14,18032.7,-2150.81,2026/01/29 22:54:57
1335,145.24,18044.5,-2145.65,2026/01/29 22:54:57
1336,145.35,17998.5,-2146.83,2026/01/29 22:54:57
1337,145.46,17974.1,-2149.81,2026/01/29 22:54:57
1338,145.57,17952.3,-2149.7,2026/01/29 22:54:57
1339,145.68,18015.1,-2147.59,2026/01/29 22:54:57
1340,145.79,18026.1,-2146.66,2026/01/29 22:54:57
1341,145.9,17986.8,-2146.3,2026/01/29 22:54:57
1342,146.01,17966.3,-2152.48,2026/01/29 22:54:58
1343,146.11,17952.6,-2150.17,2026/01/29 22:54:58
1344,146.22,18016.8,-2148.83,2026/01/29 22:54:58
1345,146.33,18023.7,-2146.14,2026/01/29 22:54:58
1346,146.44,17979.5,-2148.13,2026/01/29 22:54:58
1347,146.55,17961.8,-2150.27,2026/01/29 22:54:58
1348,146.66,17981.6,-2150.12,2026/01/29 22:54:58
1349,146.77,18027.4,-2146.52,2026/01/29 22:54:58
1350,146.88,18013,-2147.31,2026/01/29 22:54:58
1351,146.99,17978,-2149.83,2026/01/29 22:54:59
1352,147.09,17947.8,-2152.11,2026/01/29 22:54:59
1353,147.2,17997.8,-2147.97,2026/01/29 22:54:59
1354,147.31,18019.3,-2150.27,2026/01/29 22:54:59
1355,147.42,18009.3,-2145.29,2026/01/29 22:54:59
1356,147.53,17971.1,-2153,2026/01/29 22:54:59
1357,147.64,17954.7,-2155.46,2026/01/29 22:54:59
1358,147.75,17968.6,-2150.55,2026/01/29 22:54:59
1359,147.86,18018.2,-2149.37,2026/01/29 22:54:59
1360,147.97,18021.2,-2146,2026/01/29 22:55:00
1361,148.08,17982.8,-2150.08,2026/01/29 22:55:00
1362,148.18,17953.8,-2162.55,2026/01/29 22:55:00
1363,148.29,17930.1,-2163.45,2026/01/29 22:55:00
1364,148.4,17974.1,-2161.31,2026/01/29 22:55:00
1365,148.51,18027.9,-2152.1,2026/01/29 22:55:00
1366,148.62,18011.9,-2147.2,2026/01/29 22:55:00
1367,148.73,17978.2,-2154.13,2026/01/29 22:55:00
1368,148.83,17957.1,-2156.43,2026/01/29 22:55:00
1369,148.95,17962.5,-2153.43,2026/01/29 22:55:00
1370,149.05,18021.1,-2150.2,2026/01/29 22:55:01
1371,149.16,18031.4,-2148.12,2026/01/29 22:55:01
1372,149.27,17982.3,-2150.28,2026/01/29 22:55:01
1373,149.38,17953,-2164.38,2026/01/29 22:55:01
1374,149.49,17956.6,-2151.99,2026/01/29 22:55:01
1375,149.6,17995.5,-2151.9,2026/01/29 22:55:01
1376,149.71,17994.8,-2146.22,2026/01/29 22:55:01
1377,149.81,17965,-2154.38,2026/01/29 22:55:01
1378,149.92,17953.3,-2153.52,2026/01/29 22:55:01
1379,150.03,17963.1,-2151.95,2026/01/29 22:55:02
1380,150.14,18022.6,-2151.59,2026/01/29 22:55:02
1381,150.25,18027.2,-2146.89,2026/01/29 22:55:02
1382,150.36,17978.6,-2151.69,2026/01/29 22:55:02
1383,150.47,17962.6,-2152.06,2026/01/29 22:55:02
1384,150.58,17970.9,-2153.56,2026/01/29 22:55:02
1385,150.68,18030.5,-2147.11,2026/01/29 22:55:02
1386,150.79,18028.2,-2149.67,2026/01/29 22:55:02
1387,150.9,17983.7,-2148.64,2026/01/29 22:55:02
1388,151.01,17956.8,-2164.41,2026/01/29 22:55:03
1389,151.12,17936.1,-2154.91,2026/01/29 22:55:03
1390,151.23,18000.6,-2152.54,2026/01/29 22:55:03
1391,151.34,18065.6,-2152.49,2026/01/29 22:55:03
1392,151.45,18095.6,-2152.49,2026/01/29 22:55:03
1393,151.56,18040.9,-2150.36,2026/01/29 22:55:03
1394,151.66,17980.9,-2150.4,2026/01/29 22:55:03
1395,151.77,17956,-2152.21,2026/01/29 22:55:03
1396,151.88,18015.6,-2150.35,2026/01/29 22:55:03
1397,151.99,18098.4,-2155.32,2026/01/29 22:55:04
1398,152.1,18112.8,-2155.59,2026/01/29 22:55:04
1399,152.21,18089.9,-2154.46,2026/01/29 22:55:04
1400,152.32,18012.5,-2148.08,2026/01/29 22:55:04
1401,152.43,17979.9,-2150.94,2026/01/29 22:55:04
1402,152.54,17962.1,-2149.09,2026/01/29 22:55:04
1403,152.65,18036.9,-2151.28,2026/01/29 22:55:04
1404,152.75,18092.9,-2153.54,2026/01/29 22:55:04
1405,152.86,18087.3,-2151.69,2026/01/29 22:55:04
1406,152.97,18012.3,-2149.25,2026/01/29 22:55:05
1407,153.08,17978.4,-2148.03,2026/01/29 22:55:05
1408,153.19,18004.7,-2152.24,2026/01/29 22:55:05
1409,153.3,18096.1,-2154.22,2026/01/29 22:55:05
1410,153.41,18124.1,-2157.89,2026/01/29 22:55:05
1411,153.52,18091.5,-2152.97,2026/01/29 22:55:05
1412,153.63,17999.1,-2150.39,2026/01/29 22:55:05
1413,153.74,17973,-2151.64,2026/01/29 22:55:05
1414,153.85,18014.4,-2152.54,2026/01/29 22:55:05
1415,153.95,18119.8,-2156.56,2026/01/29 22:55:05
1416,154.06,18136.6,-2157.38,2026/01/29 22:55:06
1417,154.17,18088.1,-2153.44,2026/01/29 22:55:06
1418,154.28,17993.8,-2149.22,2026/01/29 22:55:06
1419,154.39,17976,-2151.85,2026/01/29 22:55:06
1420,154.5,18017.3,-2152.69,2026/01/29 22:55:06
1421,154.61,18125.6,-2156.03,2026/01/29 22:55:06
1422,154.72,18140.1,-2159.36,2026/01/29 22:55:06
1423,154.83,18088,-2150.82,2026/01/29 22:55:06
1424,154.93,17993.4,-2150.59,2026/01/29 22:55:06
1425,155.04,17971,-2148.14,2026/01/29 22:55:07
1426,155.15,18041.9,-2154.29,2026/01/29 22:55:07
1427,155.26,18124.8,-2155.13,2026/01/29 22:55:07
1428,155.37,18110.3,-2156,2026/01/29 22:55:07
1429,155.48,18029.8,-2149.75,2026/01/29 22:55:07
1430,155.59,17989.2,-2148.73,2026/01/29 22:55:07
1431,155.7,17974.8,-2151.51,2026/01/29 22:55:07
1432,155.8,18038.9,-2152.01,2026/01/29 22:55:07
1433,155.91,18111.6,-2157.3,2026/01/29 22:55:07
1434,156.02,18078.7,-2149.08,2026/01/29 22:55:08
1435,156.13,17992.8,-2151.32,2026/01/29 22:55:08
1436,156.24,17973.1,-2155.18,2026/01/29 22:55:08
1437,156.35,17983.4,-2152.22,2026/01/29 22:55:08
1438,156.46,18081.9,-2153.2,2026/01/29 22:55:08
1439,156.57,18127.7,-2156.91,2026/01/29 22:55:08
1440,156.68,18104,-2155.63,2026/01/29 22:55:08
1441,156.79,18024.4,-2146.44,2026/01/29 22:55:08
1442,156.89,17980.5,-2152.49,2026/01/29 22:55:08
1443,157,17999.1,-2149.67,2026/01/29 22:55:09
1444,157.11,18092.4,-2155.41,2026/01/29 22:55:09
1445,157.22,18137.8,-2157.32,2026/01/29 22:55:09
1446,157.33,18115,-2154.48,2026/01/29 22:55:09
1447,157.44,18026.2,-2151.93,2026/01/29 22:55:09
1448,157.55,17986.9,-2151.14,2026/01/29 22:55:09
1449,157.66,17962.5,-2152.58,2026/01/29 22:55:09
1450,157.76,18027.8,-2152.21,2026/01/29 22:55:09
1451,157.87,18118.4,-2155.04,2026/01/29 22:55:09
1452,157.98,18101,-2153.02,2026/01/29 22:55:10
1453,158.09,18016.6,-2148.17,2026/01/29 22:55:10
1454,158.2,17981.4,-2150.81,2026/01/29 22:55:10
1455,158.31,17989.4,-2149.64,2026/01/29 22:55:10
1456,158.42,18077.9,-2155.37,2026/01/29 22:55:10
1457,158.53,18133.6,-2157.33,2026/01/29 22:55:10
1458,158.63,18106.3,-2154.04,2026/01/29 22:55:10
1459,158.74,18018.1,-2149.71,2026/01/29 22:55:10
1460,158.85,17978.8,-2157.41,2026/01/29 22:55:10
1461,158.96,17975.2,-2151.78,2026/01/29 22:55:11
1462,159.07,18085,-2155.81,2026/01/29 22:55:11
1463,159.18,18136,-2156.9,2026/01/29 22:55:11
1464,159.29,18139,-2158.74,2026/01/29 22:55:11
1465,159.4,18063.6,-2151.08,2026/01/29 22:55:11
1466,159.51,17994.7,-2148.01,2026/01/29 22:55:11
1467,159.61,17990.7,-2153.99,2026/01/29 22:55:11
1468,159.72,18100.9,-2153.46,2026/01/29 22:55:11
1469,159.83,18141.1,-2159.36,2026/01/29 22:55:11
1470,159.94,18140.3,-2158.56,2026/01/29 22:55:11
1471,160.05,18055.6,-2149.76,2026/01/29 22:55:12
1472,160.16,17987.4,-2153.42,2026/01/29 22:55:12
1473,160.27,17974.4,-2148.1,2026/01/29 22:55:12
1474,160.38,18040.8,-2154.18,2026/01/29 22:55:12
1475,160.49,18156.1,-2159.1,2026/01/29 22:55:12
1476,160.59,18161.4,-2159.02,2026/01/29 22:55:12
1477,160.7,18097.8,-2152.91,2026/01/29 22:55:12
1478,160.81,18006.9,-2152.06,2026/01/29 22:55:12
1479,160.92,17986.3,-2150.13,2026/01/29 22:55:12
1480,161.03,17973.2,-2152.19,2026/01/29 22:55:13
1481,161.14,18065.4,-2154.2,2026/01/29 22:55:13
1482,161.25,18149.3,-2159.13,2026/01/29 22:55:13
1483,161.36,18150.9,-2161.35,2026/01/29 22:55:13
1484,161.47,18095.9,-2150.92,2026/01/29 22:55:13
1485,161.57,17998.3,-2151.63,2026/01/29 22:55:13
1486,161.68,17980.6,-2148.41,2026/01/29 22:55:13
1487,161.79,18061.9,-2155.28,2026/01/29 22:55:13
1488,161.9,18153.1,-2159.38,2026/01/29 22:55:13
1489,162.01,18145.8,-2158.88,2026/01/29 22:55:14
1490,162.12,18065.9,-2150.18,2026/01/29 22:55:14
1491,162.23,17993.3,-2150.51,2026/01/29 22:55:14
1492,162.34,18000.1,-2152.07,2026/01/29 22:55:14
1493,162.45,18104.5,-2155.24,2026/01/29 22:55:14
1494,162.55,18130.7,-2159.39,2026/01/29 22:55:14
1495,162.66,18132.7,-2155.04,2026/01/29 22:55:14
1496,162.77,18052.3,-2151.88,2026/01/29 22:55:14
1497,162.88,17996.3,-2150.69,2026/01/29 22:55:14
1498,162.99,18012.4,-2153.68,2026/01/29 22:55:15
1499,163.1,18115.1,-2156.22,2026/01/29 22:55:15
1500,163.21,18133.7,-2158.46,2026/01/29 22:55:15
1501,163.32,18104.8,-2153.78,2026/01/29 22:55:15
1502,163.43,18020,-2150.57,2026/01/29 22:55:15
1503,163.53,17982.8,-2150.07,2026/01/29 22:55:15
1504,163.64,18047.8,-2152.47,2026/01/29 22:55:15
1505,163.75,18127.4,-2158.83,2026/01/29 22:55:15
1506,163.86,18132.2,-2155.92,2026/01/29 22:55:15
1507,163.97,18066.8,-2150.24,2026/01/29 22:55:16
1508,164.08,17995.8,-2151.15,2026/01/29 22:55:16
1509,164.19,18000.8,-2152.92,2026/01/29 22:55:16
1510,164.3,18121.7,-2156.82,2026/01/29 22:55:16
1511,164.41,18146.8,-2159.37,2026/01/29 22:55:16
1512,164.52,18104.1,-2153.31,2026/01/29 22:55:16
1513,164.62,18020.9,-2150.18,2026/01/29 22:55:16
1514,164.73,17985.4,-2150.59,2026/01/29 22:55:16
1515,164.84,18062.9,-2154.16,2026/01/29 22:55:16
1516,164.95,18136.9,-2160.44,2026/01/29 22:55:16
1517,165.06,18141.7,-2157.99,2026/01/29 22:55:17
1518,165.17,18068.8,-2150.31,2026/01/29 22:55:17
1519,165.28,17993.8,-2153.07,2026/01/29 22:55:17
1520,165.39,17980.8,-2151.45,2026/01/29 22:55:17
1521,165.5,18096.3,-2154.36,2026/01/29 22:55:17
1522,165.6,18141.1,-2158,2026/01/29 22:55:17
1523,165.71,18123.6,-2154.88,2026/01/29 22:55:17
1524,165.82,18031.1,-2149.2,2026/01/29 22:55:17
1525,165.93,17984,-2150.52,2026/01/29 22:55:17
1526,166.04,18082.4,-2154.32,2026/01/29 22:55:18
1527,166.15,18154.9,-2161.79,2026/01/29 22:55:18
1528,166.26,18135,-2156.83,2026/01/29 22:55:18
1529,166.37,18067.6,-2150.57,2026/01/29 22:55:18
1530,166.48,17996,-2153.08,2026/01/29 22:55:18
1531,166.59,17978,-2151.19,2026/01/29 22:55:18
1532,166.69,18103.6,-2154.89,2026/01/29 22:55:18
1533,166.8,18152.9,-2159.62,2026/01/29 22:55:18
1534,166.91,18142.5,-2158.56,2026/01/29 22:55:18
1535,167.02,18094.1,-2152.51,2026/01/29 22:55:19
1536,167.13,18000.2,-2152.83,2026/01/29 22:55:19
1537,167.24,17982.5,-2149.72,2026/01/29 22:55:19
1538,167.35,18060.9,-2157.8,2026/01/29 22:55:19
1539,167.46,18160.6,-2158.62,2026/01/29 22:55:19
1540,167.57,18141.8,-2157.93,2026/01/29 22:55:19
1541,167.67,18078,-2150.49,2026/01/29 22:55:19
1542,167.78,17998.5,-2152.34,2026/01/29 22:55:19
1543,167.89,17982.9,-2150.87,2026/01/29 22:55:19
1544,168,18105.5,-2157.02,2026/01/29 22:55:20
1545,168.11,18150.5,-2159.07,2026/01/29 22:55:20
1546,168.22,18134.8,-2155.67,2026/01/29 22:55:20
1547,168.33,18038.2,-2152.37,2026/01/29 22:55:20
1548,168.44,17994.6,-2154.52,2026/01/29 22:55:20
1549,168.55,18012.1,-2153.01,2026/01/29 22:55:20
1550,168.65,18140,-2157.66,2026/01/29 22:55:20
1551,168.76,18128.3,-2155.03,2026/01/29 22:55:20
1552,168.87,18057,-2150.62,2026/01/29 22:55:20
1553,168.98,18013.3,-2149.36,2026/01/29 22:55:21
1554,169.09,18017.5,-2152.5,2026/01/29 22:55:21
1555,169.2,18126.9,-2157.28,2026/01/29 22:55:21
1556,169.31,18146.6,-2159.33,2026/01/29 22:55:21
1557,169.42,18120.8,-2153.19,2026/01/29 22:55:21
1558,169.52,18021.2,-2152.01,2026/01/29 22:55:21
1559,169.63,18003.1,-2151.91,2026/01/29 22:55:21
1560,169.74,18087.3,-2155.62,2026/01/29 22:55:21
1561,169.85,18151.8,-2159.64,2026/01/29 22:55:21
1562,169.96,18114.4,-2152.29,2026/01/29 22:55:22
1563,170.07,18031.8,-2153.04,2026/01/29 22:55:22
1564,170.18,18052,-2156.7,2026/01/29 22:55:22
1565,170.29,18140,-2157.95,2026/01/29 22:55:22
1566,170.39,18132.1,-2156.43,2026/01/29 22:55:22
1567,170.5,18055.7,-2151.86,2026/01/29 22:55:22
1568,170.61,18004.5,-2148.93,2026/01/29 22:55:22
1569,170.72,18037.7,-2156.26,2026/01/29 22:55:22
1570,170.83,18150.6,-2157.69,2026/01/29 22:55:22
1571,170.94,18148.9,-2157.43,2026/01/29 22:55:22
1572,171.05,18067.8,-2153.19,2026/01/29 22:55:23
1573,171.16,18018.9,-2149.05,2026/01/29 22:55:23
1574,171.27,18059,-2159.76,2026/01/29 22:55:23
1575,171.37,18152.7,-2158.29,2026/01/29 22:55:23
1576,171.48,18147.7,-2159.89,2026/01/29 22:55:23
1577,171.59,18151.6,-2161.82,2026/01/29 22:55:23
1578,171.7,18152.1,-2161.84,2026/01/29 22:55:23
1579,171.81,18149.6,-2161.41,2026/01/29 22:55:23
1580,171.92,18154.5,-2163.34,2026/01/29 22:55:23
1581,172.03,18151.4,-2162.5,2026/01/29 22:55:24
1582,172.14,18153.7,-2160.73,2026/01/29 22:55:24
1583,172.24,18151.2,-2166.16,2026/01/29 22:55:24
1584,172.35,18155.1,-2161.08,2026/01/29 22:55:24
1585,172.46,18150.3,-2163.81,2026/01/29 22:55:24
1586,172.57,18153,-2163.4,2026/01/29 22:55:24
1587,172.68,18152.8,-2162.91,2026/01/29 22:55:24
1588,172.79,18151.5,-2164.65,2026/01/29 22:55:24
1589,172.9,18156.1,-2162.43,2026/01/29 22:55:24
1590,173.01,18150.7,-2163.54,2026/01/29 22:55:25
1591,173.12,18155,-2163.99,2026/01/29 22:55:25
1592,173.22,18151.5,-2163.48,2026/01/29 22:55:25
1593,173.33,18153.9,-2162.36,2026/01/29 22:55:25
1594,173.44,18151,-2166.84,2026/01/29 22:55:25
1595,173.55,18154.4,-2162.72,2026/01/29 22:55:25
1596,173.66,18152.1,-2163.67,2026/01/29 22:55:25
1597,173.77,18154,-2165.32,2026/01/29 22:55:25
1598,173.88,18156.1,-2161.82,2026/01/29 22:55:25
1599,173.98,18149.6,-2166.08,2026/01/29 22:55:26
1600,174.09,18155.9,-2164.05,2026/01/29 22:55:26
1601,174.2,18151,-2163.77,2026/01/29 22:55:26
1602,174.31,18154.5,-2164.8,2026/01/29 22:55:26
1603,174.42,18154,-2165.44,2026/01/29 22:55:26
1604,174.53,18152.4,-2163.69,2026/01/29 22:55:26
1605,174.64,18154.5,-2165.64,2026/01/29 22:55:26
1606,174.75,18152.7,-2163.66,2026/01/29 22:55:26
1607,174.85,18155.1,-2163.93,2026/01/29 22:55:26
1608,174.96,18150.7,-2167.69,2026/01/29 22:55:27
1609,175.07,18157.1,-2162.66,2026/01/29 22:55:27
1610,175.18,18151,-2166.16,2026/01/29 22:55:27
1611,175.29,18155.6,-2164.85,2026/01/29 22:55:27
1612,175.4,18153.5,-2164.02,2026/01/29 22:55:27
1613,175.51,18153.4,-2165.84,2026/01/29 22:55:27
1614,175.62,18156.1,-2164.69,2026/01/29 22:55:27
1615,175.73,18151.9,-2164.72,2026/01/29 22:55:27
1616,175.83,18155.5,-2165.04,2026/01/29 22:55:27
1617,175.94,18152.7,-2165.59,2026/01/29 22:55:27
1618,176.05,18155.2,-2164.02,2026/01/29 22:55:28
1619,176.16,18152.3,-2168.32,2026/01/29 22:55:28
1620,176.27,18156.6,-2163.63,2026/01/29 22:55:28
1621,176.38,18152.2,-2166.14,2026/01/29 22:55:28
1622,176.49,18154.5,-2165.25,2026/01/29 22:55:28
1623,176.6,18154.9,-2164.46,2026/01/29 22:55:28
1624,176.7,18152.3,-2167.6,2026/01/29 22:55:28
1625,176.81,18156.8,-2164.92,2026/01/29 22:55:28
1626,176.92,18151.7,-2166.28,2026/01/29 22:55:28
1627,177.03,18156.3,-2165.75,2026/01/29 22:55:29
1628,177.14,18153.8,-2166.42,2026/01/29 22:55:29
1629,177.25,18156.2,-2164.27,2026/01/29 22:55:29
1630,177.36,18153.8,-2166.69,2026/01/29 22:55:29
1631,177.47,18155.9,-2163.94,2026/01/29 22:55:29
1632,177.58,18153.8,-2165.64,2026/01/29 22:55:29
1633,177.68,18155.5,-2166.34,2026/01/29 22:55:29
1634,177.79,18157,-2164.07,2026/01/29 22:55:29
1635,177.9,18151.1,-2168.03,2026/01/29 22:55:29
1636,178.01,18158.6,-2166.05,2026/01/29 22:55:30
1637,178.12,18153.1,-2165.56,2026/01/29 22:55:30
1638,178.23,18155.3,-2166.63,2026/01/29 22:55:30
1639,178.34,18155.6,-2166.03,2026/01/29 22:55:30
1640,178.44,18153.3,-2166.23,2026/01/29 22:55:30
1641,178.55,18156.9,-2166.95,2026/01/29 22:55:30
1642,178.66,18153.9,-2166.18,2026/01/29 22:55:30
1643,178.77,18157.2,-2165.73,2026/01/29 22:55:30
1644,178.88,18153.6,-2168.63,2026/01/29 22:55:30
1645,178.99,18156.9,-2163.45,2026/01/29 22:55:31
1646,179.1,18152.7,-2168.05,2026/01/29 22:55:31
1647,179.21,18157.7,-2165.78,2026/01/29 22:55:31
1648,179.32,18154.5,-2165.23,2026/01/29 22:55:31
1649,179.42,18154.5,-2167.49,2026/01/29 22:55:31
1650,179.53,18157.4,-2164.46,2026/01/29 22:55:31
1651,179.64,18152.9,-2167.25,2026/01/29 22:55:31
1652,179.75,18158.3,-2166.17,2026/01/29 22:55:31
1653,179.86,18153.5,-2165.7,2026/01/29 22:55:31
1654,179.97,18156,-2166.29,2026/01/29 22:55:32
1655,180.08,18154.5,-2167.87,2026/01/29 22:55:32
1656,180.19,18155.9,-2165.08,2026/01/29 22:55:32
1657,180.29,18154.3,-2168.58,2026/01/29 22:55:32
1658,180.4,18156.5,-2166.93,2026/01/29 22:55:32
1659,180.51,18155.2,-2166.48,2026/01/29 22:55:32
1660,180.62,18154.1,-2168.72,2026/01/29 22:55:32
1661,180.73,18158.8,-2164.59,2026/01/29 22:55:32
1662,180.84,18151.5,-2168.15,2026/01/29 22:55:32
1663,180.95,18159.1,-2165.56,2026/01/29 22:55:32
1664,181.06,18152.7,-2166.63,2026/01/29 22:55:33
1665,181.17,18156.9,-2167.77,2026/01/29 22:55:33
1666,181.28,18154.3,-2166.25,2026/01/29 22:55:33
1667,181.39,18156.8,-2165.96,2026/01/29 22:55:33
1668,181.49,18155.7,-2167.93,2026/01/29 22:55:33
1669,181.6,18156.1,-2164.99,2026/01/29 22:55:33
1670,181.71,18155.9,-2167.9,2026/01/29 22:55:33
1671,181.82,18154.3,-2167.95,2026/01/29 22:55:33
1672,181.93,18158.2,-2164.3,2026/01/29 22:55:33
1673,182.04,18151.4,-2170.16,2026/01/29 22:55:34
1674,182.15,18158.6,-2165.82,2026/01/29 22:55:34
1675,182.26,18153.3,-2167.07,2026/01/29 22:55:34
1676,182.36,18155.4,-2167.47,2026/01/29 22:55:34
1677,182.47,18156,-2166.71,2026/01/29 22:55:34
1678,182.58,18153.1,-2167.6,2026/01/29 22:55:34
1679,182.69,18158.2,-2167.1,2026/01/29 22:55:34
1680,182.8,18153.7,-2166.47,2026/01/29 22:55:34
1681,182.91,18157.2,-2167.25,2026/01/29 22:55:34
1682,183.02,18154.1,-2169.19,2026/01/29 22:55:35
1683,183.12,18157.4,-2165,2026/01/29 22:55:35
1684,183.23,18152.7,-2168.01,2026/01/29 22:55:35
1685,183.34,18157.2,-2166.69,2026/01/29 22:55:35
1686,183.45,18154.6,-2166.75,2026/01/29 22:55:35
1687,183.56,18154.9,-2167.47,2026/01/29 22:55:35
1688,183.67,18155.7,-2166.93,2026/01/29 22:55:35
1689,183.78,18152.6,-2168.2,2026/01/29 22:55:35
1690,183.89,18158.4,-2166.56,2026/01/29 22:55:35
1691,184,18153.1,-2166.77,2026/01/29 22:55:36
1692,184.11,18156.3,-2167.45,2026/01/29 22:55:36
1693,184.22,18153.9,-2168.69,2026/01/29 22:55:36
1694,184.32,18155.5,-2166.39,2026/01/29 22:55:36
1695,184.43,18153.6,-2169.2,2026/01/29 22:55:36
1696,184.54,18155.5,-2167.42,2026/01/29 22:55:36
1697,184.65,18154.5,-2166.79,2026/01/29 22:55:36
1698,184.76,18154,-2168.84,2026/01/29 22:55:36
1699,184.87,18157.1,-2165.64,2026/01/29 22:55:36
1700,184.98,18150.6,-2168.7,2026/01/29 22:55:37
1701,185.08,18158.2,-2167.87,2026/01/29 22:55:37
1702,185.19,18152,-2166.95,2026/01/29 22:55:37
1703,185.3,18155.4,-2167.14,2026/01/29 22:55:37
1704,185.41,18155.1,-2168.74,2026/01/29 22:55:37
1705,185.52,18154.5,-2166.42,2026/01/29 22:55:37
1706,185.63,18155.2,-2168.6,2026/01/29 22:55:37
1707,185.74,18153.7,-2166.14,2026/01/29 22:55:37
1708,185.85,18155.8,-2166.75,2026/01/29 22:55:37
1709,185.96,18152.5,-2169.54,2026/01/29 22:55:38
1710,186.06,18157.5,-2164.61,2026/01/29 22:55:38
1711,186.17,18150.4,-2169.49,2026/01/29 22:55:38
1712,186.28,18156.9,-2166.71,2026/01/29 22:55:38
1713,186.39,18153.5,-2167.29,2026/01/29 22:55:38
1714,186.5,18152.8,-2168.99,2026/01/29 22:55:38
1715,186.61,18157,-2166.74,2026/01/29 22:55:38
1716,186.72,18151.3,-2167.48,2026/01/29 22:55:38
1717,186.82,18155.2,-2167.82,2026/01/29 22:55:38
1718,186.93,18152.6,-2168.95,2026/01/29 22:55:38
1719,187.04,18154,-2166.9,2026/01/29 22:55:39
1720,187.15,18152.9,-2168.9,2026/01/29 22:55:39
1721,187.26,18153.6,-2167.29,2026/01/29 22:55:39
1722,187.37,18154.9,-2167.24,2026/01/29 22:55:39
1723,187.48,18152.9,-2169.42,2026/01/29 22:55:39
1724,187.59,18155.9,-2165.69,2026/01/29 22:55:39
1725,187.69,18150.8,-2169.37,2026/01/29 22:55:39
1726,187.8,18158,-2166.25,2026/01/29 22:55:39
1727,187.91,18150.3,-2167.05,2026/01/29 22:55:39
1728,188.02,18155.4,-2167.46,2026/01/29 22:55:40
1729,188.13,18153.7,-2167.81,2026/01/29 22:55:40
1730,188.24,18153.9,-2167.55,2026/01/29 22:55:40
1731,188.35,18155.6,-2168.16,2026/01/29 22:55:40
1732,188.46,18153,-2167.95,2026/01/29 22:55:40
1733,188.56,18155.3,-2166.67,2026/01/29 22:55:40
1734,188.67,18151.4,-2170.19,2026/01/29 22:55:40
1735,188.78,18156,-2165.12,2026/01/29 22:55:40
1736,188.89,18151.2,-2169.14,2026/01/29 22:55:40
1737,189,18155.7,-2167.53,2026/01/29 22:55:41
1738,189.11,18153.1,-2167.27,2026/01/29 22:55:41
1739,189.22,18153,-2169.15,2026/01/29 22:55:41
1740,189.33,18156.4,-2165.52,2026/01/29 22:55:41
1741,189.44,18151.6,-2168.4,2026/01/29 22:55:41
1742,189.54,18156.8,-2167.64,2026/01/29 22:55:41
1743,189.65,18152.2,-2167.29,2026/01/29 22:55:41
1744,189.76,18154.5,-2167.23,2026/01/29 22:55:41
1745,189.87,18152.7,-2169.06,2026/01/29 22:55:41
1746,189.98,18154.3,-2166.38,2026/01/29 22:55:42
1747,190.09,18152.5,-2169.24,2026/01/29 22:55:42
1748,190.2,18154.6,-2168.44,2026/01/29 22:55:42
1749,190.31,18153,-2167.29,2026/01/29 22:55:42
1750,190.41,18152.7,-2169.69,2026/01/29 22:55:42
1751,190.52,18156.8,-2165.33,2026/01/29 22:55:42
1752,190.63,18150.1,-2169.49,2026/01/29 22:55:42
1753,190.74,18157,-2168.84,2026/01/29 22:55:42
1754,190.85,18151.1,-2166.94,2026/01/29 22:55:42
1755,190.96,18154.8,-2167.63,2026/01/29 22:55:43
1756,191.07,18154.2,-2168.49,2026/01/29 22:55:43
1757,191.18,18154.2,-2167.03,2026/01/29 22:55:43
1758,191.29,18154,-2169.15,2026/01/29 22:55:43
1759,191.39,18153.6,-2166.84,2026/01/29 22:55:43
1760,191.5,18154.7,-2168.64,2026/01/29 22:55:43
1761,191.61,18152.6,-2169.12,2026/01/29 22:55:43
1762,191.72,18156.3,-2164.93,2026/01/29 22:55:43
1763,191.83,18150.8,-2169.69,2026/01/29 22:55:43
1764,191.94,18158.2,-2165.8,2026/01/29 22:55:43
1765,192.05,18149.9,-2168.53,2026/01/29 22:55:44
1766,192.16,18156.6,-2168.45,2026/01/29 22:55:44
1767,192.27,18152.1,-2167.39,2026/01/29 22:55:44
1768,192.38,18153.4,-2168.04,2026/01/29 22:55:44
1769,192.49,18154.3,-2168.44,2026/01/29 22:55:44
1770,192.59,18151.9,-2168.18,2026/01/29 22:55:44
1771,192.7,18155.5,-2169.37,2026/01/29 22:55:44
1772,192.81,18151.9,-2167.53,2026/01/29 22:55:44
1773,192.92,18154.8,-2168.31,2026/01/29 22:55:44
1774,193.03,18151.9,-2169.69,2026/01/29 22:55:45
1775,193.14,18156.1,-2166.05,2026/01/29 22:55:45
1776,193.25,18150.5,-2171.25,2026/01/29 22:55:45
1777,193.36,18157.4,-2166.88,2026/01/29 22:55:45
1778,193.47,18151,-2168.19,2026/01/29 22:55:45
1779,193.58,18154,-2168.96,2026/01/29 22:55:45
1780,193.68,18154,-2168.13,2026/01/29 22:55:45
1781,193.79,18152.3,-2168.46,2026/01/29 22:55:45
1782,193.9,18156,-2167.99,2026/01/29 22:55:45
1783,194.01,18151.6,-2167.68,2026/01/29 22:55:46
1784,194.12,18154.2,-2167.59,2026/01/29 22:55:46
1785,194.23,18152.6,-2170.23,2026/01/29 22:55:46
1786,194.34,18155.1,-2166.22,2026/01/29 22:55:46
1787,194.45,18151.7,-2170.62,2026/01/29 22:55:46
1788,194.55,18156,-2168.05,2026/01/29 22:55:46
1789,194.66,18153.3,-2168.01,2026/01/29 22:55:46
1790,194.77,18151.5,-2169.62,2026/01/29 22:55:46
1791,194.88,18156,-2166.56,2026/01/29 22:55:46
1792,194.99,18150.4,-2168.45,2026/01/29 22:55:47
1793,195.1,18155.7,-2169.63,2026/01/29 22:55:47
1794,195.21,18152.4,-2168.03,2026/01/29 22:55:47
1795,195.32,18153.3,-2168.11,2026/01/29 22:55:47
1796,195.42,18153.2,-2169.42,2026/01/29 22:55:47
1797,195.53,18153.1,-2168.06,2026/01/29 22:55:47
1798,195.64,18155,-2168.59,2026/01/29 22:55:47
1799,195.75,18152.4,-2169.52,2026/01/29 22:55:47
1800,195.86,18156.3,-2165.23,2026/01/29 22:55:47
1801,195.97,18149.9,-2171.37,2026/01/29 22:55:48
1802,196.08,18156.9,-2166.62,2026/01/29 22:55:48
1803,196.19,18150.5,-2168.7,2026/01/29 22:55:48
1804,196.3,18156.1,-2169.11,2026/01/29 22:55:48
1805,196.4,18152.2,-2167.96,2026/01/29 22:55:48
1806,196.51,18153.1,-2169.12,2026/01/29 22:55:48
1807,196.62,18154.1,-2168.52,2026/01/29 22:55:48
1808,196.73,18151.8,-2168.97,2026/01/29 22:55:48
1809,196.84,18156.1,-2169.59,2026/01/29 22:55:48
1810,196.95,18151.9,-2167.16,2026/01/29 22:55:48
1811,197.06,18153.9,-2168.47,2026/01/29 22:55:49
1812,197.17,18152.5,-2169.48,2026/01/29 22:55:49
1813,197.28,18155.5,-2166.35,2026/01/29 22:55:49
1814,197.38,18151.1,-2170.99,2026/01/29 22:55:49
1815,197.49,18155.9,-2168.31,2026/01/29 22:55:49
1816,197.6,18153,-2168.49,2026/01/29 22:55:49
1817,197.71,18154.2,-2168.91,2026/01/29 22:55:49
1818,197.82,18154.7,-2167.5,2026/01/29 22:55:49
1819,197.93,18150.9,-2170.75,2026/01/29 22:55:49
1820,198.04,18155.9,-2168.25,2026/01/29 22:55:50
1821,198.15,18151.2,-2169.26,2026/01/29 22:55:50
1822,198.26,18154.3,-2168.72,2026/01/29 22:55:50
1823,198.36,18152.6,-2169.78,2026/01/29 22:55:50
1824,198.47,18154.8,-2166.63,2026/01/29 22:55:50
1825,198.58,18153.5,-2169.75,2026/01/29 22:55:50
1826,198.69,18155.2,-2167.29,2026/01/29 22:55:50
1827,198.8,18152.7,-2168.71,2026/01/29 22:55:50
1828,198.91,18152.9,-2169.72,2026/01/29 22:55:50
1829,199.02,18154.9,-2167.67,2026/01/29 22:55:51
1830,199.13,18152.1,-2171.1,2026/01/29 22:55:51
1831,199.24,18157.8,-2167.22,2026/01/29 22:55:51
1832,199.34,18150.5,-2168.48,2026/01/29 22:55:51
1833,199.45,18156.3,-2169.45,2026/01/29 22:55:51
1834,199.56,18152.3,-2168.37,2026/01/29 22:55:51
1835,199.67,18154,-2168.48,2026/01/29 22:55:51
1836,199.78,18156.3,-2169.81,2026/01/29 22:55:51
1837,199.89,18152.1,-2167.98,2026/01/29 22:55:51
1838,200,18156,-2169.4,2026/01/29 22:55:52
1839,200.11,18153,-2168.62,2026/01/29 22:55:52
1840,200.22,18156.6,-2167.19,2026/01/29 22:55:52
1841,200.32,18152.3,-2171.49,2026/01/29 22:55:52
1842,200.43,18157.2,-2166.91,2026/01/29 22:55:52
1843,200.54,18152,-2168.5,2026/01/29 22:55:52
1844,200.65,18155.1,-2168.48,2026/01/29 22:55:52
1845,200.76,18154.6,-2168.03,2026/01/29 22:55:52
1846,200.87,18153.1,-2169.89,2026/01/29 22:55:52
1847,200.98,18156.1,-2167.75,2026/01/29 22:55:53
1848,201.09,18150.3,-2170.52,2026/01/29 22:55:53
1849,201.2,18155,-2170.41,2026/01/29 22:55:53
1850,201.31,18146.2,-2169.5,2026/01/29 22:55:53
1851,201.42,18126.2,-2172.16,2026/01/29 22:55:53
1852,201.52,18081,-2168,2026/01/29 22:55:53
1853,201.63,18035.4,-2160.22,2026/01/29 22:55:53
1854,201.74,17995.9,-2176.99,2026/01/29 22:55:53
1855,201.85,17974.2,-2161.74,2026/01/29 22:55:53
1856,201.96,18029.4,-2156.78,2026/01/29 22:55:54
1857,202.07,18133.9,-2157.32,2026/01/29 22:55:54
1858,202.18,18148.3,-2156.88,2026/01/29 22:55:54
1859,202.29,18083.8,-2155.85,2026/01/29 22:55:54
1860,202.39,18021.4,-2159.37,2026/01/29 22:55:54
1861,202.5,17995.7,-2159.35,2026/01/29 22:55:54
1862,202.61,18022.4,-2154.47,2026/01/29 22:55:54
1863,202.72,18128.1,-2156.66,2026/01/29 22:55:54
1864,202.83,18148.6,-2156.43,2026/01/29 22:55:54
1865,202.94,18068.7,-2153.2,2026/01/29 22:55:54
1866,203.05,18014.1,-2157.56,2026/01/29 22:55:55
1867,203.16,18003.9,-2153.59,2026/01/29 22:55:55
1868,203.26,18105.4,-2157.88,2026/01/29 22:55:55
1869,203.37,18162.4,-2156.86,2026/01/29 22:55:55
1870,203.48,18139.3,-2160.13,2026/01/29 22:55:55
1871,203.59,18052.4,-2152.3,2026/01/29 22:55:55
1872,203.7,18005.7,-2151.87,2026/01/29 22:55:55
1873,203.81,18077.2,-2156.24,2026/01/29 22:55:55
1874,203.92,18146.8,-2157.58,2026/01/29 22:55:55
1875,204.03,18139.7,-2157.09,2026/01/29 22:55:56
1876,204.14,18064.7,-2153.08,2026/01/29 22:55:56
1877,204.24,18026.8,-2151.39,2026/01/29 22:55:56
1878,204.35,18063.9,-2156.24,2026/01/29 22:55:56
1879,204.46,18131.1,-2159.39,2026/01/29 22:55:56
1880,204.57,18149.5,-2156.39,2026/01/29 22:55:56
1881,204.68,18115.6,-2157.62,2026/01/29 22:55:56
1882,204.79,18038.7,-2152.61,2026/01/29 22:55:56
1883,204.9,18007.3,-2152.56,2026/01/29 22:55:56
1884,205.01,18094.4,-2156.78,2026/01/29 22:55:57
1885,205.12,18142.9,-2156.87,2026/01/29 22:55:57
1886,205.22,18102.2,-2153.01,2026/01/29 22:55:57
1887,205.34,18024.4,-2153.01,2026/01/29 22:55:57
1888,205.45,18004.5,-2152.77,2026/01/29 22:55:57
1889,205.55,18092.6,-2155.97,2026/01/29 22:55:57
1890,205.66,18140.1,-2156.28,2026/01/29 22:55:57
1891,205.77,18124.2,-2154.26,2026/01/29 22:55:57
1892,205.88,18041.4,-2153.53,2026/01/29 22:55:57
1893,205.99,18019.3,-2148.54,2026/01/29 22:55:58
1894,206.1,18038.2,-2156.34,2026/01/29 22:55:58
1895,206.21,18114.7,-2156.06,2026/01/29 22:55:58
1896,206.32,18133,-2157.45,2026/01/29 22:55:58
1897,206.43,18079.8,-2152.86,2026/01/29 22:55:58
1898,206.53,18016.8,-2154.6,2026/01/29 22:55:58
1899,206.64,17994.8,-2155.72,2026/01/29 22:55:58
1900,206.75,18074.8,-2154.17,2026/01/29 22:55:58
1901,206.86,18114.2,-2155.55,2026/01/29 22:55:58
1902,206.97,18067.8,-2151.22,2026/01/29 22:55:59
1903,207.08,18013.4,-2155.16,2026/01/29 22:55:59
1904,207.19,18011.6,-2152.48,2026/01/29 22:55:59
1905,207.3,18099.1,-2157.13,2026/01/29 22:55:59
1906,207.41,18121.9,-2154.17,2026/01/29 22:55:59
1907,207.52,18070.3,-2151.29,2026/01/29 22:55:59
1908,207.63,18015.3,-2157.36,2026/01/29 22:55:59
1909,207.73,17997.5,-2153.1,2026/01/29 22:55:59
1910,207.84,18092.3,-2155.65,2026/01/29 22:55:59
1911,207.95,18123.4,-2153.59,2026/01/29 22:55:59
1912,208.06,18058.5,-2151.89,2026/01/29 22:56:00
1913,208.17,18016.4,-2154.84,2026/01/29 22:56:00
1914,208.28,17999.3,-2152.82,2026/01/29 22:56:00
1915,208.39,18097.4,-2155.25,2026/01/29 22:56:00
1916,208.5,18126,-2156.27,2026/01/29 22:56:00
1917,208.61,18065.6,-2149.34,2026/01/29 22:56:00
1918,208.72,18011.9,-2162.5,2026/01/29 22:56:00
1919,208.82,17984.2,-2155.77,2026/01/29 22:56:00
1920,208.93,18080.9,-2155.64,2026/01/29 22:56:00
1921,209.04,18134.1,-2157.25,2026/01/29 22:56:01
1922,209.15,18077.7,-2151,2026/01/29 22:56:01
1923,209.26,18011.1,-2164.82,2026/01/29 22:56:01
1924,209.37,17988.8,-2156.1,2026/01/29 22:56:01
1925,209.48,18089.1,-2157.13,2026/01/29 22:56:01
1926,209.59,18142.3,-2157.91,2026/01/29 22:56:01
1927,209.7,18069.6,-2152.16,2026/01/29 22:56:01
1928,209.81,18016.6,-2157.44,2026/01/29 22:56:01
1929,209.91,18004.1,-2155.01,2026/01/29 22:56:01
1930,210.02,18103.9,-2154.57,2026/01/29 22:56:02
1931,210.13,18122.6,-2155.14,2026/01/29 22:56:02
1932,210.24,18042.1,-2149.89,2026/01/29 22:56:02
1933,210.35,18008.4,-2158.51,2026/01/29 22:56:02
1934,210.46,18023,-2156.8,2026/01/29 22:56:02
1935,210.57,18110,-2152.26,2026/01/29 22:56:02
1936,210.68,18112.3,-2160.07,2026/01/29 22:56:02
1937,210.79,18082.2,-2150.53,2026/01/29 22:56:02
1938,210.9,18012.3,-2160.43,2026/01/29 22:56:02
1939,211,17987.1,-2158.5,2026/01/29 22:56:03
1940,211.11,18074.5,-2155.58,2026/01/29 22:56:03
1941,211.22,18126.5,-2156.93,2026/01/29 22:56:03
1942,211.33,18109.5,-2152.76,2026/01/29 22:56:03
1943,211.44,18021.3,-2153.87,2026/01/29 22:56:03
1944,211.55,18000.4,-2154.4,2026/01/29 22:56:03
1945,211.66,18069.9,-2156.36,2026/01/29 22:56:03
1946,211.76,18120.3,-2153.71,2026/01/29 22:56:03
1947,211.87,18091.3,-2152.92,2026/01/29 22:56:03
1948,211.98,18018.5,-2158.2,2026/01/29 22:56:04
1949,212.09,17994.1,-2159.68,2026/01/29 22:56:04
1950,212.2,18050.4,-2157.64,2026/01/29 22:56:04
1951,212.31,18120.4,-2153.23,2026/01/29 22:56:04
1952,212.42,18081.7,-2154.07,2026/01/29 22:56:04
1953,212.53,18018.1,-2160.26,2026/01/29 22:56:04
1954,212.64,17976.3,-2163.71,2026/01/29 22:56:04
1955,212.75,18053.8,-2157.12,2026/01/29 22:56:04
1956,212.86,18126.5,-2154.92,2026/01/29 22:56:04
1957,212.96,18131.8,-2156.57,2026/01/29 22:56:05
1958,213.07,18044.4,-2152.57,2026/01/29 22:56:05
1959,213.18,17994.8,-2170.01,2026/01/29 22:56:05
1960,213.29,18004.5,-2169.51,2026/01/29 22:56:05
1961,213.4,18102.8,-2155.43,2026/01/29 22:56:05
1962,213.51,18125.9,-2157.97,2026/01/29 22:56:05
1963,213.62,18085.3,-2153.54,2026/01/29 22:56:05
1964,213.73,18019.7,-2157.51,2026/01/29 22:56:05
1965,213.84,17978.9,-2173.21,2026/01/29 22:56:05
1966,213.95,18005.5,-2168.41,2026/01/29 22:56:05
1967,214.05,18109.4,-2157.91,2026/01/29 22:56:06
1968,214.16,18125.4,-2155.23,2026/01/29 22:56:06
1969,214.27,18030.2,-2154.25,2026/01/29 22:56:06
1970,214.38,17985.6,-2169.78,2026/01/29 22:56:06
1971,214.49,18011.4,-2168.88,2026/01/29 22:56:06
1972,214.6,18104.6,-2157.64,2026/01/29 22:56:06
1973,214.71,18130.6,-2157.79,2026/01/29 22:56:06
1974,214.82,18048.1,-2151.12,2026/01/29 22:56:06
1975,214.93,17999.5,-2168.93,2026/01/29 22:56:06
1976,215.04,17966.7,-2165.63,2026/01/29 22:56:07
1977,215.14,18076.9,-2158.34,2026/01/29 22:56:07
1978,215.25,18125.7,-2160.72,2026/01/29 22:56:07
1979,215.36,18070.7,-2151.19,2026/01/29 22:56:07
1980,215.47,18001.8,-2169.31,2026/01/29 22:56:07
1981,215.58,17978.9,-2166.77,2026/01/29 22:56:07
1982,215.69,18049.4,-2165.79,2026/01/29 22:56:07
1983,215.8,18111.6,-2157.29,2026/01/29 22:56:07
1984,215.91,18083.3,-2151.26,2026/01/29 22:56:07
1985,216.01,18007,-2162.61,2026/01/29 22:56:08
1986,216.12,17980.7,-2170.2,2026/01/29 22:56:08
1987,216.23,18020.7,-2168.93,2026/01/29 22:56:08
1988,216.34,18109.1,-2157.31,2026/01/29 22:56:08
1989,216.45,18118.4,-2159.62,2026/01/29 22:56:08
1990,216.56,18069.3,-2152.22,2026/01/29 22:56:08
1991,216.67,18005.8,-2159.04,2026/01/29 22:56:08
1992,216.78,18011.8,-2157.64,2026/01/29 22:56:08
1993,216.89,18099.6,-2157.8,2026/01/29 22:56:08
1994,217,18127.1,-2158.03,2026/01/29 22:56:09
1995,217.11,18093.4,-2153.01,2026/01/29 22:56:09
1996,217.21,18008,-2163.82,2026/01/29 22:56:09
1997,217.33,17978.9,-2165.24,2026/01/29 22:56:09
1998,217.43,18051.7,-2167.46,2026/01/29 22:56:09
1999,217.54,18145.1,-2157.62,2026/01/29 22:56:09
2000,217.65,18136.4,-2159.17,2026/01/29 22:56:09
2001,217.76,18051.5,-2152.97,2026/01/29 22:56:09
2002,217.87,18004,-2156.09,2026/01/29 22:56:09
2003,217.98,18031.6,-2158.32,2026/01/29 22:56:10
2004,218.09,18161.7,-2158.75,2026/01/29 22:56:10
2005,218.2,18182,-2164.73,2026/01/29 22:56:10
2006,218.31,18117.9,-2157.49,2026/01/29 22:56:10
2007,218.41,18018.7,-2155.72,2026/01/29 22:56:10
2008,218.52,18001.6,-2156.02,2026/01/29 22:56:10
2009,218.63,18129.8,-2160.37,2026/01/29 22:56:10
2010,218.74,18190.2,-2160.61,2026/01/29 22:56:10
2011,218.85,18140.8,-2160.27,2026/01/29 22:56:10
2012,218.96,18050.3,-2151.7,2026/01/29 22:56:11
2013,219.07,18012.8,-2154.5,2026/01/29 22:56:11
2014,219.18,18101.3,-2158.17,2026/01/29 22:56:11
2015,219.29,18184.7,-2161.28,2026/01/29 22:56:11
2016,219.39,18176.1,-2163.48,2026/01/29 22:56:11
2017,219.5,18091.3,-2153.11,2026/01/29 22:56:11
2018,219.61,18011.3,-2160.98,2026/01/29 22:56:11
2019,219.72,17989.5,-2156.55,2026/01/29 22:56:11
2020,219.83,18094.7,-2157.43,2026/01/29 22:56:11
2021,219.94,18176.7,-2161.35,2026/01/29 22:56:11
2022,220.05,18125.9,-2154.75,2026/01/29 22:56:12
2023,220.16,18027.8,-2155.02,2026/01/29 22:56:12
2024,220.27,18007.8,-2155.57,2026/01/29 22:56:12
2025,220.37,18020.5,-2157.82,2026/01/29 22:56:12
2026,220.48,18149.8,-2157.33,2026/01/29 22:56:12
2027,220.59,18151.5,-2157.64,2026/01/29 22:56:12
2028,220.7,18073.7,-2153.22,2026/01/29 22:56:12
2029,220.81,18010.5,-2161.99,2026/01/29 22:56:12
2030,220.92,17983.4,-2156.64,2026/01/29 22:56:12
2031,221.03,18077.7,-2158.72,2026/01/29 22:56:13
2032,221.14,18166,-2158.51,2026/01/29 22:56:13
2033,221.25,18157.9,-2159.57,2026/01/29 22:56:13
2034,221.36,18061,-2152.29,2026/01/29 22:56:13
2035,221.46,18012.9,-2156.52,2026/01/29 22:56:13
2036,221.57,18028.7,-2156.49,2026/01/29 22:56:13
2037,221.68,18151,-2157.58,2026/01/29 22:56:13
2038,221.79,18166.3,-2162.45,2026/01/29 22:56:13
2039,221.9,18111,-2154.1,2026/01/29 22:56:13
2040,222.01,18021.1,-2156.88,2026/01/29 22:56:14
2041,222.12,18002.6,-2154.4,2026/01/29 22:56:14
2042,222.23,18070.8,-2157.42,2026/01/29 22:56:14
2043,222.34,18171,-2159.57,2026/01/29 22:56:14
2044,222.45,18129.1,-2154.84,2026/01/29 22:56:14
2045,222.56,18023.6,-2156.63,2026/01/29 22:56:14
2046,222.66,17996.9,-2164.28,2026/01/29 22:56:14
2047,222.77,18013.8,-2161.15,2026/01/29 22:56:14
2048,222.88,18145.5,-2157.05,2026/01/29 22:56:14
2049,222.99,18161.3,-2160.19,2026/01/29 22:56:15
2050,223.1,18109.6,-2155.94,2026/01/29 22:56:15
2051,223.21,18019.8,-2154.26,2026/01/29 22:56:15
2052,223.32,17994,-2166.33,2026/01/29 22:56:15
2053,223.43,18030.1,-2158.8,2026/01/29 22:56:15
2054,223.54,18147.9,-2155.93,2026/01/29 22:56:15
2055,223.65,18115,-2153.34,2026/01/29 22:56:15
2056,223.75,18023.9,-2151.53,2026/01/29 22:56:15
2057,223.86,18008.1,-2153.78,2026/01/29 22:56:15
2058,223.97,18070.4,-2155.57,2026/01/29 22:56:16
2059,224.08,18164.7,-2156.15,2026/01/29 22:56:16
2060,224.19,18154.8,-2157.59,2026/01/29 22:56:16
2061,224.3,18077.6,-2149.79,2026/01/29 22:56:16
2062,224.41,18016.1,-2156.11,2026/01/29 22:56:16
2063,224.52,18001.9,-2153.32,2026/01/29 22:56:16
2064,224.63,18051.1,-2156.18,2026/01/29 22:56:16
2065,224.74,18141.4,-2154.84,2026/01/29 22:56:16
2066,224.84,18140.8,-2156.86,2026/01/29 22:56:16
2067,224.95,18111.8,-2152.38,2026/01/29 22:56:17
2068,225.06,18028.9,-2151.48,2026/01/29 22:56:17
2069,225.17,18001.3,-2159.61,2026/01/29 22:56:17
2070,225.28,17987.6,-2152.84,2026/01/29 22:56:17
2071,225.39,18072,-2155.13,2026/01/29 22:56:17
2072,225.5,18120.5,-2153.75,2026/01/29 22:56:17
2073,225.61,18117.4,-2155.26,2026/01/29 22:56:17
2074,225.72,18088.5,-2152.23,2026/01/29 22:56:17
2075,225.83,18016.3,-2154.07,2026/01/29 22:56:17
2076,225.93,17993.6,-2158,2026/01/29 22:56:17
2077,226.04,18046.2,-2153.04,2026/01/29 22:56:18
2078,226.15,18106.3,-2153.64,2026/01/29 22:56:18
2079,226.26,18114.1,-2153.6,2026/01/29 22:56:18
2080,226.37,18052.9,-2148.87,2026/01/29 22:56:18
2081,226.48,18008,-2159.58,2026/01/29 22:56:18
2082,226.59,17985.3,-2155.42,2026/01/29 22:56:18
2083,226.7,18095.9,-2153.94,2026/01/29 22:56:18
2084,226.81,18117.9,-2153.38,2026/01/29 22:56:18
2085,226.91,18104.7,-2151.81,2026/01/29 22:56:18
2086,227.02,18021.9,-2152.82,2026/01/29 22:56:19
2087,227.13,17991.8,-2166.57,2026/01/29 22:56:19
2088,227.24,18009.5,-2159.22,2026/01/29 22:56:19
2089,227.35,18094.5,-2151.78,2026/01/29 22:56:19
2090,227.46,18101.7,-2153.3,2026/01/29 22:56:19
2091,227.57,18102.1,-2153.61,2026/01/29 22:56:19
2092,227.68,18064.6,-2149.47,2026/01/29 22:56:19
2093,227.78,18013.9,-2154.24,2026/01/29 22:56:19
2094,227.89,17984,-2158.82,2026/01/29 22:56:19
2095,228,18055.1,-2155.29,2026/01/29 22:56:20
2096,228.11,18116.1,-2154.44,2026/01/29 22:56:20
2097,228.22,18117,-2152.57,2026/01/29 22:56:20
2098,228.33,18094.5,-2153.53,2026/01/29 22:56:20
2099,228.44,18022.3,-2151.31,2026/01/29 22:56:20
2100,228.54,18002.3,-2152.88,2026/01/29 22:56:20
2101,228.65,18032.1,-2154.01,2026/01/29 22:56:20
2102,228.76,18118.4,-2151.57,2026/01/29 22:56:20
2103,228.87,18117.5,-2155.93,2026/01/29 22:56:20
2104,228.98,18119.4,-2151.33,2026/01/29 22:56:21
2105,229.09,18067.9,-2151.52,2026/01/29 22:56:21
2106,229.2,18011,-2153.45,2026/01/29 22:56:21
2107,229.3,17985.8,-2158.02,2026/01/29 22:56:21
2108,229.41,18047,-2154.64,2026/01/29 22:56:21
2109,229.52,18107.1,-2153.08,2026/01/29 22:56:21
2110,229.63,18108.4,-2153.6,2026/01/29 22:56:21
2111,229.74,18108.1,-2151.88,2026/01/29 22:56:21
2112,229.85,18061.3,-2151.46,2026/01/29 22:56:21
2113,229.96,18008.8,-2154.13,2026/01/29 22:56:22
2114,230.07,17979.2,-2156.99,2026/01/29 22:56:22
2115,230.18,18077.8,-2150.79,2026/01/29 22:56:22
2116,230.29,18102.8,-2153.75,2026/01/29 22:56:22
2117,230.39,18107.5,-2154.22,2026/01/29 22:56:22
2118,230.5,18107,-2154.7,2026/01/29 22:56:22
2119,230.61,18086.5,-2152.41,2026/01/29 22:56:22
2120,230.72,18020.2,-2151.48,2026/01/29 22:56:22
2121,230.83,17993.9,-2161.65,2026/01/29 22:56:22
2122,230.94,18011,-2155.26,2026/01/29 22:56:22
2123,231.05,18091.5,-2154.09,2026/01/29 22:56:23
2124,231.16,18101.4,-2151.46,2026/01/29 22:56:23
2125,231.27,18096.5,-2154.45,2026/01/29 22:56:23
2126,231.38,18091.8,-2150.69,2026/01/29 22:56:23
2127,231.48,18027.8,-2150.12,2026/01/29 22:56:23
2128,231.59,18002.1,-2161.15,2026/01/29 22:56:23
2129,231.7,17982.1,-2154.26,2026/01/29 22:56:23
2130,231.81,18060.2,-2156.7,2026/01/29 22:56:23
2131,231.92,18107.3,-2150.05,2026/01/29 22:56:23
2132,232.03,18100,-2154.97,2026/01/29 22:56:24
2133,232.14,18069.5,-2148.28,2026/01/29 22:56:24
2134,232.25,18005.4,-2157.86,2026/01/29 22:56:24
2135,232.36,17988.8,-2155.55,2026/01/29 22:56:24
2136,232.46,18074.9,-2153.36,2026/01/29 22:56:24
2137,232.57,18097.9,-2153.71,2026/01/29 22:56:24
2138,232.68,18101.3,-2152.7,2026/01/29 22:56:24
2139,232.79,18096.1,-2152.25,2026/01/29 22:56:24
2140,232.9,18039.7,-2148.37,2026/01/29 22:56:24
2141,233.01,18003.8,-2156.41,2026/01/29 22:56:25
2142,233.12,17989.9,-2150.82,2026/01/29 22:56:25
2143,233.23,18062.2,-2155.36,2026/01/29 22:56:25
2144,233.34,18101.2,-2152.05,2026/01/29 22:56:25
2145,233.45,18101.2,-2154.06,2026/01/29 22:56:25
2146,233.55,18103.8,-2154.61,2026/01/29 22:56:25
2147,233.66,18090.5,-2150.79,2026/01/29 22:56:25
2148,233.77,18011.8,-2154.77,2026/01/29 22:56:25
2149,233.88,17991.2,-2151.35,2026/01/29 22:56:25
2150,233.99,18052.5,-2156.73,2026/01/29 22:56:26
2151,234.1,18109,-2149.33,2026/01/29 22:56:26
2152,234.21,18104.3,-2155.03,2026/01/29 22:56:26
2153,234.32,18107.4,-2152.76,2026/01/29 22:56:26
2154,234.43,18042.4,-2150.59,2026/01/29 22:56:26
2155,234.53,18003,-2160.75,2026/01/29 22:56:26
2156,234.64,17983.8,-2154.24,2026/01/29 22:56:26
2157,234.75,18051.1,-2155.51,2026/01/29 22:56:26
2158,234.86,18099.3,-2150.68,2026/01/29 22:56:26
2159,234.97,18095.8,-2155.58,2026/01/29 22:56:27
2160,235.08,18103,-2149.92,2026/01/29 22:56:27
2161,235.19,18048.2,-2151.94,2026/01/29 22:56:27
2162,235.3,17997.8,-2159.75,2026/01/29 22:56:27
2163,235.41,17971.1,-2163.08,2026/01/29 22:56:27
2164,235.52,18075.1,-2156.76,2026/01/29 22:56:27
2165,235.62,18097.6,-2152.03,2026/01/29 22:56:27
2166,235.73,18101.5,-2151.47,2026/01/29 22:56:27
2167,235.84,18086.4,-2150.6,2026/01/29 22:56:27
2168,235.95,18013.5,-2153.94,2026/01/29 22:56:27
2169,236.06,17992,-2155.21,2026/01/29 22:56:28
2170,236.17,18041.6,-2157.58,2026/01/29 22:56:28
2171,236.28,18119,-2149.33,2026/01/29 22:56:28
2172,236.39,18118.9,-2154.84,2026/01/29 22:56:28
2173,236.49,18118.1,-2151.35,2026/01/29 22:56:28
2174,236.6,18096.5,-2152.77,2026/01/29 22:56:28
2175,236.71,18025.9,-2149.68,2026/01/29 22:56:28
2176,236.82,17969.9,-2158.25,2026/01/29 22:56:28
2177,236.93,18024.9,-2162.64,2026/01/29 22:56:28
2178,237.04,18104.4,-2150.89,2026/01/29 22:56:29
2179,237.15,18108.3,-2153.8,2026/01/29 22:56:29
2180,237.26,18108.8,-2150.29,2026/01/29 22:56:29
2181,237.37,18032,-2151.61,2026/01/29 22:56:29
2182,237.48,18000.7,-2159.95,2026/01/29 22:56:29
2183,237.59,17986.7,-2157.98,2026/01/29 22:56:29
2184,237.69,18093,-2151.61,2026/01/29 22:56:29
2185,237.8,18123.8,-2153.74,2026/01/29 22:56:29
2186,237.91,18117.9,-2153.94,2026/01/29 22:56:29
2187,238.02,18091.9,-2150.75,2026/01/29 22:56:30
2188,238.13,18010.7,-2153.55,2026/01/29 22:56:30
2189,238.24,17965.1,-2158.32,2026/01/29 22:56:30
2190,238.35,18026.3,-2164.14,2026/01/29 22:56:30
2191,238.46,18118.2,-2152.29,2026/01/29 22:56:30
2192,238.56,18124.7,-2154.26,2026/01/29 22:56:30
2193,238.67,18120.2,-2154.2,2026/01/29 22:56:30
2194,238.78,18082.7,-2147.22,2026/01/29 22:56:30
2195,238.89,18010.2,-2153.62,2026/01/29 22:56:30
2196,239,17999.2,-2152.2,2026/01/29 22:56:31
2197,239.11,18090.1,-2153.39,2026/01/29 22:56:31
2198,239.22,18135.3,-2154.5,2026/01/29 22:56:31
2199,239.33,18129.6,-2153.73,2026/01/29 22:56:31
2200,239.44,18075.8,-2149.4,2026/01/29 22:56:31
2201,239.55,18010.9,-2152.38,2026/01/29 22:56:31
2202,239.66,18017.4,-2154.31,2026/01/29 22:56:31
2203,239.76,18106.3,-2150.27,2026/01/29 22:56:31
2204,239.87,18118.8,-2154.87,2026/01/29 22:56:31
2205,239.98,18119.7,-2151.56,2026/01/29 22:56:32
2206,240.09,18088.4,-2150.96,2026/01/29 22:56:32
2207,240.2,18013.7,-2155.39,2026/01/29 22:56:32
2208,240.31,17986.8,-2157.05,2026/01/29 22:56:32
2209,240.42,18042,-2153.36,2026/01/29 22:56:32
2210,240.53,18113.8,-2152.76,2026/01/29 22:56:32
2211,240.64,18118.4,-2152.1,2026/01/29 22:56:32
2212,240.74,18116.7,-2152.47,2026/01/29 22:56:32
2213,240.85,18110.4,-2151.65,2026/01/29 22:56:32
2214,240.96,18036.1,-2148.58,2026/01/29 22:56:33
2215,241.07,18000.1,-2163.69,2026/01/29 22:56:33
2216,241.18,17996.3,-2156.09,2026/01/29 22:56:33
2217,241.29,18099.2,-2153.25,2026/01/29 22:56:33
2218,241.4,18114.4,-2151.18,2026/01/29 22:56:33
2219,241.51,18111.8,-2152.78,2026/01/29 22:56:33
2220,241.61,18085.6,-2149.46,2026/01/29 22:56:33
2221,241.72,18003,-2154.8,2026/01/29 22:56:33
2222,241.83,17955.2,-2159.28,2026/01/29 22:56:33
2223,241.94,18047.8,-2159.93,2026/01/29 22:56:33
2224,242.05,18115.8,-2153.63,2026/01/29 22:56:34
2225,242.16,18124.7,-2154.93,2026/01/29 22:56:34
2226,242.27,18119,-2153.6,2026/01/29 22:56:34
2227,242.38,18098.4,-2150.31,2026/01/29 22:56:34
2228,242.49,18020.4,-2150.6,2026/01/29 22:56:34
2229,242.59,17998.6,-2153.86,2026/01/29 22:56:34
2230,242.7,18038.2,-2151.19,2026/01/29 22:56:34
2231,242.81,18111.9,-2153.93,2026/01/29 22:56:34
2232,242.92,18124,-2150.45,2026/01/29 22:56:34
2233,243.03,18116.3,-2155.78,2026/01/29 22:56:35
2234,243.14,18101.2,-2149.16,2026/01/29 22:56:35
2235,243.25,18021.3,-2150.84,2026/01/29 22:56:35
2236,243.35,17997.6,-2151.56,2026/01/29 22:56:35
2237,243.46,18059.1,-2153.56,2026/01/29 22:56:35
2238,243.57,18128.7,-2153.32,2026/01/29 22:56:35
2239,243.68,18132.3,-2154.06,2026/01/29 22:56:35
2240,243.79,18127.6,-2152.89,2026/01/29 22:56:35
2241,243.9,18065.7,-2148.85,2026/01/29 22:56:35
2242,244.01,18004.3,-2158.53,2026/01/29 22:56:36
2243,244.12,17996.3,-2156.92,2026/01/29 22:56:36
2244,244.23,18107.4,-2152.19,2026/01/29 22:56:36
2245,244.34,18128.9,-2155.75,2026/01/29 22:56:36
2246,244.44,18130.2,-2152.44,2026/01/29 22:56:36
2247,244.55,18121,-2152.87,2026/01/29 22:56:36
2248,244.66,18050.9,-2146.08,2026/01/29 22:56:36
2249,244.77,18002.5,-2158.43,2026/01/29 22:56:36
2250,244.88,17989,-2154.58,2026/01/29 22:56:36
2251,244.99,18089.8,-2153.78,2026/01/29 22:56:37
2252,245.1,18129.9,-2152.77,2026/01/29 22:56:37
2253,245.21,18129.7,-2154.46,2026/01/29 22:56:37
2254,245.32,18096.9,-2148.34,2026/01/29 22:56:37
2255,245.42,18012,-2153.22,2026/01/29 22:56:37
2256,245.53,17986.8,-2158.59,2026/01/29 22:56:37
2257,245.64,18030.8,-2155.34,2026/01/29 22:56:37
2258,245.75,18112.9,-2151.16,2026/01/29 22:56:37
2259,245.86,18123.9,-2153.47,2026/01/29 22:56:37
2260,245.97,18120.4,-2152.49,2026/01/29 22:56:38
2261,246.08,18064,-2148.51,2026/01/29 22:56:38
2262,246.19,18010.6,-2150.5,2026/01/29 22:56:38
2263,246.3,17998.9,-2154.47,2026/01/29 22:56:38
2264,246.4,18083.7,-2150.17,2026/01/29 22:56:38
2265,246.51,18115.8,-2154.57,2026/01/29 22:56:38
2266,246.62,18119.7,-2150.16,2026/01/29 22:56:38
2267,246.73,18107.7,-2152.22,2026/01/29 22:56:38
2268,246.84,18022.6,-2148.48,2026/01/29 22:56:38
2269,246.95,17976.7,-2158.6,2026/01/29 22:56:38
2270,247.06,18013.9,-2155.89,2026/01/29 22:56:39
2271,247.17,18125.7,-2151.7,2026/01/29 22:56:39
2272,247.28,18130.4,-2154.72,2026/01/29 22:56:39
2273,247.39,18133.2,-2152.8,2026/01/29 22:56:39
2274,247.49,18093.5,-2149.33,2026/01/29 22:56:39
2275,247.6,18010.2,-2155.86,2026/01/29 22:56:39
2276,247.71,17974.3,-2159.66,2026/01/29 22:56:39
2277,247.82,18050.6,-2161.05,2026/01/29 22:56:39
2278,247.93,18127.3,-2152.73,2026/01/29 22:56:39
2279,248.04,18131.5,-2153.77,2026/01/29 22:56:40
2280,248.15,18131.4,-2154.17,2026/01/29 22:56:40
2281,248.26,18067.2,-2148.68,2026/01/29 22:56:40
2282,248.37,18013.2,-2152.49,2026/01/29 22:56:40
2283,248.47,17995.6,-2152.81,2026/01/29 22:56:40
2284,248.58,18072.7,-2151.98,2026/01/29 22:56:40
2285,248.69,18125.4,-2152.07,2026/01/29 22:56:40
2286,248.8,18123.6,-2153.36,2026/01/29 22:56:40
2287,248.91,18123.8,-2151.56,2026/01/29 22:56:40
2288,249.02,18076.1,-2150.82,2026/01/29 22:56:41
2289,249.13,18007.7,-2157.04,2026/01/29 22:56:41
2290,249.24,17969.9,-2156.28,2026/01/29 22:56:41
2291,249.34,18055.9,-2151.43,2026/01/29 22:56:41
2292,249.45,18115,-2154.3,2026/01/29 22:56:41
2293,249.56,18119.3,-2151.66,2026/01/29 22:56:41
2294,249.67,18117.2,-2154,2026/01/29 22:56:41
2295,249.78,18097.9,-2149.44,2026/01/29 22:56:41
2296,249.89,18024,-2149.96,2026/01/29 22:56:41
2297,250,17996.6,-2157.02,2026/01/29 22:56:42
2298,250.11,18008,-2156.52,2026/01/29 22:56:42
2299,250.22,18097.3,-2152.46,2026/01/29 22:56:42
2300,250.33,18118.8,-2152.36,2026/01/29 22:56:42
2301,250.43,18111,-2153.24,2026/01/29 22:56:42
2302,250.54,18081.6,-2148.33,2026/01/29 22:56:42
2303,250.65,18011.9,-2152,2026/01/29 22:56:42
2304,250.76,17998.1,-2152.35,2026/01/29 22:56:42
2305,250.87,18054.3,-2154.01,2026/01/29 22:56:42
2306,250.98,18110.1,-2150.59,2026/01/29 22:56:43
2307,251.09,18113.4,-2151.93,2026/01/29 22:56:43
2308,251.2,18110.8,-2151.55,2026/01/29 22:56:43
2309,251.31,18046.9,-2148.43,2026/01/29 22:56:43
2310,251.41,18002.8,-2150.83,2026/01/29 22:56:43
2311,251.52,18048.2,-2153.42,2026/01/29 22:56:43
2312,251.63,18122,-2150.83,2026/01/29 22:56:43
2313,251.74,18124.5,-2153.68,2026/01/29 22:56:43
2314,251.85,18122.2,-2151.8,2026/01/29 22:56:43
2315,251.96,18108.7,-2152.11,2026/01/29 22:56:44
2316,252.07,18052.9,-2147.29,2026/01/29 22:56:44
2317,252.18,18004.8,-2153.56,2026/01/29 22:56:44
2318,252.29,18010.1,-2152.55,2026/01/29 22:56:44
2319,252.4,18101.1,-2152.75,2026/01/29 22:56:44
2320,252.5,18113.7,-2150.51,2026/01/29 22:56:44
2321,252.61,18113.9,-2152.03,2026/01/29 22:56:44
2322,252.72,18109.8,-2151.46,2026/01/29 22:56:44
2323,252.83,18050.3,-2145.47,2026/01/29 22:56:44
2324,252.94,18000.8,-2157.38,2026/01/29 22:56:44
2325,253.05,18013.1,-2154.61,2026/01/29 22:56:45
2326,253.16,18097.6,-2152.66,2026/01/29 22:56:45
2327,253.27,18118.4,-2148.93,2026/01/29 22:56:45
2328,253.38,18113.8,-2154.48,2026/01/29 22:56:45
2329,253.48,18116,-2150.77,2026/01/29 22:56:45
2330,253.59,18112.1,-2153.34,2026/01/29 22:56:45
2331,253.7,18063,-2146.51,2026/01/29 22:56:45
2332,253.81,18010.7,-2151.8,2026/01/29 22:56:45
2333,253.92,17995.3,-2153.49,2026/01/29 22:56:45
2334,254.03,18090.7,-2150.21,2026/01/29 22:56:46
2335,254.14,18107.5,-2150.92,2026/01/29 22:56:46
2336,254.25,18111.7,-2152.24,2026/01/29 22:56:46
2337,254.36,18106.6,-2150.69,2026/01/29 22:56:46
2338,254.47,18064.2,-2146.04,2026/01/29 22:56:46
2339,254.57,18004.7,-2155.71,2026/01/29 22:56:46
2340,254.68,17986.6,-2154.43,2026/01/29 22:56:46
2341,254.79,18068.1,-2153,2026/01/29 22:56:46
2342,254.9,18111.5,-2150.25,2026/01/29 22:56:46
2343,255.01,18115.9,-2151.08,2026/01/29 22:56:47
2344,255.12,18113.1,-2153.52,2026/01/29 22:56:47
2345,255.23,18100.7,-2149.26,2026/01/29 22:56:47
2346,255.34,18052.7,-2146.87,2026/01/29 22:56:47
2347,255.45,18002.8,-2158.74,2026/01/29 22:56:47
2348,255.56,17992.8,-2156.67,2026/01/29 22:56:47
2349,255.67,18089.7,-2150.91,2026/01/29 22:56:47
2350,255.77,18109.4,-2149.47,2026/01/29 22:56:47
2351,255.88,18106.1,-2154.14,2026/01/29 22:56:47
2352,255.99,18111.1,-2149.8,2026/01/29 22:56:48
2353,256.1,18075.5,-2149.79,2026/01/29 22:56:48
2354,256.21,18012.5,-2147.36,2026/01/29 22:56:48
2355,256.32,18004.3,-2156.35,2026/01/29 22:56:48
2356,256.43,18102.9,-2148.52,2026/01/29 22:56:48
2357,256.54,18140.9,-2154.23,2026/01/29 22:56:48
2358,256.65,18141.1,-2152.08,2026/01/29 22:56:48
2359,256.75,18140.6,-2154.04,2026/01/29 22:56:48
2360,256.86,18113.6,-2151.59,2026/01/29 22:56:48
2361,256.97,18037.7,-2148.65,2026/01/29 22:56:49
2362,257.08,18012.2,-2151.01,2026/01/29 22:56:49
2363,257.19,18056.6,-2149.94,2026/01/29 22:56:49
2364,257.3,18115.6,-2150.97,2026/01/29 22:56:49
2365,257.41,18147.1,-2152.89,2026/01/29 22:56:49
2366,257.52,18139.4,-2153.07,2026/01/29 22:56:49
2367,257.63,18102.9,-2149.33,2026/01/29 22:56:49
2368,257.74,18011,-2151.3,2026/01/29 22:56:49
2369,257.85,17990.1,-2149.89,2026/01/29 22:56:49
2370,257.95,18085.5,-2152.51,2026/01/29 22:56:49
2371,258.06,18153.9,-2153.97,2026/01/29 22:56:50
2372,258.17,18158.7,-2153.83,2026/01/29 22:56:50
2373,258.28,18154.5,-2155.14,2026/01/29 22:56:50
2374,258.39,18148.8,-2151.82,2026/01/29 22:56:50
2375,258.5,18049.9,-2148.02,2026/01/29 22:56:50
2376,258.61,18008,-2151.18,2026/01/29 22:56:50
2377,258.72,18028.9,-2151.66,2026/01/29 22:56:50
2378,258.82,18134.4,-2155.4,2026/01/29 22:56:50
2379,258.93,18174,-2152.47,2026/01/29 22:56:50
2380,259.04,18165.2,-2156.43,2026/01/29 22:56:51
2381,259.15,18168.2,-2154.43,2026/01/29 22:56:51
2382,259.26,18115.5,-2150.91,2026/01/29 22:56:51
2383,259.37,18016.8,-2151.07,2026/01/29 22:56:51
2384,259.48,17998.1,-2153.55,2026/01/29 22:56:51
2385,259.59,18047.6,-2153.23,2026/01/29 22:56:51
2386,259.69,18167.9,-2153.48,2026/01/29 22:56:51
2387,259.8,18173.4,-2155.11,2026/01/29 22:56:51
2388,259.91,18170.5,-2153.74,2026/01/29 22:56:51
2389,260.02,18164.4,-2155.9,2026/01/29 22:56:52
2390,260.13,18080.6,-2146.93,2026/01/29 22:56:52
2391,260.24,18006.2,-2158.13,2026/01/29 22:56:52
2392,260.35,17991.2,-2155.34,2026/01/29 22:56:52
2393,260.46,18111.9,-2149.7,2026/01/29 22:56:52
2394,260.57,18148.1,-2155.32,2026/01/29 22:56:52
2395,260.67,18150.5,-2153.24,2026/01/29 22:56:52
2396,260.78,18140.5,-2155.4,2026/01/29 22:56:52
2397,260.89,18132.3,-2151.36,2026/01/29 22:56:52
2398,261,18050.9,-2147.53,2026/01/29 22:56:53
2399,261.11,18002.6,-2158.62,2026/01/29 22:56:53
2400,261.22,18007.5,-2155.55,2026/01/29 22:56:53
2401,261.33,18122.9,-2150.42,2026/01/29 22:56:53
2402,261.44,18156.1,-2153.44,2026/01/29 22:56:53
2403,261.54,18150.4,-2153.64,2026/01/29 22:56:53
2404,261.65,18149.8,-2151.05,2026/01/29 22:56:53
2405,261.76,18076.4,-2149.28,2026/01/29 22:56:53
2406,261.87,18011.6,-2150.49,2026/01/29 22:56:53
2407,261.98,17995.8,-2152.09,2026/01/29 22:56:54
2408,262.09,18089,-2151.48,2026/01/29 22:56:54
2409,262.2,18137.2,-2151.27,2026/01/29 22:56:54
2410,262.31,18132.9,-2154.15,2026/01/29 22:56:54
2411,262.42,18121.7,-2149.34,2026/01/29 22:56:54
2412,262.52,18030.2,-2149.12,2026/01/29 22:56:54
2413,262.63,18008.3,-2151.52,2026/01/29 22:56:54
2414,262.74,18017.2,-2155.61,2026/01/29 22:56:54
2415,262.85,18120.6,-2149.86,2026/01/29 22:56:54
2416,262.96,18132.9,-2153.09,2026/01/29 22:56:55
2417,263.07,18134.4,-2151.81,2026/01/29 22:56:55
2418,263.18,18099.7,-2149.19,2026/01/29 22:56:55
2419,263.29,18015.6,-2148.57,2026/01/29 22:56:55
2420,263.4,17999.2,-2151.08,2026/01/29 22:56:55
2421,263.51,18055.3,-2152.03,2026/01/29 22:56:55
2422,263.61,18127.1,-2151.82,2026/01/29 22:56:55
2423,263.72,18130.8,-2153.5,2026/01/29 22:56:55
2424,263.83,18129.9,-2151.73,2026/01/29 22:56:55
2425,263.94,18097.2,-2149.3,2026/01/29 22:56:55
2426,264.05,18011.1,-2153.02,2026/01/29 22:56:56
2427,264.16,17980.5,-2155.4,2026/01/29 22:56:56
2428,264.27,18043.3,-2162.8,2026/01/29 22:56:56
2429,264.38,18137.7,-2151.02,2026/01/29 22:56:56
2430,264.49,18145.1,-2155.11,2026/01/29 22:56:56
2431,264.59,18150.8,-2152.89,2026/01/29 22:56:56
2432,264.7,18114.9,-2151.33,2026/01/29 22:56:56
2433,264.81,18020.6,-2149.42,2026/01/29 22:56:56
2434,264.92,17994.6,-2152.85,2026/01/29 22:56:56
2435,265.03,18056.5,-2151.92,2026/01/29 22:56:57
2436,265.14,18141.4,-2153.16,2026/01/29 22:56:57
2437,265.25,18142,-2152.87,2026/01/29 22:56:57
2438,265.36,18140.6,-2153.53,2026/01/29 22:56:57
2439,265.47,18085.6,-2147.56,2026/01/29 22:56:57
2440,265.58,18012.3,-2153.32,2026/01/29 22:56:57
2441,265.68,17992.7,-2150.95,2026/01/29 22:56:57
2442,265.79,18076.6,-2151.99,2026/01/29 22:56:57
2443,265.9,18136.4,-2152.11,2026/01/29 22:56:57
2444,266.01,18134.8,-2153.12,2026/01/29 22:56:58
2445,266.12,18134.8,-2150.94,2026/01/29 22:56:58
2446,266.23,18102.2,-2150.83,2026/01/29 22:56:58
2447,266.34,18013.9,-2152.08,2026/01/29 22:56:58
2448,266.45,17978.3,-2154.61,2026/01/29 22:56:58
2449,266.56,18049.9,-2151.88,2026/01/29 22:56:58
2450,266.66,18128.6,-2153.01,2026/01/29 22:56:58
2451,266.77,18140.1,-2151.94,2026/01/29 22:56:58
2452,266.88,18132,-2152.78,2026/01/29 22:56:58
2453,266.99,18044.4,-2146.36,2026/01/29 22:56:59
2454,267.1,17925,-2129.75,2026/01/29 22:56:59
2455,267.21,17963.7,-2160.68,2026/01/29 22:56:59
2456,267.32,18115.4,-2154.91,2026/01/29 22:56:59
2457,267.43,18146.4,-2153.16,2026/01/29 22:56:59
2458,267.54,18150,-2153.92,2026/01/29 22:56:59
2459,267.65,18144.9,-2153.5,2026/01/29 22:56:59
2460,267.76,18104.1,-2150.77,2026/01/29 22:56:59
2461,267.86,18007,-2155.54,2026/01/29 22:56:59
2462,267.98,17968.5,-2157.46,2026/01/29 22:57:00
2463,268.08,18041.1,-2162.8,2026/01/29 22:57:00
2464,268.19,18132,-2152.95,2026/01/29 22:57:00
2465,268.3,18138.1,-2154.53,2026/01/29 22:57:00
2466,268.41,18136.6,-2155.6,2026/01/29 22:57:00
2467,268.52,18134.7,-2152.18,2026/01/29 22:57:00
2468,268.63,18057.3,-2148.15,2026/01/29 22:57:00
2469,268.74,18008.2,-2154.63,2026/01/29 22:57:00
2470,268.85,18003.8,-2159.81,2026/01/29 22:57:00
2471,268.96,18128.9,-2150.88,2026/01/29 22:57:01
2472,269.07,18157.1,-2157.59,2026/01/29 22:57:01
2473,269.17,18157.3,-2153.81,2026/01/29 22:57:01
2474,269.28,18154.9,-2156.19,2026/01/29 22:57:01
2475,269.39,18136,-2153.67,2026/01/29 22:57:01
2476,269.5,18111.8,-2150.75,2026/01/29 22:57:01
2477,269.61,18010.1,-2154.66,2026/01/29 22:57:01
2478,269.72,17989.7,-2151.52,2026/01/29 22:57:01
2479,269.83,18054.8,-2153.64,2026/01/29 22:57:01
2480,269.94,18148.1,-2154.02,2026/01/29 22:57:01
2481,270.05,18144.2,-2153.9,2026/01/29 22:57:02
2482,270.15,18144.5,-2155.45,2026/01/29 22:57:02
2483,270.26,18132.6,-2151.58,2026/01/29 22:57:02
2484,270.37,18049.5,-2147.16,2026/01/29 22:57:02
2485,270.48,18005.3,-2153.32,2026/01/29 22:57:02
2486,270.59,18027.1,-2155.96,2026/01/29 22:57:02
2487,270.7,18140.5,-2150.85,2026/01/29 22:57:02
2488,270.81,18145.5,-2156.81,2026/01/29 22:57:02
2489,270.92,18146.2,-2151.36,2026/01/29 22:57:02
2490,271.03,18139.8,-2155.45,2026/01/29 22:57:03
2491,271.13,18070.4,-2145.87,2026/01/29 22:57:03
2492,271.24,18003.2,-2157.45,2026/01/29 22:57:03
2493,271.35,17987.2,-2155.44,2026/01/29 22:57:03
2494,271.46,18108.9,-2150.83,2026/01/29 22:57:03
2495,271.57,18141,-2153.84,2026/01/29 22:57:03
2496,271.68,18143.2,-2154.27,2026/01/29 22:57:03
2497,271.79,18139.8,-2154.19,2026/01/29 22:57:03
2498,271.9,18103.2,-2150.62,2026/01/29 22:57:03
2499,272.01,18010.3,-2150.31,2026/01/29 22:57:04
2500,272.12,17990.6,-2150.79,2026/01/29 22:57:04
2501,272.23,18056.5,-2153.89,2026/01/29 22:57:04
2502,272.33,18155.2,-2153.1,2026/01/29 22:57:04
2503,272.44,18154,-2154.27,2026/01/29 22:57:04
2504,272.55,18151.1,-2155.22,2026/01/29 22:57:04
2505,272.66,18110.1,-2148.93,2026/01/29 22:57:04
2506,272.77,18013.3,-2152.12,2026/01/29 22:57:04
2507,272.88,17995.9,-2148.53,2026/01/29 22:57:04
2508,272.99,18051.4,-2155.53,2026/01/29 22:57:05
2509,273.1,18138.9,-2151.16,2026/01/29 22:57:05
2510,273.2,18142.5,-2154.49,2026/01/29 22:57:05
2511,273.31,18136.1,-2153.09,2026/01/29 22:57:05
2512,273.42,18138.2,-2151.93,2026/01/29 22:57:05
2513,273.53,18048.2,-2147.91,2026/01/29 22:57:05
2514,273.64,18022.4,-2150.54,2026/01/29 22:57:05
2515,273.75,18075,-2151.22,2026/01/29 22:57:05
2516,273.86,18151.7,-2153.78,2026/01/29 22:57:05
2517,273.97,18155.8,-2152.62,2026/01/29 22:57:06
2518,274.07,18154.2,-2154.71,2026/01/29 22:57:06
2519,274.18,18137.3,-2149.69,2026/01/29 22:57:06
2520,274.29,18038.6,-2148.87,2026/01/29 22:57:06
2521,274.4,18009.6,-2148.12,2026/01/29 22:57:06
2522,274.51,18028.3,-2154.59,2026/01/29 22:57:06
2523,274.62,18132.9,-2148.98,2026/01/29 22:57:06
2524,274.73,18138.2,-2155.22,2026/01/29 22:57:06
2525,274.84,18139.5,-2151.71,2026/01/29 22:57:06
2526,274.95,18116.4,-2151.48,2026/01/29 22:57:06
2527,275.05,18022.9,-2147.88,2026/01/29 22:57:07
2528,275.16,17997.1,-2149.64,2026/01/29 22:57:07
2529,275.27,18054.7,-2152.65,2026/01/29 22:57:07
2530,275.38,18140.9,-2151.71,2026/01/29 22:57:07
2531,275.49,18140.7,-2152.56,2026/01/29 22:57:07
2532,275.6,18139.3,-2152.99,2026/01/29 22:57:07
2533,275.71,18133.6,-2150.97,2026/01/29 22:57:07
2534,275.82,18052.1,-2146.73,2026/01/29 22:57:07
2535,275.93,18004.5,-2148.97,2026/01/29 22:57:07
2536,276.03,18038.8,-2152.88,2026/01/29 22:57:08
2537,276.14,18138.8,-2149.58,2026/01/29 22:57:08
2538,276.25,18147.9,-2154.54,2026/01/29 22:57:08
2539,276.36,18150.2,-2150.58,2026/01/29 22:57:08
2540,276.47,18126.2,-2153.47,2026/01/29 22:57:08
2541,276.58,18060,-2143.53,2026/01/29 22:57:08
2542,276.69,18003.7,-2156.91,2026/01/29 22:57:08
2543,276.8,17996.7,-2153.15,2026/01/29 22:57:08
2544,276.91,18115.5,-2153.11,2026/01/29 22:57:08
2545,277.02,18145.9,-2151.91,2026/01/29 22:57:09
2546,277.13,18132.9,-2150.07,2026/01/29 22:57:09
2547,277.24,18031.6,-2147.13,2026/01/29 22:57:09
2548,277.34,18000.7,-2147.85,2026/01/29 22:57:09
2549,277.45,18069.2,-2152.99,2026/01/29 22:57:09
2550,277.56,18140.2,-2152.16,2026/01/29 22:57:09
2551,277.67,18137.9,-2151.8,2026/01/29 22:57:09
2552,277.78,18141.4,-2154.09,2026/01/29 22:57:09
2553,277.89,18138.4,-2152.64,2026/01/29 22:57:09
2554,278,18138.5,-2154.2,2026/01/29 22:57:10
2555,278.11,18138.8,-2152.99,2026/01/29 22:57:10
2556,278.22,18136.4,-2155.37,2026/01/29 22:57:10
2557,278.32,18140.3,-2152.64,2026/01/29 22:57:10
2558,278.43,18135.5,-2155.94,2026/01/29 22:57:10
2559,278.54,18142.4,-2152.18,2026/01/29 22:57:10
2560,278.65,18136.1,-2157.08,2026/01/29 22:57:10
2561,278.76,18140.3,-2151.44,2026/01/29 22:57:10
2562,278.87,18137.8,-2156.28,2026/01/29 22:57:10
2563,278.98,18138,-2153.82,2026/01/29 22:57:11
2564,279.09,18139.7,-2154.99,2026/01/29 22:57:11
2565,279.19,18137.5,-2155.07,2026/01/29 22:57:11
2566,279.3,18140.2,-2153.91,2026/01/29 22:57:11
2567,279.41,18138.4,-2154.89,2026/01/29 22:57:11
2568,279.52,18140.8,-2154.74,2026/01/29 22:57:11
2569,279.63,18140.2,-2154.7,2026/01/29 22:57:11
2570,279.74,18140.5,-2155.01,2026/01/29 22:57:11
2571,279.85,18141.7,-2153.86,2026/01/29 22:57:11
2572,279.96,18141.1,-2156.19,2026/01/29 22:57:12
2573,280.07,18143.8,-2153.14,2026/01/29 22:57:12
2574,280.17,18140.1,-2156.45,2026/01/29 22:57:12
2575,280.28,18146.5,-2153.88,2026/01/29 22:57:12
2576,280.39,18138.6,-2156.05,2026/01/29 22:57:12
2577,280.5,18144.8,-2153.89,2026/01/29 22:57:12
2578,280.61,18140.1,-2156.37,2026/01/29 22:57:12
2579,280.72,18144.2,-2153.96,2026/01/29 22:57:12
2580,280.83,18142.6,-2155.79,2026/01/29 22:57:12
2581,280.94,18141.5,-2154.92,2026/01/29 22:57:12
2582,281.04,18144.6,-2154.5,2026/01/29 22:57:13
2583,281.15,18141.5,-2156.21,2026/01/29 22:57:13
2584,281.26,18144.4,-2153.16,2026/01/29 22:57:13
2585,281.37,18143.1,-2156.41,2026/01/29 22:57:13
2586,281.48,18144.9,-2154.4,2026/01/29 22:57:13
2587,281.59,18144.4,-2156.04,2026/01/29 22:57:13
2588,281.7,18143.4,-2155.73,2026/01/29 22:57:13
2589,281.81,18146.4,-2155.38,2026/01/29 22:57:13
2590,281.92,18141.7,-2155.98,2026/01/29 22:57:13
2591,282.02,18146.9,-2154.52,2026/01/29 22:57:14
2592,282.13,18141.9,-2155.83,2026/01/29 22:57:14
2593,282.24,18147.4,-2156.27,2026/01/29 22:57:14
2594,282.35,18142.3,-2155.57,2026/01/29 22:57:14
2595,282.46,18147.1,-2155.69,2026/01/29 22:57:14
2596,282.57,18141.4,-2155.7,2026/01/29 22:57:14
2597,282.68,18147.3,-2154.81,2026/01/29 22:57:14
2598,282.79,18143.9,-2155.51,2026/01/29 22:57:14
2599,282.9,18146.6,-2156.06,2026/01/29 22:57:14
2600,283.01,18145.4,-2155.4,2026/01/29 22:57:15
2601,283.12,18145.7,-2156.08,2026/01/29 22:57:15
2602,283.23,18150.3,-2153.53,2026/01/29 22:57:15
2603,283.33,18144.7,-2158.02,2026/01/29 22:57:15
2604,283.44,18150.3,-2153.27,2026/01/29 22:57:15
2605,283.55,18147.1,-2157.43,2026/01/29 22:57:15
2606,283.66,18148.1,-2154.68,2026/01/29 22:57:15
2607,283.77,18149.4,-2156.49,2026/01/29 22:57:15
2608,283.88,18146.9,-2155.72,2026/01/29 22:57:15
2609,283.98,18149.3,-2154.49,2026/01/29 22:57:16
2610,284.09,18147.9,-2156.93,2026/01/29 22:57:16
2611,284.2,18149.5,-2154.3,2026/01/29 22:57:16
2612,284.31,18148.9,-2155.96,2026/01/29 22:57:16
2613,284.42,18146.3,-2154.58,2026/01/29 22:57:16
2614,284.53,18150.3,-2155.84,2026/01/29 22:57:16
2615,284.64,18145.8,-2156.33,2026/01/29 22:57:16
2616,284.74,18150,-2156.24,2026/01/29 22:57:16
2617,284.85,18146.4,-2154.73,2026/01/29 22:57:16
2618,284.96,18150.4,-2156.15,2026/01/29 22:57:17
2619,285.07,18145,-2155.36,2026/01/29 22:57:17
2620,285.18,18149,-2155.83,2026/01/29 22:57:17
2621,285.29,18147.5,-2155.01,2026/01/29 22:57:17
2622,285.4,18147.2,-2156.65,2026/01/29 22:57:17
2623,285.51,18149,-2153.29,2026/01/29 22:57:17
2624,285.62,18145.4,-2157.73,2026/01/29 22:57:17
2625,285.73,18150.5,-2153.63,2026/01/29 22:57:17
2626,285.84,18143.2,-2158.04,2026/01/29 22:57:17
2627,285.94,18149.5,-2154.84,2026/01/29 22:57:17
2628,286.05,18145.4,-2156.73,2026/01/29 22:57:18
2629,286.16,18148.2,-2155.93,2026/01/29 22:57:18
2630,286.27,18146.2,-2156.37,2026/01/29 22:57:18
2631,286.38,18145.7,-2156.43,2026/01/29 22:57:18
2632,286.49,18148.8,-2153.99,2026/01/29 22:57:18
2633,286.59,18143.5,-2158.65,2026/01/29 22:57:18
2634,286.7,18148.1,-2152.89,2026/01/29 22:57:18
2635,286.81,18144.4,-2158.67,2026/01/29 22:57:18
2636,286.92,18147.1,-2154.6,2026/01/29 22:57:18
2637,287.03,18145.2,-2157.59,2026/01/29 22:57:19
2638,287.14,18145.3,-2155.56,2026/01/29 22:57:19
2639,287.25,18146.8,-2156.55,2026/01/29 22:57:19
2640,287.36,18144.1,-2156.17,2026/01/29 22:57:19
2641,287.47,18147.2,-2156.34,2026/01/29 22:57:19
2642,287.57,18144.5,-2157.13,2026/01/29 22:57:19
2643,287.68,18146,-2155.51,2026/01/29 22:57:19
2644,287.79,18143.9,-2157.29,2026/01/29 22:57:19
2645,287.9,18145.1,-2155.56,2026/01/29 22:57:19
2646,288.01,18147.3,-2156.61,2026/01/29 22:57:20
2647,288.12,18142.1,-2156.69,2026/01/29 22:57:20
2648,288.23,18147.4,-2156.72,2026/01/29 22:57:20
2649,288.34,18142.2,-2156.68,2026/01/29 22:57:20
2650,288.45,18146.3,-2157.24,2026/01/29 22:57:20
2651,288.55,18143.5,-2155.3,2026/01/29 22:57:20
2652,288.66,18145.8,-2156.59,2026/01/29 22:57:20
2653,288.77,18142.6,-2156.08,2026/01/29 22:57:20
2654,288.88,18144.1,-2156.68,2026/01/29 22:57:20
2655,288.99,18144.3,-2155.79,2026/01/29 22:57:21
2656,289.1,18142.5,-2157.28,2026/01/29 22:57:21
2657,289.21,18146.4,-2153.99,2026/01/29 22:57:21
2658,289.32,18140.3,-2157.42,2026/01/29 22:57:21
2659,289.43,18146.5,-2155.94,2026/01/29 22:57:21
2660,289.53,18140.2,-2155.81,2026/01/29 22:57:21
2661,289.64,18145.9,-2156.94,2026/01/29 22:57:21
2662,289.75,18142.1,-2155.89,2026/01/29 22:57:21
2663,289.86,18143.9,-2156.9,2026/01/29 22:57:21
2664,289.97,18143,-2156.2,2026/01/29 22:57:22
2665,290.08,18142.6,-2157.58,2026/01/29 22:57:22
2666,290.19,18145.3,-2154.8,2026/01/29 22:57:22
2667,290.3,18139.9,-2157.88,2026/01/29 22:57:22
2668,290.41,18146.5,-2154.66,2026/01/29 22:57:22
2669,290.51,18140.1,-2156.84,2026/01/29 22:57:22
2670,290.62,18145.5,-2156.63,2026/01/29 22:57:22
2671,290.73,18141.5,-2155.82,2026/01/29 22:57:22
2672,290.84,18143.8,-2157.06,2026/01/29 22:57:22
2673,290.95,18142.4,-2155.24,2026/01/29 22:57:22
2674,291.06,18141.2,-2158.64,2026/01/29 22:57:23
2675,291.17,18146.4,-2154.43,2026/01/29 22:57:23
2676,291.27,18139.2,-2158.11,2026/01/29 22:57:23
2677,291.38,18145.9,-2155.77,2026/01/29 22:57:23
2678,291.49,18140.8,-2156.92,2026/01/29 22:57:23
2679,291.6,18144.1,-2156.61,2026/01/29 22:57:23
2680,291.71,18142.9,-2156.2,2026/01/29 22:57:23
2681,291.82,18143.5,-2157.45,2026/01/29 22:57:23
2682,291.93,18144.6,-2154.67,2026/01/29 22:57:23
2683,292.04,18141.4,-2157.95,2026/01/29 22:57:24
2684,292.15,18145.4,-2154.19,2026/01/29 22:57:24
2685,292.26,18138.5,-2158.73,2026/01/29 22:57:24
2686,292.36,18145.3,-2154.25,2026/01/29 22:57:24
2687,292.47,18139.8,-2157.96,2026/01/29 22:57:24
2688,292.58,18144.1,-2156.5,2026/01/29 22:57:24
2689,292.69,18141.4,-2156.28,2026/01/29 22:57:24
2690,292.8,18141.3,-2157.96,2026/01/29 22:57:24
2691,292.91,18144,-2155.23,2026/01/29 22:57:24
2692,293.02,18139.2,-2158.78,2026/01/29 22:57:25
2693,293.13,18145.9,-2154.08,2026/01/29 22:57:25
2694,293.23,18139.1,-2158.71,2026/01/29 22:57:25
2695,293.34,18144.3,-2156.11,2026/01/29 22:57:25
2696,293.45,18141.2,-2156.88,2026/01/29 22:57:25
2697,293.56,18142.8,-2156.9,2026/01/29 22:57:25
2698,293.67,18141.2,-2156.07,2026/01/29 22:57:25
2699,293.78,18140.6,-2157.92,2026/01/29 22:57:25
2700,293.89,18143.3,-2155.12,2026/01/29 22:57:25
2701,294,18138.3,-2158.51,2026/01/29 22:57:26
2702,294.11,18145.6,-2154.48,2026/01/29 22:57:26
2703,294.21,18137.7,-2158.13,2026/01/29 22:57:26
2704,294.32,18143.1,-2156.1,2026/01/29 22:57:26
2705,294.43,18140,-2156.99,2026/01/29 22:57:26
2706,294.54,18142.2,-2156.68,2026/01/29 22:57:26
2707,294.65,18140.9,-2156.19,2026/01/29 22:57:26
2708,294.76,18140.1,-2158.55,2026/01/29 22:57:26
2709,294.87,18142.9,-2154.37,2026/01/29 22:57:26
2710,294.98,18139,-2158.71,2026/01/29 22:57:27
2711,295.09,18146.2,-2155,2026/01/29 22:57:27
2712,295.19,18138.7,-2157.36,2026/01/29 22:57:27
2713,295.3,18145,-2156.44,2026/01/29 22:57:27
2714,295.41,18139.2,-2156.82,2026/01/29 22:57:27
2715,295.52,18143.7,-2156.91,2026/01/29 22:57:27
2716,295.63,18140.9,-2155.75,2026/01/29 22:57:27
2717,295.74,18141.7,-2157.02,2026/01/29 22:57:27
2718,295.85,18143.6,-2153.93,2026/01/29 22:57:27
2719,295.96,18139.6,-2158.41,2026/01/29 22:57:28
2720,296.07,18145.3,-2155.28,2026/01/29 22:57:28
2721,296.18,18140.3,-2156.74,2026/01/29 22:57:28
2722,296.28,18145.3,-2156.51,2026/01/29 22:57:28
2723,296.39,18141.3,-2156.55,2026/01/29 22:57:28
2724,296.5,18143.4,-2156.77,2026/01/29 22:57:28
2725,296.61,18143.4,-2156.09,2026/01/29 22:57:28
2726,296.72,18140.4,-2157.77,2026/01/29 22:57:28
2727,296.83,18145.6,-2155.56,2026/01/29 22:57:28
2728,296.94,18140.6,-2157.21,2026/01/29 22:57:28
2729,297.05,18144.6,-2156.87,2026/01/29 22:57:29
2730,297.15,18142.2,-2157.07,2026/01/29 22:57:29
2731,297.26,18143.6,-2156.66,2026/01/29 22:57:29
2732,297.37,18141.9,-2157.62,2026/01/29 22:57:29
2733,297.48,18143.2,-2155.88,2026/01/29 22:57:29
2734,297.59,18142.4,-2158.1,2026/01/29 22:57:29
2735,297.7,18142.1,-2156.51,2026/01/29 22:57:29
2736,297.81,18143.7,-2157.83,2026/01/29 22:57:29
2737,297.92,18140.9,-2155.71,2026/01/29 22:57:29
2738,298.03,18144.3,-2156.65,2026/01/29 22:57:30
2739,298.14,18141.2,-2157.39,2026/01/29 22:57:30
2740,298.24,18145,-2154.32,2026/01/29 22:57:30
2741,298.35,18140.4,-2159.5,2026/01/29 22:57:30
2742,298.46,18144.8,-2155.63,2026/01/29 22:57:30
2743,298.57,18141.5,-2157.57,2026/01/29 22:57:30
2744,298.68,18143.5,-2155.84,2026/01/29 22:57:30
2745,298.79,18142.3,-2156.37,2026/01/29 22:57:30
2746,298.9,18140.6,-2158.44,2026/01/29 22:57:30
2747,299.01,18146.7,-2154.46,2026/01/29 22:57:31
2748,299.11,18139.5,-2156.79,2026/01/29 22:57:31
2749,299.22,18145,-2156.62,2026/01/29 22:57:31
2750,299.33,18140.5,-2155.93,2026/01/29 22:57:31
2751,299.44,18143.4,-2156.89,2026/01/29 22:57:31
2752,299.55,18142.2,-2155.54,2026/01/29 22:57:31
2753,299.66,18140.7,-2157.1,2026/01/29 22:57:31
2754,299.77,18144.9,-2155.61,2026/01/29 22:57:31
2755,299.88,18140.2,-2156.11,2026/01/29 22:57:31
2756,299.98,18144.7,-2156.53,2026/01/29 22:57:32
2757,300.09,18142.1,-2156.43,2026/01/29 22:57:32
2758,300.2,18144.6,-2155.57,2026/01/29 22:57:32
2759,300.31,18142.3,-2158.07,2026/01/29 22:57:32
2760,300.42,18145.4,-2154.19,2026/01/29 22:57:32
2761,300.53,18142.9,-2157.83,2026/01/29 22:57:32
2762,300.64,18143.2,-2156.31,2026/01/29 22:57:32
2763,300.75,18143.2,-2157.23,2026/01/29 22:57:32
2764,300.86,18142,-2156.6,2026/01/29 22:57:32
2765,300.97,18144.9,-2155.26,2026/01/29 22:57:33
2766,301.07,18140.1,-2159.08,2026/01/29 22:57:33
2767,301.18,18147.1,-2154.63,2026/01/29 22:57:33
2768,301.29,18139.6,-2157.78,2026/01/29 22:57:33
2769,301.4,18145.8,-2156.61,2026/01/29 22:57:33
2770,301.51,18141.3,-2156.13,2026/01/29 22:57:33
2771,301.62,18143.2,-2156.51,2026/01/29 22:57:33
2772,301.73,18143.5,-2156.74,2026/01/29 22:57:33
2773,301.84,18141,-2157.03,2026/01/29 22:57:33
2774,301.95,18145.7,-2155.27,2026/01/29 22:57:33
2775,302.06,18140.6,-2157.42,2026/01/29 22:57:34
2776,302.16,18144.2,-2157.13,2026/01/29 22:57:34
2777,302.27,18141.9,-2158.4,2026/01/29 22:57:34
2778,302.38,18143.9,-2155.07,2026/01/29 22:57:34
2779,302.49,18142.1,-2157.96,2026/01/29 22:57:34
2780,302.6,18144.2,-2155.45,2026/01/29 22:57:34
2781,302.71,18141.3,-2157.7,2026/01/29 22:57:34
2782,302.82,18144.1,-2157.16,2026/01/29 22:57:34
2783,302.93,18144,-2155.65,2026/01/29 22:57:34
2784,303.03,18140.4,-2158.45,2026/01/29 22:57:35
2785,303.14,18146,-2155.19,2026/01/29 22:57:35
2786,303.25,18139,-2157.74,2026/01/29 22:57:35
2787,303.36,18145.1,-2157.77,2026/01/29 22:57:35
2788,303.47,18140.3,-2156.46,2026/01/29 22:57:35
2789,303.58,18142,-2156.77,2026/01/29 22:57:35
2790,303.69,18142.2,-2157.23,2026/01/29 22:57:35
2791,303.8,18140.3,-2156.61,2026/01/29 22:57:35
2792,303.91,18143.3,-2157.5,2026/01/29 22:57:35
2793,304.01,18140.9,-2156.77,2026/01/29 22:57:36
2794,304.12,18144.3,-2154.61,2026/01/29 22:57:36
2795,304.23,18139.2,-2159.17,2026/01/29 22:57:36
2796,304.34,18145.2,-2154.47,2026/01/29 22:57:36
2797,304.45,18139.5,-2158.06,2026/01/29 22:57:36
2798,304.56,18144.5,-2156.99,2026/01/29 22:57:36
2799,304.67,18141.5,-2156.53,2026/01/29 22:57:36
2800,304.78,18142.2,-2157.08,2026/01/29 22:57:36
2801,304.89,18142.6,-2156.09,2026/01/29 22:57:36
2802,305,18139.6,-2158.24,2026/01/29 22:57:37
2803,305.1,18144.5,-2157.43,2026/01/29 22:57:37
2804,305.21,18141.2,-2156.98,2026/01/29 22:57:37
2805,305.32,18143.5,-2156.48,2026/01/29 22:57:37
2806,305.43,18140,-2158.95,2026/01/29 22:57:37
2807,305.54,18144,-2153.98,2026/01/29 22:57:37
2808,305.65,18139.8,-2157.14,2026/01/29 22:57:37
2809,305.76,18143.3,-2156.41,2026/01/29 22:57:37
2810,305.87,18141.3,-2156.61,2026/01/29 22:57:37
2811,305.97,18142.3,-2158.41,2026/01/29 22:57:38
2812,306.08,18144.5,-2153.95,2026/01/29 22:57:38
2813,306.19,18140.3,-2158.64,2026/01/29 22:57:38
2814,306.3,18144.6,-2156,2026/01/29 22:57:38
2815,306.41,18141.1,-2155.94,2026/01/29 22:57:38
2816,306.52,18142.9,-2155.82,2026/01/29 22:57:38
2817,306.63,18141.2,-2158.48,2026/01/29 22:57:38
2818,306.74,18144.4,-2154.03,2026/01/29 22:57:38
2819,306.85,18140.2,-2158.15,2026/01/29 22:57:38
2820,306.96,18143.4,-2155.77,2026/01/29 22:57:39
2821,307.06,18141.8,-2157.01,2026/01/29 22:57:39
2822,307.17,18144.3,-2157.48,2026/01/29 22:57:39
2823,307.28,18145.4,-2154.84,2026/01/29 22:57:39
2824,307.39,18139.7,-2157.9,2026/01/29 22:57:39
2825,307.5,18145.3,-2156.57,2026/01/29 22:57:39
2826,307.61,18141.4,-2156.58,2026/01/29 22:57:39
2827,307.72,18143.5,-2156.99,2026/01/29 22:57:39
2828,307.83,18142,-2158.36,2026/01/29 22:57:39
2829,307.94,18143.5,-2155.75,2026/01/29 22:57:39
2830,308.04,18142,-2159.16,2026/01/29 22:57:40
2831,308.15,18125,-2156.44,2026/01/29 22:57:40
2832,308.26,18068.1,-2154.47,2026/01/29 22:57:40
2833,308.37,18020.2,-2154.53,2026/01/29 22:57:40
2834,308.48,18013.1,-2150.96,2026/01/29 22:57:40
2835,308.59,18026.3,-2151.03,2026/01/29 22:57:40
2836,308.7,18152.7,-2151.8,2026/01/29 22:57:40
2837,308.81,18191.4,-2152.95,2026/01/29 22:57:40
2838,308.91,18149.7,-2149.45,2026/01/29 22:57:40
2839,309.02,18063.2,-2147.78,2026/01/29 22:57:41
2840,309.13,18009,-2154.01,2026/01/29 22:57:41
2841,309.24,17990.6,-2150.02,2026/01/29 22:57:41
2842,309.35,18077.9,-2152.02,2026/01/29 22:57:41
2843,309.46,18200.2,-2151,2026/01/29 22:57:41
2844,309.57,18188,-2153.28,2026/01/29 22:57:41
2845,309.68,18096.7,-2147.66,2026/01/29 22:57:41
2846,309.78,18011.2,-2150,2026/01/29 22:57:41
2847,309.89,17987.6,-2153.86,2026/01/29 22:57:41
2848,310,18043.8,-2149.28,2026/01/29 22:57:42
2849,310.11,18177.7,-2154.32,2026/01/29 22:57:42
2850,310.22,18196.7,-2151.13,2026/01/29 22:57:42
2851,310.33,18109.2,-2148.84,2026/01/29 22:57:42
2852,310.44,18019.5,-2146.68,2026/01/29 22:57:42
2853,310.55,17957.6,-2145.67,2026/01/29 22:57:42
2854,310.65,17988.4,-2158.88,2026/01/29 22:57:42
2855,310.76,18133.4,-2155.44,2026/01/29 22:57:42
2856,310.87,18211.9,-2152.68,2026/01/29 22:57:42
2857,310.98,18149,-2150.15,2026/01/29 22:57:43
2858,311.09,18042.7,-2145.63,2026/01/29 22:57:43
2859,311.2,17994.7,-2152.61,2026/01/29 22:57:43
2860,311.31,17965,-2154.28,2026/01/29 22:57:43
2861,311.42,18015.2,-2151.49,2026/01/29 22:57:43
2862,311.53,18158.1,-2154.45,2026/01/29 22:57:43
2863,311.64,18254.7,-2159.25,2026/01/29 22:57:43
2864,311.74,18184.4,-2152.32,2026/01/29 22:57:43
2865,311.85,18058.4,-2144.41,2026/01/29 22:57:43
2866,311.96,18000.4,-2153.06,2026/01/29 22:57:44
2867,312.07,18003.5,-2151.36,2026/01/29 22:57:44
2868,312.18,18123,-2151.55,2026/01/29 22:57:44
2869,312.29,18187.2,-2154.1,2026/01/29 22:57:44
2870,312.4,18143.7,-2147.87,2026/01/29 22:57:44
2871,312.51,18041.7,-2147.68,2026/01/29 22:57:44
2872,312.62,18007,-2147.03,2026/01/29 22:57:44
2873,312.73,18007.9,-2152.24,2026/01/29 22:57:44
2874,312.83,18136.2,-2152.27,2026/01/29 22:57:44
2875,312.94,18177.4,-2152.19,2026/01/29 22:57:44
2876,313.05,18121.5,-2148.17,2026/01/29 22:57:45
2877,313.16,18023.9,-2147.38,2026/01/29 22:57:45
2878,313.27,17962.4,-2147.09,2026/01/29 22:57:45
2879,313.38,17981.2,-2162.54,2026/01/29 22:57:45
2880,313.49,18093.7,-2152.35,2026/01/29 22:57:45
2881,313.6,18149.5,-2150.83,2026/01/29 22:57:45
2882,313.71,18112.7,-2149.31,2026/01/29 22:57:45
2883,313.82,18026.2,-2145.15,2026/01/29 22:57:45
2884,313.92,17993.3,-2154.75,2026/01/29 22:57:45
2885,314.03,17995.1,-2152.98,2026/01/29 22:57:46
2886,314.14,18132,-2151.66,2026/01/29 22:57:46
2887,314.25,18170.2,-2152.47,2026/01/29 22:57:46
2888,314.36,18101,-2146.26,2026/01/29 22:57:46
2889,314.47,18010.8,-2148.27,2026/01/29 22:57:46
2890,314.58,17993.3,-2150.54,2026/01/29 22:57:46
2891,314.69,18034,-2151.31,2026/01/29 22:57:46
2892,314.8,18153.1,-2153.17,2026/01/29 22:57:46
2893,314.91,18159.1,-2151.55,2026/01/29 22:57:46
2894,315.01,18078.9,-2144.72,2026/01/29 22:57:47
2895,315.12,17996.3,-2152.7,2026/01/29 22:57:47
2896,315.23,17942.9,-2139.44,2026/01/29 22:57:47
2897,315.34,17965.9,-2161.8,2026/01/29 22:57:47
2898,315.45,18121.1,-2153.96,2026/01/29 22:57:47
2899,315.56,18258.6,-2160.98,2026/01/29 22:57:47
2900,315.67,18270.3,-2164.07,2026/01/29 22:57:47
2901,315.78,18164.3,-2151.03,2026/01/29 22:57:47
2902,315.89,18014.3,-2149.23,2026/01/29 22:57:47
2903,316,17991.2,-2149.63,2026/01/29 22:57:48
2904,316.1,18055.9,-2153.08,2026/01/29 22:57:48
2905,316.21,18216.7,-2158.07,2026/01/29 22:57:48
2906,316.32,18286.3,-2167.89,2026/01/29 22:57:48
2907,316.43,18252.7,-2155.77,2026/01/29 22:57:48
2908,316.54,18110,-2149.62,2026/01/29 22:57:48
2909,316.65,18013.9,-2148.94,2026/01/29 22:57:48
2910,316.76,17995.4,-2149.21,2026/01/29 22:57:48
2911,316.87,18105.9,-2153.99,2026/01/29 22:57:48
2912,316.98,18260.9,-2160.48,2026/01/29 22:57:49
2913,317.09,18262,-2161.88,2026/01/29 22:57:49
2914,317.2,18137.4,-2148.29,2026/01/29 22:57:49
2915,317.3,18014.4,-2148.29,2026/01/29 22:57:49
2916,317.41,18007.5,-2149.07,2026/01/29 22:57:49
2917,317.52,18130.9,-2151.66,2026/01/29 22:57:49
2918,317.63,18232.1,-2155.11,2026/01/29 22:57:49
2919,317.74,18203.1,-2156.67,2026/01/29 22:57:49
2920,317.85,18094.1,-2144.52,2026/01/29 22:57:49
2921,317.96,18011.6,-2149.37,2026/01/29 22:57:50
2922,318.07,18020.5,-2149.59,2026/01/29 22:57:50
2923,318.18,18142.4,-2152.88,2026/01/29 22:57:50
2924,318.29,18224.2,-2155.92,2026/01/29 22:57:50
2925,318.39,18192.7,-2149.95,2026/01/29 22:57:50
2926,318.5,18068,-2146.46,2026/01/29 22:57:50
2927,318.61,17998.6,-2150.8,2026/01/29 22:57:50
2928,318.72,17986.1,-2149.11,2026/01/29 22:57:50
2929,318.83,18065.2,-2153.38,2026/01/29 22:57:50
2930,318.94,18235.8,-2157.48,2026/01/29 22:57:50
2931,319.05,18209.2,-2150.51,2026/01/29 22:57:51
2932,319.16,18077.3,-2146.48,2026/01/29 22:57:51
2933,319.27,18002,-2146.26,2026/01/29 22:57:51
2934,319.38,18011.1,-2151.29,2026/01/29 22:57:51
2935,319.49,18193,-2157.77,2026/01/29 22:57:51
2936,319.59,18265,-2159.71,2026/01/29 22:57:51
2937,319.7,18215.5,-2155.38,2026/01/29 22:57:51
2938,319.81,18110.4,-2144.57,2026/01/29 22:57:51
2939,319.92,18024.2,-2148.31,2026/01/29 22:57:51
2940,320.03,18062.7,-2150.38,2026/01/29 22:57:52
2941,320.14,18170.8,-2155.37,2026/01/29 22:57:52
2942,320.25,18256.7,-2157.55,2026/01/29 22:57:52
2943,320.36,18218.7,-2153.63,2026/01/29 22:57:52
2944,320.47,18114.2,-2145.83,2026/01/29 22:57:52
2945,320.57,18011.9,-2148.15,2026/01/29 22:57:52
2946,320.68,17997.4,-2147.37,2026/01/29 22:57:52
2947,320.79,18139.2,-2151.96,2026/01/29 22:57:52
2948,320.9,18219.5,-2156.08,2026/01/29 22:57:52
2949,321.01,18189.5,-2148.83,2026/01/29 22:57:53
2950,321.12,18069.7,-2146.74,2026/01/29 22:57:53
2951,321.23,17995.6,-2151.02,2026/01/29 22:57:53
2952,321.34,17973,-2148.52,2026/01/29 22:57:53
2953,321.45,18146.5,-2152.11,2026/01/29 22:57:53
2954,321.56,18185.9,-2152.29,2026/01/29 22:57:53
2955,321.66,18123.1,-2146.63,2026/01/29 22:57:53
2956,321.77,18030.8,-2145.2,2026/01/29 22:57:53
2957,321.88,17993.5,-2146.62,2026/01/29 22:57:53
2958,321.99,18061.9,-2151.91,2026/01/29 22:57:54
2959,322.1,18198.9,-2155.62,2026/01/29 22:57:54
2960,322.21,18218,-2151.96,2026/01/29 22:57:54
2961,322.32,18146.8,-2152.7,2026/01/29 22:57:54
2962,322.43,18040.2,-2144.01,2026/01/29 22:57:54
2963,322.54,17996.5,-2147.81,2026/01/29 22:57:54
2964,322.64,18100.9,-2152.96,2026/01/29 22:57:54
2965,322.75,18225.3,-2153.59,2026/01/29 22:57:54
2966,322.86,18208.8,-2155.16,2026/01/29 22:57:54
2967,322.97,18114.8,-2147.04,2026/01/29 22:57:55
2968,323.08,18015.3,-2147.09,2026/01/29 22:57:55
2969,323.19,18000.6,-2149.25,2026/01/29 22:57:55
2970,323.3,18151.8,-2154.35,2026/01/29 22:57:55
2971,323.41,18215.9,-2152.14,2026/01/29 22:57:55
2972,323.51,18190.2,-2152.9,2026/01/29 22:57:55
2973,323.62,18088.1,-2144.15,2026/01/29 22:57:55
2974,323.73,17995.8,-2149.09,2026/01/29 22:57:55
2975,323.84,17965.3,-2146.49,2026/01/29 22:57:55
2976,323.95,18057.5,-2149.34,2026/01/29 22:57:55
2977,324.06,18211.6,-2155.2,2026/01/29 22:57:56
2978,324.17,18201.9,-2150.15,2026/01/29 22:57:56
2979,324.28,18089.8,-2144.34,2026/01/29 22:57:56
2980,324.38,17993,-2148.61,2026/01/29 22:57:56
2981,324.49,17959,-2144.76,2026/01/29 22:57:56
2982,324.6,18075.5,-2150.39,2026/01/29 22:57:56
2983,324.71,18186.1,-2152.43,2026/01/29 22:57:56
2984,324.82,18179,-2151.81,2026/01/29 22:57:56
2985,324.93,18132.5,-2149.58,2026/01/29 22:57:56
2986,325.04,18025.3,-2145.1,2026/01/29 22:57:57
2987,325.15,17997.3,-2145.79,2026/01/29 22:57:57
2988,325.26,18022.9,-2153.89,2026/01/29 22:57:57
2989,325.37,18182.1,-2151.51,2026/01/29 22:57:57
2990,325.47,18182.4,-2152.24,2026/01/29 22:57:57
2991,325.58,18126.6,-2148.16,2026/01/29 22:57:57
2992,325.69,18008.5,-2145.55,2026/01/29 22:57:57
2993,325.8,17950,-2147.63,2026/01/29 22:57:57
2994,325.91,17952.1,-2150.06,2026/01/29 22:57:57
2995,326.02,18123.7,-2153.17,2026/01/29 22:57:58
2996,326.13,18210.4,-2154.6,2026/01/29 22:57:58
2997,326.24,18163.4,-2150.16,2026/01/29 22:57:58
2998,326.35,18048.1,-2143.88,2026/01/29 22:57:58
2999,326.46,17974.4,-2148.43,2026/01/29 22:57:58
3000,326.56,17970.1,-2146.57,2026/01/29 22:57:58
3001,326.67,18090.5,-2153.49,2026/01/29 22:57:58
3002,326.78,18207.6,-2152.88,2026/01/29 22:57:58
3003,326.89,18196.1,-2152.74,2026/01/29 22:57:58
3004,327,18103,-2147.76,2026/01/29 22:57:59
3005,327.11,18002.4,-2144.57,2026/01/29 22:57:59
3006,327.22,17970.6,-2146.61,2026/01/29 22:57:59
3007,327.33,18072.3,-2151.04,2026/01/29 22:57:59
3008,327.44,18180.7,-2151.77,2026/01/29 22:57:59
3009,327.54,18180.1,-2152.92,2026/01/29 22:57:59
3010,327.65,18120.9,-2150.1,2026/01/29 22:57:59
3011,327.76,18009.3,-2143.98,2026/01/29 22:57:59
3012,327.87,17968.6,-2146.29,2026/01/29 22:57:59
3013,327.98,18036.5,-2150.07,2026/01/29 22:58:00
3014,328.09,18175.5,-2152.89,2026/01/29 22:58:00
3015,328.2,18180.3,-2153.72,2026/01/29 22:58:00
3016,328.31,18122.7,-2147.41,2026/01/29 22:58:00
3017,328.42,18011,-2147.06,2026/01/29 22:58:00
3018,328.53,17959.5,-2143.86,2026/01/29 22:58:00
3019,328.64,17946,-2149.01,2026/01/29 22:58:00
3020,328.74,18112.5,-2152.57,2026/01/29 22:58:00
3021,328.85,18182.3,-2152.61,2026/01/29 22:58:00
3022,328.96,18168.6,-2150.65,2026/01/29 22:58:01
3023,329.07,18056.6,-2146.49,2026/01/29 22:58:01
3024,329.18,17969.7,-2142.43,2026/01/29 22:58:01
3025,329.29,17984.6,-2151.16,2026/01/29 22:58:01
3026,329.4,18117.8,-2152.03,2026/01/29 22:58:01
3027,329.51,18189.8,-2154.25,2026/01/29 22:58:01
3028,329.62,18180.9,-2152.52,2026/01/29 22:58:01
3029,329.73,18078.7,-2144.74,2026/01/29 22:58:01
3030,329.83,17990.6,-2149.2,2026/01/29 22:58:01
3031,329.94,17998.2,-2147.17,2026/01/29 22:58:01
3032,330.05,18131.1,-2154.86,2026/01/29 22:58:02
3033,330.16,18191.5,-2153.84,2026/01/29 22:58:02
3034,330.27,18181,-2152.24,2026/01/29 22:58:02
3035,330.38,18087,-2146.01,2026/01/29 22:58:02
3036,330.49,17976.3,-2144.68,2026/01/29 22:58:02
3037,330.6,17947.8,-2142.35,2026/01/29 22:58:02
3038,330.71,18029.8,-2150.41,2026/01/29 22:58:02
3039,330.82,18151.2,-2150.05,2026/01/29 22:58:02
3040,330.92,18158.2,-2147.86,2026/01/29 22:58:02
3041,331.03,18070,-2148.32,2026/01/29 22:58:03
3042,331.14,17978.6,-2138.49,2026/01/29 22:58:03
3043,331.25,17822.7,-2108.7,2026/01/29 22:58:03
3044,331.36,17885,-2140.21,2026/01/29 22:58:03
3045,331.47,18032.7,-2156.86,2026/01/29 22:58:03
3046,331.58,18204.5,-2157.05,2026/01/29 22:58:03
3047,331.69,18213.5,-2156.51,2026/01/29 22:58:03
3048,331.8,18074.2,-2150.09,2026/01/29 22:58:03
3049,331.9,17989.9,-2147.7,2026/01/29 22:58:03
3050,332.01,17988.4,-2149.27,2026/01/29 22:58:04
3051,332.12,18148.3,-2157.3,2026/01/29 22:58:04
3052,332.23,18236.6,-2163.41,2026/01/29 22:58:04
3053,332.34,18196.7,-2153.54,2026/01/29 22:58:04
3054,332.45,18018.8,-2147.75,2026/01/29 22:58:04
3055,332.56,17959.9,-2143.5,2026/01/29 22:58:04
3056,332.67,18002.3,-2151.69,2026/01/29 22:58:04
3057,332.78,18193.8,-2159.09,2026/01/29 22:58:04
3058,332.89,18225.2,-2159.37,2026/01/29 22:58:04
3059,332.99,18150.9,-2154.63,2026/01/29 22:58:05
3060,333.1,18007.8,-2143.91,2026/01/29 22:58:05
3061,333.21,17941.2,-2144.16,2026/01/29 22:58:05
3062,333.32,17985.3,-2153.28,2026/01/29 22:58:05
3063,333.43,18171.3,-2157.12,2026/01/29 22:58:05
3064,333.54,18242.6,-2162.34,2026/01/29 22:58:05
3065,333.65,18207.9,-2159.2,2026/01/29 22:58:05
3066,333.76,18058.3,-2148.05,2026/01/29 22:58:05
3067,333.86,17966.2,-2144.33,2026/01/29 22:58:05
3068,333.97,17975.5,-2150.32,2026/01/29 22:58:06
3069,334.08,18148.4,-2156.88,2026/01/29 22:58:06
3070,334.19,18235.1,-2162.9,2026/01/29 22:58:06
3071,334.3,18210.9,-2155.51,2026/01/29 22:58:06
3072,334.41,18069,-2150.89,2026/01/29 22:58:06
3073,334.52,17966.9,-2142.89,2026/01/29 22:58:06
3074,334.63,17952.9,-2146.41,2026/01/29 22:58:06
3075,334.74,18141.4,-2156.69,2026/01/29 22:58:06
3076,334.85,18235.3,-2160.02,2026/01/29 22:58:06
3077,334.95,18221.8,-2162.03,2026/01/29 22:58:07
3078,335.06,18143.1,-2152.91,2026/01/29 22:58:07
3079,335.17,17999.5,-2146.18,2026/01/29 22:58:07
3080,335.28,17976.2,-2145.64,2026/01/29 22:58:07
3081,335.39,18054.1,-2155.16,2026/01/29 22:58:07
3082,335.5,18229.9,-2158.46,2026/01/29 22:58:07
3083,335.61,18246.5,-2165.49,2026/01/29 22:58:07
3084,335.72,18224,-2159.18,2026/01/29 22:58:07
3085,335.83,18094.3,-2152.24,2026/01/29 22:58:07
3086,335.93,17967.4,-2144.07,2026/01/29 22:58:07
3087,336.04,17943.8,-2145.06,2026/01/29 22:58:08
3088,336.15,18109.1,-2155.68,2026/01/29 22:58:08
3089,336.26,18236.3,-2158.94,2026/01/29 22:58:08
3090,336.37,18237.1,-2163.65,2026/01/29 22:58:08
3091,336.48,18198.1,-2157.95,2026/01/29 22:58:08
3092,336.59,18047.6,-2148.11,2026/01/29 22:58:08
3093,336.7,17949.8,-2141.22,2026/01/29 22:58:08
3094,336.81,17981.3,-2150.01,2026/01/29 22:58:08
3095,336.92,18144.7,-2154.59,2026/01/29 22:58:08
3096,337.03,18222.6,-2161.79,2026/01/29 22:58:09
3097,337.14,18215.8,-2157.48,2026/01/29 22:58:09
3098,337.24,18084.9,-2151.44,2026/01/29 22:58:09
3099,337.35,17981.8,-2143.48,2026/01/29 22:58:09
3100,337.46,17965,-2145.24,2026/01/29 22:58:09
3101,337.57,18102.6,-2155.53,2026/01/29 22:58:09
3102,337.68,18201.9,-2155.77,2026/01/29 22:58:09
3103,337.79,18208.1,-2161.69,2026/01/29 22:58:09
3104,337.9,18154.5,-2152.98,2026/01/29 22:58:09
3105,338.01,18006.9,-2146.65,2026/01/29 22:58:10
3106,338.12,17986.9,-2146.55,2026/01/29 22:58:10
3107,338.22,18119.8,-2156.03,2026/01/29 22:58:10
3108,338.33,18246.1,-2163.13,2026/01/29 22:58:10
3109,338.44,18256.6,-2165.58,2026/01/29 22:58:10
3110,338.55,18209.3,-2160.1,2026/01/29 22:58:10
3111,338.66,18061.7,-2149.81,2026/01/29 22:58:10
3112,338.77,17982.4,-2147.81,2026/01/29 22:58:10
3113,338.88,18025,-2150.95,2026/01/29 22:58:10
3114,338.98,18187.2,-2160.43,2026/01/29 22:58:11
3115,339.09,18232.2,-2159.54,2026/01/29 22:58:11
3116,339.2,18205.8,-2158.1,2026/01/29 22:58:11
3117,339.31,18075.9,-2151.18,2026/01/29 22:58:11
3118,339.42,17971.9,-2142.33,2026/01/29 22:58:11
3119,339.53,17959.9,-2148.22,2026/01/29 22:58:11
3120,339.64,18136,-2155.51,2026/01/29 22:58:11
3121,339.75,18238.7,-2161.6,2026/01/29 22:58:11
3122,339.86,18242.3,-2162.86,2026/01/29 22:58:11
3123,339.97,18179.2,-2157.6,2026/01/29 22:58:12
3124,340.08,18037.6,-2148.04,2026/01/29 22:58:12
3125,340.18,17993.7,-2148.07,2026/01/29 22:58:12
3126,340.29,18096.2,-2154.34,2026/01/29 22:58:12
3127,340.4,18243.3,-2162.37,2026/01/29 22:58:12
3128,340.51,18251.3,-2163.66,2026/01/29 22:58:12
3129,340.62,18204,-2157.97,2026/01/29 22:58:12
3130,340.73,18068.4,-2153,2026/01/29 22:58:12
3131,340.84,18010,-2146.9,2026/01/29 22:58:12
3132,340.95,18095.1,-2155.97,2026/01/29 22:58:12
3133,341.05,18230.6,-2161.34,2026/01/29 22:58:13
3134,341.16,18232.9,-2160.48,2026/01/29 22:58:13
3135,341.27,18218.3,-2158.79,2026/01/29 22:58:13
3136,341.38,18126.5,-2151.92,2026/01/29 22:58:13
3137,341.49,18004.9,-2149.77,2026/01/29 22:58:13
3138,341.6,18006.7,-2150.97,2026/01/29 22:58:13
3139,341.71,18158.9,-2158.86,2026/01/29 22:58:13
3140,341.82,18251.3,-2159.78,2026/01/29 22:58:13
3141,341.92,18236.9,-2161.92,2026/01/29 22:58:13
3142,342.03,18154.9,-2151.13,2026/01/29 22:58:14
3143,342.14,18004.8,-2148.96,2026/01/29 22:58:14
3144,342.25,17997,-2149.16,2026/01/29 22:58:14
3145,342.36,18165.4,-2158.67,2026/01/29 22:58:14
3146,342.47,18244.6,-2161.13,2026/01/29 22:58:14
3147,342.58,18239.5,-2159.32,2026/01/29 22:58:14
3148,342.69,18185.8,-2157.82,2026/01/29 22:58:14
3149,342.8,18054.6,-2150.32,2026/01/29 22:58:14
3150,342.9,18014.8,-2150.73,2026/01/29 22:58:14
3151,343.01,18166.3,-2159.18,2026/01/29 22:58:15
3152,343.12,18229.7,-2160.21,2026/01/29 22:58:15
3153,343.23,18226.5,-2159.27,2026/01/29 22:58:15
3154,343.34,18183.7,-2156.68,2026/01/29 22:58:15
3155,343.45,18035.5,-2148.59,2026/01/29 22:58:15
3156,343.56,17996.4,-2147.26,2026/01/29 22:58:15
3157,343.67,18130.6,-2157.85,2026/01/29 22:58:15
3158,343.78,18251.5,-2160.11,2026/01/29 22:58:15
3159,343.88,18247,-2163.62,2026/01/29 22:58:15
3160,343.99,18194.7,-2154.46,2026/01/29 22:58:16
3161,344.1,18043.8,-2147.51,2026/01/29 22:58:16
3162,344.21,17998.7,-2146.99,2026/01/29 22:58:16
3163,344.32,18099.3,-2156.09,2026/01/29 22:58:16
3164,344.43,18244.2,-2161.28,2026/01/29 22:58:16
3165,344.54,18259.3,-2162.86,2026/01/29 22:58:16
3166,344.65,18238.5,-2160.73,2026/01/29 22:58:16
3167,344.76,18124,-2151.81,2026/01/29 22:58:16
3168,344.87,18013.7,-2148.72,2026/01/29 22:58:16
3169,344.98,18067.7,-2156.02,2026/01/29 22:58:17
3170,345.09,18229.1,-2162.91,2026/01/29 22:58:17
3171,345.19,18276.6,-2161.24,2026/01/29 22:58:17
3172,345.3,18261.2,-2166.37,2026/01/29 22:58:17
3173,345.41,18203.3,-2155.53,2026/01/29 22:58:17
3174,345.52,18033.3,-2148.27,2026/01/29 22:58:17
3175,345.63,18008.3,-2148.65,2026/01/29 22:58:17
3176,345.74,18160.9,-2158.39,2026/01/29 22:58:17
3177,345.85,18263.1,-2162.99,2026/01/29 22:58:17
3178,345.96,18260.3,-2160.84,2026/01/29 22:58:18
3179,346.07,18177.5,-2154.97,2026/01/29 22:58:18
3180,346.17,18024.7,-2146.24,2026/01/29 22:58:18
3181,346.28,17994.9,-2148.65,2026/01/29 22:58:18
3182,346.39,18173.5,-2157.7,2026/01/29 22:58:18
3183,346.5,18267.7,-2165.18,2026/01/29 22:58:18
3184,346.61,18264.3,-2160.79,2026/01/29 22:58:18
3185,346.72,18202.5,-2159.1,2026/01/29 22:58:18
3186,346.83,18048.5,-2148.18,2026/01/29 22:58:18
3187,346.94,18004.5,-2148.39,2026/01/29 22:58:18
3188,347.05,18161.1,-2160.26,2026/01/29 22:58:19
3189,347.15,18267.1,-2161.11,2026/01/29 22:58:19
3190,347.26,18264.1,-2165.08,2026/01/29 22:58:19
3191,347.37,18219.2,-2157.21,2026/01/29 22:58:19
3192,347.48,18032,-2146.09,2026/01/29 22:58:19
3193,347.59,17998.3,-2147.42,2026/01/29 22:58:19
3194,347.7,18128.8,-2157.83,2026/01/29 22:58:19
3195,347.81,18245.3,-2158.96,2026/01/29 22:58:19
3196,347.92,18249,-2162.62,2026/01/29 22:58:19
3197,348.03,18231,-2159.45,2026/01/29 22:58:20
3198,348.13,18113.9,-2150.54,2026/01/29 22:58:20
3199,348.24,18004.7,-2148.09,2026/01/29 22:58:20
3200,348.35,18065.8,-2153.8,2026/01/29 22:58:20
3201,348.46,18203.3,-2159.93,2026/01/29 22:58:20
3202,348.57,18251.3,-2158.91,2026/01/29 22:58:20
3203,348.68,18243.4,-2161.07,2026/01/29 22:58:20
3204,348.79,18196.5,-2155.79,2026/01/29 22:58:20
3205,348.9,18019.5,-2146.67,2026/01/29 22:58:20
3206,349.01,18010.2,-2151.72,2026/01/29 22:58:21
3207,349.12,18188.8,-2159.52,2026/01/29 22:58:21
3208,349.22,18267.3,-2164.35,2026/01/29 22:58:21
3209,349.33,18266.1,-2164.25,2026/01/29 22:58:21
3210,349.44,18210.2,-2157.96,2026/01/29 22:58:21
3211,349.55,18039.9,-2145.04,2026/01/29 22:58:21
3212,349.66,18000.8,-2150.27,2026/01/29 22:58:21
3213,349.77,18167.8,-2156.06,2026/01/29 22:58:21
3214,349.88,18258.8,-2163.64,2026/01/29 22:58:21
3215,349.99,18262.4,-2162.36,2026/01/29 22:58:22
3216,350.1,18177.2,-2152.67,2026/01/29 22:58:22
3217,350.2,18014.3,-2148.71,2026/01/29 22:58:22
3218,350.31,18005.9,-2149.19,2026/01/29 22:58:22
3219,350.42,18191.6,-2161.04,2026/01/29 22:58:22
3220,350.53,18266.6,-2161.31,2026/01/29 22:58:22
3221,350.64,18255.9,-2162.7,2026/01/29 22:58:22
3222,350.75,18225.6,-2159.09,2026/01/29 22:58:22
3223,350.86,18069.6,-2149.04,2026/01/29 22:58:22
3224,350.97,18002.4,-2146.75,2026/01/29 22:58:23
3225,351.08,18091.2,-2158.08,2026/01/29 22:58:23
3226,351.19,18265.9,-2161.83,2026/01/29 22:58:23
3227,351.29,18275.4,-2164.99,2026/01/29 22:58:23
3228,351.4,18242.1,-2159.83,2026/01/29 22:58:23
3229,351.51,18052.5,-2146.28,2026/01/29 22:58:23
3230,351.62,18004.6,-2148.8,2026/01/29 22:58:23
3231,351.73,18154.7,-2155.94,2026/01/29 22:58:23
3232,351.84,18254.5,-2164.41,2026/01/29 22:58:23
3233,351.95,18265.2,-2163.41,2026/01/29 22:58:23
3234,352.06,18240.8,-2159.33,2026/01/29 22:58:24
3235,352.17,18077.1,-2147.02,2026/01/29 22:58:24
3236,352.27,17997.5,-2148.06,2026/01/29 22:58:24
3237,352.38,18098.1,-2157.4,2026/01/29 22:58:24
3238,352.49,18248.6,-2162.01,2026/01/29 22:58:24
3239,352.6,18272.1,-2163.49,2026/01/29 22:58:24
3240,352.71,18254.8,-2161.94,2026/01/29 22:58:24
3241,352.82,18123.8,-2151.92,2026/01/29 22:58:24
3242,352.93,17999.9,-2146.66,2026/01/29 22:58:24
3243,353.04,18054.4,-2156.45,2026/01/29 22:58:25
3244,353.14,18209.6,-2158.05,2026/01/29 22:58:25
3245,353.25,18248.8,-2161.34,2026/01/29 22:58:25
3246,353.36,18233.8,-2161.1,2026/01/29 22:58:25
3247,353.47,18091.5,-2142.94,2026/01/29 22:58:25
3248,353.58,17972,-2147.56,2026/01/29 22:58:25
3249,353.69,18049.7,-2154.35,2026/01/29 22:58:25
3250,353.8,18231.8,-2160.41,2026/01/29 22:58:25
3251,353.91,18259.1,-2163.23,2026/01/29 22:58:25
3252,354.01,18244,-2161.92,2026/01/29 22:58:26
3253,354.12,18145.3,-2151.12,2026/01/29 22:58:26
3254,354.23,18008.5,-2148.3,2026/01/29 22:58:26
3255,354.34,18010.9,-2151.2,2026/01/29 22:58:26
3256,354.45,18198.8,-2161.96,2026/01/29 22:58:26
3257,354.56,18264.3,-2162.25,2026/01/29 22:58:26
3258,354.67,18257.3,-2161.53,2026/01/29 22:58:26
3259,354.78,18136.9,-2154.35,2026/01/29 22:58:26
3260,354.89,18026.4,-2146.49,2026/01/29 22:58:26
3261,355,18110.4,-2158.88,2026/01/29 22:58:27
3262,355.1,18245,-2161.43,2026/01/29 22:58:27
3263,355.21,18250.3,-2160.93,2026/01/29 22:58:27
3264,355.32,18243.7,-2163.04,2026/01/29 22:58:27
3265,355.43,18155.4,-2151.22,2026/01/29 22:58:27
3266,355.54,18023.1,-2148.7,2026/01/29 22:58:27
3267,355.65,18062.6,-2155.58,2026/01/29 22:58:27
3268,355.76,18207.8,-2159.32,2026/01/29 22:58:27
3269,355.87,18245.3,-2158.83,2026/01/29 22:58:27
3270,355.97,18233.6,-2161.53,2026/01/29 22:58:28
3271,356.08,18117,-2146.27,2026/01/29 22:58:28
3272,356.19,18011.4,-2149.58,2026/01/29 22:58:28
3273,356.3,18092.2,-2156.14,2026/01/29 22:58:28
3274,356.41,18243.1,-2161.31,2026/01/29 22:58:28
3275,356.52,18256.2,-2162.17,2026/01/29 22:58:28
3276,356.63,18248.6,-2161.25,2026/01/29 22:58:28
3277,356.74,18169.3,-2154.2,2026/01/29 22:58:28
3278,356.85,18077.5,-2152.25,2026/01/29 22:58:28
3279,356.96,18164.3,-2164.14,2026/01/29 22:58:29
3280,357.07,18263.3,-2162.62,2026/01/29 22:58:29
3281,357.18,18257.2,-2162.73,2026/01/29 22:58:29
3282,357.29,18248.6,-2161.44,2026/01/29 22:58:29
3283,357.39,18093.4,-2152.33,2026/01/29 22:58:29
3284,357.5,18072.4,-2156.07,2026/01/29 22:58:29
3285,357.61,18207.8,-2164.72,2026/01/29 22:58:29
3286,357.72,18266.1,-2161.05,2026/01/29 22:58:29
3287,357.83,18260.6,-2163.97,2026/01/29 22:58:29
3288,357.94,18230.5,-2157.76,2026/01/29 22:58:29
3289,358.05,18051.7,-2147.86,2026/01/29 22:58:30
3290,358.16,18011.2,-2153.77,2026/01/29 22:58:30
3291,358.27,18190.9,-2157.19,2026/01/29 22:58:30
3292,358.38,18255.4,-2164.46,2026/01/29 22:58:30
3293,358.48,18260.1,-2162.18,2026/01/29 22:58:30
3294,358.59,18210.5,-2154.34,2026/01/29 22:58:30
3295,358.7,18024.8,-2148.26,2026/01/29 22:58:30
3296,358.81,18047.5,-2154.78,2026/01/29 22:58:30
3297,358.92,18215.8,-2159.56,2026/01/29 22:58:30
3298,359.03,18264.4,-2161.41,2026/01/29 22:58:31
3299,359.14,18253.5,-2162.17,2026/01/29 22:58:31
3300,359.25,18170.9,-2150.79,2026/01/29 22:58:31
3301,359.36,18016.3,-2147.09,2026/01/29 22:58:31
3302,359.47,18121.9,-2159.09,2026/01/29 22:58:31
3303,359.58,18255.4,-2163.25,2026/01/29 22:58:31
3304,359.68,18261.2,-2159.32,2026/01/29 22:58:31
3305,359.79,18232.8,-2159.89,2026/01/29 22:58:31
3306,359.9,18071.5,-2147.89,2026/01/29 22:58:31
3307,360.01,18059.6,-2155.06,2026/01/29 22:58:32
3308,360.12,18224.4,-2162.06,2026/01/29 22:58:32
3309,360.23,18261.2,-2159.37,2026/01/29 22:58:32
3310,360.33,18252.1,-2163.71,2026/01/29 22:58:32
3311,360.44,18253.8,-2162.23,2026/01/29 22:58:32
3312,360.55,18245.5,-2161.12,2026/01/29 22:58:32
3313,360.66,18213.3,-2157.84,2026/01/29 22:58:32
3314,360.77,18089.1,-2152.77,2026/01/29 22:58:32
3315,360.88,18046.5,-2151.73,2026/01/29 22:58:32
3316,360.99,18134.5,-2159.54,2026/01/29 22:58:33
3317,361.1,18256.6,-2160.91,2026/01/29 22:58:33
3318,361.2,18261.6,-2162.29,2026/01/29 22:58:33
3319,361.32,18251.7,-2162.86,2026/01/29 22:58:33
3320,361.42,18251.4,-2160.09,2026/01/29 22:58:33
3321,361.53,18225.2,-2162.24,2026/01/29 22:58:33
3322,361.64,18136.1,-2152.17,2026/01/29 22:58:33
3323,361.75,18056.9,-2155.09,2026/01/29 22:58:33
3324,361.86,18106.9,-2158.77,2026/01/29 22:58:33
3325,361.97,18222.2,-2159.83,2026/01/29 22:58:34
3326,362.08,18248.7,-2160.48,2026/01/29 22:58:34
3327,362.19,18244,-2159.95,2026/01/29 22:58:34
3328,362.3,18225.9,-2159.31,2026/01/29 22:58:34
3329,362.41,18134,-2153.06,2026/01/29 22:58:34
3330,362.51,18050.7,-2154.64,2026/01/29 22:58:34
3331,362.62,18129.5,-2159.94,2026/01/29 22:58:34
3332,362.73,18235.7,-2162.56,2026/01/29 22:58:34
3333,362.84,18247.1,-2157.7,2026/01/29 22:58:34
3334,362.95,18238.9,-2163.56,2026/01/29 22:58:34
3335,363.06,18229.4,-2156.71,2026/01/29 22:58:35
3336,363.17,18149.6,-2154.62,2026/01/29 22:58:35
3337,363.28,18071.5,-2155.43,2026/01/29 22:58:35
3338,363.39,18074.8,-2155.28,2026/01/29 22:58:35
3339,363.49,18139.4,-2162.62,2026/01/29 22:58:35
3340,363.6,18242,-2159.31,2026/01/29 22:58:35
3341,363.71,18243.3,-2161.53,2026/01/29 22:58:35
3342,363.82,18243,-2160.7,2026/01/29 22:58:35
3343,363.93,18225.5,-2157.49,2026/01/29 22:58:35
3344,364.04,18179,-2155.37,2026/01/29 22:58:36
3345,364.15,18052.7,-2153.45,2026/01/29 22:58:36
3346,364.26,18015.2,-2149.44,2026/01/29 22:58:36
3347,364.37,18122.4,-2159.15,2026/01/29 22:58:36
3348,364.48,18238.7,-2158.66,2026/01/29 22:58:36
3349,364.58,18249.1,-2160.86,2026/01/29 22:58:36
3350,364.69,18239.5,-2160.3,2026/01/29 22:58:36
3351,364.8,18232.2,-2155.59,2026/01/29 22:58:36
3352,364.91,18131.2,-2154.51,2026/01/29 22:58:36
3353,365.02,18021.2,-2148.52,2026/01/29 22:58:37
3354,365.13,18019.3,-2151.87,2026/01/29 22:58:37
3355,365.24,18160.4,-2157.56,2026/01/29 22:58:37
3356,365.35,18246,-2156.89,2026/01/29 22:58:37
3357,365.45,18247.3,-2161.8,2026/01/29 22:58:37
3358,365.56,18247.4,-2159.08,2026/01/29 22:58:37
3359,365.67,18175.1,-2153.25,2026/01/29 22:58:37
3360,365.78,18034.5,-2148.91,2026/01/29 22:58:37
3361,365.89,18014.5,-2151.06,2026/01/29 22:58:37
3362,366,18126.5,-2153.64,2026/01/29 22:58:38
3363,366.11,18230.7,-2159.97,2026/01/29 22:58:38
3364,366.22,18249,-2157.57,2026/01/29 22:58:38
3365,366.33,18242.4,-2160.31,2026/01/29 22:58:38
3366,366.43,18194.7,-2155.87,2026/01/29 22:58:38
3367,366.54,18096.1,-2150.42,2026/01/29 22:58:38
3368,366.65,18035.6,-2153.28,2026/01/29 22:58:38
3369,366.76,18061.1,-2152.08,2026/01/29 22:58:38
3370,366.87,18162.2,-2158.92,2026/01/29 22:58:38
3371,366.98,18261.5,-2161.05,2026/01/29 22:58:39
3372,367.09,18256.5,-2160.88,2026/01/29 22:58:39
3373,367.2,18249.9,-2161.51,2026/01/29 22:58:39
3374,367.31,18245.8,-2161.46,2026/01/29 22:58:39
3375,367.41,18239.1,-2160.7,2026/01/29 22:58:39
3376,367.52,18240.3,-2161.58,2026/01/29 22:58:39
3377,367.63,18232.8,-2160.84,2026/01/29 22:58:39
3378,367.74,18233.2,-2159.59,2026/01/29 22:58:39
3379,367.85,18231.6,-2162.85,2026/01/29 22:58:39
3380,367.96,18233.9,-2158.21,2026/01/29 22:58:40
3381,368.07,18227.5,-2161.58,2026/01/29 22:58:40
3382,368.18,18227.8,-2160.08,2026/01/29 22:58:40
3383,368.28,18222.7,-2159.58,2026/01/29 22:58:40
3384,368.39,18220.7,-2160.44,2026/01/29 22:58:40
3385,368.5,18221.9,-2156.82,2026/01/29 22:58:40
3386,368.61,18215.5,-2161.77,2026/01/29 22:58:40
3387,368.72,18218.6,-2158.27,2026/01/29 22:58:40
3388,368.83,18211.2,-2158.91,2026/01/29 22:58:40
3389,368.94,18213.2,-2159.64,2026/01/29 22:58:40
3390,369.05,18209.4,-2158.68,2026/01/29 22:58:41
3391,369.16,18209.5,-2157.7,2026/01/29 22:58:41
3392,369.26,18207.2,-2160.35,2026/01/29 22:58:41
3393,369.37,18205.6,-2158.08,2026/01/29 22:58:41
3394,369.48,18205.5,-2159.87,2026/01/29 22:58:41
3395,369.59,18203.9,-2158.92,2026/01/29 22:58:41
3396,369.7,18205.5,-2157.78,2026/01/29 22:58:41
3397,369.81,18200.8,-2161.43,2026/01/29 22:58:41
3398,369.92,18206.5,-2155.99,2026/01/29 22:58:41
3399,370.03,18198.7,-2160.24,2026/01/29 22:58:42
3400,370.14,18203.1,-2157.86,2026/01/29 22:58:42
3401,370.24,18199.3,-2157.66,2026/01/29 22:58:42
3402,370.35,18199.3,-2158.98,2026/01/29 22:58:42
3403,370.46,18199.9,-2156.84,2026/01/29 22:58:42
3404,370.57,18196.1,-2160.1,2026/01/29 22:58:42
3405,370.68,18200.2,-2157.28,2026/01/29 22:58:42
3406,370.79,18194.5,-2158.31,2026/01/29 22:58:42
3407,370.9,18198.3,-2158.74,2026/01/29 22:58:42
3408,371.01,18195.4,-2158.4,2026/01/29 22:58:43
3409,371.12,18196.7,-2156.74,2026/01/29 22:58:43
3410,371.23,18193.7,-2159.9,2026/01/29 22:58:43
3411,371.33,18194.7,-2156.73,2026/01/29 22:58:43
3412,371.44,18193.2,-2160.33,2026/01/29 22:58:43
3413,371.55,18193.3,-2157.33,2026/01/29 22:58:43
3414,371.66,18193.4,-2158.46,2026/01/29 22:58:43
3415,371.77,18190.7,-2159.69,2026/01/29 22:58:43
3416,371.88,18194.3,-2156.13,2026/01/29 22:58:43
3417,371.99,18188.4,-2160.5,2026/01/29 22:58:44
3418,372.1,18195.9,-2157.16,2026/01/29 22:58:44
3419,372.21,18188.6,-2158.6,2026/01/29 22:58:44
3420,372.31,18193.8,-2158.43,2026/01/29 22:58:44
3421,372.42,18190.6,-2157.68,2026/01/29 22:58:44
3422,372.53,18190.9,-2158.83,2026/01/29 22:58:44
3423,372.64,18191.3,-2157.48,2026/01/29 22:58:44
3424,372.75,18187.1,-2160.54,2026/01/29 22:58:44
3425,372.86,18191.7,-2157.49,2026/01/29 22:58:44
3426,372.97,18187.4,-2158.42,2026/01/29 22:58:45
3427,373.08,18190,-2158.3,2026/01/29 22:58:45
3428,373.18,18188.3,-2159.16,2026/01/29 22:58:45
3429,373.29,18188.9,-2157.72,2026/01/29 22:58:45
3430,373.4,18189.6,-2159.67,2026/01/29 22:58:45
3431,373.51,18186.6,-2157.7,2026/01/29 22:58:45
3432,373.62,18189.9,-2158.37,2026/01/29 22:58:45
3433,373.73,18186.2,-2159.15,2026/01/29 22:58:45
3434,373.84,18190,-2155.77,2026/01/29 22:58:45
3435,373.95,18186.3,-2161.15,2026/01/29 22:58:45
3436,374.05,18189,-2157.2,2026/01/29 22:58:46
3437,374.16,18187.2,-2160.18,2026/01/29 22:58:46
3438,374.27,18189.8,-2158.34,2026/01/29 22:58:46
3439,374.38,18187.8,-2158.23,2026/01/29 22:58:46
3440,374.49,18187.6,-2159.78,2026/01/29 22:58:46
3441,374.6,18190.2,-2156.19,2026/01/29 22:58:46
3442,374.71,18183.8,-2160.27,2026/01/29 22:58:46
3443,374.82,18192.2,-2157.95,2026/01/29 22:58:46
3444,374.92,18186.4,-2158.1,2026/01/29 22:58:46
3445,375.03,18191.7,-2158.29,2026/01/29 22:58:47
3446,375.14,18189.7,-2157.16,2026/01/29 22:58:47
3447,375.25,18186.8,-2160.33,2026/01/29 22:58:47
3448,375.36,18191.3,-2156.41,2026/01/29 22:58:47
3449,375.47,18185.9,-2159.44,2026/01/29 22:58:47
3450,375.58,18190.9,-2159.07,2026/01/29 22:58:47
3451,375.69,18187.2,-2158.08,2026/01/29 22:58:47
3452,375.79,18189.3,-2158.09,2026/01/29 22:58:47
3453,375.9,18187.4,-2158.46,2026/01/29 22:58:47
3454,376.01,18187.6,-2157.53,2026/01/29 22:58:48
3455,376.12,18189.6,-2159.93,2026/01/29 22:58:48
3456,376.23,18186.4,-2158.08,2026/01/29 22:58:48
3457,376.34,18189.6,-2159.37,2026/01/29 22:58:48
3458,376.45,18186.3,-2158.82,2026/01/29 22:58:48
3459,376.56,18189.1,-2156.89,2026/01/29 22:58:48
3460,376.66,18186.4,-2161.07,2026/01/29 22:58:48
3461,376.77,18190.2,-2155.88,2026/01/29 22:58:48
3462,376.88,18187.4,-2159.82,2026/01/29 22:58:48
3463,376.99,18189.7,-2156.77,2026/01/29 22:58:49
3464,377.1,18187.5,-2158.07,2026/01/29 22:58:49
3465,377.21,18187.2,-2158.94,2026/01/29 22:58:49
3466,377.32,18189.8,-2156.95,2026/01/29 22:58:49
3467,377.43,18185.3,-2160.82,2026/01/29 22:58:49
3468,377.54,18191.3,-2155.9,2026/01/29 22:58:49
3469,377.64,18184.7,-2160.55,2026/01/29 22:58:49
3470,377.75,18189.9,-2157.38,2026/01/29 22:58:49
3471,377.86,18186.4,-2159.04,2026/01/29 22:58:49
3472,377.97,18187.7,-2159.16,2026/01/29 22:58:50
3473,378.08,18186.7,-2157.94,2026/01/29 22:58:50
3474,378.19,18186,-2160.53,2026/01/29 22:58:50
3475,378.3,18190.4,-2156.52,2026/01/29 22:58:50
3476,378.4,18183.5,-2159.15,2026/01/29 22:58:50
3477,378.51,18189.8,-2158.37,2026/01/29 22:58:50
3478,378.62,18184.5,-2158.9,2026/01/29 22:58:50
3479,378.73,18188.5,-2159.11,2026/01/29 22:58:50
3480,378.84,18187.4,-2158.44,2026/01/29 22:58:50
3481,378.95,18187.3,-2160.19,2026/01/29 22:58:50
3482,379.06,18189.3,-2156.11,2026/01/29 22:58:51
3483,379.17,18185.2,-2160.58,2026/01/29 22:58:51
3484,379.27,18190.4,-2156.83,2026/01/29 22:58:51
3485,379.39,18183.8,-2159.35,2026/01/29 22:58:51
3486,379.49,18189.8,-2159.78,2026/01/29 22:58:51
3487,379.6,18185,-2158.28,2026/01/29 22:58:51
3488,379.71,18186.5,-2159.63,2026/01/29 22:58:51
3489,379.82,18186.7,-2157.81,2026/01/29 22:58:51
3490,379.93,18184.7,-2159.96,2026/01/29 22:58:51
3491,380.04,18188.7,-2156.47,2026/01/29 22:58:52
3492,380.15,18183.9,-2159.72,2026/01/29 22:58:52
3493,380.26,18188.3,-2158.15,2026/01/29 22:58:52
3494,380.36,18184.1,-2158.39,2026/01/29 22:58:52
3495,380.47,18186.8,-2158.77,2026/01/29 22:58:52
3496,380.58,18186.2,-2158.37,2026/01/29 22:58:52
3497,380.69,18185.3,-2159.76,2026/01/29 22:58:52
3498,380.8,18187.5,-2158.05,2026/01/29 22:58:52
3499,380.91,18183,-2160.48,2026/01/29 22:58:52
3500,381.02,18188.4,-2158.35,2026/01/29 22:58:53
3501,381.12,18184.1,-2158.51,2026/01/29 22:58:53
3502,381.23,18186.5,-2159.73,2026/01/29 22:58:53
3503,381.34,18184.1,-2158.12,2026/01/29 22:58:53
3504,381.45,18186.6,-2158.98,2026/01/29 22:58:53
3505,381.56,18185.6,-2158.5,2026/01/29 22:58:53
3506,381.67,18184.5,-2158.86,2026/01/29 22:58:53
3507,381.78,18187,-2158.46,2026/01/29 22:58:53
3508,381.89,18182.1,-2158.85,2026/01/29 22:58:53
3509,382,18187.1,-2158.37,2026/01/29 22:58:54
3510,382.1,18182.9,-2158.33,2026/01/29 22:58:54
3511,382.21,18185.8,-2159.23,2026/01/29 22:58:54
3512,382.32,18182.6,-2158.15,2026/01/29 22:58:54
3513,382.43,18184.9,-2159.84,2026/01/29 22:58:54
3514,382.54,18184.1,-2158.55,2026/01/29 22:58:54
3515,382.65,18183.6,-2159.74,2026/01/29 22:58:54
3516,382.76,18186,-2157.89,2026/01/29 22:58:54
3517,382.87,18181.2,-2160.82,2026/01/29 22:58:54
3518,382.98,18186.2,-2157.52,2026/01/29 22:58:55
3519,383.09,18181.3,-2158.45,2026/01/29 22:58:55
3520,383.19,18186.2,-2159.51,2026/01/29 22:58:55
3521,383.3,18182.1,-2158.02,2026/01/29 22:58:55
3522,383.41,18184.7,-2159.28,2026/01/29 22:58:55
3523,383.52,18183.7,-2158.64,2026/01/29 22:58:55
3524,383.63,18183.2,-2159.86,2026/01/29 22:58:55
3525,383.74,18185.5,-2157.73,2026/01/29 22:58:55
3526,383.85,18181.6,-2161.1,2026/01/29 22:58:55
3527,383.96,18187.2,-2158.03,2026/01/29 22:58:56
3528,384.06,18181.9,-2159.37,2026/01/29 22:58:56
3529,384.17,18187,-2159.16,2026/01/29 22:58:56
3530,384.28,18182.3,-2158.55,2026/01/29 22:58:56
3531,384.39,18186.8,-2159.38,2026/01/29 22:58:56
3532,384.5,18184.5,-2158.36,2026/01/29 22:58:56
3533,384.61,18184.5,-2160.36,2026/01/29 22:58:56
3534,384.72,18186.4,-2156.31,2026/01/29 22:58:56
3535,384.83,18182,-2160.94,2026/01/29 22:58:56
3536,384.94,18188.2,-2157.19,2026/01/29 22:58:56
3537,385.04,18181.1,-2160.64,2026/01/29 22:58:57
3538,385.15,18188.3,-2158.23,2026/01/29 22:58:57
3539,385.26,18181.7,-2159.74,2026/01/29 22:58:57
3540,385.37,18186.9,-2158.43,2026/01/29 22:58:57
3541,385.48,18183.6,-2159.39,2026/01/29 22:58:57
3542,385.59,18186.4,-2159.35,2026/01/29 22:58:57
3543,385.7,18183.6,-2158.9,2026/01/29 22:58:57
3544,385.81,18184.2,-2160.01,2026/01/29 22:58:57
3545,385.92,18186.1,-2157.82,2026/01/29 22:58:57
3546,386.03,18181.7,-2161.1,2026/01/29 22:58:58
3547,386.13,18187.4,-2156.17,2026/01/29 22:58:58
3548,386.24,18182.5,-2159.97,2026/01/29 22:58:58
3549,386.35,18185.7,-2157.39,2026/01/29 22:58:58
3550,386.46,18188.2,-2159.21,2026/01/29 22:58:58
3551,386.57,18194.4,-2158.02,2026/01/29 22:58:58
3552,386.68,18205.9,-2160.25,2026/01/29 22:58:58
3553,386.79,18214.1,-2158.51,2026/01/29 22:58:58
3554,386.9,18228.9,-2159.52,2026/01/29 22:58:58
3555,387.01,18229.4,-2160.88,2026/01/29 22:58:59
3556,387.11,18229.7,-2156.75,2026/01/29 22:58:59
3557,387.22,18225.7,-2161.14,2026/01/29 22:58:59
3558,387.33,18226.5,-2157.97,2026/01/29 22:58:59
3559,387.44,18226.3,-2159.69,2026/01/29 22:58:59
3560,387.55,18223.7,-2158.05,2026/01/29 22:58:59
3561,387.66,18226.9,-2158.68,2026/01/29 22:58:59
3562,387.77,18222,-2159.35,2026/01/29 22:58:59
3563,387.88,18226.3,-2157.69,2026/01/29 22:58:59
3564,387.99,18221.1,-2158.49,2026/01/29 22:59:00
3565,388.09,18224.3,-2159.28,2026/01/29 22:59:00
3566,388.2,18220.1,-2158.99,2026/01/29 22:59:00
3567,388.31,18223.5,-2159.68,2026/01/29 22:59:00
3568,388.42,18220.4,-2158.22,2026/01/29 22:59:00
3569,388.53,18221.3,-2160.16,2026/01/29 22:59:00
3570,388.64,18220.7,-2157.58,2026/01/29 22:59:00
3571,388.75,18217.8,-2161.08,2026/01/29 22:59:00
3572,388.86,18223,-2156.87,2026/01/29 22:59:00
3573,388.97,18215.3,-2161.33,2026/01/29 22:59:01
3574,389.08,18222.7,-2157.01,2026/01/29 22:59:01
3575,389.18,18216.4,-2159.58,2026/01/29 22:59:01
3576,389.29,18220.8,-2157.77,2026/01/29 22:59:01
3577,389.4,18217.3,-2159.22,2026/01/29 22:59:01
3578,389.51,18219.1,-2157.81,2026/01/29 22:59:01
3579,389.62,18219.8,-2159.19,2026/01/29 22:59:01
3580,389.73,18216.5,-2161.18,2026/01/29 22:59:01
3581,389.83,18219.7,-2156.09,2026/01/29 22:59:01
3582,389.94,18216.7,-2161.08,2026/01/29 22:59:01
3583,390.05,18218,-2158.64,2026/01/29 22:59:02
3584,390.16,18217.4,-2160.01,2026/01/29 22:59:02
3585,390.27,18215.6,-2159.2,2026/01/29 22:59:02
3586,390.38,18220.2,-2159.62,2026/01/29 22:59:02
3587,390.49,18215,-2160,2026/01/29 22:59:02
3588,390.6,18220,-2159.27,2026/01/29 22:59:02
3589,390.71,18215.9,-2158.99,2026/01/29 22:59:02
3590,390.82,18220.1,-2160.06,2026/01/29 22:59:02
3591,390.92,18215.4,-2158.76,2026/01/29 22:59:02
3592,391.03,18219.8,-2159.33,2026/01/29 22:59:03
3593,391.14,18217,-2158.92,2026/01/29 22:59:03
3594,391.25,18218.1,-2160.09,2026/01/29 22:59:03
3595,391.36,18218.8,-2157.77,2026/01/29 22:59:03
3596,391.47,18216.2,-2160.92,2026/01/29 22:59:03
3597,391.58,18219.5,-2158.59,2026/01/29 22:59:03
3598,391.69,18215.1,-2161.38,2026/01/29 22:59:03
3599,391.8,18220.3,-2157.13,2026/01/29 22:59:03
3600,391.91,18216,-2162.56,2026/01/29 22:59:03
3601,392.02,18219.8,-2156.85,2026/01/29 22:59:04
3602,392.12,18217.5,-2160.65,2026/01/29 22:59:04
3603,392.23,18217.8,-2158.43,2026/01/29 22:59:04
3604,392.34,18219.6,-2159.7,2026/01/29 22:59:04
3605,392.45,18214.8,-2159.97,2026/01/29 22:59:04
3606,392.56,18219.8,-2158.74,2026/01/29 22:59:04
3607,392.67,18214.8,-2160.67,2026/01/29 22:59:04
3608,392.78,18219.9,-2159.12,2026/01/29 22:59:04
3609,392.89,18214.7,-2158.45,2026/01/29 22:59:04
3610,393,18219.7,-2159.46,2026/01/29 22:59:05
3611,393.11,18215.1,-2159.56,2026/01/29 22:59:05
3612,393.21,18218.6,-2159.59,2026/01/29 22:59:05
3613,393.32,18216,-2158.78,2026/01/29 22:59:05
3614,393.43,18218.2,-2159.26,2026/01/29 22:59:05
3615,393.54,18219,-2159.11,2026/01/29 22:59:05
3616,393.65,18216.5,-2158.71,2026/01/29 22:59:05
3617,393.76,18219.6,-2158.33,2026/01/29 22:59:05
3618,393.87,18216,-2162.03,2026/01/29 22:59:05
3619,393.98,18218,-2157.89,2026/01/29 22:59:06
3620,394.09,18216.1,-2160.89,2026/01/29 22:59:06
3621,394.19,18217.2,-2159.55,2026/01/29 22:59:06
3622,394.3,18219,-2159.4,2026/01/29 22:59:06
3623,394.41,18214.3,-2161.65,2026/01/29 22:59:06
3624,394.52,18219.2,-2157.88,2026/01/29 22:59:06
3625,394.63,18215.4,-2161.41,2026/01/29 22:59:06
3626,394.74,18191.3,-2157.39,2026/01/29 22:59:06
3627,394.85,18128,-2156.43,2026/01/29 22:59:06
3628,394.96,18049.1,-2153.81,2026/01/29 22:59:07
3629,395.06,17994.2,-2149.17,2026/01/29 22:59:07
3630,395.17,17994,-2145.73,2026/01/29 22:59:07
3631,395.28,18101,-2154.52,2026/01/29 22:59:07
3632,395.39,18264.8,-2158.73,2026/01/29 22:59:07
3633,395.5,18299.4,-2161.27,2026/01/29 22:59:07
3634,395.61,18261.5,-2154.74,2026/01/29 22:59:07
3635,395.72,18126.5,-2145.89,2026/01/29 22:59:07
3636,395.83,17996.6,-2147.25,2026/01/29 22:59:07
3637,395.94,17969.1,-2144.19,2026/01/29 22:59:07
3638,396.04,18047.8,-2149.49,2026/01/29 22:59:08
3639,396.15,18236.2,-2159.01,2026/01/29 22:59:08
3640,396.26,18329.3,-2164.92,2026/01/29 22:59:08
3641,396.37,18298.5,-2162.76,2026/01/29 22:59:08
3642,396.48,18151.2,-2146.98,2026/01/29 22:59:08
3643,396.59,18004,-2146.67,2026/01/29 22:59:08
3644,396.7,18003.2,-2144.34,2026/01/29 22:59:08
3645,396.81,18169.9,-2156.46,2026/01/29 22:59:08
3646,396.92,18306.4,-2164.58,2026/01/29 22:59:08
3647,397.02,18322.5,-2165.93,2026/01/29 22:59:09
3648,397.13,18199.5,-2153.25,2026/01/29 22:59:09
3649,397.24,18040.7,-2144.82,2026/01/29 22:59:09
3650,397.35,17991.4,-2147.32,2026/01/29 22:59:09
3651,397.46,18152.7,-2156.06,2026/01/29 22:59:09
3652,397.57,18289.2,-2164.54,2026/01/29 22:59:09
3653,397.68,18326.9,-2166.02,2026/01/29 22:59:09
3654,397.79,18242.4,-2158.81,2026/01/29 22:59:09
3655,397.9,18110.5,-2150.81,2026/01/29 22:59:09
3656,398.01,18044,-2149.48,2026/01/29 22:59:10
3657,398.11,18133.2,-2156.41,2026/01/29 22:59:10
3658,398.22,18272.6,-2162.09,2026/01/29 22:59:10
3659,398.33,18328.4,-2167.49,2026/01/29 22:59:10
3660,398.44,18284.5,-2159.1,2026/01/29 22:59:10
3661,398.55,18142.3,-2153.46,2026/01/29 22:59:10
3662,398.66,18055.2,-2149.76,2026/01/29 22:59:10
3663,398.77,18086.7,-2156.33,2026/01/29 22:59:10
3664,398.88,18233,-2162.38,2026/01/29 22:59:10
3665,398.98,18302.4,-2160.84,2026/01/29 22:59:11
3666,399.09,18246.7,-2158.68,2026/01/29 22:59:11
3667,399.2,18114.5,-2150.11,2026/01/29 22:59:11
3668,399.31,18041.4,-2151.24,2026/01/29 22:59:11
3669,399.42,18117.3,-2156.31,2026/01/29 22:59:11
3670,399.53,18258.6,-2161.68,2026/01/29 22:59:11
3671,399.64,18308.5,-2163.64,2026/01/29 22:59:11
3672,399.75,18265.1,-2159.31,2026/01/29 22:59:11
3673,399.85,18139,-2152.43,2026/01/29 22:59:11
3674,399.96,18051.8,-2149.59,2026/01/29 22:59:12
3675,400.07,18057.3,-2154.78,2026/01/29 22:59:12
3676,400.18,18194.8,-2157.19,2026/01/29 22:59:12
3677,400.29,18288.8,-2162.85,2026/01/29 22:59:12
3678,400.4,18282.5,-2160.68,2026/01/29 22:59:12
3679,400.51,18188.1,-2153.47,2026/01/29 22:59:12
3680,400.62,18086.2,-2151.58,2026/01/29 22:59:12
3681,400.73,18058.8,-2149.35,2026/01/29 22:59:12
3682,400.83,18164.6,-2159.75,2026/01/29 22:59:12
3683,400.94,18265,-2157.62,2026/01/29 22:59:12
3684,401.05,18261.5,-2161.52,2026/01/29 22:59:13
3685,401.16,18181.5,-2150.24,2026/01/29 22:59:13
3686,401.27,18063.3,-2149.58,2026/01/29 22:59:13
3687,401.38,18058.5,-2152.23,2026/01/29 22:59:13
3688,401.49,18193.3,-2159.02,2026/01/29 22:59:13
3689,401.6,18280.1,-2160.3,2026/01/29 22:59:13
3690,401.71,18284.7,-2161.81,2026/01/29 22:59:13
3691,401.81,18199.6,-2154.05,2026/01/29 22:59:13
3692,401.92,18069.8,-2147.37,2026/01/29 22:59:13
3693,402.03,18022.2,-2149.78,2026/01/29 22:59:14
3694,402.14,18136.6,-2156.9,2026/01/29 22:59:14
3695,402.25,18241.5,-2157.75,2026/01/29 22:59:14
3696,402.36,18253.1,-2158.42,2026/01/29 22:59:14
3697,402.47,18158.8,-2152.05,2026/01/29 22:59:14
3698,402.58,18056.7,-2148.31,2026/01/29 22:59:14
3699,402.69,18036.1,-2147.28,2026/01/29 22:59:14
3700,402.8,18159,-2159.68,2026/01/29 22:59:14
3701,402.9,18271.5,-2158.77,2026/01/29 22:59:14
3702,403.01,18263,-2161.68,2026/01/29 22:59:15
3703,403.12,18161.8,-2152.4,2026/01/29 22:59:15
3704,403.23,18094.2,-2154,2026/01/29 22:59:15
3705,403.34,18126,-2157.03,2026/01/29 22:59:15
3706,403.45,18240.3,-2162.06,2026/01/29 22:59:15
3707,403.56,18268.9,-2160.83,2026/01/29 22:59:15
3708,403.67,18228.9,-2156.59,2026/01/29 22:59:15
3709,403.78,18111.8,-2155.01,2026/01/29 22:59:15
3710,403.88,18075.9,-2151.75,2026/01/29 22:59:15
3711,403.99,18123.2,-2157.77,2026/01/29 22:59:16
3712,404.1,18252.8,-2160.95,2026/01/29 22:59:16
3713,404.21,18265,-2159.5,2026/01/29 22:59:16
3714,404.32,18199.9,-2153.48,2026/01/29 22:59:16
3715,404.43,18087.1,-2149.87,2026/01/29 22:59:16
3716,404.54,18076.9,-2155.36,2026/01/29 22:59:16
3717,404.65,18195,-2158.26,2026/01/29 22:59:16
3718,404.76,18269.6,-2161.33,2026/01/29 22:59:16
3719,404.87,18272,-2159.57,2026/01/29 22:59:16
3720,404.98,18179.2,-2154.22,2026/01/29 22:59:17
3721,405.08,18100.7,-2150.9,2026/01/29 22:59:17
3722,405.19,18096.6,-2159.74,2026/01/29 22:59:17
3723,405.3,18225.4,-2158.81,2026/01/29 22:59:17
3724,405.41,18277,-2162.18,2026/01/29 22:59:17
3725,405.52,18258.9,-2158.03,2026/01/29 22:59:17
3726,405.63,18157,-2152.96,2026/01/29 22:59:17
3727,405.74,18055.2,-2152.45,2026/01/29 22:59:17
3728,405.85,18130.5,-2157.71,2026/01/29 22:59:17
3729,405.96,18236.1,-2160.45,2026/01/29 22:59:18
3730,406.07,18281.3,-2161.05,2026/01/29 22:59:18
3731,406.17,18243.5,-2157.22,2026/01/29 22:59:18
3732,406.28,18123.5,-2153.06,2026/01/29 22:59:18
3733,406.39,18042.2,-2150.84,2026/01/29 22:59:18
3734,406.5,18110.1,-2158.32,2026/01/29 22:59:18
3735,406.61,18247.6,-2159.27,2026/01/29 22:59:18
3736,406.72,18278.8,-2160.36,2026/01/29 22:59:18
3737,406.83,18250.3,-2158.53,2026/01/29 22:59:18
3738,406.94,18125.7,-2152.23,2026/01/29 22:59:18
3739,407.05,18018.6,-2148.59,2026/01/29 22:59:19
3740,407.16,18080.9,-2156.31,2026/01/29 22:59:19
3741,407.27,18218.9,-2156.01,2026/01/29 22:59:19
3742,407.38,18255.9,-2161.21,2026/01/29 22:59:19
3743,407.48,18230.1,-2153.86,2026/01/29 22:59:19
3744,407.59,18130.4,-2154.05,2026/01/29 22:59:19
3745,407.7,18056.4,-2147.75,2026/01/29 22:59:19
3746,407.81,18076.5,-2154.05,2026/01/29 22:59:19
3747,407.92,18201.8,-2158.34,2026/01/29 22:59:19
3748,408.03,18261.8,-2158.65,2026/01/29 22:59:20
3749,408.14,18231.2,-2156.23,2026/01/29 22:59:20
3750,408.25,18133.7,-2152.96,2026/01/29 22:59:20
3751,408.36,18048.2,-2149.28,2026/01/29 22:59:20
3752,408.46,18117.5,-2158,2026/01/29 22:59:20
3753,408.57,18218.4,-2157.75,2026/01/29 22:59:20
3754,408.68,18251.7,-2159.65,2026/01/29 22:59:20
3755,408.79,18189.5,-2153.33,2026/01/29 22:59:20
3756,408.9,18082.3,-2149.54,2026/01/29 22:59:20
3757,409.01,18051.3,-2148.82,2026/01/29 22:59:21
3758,409.12,18148.3,-2159.5,2026/01/29 22:59:21
3759,409.23,18239,-2155.04,2026/01/29 22:59:21
3760,409.34,18234.2,-2158.75,2026/01/29 22:59:21
3761,409.44,18138.4,-2150.82,2026/01/29 22:59:21
3762,409.55,18051.3,-2152.52,2026/01/29 22:59:21
3763,409.66,18128.3,-2156.47,2026/01/29 22:59:21
3764,409.77,18219.5,-2158.59,2026/01/29 22:59:21
3765,409.88,18253,-2157.44,2026/01/29 22:59:21
3766,409.99,18207.4,-2155.79,2026/01/29 22:59:22
3767,410.1,18114.5,-2151.88,2026/01/29 22:59:22
3768,410.21,18081.4,-2152.73,2026/01/29 22:59:22
3769,410.32,18157.6,-2159.64,2026/01/29 22:59:22
3770,410.43,18242.5,-2156.8,2026/01/29 22:59:22
3771,410.54,18238,-2158.1,2026/01/29 22:59:22
3772,410.64,18143,-2152.09,2026/01/29 22:59:22
3773,410.75,18039.1,-2151.77,2026/01/29 22:59:22
3774,410.86,18101,-2154.58,2026/01/29 22:59:22
3775,410.97,18189.3,-2156.83,2026/01/29 22:59:23
3776,411.08,18243.1,-2157.85,2026/01/29 22:59:23
3777,411.19,18259.4,-2159.03,2026/01/29 22:59:23
3778,411.3,18251.6,-2159.09,2026/01/29 22:59:23
3779,411.41,18213.2,-2155.87,2026/01/29 22:59:23
3780,411.51,18142.4,-2155.82,2026/01/29 22:59:23
3781,411.62,18078.3,-2150.68,2026/01/29 22:59:23
3782,411.73,18064.1,-2152.27,2026/01/29 22:59:23
3783,411.84,18152.4,-2158.97,2026/01/29 22:59:23
3784,411.95,18228.4,-2155.05,2026/01/29 22:59:23
3785,412.06,18242.8,-2159.56,2026/01/29 22:59:24
3786,412.17,18245.9,-2156.43,2026/01/29 22:59:24
3787,412.28,18233.4,-2159.35,2026/01/29 22:59:24
3788,412.39,18205.1,-2155.27,2026/01/29 22:59:24
3789,412.5,18132.6,-2155.18,2026/01/29 22:59:24
3790,412.61,18074.3,-2151.44,2026/01/29 22:59:24
3791,412.71,18066.4,-2153.2,2026/01/29 22:59:24
3792,412.82,18126.5,-2158.21,2026/01/29 22:59:24
3793,412.93,18208.7,-2156.3,2026/01/29 22:59:24
3794,413.04,18250.4,-2159.48,2026/01/29 22:59:25
3795,413.15,18250.2,-2156.04,2026/01/29 22:59:25
3796,413.26,18206.5,-2157.83,2026/01/29 22:59:25
3797,413.37,18138.6,-2154.74,2026/01/29 22:59:25
3798,413.48,18070.2,-2150.88,2026/01/29 22:59:25
3799,413.59,18060.3,-2152.88,2026/01/29 22:59:25
3800,413.7,18116.7,-2157.54,2026/01/29 22:59:25
3801,413.8,18211,-2157.37,2026/01/29 22:59:25
3802,413.91,18250,-2157.01,2026/01/29 22:59:25
3803,414.02,18246.4,-2157.7,2026/01/29 22:59:26
3804,414.13,18210.4,-2154.86,2026/01/29 22:59:26
3805,414.24,18147.3,-2157.33,2026/01/29 22:59:26
3806,414.35,18086.8,-2150.08,2026/01/29 22:59:26
3807,414.46,18038.7,-2154.53,2026/01/29 22:59:26
3808,414.57,18073.3,-2153.29,2026/01/29 22:59:26
3809,414.68,18148.7,-2158.52,2026/01/29 22:59:26
3810,414.79,18230.9,-2158.79,2026/01/29 22:59:26
3811,414.89,18282.1,-2162.25,2026/01/29 22:59:26
3812,415,18312.5,-2163.67,2026/01/29 22:59:27
3813,415.11,18300.5,-2162.15,2026/01/29 22:59:27
3814,415.22,18272.5,-2160.49,2026/01/29 22:59:27
3815,415.33,18209.5,-2154.5,2026/01/29 22:59:27
3816,415.44,18130.7,-2158.56,2026/01/29 22:59:27
3817,415.55,18093.3,-2152.93,2026/01/29 22:59:27
3818,415.66,18081.3,-2157.13,2026/01/29 22:59:27
3819,415.77,18116.3,-2158.88,2026/01/29 22:59:27
3820,415.88,18198.8,-2159.41,2026/01/29 22:59:27
3821,415.98,18274.8,-2161.32,2026/01/29 22:59:28
3822,416.09,18296.1,-2160.57,2026/01/29 22:59:28
3823,416.2,18269.1,-2160.59,2026/01/29 22:59:28
3824,416.31,18200.8,-2153.52,2026/01/29 22:59:28
3825,416.42,18113.2,-2157.73,2026/01/29 22:59:28
3826,416.53,18061.7,-2151.25,2026/01/29 22:59:28
3827,416.64,18094,-2159.23,2026/01/29 22:59:28
3828,416.75,18192.9,-2157.42,2026/01/29 22:59:28
3829,416.86,18251,-2158.51,2026/01/29 22:59:28
3830,416.97,18290.5,-2162.54,2026/01/29 22:59:29
3831,417.07,18278.4,-2159.89,2026/01/29 22:59:29
3832,417.18,18231.5,-2158.21,2026/01/29 22:59:29
3833,417.29,18149,-2155.28,2026/01/29 22:59:29
3834,417.4,18089.7,-2155.15,2026/01/29 22:59:29
3835,417.51,18081.7,-2154.61,2026/01/29 22:59:29
3836,417.62,18144,-2158.94,2026/01/29 22:59:29
3837,417.73,18231.9,-2158.68,2026/01/29 22:59:29
3838,417.84,18291.7,-2161.25,2026/01/29 22:59:29
3839,417.95,18295.4,-2161.37,2026/01/29 22:59:29
3840,418.05,18274.9,-2161.6,2026/01/29 22:59:30
3841,418.16,18217,-2154.8,2026/01/29 22:59:30
3842,418.27,18130.8,-2157.85,2026/01/29 22:59:30
3843,418.38,18091.7,-2156.49,2026/01/29 22:59:30
3844,418.49,18109.4,-2160.73,2026/01/29 22:59:30
3845,418.6,18200.6,-2159.44,2026/01/29 22:59:30
3846,418.71,18280,-2162.3,2026/01/29 22:59:30
3847,418.82,18323,-2164.64,2026/01/29 22:59:30
3848,418.93,18302.5,-2159.01,2026/01/29 22:59:30
3849,419.04,18278.7,-2162.56,2026/01/29 22:59:31
3850,419.14,18248.1,-2155.39,2026/01/29 22:59:31
3851,419.25,18183.9,-2156.94,2026/01/29 22:59:31
3852,419.36,18126.6,-2157.83,2026/01/29 22:59:31
3853,419.47,18087.3,-2156.42,2026/01/29 22:59:31
3854,419.58,18072.9,-2156.95,2026/01/29 22:59:31
3855,419.69,18088.4,-2155.91,2026/01/29 22:59:31
3856,419.8,18165.1,-2161.57,2026/01/29 22:59:31
3857,419.91,18246.2,-2158.36,2026/01/29 22:59:31
3858,420.02,18302.3,-2163.55,2026/01/29 22:59:32
3859,420.13,18315.8,-2162.45,2026/01/29 22:59:32
3860,420.23,18290.6,-2161.47,2026/01/29 22:59:32
3861,420.34,18251.2,-2158.67,2026/01/29 22:59:32
3862,420.45,18165.7,-2155.45,2026/01/29 22:59:32
3863,420.56,18107.4,-2157.34,2026/01/29 22:59:32
3864,420.67,18069.1,-2154.05,2026/01/29 22:59:32
3865,420.78,18062.6,-2157.17,2026/01/29 22:59:32
3866,420.89,18133.1,-2159.54,2026/01/29 22:59:32
3867,421,18206.9,-2159.41,2026/01/29 22:59:33
3868,421.11,18270.1,-2161.11,2026/01/29 22:59:33
3869,421.22,18305.2,-2162.72,2026/01/29 22:59:33
3870,421.33,18290.4,-2158.69,2026/01/29 22:59:33
3871,421.43,18239.7,-2160.44,2026/01/29 22:59:33
3872,421.54,18167.2,-2154.87,2026/01/29 22:59:33
3873,421.65,18121.1,-2159.51,2026/01/29 22:59:33
3874,421.76,18074.4,-2154.35,2026/01/29 22:59:33
3875,421.87,18056.1,-2155.91,2026/01/29 22:59:33
3876,421.98,18054.1,-2156.59,2026/01/29 22:59:34
3877,422.09,18066,-2153.59,2026/01/29 22:59:34
3878,422.2,18127.2,-2159.11,2026/01/29 22:59:34
3879,422.3,18204.1,-2158.02,2026/01/29 22:59:34
3880,422.41,18240.7,-2153.27,2026/01/29 22:59:34
3881,422.52,18280.5,-2161.08,2026/01/29 22:59:34
3882,422.63,18291.4,-2159.01,2026/01/29 22:59:34
3883,422.74,18275.6,-2159.73,2026/01/29 22:59:34
3884,422.85,18260.6,-2157.94,2026/01/29 22:59:34
3885,422.96,18224.8,-2156.36,2026/01/29 22:59:35
3886,423.07,18178.1,-2156.24,2026/01/29 22:59:35
3887,423.17,18136,-2158.74,2026/01/29 22:59:35
3888,423.29,18108.5,-2154.59,2026/01/29 22:59:35
3889,423.39,18080.6,-2156.25,2026/01/29 22:59:35
3890,423.5,18078.8,-2153.82,2026/01/29 22:59:35
3891,423.61,18082.1,-2154.83,2026/01/29 22:59:35
3892,423.72,18138,-2158.41,2026/01/29 22:59:35
3893,423.83,18201.4,-2156.98,2026/01/29 22:59:35
3894,423.94,18256.4,-2160.82,2026/01/29 22:59:35
3895,424.04,18293.8,-2159.32,2026/01/29 22:59:36
3896,424.15,18304.5,-2161.7,2026/01/29 22:59:36
3897,424.26,18301,-2162.19,2026/01/29 22:59:36
3898,424.37,18281.7,-2160.75,2026/01/29 22:59:36
3899,424.48,18240.7,-2156.55,2026/01/29 22:59:36
3900,424.59,18166.9,-2156.68,2026/01/29 22:59:36
3901,424.7,18122.1,-2154.37,2026/01/29 22:59:36
3902,424.81,18077.8,-2156.06,2026/01/29 22:59:36
3903,424.92,18066.6,-2154.42,2026/01/29 22:59:36
3904,425.03,18072.5,-2152.49,2026/01/29 22:59:37
3905,425.13,18093.2,-2158.15,2026/01/29 22:59:37
3906,425.24,18186.6,-2154.94,2026/01/29 22:59:37
3907,425.35,18237.7,-2156.54,2026/01/29 22:59:37
3908,425.46,18273.8,-2158.55,2026/01/29 22:59:37
3909,425.57,18272.7,-2157.55,2026/01/29 22:59:37
3910,425.68,18255.3,-2156.42,2026/01/29 22:59:37
3911,425.79,18196.6,-2153.75,2026/01/29 22:59:37
3912,425.9,18122.7,-2153.13,2026/01/29 22:59:37
3913,426.01,18071.9,-2153.47,2026/01/29 22:59:38
3914,426.11,18053.5,-2154.12,2026/01/29 22:59:38
3915,426.22,18077.1,-2151.25,2026/01/29 22:59:38
3916,426.33,18146.6,-2157.49,2026/01/29 22:59:38
3917,426.44,18211.1,-2155.18,2026/01/29 22:59:38
3918,426.55,18254.7,-2156.3,2026/01/29 22:59:38
3919,426.66,18284.2,-2159.83,2026/01/29 22:59:38
3920,426.77,18284.3,-2157.95,2026/01/29 22:59:38
3921,426.88,18271.3,-2158.97,2026/01/29 22:59:38
3922,426.98,18248.6,-2156.28,2026/01/29 22:59:39
3923,427.09,18180.1,-2154.73,2026/01/29 22:59:39
3924,427.2,18133.7,-2154.3,2026/01/29 22:59:39
3925,427.31,18081.2,-2153.99,2026/01/29 22:59:39
3926,427.42,18060.3,-2149.42,2026/01/29 22:59:39
3927,427.53,18048.6,-2154.22,2026/01/29 22:59:39
3928,427.64,18074.7,-2152.5,2026/01/29 22:59:39
3929,427.75,18134.6,-2154.96,2026/01/29 22:59:39
3930,427.86,18177.4,-2156.67,2026/01/29 22:59:39
3931,427.97,18219.2,-2154.12,2026/01/29 22:59:40
3932,428.07,18249.5,-2158.23,2026/01/29 22:59:40
3933,428.18,18274.1,-2157.14,2026/01/29 22:59:40
3934,428.29,18265.6,-2157.3,2026/01/29 22:59:40
3935,428.4,18263.8,-2156.66,2026/01/29 22:59:40
3936,428.51,18243.9,-2158.19,2026/01/29 22:59:40
3937,428.62,18204.3,-2153.51,2026/01/29 22:59:40
3938,428.73,18149.4,-2155.01,2026/01/29 22:59:40
3939,428.83,18111.4,-2151.7,2026/01/29 22:59:40
3940,428.94,18072.2,-2150.93,2026/01/29 22:59:40
3941,429.05,18053.6,-2153.11,2026/01/29 22:59:41
3942,429.16,18056.7,-2150.45,2026/01/29 22:59:41
3943,429.27,18070.3,-2152.44,2026/01/29 22:59:41
3944,429.38,18146.4,-2155.34,2026/01/29 22:59:41
3945,429.49,18185,-2156.29,2026/01/29 22:59:41
3946,429.6,18227.2,-2154.83,2026/01/29 22:59:41
3947,429.71,18257.4,-2157.34,2026/01/29 22:59:41
3948,429.81,18269.9,-2157.21,2026/01/29 22:59:41
3949,429.92,18268,-2158.56,2026/01/29 22:59:41
3950,430.03,18261.9,-2157.15,2026/01/29 22:59:42
3951,430.14,18251.1,-2155.77,2026/01/29 22:59:42
3952,430.25,18207.6,-2156.04,2026/01/29 22:59:42
3953,430.36,18154.6,-2152.7,2026/01/29 22:59:42
3954,430.47,18118.1,-2153.43,2026/01/29 22:59:42
3955,430.58,18084.9,-2152.5,2026/01/29 22:59:42
3956,430.68,18064,-2150.61,2026/01/29 22:59:42
3957,430.79,18054.8,-2152.02,2026/01/29 22:59:42
3958,430.9,18058.2,-2152.08,2026/01/29 22:59:42
3959,431.01,18103.3,-2155.59,2026/01/29 22:59:43
3960,431.12,18172.5,-2156.64,2026/01/29 22:59:43
3961,431.23,18214.9,-2156.86,2026/01/29 22:59:43
3962,431.34,18260.3,-2153.18,2026/01/29 22:59:43
3963,431.45,18273.9,-2158.91,2026/01/29 22:59:43
3964,431.55,18271.8,-2155.77,2026/01/29 22:59:43
3965,431.66,18262,-2156.87,2026/01/29 22:59:43
3966,431.77,18236.8,-2156.51,2026/01/29 22:59:43
3967,431.88,18173.6,-2151.51,2026/01/29 22:59:43
3968,431.99,18131.5,-2155.6,2026/01/29 22:59:44
3969,432.1,18095.1,-2152.1,2026/01/29 22:59:44
3970,432.21,18071.6,-2152.18,2026/01/29 22:59:44
3971,432.32,18077.8,-2152.41,2026/01/29 22:59:44
3972,432.43,18090.1,-2154.66,2026/01/29 22:59:44
3973,432.53,18138.5,-2154.34,2026/01/29 22:59:44
3974,432.64,18184.9,-2157.97,2026/01/29 22:59:44
3975,432.75,18236.9,-2155.86,2026/01/29 22:59:44
3976,432.86,18267.5,-2157.06,2026/01/29 22:59:44
3977,432.97,18265.8,-2157.72,2026/01/29 22:59:45
3978,433.08,18262.3,-2155.65,2026/01/29 22:59:45
3979,433.19,18239.6,-2158.07,2026/01/29 22:59:45
3980,433.3,18199.5,-2154.32,2026/01/29 22:59:45
3981,433.41,18142.3,-2152.77,2026/01/29 22:59:45
3982,433.52,18118.9,-2153.45,2026/01/29 22:59:45
3983,433.62,18085.7,-2154.05,2026/01/29 22:59:45
3984,433.73,18078,-2153.3,2026/01/29 22:59:45
3985,433.84,18083.9,-2153.63,2026/01/29 22:59:45
3986,433.95,18075.5,-2152.47,2026/01/29 22:59:45
3987,434.06,18098.2,-2154.73,2026/01/29 22:59:46
3988,434.17,18162.3,-2159.42,2026/01/29 22:59:46
3989,434.28,18225.6,-2153.17,2026/01/29 22:59:46
3990,434.39,18258.4,-2158.34,2026/01/29 22:59:46
3991,434.5,18274.5,-2157.08,2026/01/29 22:59:46
3992,434.6,18260.9,-2157.8,2026/01/29 22:59:46
3993,434.71,18250,-2157.56,2026/01/29 22:59:46
3994,434.82,18217,-2155.06,2026/01/29 22:59:46
3995,434.93,18166.9,-2154.74,2026/01/29 22:59:46
3996,435.04,18136.1,-2153.72,2026/01/29 22:59:47
3997,435.15,18086.8,-2152.22,2026/01/29 22:59:47
3998,435.26,18070.2,-2153.41,2026/01/29 22:59:47
3999,435.37,18065.8,-2154.01,2026/01/29 22:59:47
4000,435.47,18110.7,-2152.71,2026/01/29 22:59:47
4001,435.58,18166.6,-2157.74,2026/01/29 22:59:47
4002,435.69,18229.9,-2154.51,2026/01/29 22:59:47
4003,435.8,18267.9,-2156.77,2026/01/29 22:59:47
4004,435.91,18276.1,-2158.39,2026/01/29 22:59:47
4005,436.02,18264.9,-2154.78,2026/01/29 22:59:48
4006,436.13,18231.7,-2156.58,2026/01/29 22:59:48
4007,436.23,18175.6,-2154.06,2026/01/29 22:59:48
4008,436.34,18132.8,-2154.03,2026/01/29 22:59:48
4009,436.45,18087.9,-2153.25,2026/01/29 22:59:48
4010,436.56,18069.8,-2154.85,2026/01/29 22:59:48
4011,436.67,18067.6,-2153.04,2026/01/29 22:59:48
4012,436.78,18118.6,-2158.35,2026/01/29 22:59:48
4013,436.89,18176.8,-2154.54,2026/01/29 22:59:48
4014,437,18225.6,-2156.33,2026/01/29 22:59:49
4015,437.11,18267,-2157.38,2026/01/29 22:59:49
4016,437.22,18272.7,-2154.28,2026/01/29 22:59:49
4017,437.33,18253.2,-2157.38,2026/01/29 22:59:49
4018,437.43,18223.7,-2154.97,2026/01/29 22:59:49
4019,437.54,18161.1,-2153.99,2026/01/29 22:59:49
4020,437.65,18135.1,-2154.64,2026/01/29 22:59:49
4021,437.76,18073.3,-2151.53,2026/01/29 22:59:49
4022,437.87,18045.3,-2153.28,2026/01/29 22:59:49
4023,437.98,18045.4,-2153.84,2026/01/29 22:59:50
4024,438.09,18084.6,-2154.88,2026/01/29 22:59:50
4025,438.19,18151.9,-2154.79,2026/01/29 22:59:50
4026,438.3,18188.9,-2157.24,2026/01/29 22:59:50
4027,438.41,18239.7,-2153.6,2026/01/29 22:59:50
4028,438.52,18260.6,-2158.03,2026/01/29 22:59:50
4029,438.63,18260.4,-2153.77,2026/01/29 22:59:50
4030,438.74,18243.1,-2154.24,2026/01/29 22:59:50
4031,438.85,18201.6,-2153.63,2026/01/29 22:59:50
4032,438.96,18154.5,-2153.45,2026/01/29 22:59:51
4033,439.07,18106.5,-2153.72,2026/01/29 22:59:51
4034,439.18,18062.1,-2152.31,2026/01/29 22:59:51
4035,439.28,18061.6,-2153.46,2026/01/29 22:59:51
4036,439.39,18090.4,-2154.06,2026/01/29 22:59:51
4037,439.5,18153.3,-2157.3,2026/01/29 22:59:51
4038,439.61,18204.7,-2154.22,2026/01/29 22:59:51
4039,439.72,18250.4,-2153.11,2026/01/29 22:59:51
4040,439.83,18249.3,-2153.49,2026/01/29 22:59:51
4041,439.94,18243.8,-2153.35,2026/01/29 22:59:51
4042,440.04,18206.9,-2155.05,2026/01/29 22:59:52
4043,440.15,18164.3,-2151.31,2026/01/29 22:59:52
4044,440.26,18084.4,-2153.3,2026/01/29 22:59:52
4045,440.37,18048.7,-2153.31,2026/01/29 22:59:52
4046,440.48,18032.2,-2149.93,2026/01/29 22:59:52
4047,440.59,18071.6,-2150.96,2026/01/29 22:59:52
4048,440.7,18148.3,-2150.44,2026/01/29 22:59:52
4049,440.81,18190.9,-2150.89,2026/01/29 22:59:52
4050,440.92,18234.2,-2150.88,2026/01/29 22:59:52
4051,441.03,18249.2,-2149.7,2026/01/29 22:59:53
4052,441.13,18248.3,-2151.01,2026/01/29 22:59:53
4053,441.24,18227.5,-2149.73,2026/01/29 22:59:53
4054,441.35,18196.3,-2147.75,2026/01/29 22:59:53
4055,441.46,18153.1,-2152.16,2026/01/29 22:59:53
4056,441.57,18103.4,-2147.39,2026/01/29 22:59:53
4057,441.68,18062.1,-2151.16,2026/01/29 22:59:53
4058,441.79,18084.6,-2151.45,2026/01/29 22:59:53
4059,441.9,18139.3,-2151.66,2026/01/29 22:59:53
4060,442.01,18175.6,-2152.69,2026/01/29 22:59:54
4061,442.11,18240.6,-2149.62,2026/01/29 22:59:54
4062,442.22,18262.3,-2149.9,2026/01/29 22:59:54
4063,442.33,18256.9,-2150.68,2026/01/29 22:59:54
4064,442.44,18228.7,-2150.81,2026/01/29 22:59:54
4065,442.55,18188.6,-2147.58,2026/01/29 22:59:54
4066,442.66,18151.3,-2151.88,2026/01/29 22:59:54
4067,442.77,18105.8,-2147.7,2026/01/29 22:59:54
4068,442.88,18066.6,-2150.39,2026/01/29 22:59:54
4069,442.99,18063.9,-2150.27,2026/01/29 22:59:55
4070,443.1,18070.2,-2149.78,2026/01/29 22:59:55
4071,443.2,18131.9,-2153.97,2026/01/29 22:59:55
4072,443.31,18173.1,-2150.41,2026/01/29 22:59:55
4073,443.42,18225.1,-2151.2,2026/01/29 22:59:55
4074,443.53,18260.1,-2150.68,2026/01/29 22:59:55
4075,443.64,18255.9,-2151.19,2026/01/29 22:59:55
4076,443.75,18243.7,-2148.11,2026/01/29 22:59:55
4077,443.86,18214.5,-2152.06,2026/01/29 22:59:55
4078,443.96,18161.7,-2148.97,2026/01/29 22:59:56
4079,444.07,18136.2,-2149.77,2026/01/29 22:59:56
4080,444.18,18072.2,-2150.94,2026/01/29 22:59:56
4081,444.29,18062,-2149.5,2026/01/29 22:59:56
4082,444.4,18063.4,-2152.04,2026/01/29 22:59:56
4083,444.51,18108,-2150.74,2026/01/29 22:59:56
4084,444.62,18150.9,-2151.79,2026/01/29 22:59:56
4085,444.73,18207.6,-2151.9,2026/01/29 22:59:56
4086,444.84,18252.3,-2150.4,2026/01/29 22:59:56
4087,444.94,18259.2,-2150.76,2026/01/29 22:59:56
4088,445.05,18254,-2149.98,2026/01/29 22:59:57
4089,445.16,18228,-2148.98,2026/01/29 22:59:57
4090,445.27,18196.4,-2148.94,2026/01/29 22:59:57
4091,445.38,18149.1,-2152.84,2026/01/29 22:59:57
4092,445.49,18115,-2149.17,2026/01/29 22:59:57
4093,445.59,18092.3,-2152.31,2026/01/29 22:59:57
4094,445.7,18102.5,-2152.27,2026/01/29 22:59:57
4095,445.81,18126.9,-2152.51,2026/01/29 22:59:57
4096,445.92,18160.1,-2156.19,2026/01/29 22:59:57
4097,446.03,18228.4,-2148.66,2026/01/29 22:59:58
4098,446.14,18257.9,-2152.83,2026/01/29 22:59:58
4099,446.25,18265.9,-2152.08,2026/01/29 22:59:58
4100,446.36,18254,-2151.28,2026/01/29 22:59:58
4101,446.47,18226.2,-2150.03,2026/01/29 22:59:58
4102,446.58,18161.8,-2150.54,2026/01/29 22:59:58
4103,446.68,18125.8,-2146.8,2026/01/29 22:59:58
4104,446.79,18069.1,-2151.73,2026/01/29 22:59:58
4105,446.9,18066,-2149.8,2026/01/29 22:59:58
4106,447.01,18080.1,-2151.4,2026/01/29 22:59:59
4107,447.12,18142.3,-2153.63,2026/01/29 22:59:59
4108,447.23,18192.8,-2149.48,2026/01/29 22:59:59
4109,447.34,18244.5,-2152.23,2026/01/29 22:59:59
4110,447.45,18268.1,-2151.73,2026/01/29 22:59:59
4111,447.55,18257.9,-2152.74,2026/01/29 22:59:59
4112,447.66,18255.9,-2152.88,2026/01/29 22:59:59
4113,447.77,18230.3,-2150.59,2026/01/29 22:59:59
4114,447.88,18184.7,-2149.63,2026/01/29 22:59:59
4115,447.99,18152.5,-2149.71,2026/01/29 23:00:00
4116,448.1,18099.8,-2147.94,2026/01/29 23:00:00
4117,448.21,18049.2,-2151.74,2026/01/29 23:00:00
4118,448.32,18033.2,-2147.09,2026/01/29 23:00:00
4119,448.43,18098.2,-2147.68,2026/01/29 23:00:00
4120,448.54,18155.1,-2148.48,2026/01/29 23:00:00
4121,448.64,18206.8,-2142.86,2026/01/29 23:00:00
4122,448.75,18242.4,-2148.94,2026/01/29 23:00:00
4123,448.86,18262.6,-2149.09,2026/01/29 23:00:00
4124,448.97,18258.7,-2149.72,2026/01/29 23:00:01
4125,449.08,18241.4,-2149.27,2026/01/29 23:00:01
4126,449.19,18208,-2146.05,2026/01/29 23:00:01
4127,449.3,18155.2,-2149.69,2026/01/29 23:00:01
4128,449.41,18121.9,-2143.62,2026/01/29 23:00:01
4129,449.52,18059.2,-2145.62,2026/01/29 23:00:01
4130,449.62,18057,-2145.49,2026/01/29 23:00:01
4131,449.73,18101.7,-2147.75,2026/01/29 23:00:01
4132,449.84,18150,-2146.69,2026/01/29 23:00:01
4133,449.95,18213.6,-2149.4,2026/01/29 23:00:01
4134,450.06,18254.7,-2150.06,2026/01/29 23:00:02
4135,450.16,18260.3,-2148.75,2026/01/29 23:00:02
4136,450.27,18256.9,-2154.03,2026/01/29 23:00:02
4137,450.38,18262,-2149.86,2026/01/29 23:00:02
4138,450.49,18246.7,-2151.6,2026/01/29 23:00:02
4139,450.6,18198.1,-2146.51,2026/01/29 23:00:02
4140,450.71,18148.5,-2146.56,2026/01/29 23:00:02
4141,450.82,18092.7,-2147.85,2026/01/29 23:00:02
4142,450.93,18067.4,-2144.21,2026/01/29 23:00:02
4143,451.04,18090.8,-2149,2026/01/29 23:00:03
4144,451.15,18142.2,-2148.52,2026/01/29 23:00:03
4145,451.25,18193.7,-2146.54,2026/01/29 23:00:03
4146,451.36,18264.1,-2149.5,2026/01/29 23:00:03
4147,451.47,18280.3,-2150.42,2026/01/29 23:00:03
4148,451.58,18271.7,-2151.48,2026/01/29 23:00:03
4149,451.69,18265.1,-2151.82,2026/01/29 23:00:03
4150,451.8,18217.3,-2146.61,2026/01/29 23:00:03
4151,451.91,18155.3,-2149.08,2026/01/29 23:00:03
4152,452.02,18111.9,-2146.74,2026/01/29 23:00:04
4153,452.13,18060.6,-2144.27,2026/01/29 23:00:04
4154,452.24,18031.1,-2147.88,2026/01/29 23:00:04
4155,452.34,18059.2,-2143.98,2026/01/29 23:00:04
4156,452.45,18134.6,-2148.37,2026/01/29 23:00:04
4157,452.56,18198.7,-2144.61,2026/01/29 23:00:04
4158,452.67,18248.1,-2146.3,2026/01/29 23:00:04
4159,452.78,18257,-2145.95,2026/01/29 23:00:04
4160,452.89,18250.4,-2144.94,2026/01/29 23:00:04
4161,453,18233.1,-2148.38,2026/01/29 23:00:05
4162,453.11,18206.8,-2143.6,2026/01/29 23:00:05
4163,453.21,18154.1,-2144.99,2026/01/29 23:00:05
4164,453.32,18146.4,-2145.85,2026/01/29 23:00:05
4165,453.43,18097.6,-2143.39,2026/01/29 23:00:05
4166,453.54,18052.5,-2146.12,2026/01/29 23:00:05
4167,453.65,18045.3,-2144.92,2026/01/29 23:00:05
4168,453.76,18077.2,-2145.42,2026/01/29 23:00:05
4169,453.87,18140,-2147.04,2026/01/29 23:00:05
4170,453.98,18196.5,-2145.38,2026/01/29 23:00:06
4171,454.09,18258.3,-2146.69,2026/01/29 23:00:06
4172,454.2,18265.2,-2149.01,2026/01/29 23:00:06
4173,454.3,18262.4,-2147.5,2026/01/29 23:00:06
4174,454.41,18238.6,-2151.16,2026/01/29 23:00:06
4175,454.52,18182.3,-2144.58,2026/01/29 23:00:06
4176,454.63,18139,-2147.56,2026/01/29 23:00:06
4177,454.74,18079.3,-2143.55,2026/01/29 23:00:06
4178,454.85,18062.3,-2146.16,2026/01/29 23:00:06
4179,454.96,18064.7,-2145.72,2026/01/29 23:00:07
4180,455.06,18126.2,-2145.74,2026/01/29 23:00:07
4181,455.17,18176.9,-2148.86,2026/01/29 23:00:07
4182,455.28,18230.8,-2142.05,2026/01/29 23:00:07
4183,455.39,18234.9,-2149.17,2026/01/29 23:00:07
4184,455.5,18246.7,-2148.02,2026/01/29 23:00:07
4185,455.61,18242.7,-2149.3,2026/01/29 23:00:07
4186,455.72,18249.7,-2149.8,2026/01/29 23:00:07
4187,455.83,18248.8,-2149.67,2026/01/29 23:00:07
4188,455.94,18248.3,-2150.94,2026/01/29 23:00:07
4189,456.05,18254.8,-2148.3,2026/01/29 23:00:08
4190,456.16,18253.2,-2152.81,2026/01/29 23:00:08
4191,456.26,18258.4,-2149.5,2026/01/29 23:00:08
4192,456.37,18254.6,-2152.13,2026/01/29 23:00:08
4193,456.48,18260.7,-2151.65,2026/01/29 23:00:08
4194,456.59,18258,-2150.62,2026/01/29 23:00:08
4195,456.7,18257,-2152.51,2026/01/29 23:00:08
4196,456.81,18258.5,-2151.19,2026/01/29 23:00:08
4197,456.92,18258.3,-2152.9,2026/01/29 23:00:08
4198,457.03,18263.3,-2149.97,2026/01/29 23:00:09
4199,457.13,18258.4,-2152.93,2026/01/29 23:00:09
4200,457.24,18264,-2151.81,2026/01/29 23:00:09
4201,457.35,18258.4,-2152.2,2026/01/29 23:00:09
4202,457.46,18262.1,-2153.32,2026/01/29 23:00:09
4203,457.57,18259.8,-2152.97,2026/01/29 23:00:09
4204,457.68,18262.4,-2153.23,2026/01/29 23:00:09
4205,457.79,18262.9,-2151.91,2026/01/29 23:00:09
4206,457.9,18259.8,-2154.69,2026/01/29 23:00:09
4207,458.01,18264.8,-2152.64,2026/01/29 23:00:10
4208,458.11,18259.2,-2153.5,2026/01/29 23:00:10
4209,458.22,18263.9,-2153.81,2026/01/29 23:00:10
4210,458.33,18260.6,-2153.17,2026/01/29 23:00:10
4211,458.44,18261.4,-2153.66,2026/01/29 23:00:10
4212,458.55,18262.8,-2152.71,2026/01/29 23:00:10
4213,458.66,18259.6,-2154.22,2026/01/29 23:00:10
4214,458.77,18265,-2151.68,2026/01/29 23:00:10
4215,458.87,18259.3,-2154.15,2026/01/29 23:00:10
4216,458.98,18264.8,-2153.05,2026/01/29 23:00:11
4217,459.09,18258.4,-2154.46,2026/01/29 23:00:11
4218,459.2,18263.6,-2153.53,2026/01/29 23:00:11
4219,459.31,18259.4,-2153.99,2026/01/29 23:00:11
4220,459.42,18263.8,-2154.11,2026/01/29 23:00:11
4221,459.53,18262.7,-2153.65,2026/01/29 23:00:11
4222,459.64,18261.2,-2155.35,2026/01/29 23:00:11
4223,459.75,18264.3,-2152.34,2026/01/29 23:00:11
4224,459.85,18259,-2156.25,2026/01/29 23:00:11
4225,459.96,18267.1,-2154.88,2026/01/29 23:00:12
4226,460.07,18261,-2154.58,2026/01/29 23:00:12
4227,460.18,18265.7,-2154.89,2026/01/29 23:00:12
4228,460.29,18264.2,-2154.35,2026/01/29 23:00:12
4229,460.4,18264,-2156.11,2026/01/29 23:00:12
4230,460.51,18264.6,-2152.85,2026/01/29 23:00:12
4231,460.61,18262.7,-2156.45,2026/01/29 23:00:12
4232,460.72,18267.1,-2153.23,2026/01/29 23:00:12
4233,460.83,18260.7,-2157.59,2026/01/29 23:00:12
4234,460.94,18267.4,-2152.21,2026/01/29 23:00:12
4235,461.05,18262.6,-2157.88,2026/01/29 23:00:13
4236,461.16,18266,-2153.76,2026/01/29 23:00:13
4237,461.27,18263.5,-2156.68,2026/01/29 23:00:13
4238,461.38,18264.7,-2154.77,2026/01/29 23:00:13
4239,461.49,18266,-2156.33,2026/01/29 23:00:13
4240,461.6,18262.4,-2154.71,2026/01/29 23:00:13
4241,461.71,18267.1,-2155.53,2026/01/29 23:00:13
4242,461.81,18263.7,-2156.42,2026/01/29 23:00:13
4243,461.92,18266.4,-2155.18,2026/01/29 23:00:13
4244,462.03,18263.8,-2155.36,2026/01/29 23:00:14
4245,462.14,18264.6,-2156.24,2026/01/29 23:00:14
4246,462.25,18265.8,-2155.54,2026/01/29 23:00:14
4247,462.36,18263.9,-2157.26,2026/01/29 23:00:14
4248,462.47,18267.7,-2154.06,2026/01/29 23:00:14
4249,462.58,18261.4,-2157.49,2026/01/29 23:00:14
4250,462.68,18269.3,-2154.02,2026/01/29 23:00:14
4251,462.79,18262.6,-2156.98,2026/01/29 23:00:14
4252,462.9,18267.5,-2155.39,2026/01/29 23:00:14
4253,463.01,18264.4,-2157.44,2026/01/29 23:00:15
4254,463.12,18266.7,-2155.63,2026/01/29 23:00:15
4255,463.23,18266.2,-2156.99,2026/01/29 23:00:15
4256,463.34,18263.8,-2155.46,2026/01/29 23:00:15
4257,463.45,18267,-2156.52,2026/01/29 23:00:15
4258,463.55,18264.8,-2157.11,2026/01/29 23:00:15
4259,463.66,18266.2,-2155.43,2026/01/29 23:00:15
4260,463.77,18266.1,-2156.89,2026/01/29 23:00:15
4261,463.88,18263.6,-2157.43,2026/01/29 23:00:15
4262,463.99,18268,-2154.45,2026/01/29 23:00:16
4263,464.1,18262.5,-2158.3,2026/01/29 23:00:16
4264,464.2,18269.1,-2155.69,2026/01/29 23:00:16
4265,464.32,18262.4,-2158.43,2026/01/29 23:00:16
4266,464.42,18268.4,-2154.94,2026/01/29 23:00:16
4267,464.53,18264.1,-2157.71,2026/01/29 23:00:16
4268,464.64,18266.7,-2154.84,2026/01/29 23:00:16
4269,464.75,18265.7,-2159.24,2026/01/29 23:00:16
4270,464.86,18264.5,-2156.66,2026/01/29 23:00:16
4271,464.97,18269,-2156.64,2026/01/29 23:00:17
4272,465.08,18264.1,-2157.19,2026/01/29 23:00:17
4273,465.19,18269.2,-2155.84,2026/01/29 23:00:17
4274,465.3,18263.1,-2158.27,2026/01/29 23:00:17
4275,465.4,18269.5,-2156.13,2026/01/29 23:00:17
4276,465.51,18263.4,-2158.14,2026/01/29 23:00:17
4277,465.62,18268.6,-2156.53,2026/01/29 23:00:17
4278,465.73,18264.5,-2159.11,2026/01/29 23:00:17
4279,465.84,18266,-2156.13,2026/01/29 23:00:17
4280,465.95,18267.5,-2158.15,2026/01/29 23:00:17
4281,466.06,18264.2,-2157.36,2026/01/29 23:00:18
4282,466.17,18267.4,-2157.89,2026/01/29 23:00:18
4283,466.28,18264,-2156.84,2026/01/29 23:00:18
4284,466.38,18267.6,-2157.73,2026/01/29 23:00:18
4285,466.49,18265.2,-2156.53,2026/01/29 23:00:18
4286,466.6,18266.5,-2157.94,2026/01/29 23:00:18
4287,466.71,18265.4,-2156.58,2026/01/29 23:00:18
4288,466.82,18265.3,-2157.99,2026/01/29 23:00:18
4289,466.93,18267.1,-2156.23,2026/01/29 23:00:18
4290,467.04,18264.5,-2157.8,2026/01/29 23:00:19
4291,467.15,18267.3,-2156.51,2026/01/29 23:00:19
4292,467.26,18265,-2157.77,2026/01/29 23:00:19
4293,467.36,18267.3,-2157.81,2026/01/29 23:00:19
4294,467.47,18266.4,-2157.23,2026/01/29 23:00:19
4295,467.58,18265.8,-2157.96,2026/01/29 23:00:19
4296,467.69,18267.6,-2155.38,2026/01/29 23:00:19
4297,467.8,18264,-2159.61,2026/01/29 23:00:19
4298,467.91,18268.8,-2155.86,2026/01/29 23:00:19
4299,468.02,18263.7,-2160.47,2026/01/29 23:00:20
4300,468.13,18267.8,-2155.14,2026/01/29 23:00:20
4301,468.24,18266.1,-2159,2026/01/29 23:00:20
4302,468.34,18264.3,-2157.05,2026/01/29 23:00:20
4303,468.45,18268.9,-2156.81,2026/01/29 23:00:20
4304,468.56,18263.9,-2158.53,2026/01/29 23:00:20
4305,468.67,18269.2,-2156.92,2026/01/29 23:00:20
4306,468.78,18262.5,-2157.97,2026/01/29 23:00:20
4307,468.89,18269.1,-2156.91,2026/01/29 23:00:20
4308,469,18264.2,-2158.88,2026/01/29 23:00:21
4309,469.11,18267.4,-2158.08,2026/01/29 23:00:21
4310,469.21,18266.2,-2159.42,2026/01/29 23:00:21
4311,469.32,18264.4,-2157.89,2026/01/29 23:00:21
4312,469.43,18267.7,-2157.84,2026/01/29 23:00:21
4313,469.54,18265.6,-2158.67,2026/01/29 23:00:21
4314,469.65,18267.7,-2158.25,2026/01/29 23:00:21
4315,469.76,18267.1,-2157.53,2026/01/29 23:00:21
4316,469.86,18266.3,-2159.1,2026/01/29 23:00:21
4317,469.97,18267.1,-2156.95,2026/01/29 23:00:22
4318,470.08,18265.9,-2159.75,2026/01/29 23:00:22
4319,470.19,18269.4,-2156.1,2026/01/29 23:00:22
4320,470.3,18264.3,-2160.92,2026/01/29 23:00:22
4321,470.41,18268.9,-2155.87,2026/01/29 23:00:22
4322,470.52,18266,-2159.01,2026/01/29 23:00:22
4323,470.63,18267.6,-2156.69,2026/01/29 23:00:22
4324,470.74,18268.8,-2159.13,2026/01/29 23:00:22
4325,470.84,18265.5,-2158.3,2026/01/29 23:00:22
4326,470.95,18269.8,-2157.61,2026/01/29 23:00:22
4327,471.06,18263.8,-2159.08,2026/01/29 23:00:23
4328,471.17,18270.8,-2158.06,2026/01/29 23:00:23
4329,471.28,18264.5,-2158.61,2026/01/29 23:00:23
4330,471.39,18269.4,-2158.15,2026/01/29 23:00:23
4331,471.5,18266.2,-2159.7,2026/01/29 23:00:23
4332,471.61,18268,-2158,2026/01/29 23:00:23
4333,471.72,18268,-2159.79,2026/01/29 23:00:23
4334,471.82,18264.7,-2157.13,2026/01/29 23:00:23
4335,471.93,18269.3,-2157.92,2026/01/29 23:00:23
4336,472.04,18265.8,-2158.29,2026/01/29 23:00:24
4337,472.15,18268.3,-2158.98,2026/01/29 23:00:24
4338,472.26,18266.2,-2158.11,2026/01/29 23:00:24
4339,472.37,18268.1,-2158.93,2026/01/29 23:00:24
4340,472.48,18267.2,-2157.64,2026/01/29 23:00:24
4341,472.58,18266.4,-2159.29,2026/01/29 23:00:24
4342,472.69,18269.3,-2157.34,2026/01/29 23:00:24
4343,472.8,18265.7,-2159.58,2026/01/29 23:00:24
4344,472.91,18269.1,-2156.6,2026/01/29 23:00:24
4345,473.02,18266.6,-2159.8,2026/01/29 23:00:25
4346,473.13,18268.8,-2157.13,2026/01/29 23:00:25
4347,473.24,18268.7,-2158.61,2026/01/29 23:00:25
4348,473.35,18266.5,-2159.17,2026/01/29 23:00:25
4349,473.46,18270.3,-2157.05,2026/01/29 23:00:25
4350,473.57,18263.7,-2160.39,2026/01/29 23:00:25
4351,473.67,18268.4,-2156.47,2026/01/29 23:00:25
4352,473.78,18260.7,-2160.98,2026/01/29 23:00:25
4353,473.89,18268.1,-2156.05,2026/01/29 23:00:25
4354,474,18262.7,-2160.45,2026/01/29 23:00:26
4355,474.11,18266.2,-2157.61,2026/01/29 23:00:26
4356,474.22,18265,-2160.04,2026/01/29 23:00:26
4357,474.33,18266,-2157.33,2026/01/29 23:00:26
4358,474.44,18267.9,-2158.09,2026/01/29 23:00:26
4359,474.55,18263.2,-2159.32,2026/01/29 23:00:26
4360,474.65,18268.9,-2157.66,2026/01/29 23:00:26
4361,474.76,18262.1,-2159.66,2026/01/29 23:00:26
4362,474.87,18269.2,-2157.4,2026/01/29 23:00:26
4363,474.98,18262.9,-2159.79,2026/01/29 23:00:27
4364,475.09,18267.4,-2157.68,2026/01/29 23:00:27
4365,475.2,18264.1,-2160.35,2026/01/29 23:00:27
4366,475.31,18266.1,-2158.12,2026/01/29 23:00:27
4367,475.42,18267.7,-2160.21,2026/01/29 23:00:27
4368,475.53,18263.7,-2157.87,2026/01/29 23:00:27
4369,475.64,18269,-2158.49,2026/01/29 23:00:27
4370,475.74,18264.3,-2158.78,2026/01/29 23:00:27
4371,475.86,18268.9,-2158.61,2026/01/29 23:00:27
4372,475.96,18263.9,-2158.72,2026/01/29 23:00:28
4373,476.07,18269.8,-2158.72,2026/01/29 23:00:28
4374,476.18,18266.1,-2159.47,2026/01/29 23:00:28
4375,476.29,18267.9,-2159.08,2026/01/29 23:00:28
4376,476.4,18266.9,-2160.04,2026/01/29 23:00:28
4377,476.51,18265.4,-2158.19,2026/01/29 23:00:28
4378,476.62,18268.4,-2158.95,2026/01/29 23:00:28
4379,476.72,18267,-2159.97,2026/01/29 23:00:28
4380,476.83,18268.6,-2158.57,2026/01/29 23:00:28
4381,476.94,18266.2,-2158.53,2026/01/29 23:00:28
4382,477.05,18267.8,-2159.45,2026/01/29 23:00:29
4383,477.16,18268.1,-2157.98,2026/01/29 23:00:29
4384,477.27,18266.9,-2161.24,2026/01/29 23:00:29
4385,477.38,18269.9,-2157.22,2026/01/29 23:00:29
4386,477.49,18264.2,-2161.58,2026/01/29 23:00:29
4387,477.6,18270.1,-2156.46,2026/01/29 23:00:29
4388,477.7,18265.8,-2161.49,2026/01/29 23:00:29
4389,477.81,18268,-2158.18,2026/01/29 23:00:29
4390,477.92,18267.9,-2160.05,2026/01/29 23:00:29
4391,478.03,18268.4,-2158.88,2026/01/29 23:00:30
4392,478.14,18271.3,-2157.98,2026/01/29 23:00:30
4393,478.25,18266.1,-2160.19,2026/01/29 23:00:30
4394,478.36,18271.6,-2157.69,2026/01/29 23:00:30
4395,478.47,18265,-2160.62,2026/01/29 23:00:30
4396,478.58,18272.5,-2158.5,2026/01/29 23:00:30
4397,478.69,18267.8,-2161.27,2026/01/29 23:00:30
4398,478.79,18273.1,-2158.17,2026/01/29 23:00:30
4399,478.9,18269.9,-2161.53,2026/01/29 23:00:30
4400,479.01,18271,-2157.99,2026/01/29 23:00:31
4401,479.12,18273.1,-2160.23,2026/01/29 23:00:31
4402,479.23,18269.9,-2160.45,2026/01/29 23:00:31
4403,479.34,18272.8,-2159.67,2026/01/29 23:00:31
4404,479.45,18269.7,-2158.24,2026/01/29 23:00:31
4405,479.56,18273.4,-2160.61,2026/01/29 23:00:31
4406,479.67,18270.7,-2159.13,2026/01/29 23:00:31
4407,479.77,18272.6,-2160.37,2026/01/29 23:00:31
4408,479.88,18271.1,-2159.45,2026/01/29 23:00:31
4409,479.99,18273.2,-2160.57,2026/01/29 23:00:32
4410,480.1,18273.7,-2159.66,2026/01/29 23:00:32
4411,480.21,18272,-2160.7,2026/01/29 23:00:32
4412,480.32,18275.1,-2157.88,2026/01/29 23:00:32
4413,480.43,18271.6,-2161.76,2026/01/29 23:00:32
4414,480.54,18274.5,-2158.22,2026/01/29 23:00:32
4415,480.64,18273.3,-2160.39,2026/01/29 23:00:32
4416,480.75,18271.3,-2160.22,2026/01/29 23:00:32
4417,480.86,18276,-2158.02,2026/01/29 23:00:32
4418,480.97,18271.2,-2162.11,2026/01/29 23:00:33
4419,481.08,18278.1,-2159.36,2026/01/29 23:00:33
4420,481.19,18270.4,-2161.32,2026/01/29 23:00:33
4421,481.3,18276.9,-2159.23,2026/01/29 23:00:33
4422,481.41,18272.8,-2160.98,2026/01/29 23:00:33
4423,481.52,18275.4,-2158.76,2026/01/29 23:00:33
4424,481.62,18275.6,-2161.18,2026/01/29 23:00:33
4425,481.73,18272.9,-2159.81,2026/01/29 23:00:33
4426,481.84,18277,-2161.44,2026/01/29 23:00:33
4427,481.95,18272.6,-2160.64,2026/01/29 23:00:33
4428,482.06,18276.8,-2160.86,2026/01/29 23:00:34
4429,482.17,18273.1,-2159.75,2026/01/29 23:00:34
4430,482.28,18276.9,-2160.35,2026/01/29 23:00:34
4431,482.39,18274.7,-2160.27,2026/01/29 23:00:34
4432,482.49,18276.1,-2160.73,2026/01/29 23:00:34
4433,482.6,18275.1,-2160.11,2026/01/29 23:00:34
4434,482.71,18274,-2161.48,2026/01/29 23:00:34
4435,482.82,18278.5,-2158.4,2026/01/29 23:00:34
4436,482.93,18274.4,-2163.75,2026/01/29 23:00:34
4437,483.04,18278.3,-2158.59,2026/01/29 23:00:35
4438,483.15,18275.8,-2161.61,2026/01/29 23:00:35
4439,483.26,18276.2,-2159.7,2026/01/29 23:00:35
4440,483.36,18277.9,-2159.89,2026/01/29 23:00:35
4441,483.47,18273.4,-2162.54,2026/01/29 23:00:35
4442,483.58,18280.2,-2159.36,2026/01/29 23:00:35
4443,483.69,18273.6,-2159.77,2026/01/29 23:00:35
4444,483.8,18279.4,-2160.71,2026/01/29 23:00:35
4445,483.91,18274.8,-2161.15,2026/01/29 23:00:35
4446,484.02,18277.6,-2159.9,2026/01/29 23:00:36
4447,484.13,18275.2,-2160.13,2026/01/29 23:00:36
4448,484.23,18277.1,-2159.07,2026/01/29 23:00:36
4449,484.34,18277.8,-2162.47,2026/01/29 23:00:36
4450,484.45,18275.1,-2159.87,2026/01/29 23:00:36
4451,484.56,18279.2,-2160.45,2026/01/29 23:00:36
4452,484.67,18276,-2160.16,2026/01/29 23:00:36
4453,484.78,18278.8,-2161.32,2026/01/29 23:00:36
4454,484.89,18276,-2160.44,2026/01/29 23:00:36
4455,485,18277.6,-2161.48,2026/01/29 23:00:37
4456,485.11,18277.4,-2160.19,2026/01/29 23:00:37
4457,485.22,18278.4,-2161.36,2026/01/29 23:00:37
4458,485.33,18277.6,-2160.29,2026/01/29 23:00:37
4459,485.43,18276.7,-2161.38,2026/01/29 23:00:37
4460,485.54,18279.5,-2160.02,2026/01/29 23:00:37
4461,485.65,18275.8,-2161.96,2026/01/29 23:00:37
4462,485.76,18270.5,-2157.78,2026/01/29 23:00:37
4463,485.87,18200.4,-2159.06,2026/01/29 23:00:37
4464,485.98,18141.4,-2156.08,2026/01/29 23:00:38
4465,486.09,18074.5,-2151.79,2026/01/29 23:00:38
4466,486.2,18064.6,-2148.32,2026/01/29 23:00:38
4467,486.31,18093.5,-2148.56,2026/01/29 23:00:38
4468,486.41,18179.9,-2150.21,2026/01/29 23:00:38
4469,486.52,18282.3,-2151.97,2026/01/29 23:00:38
4470,486.63,18306.8,-2158.43,2026/01/29 23:00:38
4471,486.74,18282.1,-2152.64,2026/01/29 23:00:38
4472,486.85,18185.9,-2150.42,2026/01/29 23:00:38
4473,486.96,18114.1,-2146.86,2026/01/29 23:00:39
4474,487.07,18100.1,-2149,2026/01/29 23:00:39
4475,487.18,18107.3,-2148.46,2026/01/29 23:00:39
4476,487.29,18184.9,-2152.36,2026/01/29 23:00:39
4477,487.39,18270.2,-2154.11,2026/01/29 23:00:39
4478,487.5,18295.1,-2156.89,2026/01/29 23:00:39
4479,487.61,18258.2,-2152.11,2026/01/29 23:00:39
4480,487.72,18185,-2148.71,2026/01/29 23:00:39
4481,487.83,18104.9,-2149.29,2026/01/29 23:00:39
4482,487.94,18106.9,-2149.49,2026/01/29 23:00:39
4483,488.05,18150.5,-2151.01,2026/01/29 23:00:40
4484,488.16,18217,-2151.55,2026/01/29 23:00:40
4485,488.27,18289.8,-2155.59,2026/01/29 23:00:40
4486,488.38,18297,-2156.01,2026/01/29 23:00:40
4487,488.49,18261.5,-2152.42,2026/01/29 23:00:40
4488,488.6,18177.5,-2149.56,2026/01/29 23:00:40
4489,488.7,18114.2,-2149.03,2026/01/29 23:00:40
4490,488.81,18113,-2149.13,2026/01/29 23:00:40
4491,488.92,18152.7,-2152.73,2026/01/29 23:00:40
4492,489.03,18236.7,-2153.81,2026/01/29 23:00:41
4493,489.14,18303.2,-2159.6,2026/01/29 23:00:41
4494,489.25,18305.3,-2156.38,2026/01/29 23:00:41
4495,489.36,18256.6,-2154.75,2026/01/29 23:00:41
4496,489.46,18189.4,-2146.91,2026/01/29 23:00:41
4497,489.57,18126,-2151.21,2026/01/29 23:00:41
4498,489.68,18099.4,-2149.84,2026/01/29 23:00:41
4499,489.79,18099.5,-2152.41,2026/01/29 23:00:41
4500,489.9,18107.1,-2149.54,2026/01/29 23:00:41
4501,490.01,18158.3,-2151.3,2026/01/29 23:00:42
4502,490.12,18212.2,-2151.94,2026/01/29 23:00:42
4503,490.23,18279.7,-2153.9,2026/01/29 23:00:42
4504,490.33,18294.1,-2156.69,2026/01/29 23:00:42
4505,490.44,18297.7,-2158.33,2026/01/29 23:00:42
4506,490.55,18291.5,-2156.86,2026/01/29 23:00:42
4507,490.66,18273.5,-2156.21,2026/01/29 23:00:42
4508,490.77,18208.2,-2150.11,2026/01/29 23:00:42
4509,490.88,18169,-2151.04,2026/01/29 23:00:42
4510,490.99,18130.9,-2148.39,2026/01/29 23:00:43
4511,491.1,18108.4,-2151.93,2026/01/29 23:00:43
4512,491.21,18104.8,-2148.61,2026/01/29 23:00:43
4513,491.32,18095.9,-2153.48,2026/01/29 23:00:43
4514,491.42,18159.7,-2149.68,2026/01/29 23:00:43
4515,491.53,18219.6,-2153.22,2026/01/29 23:00:43
4516,491.64,18283.9,-2155.61,2026/01/29 23:00:43
4517,491.75,18294.4,-2156.79,2026/01/29 23:00:43
4518,491.86,18288.8,-2158.91,2026/01/29 23:00:43
4519,491.97,18272.9,-2153.69,2026/01/29 23:00:44
4520,492.08,18197.9,-2150.1,2026/01/29 23:00:44
4521,492.18,18161.8,-2148.22,2026/01/29 23:00:44
4522,492.3,18110.6,-2151.07,2026/01/29 23:00:44
4523,492.4,18115.5,-2149.1,2026/01/29 23:00:44
4524,492.51,18132.4,-2152.3,2026/01/29 23:00:44
4525,492.62,18182.4,-2152.45,2026/01/29 23:00:44
4526,492.73,18243,-2155.36,2026/01/29 23:00:44
4527,492.84,18299.5,-2157.09,2026/01/29 23:00:44
4528,492.95,18325.5,-2160.74,2026/01/29 23:00:44
4529,493.06,18318.8,-2160.47,2026/01/29 23:00:45
4530,493.17,18313.1,-2161.01,2026/01/29 23:00:45
4531,493.28,18291.5,-2157.49,2026/01/29 23:00:45
4532,493.38,18266.9,-2157.14,2026/01/29 23:00:45
4533,493.49,18213.2,-2151.66,2026/01/29 23:00:45
4534,493.6,18169.4,-2150.34,2026/01/29 23:00:45
4535,493.71,18124.5,-2148.53,2026/01/29 23:00:45
4536,493.82,18090.8,-2151.72,2026/01/29 23:00:45
4537,493.93,18096.6,-2150.15,2026/01/29 23:00:45
4538,494.04,18103.2,-2150.95,2026/01/29 23:00:46
4539,494.15,18118.5,-2149.99,2026/01/29 23:00:46
4540,494.26,18173.6,-2152.49,2026/01/29 23:00:46
4541,494.37,18227.8,-2150.74,2026/01/29 23:00:46
4542,494.48,18283.8,-2156.19,2026/01/29 23:00:46
4543,494.59,18308.6,-2158.48,2026/01/29 23:00:46
4544,494.69,18309.6,-2158.78,2026/01/29 23:00:46
4545,494.8,18291.5,-2158.78,2026/01/29 23:00:46
4546,494.91,18243.5,-2151.39,2026/01/29 23:00:46
4547,495.02,18180.2,-2152.2,2026/01/29 23:00:47
4548,495.13,18163.1,-2147.69,2026/01/29 23:00:47
4549,495.24,18130.7,-2152.16,2026/01/29 23:00:47
4550,495.35,18136.2,-2148.34,2026/01/29 23:00:47
4551,495.46,18122.7,-2153.47,2026/01/29 23:00:47
4552,495.57,18096.9,-2147.65,2026/01/29 23:00:47
4553,495.68,18090.7,-2152.67,2026/01/29 23:00:47
4554,495.78,18100.3,-2149.65,2026/01/29 23:00:47
4555,495.89,18156.5,-2151.71,2026/01/29 23:00:47
4556,496,18210.4,-2154.22,2026/01/29 23:00:48
4557,496.11,18290.6,-2154.89,2026/01/29 23:00:48
4558,496.22,18307.8,-2159.56,2026/01/29 23:00:48
4559,496.33,18313.8,-2160.36,2026/01/29 23:00:48
4560,496.44,18305.5,-2159.6,2026/01/29 23:00:48
4561,496.55,18294.8,-2157.82,2026/01/29 23:00:48
4562,496.66,18243.7,-2153.01,2026/01/29 23:00:48
4563,496.76,18180.9,-2151.04,2026/01/29 23:00:48
4564,496.87,18159.1,-2149.81,2026/01/29 23:00:48
4565,496.98,18105,-2149.78,2026/01/29 23:00:49
4566,497.09,18093.9,-2151.75,2026/01/29 23:00:49
4567,497.2,18092.9,-2151.14,2026/01/29 23:00:49
4568,497.31,18109.8,-2150.85,2026/01/29 23:00:49
4569,497.42,18166.3,-2150.92,2026/01/29 23:00:49
4570,497.53,18221,-2153.64,2026/01/29 23:00:49
4571,497.64,18279.2,-2154.99,2026/01/29 23:00:49
4572,497.75,18315.8,-2160.56,2026/01/29 23:00:49
4573,497.85,18326.2,-2161.08,2026/01/29 23:00:49
4574,497.96,18324,-2162.28,2026/01/29 23:00:50
4575,498.07,18319,-2159.49,2026/01/29 23:00:50
4576,498.18,18283.9,-2159.17,2026/01/29 23:00:50
4577,498.29,18231.2,-2151.34,2026/01/29 23:00:50
4578,498.4,18182.6,-2154.57,2026/01/29 23:00:50
4579,498.51,18168.1,-2148.23,2026/01/29 23:00:50
4580,498.62,18139.6,-2151.42,2026/01/29 23:00:50
4581,498.73,18119.7,-2149.93,2026/01/29 23:00:50
4582,498.84,18120.7,-2150.22,2026/01/29 23:00:50
4583,498.95,18121.5,-2151.24,2026/01/29 23:00:50
4584,499.06,18126.4,-2149.37,2026/01/29 23:00:51
4585,499.16,18147.7,-2153.18,2026/01/29 23:00:51
4586,499.27,18199.5,-2151.95,2026/01/29 23:00:51
4587,499.38,18262.9,-2157.47,2026/01/29 23:00:51
4588,499.49,18310.4,-2157.1,2026/01/29 23:00:51
4589,499.6,18310.9,-2162.81,2026/01/29 23:00:51
4590,499.71,18311.8,-2159.42,2026/01/29 23:00:51
4591,499.82,18294.5,-2160.81,2026/01/29 23:00:51
4592,499.93,18255.1,-2155.24,2026/01/29 23:00:51
4593,500.04,18195.9,-2151.5,2026/01/29 23:00:52
4594,500.14,18160,-2148.86,2026/01/29 23:00:52
4595,500.25,18113.9,-2149.7,2026/01/29 23:00:52
4596,500.36,18084.1,-2152.66,2026/01/29 23:00:52
4597,500.47,18084.7,-2152.24,2026/01/29 23:00:52
4598,500.58,18083.3,-2149.98,2026/01/29 23:00:52
4599,500.69,18101.7,-2150.57,2026/01/29 23:00:52
4600,500.8,18165.8,-2150.95,2026/01/29 23:00:52
4601,500.91,18224.2,-2152.13,2026/01/29 23:00:52
4602,501.02,18290.5,-2155.93,2026/01/29 23:00:53
4603,501.12,18313.5,-2160.39,2026/01/29 23:00:53
4604,501.23,18313.2,-2159.91,2026/01/29 23:00:53
4605,501.34,18303.2,-2160.36,2026/01/29 23:00:53
4606,501.45,18273.5,-2155.06,2026/01/29 23:00:53
4607,501.56,18208.9,-2152.01,2026/01/29 23:00:53
4608,501.67,18172.6,-2150.17,2026/01/29 23:00:53
4609,501.78,18161.3,-2149.64,2026/01/29 23:00:53
4610,501.89,18144.2,-2150.75,2026/01/29 23:00:53
4611,502,18133.3,-2149.21,2026/01/29 23:00:54
4612,502.11,18122,-2152.94,2026/01/29 23:00:54
4613,502.22,18126.9,-2148.94,2026/01/29 23:00:54
4614,502.32,18125.9,-2154.23,2026/01/29 23:00:54
4615,502.43,18162.3,-2149.54,2026/01/29 23:00:54
4616,502.54,18221.6,-2157.34,2026/01/29 23:00:54
4617,502.65,18294,-2155.36,2026/01/29 23:00:54
4618,502.76,18306.8,-2161.26,2026/01/29 23:00:54
4619,502.87,18301.8,-2159.25,2026/01/29 23:00:54
4620,502.98,18296.7,-2159.07,2026/01/29 23:00:55
4621,503.09,18245.6,-2152.81,2026/01/29 23:00:55
4622,503.2,18183.5,-2151.48,2026/01/29 23:00:55
4623,503.3,18153.2,-2148.43,2026/01/29 23:00:55
4624,503.41,18110.1,-2149.61,2026/01/29 23:00:55
4625,503.52,18088.2,-2151.32,2026/01/29 23:00:55
4626,503.63,18094.3,-2150.91,2026/01/29 23:00:55
4627,503.74,18102.8,-2149.7,2026/01/29 23:00:55
4628,503.85,18154,-2151.82,2026/01/29 23:00:55
4629,503.96,18209.9,-2152.24,2026/01/29 23:00:56
4630,504.07,18277.8,-2157,2026/01/29 23:00:56
4631,504.17,18305.8,-2156.96,2026/01/29 23:00:56
4632,504.28,18303.1,-2160.25,2026/01/29 23:00:56
4633,504.39,18301.4,-2158.37,2026/01/29 23:00:56
4634,504.5,18297.2,-2158.52,2026/01/29 23:00:56
4635,504.61,18271,-2157.69,2026/01/29 23:00:56
4636,504.72,18211.9,-2150.02,2026/01/29 23:00:56
4637,504.83,18168.8,-2150.5,2026/01/29 23:00:56
4638,504.94,18143.9,-2148.54,2026/01/29 23:00:56
4639,505.04,18109.4,-2151.58,2026/01/29 23:00:57
4640,505.15,18101.6,-2149.35,2026/01/29 23:00:57
4641,505.26,18098.1,-2152.15,2026/01/29 23:00:57
4642,505.37,18106.9,-2150.51,2026/01/29 23:00:57
4643,505.48,18111.3,-2152.51,2026/01/29 23:00:57
4644,505.59,18170.8,-2151.13,2026/01/29 23:00:57
4645,505.7,18223.4,-2152.16,2026/01/29 23:00:57
4646,505.8,18282,-2156.09,2026/01/29 23:00:57
4647,505.91,18301.6,-2157.71,2026/01/29 23:00:57
4648,506.02,18296.8,-2158.61,2026/01/29 23:00:58
4649,506.13,18292.5,-2159.53,2026/01/29 23:00:58
4650,506.24,18292.7,-2156.9,2026/01/29 23:00:58
4651,506.35,18253.7,-2156.85,2026/01/29 23:00:58
4652,506.46,18189.2,-2148.92,2026/01/29 23:00:58
4653,506.57,18149.9,-2151.32,2026/01/29 23:00:58
4654,506.68,18102.3,-2148.77,2026/01/29 23:00:58
4655,506.78,18087.1,-2153.13,2026/01/29 23:00:58
4656,506.89,18093.1,-2148.7,2026/01/29 23:00:58
4657,507,18101.9,-2152.83,2026/01/29 23:00:59
4658,507.11,18164.7,-2149.25,2026/01/29 23:00:59
4659,507.22,18220.1,-2153.41,2026/01/29 23:00:59
4660,507.33,18280.8,-2155.01,2026/01/29 23:00:59
4661,507.44,18299.8,-2156.93,2026/01/29 23:00:59
4662,507.55,18292.2,-2157.67,2026/01/29 23:00:59
4663,507.66,18294,-2158.93,2026/01/29 23:00:59
4664,507.77,18277.7,-2156.38,2026/01/29 23:00:59
4665,507.87,18239.8,-2153.41,2026/01/29 23:00:59
4666,507.98,18184.8,-2148.75,2026/01/29 23:01:00
4667,508.09,18136,-2150.66,2026/01/29 23:01:00
4668,508.2,18095.5,-2148.56,2026/01/29 23:01:00
4669,508.31,18084.2,-2153.85,2026/01/29 23:01:00
4670,508.42,18099.5,-2149.06,2026/01/29 23:01:00
4671,508.52,18140,-2151.65,2026/01/29 23:01:00
4672,508.63,18171.7,-2149.12,2026/01/29 23:01:00
4673,508.74,18215.3,-2154.17,2026/01/29 23:01:00
4674,508.85,18274,-2152.89,2026/01/29 23:01:00
4675,508.96,18295,-2156.69,2026/01/29 23:01:01
4676,509.07,18287,-2156.94,2026/01/29 23:01:01
4677,509.18,18289.1,-2156.99,2026/01/29 23:01:01
4678,509.29,18272.2,-2155.71,2026/01/29 23:01:01
4679,509.4,18229.7,-2151.44,2026/01/29 23:01:01
4680,509.5,18181.8,-2148.49,2026/01/29 23:01:01
4681,509.61,18123.7,-2151.23,2026/01/29 23:01:01
4682,509.72,18104.8,-2148.88,2026/01/29 23:01:01
4683,509.83,18104.8,-2152.98,2026/01/29 23:01:01
4684,509.94,18116.4,-2148.35,2026/01/29 23:01:01
4685,510.04,18119.9,-2152.99,2026/01/29 23:01:02
4686,510.15,18178,-2150.07,2026/01/29 23:01:02
4687,510.26,18235.7,-2154.09,2026/01/29 23:01:02
4688,510.37,18289.1,-2155.31,2026/01/29 23:01:02
4689,510.48,18298,-2157.66,2026/01/29 23:01:02
4690,510.59,18288.3,-2156.9,2026/01/29 23:01:02
4691,510.7,18277.7,-2155.86,2026/01/29 23:01:02
4692,510.81,18230.1,-2150.42,2026/01/29 23:01:02
4693,510.92,18182.5,-2150.41,2026/01/29 23:01:02
4694,511.03,18125.3,-2148.72,2026/01/29 23:01:03
4695,511.13,18095.1,-2151.4,2026/01/29 23:01:03
4696,511.24,18086.8,-2151.78,2026/01/29 23:01:03
4697,511.35,18082.1,-2152.23,2026/01/29 23:01:03
4698,511.46,18096.5,-2148.3,2026/01/29 23:01:03
4699,511.57,18168,-2151.28,2026/01/29 23:01:03
4700,511.68,18221.1,-2148.39,2026/01/29 23:01:03
4701,511.79,18275.5,-2155.08,2026/01/29 23:01:03
4702,511.9,18288.6,-2154.26,2026/01/29 23:01:03
4703,512.01,18286,-2156.81,2026/01/29 23:01:04
4704,512.11,18280,-2156.13,2026/01/29 23:01:04
4705,512.22,18253.7,-2150.9,2026/01/29 23:01:04
4706,512.33,18191.4,-2152.38,2026/01/29 23:01:04
4707,512.44,18185.2,-2147.85,2026/01/29 23:01:04
4708,512.55,18138.6,-2151.14,2026/01/29 23:01:04
4709,512.66,18116.3,-2148.85,2026/01/29 23:01:04
4710,512.77,18089.8,-2150,2026/01/29 23:01:04
4711,512.88,18095.4,-2147.71,2026/01/29 23:01:04
4712,512.99,18144,-2149.12,2026/01/29 23:01:05
4713,513.09,18186.8,-2149.03,2026/01/29 23:01:05
4714,513.2,18246.4,-2153.94,2026/01/29 23:01:05
4715,513.31,18273,-2153.35,2026/01/29 23:01:05
4716,513.42,18284,-2153.6,2026/01/29 23:01:05
4717,513.53,18282.1,-2156.32,2026/01/29 23:01:05
4718,513.64,18281.4,-2156.07,2026/01/29 23:01:05
4719,513.75,18271.9,-2154.85,2026/01/29 23:01:05
4720,513.86,18231.1,-2152.54,2026/01/29 23:01:05
4721,513.97,18184.4,-2148.33,2026/01/29 23:01:06
4722,514.08,18094.6,-2149.23,2026/01/29 23:01:06
4723,514.18,18047.7,-2147.93,2026/01/29 23:01:06
4724,514.29,18051.5,-2151.31,2026/01/29 23:01:06
4725,514.4,18080.5,-2145.41,2026/01/29 23:01:06
4726,514.51,18135,-2148.33,2026/01/29 23:01:06
4727,514.62,18191.3,-2143.53,2026/01/29 23:01:06
4728,514.73,18228.4,-2150.57,2026/01/29 23:01:06
4729,514.84,18285,-2149.83,2026/01/29 23:01:06
4730,514.95,18300.9,-2156.99,2026/01/29 23:01:06
4731,515.06,18299.2,-2155.2,2026/01/29 23:01:07
4732,515.17,18298.4,-2157.71,2026/01/29 23:01:07
4733,515.28,18294,-2156.78,2026/01/29 23:01:07
4734,515.39,18264.1,-2152.57,2026/01/29 23:01:07
4735,515.5,18193,-2152.89,2026/01/29 23:01:07
4736,515.6,18172.3,-2145.26,2026/01/29 23:01:07
4737,515.71,18102.5,-2150.47,2026/01/29 23:01:07
4738,515.82,18105.5,-2146.7,2026/01/29 23:01:07
4739,515.93,18116.9,-2148.18,2026/01/29 23:01:07
4740,516.04,18162.8,-2147.21,2026/01/29 23:01:08
4741,516.15,18193.4,-2151.07,2026/01/29 23:01:08
4742,516.26,18257.9,-2151.92,2026/01/29 23:01:08
4743,516.37,18303.2,-2156.7,2026/01/29 23:01:08
4744,516.48,18302.7,-2155.72,2026/01/29 23:01:08
4745,516.58,18301.2,-2157.5,2026/01/29 23:01:08
4746,516.69,18287.7,-2157.28,2026/01/29 23:01:08
4747,516.8,18235.6,-2149.74,2026/01/29 23:01:08
4748,516.91,18187.4,-2148.58,2026/01/29 23:01:08
4749,517.02,18153.5,-2149.27,2026/01/29 23:01:09
4750,517.13,18145.5,-2149.52,2026/01/29 23:01:09
4751,517.24,18148.5,-2151.38,2026/01/29 23:01:09
4752,517.35,18152.6,-2147.17,2026/01/29 23:01:09
4753,517.46,18147.9,-2153.36,2026/01/29 23:01:09
4754,517.56,18195.1,-2152.07,2026/01/29 23:01:09
4755,517.67,18259.4,-2157.54,2026/01/29 23:01:09
4756,517.78,18307.6,-2153.52,2026/01/29 23:01:09
4757,517.89,18299.9,-2160.37,2026/01/29 23:01:09
4758,518,18297.9,-2157.01,2026/01/29 23:01:10
4759,518.11,18277.7,-2158.1,2026/01/29 23:01:10
4760,518.22,18212.5,-2150,2026/01/29 23:01:10
4761,518.33,18179.8,-2148.94,2026/01/29 23:01:10
4762,518.44,18117.5,-2150.74,2026/01/29 23:01:10
4763,518.54,18114.6,-2150,2026/01/29 23:01:10
4764,518.65,18115.2,-2150.57,2026/01/29 23:01:10
4765,518.76,18123.6,-2150.25,2026/01/29 23:01:10
4766,518.87,18118.1,-2151.19,2026/01/29 23:01:10
4767,518.98,18166,-2151.74,2026/01/29 23:01:11
4768,519.09,18224.7,-2153.62,2026/01/29 23:01:11
4769,519.2,18293.8,-2155.63,2026/01/29 23:01:11
4770,519.31,18302.8,-2157.11,2026/01/29 23:01:11
4771,519.42,18295.9,-2158.19,2026/01/29 23:01:11
4772,519.53,18289.5,-2156.39,2026/01/29 23:01:11
4773,519.63,18241,-2152.65,2026/01/29 23:01:11
4774,519.74,18186.1,-2148.29,2026/01/29 23:01:11
4775,519.85,18108.8,-2150.06,2026/01/29 23:01:11
4776,519.96,18076.7,-2149.17,2026/01/29 23:01:12
4777,520.07,18087.4,-2148.74,2026/01/29 23:01:12
4778,520.18,18114.5,-2148.8,2026/01/29 23:01:12
4779,520.29,18149.4,-2146.01,2026/01/29 23:01:12
4780,520.4,18163.8,-2150.31,2026/01/29 23:01:12
4781,520.51,18189.6,-2146.58,2026/01/29 23:01:12
4782,520.62,18243.2,-2154.55,2026/01/29 23:01:12
4783,520.73,18296.3,-2151.91,2026/01/29 23:01:12
4784,520.83,18294.8,-2158.78,2026/01/29 23:01:12
4785,520.94,18296.3,-2154.84,2026/01/29 23:01:12
4786,521.05,18289.3,-2157.42,2026/01/29 23:01:13
4787,521.16,18252.9,-2150.23,2026/01/29 23:01:13
4788,521.27,18196.4,-2151.44,2026/01/29 23:01:13
4789,521.38,18155.7,-2146.8,2026/01/29 23:01:13
4790,521.49,18119.3,-2150.74,2026/01/29 23:01:13
4791,521.6,18116.2,-2151.26,2026/01/29 23:01:13
4792,521.71,18125,-2150.05,2026/01/29 23:01:13
4793,521.82,18107.9,-2149.57,2026/01/29 23:01:13
4794,521.93,18113.7,-2149.8,2026/01/29 23:01:13
4795,522.03,18164.9,-2150.56,2026/01/29 23:01:14
4796,522.14,18240.6,-2151.57,2026/01/29 23:01:14
4797,522.25,18292.4,-2154.5,2026/01/29 23:01:14
4798,522.36,18298.5,-2156.4,2026/01/29 23:01:14
4799,522.47,18296.5,-2158.11,2026/01/29 23:01:14
4800,522.58,18283.8,-2157.04,2026/01/29 23:01:14
4801,522.69,18242.9,-2150,2026/01/29 23:01:14
4802,522.79,18186.9,-2151.87,2026/01/29 23:01:14
4803,522.9,18127.5,-2149.27,2026/01/29 23:01:14
4804,523.01,18086.3,-2149.18,2026/01/29 23:01:15
4805,523.12,18082.4,-2149.54,2026/01/29 23:01:15
4806,523.23,18102.6,-2146.98,2026/01/29 23:01:15
4807,523.34,18131.4,-2151.29,2026/01/29 23:01:15
4808,523.45,18169.7,-2146.49,2026/01/29 23:01:15
4809,523.56,18176.6,-2150.01,2026/01/29 23:01:15
4810,523.67,18196.1,-2147.68,2026/01/29 23:01:15
4811,523.78,18244.4,-2154.41,2026/01/29 23:01:15
4812,523.89,18307.1,-2152.51,2026/01/29 23:01:15
4813,524,18304.1,-2159.69,2026/01/29 23:01:16
4814,524.11,18305.5,-2155.19,2026/01/29 23:01:16
4815,524.21,18283.6,-2156.87,2026/01/29 23:01:16
4816,524.33,18218.4,-2149.78,2026/01/29 23:01:16
4817,524.43,18187.8,-2150.31,2026/01/29 23:01:16
4818,524.54,18154.1,-2150.47,2026/01/29 23:01:16
4819,524.65,18160.5,-2149.39,2026/01/29 23:01:16
4820,524.76,18159,-2151.13,2026/01/29 23:01:16
4821,524.87,18144.1,-2150.19,2026/01/29 23:01:16
4822,524.98,18121.4,-2152.81,2026/01/29 23:01:17
4823,525.09,18170.2,-2152.55,2026/01/29 23:01:17
4824,525.2,18232.1,-2155.8,2026/01/29 23:01:17
4825,525.31,18303.5,-2155.08,2026/01/29 23:01:17
4826,525.41,18302.2,-2158.51,2026/01/29 23:01:17
4827,525.52,18298,-2157.23,2026/01/29 23:01:17
4828,525.63,18261.3,-2153.99,2026/01/29 23:01:17
4829,525.74,18195.3,-2149.78,2026/01/29 23:01:17
4830,525.85,18150.9,-2148.86,2026/01/29 23:01:17
4831,525.96,18120.3,-2151.35,2026/01/29 23:01:18
4832,526.07,18126,-2151.08,2026/01/29 23:01:18
4833,526.18,18131.4,-2151.31,2026/01/29 23:01:18
4834,526.29,18145,-2152.89,2026/01/29 23:01:18
4835,526.4,18186.3,-2152.93,2026/01/29 23:01:18
4836,526.5,18252.8,-2156.74,2026/01/29 23:01:18
4837,526.61,18307.1,-2156.14,2026/01/29 23:01:18
4838,526.72,18305.3,-2160.37,2026/01/29 23:01:18
4839,526.83,18302.5,-2156.41,2026/01/29 23:01:18
4840,526.94,18278.4,-2158.24,2026/01/29 23:01:18
4841,527.05,18219.6,-2147.64,2026/01/29 23:01:19
4842,527.16,18179.7,-2152.21,2026/01/29 23:01:19
4843,527.27,18115.1,-2148.72,2026/01/29 23:01:19
4844,527.38,18091.1,-2151.19,2026/01/29 23:01:19
4845,527.49,18096,-2148.21,2026/01/29 23:01:19
4846,527.6,18126.3,-2149.73,2026/01/29 23:01:19
4847,527.7,18181.5,-2150.16,2026/01/29 23:01:19
4848,527.81,18251.5,-2151.9,2026/01/29 23:01:19
4849,527.92,18305.3,-2157.09,2026/01/29 23:01:19
4850,528.03,18309.3,-2156.85,2026/01/29 23:01:20
4851,528.14,18302.1,-2159.71,2026/01/29 23:01:20
4852,528.25,18307.7,-2158.85,2026/01/29 23:01:20
4853,528.36,18302.8,-2159.91,2026/01/29 23:01:20
4854,528.47,18302,-2157.93,2026/01/29 23:01:20
4855,528.58,18253.2,-2151.37,2026/01/29 23:01:20
4856,528.68,18186.2,-2149.32,2026/01/29 23:01:20
4857,528.79,18106.3,-2149.3,2026/01/29 23:01:20
4858,528.9,18076.1,-2151.62,2026/01/29 23:01:20
4859,529.01,18084.5,-2148.22,2026/01/29 23:01:21
4860,529.12,18126.5,-2151,2026/01/29 23:01:21
4861,529.23,18189.1,-2148.42,2026/01/29 23:01:21
4862,529.34,18242.5,-2151.49,2026/01/29 23:01:21
4863,529.45,18308.8,-2156.08,2026/01/29 23:01:21
4864,529.56,18323.5,-2157.81,2026/01/29 23:01:21
4865,529.66,18314.7,-2161.94,2026/01/29 23:01:21
4866,529.77,18315.1,-2157.04,2026/01/29 23:01:21
4867,529.88,18287.1,-2157.46,2026/01/29 23:01:21
4868,529.99,18220.5,-2149.28,2026/01/29 23:01:22
4869,530.1,18186.6,-2151.06,2026/01/29 23:01:22
4870,530.21,18137.8,-2148.51,2026/01/29 23:01:22
4871,530.32,18100.3,-2148.81,2026/01/29 23:01:22
4872,530.43,18096.8,-2149.11,2026/01/29 23:01:22
4873,530.53,18103.4,-2150.11,2026/01/29 23:01:22
4874,530.64,18172.3,-2148.85,2026/01/29 23:01:22
4875,530.75,18228.9,-2150.17,2026/01/29 23:01:22
4876,530.86,18299.8,-2157.51,2026/01/29 23:01:22
4877,530.97,18318.9,-2156.39,2026/01/29 23:01:23
4878,531.08,18311.9,-2159.65,2026/01/29 23:01:23
4879,531.19,18304.5,-2158.07,2026/01/29 23:01:23
4880,531.3,18260,-2152.02,2026/01/29 23:01:23
4881,531.41,18193,-2150.68,2026/01/29 23:01:23
4882,531.52,18116,-2147.89,2026/01/29 23:01:23
4883,531.62,18094.6,-2150.79,2026/01/29 23:01:23
4884,531.73,18132.3,-2147.51,2026/01/29 23:01:23
4885,531.84,18168.4,-2150.11,2026/01/29 23:01:23
4886,531.95,18186.3,-2147.43,2026/01/29 23:01:23
4887,532.06,18220.8,-2152.32,2026/01/29 23:01:24
4888,532.17,18313.5,-2155.22,2026/01/29 23:01:24
4889,532.28,18332,-2160.9,2026/01/29 23:01:24
4890,532.39,18327.6,-2159.4,2026/01/29 23:01:24
4891,532.5,18299.7,-2157.9,2026/01/29 23:01:24
4892,532.61,18221.5,-2151.14,2026/01/29 23:01:24
4893,532.71,18188.2,-2147.46,2026/01/29 23:01:24
4894,532.82,18129.7,-2151.55,2026/01/29 23:01:24
4895,532.93,18126.2,-2150.6,2026/01/29 23:01:24
4896,533.04,18130.5,-2151.6,2026/01/29 23:01:25
4897,533.15,18149.7,-2152.38,2026/01/29 23:01:25
4898,533.26,18199.8,-2152.46,2026/01/29 23:01:25
4899,533.36,18271.4,-2156.44,2026/01/29 23:01:25
4900,533.47,18324.2,-2157.98,2026/01/29 23:01:25
4901,533.58,18313.9,-2159.04,2026/01/29 23:01:25
4902,533.69,18314.1,-2158.88,2026/01/29 23:01:25
4903,533.8,18289.9,-2156.84,2026/01/29 23:01:25
4904,533.91,18226.3,-2150.98,2026/01/29 23:01:25
4905,534.02,18183.3,-2148.88,2026/01/29 23:01:26
4906,534.13,18112.2,-2151.86,2026/01/29 23:01:26
4907,534.23,18105.6,-2148.01,2026/01/29 23:01:26
4908,534.35,18112.3,-2148.48,2026/01/29 23:01:26
4909,534.45,18126.9,-2146.57,2026/01/29 23:01:26
4910,534.56,18138.9,-2151.74,2026/01/29 23:01:26
4911,534.67,18193,-2147.94,2026/01/29 23:01:26
4912,534.78,18256.3,-2156.32,2026/01/29 23:01:26
4913,534.89,18314.2,-2155.35,2026/01/29 23:01:26
4914,535,18314.7,-2158.87,2026/01/29 23:01:27
4915,535.11,18310.3,-2158.51,2026/01/29 23:01:27
4916,535.22,18306.8,-2158.03,2026/01/29 23:01:27
4917,535.33,18259.5,-2153.2,2026/01/29 23:01:27
4918,535.44,18198.2,-2148.91,2026/01/29 23:01:27
4919,535.54,18103.8,-2149.35,2026/01/29 23:01:27
4920,535.65,18092,-2150.01,2026/01/29 23:01:27
4921,535.76,18106.1,-2148.1,2026/01/29 23:01:27
4922,535.87,18135.2,-2148.88,2026/01/29 23:01:27
4923,535.98,18188.2,-2148.61,2026/01/29 23:01:28
4924,536.09,18249.4,-2153.22,2026/01/29 23:01:28
4925,536.2,18310.1,-2155.16,2026/01/29 23:01:28
4926,536.31,18311,-2158.48,2026/01/29 23:01:28
4927,536.42,18310.1,-2156.58,2026/01/29 23:01:28
4928,536.53,18294,-2157.8,2026/01/29 23:01:28
4929,536.64,18247.5,-2149.14,2026/01/29 23:01:28
4930,536.74,18197.3,-2152.64,2026/01/29 23:01:28
4931,536.85,18146.7,-2147.73,2026/01/29 23:01:28
4932,536.96,18122.2,-2152.59,2026/01/29 23:01:29
4933,537.07,18130.7,-2148.62,2026/01/29 23:01:29
4934,537.18,18133.1,-2148.74,2026/01/29 23:01:29
4935,537.29,18143.2,-2149.46,2026/01/29 23:01:29
4936,537.4,18195.5,-2151.93,2026/01/29 23:01:29
4937,537.51,18263.7,-2153.86,2026/01/29 23:01:29
4938,537.62,18315.2,-2155.71,2026/01/29 23:01:29
4939,537.73,18312,-2159.06,2026/01/29 23:01:29
4940,537.83,18306.8,-2157.53,2026/01/29 23:01:29
4941,537.94,18279.7,-2156.05,2026/01/29 23:01:29
4942,538.05,18221.9,-2151.19,2026/01/29 23:01:30
4943,538.16,18200.4,-2150.43,2026/01/29 23:01:30
4944,538.27,18123.7,-2151.58,2026/01/29 23:01:30
4945,538.38,18103.3,-2148.66,2026/01/29 23:01:30
4946,538.49,18107.3,-2148.71,2026/01/29 23:01:30
4947,538.59,18122.4,-2149.37,2026/01/29 23:01:30
4948,538.7,18167.3,-2149.41,2026/01/29 23:01:30
4949,538.81,18227.9,-2151.4,2026/01/29 23:01:30
4950,538.92,18296.3,-2154.69,2026/01/29 23:01:30
4951,539.03,18317.3,-2156.36,2026/01/29 23:01:31
4952,539.14,18310.5,-2157.48,2026/01/29 23:01:31
4953,539.25,18302.6,-2158.38,2026/01/29 23:01:31
4954,539.36,18262.9,-2151.42,2026/01/29 23:01:31
4955,539.47,18199.2,-2152.85,2026/01/29 23:01:31
4956,539.58,18145.5,-2148.53,2026/01/29 23:01:31
4957,539.68,18106.3,-2150.87,2026/01/29 23:01:31
4958,539.79,18101.7,-2146.43,2026/01/29 23:01:31
4959,539.9,18084.4,-2150.57,2026/01/29 23:01:31
4960,540.01,18086,-2149.13,2026/01/29 23:01:32
4961,540.12,18113.8,-2151.87,2026/01/29 23:01:32
4962,540.23,18201.6,-2148.91,2026/01/29 23:01:32
4963,540.34,18271.7,-2153.25,2026/01/29 23:01:32
4964,540.45,18306.5,-2157.44,2026/01/29 23:01:32
4965,540.56,18312.4,-2155.01,2026/01/29 23:01:32
4966,540.66,18303.4,-2160.61,2026/01/29 23:01:32
4967,540.77,18294.7,-2154.11,2026/01/29 23:01:32
4968,540.88,18237.8,-2152.58,2026/01/29 23:01:32
4969,540.99,18200.4,-2149.57,2026/01/29 23:01:33
4970,541.1,18132.9,-2149.22,2026/01/29 23:01:33
4971,541.21,18091.2,-2149.32,2026/01/29 23:01:33
4972,541.32,18089.2,-2148.27,2026/01/29 23:01:33
4973,541.43,18087.3,-2150.95,2026/01/29 23:01:33
4974,541.53,18133.2,-2149.19,2026/01/29 23:01:33
4975,541.64,18201.6,-2151.35,2026/01/29 23:01:33
4976,541.75,18267.8,-2152.29,2026/01/29 23:01:33
4977,541.86,18314.4,-2155.7,2026/01/29 23:01:33
4978,541.97,18310.9,-2156.31,2026/01/29 23:01:34
4979,542.08,18311.4,-2159.54,2026/01/29 23:01:34
4980,542.19,18299.4,-2157.14,2026/01/29 23:01:34
4981,542.3,18267.4,-2152.01,2026/01/29 23:01:34
4982,542.41,18205.2,-2151.74,2026/01/29 23:01:34
4983,542.52,18148.8,-2149.71,2026/01/29 23:01:34
4984,542.63,18112.5,-2149.1,2026/01/29 23:01:34
4985,542.73,18111.3,-2147.81,2026/01/29 23:01:34
4986,542.84,18119.5,-2150.12,2026/01/29 23:01:34
4987,542.95,18184.1,-2149.14,2026/01/29 23:01:34
4988,543.06,18246,-2154.1,2026/01/29 23:01:35
4989,543.17,18329,-2158.66,2026/01/29 23:01:35
4990,543.28,18369.6,-2162.64,2026/01/29 23:01:35
4991,543.39,18363.7,-2164.52,2026/01/29 23:01:35
4992,543.5,18364.7,-2163.53,2026/01/29 23:01:35
4993,543.61,18333.9,-2160.51,2026/01/29 23:01:35
4994,543.71,18264.8,-2153.96,2026/01/29 23:01:35
4995,543.82,18201.1,-2151.05,2026/01/29 23:01:35
4996,543.93,18161.8,-2149.19,2026/01/29 23:01:35
4997,544.04,18120.6,-2152.19,2026/01/29 23:01:36
4998,544.15,18128,-2151.56,2026/01/29 23:01:36
4999,544.26,18169.7,-2150.52,2026/01/29 23:01:36
5000,544.37,18182.7,-2153,2026/01/29 23:01:36
5001,544.48,18238.6,-2153.44,2026/01/29 23:01:36
5002,544.59,18314.2,-2157.93,2026/01/29 23:01:36
5003,544.69,18360,-2162.34,2026/01/29 23:01:36
5004,544.8,18356.9,-2163.31,2026/01/29 23:01:36
5005,544.91,18345.2,-2162.98,2026/01/29 23:01:36
5006,545.02,18313.2,-2158.9,2026/01/29 23:01:37
5007,545.13,18258,-2154.65,2026/01/29 23:01:37
5008,545.24,18201.8,-2150.38,2026/01/29 23:01:37
5009,545.35,18151.8,-2150.83,2026/01/29 23:01:37
5010,545.46,18120.5,-2149.95,2026/01/29 23:01:37
5011,545.57,18108,-2151.24,2026/01/29 23:01:37
5012,545.68,18106,-2147.55,2026/01/29 23:01:37
5013,545.79,18092.6,-2150.44,2026/01/29 23:01:37
5014,545.9,18099.4,-2149.59,2026/01/29 23:01:37
5015,546,18144.4,-2151.22,2026/01/29 23:01:38
5016,546.11,18216.2,-2150,2026/01/29 23:01:38
5017,546.22,18291.9,-2154.35,2026/01/29 23:01:38
5018,546.33,18333.3,-2159.16,2026/01/29 23:01:38
5019,546.44,18341.4,-2159.78,2026/01/29 23:01:38
5020,546.55,18339.3,-2163.17,2026/01/29 23:01:38
5021,546.66,18318.8,-2157.07,2026/01/29 23:01:38
5022,546.77,18250.3,-2154.44,2026/01/29 23:01:38
5023,546.88,18199.1,-2148.79,2026/01/29 23:01:38
5024,546.99,18104.3,-2150.45,2026/01/29 23:01:39
5025,547.09,18082,-2149.27,2026/01/29 23:01:39
5026,547.2,18089.1,-2151.48,2026/01/29 23:01:39
5027,547.31,18151.2,-2148.85,2026/01/29 23:01:39
5028,547.42,18192.2,-2149.3,2026/01/29 23:01:39
5029,547.53,18229.4,-2150.21,2026/01/29 23:01:39
5030,547.64,18297.7,-2154.92,2026/01/29 23:01:39
5031,547.75,18326.5,-2159.12,2026/01/29 23:01:39
5032,547.86,18330,-2158.62,2026/01/29 23:01:39
5033,547.97,18320.8,-2161.86,2026/01/29 23:01:40
5034,548.08,18302.5,-2154.26,2026/01/29 23:01:40
5035,548.18,18227.3,-2153.69,2026/01/29 23:01:40
5036,548.29,18209.9,-2149.87,2026/01/29 23:01:40
5037,548.4,18166.3,-2151.86,2026/01/29 23:01:40
5038,548.51,18136.7,-2150.13,2026/01/29 23:01:40
5039,548.62,18120,-2149.89,2026/01/29 23:01:40
5040,548.73,18117.3,-2148.37,2026/01/29 23:01:40
5041,548.84,18140.5,-2149.94,2026/01/29 23:01:40
5042,548.95,18200.9,-2153.74,2026/01/29 23:01:40
5043,549.05,18297,-2153.79,2026/01/29 23:01:41
5044,549.16,18340.8,-2160.49,2026/01/29 23:01:41
5045,549.27,18350.9,-2160.43,2026/01/29 23:01:41
5046,549.38,18342.3,-2163,2026/01/29 23:01:41
5047,549.49,18312.8,-2157.25,2026/01/29 23:01:41
5048,549.6,18249.5,-2153.21,2026/01/29 23:01:41
5049,549.71,18200,-2151.41,2026/01/29 23:01:41
5050,549.82,18138.1,-2150.04,2026/01/29 23:01:41
5051,549.92,18112.8,-2150.33,2026/01/29 23:01:41
5052,550.03,18113.2,-2147.87,2026/01/29 23:01:42
5053,550.14,18148.1,-2149.31,2026/01/29 23:01:42
5054,550.25,18197.5,-2151.37,2026/01/29 23:01:42
5055,550.36,18285.7,-2154.68,2026/01/29 23:01:42
5056,550.47,18332.8,-2157.94,2026/01/29 23:01:42
5057,550.58,18341.8,-2161.99,2026/01/29 23:01:42
5058,550.68,18327.3,-2160,2026/01/29 23:01:42
5059,550.79,18292.5,-2157.13,2026/01/29 23:01:42
5060,550.9,18225.8,-2151.07,2026/01/29 23:01:42
5061,551.01,18196.1,-2152.37,2026/01/29 23:01:43
5062,551.12,18138.8,-2148.39,2026/01/29 23:01:43
5063,551.23,18093.6,-2150.78,2026/01/29 23:01:43
5064,551.34,18104.3,-2149.2,2026/01/29 23:01:43
5065,551.45,18174.9,-2149.04,2026/01/29 23:01:43
5066,551.56,18238.8,-2150.22,2026/01/29 23:01:43
5067,551.66,18308.4,-2156.61,2026/01/29 23:01:43
5068,551.77,18342.9,-2160.05,2026/01/29 23:01:43
5069,551.88,18342.1,-2161.7,2026/01/29 23:01:43
5070,551.99,18333.4,-2161.32,2026/01/29 23:01:44
5071,552.1,18303.2,-2156.15,2026/01/29 23:01:44
5072,552.21,18240,-2153.35,2026/01/29 23:01:44
5073,552.32,18202.6,-2148.38,2026/01/29 23:01:44
5074,552.43,18145.3,-2152.38,2026/01/29 23:01:44
5075,552.54,18131.8,-2147.61,2026/01/29 23:01:44
5076,552.65,18133.3,-2150.64,2026/01/29 23:01:44
5077,552.76,18187.7,-2146.83,2026/01/29 23:01:44
5078,552.86,18241.3,-2155.44,2026/01/29 23:01:44
5079,552.97,18317,-2156.22,2026/01/29 23:01:45
5080,553.08,18344.2,-2162.91,2026/01/29 23:01:45
5081,553.19,18343.3,-2161.97,2026/01/29 23:01:45
5082,553.3,18341.5,-2161.38,2026/01/29 23:01:45
5083,553.41,18311.9,-2159.87,2026/01/29 23:01:45
5084,553.52,18250.5,-2151.56,2026/01/29 23:01:45
5085,553.63,18193.4,-2151.57,2026/01/29 23:01:45
5086,553.73,18115.3,-2148.35,2026/01/29 23:01:45
5087,553.84,18102.8,-2149.75,2026/01/29 23:01:45
5088,553.95,18122.9,-2149.54,2026/01/29 23:01:45
5089,554.06,18180.6,-2147.78,2026/01/29 23:01:46
5090,554.17,18211.4,-2151,2026/01/29 23:01:46
5091,554.28,18279.4,-2152.16,2026/01/29 23:01:46
5092,554.39,18323.7,-2158.31,2026/01/29 23:01:46
5093,554.5,18344.4,-2162.13,2026/01/29 23:01:46
5094,554.61,18339.9,-2162.71,2026/01/29 23:01:46
5095,554.72,18339.4,-2161.56,2026/01/29 23:01:46
5096,554.82,18308.4,-2158.4,2026/01/29 23:01:46
5097,554.93,18239.6,-2152.33,2026/01/29 23:01:46
5098,555.04,18199.1,-2150.75,2026/01/29 23:01:47
5099,555.15,18136.9,-2151.4,2026/01/29 23:01:47
5100,555.26,18128.4,-2147.74,2026/01/29 23:01:47
5101,555.37,18150.7,-2151.11,2026/01/29 23:01:47
5102,555.48,18190.7,-2147.54,2026/01/29 23:01:47
5103,555.59,18250.1,-2155.84,2026/01/29 23:01:47
5104,555.7,18331.4,-2156.21,2026/01/29 23:01:47
5105,555.8,18358.4,-2163.28,2026/01/29 23:01:47
5106,555.91,18353,-2162.43,2026/01/29 23:01:47
5107,556.02,18356,-2163.88,2026/01/29 23:01:48
5108,556.13,18354.4,-2166.27,2026/01/29 23:01:48
5109,556.24,18356.1,-2164.5,2026/01/29 23:01:48
5110,556.35,18355.1,-2166.54,2026/01/29 23:01:48
5111,556.45,18356.2,-2165.55,2026/01/29 23:01:48
5112,556.56,18359.1,-2165.27,2026/01/29 23:01:48
5113,556.67,18354.3,-2167.46,2026/01/29 23:01:48
5114,556.78,18359.4,-2166,2026/01/29 23:01:48
5115,556.89,18354.2,-2167.71,2026/01/29 23:01:48
5116,557,18359,-2167.55,2026/01/29 23:01:49
5117,557.11,18353.5,-2167.53,2026/01/29 23:01:49
5118,557.22,18358.5,-2167.55,2026/01/29 23:01:49
5119,557.32,18355,-2167.66,2026/01/29 23:01:49
5120,557.43,18356.6,-2168.92,2026/01/29 23:01:49
5121,557.54,18356.5,-2166.16,2026/01/29 23:01:49
5122,557.65,18354.3,-2169.42,2026/01/29 23:01:49
5123,557.76,18359.5,-2166.08,2026/01/29 23:01:49
5124,557.87,18354.1,-2171.19,2026/01/29 23:01:49
5125,557.98,18358.5,-2166.08,2026/01/29 23:01:50
5126,558.09,18355.3,-2169.48,2026/01/29 23:01:50
5127,558.2,18357.1,-2166.62,2026/01/29 23:01:50
5128,558.3,18357.2,-2169.77,2026/01/29 23:01:50
5129,558.41,18354.3,-2167.92,2026/01/29 23:01:50
5130,558.52,18358.6,-2169.66,2026/01/29 23:01:50
5131,558.63,18353.8,-2169.69,2026/01/29 23:01:50
5132,558.74,18357.9,-2169.42,2026/01/29 23:01:50
5133,558.85,18354.6,-2168.96,2026/01/29 23:01:50
5134,558.96,18358,-2169.98,2026/01/29 23:01:51
5135,559.07,18355.6,-2168.39,2026/01/29 23:01:51
5136,559.17,18356.7,-2170.2,2026/01/29 23:01:51
5137,559.28,18357.4,-2167.71,2026/01/29 23:01:51
5138,559.39,18354.6,-2172.1,2026/01/29 23:01:51
5139,559.5,18359.4,-2167.48,2026/01/29 23:01:51
5140,559.61,18352.5,-2171.81,2026/01/29 23:01:51
5141,559.72,18359.4,-2167.35,2026/01/29 23:01:51
5142,559.83,18354.2,-2172.05,2026/01/29 23:01:51
5143,559.94,18358,-2168.74,2026/01/29 23:01:51
5144,560.05,18356.2,-2172.24,2026/01/29 23:01:52
5145,560.16,18355.8,-2169.48,2026/01/29 23:01:52
5146,560.26,18359.4,-2171.28,2026/01/29 23:01:52
5147,560.37,18355.5,-2169.63,2026/01/29 23:01:52
5148,560.48,18358.2,-2170.31,2026/01/29 23:01:52
5149,560.59,18355.2,-2170.27,2026/01/29 23:01:52
5150,560.7,18356.2,-2170.96,2026/01/29 23:01:52
5151,560.81,18358.6,-2169.49,2026/01/29 23:01:52
5152,560.91,18355.2,-2172.19,2026/01/29 23:01:52
5153,561.02,18360.9,-2169.75,2026/01/29 23:01:53
5154,561.13,18353.6,-2171.61,2026/01/29 23:01:53
5155,561.24,18360.3,-2169.57,2026/01/29 23:01:53
5156,561.35,18354.8,-2171.03,2026/01/29 23:01:53
5157,561.46,18357.9,-2169.79,2026/01/29 23:01:53
5158,561.57,18357.3,-2171.27,2026/01/29 23:01:53
5159,561.67,18355.3,-2170.79,2026/01/29 23:01:53
5160,561.78,18358.8,-2170.9,2026/01/29 23:01:53
5161,561.89,18355.4,-2171.18,2026/01/29 23:01:53
5162,562,18357.6,-2170.14,2026/01/29 23:01:54
5163,562.11,18356.2,-2171.61,2026/01/29 23:01:54
5164,562.22,18357.1,-2171.38,2026/01/29 23:01:54
5165,562.33,18357.5,-2170.49,2026/01/29 23:01:54
5166,562.44,18355.7,-2171.87,2026/01/29 23:01:54
5167,562.54,18359.2,-2169.53,2026/01/29 23:01:54
5168,562.65,18353.8,-2172.62,2026/01/29 23:01:54
5169,562.76,18360.9,-2169.67,2026/01/29 23:01:54
5170,562.87,18353.1,-2172.42,2026/01/29 23:01:54
5171,562.98,18359.5,-2170.28,2026/01/29 23:01:55
5172,563.09,18354.1,-2173.22,2026/01/29 23:01:55
5173,563.2,18357.7,-2169.93,2026/01/29 23:01:55
5174,563.31,18355.9,-2171.83,2026/01/29 23:01:55
5175,563.42,18356.6,-2170.26,2026/01/29 23:01:55
5176,563.52,18358.1,-2171.18,2026/01/29 23:01:55
5177,563.63,18355.2,-2171.65,2026/01/29 23:01:55
5178,563.74,18357.4,-2170.64,2026/01/29 23:01:55
5179,563.85,18355.3,-2171.73,2026/01/29 23:01:55
5180,563.96,18355.8,-2171.44,2026/01/29 23:01:56
5181,564.07,18358.5,-2170.89,2026/01/29 23:01:56
5182,564.18,18354.2,-2173.67,2026/01/29 23:01:56
5183,564.29,18358.3,-2169.63,2026/01/29 23:01:56
5184,564.39,18353.3,-2173.14,2026/01/29 23:01:56
5185,564.5,18360,-2170.05,2026/01/29 23:01:56
5186,564.61,18351.8,-2173.75,2026/01/29 23:01:56
5187,564.72,18358.9,-2170.24,2026/01/29 23:01:56
5188,564.83,18353.6,-2172.92,2026/01/29 23:01:56
5189,564.94,18357.8,-2170.24,2026/01/29 23:01:56
5190,565.05,18356.2,-2172.25,2026/01/29 23:01:57
5191,565.16,18355.6,-2170.53,2026/01/29 23:01:57
5192,565.27,18358.1,-2173.12,2026/01/29 23:01:57
5193,565.38,18354.2,-2172.41,2026/01/29 23:01:57
5194,565.48,18357.5,-2172.53,2026/01/29 23:01:57
5195,565.59,18353.8,-2172.06,2026/01/29 23:01:57
5196,565.7,18357.4,-2172.01,2026/01/29 23:01:57
5197,565.81,18355.9,-2170.78,2026/01/29 23:01:57
5198,565.92,18354.8,-2173.69,2026/01/29 23:01:57
5199,566.03,18357.5,-2169.79,2026/01/29 23:01:58
5200,566.14,18353.5,-2174.65,2026/01/29 23:01:58
5201,566.25,18359.1,-2170.24,2026/01/29 23:01:58
5202,566.35,18352.8,-2175.09,2026/01/29 23:01:58
5203,566.46,18358.2,-2169.68,2026/01/29 23:01:58
5204,566.57,18353.6,-2174.93,2026/01/29 23:01:58
5205,566.68,18356.6,-2170.14,2026/01/29 23:01:58
5206,566.79,18356.6,-2173.26,2026/01/29 23:01:58
5207,566.9,18353.5,-2172.56,2026/01/29 23:01:58
5208,567.01,18358.4,-2173.47,2026/01/29 23:01:59
5209,567.12,18353.2,-2173.03,2026/01/29 23:01:59
5210,567.22,18357.4,-2172.32,2026/01/29 23:01:59
5211,567.33,18353.3,-2171.3,2026/01/29 23:01:59
5212,567.44,18356.2,-2173.29,2026/01/29 23:01:59
5213,567.55,18355.8,-2171.5,2026/01/29 23:01:59
5214,567.66,18353.7,-2174.04,2026/01/29 23:01:59
5215,567.77,18358.6,-2170.28,2026/01/29 23:01:59
5216,567.88,18352.6,-2175.28,2026/01/29 23:01:59
5217,567.99,18358.2,-2169.91,2026/01/29 23:02:00
5218,568.09,18353.9,-2174.53,2026/01/29 23:02:00
5219,568.2,18356,-2171.85,2026/01/29 23:02:00
5220,568.31,18357.2,-2173.19,2026/01/29 23:02:00
5221,568.42,18353.2,-2173.37,2026/01/29 23:02:00
5222,568.53,18358,-2172.14,2026/01/29 23:02:00
5223,568.64,18352.8,-2173.56,2026/01/29 23:02:00
5224,568.75,18358.6,-2173.93,2026/01/29 23:02:00
5225,568.85,18353.1,-2172.73,2026/01/29 23:02:00
5226,568.96,18355.4,-2173.31,2026/01/29 23:02:01
5227,569.07,18354.5,-2172.51,2026/01/29 23:02:01
5228,569.18,18355.8,-2173.55,2026/01/29 23:02:01
5229,569.29,18356.7,-2172.39,2026/01/29 23:02:01
5230,569.4,18354.2,-2172.83,2026/01/29 23:02:01
5231,569.51,18357.2,-2171.73,2026/01/29 23:02:01
5232,569.62,18354.2,-2175.03,2026/01/29 23:02:01
5233,569.72,18357,-2171.74,2026/01/29 23:02:01
5234,569.83,18355.8,-2173.84,2026/01/29 23:02:01
5235,569.94,18354.8,-2173.06,2026/01/29 23:02:01
5236,570.05,18357.5,-2172.03,2026/01/29 23:02:02
5237,570.16,18353.5,-2174.67,2026/01/29 23:02:02
5238,570.27,18358.7,-2171.82,2026/01/29 23:02:02
5239,570.38,18350.8,-2174.78,2026/01/29 23:02:02
5240,570.49,18358.8,-2172.88,2026/01/29 23:02:02
5241,570.59,18351.9,-2174.26,2026/01/29 23:02:02
5242,570.7,18355.9,-2172.34,2026/01/29 23:02:02
5243,570.81,18353.7,-2173.72,2026/01/29 23:02:02
5244,570.92,18354.7,-2172.84,2026/01/29 23:02:02
5245,571.03,18356,-2173.09,2026/01/29 23:02:03
5246,571.14,18353.4,-2174.73,2026/01/29 23:02:03
5247,571.25,18356.3,-2172.7,2026/01/29 23:02:03
5248,571.36,18355.2,-2173.68,2026/01/29 23:02:03
5249,571.46,18352.3,-2173.59,2026/01/29 23:02:03
5250,571.57,18356.7,-2172.89,2026/01/29 23:02:03
5251,571.68,18351,-2174.53,2026/01/29 23:02:03
5252,571.79,18357.4,-2172.49,2026/01/29 23:02:03
5253,571.9,18352.3,-2173.82,2026/01/29 23:02:03
5254,572.01,18356.6,-2172.9,2026/01/29 23:02:04
5255,572.11,18353,-2173.3,2026/01/29 23:02:04
5256,572.22,18354.5,-2173,2026/01/29 23:02:04
5257,572.33,18355.3,-2172.7,2026/01/29 23:02:04
5258,572.44,18351.5,-2174.35,2026/01/29 23:02:04
5259,572.55,18354.7,-2171.33,2026/01/29 23:02:04
5260,572.66,18353.1,-2174.68,2026/01/29 23:02:04
5261,572.77,18353.1,-2172.75,2026/01/29 23:02:04
5262,572.87,18353.7,-2173.92,2026/01/29 23:02:04
5263,572.98,18351.4,-2173.7,2026/01/29 23:02:05
5264,573.09,18355.8,-2171.97,2026/01/29 23:02:05
5265,573.2,18349.7,-2174.58,2026/01/29 23:02:05
5266,573.31,18356.3,-2173.81,2026/01/29 23:02:05
5267,573.42,18350,-2173.99,2026/01/29 23:02:05
5268,573.53,18355.2,-2173.42,2026/01/29 23:02:05
5269,573.63,18351,-2173.12,2026/01/29 23:02:05
5270,573.74,18352.6,-2173.44,2026/01/29 23:02:05
5271,573.85,18353.5,-2174.49,2026/01/29 23:02:05
5272,573.96,18350.6,-2174.35,2026/01/29 23:02:06
5273,574.07,18353.7,-2173.22,2026/01/29 23:02:06
5274,574.18,18350.6,-2175.4,2026/01/29 23:02:06
5275,574.29,18352.6,-2172.79,2026/01/29 23:02:06
5276,574.4,18351.8,-2174.17,2026/01/29 23:02:06
5277,574.51,18350.9,-2173.83,2026/01/29 23:02:06
5278,574.62,18351.5,-2173.15,2026/01/29 23:02:06
5279,574.73,18349.8,-2174.87,2026/01/29 23:02:06
5280,574.83,18352.4,-2170.93,2026/01/29 23:02:06
5281,574.94,18346.5,-2175.67,2026/01/29 23:02:06
5282,575.05,18354.6,-2171.49,2026/01/29 23:02:07
5283,575.16,18347.5,-2175.93,2026/01/29 23:02:07
5284,575.27,18352.4,-2172.13,2026/01/29 23:02:07
5285,575.38,18348.5,-2175.35,2026/01/29 23:02:07
5286,575.49,18350,-2174.12,2026/01/29 23:02:07
5287,575.59,18350.5,-2174.89,2026/01/29 23:02:07
5288,575.7,18347.1,-2172.83,2026/01/29 23:02:07
5289,575.81,18351.8,-2173.34,2026/01/29 23:02:07
5290,575.92,18348.9,-2173.99,2026/01/29 23:02:07
5291,576.03,18349.8,-2174.25,2026/01/29 23:02:08
5292,576.14,18346.9,-2173.69,2026/01/29 23:02:08
5293,576.25,18349.1,-2174.55,2026/01/29 23:02:08
5294,576.36,18348.6,-2172.69,2026/01/29 23:02:08
5295,576.46,18346.8,-2175.91,2026/01/29 23:02:08
5296,576.57,18351.7,-2172.25,2026/01/29 23:02:08
5297,576.68,18344.3,-2176.48,2026/01/29 23:02:08
5298,576.79,18350.6,-2171.38,2026/01/29 23:02:08
5299,576.9,18346.4,-2175,2026/01/29 23:02:08
5300,577.01,18349.3,-2172.1,2026/01/29 23:02:09
5301,577.12,18347.7,-2174.91,2026/01/29 23:02:09
5302,577.23,18345.7,-2173.52,2026/01/29 23:02:09
5303,577.33,18349.4,-2173.61,2026/01/29 23:02:09
5304,577.44,18345.4,-2174,2026/01/29 23:02:09
5305,577.55,18347.8,-2174.34,2026/01/29 23:02:09
5306,577.66,18345.4,-2174.13,2026/01/29 23:02:09
5307,577.77,18346.8,-2175.01,2026/01/29 23:02:09
5308,577.88,18346.1,-2173.33,2026/01/29 23:02:09
5309,577.99,18344.2,-2176.3,2026/01/29 23:02:10
5310,578.09,18347.7,-2172.17,2026/01/29 23:02:10
5311,578.2,18342.6,-2176,2026/01/29 23:02:10
5312,578.31,18349.2,-2171.54,2026/01/29 23:02:10
5313,578.42,18343.3,-2176.81,2026/01/29 23:02:10
5314,578.53,18346.7,-2172.7,2026/01/29 23:02:10
5315,578.64,18345.1,-2174.22,2026/01/29 23:02:10
5316,578.75,18344.2,-2172.57,2026/01/29 23:02:10
5317,578.86,18347.2,-2174.86,2026/01/29 23:02:10
5318,578.96,18343.4,-2174.4,2026/01/29 23:02:11
5319,579.07,18345.6,-2174.6,2026/01/29 23:02:11
5320,579.18,18343.1,-2173.99,2026/01/29 23:02:11
5321,579.29,18346.8,-2174.07,2026/01/29 23:02:11
5322,579.4,18343,-2173.31,2026/01/29 23:02:11
5323,579.51,18346.3,-2174.12,2026/01/29 23:02:11
5324,579.62,18344.1,-2173.17,2026/01/29 23:02:11
5325,579.73,18344.1,-2174.99,2026/01/29 23:02:11
5326,579.84,18345.4,-2172.06,2026/01/29 23:02:11
5327,579.94,18342.4,-2175.49,2026/01/29 23:02:11
5328,580.05,18348.4,-2171.66,2026/01/29 23:02:12
5329,580.16,18342.2,-2176.74,2026/01/29 23:02:12
5330,580.27,18346,-2173.08,2026/01/29 23:02:12
5331,580.38,18343.4,-2175.33,2026/01/29 23:02:12
5332,580.49,18342.5,-2173.33,2026/01/29 23:02:12
5333,580.6,18345.8,-2175.54,2026/01/29 23:02:12
5334,580.7,18342.3,-2174.21,2026/01/29 23:02:12
5335,580.81,18345.6,-2174.62,2026/01/29 23:02:12
5336,580.92,18342.8,-2174.27,2026/01/29 23:02:12
5337,581.03,18345.5,-2174.11,2026/01/29 23:02:13
5338,581.14,18343.7,-2173.64,2026/01/29 23:02:13
5339,581.25,18343.5,-2175.01,2026/01/29 23:02:13
5340,581.36,18344.5,-2173.13,2026/01/29 23:02:13
5341,581.47,18342.7,-2175.7,2026/01/29 23:02:13
5342,581.58,18339.6,-2171.76,2026/01/29 23:02:13
5343,581.69,18291.3,-2171.75,2026/01/29 23:02:13
5344,581.79,18188.8,-2161.49,2026/01/29 23:02:13
5345,581.9,18089.1,-2154.83,2026/01/29 23:02:13
5346,582.01,18078.6,-2147.73,2026/01/29 23:02:14
5347,582.12,18122.3,-2150.96,2026/01/29 23:02:14
5348,582.23,18209,-2145.55,2026/01/29 23:02:14
5349,582.34,18271.1,-2158.33,2026/01/29 23:02:14
5350,582.45,18362.9,-2167.23,2026/01/29 23:02:14
5351,582.56,18368.3,-2165.61,2026/01/29 23:02:14
5352,582.67,18276.5,-2158.38,2026/01/29 23:02:14
5353,582.78,18209.9,-2149.88,2026/01/29 23:02:14
5354,582.89,18125.7,-2148.5,2026/01/29 23:02:14
5355,582.99,18123.2,-2149.1,2026/01/29 23:02:15
5356,583.1,18201.2,-2147.48,2026/01/29 23:02:15
5357,583.21,18250,-2153.28,2026/01/29 23:02:15
5358,583.32,18322.1,-2162.58,2026/01/29 23:02:15
5359,583.43,18358.3,-2168.07,2026/01/29 23:02:15
5360,583.54,18332,-2163.73,2026/01/29 23:02:15
5361,583.65,18254.4,-2156.85,2026/01/29 23:02:15
5362,583.76,18203.9,-2147.98,2026/01/29 23:02:15
5363,583.86,18141.2,-2153.22,2026/01/29 23:02:15
5364,583.97,18149.7,-2150.46,2026/01/29 23:02:16
5365,584.08,18205.8,-2152.22,2026/01/29 23:02:16
5366,584.19,18257,-2157.35,2026/01/29 23:02:16
5367,584.3,18339.4,-2165.5,2026/01/29 23:02:16
5368,584.41,18346.2,-2167.86,2026/01/29 23:02:16
5369,584.52,18328.7,-2161.91,2026/01/29 23:02:16
5370,584.62,18232.5,-2154.08,2026/01/29 23:02:16
5371,584.73,18160.5,-2150.4,2026/01/29 23:02:16
5372,584.84,18134.5,-2150.6,2026/01/29 23:02:16
5373,584.95,18191.4,-2152.87,2026/01/29 23:02:16
5374,585.06,18253.7,-2156.53,2026/01/29 23:02:17
5375,585.17,18330.3,-2165.27,2026/01/29 23:02:17
5376,585.28,18345.8,-2164.91,2026/01/29 23:02:17
5377,585.39,18318.4,-2164.08,2026/01/29 23:02:17
5378,585.49,18244.1,-2153.37,2026/01/29 23:02:17
5379,585.6,18174,-2151.78,2026/01/29 23:02:17
5380,585.71,18141.8,-2150.67,2026/01/29 23:02:17
5381,585.82,18147.1,-2151.67,2026/01/29 23:02:17
5382,585.93,18208.7,-2151.63,2026/01/29 23:02:17
5383,586.04,18277.6,-2159.08,2026/01/29 23:02:18
5384,586.15,18337.7,-2165.2,2026/01/29 23:02:18
5385,586.25,18344.1,-2166.37,2026/01/29 23:02:18
5386,586.36,18291.3,-2160.03,2026/01/29 23:02:18
5387,586.47,18207,-2149.94,2026/01/29 23:02:18
5388,586.58,18121.8,-2149.58,2026/01/29 23:02:18
5389,586.69,18110,-2150.55,2026/01/29 23:02:18
5390,586.8,18176.2,-2149.86,2026/01/29 23:02:18
5391,586.91,18246.6,-2155.15,2026/01/29 23:02:18
5392,587.02,18321.3,-2159.26,2026/01/29 23:02:19
5393,587.12,18328,-2166.07,2026/01/29 23:02:19
5394,587.23,18303.5,-2160.15,2026/01/29 23:02:19
5395,587.34,18232.2,-2153.61,2026/01/29 23:02:19
5396,587.45,18141.1,-2148.28,2026/01/29 23:02:19
5397,587.56,18124.3,-2148.26,2026/01/29 23:02:19
5398,587.67,18135.5,-2148.78,2026/01/29 23:02:19
5399,587.78,18218.1,-2148.83,2026/01/29 23:02:19
5400,587.89,18297.2,-2158.12,2026/01/29 23:02:19
5401,587.99,18325,-2162.83,2026/01/29 23:02:20
5402,588.1,18312.7,-2161.03,2026/01/29 23:02:20
5403,588.21,18250.3,-2153.75,2026/01/29 23:02:20
5404,588.32,18182.7,-2148.96,2026/01/29 23:02:20
5405,588.43,18146.3,-2151.54,2026/01/29 23:02:20
5406,588.54,18187.5,-2151.44,2026/01/29 23:02:20
5407,588.65,18211.1,-2154.56,2026/01/29 23:02:20
5408,588.76,18267.6,-2157.33,2026/01/29 23:02:20
5409,588.87,18317.5,-2163.94,2026/01/29 23:02:20
5410,588.98,18323.5,-2163.92,2026/01/29 23:02:21
5411,589.08,18293.5,-2158.65,2026/01/29 23:02:21
5412,589.19,18202.9,-2149.77,2026/01/29 23:02:21
5413,589.3,18125,-2148.55,2026/01/29 23:02:21
5414,589.41,18121.2,-2150.61,2026/01/29 23:02:21
5415,589.52,18177.7,-2147.83,2026/01/29 23:02:21
5416,589.63,18226.2,-2153.72,2026/01/29 23:02:21
5417,589.74,18290,-2155.48,2026/01/29 23:02:21
5418,589.85,18312.4,-2164.43,2026/01/29 23:02:21
5419,589.96,18314.9,-2162.09,2026/01/29 23:02:22
5420,590.07,18312.9,-2165.27,2026/01/29 23:02:22
5421,590.17,18310.7,-2163.07,2026/01/29 23:02:22
5422,590.28,18296.4,-2160.87,2026/01/29 23:02:22
5423,590.39,18234,-2155.42,2026/01/29 23:02:22
5424,590.5,18206.2,-2148.72,2026/01/29 23:02:22
5425,590.61,18149,-2150.82,2026/01/29 23:02:22
5426,590.72,18140.9,-2150.65,2026/01/29 23:02:22
5427,590.83,18128,-2148.27,2026/01/29 23:02:22
5428,590.94,18132.8,-2148.57,2026/01/29 23:02:22
5429,591.04,18158.9,-2150.23,2026/01/29 23:02:23
5430,591.15,18226.2,-2151.14,2026/01/29 23:02:23
5431,591.26,18287.6,-2157.95,2026/01/29 23:02:23
5432,591.37,18303.7,-2161.52,2026/01/29 23:02:23
5433,591.48,18309.4,-2162.73,2026/01/29 23:02:23
5434,591.59,18296.8,-2161.21,2026/01/29 23:02:23
5435,591.7,18247.6,-2154.92,2026/01/29 23:02:23
5436,591.81,18226.1,-2151.68,2026/01/29 23:02:23
5437,591.92,18210.5,-2149.29,2026/01/29 23:02:23
5438,592.03,18175.4,-2149.75,2026/01/29 23:02:24
5439,592.14,18151.9,-2151.85,2026/01/29 23:02:24
5440,592.24,18156.2,-2148.21,2026/01/29 23:02:24
5441,592.35,18156.1,-2152.02,2026/01/29 23:02:24
5442,592.46,18195.8,-2150.09,2026/01/29 23:02:24
5443,592.57,18220.5,-2156.93,2026/01/29 23:02:24
5444,592.68,18266.5,-2155.94,2026/01/29 23:02:24
5445,592.79,18296,-2161.89,2026/01/29 23:02:24
5446,592.9,18300.5,-2160.38,2026/01/29 23:02:24
5447,593.01,18304.3,-2163.35,2026/01/29 23:02:25
5448,593.11,18304.5,-2164.95,2026/01/29 23:02:25
5449,593.22,18309.2,-2163.6,2026/01/29 23:02:25
5450,593.33,18282.1,-2160.5,2026/01/29 23:02:25
5451,593.44,18243.8,-2156.77,2026/01/29 23:02:25
5452,593.55,18221.5,-2152.81,2026/01/29 23:02:25
5453,593.66,18219.4,-2150.42,2026/01/29 23:02:25
5454,593.77,18168.5,-2151.98,2026/01/29 23:02:25
5455,593.88,18160.2,-2153.11,2026/01/29 23:02:25
5456,593.99,18163.7,-2151.6,2026/01/29 23:02:26
5457,594.09,18165.5,-2150.85,2026/01/29 23:02:26
5458,594.2,18168.7,-2150.9,2026/01/29 23:02:26
5459,594.31,18188.8,-2152.39,2026/01/29 23:02:26
5460,594.42,18213.4,-2153.55,2026/01/29 23:02:26
5461,594.53,18260.2,-2159.65,2026/01/29 23:02:26
5462,594.64,18297.8,-2161.93,2026/01/29 23:02:26
5463,594.75,18308.8,-2163.67,2026/01/29 23:02:26
5464,594.86,18309,-2165.56,2026/01/29 23:02:26
5465,594.97,18311.4,-2162.98,2026/01/29 23:02:27
5466,595.07,18304.6,-2166.17,2026/01/29 23:02:27
5467,595.18,18303.1,-2160.63,2026/01/29 23:02:27
5468,595.29,18249.3,-2157.72,2026/01/29 23:02:27
5469,595.4,18207.1,-2149.97,2026/01/29 23:02:27
5470,595.51,18139.5,-2153.54,2026/01/29 23:02:27
5471,595.62,18117.2,-2150.17,2026/01/29 23:02:27
5472,595.73,18115.3,-2150.45,2026/01/29 23:02:27
5473,595.84,18115.5,-2148.52,2026/01/29 23:02:27
5474,595.94,18169.8,-2150.45,2026/01/29 23:02:27
5475,596.05,18223.7,-2150.69,2026/01/29 23:02:28
5476,596.16,18296.4,-2158.28,2026/01/29 23:02:28
5477,596.27,18346.6,-2164.48,2026/01/29 23:02:28
5478,596.38,18364,-2167.7,2026/01/29 23:02:28
5479,596.49,18364.9,-2169.11,2026/01/29 23:02:28
5480,596.6,18366.8,-2172.32,2026/01/29 23:02:28
5481,596.71,18368.9,-2170.7,2026/01/29 23:02:28
5482,596.82,18353.1,-2171.22,2026/01/29 23:02:28
5483,596.92,18322.9,-2163.04,2026/01/29 23:02:28
5484,597.03,18260,-2163,2026/01/29 23:02:29
5485,597.14,18222.3,-2154.35,2026/01/29 23:02:29
5486,597.25,18202.4,-2151.61,2026/01/29 23:02:29
5487,597.36,18147.6,-2150.68,2026/01/29 23:02:29
5488,597.47,18124.1,-2149.99,2026/01/29 23:02:29
5489,597.57,18112.1,-2149.64,2026/01/29 23:02:29
5490,597.68,18109.8,-2149.88,2026/01/29 23:02:29
5491,597.79,18112.1,-2148.44,2026/01/29 23:02:29
5492,597.9,18125.9,-2148.48,2026/01/29 23:02:29
5493,598.01,18148.4,-2147.19,2026/01/29 23:02:30
5494,598.12,18213.8,-2148.4,2026/01/29 23:02:30
5495,598.23,18230.7,-2147.08,2026/01/29 23:02:30
5496,598.34,18256.3,-2157.58,2026/01/29 23:02:30
5497,598.44,18307.1,-2157.19,2026/01/29 23:02:30
5498,598.55,18335.2,-2167.63,2026/01/29 23:02:30
5499,598.66,18364.2,-2168.48,2026/01/29 23:02:30
5500,598.77,18372.2,-2171.76,2026/01/29 23:02:30
5501,598.88,18369.4,-2171.65,2026/01/29 23:02:30
5502,598.99,18375.4,-2171.22,2026/01/29 23:02:31
5503,599.1,18370,-2173.79,2026/01/29 23:02:31
5504,599.21,18366.9,-2171.97,2026/01/29 23:02:31
5505,599.31,18348.2,-2170.62,2026/01/29 23:02:31
5506,599.42,18331.3,-2167.47,2026/01/29 23:02:31
5507,599.53,18290.2,-2164.69,2026/01/29 23:02:31
5508,599.64,18248.6,-2159.41,2026/01/29 23:02:31
5509,599.75,18220.7,-2155.95,2026/01/29 23:02:31
5510,599.86,18211.2,-2151.76,2026/01/29 23:02:31
5511,599.97,18180.5,-2152.67,2026/01/29 23:02:32
5512,600.08,18161.1,-2152.86,2026/01/29 23:02:32
5513,600.19,18153.9,-2150.49,2026/01/29 23:02:32
5514,600.3,18137.2,-2151.52,2026/01/29 23:02:32
5515,600.4,18137.7,-2149.93,2026/01/29 23:02:32
5516,600.51,18143.9,-2149.94,2026/01/29 23:02:32
5517,600.62,18175.2,-2149.37,2026/01/29 23:02:32
5518,600.73,18214.4,-2147.79,2026/01/29 23:02:32
5519,600.84,18243,-2157.33,2026/01/29 23:02:32
5520,600.95,18294.4,-2158.07,2026/01/29 23:02:32
5521,601.06,18324.6,-2166.45,2026/01/29 23:02:33
5522,601.17,18349.3,-2165.48,2026/01/29 23:02:33
5523,601.28,18342.1,-2169.08,2026/01/29 23:02:33
5524,601.38,18346.5,-2167.32,2026/01/29 23:02:33
5525,601.49,18344.4,-2170.24,2026/01/29 23:02:33
5526,601.6,18344.7,-2168.5,2026/01/29 23:02:33
5527,601.71,18333.1,-2168.04,2026/01/29 23:02:33
5528,601.82,18296.6,-2163.69,2026/01/29 23:02:33
5529,601.93,18248,-2157.71,2026/01/29 23:02:33
5530,602.04,18219.5,-2155.01,2026/01/29 23:02:34
5531,602.14,18196.7,-2151.69,2026/01/29 23:02:34
5532,602.25,18166.4,-2153,2026/01/29 23:02:34
5533,602.36,18153.3,-2153.12,2026/01/29 23:02:34
5534,602.47,18148.2,-2148.9,2026/01/29 23:02:34
5535,602.58,18145.4,-2152.46,2026/01/29 23:02:34
5536,602.69,18157.2,-2148.15,2026/01/29 23:02:34
5537,602.8,18188.2,-2151.35,2026/01/29 23:02:34
5538,602.91,18217.5,-2147.04,2026/01/29 23:02:34
5539,603.02,18235.3,-2157.05,2026/01/29 23:02:35
5540,603.13,18274.3,-2157,2026/01/29 23:02:35
5541,603.23,18309.6,-2164.36,2026/01/29 23:02:35
5542,603.34,18334.5,-2164.95,2026/01/29 23:02:35
5543,603.45,18353.8,-2169.68,2026/01/29 23:02:35
5544,603.56,18362.7,-2169.26,2026/01/29 23:02:35
5545,603.67,18366.2,-2171.19,2026/01/29 23:02:35
5546,603.78,18361.7,-2171.96,2026/01/29 23:02:35
5547,603.89,18363.2,-2172.44,2026/01/29 23:02:35
5548,604,18347.6,-2169.76,2026/01/29 23:02:36
5549,604.1,18313.5,-2166.52,2026/01/29 23:02:36
5550,604.21,18258.6,-2159.18,2026/01/29 23:02:36
5551,604.32,18220.8,-2156.11,2026/01/29 23:02:36
5552,604.43,18191.1,-2151.76,2026/01/29 23:02:36
5553,604.54,18161.1,-2155.23,2026/01/29 23:02:36
5554,604.65,18161.8,-2151.28,2026/01/29 23:02:36
5555,604.76,18151.2,-2154.29,2026/01/29 23:02:36
5556,604.87,18152.1,-2149.19,2026/01/29 23:02:36
5557,604.98,18152.2,-2153.08,2026/01/29 23:02:37
5558,605.09,18209.2,-2148.16,2026/01/29 23:02:37
5559,605.2,18228.1,-2153.69,2026/01/29 23:02:37
5560,605.3,18269.7,-2156.46,2026/01/29 23:02:37
5561,605.41,18315.1,-2163.38,2026/01/29 23:02:37
5562,605.52,18336.1,-2167.62,2026/01/29 23:02:37
5563,605.63,18349.2,-2167.56,2026/01/29 23:02:37
5564,605.74,18343.3,-2169.59,2026/01/29 23:02:37
5565,605.85,18349.7,-2167.88,2026/01/29 23:02:37
5566,605.96,18342.4,-2170.42,2026/01/29 23:02:38
5567,606.07,18338.6,-2166.61,2026/01/29 23:02:38
5568,606.18,18287.2,-2162.04,2026/01/29 23:02:38
5569,606.29,18228.1,-2155.92,2026/01/29 23:02:38
5570,606.4,18217.3,-2153.28,2026/01/29 23:02:38
5571,606.5,18194.3,-2152.52,2026/01/29 23:02:38
5572,606.61,18180.3,-2152.66,2026/01/29 23:02:38
5573,606.72,18160.4,-2154.31,2026/01/29 23:02:38
5574,606.83,18142.3,-2149.83,2026/01/29 23:02:38
5575,606.94,18138.9,-2152.85,2026/01/29 23:02:38
5576,607.05,18139.6,-2150.68,2026/01/29 23:02:39
5577,607.16,18155.3,-2152.49,2026/01/29 23:02:39
5578,607.27,18220.2,-2149.47,2026/01/29 23:02:39
5579,607.38,18255.9,-2155.45,2026/01/29 23:02:39
5580,607.48,18297.8,-2162.81,2026/01/29 23:02:39
5581,607.59,18338.2,-2164.01,2026/01/29 23:02:39
5582,607.7,18340.7,-2168.18,2026/01/29 23:02:39
5583,607.81,18347,-2165.01,2026/01/29 23:02:39
5584,607.92,18338.7,-2168.5,2026/01/29 23:02:39
5585,608.03,18343.6,-2165.25,2026/01/29 23:02:40
5586,608.14,18322.6,-2165.58,2026/01/29 23:02:40
5587,608.25,18282.5,-2160.21,2026/01/29 23:02:40
5588,608.36,18227,-2156.14,2026/01/29 23:02:40
5589,608.46,18221.9,-2151.31,2026/01/29 23:02:40
5590,608.57,18196.1,-2153.35,2026/01/29 23:02:40
5591,608.68,18177.1,-2153.53,2026/01/29 23:02:40
5592,608.79,18167.3,-2153.23,2026/01/29 23:02:40
5593,608.9,18149.2,-2152.04,2026/01/29 23:02:40
5594,609.01,18154.1,-2150.88,2026/01/29 23:02:41
5595,609.12,18155,-2149.86,2026/01/29 23:02:41
5596,609.23,18179.2,-2152.29,2026/01/29 23:02:41
5597,609.34,18230,-2150.95,2026/01/29 23:02:41
5598,609.44,18274.1,-2160.55,2026/01/29 23:02:41
5599,609.55,18320.4,-2162.03,2026/01/29 23:02:41
5600,609.66,18334.2,-2167.99,2026/01/29 23:02:41
5601,609.77,18355.5,-2166.42,2026/01/29 23:02:41
5602,609.88,18351,-2170.41,2026/01/29 23:02:41
5603,609.99,18355.8,-2168.59,2026/01/29 23:02:42
5604,610.1,18354,-2171.62,2026/01/29 23:02:42
5605,610.21,18361.1,-2170.01,2026/01/29 23:02:42
5606,610.31,18361.7,-2172.04,2026/01/29 23:02:42
5607,610.42,18351,-2169.63,2026/01/29 23:02:42
5608,610.53,18314.3,-2165.09,2026/01/29 23:02:42
5609,610.64,18242,-2157.95,2026/01/29 23:02:42
5610,610.75,18224.3,-2154.8,2026/01/29 23:02:42
5611,610.86,18202.2,-2152.84,2026/01/29 23:02:42
5612,610.97,18180.4,-2154.11,2026/01/29 23:02:43
5613,611.08,18182.4,-2152.06,2026/01/29 23:02:43
5614,611.19,18161.1,-2154.61,2026/01/29 23:02:43
5615,611.3,18150.8,-2149.96,2026/01/29 23:02:43
5616,611.4,18148.2,-2152.92,2026/01/29 23:02:43
5617,611.51,18157.5,-2149.8,2026/01/29 23:02:43
5618,611.62,18212.9,-2152.1,2026/01/29 23:02:43
5619,611.73,18246.4,-2153.63,2026/01/29 23:02:43
5620,611.84,18275.7,-2159.45,2026/01/29 23:02:43
5621,611.95,18315.5,-2163.38,2026/01/29 23:02:43
5622,612.06,18343.3,-2168.08,2026/01/29 23:02:44
5623,612.17,18352.6,-2168.81,2026/01/29 23:02:44
5624,612.27,18356.6,-2168.95,2026/01/29 23:02:44
5625,612.38,18353.2,-2169.48,2026/01/29 23:02:44
5626,612.49,18355,-2168.9,2026/01/29 23:02:44
5627,612.6,18349.1,-2168.95,2026/01/29 23:02:44
5628,612.71,18332.9,-2166.78,2026/01/29 23:02:44
5629,612.82,18279.6,-2160.75,2026/01/29 23:02:44
5630,612.93,18230.8,-2158.43,2026/01/29 23:02:44
5631,613.04,18231.7,-2151.41,2026/01/29 23:02:45
5632,613.14,18198.2,-2155.72,2026/01/29 23:02:45
5633,613.25,18191.6,-2152.12,2026/01/29 23:02:45
5634,613.36,18173.4,-2155.05,2026/01/29 23:02:45
5635,613.47,18169.8,-2152.32,2026/01/29 23:02:45
5636,613.58,18166.1,-2154.81,2026/01/29 23:02:45
5637,613.69,18174.5,-2151.62,2026/01/29 23:02:45
5638,613.8,18200.9,-2155.03,2026/01/29 23:02:45
5639,613.91,18238.6,-2153.75,2026/01/29 23:02:45
5640,614.02,18277.4,-2159.14,2026/01/29 23:02:46
5641,614.13,18318.6,-2163.4,2026/01/29 23:02:46
5642,614.24,18349.7,-2168.86,2026/01/29 23:02:46
5643,614.35,18361.4,-2170.04,2026/01/29 23:02:46
5644,614.45,18365.8,-2171.26,2026/01/29 23:02:46
5645,614.56,18361.6,-2170.52,2026/01/29 23:02:46
5646,614.67,18364.7,-2171.48,2026/01/29 23:02:46
5647,614.78,18347.2,-2168.9,2026/01/29 23:02:46
5648,614.89,18311.6,-2165.36,2026/01/29 23:02:46
5649,615,18250.8,-2158.34,2026/01/29 23:02:47
5650,615.11,18224.1,-2155.57,2026/01/29 23:02:47
5651,615.22,18192.6,-2152.9,2026/01/29 23:02:47
5652,615.33,18182.1,-2156.85,2026/01/29 23:02:47
5653,615.44,18180.8,-2152.62,2026/01/29 23:02:47
5654,615.55,18170.6,-2156.41,2026/01/29 23:02:47
5655,615.65,18166.5,-2150.24,2026/01/29 23:02:47
5656,615.76,18162.2,-2153.71,2026/01/29 23:02:47
5657,615.87,18201.5,-2151.52,2026/01/29 23:02:47
5658,615.98,18230.4,-2153.98,2026/01/29 23:02:48
5659,616.09,18280,-2157.26,2026/01/29 23:02:48
5660,616.2,18324.8,-2166.66,2026/01/29 23:02:48
5661,616.31,18348,-2166.31,2026/01/29 23:02:48
5662,616.42,18352.9,-2169.08,2026/01/29 23:02:48
5663,616.53,18348.1,-2168.5,2026/01/29 23:02:48
5664,616.63,18351.5,-2168.56,2026/01/29 23:02:48
5665,616.74,18347.9,-2169.1,2026/01/29 23:02:48
5666,616.85,18336.4,-2166.71,2026/01/29 23:02:48
5667,616.96,18290.9,-2161.56,2026/01/29 23:02:49
5668,617.07,18233.4,-2158.21,2026/01/29 23:02:49
5669,617.18,18233.4,-2151.94,2026/01/29 23:02:49
5670,617.29,18203.3,-2155.67,2026/01/29 23:02:49
5671,617.4,18191.8,-2152.23,2026/01/29 23:02:49
5672,617.51,18187.7,-2155.46,2026/01/29 23:02:49
5673,617.62,18182.8,-2152.05,2026/01/29 23:02:49
5674,617.72,18168,-2153.7,2026/01/29 23:02:49
5675,617.83,18175.9,-2151.64,2026/01/29 23:02:49
5676,617.94,18174.9,-2152.89,2026/01/29 23:02:49
5677,618.05,18201,-2152.72,2026/01/29 23:02:50
5678,618.16,18253.4,-2155.85,2026/01/29 23:02:50
5679,618.27,18306.1,-2163.33,2026/01/29 23:02:50
5680,618.38,18338.5,-2164.29,2026/01/29 23:02:50
5681,618.48,18338.1,-2169.46,2026/01/29 23:02:50
5682,618.59,18340.5,-2166.23,2026/01/29 23:02:50
5683,618.7,18339.4,-2168.59,2026/01/29 23:02:50
5684,618.81,18337.8,-2167.68,2026/01/29 23:02:50
5685,618.92,18333.5,-2166.13,2026/01/29 23:02:50
5686,619.03,18283.5,-2160.93,2026/01/29 23:02:51
5687,619.14,18238.9,-2157.01,2026/01/29 23:02:51
5688,619.25,18214.6,-2152.74,2026/01/29 23:02:51
5689,619.35,18188.4,-2156,2026/01/29 23:02:51
5690,619.46,18180,-2154.85,2026/01/29 23:02:51
5691,619.57,18176.7,-2155.03,2026/01/29 23:02:51
5692,619.68,18171.4,-2152.14,2026/01/29 23:02:51
5693,619.79,18174.8,-2153.25,2026/01/29 23:02:51
5694,619.9,18176.5,-2151.6,2026/01/29 23:02:51
5695,620.01,18198.2,-2154.79,2026/01/29 23:02:52
5696,620.12,18244.7,-2152.2,2026/01/29 23:02:52
5697,620.23,18282.5,-2162.14,2026/01/29 23:02:52
5698,620.34,18337.8,-2163.24,2026/01/29 23:02:52
5699,620.44,18347.8,-2170.18,2026/01/29 23:02:52
5700,620.55,18349.3,-2167.2,2026/01/29 23:02:52
5701,620.66,18346.3,-2170.77,2026/01/29 23:02:52
5702,620.77,18346.8,-2167.65,2026/01/29 23:02:52
5703,620.88,18344.4,-2167.84,2026/01/29 23:02:52
5704,620.99,18321.9,-2165.94,2026/01/29 23:02:53
5705,621.1,18269.3,-2158.23,2026/01/29 23:02:53
5706,621.21,18233.6,-2155.81,2026/01/29 23:02:53
5707,621.32,18215.7,-2153.46,2026/01/29 23:02:53
5708,621.42,18186.9,-2155.53,2026/01/29 23:02:53
5709,621.53,18176.8,-2156.15,2026/01/29 23:02:53
5710,621.64,18163.3,-2153.63,2026/01/29 23:02:53
5711,621.75,18164.8,-2153.92,2026/01/29 23:02:53
5712,621.86,18170.1,-2150.92,2026/01/29 23:02:53
5713,621.97,18215.7,-2154.55,2026/01/29 23:02:54
5714,622.08,18253.5,-2153.81,2026/01/29 23:02:54
5715,622.19,18283.9,-2161.39,2026/01/29 23:02:54
5716,622.3,18341,-2164.16,2026/01/29 23:02:54
5717,622.41,18352.4,-2170.05,2026/01/29 23:02:54
5718,622.52,18357.6,-2167.51,2026/01/29 23:02:54
5719,622.62,18351.6,-2169.96,2026/01/29 23:02:54
5720,622.73,18354.6,-2169.11,2026/01/29 23:02:54
5721,622.84,18334.7,-2166.55,2026/01/29 23:02:54
5722,622.95,18285,-2159.7,2026/01/29 23:02:54
5723,623.06,18240.4,-2156.65,2026/01/29 23:02:55
5724,623.17,18215.1,-2153.12,2026/01/29 23:02:55
5725,623.28,18185.9,-2154.79,2026/01/29 23:02:55
5726,623.39,18166.6,-2154.62,2026/01/29 23:02:55
5727,623.5,18158.1,-2153.41,2026/01/29 23:02:55
5728,623.61,18155.4,-2154.46,2026/01/29 23:02:55
5729,623.72,18159,-2153.9,2026/01/29 23:02:55
5730,623.82,18188.2,-2153.41,2026/01/29 23:02:55
5731,623.93,18240.8,-2151.79,2026/01/29 23:02:55
5732,624.04,18272.7,-2156.71,2026/01/29 23:02:56
5733,624.15,18315.6,-2163.29,2026/01/29 23:02:56
5734,624.26,18354.7,-2166.33,2026/01/29 23:02:56
5735,624.37,18351.9,-2167.21,2026/01/29 23:02:56
5736,624.48,18355.6,-2168.62,2026/01/29 23:02:56
5737,624.59,18351.1,-2167.58,2026/01/29 23:02:56
5738,624.69,18349.1,-2168.27,2026/01/29 23:02:56
5739,624.8,18318.4,-2163.69,2026/01/29 23:02:56
5740,624.91,18263.2,-2160.32,2026/01/29 23:02:56
5741,625.02,18243.7,-2155.26,2026/01/29 23:02:57
5742,625.13,18248.1,-2156.25,2026/01/29 23:02:57
5743,625.24,18252.7,-2150.85,2026/01/29 23:02:57
5744,625.35,18211.5,-2156.13,2026/01/29 23:02:57
5745,625.46,18198.8,-2152.67,2026/01/29 23:02:57
5746,625.57,18187.1,-2155.29,2026/01/29 23:02:57
5747,625.68,18191.3,-2152.2,2026/01/29 23:02:57
5748,625.78,18199.1,-2155,2026/01/29 23:02:57
5749,625.89,18231.9,-2153.32,2026/01/29 23:02:57
5750,626,18245.7,-2156.86,2026/01/29 23:02:58
5751,626.11,18277.6,-2159.62,2026/01/29 23:02:58
5752,626.22,18319.8,-2165.24,2026/01/29 23:02:58
5753,626.33,18345.5,-2167.4,2026/01/29 23:02:58
5754,626.44,18349.4,-2168.45,2026/01/29 23:02:58
5755,626.55,18345.4,-2168.24,2026/01/29 23:02:58
5756,626.66,18344.6,-2168.97,2026/01/29 23:02:58
5757,626.76,18344.6,-2168.07,2026/01/29 23:02:58
5758,626.87,18334.4,-2169.15,2026/01/29 23:02:58
5759,626.98,18317,-2163.13,2026/01/29 23:02:59
5760,627.09,18257.9,-2160.37,2026/01/29 23:02:59
5761,627.2,18244.1,-2155.42,2026/01/29 23:02:59
5762,627.31,18217.9,-2153.86,2026/01/29 23:02:59
5763,627.42,18201.7,-2154.8,2026/01/29 23:02:59
5764,627.53,18186.9,-2155.34,2026/01/29 23:02:59
5765,627.63,18173.6,-2154.35,2026/01/29 23:02:59
5766,627.74,18169.2,-2153.47,2026/01/29 23:02:59
5767,627.85,18171.6,-2154.47,2026/01/29 23:02:59
5768,627.96,18212.5,-2151.52,2026/01/29 23:03:00
5769,628.07,18241.4,-2154.45,2026/01/29 23:03:00
5770,628.18,18279.3,-2156.44,2026/01/29 23:03:00
5771,628.29,18315,-2164.57,2026/01/29 23:03:00
5772,628.39,18343.5,-2165.85,2026/01/29 23:03:00
5773,628.5,18345.5,-2168.23,2026/01/29 23:03:00
5774,628.61,18342.5,-2168.26,2026/01/29 23:03:00
5775,628.72,18343.4,-2167.28,2026/01/29 23:03:00
5776,628.83,18337.7,-2168.35,2026/01/29 23:03:00
5777,628.94,18312.6,-2162.71,2026/01/29 23:03:00
5778,629.05,18266,-2159.08,2026/01/29 23:03:01
5779,629.16,18247.2,-2156.27,2026/01/29 23:03:01
5780,629.26,18248.8,-2153.37,2026/01/29 23:03:01
5781,629.37,18201.4,-2154.27,2026/01/29 23:03:01
5782,629.48,18185.5,-2155.58,2026/01/29 23:03:01
5783,629.59,18162.5,-2154.38,2026/01/29 23:03:01
5784,629.7,18162.4,-2155.52,2026/01/29 23:03:01
5785,629.81,18159.6,-2153.42,2026/01/29 23:03:01
5786,629.92,18181.2,-2153.41,2026/01/29 23:03:01
5787,630.03,18241.9,-2151.35,2026/01/29 23:03:02
5788,630.14,18279.4,-2159.53,2026/01/29 23:03:02
5789,630.24,18328.3,-2161.73,2026/01/29 23:03:02
5790,630.35,18335.9,-2168.14,2026/01/29 23:03:02
5791,630.46,18338.9,-2163.79,2026/01/29 23:03:02
5792,630.57,18334.8,-2169.19,2026/01/29 23:03:02
5793,630.68,18340.7,-2165.16,2026/01/29 23:03:02
5794,630.79,18334.3,-2169.84,2026/01/29 23:03:02
5795,630.9,18341.2,-2166.31,2026/01/29 23:03:02
5796,631.01,18336,-2168.39,2026/01/29 23:03:03
5797,631.12,18340.8,-2167.65,2026/01/29 23:03:03
5798,631.22,18338.8,-2167.99,2026/01/29 23:03:03
5799,631.33,18339.4,-2169.09,2026/01/29 23:03:03
5800,631.44,18341.9,-2166.69,2026/01/29 23:03:03
5801,631.55,18338.8,-2170.72,2026/01/29 23:03:03
5802,631.66,18344.6,-2166.42,2026/01/29 23:03:03
5803,631.77,18342.2,-2171.2,2026/01/29 23:03:03
5804,631.88,18345.8,-2167.8,2026/01/29 23:03:03
5805,631.99,18344,-2171.06,2026/01/29 23:03:04
5806,632.1,18345,-2168.89,2026/01/29 23:03:04
5807,632.2,18345.6,-2170.3,2026/01/29 23:03:04
5808,632.31,18343.5,-2168.79,2026/01/29 23:03:04
5809,632.42,18345.9,-2169.78,2026/01/29 23:03:04
5810,632.53,18343.9,-2171.34,2026/01/29 23:03:04
5811,632.64,18347.1,-2168.38,2026/01/29 23:03:04
5812,632.75,18344.6,-2171.17,2026/01/29 23:03:04
5813,632.86,18345.1,-2169.4,2026/01/29 23:03:04
5814,632.96,18347.2,-2171.33,2026/01/29 23:03:05
5815,633.07,18346.8,-2169.26,2026/01/29 23:03:05
5816,633.18,18350.9,-2170.67,2026/01/29 23:03:05
5817,633.29,18348,-2170.8,2026/01/29 23:03:05
5818,633.4,18351.5,-2171.34,2026/01/29 23:03:05
5819,633.51,18348.8,-2171.59,2026/01/29 23:03:05
5820,633.62,18350.8,-2170.65,2026/01/29 23:03:05
5821,633.73,18350.2,-2171.9,2026/01/29 23:03:05
5822,633.84,18348.9,-2170.33,2026/01/29 23:03:05
5823,633.94,18352.7,-2171.43,2026/01/29 23:03:05
5824,634.05,18348.6,-2170.7,2026/01/29 23:03:06
5825,634.16,18353.1,-2171.3,2026/01/29 23:03:06
5826,634.27,18351.9,-2171.74,2026/01/29 23:03:06
5827,634.38,18354.6,-2170.72,2026/01/29 23:03:06
5828,634.49,18352.1,-2172.38,2026/01/29 23:03:06
5829,634.6,18355.2,-2171.12,2026/01/29 23:03:06
5830,634.71,18354.5,-2171.95,2026/01/29 23:03:06
5831,634.82,18352.6,-2171.86,2026/01/29 23:03:06
5832,634.93,18356.9,-2170.67,2026/01/29 23:03:06
5833,635.03,18351.4,-2171.89,2026/01/29 23:03:07
5834,635.14,18355.9,-2172.59,2026/01/29 23:03:07
5835,635.25,18352.9,-2171.73,2026/01/29 23:03:07
5836,635.36,18356,-2172.25,2026/01/29 23:03:07
5837,635.47,18354.8,-2172.44,2026/01/29 23:03:07
5838,635.58,18354.9,-2171.63,2026/01/29 23:03:07
5839,635.69,18357.5,-2171.66,2026/01/29 23:03:07
5840,635.79,18352.3,-2171.85,2026/01/29 23:03:07
5841,635.9,18358.8,-2171.8,2026/01/29 23:03:07
5842,636.01,18355,-2172.04,2026/01/29 23:03:08
5843,636.12,18357.4,-2171.86,2026/01/29 23:03:08
5844,636.23,18355.1,-2172.94,2026/01/29 23:03:08
5845,636.34,18356.8,-2172.02,2026/01/29 23:03:08
5846,636.45,18357.3,-2173.1,2026/01/29 23:03:08
5847,636.56,18355.5,-2172.78,2026/01/29 23:03:08
5848,636.67,18359.5,-2172.85,2026/01/29 23:03:08
5849,636.77,18355.6,-2172.82,2026/01/29 23:03:08
5850,636.88,18360,-2172.42,2026/01/29 23:03:08
5851,636.99,18356.2,-2172.66,2026/01/29 23:03:09
5852,637.1,18358.7,-2172.12,2026/01/29 23:03:09
5853,637.21,18356.7,-2174.06,2026/01/29 23:03:09
5854,637.32,18357.8,-2172.03,2026/01/29 23:03:09
5855,637.43,18360.2,-2173.72,2026/01/29 23:03:09
5856,637.53,18356.9,-2172.15,2026/01/29 23:03:09
5857,637.64,18359.9,-2174.19,2026/01/29 23:03:09
5858,637.75,18357.1,-2173.54,2026/01/29 23:03:09
5859,637.86,18360.5,-2172.98,2026/01/29 23:03:09
5860,637.97,18357.7,-2175.55,2026/01/29 23:03:10
5861,638.08,18360.8,-2170.83,2026/01/29 23:03:10
5862,638.19,18358.4,-2174.77,2026/01/29 23:03:10
5863,638.3,18361.8,-2171.52,2026/01/29 23:03:10
5864,638.41,18360.4,-2173.83,2026/01/29 23:03:10
5865,638.51,18359.5,-2172.7,2026/01/29 23:03:10
5866,638.62,18362.2,-2173.83,2026/01/29 23:03:10
5867,638.73,18359.3,-2173.72,2026/01/29 23:03:10
5868,638.84,18363,-2171.99,2026/01/29 23:03:10
5869,638.95,18359.6,-2176.33,2026/01/29 23:03:10
5870,639.06,18364.1,-2170.92,2026/01/29 23:03:11
5871,639.17,18359.6,-2174.92,2026/01/29 23:03:11
5872,639.28,18362.9,-2172.68,2026/01/29 23:03:11
5873,639.38,18361.7,-2174.42,2026/01/29 23:03:11
5874,639.49,18361.6,-2174.69,2026/01/29 23:03:11
5875,639.6,18363.4,-2172.29,2026/01/29 23:03:11
5876,639.71,18359.1,-2176.17,2026/01/29 23:03:11
5877,639.82,18365.7,-2171.47,2026/01/29 23:03:11
5878,639.93,18359.1,-2175.82,2026/01/29 23:03:11
5879,640.04,18364.7,-2173.19,2026/01/29 23:03:12
5880,640.15,18360.1,-2174.1,2026/01/29 23:03:12
5881,640.26,18363.6,-2174.24,2026/01/29 23:03:12
5882,640.37,18362.5,-2173.46,2026/01/29 23:03:12
5883,640.47,18362.5,-2175.59,2026/01/29 23:03:12
5884,640.58,18365.3,-2171.73,2026/01/29 23:03:12
5885,640.69,18359.4,-2175.89,2026/01/29 23:03:12
5886,640.8,18366.5,-2173.53,2026/01/29 23:03:12
5887,640.91,18360.5,-2175.08,2026/01/29 23:03:12
5888,641.02,18365.6,-2175.1,2026/01/29 23:03:13
5889,641.13,18361.4,-2174.66,2026/01/29 23:03:13
5890,641.24,18365.5,-2174.3,2026/01/29 23:03:13
5891,641.35,18363.8,-2174.29,2026/01/29 23:03:13
5892,641.45,18361.6,-2174.8,2026/01/29 23:03:13
5893,641.56,18366.6,-2173.21,2026/01/29 23:03:13
5894,641.67,18362,-2173.99,2026/01/29 23:03:13
5895,641.78,18366.5,-2173.82,2026/01/29 23:03:13
5896,641.89,18363,-2174.98,2026/01/29 23:03:13
5897,642,18365.4,-2174.13,2026/01/29 23:03:14
5898,642.11,18364.3,-2175.8,2026/01/29 23:03:14
5899,642.21,18364.8,-2173.73,2026/01/29 23:03:14
5900,642.32,18365.4,-2175,2026/01/29 23:03:14
5901,642.43,18362.4,-2173.75,2026/01/29 23:03:14
5902,642.54,18366.1,-2174.07,2026/01/29 23:03:14
5903,642.65,18363.6,-2177.06,2026/01/29 23:03:14
5904,642.76,18366.5,-2172.84,2026/01/29 23:03:14
5905,642.87,18363.4,-2175.91,2026/01/29 23:03:14
5906,642.98,18365.7,-2173.65,2026/01/29 23:03:15
5907,643.08,18364.7,-2175.54,2026/01/29 23:03:15
5908,643.19,18363.2,-2176.4,2026/01/29 23:03:15
5909,643.3,18368.4,-2172.64,2026/01/29 23:03:15
5910,643.41,18361.1,-2176.46,2026/01/29 23:03:15
5911,643.52,18367.5,-2174.6,2026/01/29 23:03:15
5912,643.63,18363.8,-2174.16,2026/01/29 23:03:15
5913,643.73,18365.7,-2175.23,2026/01/29 23:03:15
5914,643.84,18365.6,-2173.64,2026/01/29 23:03:15
5915,643.95,18363.1,-2176.88,2026/01/29 23:03:15
5916,644.06,18367.4,-2173.51,2026/01/29 23:03:16
5917,644.17,18361.7,-2176.23,2026/01/29 23:03:16
5918,644.28,18367.8,-2175.37,2026/01/29 23:03:16
5919,644.39,18363.7,-2175.27,2026/01/29 23:03:16
5920,644.5,18366.7,-2174.48,2026/01/29 23:03:16
5921,644.61,18366.2,-2176.05,2026/01/29 23:03:16
5922,644.71,18364.4,-2175,2026/01/29 23:03:16
5923,644.82,18367.6,-2176.14,2026/01/29 23:03:16
5924,644.93,18364.1,-2175.83,2026/01/29 23:03:16
5925,645.04,18367.7,-2172.9,2026/01/29 23:03:17
5926,645.15,18365,-2177.76,2026/01/29 23:03:17
5927,645.26,18367.2,-2174.28,2026/01/29 23:03:17
5928,645.36,18364.5,-2176.44,2026/01/29 23:03:17
5929,645.47,18367.2,-2175.99,2026/01/29 23:03:17
5930,645.58,18365.2,-2175.66,2026/01/29 23:03:17
5931,645.69,18365.5,-2176.46,2026/01/29 23:03:17
5932,645.8,18369.1,-2172.76,2026/01/29 23:03:17
5933,645.91,18362.9,-2175.97,2026/01/29 23:03:17
5934,646.02,18369.1,-2175.56,2026/01/29 23:03:18
5935,646.13,18364.6,-2175.21,2026/01/29 23:03:18
5936,646.24,18368.2,-2175.6,2026/01/29 23:03:18
5937,646.34,18366.2,-2174.47,2026/01/29 23:03:18
5938,646.45,18366,-2175.89,2026/01/29 23:03:18
5939,646.56,18369.3,-2175.78,2026/01/29 23:03:18
5940,646.67,18365.2,-2175.75,2026/01/29 23:03:18
5941,646.78,18368.9,-2175.05,2026/01/29 23:03:18
5942,646.89,18365.3,-2175.53,2026/01/29 23:03:18
5943,647,18368.4,-2173.99,2026/01/29 23:03:19
5944,647.11,18366.3,-2177.65,2026/01/29 23:03:19
5945,647.21,18368.5,-2174.55,2026/01/29 23:03:19
5946,647.32,18367.1,-2176.95,2026/01/29 23:03:19
5947,647.43,18368.8,-2175.6,2026/01/29 23:03:19
5948,647.54,18367.4,-2176.89,2026/01/29 23:03:19
5949,647.65,18367.2,-2176.68,2026/01/29 23:03:19
5950,647.76,18370,-2174.34,2026/01/29 23:03:19
5951,647.87,18365,-2177.6,2026/01/29 23:03:19
5952,647.98,18371.9,-2174.52,2026/01/29 23:03:20
5953,648.09,18365.1,-2177.08,2026/01/29 23:03:20
5954,648.2,18371.5,-2176.47,2026/01/29 23:03:20
5955,648.3,18367.2,-2175.95,2026/01/29 23:03:20
5956,648.41,18368.5,-2175.79,2026/01/29 23:03:20
5957,648.52,18369,-2176.4,2026/01/29 23:03:20
5958,648.63,18367.2,-2175.96,2026/01/29 23:03:20
5959,648.74,18371.4,-2176.96,2026/01/29 23:03:20
5960,648.85,18367.6,-2176.3,2026/01/29 23:03:20
5961,648.96,18370.6,-2176.26,2026/01/29 23:03:21
5962,649.07,18367.7,-2178.76,2026/01/29 23:03:21
5963,649.17,18371.8,-2173.46,2026/01/29 23:03:21
5964,649.28,18367.9,-2177.34,2026/01/29 23:03:21
5965,649.39,18370.5,-2175.47,2026/01/29 23:03:21
5966,649.5,18369,-2175.52,2026/01/29 23:03:21
5967,649.61,18368.2,-2177.8,2026/01/29 23:03:21
5968,649.72,18371.7,-2174.14,2026/01/29 23:03:21
5969,649.83,18366.2,-2177.96,2026/01/29 23:03:21
5970,649.94,18372.7,-2175.35,2026/01/29 23:03:21
5971,650.04,18368.3,-2176.31,2026/01/29 23:03:22
5972,650.15,18371.4,-2176.34,2026/01/29 23:03:22
5973,650.26,18370,-2176.7,2026/01/29 23:03:22
5974,650.37,18370.2,-2176.12,2026/01/29 23:03:22
5975,650.48,18372.5,-2176.64,2026/01/29 23:03:22
5976,650.59,18369,-2176.91,2026/01/29 23:03:22
5977,650.7,18372.7,-2175.86,2026/01/29 23:03:22
5978,650.8,18369,-2178.89,2026/01/29 23:03:22
5979,650.92,18372.4,-2173.86,2026/01/29 23:03:22
5980,651.02,18368,-2178.66,2026/01/29 23:03:23
5981,651.13,18372.1,-2176.9,2026/01/29 23:03:23
5982,651.24,18370.8,-2175.73,2026/01/29 23:03:23
5983,651.35,18370,-2178.79,2026/01/29 23:03:23
5984,651.46,18373.3,-2175.19,2026/01/29 23:03:23
5985,651.57,18367.8,-2178.61,2026/01/29 23:03:23
5986,651.67,18373.6,-2177.57,2026/01/29 23:03:23
5987,651.78,18369.5,-2176.15,2026/01/29 23:03:23
5988,651.89,18371.1,-2176.16,2026/01/29 23:03:23
5989,652,18374.1,-2176.82,2026/01/29 23:03:24
5990,652.11,18370.4,-2176.24,2026/01/29 23:03:24
5991,652.22,18373.7,-2177.79,2026/01/29 23:03:24
5992,652.33,18370.4,-2176.91,2026/01/29 23:03:24
5993,652.43,18373.7,-2174.35,2026/01/29 23:03:24
5994,652.54,18369.9,-2179.77,2026/01/29 23:03:24
5995,652.65,18374.5,-2175.61,2026/01/29 23:03:24
5996,652.76,18371.1,-2177.67,2026/01/29 23:03:24
5997,652.87,18373.5,-2176.83,2026/01/29 23:03:24
5998,652.98,18372.6,-2175.39,2026/01/29 23:03:25
5999,653.09,18372,-2178.32,2026/01/29 23:03:25
6000,653.2,18375,-2174.43,2026/01/29 23:03:25
6001,653.3,18370.9,-2176.54,2026/01/29 23:03:25
6002,653.41,18374.9,-2177.31,2026/01/29 23:03:25
6003,653.52,18372.2,-2177.02,2026/01/29 23:03:25
6004,653.63,18373.9,-2175.75,2026/01/29 23:03:25
6005,653.74,18373.3,-2178.08,2026/01/29 23:03:25
6006,653.85,18373.1,-2176.28,2026/01/29 23:03:25
6007,653.96,18374.6,-2178.33,2026/01/29 23:03:26
6008,654.07,18373.2,-2177.3,2026/01/29 23:03:26
6009,654.17,18376,-2174.82,2026/01/29 23:03:26
6010,654.28,18371.4,-2179.85,2026/01/29 23:03:26
6011,654.39,18376.8,-2175.84,2026/01/29 23:03:26
6012,654.5,18371.8,-2177.5,2026/01/29 23:03:26
6013,654.61,18375.3,-2177.45,2026/01/29 23:03:26
6014,654.72,18375.6,-2175.66,2026/01/29 23:03:26
6015,654.83,18371.7,-2178.99,2026/01/29 23:03:26
6016,654.94,18377,-2176.41,2026/01/29 23:03:26
6017,655.04,18373,-2177.17,2026/01/29 23:03:27
6018,655.15,18376.1,-2176.44,2026/01/29 23:03:27
6019,655.26,18374.1,-2177.99,2026/01/29 23:03:27
6020,655.37,18376.6,-2176.09,2026/01/29 23:03:27
6021,655.48,18375,-2178.46,2026/01/29 23:03:27
6022,655.59,18374.1,-2175.66,2026/01/29 23:03:27
6023,655.7,18367.6,-2176.83,2026/01/29 23:03:27
6024,655.81,18344.4,-2174.1,2026/01/29 23:03:27
6025,655.91,18294.7,-2170.98,2026/01/29 23:03:27
6026,656.02,18246.8,-2168.02,2026/01/29 23:03:28
6027,656.13,18193.1,-2159.5,2026/01/29 23:03:28
6028,656.24,18157.7,-2160.41,2026/01/29 23:03:28
6029,656.35,18156.7,-2157.19,2026/01/29 23:03:28
6030,656.46,18152.4,-2155.39,2026/01/29 23:03:28
6031,656.57,18148.9,-2156.24,2026/01/29 23:03:28
6032,656.68,18151,-2154.79,2026/01/29 23:03:28
6033,656.79,18154.4,-2154.29,2026/01/29 23:03:28
6034,656.89,18184,-2153.04,2026/01/29 23:03:28
6035,657,18253.9,-2154.01,2026/01/29 23:03:29
6036,657.11,18302.3,-2152.72,2026/01/29 23:03:29
6037,657.22,18340.6,-2165.55,2026/01/29 23:03:29
6038,657.33,18386.8,-2168.58,2026/01/29 23:03:29
6039,657.44,18391.3,-2175.7,2026/01/29 23:03:29
6040,657.55,18390.5,-2170.21,2026/01/29 23:03:29
6041,657.66,18355.9,-2169.93,2026/01/29 23:03:29
6042,657.77,18297.4,-2163.36,2026/01/29 23:03:29
6043,657.88,18290.7,-2157.22,2026/01/29 23:03:29
6044,657.98,18221.7,-2157.25,2026/01/29 23:03:30
6045,658.09,18185.2,-2152.62,2026/01/29 23:03:30
6046,658.2,18172.6,-2156.08,2026/01/29 23:03:30
6047,658.31,18177.7,-2152.72,2026/01/29 23:03:30
6048,658.42,18169.5,-2153.44,2026/01/29 23:03:30
6049,658.53,18180.6,-2154.23,2026/01/29 23:03:30
6050,658.64,18196.1,-2152.59,2026/01/29 23:03:30
6051,658.75,18275.5,-2152.36,2026/01/29 23:03:30
6052,658.85,18294.1,-2152.55,2026/01/29 23:03:30
6053,658.96,18311,-2159.26,2026/01/29 23:03:31
6054,659.07,18358.9,-2166.37,2026/01/29 23:03:31
6055,659.18,18380.7,-2170.67,2026/01/29 23:03:31
6056,659.29,18383.5,-2169.29,2026/01/29 23:03:31
6057,659.4,18371.5,-2171.16,2026/01/29 23:03:31
6058,659.51,18343.8,-2165.01,2026/01/29 23:03:31
6059,659.61,18302.2,-2164.14,2026/01/29 23:03:31
6060,659.72,18293.2,-2158.66,2026/01/29 23:03:31
6061,659.83,18289.2,-2155.04,2026/01/29 23:03:31
6062,659.94,18236.9,-2157.26,2026/01/29 23:03:31
6063,660.05,18219.2,-2153.95,2026/01/29 23:03:32
6064,660.16,18196.2,-2155.64,2026/01/29 23:03:32
6065,660.27,18187.3,-2154.9,2026/01/29 23:03:32
6066,660.38,18181.7,-2154.21,2026/01/29 23:03:32
6067,660.48,18183.4,-2156.69,2026/01/29 23:03:32
6068,660.59,18190.5,-2151.69,2026/01/29 23:03:32
6069,660.7,18185.7,-2154.82,2026/01/29 23:03:32
6070,660.81,18189.2,-2154.81,2026/01/29 23:03:32
6071,660.92,18197.8,-2153.63,2026/01/29 23:03:32
6072,661.03,18282.1,-2152.78,2026/01/29 23:03:33
6073,661.14,18304.1,-2159.33,2026/01/29 23:03:33
6074,661.25,18354.5,-2165.98,2026/01/29 23:03:33
6075,661.35,18371.4,-2168.65,2026/01/29 23:03:33
6076,661.46,18367.2,-2171.29,2026/01/29 23:03:33
6077,661.57,18353.9,-2166.66,2026/01/29 23:03:33
6078,661.68,18307.3,-2162.33,2026/01/29 23:03:33
6079,661.79,18287.7,-2158.31,2026/01/29 23:03:33
6080,661.9,18228,-2154.93,2026/01/29 23:03:33
6081,662.01,18182.6,-2154.54,2026/01/29 23:03:34
6082,662.12,18159.9,-2156.56,2026/01/29 23:03:34
6083,662.22,18144,-2156.31,2026/01/29 23:03:34
6084,662.33,18136.6,-2157.74,2026/01/29 23:03:34
6085,662.44,18147.3,-2152.5,2026/01/29 23:03:34
6086,662.55,18147,-2153.04,2026/01/29 23:03:34
6087,662.66,18165.9,-2148.37,2026/01/29 23:03:34
6088,662.77,18184.2,-2149.24,2026/01/29 23:03:34
6089,662.88,18293,-2146.03,2026/01/29 23:03:34
6090,662.99,18293,-2150.89,2026/01/29 23:03:35
6091,663.09,18329.1,-2160.39,2026/01/29 23:03:35
6092,663.2,18363.1,-2164.47,2026/01/29 23:03:35
6093,663.31,18363.6,-2166.55,2026/01/29 23:03:35
6094,663.42,18349.7,-2166.34,2026/01/29 23:03:35
6095,663.53,18315.1,-2158.34,2026/01/29 23:03:35
6096,663.64,18282.2,-2161.68,2026/01/29 23:03:35
6097,663.75,18283.4,-2151.5,2026/01/29 23:03:35
6098,663.86,18209.2,-2154.09,2026/01/29 23:03:35
6099,663.96,18172.8,-2152.21,2026/01/29 23:03:36
6100,664.07,18146.6,-2154.01,2026/01/29 23:03:36
6101,664.18,18131.9,-2152.67,2026/01/29 23:03:36
6102,664.29,18127.7,-2151.65,2026/01/29 23:03:36
6103,664.4,18126.7,-2155.52,2026/01/29 23:03:36
6104,664.51,18122.4,-2151.93,2026/01/29 23:03:36
6105,664.62,18123.4,-2152.14,2026/01/29 23:03:36
6106,664.72,18153.5,-2150.7,2026/01/29 23:03:36
6107,664.83,18221.4,-2151.22,2026/01/29 23:03:36
6108,664.94,18286.3,-2148.37,2026/01/29 23:03:36
6109,665.05,18297.4,-2150.46,2026/01/29 23:03:37
6110,665.16,18332.1,-2161.05,2026/01/29 23:03:37
6111,665.27,18365.3,-2162.84,2026/01/29 23:03:37
6112,665.38,18359.1,-2169.15,2026/01/29 23:03:37
6113,665.49,18362.9,-2165.03,2026/01/29 23:03:37
6114,665.6,18357.1,-2168.5,2026/01/29 23:03:37
6115,665.71,18358.3,-2166.89,2026/01/29 23:03:37
6116,665.81,18340,-2165.27,2026/01/29 23:03:37
6117,665.92,18298.5,-2161.06,2026/01/29 23:03:37
6118,666.03,18280.5,-2154.77,2026/01/29 23:03:38
6119,666.14,18233.1,-2154.69,2026/01/29 23:03:38
6120,666.25,18194.8,-2147.24,2026/01/29 23:03:38
6121,666.36,18163.7,-2153.06,2026/01/29 23:03:38
6122,666.47,18147.7,-2149.3,2026/01/29 23:03:38
6123,666.58,18121.3,-2153.06,2026/01/29 23:03:38
6124,666.68,18109.3,-2151.42,2026/01/29 23:03:38
6125,666.79,18108.4,-2152.56,2026/01/29 23:03:38
6126,666.9,18109.8,-2150.29,2026/01/29 23:03:38
6127,667.01,18112.5,-2150.45,2026/01/29 23:03:39
6128,667.12,18141.5,-2151.84,2026/01/29 23:03:39
6129,667.23,18242.6,-2145.38,2026/01/29 23:03:39
6130,667.34,18285.9,-2147.74,2026/01/29 23:03:39
6131,667.45,18294.4,-2149.45,2026/01/29 23:03:39
6132,667.56,18329.4,-2161.34,2026/01/29 23:03:39
6133,667.66,18368.6,-2165.84,2026/01/29 23:03:39
6134,667.77,18383.4,-2170.57,2026/01/29 23:03:39
6135,667.88,18383.8,-2169.98,2026/01/29 23:03:39
6136,667.99,18381.5,-2169.95,2026/01/29 23:03:40
6137,668.1,18361.3,-2169.29,2026/01/29 23:03:40
6138,668.21,18317,-2160.42,2026/01/29 23:03:40
6139,668.32,18276.7,-2160.7,2026/01/29 23:03:40
6140,668.42,18273.5,-2153.97,2026/01/29 23:03:40
6141,668.53,18222,-2153.23,2026/01/29 23:03:40
6142,668.64,18182.3,-2147.85,2026/01/29 23:03:40
6143,668.75,18156,-2149.81,2026/01/29 23:03:40
6144,668.86,18132.6,-2149.49,2026/01/29 23:03:40
6145,668.97,18125.8,-2149.04,2026/01/29 23:03:41
6146,669.08,18119.2,-2149.94,2026/01/29 23:03:41
6147,669.19,18124.8,-2148.79,2026/01/29 23:03:41
6148,669.29,18134.6,-2147.66,2026/01/29 23:03:41
6149,669.4,18136.5,-2149.37,2026/01/29 23:03:41
6150,669.51,18147.3,-2147.85,2026/01/29 23:03:41
6151,669.62,18191,-2148.43,2026/01/29 23:03:41
6152,669.73,18248.3,-2146.87,2026/01/29 23:03:41
6153,669.84,18294.6,-2145.12,2026/01/29 23:03:41
6154,669.95,18302.2,-2149.35,2026/01/29 23:03:41
6155,670.06,18307.5,-2154.34,2026/01/29 23:03:42
6156,670.17,18334.2,-2160.31,2026/01/29 23:03:42
6157,670.27,18367.7,-2166.94,2026/01/29 23:03:42
6158,670.38,18381,-2170.81,2026/01/29 23:03:42
6159,670.49,18397.8,-2171.86,2026/01/29 23:03:42
6160,670.6,18402.7,-2175.59,2026/01/29 23:03:42
6161,670.71,18416.5,-2175.12,2026/01/29 23:03:42
6162,670.82,18412.6,-2180,2026/01/29 23:03:42
6163,670.93,18409.7,-2174.24,2026/01/29 23:03:42
6164,671.04,18384.3,-2174.59,2026/01/29 23:03:43
6165,671.15,18361.1,-2168.52,2026/01/29 23:03:43
6166,671.26,18324.7,-2167.72,2026/01/29 23:03:43
6167,671.36,18280,-2160.13,2026/01/29 23:03:43
6168,671.47,18282.8,-2156.58,2026/01/29 23:03:43
6169,671.58,18224.6,-2153.14,2026/01/29 23:03:43
6170,671.69,18177.6,-2149.63,2026/01/29 23:03:43
6171,671.8,18141.1,-2149.77,2026/01/29 23:03:43
6172,671.91,18115.2,-2151.19,2026/01/29 23:03:43
6173,672.02,18098.1,-2150.09,2026/01/29 23:03:44
6174,672.13,18097.5,-2151.6,2026/01/29 23:03:44
6175,672.23,18109.5,-2146.67,2026/01/29 23:03:44
6176,672.34,18136.6,-2149.06,2026/01/29 23:03:44
6177,672.45,18197.8,-2144.87,2026/01/29 23:03:44
6178,672.56,18293.9,-2143.96,2026/01/29 23:03:44
6179,672.67,18293.1,-2145.96,2026/01/29 23:03:44
6180,672.78,18310.3,-2157.3,2026/01/29 23:03:44
6181,672.89,18352.1,-2162.02,2026/01/29 23:03:44
6182,673,18374.9,-2169.57,2026/01/29 23:03:45
6183,673.1,18384.3,-2169.95,2026/01/29 23:03:45
6184,673.21,18387.5,-2171.43,2026/01/29 23:03:45
6185,673.32,18383.4,-2172.13,2026/01/29 23:03:45
6186,673.43,18385.1,-2171.77,2026/01/29 23:03:45
6187,673.54,18382.1,-2171.66,2026/01/29 23:03:45
6188,673.65,18366.5,-2170.25,2026/01/29 23:03:45
6189,673.75,18335.1,-2163.13,2026/01/29 23:03:45
6190,673.86,18285.9,-2163.22,2026/01/29 23:03:45
6191,673.97,18280.7,-2153.41,2026/01/29 23:03:46
6192,674.08,18203.8,-2152.38,2026/01/29 23:03:46
6193,674.19,18156.8,-2147.09,2026/01/29 23:03:46
6194,674.3,18129,-2150.21,2026/01/29 23:03:46
6195,674.41,18110.9,-2147.26,2026/01/29 23:03:46
6196,674.52,18095.2,-2149.33,2026/01/29 23:03:46
6197,674.63,18077.5,-2148.95,2026/01/29 23:03:46
6198,674.74,18073.3,-2149.08,2026/01/29 23:03:46
6199,674.84,18090.6,-2146.25,2026/01/29 23:03:46
6200,674.95,18156.3,-2144.32,2026/01/29 23:03:46
6201,675.06,18244.6,-2143.31,2026/01/29 23:03:47
6202,675.17,18289.3,-2141.85,2026/01/29 23:03:47
6203,675.28,18283.7,-2150.44,2026/01/29 23:03:47
6204,675.39,18328.1,-2157.32,2026/01/29 23:03:47
6205,675.5,18366.4,-2163.96,2026/01/29 23:03:47
6206,675.6,18382.4,-2169.39,2026/01/29 23:03:47
6207,675.71,18404.9,-2169.85,2026/01/29 23:03:47
6208,675.82,18402.7,-2173.83,2026/01/29 23:03:47
6209,675.93,18398.2,-2171.35,2026/01/29 23:03:47
6210,676.04,18379.3,-2168.99,2026/01/29 23:03:48
6211,676.15,18334.2,-2166.58,2026/01/29 23:03:48
6212,676.26,18286.7,-2157.58,2026/01/29 23:03:48
6213,676.36,18274.7,-2156.05,2026/01/29 23:03:48
6214,676.47,18226.8,-2150.69,2026/01/29 23:03:48
6215,676.58,18171.9,-2146.82,2026/01/29 23:03:48
6216,676.69,18139.7,-2144.53,2026/01/29 23:03:48
6217,676.8,18112.9,-2146.46,2026/01/29 23:03:48
6218,676.91,18094.2,-2145,2026/01/29 23:03:48
6219,677.02,18085.1,-2145.52,2026/01/29 23:03:49
6220,677.12,18078.9,-2146.82,2026/01/29 23:03:49
6221,677.23,18089.3,-2146.36,2026/01/29 23:03:49
6222,677.34,18111,-2144.3,2026/01/29 23:03:49
6223,677.45,18153.1,-2143.07,2026/01/29 23:03:49
6224,677.56,18203.1,-2141.03,2026/01/29 23:03:49
6225,677.67,18289.6,-2144.55,2026/01/29 23:03:49
6226,677.78,18295.8,-2142.47,2026/01/29 23:03:49
6227,677.89,18288.5,-2152.26,2026/01/29 23:03:49
6228,678,18325.6,-2155.17,2026/01/29 23:03:50
6229,678.1,18358.1,-2165.63,2026/01/29 23:03:50
6230,678.21,18385.1,-2166.57,2026/01/29 23:03:50
6231,678.32,18394.6,-2170.67,2026/01/29 23:03:50
6232,678.43,18387.2,-2170.66,2026/01/29 23:03:50
6233,678.54,18385.4,-2168.17,2026/01/29 23:03:50
6234,678.65,18355.1,-2167.59,2026/01/29 23:03:50
6235,678.76,18327.9,-2163.95,2026/01/29 23:03:50
6236,678.86,18283.7,-2159.53,2026/01/29 23:03:50
6237,678.97,18282.2,-2154.65,2026/01/29 23:03:51
6238,679.08,18232.3,-2150.88,2026/01/29 23:03:51
6239,679.19,18172.4,-2145.66,2026/01/29 23:03:51
6240,679.3,18137.3,-2146.78,2026/01/29 23:03:51
6241,679.41,18112.9,-2145.42,2026/01/29 23:03:51
6242,679.52,18096.5,-2145.79,2026/01/29 23:03:51
6243,679.63,18081.8,-2146.67,2026/01/29 23:03:51
6244,679.73,18076.6,-2145.51,2026/01/29 23:03:51
6245,679.84,18082.8,-2146.05,2026/01/29 23:03:51
6246,679.95,18110,-2145.27,2026/01/29 23:03:51
6247,680.06,18166.4,-2140.38,2026/01/29 23:03:52
6248,680.17,18226.5,-2145.06,2026/01/29 23:03:52
6249,680.28,18301.4,-2138.14,2026/01/29 23:03:52
6250,680.39,18285.1,-2147.67,2026/01/29 23:03:52
6251,680.49,18290.4,-2148.72,2026/01/29 23:03:52
6252,680.6,18312,-2156.29,2026/01/29 23:03:52
6253,680.71,18343.9,-2157.88,2026/01/29 23:03:52
6254,680.82,18366.4,-2165.07,2026/01/29 23:03:52
6255,680.93,18379.8,-2167.09,2026/01/29 23:03:52
6256,681.04,18389.9,-2170.42,2026/01/29 23:03:53
6257,681.15,18382.7,-2168.58,2026/01/29 23:03:53
6258,681.26,18380.4,-2169.97,2026/01/29 23:03:53
6259,681.37,18360.7,-2163.4,2026/01/29 23:03:53
6260,681.47,18320.5,-2162.82,2026/01/29 23:03:53
6261,681.58,18282.8,-2157.46,2026/01/29 23:03:53
6262,681.69,18256.2,-2151.34,2026/01/29 23:03:53
6263,681.8,18184.1,-2144.55,2026/01/29 23:03:53
6264,681.91,18136.8,-2146.44,2026/01/29 23:03:53
6265,682.02,18117.9,-2143.62,2026/01/29 23:03:54
6266,682.13,18096.3,-2146.7,2026/01/29 23:03:54
6267,682.23,18086.2,-2144.06,2026/01/29 23:03:54
6268,682.34,18075.3,-2146.53,2026/01/29 23:03:54
6269,682.45,18068,-2146.29,2026/01/29 23:03:54
6270,682.56,18099.6,-2145.04,2026/01/29 23:03:54
6271,682.67,18156.4,-2144.24,2026/01/29 23:03:54
6272,682.78,18260.8,-2142.29,2026/01/29 23:03:54
6273,682.89,18281.8,-2144.73,2026/01/29 23:03:54
6274,683,18286.2,-2148.44,2026/01/29 23:03:55
6275,683.11,18316.8,-2156.34,2026/01/29 23:03:55
6276,683.22,18359.7,-2161.77,2026/01/29 23:03:55
6277,683.32,18377.1,-2167.49,2026/01/29 23:03:55
6278,683.44,18382.3,-2167.38,2026/01/29 23:03:55
6279,683.54,18370.2,-2167.16,2026/01/29 23:03:55
6280,683.65,18339,-2162.83,2026/01/29 23:03:55
6281,683.76,18289.9,-2157.66,2026/01/29 23:03:55
6282,683.87,18280.5,-2154.61,2026/01/29 23:03:55
6283,683.98,18229.6,-2148.62,2026/01/29 23:03:56
6284,684.09,18182.4,-2145.75,2026/01/29 23:03:56
6285,684.2,18158.2,-2144.42,2026/01/29 23:03:56
6286,684.3,18133,-2143.87,2026/01/29 23:03:56
6287,684.41,18111.7,-2145.85,2026/01/29 23:03:56
6288,684.52,18107.4,-2142.6,2026/01/29 23:03:56
6289,684.63,18129.6,-2146.37,2026/01/29 23:03:56
6290,684.74,18200.2,-2142.62,2026/01/29 23:03:56
6291,684.85,18280.4,-2143.51,2026/01/29 23:03:56
6292,684.96,18290.6,-2145.94,2026/01/29 23:03:57
6293,685.06,18309,-2155.05,2026/01/29 23:03:57
6294,685.17,18338.9,-2158.01,2026/01/29 23:03:57
6295,685.28,18362.7,-2165.95,2026/01/29 23:03:57
6296,685.39,18370.9,-2168.42,2026/01/29 23:03:57
6297,685.5,18380.1,-2169.23,2026/01/29 23:03:57
6298,685.61,18374.4,-2169.45,2026/01/29 23:03:57
6299,685.72,18370.7,-2168.67,2026/01/29 23:03:57
6300,685.82,18347.4,-2164.74,2026/01/29 23:03:57
6301,685.93,18311.1,-2164.29,2026/01/29 23:03:57
6302,686.04,18284.6,-2155.22,2026/01/29 23:03:58
6303,686.15,18270.5,-2155.63,2026/01/29 23:03:58
6304,686.26,18226,-2148.31,2026/01/29 23:03:58
6305,686.37,18179.3,-2147.29,2026/01/29 23:03:58
6306,686.48,18151.5,-2143.6,2026/01/29 23:03:58
6307,686.59,18123.1,-2145.51,2026/01/29 23:03:58
6308,686.7,18104.5,-2144.17,2026/01/29 23:03:58
6309,686.81,18106.5,-2145.94,2026/01/29 23:03:58
6310,686.91,18115.6,-2144.25,2026/01/29 23:03:58
6311,687.02,18146.8,-2143.84,2026/01/29 23:03:59
6312,687.13,18168,-2141.67,2026/01/29 23:03:59
6313,687.24,18236.3,-2145.32,2026/01/29 23:03:59
6314,687.35,18288.1,-2143.7,2026/01/29 23:03:59
6315,687.46,18292.9,-2149.12,2026/01/29 23:03:59
6316,687.56,18307.4,-2151.7,2026/01/29 23:03:59
6317,687.67,18324.6,-2158.41,2026/01/29 23:03:59
6318,687.78,18357.2,-2159.73,2026/01/29 23:03:59
6319,687.89,18368.4,-2169.73,2026/01/29 23:03:59
6320,688,18383.9,-2168.1,2026/01/29 23:04:00
6321,688.11,18385.9,-2171.83,2026/01/29 23:04:00
6322,688.22,18381.6,-2169.89,2026/01/29 23:04:00
6323,688.33,18383.2,-2168.99,2026/01/29 23:04:00
6324,688.43,18351.5,-2166.15,2026/01/29 23:04:00
6325,688.54,18305.6,-2159.53,2026/01/29 23:04:00
6326,688.65,18277.1,-2155.62,2026/01/29 23:04:00
6327,688.76,18261,-2150.94,2026/01/29 23:04:00
6328,688.87,18203.4,-2148.64,2026/01/29 23:04:00
6329,688.98,18167.6,-2145.18,2026/01/29 23:04:01
6330,689.09,18140,-2144.03,2026/01/29 23:04:01
6331,689.2,18122.8,-2145.42,2026/01/29 23:04:01
6332,689.3,18113.9,-2142.67,2026/01/29 23:04:01
6333,689.41,18104.4,-2147.16,2026/01/29 23:04:01
6334,689.52,18101.5,-2142.48,2026/01/29 23:04:01
6335,689.63,18096,-2146.2,2026/01/29 23:04:01
6336,689.74,18116.3,-2144.32,2026/01/29 23:04:01
6337,689.85,18173.9,-2142.08,2026/01/29 23:04:01
6338,689.95,18266.7,-2144.56,2026/01/29 23:04:02
6339,690.06,18291.2,-2144.76,2026/01/29 23:04:02
6340,690.17,18289,-2151.33,2026/01/29 23:04:02
6341,690.28,18324.3,-2154.34,2026/01/29 23:04:02
6342,690.39,18354.4,-2162.73,2026/01/29 23:04:02
6343,690.5,18371.1,-2164.33,2026/01/29 23:04:02
6344,690.61,18367.3,-2167.8,2026/01/29 23:04:02
6345,690.72,18369,-2165.69,2026/01/29 23:04:02
6346,690.83,18363.8,-2167.61,2026/01/29 23:04:02
6347,690.94,18352.8,-2162.84,2026/01/29 23:04:02
6348,691.05,18323,-2160.96,2026/01/29 23:04:03
6349,691.16,18272.3,-2154.38,2026/01/29 23:04:03
6350,691.27,18257.6,-2150,2026/01/29 23:04:03
6351,691.37,18174.6,-2143.99,2026/01/29 23:04:03
6352,691.48,18132.4,-2146.14,2026/01/29 23:04:03
6353,691.59,18100.2,-2145.35,2026/01/29 23:04:03
6354,691.7,18089.6,-2145.09,2026/01/29 23:04:03
6355,691.81,18076.9,-2144.57,2026/01/29 23:04:03
6356,691.92,18068.3,-2149.12,2026/01/29 23:04:03
6357,692.02,18081.3,-2143.06,2026/01/29 23:04:04
6358,692.13,18124.8,-2147.44,2026/01/29 23:04:04
6359,692.24,18230.2,-2139.29,2026/01/29 23:04:04
6360,692.35,18283.8,-2143.9,2026/01/29 23:04:04
6361,692.46,18286,-2146.86,2026/01/29 23:04:04
6362,692.57,18324.7,-2156.79,2026/01/29 23:04:04
6363,692.68,18351.4,-2160.57,2026/01/29 23:04:04
6364,692.79,18367.9,-2163.67,2026/01/29 23:04:04
6365,692.9,18359.2,-2164.66,2026/01/29 23:04:04
6366,693.01,18360.4,-2163.74,2026/01/29 23:04:05
6367,693.11,18334.5,-2160.61,2026/01/29 23:04:05
6368,693.22,18288.1,-2155.64,2026/01/29 23:04:05
6369,693.33,18274.7,-2150.73,2026/01/29 23:04:05
6370,693.44,18210.7,-2149.48,2026/01/29 23:04:05
6371,693.55,18164.3,-2140.88,2026/01/29 23:04:05
6372,693.66,18130,-2146.6,2026/01/29 23:04:05
6373,693.76,18109.4,-2142.58,2026/01/29 23:04:05
6374,693.87,18083.1,-2146.17,2026/01/29 23:04:05
6375,693.98,18076.4,-2144.84,2026/01/29 23:04:06
6376,694.09,18080.1,-2146.09,2026/01/29 23:04:06
6377,694.2,18081.2,-2144.49,2026/01/29 23:04:06
6378,694.31,18087.4,-2143.81,2026/01/29 23:04:06
6379,694.42,18072.9,-2146.5,2026/01/29 23:04:06
6380,694.53,18114.8,-2143.25,2026/01/29 23:04:06
6381,694.64,18224.5,-2143.81,2026/01/29 23:04:06
6382,694.74,18276,-2142.67,2026/01/29 23:04:06
6383,694.85,18283.3,-2151.85,2026/01/29 23:04:06
6384,694.96,18329,-2157.12,2026/01/29 23:04:07
6385,695.07,18341.8,-2158.59,2026/01/29 23:04:07
6386,695.18,18337.7,-2161.39,2026/01/29 23:04:07
6387,695.29,18339.9,-2157.7,2026/01/29 23:04:07
6388,695.39,18319.1,-2159.96,2026/01/29 23:04:07
6389,695.5,18287.8,-2154.83,2026/01/29 23:04:07
6390,695.61,18280.8,-2153.48,2026/01/29 23:04:07
6391,695.72,18264.4,-2149.13,2026/01/29 23:04:07
6392,695.83,18201.1,-2143.65,2026/01/29 23:04:07
6393,695.94,18142.9,-2144.07,2026/01/29 23:04:07
6394,696.05,18119.1,-2144.81,2026/01/29 23:04:08
6395,696.16,18097.7,-2144.58,2026/01/29 23:04:08
6396,696.26,18094.3,-2142.59,2026/01/29 23:04:08
6397,696.37,18085.2,-2143.5,2026/01/29 23:04:08
6398,696.48,18088.3,-2144.2,2026/01/29 23:04:08
6399,696.59,18096.1,-2142.15,2026/01/29 23:04:08
6400,696.7,18100.6,-2144.37,2026/01/29 23:04:08
6401,696.81,18125,-2140.36,2026/01/29 23:04:08
6402,696.92,18195,-2143.13,2026/01/29 23:04:08
6403,697.03,18288.2,-2139.46,2026/01/29 23:04:09
6404,697.14,18281,-2147.61,2026/01/29 23:04:09
6405,697.24,18310.7,-2155.53,2026/01/29 23:04:09
6406,697.35,18336.9,-2157.64,2026/01/29 23:04:09
6407,697.46,18344.7,-2161.96,2026/01/29 23:04:09
6408,697.57,18346.9,-2159.37,2026/01/29 23:04:09
6409,697.68,18340.6,-2163.01,2026/01/29 23:04:09
6410,697.79,18321.3,-2157.29,2026/01/29 23:04:09
6411,697.9,18281.6,-2156.62,2026/01/29 23:04:09
6412,698.01,18281.4,-2151.39,2026/01/29 23:04:10
6413,698.12,18258.9,-2150.72,2026/01/29 23:04:10
6414,698.23,18207.4,-2144.98,2026/01/29 23:04:10
6415,698.34,18160.4,-2144.16,2026/01/29 23:04:10
6416,698.44,18122.4,-2141.98,2026/01/29 23:04:10
6417,698.55,18093.4,-2144.64,2026/01/29 23:04:10
6418,698.66,18076.6,-2144.74,2026/01/29 23:04:10
6419,698.77,18075.7,-2143.64,2026/01/29 23:04:10
6420,698.88,18070.5,-2145.08,2026/01/29 23:04:10
6421,698.99,18081.7,-2144.63,2026/01/29 23:04:11
6422,699.1,18091.7,-2143.29,2026/01/29 23:04:11
6423,699.2,18135.7,-2143.66,2026/01/29 23:04:11
6424,699.31,18237.2,-2141.37,2026/01/29 23:04:11
6425,699.42,18281.1,-2143.14,2026/01/29 23:04:11
6426,699.53,18280.6,-2145.53,2026/01/29 23:04:11
6427,699.64,18314.7,-2158.11,2026/01/29 23:04:11
6428,699.75,18344.3,-2156.59,2026/01/29 23:04:11
6429,699.86,18346.4,-2161.97,2026/01/29 23:04:11
6430,699.96,18343.4,-2160.07,2026/01/29 23:04:12
6431,700.07,18330.7,-2158.34,2026/01/29 23:04:12
6432,700.18,18283,-2154.76,2026/01/29 23:04:12
6433,700.29,18275.2,-2147.9,2026/01/29 23:04:12
6434,700.4,18173.4,-2141.54,2026/01/29 23:04:12
6435,700.51,18118.6,-2143.86,2026/01/29 23:04:12
6436,700.62,18082.4,-2144.95,2026/01/29 23:04:12
6437,700.73,18081.1,-2143.28,2026/01/29 23:04:12
6438,700.84,18067.4,-2144.29,2026/01/29 23:04:12
6439,700.94,18073.8,-2145.86,2026/01/29 23:04:12
6440,701.05,18116.8,-2143.22,2026/01/29 23:04:13
6441,701.16,18219.7,-2142.83,2026/01/29 23:04:13
6442,701.27,18282.8,-2139.29,2026/01/29 23:04:13
6443,701.38,18273.7,-2148.75,2026/01/29 23:04:13
6444,701.49,18305.4,-2153.62,2026/01/29 23:04:13
6445,701.6,18337,-2158.37,2026/01/29 23:04:13
6446,701.71,18355,-2163.67,2026/01/29 23:04:13
6447,701.82,18384.1,-2162.72,2026/01/29 23:04:13
6448,701.92,18407.5,-2170.86,2026/01/29 23:04:13
6449,702.03,18409.6,-2171.16,2026/01/29 23:04:14
6450,702.14,18396.4,-2172,2026/01/29 23:04:14
6451,702.25,18387.6,-2168.03,2026/01/29 23:04:14
6452,702.36,18342.3,-2163.79,2026/01/29 23:04:14
6453,702.47,18288.2,-2157.78,2026/01/29 23:04:14
6454,702.58,18280.2,-2153.62,2026/01/29 23:04:14
6455,702.68,18221.6,-2148.69,2026/01/29 23:04:14
6456,702.79,18174.7,-2142.63,2026/01/29 23:04:14
6457,702.9,18137.3,-2145.36,2026/01/29 23:04:14
6458,703.01,18116.7,-2143.86,2026/01/29 23:04:15
6459,703.12,18101,-2143.31,2026/01/29 23:04:15
6460,703.23,18085.9,-2144.4,2026/01/29 23:04:15
6461,703.34,18079.5,-2143.46,2026/01/29 23:04:15
6462,703.45,18078.6,-2145.23,2026/01/29 23:04:15
6463,703.56,18091.3,-2141.4,2026/01/29 23:04:15
6464,703.67,18118.9,-2144.22,2026/01/29 23:04:15
6465,703.77,18177.3,-2140.89,2026/01/29 23:04:15
6466,703.88,18270.8,-2146.21,2026/01/29 23:04:15
6467,703.99,18294.1,-2140.86,2026/01/29 23:04:16
6468,704.1,18285.6,-2151.39,2026/01/29 23:04:16
6469,704.21,18317,-2153.78,2026/01/29 23:04:16
6470,704.32,18345.5,-2160.17,2026/01/29 23:04:16
6471,704.43,18365,-2163.56,2026/01/29 23:04:16
6472,704.54,18386.8,-2167.11,2026/01/29 23:04:16
6473,704.64,18390.6,-2168.8,2026/01/29 23:04:16
6474,704.75,18388.8,-2168.33,2026/01/29 23:04:16
6475,704.86,18382.9,-2168.74,2026/01/29 23:04:16
6476,704.97,18370.7,-2167.35,2026/01/29 23:04:17
6477,705.08,18324.5,-2159.45,2026/01/29 23:04:17
6478,705.19,18289.8,-2156.78,2026/01/29 23:04:17
6479,705.3,18253.7,-2147.84,2026/01/29 23:04:17
6480,705.4,18168.5,-2144.73,2026/01/29 23:04:17
6481,705.51,18129.6,-2141.32,2026/01/29 23:04:17
6482,705.62,18093.5,-2146.59,2026/01/29 23:04:17
6483,705.73,18080.2,-2140.94,2026/01/29 23:04:17
6484,705.84,18065,-2147.65,2026/01/29 23:04:17
6485,705.95,18073.7,-2143.9,2026/01/29 23:04:17
6486,706.06,18092.6,-2144.8,2026/01/29 23:04:18
6487,706.17,18120.7,-2142.2,2026/01/29 23:04:18
6488,706.28,18197,-2140.58,2026/01/29 23:04:18
6489,706.39,18294.7,-2141.01,2026/01/29 23:04:18
6490,706.5,18280.3,-2143.96,2026/01/29 23:04:18
6491,706.6,18289.6,-2154.32,2026/01/29 23:04:18
6492,706.71,18338.4,-2155.75,2026/01/29 23:04:18
6493,706.82,18358.9,-2163.63,2026/01/29 23:04:18
6494,706.93,18381.2,-2163.3,2026/01/29 23:04:18
6495,707.04,18387.3,-2166.43,2026/01/29 23:04:19
6496,707.15,18395.4,-2166.73,2026/01/29 23:04:19
6497,707.26,18396.4,-2171.91,2026/01/29 23:04:19
6498,707.37,18397.1,-2170.65,2026/01/29 23:04:19
6499,707.48,18392.9,-2170.73,2026/01/29 23:04:19
6500,707.59,18369.8,-2167.08,2026/01/29 23:04:19
6501,707.69,18327.2,-2161.24,2026/01/29 23:04:19
6502,707.8,18289.2,-2154.13,2026/01/29 23:04:19
6503,707.91,18255,-2149.67,2026/01/29 23:04:19
6504,708.02,18175.6,-2143.53,2026/01/29 23:04:20
6505,708.13,18129.1,-2145.11,2026/01/29 23:04:20
6506,708.24,18099.3,-2141.69,2026/01/29 23:04:20
6507,708.35,18072.6,-2146.45,2026/01/29 23:04:20
6508,708.46,18062.9,-2143.64,2026/01/29 23:04:20
6509,708.56,18062,-2148.49,2026/01/29 23:04:20
6510,708.67,18109.7,-2141.5,2026/01/29 23:04:20
6511,708.78,18174,-2143.19,2026/01/29 23:04:20
6512,708.89,18271.1,-2141.52,2026/01/29 23:04:20
6513,709,18288.1,-2144.57,2026/01/29 23:04:21
6514,709.11,18283.7,-2148.89,2026/01/29 23:04:21
6515,709.22,18319,-2155.88,2026/01/29 23:04:21
6516,709.33,18351.8,-2162.4,2026/01/29 23:04:21
6517,709.44,18380.8,-2164.31,2026/01/29 23:04:21
6518,709.55,18390.7,-2166,2026/01/29 23:04:21
6519,709.66,18401.5,-2165.18,2026/01/29 23:04:21
6520,709.77,18406.7,-2169.34,2026/01/29 23:04:21
6521,709.88,18403.1,-2168.62,2026/01/29 23:04:21
6522,709.98,18385,-2171.05,2026/01/29 23:04:22
6523,710.09,18358.5,-2165.27,2026/01/29 23:04:22
6524,710.2,18308.5,-2159.46,2026/01/29 23:04:22
6525,710.31,18298,-2152.65,2026/01/29 23:04:22
6526,710.42,18245.6,-2150.09,2026/01/29 23:04:22
6527,710.53,18168.5,-2143.45,2026/01/29 23:04:22
6528,710.64,18123.6,-2141.77,2026/01/29 23:04:22
6529,710.75,18092.2,-2144.57,2026/01/29 23:04:22
6530,710.85,18087.2,-2143.46,2026/01/29 23:04:22
6531,710.96,18092.8,-2143.04,2026/01/29 23:04:23
6532,711.07,18121.4,-2143.98,2026/01/29 23:04:23
6533,711.18,18198.1,-2139.98,2026/01/29 23:04:23
6534,711.29,18296,-2143.09,2026/01/29 23:04:23
6535,711.4,18295.4,-2144.69,2026/01/29 23:04:23
6536,711.51,18298,-2155.61,2026/01/29 23:04:23
6537,711.62,18338.3,-2154.53,2026/01/29 23:04:23
6538,711.73,18363.8,-2163.43,2026/01/29 23:04:23
6539,711.84,18391.6,-2160.69,2026/01/29 23:04:23
6540,711.94,18395.6,-2165.78,2026/01/29 23:04:23
6541,712.05,18393.3,-2168.11,2026/01/29 23:04:24
6542,712.16,18394.3,-2171.03,2026/01/29 23:04:24
6543,712.27,18388.1,-2170.85,2026/01/29 23:04:24
6544,712.38,18374.6,-2167.05,2026/01/29 23:04:24
6545,712.49,18332.5,-2161.78,2026/01/29 23:04:24
6546,712.6,18295.7,-2156.69,2026/01/29 23:04:24
6547,712.7,18276,-2149.19,2026/01/29 23:04:24
6548,712.81,18196.6,-2147.12,2026/01/29 23:04:24
6549,712.92,18148.9,-2140.51,2026/01/29 23:04:24
6550,713.03,18108,-2145.94,2026/01/29 23:04:25
6551,713.14,18089.6,-2142.05,2026/01/29 23:04:25
6552,713.25,18070.7,-2145.08,2026/01/29 23:04:25
6553,713.36,18075.3,-2143.22,2026/01/29 23:04:25
6554,713.47,18106.4,-2145.35,2026/01/29 23:04:25
6555,713.57,18186.5,-2141.48,2026/01/29 23:04:25
6556,713.68,18288.6,-2142.87,2026/01/29 23:04:25
6557,713.79,18288.4,-2143.88,2026/01/29 23:04:25
6558,713.9,18294.8,-2150.29,2026/01/29 23:04:25
6559,714.01,18333.2,-2157.02,2026/01/29 23:04:26
6560,714.12,18373.5,-2160.83,2026/01/29 23:04:26
6561,714.23,18397.6,-2164.2,2026/01/29 23:04:26
6562,714.34,18415.4,-2165.67,2026/01/29 23:04:26
6563,714.45,18410.4,-2170.24,2026/01/29 23:04:26
6564,714.56,18404.9,-2172.15,2026/01/29 23:04:26
6565,714.67,18391.4,-2169.5,2026/01/29 23:04:26
6566,714.77,18360.8,-2166.92,2026/01/29 23:04:26
6567,714.88,18314.2,-2158.73,2026/01/29 23:04:26
6568,714.99,18284.2,-2156.07,2026/01/29 23:04:27
6569,715.1,18291.9,-2148.88,2026/01/29 23:04:27
6570,715.21,18226.5,-2149.96,2026/01/29 23:04:27
6571,715.32,18189.4,-2141.46,2026/01/29 23:04:27
6572,715.43,18152.2,-2145.89,2026/01/29 23:04:27
6573,715.54,18123,-2141.32,2026/01/29 23:04:27
6574,715.65,18097.4,-2144.97,2026/01/29 23:04:27
6575,715.76,18083.1,-2142.24,2026/01/29 23:04:27
6576,715.86,18079.6,-2144.39,2026/01/29 23:04:27
6577,715.97,18101.9,-2144.18,2026/01/29 23:04:28
6578,716.08,18152.2,-2141.53,2026/01/29 23:04:28
6579,716.19,18193,-2140.08,2026/01/29 23:04:28
6580,716.3,18206.8,-2141.6,2026/01/29 23:04:28
6581,716.41,18205.2,-2140.13,2026/01/29 23:04:28
6582,716.52,18248.4,-2143.85,2026/01/29 23:04:28
6583,716.63,18311.7,-2141.6,2026/01/29 23:04:28
6584,716.74,18302.3,-2145.48,2026/01/29 23:04:28
6585,716.85,18297.5,-2147.78,2026/01/29 23:04:28
6586,716.95,18305.9,-2152.13,2026/01/29 23:04:29
6587,717.06,18325.2,-2155.2,2026/01/29 23:04:29
6588,717.17,18352.3,-2157.82,2026/01/29 23:04:29
6589,717.28,18384.4,-2158.5,2026/01/29 23:04:29
6590,717.39,18403.6,-2167.63,2026/01/29 23:04:29
6591,717.5,18421.6,-2163.51,2026/01/29 23:04:29
6592,717.61,18402.8,-2168.97,2026/01/29 23:04:29
6593,717.72,18392.4,-2168.7,2026/01/29 23:04:29
6594,717.83,18366.6,-2165.04,2026/01/29 23:04:29
6595,717.93,18319.8,-2160.63,2026/01/29 23:04:29
6596,718.04,18305.9,-2155.52,2026/01/29 23:04:30
6597,718.15,18296.5,-2150.64,2026/01/29 23:04:30
6598,718.26,18257.9,-2150.82,2026/01/29 23:04:30
6599,718.37,18204.7,-2147.99,2026/01/29 23:04:30
6600,718.48,18180.9,-2145.15,2026/01/29 23:04:30
6601,718.59,18160.4,-2144.42,2026/01/29 23:04:30
6602,718.7,18150.4,-2142.76,2026/01/29 23:04:30
6603,718.81,18128.8,-2144.26,2026/01/29 23:04:30
6604,718.92,18117.5,-2141.78,2026/01/29 23:04:30
6605,719.03,18103.7,-2144.28,2026/01/29 23:04:31
6606,719.14,18097,-2142.17,2026/01/29 23:04:31
6607,719.24,18107.2,-2142.93,2026/01/29 23:04:31
6608,719.35,18128.1,-2141.94,2026/01/29 23:04:31
6609,719.46,18171.6,-2141.3,2026/01/29 23:04:31
6610,719.57,18203.9,-2142.25,2026/01/29 23:04:31
6611,719.68,18228.2,-2142.18,2026/01/29 23:04:31
6612,719.79,18278.7,-2144.28,2026/01/29 23:04:31
6613,719.9,18304.3,-2144.66,2026/01/29 23:04:31
6614,720.01,18301.9,-2146.36,2026/01/29 23:04:32
6615,720.11,18297.2,-2149.33,2026/01/29 23:04:32
6616,720.22,18306.8,-2149.98,2026/01/29 23:04:32
6617,720.33,18316,-2154.56,2026/01/29 23:04:32
6618,720.44,18335.9,-2157.62,2026/01/29 23:04:32
6619,720.55,18370.4,-2156.48,2026/01/29 23:04:32
6620,720.66,18388.6,-2163.27,2026/01/29 23:04:32
6621,720.76,18397.4,-2161.53,2026/01/29 23:04:32
6622,720.87,18393.7,-2164.94,2026/01/29 23:04:32
6623,720.98,18388,-2165.32,2026/01/29 23:04:33
6624,721.09,18387,-2166.31,2026/01/29 23:04:33
6625,721.2,18371.3,-2159.83,2026/01/29 23:04:33
6626,721.31,18344.6,-2159.85,2026/01/29 23:04:33
6627,721.42,18314.2,-2154.21,2026/01/29 23:04:33
6628,721.53,18301.4,-2152.6,2026/01/29 23:04:33
6629,721.63,18288.8,-2152.21,2026/01/29 23:04:33
6630,721.74,18260.7,-2150.07,2026/01/29 23:04:33
6631,721.85,18231.6,-2151.19,2026/01/29 23:04:33
6632,721.96,18201.4,-2146.35,2026/01/29 23:04:34
6633,722.07,18173.5,-2145.02,2026/01/29 23:04:34
6634,722.18,18145.9,-2144.07,2026/01/29 23:04:34
6635,722.29,18119.8,-2142.73,2026/01/29 23:04:34
6636,722.39,18101.2,-2144.42,2026/01/29 23:04:34
6637,722.5,18107.4,-2141.92,2026/01/29 23:04:34
6638,722.61,18107.1,-2141.43,2026/01/29 23:04:34
6639,722.72,18128.9,-2142.31,2026/01/29 23:04:34
6640,722.83,18154,-2141.47,2026/01/29 23:04:34
6641,722.94,18203.9,-2141.2,2026/01/29 23:04:34
6642,723.05,18232.5,-2143.24,2026/01/29 23:04:35
6643,723.16,18286.2,-2145.06,2026/01/29 23:04:35
6644,723.27,18308.8,-2143.51,2026/01/29 23:04:35
6645,723.38,18299.7,-2147.37,2026/01/29 23:04:35
6646,723.49,18303.4,-2147.03,2026/01/29 23:04:35
6647,723.59,18305.2,-2151.69,2026/01/29 23:04:35
6648,723.71,18324.5,-2153.86,2026/01/29 23:04:35
6649,723.81,18338.2,-2160.14,2026/01/29 23:04:35
6650,723.92,18368.5,-2156.61,2026/01/29 23:04:35
6651,724.03,18386.9,-2163.12,2026/01/29 23:04:36
6652,724.14,18397.8,-2162.69,2026/01/29 23:04:36
6653,724.25,18402.8,-2164.54,2026/01/29 23:04:36
6654,724.36,18397.9,-2165.53,2026/01/29 23:04:36
6655,724.47,18398,-2164.57,2026/01/29 23:04:36
6656,724.57,18381.6,-2169.55,2026/01/29 23:04:36
6657,724.68,18383.3,-2169.15,2026/01/29 23:04:36
6658,724.79,18366.9,-2163.66,2026/01/29 23:04:36
6659,724.9,18355.7,-2161.13,2026/01/29 23:04:36
6660,725.01,18316.8,-2156.18,2026/01/29 23:04:37
6661,725.12,18302.3,-2153.91,2026/01/29 23:04:37
6662,725.23,18293.7,-2149.1,2026/01/29 23:04:37
6663,725.34,18251.3,-2153.95,2026/01/29 23:04:37
6664,725.45,18224.6,-2149.09,2026/01/29 23:04:37
6665,725.55,18191.2,-2148.56,2026/01/29 23:04:37
6666,725.66,18177.1,-2142.02,2026/01/29 23:04:37
6667,725.77,18157.9,-2145.98,2026/01/29 23:04:37
6668,725.88,18145.4,-2141.46,2026/01/29 23:04:37
6669,725.99,18129.4,-2145.39,2026/01/29 23:04:38
6670,726.1,18119.5,-2141.83,2026/01/29 23:04:38
6671,726.21,18111,-2142.93,2026/01/29 23:04:38
6672,726.32,18106.9,-2142.76,2026/01/29 23:04:38
6673,726.42,18123.1,-2141.4,2026/01/29 23:04:38
6674,726.53,18135.5,-2142.15,2026/01/29 23:04:38
6675,726.64,18167.4,-2141.2,2026/01/29 23:04:38
6676,726.75,18210.9,-2141.47,2026/01/29 23:04:38
6677,726.86,18256.6,-2144.98,2026/01/29 23:04:38
6678,726.97,18305.9,-2143.28,2026/01/29 23:04:39
6679,727.08,18299.5,-2148.46,2026/01/29 23:04:39
6680,727.19,18304.1,-2147.06,2026/01/29 23:04:39
6681,727.3,18308.4,-2153.98,2026/01/29 23:04:39
6682,727.41,18331.2,-2154.17,2026/01/29 23:04:39
6683,727.52,18356.1,-2160.83,2026/01/29 23:04:39
6684,727.62,18384.4,-2162.23,2026/01/29 23:04:39
6685,727.73,18388,-2163.9,2026/01/29 23:04:39
6686,727.84,18390.7,-2162.32,2026/01/29 23:04:39
6687,727.95,18379.8,-2162.02,2026/01/29 23:04:39
6688,728.06,18356.1,-2159.5,2026/01/29 23:04:40
6689,728.17,18321.5,-2156.93,2026/01/29 23:04:40
6690,728.28,18297.8,-2156.13,2026/01/29 23:04:40
6691,728.39,18290.6,-2151.3,2026/01/29 23:04:40
6692,728.5,18225.1,-2150.94,2026/01/29 23:04:40
6693,728.6,18178.4,-2143.09,2026/01/29 23:04:40
6694,728.71,18138,-2145.27,2026/01/29 23:04:40
6695,728.82,18113.3,-2143.49,2026/01/29 23:04:40
6696,728.93,18099.4,-2143.98,2026/01/29 23:04:40
6697,729.04,18089.4,-2143.88,2026/01/29 23:04:41
6698,729.15,18093.8,-2144.68,2026/01/29 23:04:41
6699,729.26,18098.3,-2142.86,2026/01/29 23:04:41
6700,729.36,18125,-2143.29,2026/01/29 23:04:41
6701,729.47,18179.2,-2140.9,2026/01/29 23:04:41
6702,729.58,18244.5,-2144.15,2026/01/29 23:04:41
6703,729.69,18310.4,-2140.51,2026/01/29 23:04:41
6704,729.8,18304.9,-2148.3,2026/01/29 23:04:41
6705,729.91,18306.1,-2146.37,2026/01/29 23:04:41
6706,730.02,18306,-2152.11,2026/01/29 23:04:42
6707,730.12,18332.7,-2156.12,2026/01/29 23:04:42
6708,730.23,18358.6,-2160.59,2026/01/29 23:04:42
6709,730.34,18379.7,-2163.46,2026/01/29 23:04:42
6710,730.45,18383.3,-2166.74,2026/01/29 23:04:42
6711,730.56,18382.7,-2164.42,2026/01/29 23:04:42
6712,730.67,18388.3,-2162.28,2026/01/29 23:04:42
6713,730.78,18382.1,-2164.45,2026/01/29 23:04:42
6714,730.88,18385.3,-2159.39,2026/01/29 23:04:42
6715,730.99,18349.4,-2165.66,2026/01/29 23:04:43
6716,731.1,18323.4,-2155.69,2026/01/29 23:04:43
6717,731.21,18298.3,-2157.38,2026/01/29 23:04:43
6718,731.32,18286.4,-2152.6,2026/01/29 23:04:43
6719,731.43,18233,-2150.3,2026/01/29 23:04:43
6720,731.54,18174.5,-2143.33,2026/01/29 23:04:43
6721,731.65,18146.6,-2143.87,2026/01/29 23:04:43
6722,731.76,18119.3,-2142.97,2026/01/29 23:04:43
6723,731.87,18103.2,-2143.48,2026/01/29 23:04:43
6724,731.98,18087.8,-2143.73,2026/01/29 23:04:44
6725,732.08,18084.2,-2145.37,2026/01/29 23:04:44
6726,732.2,18085.5,-2144.31,2026/01/29 23:04:44
6727,732.3,18092.1,-2144.23,2026/01/29 23:04:44
6728,732.41,18109.4,-2142.41,2026/01/29 23:04:44
6729,732.52,18143.2,-2142.46,2026/01/29 23:04:44
6730,732.63,18201.3,-2140.51,2026/01/29 23:04:44
6731,732.74,18284.8,-2146.99,2026/01/29 23:04:44
6732,732.85,18301.4,-2142.2,2026/01/29 23:04:44
6733,732.96,18292.3,-2150.4,2026/01/29 23:04:45
6734,733.07,18322.5,-2153.97,2026/01/29 23:04:45
6735,733.18,18352.6,-2161.61,2026/01/29 23:04:45
6736,733.29,18377.5,-2163.46,2026/01/29 23:04:45
6737,733.39,18375.9,-2166.06,2026/01/29 23:04:45
6738,733.5,18375,-2164.08,2026/01/29 23:04:45
6739,733.61,18362.2,-2164.24,2026/01/29 23:04:45
6740,733.72,18331,-2159.65,2026/01/29 23:04:45
6741,733.83,18308.8,-2155.54,2026/01/29 23:04:45
6742,733.94,18295.4,-2154.92,2026/01/29 23:04:45
6743,734.05,18231,-2146.89,2026/01/29 23:04:46
6744,734.16,18175.9,-2145.52,2026/01/29 23:04:46
6745,734.26,18142.7,-2143.31,2026/01/29 23:04:46
6746,734.37,18123.5,-2144.28,2026/01/29 23:04:46
6747,734.48,18117.3,-2143.49,2026/01/29 23:04:46
6748,734.59,18126.9,-2141.98,2026/01/29 23:04:46
6749,734.7,18121.9,-2142.8,2026/01/29 23:04:46
6750,734.81,18116.1,-2144.07,2026/01/29 23:04:46
6751,734.92,18118.2,-2142.56,2026/01/29 23:04:46
6752,735.03,18180.5,-2144.21,2026/01/29 23:04:47
6753,735.13,18281,-2145.31,2026/01/29 23:04:47
6754,735.24,18295.1,-2148.95,2026/01/29 23:04:47
6755,735.35,18304.1,-2147.06,2026/01/29 23:04:47
6756,735.46,18325.1,-2158.74,2026/01/29 23:04:47
6757,735.57,18363.8,-2158.89,2026/01/29 23:04:47
6758,735.68,18367.6,-2163.68,2026/01/29 23:04:47
6759,735.79,18375.3,-2163.54,2026/01/29 23:04:47
6760,735.89,18372.2,-2164,2026/01/29 23:04:47
6761,736,18369.3,-2164.75,2026/01/29 23:04:48
6762,736.11,18358.1,-2161,2026/01/29 23:04:48
6763,736.22,18328.6,-2162.4,2026/01/29 23:04:48
6764,736.33,18308.6,-2154.1,2026/01/29 23:04:48
6765,736.44,18297.3,-2156.68,2026/01/29 23:04:48
6766,736.54,18286.1,-2148.69,2026/01/29 23:04:48
6767,736.65,18219.8,-2147.11,2026/01/29 23:04:48
6768,736.76,18167.4,-2143.34,2026/01/29 23:04:48
6769,736.87,18137.5,-2144.23,2026/01/29 23:04:48
6770,736.98,18111.4,-2145.83,2026/01/29 23:04:49
6771,737.09,18112,-2142.09,2026/01/29 23:04:49
6772,737.19,18107.9,-2144.35,2026/01/29 23:04:49
6773,737.3,18107.9,-2143.02,2026/01/29 23:04:49
6774,737.41,18131.5,-2141.9,2026/01/29 23:04:49
6775,737.52,18192.4,-2142.98,2026/01/29 23:04:49
6776,737.63,18280.8,-2146.09,2026/01/29 23:04:49
6777,737.74,18299.6,-2144.56,2026/01/29 23:04:49
6778,737.85,18305,-2148.81,2026/01/29 23:04:49
6779,737.96,18323.6,-2155.64,2026/01/29 23:04:50
6780,738.06,18365.4,-2161.02,2026/01/29 23:04:50
6781,738.17,18381.9,-2163.32,2026/01/29 23:04:50
6782,738.28,18383.5,-2167.84,2026/01/29 23:04:50
6783,738.39,18382.3,-2163.42,2026/01/29 23:04:50
6784,738.5,18370.1,-2167.87,2026/01/29 23:04:50
6785,738.61,18357.4,-2161.41,2026/01/29 23:04:50
6786,738.72,18320,-2161.08,2026/01/29 23:04:50
6787,738.83,18303.3,-2155.29,2026/01/29 23:04:50
6788,738.94,18293.2,-2154.16,2026/01/29 23:04:50
6789,739.04,18254.2,-2150.84,2026/01/29 23:04:51
6790,739.15,18185.5,-2143.7,2026/01/29 23:04:51
6791,739.26,18134.4,-2144.45,2026/01/29 23:04:51
6792,739.37,18105.7,-2144.3,2026/01/29 23:04:51
6793,739.48,18092.6,-2145.75,2026/01/29 23:04:51
6794,739.59,18097.2,-2141.87,2026/01/29 23:04:51
6795,739.7,18084.9,-2147.1,2026/01/29 23:04:51
6796,739.81,18091.3,-2143.95,2026/01/29 23:04:51
6797,739.92,18134.8,-2144.8,2026/01/29 23:04:51
6798,740.03,18221,-2142.25,2026/01/29 23:04:52
6799,740.13,18298.5,-2144.01,2026/01/29 23:04:52
6800,740.24,18302.2,-2144.47,2026/01/29 23:04:52
6801,740.35,18308.5,-2147.31,2026/01/29 23:04:52
6802,740.46,18315.6,-2153.37,2026/01/29 23:04:52
6803,740.57,18356.5,-2159.37,2026/01/29 23:04:52
6804,740.68,18371.8,-2161.51,2026/01/29 23:04:52
6805,740.79,18374,-2164.2,2026/01/29 23:04:52
6806,740.89,18373.5,-2163.09,2026/01/29 23:04:52
6807,741,18372.6,-2166.57,2026/01/29 23:04:53
6808,741.11,18373.7,-2161.66,2026/01/29 23:04:53
6809,741.22,18350.5,-2164.34,2026/01/29 23:04:53
6810,741.33,18327,-2156.61,2026/01/29 23:04:53
6811,741.44,18300.4,-2156.48,2026/01/29 23:04:53
6812,741.55,18299.3,-2152.44,2026/01/29 23:04:53
6813,741.66,18235.3,-2150.21,2026/01/29 23:04:53
6814,741.77,18182.1,-2143.15,2026/01/29 23:04:53
6815,741.88,18138.2,-2144.54,2026/01/29 23:04:53
6816,741.98,18107.5,-2144.81,2026/01/29 23:04:54
6817,742.09,18101.7,-2144.59,2026/01/29 23:04:54
6818,742.2,18104.9,-2141.71,2026/01/29 23:04:54
6819,742.31,18104.2,-2143.89,2026/01/29 23:04:54
6820,742.42,18148.4,-2143.95,2026/01/29 23:04:54
6821,742.53,18248.6,-2142.29,2026/01/29 23:04:54
6822,742.64,18306.5,-2145.01,2026/01/29 23:04:54
6823,742.75,18307,-2146.01,2026/01/29 23:04:54
6824,742.86,18313.8,-2154.83,2026/01/29 23:04:54
6825,742.97,18348,-2158.25,2026/01/29 23:04:55
6826,743.08,18375.6,-2163.82,2026/01/29 23:04:55
6827,743.19,18395.9,-2167.01,2026/01/29 23:04:55
6828,743.29,18420.8,-2170.66,2026/01/29 23:04:55
6829,743.4,18423,-2172.62,2026/01/29 23:04:55
6830,743.51,18429.7,-2172.29,2026/01/29 23:04:55
6831,743.62,18429.6,-2170.37,2026/01/29 23:04:55
6832,743.73,18424,-2170.33,2026/01/29 23:04:55
6833,743.84,18404.6,-2166.06,2026/01/29 23:04:55
6834,743.95,18365.7,-2164.36,2026/01/29 23:04:55
6835,744.05,18324.3,-2157.63,2026/01/29 23:04:56
6836,744.16,18305.3,-2159.09,2026/01/29 23:04:56
6837,744.27,18276.7,-2150.44,2026/01/29 23:04:56
6838,744.38,18203.7,-2147.35,2026/01/29 23:04:56
6839,744.49,18167.2,-2143.7,2026/01/29 23:04:56
6840,744.6,18130.9,-2145.04,2026/01/29 23:04:56
6841,744.71,18113.6,-2142.61,2026/01/29 23:04:56
6842,744.82,18096.5,-2143.89,2026/01/29 23:04:56
6843,744.93,18097.7,-2144.29,2026/01/29 23:04:56
6844,745.03,18105.4,-2142.63,2026/01/29 23:04:57
6845,745.14,18133.2,-2144.37,2026/01/29 23:04:57
6846,745.25,18217.6,-2140.82,2026/01/29 23:04:57
6847,745.36,18304,-2146.05,2026/01/29 23:04:57
6848,745.47,18306.9,-2144.17,2026/01/29 23:04:57
6849,745.58,18310.5,-2153.54,2026/01/29 23:04:57
6850,745.69,18341.3,-2156.23,2026/01/29 23:04:57
6851,745.8,18368.2,-2163.43,2026/01/29 23:04:57
6852,745.91,18391.1,-2166.58,2026/01/29 23:04:57
6853,746.02,18417.1,-2171.46,2026/01/29 23:04:58
6854,746.12,18419.7,-2172.53,2026/01/29 23:04:58
6855,746.23,18424.6,-2169.67,2026/01/29 23:04:58
6856,746.34,18426.4,-2169.53,2026/01/29 23:04:58
6857,746.45,18421.5,-2167.68,2026/01/29 23:04:58
6858,746.56,18404.1,-2167.31,2026/01/29 23:04:58
6859,746.67,18379.7,-2165.09,2026/01/29 23:04:58
6860,746.78,18346.2,-2160.02,2026/01/29 23:04:58
6861,746.89,18310.7,-2159.77,2026/01/29 23:04:58
6862,747,18307.6,-2153.08,2026/01/29 23:04:59
6863,747.1,18257.9,-2154,2026/01/29 23:04:59
6864,747.21,18215.7,-2145.33,2026/01/29 23:04:59
6865,747.32,18166.8,-2144.33,2026/01/29 23:04:59
6866,747.43,18139.2,-2144.23,2026/01/29 23:04:59
6867,747.54,18115,-2143.88,2026/01/29 23:04:59
6868,747.65,18110.3,-2144.32,2026/01/29 23:04:59
6869,747.76,18113,-2142.41,2026/01/29 23:04:59
6870,747.87,18103.2,-2143.19,2026/01/29 23:04:59
6871,747.98,18097.3,-2144.29,2026/01/29 23:05:00
6872,748.08,18131,-2144.43,2026/01/29 23:05:00
6873,748.19,18207.5,-2142.23,2026/01/29 23:05:00
6874,748.3,18279.9,-2148.43,2026/01/29 23:05:00
6875,748.41,18314.2,-2142.26,2026/01/29 23:05:00
6876,748.52,18310.8,-2151.55,2026/01/29 23:05:00
6877,748.63,18326.4,-2153.58,2026/01/29 23:05:00
6878,748.74,18357.5,-2160.03,2026/01/29 23:05:00
6879,748.85,18378.3,-2163.65,2026/01/29 23:05:00
6880,748.95,18402.1,-2168.42,2026/01/29 23:05:00
6881,749.07,18415.9,-2171.47,2026/01/29 23:05:01
6882,749.17,18429.8,-2173.2,2026/01/29 23:05:01
6883,749.28,18437.7,-2174.33,2026/01/29 23:05:01
6884,749.39,18446.9,-2171.33,2026/01/29 23:05:01
6885,749.5,18452.8,-2176.61,2026/01/29 23:05:01
6886,749.61,18447.9,-2173.78,2026/01/29 23:05:01
6887,749.72,18436.2,-2172.19,2026/01/29 23:05:01
6888,749.83,18411.9,-2169.68,2026/01/29 23:05:01
6889,749.93,18387,-2165.6,2026/01/29 23:05:01
6890,750.04,18343.7,-2162.69,2026/01/29 23:05:02
6891,750.15,18313.8,-2158.51,2026/01/29 23:05:02
6892,750.26,18306,-2155.52,2026/01/29 23:05:02
6893,750.37,18262.2,-2152.16,2026/01/29 23:05:02
6894,750.48,18209.8,-2143.55,2026/01/29 23:05:02
6895,750.59,18166.6,-2146.08,2026/01/29 23:05:02
6896,750.7,18146.5,-2143,2026/01/29 23:05:02
6897,750.8,18123,-2144.88,2026/01/29 23:05:02
6898,750.91,18119.2,-2144.05,2026/01/29 23:05:02
6899,751.02,18105.7,-2143.1,2026/01/29 23:05:03
6900,751.13,18104,-2144.87,2026/01/29 23:05:03
6901,751.24,18109.1,-2142.47,2026/01/29 23:05:03
6902,751.35,18108.7,-2145.34,2026/01/29 23:05:03
6903,751.46,18104.3,-2142.53,2026/01/29 23:05:03
6904,751.56,18123.6,-2145.26,2026/01/29 23:05:03
6905,751.67,18231.2,-2142.95,2026/01/29 23:05:03
6906,751.78,18307.6,-2143.07,2026/01/29 23:05:03
6907,751.89,18304.6,-2147.32,2026/01/29 23:05:03
6908,752,18314.4,-2152.68,2026/01/29 23:05:04
6909,752.11,18356.2,-2160.02,2026/01/29 23:05:04
6910,752.22,18377.8,-2162.97,2026/01/29 23:05:04
6911,752.33,18397.6,-2170.43,2026/01/29 23:05:04
6912,752.44,18416.3,-2170,2026/01/29 23:05:04
6913,752.54,18415.2,-2175.18,2026/01/29 23:05:04
6914,752.65,18423.3,-2168.32,2026/01/29 23:05:04
6915,752.76,18423.2,-2173.01,2026/01/29 23:05:04
6916,752.87,18434.5,-2169.76,2026/01/29 23:05:04
6917,752.98,18424.8,-2170.75,2026/01/29 23:05:05
6918,753.09,18412.9,-2167.85,2026/01/29 23:05:05
6919,753.2,18390.6,-2167.65,2026/01/29 23:05:05
6920,753.31,18380.6,-2165.87,2026/01/29 23:05:05
6921,753.42,18360.3,-2162.67,2026/01/29 23:05:05
6922,753.53,18314,-2160.38,2026/01/29 23:05:05
6923,753.63,18303.6,-2154.68,2026/01/29 23:05:05
6924,753.74,18276.3,-2154.24,2026/01/29 23:05:05
6925,753.85,18202.7,-2141.95,2026/01/29 23:05:05
6926,753.96,18148.7,-2145.27,2026/01/29 23:05:06
6927,754.07,18113.1,-2142.72,2026/01/29 23:05:06
6928,754.18,18086.1,-2146.42,2026/01/29 23:05:06
6929,754.29,18068.5,-2145.79,2026/01/29 23:05:06
6930,754.4,18056.4,-2149.57,2026/01/29 23:05:06
6931,754.51,18079.5,-2147.82,2026/01/29 23:05:06
6932,754.61,18138.6,-2141.22,2026/01/29 23:05:06
6933,754.72,18233.5,-2143.33,2026/01/29 23:05:06
6934,754.83,18310.6,-2138.01,2026/01/29 23:05:06
6935,754.94,18298.3,-2146.17,2026/01/29 23:05:06
6936,755.05,18302.3,-2148.21,2026/01/29 23:05:07
6937,755.16,18352.4,-2159.4,2026/01/29 23:05:07
6938,755.27,18386.6,-2165.16,2026/01/29 23:05:07
6939,755.37,18409.1,-2166.38,2026/01/29 23:05:07
6940,755.48,18415.8,-2173.32,2026/01/29 23:05:07
6941,755.59,18425,-2169.74,2026/01/29 23:05:07
6942,755.7,18430.1,-2174.89,2026/01/29 23:05:07
6943,755.81,18422.4,-2170.96,2026/01/29 23:05:07
6944,755.92,18406.5,-2170.59,2026/01/29 23:05:07
6945,756.03,18368.3,-2165.33,2026/01/29 23:05:08
6946,756.13,18327.2,-2161.28,2026/01/29 23:05:08
6947,756.24,18307.2,-2158.19,2026/01/29 23:05:08
6948,756.35,18273.4,-2150.08,2026/01/29 23:05:08
6949,756.46,18189.9,-2143.9,2026/01/29 23:05:08
6950,756.57,18135.1,-2143.07,2026/01/29 23:05:08
6951,756.68,18096.1,-2145.41,2026/01/29 23:05:08
6952,756.79,18080.7,-2143.53,2026/01/29 23:05:08
6953,756.89,18089.9,-2144.22,2026/01/29 23:05:08
6954,757,18107.3,-2145.1,2026/01/29 23:05:09
6955,757.11,18183.8,-2141.61,2026/01/29 23:05:09
6956,757.22,18283.2,-2146.95,2026/01/29 23:05:09
6957,757.33,18307.8,-2142.95,2026/01/29 23:05:09
6958,757.44,18311.2,-2149.61,2026/01/29 23:05:09
6959,757.55,18345.6,-2157.52,2026/01/29 23:05:09
6960,757.66,18388.2,-2165.71,2026/01/29 23:05:09
6961,757.77,18408.7,-2169.68,2026/01/29 23:05:09
6962,757.87,18422.9,-2170.06,2026/01/29 23:05:09
6963,757.98,18416.6,-2172.42,2026/01/29 23:05:10
6964,758.09,18408.9,-2166.96,2026/01/29 23:05:10
6965,758.2,18372.9,-2166.94,2026/01/29 23:05:10
6966,758.31,18322.1,-2159.07,2026/01/29 23:05:10
6967,758.42,18304.3,-2156.8,2026/01/29 23:05:10
6968,758.53,18291,-2150.44,2026/01/29 23:05:10
6969,758.63,18194.8,-2142.22,2026/01/29 23:05:10
6970,758.74,18120,-2144.62,2026/01/29 23:05:10
6971,758.85,18083.1,-2143.82,2026/01/29 23:05:10
6972,758.96,18047.5,-2149.93,2026/01/29 23:05:11
6973,759.07,18052.6,-2147.19,2026/01/29 23:05:11
6974,759.18,18096.5,-2146.09,2026/01/29 23:05:11
6975,759.29,18123.9,-2139.75,2026/01/29 23:05:11
6976,759.4,18168.6,-2142.45,2026/01/29 23:05:11
6977,759.51,18269.6,-2141.06,2026/01/29 23:05:11
6978,759.62,18318.1,-2140.66,2026/01/29 23:05:11
6979,759.72,18296.4,-2147.01,2026/01/29 23:05:11
6980,759.83,18303.4,-2147.81,2026/01/29 23:05:11
6981,759.94,18332.4,-2158.6,2026/01/29 23:05:11
6982,760.05,18375.5,-2159.37,2026/01/29 23:05:12
6983,760.16,18399.8,-2166.67,2026/01/29 23:05:12
6984,760.27,18404.4,-2166.36,2026/01/29 23:05:12
6985,760.38,18403.6,-2167.67,2026/01/29 23:05:12
6986,760.48,18397.6,-2170.12,2026/01/29 23:05:12
6987,760.59,18395.2,-2164.01,2026/01/29 23:05:12
6988,760.7,18372.8,-2167.89,2026/01/29 23:05:12
6989,760.81,18357.3,-2161.2,2026/01/29 23:05:12
6990,760.92,18326.8,-2160.86,2026/01/29 23:05:12
6991,761.03,18311.1,-2155.18,2026/01/29 23:05:13
6992,761.14,18307,-2154.84,2026/01/29 23:05:13
6993,761.25,18258.1,-2150.07,2026/01/29 23:05:13
6994,761.36,18205.3,-2144.58,2026/01/29 23:05:13
6995,761.47,18159.4,-2144.62,2026/01/29 23:05:13
6996,761.57,18129.7,-2140.76,2026/01/29 23:05:13
6997,761.68,18097.5,-2145.55,2026/01/29 23:05:13
6998,761.79,18085.1,-2141.39,2026/01/29 23:05:13
6999,761.9,18071.7,-2145.49,2026/01/29 23:05:13
7000,762.01,18082.9,-2144.16,2026/01/29 23:05:14
7001,762.12,18107.5,-2142.31,2026/01/29 23:05:14
7002,762.23,18159.5,-2141.83,2026/01/29 23:05:14
7003,762.33,18251.7,-2140.38,2026/01/29 23:05:14
7004,762.45,18313.2,-2142.84,2026/01/29 23:05:14
7005,762.55,18312,-2142.53,2026/01/29 23:05:14
7006,762.66,18303.3,-2151.48,2026/01/29 23:05:14
7007,762.77,18328.9,-2157.25,2026/01/29 23:05:14
7008,762.88,18367.1,-2161.48,2026/01/29 23:05:14
7009,762.99,18385.8,-2166.37,2026/01/29 23:05:15
7010,763.1,18391.3,-2166.01,2026/01/29 23:05:15
7011,763.21,18389.1,-2170.27,2026/01/29 23:05:15
7012,763.31,18388.1,-2165.08,2026/01/29 23:05:15
7013,763.42,18368.4,-2167.73,2026/01/29 23:05:15
7014,763.53,18341,-2159.04,2026/01/29 23:05:15
7015,763.64,18312.2,-2157.7,2026/01/29 23:05:15
7016,763.75,18307,-2152.52,2026/01/29 23:05:15
7017,763.86,18231.8,-2149.55,2026/01/29 23:05:15
7018,763.97,18179,-2145.78,2026/01/29 23:05:16
7019,764.08,18136,-2143.52,2026/01/29 23:05:16
7020,764.19,18108.9,-2145.27,2026/01/29 23:05:16
7021,764.29,18095.4,-2142.07,2026/01/29 23:05:16
7022,764.4,18080.7,-2142.85,2026/01/29 23:05:16
7023,764.51,18080.7,-2144.92,2026/01/29 23:05:16
7024,764.62,18107.5,-2142.42,2026/01/29 23:05:16
7025,764.73,18177.3,-2142.02,2026/01/29 23:05:16
7026,764.84,18288.4,-2145.39,2026/01/29 23:05:16
7027,764.95,18303.2,-2145.2,2026/01/29 23:05:16
7028,765.05,18311.6,-2154.75,2026/01/29 23:05:17
7029,765.16,18359,-2159.33,2026/01/29 23:05:17
7030,765.27,18383.9,-2164.52,2026/01/29 23:05:17
7031,765.38,18382.1,-2167.06,2026/01/29 23:05:17
7032,765.49,18385.4,-2165.04,2026/01/29 23:05:17
7033,765.6,18384,-2169.49,2026/01/29 23:05:17
7034,765.71,18384.1,-2167.26,2026/01/29 23:05:17
7035,765.82,18386.3,-2169.33,2026/01/29 23:05:17
7036,765.93,18383.9,-2167.85,2026/01/29 23:05:17
7037,766.03,18388.1,-2167.77,2026/01/29 23:05:18
7038,766.14,18385.8,-2171.31,2026/01/29 23:05:18
7039,766.25,18390.3,-2166.68,2026/01/29 23:05:18
7040,766.36,18386.8,-2172.08,2026/01/29 23:05:18
7041,766.47,18390.5,-2168.23,2026/01/29 23:05:18
7042,766.58,18386.5,-2171.21,2026/01/29 23:05:18
7043,766.69,18389.1,-2168.43,2026/01/29 23:05:18
7044,766.8,18387.7,-2170.25,2026/01/29 23:05:18
7045,766.91,18391.7,-2169.14,2026/01/29 23:05:18
7046,767.02,18393.8,-2166.99,2026/01/29 23:05:19
7047,767.12,18388.3,-2171.16,2026/01/29 23:05:19
7048,767.23,18400.9,-2166.25,2026/01/29 23:05:19
7049,767.34,18397.1,-2168.28,2026/01/29 23:05:19
7050,767.45,18401.6,-2168.49,2026/01/29 23:05:19
7051,767.56,18398.9,-2167.93,2026/01/29 23:05:19
7052,767.67,18390.1,-2173.23,2026/01/29 23:05:19
7053,767.77,18391.5,-2170.51,2026/01/29 23:05:19
7054,767.89,18394.3,-2171.61,2026/01/29 23:05:19
7055,767.99,18398.1,-2168.62,2026/01/29 23:05:20
7056,768.1,18391.9,-2171.75,2026/01/29 23:05:20
7057,768.21,18394.6,-2171.99,2026/01/29 23:05:20
7058,768.32,18398.3,-2167.89,2026/01/29 23:05:20
7059,768.43,18395.8,-2172.32,2026/01/29 23:05:20
7060,768.54,18397.8,-2168.99,2026/01/29 23:05:20
7061,768.65,18400.2,-2169.76,2026/01/29 23:05:20
7062,768.76,18399.8,-2170.21,2026/01/29 23:05:20
7063,768.87,18391.6,-2173.31,2026/01/29 23:05:20
7064,768.98,18396.5,-2172.69,2026/01/29 23:05:21
7065,769.08,18391.5,-2173.57,2026/01/29 23:05:21
7066,769.19,18397.1,-2173.9,2026/01/29 23:05:21
7067,769.3,18394.2,-2174.46,2026/01/29 23:05:21
7068,769.41,18395.3,-2173.15,2026/01/29 23:05:21
7069,769.52,18392.8,-2175.59,2026/01/29 23:05:21
7070,769.63,18394.4,-2173.27,2026/01/29 23:05:21
7071,769.74,18397.1,-2174.26,2026/01/29 23:05:21
7072,769.84,18393.6,-2173.17,2026/01/29 23:05:21
7073,769.95,18397.3,-2174.14,2026/01/29 23:05:21
7074,770.06,18393.9,-2174.78,2026/01/29 23:05:22
7075,770.17,18397.2,-2171.49,2026/01/29 23:05:22
7076,770.28,18394.9,-2175.6,2026/01/29 23:05:22
7077,770.39,18396.8,-2172.89,2026/01/29 23:05:22
7078,770.5,18395.7,-2175.34,2026/01/29 23:05:22
7079,770.6,18396.8,-2172.93,2026/01/29 23:05:22
7080,770.72,18396.2,-2175.8,2026/01/29 23:05:22
7081,770.82,18395.6,-2175.66,2026/01/29 23:05:22
7082,770.93,18400.1,-2172.53,2026/01/29 23:05:22
7083,771.04,18393.8,-2177.08,2026/01/29 23:05:23
7084,771.15,18400.3,-2173.26,2026/01/29 23:05:23
7085,771.26,18394.9,-2175.68,2026/01/29 23:05:23
7086,771.37,18398.9,-2175.61,2026/01/29 23:05:23
7087,771.47,18398.4,-2173.11,2026/01/29 23:05:23
7088,771.58,18394.1,-2177.6,2026/01/29 23:05:23
7089,771.69,18401.4,-2174.04,2026/01/29 23:05:23
7090,771.8,18395.5,-2176.06,2026/01/29 23:05:23
7091,771.91,18399.2,-2175.86,2026/01/29 23:05:23
7092,772.02,18398.4,-2174.08,2026/01/29 23:05:24
7093,772.12,18395.5,-2177.63,2026/01/29 23:05:24
7094,772.23,18402.2,-2173.76,2026/01/29 23:05:24
7095,772.34,18395,-2176.61,2026/01/29 23:05:24
7096,772.45,18401.9,-2176.51,2026/01/29 23:05:24
7097,772.56,18396.3,-2175.25,2026/01/29 23:05:24
7098,772.67,18400.9,-2176.23,2026/01/29 23:05:24
7099,772.78,18398.4,-2175.35,2026/01/29 23:05:24
7100,772.89,18398.5,-2176.24,2026/01/29 23:05:24
7101,773,18400.7,-2175.16,2026/01/29 23:05:25
7102,773.1,18396.1,-2177.78,2026/01/29 23:05:25
7103,773.21,18401.1,-2175.34,2026/01/29 23:05:25
7104,773.32,18395.9,-2177.25,2026/01/29 23:05:25
7105,773.43,18401.3,-2176.33,2026/01/29 23:05:25
7106,773.54,18397.9,-2175.95,2026/01/29 23:05:25
7107,773.65,18400.4,-2176.21,2026/01/29 23:05:25
7108,773.76,18399.8,-2176.5,2026/01/29 23:05:25
7109,773.87,18399.1,-2176.68,2026/01/29 23:05:25
7110,773.97,18401.5,-2176.18,2026/01/29 23:05:26
7111,774.08,18396.9,-2176.98,2026/01/29 23:05:26
7112,774.2,18402.5,-2176.48,2026/01/29 23:05:26
7113,774.3,18397.1,-2176.17,2026/01/29 23:05:26
7114,774.41,18402.4,-2176.34,2026/01/29 23:05:26
7115,774.52,18399.3,-2177.2,2026/01/29 23:05:26
7116,774.63,18401,-2175.95,2026/01/29 23:05:26
7117,774.74,18400.7,-2177.7,2026/01/29 23:05:26
7118,774.85,18399.9,-2176.51,2026/01/29 23:05:26
7119,774.95,18401.7,-2177.25,2026/01/29 23:05:27
7120,775.07,18398.4,-2176.39,2026/01/29 23:05:27
7121,775.17,18402.7,-2177.95,2026/01/29 23:05:27
7122,775.28,18398.7,-2177.21,2026/01/29 23:05:27
7123,775.39,18402.6,-2177.85,2026/01/29 23:05:27
7124,775.5,18399.7,-2178.84,2026/01/29 23:05:27
7125,775.61,18400.3,-2175.5,2026/01/29 23:05:27
7126,775.72,18398.4,-2179.12,2026/01/29 23:05:27
7127,775.83,18399.8,-2176.58,2026/01/29 23:05:27
7128,775.94,18398.7,-2179,2026/01/29 23:05:27
7129,776.05,18398.9,-2176.87,2026/01/29 23:05:28
7130,776.15,18400.8,-2178.41,2026/01/29 23:05:28
7131,776.26,18397.7,-2176.65,2026/01/29 23:05:28
7132,776.37,18401,-2177.71,2026/01/29 23:05:28
7133,776.48,18398.4,-2177.82,2026/01/29 23:05:28
7134,776.59,18401.4,-2175.27,2026/01/29 23:05:28
7135,776.7,18398.9,-2179.48,2026/01/29 23:05:28
7136,776.81,18401.9,-2175.72,2026/01/29 23:05:28
7137,776.92,18398.9,-2179.95,2026/01/29 23:05:28
7138,777.03,18401.3,-2176.11,2026/01/29 23:05:29
7139,777.14,18399.9,-2178.68,2026/01/29 23:05:29
7140,777.25,18402.4,-2176.27,2026/01/29 23:05:29
7141,777.35,18400.9,-2178.71,2026/01/29 23:05:29
7142,777.46,18399.7,-2176.56,2026/01/29 23:05:29
7143,777.57,18402.4,-2178.56,2026/01/29 23:05:29
7144,777.68,18399.8,-2178.33,2026/01/29 23:05:29
7145,777.79,18403.9,-2177.26,2026/01/29 23:05:29
7146,777.9,18399.9,-2179.91,2026/01/29 23:05:29
7147,778.01,18403.3,-2175.75,2026/01/29 23:05:30
7148,778.12,18400.5,-2179.72,2026/01/29 23:05:30
7149,778.23,18403.2,-2176.15,2026/01/29 23:05:30
7150,778.34,18400.9,-2180.12,2026/01/29 23:05:30
7151,778.45,18402,-2177.31,2026/01/29 23:05:30
7152,778.55,18401.9,-2179.32,2026/01/29 23:05:30
7153,778.66,18402.4,-2177.14,2026/01/29 23:05:30
7154,778.77,18404.2,-2178.61,2026/01/29 23:05:30
7155,778.88,18400.7,-2180.17,2026/01/29 23:05:30
7156,778.99,18404.6,-2175.75,2026/01/29 23:05:31
7157,779.1,18401.2,-2181.02,2026/01/29 23:05:31
7158,779.21,18404.6,-2176.91,2026/01/29 23:05:31
7159,779.32,18403,-2178.47,2026/01/29 23:05:31
7160,779.42,18403.4,-2176.86,2026/01/29 23:05:31
7161,779.53,18404.8,-2179.69,2026/01/29 23:05:31
7162,779.64,18403.4,-2177.55,2026/01/29 23:05:31
7163,779.75,18405.4,-2177.4,2026/01/29 23:05:31
7164,779.86,18402.2,-2180.59,2026/01/29 23:05:31
7165,779.97,18405.6,-2176.11,2026/01/29 23:05:32
7166,780.08,18403.2,-2180.36,2026/01/29 23:05:32
7167,780.19,18404,-2177.21,2026/01/29 23:05:32
7168,780.29,18405.9,-2179.87,2026/01/29 23:05:32
7169,780.4,18402.9,-2178.15,2026/01/29 23:05:32
7170,780.51,18405.8,-2176,2026/01/29 23:05:32
7171,780.62,18401.8,-2180.15,2026/01/29 23:05:32
7172,780.73,18396.5,-2174.93,2026/01/29 23:05:32
7173,780.84,18354.5,-2175.31,2026/01/29 23:05:32
7174,780.95,18303.6,-2167.37,2026/01/29 23:05:32
7175,781.05,18242,-2157.63,2026/01/29 23:05:33
7176,781.16,18164.3,-2145.18,2026/01/29 23:05:33
7177,781.27,18117.5,-2145.05,2026/01/29 23:05:33
7178,781.38,18078.7,-2147.4,2026/01/29 23:05:33
7179,781.49,18055.7,-2146.15,2026/01/29 23:05:33
7180,781.6,18047.6,-2150.64,2026/01/29 23:05:33
7181,781.71,18054.7,-2146.4,2026/01/29 23:05:33
7182,781.82,18097.6,-2148.41,2026/01/29 23:05:33
7183,781.92,18241.9,-2144,2026/01/29 23:05:33
7184,782.03,18311.4,-2145.06,2026/01/29 23:05:34
7185,782.14,18327.4,-2158.78,2026/01/29 23:05:34
7186,782.25,18387.6,-2165.98,2026/01/29 23:05:34
7187,782.36,18392.5,-2169.88,2026/01/29 23:05:34
7188,782.47,18381.2,-2166.94,2026/01/29 23:05:34
7189,782.58,18347.1,-2164.41,2026/01/29 23:05:34
7190,782.69,18327.2,-2157.38,2026/01/29 23:05:34
7191,782.8,18240.4,-2150,2026/01/29 23:05:34
7192,782.9,18141.3,-2144.62,2026/01/29 23:05:34
7193,783.01,18100.3,-2143.6,2026/01/29 23:05:35
7194,783.12,18082.9,-2144.41,2026/01/29 23:05:35
7195,783.23,18097.3,-2142.84,2026/01/29 23:05:35
7196,783.34,18102.1,-2141.02,2026/01/29 23:05:35
7197,783.45,18141.4,-2144.6,2026/01/29 23:05:35
7198,783.56,18295.1,-2145.24,2026/01/29 23:05:35
7199,783.67,18310.6,-2150.16,2026/01/29 23:05:35
7200,783.78,18345.8,-2161.02,2026/01/29 23:05:35
7201,783.88,18379.6,-2168.11,2026/01/29 23:05:35
7202,783.99,18384.9,-2162.97,2026/01/29 23:05:36
7203,784.1,18342.3,-2161.79,2026/01/29 23:05:36
7204,784.21,18325.5,-2154.64,2026/01/29 23:05:36
7205,784.32,18213.7,-2147.32,2026/01/29 23:05:36
7206,784.43,18135.1,-2143.64,2026/01/29 23:05:36
7207,784.54,18115,-2143.58,2026/01/29 23:05:36
7208,784.64,18121,-2143.55,2026/01/29 23:05:36
7209,784.75,18158.7,-2141.66,2026/01/29 23:05:36
7210,784.86,18285,-2150.4,2026/01/29 23:05:36
7211,784.97,18319.9,-2148.42,2026/01/29 23:05:37
7212,785.08,18357.4,-2163.84,2026/01/29 23:05:37
7213,785.19,18391.5,-2165.78,2026/01/29 23:05:37
7214,785.3,18373.6,-2166.06,2026/01/29 23:05:37
7215,785.41,18340,-2160,2026/01/29 23:05:37
7216,785.52,18316.1,-2153.92,2026/01/29 23:05:37
7217,785.62,18204.8,-2147.86,2026/01/29 23:05:37
7218,785.73,18120.5,-2144.69,2026/01/29 23:05:37
7219,785.84,18081.2,-2144.22,2026/01/29 23:05:37
7220,785.95,18080.1,-2142.34,2026/01/29 23:05:37
7221,786.06,18098.1,-2144.97,2026/01/29 23:05:38
7222,786.17,18196.5,-2142.7,2026/01/29 23:05:38
7223,786.28,18308.1,-2143.98,2026/01/29 23:05:38
7224,786.39,18318.6,-2156.78,2026/01/29 23:05:38
7225,786.5,18373.1,-2165.72,2026/01/29 23:05:38
7226,786.61,18372.6,-2163.1,2026/01/29 23:05:38
7227,786.72,18340.7,-2159.4,2026/01/29 23:05:38
7228,786.82,18315.1,-2153.53,2026/01/29 23:05:38
7229,786.93,18198.8,-2143.84,2026/01/29 23:05:38
7230,787.04,18112.6,-2143.39,2026/01/29 23:05:39
7231,787.15,18087.5,-2145.03,2026/01/29 23:05:39
7232,787.26,18096.8,-2141.37,2026/01/29 23:05:39
7233,787.37,18094.7,-2142,2026/01/29 23:05:39
7234,787.48,18068,-2142.14,2026/01/29 23:05:39
7235,787.59,18111.3,-2147.5,2026/01/29 23:05:39
7236,787.69,18287.8,-2138.79,2026/01/29 23:05:39
7237,787.8,18287.3,-2150.39,2026/01/29 23:05:39
7238,787.91,18350.4,-2158.82,2026/01/29 23:05:39
7239,788.02,18370.9,-2168.03,2026/01/29 23:05:40
7240,788.13,18363.4,-2162.57,2026/01/29 23:05:40
7241,788.24,18329.2,-2160.01,2026/01/29 23:05:40
7242,788.35,18327.5,-2155.23,2026/01/29 23:05:40
7243,788.46,18283.4,-2153.05,2026/01/29 23:05:40
7244,788.56,18200.8,-2146.11,2026/01/29 23:05:40
7245,788.67,18126.8,-2142.64,2026/01/29 23:05:40
7246,788.78,18076.6,-2144.28,2026/01/29 23:05:40
7247,788.89,18043.5,-2146.28,2026/01/29 23:05:40
7248,789,18031.9,-2148.38,2026/01/29 23:05:41
7249,789.11,18101.1,-2145.91,2026/01/29 23:05:41
7250,789.22,18249.4,-2143.03,2026/01/29 23:05:41
7251,789.33,18289.9,-2142.46,2026/01/29 23:05:41
7252,789.44,18290.2,-2152.82,2026/01/29 23:05:41
7253,789.54,18358.7,-2166.48,2026/01/29 23:05:41
7254,789.66,18396.7,-2168.87,2026/01/29 23:05:41
7255,789.76,18412.7,-2175.72,2026/01/29 23:05:41
7256,789.87,18426.4,-2172.22,2026/01/29 23:05:41
7257,789.98,18431.5,-2177.3,2026/01/29 23:05:42
7258,790.09,18448.5,-2179.47,2026/01/29 23:05:42
7259,790.2,18439.7,-2182.24,2026/01/29 23:05:42
7260,790.31,18412.1,-2175.87,2026/01/29 23:05:42
7261,790.42,18367.8,-2170.5,2026/01/29 23:05:42
7262,790.53,18310.6,-2163.75,2026/01/29 23:05:42
7263,790.63,18327.3,-2160.37,2026/01/29 23:05:42
7264,790.74,18276.1,-2152.61,2026/01/29 23:05:42
7265,790.85,18211.5,-2149.24,2026/01/29 23:05:42
7266,790.96,18158.3,-2142.99,2026/01/29 23:05:43
7267,791.07,18126,-2144.56,2026/01/29 23:05:43
7268,791.18,18099.2,-2141.35,2026/01/29 23:05:43
7269,791.29,18069.9,-2144.04,2026/01/29 23:05:43
7270,791.4,18058.5,-2143.7,2026/01/29 23:05:43
7271,791.5,18072.6,-2145.83,2026/01/29 23:05:43
7272,791.61,18134.2,-2140.37,2026/01/29 23:05:43
7273,791.72,18241.8,-2146.5,2026/01/29 23:05:43
7274,791.83,18311.5,-2140.18,2026/01/29 23:05:43
7275,791.94,18301.6,-2155.39,2026/01/29 23:05:43
7276,792.05,18352.8,-2165.11,2026/01/29 23:05:44
7277,792.16,18388.8,-2167.58,2026/01/29 23:05:44
7278,792.27,18390.6,-2172.58,2026/01/29 23:05:44
7279,792.38,18388.3,-2167.79,2026/01/29 23:05:44
7280,792.48,18363.7,-2168.23,2026/01/29 23:05:44
7281,792.59,18332.5,-2161.4,2026/01/29 23:05:44
7282,792.7,18319,-2160.59,2026/01/29 23:05:44
7283,792.81,18297.2,-2151.99,2026/01/29 23:05:44
7284,792.92,18191.7,-2145.74,2026/01/29 23:05:44
7285,793.03,18114.3,-2142.5,2026/01/29 23:05:45
7286,793.14,18085.9,-2143.49,2026/01/29 23:05:45
7287,793.25,18065.7,-2142.45,2026/01/29 23:05:45
7288,793.35,18060.5,-2144.52,2026/01/29 23:05:45
7289,793.46,18068.8,-2142.93,2026/01/29 23:05:45
7290,793.57,18124.5,-2143.74,2026/01/29 23:05:45
7291,793.68,18268.4,-2145.05,2026/01/29 23:05:45
7292,793.79,18299.4,-2145.44,2026/01/29 23:05:45
7293,793.9,18306.4,-2155.66,2026/01/29 23:05:45
7294,794.01,18359.9,-2165.21,2026/01/29 23:05:46
7295,794.12,18389.4,-2166.08,2026/01/29 23:05:46
7296,794.22,18383.4,-2172.09,2026/01/29 23:05:46
7297,794.33,18380.9,-2166.84,2026/01/29 23:05:46
7298,794.44,18356.9,-2166.72,2026/01/29 23:05:46
7299,794.55,18326.2,-2161.36,2026/01/29 23:05:46
7300,794.66,18332,-2156.83,2026/01/29 23:05:46
7301,794.77,18256.1,-2152.69,2026/01/29 23:05:46
7302,794.88,18156.3,-2140.92,2026/01/29 23:05:46
7303,794.99,18100.6,-2144.32,2026/01/29 23:05:47
7304,795.09,18079.4,-2142.99,2026/01/29 23:05:47
7305,795.2,18059.9,-2143.86,2026/01/29 23:05:47
7306,795.31,18097.7,-2142.23,2026/01/29 23:05:47
7307,795.42,18163.4,-2143.65,2026/01/29 23:05:47
7308,795.53,18265.3,-2144.18,2026/01/29 23:05:47
7309,795.64,18321.1,-2143.62,2026/01/29 23:05:47
7310,795.75,18304.6,-2148.07,2026/01/29 23:05:47
7311,795.86,18318.6,-2158.94,2026/01/29 23:05:47
7312,795.97,18363.8,-2164.82,2026/01/29 23:05:48
7313,796.08,18392.8,-2170.16,2026/01/29 23:05:48
7314,796.18,18399.1,-2172.08,2026/01/29 23:05:48
7315,796.29,18396.3,-2172.5,2026/01/29 23:05:48
7316,796.4,18389.4,-2169.12,2026/01/29 23:05:48
7317,796.51,18364.1,-2168.43,2026/01/29 23:05:48
7318,796.62,18325.8,-2161.82,2026/01/29 23:05:48
7319,796.73,18304.5,-2156.17,2026/01/29 23:05:48
7320,796.84,18204.9,-2144.83,2026/01/29 23:05:48
7321,796.95,18118.4,-2145.21,2026/01/29 23:05:48
7322,797.05,18081.7,-2142.8,2026/01/29 23:05:49
7323,797.16,18060.2,-2143.29,2026/01/29 23:05:49
7324,797.27,18044.6,-2146.89,2026/01/29 23:05:49
7325,797.38,18108.2,-2143.01,2026/01/29 23:05:49
7326,797.49,18197.1,-2142.13,2026/01/29 23:05:49
7327,797.6,18308.3,-2142.47,2026/01/29 23:05:49
7328,797.71,18313.9,-2144.61,2026/01/29 23:05:49
7329,797.82,18307.5,-2151.4,2026/01/29 23:05:49
7330,797.93,18335.3,-2160.69,2026/01/29 23:05:49
7331,798.03,18380.7,-2166.05,2026/01/29 23:05:50
7332,798.14,18400.9,-2173.72,2026/01/29 23:05:50
7333,798.25,18418.2,-2174.35,2026/01/29 23:05:50
7334,798.36,18416.8,-2175.29,2026/01/29 23:05:50
7335,798.47,18402.2,-2173.98,2026/01/29 23:05:50
7336,798.58,18374.8,-2169.11,2026/01/29 23:05:50
7337,798.69,18334.6,-2163.83,2026/01/29 23:05:50
7338,798.8,18311.1,-2155.55,2026/01/29 23:05:50
7339,798.9,18210.1,-2147.56,2026/01/29 23:05:50
7340,799.01,18140.7,-2145.49,2026/01/29 23:05:51
7341,799.12,18105.2,-2141.71,2026/01/29 23:05:51
7342,799.23,18073,-2145.21,2026/01/29 23:05:51
7343,799.34,18075.2,-2140.13,2026/01/29 23:05:51
7344,799.45,18097.8,-2145.44,2026/01/29 23:05:51
7345,799.56,18197.4,-2142.02,2026/01/29 23:05:51
7346,799.67,18313.4,-2144.02,2026/01/29 23:05:51
7347,799.77,18308.8,-2145.57,2026/01/29 23:05:51
7348,799.88,18319.1,-2157.4,2026/01/29 23:05:51
7349,799.99,18368.7,-2164.18,2026/01/29 23:05:52
7350,800.1,18399.1,-2171,2026/01/29 23:05:52
7351,800.21,18420.3,-2175.18,2026/01/29 23:05:52
7352,800.32,18427.9,-2176.59,2026/01/29 23:05:52
7353,800.43,18412.1,-2173.28,2026/01/29 23:05:52
7354,800.53,18390.6,-2171.64,2026/01/29 23:05:52
7355,800.64,18356,-2164.28,2026/01/29 23:05:52
7356,800.75,18337.2,-2161.95,2026/01/29 23:05:52
7357,800.86,18270.4,-2151.68,2026/01/29 23:05:52
7358,800.97,18161.8,-2145.21,2026/01/29 23:05:53
7359,801.08,18099.4,-2141.85,2026/01/29 23:05:53
7360,801.19,18062.3,-2144.69,2026/01/29 23:05:53
7361,801.3,18059,-2143.51,2026/01/29 23:05:53
7362,801.41,18103.8,-2144.01,2026/01/29 23:05:53
7363,801.52,18182.7,-2142.68,2026/01/29 23:05:53
7364,801.62,18286,-2144.02,2026/01/29 23:05:53
7365,801.73,18320.9,-2144.71,2026/01/29 23:05:53
7366,801.84,18314.3,-2149.95,2026/01/29 23:05:53
7367,801.95,18325.8,-2158.63,2026/01/29 23:05:53
7368,802.06,18382,-2166.19,2026/01/29 23:05:54
7369,802.17,18410.5,-2172.24,2026/01/29 23:05:54
7370,802.27,18430.2,-2176.07,2026/01/29 23:05:54
7371,802.38,18443.5,-2178.26,2026/01/29 23:05:54
7372,802.49,18434.6,-2178.57,2026/01/29 23:05:54
7373,802.6,18418.1,-2174.79,2026/01/29 23:05:54
7374,802.71,18384.6,-2171.48,2026/01/29 23:05:54
7375,802.82,18346.4,-2165.88,2026/01/29 23:05:54
7376,802.93,18327.3,-2158,2026/01/29 23:05:54
7377,803.04,18222.9,-2151.04,2026/01/29 23:05:55
7378,803.15,18131.9,-2141.32,2026/01/29 23:05:55
7379,803.26,18090.9,-2144.93,2026/01/29 23:05:55
7380,803.36,18076.8,-2139.88,2026/01/29 23:05:55
7381,803.47,18040.4,-2147.36,2026/01/29 23:05:55
7382,803.58,18035.1,-2144.59,2026/01/29 23:05:55
7383,803.69,18057,-2147.77,2026/01/29 23:05:55
7384,803.8,18151.6,-2140.53,2026/01/29 23:05:55
7385,803.91,18278.3,-2145.26,2026/01/29 23:05:55
7386,804.02,18307.6,-2143.02,2026/01/29 23:05:56
7387,804.13,18296.6,-2148.59,2026/01/29 23:05:56
7388,804.23,18305.1,-2156.71,2026/01/29 23:05:56
7389,804.34,18362.4,-2164.47,2026/01/29 23:05:56
7390,804.45,18387.1,-2168.97,2026/01/29 23:05:56
7391,804.56,18420.1,-2173.01,2026/01/29 23:05:56
7392,804.67,18421.4,-2175.46,2026/01/29 23:05:56
7393,804.78,18410.5,-2173.02,2026/01/29 23:05:56
7394,804.89,18380.2,-2168.59,2026/01/29 23:05:56
7395,805,18339.5,-2163.11,2026/01/29 23:05:57
7396,805.11,18330,-2159.13,2026/01/29 23:05:57
7397,805.21,18240,-2151.27,2026/01/29 23:05:57
7398,805.32,18149.4,-2142.27,2026/01/29 23:05:57
7399,805.43,18113.9,-2143.46,2026/01/29 23:05:57
7400,805.54,18096.8,-2142.34,2026/01/29 23:05:57
7401,805.65,18085.9,-2142.14,2026/01/29 23:05:57
7402,805.76,18091.9,-2143.32,2026/01/29 23:05:57
7403,805.87,18135.1,-2141.21,2026/01/29 23:05:57
7404,805.98,18196.5,-2144.58,2026/01/29 23:05:58
7405,806.09,18306.8,-2142.29,2026/01/29 23:05:58
7406,806.2,18309.6,-2149.58,2026/01/29 23:05:58
7407,806.31,18314.3,-2153.53,2026/01/29 23:05:58
7408,806.42,18344.1,-2164.02,2026/01/29 23:05:58
7409,806.52,18390.3,-2165.85,2026/01/29 23:05:58
7410,806.63,18408.1,-2174.33,2026/01/29 23:05:58
7411,806.74,18425.3,-2173.92,2026/01/29 23:05:58
7412,806.85,18420.5,-2176.07,2026/01/29 23:05:58
7413,806.96,18407.5,-2173.57,2026/01/29 23:05:59
7414,807.07,18387.2,-2170.21,2026/01/29 23:05:59
7415,807.18,18346.1,-2166.82,2026/01/29 23:05:59
7416,807.29,18339.9,-2161.12,2026/01/29 23:05:59
7417,807.39,18299,-2154.57,2026/01/29 23:05:59
7418,807.5,18218.3,-2150.25,2026/01/29 23:05:59
7419,807.61,18145.8,-2143.18,2026/01/29 23:05:59
7420,807.72,18110.6,-2144.37,2026/01/29 23:05:59
7421,807.83,18083.3,-2142.51,2026/01/29 23:05:59
7422,807.94,18056,-2143.59,2026/01/29 23:05:59
7423,808.05,18039.2,-2146.28,2026/01/29 23:06:00
7424,808.16,18061.1,-2146.19,2026/01/29 23:06:00
7425,808.27,18144.3,-2140.56,2026/01/29 23:06:00
7426,808.37,18263.6,-2144.81,2026/01/29 23:06:00
7427,808.48,18316,-2142.45,2026/01/29 23:06:00
7428,808.59,18296.7,-2149.61,2026/01/29 23:06:00
7429,808.7,18308.5,-2158.91,2026/01/29 23:06:00
7430,808.81,18362,-2160.85,2026/01/29 23:06:00
7431,808.92,18382.8,-2169.26,2026/01/29 23:06:00
7432,809.03,18400.7,-2169.13,2026/01/29 23:06:01
7433,809.14,18399.9,-2173.76,2026/01/29 23:06:01
7434,809.25,18405.9,-2170.22,2026/01/29 23:06:01
7435,809.36,18430.1,-2179.29,2026/01/29 23:06:01
7436,809.46,18435,-2176.39,2026/01/29 23:06:01
7437,809.57,18426.7,-2178.29,2026/01/29 23:06:01
7438,809.68,18407.6,-2173.45,2026/01/29 23:06:01
7439,809.79,18374.1,-2170.08,2026/01/29 23:06:01
7440,809.9,18333.5,-2164.43,2026/01/29 23:06:01
7441,810.01,18306.5,-2155.74,2026/01/29 23:06:02
7442,810.12,18192.8,-2146.06,2026/01/29 23:06:02
7443,810.22,18105.5,-2142.13,2026/01/29 23:06:02
7444,810.33,18059.9,-2143.48,2026/01/29 23:06:02
7445,810.44,18037.6,-2148.59,2026/01/29 23:06:02
7446,810.55,18098,-2143.16,2026/01/29 23:06:02
7447,810.66,18200.2,-2145.34,2026/01/29 23:06:02
7448,810.77,18322.6,-2141.79,2026/01/29 23:06:02
7449,810.87,18303.5,-2149.54,2026/01/29 23:06:02
7450,810.98,18321.5,-2156.27,2026/01/29 23:06:03
7451,811.09,18370.6,-2164.92,2026/01/29 23:06:03
7452,811.2,18399.4,-2169.41,2026/01/29 23:06:03
7453,811.31,18431.5,-2176.78,2026/01/29 23:06:03
7454,811.42,18447.5,-2179.66,2026/01/29 23:06:03
7455,811.53,18451.5,-2179.1,2026/01/29 23:06:03
7456,811.64,18436.6,-2178.79,2026/01/29 23:06:03
7457,811.75,18415.9,-2174.87,2026/01/29 23:06:03
7458,811.86,18380.4,-2170.45,2026/01/29 23:06:03
7459,811.97,18339.9,-2166.95,2026/01/29 23:06:04
7460,812.07,18336.4,-2160.9,2026/01/29 23:06:04
7461,812.18,18268.4,-2156.36,2026/01/29 23:06:04
7462,812.29,18190.4,-2145.31,2026/01/29 23:06:04
7463,812.4,18128.5,-2145.75,2026/01/29 23:06:04
7464,812.51,18099.1,-2141.64,2026/01/29 23:06:04
7465,812.62,18070.1,-2145.3,2026/01/29 23:06:04
7466,812.73,18067.1,-2141.86,2026/01/29 23:06:04
7467,812.83,18075.5,-2144.35,2026/01/29 23:06:04
7468,812.94,18144,-2141.45,2026/01/29 23:06:04
7469,813.05,18276,-2146.98,2026/01/29 23:06:05
7470,813.16,18318.6,-2144.17,2026/01/29 23:06:05
7471,813.27,18312.5,-2151.15,2026/01/29 23:06:05
7472,813.38,18329.1,-2159.7,2026/01/29 23:06:05
7473,813.49,18379.3,-2164.56,2026/01/29 23:06:05
7474,813.6,18391.3,-2170.96,2026/01/29 23:06:05
7475,813.71,18421.1,-2172.44,2026/01/29 23:06:05
7476,813.82,18413.5,-2173.97,2026/01/29 23:06:05
7477,813.93,18414.4,-2173.02,2026/01/29 23:06:05
7478,814.04,18394.1,-2172.03,2026/01/29 23:06:06
7479,814.15,18365.4,-2166.35,2026/01/29 23:06:06
7480,814.25,18332.4,-2163.23,2026/01/29 23:06:06
7481,814.36,18302.8,-2153.95,2026/01/29 23:06:06
7482,814.47,18211.7,-2146.92,2026/01/29 23:06:06
7483,814.58,18134.6,-2144.85,2026/01/29 23:06:06
7484,814.69,18085.6,-2142.74,2026/01/29 23:06:06
7485,814.8,18056.2,-2145.37,2026/01/29 23:06:06
7486,814.91,18068.2,-2143.78,2026/01/29 23:06:06
7487,815.02,18128.1,-2142.57,2026/01/29 23:06:07
7488,815.12,18247.4,-2149.31,2026/01/29 23:06:07
7489,815.23,18325.6,-2142.18,2026/01/29 23:06:07
7490,815.34,18309,-2153.02,2026/01/29 23:06:07
7491,815.45,18333.4,-2156.88,2026/01/29 23:06:07
7492,815.56,18368.5,-2167.38,2026/01/29 23:06:07
7493,815.67,18407.4,-2168.27,2026/01/29 23:06:07
7494,815.78,18423.6,-2178.06,2026/01/29 23:06:07
7495,815.89,18440.7,-2174.6,2026/01/29 23:06:07
7496,816,18433.9,-2178.07,2026/01/29 23:06:08
7497,816.11,18417.7,-2173.79,2026/01/29 23:06:08
7498,816.22,18394.7,-2172.29,2026/01/29 23:06:08
7499,816.33,18371.6,-2168.65,2026/01/29 23:06:08
7500,816.43,18359,-2164.68,2026/01/29 23:06:08
7501,816.54,18351.8,-2165.51,2026/01/29 23:06:08
7502,816.65,18335.1,-2161.27,2026/01/29 23:06:08
7503,816.76,18285.6,-2153.07,2026/01/29 23:06:08
7504,816.87,18191.7,-2145.79,2026/01/29 23:06:08
7505,816.98,18113.2,-2144.38,2026/01/29 23:06:09
7506,817.09,18083.4,-2143.57,2026/01/29 23:06:09
7507,817.19,18071.5,-2142.71,2026/01/29 23:06:09
7508,817.3,18077.9,-2142.46,2026/01/29 23:06:09
7509,817.41,18094.3,-2140.76,2026/01/29 23:06:09
7510,817.52,18137.5,-2144.35,2026/01/29 23:06:09
7511,817.63,18277.9,-2146.33,2026/01/29 23:06:09
7512,817.74,18313.9,-2145.22,2026/01/29 23:06:09
7513,817.85,18310.5,-2154.57,2026/01/29 23:06:09
7514,817.96,18352.6,-2160.79,2026/01/29 23:06:10
7515,818.07,18390.7,-2169.06,2026/01/29 23:06:10
7516,818.18,18418.7,-2170.71,2026/01/29 23:06:10
7517,818.28,18434.9,-2177.85,2026/01/29 23:06:10
7518,818.39,18438.5,-2175.18,2026/01/29 23:06:10
7519,818.5,18434.1,-2181.48,2026/01/29 23:06:10
7520,818.61,18449.5,-2176.11,2026/01/29 23:06:10
7521,818.72,18441.8,-2182.77,2026/01/29 23:06:10
7522,818.83,18431.3,-2175.03,2026/01/29 23:06:10
7523,818.94,18396,-2173.53,2026/01/29 23:06:10
7524,819.05,18346.8,-2165.81,2026/01/29 23:06:11
7525,819.16,18333.6,-2160.4,2026/01/29 23:06:11
7526,819.27,18261.8,-2155.13,2026/01/29 23:06:11
7527,819.38,18185,-2144.13,2026/01/29 23:06:11
7528,819.49,18111.1,-2146.17,2026/01/29 23:06:11
7529,819.59,18085,-2142.42,2026/01/29 23:06:11
7530,819.7,18058.9,-2144.45,2026/01/29 23:06:11
7531,819.81,18055.1,-2142.38,2026/01/29 23:06:11
7532,819.92,18072.4,-2144.97,2026/01/29 23:06:11
7533,820.03,18178,-2141.61,2026/01/29 23:06:12
7534,820.14,18306.3,-2145.46,2026/01/29 23:06:12
7535,820.25,18304.1,-2147.18,2026/01/29 23:06:12
7536,820.36,18318.7,-2158.97,2026/01/29 23:06:12
7537,820.46,18370.8,-2166.04,2026/01/29 23:06:12
7538,820.57,18405.7,-2171.29,2026/01/29 23:06:12
7539,820.68,18420.7,-2174.04,2026/01/29 23:06:12
7540,820.79,18428.6,-2176.52,2026/01/29 23:06:12
7541,820.9,18427.4,-2176.51,2026/01/29 23:06:12
7542,821.01,18435.3,-2179.35,2026/01/29 23:06:13
7543,821.12,18436,-2176.67,2026/01/29 23:06:13
7544,821.23,18420,-2177.92,2026/01/29 23:06:13
7545,821.34,18395.3,-2169.63,2026/01/29 23:06:13
7546,821.45,18340,-2169.12,2026/01/29 23:06:13
7547,821.55,18330.4,-2157.21,2026/01/29 23:06:13
7548,821.66,18228.2,-2151.14,2026/01/29 23:06:13
7549,821.77,18132.6,-2141.94,2026/01/29 23:06:13
7550,821.88,18087,-2145.8,2026/01/29 23:06:13
7551,821.99,18070.4,-2143.12,2026/01/29 23:06:14
7552,822.1,18054.5,-2142.79,2026/01/29 23:06:14
7553,822.21,18072.1,-2145.03,2026/01/29 23:06:14
7554,822.32,18182.7,-2143.53,2026/01/29 23:06:14
7555,822.42,18304.6,-2142.9,2026/01/29 23:06:14
7556,822.53,18304.7,-2150.07,2026/01/29 23:06:14
7557,822.64,18327,-2160.06,2026/01/29 23:06:14
7558,822.75,18389.3,-2169.52,2026/01/29 23:06:14
7559,822.86,18406.8,-2170.18,2026/01/29 23:06:14
7560,822.97,18396.8,-2172.4,2026/01/29 23:06:15
7561,823.08,18387,-2166.52,2026/01/29 23:06:15
7562,823.18,18357.7,-2168.02,2026/01/29 23:06:15
7563,823.29,18325.8,-2158.37,2026/01/29 23:06:15
7564,823.4,18269.3,-2153.41,2026/01/29 23:06:15
7565,823.51,18156.1,-2141.61,2026/01/29 23:06:15
7566,823.62,18097.7,-2143.93,2026/01/29 23:06:15
7567,823.73,18082.7,-2142.92,2026/01/29 23:06:15
7568,823.84,18090.6,-2140.84,2026/01/29 23:06:15
7569,823.95,18120,-2143.37,2026/01/29 23:06:15
7570,824.06,18220,-2143.17,2026/01/29 23:06:16
7571,824.17,18308.1,-2145.64,2026/01/29 23:06:16
7572,824.28,18318.2,-2150.92,2026/01/29 23:06:16
7573,824.38,18344.2,-2164.17,2026/01/29 23:06:16
7574,824.49,18401.2,-2170.02,2026/01/29 23:06:16
7575,824.6,18427.7,-2176.1,2026/01/29 23:06:16
7576,824.71,18423.6,-2175.71,2026/01/29 23:06:16
7577,824.82,18419.5,-2175.4,2026/01/29 23:06:16
7578,824.93,18395.7,-2173.47,2026/01/29 23:06:16
7579,825.03,18359.1,-2165.43,2026/01/29 23:06:17
7580,825.14,18326.9,-2163.05,2026/01/29 23:06:17
7581,825.25,18283,-2154.45,2026/01/29 23:06:17
7582,825.36,18187.5,-2144.49,2026/01/29 23:06:17
7583,825.47,18101.6,-2145.37,2026/01/29 23:06:17
7584,825.58,18078.8,-2141.15,2026/01/29 23:06:17
7585,825.69,18063.6,-2144.33,2026/01/29 23:06:17
7586,825.8,18081.1,-2142.51,2026/01/29 23:06:17
7587,825.9,18140,-2144.13,2026/01/29 23:06:17
7588,826.01,18275.3,-2147.83,2026/01/29 23:06:18
7589,826.12,18308.5,-2146.78,2026/01/29 23:06:18
7590,826.23,18315.2,-2158.4,2026/01/29 23:06:18
7591,826.34,18386.2,-2167.03,2026/01/29 23:06:18
7592,826.45,18408.3,-2173.58,2026/01/29 23:06:18
7593,826.56,18423.5,-2173.85,2026/01/29 23:06:18
7594,826.67,18425.4,-2177.91,2026/01/29 23:06:18
7595,826.78,18438.7,-2178.4,2026/01/29 23:06:18
7596,826.89,18432.9,-2177.4,2026/01/29 23:06:18
7597,826.99,18411.6,-2175.29,2026/01/29 23:06:19
7598,827.1,18369.7,-2166.9,2026/01/29 23:06:19
7599,827.21,18321.2,-2164.3,2026/01/29 23:06:19
7600,827.32,18253.1,-2151.26,2026/01/29 23:06:19
7601,827.43,18131.4,-2144.32,2026/01/29 23:06:19
7602,827.54,18085.8,-2142.77,2026/01/29 23:06:19
7603,827.65,18092.3,-2144.97,2026/01/29 23:06:19
7604,827.76,18106,-2139.08,2026/01/29 23:06:19
7605,827.87,18108.4,-2145.06,2026/01/29 23:06:19
7606,827.98,18183.2,-2143.17,2026/01/29 23:06:20
7607,828.08,18306.6,-2145.31,2026/01/29 23:06:20
7608,828.19,18307.8,-2150.7,2026/01/29 23:06:20
7609,828.3,18363.4,-2164.2,2026/01/29 23:06:20
7610,828.41,18412.4,-2172.55,2026/01/29 23:06:20
7611,828.52,18430.4,-2175.55,2026/01/29 23:06:20
7612,828.63,18422.4,-2176.63,2026/01/29 23:06:20
7613,828.74,18422.8,-2175.63,2026/01/29 23:06:20
7614,828.85,18397.5,-2170.85,2026/01/29 23:06:20
7615,828.95,18352.3,-2165.67,2026/01/29 23:06:21
7616,829.06,18318.4,-2156.51,2026/01/29 23:06:21
7617,829.17,18187,-2146.31,2026/01/29 23:06:21
7618,829.28,18095.9,-2142.32,2026/01/29 23:06:21
7619,829.39,18067.5,-2146.16,2026/01/29 23:06:21
7620,829.5,18095.5,-2140.59,2026/01/29 23:06:21
7621,829.61,18163.5,-2144.8,2026/01/29 23:06:21
7622,829.72,18267.7,-2146.04,2026/01/29 23:06:21
7623,829.83,18325.2,-2146.8,2026/01/29 23:06:21
7624,829.94,18320.8,-2152.78,2026/01/29 23:06:21
7625,830.04,18376.1,-2165.83,2026/01/29 23:06:22
7626,830.15,18410.3,-2171.63,2026/01/29 23:06:22
7627,830.26,18434.1,-2174.86,2026/01/29 23:06:22
7628,830.37,18424.2,-2177.2,2026/01/29 23:06:22
7629,830.48,18429.4,-2175.86,2026/01/29 23:06:22
7630,830.59,18409.1,-2173.28,2026/01/29 23:06:22
7631,830.7,18377.2,-2169.64,2026/01/29 23:06:22
7632,830.81,18327.2,-2164,2026/01/29 23:06:22
7633,830.92,18300.7,-2153.85,2026/01/29 23:06:22
7634,831.02,18193.5,-2145.76,2026/01/29 23:06:23
7635,831.13,18105.5,-2145.82,2026/01/29 23:06:23
7636,831.24,18071.4,-2143.57,2026/01/29 23:06:23
7637,831.35,18048.1,-2144.43,2026/01/29 23:06:23
7638,831.46,18051.1,-2143.47,2026/01/29 23:06:23
7639,831.57,18128.3,-2144.15,2026/01/29 23:06:23
7640,831.68,18276.6,-2144.19,2026/01/29 23:06:23
7641,831.79,18311,-2146.27,2026/01/29 23:06:23
7642,831.9,18322.7,-2155.16,2026/01/29 23:06:23
7643,832.01,18384.8,-2168.32,2026/01/29 23:06:24
7644,832.12,18415.5,-2173.06,2026/01/29 23:06:24
7645,832.23,18426.3,-2175.38,2026/01/29 23:06:24
7646,832.33,18421.9,-2178.17,2026/01/29 23:06:24
7647,832.44,18427.6,-2176.29,2026/01/29 23:06:24
7648,832.55,18419.5,-2176.77,2026/01/29 23:06:24
7649,832.66,18416.6,-2175.79,2026/01/29 23:06:24
7650,832.77,18390.3,-2170.8,2026/01/29 23:06:24
7651,832.88,18343.7,-2166.38,2026/01/29 23:06:24
7652,832.99,18316.2,-2157.33,2026/01/29 23:06:25
7653,833.09,18196.8,-2146.4,2026/01/29 23:06:25
7654,833.2,18110.6,-2141.35,2026/01/29 23:06:25
7655,833.31,18058.6,-2145.91,2026/01/29 23:06:25
7656,833.42,18040.4,-2142.98,2026/01/29 23:06:25
7657,833.53,18036.5,-2146.18,2026/01/29 23:06:25
7658,833.64,18021.8,-2142.01,2026/01/29 23:06:25
7659,833.75,18050.8,-2148.08,2026/01/29 23:06:25
7660,833.86,18211.7,-2145.19,2026/01/29 23:06:25
7661,833.96,18287.6,-2145.71,2026/01/29 23:06:26
7662,834.07,18296.8,-2155.36,2026/01/29 23:06:26
7663,834.18,18358.5,-2166.63,2026/01/29 23:06:26
7664,834.29,18385.1,-2169.3,2026/01/29 23:06:26
7665,834.4,18388.3,-2171.55,2026/01/29 23:06:26
7666,834.51,18388.2,-2170.56,2026/01/29 23:06:26
7667,834.62,18367.5,-2172.12,2026/01/29 23:06:26
7668,834.72,18337.7,-2162.06,2026/01/29 23:06:26
7669,834.83,18319.8,-2160.18,2026/01/29 23:06:26
7670,834.94,18238.9,-2151.38,2026/01/29 23:06:26
7671,835.05,18142.5,-2141.61,2026/01/29 23:06:27
7672,835.16,18102.1,-2144.03,2026/01/29 23:06:27
7673,835.27,18095.8,-2142.2,2026/01/29 23:06:27
7674,835.37,18127.1,-2143.89,2026/01/29 23:06:27
7675,835.48,18236.2,-2147.87,2026/01/29 23:06:27
7676,835.59,18305.5,-2149.57,2026/01/29 23:06:27
7677,835.7,18328.9,-2155.66,2026/01/29 23:06:27
7678,835.81,18387.5,-2170.65,2026/01/29 23:06:27
7679,835.92,18413.2,-2173.55,2026/01/29 23:06:27
7680,836.03,18419.1,-2177.53,2026/01/29 23:06:28
7681,836.14,18414.4,-2175.61,2026/01/29 23:06:28
7682,836.24,18419.2,-2176.55,2026/01/29 23:06:28
7683,836.35,18403.4,-2174.06,2026/01/29 23:06:28
7684,836.46,18375.5,-2169.2,2026/01/29 23:06:28
7685,836.57,18324.9,-2163.57,2026/01/29 23:06:28
7686,836.68,18248.9,-2151.8,2026/01/29 23:06:28
7687,836.79,18132.6,-2143.47,2026/01/29 23:06:28
7688,836.9,18089.6,-2143.66,2026/01/29 23:06:28
7689,837.01,18091,-2140.25,2026/01/29 23:06:29
7690,837.12,18072,-2143.78,2026/01/29 23:06:29
7691,837.22,18131.1,-2143.62,2026/01/29 23:06:29
7692,837.33,18246.1,-2147.89,2026/01/29 23:06:29
7693,837.44,18311.7,-2147.36,2026/01/29 23:06:29
7694,837.55,18324.5,-2156.22,2026/01/29 23:06:29
7695,837.66,18384.5,-2169.95,2026/01/29 23:06:29
7696,837.77,18416.7,-2171.79,2026/01/29 23:06:29
7697,837.87,18417.5,-2178.48,2026/01/29 23:06:29
7698,837.98,18420.2,-2173.79,2026/01/29 23:06:30
7699,838.09,18410.6,-2177.19,2026/01/29 23:06:30
7700,838.2,18395.2,-2171.12,2026/01/29 23:06:30
7701,838.31,18334.4,-2163.87,2026/01/29 23:06:30
7702,838.42,18281.9,-2154.9,2026/01/29 23:06:30
7703,838.53,18145.9,-2142.29,2026/01/29 23:06:30
7704,838.64,18066.6,-2145.62,2026/01/29 23:06:30
7705,838.74,18042.4,-2142.3,2026/01/29 23:06:30
7706,838.85,18028.5,-2146.81,2026/01/29 23:06:30
7707,838.96,18095.1,-2143.32,2026/01/29 23:06:31
7708,839.07,18228.8,-2148.59,2026/01/29 23:06:31
7709,839.18,18307.3,-2143.45,2026/01/29 23:06:31
7710,839.29,18317.7,-2157.4,2026/01/29 23:06:31
7711,839.4,18385.8,-2168.65,2026/01/29 23:06:31
7712,839.5,18413.8,-2172.37,2026/01/29 23:06:31
7713,839.61,18417.6,-2177.86,2026/01/29 23:06:31
7714,839.72,18423.8,-2176.3,2026/01/29 23:06:31
7715,839.83,18424,-2180.24,2026/01/29 23:06:31
7716,839.94,18423.1,-2175.51,2026/01/29 23:06:31
7717,840.05,18411.2,-2176.94,2026/01/29 23:06:32
7718,840.16,18389.7,-2172.01,2026/01/29 23:06:32
7719,840.27,18366.9,-2169.22,2026/01/29 23:06:32
7720,840.38,18321.8,-2164.19,2026/01/29 23:06:32
7721,840.48,18318.5,-2159.93,2026/01/29 23:06:32
7722,840.59,18241.3,-2152.87,2026/01/29 23:06:32
7723,840.7,18153.5,-2144.86,2026/01/29 23:06:32
7724,840.81,18091.7,-2143.57,2026/01/29 23:06:32
7725,840.92,18063.4,-2142.7,2026/01/29 23:06:32
7726,841.03,18053.6,-2142.25,2026/01/29 23:06:33
7727,841.14,18050.4,-2143.75,2026/01/29 23:06:33
7728,841.25,18085,-2141.83,2026/01/29 23:06:33
7729,841.36,18137.6,-2142.2,2026/01/29 23:06:33
7730,841.46,18215.8,-2143.66,2026/01/29 23:06:33
7731,841.57,18278.7,-2146.22,2026/01/29 23:06:33
7732,841.68,18317.1,-2148.44,2026/01/29 23:06:33
7733,841.79,18327.6,-2147.68,2026/01/29 23:06:33
7734,841.9,18311.8,-2152.66,2026/01/29 23:06:33
7735,842.01,18325.9,-2153.45,2026/01/29 23:06:34
7736,842.12,18334.6,-2159.27,2026/01/29 23:06:34
7737,842.22,18370.7,-2165.06,2026/01/29 23:06:34
7738,842.33,18391.4,-2169.05,2026/01/29 23:06:34
7739,842.44,18402.9,-2172.2,2026/01/29 23:06:34
7740,842.55,18409.3,-2173.73,2026/01/29 23:06:34
7741,842.66,18422.5,-2177.61,2026/01/29 23:06:34
7742,842.77,18433.8,-2178.83,2026/01/29 23:06:34
7743,842.88,18432.1,-2181.91,2026/01/29 23:06:34
7744,842.99,18435.1,-2177.9,2026/01/29 23:06:35
7745,843.1,18425.3,-2178.37,2026/01/29 23:06:35
7746,843.2,18418.1,-2178.03,2026/01/29 23:06:35
7747,843.31,18400,-2174.64,2026/01/29 23:06:35
7748,843.42,18380,-2173.31,2026/01/29 23:06:35
7749,843.53,18362.3,-2170.38,2026/01/29 23:06:35
7750,843.64,18333.1,-2168.09,2026/01/29 23:06:35
7751,843.75,18330.7,-2160.53,2026/01/29 23:06:35
7752,843.86,18282.1,-2159.49,2026/01/29 23:06:35
7753,843.97,18235.3,-2153.67,2026/01/29 23:06:36
7754,844.07,18193.5,-2150.51,2026/01/29 23:06:36
7755,844.18,18163.2,-2147.82,2026/01/29 23:06:36
7756,844.29,18126.6,-2144.12,2026/01/29 23:06:36
7757,844.4,18098.5,-2142.64,2026/01/29 23:06:36
7758,844.51,18074.6,-2142.48,2026/01/29 23:06:36
7759,844.62,18055.7,-2142.09,2026/01/29 23:06:36
7760,844.73,18038.5,-2143.23,2026/01/29 23:06:36
7761,844.83,18033.4,-2143.46,2026/01/29 23:06:36
7762,844.94,18063.1,-2142.98,2026/01/29 23:06:36
7763,845.05,18133.6,-2143.34,2026/01/29 23:06:37
7764,845.16,18226.2,-2144.25,2026/01/29 23:06:37
7765,845.27,18306.5,-2146.82,2026/01/29 23:06:37
7766,845.38,18307,-2146.07,2026/01/29 23:06:37
7767,845.49,18296.1,-2152.02,2026/01/29 23:06:37
7768,845.6,18300.4,-2153.94,2026/01/29 23:06:37
7769,845.7,18317.1,-2157.8,2026/01/29 23:06:37
7770,845.81,18332.3,-2162.38,2026/01/29 23:06:37
7771,845.92,18364.8,-2164.48,2026/01/29 23:06:37
7772,846.03,18381.3,-2172.34,2026/01/29 23:06:38
7773,846.14,18403.1,-2172.39,2026/01/29 23:06:38
7774,846.25,18419.6,-2178.27,2026/01/29 23:06:38
7775,846.36,18431.1,-2178.53,2026/01/29 23:06:38
7776,846.47,18432.5,-2179.04,2026/01/29 23:06:38
7777,846.58,18421.3,-2180.58,2026/01/29 23:06:38
7778,846.68,18412.8,-2174.7,2026/01/29 23:06:38
7779,846.79,18386.6,-2173.3,2026/01/29 23:06:38
7780,846.9,18361.8,-2170,2026/01/29 23:06:38
7781,847.01,18333.4,-2166.87,2026/01/29 23:06:39
7782,847.12,18311.6,-2159.97,2026/01/29 23:06:39
7783,847.23,18240.6,-2152.27,2026/01/29 23:06:39
7784,847.34,18179.6,-2150.85,2026/01/29 23:06:39
7785,847.44,18128.6,-2141.85,2026/01/29 23:06:39
7786,847.55,18084.5,-2142.95,2026/01/29 23:06:39
7787,847.66,18053.3,-2143.58,2026/01/29 23:06:39
7788,847.77,18041.4,-2143.08,2026/01/29 23:06:39
7789,847.88,18065.3,-2142.99,2026/01/29 23:06:39
7790,847.99,18091.4,-2141.12,2026/01/29 23:06:40
7791,848.1,18151.2,-2141.1,2026/01/29 23:06:40
7792,848.21,18258,-2147.75,2026/01/29 23:06:40
7793,848.32,18320.1,-2144.88,2026/01/29 23:06:40
7794,848.43,18312.4,-2148.65,2026/01/29 23:06:40
7795,848.54,18310,-2154.36,2026/01/29 23:06:40
7796,848.65,18320.8,-2158.78,2026/01/29 23:06:40
7797,848.75,18349.4,-2166.56,2026/01/29 23:06:40
7798,848.86,18381.1,-2166.48,2026/01/29 23:06:40
7799,848.97,18390.6,-2174.84,2026/01/29 23:06:41
7800,849.08,18395.9,-2172.4,2026/01/29 23:06:41
7801,849.19,18390.8,-2172.88,2026/01/29 23:06:41
7802,849.3,18383.7,-2172.44,2026/01/29 23:06:41
7803,849.41,18365.9,-2167.42,2026/01/29 23:06:41
7804,849.52,18333.6,-2168.48,2026/01/29 23:06:41
7805,849.62,18331.2,-2159.53,2026/01/29 23:06:41
7806,849.74,18271.1,-2157.65,2026/01/29 23:06:41
7807,849.84,18210.7,-2151.23,2026/01/29 23:06:41
7808,849.95,18155.2,-2146.96,2026/01/29 23:06:41
7809,850.06,18118.4,-2143.79,2026/01/29 23:06:42
7810,850.17,18089,-2143.78,2026/01/29 23:06:42
7811,850.28,18075.3,-2141.46,2026/01/29 23:06:42
7812,850.39,18062.8,-2142.45,2026/01/29 23:06:42
7813,850.49,18042.5,-2141.42,2026/01/29 23:06:42
7814,850.6,18025.8,-2142.36,2026/01/29 23:06:42
7815,850.71,18030.4,-2145.8,2026/01/29 23:06:42
7816,850.82,18064.7,-2139.46,2026/01/29 23:06:42
7817,850.93,18076.1,-2140.23,2026/01/29 23:06:42
7818,851.04,18090.3,-2140.39,2026/01/29 23:06:43
7819,851.15,18123.5,-2141.63,2026/01/29 23:06:43
7820,851.26,18226.3,-2146.74,2026/01/29 23:06:43
7821,851.37,18306.8,-2142.63,2026/01/29 23:06:43
7822,851.47,18280.4,-2148.02,2026/01/29 23:06:43
7823,851.58,18291.4,-2156.78,2026/01/29 23:06:43
7824,851.69,18319,-2162.25,2026/01/29 23:06:43
7825,851.8,18367.2,-2166.4,2026/01/29 23:06:43
7826,851.91,18387.1,-2175.07,2026/01/29 23:06:43
7827,852.02,18405.5,-2175.35,2026/01/29 23:06:44
7828,852.12,18412.3,-2176.67,2026/01/29 23:06:44
7829,852.24,18419.2,-2179.89,2026/01/29 23:06:44
7830,852.34,18421.3,-2176.48,2026/01/29 23:06:44
7831,852.45,18411.1,-2179.6,2026/01/29 23:06:44
7832,852.56,18409.2,-2176.92,2026/01/29 23:06:44
7833,852.67,18392.6,-2174.08,2026/01/29 23:06:44
7834,852.78,18374.9,-2172.15,2026/01/29 23:06:44
7835,852.89,18342.1,-2170.4,2026/01/29 23:06:44
7836,853,18337.6,-2163.52,2026/01/29 23:06:45
7837,853.1,18284.6,-2158.17,2026/01/29 23:06:45
7838,853.21,18205.4,-2150.38,2026/01/29 23:06:45
7839,853.32,18138.5,-2143.24,2026/01/29 23:06:45
7840,853.43,18092.6,-2146.06,2026/01/29 23:06:45
7841,853.54,18086.8,-2140.85,2026/01/29 23:06:45
7842,853.65,18077,-2142.12,2026/01/29 23:06:45
7843,853.76,18095.5,-2143.38,2026/01/29 23:06:45
7844,853.87,18124.7,-2140.39,2026/01/29 23:06:45
7845,853.98,18108.7,-2140.27,2026/01/29 23:06:46
7846,854.08,18093.4,-2143.07,2026/01/29 23:06:46
7847,854.19,18156.3,-2144.01,2026/01/29 23:06:46
7848,854.3,18298.5,-2146.78,2026/01/29 23:06:46
7849,854.41,18292.9,-2152.92,2026/01/29 23:06:46
7850,854.52,18340.8,-2159.89,2026/01/29 23:06:46
7851,854.63,18375.4,-2171.28,2026/01/29 23:06:46
7852,854.74,18399.8,-2172.88,2026/01/29 23:06:46
7853,854.85,18408.7,-2175.96,2026/01/29 23:06:46
7854,854.96,18410.7,-2176.39,2026/01/29 23:06:47
7855,855.06,18408.9,-2175.56,2026/01/29 23:06:47
7856,855.17,18405.7,-2176.81,2026/01/29 23:06:47
7857,855.28,18412.1,-2176.43,2026/01/29 23:06:47
7858,855.39,18408.6,-2177.15,2026/01/29 23:06:47
7859,855.5,18413.5,-2176.97,2026/01/29 23:06:47
7860,855.61,18411,-2180.86,2026/01/29 23:06:47
7861,855.71,18415,-2176.64,2026/01/29 23:06:47
7862,855.82,18412.8,-2177.65,2026/01/29 23:06:47
7863,855.93,18414,-2179.94,2026/01/29 23:06:47
7864,856.04,18416.8,-2176.07,2026/01/29 23:06:48
7865,856.15,18412.2,-2179.99,2026/01/29 23:06:48
7866,856.26,18419.5,-2179.73,2026/01/29 23:06:48
7867,856.36,18415.4,-2178.58,2026/01/29 23:06:48
7868,856.47,18417.3,-2178.93,2026/01/29 23:06:48
7869,856.58,18420,-2179.97,2026/01/29 23:06:48
7870,856.69,18416.5,-2178.55,2026/01/29 23:06:48
7871,856.8,18420.5,-2179.46,2026/01/29 23:06:48
7872,856.91,18417.2,-2181.09,2026/01/29 23:06:48
7873,857.02,18422.4,-2177.19,2026/01/29 23:06:49
7874,857.13,18417.3,-2181.82,2026/01/29 23:06:49
7875,857.23,18423.2,-2179.03,2026/01/29 23:06:49
7876,857.34,18418.5,-2179.79,2026/01/29 23:06:49
7877,857.45,18420.8,-2180.84,2026/01/29 23:06:49
7878,857.56,18421.2,-2179.46,2026/01/29 23:06:49
7879,857.67,18418.7,-2181.93,2026/01/29 23:06:49
7880,857.78,18423.7,-2180.55,2026/01/29 23:06:49
7881,857.89,18419.7,-2180.96,2026/01/29 23:06:49
7882,858,18423.3,-2179.24,2026/01/29 23:06:50
7883,858.1,18421.9,-2182.69,2026/01/29 23:06:50
7884,858.21,18425.2,-2178.21,2026/01/29 23:06:50
7885,858.32,18421.8,-2182.42,2026/01/29 23:06:50
7886,858.43,18424,-2180.6,2026/01/29 23:06:50
7887,858.54,18424.4,-2179.95,2026/01/29 23:06:50
7888,858.65,18423.8,-2181.42,2026/01/29 23:06:50
7889,858.76,18423.7,-2179.72,2026/01/29 23:06:50
7890,858.87,18422.1,-2183.9,2026/01/29 23:06:50
7891,858.98,18426.4,-2179.73,2026/01/29 23:06:51
7892,859.09,18421.1,-2182.58,2026/01/29 23:06:51
7893,859.19,18425.5,-2182,2026/01/29 23:06:51
7894,859.3,18423.3,-2181.97,2026/01/29 23:06:51
7895,859.41,18425,-2180.69,2026/01/29 23:06:51
7896,859.52,18424.4,-2183.4,2026/01/29 23:06:51
7897,859.63,18424.6,-2180.55,2026/01/29 23:06:51
7898,859.74,18426.2,-2181.65,2026/01/29 23:06:51
7899,859.84,18421.5,-2184.35,2026/01/29 23:06:51
7900,859.95,18428.5,-2179.52,2026/01/29 23:06:51
7901,860.06,18422.5,-2182.96,2026/01/29 23:06:52
7902,860.17,18427.7,-2182.2,2026/01/29 23:06:52
7903,860.28,18424.6,-2181.48,2026/01/29 23:06:52
7904,860.39,18425.4,-2183.51,2026/01/29 23:06:52
7905,860.5,18428.6,-2179.86,2026/01/29 23:06:52
7906,860.61,18422.5,-2183.4,2026/01/29 23:06:52
7907,860.71,18427.2,-2182.53,2026/01/29 23:06:52
7908,860.82,18424.2,-2182.69,2026/01/29 23:06:52
7909,860.93,18427.1,-2181.52,2026/01/29 23:06:52
7910,861.04,18425.4,-2184.55,2026/01/29 23:06:53
7911,861.15,18425,-2181.54,2026/01/29 23:06:53
7912,861.26,18426.8,-2183.13,2026/01/29 23:06:53
7913,861.37,18424.7,-2183.2,2026/01/29 23:06:53
7914,861.48,18428.7,-2180.82,2026/01/29 23:06:53
7915,861.58,18422.6,-2184.56,2026/01/29 23:06:53
7916,861.69,18429,-2182.91,2026/01/29 23:06:53
7917,861.8,18423.8,-2183.5,2026/01/29 23:06:53
7918,861.91,18426.4,-2183.63,2026/01/29 23:06:53
7919,862.02,18428.2,-2182.81,2026/01/29 23:06:54
7920,862.13,18423.6,-2184.36,2026/01/29 23:06:54
7921,862.23,18428.5,-2183.38,2026/01/29 23:06:54
7922,862.34,18424.1,-2183.77,2026/01/29 23:06:54
7923,862.45,18427.5,-2183.97,2026/01/29 23:06:54
7924,862.56,18424.2,-2184.12,2026/01/29 23:06:54
7925,862.67,18428.1,-2180.89,2026/01/29 23:06:54
7926,862.78,18424.9,-2184.89,2026/01/29 23:06:54
7927,862.89,18428.5,-2183.7,2026/01/29 23:06:54
7928,863,18425.3,-2184.4,2026/01/29 23:06:55
7929,863.11,18426.9,-2184.75,2026/01/29 23:06:55
7930,863.22,18425.9,-2182.81,2026/01/29 23:06:55
7931,863.32,18424,-2186.44,2026/01/29 23:06:55
7932,863.43,18428.1,-2182.27,2026/01/29 23:06:55
7933,863.54,18423.6,-2185.45,2026/01/29 23:06:55
7934,863.65,18427.8,-2184.55,2026/01/29 23:06:55
7935,863.76,18425.3,-2184.31,2026/01/29 23:06:55
7936,863.87,18427.3,-2183.85,2026/01/29 23:06:55
7937,863.98,18424.7,-2185.78,2026/01/29 23:06:56
7938,864.09,18426.4,-2183.44,2026/01/29 23:06:56
7939,864.2,18427.6,-2185.72,2026/01/29 23:06:56
7940,864.3,18425.1,-2184.87,2026/01/29 23:06:56
7941,864.41,18429.3,-2183.17,2026/01/29 23:06:56
7942,864.52,18423.1,-2187.72,2026/01/29 23:06:56
7943,864.63,18429.4,-2183.7,2026/01/29 23:06:56
7944,864.74,18422.7,-2185.32,2026/01/29 23:06:56
7945,864.85,18428.6,-2184.91,2026/01/29 23:06:56
7946,864.96,18425.4,-2184.38,2026/01/29 23:06:57
7947,865.07,18426.2,-2185.56,2026/01/29 23:06:57
7948,865.18,18429,-2182.56,2026/01/29 23:06:57
7949,865.28,18423.2,-2185.53,2026/01/29 23:06:57
7950,865.39,18427.2,-2185.9,2026/01/29 23:06:57
7951,865.5,18424.8,-2186.06,2026/01/29 23:06:57
7952,865.61,18425.8,-2183.57,2026/01/29 23:06:57
7953,865.72,18427.6,-2186.08,2026/01/29 23:06:57
7954,865.82,18425.6,-2183.91,2026/01/29 23:06:57
7955,865.93,18427.5,-2186.8,2026/01/29 23:06:57
7956,866.04,18425,-2185.91,2026/01/29 23:06:58
7957,866.15,18428.7,-2182.68,2026/01/29 23:06:58
7958,866.26,18423.2,-2187.22,2026/01/29 23:06:58
7959,866.37,18429,-2183.96,2026/01/29 23:06:58
7960,866.48,18424.4,-2184.95,2026/01/29 23:06:58
7961,866.59,18426.1,-2185.98,2026/01/29 23:06:58
7962,866.69,18426.5,-2183.93,2026/01/29 23:06:58
7963,866.8,18424.1,-2186.81,2026/01/29 23:06:58
7964,866.91,18429.3,-2184.44,2026/01/29 23:06:58
7965,867.02,18424.5,-2185.16,2026/01/29 23:06:59
7966,867.13,18427.6,-2185.55,2026/01/29 23:06:59
7967,867.24,18426.9,-2185.74,2026/01/29 23:06:59
7968,867.35,18424.6,-2184.94,2026/01/29 23:06:59
7969,867.45,18428,-2186.11,2026/01/29 23:06:59
7970,867.56,18425.2,-2185.48,2026/01/29 23:06:59
7971,867.67,18428.1,-2184.74,2026/01/29 23:06:59
7972,867.78,18423.8,-2188.61,2026/01/29 23:06:59
7973,867.89,18429.1,-2183.85,2026/01/29 23:06:59
7974,868,18425.4,-2186.14,2026/01/29 23:07:00
7975,868.1,18428.6,-2185.8,2026/01/29 23:07:00
7976,868.21,18427.5,-2183.74,2026/01/29 23:07:00
7977,868.32,18423.6,-2187.41,2026/01/29 23:07:00
7978,868.43,18430.5,-2183.95,2026/01/29 23:07:00
7979,868.54,18423.9,-2185.07,2026/01/29 23:07:00
7980,868.65,18429.6,-2185.74,2026/01/29 23:07:00
7981,868.76,18429.3,-2186.91,2026/01/29 23:07:00
7982,868.87,18429.9,-2186.29,2026/01/29 23:07:00
7983,868.97,18434.1,-2186.2,2026/01/29 23:07:01
7984,869.08,18429.2,-2186.77,2026/01/29 23:07:01
7985,869.19,18432.5,-2187.2,2026/01/29 23:07:01
7986,869.3,18430.3,-2188.65,2026/01/29 23:07:01
7987,869.41,18432.9,-2184.32,2026/01/29 23:07:01
7988,869.52,18429.9,-2188.31,2026/01/29 23:07:01
7989,869.62,18432.8,-2185.68,2026/01/29 23:07:01
7990,869.73,18429.8,-2186.77,2026/01/29 23:07:01
7991,869.84,18430.9,-2187.78,2026/01/29 23:07:01
7992,869.95,18434.3,-2184.56,2026/01/29 23:07:01
7993,870.06,18427.5,-2189.27,2026/01/29 23:07:02
7994,870.17,18434.8,-2186.63,2026/01/29 23:07:02
7995,870.28,18429.3,-2187.07,2026/01/29 23:07:02
7996,870.38,18432.4,-2187.73,2026/01/29 23:07:02
7997,870.49,18433.6,-2185.87,2026/01/29 23:07:02
7998,870.6,18429.7,-2188.36,2026/01/29 23:07:02
7999,870.71,18434.6,-2188.18,2026/01/29 23:07:02
8000,870.82,18431,-2186.68,2026/01/29 23:07:02
8001,870.93,18432.4,-2186.7,2026/01/29 23:07:02
8002,871.03,18434.6,-2188.43,2026/01/29 23:07:03
8003,871.14,18430.5,-2186.23,2026/01/29 23:07:03
8004,871.25,18433.3,-2187.16,2026/01/29 23:07:03
8005,871.36,18431.8,-2189.53,2026/01/29 23:07:03
8006,871.47,18434.9,-2184.35,2026/01/29 23:07:03
8007,871.58,18430.9,-2189.89,2026/01/29 23:07:03
8008,871.68,18435,-2186,2026/01/29 23:07:03
8009,871.79,18430.6,-2188.33,2026/01/29 23:07:03
8010,871.9,18434.3,-2187.05,2026/01/29 23:07:03
8011,872.01,18432.4,-2186.14,2026/01/29 23:07:04
8012,872.12,18430.9,-2189.8,2026/01/29 23:07:04
8013,872.23,18436.5,-2185.95,2026/01/29 23:07:04
8014,872.34,18429.4,-2187.12,2026/01/29 23:07:04
8015,872.45,18435.5,-2188.89,2026/01/29 23:07:04
8016,872.55,18431.6,-2187.53,2026/01/29 23:07:04
8017,872.66,18433.2,-2187.67,2026/01/29 23:07:04
8018,872.77,18433.8,-2187.85,2026/01/29 23:07:04
8019,872.88,18432.9,-2187.03,2026/01/29 23:07:04
8020,872.99,18436.6,-2188.32,2026/01/29 23:07:05
8021,873.1,18432,-2186.67,2026/01/29 23:07:05
8022,873.21,18435.9,-2189.56,2026/01/29 23:07:05
8023,873.32,18432.8,-2187.87,2026/01/29 23:07:05
8024,873.43,18435.8,-2186.09,2026/01/29 23:07:05
8025,873.53,18432.9,-2190.17,2026/01/29 23:07:05
8026,873.64,18436,-2185.87,2026/01/29 23:07:05
8027,873.75,18433.8,-2188.82,2026/01/29 23:07:05
8028,873.86,18435.1,-2188.16,2026/01/29 23:07:05
8029,873.97,18435.7,-2186.32,2026/01/29 23:07:06
8030,874.08,18433.4,-2189.89,2026/01/29 23:07:06
8031,874.19,18438.8,-2185.58,2026/01/29 23:07:06
8032,874.3,18431.3,-2188.25,2026/01/29 23:07:06
8033,874.4,18436.4,-2188.98,2026/01/29 23:07:06
8034,874.51,18435.1,-2187.72,2026/01/29 23:07:06
8035,874.62,18434.1,-2189.75,2026/01/29 23:07:06
8036,874.73,18437.8,-2186.79,2026/01/29 23:07:06
8037,874.84,18432.2,-2189.65,2026/01/29 23:07:06
8038,874.95,18437.4,-2188.08,2026/01/29 23:07:06
8039,875.05,18434.4,-2187.97,2026/01/29 23:07:07
8040,875.16,18436.3,-2188.15,2026/01/29 23:07:07
8041,875.27,18436,-2189.19,2026/01/29 23:07:07
8042,875.38,18435.7,-2187.69,2026/01/29 23:07:07
8043,875.49,18437.3,-2189.12,2026/01/29 23:07:07
8044,875.6,18433.8,-2187.77,2026/01/29 23:07:07
8045,875.71,18436.8,-2188.77,2026/01/29 23:07:07
8046,875.82,18434.1,-2190.9,2026/01/29 23:07:07
8047,875.92,18437.6,-2186.37,2026/01/29 23:07:07
8048,876.03,18434.9,-2190.55,2026/01/29 23:07:08
8049,876.14,18436.4,-2187.72,2026/01/29 23:07:08
8050,876.25,18436.9,-2188.69,2026/01/29 23:07:08
8051,876.36,18435.2,-2190.3,2026/01/29 23:07:08
8052,876.47,18438.5,-2186.47,2026/01/29 23:07:08
8053,876.57,18432.2,-2191,2026/01/29 23:07:08
8054,876.68,18438.8,-2187.47,2026/01/29 23:07:08
8055,876.79,18435.3,-2188.75,2026/01/29 23:07:08
8056,876.9,18436.4,-2189.7,2026/01/29 23:07:08
8057,877.01,18438.4,-2186.62,2026/01/29 23:07:09
8058,877.12,18432.7,-2190.39,2026/01/29 23:07:09
8059,877.22,18439.5,-2187.68,2026/01/29 23:07:09
8060,877.33,18433.5,-2189.31,2026/01/29 23:07:09
8061,877.44,18437.4,-2189.18,2026/01/29 23:07:09
8062,877.55,18436.2,-2188.59,2026/01/29 23:07:09
8063,877.66,18433.1,-2190.98,2026/01/29 23:07:09
8064,877.77,18439.3,-2188.77,2026/01/29 23:07:09
8065,877.87,18433.9,-2188.9,2026/01/29 23:07:09
8066,877.98,18437.8,-2189.64,2026/01/29 23:07:10
8067,878.09,18434.8,-2189.86,2026/01/29 23:07:10
8068,878.2,18435.5,-2188.82,2026/01/29 23:07:10
8069,878.31,18438.7,-2188.9,2026/01/29 23:07:10
8070,878.42,18433.6,-2188.51,2026/01/29 23:07:10
8071,878.53,18438,-2189.08,2026/01/29 23:07:10
8072,878.63,18434.3,-2188.8,2026/01/29 23:07:10
8073,878.74,18437.2,-2188.3,2026/01/29 23:07:10
8074,878.85,18435,-2191.25,2026/01/29 23:07:10
8075,878.96,18437.4,-2187.69,2026/01/29 23:07:11
8076,879.07,18436,-2190.3,2026/01/29 23:07:11
8077,879.18,18434.8,-2188.99,2026/01/29 23:07:11
8078,879.29,18438.2,-2190.27,2026/01/29 23:07:11
8079,879.4,18434.8,-2189.63,2026/01/29 23:07:11
8080,879.5,18437.5,-2187.37,2026/01/29 23:07:11
8081,879.61,18433.7,-2191.95,2026/01/29 23:07:11
8082,879.72,18437.4,-2187.88,2026/01/29 23:07:11
8083,879.83,18435.5,-2189.29,2026/01/29 23:07:11
8084,879.94,18436.2,-2188.98,2026/01/29 23:07:11
8085,880.05,18437.9,-2188.88,2026/01/29 23:07:12
8086,880.15,18434,-2191.24,2026/01/29 23:07:12
8087,880.26,18438.5,-2187.27,2026/01/29 23:07:12
8088,880.37,18434.2,-2191.79,2026/01/29 23:07:12
8089,880.48,18438.2,-2189,2026/01/29 23:07:12
8090,880.59,18435.1,-2189.19,2026/01/29 23:07:12
8091,880.7,18436.6,-2189.24,2026/01/29 23:07:12
8092,880.81,18437.5,-2188.58,2026/01/29 23:07:12
8093,880.91,18433.4,-2191.89,2026/01/29 23:07:12
8094,881.02,18439.6,-2187.51,2026/01/29 23:07:13
8095,881.13,18433.2,-2192.13,2026/01/29 23:07:13
8096,881.24,18438.7,-2188.33,2026/01/29 23:07:13
8097,881.35,18434.7,-2190.35,2026/01/29 23:07:13
8098,881.46,18437.8,-2190.26,2026/01/29 23:07:13
8099,881.57,18435.8,-2189.41,2026/01/29 23:07:13
8100,881.68,18434.3,-2191.57,2026/01/29 23:07:13
8101,881.79,18439.1,-2187.2,2026/01/29 23:07:13
8102,881.89,18431.7,-2192.56,2026/01/29 23:07:13
8103,882,18439.5,-2188.29,2026/01/29 23:07:14
8104,882.11,18434.3,-2190.29,2026/01/29 23:07:14
8105,882.22,18437,-2190.05,2026/01/29 23:07:14
8106,882.33,18434.8,-2189.57,2026/01/29 23:07:14
8107,882.44,18436.4,-2190.91,2026/01/29 23:07:14
8108,882.55,18438.2,-2188.4,2026/01/29 23:07:14
8109,882.66,18432.1,-2192.2,2026/01/29 23:07:14
8110,882.76,18438.8,-2188.09,2026/01/29 23:07:14
8111,882.87,18433.4,-2191.01,2026/01/29 23:07:14
8112,882.98,18437.5,-2189.42,2026/01/29 23:07:15
8113,883.09,18434.8,-2189.89,2026/01/29 23:07:15
8114,883.2,18434.8,-2191.12,2026/01/29 23:07:15
8115,883.31,18437.8,-2188.55,2026/01/29 23:07:15
8116,883.42,18431.8,-2192.6,2026/01/29 23:07:15
8117,883.52,18439.5,-2187.85,2026/01/29 23:07:15
8118,883.63,18433.1,-2192.1,2026/01/29 23:07:15
8119,883.74,18438.4,-2189.45,2026/01/29 23:07:15
8120,883.85,18435.5,-2190.75,2026/01/29 23:07:15
8121,883.96,18436.5,-2190.03,2026/01/29 23:07:16
8122,884.07,18436,-2189.07,2026/01/29 23:07:16
8123,884.18,18428.2,-2191.49,2026/01/29 23:07:16
8124,884.28,18417.4,-2187.04,2026/01/29 23:07:16
8125,884.39,18361.9,-2188.37,2026/01/29 23:07:16
8126,884.5,18292,-2174.14,2026/01/29 23:07:16
8127,884.61,18166.6,-2159.81,2026/01/29 23:07:16
8128,884.72,18076.7,-2145.28,2026/01/29 23:07:16
8129,884.83,18010.9,-2147.03,2026/01/29 23:07:16
8130,884.94,18011.6,-2143.57,2026/01/29 23:07:16
8131,885.05,18004.8,-2145.51,2026/01/29 23:07:17
8132,885.16,18012,-2145.8,2026/01/29 23:07:17
8133,885.26,18048.8,-2142.29,2026/01/29 23:07:17
8134,885.37,18122.3,-2145.31,2026/01/29 23:07:17
8135,885.48,18240.3,-2146.17,2026/01/29 23:07:17
8136,885.59,18307.1,-2149.1,2026/01/29 23:07:17
8137,885.7,18310.6,-2157.97,2026/01/29 23:07:17
8138,885.81,18363.4,-2173.29,2026/01/29 23:07:17
8139,885.92,18401.6,-2178.05,2026/01/29 23:07:17
8140,886.03,18411.3,-2179.97,2026/01/29 23:07:18
8141,886.14,18388.7,-2176.58,2026/01/29 23:07:18
8142,886.25,18352.2,-2173.18,2026/01/29 23:07:18
8143,886.36,18333.6,-2168.45,2026/01/29 23:07:18
8144,886.46,18223.3,-2154.76,2026/01/29 23:07:18
8145,886.57,18130.5,-2148.69,2026/01/29 23:07:18
8146,886.68,18086.2,-2143.51,2026/01/29 23:07:18
8147,886.79,18071.7,-2145.83,2026/01/29 23:07:18
8148,886.9,18154,-2147.07,2026/01/29 23:07:18
8149,887.01,18265.2,-2149.99,2026/01/29 23:07:19
8150,887.12,18303.5,-2155.13,2026/01/29 23:07:19
8151,887.23,18329.8,-2162.28,2026/01/29 23:07:19
8152,887.34,18375.6,-2175.39,2026/01/29 23:07:19
8153,887.44,18401.5,-2177.04,2026/01/29 23:07:19
8154,887.56,18384.4,-2176.38,2026/01/29 23:07:19
8155,887.66,18359.7,-2171.52,2026/01/29 23:07:19
8156,887.77,18331.2,-2168.25,2026/01/29 23:07:19
8157,887.88,18248,-2157.65,2026/01/29 23:07:19
8158,887.99,18157.7,-2150.66,2026/01/29 23:07:20
8159,888.1,18100.4,-2147.27,2026/01/29 23:07:20
8160,888.21,18075.7,-2143.44,2026/01/29 23:07:20
8161,888.32,18073.6,-2147.59,2026/01/29 23:07:20
8162,888.43,18173.1,-2145.4,2026/01/29 23:07:20
8163,888.53,18284,-2154.12,2026/01/29 23:07:20
8164,888.64,18300.9,-2154.58,2026/01/29 23:07:20
8165,888.75,18328.9,-2168.11,2026/01/29 23:07:20
8166,888.86,18375.9,-2172.56,2026/01/29 23:07:20
8167,888.97,18383,-2173.76,2026/01/29 23:07:21
8168,889.08,18359.3,-2173.07,2026/01/29 23:07:21
8169,889.18,18328.4,-2167.7,2026/01/29 23:07:21
8170,889.29,18296,-2159.36,2026/01/29 23:07:21
8171,889.4,18186.4,-2151.5,2026/01/29 23:07:21
8172,889.51,18114.6,-2147.44,2026/01/29 23:07:21
8173,889.62,18079.4,-2146.08,2026/01/29 23:07:21
8174,889.73,18075.5,-2140.21,2026/01/29 23:07:21
8175,889.84,18056.9,-2147.85,2026/01/29 23:07:21
8176,889.95,18104.9,-2146.09,2026/01/29 23:07:21
8177,890.06,18274.1,-2148.64,2026/01/29 23:07:22
8178,890.16,18284.2,-2156.06,2026/01/29 23:07:22
8179,890.27,18311.8,-2163.86,2026/01/29 23:07:22
8180,890.38,18368.2,-2171.51,2026/01/29 23:07:22
8181,890.49,18381.2,-2175.47,2026/01/29 23:07:22
8182,890.6,18370.2,-2173.62,2026/01/29 23:07:22
8183,890.71,18336.9,-2168.13,2026/01/29 23:07:22
8184,890.82,18321.6,-2165.23,2026/01/29 23:07:22
8185,890.92,18214.7,-2150.86,2026/01/29 23:07:22
8186,891.03,18104.7,-2146.21,2026/01/29 23:07:23
8187,891.14,18056.5,-2147.54,2026/01/29 23:07:23
8188,891.25,18068.5,-2144.64,2026/01/29 23:07:23
8189,891.36,18118.4,-2148.92,2026/01/29 23:07:23
8190,891.47,18263.1,-2148.93,2026/01/29 23:07:23
8191,891.58,18287.9,-2155.11,2026/01/29 23:07:23
8192,891.69,18313,-2160.04,2026/01/29 23:07:23
8193,891.8,18368.5,-2175.1,2026/01/29 23:07:23
8194,891.91,18401.3,-2174.37,2026/01/29 23:07:23
8195,892.01,18393.4,-2178.83,2026/01/29 23:07:24
8196,892.12,18378.4,-2174.02,2026/01/29 23:07:24
8197,892.23,18334,-2170.85,2026/01/29 23:07:24
8198,892.34,18316.1,-2163.44,2026/01/29 23:07:24
8199,892.45,18222,-2154.42,2026/01/29 23:07:24
8200,892.56,18123.7,-2146.72,2026/01/29 23:07:24
8201,892.67,18067.2,-2147.03,2026/01/29 23:07:24
8202,892.77,18033.1,-2145.25,2026/01/29 23:07:24
8203,892.88,18010.2,-2146.53,2026/01/29 23:07:24
8204,892.99,18069,-2144.13,2026/01/29 23:07:25
8205,893.1,18240.9,-2149.19,2026/01/29 23:07:25
8206,893.21,18274.6,-2145.32,2026/01/29 23:07:25
8207,893.32,18287.4,-2163.8,2026/01/29 23:07:25
8208,893.43,18346.3,-2166.92,2026/01/29 23:07:25
8209,893.54,18353.1,-2171.59,2026/01/29 23:07:25
8210,893.64,18340.3,-2167.35,2026/01/29 23:07:25
8211,893.75,18318,-2165.59,2026/01/29 23:07:25
8212,893.86,18288.7,-2157.82,2026/01/29 23:07:25
8213,893.97,18178.8,-2146.44,2026/01/29 23:07:26
8214,894.08,18098.8,-2146.66,2026/01/29 23:07:26
8215,894.19,18060.8,-2142.92,2026/01/29 23:07:26
8216,894.3,18043.2,-2145.4,2026/01/29 23:07:26
8217,894.41,18098,-2146.02,2026/01/29 23:07:26
8218,894.51,18263.7,-2148.31,2026/01/29 23:07:26
8219,894.62,18273.2,-2151.9,2026/01/29 23:07:26
8220,894.73,18303.1,-2162.63,2026/01/29 23:07:26
8221,894.84,18351.6,-2170.98,2026/01/29 23:07:26
8222,894.95,18365.7,-2173,2026/01/29 23:07:26
8223,895.06,18356.1,-2171.9,2026/01/29 23:07:27
8224,895.17,18326.5,-2167.51,2026/01/29 23:07:27
8225,895.27,18322.4,-2161.88,2026/01/29 23:07:27
8226,895.38,18255.6,-2159.72,2026/01/29 23:07:27
8227,895.49,18165.1,-2146.59,2026/01/29 23:07:27
8228,895.6,18087.4,-2145.35,2026/01/29 23:07:27
8229,895.71,18051.5,-2143.72,2026/01/29 23:07:27
8230,895.82,18051.3,-2147.29,2026/01/29 23:07:27
8231,895.93,18069.2,-2141.75,2026/01/29 23:07:27
8232,896.03,18072.4,-2143.85,2026/01/29 23:07:28
8233,896.14,18003.5,-2144.95,2026/01/29 23:07:28
8234,896.25,18082.3,-2146.8,2026/01/29 23:07:28
8235,896.36,18244.8,-2147.64,2026/01/29 23:07:28
8236,896.47,18254.2,-2149.95,2026/01/29 23:07:28
8237,896.58,18275.6,-2159.66,2026/01/29 23:07:28
8238,896.68,18319.6,-2170.01,2026/01/29 23:07:28
8239,896.79,18332.7,-2166.31,2026/01/29 23:07:28
8240,896.9,18312.9,-2169.07,2026/01/29 23:07:28
8241,897.01,18317.1,-2160.1,2026/01/29 23:07:29
8242,897.12,18245,-2156.59,2026/01/29 23:07:29
8243,897.23,18145.4,-2145.97,2026/01/29 23:07:29
8244,897.34,18078.6,-2144.49,2026/01/29 23:07:29
8245,897.44,18029.8,-2145.81,2026/01/29 23:07:29
8246,897.55,18038.1,-2144.32,2026/01/29 23:07:29
8247,897.66,18041.6,-2143.39,2026/01/29 23:07:29
8248,897.77,18047.4,-2144.01,2026/01/29 23:07:29
8249,897.88,18027,-2145.48,2026/01/29 23:07:29
8250,897.99,18178.7,-2152.5,2026/01/29 23:07:30
8251,898.1,18248.8,-2147.55,2026/01/29 23:07:30
8252,898.21,18265.6,-2158.91,2026/01/29 23:07:30
8253,898.31,18297.7,-2163.04,2026/01/29 23:07:30
8254,898.42,18320.8,-2169.66,2026/01/29 23:07:30
8255,898.53,18327.7,-2169.44,2026/01/29 23:07:30
8256,898.64,18315.5,-2169.03,2026/01/29 23:07:30
8257,898.75,18315.1,-2162.13,2026/01/29 23:07:30
8258,898.86,18268.2,-2160.31,2026/01/29 23:07:30
8259,898.97,18162,-2145.66,2026/01/29 23:07:31
8260,899.08,18084.6,-2143.23,2026/01/29 23:07:31
8261,899.19,18035.3,-2146.84,2026/01/29 23:07:31
8262,899.3,18013.4,-2143.82,2026/01/29 23:07:31
8263,899.4,18050.9,-2149.24,2026/01/29 23:07:31
8264,899.51,18236.3,-2149.27,2026/01/29 23:07:31
8265,899.62,18250.9,-2151.84,2026/01/29 23:07:31
8266,899.73,18281.2,-2160.59,2026/01/29 23:07:31
8267,899.84,18319.7,-2168.43,2026/01/29 23:07:31
8268,899.95,18330.3,-2169.85,2026/01/29 23:07:31
8269,900.06,18330,-2171.78,2026/01/29 23:07:32
8270,900.16,18321.6,-2168.48,2026/01/29 23:07:32
8271,900.27,18309.5,-2168.06,2026/01/29 23:07:32
8272,900.38,18316.3,-2164.77,2026/01/29 23:07:32
8273,900.49,18262.4,-2158.27,2026/01/29 23:07:32
8274,900.6,18162.2,-2147.73,2026/01/29 23:07:32
8275,900.71,18099.7,-2145.97,2026/01/29 23:07:32
8276,900.82,18075.9,-2141.25,2026/01/29 23:07:32
8277,900.93,18032,-2145.44,2026/01/29 23:07:32
8278,901.04,18007.3,-2142.54,2026/01/29 23:07:33
8279,901.14,18020.4,-2147.35,2026/01/29 23:07:33
8280,901.25,18103,-2143.79,2026/01/29 23:07:33
8281,901.36,18226.1,-2151.05,2026/01/29 23:07:33
8282,901.47,18268.1,-2144.28,2026/01/29 23:07:33
8283,901.58,18265.3,-2157.43,2026/01/29 23:07:33
8284,901.69,18295.4,-2163.7,2026/01/29 23:07:33
8285,901.8,18345.5,-2172.88,2026/01/29 23:07:33
8286,901.91,18344.4,-2172.38,2026/01/29 23:07:33
8287,902.02,18344.1,-2171.73,2026/01/29 23:07:34
8288,902.13,18319.5,-2169.34,2026/01/29 23:07:34
8289,902.23,18307.5,-2167.96,2026/01/29 23:07:34
8290,902.34,18316.6,-2164.1,2026/01/29 23:07:34
8291,902.45,18306.8,-2162.85,2026/01/29 23:07:34
8292,902.56,18264,-2158.86,2026/01/29 23:07:34
8293,902.67,18199.2,-2155.47,2026/01/29 23:07:34
8294,902.78,18140.9,-2147.77,2026/01/29 23:07:34
8295,902.88,18094,-2149.27,2026/01/29 23:07:34
8296,902.99,18072.5,-2142.29,2026/01/29 23:07:35
8297,903.1,18036,-2146.55,2026/01/29 23:07:35
8298,903.21,18015.6,-2144.71,2026/01/29 23:07:35
8299,903.32,18111.8,-2146.87,2026/01/29 23:07:35
8300,903.43,18274.4,-2142.84,2026/01/29 23:07:35
8301,903.54,18262.5,-2152.28,2026/01/29 23:07:35
8302,903.65,18283.1,-2162.22,2026/01/29 23:07:35
8303,903.76,18325,-2169.02,2026/01/29 23:07:35
8304,903.86,18326.8,-2170.94,2026/01/29 23:07:35
8305,903.97,18329.8,-2170.7,2026/01/29 23:07:36
8306,904.08,18307.4,-2168.4,2026/01/29 23:07:36
8307,904.19,18310.3,-2167.86,2026/01/29 23:07:36
8308,904.3,18287,-2157.74,2026/01/29 23:07:36
8309,904.41,18204.8,-2155.6,2026/01/29 23:07:36
8310,904.52,18143.9,-2146.69,2026/01/29 23:07:36
8311,904.63,18100.5,-2146.4,2026/01/29 23:07:36
8312,904.74,18073.7,-2143.6,2026/01/29 23:07:36
8313,904.84,18038,-2145.76,2026/01/29 23:07:36
8314,904.95,18045.5,-2145.72,2026/01/29 23:07:37
8315,905.06,18141.4,-2145.64,2026/01/29 23:07:37
8316,905.17,18273.7,-2147.63,2026/01/29 23:07:37
8317,905.28,18275.4,-2156.47,2026/01/29 23:07:37
8318,905.39,18294.1,-2163.71,2026/01/29 23:07:37
8319,905.49,18315.3,-2167.23,2026/01/29 23:07:37
8320,905.6,18315.4,-2169.75,2026/01/29 23:07:37
8321,905.71,18321.8,-2171.34,2026/01/29 23:07:37
8322,905.82,18308.3,-2167.37,2026/01/29 23:07:37
8323,905.93,18308.6,-2168.01,2026/01/29 23:07:37
8324,906.04,18283.8,-2157.99,2026/01/29 23:07:38
8325,906.15,18196.1,-2154.21,2026/01/29 23:07:38
8326,906.25,18128.2,-2147.76,2026/01/29 23:07:38
8327,906.36,18095.1,-2145.63,2026/01/29 23:07:38
8328,906.47,18059.6,-2144.99,2026/01/29 23:07:38
8329,906.58,18051.4,-2146.16,2026/01/29 23:07:38
8330,906.69,18082,-2145.77,2026/01/29 23:07:38
8331,906.8,18246.7,-2151.09,2026/01/29 23:07:38
8332,906.91,18262.3,-2153.59,2026/01/29 23:07:38
8333,907.01,18289.2,-2161.62,2026/01/29 23:07:39
8334,907.12,18304,-2166.32,2026/01/29 23:07:39
8335,907.23,18309.2,-2168.96,2026/01/29 23:07:39
8336,907.34,18315.2,-2167.89,2026/01/29 23:07:39
8337,907.45,18307.9,-2169.84,2026/01/29 23:07:39
8338,907.56,18306.8,-2164.37,2026/01/29 23:07:39
8339,907.67,18296.8,-2163.46,2026/01/29 23:07:39
8340,907.77,18204.3,-2150.31,2026/01/29 23:07:39
8341,907.88,18138.6,-2150.03,2026/01/29 23:07:39
8342,907.99,18099.1,-2145.98,2026/01/29 23:07:40
8343,908.1,18071.5,-2144.9,2026/01/29 23:07:40
8344,908.21,18060.1,-2147.72,2026/01/29 23:07:40
8345,908.32,18164.3,-2146.71,2026/01/29 23:07:40
8346,908.43,18276.5,-2145.45,2026/01/29 23:07:40
8347,908.54,18281.9,-2159.62,2026/01/29 23:07:40
8348,908.64,18297.1,-2164.5,2026/01/29 23:07:40
8349,908.75,18304.2,-2167.8,2026/01/29 23:07:40
8350,908.86,18312.2,-2168.35,2026/01/29 23:07:40
8351,908.97,18307,-2166.69,2026/01/29 23:07:41
8352,909.08,18309.3,-2165.06,2026/01/29 23:07:41
8353,909.19,18278.3,-2161.94,2026/01/29 23:07:41
8354,909.3,18197.5,-2150.64,2026/01/29 23:07:41
8355,909.41,18134.3,-2149.06,2026/01/29 23:07:41
8356,909.52,18103.3,-2144.48,2026/01/29 23:07:41
8357,909.62,18085,-2145.39,2026/01/29 23:07:41
8358,909.74,18073.6,-2145.26,2026/01/29 23:07:41
8359,909.84,18162,-2150.16,2026/01/29 23:07:41
8360,909.95,18270.2,-2155.56,2026/01/29 23:07:41
8361,910.06,18294.9,-2160.36,2026/01/29 23:07:42
8362,910.17,18301.5,-2167.99,2026/01/29 23:07:42
8363,910.28,18311.8,-2166.09,2026/01/29 23:07:42
8364,910.39,18314,-2170.89,2026/01/29 23:07:42
8365,910.5,18322.6,-2166.66,2026/01/29 23:07:42
8366,910.61,18324.2,-2172.48,2026/01/29 23:07:42
8367,910.72,18329.9,-2168.53,2026/01/29 23:07:42
8368,910.83,18327.8,-2171.68,2026/01/29 23:07:42
8369,910.94,18348.2,-2173.82,2026/01/29 23:07:42
8370,911.04,18402.4,-2181.94,2026/01/29 23:07:43
8371,911.15,18434.5,-2184.85,2026/01/29 23:07:43
8372,911.26,18436,-2184.12,2026/01/29 23:07:43
8373,911.37,18407.8,-2182.77,2026/01/29 23:07:43
8374,911.48,18369.6,-2177.51,2026/01/29 23:07:43
8375,911.59,18332.1,-2174.41,2026/01/29 23:07:43
8376,911.7,18336.1,-2169.07,2026/01/29 23:07:43
8377,911.81,18265,-2161.97,2026/01/29 23:07:43
8378,911.92,18219.6,-2155.55,2026/01/29 23:07:43
8379,912.03,18172.5,-2152.63,2026/01/29 23:07:44
8380,912.14,18132.9,-2148.79,2026/01/29 23:07:44
8381,912.24,18095.7,-2146.4,2026/01/29 23:07:44
8382,912.35,18058.8,-2144.25,2026/01/29 23:07:44
8383,912.46,18030.5,-2146.05,2026/01/29 23:07:44
8384,912.57,18043.4,-2146.34,2026/01/29 23:07:44
8385,912.68,18074.5,-2145.25,2026/01/29 23:07:44
8386,912.79,18136,-2144.33,2026/01/29 23:07:44
8387,912.9,18278.9,-2149.15,2026/01/29 23:07:44
8388,913.01,18273.6,-2148.8,2026/01/29 23:07:45
8389,913.12,18276.5,-2160.67,2026/01/29 23:07:45
8390,913.22,18302.4,-2162.92,2026/01/29 23:07:45
8391,913.33,18338.6,-2173.68,2026/01/29 23:07:45
8392,913.44,18372.7,-2173.11,2026/01/29 23:07:45
8393,913.55,18393.4,-2182.69,2026/01/29 23:07:45
8394,913.66,18403.4,-2179.26,2026/01/29 23:07:45
8395,913.77,18399.6,-2183.51,2026/01/29 23:07:45
8396,913.88,18397.8,-2179.71,2026/01/29 23:07:45
8397,913.99,18379.7,-2179.99,2026/01/29 23:07:46
8398,914.1,18353.8,-2176.14,2026/01/29 23:07:46
8399,914.2,18337.9,-2172.69,2026/01/29 23:07:46
8400,914.31,18308,-2169.94,2026/01/29 23:07:46
8401,914.42,18328.7,-2170.33,2026/01/29 23:07:46
8402,914.53,18324.5,-2167.9,2026/01/29 23:07:46
8403,914.64,18308.5,-2163.75,2026/01/29 23:07:46
8404,914.75,18266.4,-2160.73,2026/01/29 23:07:46
8405,914.86,18236.5,-2159.56,2026/01/29 23:07:46
8406,914.97,18209.9,-2156.18,2026/01/29 23:07:47
8407,915.08,18191.2,-2156.69,2026/01/29 23:07:47
8408,915.18,18173.6,-2149.54,2026/01/29 23:07:47
8409,915.29,18136.6,-2152.34,2026/01/29 23:07:47
8410,915.4,18105.8,-2142.19,2026/01/29 23:07:47
8411,915.51,18081,-2146.96,2026/01/29 23:07:47
8412,915.62,18073.7,-2143.26,2026/01/29 23:07:47
8413,915.73,18068,-2145.22,2026/01/29 23:07:47
8414,915.83,18071,-2143.93,2026/01/29 23:07:47
8415,915.94,18090.7,-2143.49,2026/01/29 23:07:47
8416,916.06,18107.5,-2144.21,2026/01/29 23:07:48
8417,916.16,18143.1,-2144.54,2026/01/29 23:07:48
8418,916.27,18196,-2147.53,2026/01/29 23:07:48
8419,916.38,18260.5,-2150.82,2026/01/29 23:07:48
8420,916.49,18301.2,-2151.84,2026/01/29 23:07:48
8421,916.6,18291.9,-2156.21,2026/01/29 23:07:48
8422,916.71,18286.2,-2158.53,2026/01/29 23:07:48
8423,916.81,18290.4,-2164.24,2026/01/29 23:07:48
8424,916.92,18313.1,-2164.24,2026/01/29 23:07:48
8425,917.03,18335.8,-2175.09,2026/01/29 23:07:49
8426,917.14,18366.7,-2173.54,2026/01/29 23:07:49
8427,917.25,18384.6,-2181.49,2026/01/29 23:07:49
8428,917.36,18403.1,-2181.54,2026/01/29 23:07:49
8429,917.47,18417.3,-2184.47,2026/01/29 23:07:49
8430,917.57,18410.3,-2183.2,2026/01/29 23:07:49
8431,917.68,18413.3,-2183.82,2026/01/29 23:07:49
8432,917.79,18408.7,-2182.13,2026/01/29 23:07:49
8433,917.9,18399.8,-2183.34,2026/01/29 23:07:49
8434,918.01,18377.5,-2179.25,2026/01/29 23:07:50
8435,918.12,18360.2,-2177.77,2026/01/29 23:07:50
8436,918.23,18327,-2172.86,2026/01/29 23:07:50
8437,918.34,18330.8,-2173.87,2026/01/29 23:07:50
8438,918.45,18279.6,-2160.92,2026/01/29 23:07:50
8439,918.56,18214.2,-2160.9,2026/01/29 23:07:50
8440,918.66,18194.7,-2152.94,2026/01/29 23:07:50
8441,918.77,18170.7,-2157.2,2026/01/29 23:07:50
8442,918.88,18152.3,-2150.49,2026/01/29 23:07:50
8443,918.99,18126,-2152.8,2026/01/29 23:07:51
8444,919.1,18113.4,-2146.29,2026/01/29 23:07:51
8445,919.21,18102.4,-2147.35,2026/01/29 23:07:51
8446,919.32,18081.2,-2144.81,2026/01/29 23:07:51
8447,919.43,18060.5,-2144.49,2026/01/29 23:07:51
8448,919.54,18039.2,-2145.54,2026/01/29 23:07:51
8449,919.64,18040.1,-2145.64,2026/01/29 23:07:51
8450,919.75,18042.8,-2145.17,2026/01/29 23:07:51
8451,919.86,18070.6,-2146.77,2026/01/29 23:07:51
8452,919.97,18116.8,-2141.49,2026/01/29 23:07:52
8453,920.08,18155.8,-2146.21,2026/01/29 23:07:52
8454,920.19,18223.6,-2147.77,2026/01/29 23:07:52
8455,920.3,18276.9,-2151.51,2026/01/29 23:07:52
8456,920.41,18302.8,-2149.92,2026/01/29 23:07:52
8457,920.51,18285.6,-2152.92,2026/01/29 23:07:52
8458,920.62,18281.3,-2154.93,2026/01/29 23:07:52
8459,920.73,18272.9,-2159.25,2026/01/29 23:07:52
8460,920.84,18282,-2160.84,2026/01/29 23:07:52
8461,920.95,18288.3,-2164.02,2026/01/29 23:07:52
8462,921.06,18296.9,-2165.36,2026/01/29 23:07:53
8463,921.17,18321.5,-2169.65,2026/01/29 23:07:53
8464,921.27,18346.2,-2175.88,2026/01/29 23:07:53
8465,921.38,18371.1,-2176.53,2026/01/29 23:07:53
8466,921.49,18382.3,-2181.47,2026/01/29 23:07:53
8467,921.6,18405.9,-2184.57,2026/01/29 23:07:53
8468,921.71,18429.4,-2185.78,2026/01/29 23:07:53
8469,921.82,18423,-2188.59,2026/01/29 23:07:53
8470,921.93,18423,-2184.51,2026/01/29 23:07:53
8471,922.04,18414.1,-2187.98,2026/01/29 23:07:54
8472,922.15,18403.7,-2182.42,2026/01/29 23:07:54
8473,922.26,18381.8,-2184.11,2026/01/29 23:07:54
8474,922.37,18369.3,-2178.77,2026/01/29 23:07:54
8475,922.48,18333.7,-2177.16,2026/01/29 23:07:54
8476,922.58,18332.2,-2173.45,2026/01/29 23:07:54
8477,922.69,18302.6,-2166.01,2026/01/29 23:07:54
8478,922.8,18234.7,-2160.23,2026/01/29 23:07:54
8479,922.91,18193.6,-2157.69,2026/01/29 23:07:54
8480,923.02,18165.9,-2154.72,2026/01/29 23:07:55
8481,923.13,18144.2,-2149.81,2026/01/29 23:07:55
8482,923.24,18117,-2151.89,2026/01/29 23:07:55
8483,923.35,18096.9,-2145.05,2026/01/29 23:07:55
8484,923.45,18076.1,-2148.2,2026/01/29 23:07:55
8485,923.56,18063.5,-2144.3,2026/01/29 23:07:55
8486,923.67,18046.4,-2143.67,2026/01/29 23:07:55
8487,923.78,18037.8,-2146.4,2026/01/29 23:07:55
8488,923.89,18074,-2146.33,2026/01/29 23:07:55
8489,924,18119.6,-2143.41,2026/01/29 23:07:56
8490,924.1,18160.5,-2145.58,2026/01/29 23:07:56
8491,924.21,18194.3,-2146.04,2026/01/29 23:07:56
8492,924.32,18230.5,-2151.69,2026/01/29 23:07:56
8493,924.43,18278.3,-2148.95,2026/01/29 23:07:56
8494,924.54,18299.4,-2152.61,2026/01/29 23:07:56
8495,924.65,18285.7,-2152.35,2026/01/29 23:07:56
8496,924.76,18270.2,-2158.49,2026/01/29 23:07:56
8497,924.86,18282.4,-2159.71,2026/01/29 23:07:56
8498,924.97,18285,-2163.09,2026/01/29 23:07:57
8499,925.08,18300.5,-2164.63,2026/01/29 23:07:57
8500,925.19,18325.4,-2169.5,2026/01/29 23:07:57
8501,925.3,18354.3,-2177.14,2026/01/29 23:07:57
8502,925.41,18387.7,-2177.56,2026/01/29 23:07:57
8503,925.52,18402,-2185.31,2026/01/29 23:07:57
8504,925.63,18419,-2183.06,2026/01/29 23:07:57
8505,925.73,18429.9,-2188.63,2026/01/29 23:07:57
8506,925.84,18442.7,-2188.32,2026/01/29 23:07:57
8507,925.95,18448.4,-2190.69,2026/01/29 23:07:57
8508,926.06,18438.6,-2189.41,2026/01/29 23:07:58
8509,926.17,18437.4,-2189.4,2026/01/29 23:07:58
8510,926.28,18424.4,-2189.3,2026/01/29 23:07:58
8511,926.39,18409.3,-2186.33,2026/01/29 23:07:58
8512,926.5,18375.3,-2182.04,2026/01/29 23:07:58
8513,926.61,18350.4,-2180.06,2026/01/29 23:07:58
8514,926.71,18322.2,-2174.89,2026/01/29 23:07:58
8515,926.82,18327.5,-2172.44,2026/01/29 23:07:58
8516,926.93,18277.2,-2161.26,2026/01/29 23:07:58
8517,927.04,18223.4,-2162.92,2026/01/29 23:07:59
8518,927.15,18189.6,-2154.58,2026/01/29 23:07:59
8519,927.26,18151.2,-2156.19,2026/01/29 23:07:59
8520,927.37,18131,-2150.23,2026/01/29 23:07:59
8521,927.48,18102.6,-2149.23,2026/01/29 23:07:59
8522,927.58,18088.1,-2145.82,2026/01/29 23:07:59
8523,927.69,18069.9,-2146.57,2026/01/29 23:07:59
8524,927.8,18046.3,-2144.83,2026/01/29 23:07:59
8525,927.91,18032.9,-2146.65,2026/01/29 23:07:59
8526,928.02,18039.1,-2145.25,2026/01/29 23:08:00
8527,928.13,18052.9,-2143.52,2026/01/29 23:08:00
8528,928.24,18061.8,-2145.19,2026/01/29 23:08:00
8529,928.35,18091.9,-2143.63,2026/01/29 23:08:00
8530,928.46,18150.7,-2145.17,2026/01/29 23:08:00
8531,928.57,18219.1,-2147.7,2026/01/29 23:08:00
8532,928.68,18274.6,-2149.52,2026/01/29 23:08:00
8533,928.78,18295.1,-2149.71,2026/01/29 23:08:00
8534,928.89,18276.2,-2152.28,2026/01/29 23:08:00
8535,929,18265,-2158.77,2026/01/29 23:08:01
8536,929.11,18268.9,-2158.01,2026/01/29 23:08:01
8537,929.22,18269.1,-2161.75,2026/01/29 23:08:01
8538,929.33,18283.2,-2162.83,2026/01/29 23:08:01
8539,929.44,18289.1,-2163.16,2026/01/29 23:08:01
8540,929.54,18292.6,-2166.85,2026/01/29 23:08:01
8541,929.65,18302.9,-2165.6,2026/01/29 23:08:01
8542,929.76,18326.4,-2173.78,2026/01/29 23:08:01
8543,929.87,18356.9,-2173.73,2026/01/29 23:08:01
8544,929.98,18383.1,-2182.95,2026/01/29 23:08:02
8545,930.09,18414,-2182.66,2026/01/29 23:08:02
8546,930.2,18412.9,-2186.79,2026/01/29 23:08:02
8547,930.31,18417.8,-2184.64,2026/01/29 23:08:02
8548,930.42,18411.2,-2186.8,2026/01/29 23:08:02
8549,930.53,18406.5,-2183.7,2026/01/29 23:08:02
8550,930.63,18392.6,-2184.66,2026/01/29 23:08:02
8551,930.74,18378,-2181.35,2026/01/29 23:08:02
8552,930.85,18361.8,-2180.15,2026/01/29 23:08:02
8553,930.96,18330.9,-2176.85,2026/01/29 23:08:03
8554,931.07,18315.7,-2173.19,2026/01/29 23:08:03
8555,931.18,18318.6,-2174.88,2026/01/29 23:08:03
8556,931.29,18324,-2167.81,2026/01/29 23:08:03
8557,931.4,18310.8,-2168.33,2026/01/29 23:08:03
8558,931.51,18270.7,-2162.34,2026/01/29 23:08:03
8559,931.61,18243.3,-2162.57,2026/01/29 23:08:03
8560,931.72,18203.2,-2158.66,2026/01/29 23:08:03
8561,931.83,18178.9,-2156.62,2026/01/29 23:08:03
8562,931.94,18157.7,-2154.55,2026/01/29 23:08:03
8563,932.05,18130.5,-2151.38,2026/01/29 23:08:04
8564,932.16,18113,-2148.99,2026/01/29 23:08:04
8565,932.27,18102.3,-2146.63,2026/01/29 23:08:04
8566,932.38,18091,-2147.09,2026/01/29 23:08:04
8567,932.48,18074.2,-2146.04,2026/01/29 23:08:04
8568,932.59,18050.9,-2143.71,2026/01/29 23:08:04
8569,932.7,18032.2,-2146.32,2026/01/29 23:08:04
8570,932.81,18061,-2145.19,2026/01/29 23:08:04
8571,932.92,18093.5,-2143.69,2026/01/29 23:08:04
8572,933.03,18138.5,-2144.23,2026/01/29 23:08:05
8573,933.14,18179,-2144.92,2026/01/29 23:08:05
8574,933.24,18219.7,-2149.62,2026/01/29 23:08:05
8575,933.35,18268.7,-2147.55,2026/01/29 23:08:05
8576,933.46,18295.2,-2152.37,2026/01/29 23:08:05
8577,933.57,18296.1,-2149.8,2026/01/29 23:08:05
8578,933.68,18275.7,-2158.28,2026/01/29 23:08:05
8579,933.79,18277.4,-2159.64,2026/01/29 23:08:05
8580,933.9,18282.3,-2160.81,2026/01/29 23:08:05
8581,934.01,18297.5,-2165.2,2026/01/29 23:08:06
8582,934.12,18305.6,-2167.41,2026/01/29 23:08:06
8583,934.23,18325.8,-2172.34,2026/01/29 23:08:06
8584,934.34,18348.5,-2174.28,2026/01/29 23:08:06
8585,934.44,18369.9,-2180.41,2026/01/29 23:08:06
8586,934.55,18393.6,-2179.27,2026/01/29 23:08:06
8587,934.66,18399.3,-2186.32,2026/01/29 23:08:06
8588,934.77,18413.3,-2184.24,2026/01/29 23:08:06
8589,934.88,18413.8,-2188.16,2026/01/29 23:08:06
8590,934.99,18418.4,-2187.31,2026/01/29 23:08:07
8591,935.1,18408.8,-2186.81,2026/01/29 23:08:07
8592,935.21,18399.8,-2185.37,2026/01/29 23:08:07
8593,935.32,18380.8,-2182.86,2026/01/29 23:08:07
8594,935.43,18356.9,-2180.53,2026/01/29 23:08:07
8595,935.53,18322.9,-2172.9,2026/01/29 23:08:07
8596,935.64,18311.2,-2175.8,2026/01/29 23:08:07
8597,935.75,18326.5,-2168.14,2026/01/29 23:08:07
8598,935.86,18280.1,-2163.12,2026/01/29 23:08:07
8599,935.97,18247.8,-2162.73,2026/01/29 23:08:08
8600,936.08,18212.9,-2160.23,2026/01/29 23:08:08
8601,936.19,18186.9,-2157.74,2026/01/29 23:08:08
8602,936.29,18154,-2152.72,2026/01/29 23:08:08
8603,936.4,18117.1,-2153.19,2026/01/29 23:08:08
8604,936.51,18096.3,-2146.27,2026/01/29 23:08:08
8605,936.62,18067.1,-2147.21,2026/01/29 23:08:08
8606,936.73,18066.6,-2146.59,2026/01/29 23:08:08
8607,936.84,18064.4,-2144.31,2026/01/29 23:08:08
8608,936.95,18052.8,-2145.96,2026/01/29 23:08:08
8609,937.06,18071,-2145.61,2026/01/29 23:08:09
8610,937.16,18131.9,-2147,2026/01/29 23:08:09
8611,937.27,18220.7,-2147.89,2026/01/29 23:08:09
8612,937.38,18275,-2149.91,2026/01/29 23:08:09
8613,937.49,18294.4,-2149.68,2026/01/29 23:08:09
8614,937.6,18274.3,-2155.9,2026/01/29 23:08:09
8615,937.71,18275,-2160.97,2026/01/29 23:08:09
8616,937.82,18282.8,-2160.95,2026/01/29 23:08:09
8617,937.92,18289.7,-2165.61,2026/01/29 23:08:09
8618,938.03,18309.7,-2167.6,2026/01/29 23:08:10
8619,938.14,18329.4,-2171.93,2026/01/29 23:08:10
8620,938.25,18353,-2175.8,2026/01/29 23:08:10
8621,938.36,18368.4,-2178.89,2026/01/29 23:08:10
8622,938.47,18389.3,-2180.86,2026/01/29 23:08:10
8623,938.58,18394.9,-2184.3,2026/01/29 23:08:10
8624,938.69,18398.1,-2182.35,2026/01/29 23:08:10
8625,938.8,18395.9,-2184.58,2026/01/29 23:08:10
8626,938.91,18391.3,-2182.69,2026/01/29 23:08:10
8627,939.01,18376.9,-2182.46,2026/01/29 23:08:11
8628,939.12,18350.9,-2177.54,2026/01/29 23:08:11
8629,939.23,18309.1,-2172.72,2026/01/29 23:08:11
8630,939.34,18313.4,-2172.14,2026/01/29 23:08:11
8631,939.45,18303.7,-2161.09,2026/01/29 23:08:11
8632,939.56,18233.8,-2162.41,2026/01/29 23:08:11
8633,939.67,18184.3,-2154.2,2026/01/29 23:08:11
8634,939.78,18136,-2153.05,2026/01/29 23:08:11
8635,939.88,18104.3,-2148.13,2026/01/29 23:08:11
8636,940,18074.6,-2146.19,2026/01/29 23:08:12
8637,940.1,18056.3,-2145.91,2026/01/29 23:08:12
8638,940.21,18033.3,-2144.59,2026/01/29 23:08:12
8639,940.32,18013.4,-2148.34,2026/01/29 23:08:12
8640,940.43,18033.5,-2144.25,2026/01/29 23:08:12
8641,940.54,18047.8,-2145.41,2026/01/29 23:08:12
8642,940.65,18085.3,-2144.57,2026/01/29 23:08:12
8643,940.76,18149.8,-2145.22,2026/01/29 23:08:12
8644,940.86,18261.8,-2147.89,2026/01/29 23:08:12
8645,940.97,18276.2,-2145.92,2026/01/29 23:08:13
8646,941.08,18255.7,-2153.39,2026/01/29 23:08:13
8647,941.19,18266.6,-2159.23,2026/01/29 23:08:13
8648,941.3,18274.8,-2161.93,2026/01/29 23:08:13
8649,941.41,18307,-2168.44,2026/01/29 23:08:13
8650,941.52,18335.8,-2173.74,2026/01/29 23:08:13
8651,941.62,18350.3,-2176.77,2026/01/29 23:08:13
8652,941.73,18358.1,-2178.19,2026/01/29 23:08:13
8653,941.84,18351.6,-2178.02,2026/01/29 23:08:13
8654,941.95,18352.5,-2177.56,2026/01/29 23:08:13
8655,942.06,18335.3,-2177.85,2026/01/29 23:08:14
8656,942.17,18311.6,-2169.68,2026/01/29 23:08:14
8657,942.27,18286.7,-2169.94,2026/01/29 23:08:14
8658,942.38,18312.1,-2166.58,2026/01/29 23:08:14
8659,942.49,18302.5,-2162.92,2026/01/29 23:08:14
8660,942.6,18247.9,-2163.33,2026/01/29 23:08:14
8661,942.71,18207,-2155.26,2026/01/29 23:08:14
8662,942.82,18161.4,-2153.99,2026/01/29 23:08:14
8663,942.92,18126.1,-2150.33,2026/01/29 23:08:14
8664,943.03,18090.4,-2146.13,2026/01/29 23:08:15
8665,943.14,18062.6,-2146.95,2026/01/29 23:08:15
8666,943.25,18039,-2143.24,2026/01/29 23:08:15
8667,943.36,18029.4,-2147.15,2026/01/29 23:08:15
8668,943.47,18029.5,-2145.86,2026/01/29 23:08:15
8669,943.58,18025.8,-2145.39,2026/01/29 23:08:15
8670,943.69,18027.7,-2145.21,2026/01/29 23:08:15
8671,943.79,18055.7,-2146.56,2026/01/29 23:08:15
8672,943.9,18116.7,-2144.58,2026/01/29 23:08:15
8673,944.01,18208.5,-2148.7,2026/01/29 23:08:16
8674,944.12,18266.8,-2146.24,2026/01/29 23:08:16
8675,944.23,18243.3,-2148.55,2026/01/29 23:08:16
8676,944.34,18251.8,-2161.07,2026/01/29 23:08:16
8677,944.44,18279.5,-2163.62,2026/01/29 23:08:16
8678,944.55,18318.9,-2173.33,2026/01/29 23:08:16
8679,944.66,18345.9,-2177.58,2026/01/29 23:08:16
8680,944.77,18352.7,-2175.9,2026/01/29 23:08:16
8681,944.88,18346,-2179.62,2026/01/29 23:08:16
8682,944.99,18353.5,-2178.87,2026/01/29 23:08:17
8683,945.1,18349.3,-2178.16,2026/01/29 23:08:17
8684,945.2,18334.1,-2176.35,2026/01/29 23:08:17
8685,945.31,18305.1,-2171.07,2026/01/29 23:08:17
8686,945.42,18278.4,-2166.43,2026/01/29 23:08:17
8687,945.53,18302.8,-2166.13,2026/01/29 23:08:17
8688,945.64,18255.9,-2161.2,2026/01/29 23:08:17
8689,945.75,18209.6,-2156.23,2026/01/29 23:08:17
8690,945.86,18162.9,-2155.26,2026/01/29 23:08:17
8691,945.97,18125.2,-2150.22,2026/01/29 23:08:18
8692,946.07,18079.3,-2145.03,2026/01/29 23:08:18
8693,946.19,18050.1,-2146.67,2026/01/29 23:08:18
8694,946.29,18027.6,-2145.35,2026/01/29 23:08:18
8695,946.4,18034.6,-2146.45,2026/01/29 23:08:18
8696,946.51,18074.7,-2145.38,2026/01/29 23:08:18
8697,946.62,18137.9,-2144.31,2026/01/29 23:08:18
8698,946.73,18234.1,-2150.82,2026/01/29 23:08:18
8699,946.84,18271.5,-2146.47,2026/01/29 23:08:18
8700,946.95,18256.4,-2151.9,2026/01/29 23:08:18
8701,947.06,18264.7,-2161.3,2026/01/29 23:08:19
8702,947.16,18287.4,-2162.77,2026/01/29 23:08:19
8703,947.27,18316.3,-2172.73,2026/01/29 23:08:19
8704,947.38,18340.6,-2175.5,2026/01/29 23:08:19
8705,947.49,18340.6,-2176.31,2026/01/29 23:08:19
8706,947.6,18338.1,-2177.67,2026/01/29 23:08:19
8707,947.71,18342.4,-2176.75,2026/01/29 23:08:19
8708,947.82,18330.6,-2176.46,2026/01/29 23:08:19
8709,947.92,18315.5,-2172.41,2026/01/29 23:08:19
8710,948.03,18283.7,-2170.88,2026/01/29 23:08:20
8711,948.14,18305,-2164.55,2026/01/29 23:08:20
8712,948.25,18257.7,-2161.8,2026/01/29 23:08:20
8713,948.36,18199.6,-2157.4,2026/01/29 23:08:20
8714,948.47,18140.4,-2147.94,2026/01/29 23:08:20
8715,948.58,18092.2,-2146.98,2026/01/29 23:08:20
8716,948.68,18057.4,-2146.63,2026/01/29 23:08:20
8717,948.79,18027.8,-2144.98,2026/01/29 23:08:20
8718,948.9,18019.3,-2145.07,2026/01/29 23:08:20
8719,949.01,18024.6,-2146.61,2026/01/29 23:08:21
8720,949.12,18033.6,-2144.11,2026/01/29 23:08:21
8721,949.23,18044.9,-2145.54,2026/01/29 23:08:21
8722,949.34,18069,-2144.92,2026/01/29 23:08:21
8723,949.45,18149.2,-2142.81,2026/01/29 23:08:21
8724,949.55,18253.5,-2151.94,2026/01/29 23:08:21
8725,949.66,18249.7,-2148.39,2026/01/29 23:08:21
8726,949.77,18242.3,-2157.43,2026/01/29 23:08:21
8727,949.88,18265.2,-2162.68,2026/01/29 23:08:21
8728,949.99,18300.2,-2168.92,2026/01/29 23:08:22
8729,950.1,18330.7,-2175.73,2026/01/29 23:08:22
8730,950.21,18354.8,-2180.36,2026/01/29 23:08:22
8731,950.31,18369.1,-2183.05,2026/01/29 23:08:22
8732,950.42,18385.6,-2184.05,2026/01/29 23:08:22
8733,950.53,18393.8,-2189.48,2026/01/29 23:08:22
8734,950.64,18401.2,-2184.89,2026/01/29 23:08:22
8735,950.75,18398.6,-2190.08,2026/01/29 23:08:22
8736,950.86,18397.5,-2188.39,2026/01/29 23:08:22
8737,950.97,18389.6,-2186.05,2026/01/29 23:08:23
8738,951.08,18368.1,-2187.48,2026/01/29 23:08:23
8739,951.18,18345.9,-2179.57,2026/01/29 23:08:23
8740,951.29,18299.7,-2173.02,2026/01/29 23:08:23
8741,951.4,18280.8,-2170.31,2026/01/29 23:08:23
8742,951.51,18264.1,-2162.04,2026/01/29 23:08:23
8743,951.62,18187.7,-2154.82,2026/01/29 23:08:23
8744,951.73,18117.4,-2151.43,2026/01/29 23:08:23
8745,951.84,18075.9,-2145.83,2026/01/29 23:08:23
8746,951.94,18053,-2145.25,2026/01/29 23:08:23
8747,952.05,18023.6,-2148.68,2026/01/29 23:08:24
8748,952.16,17999.4,-2144.24,2026/01/29 23:08:24
8749,952.27,17964.4,-2148.57,2026/01/29 23:08:24
8750,952.38,17993.9,-2148.5,2026/01/29 23:08:24
8751,952.48,18060.9,-2143.23,2026/01/29 23:08:24
8752,952.59,18139.1,-2145.84,2026/01/29 23:08:24
8753,952.7,18246.8,-2146.95,2026/01/29 23:08:24
8754,952.81,18234.5,-2144.79,2026/01/29 23:08:24
8755,952.92,18225.5,-2150.43,2026/01/29 23:08:24
8756,953.03,18243.5,-2160.71,2026/01/29 23:08:25
8757,953.14,18293,-2166.48,2026/01/29 23:08:25
8758,953.25,18332.5,-2177.63,2026/01/29 23:08:25
8759,953.35,18346.4,-2178.38,2026/01/29 23:08:25
8760,953.46,18348.4,-2179.24,2026/01/29 23:08:25
8761,953.57,18345.1,-2182.86,2026/01/29 23:08:25
8762,953.68,18335.5,-2176.57,2026/01/29 23:08:25
8763,953.79,18301.7,-2175.53,2026/01/29 23:08:25
8764,953.9,18263.3,-2169.61,2026/01/29 23:08:25
8765,954.01,18277.9,-2166.37,2026/01/29 23:08:26
8766,954.12,18255.2,-2161.93,2026/01/29 23:08:26
8767,954.23,18211.1,-2159.57,2026/01/29 23:08:26
8768,954.34,18169.6,-2155.04,2026/01/29 23:08:26
8769,954.44,18134.6,-2152.51,2026/01/29 23:08:26
8770,954.55,18088.7,-2147.69,2026/01/29 23:08:26
8771,954.66,18062.3,-2143.86,2026/01/29 23:08:26
8772,954.77,18037,-2147.75,2026/01/29 23:08:26
8773,954.88,18074,-2145.1,2026/01/29 23:08:26
8774,954.99,18160.8,-2146.4,2026/01/29 23:08:27
8775,955.09,18264,-2148.09,2026/01/29 23:08:27
8776,955.2,18245.9,-2149.1,2026/01/29 23:08:27
8777,955.31,18250.8,-2160.42,2026/01/29 23:08:27
8778,955.42,18287.7,-2166.37,2026/01/29 23:08:27
8779,955.53,18315.5,-2173.04,2026/01/29 23:08:27
8780,955.64,18344,-2177.37,2026/01/29 23:08:27
8781,955.75,18371.4,-2183.28,2026/01/29 23:08:27
8782,955.85,18391.2,-2184.12,2026/01/29 23:08:27
8783,955.96,18391.3,-2186.44,2026/01/29 23:08:28
8784,956.07,18381.1,-2184.32,2026/01/29 23:08:28
8785,956.18,18358.5,-2179.23,2026/01/29 23:08:28
8786,956.29,18313.2,-2178.45,2026/01/29 23:08:28
8787,956.4,18272,-2167.67,2026/01/29 23:08:28
8788,956.5,18288.8,-2170.22,2026/01/29 23:08:28
8789,956.61,18261.8,-2163.32,2026/01/29 23:08:28
8790,956.72,18204,-2156.01,2026/01/29 23:08:28
8791,956.83,18156.8,-2155.42,2026/01/29 23:08:28
8792,956.94,18133.1,-2151.56,2026/01/29 23:08:28
8793,957.05,18110.2,-2150.06,2026/01/29 23:08:29
8794,957.16,18118.1,-2150.39,2026/01/29 23:08:29
8795,957.27,18145.1,-2151.59,2026/01/29 23:08:29
8796,957.37,18188.4,-2153.46,2026/01/29 23:08:29
8797,957.48,18262.3,-2157.74,2026/01/29 23:08:29
8798,957.59,18266.9,-2158.06,2026/01/29 23:08:29
8799,957.7,18278.8,-2162.66,2026/01/29 23:08:29
8800,957.81,18299.8,-2172.18,2026/01/29 23:08:29
8801,957.92,18333.4,-2172.8,2026/01/29 23:08:29
8802,958.03,18351.8,-2181.25,2026/01/29 23:08:30
8803,958.14,18388,-2184.72,2026/01/29 23:08:30
8804,958.24,18396.8,-2185.24,2026/01/29 23:08:30
8805,958.35,18407.5,-2188.37,2026/01/29 23:08:30
8806,958.46,18411.3,-2188.1,2026/01/29 23:08:30
8807,958.57,18399.5,-2187.83,2026/01/29 23:08:30
8808,958.68,18391.6,-2187.5,2026/01/29 23:08:30
8809,958.79,18357.2,-2182.18,2026/01/29 23:08:30
8810,958.9,18311.1,-2172.53,2026/01/29 23:08:30
8811,959.01,18287.8,-2175.05,2026/01/29 23:08:31
8812,959.11,18267.6,-2160.03,2026/01/29 23:08:31
8813,959.22,18186.2,-2157.7,2026/01/29 23:08:31
8814,959.33,18128.7,-2153.77,2026/01/29 23:08:31
8815,959.44,18097.1,-2147.37,2026/01/29 23:08:31
8816,959.55,18075.8,-2149.55,2026/01/29 23:08:31
8817,959.66,18071.3,-2143.76,2026/01/29 23:08:31
8818,959.77,18074.7,-2146.27,2026/01/29 23:08:31
8819,959.88,18079.7,-2144.65,2026/01/29 23:08:31
8820,959.99,18049.5,-2145.1,2026/01/29 23:08:32
8821,960.09,18091.8,-2146.58,2026/01/29 23:08:32
8822,960.2,18222.9,-2152.42,2026/01/29 23:08:32
8823,960.31,18234.8,-2152.09,2026/01/29 23:08:32
8824,960.42,18267.8,-2163.41,2026/01/29 23:08:32
8825,960.53,18314.6,-2171.09,2026/01/29 23:08:32
8826,960.64,18350.3,-2176.87,2026/01/29 23:08:32
8827,960.75,18358.1,-2181.25,2026/01/29 23:08:32
8828,960.86,18364,-2178.08,2026/01/29 23:08:32
8829,960.96,18352.7,-2181.06,2026/01/29 23:08:33
8830,961.07,18343.1,-2177.34,2026/01/29 23:08:33
8831,961.18,18298.9,-2170.9,2026/01/29 23:08:33
8832,961.29,18288.3,-2169.18,2026/01/29 23:08:33
8833,961.4,18232.3,-2157.63,2026/01/29 23:08:33
8834,961.51,18163,-2153.97,2026/01/29 23:08:33
8835,961.62,18110.4,-2151.23,2026/01/29 23:08:33
8836,961.73,18072.5,-2145.84,2026/01/29 23:08:33
8837,961.84,18053.9,-2146.81,2026/01/29 23:08:33
8838,961.94,18052.5,-2147.74,2026/01/29 23:08:33
8839,962.05,18098.3,-2143.2,2026/01/29 23:08:34
8840,962.16,18182.3,-2150.6,2026/01/29 23:08:34
8841,962.27,18264.5,-2145.37,2026/01/29 23:08:34
8842,962.38,18248.9,-2156.94,2026/01/29 23:08:34
8843,962.49,18288.5,-2166.82,2026/01/29 23:08:34
8844,962.6,18330,-2171.55,2026/01/29 23:08:34
8845,962.7,18341.1,-2178.77,2026/01/29 23:08:34
8846,962.81,18352.6,-2178.75,2026/01/29 23:08:34
8847,962.92,18348,-2179.03,2026/01/29 23:08:34
8848,963.03,18350.7,-2180.91,2026/01/29 23:08:35
8849,963.14,18368.2,-2183.29,2026/01/29 23:08:35
8850,963.25,18394.9,-2186.87,2026/01/29 23:08:35
8851,963.36,18407.8,-2189.15,2026/01/29 23:08:35
8852,963.46,18393.7,-2187.3,2026/01/29 23:08:35
8853,963.57,18369.1,-2182.1,2026/01/29 23:08:35
8854,963.68,18301.1,-2175.22,2026/01/29 23:08:35
8855,963.79,18299.9,-2167.56,2026/01/29 23:08:35
8856,963.9,18214.4,-2158.54,2026/01/29 23:08:35
8857,964.01,18130.7,-2151.85,2026/01/29 23:08:36
8858,964.12,18079.1,-2145.96,2026/01/29 23:08:36
8859,964.22,18055.2,-2148.77,2026/01/29 23:08:36
8860,964.33,18055.3,-2144.21,2026/01/29 23:08:36
8861,964.44,18037.7,-2145.06,2026/01/29 23:08:36
8862,964.55,18055.1,-2145.89,2026/01/29 23:08:36
8863,964.66,18071.5,-2143.4,2026/01/29 23:08:36
8864,964.77,18079.3,-2145.53,2026/01/29 23:08:36
8865,964.88,18128.7,-2146.41,2026/01/29 23:08:36
8866,964.98,18238.8,-2150.06,2026/01/29 23:08:37
8867,965.09,18237.5,-2151.47,2026/01/29 23:08:37
8868,965.2,18265.6,-2165.24,2026/01/29 23:08:37
8869,965.31,18318.1,-2170.13,2026/01/29 23:08:37
8870,965.42,18339.5,-2178.33,2026/01/29 23:08:37
8871,965.53,18346,-2176.08,2026/01/29 23:08:37
8872,965.64,18343.6,-2179.69,2026/01/29 23:08:37
8873,965.75,18348,-2180.12,2026/01/29 23:08:37
8874,965.86,18350.6,-2178.4,2026/01/29 23:08:37
8875,965.96,18347.5,-2183.17,2026/01/29 23:08:38
8876,966.07,18354.5,-2180.71,2026/01/29 23:08:38
8877,966.18,18349.5,-2181.14,2026/01/29 23:08:38
8878,966.29,18353.9,-2182.48,2026/01/29 23:08:38
8879,966.4,18353.8,-2182.2,2026/01/29 23:08:38
8880,966.51,18351.2,-2182.28,2026/01/29 23:08:38
8881,966.61,18355.3,-2182.62,2026/01/29 23:08:38
8882,966.72,18353.3,-2184.03,2026/01/29 23:08:38
8883,966.83,18357.1,-2180.92,2026/01/29 23:08:38
8884,966.94,18354,-2184.58,2026/01/29 23:08:38
8885,967.05,18356.1,-2183.75,2026/01/29 23:08:39
8886,967.16,18356.2,-2181.93,2026/01/29 23:08:39
8887,967.26,18354.5,-2185.35,2026/01/29 23:08:39
8888,967.37,18359.4,-2181.56,2026/01/29 23:08:39
8889,967.48,18353.2,-2183.61,2026/01/29 23:08:39
8890,967.59,18358.1,-2184.82,2026/01/29 23:08:39
8891,967.7,18356.6,-2183.96,2026/01/29 23:08:39
8892,967.8,18354.5,-2184.1,2026/01/29 23:08:39
8893,967.91,18360,-2183.34,2026/01/29 23:08:39
8894,968.02,18355.3,-2184.79,2026/01/29 23:08:40
8895,968.13,18359.3,-2184.67,2026/01/29 23:08:40
8896,968.24,18356.7,-2185.55,2026/01/29 23:08:40
8897,968.35,18359.2,-2182.46,2026/01/29 23:08:40
8898,968.46,18355.7,-2186.83,2026/01/29 23:08:40
8899,968.57,18360.8,-2183.82,2026/01/29 23:08:40
8900,968.68,18357.6,-2185.53,2026/01/29 23:08:40
8901,968.78,18359.5,-2185.36,2026/01/29 23:08:40
8902,968.89,18361.3,-2182.44,2026/01/29 23:08:40
8903,969,18356.8,-2186.74,2026/01/29 23:08:41
8904,969.11,18364.2,-2186.19,2026/01/29 23:08:41
8905,969.22,18360.5,-2185.03,2026/01/29 23:08:41
8906,969.33,18365.9,-2185.69,2026/01/29 23:08:41
8907,969.44,18370.9,-2186.64,2026/01/29 23:08:41
8908,969.54,18372.1,-2186.02,2026/01/29 23:08:41
8909,969.65,18378.2,-2187.68,2026/01/29 23:08:41
8910,969.76,18379,-2187.32,2026/01/29 23:08:41
8911,969.87,18388.5,-2186.3,2026/01/29 23:08:41
8912,969.98,18387.4,-2190.6,2026/01/29 23:08:42
8913,970.09,18392.1,-2185.71,2026/01/29 23:08:42
8914,970.2,18383.3,-2189.01,2026/01/29 23:08:42
8915,970.31,18385.7,-2187.91,2026/01/29 23:08:42
8916,970.41,18384.1,-2187.96,2026/01/29 23:08:42
8917,970.52,18382.7,-2190.7,2026/01/29 23:08:42
8918,970.63,18388.3,-2187.39,2026/01/29 23:08:42
8919,970.74,18382.7,-2187.97,2026/01/29 23:08:42
8920,970.85,18386.2,-2188.88,2026/01/29 23:08:42
8921,970.96,18384.2,-2189.19,2026/01/29 23:08:43
8922,971.06,18385.7,-2187.58,2026/01/29 23:08:43
8923,971.17,18386.7,-2188.84,2026/01/29 23:08:43
8924,971.28,18384.7,-2187.31,2026/01/29 23:08:43
8925,971.39,18387.9,-2187.19,2026/01/29 23:08:43
8926,971.5,18383.8,-2191.64,2026/01/29 23:08:43
8927,971.61,18389.2,-2187.42,2026/01/29 23:08:43
8928,971.72,18384.6,-2189.49,2026/01/29 23:08:43
8929,971.82,18388.1,-2189.34,2026/01/29 23:08:43
8930,971.93,18387.8,-2187.33,2026/01/29 23:08:43
8931,972.04,18387.3,-2189.58,2026/01/29 23:08:44
8932,972.15,18390.2,-2186.49,2026/01/29 23:08:44
8933,972.26,18385.1,-2189,2026/01/29 23:08:44
8934,972.37,18390.2,-2188.48,2026/01/29 23:08:44
8935,972.48,18387,-2189.97,2026/01/29 23:08:44
8936,972.59,18389.5,-2187.49,2026/01/29 23:08:44
8937,972.69,18387.6,-2190.63,2026/01/29 23:08:44
8938,972.8,18388.1,-2188.55,2026/01/29 23:08:44
8939,972.91,18387.5,-2189.26,2026/01/29 23:08:44
8940,973.02,18384,-2191.12,2026/01/29 23:08:45
8941,973.13,18390.8,-2187.07,2026/01/29 23:08:45
8942,973.24,18383.4,-2189.89,2026/01/29 23:08:45
8943,973.35,18389.4,-2189.88,2026/01/29 23:08:45
8944,973.46,18384.9,-2189.05,2026/01/29 23:08:45
8945,973.56,18386.8,-2190.19,2026/01/29 23:08:45
8946,973.67,18390.3,-2188.13,2026/01/29 23:08:45
8947,973.78,18384.8,-2189.64,2026/01/29 23:08:45
8948,973.89,18388.3,-2188.91,2026/01/29 23:08:45
8949,973.99,18386.9,-2190.89,2026/01/29 23:08:46
8950,974.11,18389.3,-2187.52,2026/01/29 23:08:46
8951,974.21,18386.7,-2191.84,2026/01/29 23:08:46
8952,974.32,18389,-2189.41,2026/01/29 23:08:46
8953,974.43,18387.9,-2189.94,2026/01/29 23:08:46
8954,974.54,18388.5,-2190.61,2026/01/29 23:08:46
8955,974.65,18391.9,-2187.59,2026/01/29 23:08:46
8956,974.76,18385.3,-2189.86,2026/01/29 23:08:46
8957,974.86,18391.1,-2189.81,2026/01/29 23:08:46
8958,974.97,18389.6,-2188.91,2026/01/29 23:08:47
8959,975.08,18388.3,-2190.14,2026/01/29 23:08:47
8960,975.19,18392.2,-2189.67,2026/01/29 23:08:47
8961,975.3,18387.4,-2190.53,2026/01/29 23:08:47
8962,975.41,18392.4,-2189.85,2026/01/29 23:08:47
8963,975.52,18389.9,-2191.56,2026/01/29 23:08:47
8964,975.62,18392,-2188.09,2026/01/29 23:08:47
8965,975.73,18389.1,-2193.09,2026/01/29 23:08:47
8966,975.84,18393.5,-2187.8,2026/01/29 23:08:47
8967,975.95,18389.1,-2190.93,2026/01/29 23:08:47
8968,976.06,18392,-2189.68,2026/01/29 23:08:48
8969,976.17,18390,-2190.13,2026/01/29 23:08:48
8970,976.28,18389.9,-2192.77,2026/01/29 23:08:48
8971,976.39,18394.6,-2188.67,2026/01/29 23:08:48
8972,976.49,18388.7,-2189.41,2026/01/29 23:08:48
8973,976.6,18394.1,-2191.21,2026/01/29 23:08:48
8974,976.71,18391.1,-2190.31,2026/01/29 23:08:48
8975,976.82,18391.7,-2190.24,2026/01/29 23:08:48
8976,976.93,18391.8,-2191.43,2026/01/29 23:08:48
8977,977.04,18390.7,-2190.32,2026/01/29 23:08:49
8978,977.15,18393.7,-2190.53,2026/01/29 23:08:49
8979,977.25,18389.6,-2193.67,2026/01/29 23:08:49
8980,977.36,18396.6,-2188.48,2026/01/29 23:08:49
8981,977.47,18389.7,-2191.66,2026/01/29 23:08:49
8982,977.58,18394,-2190.48,2026/01/29 23:08:49
8983,977.69,18393.2,-2190.08,2026/01/29 23:08:49
8984,977.8,18390.7,-2192.58,2026/01/29 23:08:49
8985,977.9,18396,-2190.89,2026/01/29 23:08:49
8986,978.01,18391.1,-2191.18,2026/01/29 23:08:50
8987,978.12,18394.7,-2191.47,2026/01/29 23:08:50
8988,978.23,18393.9,-2191.29,2026/01/29 23:08:50
8989,978.34,18393.6,-2190.73,2026/01/29 23:08:50
8990,978.45,18395.7,-2191.46,2026/01/29 23:08:50
8991,978.56,18391.9,-2190.4,2026/01/29 23:08:50
8992,978.66,18395,-2190.68,2026/01/29 23:08:50
8993,978.77,18392,-2194.49,2026/01/29 23:08:50
8994,978.88,18397.4,-2187.97,2026/01/29 23:08:50
8995,978.99,18391.6,-2192.31,2026/01/29 23:08:51
8996,979.1,18396.2,-2190.95,2026/01/29 23:08:51
8997,979.21,18394.4,-2189.57,2026/01/29 23:08:51
8998,979.32,18392.7,-2193.46,2026/01/29 23:08:51
8999,979.42,18398.2,-2190.34,2026/01/29 23:08:51
9000,979.53,18392.1,-2191.48,2026/01/29 23:08:51
9001,979.64,18396.2,-2192.25,2026/01/29 23:08:51
9002,979.75,18394.1,-2191.17,2026/01/29 23:08:51
9003,979.86,18394.9,-2190.8,2026/01/29 23:08:51
9004,979.97,18397,-2192.06,2026/01/29 23:08:52
9005,980.08,18393.9,-2190.98,2026/01/29 23:08:52
9006,980.18,18397.1,-2191.89,2026/01/29 23:08:52
9007,980.29,18393.6,-2193.8,2026/01/29 23:08:52
9008,980.4,18398,-2189.41,2026/01/29 23:08:52
9009,980.51,18393.8,-2192.82,2026/01/29 23:08:52
9010,980.62,18397.6,-2191.87,2026/01/29 23:08:52
9011,980.73,18395.9,-2190.76,2026/01/29 23:08:52
9012,980.83,18394,-2194.56,2026/01/29 23:08:52
9013,980.94,18398.3,-2189.81,2026/01/29 23:08:52
9014,981.05,18393.6,-2192.53,2026/01/29 23:08:53
9015,981.16,18398.6,-2192.6,2026/01/29 23:08:53
9016,981.27,18394.7,-2192.36,2026/01/29 23:08:53
9017,981.38,18396.6,-2192.5,2026/01/29 23:08:53
9018,981.49,18399.4,-2193.65,2026/01/29 23:08:53
9019,981.59,18395.7,-2191.33,2026/01/29 23:08:53
9020,981.7,18398.7,-2191.33,2026/01/29 23:08:53
9021,981.81,18395.6,-2195.41,2026/01/29 23:08:53
9022,981.92,18399.3,-2191.69,2026/01/29 23:08:53
9023,982.03,18395.6,-2192.79,2026/01/29 23:08:54
9024,982.13,18397.9,-2193.29,2026/01/29 23:08:54
9025,982.24,18399.5,-2191.16,2026/01/29 23:08:54
9026,982.35,18394,-2194.14,2026/01/29 23:08:54
9027,982.46,18400.3,-2192.26,2026/01/29 23:08:54
9028,982.57,18395.5,-2192.29,2026/01/29 23:08:54
9029,982.68,18399,-2193.26,2026/01/29 23:08:54
9030,982.79,18396.5,-2193.64,2026/01/29 23:08:54
9031,982.9,18398,-2191.91,2026/01/29 23:08:54
9032,983.01,18399.1,-2194.28,2026/01/29 23:08:55
9033,983.11,18396.6,-2192.13,2026/01/29 23:08:55
9034,983.22,18400.4,-2192.05,2026/01/29 23:08:55
9035,983.33,18396.1,-2196.25,2026/01/29 23:08:55
9036,983.44,18401.1,-2190.99,2026/01/29 23:08:55
9037,983.55,18397.2,-2193.63,2026/01/29 23:08:55
9038,983.65,18399.4,-2193.28,2026/01/29 23:08:55
9039,983.76,18400.2,-2190.78,2026/01/29 23:08:55
9040,983.87,18396.9,-2195.2,2026/01/29 23:08:55
9041,983.98,18402.3,-2192.16,2026/01/29 23:08:56
9042,984.09,18396.9,-2193.39,2026/01/29 23:08:56
9043,984.2,18399.8,-2193.33,2026/01/29 23:08:56
9044,984.31,18398,-2193.98,2026/01/29 23:08:56
9045,984.42,18399.9,-2192.12,2026/01/29 23:08:56
9046,984.53,18397.5,-2195.45,2026/01/29 23:08:56
9047,984.64,18400.5,-2191.6,2026/01/29 23:08:56
9048,984.74,18397.7,-2195.16,2026/01/29 23:08:56
9049,984.85,18400.9,-2194.4,2026/01/29 23:08:56
9050,984.96,18398.9,-2193.46,2026/01/29 23:08:57
9051,985.07,18398.7,-2195.49,2026/01/29 23:08:57
9052,985.18,18402.8,-2191.31,2026/01/29 23:08:57
9053,985.29,18395.9,-2195.24,2026/01/29 23:08:57
9054,985.4,18402.7,-2194.54,2026/01/29 23:08:57
9055,985.51,18398.6,-2193,2026/01/29 23:08:57
9056,985.61,18399.7,-2194.09,2026/01/29 23:08:57
9057,985.72,18400.8,-2193.94,2026/01/29 23:08:57
9058,985.83,18397.9,-2194.05,2026/01/29 23:08:57
9059,985.94,18402.4,-2193.76,2026/01/29 23:08:57
9060,986.05,18398.8,-2193.85,2026/01/29 23:08:58
9061,986.16,18402.3,-2191.73,2026/01/29 23:08:58
9062,986.27,18399.6,-2196.84,2026/01/29 23:08:58
9063,986.38,18402.9,-2193.02,2026/01/29 23:08:58
9064,986.48,18399.4,-2195,2026/01/29 23:08:58
9065,986.59,18401.8,-2193.96,2026/01/29 23:08:58
9066,986.7,18402.4,-2191.91,2026/01/29 23:08:58
9067,986.81,18400.2,-2196.11,2026/01/29 23:08:58
9068,986.92,18404.9,-2192.64,2026/01/29 23:08:58
9069,987.03,18398.5,-2193.26,2026/01/29 23:08:59
9070,987.14,18403.6,-2194.89,2026/01/29 23:08:59
9071,987.24,18400.5,-2194.22,2026/01/29 23:08:59
9072,987.35,18401.8,-2193.84,2026/01/29 23:08:59
9073,987.46,18404.3,-2193.78,2026/01/29 23:08:59
9074,987.57,18400.6,-2195.02,2026/01/29 23:08:59
9075,987.68,18403.1,-2192.3,2026/01/29 23:08:59
9076,987.79,18400.7,-2196.96,2026/01/29 23:08:59
9077,987.89,18403.4,-2193.28,2026/01/29 23:08:59
9078,988,18401.4,-2195.38,2026/01/29 23:09:00
9079,988.11,18403.4,-2194.41,2026/01/29 23:09:00
9080,988.22,18404,-2193.76,2026/01/29 23:09:00
9081,988.33,18399.6,-2196.64,2026/01/29 23:09:00
9082,988.44,18407,-2193.13,2026/01/29 23:09:00
9083,988.55,18399.6,-2194.32,2026/01/29 23:09:00
9084,988.66,18405.4,-2195.29,2026/01/29 23:09:00
9085,988.76,18402.7,-2194.4,2026/01/29 23:09:00
9086,988.87,18400.9,-2195.81,2026/01/29 23:09:00
9087,988.98,18405.7,-2194.94,2026/01/29 23:09:01
9088,989.09,18401.9,-2195,2026/01/29 23:09:01
9089,989.2,18404.1,-2193.79,2026/01/29 23:09:01
9090,989.3,18403.2,-2196.22,2026/01/29 23:09:01
9091,989.41,18404.1,-2194.15,2026/01/29 23:09:01
9092,989.52,18403.2,-2196.38,2026/01/29 23:09:01
9093,989.63,18403.7,-2194.06,2026/01/29 23:09:01
9094,989.74,18405.7,-2194.89,2026/01/29 23:09:01
9095,989.85,18401.9,-2196.99,2026/01/29 23:09:01
9096,989.96,18408,-2192.31,2026/01/29 23:09:02
9097,990.07,18401.5,-2196.46,2026/01/29 23:09:02
9098,990.17,18407.2,-2194.36,2026/01/29 23:09:02
9099,990.28,18402,-2195.32,2026/01/29 23:09:02
9100,990.39,18405.4,-2195.58,2026/01/29 23:09:02
9101,990.5,18404.8,-2194.55,2026/01/29 23:09:02
9102,990.61,18404.4,-2195.26,2026/01/29 23:09:02
9103,990.72,18407.1,-2194.07,2026/01/29 23:09:02
9104,990.83,18402.9,-2195.65,2026/01/29 23:09:02
9105,990.94,18407.3,-2195.97,2026/01/29 23:09:02
9106,991.05,18404.3,-2195.45,2026/01/29 23:09:03
9107,991.15,18406.8,-2193.88,2026/01/29 23:09:03
9108,991.26,18405.5,-2196.6,2026/01/29 23:09:03
9109,991.37,18406.9,-2193.84,2026/01/29 23:09:03
9110,991.48,18406.4,-2196.66,2026/01/29 23:09:03
9111,991.59,18403.9,-2194.24,2026/01/29 23:09:03
9112,991.7,18407.7,-2195.15,2026/01/29 23:09:03
9113,991.81,18403.7,-2197.28,2026/01/29 23:09:03
9114,991.91,18409.2,-2193.27,2026/01/29 23:09:03
9115,992.02,18403.4,-2196.36,2026/01/29 23:09:04
9116,992.13,18409.1,-2194.74,2026/01/29 23:09:04
9117,992.24,18404.9,-2196.42,2026/01/29 23:09:04
9118,992.35,18407.6,-2195.71,2026/01/29 23:09:04
9119,992.46,18406.7,-2195.52,2026/01/29 23:09:04
9120,992.57,18405.8,-2196.83,2026/01/29 23:09:04
9121,992.68,18409.4,-2193.71,2026/01/29 23:09:04
9122,992.79,18404.1,-2196.72,2026/01/29 23:09:04
9123,992.89,18409.5,-2196.08,2026/01/29 23:09:04
9124,993,18406,-2195.8,2026/01/29 23:09:05
9125,993.11,18407.8,-2195.33,2026/01/29 23:09:05
9126,993.22,18409.6,-2195.54,2026/01/29 23:09:05
9127,993.33,18406.2,-2195.25,2026/01/29 23:09:05
9128,993.44,18409.7,-2195.46,2026/01/29 23:09:05
9129,993.54,18406.6,-2197.06,2026/01/29 23:09:05
9130,993.65,18410.3,-2192.8,2026/01/29 23:09:05
9131,993.76,18406.7,-2198.16,2026/01/29 23:09:05
9132,993.87,18409.9,-2195.05,2026/01/29 23:09:05
9133,993.98,18408.2,-2196.19,2026/01/29 23:09:06
9134,994.09,18408.3,-2197.23,2026/01/29 23:09:06
9135,994.2,18410.8,-2193.97,2026/01/29 23:09:06
9136,994.31,18405.9,-2198.22,2026/01/29 23:09:06
9137,994.41,18412.1,-2195.9,2026/01/29 23:09:06
9138,994.52,18408.8,-2194.97,2026/01/29 23:09:06
9139,994.63,18409.1,-2197.59,2026/01/29 23:09:06
9140,994.74,18412.2,-2194.49,2026/01/29 23:09:06
9141,994.85,18406.8,-2197.36,2026/01/29 23:09:06
9142,994.95,18412.5,-2196.28,2026/01/29 23:09:06
9143,995.06,18408.4,-2195.6,2026/01/29 23:09:07
9144,995.17,18411.6,-2196.31,2026/01/29 23:09:07
9145,995.28,18408.9,-2196.88,2026/01/29 23:09:07
9146,995.39,18410.6,-2196.6,2026/01/29 23:09:07
9147,995.5,18413.4,-2196.12,2026/01/29 23:09:07
9148,995.61,18408.9,-2195.42,2026/01/29 23:09:07
9149,995.71,18412.8,-2196.29,2026/01/29 23:09:07
9150,995.82,18410.3,-2197.96,2026/01/29 23:09:07
9151,995.93,18412.5,-2193.75,2026/01/29 23:09:07
9152,996.04,18410.1,-2198.64,2026/01/29 23:09:08
9153,996.15,18412.9,-2194.92,2026/01/29 23:09:08
9154,996.26,18411.1,-2196.57,2026/01/29 23:09:08
9155,996.37,18410.5,-2197.39,2026/01/29 23:09:08
9156,996.47,18416.2,-2194.07,2026/01/29 23:09:08
9157,996.58,18408.9,-2198.2,2026/01/29 23:09:08
9158,996.69,18414.3,-2195.93,2026/01/29 23:09:08
9159,996.8,18409.5,-2196.24,2026/01/29 23:09:08
9160,996.91,18396.3,-2197.33,2026/01/29 23:09:08
9161,997.01,18373.2,-2193.79,2026/01/29 23:09:09
9162,997.12,18316.9,-2193.4,2026/01/29 23:09:09
9163,997.23,18292.9,-2188.61,2026/01/29 23:09:09
9164,997.34,18248.4,-2177.08,2026/01/29 23:09:09
9165,997.45,18190.3,-2167.68,2026/01/29 23:09:09
9166,997.56,18124.5,-2159.21,2026/01/29 23:09:09
9167,997.67,18060.4,-2152.93,2026/01/29 23:09:09
9168,997.78,18023.1,-2148.18,2026/01/29 23:09:09
9169,997.88,18012.6,-2150.2,2026/01/29 23:09:09
9170,997.99,18046.4,-2149.47,2026/01/29 23:09:10
9171,998.1,18110.4,-2147.39,2026/01/29 23:09:10
9172,998.21,18208.4,-2152.47,2026/01/29 23:09:10
9173,998.32,18285.8,-2153.7,2026/01/29 23:09:10
9174,998.43,18318.1,-2170.52,2026/01/29 23:09:10
9175,998.54,18359.4,-2180.11,2026/01/29 23:09:10
9176,998.65,18368,-2180.99,2026/01/29 23:09:10
9177,998.76,18367.2,-2183.24,2026/01/29 23:09:10
9178,998.86,18343.6,-2180.02,2026/01/29 23:09:10
9179,998.97,18323.4,-2178.15,2026/01/29 23:09:11
9180,999.08,18271.3,-2167.67,2026/01/29 23:09:11
9181,999.19,18171.3,-2152.11,2026/01/29 23:09:11
9182,999.3,18099.2,-2152.99,2026/01/29 23:09:11
9183,999.41,18061.2,-2147.31,2026/01/29 23:09:11
9184,999.52,18038,-2148.97,2026/01/29 23:09:11
9185,999.62,18041.6,-2146.38,2026/01/29 23:09:11
9186,999.73,18108.2,-2149.42,2026/01/29 23:09:11
9187,999.84,18274.3,-2152.8,2026/01/29 23:09:11
9188,999.95,18275.7,-2160.47,2026/01/29 23:09:11
9189,1000.06,18325.3,-2177.46,2026/01/29 23:09:12
9190,1000.17,18353.3,-2179.73,2026/01/29 23:09:12
9191,1000.28,18353.7,-2183.08,2026/01/29 23:09:12
9192,1000.39,18340.1,-2179.11,2026/01/29 23:09:12
9193,1000.5,18302.5,-2175.43,2026/01/29 23:09:12
9194,1000.61,18287.7,-2164.75,2026/01/29 23:09:12
9195,1000.71,18170.4,-2152.19,2026/01/29 23:09:12
9196,1000.82,18100.2,-2153.46,2026/01/29 23:09:12
9197,1000.93,18076.5,-2145.85,2026/01/29 23:09:12
9198,1001.04,18074.7,-2148.33,2026/01/29 23:09:13
9199,1001.15,18091,-2146.67,2026/01/29 23:09:13
9200,1001.26,18185.9,-2153.12,2026/01/29 23:09:13
9201,1001.37,18288,-2149.46,2026/01/29 23:09:13
9202,1001.48,18290.8,-2164.47,2026/01/29 23:09:13
9203,1001.59,18337.4,-2177.97,2026/01/29 23:09:13
9204,1001.69,18355.9,-2178.92,2026/01/29 23:09:13
9205,1001.8,18350.9,-2184.54,2026/01/29 23:09:13
9206,1001.91,18344.4,-2179.34,2026/01/29 23:09:13
9207,1002.02,18308.9,-2176.42,2026/01/29 23:09:14
9208,1002.13,18312.9,-2173.34,2026/01/29 23:09:14
9209,1002.24,18248.4,-2160.22,2026/01/29 23:09:14
9210,1002.34,18151.2,-2155.53,2026/01/29 23:09:14
9211,1002.45,18109.1,-2148.07,2026/01/29 23:09:14
9212,1002.56,18059.2,-2150.78,2026/01/29 23:09:14
9213,1002.67,18051.7,-2144.19,2026/01/29 23:09:14
9214,1002.78,18052.9,-2149.11,2026/01/29 23:09:14
9215,1002.89,18104.7,-2150.43,2026/01/29 23:09:14
9216,1003,18271.4,-2146.44,2026/01/29 23:09:15
9217,1003.11,18267.6,-2161.92,2026/01/29 23:09:15
9218,1003.21,18325.6,-2172.1,2026/01/29 23:09:15
9219,1003.32,18341,-2181.05,2026/01/29 23:09:15
9220,1003.43,18349.4,-2178.41,2026/01/29 23:09:15
9221,1003.54,18332.9,-2181.56,2026/01/29 23:09:15
9222,1003.65,18308.9,-2172.79,2026/01/29 23:09:15
9223,1003.76,18302.5,-2170.96,2026/01/29 23:09:15
9224,1003.87,18201.3,-2152.95,2026/01/29 23:09:15
9225,1003.98,18108.2,-2153.54,2026/01/29 23:09:16
9226,1004.09,18078.5,-2147.91,2026/01/29 23:09:16
9227,1004.2,18083.8,-2148.85,2026/01/29 23:09:16
9228,1004.31,18105.1,-2145.51,2026/01/29 23:09:16
9229,1004.41,18187.6,-2154.03,2026/01/29 23:09:16
9230,1004.53,18267,-2154.29,2026/01/29 23:09:16
9231,1004.63,18311.6,-2170.07,2026/01/29 23:09:16
9232,1004.74,18342.1,-2181.09,2026/01/29 23:09:16
9233,1004.85,18350.5,-2177.48,2026/01/29 23:09:16
9234,1004.96,18333.9,-2180.86,2026/01/29 23:09:17
9235,1005.07,18304.1,-2174.13,2026/01/29 23:09:17
9236,1005.18,18283.5,-2163.29,2026/01/29 23:09:17
9237,1005.28,18165.6,-2153.67,2026/01/29 23:09:17
9238,1005.39,18108.8,-2150.69,2026/01/29 23:09:17
9239,1005.5,18072.6,-2150.43,2026/01/29 23:09:17
9240,1005.61,18088.3,-2146.06,2026/01/29 23:09:17
9241,1005.72,18115.8,-2147.6,2026/01/29 23:09:17
9242,1005.83,18155.9,-2148.15,2026/01/29 23:09:17
9243,1005.94,18265.1,-2155.84,2026/01/29 23:09:17
9244,1006.05,18278,-2162.62,2026/01/29 23:09:18
9245,1006.16,18330.7,-2173.71,2026/01/29 23:09:18
9246,1006.26,18343.6,-2179.93,2026/01/29 23:09:18
9247,1006.37,18350.6,-2178.8,2026/01/29 23:09:18
9248,1006.48,18321.4,-2176.75,2026/01/29 23:09:18
9249,1006.59,18313.5,-2171.64,2026/01/29 23:09:18
9250,1006.7,18217.6,-2156.93,2026/01/29 23:09:18
9251,1006.81,18124.2,-2154.42,2026/01/29 23:09:18
9252,1006.92,18083.9,-2148.04,2026/01/29 23:09:18
9253,1007.03,18056.8,-2150.23,2026/01/29 23:09:19
9254,1007.14,18046.1,-2146.79,2026/01/29 23:09:19
9255,1007.24,18094.6,-2151.11,2026/01/29 23:09:19
9256,1007.35,18224.7,-2151.57,2026/01/29 23:09:19
9257,1007.46,18251,-2156.44,2026/01/29 23:09:19
9258,1007.57,18304,-2167.2,2026/01/29 23:09:19
9259,1007.68,18332.3,-2178.8,2026/01/29 23:09:19
9260,1007.79,18343.9,-2177.9,2026/01/29 23:09:19
9261,1007.9,18333.9,-2178,2026/01/29 23:09:19
9262,1008.01,18304.2,-2174.85,2026/01/29 23:09:20
9263,1008.11,18292.3,-2163.18,2026/01/29 23:09:20
9264,1008.22,18183.9,-2156.83,2026/01/29 23:09:20
9265,1008.33,18121.4,-2151.23,2026/01/29 23:09:20
9266,1008.44,18078,-2148.9,2026/01/29 23:09:20
9267,1008.55,18058.4,-2148.58,2026/01/29 23:09:20
9268,1008.66,18069.6,-2147.9,2026/01/29 23:09:20
9269,1008.77,18117.9,-2150.38,2026/01/29 23:09:20
9270,1008.88,18278.7,-2149.19,2026/01/29 23:09:20
9271,1008.99,18267.6,-2161.4,2026/01/29 23:09:21
9272,1009.09,18323.6,-2170.73,2026/01/29 23:09:21
9273,1009.2,18334.4,-2177.84,2026/01/29 23:09:21
9274,1009.31,18344.3,-2179.66,2026/01/29 23:09:21
9275,1009.42,18331,-2178.1,2026/01/29 23:09:21
9276,1009.53,18308.9,-2175.13,2026/01/29 23:09:21
9277,1009.64,18311.3,-2170.7,2026/01/29 23:09:21
9278,1009.75,18233.2,-2161.77,2026/01/29 23:09:21
9279,1009.86,18141.9,-2152.4,2026/01/29 23:09:21
9280,1009.96,18087.6,-2150.05,2026/01/29 23:09:22
9281,1010.07,18069.2,-2146.2,2026/01/29 23:09:22
9282,1010.18,18059.1,-2150.73,2026/01/29 23:09:22
9283,1010.29,18086.8,-2145.41,2026/01/29 23:09:22
9284,1010.4,18115.8,-2147.92,2026/01/29 23:09:22
9285,1010.51,18126.6,-2143.88,2026/01/29 23:09:22
9286,1010.62,18187.3,-2154.73,2026/01/29 23:09:22
9287,1010.73,18250.3,-2153.71,2026/01/29 23:09:22
9288,1010.84,18296.2,-2166.3,2026/01/29 23:09:22
9289,1010.94,18340.6,-2179.55,2026/01/29 23:09:22
9290,1011.05,18388.9,-2185.5,2026/01/29 23:09:23
9291,1011.16,18396.9,-2187.26,2026/01/29 23:09:23
9292,1011.27,18409.3,-2190.28,2026/01/29 23:09:23
9293,1011.38,18406.5,-2190.1,2026/01/29 23:09:23
9294,1011.49,18398.7,-2191.39,2026/01/29 23:09:23
9295,1011.6,18369.1,-2184.59,2026/01/29 23:09:23
9296,1011.71,18292,-2175.77,2026/01/29 23:09:23
9297,1011.81,18320.4,-2171.29,2026/01/29 23:09:23
9298,1011.92,18229.8,-2162.72,2026/01/29 23:09:23
9299,1012.03,18148,-2152.11,2026/01/29 23:09:24
9300,1012.14,18108.1,-2154.56,2026/01/29 23:09:24
9301,1012.25,18100.5,-2148.17,2026/01/29 23:09:24
9302,1012.36,18079.9,-2149.82,2026/01/29 23:09:24
9303,1012.47,18067.3,-2149.03,2026/01/29 23:09:24
9304,1012.58,18077.2,-2148.23,2026/01/29 23:09:24
9305,1012.69,18142.3,-2151.7,2026/01/29 23:09:24
9306,1012.79,18279.3,-2150.65,2026/01/29 23:09:24
9307,1012.9,18262.1,-2157.33,2026/01/29 23:09:24
9308,1013.01,18307.4,-2168.55,2026/01/29 23:09:25
9309,1013.12,18348.6,-2179.74,2026/01/29 23:09:25
9310,1013.23,18380.9,-2182.86,2026/01/29 23:09:25
9311,1013.34,18379.7,-2182.63,2026/01/29 23:09:25
9312,1013.45,18355.5,-2182.27,2026/01/29 23:09:25
9313,1013.56,18318.9,-2175.14,2026/01/29 23:09:25
9314,1013.66,18320.7,-2172.57,2026/01/29 23:09:25
9315,1013.77,18252.9,-2163.12,2026/01/29 23:09:25
9316,1013.88,18177.6,-2155.08,2026/01/29 23:09:25
9317,1013.99,18123.3,-2154.78,2026/01/29 23:09:26
9318,1014.1,18116.8,-2151.14,2026/01/29 23:09:26
9319,1014.21,18105.7,-2150.56,2026/01/29 23:09:26
9320,1014.32,18092.1,-2148.19,2026/01/29 23:09:26
9321,1014.43,18130,-2153.66,2026/01/29 23:09:26
9322,1014.54,18265.1,-2151.67,2026/01/29 23:09:26
9323,1014.64,18267.9,-2159.26,2026/01/29 23:09:26
9324,1014.75,18294,-2163.24,2026/01/29 23:09:26
9325,1014.86,18341.8,-2177.45,2026/01/29 23:09:26
9326,1014.97,18381,-2183.53,2026/01/29 23:09:27
9327,1015.08,18409.5,-2188.87,2026/01/29 23:09:27
9328,1015.19,18413.8,-2190.73,2026/01/29 23:09:27
9329,1015.3,18423.5,-2190.6,2026/01/29 23:09:27
9330,1015.41,18413.6,-2192.81,2026/01/29 23:09:27
9331,1015.52,18413.5,-2189.59,2026/01/29 23:09:27
9332,1015.63,18393.4,-2190.82,2026/01/29 23:09:27
9333,1015.74,18373.7,-2185.1,2026/01/29 23:09:27
9334,1015.84,18322.9,-2178.71,2026/01/29 23:09:27
9335,1015.95,18316.1,-2175.79,2026/01/29 23:09:28
9336,1016.06,18294.5,-2166.02,2026/01/29 23:09:28
9337,1016.17,18231.6,-2160.68,2026/01/29 23:09:28
9338,1016.28,18201.7,-2161.02,2026/01/29 23:09:28
9339,1016.39,18174.5,-2157.83,2026/01/29 23:09:28
9340,1016.5,18155.8,-2156.36,2026/01/29 23:09:28
9341,1016.61,18129.9,-2154.83,2026/01/29 23:09:28
9342,1016.72,18109.5,-2150.41,2026/01/29 23:09:28
9343,1016.82,18077.3,-2150.11,2026/01/29 23:09:28
9344,1016.93,18054.5,-2150.04,2026/01/29 23:09:28
9345,1017.04,18047.6,-2148.98,2026/01/29 23:09:29
9346,1017.15,18058.2,-2151.33,2026/01/29 23:09:29
9347,1017.26,18097.8,-2146.02,2026/01/29 23:09:29
9348,1017.37,18137.5,-2149.46,2026/01/29 23:09:29
9349,1017.48,18178.8,-2147.3,2026/01/29 23:09:29
9350,1017.59,18207.1,-2151.04,2026/01/29 23:09:29
9351,1017.7,18251.5,-2153.14,2026/01/29 23:09:29
9352,1017.8,18301.9,-2151.86,2026/01/29 23:09:29
9353,1017.91,18286.6,-2155.67,2026/01/29 23:09:29
9354,1018.02,18277.8,-2157.63,2026/01/29 23:09:30
9355,1018.13,18271.9,-2163.46,2026/01/29 23:09:30
9356,1018.24,18288.3,-2163.78,2026/01/29 23:09:30
9357,1018.35,18290.1,-2168.94,2026/01/29 23:09:30
9358,1018.46,18308.2,-2170.3,2026/01/29 23:09:30
9359,1018.56,18333.3,-2175.73,2026/01/29 23:09:30
9360,1018.67,18355.1,-2178.54,2026/01/29 23:09:30
9361,1018.78,18376.8,-2184.19,2026/01/29 23:09:30
9362,1018.89,18394.8,-2188.48,2026/01/29 23:09:30
9363,1019,18401.7,-2189.35,2026/01/29 23:09:31
9364,1019.11,18399.2,-2189.48,2026/01/29 23:09:31
9365,1019.22,18400.2,-2190.55,2026/01/29 23:09:31
9366,1019.33,18394.3,-2189.53,2026/01/29 23:09:31
9367,1019.44,18375.3,-2189.15,2026/01/29 23:09:31
9368,1019.54,18345,-2180.59,2026/01/29 23:09:31
9369,1019.65,18307.4,-2179.99,2026/01/29 23:09:31
9370,1019.76,18328.8,-2174.39,2026/01/29 23:09:31
9371,1019.87,18321.6,-2175.82,2026/01/29 23:09:31
9372,1019.98,18277.2,-2166.5,2026/01/29 23:09:32
9373,1020.09,18238.5,-2167.18,2026/01/29 23:09:32
9374,1020.19,18213.8,-2162.82,2026/01/29 23:09:32
9375,1020.3,18186.5,-2160.64,2026/01/29 23:09:32
9376,1020.41,18159.2,-2159.9,2026/01/29 23:09:32
9377,1020.52,18141.8,-2156.69,2026/01/29 23:09:32
9378,1020.63,18126.1,-2154.73,2026/01/29 23:09:32
9379,1020.74,18123.6,-2155.2,2026/01/29 23:09:32
9380,1020.85,18113.9,-2149.41,2026/01/29 23:09:32
9381,1020.95,18097.5,-2152.98,2026/01/29 23:09:33
9382,1021.06,18093,-2149.43,2026/01/29 23:09:33
9383,1021.17,18084.8,-2152.84,2026/01/29 23:09:33
9384,1021.28,18095.5,-2147.41,2026/01/29 23:09:33
9385,1021.39,18101.2,-2152.38,2026/01/29 23:09:33
9386,1021.5,18134.2,-2148.06,2026/01/29 23:09:33
9387,1021.61,18213.8,-2154.59,2026/01/29 23:09:33
9388,1021.72,18286.3,-2153.52,2026/01/29 23:09:33
9389,1021.83,18290.3,-2155.51,2026/01/29 23:09:33
9390,1021.94,18274.2,-2163.36,2026/01/29 23:09:33
9391,1022.04,18291.1,-2164.69,2026/01/29 23:09:34
9392,1022.15,18300.2,-2172.74,2026/01/29 23:09:34
9393,1022.26,18330.2,-2175.74,2026/01/29 23:09:34
9394,1022.37,18350.1,-2182.5,2026/01/29 23:09:34
9395,1022.48,18385.8,-2184.9,2026/01/29 23:09:34
9396,1022.59,18402.4,-2189.83,2026/01/29 23:09:34
9397,1022.7,18413.2,-2190.9,2026/01/29 23:09:34
9398,1022.81,18415.5,-2194.34,2026/01/29 23:09:34
9399,1022.92,18417.3,-2193.05,2026/01/29 23:09:34
9400,1023.03,18419.1,-2194.26,2026/01/29 23:09:35
9401,1023.13,18412,-2192.96,2026/01/29 23:09:35
9402,1023.24,18409,-2193.78,2026/01/29 23:09:35
9403,1023.35,18400.7,-2192.88,2026/01/29 23:09:35
9404,1023.46,18391.8,-2191.08,2026/01/29 23:09:35
9405,1023.57,18365.7,-2187.06,2026/01/29 23:09:35
9406,1023.68,18336.4,-2182.65,2026/01/29 23:09:35
9407,1023.79,18311.1,-2180.91,2026/01/29 23:09:35
9408,1023.9,18330.8,-2176.16,2026/01/29 23:09:35
9409,1024.01,18274.7,-2166.95,2026/01/29 23:09:36
9410,1024.12,18234.8,-2164.67,2026/01/29 23:09:36
9411,1024.23,18213,-2161.98,2026/01/29 23:09:36
9412,1024.33,18190.4,-2162.33,2026/01/29 23:09:36
9413,1024.44,18171.4,-2157.62,2026/01/29 23:09:36
9414,1024.55,18149.4,-2159.93,2026/01/29 23:09:36
9415,1024.66,18132.6,-2155.6,2026/01/29 23:09:36
9416,1024.77,18116.6,-2152.22,2026/01/29 23:09:36
9417,1024.88,18098,-2152.44,2026/01/29 23:09:36
9418,1024.98,18085.1,-2150.26,2026/01/29 23:09:37
9419,1025.09,18082.9,-2150.5,2026/01/29 23:09:37
9420,1025.2,18106,-2151.11,2026/01/29 23:09:37
9421,1025.31,18111.2,-2149.28,2026/01/29 23:09:37
9422,1025.42,18117.9,-2148.48,2026/01/29 23:09:37
9423,1025.53,18113.3,-2149.57,2026/01/29 23:09:37
9424,1025.64,18112.5,-2150.16,2026/01/29 23:09:37
9425,1025.75,18146.3,-2151.64,2026/01/29 23:09:37
9426,1025.86,18212.1,-2154.7,2026/01/29 23:09:37
9427,1025.97,18276.3,-2154.3,2026/01/29 23:09:38
9428,1026.07,18302.8,-2158.18,2026/01/29 23:09:38
9429,1026.18,18290.9,-2157.56,2026/01/29 23:09:38
9430,1026.29,18280.8,-2163.85,2026/01/29 23:09:38
9431,1026.4,18288.1,-2167.21,2026/01/29 23:09:38
9432,1026.51,18296.8,-2168.92,2026/01/29 23:09:38
9433,1026.62,18312,-2175.77,2026/01/29 23:09:38
9434,1026.73,18335.1,-2174.63,2026/01/29 23:09:38
9435,1026.84,18343,-2181.34,2026/01/29 23:09:38
9436,1026.94,18371.8,-2183.04,2026/01/29 23:09:38
9437,1027.05,18386.4,-2188.36,2026/01/29 23:09:39
9438,1027.16,18405,-2189.2,2026/01/29 23:09:39
9439,1027.27,18400.7,-2191.66,2026/01/29 23:09:39
9440,1027.38,18399.8,-2189.32,2026/01/29 23:09:39
9441,1027.49,18394.7,-2191.51,2026/01/29 23:09:39
9442,1027.6,18386,-2188.48,2026/01/29 23:09:39
9443,1027.71,18379,-2189.15,2026/01/29 23:09:39
9444,1027.82,18362,-2186.86,2026/01/29 23:09:39
9445,1027.93,18351.9,-2185.75,2026/01/29 23:09:39
9446,1028.03,18332,-2182.02,2026/01/29 23:09:40
9447,1028.14,18312.3,-2179.53,2026/01/29 23:09:40
9448,1028.25,18327.6,-2174.84,2026/01/29 23:09:40
9449,1028.36,18319.8,-2175.11,2026/01/29 23:09:40
9450,1028.47,18284,-2165.98,2026/01/29 23:09:40
9451,1028.58,18244.4,-2168.33,2026/01/29 23:09:40
9452,1028.69,18227.5,-2163.07,2026/01/29 23:09:40
9453,1028.79,18197.4,-2162.53,2026/01/29 23:09:40
9454,1028.9,18174.6,-2159.81,2026/01/29 23:09:40
9455,1029.01,18150.9,-2159,2026/01/29 23:09:41
9456,1029.12,18132.9,-2155.29,2026/01/29 23:09:41
9457,1029.23,18114.4,-2153.6,2026/01/29 23:09:41
9458,1029.34,18100,-2153.7,2026/01/29 23:09:41
9459,1029.45,18086.2,-2151.22,2026/01/29 23:09:41
9460,1029.56,18079.6,-2152.67,2026/01/29 23:09:41
9461,1029.66,18092.9,-2152.25,2026/01/29 23:09:41
9462,1029.77,18111.1,-2150.6,2026/01/29 23:09:41
9463,1029.88,18141.6,-2151.43,2026/01/29 23:09:41
9464,1029.99,18192.3,-2150.93,2026/01/29 23:09:42
9465,1030.1,18232.4,-2156.24,2026/01/29 23:09:42
9466,1030.21,18290,-2153.36,2026/01/29 23:09:42
9467,1030.32,18301.5,-2158.44,2026/01/29 23:09:42
9468,1030.43,18312.7,-2154.55,2026/01/29 23:09:42
9469,1030.54,18292.8,-2163.37,2026/01/29 23:09:42
9470,1030.64,18293.8,-2160.74,2026/01/29 23:09:42
9471,1030.75,18289.3,-2166.98,2026/01/29 23:09:42
9472,1030.86,18297.3,-2168.35,2026/01/29 23:09:42
9473,1030.97,18306.5,-2170.53,2026/01/29 23:09:43
9474,1031.08,18314.8,-2173.14,2026/01/29 23:09:43
9475,1031.19,18336.2,-2176.2,2026/01/29 23:09:43
9476,1031.3,18343.8,-2180.26,2026/01/29 23:09:43
9477,1031.41,18364.4,-2182.88,2026/01/29 23:09:43
9478,1031.52,18373.3,-2185.26,2026/01/29 23:09:43
9479,1031.63,18384.8,-2189.61,2026/01/29 23:09:43
9480,1031.73,18389,-2189.73,2026/01/29 23:09:43
9481,1031.84,18393.9,-2192.45,2026/01/29 23:09:43
9482,1031.95,18406.8,-2191.85,2026/01/29 23:09:43
9483,1032.06,18408.7,-2197.57,2026/01/29 23:09:44
9484,1032.17,18414.8,-2193.02,2026/01/29 23:09:44
9485,1032.28,18403.9,-2197.52,2026/01/29 23:09:44
9486,1032.39,18401.7,-2192.92,2026/01/29 23:09:44
9487,1032.49,18383,-2193.55,2026/01/29 23:09:44
9488,1032.6,18364.9,-2189.82,2026/01/29 23:09:44
9489,1032.71,18336.8,-2186.81,2026/01/29 23:09:44
9490,1032.82,18314.8,-2182.62,2026/01/29 23:09:44
9491,1032.93,18336.3,-2179.04,2026/01/29 23:09:44
9492,1033.04,18324.7,-2173.14,2026/01/29 23:09:45
9493,1033.15,18274.7,-2169.75,2026/01/29 23:09:45
9494,1033.26,18241.9,-2168.72,2026/01/29 23:09:45
9495,1033.36,18217.4,-2166.56,2026/01/29 23:09:45
9496,1033.47,18195.3,-2161.9,2026/01/29 23:09:45
9497,1033.58,18166.3,-2162.56,2026/01/29 23:09:45
9498,1033.69,18151.4,-2157.99,2026/01/29 23:09:45
9499,1033.8,18129.9,-2156.62,2026/01/29 23:09:45
9500,1033.91,18113.4,-2154.17,2026/01/29 23:09:45
9501,1034.01,18090.1,-2154.01,2026/01/29 23:09:46
9502,1034.12,18075.2,-2153.54,2026/01/29 23:09:46
9503,1034.23,18060.4,-2151.51,2026/01/29 23:09:46
9504,1034.34,18063.5,-2154,2026/01/29 23:09:46
9505,1034.45,18082.6,-2148.85,2026/01/29 23:09:46
9506,1034.56,18100.1,-2153.2,2026/01/29 23:09:46
9507,1034.67,18138.8,-2149.63,2026/01/29 23:09:46
9508,1034.78,18186.5,-2152.9,2026/01/29 23:09:46
9509,1034.88,18234,-2153.55,2026/01/29 23:09:46
9510,1034.99,18306.2,-2153.82,2026/01/29 23:09:47
9511,1035.1,18300.4,-2154.5,2026/01/29 23:09:47
9512,1035.21,18284.8,-2157.77,2026/01/29 23:09:47
9513,1035.32,18276.5,-2161.83,2026/01/29 23:09:47
9514,1035.43,18287.6,-2166.12,2026/01/29 23:09:47
9515,1035.54,18292.7,-2169.07,2026/01/29 23:09:47
9516,1035.65,18309.2,-2174.52,2026/01/29 23:09:47
9517,1035.76,18335.6,-2177.83,2026/01/29 23:09:47
9518,1035.87,18361.2,-2184.3,2026/01/29 23:09:47
9519,1035.97,18377.3,-2186.14,2026/01/29 23:09:48
9520,1036.08,18394.4,-2192.59,2026/01/29 23:09:48
9521,1036.19,18409.5,-2191.24,2026/01/29 23:09:48
9522,1036.3,18404.8,-2196.3,2026/01/29 23:09:48
9523,1036.41,18410.8,-2193.51,2026/01/29 23:09:48
9524,1036.52,18408.3,-2195.82,2026/01/29 23:09:48
9525,1036.63,18419.9,-2196.87,2026/01/29 23:09:48
9526,1036.73,18411.4,-2196.71,2026/01/29 23:09:48
9527,1036.84,18401,-2195.37,2026/01/29 23:09:48
9528,1036.95,18383.5,-2191.5,2026/01/29 23:09:48
9529,1037.06,18356.9,-2190.29,2026/01/29 23:09:49
9530,1037.17,18323.4,-2180.03,2026/01/29 23:09:49
9531,1037.28,18322,-2181.86,2026/01/29 23:09:49
9532,1037.39,18314.6,-2170.14,2026/01/29 23:09:49
9533,1037.49,18248.9,-2167.49,2026/01/29 23:09:49
9534,1037.6,18198.5,-2162.35,2026/01/29 23:09:49
9535,1037.71,18169.9,-2162.21,2026/01/29 23:09:49
9536,1037.82,18136.4,-2156.88,2026/01/29 23:09:49
9537,1037.93,18104.2,-2153.68,2026/01/29 23:09:49
9538,1038.04,18078.7,-2151.76,2026/01/29 23:09:50
9539,1038.15,18072.6,-2152.54,2026/01/29 23:09:50
9540,1038.26,18083.1,-2151.33,2026/01/29 23:09:50
9541,1038.37,18107.7,-2150.93,2026/01/29 23:09:50
9542,1038.48,18133.4,-2149.63,2026/01/29 23:09:50
9543,1038.59,18174.1,-2152.36,2026/01/29 23:09:50
9544,1038.7,18230.2,-2152.7,2026/01/29 23:09:50
9545,1038.8,18290.5,-2155.94,2026/01/29 23:09:50
9546,1038.91,18314.6,-2152.98,2026/01/29 23:09:50
9547,1039.02,18293.1,-2160.09,2026/01/29 23:09:51
9548,1039.13,18287.3,-2160.98,2026/01/29 23:09:51
9549,1039.24,18284.1,-2166.47,2026/01/29 23:09:51
9550,1039.35,18297.5,-2168.75,2026/01/29 23:09:51
9551,1039.46,18308.3,-2172.99,2026/01/29 23:09:51
9552,1039.57,18334.9,-2177.79,2026/01/29 23:09:51
9553,1039.67,18355.6,-2178.75,2026/01/29 23:09:51
9554,1039.78,18365.8,-2185.75,2026/01/29 23:09:51
9555,1039.89,18387.5,-2184.91,2026/01/29 23:09:51
9556,1040,18392.6,-2191.35,2026/01/29 23:09:52
9557,1040.11,18404.1,-2189.54,2026/01/29 23:09:52
9558,1040.22,18397.8,-2193.38,2026/01/29 23:09:52
9559,1040.33,18399.7,-2191.16,2026/01/29 23:09:52
9560,1040.44,18393.8,-2191.63,2026/01/29 23:09:52
9561,1040.55,18378.8,-2190.74,2026/01/29 23:09:52
9562,1040.65,18362.7,-2186.88,2026/01/29 23:09:52
9563,1040.76,18335.7,-2186.68,2026/01/29 23:09:52
9564,1040.87,18325,-2179.75,2026/01/29 23:09:52
9565,1040.98,18324.6,-2181.24,2026/01/29 23:09:53
9566,1041.09,18326.6,-2172.72,2026/01/29 23:09:53
9567,1041.2,18286.4,-2170.88,2026/01/29 23:09:53
9568,1041.31,18238.5,-2165.47,2026/01/29 23:09:53
9569,1041.41,18196,-2162.08,2026/01/29 23:09:53
9570,1041.52,18149.9,-2158.73,2026/01/29 23:09:53
9571,1041.63,18122.6,-2152.84,2026/01/29 23:09:53
9572,1041.74,18099.5,-2154.88,2026/01/29 23:09:53
9573,1041.85,18083.3,-2151.01,2026/01/29 23:09:53
9574,1041.96,18069.2,-2154.88,2026/01/29 23:09:54
9575,1042.07,18085,-2150.67,2026/01/29 23:09:54
9576,1042.17,18118.7,-2150.54,2026/01/29 23:09:54
9577,1042.28,18157.3,-2151.17,2026/01/29 23:09:54
9578,1042.39,18213.9,-2153.99,2026/01/29 23:09:54
9579,1042.5,18285.8,-2155.2,2026/01/29 23:09:54
9580,1042.61,18311.4,-2152.53,2026/01/29 23:09:54
9581,1042.72,18284.8,-2159.22,2026/01/29 23:09:54
9582,1042.83,18279.2,-2161.45,2026/01/29 23:09:54
9583,1042.94,18286.1,-2166.31,2026/01/29 23:09:54
9584,1043.05,18290.6,-2166.74,2026/01/29 23:09:55
9585,1043.15,18304.3,-2171.38,2026/01/29 23:09:55
9586,1043.26,18324.4,-2174.49,2026/01/29 23:09:55
9587,1043.37,18345.9,-2177.5,2026/01/29 23:09:55
9588,1043.48,18357.1,-2182.01,2026/01/29 23:09:55
9589,1043.59,18370.4,-2183.52,2026/01/29 23:09:55
9590,1043.7,18382.7,-2188.76,2026/01/29 23:09:55
9591,1043.81,18388.7,-2189.51,2026/01/29 23:09:55
9592,1043.91,18399.5,-2192.75,2026/01/29 23:09:55
9593,1044.02,18402.2,-2193.59,2026/01/29 23:09:56
9594,1044.13,18406.6,-2193.55,2026/01/29 23:09:56
9595,1044.24,18402.6,-2195.43,2026/01/29 23:09:56
9596,1044.35,18403.8,-2192.76,2026/01/29 23:09:56
9597,1044.46,18399.2,-2194.78,2026/01/29 23:09:56
9598,1044.57,18385.1,-2191.67,2026/01/29 23:09:56
9599,1044.68,18375.5,-2191.32,2026/01/29 23:09:56
9600,1044.78,18343.5,-2186.43,2026/01/29 23:09:56
9601,1044.89,18326.9,-2183.85,2026/01/29 23:09:56
9602,1045,18333,-2180.21,2026/01/29 23:09:57
9603,1045.11,18325.1,-2171.42,2026/01/29 23:09:57
9604,1045.22,18284.9,-2171.61,2026/01/29 23:09:57
9605,1045.33,18260.7,-2169,2026/01/29 23:09:57
9606,1045.44,18242.9,-2169.66,2026/01/29 23:09:57
9607,1045.55,18204.6,-2161.32,2026/01/29 23:09:57
9608,1045.65,18171.4,-2161,2026/01/29 23:09:57
9609,1045.76,18144.1,-2160.05,2026/01/29 23:09:57
9610,1045.87,18134.9,-2155.69,2026/01/29 23:09:57
9611,1045.98,18111.2,-2154.32,2026/01/29 23:09:58
9612,1046.09,18097.4,-2152,2026/01/29 23:09:58
9613,1046.2,18086.9,-2153.76,2026/01/29 23:09:58
9614,1046.31,18086.1,-2150.51,2026/01/29 23:09:58
9615,1046.41,18091.2,-2153.03,2026/01/29 23:09:58
9616,1046.52,18104.1,-2151.83,2026/01/29 23:09:58
9617,1046.63,18136,-2149.51,2026/01/29 23:09:58
9618,1046.74,18173.5,-2154.87,2026/01/29 23:09:58
9619,1046.85,18224.3,-2153.11,2026/01/29 23:09:58
9620,1046.96,18270.4,-2157.84,2026/01/29 23:09:59
9621,1047.07,18304.1,-2156.76,2026/01/29 23:09:59
9622,1047.18,18316.8,-2155.85,2026/01/29 23:09:59
9623,1047.28,18293.4,-2162.14,2026/01/29 23:09:59
9624,1047.39,18289.9,-2162.89,2026/01/29 23:09:59
9625,1047.5,18290.1,-2170.98,2026/01/29 23:09:59
9626,1047.61,18305.5,-2168.92,2026/01/29 23:09:59
9627,1047.72,18313.2,-2175.89,2026/01/29 23:09:59
9628,1047.83,18337.8,-2177.11,2026/01/29 23:09:59
9629,1047.94,18351.2,-2180.25,2026/01/29 23:09:59
9630,1048.04,18362.1,-2184.12,2026/01/29 23:10:00
9631,1048.16,18372.2,-2185.78,2026/01/29 23:10:00
9632,1048.26,18386,-2191.15,2026/01/29 23:10:00
9633,1048.37,18391.3,-2188.62,2026/01/29 23:10:00
9634,1048.48,18389.5,-2194.52,2026/01/29 23:10:00
9635,1048.59,18395.2,-2190.33,2026/01/29 23:10:00
9636,1048.7,18386.5,-2194.01,2026/01/29 23:10:00
9637,1048.81,18392.5,-2192.9,2026/01/29 23:10:00
9638,1048.92,18385.3,-2191.91,2026/01/29 23:10:00
9639,1049.03,18384.6,-2192.27,2026/01/29 23:10:01
9640,1049.13,18380.1,-2189.96,2026/01/29 23:10:01
9641,1049.24,18362.6,-2190.17,2026/01/29 23:10:01
9642,1049.35,18344.9,-2185.58,2026/01/29 23:10:01
9643,1049.46,18326.4,-2182.47,2026/01/29 23:10:01
9644,1049.57,18336.6,-2178.24,2026/01/29 23:10:01
9645,1049.68,18329,-2174.12,2026/01/29 23:10:01
9646,1049.79,18294.9,-2170.69,2026/01/29 23:10:01
9647,1049.89,18277.2,-2171.04,2026/01/29 23:10:01
9648,1050,18244.3,-2169.59,2026/01/29 23:10:02
9649,1050.11,18210.6,-2163.38,2026/01/29 23:10:02
9650,1050.22,18168,-2161.19,2026/01/29 23:10:02
9651,1050.33,18142.8,-2155.89,2026/01/29 23:10:02
9652,1050.44,18130.3,-2156.93,2026/01/29 23:10:02
9653,1050.55,18115,-2152.22,2026/01/29 23:10:02
9654,1050.66,18096.3,-2152.26,2026/01/29 23:10:02
9655,1050.76,18087.9,-2152.64,2026/01/29 23:10:02
9656,1050.88,18084.9,-2152.87,2026/01/29 23:10:02
9657,1050.98,18089.4,-2153.91,2026/01/29 23:10:03
9658,1051.09,18101.5,-2150.34,2026/01/29 23:10:03
9659,1051.2,18110.2,-2153.94,2026/01/29 23:10:03
9660,1051.31,18146.5,-2151.49,2026/01/29 23:10:03
9661,1051.42,18198.8,-2154.58,2026/01/29 23:10:03
9662,1051.53,18251.7,-2156.01,2026/01/29 23:10:03
9663,1051.64,18302.7,-2156.3,2026/01/29 23:10:03
9664,1051.74,18318.8,-2159.95,2026/01/29 23:10:03
9665,1051.85,18301.4,-2161.27,2026/01/29 23:10:03
9666,1051.96,18285.8,-2165.3,2026/01/29 23:10:04
9667,1052.07,18296,-2170.14,2026/01/29 23:10:04
9668,1052.18,18306.5,-2173.97,2026/01/29 23:10:04
9669,1052.29,18323,-2175.77,2026/01/29 23:10:04
9670,1052.4,18341.7,-2181.29,2026/01/29 23:10:04
9671,1052.51,18356.3,-2182.6,2026/01/29 23:10:04
9672,1052.61,18372.3,-2187.65,2026/01/29 23:10:04
9673,1052.72,18387.4,-2189.82,2026/01/29 23:10:04
9674,1052.83,18396.2,-2191.48,2026/01/29 23:10:04
9675,1052.94,18393.2,-2195.51,2026/01/29 23:10:04
9676,1053.05,18397.3,-2192.01,2026/01/29 23:10:05
9677,1053.16,18390,-2195.12,2026/01/29 23:10:05
9678,1053.27,18392.7,-2192.12,2026/01/29 23:10:05
9679,1053.38,18380,-2192.13,2026/01/29 23:10:05
9680,1053.48,18366.1,-2190.13,2026/01/29 23:10:05
9681,1053.59,18346.8,-2184.31,2026/01/29 23:10:05
9682,1053.7,18320,-2183.75,2026/01/29 23:10:05
9683,1053.81,18337.8,-2180.2,2026/01/29 23:10:05
9684,1053.92,18331.2,-2174.97,2026/01/29 23:10:05
9685,1054.03,18307.5,-2168.63,2026/01/29 23:10:06
9686,1054.14,18275.2,-2170.88,2026/01/29 23:10:06
9687,1054.24,18251.7,-2167.69,2026/01/29 23:10:06
9688,1054.35,18224.3,-2165.48,2026/01/29 23:10:06
9689,1054.46,18187.4,-2161.91,2026/01/29 23:10:06
9690,1054.57,18146.6,-2158.82,2026/01/29 23:10:06
9691,1054.68,18123.6,-2154.84,2026/01/29 23:10:06
9692,1054.79,18117,-2151.55,2026/01/29 23:10:06
9693,1054.9,18097.1,-2154.31,2026/01/29 23:10:06
9694,1055.01,18088.4,-2152.37,2026/01/29 23:10:07
9695,1055.12,18077.5,-2152.72,2026/01/29 23:10:07
9696,1055.23,18081.1,-2153.98,2026/01/29 23:10:07
9697,1055.33,18081.2,-2153.26,2026/01/29 23:10:07
9698,1055.44,18086.2,-2154.09,2026/01/29 23:10:07
9699,1055.55,18124.8,-2153.9,2026/01/29 23:10:07
9700,1055.66,18182.6,-2153.84,2026/01/29 23:10:07
9701,1055.77,18244,-2154.04,2026/01/29 23:10:07
9702,1055.88,18299.9,-2158.18,2026/01/29 23:10:07
9703,1055.99,18315.6,-2154.53,2026/01/29 23:10:08
9704,1056.09,18289.2,-2160.44,2026/01/29 23:10:08
9705,1056.2,18281.8,-2164.57,2026/01/29 23:10:08
9706,1056.31,18291.3,-2168.01,2026/01/29 23:10:08
9707,1056.42,18297.6,-2173.92,2026/01/29 23:10:08
9708,1056.53,18315.2,-2174.17,2026/01/29 23:10:08
9709,1056.64,18327.1,-2179.45,2026/01/29 23:10:08
9710,1056.75,18346.9,-2181.18,2026/01/29 23:10:08
9711,1056.85,18364.3,-2187.77,2026/01/29 23:10:08
9712,1056.96,18376.1,-2187.89,2026/01/29 23:10:09
9713,1057.07,18389,-2192.16,2026/01/29 23:10:09
9714,1057.18,18396.9,-2192.34,2026/01/29 23:10:09
9715,1057.29,18406.9,-2193.35,2026/01/29 23:10:09
9716,1057.4,18404.9,-2197.88,2026/01/29 23:10:09
9717,1057.51,18409.5,-2195.83,2026/01/29 23:10:09
9718,1057.61,18400.7,-2195.3,2026/01/29 23:10:09
9719,1057.72,18397.2,-2194.53,2026/01/29 23:10:09
9720,1057.83,18383.1,-2192.45,2026/01/29 23:10:09
9721,1057.94,18361.5,-2190.62,2026/01/29 23:10:09
9722,1058.05,18346.7,-2186.69,2026/01/29 23:10:10
9723,1058.16,18314.3,-2183.26,2026/01/29 23:10:10
9724,1058.27,18339.4,-2178.18,2026/01/29 23:10:10
9725,1058.37,18302.4,-2173.19,2026/01/29 23:10:10
9726,1058.48,18251.4,-2168.31,2026/01/29 23:10:10
9727,1058.59,18204.4,-2164.1,2026/01/29 23:10:10
9728,1058.7,18168.5,-2161.09,2026/01/29 23:10:10
9729,1058.81,18142.8,-2156.65,2026/01/29 23:10:10
9730,1058.92,18118.1,-2156.14,2026/01/29 23:10:10
9731,1059.03,18105.3,-2152.98,2026/01/29 23:10:11
9732,1059.14,18084.6,-2153.71,2026/01/29 23:10:11
9733,1059.24,18094.3,-2153.22,2026/01/29 23:10:11
9734,1059.35,18124.1,-2155.29,2026/01/29 23:10:11
9735,1059.46,18169.7,-2151.79,2026/01/29 23:10:11
9736,1059.57,18219.6,-2157.21,2026/01/29 23:10:11
9737,1059.68,18267.3,-2157.6,2026/01/29 23:10:11
9738,1059.79,18312.2,-2155.27,2026/01/29 23:10:11
9739,1059.9,18310.8,-2160.13,2026/01/29 23:10:11
9740,1060,18302.8,-2161.38,2026/01/29 23:10:12
9741,1060.11,18293.5,-2167.5,2026/01/29 23:10:12
9742,1060.22,18308.1,-2171.52,2026/01/29 23:10:12
9743,1060.33,18323.6,-2176.2,2026/01/29 23:10:12
9744,1060.44,18342.6,-2179.46,2026/01/29 23:10:12
9745,1060.55,18361.7,-2183.75,2026/01/29 23:10:12
9746,1060.65,18372.5,-2185.91,2026/01/29 23:10:12
9747,1060.77,18384.7,-2188.56,2026/01/29 23:10:12
9748,1060.87,18389.2,-2192.75,2026/01/29 23:10:12
9749,1060.98,18402.3,-2189.64,2026/01/29 23:10:13
9750,1061.09,18399.5,-2194.68,2026/01/29 23:10:13
9751,1061.2,18402.5,-2193.33,2026/01/29 23:10:13
9752,1061.31,18398,-2194.11,2026/01/29 23:10:13
9753,1061.42,18394.2,-2195.53,2026/01/29 23:10:13
9754,1061.53,18388.1,-2191.53,2026/01/29 23:10:13
9755,1061.63,18369.2,-2191.36,2026/01/29 23:10:13
9756,1061.74,18356.6,-2188.69,2026/01/29 23:10:13
9757,1061.85,18327.3,-2184.33,2026/01/29 23:10:13
9758,1061.96,18338.8,-2177.85,2026/01/29 23:10:14
9759,1062.07,18305.3,-2171.9,2026/01/29 23:10:14
9760,1062.18,18243.6,-2166.79,2026/01/29 23:10:14
9761,1062.29,18197.5,-2163.43,2026/01/29 23:10:14
9762,1062.39,18161.9,-2161.93,2026/01/29 23:10:14
9763,1062.5,18134.6,-2155.64,2026/01/29 23:10:14
9764,1062.61,18104.9,-2156.92,2026/01/29 23:10:14
9765,1062.72,18102.5,-2154.05,2026/01/29 23:10:14
9766,1062.83,18104.3,-2153.33,2026/01/29 23:10:14
9767,1062.94,18124.7,-2153.44,2026/01/29 23:10:14
9768,1063.05,18152.3,-2151.24,2026/01/29 23:10:15
9769,1063.15,18185.7,-2155.62,2026/01/29 23:10:15
9770,1063.26,18243.7,-2156.48,2026/01/29 23:10:15
9771,1063.37,18302.2,-2158.25,2026/01/29 23:10:15
9772,1063.48,18323.7,-2156.15,2026/01/29 23:10:15
9773,1063.59,18304.5,-2165.44,2026/01/29 23:10:15
9774,1063.7,18300.1,-2166.39,2026/01/29 23:10:15
9775,1063.81,18306.8,-2171.85,2026/01/29 23:10:15
9776,1063.92,18319.9,-2175.46,2026/01/29 23:10:15
9777,1064.02,18337.1,-2176.75,2026/01/29 23:10:16
9778,1064.13,18354.7,-2183.99,2026/01/29 23:10:16
9779,1064.24,18376.9,-2183.66,2026/01/29 23:10:16
9780,1064.35,18388.7,-2189.17,2026/01/29 23:10:16
9781,1064.46,18405.7,-2193.12,2026/01/29 23:10:16
9782,1064.57,18416.9,-2194.69,2026/01/29 23:10:16
9783,1064.68,18414.4,-2197.15,2026/01/29 23:10:16
9784,1064.78,18421.3,-2196.78,2026/01/29 23:10:16
9785,1064.89,18419.1,-2197.24,2026/01/29 23:10:16
9786,1065,18425.2,-2195.85,2026/01/29 23:10:17
9787,1065.11,18421.9,-2198.61,2026/01/29 23:10:17
9788,1065.22,18414.9,-2194.59,2026/01/29 23:10:17
9789,1065.32,18398,-2196.03,2026/01/29 23:10:17
9790,1065.43,18384.9,-2193.72,2026/01/29 23:10:17
9791,1065.54,18369.5,-2186.93,2026/01/29 23:10:17
9792,1065.65,18329.9,-2187.75,2026/01/29 23:10:17
9793,1065.76,18344.9,-2181.03,2026/01/29 23:10:17
9794,1065.87,18337,-2177.57,2026/01/29 23:10:17
9795,1065.98,18297.6,-2172.15,2026/01/29 23:10:18
9796,1066.09,18261.3,-2168.69,2026/01/29 23:10:18
9797,1066.19,18217.7,-2169.42,2026/01/29 23:10:18
9798,1066.3,18185.3,-2162.56,2026/01/29 23:10:18
9799,1066.41,18146.8,-2158.98,2026/01/29 23:10:18
9800,1066.52,18129.2,-2155.82,2026/01/29 23:10:18
9801,1066.63,18105.4,-2156.88,2026/01/29 23:10:18
9802,1066.74,18093.8,-2153.18,2026/01/29 23:10:18
9803,1066.85,18079.3,-2155.92,2026/01/29 23:10:18
9804,1066.96,18074.7,-2153.35,2026/01/29 23:10:19
9805,1067.06,18073.5,-2156.07,2026/01/29 23:10:19
9806,1067.17,18066.3,-2153.82,2026/01/29 23:10:19
9807,1067.28,18058.2,-2154.07,2026/01/29 23:10:19
9808,1067.39,18077.9,-2156.15,2026/01/29 23:10:19
9809,1067.5,18152.9,-2153.43,2026/01/29 23:10:19
9810,1067.61,18226.5,-2154.29,2026/01/29 23:10:19
9811,1067.71,18301.8,-2156.68,2026/01/29 23:10:19
9812,1067.82,18306.6,-2152.24,2026/01/29 23:10:19
9813,1067.93,18278.1,-2159.58,2026/01/29 23:10:19
9814,1068.04,18280.6,-2164.52,2026/01/29 23:10:20
9815,1068.15,18289.8,-2168.54,2026/01/29 23:10:20
9816,1068.26,18303.1,-2170.74,2026/01/29 23:10:20
9817,1068.36,18323.3,-2176.39,2026/01/29 23:10:20
9818,1068.47,18342.1,-2178.03,2026/01/29 23:10:20
9819,1068.58,18366.6,-2182.96,2026/01/29 23:10:20
9820,1068.69,18381,-2186.42,2026/01/29 23:10:20
9821,1068.8,18399.8,-2187.25,2026/01/29 23:10:20
9822,1068.91,18400.8,-2193.92,2026/01/29 23:10:20
9823,1069.02,18409.2,-2191.4,2026/01/29 23:10:21
9824,1069.13,18409.8,-2194.96,2026/01/29 23:10:21
9825,1069.24,18416.1,-2194.39,2026/01/29 23:10:21
9826,1069.34,18408.8,-2194.09,2026/01/29 23:10:21
9827,1069.45,18392.2,-2195.88,2026/01/29 23:10:21
9828,1069.56,18374.9,-2188.19,2026/01/29 23:10:21
9829,1069.67,18324.1,-2183.36,2026/01/29 23:10:21
9830,1069.78,18348.1,-2180.92,2026/01/29 23:10:21
9831,1069.89,18342.7,-2177.21,2026/01/29 23:10:21
9832,1069.99,18290.4,-2170.29,2026/01/29 23:10:22
9833,1070.1,18244.5,-2169.6,2026/01/29 23:10:22
9834,1070.21,18199.9,-2161.95,2026/01/29 23:10:22
9835,1070.32,18170.2,-2160.6,2026/01/29 23:10:22
9836,1070.43,18143.4,-2160.16,2026/01/29 23:10:22
9837,1070.54,18120.8,-2151.99,2026/01/29 23:10:22
9838,1070.65,18110.3,-2156.97,2026/01/29 23:10:22
9839,1070.75,18110.3,-2153.74,2026/01/29 23:10:22
9840,1070.86,18114.9,-2152.88,2026/01/29 23:10:22
9841,1070.97,18117.1,-2155.88,2026/01/29 23:10:23
9842,1071.08,18116.9,-2149.48,2026/01/29 23:10:23
9843,1071.19,18099.4,-2154.06,2026/01/29 23:10:23
9844,1071.3,18143.3,-2155.94,2026/01/29 23:10:23
9845,1071.4,18225.5,-2156.53,2026/01/29 23:10:23
9846,1071.51,18298,-2158.26,2026/01/29 23:10:23
9847,1071.62,18313.8,-2155.78,2026/01/29 23:10:23
9848,1071.73,18292.1,-2161.15,2026/01/29 23:10:23
9849,1071.84,18292.5,-2165.34,2026/01/29 23:10:23
9850,1071.95,18298.9,-2170.5,2026/01/29 23:10:23
9851,1072.06,18310.2,-2170.18,2026/01/29 23:10:24
9852,1072.16,18321.9,-2177.67,2026/01/29 23:10:24
9853,1072.27,18344.9,-2177.84,2026/01/29 23:10:24
9854,1072.38,18360.7,-2183.02,2026/01/29 23:10:24
9855,1072.49,18385.8,-2187.12,2026/01/29 23:10:24
9856,1072.6,18401,-2190.96,2026/01/29 23:10:24
9857,1072.71,18411.7,-2194.44,2026/01/29 23:10:24
9858,1072.82,18417.3,-2194.53,2026/01/29 23:10:24
9859,1072.93,18413.2,-2197.77,2026/01/29 23:10:24
9860,1073.04,18412.4,-2193.2,2026/01/29 23:10:25
9861,1073.15,18393.7,-2194.97,2026/01/29 23:10:25
9862,1073.25,18386.3,-2192.71,2026/01/29 23:10:25
9863,1073.36,18362.2,-2188.21,2026/01/29 23:10:25
9864,1073.47,18325.3,-2183.34,2026/01/29 23:10:25
9865,1073.58,18346.2,-2179.71,2026/01/29 23:10:25
9866,1073.69,18324.5,-2170.68,2026/01/29 23:10:25
9867,1073.8,18271.4,-2169.75,2026/01/29 23:10:25
9868,1073.91,18217.6,-2165.27,2026/01/29 23:10:25
9869,1074.02,18171.9,-2158.79,2026/01/29 23:10:26
9870,1074.12,18138.9,-2161.53,2026/01/29 23:10:26
9871,1074.23,18124.1,-2154.41,2026/01/29 23:10:26
9872,1074.34,18105.7,-2155.76,2026/01/29 23:10:26
9873,1074.45,18097.3,-2154.53,2026/01/29 23:10:26
9874,1074.56,18105.4,-2154.72,2026/01/29 23:10:26
9875,1074.67,18117.1,-2154.74,2026/01/29 23:10:26
9876,1074.78,18123.6,-2150.82,2026/01/29 23:10:26
9877,1074.89,18148.7,-2156.41,2026/01/29 23:10:26
9878,1075,18218.2,-2155.03,2026/01/29 23:10:27
9879,1075.1,18286.7,-2156.46,2026/01/29 23:10:27
9880,1075.21,18327.7,-2156.37,2026/01/29 23:10:27
9881,1075.32,18302,-2160.03,2026/01/29 23:10:27
9882,1075.43,18295.9,-2166.39,2026/01/29 23:10:27
9883,1075.54,18310.2,-2170.74,2026/01/29 23:10:27
9884,1075.65,18323,-2174.6,2026/01/29 23:10:27
9885,1075.76,18358.3,-2179.73,2026/01/29 23:10:27
9886,1075.86,18373,-2185.28,2026/01/29 23:10:27
9887,1075.97,18387.7,-2184.92,2026/01/29 23:10:28
9888,1076.08,18391.4,-2190.73,2026/01/29 23:10:28
9889,1076.19,18393.1,-2190.7,2026/01/29 23:10:28
9890,1076.3,18388.8,-2190.17,2026/01/29 23:10:28
9891,1076.41,18387.4,-2191.65,2026/01/29 23:10:28
9892,1076.52,18388.5,-2188.14,2026/01/29 23:10:28
9893,1076.62,18373.6,-2192.12,2026/01/29 23:10:28
9894,1076.73,18369.9,-2188.37,2026/01/29 23:10:28
9895,1076.84,18338.3,-2182.6,2026/01/29 23:10:28
9896,1076.95,18338.2,-2180.79,2026/01/29 23:10:28
9897,1077.06,18346.5,-2175,2026/01/29 23:10:29
9898,1077.17,18295.6,-2171.53,2026/01/29 23:10:29
9899,1077.28,18253.4,-2168.94,2026/01/29 23:10:29
9900,1077.39,18206.7,-2163.81,2026/01/29 23:10:29
9901,1077.49,18171.1,-2160.31,2026/01/29 23:10:29
9902,1077.6,18144.5,-2157.85,2026/01/29 23:10:29
9903,1077.71,18120.1,-2153.31,2026/01/29 23:10:29
9904,1077.82,18087.5,-2156.36,2026/01/29 23:10:29
9905,1077.93,18053,-2152.71,2026/01/29 23:10:29
9906,1078.04,18012.8,-2156.94,2026/01/29 23:10:30
9907,1078.15,17998.2,-2155.06,2026/01/29 23:10:30
9908,1078.26,18023.2,-2153.81,2026/01/29 23:10:30
9909,1078.37,18068.1,-2153.6,2026/01/29 23:10:30
9910,1078.47,18114.6,-2147.92,2026/01/29 23:10:30
9911,1078.58,18145.4,-2148.72,2026/01/29 23:10:30
9912,1078.69,18211.9,-2149.47,2026/01/29 23:10:30
9913,1078.8,18280,-2150.06,2026/01/29 23:10:30
9914,1078.91,18329.6,-2151.43,2026/01/29 23:10:30
9915,1079.02,18300.2,-2150.62,2026/01/29 23:10:31
9916,1079.13,18275.9,-2157.61,2026/01/29 23:10:31
9917,1079.23,18282.2,-2158.84,2026/01/29 23:10:31
9918,1079.34,18282.2,-2164.04,2026/01/29 23:10:31
9919,1079.45,18295.7,-2166.69,2026/01/29 23:10:31
9920,1079.56,18308.9,-2174.31,2026/01/29 23:10:31
9921,1079.67,18339.9,-2176.26,2026/01/29 23:10:31
9922,1079.78,18366.4,-2183.02,2026/01/29 23:10:31
9923,1079.89,18382,-2185.13,2026/01/29 23:10:31
9924,1080,18390.4,-2189.91,2026/01/29 23:10:32
9925,1080.11,18394,-2190.4,2026/01/29 23:10:32
9926,1080.21,18397,-2187.98,2026/01/29 23:10:32
9927,1080.32,18389.8,-2191.54,2026/01/29 23:10:32
9928,1080.43,18393.5,-2189.53,2026/01/29 23:10:32
9929,1080.54,18379,-2188.53,2026/01/29 23:10:32
9930,1080.65,18362.5,-2187.75,2026/01/29 23:10:32
9931,1080.76,18333.6,-2181.29,2026/01/29 23:10:32
9932,1080.86,18339.6,-2180.6,2026/01/29 23:10:32
9933,1080.97,18347.4,-2174.18,2026/01/29 23:10:33
9934,1081.08,18302.8,-2169.84,2026/01/29 23:10:33
9935,1081.19,18269.8,-2169.58,2026/01/29 23:10:33
9936,1081.3,18237.2,-2167.91,2026/01/29 23:10:33
9937,1081.41,18192.6,-2161.12,2026/01/29 23:10:33
9938,1081.52,18161.9,-2162.01,2026/01/29 23:10:33
9939,1081.63,18136,-2154.48,2026/01/29 23:10:33
9940,1081.73,18110.5,-2154.44,2026/01/29 23:10:33
9941,1081.84,18084.2,-2153.1,2026/01/29 23:10:33
9942,1081.95,18065.6,-2150.92,2026/01/29 23:10:33
9943,1082.06,18046.5,-2156.03,2026/01/29 23:10:34
9944,1082.17,18031.9,-2151.74,2026/01/29 23:10:34
9945,1082.28,18025.3,-2153.74,2026/01/29 23:10:34
9946,1082.39,18042.2,-2152.52,2026/01/29 23:10:34
9947,1082.5,18070.6,-2149.55,2026/01/29 23:10:34
9948,1082.6,18116.7,-2153.1,2026/01/29 23:10:34
9949,1082.71,18187.3,-2148.85,2026/01/29 23:10:34
9950,1082.82,18237.7,-2152.72,2026/01/29 23:10:34
9951,1082.93,18290.1,-2153.71,2026/01/29 23:10:34
9952,1083.04,18333,-2151.16,2026/01/29 23:10:35
9953,1083.15,18296,-2154.46,2026/01/29 23:10:35
9954,1083.26,18281.7,-2159.15,2026/01/29 23:10:35
9955,1083.37,18283.3,-2161,2026/01/29 23:10:35
9956,1083.48,18290.4,-2165.8,2026/01/29 23:10:35
9957,1083.58,18301.3,-2168.01,2026/01/29 23:10:35
9958,1083.69,18315.4,-2174.3,2026/01/29 23:10:35
9959,1083.8,18346.9,-2181.24,2026/01/29 23:10:35
9960,1083.91,18368.2,-2182.79,2026/01/29 23:10:35
9961,1084.02,18380.3,-2190.92,2026/01/29 23:10:36
9962,1084.13,18391.3,-2189.19,2026/01/29 23:10:36
9963,1084.24,18389.8,-2192.24,2026/01/29 23:10:36
9964,1084.35,18394.7,-2192.68,2026/01/29 23:10:36
9965,1084.45,18394.7,-2192.04,2026/01/29 23:10:36
9966,1084.56,18391.9,-2196.06,2026/01/29 23:10:36
9967,1084.67,18395.7,-2191.42,2026/01/29 23:10:36
9968,1084.78,18379.3,-2190.74,2026/01/29 23:10:36
9969,1084.89,18356.9,-2187.32,2026/01/29 23:10:36
9970,1085,18330,-2182.89,2026/01/29 23:10:37
9971,1085.1,18348.8,-2176.6,2026/01/29 23:10:37
9972,1085.21,18300,-2172.3,2026/01/29 23:10:37
9973,1085.32,18257.2,-2169.82,2026/01/29 23:10:37
9974,1085.43,18227,-2167.07,2026/01/29 23:10:37
9975,1085.54,18184.7,-2164.13,2026/01/29 23:10:37
9976,1085.65,18158,-2157.5,2026/01/29 23:10:37
9977,1085.76,18120.5,-2157.3,2026/01/29 23:10:37
9978,1085.86,18085.1,-2151.78,2026/01/29 23:10:37
9979,1085.97,18052.4,-2152.39,2026/01/29 23:10:38
9980,1086.08,18035.6,-2154.09,2026/01/29 23:10:38
9981,1086.19,18036.6,-2150.14,2026/01/29 23:10:38
9982,1086.3,18007.1,-2154.92,2026/01/29 23:10:38
9983,1086.41,18027.3,-2153.08,2026/01/29 23:10:38
9984,1086.52,18092.1,-2150.85,2026/01/29 23:10:38
9985,1086.62,18146.8,-2150.53,2026/01/29 23:10:38
9986,1086.73,18224.5,-2149.31,2026/01/29 23:10:38
9987,1086.84,18296.6,-2154.58,2026/01/29 23:10:38
9988,1086.95,18283.3,-2150.5,2026/01/29 23:10:38
9989,1087.06,18265.6,-2156.95,2026/01/29 23:10:39
9990,1087.17,18275,-2161.97,2026/01/29 23:10:39
9991,1087.28,18283,-2166.5,2026/01/29 23:10:39
9992,1087.38,18294.6,-2169.42,2026/01/29 23:10:39
9993,1087.49,18306.5,-2174.84,2026/01/29 23:10:39
9994,1087.6,18328.1,-2176.48,2026/01/29 23:10:39
9995,1087.71,18352.5,-2182.9,2026/01/29 23:10:39
9996,1087.82,18366.2,-2183.94,2026/01/29 23:10:39
9997,1087.93,18377,-2187.51,2026/01/29 23:10:39
9998,1088.04,18377.3,-2191.8,2026/01/29 23:10:40
9999,1088.15,18384.1,-2187.13,2026/01/29 23:10:40
10000,1088.26,18380,-2191.64,2026/01/29 23:10:40
10001,1088.37,18385.6,-2189.48,2026/01/29 23:10:40
10002,1088.48,18379.1,-2190.77,2026/01/29 23:10:40
10003,1088.58,18369.7,-2190.09,2026/01/29 23:10:40
10004,1088.69,18345.4,-2185.5,2026/01/29 23:10:40
10005,1088.8,18324.8,-2183.62,2026/01/29 23:10:40
10006,1088.91,18354.9,-2176.41,2026/01/29 23:10:40
10007,1089.02,18322.2,-2172.24,2026/01/29 23:10:41
10008,1089.13,18287.3,-2171.08,2026/01/29 23:10:41
10009,1089.24,18246.4,-2166.86,2026/01/29 23:10:41
10010,1089.35,18210.6,-2164.25,2026/01/29 23:10:41
10011,1089.45,18178.8,-2161.11,2026/01/29 23:10:41
10012,1089.56,18162.5,-2158.31,2026/01/29 23:10:41
10013,1089.67,18144.3,-2157.29,2026/01/29 23:10:41
10014,1089.78,18122.4,-2153.01,2026/01/29 23:10:41
10015,1089.89,18120.3,-2153.52,2026/01/29 23:10:41
10016,1090,18097.1,-2156.09,2026/01/29 23:10:42
10017,1090.11,18082.8,-2150.35,2026/01/29 23:10:42
10018,1090.22,18074,-2154.93,2026/01/29 23:10:42
10019,1090.32,18075.1,-2152.28,2026/01/29 23:10:42
10020,1090.43,18057.4,-2150.42,2026/01/29 23:10:42
10021,1090.54,18054.7,-2154.16,2026/01/29 23:10:42
10022,1090.65,18088.2,-2149.87,2026/01/29 23:10:42
10023,1090.76,18136.5,-2153.31,2026/01/29 23:10:42
10024,1090.87,18250.7,-2153.73,2026/01/29 23:10:42
10025,1090.97,18318.3,-2150.7,2026/01/29 23:10:43
10026,1091.09,18279.1,-2157.36,2026/01/29 23:10:43
10027,1091.19,18281,-2162.04,2026/01/29 23:10:43
10028,1091.3,18283.5,-2164.31,2026/01/29 23:10:43
10029,1091.41,18296,-2167.06,2026/01/29 23:10:43
10030,1091.52,18300.9,-2170.3,2026/01/29 23:10:43
10031,1091.63,18312.2,-2173.98,2026/01/29 23:10:43
10032,1091.74,18320,-2178.38,2026/01/29 23:10:43
10033,1091.85,18348.5,-2179.32,2026/01/29 23:10:43
10034,1091.96,18359.6,-2185.74,2026/01/29 23:10:44
10035,1092.06,18371.3,-2185.78,2026/01/29 23:10:44
10036,1092.17,18370.2,-2188.47,2026/01/29 23:10:44
10037,1092.28,18372.9,-2189.89,2026/01/29 23:10:44
10038,1092.39,18376.2,-2186.87,2026/01/29 23:10:44
10039,1092.5,18366,-2188.55,2026/01/29 23:10:44
10040,1092.6,18354.6,-2186.16,2026/01/29 23:10:44
10041,1092.71,18328.5,-2182.79,2026/01/29 23:10:44
10042,1092.82,18335.3,-2184,2026/01/29 23:10:44
10043,1092.93,18352.7,-2176.34,2026/01/29 23:10:44
10044,1093.04,18313.8,-2173.69,2026/01/29 23:10:45
10045,1093.15,18292.7,-2171.89,2026/01/29 23:10:45
10046,1093.25,18273,-2170.88,2026/01/29 23:10:45
10047,1093.36,18257.5,-2169.1,2026/01/29 23:10:45
10048,1093.47,18244.1,-2170.16,2026/01/29 23:10:45
10049,1093.58,18234.9,-2166.99,2026/01/29 23:10:45
10050,1093.69,18224.7,-2167.8,2026/01/29 23:10:45
10051,1093.8,18209.9,-2164.04,2026/01/29 23:10:45
10052,1093.91,18200.6,-2163.73,2026/01/29 23:10:45
10053,1094.02,18179.7,-2164.38,2026/01/29 23:10:46
10054,1094.12,18168.3,-2159.31,2026/01/29 23:10:46
10055,1094.23,18153.7,-2160.92,2026/01/29 23:10:46
10056,1094.34,18142.7,-2154.99,2026/01/29 23:10:46
10057,1094.45,18122.3,-2153.49,2026/01/29 23:10:46
10058,1094.56,18106.3,-2156.97,2026/01/29 23:10:46
10059,1094.67,18095.4,-2148.82,2026/01/29 23:10:46
10060,1094.78,18059.6,-2154.05,2026/01/29 23:10:46
10061,1094.88,18041.2,-2152.05,2026/01/29 23:10:46
10062,1094.99,18021.8,-2152.82,2026/01/29 23:10:47
10063,1095.1,18025,-2153.04,2026/01/29 23:10:47
10064,1095.21,18034.4,-2152.45,2026/01/29 23:10:47
10065,1095.32,18034.4,-2151.04,2026/01/29 23:10:47
10066,1095.43,18025.8,-2153.02,2026/01/29 23:10:47
10067,1095.54,18000.2,-2153.6,2026/01/29 23:10:47
10068,1095.64,18088.5,-2152.19,2026/01/29 23:10:47
10069,1095.75,18193.6,-2153.23,2026/01/29 23:10:47
10070,1095.86,18282,-2150.23,2026/01/29 23:10:47
10071,1095.97,18290.9,-2149.37,2026/01/29 23:10:48
10072,1096.08,18256.4,-2155.91,2026/01/29 23:10:48
10073,1096.19,18258,-2161.05,2026/01/29 23:10:48
10074,1096.3,18272.6,-2168.64,2026/01/29 23:10:48
10075,1096.4,18294.9,-2169.56,2026/01/29 23:10:48
10076,1096.51,18319.9,-2179.53,2026/01/29 23:10:48
10077,1096.62,18345.5,-2183.42,2026/01/29 23:10:48
10078,1096.73,18360.5,-2185.15,2026/01/29 23:10:48
10079,1096.84,18359.7,-2189.78,2026/01/29 23:10:48
10080,1096.95,18366.9,-2185.55,2026/01/29 23:10:48
10081,1097.06,18362.8,-2189.71,2026/01/29 23:10:49
10082,1097.16,18367.8,-2189.74,2026/01/29 23:10:49
10083,1097.27,18355.2,-2187.59,2026/01/29 23:10:49
10084,1097.38,18339,-2185.69,2026/01/29 23:10:49
10085,1097.49,18318.1,-2183.47,2026/01/29 23:10:49
10086,1097.6,18328.6,-2179.17,2026/01/29 23:10:49
10087,1097.7,18349.1,-2177.51,2026/01/29 23:10:49
10088,1097.81,18333.6,-2175.56,2026/01/29 23:10:49
10089,1097.92,18308,-2169.72,2026/01/29 23:10:49
10090,1098.03,18283.2,-2172.76,2026/01/29 23:10:50
10091,1098.14,18262.5,-2169.57,2026/01/29 23:10:50
10092,1098.25,18226.3,-2166.24,2026/01/29 23:10:50
10093,1098.36,18195.8,-2164.36,2026/01/29 23:10:50
10094,1098.46,18178,-2159.4,2026/01/29 23:10:50
10095,1098.57,18162,-2161.95,2026/01/29 23:10:50
10096,1098.68,18150,-2156.82,2026/01/29 23:10:50
10097,1098.79,18117,-2156.02,2026/01/29 23:10:50
10098,1098.9,18097.2,-2155.7,2026/01/29 23:10:50
10099,1099.01,18087.7,-2152.54,2026/01/29 23:10:51
10100,1099.12,18080.6,-2154.98,2026/01/29 23:10:51
10101,1099.22,18100.1,-2152.82,2026/01/29 23:10:51
10102,1099.33,18150.6,-2152.88,2026/01/29 23:10:51
10103,1099.44,18236.3,-2155.79,2026/01/29 23:10:51
10104,1099.55,18309.3,-2156.81,2026/01/29 23:10:51
10105,1099.66,18292.5,-2154.78,2026/01/29 23:10:51
10106,1099.77,18280.7,-2164.72,2026/01/29 23:10:51
10107,1099.88,18294.7,-2168.63,2026/01/29 23:10:51
10108,1099.98,18311.7,-2174.69,2026/01/29 23:10:52
10109,1100.09,18340.1,-2182.1,2026/01/29 23:10:52
10110,1100.2,18362.4,-2182.1,2026/01/29 23:10:52
10111,1100.31,18367.6,-2188.04,2026/01/29 23:10:52
10112,1100.42,18373,-2187.54,2026/01/29 23:10:52
10113,1100.53,18370.3,-2188.67,2026/01/29 23:10:52
10114,1100.63,18361.1,-2188.84,2026/01/29 23:10:52
10115,1100.74,18352.7,-2183.31,2026/01/29 23:10:52
10116,1100.85,18328.8,-2185.37,2026/01/29 23:10:52
10117,1100.96,18328.6,-2181.58,2026/01/29 23:10:53
10118,1101.07,18350.6,-2178.72,2026/01/29 23:10:53
10119,1101.18,18339.9,-2176.37,2026/01/29 23:10:53
10120,1101.28,18303.6,-2169.09,2026/01/29 23:10:53
10121,1101.39,18257.3,-2169.15,2026/01/29 23:10:53
10122,1101.5,18226.5,-2164.58,2026/01/29 23:10:53
10123,1101.61,18196.2,-2162.37,2026/01/29 23:10:53
10124,1101.72,18173.6,-2161.02,2026/01/29 23:10:53
10125,1101.83,18144.6,-2154.88,2026/01/29 23:10:53
10126,1101.93,18108,-2155.65,2026/01/29 23:10:53
10127,1102.04,18089.9,-2154.07,2026/01/29 23:10:54
10128,1102.15,18079.5,-2153.22,2026/01/29 23:10:54
10129,1102.26,18094.7,-2153.08,2026/01/29 23:10:54
10130,1102.37,18111.9,-2153.62,2026/01/29 23:10:54
10131,1102.48,18159.5,-2151.74,2026/01/29 23:10:54
10132,1102.59,18238.7,-2156.72,2026/01/29 23:10:54
10133,1102.69,18302.5,-2154.04,2026/01/29 23:10:54
10134,1102.8,18319.3,-2154.95,2026/01/29 23:10:54
10135,1102.91,18282.2,-2161.57,2026/01/29 23:10:54
10136,1103.02,18278.5,-2162.99,2026/01/29 23:10:55
10137,1103.13,18295.5,-2172.54,2026/01/29 23:10:55
10138,1103.24,18310.8,-2173.16,2026/01/29 23:10:55
10139,1103.35,18329.9,-2180.78,2026/01/29 23:10:55
10140,1103.46,18358.1,-2182.38,2026/01/29 23:10:55
10141,1103.57,18375.3,-2188.36,2026/01/29 23:10:55
10142,1103.67,18390.2,-2192.5,2026/01/29 23:10:55
10143,1103.78,18398.1,-2190.16,2026/01/29 23:10:55
10144,1103.89,18390.8,-2195.41,2026/01/29 23:10:55
10145,1104,18399,-2192.25,2026/01/29 23:10:56
10146,1104.11,18393.5,-2194.18,2026/01/29 23:10:56
10147,1104.22,18393.9,-2193.34,2026/01/29 23:10:56
10148,1104.32,18384.4,-2189.69,2026/01/29 23:10:56
10149,1104.43,18359.6,-2190.78,2026/01/29 23:10:56
10150,1104.54,18333.7,-2182.15,2026/01/29 23:10:56
10151,1104.65,18355,-2183.81,2026/01/29 23:10:56
10152,1104.76,18358.7,-2177.46,2026/01/29 23:10:56
10153,1104.87,18306.1,-2172.21,2026/01/29 23:10:56
10154,1104.98,18250.9,-2168.34,2026/01/29 23:10:57
10155,1105.09,18200.6,-2162.89,2026/01/29 23:10:57
10156,1105.19,18167.4,-2161.31,2026/01/29 23:10:57
10157,1105.3,18133.6,-2154.8,2026/01/29 23:10:57
10158,1105.41,18101.2,-2155.08,2026/01/29 23:10:57
10159,1105.52,18080.1,-2153.94,2026/01/29 23:10:57
10160,1105.63,18051.8,-2154.04,2026/01/29 23:10:57
10161,1105.74,18036.5,-2154.18,2026/01/29 23:10:57
10162,1105.85,18057.9,-2153.83,2026/01/29 23:10:57
10163,1105.96,18130.1,-2152.07,2026/01/29 23:10:58
10164,1106.06,18218.7,-2150.81,2026/01/29 23:10:58
10165,1106.17,18307.4,-2153.62,2026/01/29 23:10:58
10166,1106.28,18273.1,-2154.68,2026/01/29 23:10:58
10167,1106.39,18270.6,-2160.62,2026/01/29 23:10:58
10168,1106.5,18296.4,-2167.73,2026/01/29 23:10:58
10169,1106.61,18328.5,-2176.75,2026/01/29 23:10:58
10170,1106.71,18354.8,-2181.27,2026/01/29 23:10:58
10171,1106.82,18369.8,-2185.18,2026/01/29 23:10:58
10172,1106.93,18368.2,-2185.31,2026/01/29 23:10:58
10173,1107.04,18374.1,-2188.07,2026/01/29 23:10:59
10174,1107.15,18374.4,-2189.13,2026/01/29 23:10:59
10175,1107.26,18377.3,-2189.92,2026/01/29 23:10:59
10176,1107.37,18376.5,-2189.46,2026/01/29 23:10:59
10177,1107.48,18379.3,-2187.94,2026/01/29 23:10:59
10178,1107.59,18370.4,-2191.16,2026/01/29 23:10:59
10179,1107.7,18360,-2186.43,2026/01/29 23:10:59
10180,1107.81,18347.1,-2187.41,2026/01/29 23:10:59
10181,1107.91,18327,-2183.15,2026/01/29 23:10:59
10182,1108.02,18332.2,-2181.01,2026/01/29 23:11:00
10183,1108.13,18356.8,-2181.6,2026/01/29 23:11:00
10184,1108.24,18353.4,-2174.88,2026/01/29 23:11:00
10185,1108.35,18318.1,-2173.8,2026/01/29 23:11:00
10186,1108.46,18297.5,-2170.1,2026/01/29 23:11:00
10187,1108.56,18274.1,-2171.53,2026/01/29 23:11:00
10188,1108.67,18245.5,-2169,2026/01/29 23:11:00
10189,1108.78,18222.5,-2163.28,2026/01/29 23:11:00
10190,1108.89,18206.9,-2167.22,2026/01/29 23:11:00
10191,1109,18196.8,-2160.89,2026/01/29 23:11:01
10192,1109.11,18187.6,-2163.77,2026/01/29 23:11:01
10193,1109.21,18179,-2161.69,2026/01/29 23:11:01
10194,1109.32,18174.4,-2160.7,2026/01/29 23:11:01
10195,1109.43,18165.2,-2162.78,2026/01/29 23:11:01
10196,1109.54,18155.5,-2154.59,2026/01/29 23:11:01
10197,1109.65,18133.3,-2157.36,2026/01/29 23:11:01
10198,1109.76,18129.2,-2154.02,2026/01/29 23:11:01
10199,1109.87,18107.3,-2154.85,2026/01/29 23:11:01
10200,1109.98,18090.5,-2153.23,2026/01/29 23:11:02
10201,1110.08,18082.9,-2153.73,2026/01/29 23:11:02
10202,1110.19,18083,-2153.75,2026/01/29 23:11:02
10203,1110.3,18083,-2152.04,2026/01/29 23:11:02
10204,1110.41,18091.9,-2154.92,2026/01/29 23:11:02
10205,1110.52,18122.3,-2150.28,2026/01/29 23:11:02
10206,1110.63,18158.3,-2153.93,2026/01/29 23:11:02
10207,1110.74,18205.2,-2152.78,2026/01/29 23:11:02
10208,1110.85,18241,-2156.32,2026/01/29 23:11:02
10209,1110.96,18281.9,-2157.22,2026/01/29 23:11:03
10210,1111.06,18310.8,-2157.52,2026/01/29 23:11:03
10211,1111.17,18327.9,-2160.06,2026/01/29 23:11:03
10212,1111.28,18331.8,-2159.39,2026/01/29 23:11:03
10213,1111.39,18329.7,-2165.55,2026/01/29 23:11:03
10214,1111.5,18334.9,-2162.13,2026/01/29 23:11:03
10215,1111.61,18313.8,-2168.19,2026/01/29 23:11:03
10216,1111.72,18314.6,-2167.45,2026/01/29 23:11:03
10217,1111.83,18304.7,-2170.64,2026/01/29 23:11:03
10218,1111.94,18315.2,-2171.69,2026/01/29 23:11:03
10219,1112.05,18320.5,-2174.39,2026/01/29 23:11:04
10220,1112.15,18324.1,-2177.34,2026/01/29 23:11:04
10221,1112.26,18331.6,-2176.63,2026/01/29 23:11:04
10222,1112.37,18332.7,-2182.81,2026/01/29 23:11:04
10223,1112.48,18353.1,-2181.71,2026/01/29 23:11:04
10224,1112.59,18362.5,-2184.34,2026/01/29 23:11:04
10225,1112.69,18372.7,-2187.79,2026/01/29 23:11:04
10226,1112.8,18380.1,-2187.53,2026/01/29 23:11:04
10227,1112.91,18388.3,-2195.04,2026/01/29 23:11:04
10228,1113.02,18401,-2193.37,2026/01/29 23:11:05
10229,1113.13,18400.4,-2198.73,2026/01/29 23:11:05
10230,1113.24,18409.1,-2197.53,2026/01/29 23:11:05
10231,1113.35,18406.2,-2197.73,2026/01/29 23:11:05
10232,1113.45,18402.3,-2198.28,2026/01/29 23:11:05
10233,1113.56,18395.1,-2194.82,2026/01/29 23:11:05
10234,1113.67,18375.7,-2196.18,2026/01/29 23:11:05
10235,1113.78,18358.7,-2188.74,2026/01/29 23:11:05
10236,1113.89,18329.5,-2188.16,2026/01/29 23:11:05
10237,1114,18369.8,-2183.13,2026/01/29 23:11:06
10238,1114.11,18365,-2182.31,2026/01/29 23:11:06
10239,1114.21,18343.9,-2176.89,2026/01/29 23:11:06
10240,1114.32,18321.2,-2174.86,2026/01/29 23:11:06
10241,1114.43,18305.4,-2175.45,2026/01/29 23:11:06
10242,1114.54,18295.2,-2171.55,2026/01/29 23:11:06
10243,1114.65,18266,-2174.32,2026/01/29 23:11:06
10244,1114.76,18253,-2168.37,2026/01/29 23:11:06
10245,1114.87,18224.5,-2171.19,2026/01/29 23:11:06
10246,1114.98,18210.8,-2165.31,2026/01/29 23:11:07
10247,1115.09,18189.8,-2164.56,2026/01/29 23:11:07
10248,1115.19,18175.3,-2163.9,2026/01/29 23:11:07
10249,1115.3,18162,-2160.98,2026/01/29 23:11:07
10250,1115.41,18136.3,-2157.98,2026/01/29 23:11:07
10251,1115.52,18127.5,-2154.24,2026/01/29 23:11:07
10252,1115.63,18114.7,-2157.36,2026/01/29 23:11:07
10253,1115.74,18112.2,-2149.8,2026/01/29 23:11:07
10254,1115.85,18091.7,-2155.45,2026/01/29 23:11:07
10255,1115.96,18091.8,-2153.01,2026/01/29 23:11:08
10256,1116.06,18089.6,-2155.35,2026/01/29 23:11:08
10257,1116.17,18100.8,-2153.61,2026/01/29 23:11:08
10258,1116.28,18135.8,-2153.32,2026/01/29 23:11:08
10259,1116.39,18172.3,-2153.18,2026/01/29 23:11:08
10260,1116.5,18215.1,-2152.42,2026/01/29 23:11:08
10261,1116.61,18247.2,-2158.57,2026/01/29 23:11:08
10262,1116.72,18274.1,-2155.14,2026/01/29 23:11:08
10263,1116.83,18300.7,-2160.25,2026/01/29 23:11:08
10264,1116.93,18330,-2158.26,2026/01/29 23:11:08
10265,1117.04,18335.6,-2162.4,2026/01/29 23:11:09
10266,1117.15,18341.4,-2162.81,2026/01/29 23:11:09
10267,1117.26,18330,-2164.11,2026/01/29 23:11:09
10268,1117.37,18314.8,-2168.52,2026/01/29 23:11:09
10269,1117.48,18310,-2168.32,2026/01/29 23:11:09
10270,1117.59,18308.8,-2172.03,2026/01/29 23:11:09
10271,1117.7,18316.8,-2172.56,2026/01/29 23:11:09
10272,1117.81,18324.5,-2176.35,2026/01/29 23:11:09
10273,1117.91,18325.2,-2178.26,2026/01/29 23:11:09
10274,1118.02,18336.6,-2179.58,2026/01/29 23:11:10
10275,1118.13,18338.2,-2181.26,2026/01/29 23:11:10
10276,1118.24,18354.3,-2183.27,2026/01/29 23:11:10
10277,1118.35,18362.3,-2185.49,2026/01/29 23:11:10
10278,1118.46,18369.2,-2187.94,2026/01/29 23:11:10
10279,1118.56,18379.6,-2189.86,2026/01/29 23:11:10
10280,1118.67,18385.1,-2194.98,2026/01/29 23:11:10
10281,1118.78,18400.5,-2194.35,2026/01/29 23:11:10
10282,1118.89,18401.8,-2197.14,2026/01/29 23:11:10
10283,1119,18411.7,-2198.45,2026/01/29 23:11:11
10284,1119.11,18408.1,-2197.67,2026/01/29 23:11:11
10285,1119.22,18407.7,-2199.26,2026/01/29 23:11:11
10286,1119.33,18403.6,-2197.9,2026/01/29 23:11:11
10287,1119.43,18399.8,-2198.44,2026/01/29 23:11:11
10288,1119.54,18391.6,-2195.11,2026/01/29 23:11:11
10289,1119.65,18377.7,-2195.33,2026/01/29 23:11:11
10290,1119.76,18366.4,-2188.94,2026/01/29 23:11:11
10291,1119.87,18340.9,-2189.16,2026/01/29 23:11:11
10292,1119.98,18352.9,-2183.39,2026/01/29 23:11:12
10293,1120.08,18365.7,-2182.98,2026/01/29 23:11:12
10294,1120.19,18345.5,-2177.21,2026/01/29 23:11:12
10295,1120.3,18319.2,-2175.53,2026/01/29 23:11:12
10296,1120.41,18297.4,-2176.34,2026/01/29 23:11:12
10297,1120.52,18283.6,-2172.05,2026/01/29 23:11:12
10298,1120.63,18267,-2172.85,2026/01/29 23:11:12
10299,1120.74,18248.5,-2169.44,2026/01/29 23:11:12
10300,1120.85,18231.5,-2169.41,2026/01/29 23:11:12
10301,1120.95,18207.1,-2165.73,2026/01/29 23:11:13
10302,1121.06,18196.1,-2164.36,2026/01/29 23:11:13
10303,1121.17,18181.4,-2162.73,2026/01/29 23:11:13
10304,1121.28,18172.4,-2162.46,2026/01/29 23:11:13
10305,1121.39,18156.9,-2159.05,2026/01/29 23:11:13
10306,1121.5,18143.1,-2157.38,2026/01/29 23:11:13
10307,1121.61,18126.7,-2156.05,2026/01/29 23:11:13
10308,1121.72,18122.3,-2156.97,2026/01/29 23:11:13
10309,1121.83,18102.5,-2151.12,2026/01/29 23:11:13
10310,1121.93,18077.6,-2157.07,2026/01/29 23:11:13
10311,1122.04,18083.9,-2152.39,2026/01/29 23:11:14
10312,1122.15,18069.5,-2154.22,2026/01/29 23:11:14
10313,1122.26,18058.4,-2152.95,2026/01/29 23:11:14
10314,1122.37,18057.7,-2153.81,2026/01/29 23:11:14
10315,1122.48,18048.2,-2151.41,2026/01/29 23:11:14
10316,1122.59,18032.3,-2155.22,2026/01/29 23:11:14
10317,1122.69,18057,-2154.3,2026/01/29 23:11:14
10318,1122.8,18093.1,-2150.31,2026/01/29 23:11:14
10319,1122.91,18110.6,-2153.25,2026/01/29 23:11:14
10320,1123.02,18136.1,-2149.7,2026/01/29 23:11:15
10321,1123.13,18155.9,-2151.8,2026/01/29 23:11:15
10322,1123.24,18181,-2151.32,2026/01/29 23:11:15
10323,1123.35,18214.9,-2150.82,2026/01/29 23:11:15
10324,1123.45,18245.3,-2153.55,2026/01/29 23:11:15
10325,1123.56,18283.5,-2155.62,2026/01/29 23:11:15
10326,1123.67,18305.5,-2154.41,2026/01/29 23:11:15
10327,1123.78,18331.8,-2156.25,2026/01/29 23:11:15
10328,1123.89,18348.5,-2154.63,2026/01/29 23:11:15
10329,1123.99,18337.3,-2160.18,2026/01/29 23:11:16
10330,1124.1,18332.4,-2159.3,2026/01/29 23:11:16
10331,1124.21,18303.3,-2167.06,2026/01/29 23:11:16
10332,1124.32,18304,-2164.1,2026/01/29 23:11:16
10333,1124.43,18298.2,-2170.99,2026/01/29 23:11:16
10334,1124.54,18315.1,-2171.83,2026/01/29 23:11:16
10335,1124.65,18325,-2178.28,2026/01/29 23:11:16
10336,1124.76,18341.6,-2181.12,2026/01/29 23:11:16
10337,1124.87,18367,-2185.22,2026/01/29 23:11:16
10338,1124.97,18374.8,-2189,2026/01/29 23:11:17
10339,1125.08,18389.4,-2190.31,2026/01/29 23:11:17
10340,1125.19,18394.8,-2192.92,2026/01/29 23:11:17
10341,1125.3,18411.3,-2196.59,2026/01/29 23:11:17
10342,1125.41,18420.1,-2197.24,2026/01/29 23:11:17
10343,1125.52,18428.7,-2200.78,2026/01/29 23:11:17
10344,1125.63,18430.3,-2199.54,2026/01/29 23:11:17
10345,1125.74,18428.8,-2201.46,2026/01/29 23:11:17
10346,1125.85,18428.1,-2199.81,2026/01/29 23:11:17
10347,1125.95,18421.5,-2201.7,2026/01/29 23:11:18
10348,1126.06,18420.3,-2197.78,2026/01/29 23:11:18
10349,1126.17,18410.1,-2200.08,2026/01/29 23:11:18
10350,1126.28,18402,-2196.07,2026/01/29 23:11:18
10351,1126.39,18385.1,-2195.57,2026/01/29 23:11:18
10352,1126.5,18364.6,-2191.39,2026/01/29 23:11:18
10353,1126.61,18349.4,-2188.8,2026/01/29 23:11:18
10354,1126.72,18354.6,-2188.31,2026/01/29 23:11:18
10355,1126.83,18373.8,-2184.06,2026/01/29 23:11:18
10356,1126.94,18371.2,-2186.7,2026/01/29 23:11:18
10357,1127.05,18373,-2180.65,2026/01/29 23:11:19
10358,1127.15,18360.7,-2182.86,2026/01/29 23:11:19
10359,1127.26,18353.8,-2176.98,2026/01/29 23:11:19
10360,1127.37,18327.9,-2177.49,2026/01/29 23:11:19
10361,1127.48,18320.7,-2175.21,2026/01/29 23:11:19
10362,1127.59,18309.1,-2176.37,2026/01/29 23:11:19
10363,1127.7,18286.8,-2174.03,2026/01/29 23:11:19
10364,1127.81,18269.7,-2173.91,2026/01/29 23:11:19
10365,1127.92,18235.3,-2169.52,2026/01/29 23:11:19
10366,1128.03,18210.8,-2166.74,2026/01/29 23:11:20
10367,1128.13,18192.8,-2163.43,2026/01/29 23:11:20
10368,1128.24,18184.5,-2163.96,2026/01/29 23:11:20
10369,1128.35,18162.6,-2161.12,2026/01/29 23:11:20
10370,1128.46,18141.7,-2158.79,2026/01/29 23:11:20
10371,1128.57,18118.8,-2154.91,2026/01/29 23:11:20
10372,1128.68,18098.9,-2157.73,2026/01/29 23:11:20
10373,1128.79,18104.6,-2155.91,2026/01/29 23:11:20
10374,1128.9,18110.8,-2155.28,2026/01/29 23:11:20
10375,1129.01,18125.1,-2154.85,2026/01/29 23:11:21
10376,1129.12,18155.9,-2155.55,2026/01/29 23:11:21
10377,1129.23,18205.9,-2154,2026/01/29 23:11:21
10378,1129.34,18243,-2156.8,2026/01/29 23:11:21
10379,1129.44,18274.3,-2159.04,2026/01/29 23:11:21
10380,1129.55,18306.5,-2159.29,2026/01/29 23:11:21
10381,1129.66,18339.7,-2160.58,2026/01/29 23:11:21
10382,1129.77,18343.2,-2162.55,2026/01/29 23:11:21
10383,1129.88,18324,-2166.93,2026/01/29 23:11:21
10384,1129.99,18318.4,-2166.76,2026/01/29 23:11:22
10385,1130.1,18315.7,-2171.79,2026/01/29 23:11:22
10386,1130.21,18325.5,-2171.74,2026/01/29 23:11:22
10387,1130.32,18326.2,-2178.34,2026/01/29 23:11:22
10388,1130.43,18339,-2176.09,2026/01/29 23:11:22
10389,1130.54,18345.7,-2182.45,2026/01/29 23:11:22
10390,1130.65,18360.7,-2181.7,2026/01/29 23:11:22
10391,1130.75,18370.2,-2183.67,2026/01/29 23:11:22
10392,1130.86,18377.7,-2185.7,2026/01/29 23:11:22
10393,1130.97,18386.3,-2186.38,2026/01/29 23:11:23
10394,1131.08,18387.6,-2192.12,2026/01/29 23:11:23
10395,1131.19,18394.9,-2190.02,2026/01/29 23:11:23
10396,1131.3,18395.2,-2195.44,2026/01/29 23:11:23
10397,1131.41,18410.3,-2194.06,2026/01/29 23:11:23
10398,1131.52,18407.8,-2199.85,2026/01/29 23:11:23
10399,1131.63,18417.8,-2195.58,2026/01/29 23:11:23
10400,1131.74,18414.5,-2202.09,2026/01/29 23:11:23
10401,1131.85,18415.9,-2196.99,2026/01/29 23:11:23
10402,1131.96,18413,-2200.07,2026/01/29 23:11:24
10403,1132.07,18412,-2197.39,2026/01/29 23:11:24
10404,1132.17,18402.4,-2197.42,2026/01/29 23:11:24
10405,1132.28,18390.5,-2196.19,2026/01/29 23:11:24
10406,1132.39,18382.3,-2193.91,2026/01/29 23:11:24
10407,1132.5,18364.9,-2194.54,2026/01/29 23:11:24
10408,1132.61,18357.4,-2187.84,2026/01/29 23:11:24
10409,1132.72,18359.1,-2187.68,2026/01/29 23:11:24
10410,1132.83,18379.1,-2181.15,2026/01/29 23:11:24
10411,1132.94,18363.7,-2179.87,2026/01/29 23:11:24
10412,1133.05,18337.3,-2174.34,2026/01/29 23:11:25
10413,1133.15,18323.5,-2174.92,2026/01/29 23:11:25
10414,1133.26,18304.8,-2173.11,2026/01/29 23:11:25
10415,1133.37,18290.4,-2175.4,2026/01/29 23:11:25
10416,1133.48,18274.8,-2173.87,2026/01/29 23:11:25
10417,1133.59,18257.2,-2170.71,2026/01/29 23:11:25
10418,1133.7,18223,-2167.91,2026/01/29 23:11:25
10419,1133.81,18190.1,-2164.45,2026/01/29 23:11:25
10420,1133.92,18167.1,-2160.3,2026/01/29 23:11:25
10421,1134.03,18151.7,-2159.71,2026/01/29 23:11:26
10422,1134.14,18136,-2156.82,2026/01/29 23:11:26
10423,1134.24,18119.4,-2157.29,2026/01/29 23:11:26
10424,1134.35,18096.7,-2154.09,2026/01/29 23:11:26
10425,1134.46,18063.5,-2155.72,2026/01/29 23:11:26
10426,1134.57,18049,-2153.49,2026/01/29 23:11:26
10427,1134.68,18033,-2156.77,2026/01/29 23:11:26
10428,1134.79,18044.4,-2151.92,2026/01/29 23:11:26
10429,1134.9,18074.9,-2155.45,2026/01/29 23:11:26
10430,1135.01,18104.2,-2150.63,2026/01/29 23:11:27
10431,1135.11,18137.9,-2152.27,2026/01/29 23:11:27
10432,1135.22,18173.8,-2151.15,2026/01/29 23:11:27
10433,1135.33,18223.1,-2151.46,2026/01/29 23:11:27
10434,1135.44,18267.7,-2152.95,2026/01/29 23:11:27
10435,1135.55,18308.8,-2154.92,2026/01/29 23:11:27
10436,1135.66,18336.9,-2155.58,2026/01/29 23:11:27
10437,1135.77,18343.3,-2158.06,2026/01/29 23:11:27
10438,1135.87,18343.1,-2159.18,2026/01/29 23:11:27
10439,1135.98,18321.9,-2163.86,2026/01/29 23:11:28
10440,1136.09,18312.1,-2162.55,2026/01/29 23:11:28
10441,1136.2,18306.4,-2171.1,2026/01/29 23:11:28
10442,1136.31,18320.8,-2170.19,2026/01/29 23:11:28
10443,1136.42,18327.3,-2178.21,2026/01/29 23:11:28
10444,1136.53,18345.8,-2177.64,2026/01/29 23:11:28
10445,1136.64,18365.4,-2183.83,2026/01/29 23:11:28
10446,1136.75,18378,-2184.33,2026/01/29 23:11:28
10447,1136.85,18389.1,-2187.25,2026/01/29 23:11:28
10448,1136.96,18391.9,-2190.16,2026/01/29 23:11:29
10449,1137.07,18402.8,-2193.61,2026/01/29 23:11:29
10450,1137.18,18407.2,-2194.22,2026/01/29 23:11:29
10451,1137.29,18419.4,-2197.15,2026/01/29 23:11:29
10452,1137.4,18415.2,-2196.34,2026/01/29 23:11:29
10453,1137.51,18417.9,-2197.97,2026/01/29 23:11:29
10454,1137.62,18415.3,-2196.39,2026/01/29 23:11:29
10455,1137.72,18412.3,-2199.45,2026/01/29 23:11:29
10456,1137.83,18414.2,-2194.89,2026/01/29 23:11:29
10457,1137.94,18401.4,-2197.82,2026/01/29 23:11:29
10458,1138.05,18396.5,-2194.43,2026/01/29 23:11:30
10459,1138.16,18381.4,-2195.05,2026/01/29 23:11:30
10460,1138.27,18368.2,-2190.94,2026/01/29 23:11:30
10461,1138.38,18350.6,-2189.34,2026/01/29 23:11:30
10462,1138.48,18352,-2186.66,2026/01/29 23:11:30
10463,1138.59,18378.2,-2183.81,2026/01/29 23:11:30
10464,1138.7,18367.9,-2182.46,2026/01/29 23:11:30
10465,1138.81,18334.7,-2175.2,2026/01/29 23:11:30
10466,1138.92,18315.6,-2176.29,2026/01/29 23:11:30
10467,1139.03,18295.1,-2173.89,2026/01/29 23:11:31
10468,1139.13,18282.8,-2173.03,2026/01/29 23:11:31
10469,1139.24,18254.4,-2171.13,2026/01/29 23:11:31
10470,1139.35,18234.7,-2168.76,2026/01/29 23:11:31
10471,1139.46,18210.6,-2164.86,2026/01/29 23:11:31
10472,1139.57,18191,-2165.27,2026/01/29 23:11:31
10473,1139.68,18171.9,-2161.52,2026/01/29 23:11:31
10474,1139.79,18144,-2160.77,2026/01/29 23:11:31
10475,1139.89,18126.1,-2155.03,2026/01/29 23:11:31
10476,1140,18096.2,-2157.32,2026/01/29 23:11:32
10477,1140.11,18074.8,-2153.51,2026/01/29 23:11:32
10478,1140.22,18055,-2154.61,2026/01/29 23:11:32
10479,1140.33,18037.4,-2153.28,2026/01/29 23:11:32
10480,1140.44,18020.4,-2153.69,2026/01/29 23:11:32
10481,1140.55,18015,-2155.3,2026/01/29 23:11:32
10482,1140.65,18029.8,-2153.79,2026/01/29 23:11:32
10483,1140.76,18053.4,-2156.33,2026/01/29 23:11:32
10484,1140.87,18083.7,-2151.24,2026/01/29 23:11:32
10485,1140.98,18120.7,-2152.64,2026/01/29 23:11:33
10486,1141.09,18149.6,-2149.64,2026/01/29 23:11:33
10487,1141.19,18187.1,-2150.95,2026/01/29 23:11:33
10488,1141.3,18221.9,-2151.8,2026/01/29 23:11:33
10489,1141.41,18268.1,-2150.9,2026/01/29 23:11:33
10490,1141.52,18303.6,-2154.54,2026/01/29 23:11:33
10491,1141.63,18336.7,-2154.14,2026/01/29 23:11:33
10492,1141.74,18342.5,-2156.89,2026/01/29 23:11:33
10493,1141.85,18331.6,-2159.31,2026/01/29 23:11:33
10494,1141.96,18323.7,-2160.71,2026/01/29 23:11:34
10495,1142.07,18306.7,-2165.28,2026/01/29 23:11:34
10496,1142.17,18309.9,-2166.58,2026/01/29 23:11:34
10497,1142.28,18305,-2166.75,2026/01/29 23:11:34
10498,1142.39,18313.8,-2171.41,2026/01/29 23:11:34
10499,1142.5,18322.1,-2173.36,2026/01/29 23:11:34
10500,1142.61,18327,-2177.32,2026/01/29 23:11:34
10501,1142.72,18337.5,-2176.78,2026/01/29 23:11:34
10502,1142.82,18339.9,-2181.33,2026/01/29 23:11:34
10503,1142.93,18360.4,-2183.2,2026/01/29 23:11:34
10504,1143.04,18367.3,-2183.7,2026/01/29 23:11:35
10505,1143.15,18379.6,-2186.62,2026/01/29 23:11:35
10506,1143.26,18384.8,-2188.04,2026/01/29 23:11:35
10507,1143.37,18386.2,-2191.31,2026/01/29 23:11:35
10508,1143.48,18392.4,-2190.05,2026/01/29 23:11:35
10509,1143.58,18394.8,-2195.89,2026/01/29 23:11:35
10510,1143.69,18407.2,-2194.85,2026/01/29 23:11:35
10511,1143.8,18407.9,-2196.64,2026/01/29 23:11:35
10512,1143.91,18414.2,-2198.27,2026/01/29 23:11:35
10513,1144.02,18411.8,-2197.44,2026/01/29 23:11:36
10514,1144.13,18409.2,-2200.53,2026/01/29 23:11:36
10515,1144.24,18411.2,-2195.86,2026/01/29 23:11:36
10516,1144.35,18401.4,-2199.45,2026/01/29 23:11:36
10517,1144.45,18398.8,-2194.23,2026/01/29 23:11:36
10518,1144.56,18379.7,-2196.66,2026/01/29 23:11:36
10519,1144.67,18370.1,-2190.72,2026/01/29 23:11:36
10520,1144.78,18348.9,-2189.23,2026/01/29 23:11:36
10521,1144.89,18374.6,-2185.14,2026/01/29 23:11:36
10522,1145,18370,-2181.09,2026/01/29 23:11:37
10523,1145.11,18331.1,-2177.41,2026/01/29 23:11:37
10524,1145.21,18311.5,-2172.9,2026/01/29 23:11:37
10525,1145.32,18282.5,-2176.61,2026/01/29 23:11:37
10526,1145.43,18266.9,-2170.76,2026/01/29 23:11:37
10527,1145.54,18237.4,-2169,2026/01/29 23:11:37
10528,1145.65,18213,-2166.82,2026/01/29 23:11:37
10529,1145.76,18186.2,-2163.21,2026/01/29 23:11:37
10530,1145.86,18160.3,-2162.82,2026/01/29 23:11:37
10531,1145.97,18140.3,-2155.05,2026/01/29 23:11:38
10532,1146.08,18112.9,-2158.85,2026/01/29 23:11:38
10533,1146.19,18100.7,-2154.77,2026/01/29 23:11:38
10534,1146.3,18081.7,-2156.96,2026/01/29 23:11:38
10535,1146.41,18058.6,-2153.8,2026/01/29 23:11:38
10536,1146.52,18045.8,-2152.69,2026/01/29 23:11:38
10537,1146.63,18034,-2154.48,2026/01/29 23:11:38
10538,1146.74,18022.2,-2153.06,2026/01/29 23:11:38
10539,1146.84,18029.8,-2157.28,2026/01/29 23:11:38
10540,1146.95,18072.1,-2151.95,2026/01/29 23:11:38
10541,1147.06,18085.2,-2153.06,2026/01/29 23:11:39
10542,1147.17,18128.8,-2152.36,2026/01/29 23:11:39
10543,1147.28,18176.6,-2150.98,2026/01/29 23:11:39
10544,1147.39,18231.1,-2150.94,2026/01/29 23:11:39
10545,1147.5,18271.3,-2151.14,2026/01/29 23:11:39
10546,1147.61,18301.2,-2156.23,2026/01/29 23:11:39
10547,1147.71,18338.6,-2154.32,2026/01/29 23:11:39
10548,1147.82,18339.7,-2156.77,2026/01/29 23:11:39
10549,1147.93,18338.5,-2158.53,2026/01/29 23:11:39
10550,1148.04,18336.5,-2160.48,2026/01/29 23:11:40
10551,1148.15,18334.4,-2164.18,2026/01/29 23:11:40
10552,1148.26,18322.1,-2162.82,2026/01/29 23:11:40
10553,1148.36,18311.9,-2167.35,2026/01/29 23:11:40
10554,1148.47,18313.8,-2167.93,2026/01/29 23:11:40
10555,1148.58,18310.7,-2170.06,2026/01/29 23:11:40
10556,1148.69,18323.7,-2174.69,2026/01/29 23:11:40
10557,1148.8,18326.1,-2176.3,2026/01/29 23:11:40
10558,1148.91,18333.9,-2178.63,2026/01/29 23:11:40
10559,1149.02,18358.4,-2181.24,2026/01/29 23:11:41
10560,1149.12,18368.5,-2183.72,2026/01/29 23:11:41
10561,1149.23,18384.5,-2184.63,2026/01/29 23:11:41
10562,1149.34,18394.4,-2189.83,2026/01/29 23:11:41
10563,1149.45,18399.9,-2190.47,2026/01/29 23:11:41
10564,1149.56,18401.9,-2194.92,2026/01/29 23:11:41
10565,1149.67,18400.9,-2192.33,2026/01/29 23:11:41
10566,1149.77,18401.9,-2194.44,2026/01/29 23:11:41
10567,1149.88,18397.6,-2196.23,2026/01/29 23:11:41
10568,1149.99,18403.1,-2192.52,2026/01/29 23:11:42
10569,1150.1,18394.5,-2197.2,2026/01/29 23:11:42
10570,1150.21,18394.5,-2192.59,2026/01/29 23:11:42
10571,1150.32,18380.8,-2193.67,2026/01/29 23:11:42
10572,1150.43,18368,-2190.85,2026/01/29 23:11:42
10573,1150.54,18344.8,-2186.27,2026/01/29 23:11:42
10574,1150.64,18359.2,-2186.33,2026/01/29 23:11:42
10575,1150.75,18369.1,-2178.06,2026/01/29 23:11:42
10576,1150.86,18331.7,-2175.4,2026/01/29 23:11:42
10577,1150.97,18310.7,-2174.63,2026/01/29 23:11:43
10578,1151.08,18277.5,-2172.86,2026/01/29 23:11:43
10579,1151.19,18249.6,-2171.04,2026/01/29 23:11:43
10580,1151.3,18221.5,-2168.4,2026/01/29 23:11:43
10581,1151.41,18197.5,-2165.01,2026/01/29 23:11:43
10582,1151.52,18184.4,-2164.56,2026/01/29 23:11:43
10583,1151.62,18168.4,-2162.29,2026/01/29 23:11:43
10584,1151.73,18153.5,-2158.55,2026/01/29 23:11:43
10585,1151.84,18134,-2159.03,2026/01/29 23:11:43
10586,1151.95,18122.7,-2153.92,2026/01/29 23:11:43
10587,1152.06,18097.5,-2159.06,2026/01/29 23:11:44
10588,1152.17,18098.9,-2155.06,2026/01/29 23:11:44
10589,1152.28,18091.7,-2154.8,2026/01/29 23:11:44
10590,1152.39,18073.6,-2155.68,2026/01/29 23:11:44
10591,1152.5,18070.1,-2152.98,2026/01/29 23:11:44
10592,1152.6,18051.4,-2153.62,2026/01/29 23:11:44
10593,1152.71,18047.1,-2152.73,2026/01/29 23:11:44
10594,1152.82,18027.2,-2153.63,2026/01/29 23:11:44
10595,1152.93,18030.8,-2154.39,2026/01/29 23:11:44
10596,1153.04,18072.8,-2155.04,2026/01/29 23:11:45
10597,1153.15,18125.4,-2150.5,2026/01/29 23:11:45
10598,1153.26,18191,-2154.09,2026/01/29 23:11:45
10599,1153.37,18267.1,-2152.32,2026/01/29 23:11:45
10600,1153.47,18314.2,-2152.56,2026/01/29 23:11:45
10601,1153.58,18335,-2157.23,2026/01/29 23:11:45
10602,1153.69,18331.9,-2155.81,2026/01/29 23:11:45
10603,1153.8,18317.5,-2162.26,2026/01/29 23:11:45
10604,1153.91,18306.4,-2164.92,2026/01/29 23:11:45
10605,1154.02,18302.8,-2165.02,2026/01/29 23:11:46
10606,1154.13,18303.4,-2166.85,2026/01/29 23:11:46
10607,1154.24,18311.6,-2171.24,2026/01/29 23:11:46
10608,1154.34,18320,-2173.02,2026/01/29 23:11:46
10609,1154.45,18333,-2178.58,2026/01/29 23:11:46
10610,1154.56,18363.5,-2183.61,2026/01/29 23:11:46
10611,1154.67,18390.1,-2183.61,2026/01/29 23:11:46
10612,1154.78,18388.4,-2189.42,2026/01/29 23:11:46
10613,1154.89,18397.3,-2190.37,2026/01/29 23:11:46
10614,1155,18390.4,-2191.58,2026/01/29 23:11:47
10615,1155.11,18391.5,-2192.3,2026/01/29 23:11:47
10616,1155.21,18394.2,-2192.46,2026/01/29 23:11:47
10617,1155.32,18390.4,-2192.7,2026/01/29 23:11:47
10618,1155.43,18394.8,-2193.69,2026/01/29 23:11:47
10619,1155.54,18393,-2196.54,2026/01/29 23:11:47
10620,1155.65,18396.9,-2191.6,2026/01/29 23:11:47
10621,1155.76,18392.3,-2196.71,2026/01/29 23:11:47
10622,1155.87,18398.3,-2194.84,2026/01/29 23:11:47
10623,1155.97,18396.7,-2195.52,2026/01/29 23:11:48
10624,1156.08,18395.8,-2197.81,2026/01/29 23:11:48
10625,1156.19,18400.8,-2194.26,2026/01/29 23:11:48
10626,1156.3,18397.8,-2196.26,2026/01/29 23:11:48
10627,1156.41,18402.7,-2197.36,2026/01/29 23:11:48
10628,1156.52,18400.9,-2196.85,2026/01/29 23:11:48
10629,1156.62,18401.9,-2195.31,2026/01/29 23:11:48
10630,1156.73,18403.2,-2198.16,2026/01/29 23:11:48
10631,1156.84,18402.9,-2196.44,2026/01/29 23:11:48
10632,1156.95,18405.8,-2196.34,2026/01/29 23:11:48
10633,1157.06,18403.5,-2198.91,2026/01/29 23:11:49
10634,1157.17,18408.4,-2195.18,2026/01/29 23:11:49
10635,1157.28,18402.2,-2199.46,2026/01/29 23:11:49
10636,1157.39,18408.8,-2196.39,2026/01/29 23:11:49
10637,1157.5,18404.7,-2196.84,2026/01/29 23:11:49
10638,1157.61,18409.2,-2197.28,2026/01/29 23:11:49
10639,1157.71,18408.4,-2198.33,2026/01/29 23:11:49
10640,1157.82,18407.4,-2196.97,2026/01/29 23:11:49
10641,1157.93,18409.8,-2198.39,2026/01/29 23:11:49
10642,1158.04,18409.9,-2196.81,2026/01/29 23:11:50
10643,1158.15,18410.4,-2198.46,2026/01/29 23:11:50
10644,1158.26,18411.7,-2197.44,2026/01/29 23:11:50
10645,1158.37,18412.8,-2196.29,2026/01/29 23:11:50
10646,1158.48,18408.4,-2200.13,2026/01/29 23:11:50
10647,1158.59,18415.9,-2198.92,2026/01/29 23:11:50
10648,1158.69,18410,-2198.25,2026/01/29 23:11:50
10649,1158.8,18412.9,-2198.59,2026/01/29 23:11:50
10650,1158.91,18414.2,-2198.71,2026/01/29 23:11:50
10651,1159.02,18412.1,-2198.82,2026/01/29 23:11:51
10652,1159.13,18416.4,-2199.49,2026/01/29 23:11:51
10653,1159.24,18413.4,-2199.81,2026/01/29 23:11:51
10654,1159.35,18417.7,-2196.17,2026/01/29 23:11:51
10655,1159.45,18413.4,-2201.59,2026/01/29 23:11:51
10656,1159.56,18419.1,-2198.35,2026/01/29 23:11:51
10657,1159.67,18415.8,-2199.24,2026/01/29 23:11:51
10658,1159.78,18415.7,-2201.66,2026/01/29 23:11:51
10659,1159.89,18421.4,-2197.66,2026/01/29 23:11:51
10660,1160,18415.1,-2198.84,2026/01/29 23:11:52
10661,1160.1,18421.1,-2199.83,2026/01/29 23:11:52
10662,1160.21,18419.7,-2200.26,2026/01/29 23:11:52
10663,1160.32,18420.9,-2199.74,2026/01/29 23:11:52
10664,1160.43,18424,-2201.88,2026/01/29 23:11:52
10665,1160.54,18426.1,-2200.43,2026/01/29 23:11:52
10666,1160.65,18431,-2203.74,2026/01/29 23:11:52
10667,1160.76,18430.6,-2202.92,2026/01/29 23:11:52
10668,1160.87,18436.1,-2200.98,2026/01/29 23:11:52
10669,1160.97,18431.9,-2205.53,2026/01/29 23:11:53
10670,1161.08,18441,-2201.87,2026/01/29 23:11:53
10671,1161.19,18436.7,-2203.66,2026/01/29 23:11:53
10672,1161.3,18441,-2203.74,2026/01/29 23:11:53
10673,1161.41,18439.6,-2200.85,2026/01/29 23:11:53
10674,1161.52,18435,-2205.4,2026/01/29 23:11:53
10675,1161.63,18441,-2202.3,2026/01/29 23:11:53
10676,1161.73,18436.8,-2201.92,2026/01/29 23:11:53
10677,1161.84,18439.8,-2202.97,2026/01/29 23:11:53
10678,1161.95,18437.8,-2204.77,2026/01/29 23:11:53
10679,1162.06,18440.6,-2201.13,2026/01/29 23:11:54
10680,1162.17,18438,-2205.16,2026/01/29 23:11:54
10681,1162.28,18440.1,-2202.79,2026/01/29 23:11:54
10682,1162.39,18438.7,-2204.01,2026/01/29 23:11:54
10683,1162.5,18438.4,-2204.96,2026/01/29 23:11:54
10684,1162.6,18443.3,-2201.64,2026/01/29 23:11:54
10685,1162.71,18436.8,-2204.48,2026/01/29 23:11:54
10686,1162.82,18443.5,-2204.17,2026/01/29 23:11:54
10687,1162.93,18441.3,-2203.28,2026/01/29 23:11:54
10688,1163.04,18439.3,-2204.6,2026/01/29 23:11:55
10689,1163.15,18444.2,-2204.01,2026/01/29 23:11:55
10690,1163.25,18440.3,-2203.88,2026/01/29 23:11:55
10691,1163.36,18443,-2202.87,2026/01/29 23:11:55
10692,1163.47,18441.4,-2206.1,2026/01/29 23:11:55
10693,1163.58,18443.4,-2201.77,2026/01/29 23:11:55
10694,1163.69,18443.2,-2204.73,2026/01/29 23:11:55
10695,1163.8,18442.7,-2204.46,2026/01/29 23:11:55
10696,1163.91,18445.1,-2202.49,2026/01/29 23:11:55
10697,1164.01,18441.1,-2206.3,2026/01/29 23:11:56
10698,1164.12,18448.1,-2203.82,2026/01/29 23:11:56
10699,1164.23,18440.6,-2204.89,2026/01/29 23:11:56
10700,1164.34,18446.3,-2205.12,2026/01/29 23:11:56
10701,1164.45,18444.3,-2204.2,2026/01/29 23:11:56
10702,1164.56,18442.3,-2205.03,2026/01/29 23:11:56
10703,1164.67,18447.2,-2204.78,2026/01/29 23:11:56
10704,1164.77,18442.4,-2205,2026/01/29 23:11:56
10705,1164.88,18447.3,-2204.97,2026/01/29 23:11:56
10706,1164.99,18444.4,-2204.83,2026/01/29 23:11:57
10707,1165.1,18447,-2202.35,2026/01/29 23:11:57
10708,1165.21,18443.5,-2207.52,2026/01/29 23:11:57
10709,1165.32,18447.9,-2203.88,2026/01/29 23:11:57
10710,1165.43,18444.5,-2204.96,2026/01/29 23:11:57
10711,1165.54,18445.3,-2206.43,2026/01/29 23:11:57
10712,1165.64,18449.5,-2203.26,2026/01/29 23:11:57
10713,1165.75,18443.4,-2206.76,2026/01/29 23:11:57
10714,1165.86,18449.8,-2206.13,2026/01/29 23:11:57
10715,1165.97,18444.4,-2204.89,2026/01/29 23:11:58
10716,1166.08,18446.7,-2205.56,2026/01/29 23:11:58
10717,1166.19,18447.2,-2205.35,2026/01/29 23:11:58
10718,1166.3,18444.8,-2204.94,2026/01/29 23:11:58
10719,1166.4,18449.8,-2207.06,2026/01/29 23:11:58
10720,1166.51,18445.9,-2206.43,2026/01/29 23:11:58
10721,1166.62,18449.6,-2203.18,2026/01/29 23:11:58
10722,1166.73,18445.7,-2207.44,2026/01/29 23:11:58
10723,1166.84,18449.6,-2204.65,2026/01/29 23:11:58
10724,1166.95,18446.4,-2205.39,2026/01/29 23:11:58
10725,1167.05,18449.2,-2206.34,2026/01/29 23:11:59
10726,1167.16,18450.4,-2202.99,2026/01/29 23:11:59
10727,1167.27,18445.4,-2207.35,2026/01/29 23:11:59
10728,1167.38,18450.9,-2206.06,2026/01/29 23:11:59
10729,1167.49,18447.5,-2206.3,2026/01/29 23:11:59
10730,1167.6,18449.3,-2205.91,2026/01/29 23:11:59
10731,1167.7,18455.6,-2205.35,2026/01/29 23:11:59
10732,1167.81,18451.7,-2205.83,2026/01/29 23:11:59
10733,1167.92,18461.9,-2206.52,2026/01/29 23:11:59
10734,1168.03,18460.1,-2208.1,2026/01/29 23:12:00
10735,1168.14,18464,-2205.22,2026/01/29 23:12:00
10736,1168.25,18462.2,-2207.45,2026/01/29 23:12:00
10737,1168.35,18463.7,-2207.49,2026/01/29 23:12:00
10738,1168.46,18465,-2205.81,2026/01/29 23:12:00
10739,1168.57,18463.1,-2209.39,2026/01/29 23:12:00
10740,1168.68,18468.1,-2205.5,2026/01/29 23:12:00
10741,1168.79,18461.5,-2206.82,2026/01/29 23:12:00
10742,1168.9,18466.6,-2207.54,2026/01/29 23:12:00
10743,1169.01,18465.1,-2206.66,2026/01/29 23:12:01
10744,1169.11,18462.4,-2208.18,2026/01/29 23:12:01
10745,1169.22,18467.8,-2207.67,2026/01/29 23:12:01
10746,1169.33,18462.7,-2206.51,2026/01/29 23:12:01
10747,1169.44,18466.9,-2207.48,2026/01/29 23:12:01
10748,1169.55,18463.7,-2208.43,2026/01/29 23:12:01
10749,1169.66,18467.5,-2205.11,2026/01/29 23:12:01
10750,1169.77,18463.1,-2210.65,2026/01/29 23:12:01
10751,1169.87,18467.3,-2206.82,2026/01/29 23:12:01
10752,1169.98,18465.2,-2207.37,2026/01/29 23:12:02
10753,1170.09,18465.4,-2209.71,2026/01/29 23:12:02
10754,1170.2,18469.4,-2206.4,2026/01/29 23:12:02
10755,1170.31,18463.1,-2209.57,2026/01/29 23:12:02
10756,1170.42,18469.3,-2209.22,2026/01/29 23:12:02
10757,1170.53,18464.7,-2207.62,2026/01/29 23:12:02
10758,1170.63,18465.8,-2208.36,2026/01/29 23:12:02
10759,1170.74,18467,-2208.7,2026/01/29 23:12:02
10760,1170.85,18466.8,-2207.49,2026/01/29 23:12:02
10761,1170.96,18468.8,-2209.11,2026/01/29 23:12:03
10762,1171.07,18465.5,-2208.34,2026/01/29 23:12:03
10763,1171.18,18469.5,-2205.88,2026/01/29 23:12:03
10764,1171.29,18464.7,-2210.23,2026/01/29 23:12:03
10765,1171.39,18468.5,-2207.52,2026/01/29 23:12:03
10766,1171.5,18466.7,-2208.08,2026/01/29 23:12:03
10767,1171.61,18466.5,-2210.32,2026/01/29 23:12:03
10768,1171.72,18469.5,-2206.23,2026/01/29 23:12:03
10769,1171.83,18464.9,-2209.09,2026/01/29 23:12:03
10770,1171.94,18470.8,-2209.76,2026/01/29 23:12:03
10771,1172.05,18466,-2207.26,2026/01/29 23:12:04
10772,1172.15,18467.8,-2209.13,2026/01/29 23:12:04
10773,1172.26,18470,-2208.78,2026/01/29 23:12:04
10774,1172.37,18465.8,-2208.69,2026/01/29 23:12:04
10775,1172.48,18475.9,-2208.67,2026/01/29 23:12:04
10776,1172.59,18474,-2210.33,2026/01/29 23:12:04
10777,1172.7,18475.5,-2206.12,2026/01/29 23:12:04
10778,1172.8,18472.2,-2211.1,2026/01/29 23:12:04
10779,1172.91,18475.4,-2208.16,2026/01/29 23:12:04
10780,1173.02,18473.8,-2209.18,2026/01/29 23:12:05
10781,1173.13,18473.5,-2210.37,2026/01/29 23:12:05
10782,1173.24,18477.8,-2207.39,2026/01/29 23:12:05
10783,1173.35,18470.3,-2210.8,2026/01/29 23:12:05
10784,1173.45,18478.1,-2210.15,2026/01/29 23:12:05
10785,1173.57,18472.7,-2208.45,2026/01/29 23:12:05
10786,1173.67,18475.9,-2210.22,2026/01/29 23:12:05
10787,1173.78,18475.3,-2208.92,2026/01/29 23:12:05
10788,1173.89,18475.3,-2208.66,2026/01/29 23:12:05
10789,1174,18476.9,-2209.62,2026/01/29 23:12:06
10790,1174.11,18473.6,-2208.68,2026/01/29 23:12:06
10791,1174.22,18476.8,-2208.99,2026/01/29 23:12:06
10792,1174.32,18474.1,-2211.86,2026/01/29 23:12:06
10793,1174.44,18477.8,-2207.5,2026/01/29 23:12:06
10794,1174.54,18473.2,-2212.71,2026/01/29 23:12:06
10795,1174.65,18478.2,-2208.34,2026/01/29 23:12:06
10796,1174.76,18474.9,-2209.17,2026/01/29 23:12:06
10797,1174.87,18474.4,-2211,2026/01/29 23:12:06
10798,1174.98,18479.1,-2207.85,2026/01/29 23:12:07
10799,1175.08,18472.1,-2209.16,2026/01/29 23:12:07
10800,1175.19,18478.8,-2209.87,2026/01/29 23:12:07
10801,1175.3,18475.1,-2209.21,2026/01/29 23:12:07
10802,1175.41,18475.6,-2210.46,2026/01/29 23:12:07
10803,1175.52,18478.2,-2209.42,2026/01/29 23:12:07
10804,1175.63,18473.9,-2209.91,2026/01/29 23:12:07
10805,1175.74,18477.7,-2209.66,2026/01/29 23:12:07
10806,1175.85,18474.8,-2209.76,2026/01/29 23:12:07
10807,1175.95,18477,-2208.12,2026/01/29 23:12:08
10808,1176.06,18474.9,-2210.62,2026/01/29 23:12:08
10809,1176.17,18476.8,-2208.26,2026/01/29 23:12:08
10810,1176.28,18475.3,-2209.69,2026/01/29 23:12:08
10811,1176.39,18476.2,-2209.21,2026/01/29 23:12:08
10812,1176.5,18477.8,-2208.33,2026/01/29 23:12:08
10813,1176.6,18471.5,-2211.91,2026/01/29 23:12:08
10814,1176.71,18480.1,-2209.37,2026/01/29 23:12:08
10815,1176.82,18472.7,-2210.38,2026/01/29 23:12:08
10816,1176.93,18477.9,-2210.37,2026/01/29 23:12:08
10817,1177.04,18476.3,-2208.87,2026/01/29 23:12:09
10818,1177.15,18473.5,-2212.06,2026/01/29 23:12:09
10819,1177.26,18478.5,-2209.38,2026/01/29 23:12:09
10820,1177.36,18473.4,-2210.83,2026/01/29 23:12:09
10821,1177.47,18477.3,-2210.37,2026/01/29 23:12:09
10822,1177.58,18475.1,-2210.92,2026/01/29 23:12:09
10823,1177.69,18476.4,-2209.09,2026/01/29 23:12:09
10824,1177.8,18475.5,-2211.85,2026/01/29 23:12:09
10825,1177.91,18475.4,-2208.85,2026/01/29 23:12:09
10826,1178.02,18477.7,-2209.75,2026/01/29 23:12:10
10827,1178.13,18474.3,-2212.33,2026/01/29 23:12:10
10828,1178.23,18479.3,-2208.2,2026/01/29 23:12:10
10829,1178.34,18474.3,-2210.63,2026/01/29 23:12:10
10830,1178.45,18477.1,-2210.27,2026/01/29 23:12:10
10831,1178.56,18476.6,-2208.62,2026/01/29 23:12:10
10832,1178.67,18475.1,-2212.1,2026/01/29 23:12:10
10833,1178.77,18479.6,-2208.94,2026/01/29 23:12:10
10834,1178.88,18474.5,-2209.29,2026/01/29 23:12:10
10835,1178.99,18476.6,-2210.57,2026/01/29 23:12:11
10836,1179.1,18477.5,-2210.04,2026/01/29 23:12:11
10837,1179.21,18474,-2210.9,2026/01/29 23:12:11
10838,1179.31,18478.8,-2210.48,2026/01/29 23:12:11
10839,1179.42,18476.7,-2211.76,2026/01/29 23:12:11
10840,1179.53,18478.2,-2208.32,2026/01/29 23:12:11
10841,1179.64,18476.8,-2212.25,2026/01/29 23:12:11
10842,1179.75,18478,-2209.48,2026/01/29 23:12:11
10843,1179.86,18477.2,-2211.33,2026/01/29 23:12:11
10844,1179.96,18475.8,-2211.51,2026/01/29 23:12:12
10845,1180.07,18481.3,-2207.06,2026/01/29 23:12:12
10846,1180.18,18474.6,-2211.59,2026/01/29 23:12:12
10847,1180.29,18479.8,-2210.03,2026/01/29 23:12:12
10848,1180.4,18477,-2209.69,2026/01/29 23:12:12
10849,1180.51,18475.2,-2212.7,2026/01/29 23:12:12
10850,1180.61,18478,-2208.06,2026/01/29 23:12:12
10851,1180.72,18467.1,-2210.18,2026/01/29 23:12:12
10852,1180.83,18457.9,-2210.54,2026/01/29 23:12:12
10853,1180.94,18423.8,-2208.33,2026/01/29 23:12:12
10854,1181.05,18387.5,-2202.87,2026/01/29 23:12:13
10855,1181.16,18322.6,-2187.27,2026/01/29 23:12:13
10856,1181.27,18203.3,-2169.93,2026/01/29 23:12:13
10857,1181.37,18117.7,-2161.68,2026/01/29 23:12:13
10858,1181.48,18062.5,-2156.04,2026/01/29 23:12:13
10859,1181.59,18052.6,-2159.4,2026/01/29 23:12:13
10860,1181.7,18078.5,-2157.93,2026/01/29 23:12:13
10861,1181.81,18070.9,-2149.25,2026/01/29 23:12:13
10862,1181.92,18010.1,-2162.63,2026/01/29 23:12:13
10863,1182.03,18045.4,-2157.41,2026/01/29 23:12:14
10864,1182.14,18056.5,-2154.64,2026/01/29 23:12:14
10865,1182.25,17982.8,-2157.23,2026/01/29 23:12:14
10866,1182.36,18016.9,-2162.09,2026/01/29 23:12:14
10867,1182.46,18179.2,-2158.05,2026/01/29 23:12:14
10868,1182.57,18264.9,-2144.54,2026/01/29 23:12:14
10869,1182.68,18241.8,-2161.04,2026/01/29 23:12:14
10870,1182.79,18317.3,-2170.68,2026/01/29 23:12:14
10871,1182.9,18349.6,-2179.12,2026/01/29 23:12:14
10872,1183.01,18361,-2182.6,2026/01/29 23:12:15
10873,1183.12,18355.4,-2181.82,2026/01/29 23:12:15
10874,1183.23,18342.9,-2178.94,2026/01/29 23:12:15
10875,1183.34,18336.9,-2176.16,2026/01/29 23:12:15
10876,1183.44,18329.2,-2166.71,2026/01/29 23:12:15
10877,1183.55,18225.9,-2159.31,2026/01/29 23:12:15
10878,1183.66,18142.6,-2153.78,2026/01/29 23:12:15
10879,1183.77,18084.6,-2149.57,2026/01/29 23:12:15
10880,1183.88,18030.8,-2152.68,2026/01/29 23:12:15
10881,1183.99,17973.1,-2151.46,2026/01/29 23:12:16
10882,1184.09,17937.4,-2151.39,2026/01/29 23:12:16
10883,1184.2,17949.3,-2150.91,2026/01/29 23:12:16
10884,1184.31,17929.9,-2148.85,2026/01/29 23:12:16
10885,1184.42,17960.5,-2150.96,2026/01/29 23:12:16
10886,1184.53,18068.5,-2147.22,2026/01/29 23:12:16
10887,1184.64,18178.3,-2145.21,2026/01/29 23:12:16
10888,1184.74,18270.7,-2142.84,2026/01/29 23:12:16
10889,1184.85,18235.7,-2146.17,2026/01/29 23:12:16
10890,1184.96,18228.6,-2155.53,2026/01/29 23:12:17
10891,1185.07,18267.4,-2166.42,2026/01/29 23:12:17
10892,1185.18,18325.2,-2175.39,2026/01/29 23:12:17
10893,1185.29,18345.2,-2180.96,2026/01/29 23:12:17
10894,1185.39,18360.4,-2183.52,2026/01/29 23:12:17
10895,1185.5,18364.6,-2185.51,2026/01/29 23:12:17
10896,1185.61,18373.6,-2187.54,2026/01/29 23:12:17
10897,1185.72,18381.4,-2191.37,2026/01/29 23:12:17
10898,1185.83,18388.7,-2188.58,2026/01/29 23:12:17
10899,1185.94,18388.5,-2192.87,2026/01/29 23:12:17
10900,1186.04,18389.6,-2189.84,2026/01/29 23:12:18
10901,1186.15,18389.5,-2190.07,2026/01/29 23:12:18
10902,1186.26,18380.1,-2191.67,2026/01/29 23:12:18
10903,1186.37,18365.2,-2183.5,2026/01/29 23:12:18
10904,1186.48,18348.9,-2173.08,2026/01/29 23:12:18
10905,1186.59,18238,-2162.49,2026/01/29 23:12:18
10906,1186.69,18147,-2153.52,2026/01/29 23:12:18
10907,1186.8,18082.1,-2147.98,2026/01/29 23:12:18
10908,1186.91,18037.1,-2141.78,2026/01/29 23:12:18
10909,1187.02,17969.7,-2149.83,2026/01/29 23:12:19
10910,1187.13,17938.9,-2147.98,2026/01/29 23:12:19
10911,1187.24,17943.7,-2146.04,2026/01/29 23:12:19
10912,1187.35,17938.9,-2144.54,2026/01/29 23:12:19
10913,1187.45,17950.2,-2146.85,2026/01/29 23:12:19
10914,1187.56,18033.1,-2146.44,2026/01/29 23:12:19
10915,1187.67,18133.6,-2142.54,2026/01/29 23:12:19
10916,1187.78,18244.4,-2139.8,2026/01/29 23:12:19
10917,1187.89,18288.2,-2143.6,2026/01/29 23:12:19
10918,1188,18240,-2149.1,2026/01/29 23:12:20
10919,1188.1,18240.2,-2152,2026/01/29 23:12:20
10920,1188.21,18244.3,-2157.6,2026/01/29 23:12:20
10921,1188.32,18265.4,-2161.59,2026/01/29 23:12:20
10922,1188.43,18314,-2168.21,2026/01/29 23:12:20
10923,1188.54,18335.2,-2176.85,2026/01/29 23:12:20
10924,1188.65,18356.3,-2177.89,2026/01/29 23:12:20
10925,1188.75,18362.9,-2181.6,2026/01/29 23:12:20
10926,1188.86,18370.6,-2184.04,2026/01/29 23:12:20
10927,1188.97,18382.7,-2187.32,2026/01/29 23:12:21
10928,1189.08,18389.8,-2191.62,2026/01/29 23:12:21
10929,1189.19,18399.6,-2188.28,2026/01/29 23:12:21
10930,1189.29,18395.6,-2190.53,2026/01/29 23:12:21
10931,1189.4,18396.5,-2190.61,2026/01/29 23:12:21
10932,1189.51,18397.2,-2189.23,2026/01/29 23:12:21
10933,1189.62,18393.9,-2192.88,2026/01/29 23:12:21
10934,1189.73,18402.6,-2190.69,2026/01/29 23:12:21
10935,1189.84,18397.9,-2191.63,2026/01/29 23:12:21
10936,1189.94,18399.5,-2192.63,2026/01/29 23:12:21
10937,1190.05,18401.7,-2191.26,2026/01/29 23:12:22
10938,1190.16,18398.6,-2194.25,2026/01/29 23:12:22
10939,1190.27,18399.4,-2191.74,2026/01/29 23:12:22
10940,1190.38,18387.2,-2192.11,2026/01/29 23:12:22
10941,1190.49,18361.6,-2187.92,2026/01/29 23:12:22
10942,1190.59,18370.9,-2182.5,2026/01/29 23:12:22
10943,1190.7,18348.8,-2172.6,2026/01/29 23:12:22
10944,1190.81,18253.1,-2167.02,2026/01/29 23:12:22
10945,1190.92,18180.9,-2158.54,2026/01/29 23:12:22
10946,1191.03,18139.1,-2156.73,2026/01/29 23:12:23
10947,1191.14,18093.5,-2150.85,2026/01/29 23:12:23
10948,1191.25,18069,-2147.62,2026/01/29 23:12:23
10949,1191.36,18041,-2146.78,2026/01/29 23:12:23
10950,1191.47,18011.5,-2143.16,2026/01/29 23:12:23
10951,1191.57,17979.3,-2146.22,2026/01/29 23:12:23
10952,1191.68,17986.5,-2141.97,2026/01/29 23:12:23
10953,1191.79,17996,-2142.82,2026/01/29 23:12:23
10954,1191.9,17990.1,-2140.77,2026/01/29 23:12:23
10955,1192.01,17978.4,-2143.71,2026/01/29 23:12:24
10956,1192.12,17992.8,-2144.56,2026/01/29 23:12:24
10957,1192.23,18063.7,-2142.06,2026/01/29 23:12:24
10958,1192.34,18158,-2146.28,2026/01/29 23:12:24
10959,1192.45,18295.6,-2141.05,2026/01/29 23:12:24
10960,1192.55,18242.7,-2150.33,2026/01/29 23:12:24
10961,1192.66,18235.7,-2153.63,2026/01/29 23:12:24
10962,1192.77,18256,-2158.08,2026/01/29 23:12:24
10963,1192.88,18315.7,-2169.92,2026/01/29 23:12:24
10964,1192.99,18346.1,-2172.4,2026/01/29 23:12:25
10965,1193.1,18353.7,-2176.21,2026/01/29 23:12:25
10966,1193.21,18359.6,-2181.37,2026/01/29 23:12:25
10967,1193.31,18360.6,-2181.86,2026/01/29 23:12:25
10968,1193.42,18362.7,-2182.96,2026/01/29 23:12:25
10969,1193.53,18370.2,-2182.8,2026/01/29 23:12:25
10970,1193.64,18368.4,-2184.25,2026/01/29 23:12:25
10971,1193.75,18374.7,-2185.7,2026/01/29 23:12:25
10972,1193.86,18371.8,-2185.48,2026/01/29 23:12:25
10973,1193.97,18377.4,-2185.79,2026/01/29 23:12:26
10974,1194.08,18375.2,-2187.92,2026/01/29 23:12:26
10975,1194.18,18367.9,-2184.53,2026/01/29 23:12:26
10976,1194.29,18342.4,-2186.17,2026/01/29 23:12:26
10977,1194.4,18343.7,-2178.29,2026/01/29 23:12:26
10978,1194.51,18328.5,-2169.12,2026/01/29 23:12:26
10979,1194.62,18238.9,-2161.9,2026/01/29 23:12:26
10980,1194.73,18178.6,-2156.42,2026/01/29 23:12:26
10981,1194.84,18142.3,-2156.05,2026/01/29 23:12:26
10982,1194.95,18134.7,-2152.66,2026/01/29 23:12:26
10983,1195.06,18123.3,-2154.31,2026/01/29 23:12:27
10984,1195.16,18109.4,-2150.62,2026/01/29 23:12:27
10985,1195.27,18136.4,-2155.24,2026/01/29 23:12:27
10986,1195.38,18214,-2152.41,2026/01/29 23:12:27
10987,1195.49,18243.1,-2150.66,2026/01/29 23:12:27
10988,1195.6,18236.3,-2150.75,2026/01/29 23:12:27
10989,1195.71,18171,-2146.56,2026/01/29 23:12:27
10990,1195.82,18122.6,-2153.15,2026/01/29 23:12:27
10991,1195.93,18152.5,-2151.05,2026/01/29 23:12:27
10992,1196.04,18238,-2152.6,2026/01/29 23:12:28
10993,1196.14,18322.1,-2151.26,2026/01/29 23:12:28
10994,1196.25,18287.6,-2155.81,2026/01/29 23:12:28
10995,1196.36,18291.5,-2163.31,2026/01/29 23:12:28
10996,1196.47,18310.5,-2167.83,2026/01/29 23:12:28
10997,1196.58,18328.7,-2175.21,2026/01/29 23:12:28
10998,1196.69,18344.2,-2176.08,2026/01/29 23:12:28
10999,1196.8,18356.6,-2181.82,2026/01/29 23:12:28
11000,1196.91,18367.8,-2184.02,2026/01/29 23:12:28
11001,1197.02,18364.7,-2184.53,2026/01/29 23:12:29
11002,1197.13,18371.6,-2186.2,2026/01/29 23:12:29
11003,1197.24,18369.4,-2186.74,2026/01/29 23:12:29
11004,1197.35,18374.9,-2187.23,2026/01/29 23:12:29
11005,1197.45,18373.6,-2189.53,2026/01/29 23:12:29
11006,1197.56,18371.3,-2185.76,2026/01/29 23:12:29
11007,1197.67,18352.6,-2186.85,2026/01/29 23:12:29
11008,1197.78,18337.4,-2181.42,2026/01/29 23:12:29
11009,1197.89,18368.5,-2175.79,2026/01/29 23:12:29
11010,1198,18309.1,-2168.51,2026/01/29 23:12:30
11011,1198.11,18238,-2163.59,2026/01/29 23:12:30
11012,1198.22,18177,-2159.61,2026/01/29 23:12:30
11013,1198.32,18133.8,-2154.05,2026/01/29 23:12:30
11014,1198.43,18101.4,-2155.01,2026/01/29 23:12:30
11015,1198.54,18089.3,-2149.45,2026/01/29 23:12:30
11016,1198.65,18066.5,-2151.11,2026/01/29 23:12:30
11017,1198.76,18079.2,-2151.27,2026/01/29 23:12:30
11018,1198.87,18132.8,-2149.98,2026/01/29 23:12:30
11019,1198.98,18219.5,-2153.68,2026/01/29 23:12:31
11020,1199.09,18288.7,-2148.79,2026/01/29 23:12:31
11021,1199.19,18344.1,-2153.99,2026/01/29 23:12:31
11022,1199.3,18322,-2156.28,2026/01/29 23:12:31
11023,1199.41,18307.2,-2159.41,2026/01/29 23:12:31
11024,1199.52,18304.7,-2163.57,2026/01/29 23:12:31
11025,1199.63,18321,-2165.56,2026/01/29 23:12:31
11026,1199.74,18325,-2174.79,2026/01/29 23:12:31
11027,1199.85,18352.6,-2177.08,2026/01/29 23:12:31
11028,1199.95,18356.6,-2181.7,2026/01/29 23:12:32
11029,1200.06,18376.9,-2186.9,2026/01/29 23:12:32
11030,1200.17,18387.8,-2188.89,2026/01/29 23:12:32
11031,1200.28,18390.3,-2191.36,2026/01/29 23:12:32
11032,1200.39,18396.6,-2189.28,2026/01/29 23:12:32
11033,1200.5,18391.7,-2192.23,2026/01/29 23:12:32
11034,1200.6,18396.7,-2192.14,2026/01/29 23:12:32
11035,1200.71,18391.7,-2191.63,2026/01/29 23:12:32
11036,1200.82,18385.5,-2191.08,2026/01/29 23:12:32
11037,1200.93,18373.2,-2189.38,2026/01/29 23:12:32
11038,1201.04,18351.1,-2185.39,2026/01/29 23:12:33
11039,1201.15,18373.7,-2176.58,2026/01/29 23:12:33
11040,1201.25,18292.3,-2171.76,2026/01/29 23:12:33
11041,1201.36,18226.4,-2162.77,2026/01/29 23:12:33
11042,1201.47,18178.8,-2160.25,2026/01/29 23:12:33
11043,1201.58,18140.1,-2156.53,2026/01/29 23:12:33
11044,1201.69,18097.7,-2154.43,2026/01/29 23:12:33
11045,1201.8,18062,-2152.68,2026/01/29 23:12:33
11046,1201.9,18097.3,-2150.65,2026/01/29 23:12:33
11047,1202.01,18169.6,-2154.36,2026/01/29 23:12:34
11048,1202.12,18254.4,-2149.69,2026/01/29 23:12:34
11049,1202.23,18328.9,-2152.57,2026/01/29 23:12:34
11050,1202.34,18320.6,-2154.73,2026/01/29 23:12:34
11051,1202.45,18302.6,-2160.05,2026/01/29 23:12:34
11052,1202.56,18310.3,-2166.15,2026/01/29 23:12:34
11053,1202.67,18335,-2169.98,2026/01/29 23:12:34
11054,1202.77,18358.9,-2181.07,2026/01/29 23:12:34
11055,1202.88,18373.8,-2181.69,2026/01/29 23:12:34
11056,1202.99,18376.2,-2186,2026/01/29 23:12:35
11057,1203.1,18380.8,-2187.36,2026/01/29 23:12:35
11058,1203.21,18383.3,-2185.38,2026/01/29 23:12:35
11059,1203.32,18376.4,-2188.14,2026/01/29 23:12:35
11060,1203.43,18367.7,-2183.43,2026/01/29 23:12:35
11061,1203.53,18346.3,-2182.91,2026/01/29 23:12:35
11062,1203.64,18374.5,-2178.57,2026/01/29 23:12:35
11063,1203.75,18360.2,-2173.06,2026/01/29 23:12:35
11064,1203.86,18312.7,-2170.44,2026/01/29 23:12:35
11065,1203.97,18263.2,-2164.64,2026/01/29 23:12:36
11066,1204.08,18217.9,-2164.73,2026/01/29 23:12:36
11067,1204.19,18190.8,-2157.36,2026/01/29 23:12:36
11068,1204.3,18158.5,-2158.66,2026/01/29 23:12:36
11069,1204.41,18129.8,-2152.46,2026/01/29 23:12:36
11070,1204.51,18108.1,-2154.8,2026/01/29 23:12:36
11071,1204.62,18140.3,-2154.22,2026/01/29 23:12:36
11072,1204.73,18204.2,-2153.67,2026/01/29 23:12:36
11073,1204.84,18289.7,-2155.31,2026/01/29 23:12:36
11074,1204.95,18347,-2152.47,2026/01/29 23:12:36
11075,1205.06,18309.5,-2160.72,2026/01/29 23:12:37
11076,1205.16,18309.2,-2162.04,2026/01/29 23:12:37
11077,1205.27,18319,-2168.81,2026/01/29 23:12:37
11078,1205.38,18331.7,-2173.64,2026/01/29 23:12:37
11079,1205.49,18352.3,-2179.16,2026/01/29 23:12:37
11080,1205.6,18362,-2183.6,2026/01/29 23:12:37
11081,1205.71,18372.9,-2185.6,2026/01/29 23:12:37
11082,1205.81,18371.4,-2185.83,2026/01/29 23:12:37
11083,1205.92,18371.8,-2186.42,2026/01/29 23:12:37
11084,1206.03,18358.6,-2185.84,2026/01/29 23:12:38
11085,1206.14,18347.6,-2183,2026/01/29 23:12:38
11086,1206.25,18336.9,-2181.37,2026/01/29 23:12:38
11087,1206.36,18361.8,-2178.94,2026/01/29 23:12:38
11088,1206.47,18354.3,-2172.72,2026/01/29 23:12:38
11089,1206.57,18309.6,-2170,2026/01/29 23:12:38
11090,1206.68,18275.5,-2166.85,2026/01/29 23:12:38
11091,1206.79,18243.4,-2165.56,2026/01/29 23:12:38
11092,1206.9,18226.8,-2161.67,2026/01/29 23:12:38
11093,1207.01,18210.6,-2161.55,2026/01/29 23:12:39
11094,1207.12,18188.8,-2157.27,2026/01/29 23:12:39
11095,1207.23,18167.9,-2158.82,2026/01/29 23:12:39
11096,1207.34,18165,-2156.33,2026/01/29 23:12:39
11097,1207.45,18175.3,-2157.97,2026/01/29 23:12:39
11098,1207.55,18172.3,-2156.75,2026/01/29 23:12:39
11099,1207.66,18203,-2159.16,2026/01/29 23:12:39
11100,1207.77,18301.3,-2161.7,2026/01/29 23:12:39
11101,1207.88,18338.5,-2157.58,2026/01/29 23:12:39
11102,1207.99,18307.4,-2167.79,2026/01/29 23:12:40
11103,1208.1,18325.2,-2169.42,2026/01/29 23:12:40
11104,1208.21,18336,-2177.59,2026/01/29 23:12:40
11105,1208.32,18358.7,-2179.03,2026/01/29 23:12:40
11106,1208.43,18375.3,-2181.16,2026/01/29 23:12:40
11107,1208.54,18384,-2182.16,2026/01/29 23:12:40
11108,1208.64,18387.3,-2182.02,2026/01/29 23:12:40
11109,1208.75,18370.2,-2184.5,2026/01/29 23:12:40
11110,1208.86,18359.4,-2177.72,2026/01/29 23:12:40
11111,1208.97,18385.1,-2177,2026/01/29 23:12:41
11112,1209.08,18350.4,-2167.82,2026/01/29 23:12:41
11113,1209.19,18299.5,-2166.05,2026/01/29 23:12:41
11114,1209.3,18266.4,-2162.73,2026/01/29 23:12:41
11115,1209.41,18238.1,-2161.39,2026/01/29 23:12:41
11116,1209.52,18211.3,-2158.65,2026/01/29 23:12:41
11117,1209.62,18184.2,-2155.69,2026/01/29 23:12:41
11118,1209.73,18152.3,-2159.44,2026/01/29 23:12:41
11119,1209.84,18163.6,-2153.86,2026/01/29 23:12:41
11120,1209.95,18183.6,-2158.03,2026/01/29 23:12:41
11121,1210.06,18256.2,-2157.89,2026/01/29 23:12:42
11122,1210.17,18340.3,-2158.07,2026/01/29 23:12:42
11123,1210.28,18360.8,-2159.04,2026/01/29 23:12:42
11124,1210.39,18335,-2159.43,2026/01/29 23:12:42
11125,1210.49,18334.2,-2169.02,2026/01/29 23:12:42
11126,1210.6,18351,-2169.42,2026/01/29 23:12:42
11127,1210.71,18363.4,-2175.83,2026/01/29 23:12:42
11128,1210.82,18382.1,-2179.12,2026/01/29 23:12:42
11129,1210.93,18392,-2181.97,2026/01/29 23:12:42
11130,1211.04,18403.6,-2187.17,2026/01/29 23:12:43
11131,1211.14,18408.8,-2184.33,2026/01/29 23:12:43
11132,1211.25,18397.2,-2184.76,2026/01/29 23:12:43
11133,1211.36,18383.9,-2184.6,2026/01/29 23:12:43
11134,1211.47,18356.3,-2179.64,2026/01/29 23:12:43
11135,1211.58,18389.3,-2177.97,2026/01/29 23:12:43
11136,1211.69,18385.8,-2171.96,2026/01/29 23:12:43
11137,1211.8,18342.7,-2169.88,2026/01/29 23:12:43
11138,1211.9,18312.7,-2164.37,2026/01/29 23:12:43
11139,1212.01,18266.9,-2163.89,2026/01/29 23:12:44
11140,1212.12,18230.6,-2159.95,2026/01/29 23:12:44
11141,1212.23,18196.7,-2155.07,2026/01/29 23:12:44
11142,1212.34,18179.3,-2155.07,2026/01/29 23:12:44
11143,1212.45,18160.4,-2155.45,2026/01/29 23:12:44
11144,1212.56,18162.8,-2154.13,2026/01/29 23:12:44
11145,1212.67,18172.7,-2152.6,2026/01/29 23:12:44
11146,1212.78,18161.2,-2152.51,2026/01/29 23:12:44
11147,1212.88,18142.9,-2152.93,2026/01/29 23:12:44
11148,1212.99,18148.4,-2153.99,2026/01/29 23:12:45
11149,1213.1,18195.2,-2152.33,2026/01/29 23:12:45
11150,1213.21,18264.9,-2153.8,2026/01/29 23:12:45
11151,1213.32,18354.8,-2156.08,2026/01/29 23:12:45
11152,1213.43,18338.9,-2158,2026/01/29 23:12:45
11153,1213.54,18315.5,-2160.02,2026/01/29 23:12:45
11154,1213.65,18332.6,-2168.59,2026/01/29 23:12:45
11155,1213.75,18345.6,-2172.5,2026/01/29 23:12:45
11156,1213.86,18370.3,-2175.47,2026/01/29 23:12:45
11157,1213.97,18374.4,-2182.16,2026/01/29 23:12:46
11158,1214.08,18382.3,-2179.21,2026/01/29 23:12:46
11159,1214.19,18376.8,-2183.62,2026/01/29 23:12:46
11160,1214.3,18363.1,-2178.4,2026/01/29 23:12:46
11161,1214.41,18349.8,-2177.55,2026/01/29 23:12:46
11162,1214.52,18378,-2175.15,2026/01/29 23:12:46
11163,1214.62,18361.5,-2168.33,2026/01/29 23:12:46
11164,1214.73,18312,-2167.9,2026/01/29 23:12:46
11165,1214.84,18275.3,-2161.77,2026/01/29 23:12:46
11166,1214.95,18242.7,-2162.12,2026/01/29 23:12:46
11167,1215.06,18226.6,-2158.25,2026/01/29 23:12:47
11168,1215.17,18199.2,-2155.76,2026/01/29 23:12:47
11169,1215.28,18171.1,-2155.59,2026/01/29 23:12:47
11170,1215.38,18140.9,-2152.75,2026/01/29 23:12:47
11171,1215.49,18121.4,-2155.46,2026/01/29 23:12:47
11172,1215.6,18128,-2151.34,2026/01/29 23:12:47
11173,1215.71,18139.3,-2154.39,2026/01/29 23:12:47
11174,1215.82,18173.4,-2149.48,2026/01/29 23:12:47
11175,1215.93,18220.1,-2152.03,2026/01/29 23:12:47
11176,1216.04,18299.7,-2152.56,2026/01/29 23:12:48
11177,1216.15,18367.9,-2151.9,2026/01/29 23:12:48
11178,1216.26,18323.5,-2158.3,2026/01/29 23:12:48
11179,1216.37,18315.3,-2160.15,2026/01/29 23:12:48
11180,1216.47,18325.7,-2169.6,2026/01/29 23:12:48
11181,1216.58,18344.5,-2171.62,2026/01/29 23:12:48
11182,1216.69,18363.7,-2176.78,2026/01/29 23:12:48
11183,1216.8,18382.1,-2182.05,2026/01/29 23:12:48
11184,1216.91,18401,-2185.01,2026/01/29 23:12:48
11185,1217.01,18410,-2188.79,2026/01/29 23:12:49
11186,1217.12,18426.3,-2188.93,2026/01/29 23:12:49
11187,1217.23,18421.2,-2189.95,2026/01/29 23:12:49
11188,1217.34,18410.7,-2188.49,2026/01/29 23:12:49
11189,1217.45,18395,-2188.88,2026/01/29 23:12:49
11190,1217.56,18363.2,-2182.5,2026/01/29 23:12:49
11191,1217.67,18362.8,-2180.94,2026/01/29 23:12:49
11192,1217.77,18385.6,-2176.99,2026/01/29 23:12:49
11193,1217.88,18371.6,-2169.58,2026/01/29 23:12:49
11194,1217.99,18337.7,-2170.92,2026/01/29 23:12:50
11195,1218.1,18314.8,-2165.56,2026/01/29 23:12:50
11196,1218.21,18291.9,-2166.8,2026/01/29 23:12:50
11197,1218.32,18274.1,-2164.04,2026/01/29 23:12:50
11198,1218.42,18260.5,-2163.12,2026/01/29 23:12:50
11199,1218.53,18234.8,-2163.22,2026/01/29 23:12:50
11200,1218.64,18220.9,-2157.08,2026/01/29 23:12:50
11201,1218.75,18199.3,-2160.39,2026/01/29 23:12:50
11202,1218.86,18183.8,-2155.59,2026/01/29 23:12:50
11203,1218.97,18161.7,-2157.49,2026/01/29 23:12:51
11204,1219.08,18166.9,-2156.8,2026/01/29 23:12:51
11205,1219.18,18188.1,-2155.55,2026/01/29 23:12:51
11206,1219.29,18256.4,-2159.42,2026/01/29 23:12:51
11207,1219.4,18354.7,-2155.42,2026/01/29 23:12:51
11208,1219.51,18339.4,-2159.21,2026/01/29 23:12:51
11209,1219.62,18325.7,-2164.45,2026/01/29 23:12:51
11210,1219.73,18334.8,-2170.52,2026/01/29 23:12:51
11211,1219.84,18347,-2173.22,2026/01/29 23:12:51
11212,1219.94,18372,-2176.02,2026/01/29 23:12:51
11213,1220.05,18378.7,-2182.8,2026/01/29 23:12:52
11214,1220.16,18406.7,-2187.22,2026/01/29 23:12:52
11215,1220.27,18417.2,-2187.28,2026/01/29 23:12:52
11216,1220.38,18421.7,-2189.97,2026/01/29 23:12:52
11217,1220.49,18423.4,-2189.74,2026/01/29 23:12:52
11218,1220.6,18426.9,-2192.25,2026/01/29 23:12:52
11219,1220.7,18432.4,-2190.63,2026/01/29 23:12:52
11220,1220.81,18425.1,-2191.82,2026/01/29 23:12:52
11221,1220.92,18421.2,-2190.58,2026/01/29 23:12:52
11222,1221.03,18401.5,-2191.16,2026/01/29 23:12:53
11223,1221.14,18383,-2185.55,2026/01/29 23:12:53
11224,1221.25,18365.2,-2183.52,2026/01/29 23:12:53
11225,1221.36,18387.6,-2175.47,2026/01/29 23:12:53
11226,1221.46,18333,-2168.72,2026/01/29 23:12:53
11227,1221.57,18271.5,-2162.51,2026/01/29 23:12:53
11228,1221.68,18237,-2161.57,2026/01/29 23:12:53
11229,1221.79,18211.8,-2160.5,2026/01/29 23:12:53
11230,1221.9,18196.6,-2154.83,2026/01/29 23:12:53
11231,1222.01,18176.9,-2160.16,2026/01/29 23:12:54
11232,1222.12,18181.7,-2155.5,2026/01/29 23:12:54
11233,1222.23,18197.4,-2156.03,2026/01/29 23:12:54
11234,1222.33,18228.4,-2157.49,2026/01/29 23:12:54
11235,1222.44,18295.8,-2157.81,2026/01/29 23:12:54
11236,1222.55,18353.8,-2162.18,2026/01/29 23:12:54
11237,1222.66,18365.1,-2159.55,2026/01/29 23:12:54
11238,1222.77,18338.5,-2168.87,2026/01/29 23:12:54
11239,1222.88,18353.4,-2169.23,2026/01/29 23:12:54
11240,1222.99,18361.6,-2177.72,2026/01/29 23:12:55
11241,1223.1,18384.5,-2178.83,2026/01/29 23:12:55
11242,1223.21,18389.6,-2182.49,2026/01/29 23:12:55
11243,1223.32,18409.1,-2187.6,2026/01/29 23:12:55
11244,1223.42,18423.3,-2188.84,2026/01/29 23:12:55
11245,1223.53,18426.4,-2192.66,2026/01/29 23:12:55
11246,1223.64,18428.6,-2189.17,2026/01/29 23:12:55
11247,1223.75,18415.8,-2192.92,2026/01/29 23:12:55
11248,1223.86,18402.5,-2187.64,2026/01/29 23:12:55
11249,1223.97,18377.6,-2187.34,2026/01/29 23:12:56
11250,1224.08,18352.3,-2182.31,2026/01/29 23:12:56
11251,1224.19,18387.5,-2176.55,2026/01/29 23:12:56
11252,1224.3,18377.3,-2173.07,2026/01/29 23:12:56
11253,1224.4,18329,-2165.84,2026/01/29 23:12:56
11254,1224.51,18286.3,-2166.46,2026/01/29 23:12:56
11255,1224.62,18261.8,-2162.18,2026/01/29 23:12:56
11256,1224.73,18234.3,-2161.13,2026/01/29 23:12:56
11257,1224.84,18215,-2160.07,2026/01/29 23:12:56
11258,1224.95,18189.9,-2156.6,2026/01/29 23:12:56
11259,1225.06,18173.7,-2157.71,2026/01/29 23:12:57
11260,1225.16,18165.3,-2157.54,2026/01/29 23:12:57
11261,1225.27,18181.3,-2157.58,2026/01/29 23:12:57
11262,1225.38,18252.1,-2156.96,2026/01/29 23:12:57
11263,1225.49,18326.9,-2159.78,2026/01/29 23:12:57
11264,1225.6,18361.4,-2159.22,2026/01/29 23:12:57
11265,1225.71,18331.4,-2165.38,2026/01/29 23:12:57
11266,1225.82,18341.5,-2169.44,2026/01/29 23:12:57
11267,1225.92,18357.6,-2176.57,2026/01/29 23:12:57
11268,1226.03,18375.2,-2179.07,2026/01/29 23:12:58
11269,1226.14,18391,-2184.51,2026/01/29 23:12:58
11270,1226.25,18396.2,-2185.46,2026/01/29 23:12:58
11271,1226.36,18401.2,-2187.52,2026/01/29 23:12:58
11272,1226.47,18399.8,-2189.11,2026/01/29 23:12:58
11273,1226.58,18401.3,-2186.59,2026/01/29 23:12:58
11274,1226.69,18394.8,-2190.59,2026/01/29 23:12:58
11275,1226.8,18385.1,-2185.48,2026/01/29 23:12:58
11276,1226.9,18364.3,-2185.21,2026/01/29 23:12:58
11277,1227.01,18350.8,-2179.42,2026/01/29 23:12:59
11278,1227.12,18385.9,-2175.49,2026/01/29 23:12:59
11279,1227.23,18343.9,-2168.85,2026/01/29 23:12:59
11280,1227.34,18291.1,-2163.03,2026/01/29 23:12:59
11281,1227.45,18245.5,-2162.24,2026/01/29 23:12:59
11282,1227.56,18207.8,-2156.09,2026/01/29 23:12:59
11283,1227.67,18161.4,-2159.73,2026/01/29 23:12:59
11284,1227.78,18125.6,-2149.81,2026/01/29 23:12:59
11285,1227.88,18093.8,-2155.74,2026/01/29 23:12:59
11286,1227.99,18118.1,-2152.17,2026/01/29 23:13:00
11287,1228.1,18167.3,-2150.98,2026/01/29 23:13:00
11288,1228.21,18239.6,-2151.12,2026/01/29 23:13:00
11289,1228.32,18328.9,-2149.86,2026/01/29 23:13:00
11290,1228.43,18328.8,-2154.43,2026/01/29 23:13:00
11291,1228.54,18316.5,-2155.43,2026/01/29 23:13:00
11292,1228.65,18319.6,-2166.79,2026/01/29 23:13:00
11293,1228.76,18336.4,-2167.71,2026/01/29 23:13:00
11294,1228.87,18354.2,-2175.72,2026/01/29 23:13:00
11295,1228.98,18377.1,-2176.96,2026/01/29 23:13:01
11296,1229.08,18381.7,-2180.82,2026/01/29 23:13:01
11297,1229.19,18391.8,-2182.96,2026/01/29 23:13:01
11298,1229.3,18393,-2183.52,2026/01/29 23:13:01
11299,1229.41,18389.7,-2186.22,2026/01/29 23:13:01
11300,1229.52,18387.5,-2182.21,2026/01/29 23:13:01
11301,1229.63,18361.3,-2184.91,2026/01/29 23:13:01
11302,1229.74,18346.4,-2177.95,2026/01/29 23:13:01
11303,1229.84,18373.7,-2176.65,2026/01/29 23:13:01
11304,1229.96,18371.8,-2169.89,2026/01/29 23:13:02
11305,1230.06,18318.6,-2166.04,2026/01/29 23:13:02
11306,1230.17,18275,-2162.47,2026/01/29 23:13:02
11307,1230.28,18232.3,-2159.36,2026/01/29 23:13:02
11308,1230.39,18190.2,-2157.92,2026/01/29 23:13:02
11309,1230.5,18167.6,-2153.62,2026/01/29 23:13:02
11310,1230.61,18132,-2151.09,2026/01/29 23:13:02
11311,1230.72,18117.9,-2148.78,2026/01/29 23:13:02
11312,1230.83,18093.8,-2152.62,2026/01/29 23:13:02
11313,1230.93,18116.4,-2152.17,2026/01/29 23:13:02
11314,1231.05,18145.4,-2150.21,2026/01/29 23:13:03
11315,1231.15,18169.2,-2149.25,2026/01/29 23:13:03
11316,1231.26,18222.3,-2150.95,2026/01/29 23:13:03
11317,1231.37,18305.4,-2152.48,2026/01/29 23:13:03
11318,1231.48,18345.1,-2150.95,2026/01/29 23:13:03
11319,1231.59,18308,-2159.91,2026/01/29 23:13:03
11320,1231.7,18317.5,-2162.33,2026/01/29 23:13:03
11321,1231.81,18328.5,-2169.09,2026/01/29 23:13:03
11322,1231.92,18364.1,-2174.53,2026/01/29 23:13:03
11323,1232.02,18373.7,-2177.93,2026/01/29 23:13:04
11324,1232.13,18377.9,-2180.88,2026/01/29 23:13:04
11325,1232.24,18381.3,-2179.44,2026/01/29 23:13:04
11326,1232.35,18374.8,-2182.89,2026/01/29 23:13:04
11327,1232.46,18369.1,-2179.03,2026/01/29 23:13:04
11328,1232.57,18340.2,-2179.46,2026/01/29 23:13:04
11329,1232.68,18370.9,-2173.72,2026/01/29 23:13:04
11330,1232.79,18350.1,-2166.99,2026/01/29 23:13:04
11331,1232.9,18298.1,-2163.04,2026/01/29 23:13:04
11332,1233.01,18244.6,-2160.92,2026/01/29 23:13:05
11333,1233.11,18212.7,-2158.37,2026/01/29 23:13:05
11334,1233.22,18169.6,-2155,2026/01/29 23:13:05
11335,1233.33,18127.8,-2151.93,2026/01/29 23:13:05
11336,1233.44,18106.1,-2150.67,2026/01/29 23:13:05
11337,1233.55,18107.3,-2153.48,2026/01/29 23:13:05
11338,1233.66,18142.6,-2148.9,2026/01/29 23:13:05
11339,1233.77,18175.7,-2151.42,2026/01/29 23:13:05
11340,1233.88,18275.5,-2150.79,2026/01/29 23:13:05
11341,1233.99,18337.5,-2148.7,2026/01/29 23:13:06
11342,1234.1,18301.6,-2157.37,2026/01/29 23:13:06
11343,1234.21,18313.5,-2164.16,2026/01/29 23:13:06
11344,1234.31,18333.2,-2170.8,2026/01/29 23:13:06
11345,1234.42,18366.6,-2173.95,2026/01/29 23:13:06
11346,1234.53,18378.7,-2179.72,2026/01/29 23:13:06
11347,1234.64,18395.1,-2180.41,2026/01/29 23:13:06
11348,1234.75,18387.2,-2182.79,2026/01/29 23:13:06
11349,1234.86,18392.7,-2182.61,2026/01/29 23:13:06
11350,1234.97,18378.2,-2181.98,2026/01/29 23:13:07
11351,1235.07,18358,-2180.28,2026/01/29 23:13:07
11352,1235.19,18355.4,-2176.36,2026/01/29 23:13:07
11353,1235.29,18365.1,-2168.81,2026/01/29 23:13:07
11354,1235.4,18298.1,-2161.07,2026/01/29 23:13:07
11355,1235.51,18240.9,-2162.22,2026/01/29 23:13:07
11356,1235.62,18212.5,-2155.74,2026/01/29 23:13:07
11357,1235.73,18169.8,-2153.51,2026/01/29 23:13:07
11358,1235.84,18143.9,-2149.69,2026/01/29 23:13:07
11359,1235.95,18103.3,-2151.47,2026/01/29 23:13:07
11360,1236.06,18069.5,-2151.45,2026/01/29 23:13:08
11361,1236.16,18051.7,-2148.74,2026/01/29 23:13:08
11362,1236.27,18128.2,-2147.39,2026/01/29 23:13:08
11363,1236.38,18240.4,-2144.95,2026/01/29 23:13:08
11364,1236.49,18333.4,-2143.86,2026/01/29 23:13:08
11365,1236.6,18286.4,-2153.17,2026/01/29 23:13:08
11366,1236.71,18298.2,-2163.11,2026/01/29 23:13:08
11367,1236.82,18327.3,-2166.27,2026/01/29 23:13:08
11368,1236.92,18352.7,-2171.93,2026/01/29 23:13:08
11369,1237.04,18371.3,-2176.55,2026/01/29 23:13:09
11370,1237.14,18373,-2178.11,2026/01/29 23:13:09
11371,1237.25,18373.3,-2181.78,2026/01/29 23:13:09
11372,1237.36,18378.7,-2178.53,2026/01/29 23:13:09
11373,1237.47,18376.7,-2182.05,2026/01/29 23:13:09
11374,1237.58,18411.7,-2185,2026/01/29 23:13:09
11375,1237.69,18417.7,-2187.33,2026/01/29 23:13:09
11376,1237.79,18420.2,-2187.68,2026/01/29 23:13:09
11377,1237.9,18421.1,-2186.06,2026/01/29 23:13:09
11378,1238.01,18405.9,-2188.58,2026/01/29 23:13:10
11379,1238.12,18390.8,-2181.17,2026/01/29 23:13:10
11380,1238.23,18340.2,-2180.23,2026/01/29 23:13:10
11381,1238.34,18382.6,-2174.04,2026/01/29 23:13:10
11382,1238.44,18300.1,-2161.86,2026/01/29 23:13:10
11383,1238.55,18210.5,-2156.64,2026/01/29 23:13:10
11384,1238.66,18166.7,-2152.45,2026/01/29 23:13:10
11385,1238.77,18134.9,-2152.06,2026/01/29 23:13:10
11386,1238.88,18109.6,-2148.16,2026/01/29 23:13:10
11387,1238.99,18065.8,-2149.14,2026/01/29 23:13:11
11388,1239.1,18049.4,-2146.36,2026/01/29 23:13:11
11389,1239.2,18060.2,-2146.45,2026/01/29 23:13:11
11390,1239.31,18132.2,-2146.02,2026/01/29 23:13:11
11391,1239.42,18245,-2144.58,2026/01/29 23:13:11
11392,1239.53,18331.2,-2146.41,2026/01/29 23:13:11
11393,1239.64,18289.2,-2152.37,2026/01/29 23:13:11
11394,1239.75,18293.3,-2161.45,2026/01/29 23:13:11
11395,1239.86,18324.4,-2164.26,2026/01/29 23:13:11
11396,1239.97,18352.1,-2170.78,2026/01/29 23:13:12
11397,1240.08,18375.7,-2175.71,2026/01/29 23:13:12
11398,1240.19,18372,-2178.55,2026/01/29 23:13:12
11399,1240.3,18377.6,-2180.4,2026/01/29 23:13:12
11400,1240.4,18384.8,-2181.82,2026/01/29 23:13:12
11401,1240.51,18402.5,-2187.42,2026/01/29 23:13:12
11402,1240.62,18413.3,-2184.26,2026/01/29 23:13:12
11403,1240.73,18408.8,-2188.9,2026/01/29 23:13:12
11404,1240.84,18413.3,-2185.8,2026/01/29 23:13:12
11405,1240.95,18395.6,-2186.06,2026/01/29 23:13:12
11406,1241.06,18372.4,-2181.72,2026/01/29 23:13:13
11407,1241.16,18351.2,-2178.24,2026/01/29 23:13:13
11408,1241.27,18370,-2170.31,2026/01/29 23:13:13
11409,1241.38,18298.7,-2159.79,2026/01/29 23:13:13
11410,1241.49,18214.3,-2158.77,2026/01/29 23:13:13
11411,1241.6,18171.8,-2153.85,2026/01/29 23:13:13
11412,1241.71,18135.8,-2151.94,2026/01/29 23:13:13
11413,1241.82,18113.9,-2148.57,2026/01/29 23:13:13
11414,1241.93,18079.1,-2149.56,2026/01/29 23:13:13
11415,1242.04,18060.2,-2146.46,2026/01/29 23:13:14
11416,1242.14,18060.5,-2145.61,2026/01/29 23:13:14
11417,1242.25,18062.5,-2147.44,2026/01/29 23:13:14
11418,1242.36,18070.8,-2144.12,2026/01/29 23:13:14
11419,1242.47,18108.7,-2145.58,2026/01/29 23:13:14
11420,1242.58,18221.9,-2146.62,2026/01/29 23:13:14
11421,1242.69,18317.7,-2146.41,2026/01/29 23:13:14
11422,1242.79,18290.7,-2153.02,2026/01/29 23:13:14
11423,1242.9,18293.2,-2156.89,2026/01/29 23:13:14
11424,1243.01,18315,-2164.58,2026/01/29 23:13:15
11425,1243.12,18340.7,-2168.27,2026/01/29 23:13:15
11426,1243.23,18364.1,-2176,2026/01/29 23:13:15
11427,1243.34,18378.5,-2176.94,2026/01/29 23:13:15
11428,1243.45,18379.8,-2183.08,2026/01/29 23:13:15
11429,1243.56,18387,-2182.06,2026/01/29 23:13:15
11430,1243.67,18385.2,-2180.79,2026/01/29 23:13:15
11431,1243.78,18383.4,-2183.48,2026/01/29 23:13:15
11432,1243.88,18372.8,-2180.31,2026/01/29 23:13:15
11433,1243.99,18345.9,-2179.91,2026/01/29 23:13:16
11434,1244.1,18363.7,-2174.18,2026/01/29 23:13:16
11435,1244.21,18360.9,-2168.46,2026/01/29 23:13:16
11436,1244.31,18297.5,-2161.67,2026/01/29 23:13:16
11437,1244.42,18234.6,-2158.13,2026/01/29 23:13:16
11438,1244.53,18194.2,-2155.88,2026/01/29 23:13:16
11439,1244.64,18157.5,-2151.09,2026/01/29 23:13:16
11440,1244.75,18116.7,-2150.6,2026/01/29 23:13:16
11441,1244.86,18084.1,-2146.52,2026/01/29 23:13:16
11442,1244.97,18044,-2147.61,2026/01/29 23:13:17
11443,1245.08,18046.4,-2143.68,2026/01/29 23:13:17
11444,1245.19,18046.4,-2144.71,2026/01/29 23:13:17
11445,1245.3,18085.5,-2144.78,2026/01/29 23:13:17
11446,1245.4,18174.8,-2143.7,2026/01/29 23:13:17
11447,1245.51,18298.9,-2144.48,2026/01/29 23:13:17
11448,1245.62,18277.4,-2148.77,2026/01/29 23:13:17
11449,1245.73,18282.4,-2160.98,2026/01/29 23:13:17
11450,1245.84,18330.2,-2166.84,2026/01/29 23:13:17
11451,1245.95,18357.5,-2174.14,2026/01/29 23:13:17
11452,1246.06,18373,-2176.85,2026/01/29 23:13:18
11453,1246.17,18380.3,-2182.49,2026/01/29 23:13:18
11454,1246.28,18390,-2182.2,2026/01/29 23:13:18
11455,1246.38,18396.3,-2179.96,2026/01/29 23:13:18
11456,1246.49,18386,-2182.76,2026/01/29 23:13:18
11457,1246.6,18366.3,-2180.57,2026/01/29 23:13:18
11458,1246.71,18329.8,-2177.73,2026/01/29 23:13:18
11459,1246.82,18369,-2170.3,2026/01/29 23:13:18
11460,1246.93,18315.2,-2164.55,2026/01/29 23:13:18
11461,1247.04,18247.5,-2157.1,2026/01/29 23:13:19
11462,1247.14,18178.3,-2153.98,2026/01/29 23:13:19
11463,1247.25,18145.4,-2151.37,2026/01/29 23:13:19
11464,1247.36,18134.9,-2147.79,2026/01/29 23:13:19
11465,1247.47,18121.7,-2144.74,2026/01/29 23:13:19
11466,1247.58,18092.6,-2146.7,2026/01/29 23:13:19
11467,1247.69,18081.4,-2150.74,2026/01/29 23:13:19
11468,1247.8,18139.7,-2146.23,2026/01/29 23:13:19
11469,1247.91,18269.9,-2150.37,2026/01/29 23:13:19
11470,1248.02,18309.6,-2147.26,2026/01/29 23:13:20
11471,1248.13,18289.8,-2158.23,2026/01/29 23:13:20
11472,1248.24,18308.7,-2160.71,2026/01/29 23:13:20
11473,1248.34,18330.2,-2169.67,2026/01/29 23:13:20
11474,1248.45,18360,-2172.52,2026/01/29 23:13:20
11475,1248.56,18375.2,-2179.22,2026/01/29 23:13:20
11476,1248.67,18396.2,-2184.18,2026/01/29 23:13:20
11477,1248.78,18402.7,-2181.39,2026/01/29 23:13:20
11478,1248.89,18402.5,-2184.36,2026/01/29 23:13:20
11479,1249,18398.6,-2180.16,2026/01/29 23:13:21
11480,1249.11,18380.8,-2185.44,2026/01/29 23:13:21
11481,1249.21,18346.9,-2176.95,2026/01/29 23:13:21
11482,1249.32,18365.1,-2176.82,2026/01/29 23:13:21
11483,1249.43,18337.1,-2166.18,2026/01/29 23:13:21
11484,1249.54,18274.1,-2160.72,2026/01/29 23:13:21
11485,1249.65,18210.5,-2155.8,2026/01/29 23:13:21
11486,1249.76,18167.7,-2151.75,2026/01/29 23:13:21
11487,1249.87,18134.1,-2150.54,2026/01/29 23:13:21
11488,1249.98,18109.3,-2147.61,2026/01/29 23:13:22
11489,1250.09,18106.5,-2149.58,2026/01/29 23:13:22
11490,1250.2,18129.4,-2146.58,2026/01/29 23:13:22
11491,1250.31,18179.6,-2148,2026/01/29 23:13:22
11492,1250.41,18286.1,-2148.58,2026/01/29 23:13:22
11493,1250.52,18300.5,-2151.19,2026/01/29 23:13:22
11494,1250.63,18290.7,-2158.3,2026/01/29 23:13:22
11495,1250.74,18322.6,-2164.94,2026/01/29 23:13:22
11496,1250.85,18347.9,-2171.26,2026/01/29 23:13:22
11497,1250.96,18375.6,-2177.59,2026/01/29 23:13:23
11498,1251.07,18387.9,-2181.41,2026/01/29 23:13:23
11499,1251.18,18397.1,-2184.62,2026/01/29 23:13:23
11500,1251.29,18395.4,-2184.75,2026/01/29 23:13:23
11501,1251.39,18393.5,-2186.14,2026/01/29 23:13:23
11502,1251.5,18388.5,-2182.27,2026/01/29 23:13:23
11503,1251.61,18356.2,-2181.04,2026/01/29 23:13:23
11504,1251.72,18368.1,-2175.3,2026/01/29 23:13:23
11505,1251.83,18327.7,-2165.16,2026/01/29 23:13:23
11506,1251.94,18255.3,-2158.95,2026/01/29 23:13:23
11507,1252.05,18194.7,-2155.79,2026/01/29 23:13:24
11508,1252.16,18165,-2151.88,2026/01/29 23:13:24
11509,1252.26,18132.3,-2148.84,2026/01/29 23:13:24
11510,1252.37,18090.5,-2148.97,2026/01/29 23:13:24
11511,1252.48,18057.8,-2144.28,2026/01/29 23:13:24
11512,1252.59,18050.8,-2148.25,2026/01/29 23:13:24
11513,1252.7,18151.3,-2142.87,2026/01/29 23:13:24
11514,1252.81,18281.1,-2143.1,2026/01/29 23:13:24
11515,1252.92,18311,-2146.73,2026/01/29 23:13:24
11516,1253.03,18286.7,-2157.69,2026/01/29 23:13:25
11517,1253.14,18315.2,-2161.78,2026/01/29 23:13:25
11518,1253.24,18349.7,-2171.81,2026/01/29 23:13:25
11519,1253.35,18376.6,-2175.52,2026/01/29 23:13:25
11520,1253.46,18383.4,-2178.44,2026/01/29 23:13:25
11521,1253.57,18381.6,-2183.13,2026/01/29 23:13:25
11522,1253.68,18388.4,-2178.63,2026/01/29 23:13:25
11523,1253.79,18385.4,-2182.85,2026/01/29 23:13:25
11524,1253.9,18376.5,-2179.12,2026/01/29 23:13:25
11525,1254,18350,-2177.19,2026/01/29 23:13:26
11526,1254.11,18342.8,-2174.79,2026/01/29 23:13:26
11527,1254.22,18358.3,-2166.06,2026/01/29 23:13:26
11528,1254.33,18277.9,-2161.87,2026/01/29 23:13:26
11529,1254.44,18208.3,-2152.64,2026/01/29 23:13:26
11530,1254.55,18158,-2153.38,2026/01/29 23:13:26
11531,1254.66,18126.4,-2144.61,2026/01/29 23:13:26
11532,1254.77,18097.7,-2147.64,2026/01/29 23:13:26
11533,1254.88,18073.7,-2146.17,2026/01/29 23:13:26
11534,1254.98,18086.3,-2145.77,2026/01/29 23:13:27
11535,1255.09,18149.5,-2145.38,2026/01/29 23:13:27
11536,1255.2,18274,-2146.1,2026/01/29 23:13:27
11537,1255.31,18328.8,-2146.58,2026/01/29 23:13:27
11538,1255.42,18299.5,-2155.75,2026/01/29 23:13:27
11539,1255.53,18314.7,-2163.37,2026/01/29 23:13:27
11540,1255.64,18354.5,-2170.7,2026/01/29 23:13:27
11541,1255.75,18378.1,-2175.63,2026/01/29 23:13:27
11542,1255.85,18377.7,-2180.02,2026/01/29 23:13:27
11543,1255.96,18384.3,-2177.95,2026/01/29 23:13:28
11544,1256.07,18382.2,-2181.47,2026/01/29 23:13:28
11545,1256.18,18389,-2181.76,2026/01/29 23:13:28
11546,1256.29,18372.9,-2179.86,2026/01/29 23:13:28
11547,1256.4,18349.2,-2177.78,2026/01/29 23:13:28
11548,1256.5,18356.9,-2171.02,2026/01/29 23:13:28
11549,1256.61,18341.8,-2167.17,2026/01/29 23:13:28
11550,1256.72,18241.4,-2153.5,2026/01/29 23:13:28
11551,1256.83,18163.3,-2154.15,2026/01/29 23:13:28
11552,1256.94,18144,-2148.35,2026/01/29 23:13:28
11553,1257.05,18109.3,-2148.26,2026/01/29 23:13:29
11554,1257.16,18073.7,-2144,2026/01/29 23:13:29
11555,1257.27,18029,-2143.58,2026/01/29 23:13:29
11556,1257.37,18020,-2147,2026/01/29 23:13:29
11557,1257.48,18070.4,-2143.66,2026/01/29 23:13:29
11558,1257.59,18202.5,-2146.79,2026/01/29 23:13:29
11559,1257.7,18309.4,-2140.11,2026/01/29 23:13:29
11560,1257.81,18267.9,-2155.15,2026/01/29 23:13:29
11561,1257.92,18296.8,-2159.69,2026/01/29 23:13:29
11562,1258.02,18355.2,-2170.96,2026/01/29 23:13:30
11563,1258.13,18365.3,-2172.67,2026/01/29 23:13:30
11564,1258.24,18373.7,-2176.14,2026/01/29 23:13:30
11565,1258.35,18374.5,-2176.92,2026/01/29 23:13:30
11566,1258.46,18379.9,-2175.83,2026/01/29 23:13:30
11567,1258.57,18378.8,-2179.91,2026/01/29 23:13:30
11568,1258.68,18381.5,-2177.85,2026/01/29 23:13:30
11569,1258.79,18388.9,-2181.29,2026/01/29 23:13:30
11570,1258.89,18402.9,-2182.87,2026/01/29 23:13:30
11571,1259,18424.4,-2185.54,2026/01/29 23:13:31
11572,1259.11,18422.7,-2185.7,2026/01/29 23:13:31
11573,1259.22,18420.1,-2186.18,2026/01/29 23:13:31
11574,1259.33,18420.6,-2185.98,2026/01/29 23:13:31
11575,1259.44,18421.1,-2186.6,2026/01/29 23:13:31
11576,1259.55,18422.5,-2186.77,2026/01/29 23:13:31
11577,1259.65,18420.4,-2188.21,2026/01/29 23:13:31
11578,1259.76,18425.6,-2186.48,2026/01/29 23:13:31
11579,1259.87,18420.7,-2188.24,2026/01/29 23:13:31
11580,1259.98,18428.6,-2186.73,2026/01/29 23:13:32
11581,1260.09,18424.2,-2189.37,2026/01/29 23:13:32
11582,1260.2,18432.2,-2187.76,2026/01/29 23:13:32
11583,1260.31,18427.6,-2188.57,2026/01/29 23:13:32
11584,1260.42,18430.5,-2188.14,2026/01/29 23:13:32
11585,1260.53,18425.2,-2188.67,2026/01/29 23:13:32
11586,1260.64,18427,-2189.39,2026/01/29 23:13:32
11587,1260.75,18428.4,-2187.54,2026/01/29 23:13:32
11588,1260.85,18424.6,-2191.11,2026/01/29 23:13:32
11589,1260.96,18431,-2186.99,2026/01/29 23:13:33
11590,1261.07,18425.8,-2190.33,2026/01/29 23:13:33
11591,1261.18,18429.5,-2188.79,2026/01/29 23:13:33
11592,1261.29,18428.7,-2190.78,2026/01/29 23:13:33
11593,1261.39,18427.5,-2190.52,2026/01/29 23:13:33
11594,1261.5,18430.5,-2189.99,2026/01/29 23:13:33
11595,1261.61,18427.8,-2191.83,2026/01/29 23:13:33
11596,1261.72,18431,-2188.26,2026/01/29 23:13:33
11597,1261.83,18428.9,-2192.27,2026/01/29 23:13:33
11598,1261.94,18430.7,-2189.64,2026/01/29 23:13:33
11599,1262.05,18432.3,-2190.96,2026/01/29 23:13:34
11600,1262.15,18428.8,-2190.39,2026/01/29 23:13:34
11601,1262.26,18433.7,-2190.13,2026/01/29 23:13:34
11602,1262.37,18431.8,-2188.93,2026/01/29 23:13:34
11603,1262.48,18433.5,-2190.47,2026/01/29 23:13:34
11604,1262.59,18432.5,-2190.44,2026/01/29 23:13:34
11605,1262.7,18430.3,-2193.17,2026/01/29 23:13:34
11606,1262.8,18435.7,-2189.68,2026/01/29 23:13:34
11607,1262.91,18429.7,-2190.37,2026/01/29 23:13:34
11608,1263.02,18436,-2190.44,2026/01/29 23:13:35
11609,1263.13,18432.9,-2190.05,2026/01/29 23:13:35
11610,1263.24,18433.5,-2191.98,2026/01/29 23:13:35
11611,1263.34,18435.9,-2188.56,2026/01/29 23:13:35
11612,1263.45,18430.3,-2193.35,2026/01/29 23:13:35
11613,1263.56,18437,-2189.48,2026/01/29 23:13:35
11614,1263.67,18434.4,-2192.4,2026/01/29 23:13:35
11615,1263.78,18436,-2190.5,2026/01/29 23:13:35
11616,1263.89,18434.5,-2191,2026/01/29 23:13:35
11617,1264,18435.7,-2190.52,2026/01/29 23:13:36
11618,1264.1,18437.5,-2191.36,2026/01/29 23:13:36
11619,1264.21,18434.4,-2193.08,2026/01/29 23:13:36
11620,1264.32,18437.3,-2189.67,2026/01/29 23:13:36
11621,1264.43,18436.4,-2193.34,2026/01/29 23:13:36
11622,1264.54,18434.7,-2190.67,2026/01/29 23:13:36
11623,1264.65,18438.6,-2192.61,2026/01/29 23:13:36
11624,1264.75,18435.4,-2191.35,2026/01/29 23:13:36
11625,1264.86,18438.9,-2192.46,2026/01/29 23:13:36
11626,1264.97,18435.9,-2191.84,2026/01/29 23:13:37
11627,1265.08,18437.2,-2192.38,2026/01/29 23:13:37
11628,1265.19,18438.3,-2191.02,2026/01/29 23:13:37
11629,1265.3,18436,-2193.87,2026/01/29 23:13:37
11630,1265.41,18439.8,-2189.08,2026/01/29 23:13:37
11631,1265.51,18434.9,-2193.42,2026/01/29 23:13:37
11632,1265.62,18441.4,-2190.45,2026/01/29 23:13:37
11633,1265.73,18434.6,-2194.41,2026/01/29 23:13:37
11634,1265.84,18440.4,-2190.94,2026/01/29 23:13:37
11635,1265.95,18436.8,-2193.08,2026/01/29 23:13:37
11636,1266.06,18438.7,-2192,2026/01/29 23:13:38
11637,1266.17,18439.9,-2193.36,2026/01/29 23:13:38
11638,1266.28,18437.2,-2193.03,2026/01/29 23:13:38
11639,1266.38,18441.1,-2192.01,2026/01/29 23:13:38
11640,1266.49,18437.4,-2193.35,2026/01/29 23:13:38
11641,1266.6,18440.7,-2191.9,2026/01/29 23:13:38
11642,1266.71,18439,-2192.52,2026/01/29 23:13:38
11643,1266.82,18437.3,-2193.18,2026/01/29 23:13:38
11644,1266.93,18441.2,-2191.45,2026/01/29 23:13:38
11645,1267.04,18437,-2194.28,2026/01/29 23:13:39
11646,1267.15,18442.6,-2191.16,2026/01/29 23:13:39
11647,1267.25,18436.3,-2192.81,2026/01/29 23:13:39
11648,1267.36,18442.5,-2192.2,2026/01/29 23:13:39
11649,1267.47,18438.6,-2192.63,2026/01/29 23:13:39
11650,1267.58,18439.5,-2193.52,2026/01/29 23:13:39
11651,1267.69,18442.9,-2191.65,2026/01/29 23:13:39
11652,1267.79,18438.3,-2195.57,2026/01/29 23:13:39
11653,1267.9,18441.2,-2191.59,2026/01/29 23:13:39
11654,1268.01,18441.1,-2193.49,2026/01/29 23:13:40
11655,1268.12,18439.2,-2191.71,2026/01/29 23:13:40
11656,1268.23,18442.5,-2192.3,2026/01/29 23:13:40
11657,1268.33,18439.5,-2193.4,2026/01/29 23:13:40
11658,1268.44,18442.5,-2193.69,2026/01/29 23:13:40
11659,1268.55,18439.7,-2192.51,2026/01/29 23:13:40
11660,1268.66,18441.1,-2194.02,2026/01/29 23:13:40
11661,1268.77,18441.5,-2192.54,2026/01/29 23:13:40
11662,1268.88,18439.3,-2195.51,2026/01/29 23:13:40
11663,1268.99,18444.7,-2191.57,2026/01/29 23:13:41
11664,1269.09,18438,-2194.52,2026/01/29 23:13:41
11665,1269.2,18443.7,-2191.53,2026/01/29 23:13:41
11666,1269.31,18440.4,-2195.26,2026/01/29 23:13:41
11667,1269.42,18441.5,-2192.6,2026/01/29 23:13:41
11668,1269.53,18443.1,-2193.4,2026/01/29 23:13:41
11669,1269.64,18441,-2195.34,2026/01/29 23:13:41
11670,1269.74,18442.8,-2193.19,2026/01/29 23:13:41
11671,1269.85,18442.3,-2193.99,2026/01/29 23:13:41
11672,1269.96,18439.8,-2193.71,2026/01/29 23:13:42
11673,1270.07,18445,-2192.47,2026/01/29 23:13:42
11674,1270.18,18439.9,-2195.92,2026/01/29 23:13:42
11675,1270.29,18445.6,-2192.43,2026/01/29 23:13:42
11676,1270.4,18438.8,-2194.43,2026/01/29 23:13:42
11677,1270.5,18444.8,-2192.65,2026/01/29 23:13:42
11678,1270.61,18440.8,-2193.59,2026/01/29 23:13:42
11679,1270.72,18441.4,-2194.78,2026/01/29 23:13:42
11680,1270.83,18444.6,-2193.43,2026/01/29 23:13:42
11681,1270.94,18440.7,-2195.5,2026/01/29 23:13:42
11682,1271.05,18443.9,-2191.82,2026/01/29 23:13:43
11683,1271.15,18442.7,-2195.25,2026/01/29 23:13:43
11684,1271.26,18443.1,-2193.55,2026/01/29 23:13:43
11685,1271.37,18445.9,-2192.94,2026/01/29 23:13:43
11686,1271.48,18439.6,-2195.25,2026/01/29 23:13:43
11687,1271.59,18445.2,-2194.91,2026/01/29 23:13:43
11688,1271.7,18440,-2193.78,2026/01/29 23:13:43
11689,1271.81,18446.2,-2194.01,2026/01/29 23:13:43
11690,1271.91,18442.1,-2194.02,2026/01/29 23:13:43
11691,1272.02,18443.6,-2194.54,2026/01/29 23:13:44
11692,1272.13,18445.1,-2193.12,2026/01/29 23:13:44
11693,1272.24,18441,-2196,2026/01/29 23:13:44
11694,1272.35,18444.2,-2191.87,2026/01/29 23:13:44
11695,1272.46,18443.3,-2195.03,2026/01/29 23:13:44
11696,1272.56,18443.4,-2193.45,2026/01/29 23:13:44
11697,1272.67,18445.3,-2194.61,2026/01/29 23:13:44
11698,1272.78,18441.4,-2194.29,2026/01/29 23:13:44
11699,1272.89,18446.2,-2193.9,2026/01/29 23:13:44
11700,1273,18441.7,-2195.16,2026/01/29 23:13:45
11701,1273.11,18446.4,-2195.46,2026/01/29 23:13:45
11702,1273.22,18440.7,-2194.6,2026/01/29 23:13:45
11703,1273.32,18444.6,-2194.87,2026/01/29 23:13:45
11704,1273.43,18443.5,-2194.19,2026/01/29 23:13:45
11705,1273.54,18442.5,-2196.15,2026/01/29 23:13:45
11706,1273.65,18446.3,-2193.02,2026/01/29 23:13:45
11707,1273.76,18441.6,-2197.76,2026/01/29 23:13:45
11708,1273.87,18446.3,-2192.28,2026/01/29 23:13:45
11709,1273.98,18442.5,-2197.22,2026/01/29 23:13:46
11710,1274.09,18444.3,-2194.11,2026/01/29 23:13:46
11711,1274.19,18446.2,-2195.21,2026/01/29 23:13:46
11712,1274.3,18441.3,-2195.1,2026/01/29 23:13:46
11713,1274.41,18446.7,-2195.51,2026/01/29 23:13:46
11714,1274.52,18442.7,-2194.79,2026/01/29 23:13:46
11715,1274.63,18445.9,-2195.76,2026/01/29 23:13:46
11716,1274.73,18444.3,-2194.44,2026/01/29 23:13:46
11717,1274.84,18445.1,-2195.61,2026/01/29 23:13:46
11718,1274.95,18444.5,-2194.71,2026/01/29 23:13:47
11719,1275.06,18444,-2196.69,2026/01/29 23:13:47
11720,1275.17,18448.1,-2193.7,2026/01/29 23:13:47
11721,1275.28,18442.6,-2197.56,2026/01/29 23:13:47
11722,1275.39,18447,-2192.63,2026/01/29 23:13:47
11723,1275.5,18444.4,-2196.74,2026/01/29 23:13:47
11724,1275.61,18446.1,-2193.94,2026/01/29 23:13:47
11725,1275.71,18446.3,-2196.37,2026/01/29 23:13:47
11726,1275.82,18442.9,-2195.91,2026/01/29 23:13:47
11727,1275.93,18447.9,-2195.35,2026/01/29 23:13:47
11728,1276.04,18442.2,-2196.72,2026/01/29 23:13:48
11729,1276.15,18447.4,-2196.63,2026/01/29 23:13:48
11730,1276.26,18443.6,-2195.01,2026/01/29 23:13:48
11731,1276.37,18446.3,-2196.37,2026/01/29 23:13:48
11732,1276.48,18444.9,-2195.02,2026/01/29 23:13:48
11733,1276.59,18446.2,-2196.48,2026/01/29 23:13:48
11734,1276.7,18445.2,-2195.22,2026/01/29 23:13:48
11735,1276.8,18444.9,-2196.68,2026/01/29 23:13:48
11736,1276.91,18447.2,-2195.74,2026/01/29 23:13:48
11737,1277.02,18444.1,-2195.82,2026/01/29 23:13:49
11738,1277.13,18448.2,-2194.59,2026/01/29 23:13:49
11739,1277.24,18444.1,-2196.59,2026/01/29 23:13:49
11740,1277.35,18446.6,-2194.35,2026/01/29 23:13:49
11741,1277.46,18444.5,-2197.29,2026/01/29 23:13:49
11742,1277.57,18446.4,-2195.44,2026/01/29 23:13:49
11743,1277.68,18444.4,-2196.22,2026/01/29 23:13:49
11744,1277.79,18445.5,-2195.84,2026/01/29 23:13:49
11745,1277.9,18446.3,-2195.43,2026/01/29 23:13:49
11746,1278,18443,-2198.58,2026/01/29 23:13:50
11747,1278.11,18448.3,-2194.69,2026/01/29 23:13:50
11748,1278.22,18441,-2196,2026/01/29 23:13:50
11749,1278.33,18447.4,-2195.89,2026/01/29 23:13:50
11750,1278.44,18443.4,-2197.1,2026/01/29 23:13:50
11751,1278.55,18446.7,-2196.91,2026/01/29 23:13:50
11752,1278.66,18446.7,-2195.55,2026/01/29 23:13:50
11753,1278.76,18444.1,-2196.85,2026/01/29 23:13:50
11754,1278.87,18448.3,-2194.02,2026/01/29 23:13:50
11755,1278.98,18444.1,-2199.09,2026/01/29 23:13:51
11756,1279.09,18445.9,-2195.5,2026/01/29 23:13:51
11757,1279.2,18446.5,-2196.77,2026/01/29 23:13:51
11758,1279.31,18443.2,-2195.93,2026/01/29 23:13:51
11759,1279.41,18447.6,-2197.23,2026/01/29 23:13:51
11760,1279.52,18443.5,-2196.01,2026/01/29 23:13:51
11761,1279.63,18447,-2196.74,2026/01/29 23:13:51
11762,1279.74,18444.4,-2196.45,2026/01/29 23:13:51
11763,1279.85,18445.1,-2196.84,2026/01/29 23:13:51
11764,1279.96,18446.1,-2195.97,2026/01/29 23:13:52
11765,1280.07,18444,-2199.05,2026/01/29 23:13:52
11766,1280.17,18447.6,-2194.65,2026/01/29 23:13:52
11767,1280.28,18442.3,-2198.41,2026/01/29 23:13:52
11768,1280.39,18449.5,-2195.62,2026/01/29 23:13:52
11769,1280.5,18443.7,-2197.47,2026/01/29 23:13:52
11770,1280.61,18448.7,-2195.76,2026/01/29 23:13:52
11771,1280.72,18445.2,-2196.63,2026/01/29 23:13:52
11772,1280.83,18447.3,-2196.28,2026/01/29 23:13:52
11773,1280.94,18446.2,-2197.43,2026/01/29 23:13:52
11774,1281.05,18445.5,-2196.82,2026/01/29 23:13:53
11775,1281.15,18448.3,-2195.63,2026/01/29 23:13:53
11776,1281.26,18445.4,-2198.74,2026/01/29 23:13:53
11777,1281.37,18448,-2195.56,2026/01/29 23:13:53
11778,1281.48,18446.7,-2197.45,2026/01/29 23:13:53
11779,1281.59,18445.2,-2196.63,2026/01/29 23:13:53
11780,1281.7,18449.6,-2197.88,2026/01/29 23:13:53
11781,1281.8,18444.4,-2196.17,2026/01/29 23:13:53
11782,1281.91,18448.8,-2197.99,2026/01/29 23:13:53
11783,1282.02,18444.2,-2196.61,2026/01/29 23:13:54
11784,1282.13,18448.3,-2196.74,2026/01/29 23:13:54
11785,1282.24,18447.2,-2196.08,2026/01/29 23:13:54
11786,1282.35,18446.5,-2197.29,2026/01/29 23:13:54
11787,1282.46,18449.3,-2195.06,2026/01/29 23:13:54
11788,1282.56,18443.6,-2199.07,2026/01/29 23:13:54
11789,1282.67,18450.8,-2196.18,2026/01/29 23:13:54
11790,1282.78,18445,-2198.35,2026/01/29 23:13:54
11791,1282.89,18448.1,-2197.05,2026/01/29 23:13:54
11792,1283,18446,-2197.07,2026/01/29 23:13:55
11793,1283.11,18448.6,-2196.2,2026/01/29 23:13:55
11794,1283.22,18446.3,-2197.42,2026/01/29 23:13:55
11795,1283.33,18447.9,-2196.6,2026/01/29 23:13:55
11796,1283.44,18448.7,-2196.99,2026/01/29 23:13:55
11797,1283.55,18446.2,-2197.15,2026/01/29 23:13:55
11798,1283.65,18449.7,-2195.96,2026/01/29 23:13:55
11799,1283.76,18446,-2198.77,2026/01/29 23:13:55
11800,1283.87,18448.5,-2195.48,2026/01/29 23:13:55
11801,1283.98,18447.6,-2197.85,2026/01/29 23:13:56
11802,1284.09,18446.1,-2196.89,2026/01/29 23:13:56
11803,1284.2,18449.7,-2198.02,2026/01/29 23:13:56
11804,1284.31,18446.3,-2196.49,2026/01/29 23:13:56
11805,1284.41,18449.1,-2196.99,2026/01/29 23:13:56
11806,1284.52,18446.6,-2197.75,2026/01/29 23:13:56
11807,1284.63,18449.1,-2197.4,2026/01/29 23:13:56
11808,1284.74,18446.2,-2197.21,2026/01/29 23:13:56
11809,1284.85,18447.9,-2198.04,2026/01/29 23:13:56
11810,1284.96,18450.4,-2196.82,2026/01/29 23:13:57
11811,1285.07,18444.9,-2198.91,2026/01/29 23:13:57
11812,1285.18,18450.8,-2195.95,2026/01/29 23:13:57
11813,1285.28,18444.8,-2197.28,2026/01/29 23:13:57
11814,1285.39,18450.3,-2197.42,2026/01/29 23:13:57
11815,1285.5,18446.3,-2197.43,2026/01/29 23:13:57
11816,1285.61,18447.7,-2197.94,2026/01/29 23:13:57
11817,1285.72,18449.9,-2194.52,2026/01/29 23:13:57
11818,1285.83,18446.3,-2200.02,2026/01/29 23:13:57
11819,1285.93,18452.4,-2195.12,2026/01/29 23:13:57
11820,1286.04,18445.7,-2198.73,2026/01/29 23:13:58
11821,1286.15,18450.4,-2197,2026/01/29 23:13:58
11822,1286.26,18447,-2197.33,2026/01/29 23:13:58
11823,1286.37,18446,-2199.81,2026/01/29 23:13:58
11824,1286.48,18446.2,-2194.59,2026/01/29 23:13:58
11825,1286.58,18434.7,-2198.69,2026/01/29 23:13:58
11826,1286.69,18432.1,-2196.56,2026/01/29 23:13:58
11827,1286.8,18413.5,-2195.75,2026/01/29 23:13:58
11828,1286.91,18374.7,-2196.45,2026/01/29 23:13:58
11829,1287.02,18374.5,-2187.3,2026/01/29 23:13:59
11830,1287.13,18289.5,-2177.07,2026/01/29 23:13:59
11831,1287.23,18219.1,-2161.89,2026/01/29 23:13:59
11832,1287.34,18146.9,-2155.99,2026/01/29 23:13:59
11833,1287.45,18094.2,-2146.75,2026/01/29 23:13:59
11834,1287.56,18062.3,-2147.02,2026/01/29 23:13:59
11835,1287.67,18049.1,-2148.01,2026/01/29 23:13:59
11836,1287.77,18092.4,-2145.51,2026/01/29 23:13:59
11837,1287.88,18153.5,-2148.54,2026/01/29 23:13:59
11838,1287.99,18252.5,-2145.46,2026/01/29 23:14:00
11839,1288.1,18366.3,-2152.73,2026/01/29 23:14:00
11840,1288.21,18324.7,-2156.32,2026/01/29 23:14:00
11841,1288.32,18357.4,-2172.27,2026/01/29 23:14:00
11842,1288.43,18405.2,-2179.38,2026/01/29 23:14:00
11843,1288.54,18416,-2185.68,2026/01/29 23:14:00
11844,1288.65,18415.5,-2186.47,2026/01/29 23:14:00
11845,1288.75,18420.6,-2185.95,2026/01/29 23:14:00
11846,1288.86,18408.5,-2189.23,2026/01/29 23:14:00
11847,1288.97,18385.6,-2181.63,2026/01/29 23:14:01
11848,1289.08,18403.8,-2180.24,2026/01/29 23:14:01
11849,1289.19,18335.5,-2168.3,2026/01/29 23:14:01
11850,1289.3,18249.8,-2162.21,2026/01/29 23:14:01
11851,1289.41,18184.7,-2153.84,2026/01/29 23:14:01
11852,1289.52,18139.6,-2149.96,2026/01/29 23:14:01
11853,1289.62,18097.9,-2149.47,2026/01/29 23:14:01
11854,1289.73,18106.4,-2146.74,2026/01/29 23:14:01
11855,1289.84,18165.3,-2149.05,2026/01/29 23:14:01
11856,1289.95,18273,-2149.28,2026/01/29 23:14:01
11857,1290.06,18374.7,-2153.92,2026/01/29 23:14:02
11858,1290.17,18323.2,-2159.46,2026/01/29 23:14:02
11859,1290.27,18349.8,-2167.36,2026/01/29 23:14:02
11860,1290.38,18382,-2179.37,2026/01/29 23:14:02
11861,1290.49,18405.2,-2182.62,2026/01/29 23:14:02
11862,1290.6,18416.2,-2188.69,2026/01/29 23:14:02
11863,1290.71,18420.4,-2189.97,2026/01/29 23:14:02
11864,1290.82,18427.2,-2190.48,2026/01/29 23:14:02
11865,1290.92,18422.3,-2193.91,2026/01/29 23:14:02
11866,1291.03,18421.9,-2188.54,2026/01/29 23:14:03
11867,1291.14,18397.4,-2190.35,2026/01/29 23:14:03
11868,1291.25,18373.5,-2185.53,2026/01/29 23:14:03
11869,1291.36,18396.3,-2175.18,2026/01/29 23:14:03
11870,1291.47,18308.5,-2166.23,2026/01/29 23:14:03
11871,1291.58,18243.1,-2160.79,2026/01/29 23:14:03
11872,1291.69,18198.4,-2156.49,2026/01/29 23:14:03
11873,1291.79,18160.8,-2152.28,2026/01/29 23:14:03
11874,1291.9,18109.2,-2150.57,2026/01/29 23:14:03
11875,1292.01,18074.3,-2146.21,2026/01/29 23:14:04
11876,1292.12,18052.9,-2150.53,2026/01/29 23:14:04
11877,1292.23,18093.6,-2145.77,2026/01/29 23:14:04
11878,1292.34,18113.6,-2145.14,2026/01/29 23:14:04
11879,1292.45,18088.7,-2143.14,2026/01/29 23:14:04
11880,1292.56,18101.9,-2148.84,2026/01/29 23:14:04
11881,1292.67,18246.2,-2149.16,2026/01/29 23:14:04
11882,1292.77,18347.5,-2142.09,2026/01/29 23:14:04
11883,1292.88,18292.8,-2158.01,2026/01/29 23:14:04
11884,1292.99,18331.1,-2164.83,2026/01/29 23:14:05
11885,1293.1,18378,-2178.44,2026/01/29 23:14:05
11886,1293.21,18403.6,-2184.01,2026/01/29 23:14:05
11887,1293.32,18409.1,-2187.74,2026/01/29 23:14:05
11888,1293.43,18416.5,-2189.56,2026/01/29 23:14:05
11889,1293.54,18417.4,-2189.12,2026/01/29 23:14:05
11890,1293.65,18413.7,-2191.95,2026/01/29 23:14:05
11891,1293.75,18408.5,-2187.9,2026/01/29 23:14:05
11892,1293.86,18387.4,-2187.16,2026/01/29 23:14:05
11893,1293.97,18361.5,-2184.14,2026/01/29 23:14:06
11894,1294.08,18392.5,-2176.78,2026/01/29 23:14:06
11895,1294.19,18332,-2170.24,2026/01/29 23:14:06
11896,1294.3,18247.8,-2158.01,2026/01/29 23:14:06
11897,1294.41,18177,-2155.73,2026/01/29 23:14:06
11898,1294.51,18134.2,-2147.89,2026/01/29 23:14:06
11899,1294.62,18097.6,-2146.95,2026/01/29 23:14:06
11900,1294.73,18075.6,-2146.59,2026/01/29 23:14:06
11901,1294.84,18077,-2146.98,2026/01/29 23:14:06
11902,1294.95,18162.8,-2148.73,2026/01/29 23:14:06
11903,1295.06,18287.9,-2145.01,2026/01/29 23:14:07
11904,1295.17,18359.1,-2151.45,2026/01/29 23:14:07
11905,1295.27,18320.1,-2155.31,2026/01/29 23:14:07
11906,1295.39,18326.9,-2166.54,2026/01/29 23:14:07
11907,1295.49,18367.1,-2175.44,2026/01/29 23:14:07
11908,1295.6,18394.8,-2182.75,2026/01/29 23:14:07
11909,1295.71,18407.4,-2186.48,2026/01/29 23:14:07
11910,1295.82,18407.6,-2189.82,2026/01/29 23:14:07
11911,1295.93,18406.5,-2189.18,2026/01/29 23:14:07
11912,1296.04,18405.3,-2190.5,2026/01/29 23:14:08
11913,1296.15,18389,-2187.57,2026/01/29 23:14:08
11914,1296.25,18369.7,-2183.97,2026/01/29 23:14:08
11915,1296.36,18369.9,-2184.42,2026/01/29 23:14:08
11916,1296.47,18388.7,-2172.27,2026/01/29 23:14:08
11917,1296.58,18320.2,-2169.03,2026/01/29 23:14:08
11918,1296.69,18251,-2159.9,2026/01/29 23:14:08
11919,1296.8,18197.4,-2156.55,2026/01/29 23:14:08
11920,1296.91,18154.7,-2152.91,2026/01/29 23:14:08
11921,1297.01,18127.3,-2146.23,2026/01/29 23:14:09
11922,1297.12,18095.8,-2149.8,2026/01/29 23:14:09
11923,1297.23,18094.3,-2145.28,2026/01/29 23:14:09
11924,1297.34,18102,-2148.05,2026/01/29 23:14:09
11925,1297.45,18180.6,-2146.9,2026/01/29 23:14:09
11926,1297.56,18276.5,-2148.48,2026/01/29 23:14:09
11927,1297.67,18362.9,-2152.43,2026/01/29 23:14:09
11928,1297.78,18339.4,-2152.65,2026/01/29 23:14:09
11929,1297.89,18310.4,-2162.32,2026/01/29 23:14:09
11930,1298,18335.4,-2168.09,2026/01/29 23:14:10
11931,1298.11,18355.9,-2177.49,2026/01/29 23:14:10
11932,1298.21,18387.8,-2183.84,2026/01/29 23:14:10
11933,1298.32,18399.2,-2189.49,2026/01/29 23:14:10
11934,1298.43,18407.5,-2189.79,2026/01/29 23:14:10
11935,1298.54,18406.8,-2193.48,2026/01/29 23:14:10
11936,1298.65,18407,-2190.33,2026/01/29 23:14:10
11937,1298.76,18402.7,-2194.04,2026/01/29 23:14:10
11938,1298.86,18392.8,-2191.54,2026/01/29 23:14:10
11939,1298.97,18382.7,-2186.46,2026/01/29 23:14:11
11940,1299.08,18363.6,-2186.12,2026/01/29 23:14:11
11941,1299.19,18397,-2180.72,2026/01/29 23:14:11
11942,1299.3,18374.4,-2174.05,2026/01/29 23:14:11
11943,1299.41,18326.8,-2169.66,2026/01/29 23:14:11
11944,1299.52,18268.1,-2160.61,2026/01/29 23:14:11
11945,1299.63,18212.4,-2158.1,2026/01/29 23:14:11
11946,1299.73,18165.5,-2151.64,2026/01/29 23:14:11
11947,1299.84,18110.8,-2146.43,2026/01/29 23:14:11
11948,1299.95,18071,-2146.22,2026/01/29 23:14:11
11949,1300.06,18036.7,-2149.02,2026/01/29 23:14:12
11950,1300.17,18080.8,-2145.42,2026/01/29 23:14:12
11951,1300.28,18157.5,-2145.89,2026/01/29 23:14:12
11952,1300.39,18257.2,-2145.88,2026/01/29 23:14:12
11953,1300.5,18351.2,-2147.27,2026/01/29 23:14:12
11954,1300.6,18313.2,-2153.7,2026/01/29 23:14:12
11955,1300.71,18305.4,-2159.36,2026/01/29 23:14:12
11956,1300.82,18327.8,-2168.21,2026/01/29 23:14:12
11957,1300.93,18360.6,-2175.58,2026/01/29 23:14:12
11958,1301.04,18386.9,-2180.99,2026/01/29 23:14:13
11959,1301.14,18401.3,-2186.5,2026/01/29 23:14:13
11960,1301.25,18409.5,-2189.57,2026/01/29 23:14:13
11961,1301.36,18408.6,-2191.12,2026/01/29 23:14:13
11962,1301.47,18412.2,-2189.45,2026/01/29 23:14:13
11963,1301.58,18409.6,-2193.86,2026/01/29 23:14:13
11964,1301.69,18409.9,-2189.73,2026/01/29 23:14:13
11965,1301.8,18401.5,-2192.14,2026/01/29 23:14:13
11966,1301.91,18393.1,-2190.29,2026/01/29 23:14:13
11967,1302.01,18377.4,-2184.78,2026/01/29 23:14:14
11968,1302.12,18385.8,-2185.15,2026/01/29 23:14:14
11969,1302.23,18383.9,-2173.18,2026/01/29 23:14:14
11970,1302.34,18313.2,-2167.6,2026/01/29 23:14:14
11971,1302.45,18251.5,-2161.31,2026/01/29 23:14:14
11972,1302.56,18199.4,-2157.6,2026/01/29 23:14:14
11973,1302.67,18165.4,-2152.11,2026/01/29 23:14:14
11974,1302.77,18125.8,-2150,2026/01/29 23:14:14
11975,1302.88,18084.4,-2146.51,2026/01/29 23:14:14
11976,1302.99,18063.7,-2145.89,2026/01/29 23:14:15
11977,1303.1,18094.9,-2149.34,2026/01/29 23:14:15
11978,1303.21,18206.8,-2144.6,2026/01/29 23:14:15
11979,1303.32,18310.5,-2148.48,2026/01/29 23:14:15
11980,1303.43,18341.2,-2150.25,2026/01/29 23:14:15
11981,1303.54,18298.4,-2158.65,2026/01/29 23:14:15
11982,1303.65,18330.6,-2167.86,2026/01/29 23:14:15
11983,1303.75,18367.4,-2176.02,2026/01/29 23:14:15
11984,1303.86,18390.8,-2182.41,2026/01/29 23:14:15
11985,1303.97,18402.1,-2187.24,2026/01/29 23:14:16
11986,1304.08,18399.1,-2188.78,2026/01/29 23:14:16
11987,1304.19,18401.9,-2187.64,2026/01/29 23:14:16
11988,1304.3,18396.5,-2192.85,2026/01/29 23:14:16
11989,1304.41,18399.7,-2188.69,2026/01/29 23:14:16
11990,1304.51,18385.4,-2189.34,2026/01/29 23:14:16
11991,1304.62,18366.7,-2186.32,2026/01/29 23:14:16
11992,1304.73,18384.2,-2180.48,2026/01/29 23:14:16
11993,1304.84,18352.2,-2172.43,2026/01/29 23:14:16
11994,1304.95,18283.5,-2162.38,2026/01/29 23:14:16
11995,1305.06,18218.7,-2156.96,2026/01/29 23:14:17
11996,1305.17,18176.2,-2152.64,2026/01/29 23:14:17
11997,1305.27,18135.2,-2150.99,2026/01/29 23:14:17
11998,1305.38,18087.5,-2147.51,2026/01/29 23:14:17
11999,1305.49,18067.7,-2147.14,2026/01/29 23:14:17
12000,1305.6,18078.5,-2146.84,2026/01/29 23:14:17
12001,1305.71,18127.1,-2147.02,2026/01/29 23:14:17
12002,1305.82,18238.8,-2148.76,2026/01/29 23:14:17
12003,1305.93,18340.7,-2145.94,2026/01/29 23:14:17
12004,1306.04,18332.5,-2152,2026/01/29 23:14:18
12005,1306.15,18303.9,-2157.12,2026/01/29 23:14:18
12006,1306.26,18325,-2165.86,2026/01/29 23:14:18
12007,1306.37,18356.6,-2174.71,2026/01/29 23:14:18
12008,1306.47,18380.9,-2179.71,2026/01/29 23:14:18
12009,1306.58,18397.8,-2182.91,2026/01/29 23:14:18
12010,1306.69,18394.8,-2188,2026/01/29 23:14:18
12011,1306.8,18396,-2186.73,2026/01/29 23:14:18
12012,1306.91,18394.1,-2188.76,2026/01/29 23:14:18
12013,1307.02,18395.3,-2188.93,2026/01/29 23:14:19
12014,1307.13,18391.6,-2186.86,2026/01/29 23:14:19
12015,1307.24,18372.3,-2188.4,2026/01/29 23:14:19
12016,1307.34,18374.7,-2181.04,2026/01/29 23:14:19
12017,1307.45,18353.3,-2169.28,2026/01/29 23:14:19
12018,1307.56,18264.5,-2160.64,2026/01/29 23:14:19
12019,1307.67,18188.9,-2152.61,2026/01/29 23:14:19
12020,1307.78,18136.9,-2149.61,2026/01/29 23:14:19
12021,1307.89,18099.1,-2145.03,2026/01/29 23:14:19
12022,1308,18068.2,-2146.96,2026/01/29 23:14:20
12023,1308.11,18060,-2147.63,2026/01/29 23:14:20
12024,1308.22,18074.4,-2146.9,2026/01/29 23:14:20
12025,1308.33,18179.1,-2148.17,2026/01/29 23:14:20
12026,1308.44,18319.7,-2149.46,2026/01/29 23:14:20
12027,1308.54,18303.3,-2148.25,2026/01/29 23:14:20
12028,1308.65,18289.7,-2160.68,2026/01/29 23:14:20
12029,1308.76,18330.5,-2168.09,2026/01/29 23:14:20
12030,1308.87,18363.7,-2173.93,2026/01/29 23:14:20
12031,1308.98,18382.5,-2183.42,2026/01/29 23:14:21
12032,1309.09,18395.9,-2182.51,2026/01/29 23:14:21
12033,1309.19,18390.1,-2186.34,2026/01/29 23:14:21
12034,1309.3,18393.3,-2187.65,2026/01/29 23:14:21
12035,1309.41,18387.3,-2187.31,2026/01/29 23:14:21
12036,1309.52,18378.4,-2185.22,2026/01/29 23:14:21
12037,1309.63,18360.1,-2182.38,2026/01/29 23:14:21
12038,1309.74,18380.1,-2175.82,2026/01/29 23:14:21
12039,1309.85,18337.8,-2167.53,2026/01/29 23:14:21
12040,1309.95,18260.5,-2162.14,2026/01/29 23:14:21
12041,1310.06,18217.2,-2154,2026/01/29 23:14:22
12042,1310.17,18179.6,-2153.8,2026/01/29 23:14:22
12043,1310.28,18146.8,-2148.78,2026/01/29 23:14:22
12044,1310.39,18100.2,-2145.03,2026/01/29 23:14:22
12045,1310.5,18071.9,-2147.33,2026/01/29 23:14:22
12046,1310.61,18077.6,-2144.85,2026/01/29 23:14:22
12047,1310.72,18136.6,-2147.81,2026/01/29 23:14:22
12048,1310.82,18242.7,-2147.66,2026/01/29 23:14:22
12049,1310.93,18326.4,-2148.68,2026/01/29 23:14:22
12050,1311.04,18347.5,-2149.77,2026/01/29 23:14:23
12051,1311.15,18307.5,-2157.48,2026/01/29 23:14:23
12052,1311.26,18312.4,-2163.55,2026/01/29 23:14:23
12053,1311.36,18345.7,-2172.71,2026/01/29 23:14:23
12054,1311.47,18379.9,-2181.93,2026/01/29 23:14:23
12055,1311.58,18391.8,-2182.29,2026/01/29 23:14:23
12056,1311.69,18392.5,-2190.07,2026/01/29 23:14:23
12057,1311.8,18405.5,-2188.97,2026/01/29 23:14:23
12058,1311.91,18401,-2190.1,2026/01/29 23:14:23
12059,1312.02,18397.7,-2191.07,2026/01/29 23:14:24
12060,1312.13,18389.4,-2186.12,2026/01/29 23:14:24
12061,1312.24,18361.4,-2186.17,2026/01/29 23:14:24
12062,1312.34,18373,-2180.49,2026/01/29 23:14:24
12063,1312.45,18356.2,-2168.49,2026/01/29 23:14:24
12064,1312.56,18269,-2159.74,2026/01/29 23:14:24
12065,1312.67,18190.6,-2156.48,2026/01/29 23:14:24
12066,1312.78,18148,-2147.58,2026/01/29 23:14:24
12067,1312.89,18105.4,-2147.21,2026/01/29 23:14:24
12068,1313,18065.5,-2144.61,2026/01/29 23:14:25
12069,1313.11,18041.6,-2147.37,2026/01/29 23:14:25
12070,1313.22,18074.3,-2148.66,2026/01/29 23:14:25
12071,1313.32,18155.2,-2143.6,2026/01/29 23:14:25
12072,1313.43,18265.6,-2145.81,2026/01/29 23:14:25
12073,1313.54,18345.2,-2144.6,2026/01/29 23:14:25
12074,1313.65,18284.9,-2154,2026/01/29 23:14:25
12075,1313.76,18306.7,-2165.39,2026/01/29 23:14:25
12076,1313.86,18352.3,-2172.35,2026/01/29 23:14:25
12077,1313.97,18374.6,-2178.18,2026/01/29 23:14:26
12078,1314.08,18394.7,-2181.4,2026/01/29 23:14:26
12079,1314.19,18397.8,-2187.98,2026/01/29 23:14:26
12080,1314.3,18401.2,-2185.25,2026/01/29 23:14:26
12081,1314.41,18399.9,-2189.46,2026/01/29 23:14:26
12082,1314.52,18401.5,-2186.25,2026/01/29 23:14:26
12083,1314.62,18390.9,-2186.27,2026/01/29 23:14:26
12084,1314.73,18376.5,-2185.23,2026/01/29 23:14:26
12085,1314.84,18364.2,-2178.03,2026/01/29 23:14:26
12086,1314.95,18373.7,-2171.65,2026/01/29 23:14:26
12087,1315.06,18310,-2164.89,2026/01/29 23:14:27
12088,1315.17,18235.5,-2156.63,2026/01/29 23:14:27
12089,1315.28,18175.7,-2151.85,2026/01/29 23:14:27
12090,1315.39,18124.2,-2146.14,2026/01/29 23:14:27
12091,1315.5,18075.5,-2146.61,2026/01/29 23:14:27
12092,1315.6,18055.5,-2147.88,2026/01/29 23:14:27
12093,1315.71,18088.3,-2146.65,2026/01/29 23:14:27
12094,1315.82,18196.5,-2145.64,2026/01/29 23:14:27
12095,1315.93,18298.8,-2147.7,2026/01/29 23:14:27
12096,1316.04,18364,-2145.07,2026/01/29 23:14:28
12097,1316.15,18305.4,-2157.15,2026/01/29 23:14:28
12098,1316.26,18309.9,-2160.39,2026/01/29 23:14:28
12099,1316.37,18335.1,-2169.17,2026/01/29 23:14:28
12100,1316.48,18369.5,-2176.98,2026/01/29 23:14:28
12101,1316.59,18388.5,-2180.91,2026/01/29 23:14:28
12102,1316.69,18399.1,-2187.39,2026/01/29 23:14:28
12103,1316.8,18407.2,-2187.19,2026/01/29 23:14:28
12104,1316.91,18403.5,-2190.2,2026/01/29 23:14:28
12105,1317.02,18405.6,-2188.86,2026/01/29 23:14:29
12106,1317.13,18397.5,-2189.62,2026/01/29 23:14:29
12107,1317.24,18386.1,-2185.23,2026/01/29 23:14:29
12108,1317.35,18367.2,-2183.52,2026/01/29 23:14:29
12109,1317.46,18387.5,-2176.67,2026/01/29 23:14:29
12110,1317.57,18343.9,-2170.58,2026/01/29 23:14:29
12111,1317.67,18272.9,-2161.23,2026/01/29 23:14:29
12112,1317.78,18211.1,-2156.47,2026/01/29 23:14:29
12113,1317.89,18173.1,-2153.56,2026/01/29 23:14:29
12114,1318,18137.2,-2147.07,2026/01/29 23:14:30
12115,1318.11,18095.8,-2145.37,2026/01/29 23:14:30
12116,1318.22,18096.2,-2146.24,2026/01/29 23:14:30
12117,1318.32,18177.4,-2146.87,2026/01/29 23:14:30
12118,1318.43,18293.8,-2150.33,2026/01/29 23:14:30
12119,1318.54,18342.9,-2148.26,2026/01/29 23:14:30
12120,1318.65,18296.8,-2156.74,2026/01/29 23:14:30
12121,1318.76,18331.4,-2167.04,2026/01/29 23:14:30
12122,1318.87,18363,-2175.77,2026/01/29 23:14:30
12123,1318.98,18386,-2178.26,2026/01/29 23:14:31
12124,1319.09,18394.2,-2185.72,2026/01/29 23:14:31
12125,1319.19,18399.5,-2185.36,2026/01/29 23:14:31
12126,1319.3,18396.6,-2188.75,2026/01/29 23:14:31
12127,1319.41,18398,-2189.83,2026/01/29 23:14:31
12128,1319.52,18400.8,-2187.47,2026/01/29 23:14:31
12129,1319.63,18383.2,-2188.1,2026/01/29 23:14:31
12130,1319.74,18366.6,-2182.24,2026/01/29 23:14:31
12131,1319.84,18383.1,-2177.25,2026/01/29 23:14:31
12132,1319.95,18337,-2169.41,2026/01/29 23:14:31
12133,1320.06,18263.9,-2156.61,2026/01/29 23:14:32
12134,1320.17,18201.2,-2156.97,2026/01/29 23:14:32
12135,1320.28,18164.8,-2150.17,2026/01/29 23:14:32
12136,1320.39,18111.2,-2144.91,2026/01/29 23:14:32
12137,1320.5,18060.7,-2143.93,2026/01/29 23:14:32
12138,1320.61,18027.1,-2147.53,2026/01/29 23:14:32
12139,1320.71,18103.2,-2147.41,2026/01/29 23:14:32
12140,1320.82,18274.5,-2146.36,2026/01/29 23:14:32
12141,1320.93,18303.4,-2144.72,2026/01/29 23:14:32
12142,1321.04,18287.5,-2158.03,2026/01/29 23:14:33
12143,1321.15,18338.3,-2171.78,2026/01/29 23:14:33
12144,1321.26,18379.2,-2174.96,2026/01/29 23:14:33
12145,1321.37,18382.2,-2183.64,2026/01/29 23:14:33
12146,1321.47,18391.2,-2183.03,2026/01/29 23:14:33
12147,1321.58,18387.4,-2185.07,2026/01/29 23:14:33
12148,1321.69,18390.1,-2186.57,2026/01/29 23:14:33
12149,1321.8,18386.6,-2182.43,2026/01/29 23:14:33
12150,1321.91,18364.7,-2182.65,2026/01/29 23:14:33
12151,1322.02,18354.4,-2179.6,2026/01/29 23:14:34
12152,1322.13,18373.7,-2173.96,2026/01/29 23:14:34
12153,1322.24,18326.1,-2164.39,2026/01/29 23:14:34
12154,1322.34,18249,-2159.13,2026/01/29 23:14:34
12155,1322.45,18194.5,-2151.46,2026/01/29 23:14:34
12156,1322.56,18153.7,-2152.26,2026/01/29 23:14:34
12157,1322.67,18132.5,-2148.2,2026/01/29 23:14:34
12158,1322.78,18121.5,-2146.09,2026/01/29 23:14:34
12159,1322.89,18166,-2149.29,2026/01/29 23:14:34
12160,1323,18281.4,-2148.05,2026/01/29 23:14:35
12161,1323.11,18358.8,-2153.03,2026/01/29 23:14:35
12162,1323.21,18324,-2156.06,2026/01/29 23:14:35
12163,1323.32,18319.4,-2166.08,2026/01/29 23:14:35
12164,1323.43,18344.3,-2172.37,2026/01/29 23:14:35
12165,1323.54,18374.9,-2178.41,2026/01/29 23:14:35
12166,1323.65,18392.2,-2184.47,2026/01/29 23:14:35
12167,1323.76,18401.2,-2187.02,2026/01/29 23:14:35
12168,1323.87,18397.1,-2191.28,2026/01/29 23:14:35
12169,1323.98,18403.3,-2189.91,2026/01/29 23:14:36
12170,1324.09,18391.5,-2189.66,2026/01/29 23:14:36
12171,1324.2,18386.3,-2188.56,2026/01/29 23:14:36
12172,1324.31,18367.3,-2184.41,2026/01/29 23:14:36
12173,1324.42,18362.4,-2179.62,2026/01/29 23:14:36
12174,1324.52,18368.1,-2172.73,2026/01/29 23:14:36
12175,1324.63,18301.9,-2163.03,2026/01/29 23:14:36
12176,1324.74,18224.2,-2158.77,2026/01/29 23:14:36
12177,1324.85,18176.6,-2152.3,2026/01/29 23:14:36
12178,1324.96,18134.6,-2149.76,2026/01/29 23:14:37
12179,1325.07,18121.6,-2148.31,2026/01/29 23:14:37
12180,1325.18,18188.6,-2147,2026/01/29 23:14:37
12181,1325.28,18296,-2153.15,2026/01/29 23:14:37
12182,1325.39,18347.3,-2151.11,2026/01/29 23:14:37
12183,1325.5,18308.8,-2160.34,2026/01/29 23:14:37
12184,1325.61,18333.7,-2168.65,2026/01/29 23:14:37
12185,1325.72,18362.4,-2174.57,2026/01/29 23:14:37
12186,1325.83,18385.5,-2182.84,2026/01/29 23:14:37
12187,1325.94,18401.9,-2183.7,2026/01/29 23:14:37
12188,1326.05,18397,-2189.72,2026/01/29 23:14:38
12189,1326.16,18399.7,-2189.32,2026/01/29 23:14:38
12190,1326.26,18392.4,-2188.51,2026/01/29 23:14:38
12191,1326.37,18380.3,-2186.23,2026/01/29 23:14:38
12192,1326.48,18359.4,-2182.01,2026/01/29 23:14:38
12193,1326.59,18379.1,-2178.5,2026/01/29 23:14:38
12194,1326.7,18364.6,-2169.71,2026/01/29 23:14:38
12195,1326.81,18271.2,-2158.7,2026/01/29 23:14:38
12196,1326.92,18199.9,-2154.82,2026/01/29 23:14:38
12197,1327.03,18153.7,-2152.7,2026/01/29 23:14:39
12198,1327.13,18130.8,-2148.09,2026/01/29 23:14:39
12199,1327.24,18141.9,-2152.71,2026/01/29 23:14:39
12200,1327.35,18225.3,-2149.46,2026/01/29 23:14:39
12201,1327.46,18313.3,-2157.17,2026/01/29 23:14:39
12202,1327.57,18353.5,-2152.81,2026/01/29 23:14:39
12203,1327.68,18322.9,-2165.16,2026/01/29 23:14:39
12204,1327.78,18352.8,-2176.42,2026/01/29 23:14:39
12205,1327.89,18387.7,-2177.86,2026/01/29 23:14:39
12206,1328,18390.3,-2184.58,2026/01/29 23:14:40
12207,1328.11,18394,-2185.77,2026/01/29 23:14:40
12208,1328.22,18390.6,-2186.55,2026/01/29 23:14:40
12209,1328.33,18386,-2186.75,2026/01/29 23:14:40
12210,1328.44,18365.7,-2180.11,2026/01/29 23:14:40
12211,1328.55,18369.7,-2181.04,2026/01/29 23:14:40
12212,1328.66,18359.2,-2166.31,2026/01/29 23:14:40
12213,1328.76,18288,-2163.67,2026/01/29 23:14:40
12214,1328.87,18229.2,-2157.27,2026/01/29 23:14:40
12215,1328.98,18179.6,-2150.68,2026/01/29 23:14:41
12216,1329.09,18130.7,-2149.97,2026/01/29 23:14:41
12217,1329.2,18083.6,-2147.13,2026/01/29 23:14:41
12218,1329.31,18101.2,-2150.29,2026/01/29 23:14:41
12219,1329.42,18232.5,-2147.64,2026/01/29 23:14:41
12220,1329.53,18345.9,-2148.95,2026/01/29 23:14:41
12221,1329.63,18298.9,-2155.36,2026/01/29 23:14:41
12222,1329.74,18319.4,-2165.38,2026/01/29 23:14:41
12223,1329.85,18360.9,-2173.52,2026/01/29 23:14:41
12224,1329.96,18386.4,-2180.63,2026/01/29 23:14:42
12225,1330.07,18395,-2183.98,2026/01/29 23:14:42
12226,1330.18,18396.2,-2186.99,2026/01/29 23:14:42
12227,1330.28,18394.7,-2188.02,2026/01/29 23:14:42
12228,1330.39,18395.2,-2186.58,2026/01/29 23:14:42
12229,1330.5,18385,-2188.21,2026/01/29 23:14:42
12230,1330.61,18367.1,-2180.55,2026/01/29 23:14:42
12231,1330.72,18373.1,-2180.41,2026/01/29 23:14:42
12232,1330.83,18346.2,-2168.31,2026/01/29 23:14:42
12233,1330.94,18270.5,-2161.16,2026/01/29 23:14:42
12234,1331.05,18201.6,-2153.47,2026/01/29 23:14:43
12235,1331.15,18156.4,-2150.99,2026/01/29 23:14:43
12236,1331.26,18108.7,-2146.45,2026/01/29 23:14:43
12237,1331.37,18084.4,-2146.42,2026/01/29 23:14:43
12238,1331.48,18102.8,-2151.07,2026/01/29 23:14:43
12239,1331.59,18224.6,-2147.12,2026/01/29 23:14:43
12240,1331.7,18341.3,-2149.32,2026/01/29 23:14:43
12241,1331.81,18292.5,-2154.9,2026/01/29 23:14:43
12242,1331.92,18320.3,-2166.54,2026/01/29 23:14:43
12243,1332.03,18364.8,-2174.35,2026/01/29 23:14:44
12244,1332.14,18386.9,-2179.28,2026/01/29 23:14:44
12245,1332.24,18394.4,-2186.97,2026/01/29 23:14:44
12246,1332.35,18397.5,-2185.01,2026/01/29 23:14:44
12247,1332.46,18392.3,-2188.87,2026/01/29 23:14:44
12248,1332.57,18394.2,-2187.52,2026/01/29 23:14:44
12249,1332.68,18386.5,-2186.44,2026/01/29 23:14:44
12250,1332.79,18371.2,-2184.1,2026/01/29 23:14:44
12251,1332.9,18351.6,-2177.45,2026/01/29 23:14:44
12252,1333,18369.1,-2175.2,2026/01/29 23:14:45
12253,1333.11,18308.9,-2163.02,2026/01/29 23:14:45
12254,1333.22,18223.9,-2155.9,2026/01/29 23:14:45
12255,1333.33,18168.9,-2153.07,2026/01/29 23:14:45
12256,1333.44,18141,-2150.37,2026/01/29 23:14:45
12257,1333.55,18134.9,-2151.43,2026/01/29 23:14:45
12258,1333.65,18142.2,-2147.47,2026/01/29 23:14:45
12259,1333.76,18200.9,-2154.61,2026/01/29 23:14:45
12260,1333.87,18330.2,-2155.41,2026/01/29 23:14:45
12261,1333.98,18330.1,-2153.75,2026/01/29 23:14:46
12262,1334.09,18322.3,-2165.96,2026/01/29 23:14:46
12263,1334.2,18348.8,-2172.5,2026/01/29 23:14:46
12264,1334.31,18379.5,-2180.1,2026/01/29 23:14:46
12265,1334.42,18399.8,-2181.45,2026/01/29 23:14:46
12266,1334.52,18393.7,-2188.88,2026/01/29 23:14:46
12267,1334.63,18397,-2186.61,2026/01/29 23:14:46
12268,1334.74,18393.2,-2187.46,2026/01/29 23:14:46
12269,1334.85,18399.8,-2189.67,2026/01/29 23:14:46
12270,1334.96,18395.8,-2188.36,2026/01/29 23:14:47
12271,1335.07,18390,-2188.61,2026/01/29 23:14:47
12272,1335.18,18368.9,-2183.43,2026/01/29 23:14:47
12273,1335.29,18371.1,-2181.58,2026/01/29 23:14:47
12274,1335.39,18340.8,-2166.9,2026/01/29 23:14:47
12275,1335.5,18246.4,-2159.26,2026/01/29 23:14:47
12276,1335.61,18180.5,-2153.46,2026/01/29 23:14:47
12277,1335.72,18132.3,-2150.23,2026/01/29 23:14:47
12278,1335.83,18118.6,-2147.62,2026/01/29 23:14:47
12279,1335.94,18141,-2147.28,2026/01/29 23:14:47
12280,1336.05,18239.9,-2151.88,2026/01/29 23:14:48
12281,1336.16,18348.5,-2152.28,2026/01/29 23:14:48
12282,1336.26,18328,-2154.93,2026/01/29 23:14:48
12283,1336.37,18319.5,-2163.49,2026/01/29 23:14:48
12284,1336.48,18333.4,-2168.9,2026/01/29 23:14:48
12285,1336.59,18367.1,-2176.54,2026/01/29 23:14:48
12286,1336.7,18388.3,-2181.13,2026/01/29 23:14:48
12287,1336.81,18403.8,-2188.17,2026/01/29 23:14:48
12288,1336.92,18403.2,-2187.88,2026/01/29 23:14:48
12289,1337.03,18413.2,-2190.46,2026/01/29 23:14:49
12290,1337.14,18426.5,-2190.42,2026/01/29 23:14:49
12291,1337.25,18420,-2192.74,2026/01/29 23:14:49
12292,1337.36,18413,-2187.26,2026/01/29 23:14:49
12293,1337.46,18378.5,-2185.98,2026/01/29 23:14:49
12294,1337.57,18370.5,-2182.49,2026/01/29 23:14:49
12295,1337.68,18358.8,-2167.88,2026/01/29 23:14:49
12296,1337.79,18271.6,-2160.93,2026/01/29 23:14:49
12297,1337.9,18191.3,-2154.16,2026/01/29 23:14:49
12298,1338.01,18133.9,-2151.78,2026/01/29 23:14:50
12299,1338.12,18105.2,-2145.71,2026/01/29 23:14:50
12300,1338.22,18078,-2149.01,2026/01/29 23:14:50
12301,1338.33,18059.3,-2149.55,2026/01/29 23:14:50
12302,1338.44,18034.9,-2146.67,2026/01/29 23:14:50
12303,1338.55,18070.7,-2147.74,2026/01/29 23:14:50
12304,1338.66,18164.4,-2144.91,2026/01/29 23:14:50
12305,1338.77,18318.4,-2147.27,2026/01/29 23:14:50
12306,1338.87,18262.8,-2151.09,2026/01/29 23:14:50
12307,1338.98,18299.6,-2163.1,2026/01/29 23:14:51
12308,1339.09,18365.6,-2175.08,2026/01/29 23:14:51
12309,1339.2,18388.9,-2181.47,2026/01/29 23:14:51
12310,1339.31,18402.9,-2187.26,2026/01/29 23:14:51
12311,1339.42,18396.9,-2186.29,2026/01/29 23:14:51
12312,1339.53,18387.8,-2188.18,2026/01/29 23:14:51
12313,1339.63,18366.3,-2178.89,2026/01/29 23:14:51
12314,1339.74,18361.1,-2179.75,2026/01/29 23:14:51
12315,1339.85,18318.8,-2162.72,2026/01/29 23:14:51
12316,1339.96,18199.6,-2153.96,2026/01/29 23:14:52
12317,1340.07,18141.6,-2149.15,2026/01/29 23:14:52
12318,1340.18,18112.2,-2147.86,2026/01/29 23:14:52
12319,1340.29,18093.4,-2146.26,2026/01/29 23:14:52
12320,1340.39,18089.5,-2145.09,2026/01/29 23:14:52
12321,1340.5,18131.2,-2149.39,2026/01/29 23:14:52
12322,1340.61,18270.4,-2149.17,2026/01/29 23:14:52
12323,1340.72,18311.3,-2148.55,2026/01/29 23:14:52
12324,1340.83,18305.2,-2162.33,2026/01/29 23:14:52
12325,1340.94,18350.8,-2172.13,2026/01/29 23:14:52
12326,1341.04,18376.6,-2180.8,2026/01/29 23:14:53
12327,1341.15,18393.8,-2179.26,2026/01/29 23:14:53
12328,1341.26,18387.9,-2186.81,2026/01/29 23:14:53
12329,1341.37,18386.5,-2181.41,2026/01/29 23:14:53
12330,1341.48,18371,-2182.13,2026/01/29 23:14:53
12331,1341.59,18353.9,-2176.35,2026/01/29 23:14:53
12332,1341.69,18372.8,-2176.75,2026/01/29 23:14:53
12333,1341.8,18350.1,-2168.73,2026/01/29 23:14:53
12334,1341.91,18283.2,-2159.06,2026/01/29 23:14:53
12335,1342.02,18214.4,-2158.6,2026/01/29 23:14:54
12336,1342.13,18174.7,-2152.23,2026/01/29 23:14:54
12337,1342.24,18136.9,-2151.29,2026/01/29 23:14:54
12338,1342.35,18095.9,-2143.4,2026/01/29 23:14:54
12339,1342.45,18083.9,-2146.92,2026/01/29 23:14:54
12340,1342.56,18102.9,-2147.87,2026/01/29 23:14:54
12341,1342.67,18222.6,-2150.34,2026/01/29 23:14:54
12342,1342.78,18333.4,-2146.15,2026/01/29 23:14:54
12343,1342.89,18289.7,-2159.51,2026/01/29 23:14:54
12344,1343,18325.2,-2168.34,2026/01/29 23:14:55
12345,1343.11,18373.2,-2177.11,2026/01/29 23:14:55
12346,1343.22,18393.7,-2182.58,2026/01/29 23:14:55
12347,1343.33,18399.5,-2186.29,2026/01/29 23:14:55
12348,1343.44,18401.6,-2184.75,2026/01/29 23:14:55
12349,1343.55,18392.3,-2189.17,2026/01/29 23:14:55
12350,1343.65,18383.7,-2181.91,2026/01/29 23:14:55
12351,1343.76,18360.2,-2181.11,2026/01/29 23:14:55
12352,1343.87,18353.5,-2177.89,2026/01/29 23:14:55
12353,1343.98,18367,-2174.3,2026/01/29 23:14:56
12354,1344.09,18324.9,-2166.14,2026/01/29 23:14:56
12355,1344.2,18267.4,-2159.75,2026/01/29 23:14:56
12356,1344.31,18207,-2157,2026/01/29 23:14:56
12357,1344.42,18172.1,-2151.92,2026/01/29 23:14:56
12358,1344.52,18137.4,-2151.82,2026/01/29 23:14:56
12359,1344.63,18113.6,-2145.8,2026/01/29 23:14:56
12360,1344.74,18093.3,-2148.92,2026/01/29 23:14:56
12361,1344.85,18127.7,-2146.45,2026/01/29 23:14:56
12362,1344.96,18240.8,-2150.05,2026/01/29 23:14:57
12363,1345.07,18340.7,-2147.69,2026/01/29 23:14:57
12364,1345.18,18298.1,-2160,2026/01/29 23:14:57
12365,1345.29,18324.8,-2169.33,2026/01/29 23:14:57
12366,1345.39,18372.5,-2177.94,2026/01/29 23:14:57
12367,1345.5,18389.5,-2182.43,2026/01/29 23:14:57
12368,1345.61,18398.3,-2186.35,2026/01/29 23:14:57
12369,1345.72,18394.6,-2187.97,2026/01/29 23:14:57
12370,1345.83,18397.1,-2187.81,2026/01/29 23:14:57
12371,1345.94,18389.6,-2186.69,2026/01/29 23:14:57
12372,1346.05,18374.4,-2185.91,2026/01/29 23:14:58
12373,1346.16,18357.6,-2178.26,2026/01/29 23:14:58
12374,1346.27,18365.4,-2179.75,2026/01/29 23:14:58
12375,1346.37,18366.6,-2167.18,2026/01/29 23:14:58
12376,1346.48,18298.1,-2165.67,2026/01/29 23:14:58
12377,1346.59,18235.4,-2155.13,2026/01/29 23:14:58
12378,1346.7,18182.7,-2155.7,2026/01/29 23:14:58
12379,1346.81,18156.1,-2148.27,2026/01/29 23:14:58
12380,1346.92,18131.8,-2149.38,2026/01/29 23:14:58
12381,1347.03,18102.5,-2145.93,2026/01/29 23:14:59
12382,1347.14,18079.6,-2146.98,2026/01/29 23:14:59
12383,1347.25,18057,-2148.01,2026/01/29 23:14:59
12384,1347.36,18081,-2148.15,2026/01/29 23:14:59
12385,1347.46,18172.5,-2145.98,2026/01/29 23:14:59
12386,1347.57,18303.4,-2150.27,2026/01/29 23:14:59
12387,1347.68,18293,-2149.45,2026/01/29 23:14:59
12388,1347.79,18294.2,-2163.86,2026/01/29 23:14:59
12389,1347.9,18339.4,-2171.82,2026/01/29 23:14:59
12390,1348.01,18369.9,-2177.49,2026/01/29 23:15:00
12391,1348.12,18386.5,-2180.59,2026/01/29 23:15:00
12392,1348.23,18386.9,-2186.78,2026/01/29 23:15:00
12393,1348.34,18392.6,-2183.63,2026/01/29 23:15:00
12394,1348.44,18390.8,-2187.65,2026/01/29 23:15:00
12395,1348.55,18393.2,-2186.43,2026/01/29 23:15:00
12396,1348.66,18393.7,-2188.02,2026/01/29 23:15:00
12397,1348.77,18377.8,-2184.48,2026/01/29 23:15:00
12398,1348.88,18353.2,-2179.89,2026/01/29 23:15:00
12399,1348.99,18362.6,-2171.04,2026/01/29 23:15:01
12400,1349.1,18267.5,-2157.97,2026/01/29 23:15:01
12401,1349.21,18171.2,-2152.37,2026/01/29 23:15:01
12402,1349.32,18123.8,-2148.58,2026/01/29 23:15:01
12403,1349.42,18073,-2146.34,2026/01/29 23:15:01
12404,1349.53,18053.7,-2145.66,2026/01/29 23:15:01
12405,1349.64,18051.3,-2147.86,2026/01/29 23:15:01
12406,1349.75,18135.8,-2146.56,2026/01/29 23:15:01
12407,1349.86,18267.4,-2148.02,2026/01/29 23:15:01
12408,1349.97,18329,-2146.42,2026/01/29 23:15:02
12409,1350.08,18284,-2156.06,2026/01/29 23:15:02
12410,1350.19,18309.9,-2166.15,2026/01/29 23:15:02
12411,1350.3,18361.8,-2172.58,2026/01/29 23:15:02
12412,1350.4,18382.2,-2179.94,2026/01/29 23:15:02
12413,1350.51,18386.9,-2181.45,2026/01/29 23:15:02
12414,1350.62,18387.9,-2182.97,2026/01/29 23:15:02
12415,1350.73,18386.2,-2185.06,2026/01/29 23:15:02
12416,1350.84,18378.5,-2179.37,2026/01/29 23:15:02
12417,1350.95,18349.9,-2180.1,2026/01/29 23:15:02
12418,1351.06,18370.4,-2170.57,2026/01/29 23:15:03
12419,1351.17,18304.7,-2165.17,2026/01/29 23:15:03
12420,1351.28,18238.4,-2155.49,2026/01/29 23:15:03
12421,1351.39,18180.8,-2155,2026/01/29 23:15:03
12422,1351.49,18151.8,-2148.8,2026/01/29 23:15:03
12423,1351.6,18122.8,-2150.6,2026/01/29 23:15:03
12424,1351.71,18093.6,-2143.78,2026/01/29 23:15:03
12425,1351.82,18098,-2146.44,2026/01/29 23:15:03
12426,1351.93,18176.9,-2150.22,2026/01/29 23:15:03
12427,1352.04,18324.4,-2152.22,2026/01/29 23:15:04
12428,1352.14,18294.7,-2155.48,2026/01/29 23:15:04
12429,1352.25,18299.8,-2164.91,2026/01/29 23:15:04
12430,1352.36,18331.4,-2168.46,2026/01/29 23:15:04
12431,1352.47,18366.3,-2178.46,2026/01/29 23:15:04
12432,1352.58,18384.6,-2179.99,2026/01/29 23:15:04
12433,1352.69,18380.4,-2184.73,2026/01/29 23:15:04
12434,1352.8,18385.4,-2183.52,2026/01/29 23:15:04
12435,1352.91,18379.9,-2186.31,2026/01/29 23:15:04
12436,1353.01,18365.2,-2180.76,2026/01/29 23:15:05
12437,1353.12,18347.4,-2178.94,2026/01/29 23:15:05
12438,1353.23,18360.8,-2171.14,2026/01/29 23:15:05
12439,1353.34,18288.3,-2160.05,2026/01/29 23:15:05
12440,1353.45,18211.6,-2155.82,2026/01/29 23:15:05
12441,1353.56,18169.8,-2151.51,2026/01/29 23:15:05
12442,1353.67,18141.8,-2150.42,2026/01/29 23:15:05
12443,1353.78,18119.6,-2149.14,2026/01/29 23:15:05
12444,1353.89,18091.8,-2146.02,2026/01/29 23:15:05
12445,1354,18100.4,-2146.53,2026/01/29 23:15:06
12446,1354.1,18129.9,-2145.54,2026/01/29 23:15:06
12447,1354.21,18199.4,-2149.88,2026/01/29 23:15:06
12448,1354.32,18324.4,-2152.56,2026/01/29 23:15:06
12449,1354.43,18284.2,-2157.54,2026/01/29 23:15:06
12450,1354.54,18310.6,-2163.31,2026/01/29 23:15:06
12451,1354.65,18347.7,-2174.74,2026/01/29 23:15:06
12452,1354.75,18371.3,-2178.24,2026/01/29 23:15:06
12453,1354.86,18382.5,-2182.02,2026/01/29 23:15:06
12454,1354.97,18376.5,-2181.86,2026/01/29 23:15:07
12455,1355.08,18372.5,-2182.22,2026/01/29 23:15:07
12456,1355.19,18351.9,-2177.23,2026/01/29 23:15:07
12457,1355.29,18356.9,-2176.89,2026/01/29 23:15:07
12458,1355.4,18356.1,-2165.22,2026/01/29 23:15:07
12459,1355.51,18268.9,-2161.55,2026/01/29 23:15:07
12460,1355.62,18191.3,-2150.68,2026/01/29 23:15:07
12461,1355.73,18111.5,-2151.17,2026/01/29 23:15:07
12462,1355.84,18062.8,-2145.38,2026/01/29 23:15:07
12463,1355.94,18035.1,-2148.47,2026/01/29 23:15:07
12464,1356.05,18017.2,-2146.54,2026/01/29 23:15:08
12465,1356.16,18044,-2148.56,2026/01/29 23:15:08
12466,1356.27,18178,-2146.51,2026/01/29 23:15:08
12467,1356.38,18317.9,-2143.69,2026/01/29 23:15:08
12468,1356.49,18262.6,-2151.88,2026/01/29 23:15:08
12469,1356.6,18299.3,-2165.32,2026/01/29 23:15:08
12470,1356.71,18356.9,-2171.25,2026/01/29 23:15:08
12471,1356.81,18374.4,-2179.9,2026/01/29 23:15:08
12472,1356.92,18381.3,-2177.77,2026/01/29 23:15:08
12473,1357.03,18375.5,-2181.43,2026/01/29 23:15:09
12474,1357.14,18369.9,-2174.98,2026/01/29 23:15:09
12475,1357.25,18352.6,-2176.82,2026/01/29 23:15:09
12476,1357.36,18320.1,-2161.83,2026/01/29 23:15:09
12477,1357.47,18202.6,-2153.82,2026/01/29 23:15:09
12478,1357.57,18098,-2144.9,2026/01/29 23:15:09
12479,1357.68,18021,-2145.71,2026/01/29 23:15:09
12480,1357.79,18030.3,-2147.08,2026/01/29 23:15:09
12481,1357.9,18101.8,-2145.21,2026/01/29 23:15:09
12482,1358.01,18219,-2144.8,2026/01/29 23:15:10
12483,1358.12,18328.1,-2146.73,2026/01/29 23:15:10
12484,1358.22,18273.4,-2151.61,2026/01/29 23:15:10
12485,1358.33,18288,-2163.41,2026/01/29 23:15:10
12486,1358.44,18350.2,-2171.25,2026/01/29 23:15:10
12487,1358.55,18381,-2177.85,2026/01/29 23:15:10
12488,1358.66,18388.7,-2179.59,2026/01/29 23:15:10
12489,1358.77,18387.9,-2180.79,2026/01/29 23:15:10
12490,1358.88,18383.2,-2181.13,2026/01/29 23:15:10
12491,1358.98,18377.3,-2175.52,2026/01/29 23:15:11
12492,1359.09,18356.5,-2177.77,2026/01/29 23:15:11
12493,1359.2,18367.1,-2172.77,2026/01/29 23:15:11
12494,1359.31,18368.8,-2172.28,2026/01/29 23:15:11
12495,1359.42,18326.2,-2165.93,2026/01/29 23:15:11
12496,1359.53,18274.6,-2160,2026/01/29 23:15:11
12497,1359.63,18216.6,-2155.58,2026/01/29 23:15:11
12498,1359.74,18185,-2153.97,2026/01/29 23:15:11
12499,1359.85,18146.5,-2149.58,2026/01/29 23:15:11
12500,1359.96,18116.9,-2147.54,2026/01/29 23:15:12
12501,1360.07,18073.4,-2144.19,2026/01/29 23:15:12
12502,1360.18,18042.9,-2145,2026/01/29 23:15:12
12503,1360.29,18065.5,-2146.88,2026/01/29 23:15:12
12504,1360.4,18155.6,-2143.58,2026/01/29 23:15:12
12505,1360.51,18261.2,-2146.12,2026/01/29 23:15:12
12506,1360.62,18342.7,-2146.74,2026/01/29 23:15:12
12507,1360.72,18271.7,-2153.41,2026/01/29 23:15:12
12508,1360.83,18295.9,-2165.85,2026/01/29 23:15:12
12509,1360.94,18337.1,-2170.21,2026/01/29 23:15:12
12510,1361.05,18369.4,-2178.28,2026/01/29 23:15:13
12511,1361.16,18375.3,-2180.59,2026/01/29 23:15:13
12512,1361.27,18376.6,-2180.3,2026/01/29 23:15:13
12513,1361.38,18366,-2178.63,2026/01/29 23:15:13
12514,1361.48,18350.9,-2176.56,2026/01/29 23:15:13
12515,1361.59,18364,-2173.52,2026/01/29 23:15:13
12516,1361.7,18328.7,-2167.12,2026/01/29 23:15:13
12517,1361.81,18275.1,-2158.14,2026/01/29 23:15:13
12518,1361.91,18208.2,-2157,2026/01/29 23:15:13
12519,1362.02,18169.5,-2149.58,2026/01/29 23:15:14
12520,1362.13,18117.6,-2149.41,2026/01/29 23:15:14
12521,1362.24,18078.4,-2145.81,2026/01/29 23:15:14
12522,1362.35,18048.2,-2146.75,2026/01/29 23:15:14
12523,1362.46,18078.8,-2148.75,2026/01/29 23:15:14
12524,1362.56,18206.6,-2143.61,2026/01/29 23:15:14
12525,1362.67,18305.7,-2151.03,2026/01/29 23:15:14
12526,1362.78,18292,-2147.34,2026/01/29 23:15:14
12527,1362.89,18270,-2162.25,2026/01/29 23:15:14
12528,1363,18315.4,-2168.66,2026/01/29 23:15:15
12529,1363.11,18366.8,-2176.77,2026/01/29 23:15:15
12530,1363.22,18383.4,-2181.35,2026/01/29 23:15:15
12531,1363.33,18386,-2183.23,2026/01/29 23:15:15
12532,1363.44,18382.3,-2186.02,2026/01/29 23:15:15
12533,1363.55,18388.8,-2185.84,2026/01/29 23:15:15
12534,1363.65,18388.5,-2186.69,2026/01/29 23:15:15
12535,1363.76,18391.3,-2187.47,2026/01/29 23:15:15
12536,1363.87,18393.2,-2186.8,2026/01/29 23:15:15
12537,1363.98,18390.6,-2190.09,2026/01/29 23:15:16
12538,1364.09,18396.1,-2187.9,2026/01/29 23:15:16
12539,1364.2,18390.1,-2189.02,2026/01/29 23:15:16
12540,1364.3,18396.8,-2189.17,2026/01/29 23:15:16
12541,1364.41,18392.6,-2189.73,2026/01/29 23:15:16
12542,1364.52,18394.6,-2190.04,2026/01/29 23:15:16
12543,1364.63,18397,-2187.68,2026/01/29 23:15:16
12544,1364.74,18390.5,-2192.42,2026/01/29 23:15:16
12545,1364.85,18399.7,-2187.5,2026/01/29 23:15:16
12546,1364.95,18392.6,-2191.69,2026/01/29 23:15:17
12547,1365.06,18398.5,-2188.54,2026/01/29 23:15:17
12548,1365.17,18395.5,-2191.47,2026/01/29 23:15:17
12549,1365.28,18396.1,-2190.62,2026/01/29 23:15:17
12550,1365.39,18400,-2191.41,2026/01/29 23:15:17
12551,1365.5,18395.9,-2189.85,2026/01/29 23:15:17
12552,1365.61,18400.2,-2190.54,2026/01/29 23:15:17
12553,1365.72,18396.4,-2191.83,2026/01/29 23:15:17
12554,1365.83,18400.2,-2190.69,2026/01/29 23:15:17
12555,1365.93,18398.5,-2192.4,2026/01/29 23:15:17
12556,1366.04,18401,-2189.66,2026/01/29 23:15:18
12557,1366.15,18398.9,-2191.7,2026/01/29 23:15:18
12558,1366.26,18400.7,-2191.35,2026/01/29 23:15:18
12559,1366.37,18402.2,-2190.53,2026/01/29 23:15:18
12560,1366.48,18399.3,-2191.88,2026/01/29 23:15:18
12561,1366.59,18403.2,-2190.58,2026/01/29 23:15:18
12562,1366.7,18398.4,-2192.79,2026/01/29 23:15:18
12563,1366.81,18403.3,-2192.1,2026/01/29 23:15:18
12564,1366.92,18399.7,-2191.07,2026/01/29 23:15:18
12565,1367.02,18404.8,-2192,2026/01/29 23:15:19
12566,1367.13,18402.5,-2190.56,2026/01/29 23:15:19
12567,1367.24,18400.6,-2194.22,2026/01/29 23:15:19
12568,1367.35,18405.3,-2189.92,2026/01/29 23:15:19
12569,1367.46,18399.9,-2193.27,2026/01/29 23:15:19
12570,1367.57,18407.4,-2192.07,2026/01/29 23:15:19
12571,1367.67,18401.8,-2191.6,2026/01/29 23:15:19
12572,1367.78,18405.6,-2190.92,2026/01/29 23:15:19
12573,1367.89,18402.9,-2192.18,2026/01/29 23:15:19
12574,1368,18404.2,-2192.02,2026/01/29 23:15:20
12575,1368.11,18405,-2190.95,2026/01/29 23:15:20
12576,1368.22,18402.4,-2193.45,2026/01/29 23:15:20
12577,1368.33,18407.8,-2189.61,2026/01/29 23:15:20
12578,1368.43,18401.3,-2194.89,2026/01/29 23:15:20
12579,1368.54,18406,-2190.75,2026/01/29 23:15:20
12580,1368.65,18403,-2193.63,2026/01/29 23:15:20
12581,1368.76,18403.9,-2191.37,2026/01/29 23:15:20
12582,1368.87,18405.4,-2192.1,2026/01/29 23:15:20
12583,1368.98,18401.9,-2194.07,2026/01/29 23:15:21
12584,1369.09,18405.8,-2189.75,2026/01/29 23:15:21
12585,1369.2,18402,-2195.58,2026/01/29 23:15:21
12586,1369.3,18404.8,-2191.14,2026/01/29 23:15:21
12587,1369.41,18403.2,-2193.85,2026/01/29 23:15:21
12588,1369.52,18402.4,-2191.64,2026/01/29 23:15:21
12589,1369.63,18405.5,-2193.14,2026/01/29 23:15:21
12590,1369.74,18402,-2193.66,2026/01/29 23:15:21
12591,1369.85,18405.6,-2191.84,2026/01/29 23:15:21
12592,1369.96,18402.4,-2194.52,2026/01/29 23:15:22
12593,1370.06,18403.3,-2191.49,2026/01/29 23:15:22
12594,1370.17,18403.1,-2193.86,2026/01/29 23:15:22
12595,1370.28,18401.6,-2191.91,2026/01/29 23:15:22
12596,1370.39,18405.4,-2193.31,2026/01/29 23:15:22
12597,1370.5,18401.3,-2193.16,2026/01/29 23:15:22
12598,1370.61,18404.4,-2193.24,2026/01/29 23:15:22
12599,1370.72,18402.1,-2194.22,2026/01/29 23:15:22
12600,1370.82,18403,-2191.41,2026/01/29 23:15:22
12601,1370.93,18404.1,-2192.85,2026/01/29 23:15:22
12602,1371.04,18400.5,-2192.16,2026/01/29 23:15:23
12603,1371.15,18405.1,-2193.49,2026/01/29 23:15:23
12604,1371.26,18401.3,-2192.54,2026/01/29 23:15:23
12605,1371.37,18403.2,-2191.93,2026/01/29 23:15:23
12606,1371.48,18401.2,-2194.15,2026/01/29 23:15:23
12607,1371.59,18403.5,-2192.59,2026/01/29 23:15:23
12608,1371.7,18400.9,-2193.97,2026/01/29 23:15:23
12609,1371.8,18403.7,-2192.19,2026/01/29 23:15:23
12610,1371.91,18401.5,-2193.97,2026/01/29 23:15:23
12611,1372.02,18399.8,-2192.88,2026/01/29 23:15:24
12612,1372.13,18404.2,-2194.13,2026/01/29 23:15:24
12613,1372.24,18400.2,-2193.68,2026/01/29 23:15:24
12614,1372.35,18402.8,-2193.38,2026/01/29 23:15:24
12615,1372.46,18401.1,-2194.58,2026/01/29 23:15:24
12616,1372.56,18401.6,-2192.13,2026/01/29 23:15:24
12617,1372.67,18402.9,-2193.72,2026/01/29 23:15:24
12618,1372.78,18399.8,-2192.15,2026/01/29 23:15:24
12619,1372.89,18403,-2193.06,2026/01/29 23:15:24
12620,1373,18400.6,-2194.77,2026/01/29 23:15:25
12621,1373.11,18402.3,-2191.15,2026/01/29 23:15:25
12622,1373.21,18399.7,-2196.14,2026/01/29 23:15:25
12623,1373.32,18401.3,-2191.98,2026/01/29 23:15:25
12624,1373.43,18401.4,-2194.01,2026/01/29 23:15:25
12625,1373.54,18398.6,-2192.86,2026/01/29 23:15:25
12626,1373.65,18402.3,-2192.47,2026/01/29 23:15:25
12627,1373.76,18398.8,-2196.53,2026/01/29 23:15:25
12628,1373.86,18402.5,-2191.13,2026/01/29 23:15:25
12629,1373.97,18399.6,-2195.19,2026/01/29 23:15:26
12630,1374.08,18401.1,-2192.46,2026/01/29 23:15:26
12631,1374.19,18399.7,-2193.8,2026/01/29 23:15:26
12632,1374.3,18399.9,-2192.9,2026/01/29 23:15:26
12633,1374.41,18399.8,-2194.01,2026/01/29 23:15:26
12634,1374.52,18398.4,-2194.75,2026/01/29 23:15:26
12635,1374.63,18402.8,-2192.16,2026/01/29 23:15:26
12636,1374.74,18396.2,-2196.28,2026/01/29 23:15:26
12637,1374.84,18402.4,-2193.29,2026/01/29 23:15:26
12638,1374.95,18398.5,-2194.27,2026/01/29 23:15:26
12639,1375.06,18400.3,-2193.22,2026/01/29 23:15:27
12640,1375.17,18399.1,-2193.44,2026/01/29 23:15:27
12641,1375.28,18397.1,-2195.85,2026/01/29 23:15:27
12642,1375.39,18402.2,-2192.74,2026/01/29 23:15:27
12643,1375.5,18395.6,-2195.13,2026/01/29 23:15:27
12644,1375.6,18402.8,-2194.67,2026/01/29 23:15:27
12645,1375.72,18395.1,-2193.25,2026/01/29 23:15:27
12646,1375.82,18401.3,-2194.63,2026/01/29 23:15:27
12647,1375.93,18396.3,-2194.06,2026/01/29 23:15:27
12648,1376.04,18399,-2194.44,2026/01/29 23:15:28
12649,1376.15,18400.1,-2192.79,2026/01/29 23:15:28
12650,1376.26,18396.2,-2194.74,2026/01/29 23:15:28
12651,1376.37,18399.2,-2194.45,2026/01/29 23:15:28
12652,1376.48,18397.2,-2194.44,2026/01/29 23:15:28
12653,1376.58,18399.2,-2193.25,2026/01/29 23:15:28
12654,1376.69,18397.9,-2195.04,2026/01/29 23:15:28
12655,1376.8,18395.6,-2193.45,2026/01/29 23:15:28
12656,1376.91,18399.1,-2193.8,2026/01/29 23:15:28
12657,1377.02,18396.5,-2196.55,2026/01/29 23:15:29
12658,1377.12,18399,-2191.61,2026/01/29 23:15:29
12659,1377.23,18396.7,-2195.77,2026/01/29 23:15:29
12660,1377.34,18398.1,-2195.3,2026/01/29 23:15:29
12661,1377.45,18397.9,-2195.15,2026/01/29 23:15:29
12662,1377.56,18395.8,-2195.22,2026/01/29 23:15:29
12663,1377.67,18401.8,-2191.66,2026/01/29 23:15:29
12664,1377.77,18394.9,-2195.33,2026/01/29 23:15:29
12665,1377.88,18399.6,-2193.44,2026/01/29 23:15:29
12666,1377.99,18396.3,-2194.05,2026/01/29 23:15:30
12667,1378.1,18396.5,-2196.02,2026/01/29 23:15:30
12668,1378.21,18400.9,-2193.24,2026/01/29 23:15:30
12669,1378.31,18394.1,-2195.09,2026/01/29 23:15:30
12670,1378.42,18400.5,-2194.68,2026/01/29 23:15:30
12671,1378.53,18395.1,-2193.85,2026/01/29 23:15:30
12672,1378.64,18399,-2194.67,2026/01/29 23:15:30
12673,1378.75,18395.5,-2194.09,2026/01/29 23:15:30
12674,1378.86,18397.7,-2194.28,2026/01/29 23:15:30
12675,1378.97,18400,-2193.77,2026/01/29 23:15:31
12676,1379.08,18394.9,-2194.5,2026/01/29 23:15:31
12677,1379.19,18398.4,-2194.52,2026/01/29 23:15:31
12678,1379.29,18396,-2196.31,2026/01/29 23:15:31
12679,1379.4,18398.9,-2192.16,2026/01/29 23:15:31
12680,1379.51,18397,-2195.83,2026/01/29 23:15:31
12681,1379.62,18396.8,-2193.64,2026/01/29 23:15:31
12682,1379.73,18398.6,-2192.62,2026/01/29 23:15:31
12683,1379.84,18395,-2196.72,2026/01/29 23:15:31
12684,1379.94,18401.9,-2192.63,2026/01/29 23:15:31
12685,1380.05,18398.3,-2195.53,2026/01/29 23:15:32
12686,1380.16,18407.7,-2195.55,2026/01/29 23:15:32
12687,1380.27,18408,-2195.13,2026/01/29 23:15:32
12688,1380.38,18410.1,-2198.22,2026/01/29 23:15:32
12689,1380.49,18412.5,-2193.4,2026/01/29 23:15:32
12690,1380.59,18405.3,-2195.59,2026/01/29 23:15:32
12691,1380.7,18409.3,-2195.78,2026/01/29 23:15:32
12692,1380.81,18406.9,-2194.96,2026/01/29 23:15:32
12693,1380.92,18409.1,-2194.5,2026/01/29 23:15:32
12694,1381.03,18409,-2195.93,2026/01/29 23:15:33
12695,1381.14,18406.6,-2194.57,2026/01/29 23:15:33
12696,1381.25,18409.8,-2196.05,2026/01/29 23:15:33
12697,1381.36,18406.9,-2194.84,2026/01/29 23:15:33
12698,1381.46,18410.3,-2193.85,2026/01/29 23:15:33
12699,1381.57,18406.4,-2198.52,2026/01/29 23:15:33
12700,1381.68,18410.5,-2194,2026/01/29 23:15:33
12701,1381.79,18406.6,-2195.23,2026/01/29 23:15:33
12702,1381.9,18408.7,-2196.05,2026/01/29 23:15:33
12703,1382.01,18407.9,-2194.81,2026/01/29 23:15:34
12704,1382.12,18406.7,-2197.8,2026/01/29 23:15:34
12705,1382.23,18410,-2193.44,2026/01/29 23:15:34
12706,1382.34,18406.1,-2196.44,2026/01/29 23:15:34
12707,1382.45,18412,-2194.83,2026/01/29 23:15:34
12708,1382.55,18406.9,-2195.26,2026/01/29 23:15:34
12709,1382.66,18409.8,-2195.41,2026/01/29 23:15:34
12710,1382.77,18408.6,-2196.7,2026/01/29 23:15:34
12711,1382.88,18405.8,-2195.1,2026/01/29 23:15:34
12712,1382.98,18410.6,-2196.81,2026/01/29 23:15:35
12713,1383.09,18406.5,-2196.43,2026/01/29 23:15:35
12714,1383.2,18410.4,-2192.9,2026/01/29 23:15:35
12715,1383.31,18406.4,-2198.12,2026/01/29 23:15:35
12716,1383.42,18411,-2194.81,2026/01/29 23:15:35
12717,1383.53,18407.4,-2195.41,2026/01/29 23:15:35
12718,1383.64,18407.3,-2197.36,2026/01/29 23:15:35
12719,1383.74,18412,-2194.12,2026/01/29 23:15:35
12720,1383.85,18405,-2197.79,2026/01/29 23:15:35
12721,1383.96,18411.7,-2195.41,2026/01/29 23:15:36
12722,1384.07,18406.5,-2195.47,2026/01/29 23:15:36
12723,1384.18,18410.3,-2196.55,2026/01/29 23:15:36
12724,1384.29,18408.9,-2196,2026/01/29 23:15:36
12725,1384.4,18409.4,-2195.26,2026/01/29 23:15:36
12726,1384.51,18408.4,-2197.69,2026/01/29 23:15:36
12727,1384.62,18407.5,-2194.93,2026/01/29 23:15:36
12728,1384.72,18410.1,-2195.94,2026/01/29 23:15:36
12729,1384.83,18405.7,-2199.02,2026/01/29 23:15:36
12730,1384.94,18412,-2194.32,2026/01/29 23:15:36
12731,1385.05,18406.6,-2196.77,2026/01/29 23:15:37
12732,1385.16,18410.1,-2196.4,2026/01/29 23:15:37
12733,1385.26,18410.9,-2194.03,2026/01/29 23:15:37
12734,1385.37,18405.8,-2198.06,2026/01/29 23:15:37
12735,1385.48,18411.7,-2197.37,2026/01/29 23:15:37
12736,1385.59,18408,-2196.26,2026/01/29 23:15:37
12737,1385.7,18409,-2195.9,2026/01/29 23:15:37
12738,1385.8,18411.6,-2196.57,2026/01/29 23:15:37
12739,1385.91,18407.2,-2195,2026/01/29 23:15:37
12740,1386.02,18411,-2196.37,2026/01/29 23:15:38
12741,1386.13,18407.3,-2197.52,2026/01/29 23:15:38
12742,1386.24,18412.2,-2193.88,2026/01/29 23:15:38
12743,1386.35,18407.1,-2198.71,2026/01/29 23:15:38
12744,1386.46,18411.2,-2196.09,2026/01/29 23:15:38
12745,1386.56,18409.1,-2195.64,2026/01/29 23:15:38
12746,1386.67,18407.9,-2199.04,2026/01/29 23:15:38
12747,1386.78,18411.8,-2193.78,2026/01/29 23:15:38
12748,1386.89,18407.2,-2197.83,2026/01/29 23:15:38
12749,1387,18412.3,-2196.31,2026/01/29 23:15:39
12750,1387.11,18408.2,-2196.67,2026/01/29 23:15:39
12751,1387.22,18410.9,-2196.06,2026/01/29 23:15:39
12752,1387.33,18410,-2197.54,2026/01/29 23:15:39
12753,1387.43,18408.9,-2195.37,2026/01/29 23:15:39
12754,1387.54,18411.7,-2196.78,2026/01/29 23:15:39
12755,1387.65,18408.1,-2198.41,2026/01/29 23:15:39
12756,1387.76,18413.3,-2194.22,2026/01/29 23:15:39
12757,1387.87,18406.5,-2198.97,2026/01/29 23:15:39
12758,1387.98,18413.7,-2195.6,2026/01/29 23:15:40
12759,1388.09,18410.1,-2196.52,2026/01/29 23:15:40
12760,1388.19,18410.4,-2196.73,2026/01/29 23:15:40
12761,1388.3,18412,-2195.9,2026/01/29 23:15:40
12762,1388.41,18408.7,-2197.32,2026/01/29 23:15:40
12763,1388.52,18413.2,-2196.68,2026/01/29 23:15:40
12764,1388.63,18409.1,-2197.13,2026/01/29 23:15:40
12765,1388.74,18412.7,-2196.48,2026/01/29 23:15:40
12766,1388.85,18410,-2198.67,2026/01/29 23:15:40
12767,1388.96,18413.4,-2195,2026/01/29 23:15:41
12768,1389.07,18410.3,-2198.59,2026/01/29 23:15:41
12769,1389.17,18412.1,-2195.77,2026/01/29 23:15:41
12770,1389.28,18409.9,-2197.25,2026/01/29 23:15:41
12771,1389.39,18412.4,-2196.65,2026/01/29 23:15:41
12772,1389.5,18413.4,-2195.34,2026/01/29 23:15:41
12773,1389.61,18407.7,-2198.25,2026/01/29 23:15:41
12774,1389.72,18414.1,-2196.63,2026/01/29 23:15:41
12775,1389.83,18410,-2196.31,2026/01/29 23:15:41
12776,1389.94,18413.4,-2196.96,2026/01/29 23:15:41
12777,1390.05,18410.9,-2197.38,2026/01/29 23:15:42
12778,1390.15,18412.8,-2196.2,2026/01/29 23:15:42
12779,1390.26,18413.4,-2198.14,2026/01/29 23:15:42
12780,1390.37,18412,-2196.79,2026/01/29 23:15:42
12781,1390.48,18411.6,-2198.34,2026/01/29 23:15:42
12782,1390.59,18411.3,-2198.59,2026/01/29 23:15:42
12783,1390.7,18416.6,-2195.18,2026/01/29 23:15:42
12784,1390.81,18408.4,-2198.7,2026/01/29 23:15:42
12785,1390.92,18415.5,-2197,2026/01/29 23:15:42
12786,1391.02,18410.8,-2197.38,2026/01/29 23:15:43
12787,1391.13,18412.3,-2197.77,2026/01/29 23:15:43
12788,1391.24,18414.1,-2196.09,2026/01/29 23:15:43
12789,1391.35,18409.7,-2198.02,2026/01/29 23:15:43
12790,1391.46,18414.9,-2198.05,2026/01/29 23:15:43
12791,1391.57,18412.1,-2197.4,2026/01/29 23:15:43
12792,1391.67,18414,-2196.23,2026/01/29 23:15:43
12793,1391.78,18412.7,-2199.21,2026/01/29 23:15:43
12794,1391.89,18412,-2196.19,2026/01/29 23:15:43
12795,1392,18414,-2197.41,2026/01/29 23:15:44
12796,1392.11,18410.6,-2199.49,2026/01/29 23:15:44
12797,1392.21,18415.9,-2195.17,2026/01/29 23:15:44
12798,1392.32,18411.9,-2197.93,2026/01/29 23:15:44
12799,1392.43,18413.3,-2197.65,2026/01/29 23:15:44
12800,1392.54,18415.6,-2194.98,2026/01/29 23:15:44
12801,1392.65,18410.6,-2199.07,2026/01/29 23:15:44
12802,1392.75,18416.8,-2198,2026/01/29 23:15:44
12803,1392.86,18413.8,-2197.42,2026/01/29 23:15:44
12804,1392.97,18411.7,-2198.65,2026/01/29 23:15:45
12805,1393.08,18416.6,-2197.34,2026/01/29 23:15:45
12806,1393.19,18411.8,-2197.82,2026/01/29 23:15:45
12807,1393.3,18415.4,-2197.44,2026/01/29 23:15:45
12808,1393.4,18413.1,-2199.71,2026/01/29 23:15:45
12809,1393.52,18416.1,-2195.9,2026/01/29 23:15:45
12810,1393.62,18412.6,-2200.4,2026/01/29 23:15:45
12811,1393.73,18416.9,-2196.12,2026/01/29 23:15:45
12812,1393.84,18412.1,-2198.29,2026/01/29 23:15:45
12813,1393.95,18415.5,-2198.03,2026/01/29 23:15:45
12814,1394.06,18415.2,-2195.66,2026/01/29 23:15:46
12815,1394.17,18410.5,-2199.8,2026/01/29 23:15:46
12816,1394.27,18418.4,-2198.26,2026/01/29 23:15:46
12817,1394.38,18413.4,-2197.07,2026/01/29 23:15:46
12818,1394.49,18415.1,-2198.13,2026/01/29 23:15:46
12819,1394.6,18416.9,-2197.41,2026/01/29 23:15:46
12820,1394.71,18412.6,-2197.21,2026/01/29 23:15:46
12821,1394.82,18417.4,-2197.46,2026/01/29 23:15:46
12822,1394.92,18414.6,-2198.49,2026/01/29 23:15:46
12823,1395.03,18416.3,-2196.24,2026/01/29 23:15:47
12824,1395.14,18415,-2199.51,2026/01/29 23:15:47
12825,1395.25,18415.7,-2197.21,2026/01/29 23:15:47
12826,1395.36,18416.2,-2198.98,2026/01/29 23:15:47
12827,1395.47,18417,-2198.05,2026/01/29 23:15:47
12828,1395.58,18414.4,-2197.99,2026/01/29 23:15:47
12829,1395.69,18416.6,-2198.66,2026/01/29 23:15:47
12830,1395.8,18415.3,-2197.5,2026/01/29 23:15:47
12831,1395.91,18416.6,-2199.34,2026/01/29 23:15:47
12832,1396.02,18418.5,-2195.46,2026/01/29 23:15:48
12833,1396.13,18414.7,-2199.79,2026/01/29 23:15:48
12834,1396.23,18419.2,-2198.08,2026/01/29 23:15:48
12835,1396.34,18414.5,-2197.43,2026/01/29 23:15:48
12836,1396.45,18416.6,-2199.09,2026/01/29 23:15:48
12837,1396.56,18419.2,-2197.21,2026/01/29 23:15:48
12838,1396.67,18414.5,-2197.58,2026/01/29 23:15:48
12839,1396.77,18418.6,-2198.82,2026/01/29 23:15:48
12840,1396.88,18416.3,-2199.32,2026/01/29 23:15:48
12841,1396.99,18417.3,-2197.38,2026/01/29 23:15:49
12842,1397.1,18417.7,-2199.24,2026/01/29 23:15:49
12843,1397.21,18416.5,-2197.67,2026/01/29 23:15:49
12844,1397.31,18419.5,-2197.06,2026/01/29 23:15:49
12845,1397.42,18415.6,-2199.97,2026/01/29 23:15:49
12846,1397.53,18420.1,-2194.95,2026/01/29 23:15:49
12847,1397.64,18415.4,-2201.38,2026/01/29 23:15:49
12848,1397.75,18420.6,-2197.35,2026/01/29 23:15:49
12849,1397.86,18416.7,-2198.86,2026/01/29 23:15:49
12850,1397.97,18419.2,-2198.52,2026/01/29 23:15:50
12851,1398.08,18418.3,-2198.19,2026/01/29 23:15:50
12852,1398.19,18417.6,-2200.29,2026/01/29 23:15:50
12853,1398.3,18421.3,-2195.32,2026/01/29 23:15:50
12854,1398.41,18416.5,-2200.03,2026/01/29 23:15:50
12855,1398.51,18421.8,-2197.78,2026/01/29 23:15:50
12856,1398.62,18416.8,-2198.17,2026/01/29 23:15:50
12857,1398.73,18421.2,-2198.33,2026/01/29 23:15:50
12858,1398.84,18417.9,-2198.67,2026/01/29 23:15:50
12859,1398.95,18419.4,-2198.59,2026/01/29 23:15:50
12860,1399.06,18421.2,-2199.73,2026/01/29 23:15:51
12861,1399.17,18418,-2197.29,2026/01/29 23:15:51
12862,1399.27,18421.2,-2198.5,2026/01/29 23:15:51
12863,1399.38,18418.4,-2200.1,2026/01/29 23:15:51
12864,1399.49,18421.4,-2196.74,2026/01/29 23:15:51
12865,1399.6,18418,-2200.83,2026/01/29 23:15:51
12866,1399.71,18422.1,-2197.01,2026/01/29 23:15:51
12867,1399.82,18419.4,-2200.01,2026/01/29 23:15:51
12868,1399.93,18420.9,-2198.72,2026/01/29 23:15:51
12869,1400.04,18420.1,-2198.22,2026/01/29 23:15:52
12870,1400.14,18420,-2200.62,2026/01/29 23:15:52
12871,1400.25,18424.7,-2197.42,2026/01/29 23:15:52
12872,1400.36,18417.7,-2199.5,2026/01/29 23:15:52
12873,1400.47,18423.1,-2199.12,2026/01/29 23:15:52
12874,1400.58,18421.3,-2197.93,2026/01/29 23:15:52
12875,1400.69,18420.3,-2200.32,2026/01/29 23:15:52
12876,1400.79,18423.8,-2197.52,2026/01/29 23:15:52
12877,1400.9,18419,-2198.97,2026/01/29 23:15:52
12878,1401.01,18424.2,-2199.63,2026/01/29 23:15:53
12879,1401.12,18420.4,-2198.17,2026/01/29 23:15:53
12880,1401.23,18421.6,-2198.85,2026/01/29 23:15:53
12881,1401.34,18422.4,-2198.85,2026/01/29 23:15:53
12882,1401.45,18420.8,-2198.88,2026/01/29 23:15:53
12883,1401.55,18424.5,-2200.08,2026/01/29 23:15:53
12884,1401.66,18421,-2199.07,2026/01/29 23:15:53
12885,1401.77,18423.9,-2197.97,2026/01/29 23:15:53
12886,1401.88,18421.7,-2201.64,2026/01/29 23:15:53
12887,1401.99,18423.3,-2197.5,2026/01/29 23:15:54
12888,1402.1,18423.4,-2200.4,2026/01/29 23:15:54
12889,1402.2,18422.3,-2200.28,2026/01/29 23:15:54
12890,1402.31,18425.5,-2196.38,2026/01/29 23:15:54
12891,1402.42,18421,-2201.47,2026/01/29 23:15:54
12892,1402.53,18425.8,-2197.98,2026/01/29 23:15:54
12893,1402.64,18423,-2199.21,2026/01/29 23:15:54
12894,1402.74,18423.2,-2201.48,2026/01/29 23:15:54
12895,1402.85,18425.5,-2197.23,2026/01/29 23:15:54
12896,1402.96,18420.4,-2201.51,2026/01/29 23:15:55
12897,1403.07,18427.6,-2197.64,2026/01/29 23:15:55
12898,1403.18,18421.7,-2199.65,2026/01/29 23:15:55
12899,1403.29,18426.6,-2199.32,2026/01/29 23:15:55
12900,1403.4,18424.1,-2199.42,2026/01/29 23:15:55
12901,1403.51,18423.1,-2200.4,2026/01/29 23:15:55
12902,1403.61,18426.5,-2198.75,2026/01/29 23:15:55
12903,1403.72,18422.3,-2200.09,2026/01/29 23:15:55
12904,1403.83,18427.7,-2200.14,2026/01/29 23:15:55
12905,1403.94,18423.7,-2199.47,2026/01/29 23:15:55
12906,1404.05,18425.1,-2199.97,2026/01/29 23:15:56
12907,1404.16,18426.5,-2199.98,2026/01/29 23:15:56
12908,1404.26,18423.2,-2199.85,2026/01/29 23:15:56
12909,1404.37,18427.4,-2199.23,2026/01/29 23:15:56
12910,1404.48,18425.2,-2201.43,2026/01/29 23:15:56
12911,1404.59,18426.4,-2198.76,2026/01/29 23:15:56
12912,1404.7,18424.8,-2201.23,2026/01/29 23:15:56
12913,1404.81,18426,-2198.99,2026/01/29 23:15:56
12914,1404.92,18427,-2200.41,2026/01/29 23:15:56
12915,1405.02,18424.9,-2198.86,2026/01/29 23:15:57
12916,1405.13,18427.5,-2199.64,2026/01/29 23:15:57
12917,1405.24,18425,-2201.19,2026/01/29 23:15:57
12918,1405.35,18429,-2198.46,2026/01/29 23:15:57
12919,1405.46,18425.6,-2202.11,2026/01/29 23:15:57
12920,1405.57,18427.9,-2199.02,2026/01/29 23:15:57
12921,1405.68,18426.7,-2201.2,2026/01/29 23:15:57
12922,1405.79,18428.4,-2199.05,2026/01/29 23:15:57
12923,1405.89,18426.5,-2200.8,2026/01/29 23:15:57
12924,1406,18427.3,-2201.32,2026/01/29 23:15:58
12925,1406.11,18429,-2198.12,2026/01/29 23:15:58
12926,1406.22,18426,-2202.27,2026/01/29 23:15:58
12927,1406.33,18431.4,-2197.39,2026/01/29 23:15:58
12928,1406.44,18424.3,-2202.83,2026/01/29 23:15:58
12929,1406.55,18430.9,-2199.81,2026/01/29 23:15:58
12930,1406.66,18427,-2201,2026/01/29 23:15:58
12931,1406.77,18429.4,-2200.86,2026/01/29 23:15:58
12932,1406.87,18429.5,-2199.22,2026/01/29 23:15:58
12933,1406.98,18426.3,-2202.33,2026/01/29 23:15:59
12934,1407.09,18432.5,-2198.63,2026/01/29 23:15:59
12935,1407.2,18425.7,-2201.61,2026/01/29 23:15:59
12936,1407.31,18431.9,-2200.79,2026/01/29 23:15:59
12937,1407.42,18428,-2200.58,2026/01/29 23:15:59
12938,1407.53,18429.4,-2200.6,2026/01/29 23:15:59
12939,1407.63,18429.3,-2200.4,2026/01/29 23:15:59
12940,1407.74,18427.9,-2201.79,2026/01/29 23:15:59
12941,1407.85,18432.6,-2198.56,2026/01/29 23:15:59
12942,1407.96,18428.1,-2201.87,2026/01/29 23:16:00
12943,1408.07,18432.6,-2200.01,2026/01/29 23:16:00
12944,1408.18,18427.8,-2200.14,2026/01/29 23:16:00
12945,1408.29,18430.5,-2201.04,2026/01/29 23:16:00
12946,1408.39,18432.5,-2199.85,2026/01/29 23:16:00
12947,1408.5,18427.4,-2202.61,2026/01/29 23:16:00
12948,1408.61,18433.5,-2200.11,2026/01/29 23:16:00
12949,1408.72,18428.5,-2200.5,2026/01/29 23:16:00
12950,1408.83,18432.6,-2201.08,2026/01/29 23:16:00
12951,1408.94,18431.3,-2200.49,2026/01/29 23:16:00
12952,1409.04,18428.6,-2200.99,2026/01/29 23:16:01
12953,1409.15,18434.1,-2200.69,2026/01/29 23:16:01
12954,1409.26,18429.5,-2199.82,2026/01/29 23:16:01
12955,1409.37,18433.1,-2200.91,2026/01/29 23:16:01
12956,1409.48,18430.5,-2201.35,2026/01/29 23:16:01
12957,1409.59,18431.6,-2200.46,2026/01/29 23:16:01
12958,1409.69,18434.5,-2201.31,2026/01/29 23:16:01
12959,1409.8,18429.7,-2200.32,2026/01/29 23:16:01
12960,1409.92,18432.7,-2201.9,2026/01/29 23:16:01
12961,1410.03,18432.1,-2200.7,2026/01/29 23:16:02
12962,1410.13,18436.1,-2201.16,2026/01/29 23:16:02
12963,1410.24,18430.7,-2201.5,2026/01/29 23:16:02
12964,1410.35,18434.7,-2201.67,2026/01/29 23:16:02
12965,1410.46,18430.3,-2201.92,2026/01/29 23:16:02
12966,1410.57,18435.2,-2201.51,2026/01/29 23:16:02
12967,1410.68,18432.5,-2202.32,2026/01/29 23:16:02
12968,1410.79,18434,-2200.06,2026/01/29 23:16:02
12969,1410.9,18432.2,-2202.4,2026/01/29 23:16:02
12970,1411.01,18434,-2200.34,2026/01/29 23:16:03
12971,1411.11,18436.3,-2202.14,2026/01/29 23:16:03
12972,1411.22,18432.2,-2200.29,2026/01/29 23:16:03
12973,1411.33,18436.3,-2201.36,2026/01/29 23:16:03
12974,1411.44,18434.4,-2202.12,2026/01/29 23:16:03
12975,1411.55,18435.4,-2200.62,2026/01/29 23:16:03
12976,1411.66,18434.8,-2202.68,2026/01/29 23:16:03
12977,1411.76,18433.2,-2200.35,2026/01/29 23:16:03
12978,1411.87,18437.1,-2201.75,2026/01/29 23:16:03
12979,1411.98,18434.1,-2202.24,2026/01/29 23:16:04
12980,1412.09,18436.5,-2200.72,2026/01/29 23:16:04
12981,1412.2,18435,-2202.63,2026/01/29 23:16:04
12982,1412.3,18433.3,-2200.3,2026/01/29 23:16:04
12983,1412.41,18437.2,-2201.66,2026/01/29 23:16:04
12984,1412.52,18434.5,-2201.79,2026/01/29 23:16:04
12985,1412.63,18437.5,-2201.06,2026/01/29 23:16:04
12986,1412.74,18434.3,-2202.94,2026/01/29 23:16:04
12987,1412.85,18436.5,-2200.59,2026/01/29 23:16:04
12988,1412.96,18436.5,-2202.69,2026/01/29 23:16:05
12989,1413.06,18434,-2201.32,2026/01/29 23:16:05
12990,1413.17,18439.4,-2202.81,2026/01/29 23:16:05
12991,1413.28,18435.3,-2201.13,2026/01/29 23:16:05
12992,1413.39,18439.1,-2201.09,2026/01/29 23:16:05
12993,1413.5,18437.6,-2202.62,2026/01/29 23:16:05
12994,1413.6,18435.3,-2201.61,2026/01/29 23:16:05
12995,1413.71,18439.6,-2202.73,2026/01/29 23:16:05
12996,1413.82,18435.7,-2201.28,2026/01/29 23:16:05
12997,1413.93,18440.1,-2201.65,2026/01/29 23:16:05
12998,1414.04,18437,-2201.26,2026/01/29 23:16:06
12999,1414.15,18438.7,-2201.66,2026/01/29 23:16:06
13000,1414.26,18436.8,-2202.49,2026/01/29 23:16:06
13001,1414.37,18439.6,-2200.84,2026/01/29 23:16:06
13002,1414.48,18437.4,-2202.67,2026/01/29 23:16:06
13003,1414.59,18438.7,-2201.59,2026/01/29 23:16:06
13004,1414.69,18441.3,-2201.95,2026/01/29 23:16:06
13005,1414.8,18436.8,-2201.97,2026/01/29 23:16:06
13006,1414.91,18440.7,-2202.82,2026/01/29 23:16:06
13007,1415.02,18437.9,-2201.79,2026/01/29 23:16:07
13008,1415.13,18440.7,-2202.24,2026/01/29 23:16:07
13009,1415.24,18439.8,-2201.37,2026/01/29 23:16:07
13010,1415.34,18439.3,-2202.25,2026/01/29 23:16:07
13011,1415.45,18442.5,-2200.99,2026/01/29 23:16:07
13012,1415.56,18437.6,-2202.85,2026/01/29 23:16:07
13013,1415.67,18442,-2202.92,2026/01/29 23:16:07
13014,1415.78,18438,-2201.27,2026/01/29 23:16:07
13015,1415.89,18441.9,-2202.78,2026/01/29 23:16:07
13016,1416,18440.2,-2202.05,2026/01/29 23:16:08
13017,1416.1,18438.9,-2203.7,2026/01/29 23:16:08
13018,1416.21,18442.5,-2201.5,2026/01/29 23:16:08
13019,1416.32,18437.7,-2202.79,2026/01/29 23:16:08
13020,1416.43,18443,-2202.67,2026/01/29 23:16:08
13021,1416.54,18440.9,-2202.14,2026/01/29 23:16:08
13022,1416.64,18440.1,-2203.61,2026/01/29 23:16:08
13023,1416.75,18443.6,-2200.46,2026/01/29 23:16:08
13024,1416.86,18438.6,-2203.67,2026/01/29 23:16:08
13025,1416.97,18444.8,-2202.15,2026/01/29 23:16:09
13026,1417.08,18431.1,-2201.89,2026/01/29 23:16:09
13027,1417.19,18397.8,-2202.34,2026/01/29 23:16:09
13028,1417.29,18374.8,-2194.9,2026/01/29 23:16:09
13029,1417.4,18218.6,-2171.81,2026/01/29 23:16:09
13030,1417.51,18055.1,-2148.02,2026/01/29 23:16:09
13031,1417.62,17982.2,-2151.1,2026/01/29 23:16:09
13032,1417.73,17968,-2149.14,2026/01/29 23:16:09
13033,1417.84,17999.2,-2151.14,2026/01/29 23:16:09
13034,1417.95,18042.2,-2146.16,2026/01/29 23:16:09
13035,1418.05,17988.7,-2143.38,2026/01/29 23:16:10
13036,1418.16,17959.3,-2151.4,2026/01/29 23:16:10
13037,1418.27,18087.1,-2148.64,2026/01/29 23:16:10
13038,1418.38,18277.2,-2147.48,2026/01/29 23:16:10
13039,1418.49,18246,-2148.47,2026/01/29 23:16:10
13040,1418.6,18303.9,-2176.4,2026/01/29 23:16:10
13041,1418.71,18349.7,-2181.68,2026/01/29 23:16:10
13042,1418.81,18340.8,-2184.59,2026/01/29 23:16:10
13043,1418.92,18317.8,-2180.31,2026/01/29 23:16:10
13044,1419.03,18342.9,-2173.82,2026/01/29 23:16:11
13045,1419.14,18236.9,-2159.05,2026/01/29 23:16:11
13046,1419.25,18146.8,-2144.57,2026/01/29 23:16:11
13047,1419.36,18055.9,-2146.6,2026/01/29 23:16:11
13048,1419.47,17996.2,-2144.53,2026/01/29 23:16:11
13049,1419.58,17974.9,-2148.05,2026/01/29 23:16:11
13050,1419.69,17994.9,-2146.11,2026/01/29 23:16:11
13051,1419.8,18007.7,-2146.75,2026/01/29 23:16:11
13052,1419.9,17987,-2142.89,2026/01/29 23:16:11
13053,1420.01,17961.9,-2149.8,2026/01/29 23:16:12
13054,1420.12,18070.9,-2148.28,2026/01/29 23:16:12
13055,1420.23,18243.7,-2146.53,2026/01/29 23:16:12
13056,1420.34,18271.3,-2145.78,2026/01/29 23:16:12
13057,1420.45,18230.2,-2159.87,2026/01/29 23:16:12
13058,1420.55,18321.4,-2177.8,2026/01/29 23:16:12
13059,1420.67,18346.3,-2183.47,2026/01/29 23:16:12
13060,1420.78,18344.6,-2182.85,2026/01/29 23:16:12
13061,1420.88,18336.9,-2181.95,2026/01/29 23:16:12
13062,1420.99,18354.8,-2175.71,2026/01/29 23:16:13
13063,1421.1,18268.4,-2164.68,2026/01/29 23:16:13
13064,1421.21,18190.3,-2152.31,2026/01/29 23:16:13
13065,1421.32,18102.4,-2141.34,2026/01/29 23:16:13
13066,1421.43,18022.7,-2142.81,2026/01/29 23:16:13
13067,1421.54,17982.8,-2144.17,2026/01/29 23:16:13
13068,1421.65,17994.5,-2146.44,2026/01/29 23:16:13
13069,1421.75,18050.4,-2143.36,2026/01/29 23:16:13
13070,1421.86,18128.2,-2144.83,2026/01/29 23:16:13
13071,1421.97,18208.5,-2141.75,2026/01/29 23:16:14
13072,1422.08,18316.2,-2142.38,2026/01/29 23:16:14
13073,1422.19,18274.1,-2148.31,2026/01/29 23:16:14
13074,1422.3,18261.9,-2163.91,2026/01/29 23:16:14
13075,1422.41,18346.2,-2177.86,2026/01/29 23:16:14
13076,1422.51,18360.2,-2183.27,2026/01/29 23:16:14
13077,1422.62,18362.4,-2186.39,2026/01/29 23:16:14
13078,1422.73,18366.5,-2182.87,2026/01/29 23:16:14
13079,1422.84,18358.1,-2185.62,2026/01/29 23:16:14
13080,1422.95,18360.1,-2180.86,2026/01/29 23:16:14
13081,1423.06,18364.5,-2181.34,2026/01/29 23:16:15
13082,1423.17,18301.7,-2162.49,2026/01/29 23:16:15
13083,1423.28,18192.9,-2153.64,2026/01/29 23:16:15
13084,1423.39,18090.7,-2139.64,2026/01/29 23:16:15
13085,1423.5,18006,-2143.78,2026/01/29 23:16:15
13086,1423.6,17964.5,-2145.57,2026/01/29 23:16:15
13087,1423.71,17988.5,-2146.63,2026/01/29 23:16:15
13088,1423.82,17992.5,-2144.03,2026/01/29 23:16:15
13089,1423.93,18001.4,-2145.65,2026/01/29 23:16:15
13090,1424.04,18115,-2145.95,2026/01/29 23:16:16
13091,1424.15,18278.2,-2134.86,2026/01/29 23:16:16
13092,1424.25,18217.4,-2150.46,2026/01/29 23:16:16
13093,1424.36,18265.9,-2171.08,2026/01/29 23:16:16
13094,1424.47,18332.3,-2179.18,2026/01/29 23:16:16
13095,1424.58,18337.1,-2185.43,2026/01/29 23:16:16
13096,1424.69,18337.2,-2184.76,2026/01/29 23:16:16
13097,1424.8,18322.5,-2181.85,2026/01/29 23:16:16
13098,1424.91,18320.9,-2180.81,2026/01/29 23:16:16
13099,1425.01,18345.6,-2170.64,2026/01/29 23:16:17
13100,1425.12,18242.6,-2161.85,2026/01/29 23:16:17
13101,1425.23,18162,-2145.61,2026/01/29 23:16:17
13102,1425.34,18077.9,-2143.84,2026/01/29 23:16:17
13103,1425.45,18014.9,-2142.36,2026/01/29 23:16:17
13104,1425.56,17995.5,-2143.8,2026/01/29 23:16:17
13105,1425.67,18006.6,-2142.69,2026/01/29 23:16:17
13106,1425.78,18079.1,-2146.28,2026/01/29 23:16:17
13107,1425.89,18259.9,-2144.48,2026/01/29 23:16:17
13108,1425.99,18259,-2149.07,2026/01/29 23:16:18
13109,1426.1,18254.9,-2161.04,2026/01/29 23:16:18
13110,1426.21,18328.8,-2173.99,2026/01/29 23:16:18
13111,1426.32,18343.4,-2179.48,2026/01/29 23:16:18
13112,1426.43,18350.5,-2182.22,2026/01/29 23:16:18
13113,1426.54,18349.8,-2183.16,2026/01/29 23:16:18
13114,1426.65,18345.3,-2183.07,2026/01/29 23:16:18
13115,1426.76,18337.5,-2178.66,2026/01/29 23:16:18
13116,1426.87,18353.2,-2179.21,2026/01/29 23:16:18
13117,1426.98,18336.4,-2167.23,2026/01/29 23:16:19
13118,1427.08,18247.3,-2161.45,2026/01/29 23:16:19
13119,1427.19,18176.1,-2148,2026/01/29 23:16:19
13120,1427.3,18086,-2143.15,2026/01/29 23:16:19
13121,1427.41,17995.9,-2141.31,2026/01/29 23:16:19
13122,1427.52,17950.5,-2147.95,2026/01/29 23:16:19
13123,1427.63,17989,-2145.06,2026/01/29 23:16:19
13124,1427.73,18044.7,-2142.86,2026/01/29 23:16:19
13125,1427.84,18088.7,-2143.05,2026/01/29 23:16:19
13126,1427.95,18219.1,-2146.8,2026/01/29 23:16:19
13127,1428.06,18237.6,-2144.73,2026/01/29 23:16:20
13128,1428.17,18232.2,-2160.75,2026/01/29 23:16:20
13129,1428.28,18318.5,-2172.08,2026/01/29 23:16:20
13130,1428.38,18338,-2185.09,2026/01/29 23:16:20
13131,1428.49,18349.7,-2184.34,2026/01/29 23:16:20
13132,1428.6,18340.8,-2188.7,2026/01/29 23:16:20
13133,1428.72,18337.3,-2182.5,2026/01/29 23:16:20
13134,1428.82,18323.1,-2184.39,2026/01/29 23:16:20
13135,1428.93,18342.7,-2170.04,2026/01/29 23:16:20
13136,1429.04,18248.7,-2160.66,2026/01/29 23:16:21
13137,1429.15,18177.1,-2149.69,2026/01/29 23:16:21
13138,1429.26,18108.5,-2144.6,2026/01/29 23:16:21
13139,1429.37,18044.2,-2141.99,2026/01/29 23:16:21
13140,1429.48,17996.8,-2142.69,2026/01/29 23:16:21
13141,1429.59,18011.1,-2145.56,2026/01/29 23:16:21
13142,1429.7,18064.8,-2141.08,2026/01/29 23:16:21
13143,1429.8,18087.8,-2143.28,2026/01/29 23:16:21
13144,1429.91,18143.6,-2140.63,2026/01/29 23:16:21
13145,1430.02,18277.7,-2145.26,2026/01/29 23:16:22
13146,1430.13,18280,-2146.99,2026/01/29 23:16:22
13147,1430.24,18265.2,-2163.13,2026/01/29 23:16:22
13148,1430.35,18347.8,-2174.53,2026/01/29 23:16:22
13149,1430.46,18377.4,-2182.88,2026/01/29 23:16:22
13150,1430.57,18375,-2184.77,2026/01/29 23:16:22
13151,1430.68,18377.2,-2185.51,2026/01/29 23:16:22
13152,1430.79,18373.7,-2185.06,2026/01/29 23:16:22
13153,1430.9,18375.5,-2185.45,2026/01/29 23:16:22
13154,1431,18362,-2181.94,2026/01/29 23:16:23
13155,1431.11,18377,-2180.89,2026/01/29 23:16:23
13156,1431.22,18366.2,-2173.55,2026/01/29 23:16:23
13157,1431.33,18312.2,-2167.9,2026/01/29 23:16:23
13158,1431.44,18230.7,-2157.47,2026/01/29 23:16:23
13159,1431.55,18175.1,-2154.27,2026/01/29 23:16:23
13160,1431.66,18120.5,-2147.9,2026/01/29 23:16:23
13161,1431.77,18060.6,-2145.81,2026/01/29 23:16:23
13162,1431.88,18057.6,-2144.36,2026/01/29 23:16:23
13163,1431.99,18124.5,-2145.74,2026/01/29 23:16:24
13164,1432.09,18217.3,-2144.87,2026/01/29 23:16:24
13165,1432.2,18315.7,-2148.01,2026/01/29 23:16:24
13166,1432.31,18305.8,-2149.66,2026/01/29 23:16:24
13167,1432.42,18285.2,-2162.98,2026/01/29 23:16:24
13168,1432.53,18337.1,-2177.84,2026/01/29 23:16:24
13169,1432.64,18377.3,-2181.08,2026/01/29 23:16:24
13170,1432.75,18376.8,-2189.64,2026/01/29 23:16:24
13171,1432.86,18381.5,-2186.02,2026/01/29 23:16:24
13172,1432.97,18369.3,-2189.9,2026/01/29 23:16:25
13173,1433.07,18357.7,-2183.98,2026/01/29 23:16:25
13174,1433.18,18367.9,-2183.82,2026/01/29 23:16:25
13175,1433.29,18337,-2169.38,2026/01/29 23:16:25
13176,1433.4,18239.4,-2159.83,2026/01/29 23:16:25
13177,1433.51,18185.7,-2156.74,2026/01/29 23:16:25
13178,1433.62,18146.7,-2152.04,2026/01/29 23:16:25
13179,1433.73,18125.9,-2148.85,2026/01/29 23:16:25
13180,1433.84,18126.2,-2149.95,2026/01/29 23:16:25
13181,1433.94,18121.8,-2148.29,2026/01/29 23:16:25
13182,1434.05,18085.1,-2146.63,2026/01/29 23:16:26
13183,1434.16,18092.1,-2144.27,2026/01/29 23:16:26
13184,1434.27,18171.1,-2149.7,2026/01/29 23:16:26
13185,1434.38,18302.9,-2148.94,2026/01/29 23:16:26
13186,1434.49,18274.3,-2156.07,2026/01/29 23:16:26
13187,1434.6,18285.9,-2164.42,2026/01/29 23:16:26
13188,1434.71,18336.3,-2180.25,2026/01/29 23:16:26
13189,1434.82,18377.3,-2184.11,2026/01/29 23:16:26
13190,1434.92,18385.5,-2189.61,2026/01/29 23:16:26
13191,1435.03,18378.9,-2188.91,2026/01/29 23:16:27
13192,1435.14,18369.9,-2188.53,2026/01/29 23:16:27
13193,1435.25,18335.4,-2184.96,2026/01/29 23:16:27
13194,1435.36,18366.6,-2176.01,2026/01/29 23:16:27
13195,1435.47,18268.3,-2161.92,2026/01/29 23:16:27
13196,1435.58,18209.8,-2157.41,2026/01/29 23:16:27
13197,1435.69,18156.6,-2152.71,2026/01/29 23:16:27
13198,1435.8,18110.1,-2149.64,2026/01/29 23:16:27
13199,1435.9,18056.3,-2145.31,2026/01/29 23:16:27
13200,1436.01,18062.7,-2147.6,2026/01/29 23:16:28
13201,1436.12,18145.9,-2142.41,2026/01/29 23:16:28
13202,1436.23,18216.6,-2146.34,2026/01/29 23:16:28
13203,1436.34,18310.6,-2144.99,2026/01/29 23:16:28
13204,1436.45,18318.9,-2150.44,2026/01/29 23:16:28
13205,1436.56,18281.2,-2158.1,2026/01/29 23:16:28
13206,1436.66,18316.6,-2171.83,2026/01/29 23:16:28
13207,1436.77,18362.9,-2180.45,2026/01/29 23:16:28
13208,1436.88,18386.8,-2187.65,2026/01/29 23:16:28
13209,1436.99,18384.1,-2188.74,2026/01/29 23:16:29
13210,1437.1,18380.3,-2190.05,2026/01/29 23:16:29
13211,1437.21,18364,-2186.16,2026/01/29 23:16:29
13212,1437.32,18361,-2184.63,2026/01/29 23:16:29
13213,1437.42,18356.2,-2170.14,2026/01/29 23:16:29
13214,1437.53,18252.5,-2161.67,2026/01/29 23:16:29
13215,1437.64,18186.5,-2152.72,2026/01/29 23:16:29
13216,1437.75,18129.6,-2150.95,2026/01/29 23:16:29
13217,1437.86,18113.6,-2143.99,2026/01/29 23:16:29
13218,1437.97,18083.1,-2146.29,2026/01/29 23:16:30
13219,1438.08,18057.7,-2142.83,2026/01/29 23:16:30
13220,1438.18,18072.4,-2147.75,2026/01/29 23:16:30
13221,1438.29,18188.5,-2144.31,2026/01/29 23:16:30
13222,1438.4,18320.1,-2149.69,2026/01/29 23:16:30
13223,1438.51,18292.1,-2152.27,2026/01/29 23:16:30
13224,1438.62,18288.1,-2165.21,2026/01/29 23:16:30
13225,1438.73,18341.7,-2177.35,2026/01/29 23:16:30
13226,1438.84,18373.3,-2183.36,2026/01/29 23:16:30
13227,1438.95,18377.9,-2185.72,2026/01/29 23:16:30
13228,1439.05,18370.5,-2187.92,2026/01/29 23:16:31
13229,1439.16,18365,-2183.02,2026/01/29 23:16:31
13230,1439.27,18347.1,-2182.24,2026/01/29 23:16:31
13231,1439.38,18364.1,-2171.56,2026/01/29 23:16:31
13232,1439.49,18279.5,-2161.16,2026/01/29 23:16:31
13233,1439.6,18212.9,-2157.38,2026/01/29 23:16:31
13234,1439.7,18153.9,-2146.99,2026/01/29 23:16:31
13235,1439.81,18092.6,-2145.93,2026/01/29 23:16:31
13236,1439.92,18042.8,-2142.56,2026/01/29 23:16:31
13237,1440.03,18043.1,-2148.46,2026/01/29 23:16:32
13238,1440.14,18150.9,-2142.53,2026/01/29 23:16:32
13239,1440.25,18255,-2145.82,2026/01/29 23:16:32
13240,1440.36,18343.3,-2144.44,2026/01/29 23:16:32
13241,1440.46,18290,-2152.32,2026/01/29 23:16:32
13242,1440.57,18280.1,-2163.72,2026/01/29 23:16:32
13243,1440.68,18332.5,-2172.7,2026/01/29 23:16:32
13244,1440.79,18374.2,-2183.1,2026/01/29 23:16:32
13245,1440.9,18383.5,-2186.07,2026/01/29 23:16:32
13246,1441.01,18386.2,-2188.08,2026/01/29 23:16:33
13247,1441.11,18376.6,-2189.31,2026/01/29 23:16:33
13248,1441.22,18370.2,-2186.1,2026/01/29 23:16:33
13249,1441.33,18348.7,-2183.89,2026/01/29 23:16:33
13250,1441.44,18386.7,-2180.55,2026/01/29 23:16:33
13251,1441.55,18346.9,-2171.69,2026/01/29 23:16:33
13252,1441.66,18279.2,-2163.81,2026/01/29 23:16:33
13253,1441.77,18233.7,-2156.71,2026/01/29 23:16:33
13254,1441.88,18195.5,-2157.17,2026/01/29 23:16:33
13255,1441.99,18157.1,-2149.93,2026/01/29 23:16:34
13256,1442.09,18112.5,-2150.15,2026/01/29 23:16:34
13257,1442.2,18069.8,-2144.98,2026/01/29 23:16:34
13258,1442.31,18078.1,-2147.43,2026/01/29 23:16:34
13259,1442.42,18146.7,-2141.88,2026/01/29 23:16:34
13260,1442.53,18261.4,-2150.68,2026/01/29 23:16:34
13261,1442.64,18336.4,-2141.44,2026/01/29 23:16:34
13262,1442.75,18279.6,-2161.18,2026/01/29 23:16:34
13263,1442.86,18320.4,-2169.31,2026/01/29 23:16:34
13264,1442.97,18361.9,-2180.36,2026/01/29 23:16:35
13265,1443.07,18379.3,-2184.49,2026/01/29 23:16:35
13266,1443.18,18394.9,-2189.78,2026/01/29 23:16:35
13267,1443.29,18392.2,-2190.95,2026/01/29 23:16:35
13268,1443.4,18390.6,-2188.91,2026/01/29 23:16:35
13269,1443.51,18379.9,-2190.42,2026/01/29 23:16:35
13270,1443.62,18367.4,-2184.64,2026/01/29 23:16:35
13271,1443.73,18388.9,-2182.66,2026/01/29 23:16:35
13272,1443.84,18326.5,-2167.23,2026/01/29 23:16:35
13273,1443.95,18232,-2158.52,2026/01/29 23:16:35
13274,1444.06,18173.3,-2152.48,2026/01/29 23:16:36
13275,1444.16,18128.4,-2148.23,2026/01/29 23:16:36
13276,1444.27,18072.6,-2144.57,2026/01/29 23:16:36
13277,1444.38,18020.2,-2146.48,2026/01/29 23:16:36
13278,1444.49,18039.6,-2147.61,2026/01/29 23:16:36
13279,1444.6,18131.8,-2145,2026/01/29 23:16:36
13280,1444.71,18229.8,-2144.3,2026/01/29 23:16:36
13281,1444.82,18323.9,-2147.25,2026/01/29 23:16:36
13282,1444.93,18316.5,-2144.13,2026/01/29 23:16:36
13283,1445.04,18265.8,-2158.38,2026/01/29 23:16:37
13284,1445.14,18305.1,-2166.9,2026/01/29 23:16:37
13285,1445.25,18351.3,-2177.99,2026/01/29 23:16:37
13286,1445.36,18370.4,-2182.35,2026/01/29 23:16:37
13287,1445.47,18367.5,-2184.63,2026/01/29 23:16:37
13288,1445.58,18371.2,-2186.85,2026/01/29 23:16:37
13289,1445.69,18369.8,-2186.25,2026/01/29 23:16:37
13290,1445.8,18361.6,-2189.28,2026/01/29 23:16:37
13291,1445.9,18351.7,-2182.91,2026/01/29 23:16:37
13292,1446.01,18356.6,-2183.19,2026/01/29 23:16:38
13293,1446.12,18339.9,-2167.13,2026/01/29 23:16:38
13294,1446.23,18225.8,-2157.37,2026/01/29 23:16:38
13295,1446.34,18158,-2148.63,2026/01/29 23:16:38
13296,1446.45,18096.1,-2144.49,2026/01/29 23:16:38
13297,1446.56,18043.9,-2145.37,2026/01/29 23:16:38
13298,1446.67,18032.6,-2146.21,2026/01/29 23:16:38
13299,1446.78,18098.2,-2146.79,2026/01/29 23:16:38
13300,1446.89,18195.6,-2141.42,2026/01/29 23:16:38
13301,1446.99,18292.8,-2146.81,2026/01/29 23:16:39
13302,1447.1,18335.2,-2147.09,2026/01/29 23:16:39
13303,1447.21,18281.5,-2157.66,2026/01/29 23:16:39
13304,1447.32,18323,-2171.72,2026/01/29 23:16:39
13305,1447.43,18378.3,-2179.86,2026/01/29 23:16:39
13306,1447.54,18389.3,-2187.19,2026/01/29 23:16:39
13307,1447.64,18393.7,-2186.48,2026/01/29 23:16:39
13308,1447.75,18391.3,-2189.32,2026/01/29 23:16:39
13309,1447.86,18400.3,-2190.92,2026/01/29 23:16:39
13310,1447.97,18400.6,-2192,2026/01/29 23:16:40
13311,1448.08,18408.2,-2193.33,2026/01/29 23:16:40
13312,1448.19,18403.1,-2191.41,2026/01/29 23:16:40
13313,1448.29,18388.5,-2191.69,2026/01/29 23:16:40
13314,1448.4,18378.9,-2188.53,2026/01/29 23:16:40
13315,1448.51,18386.9,-2175.27,2026/01/29 23:16:40
13316,1448.62,18299.8,-2165.9,2026/01/29 23:16:40
13317,1448.73,18213.6,-2156.5,2026/01/29 23:16:40
13318,1448.84,18149,-2151.32,2026/01/29 23:16:40
13319,1448.95,18093.4,-2145.08,2026/01/29 23:16:40
13320,1449.05,18055.1,-2148.63,2026/01/29 23:16:41
13321,1449.16,18042.6,-2146.83,2026/01/29 23:16:41
13322,1449.27,18029.7,-2146.67,2026/01/29 23:16:41
13323,1449.38,18055.5,-2147.02,2026/01/29 23:16:41
13324,1449.49,18085.5,-2141.93,2026/01/29 23:16:41
13325,1449.6,18117.3,-2146.76,2026/01/29 23:16:41
13326,1449.7,18209.7,-2142.58,2026/01/29 23:16:41
13327,1449.81,18335,-2148.89,2026/01/29 23:16:41
13328,1449.92,18281.6,-2153,2026/01/29 23:16:41
13329,1450.03,18270,-2162.32,2026/01/29 23:16:42
13330,1450.14,18327.1,-2173,2026/01/29 23:16:42
13331,1450.25,18380.5,-2179.81,2026/01/29 23:16:42
13332,1450.36,18396.1,-2188.59,2026/01/29 23:16:42
13333,1450.46,18406.4,-2189.23,2026/01/29 23:16:42
13334,1450.57,18406.7,-2195.04,2026/01/29 23:16:42
13335,1450.68,18411.9,-2193.9,2026/01/29 23:16:42
13336,1450.79,18400.1,-2195.18,2026/01/29 23:16:42
13337,1450.9,18390.4,-2190.37,2026/01/29 23:16:42
13338,1451.01,18359.8,-2187.7,2026/01/29 23:16:43
13339,1451.12,18385.3,-2175.1,2026/01/29 23:16:43
13340,1451.23,18269.3,-2162.33,2026/01/29 23:16:43
13341,1451.34,18170.2,-2151.97,2026/01/29 23:16:43
13342,1451.45,18109.7,-2150.04,2026/01/29 23:16:43
13343,1451.56,18073.1,-2147.11,2026/01/29 23:16:43
13344,1451.67,18068.1,-2147.04,2026/01/29 23:16:43
13345,1451.78,18071.6,-2146.15,2026/01/29 23:16:43
13346,1451.88,18138.4,-2148.14,2026/01/29 23:16:43
13347,1451.99,18264.2,-2149.46,2026/01/29 23:16:44
13348,1452.1,18332.1,-2142.81,2026/01/29 23:16:44
13349,1452.21,18276.5,-2161.16,2026/01/29 23:16:44
13350,1452.32,18321.6,-2168.49,2026/01/29 23:16:44
13351,1452.43,18379.8,-2182.03,2026/01/29 23:16:44
13352,1452.54,18400.2,-2186.78,2026/01/29 23:16:44
13353,1452.65,18398.9,-2190.81,2026/01/29 23:16:44
13354,1452.76,18400.1,-2190.63,2026/01/29 23:16:44
13355,1452.86,18398.3,-2189.87,2026/01/29 23:16:44
13356,1452.97,18381.3,-2190.54,2026/01/29 23:16:45
13357,1453.08,18358.2,-2181.57,2026/01/29 23:16:45
13358,1453.19,18388.7,-2179.79,2026/01/29 23:16:45
13359,1453.3,18298.7,-2163.23,2026/01/29 23:16:45
13360,1453.41,18202.3,-2154.43,2026/01/29 23:16:45
13361,1453.52,18122.5,-2149.49,2026/01/29 23:16:45
13362,1453.63,18052.7,-2146.62,2026/01/29 23:16:45
13363,1453.74,18042.5,-2149.78,2026/01/29 23:16:45
13364,1453.84,18043.9,-2144.14,2026/01/29 23:16:45
13365,1453.95,18011.3,-2147.06,2026/01/29 23:16:45
13366,1454.06,18022.9,-2146.66,2026/01/29 23:16:46
13367,1454.17,18103.8,-2148.96,2026/01/29 23:16:46
13368,1454.28,18202.7,-2142.71,2026/01/29 23:16:46
13369,1454.39,18332.6,-2148.75,2026/01/29 23:16:46
13370,1454.5,18272.5,-2150.38,2026/01/29 23:16:46
13371,1454.61,18274,-2162.94,2026/01/29 23:16:46
13372,1454.71,18346.1,-2172.37,2026/01/29 23:16:46
13373,1454.82,18372.8,-2179.81,2026/01/29 23:16:46
13374,1454.93,18373.4,-2185.78,2026/01/29 23:16:46
13375,1455.04,18382.4,-2183.19,2026/01/29 23:16:47
13376,1455.15,18375.2,-2185.54,2026/01/29 23:16:47
13377,1455.26,18362.2,-2183.38,2026/01/29 23:16:47
13378,1455.36,18341.7,-2180.68,2026/01/29 23:16:47
13379,1455.47,18359.1,-2172.09,2026/01/29 23:16:47
13380,1455.58,18239.7,-2153.73,2026/01/29 23:16:47
13381,1455.69,18128.5,-2146.87,2026/01/29 23:16:47
13382,1455.8,18039.1,-2144.26,2026/01/29 23:16:47
13383,1455.91,18013.7,-2146.57,2026/01/29 23:16:47
13384,1456.02,18029.4,-2144.29,2026/01/29 23:16:48
13385,1456.13,18037,-2145.6,2026/01/29 23:16:48
13386,1456.23,18102,-2146.69,2026/01/29 23:16:48
13387,1456.34,18262.2,-2146.48,2026/01/29 23:16:48
13388,1456.45,18312.6,-2144.98,2026/01/29 23:16:48
13389,1456.56,18255.5,-2153.09,2026/01/29 23:16:48
13390,1456.67,18298.3,-2170.21,2026/01/29 23:16:48
13391,1456.77,18358.3,-2176.78,2026/01/29 23:16:48
13392,1456.88,18365.4,-2184.41,2026/01/29 23:16:48
13393,1456.99,18366,-2187.19,2026/01/29 23:16:49
13394,1457.1,18369.1,-2184.85,2026/01/29 23:16:49
13395,1457.21,18348.6,-2183.53,2026/01/29 23:16:49
13396,1457.32,18330,-2181.17,2026/01/29 23:16:49
13397,1457.43,18360.1,-2173.27,2026/01/29 23:16:49
13398,1457.53,18267,-2163.61,2026/01/29 23:16:49
13399,1457.64,18194.5,-2148.21,2026/01/29 23:16:49
13400,1457.75,18107.1,-2145.08,2026/01/29 23:16:49
13401,1457.86,18029.9,-2144.45,2026/01/29 23:16:49
13402,1457.97,18014.5,-2147.29,2026/01/29 23:16:50
13403,1458.08,18030.2,-2142.55,2026/01/29 23:16:50
13404,1458.19,18032,-2144.44,2026/01/29 23:16:50
13405,1458.29,18040.7,-2142.98,2026/01/29 23:16:50
13406,1458.4,18094,-2145.51,2026/01/29 23:16:50
13407,1458.51,18259.1,-2149.82,2026/01/29 23:16:50
13408,1458.62,18257.8,-2145.8,2026/01/29 23:16:50
13409,1458.73,18242.4,-2161.2,2026/01/29 23:16:50
13410,1458.84,18334.1,-2173.75,2026/01/29 23:16:50
13411,1458.95,18352.7,-2182.14,2026/01/29 23:16:50
13412,1459.06,18365.4,-2186.76,2026/01/29 23:16:51
13413,1459.17,18370.9,-2189.27,2026/01/29 23:16:51
13414,1459.27,18374.7,-2189.44,2026/01/29 23:16:51
13415,1459.38,18377.8,-2190.82,2026/01/29 23:16:51
13416,1459.49,18370.3,-2190.51,2026/01/29 23:16:51
13417,1459.6,18367.9,-2191.6,2026/01/29 23:16:51
13418,1459.71,18350,-2190.44,2026/01/29 23:16:51
13419,1459.82,18345,-2184.37,2026/01/29 23:16:51
13420,1459.92,18358.3,-2174.58,2026/01/29 23:16:51
13421,1460.03,18262.4,-2162.24,2026/01/29 23:16:52
13422,1460.14,18186,-2148.82,2026/01/29 23:16:52
13423,1460.25,18114.5,-2145.85,2026/01/29 23:16:52
13424,1460.36,18054.5,-2141.12,2026/01/29 23:16:52
13425,1460.47,18019.2,-2144.88,2026/01/29 23:16:52
13426,1460.58,18044.5,-2144.35,2026/01/29 23:16:52
13427,1460.68,18090.7,-2144.86,2026/01/29 23:16:52
13428,1460.79,18159.8,-2142.54,2026/01/29 23:16:52
13429,1460.9,18258.8,-2146.83,2026/01/29 23:16:52
13430,1461.01,18348.3,-2142.76,2026/01/29 23:16:53
13431,1461.12,18275.8,-2157.78,2026/01/29 23:16:53
13432,1461.23,18287,-2166.8,2026/01/29 23:16:53
13433,1461.34,18360.4,-2173.5,2026/01/29 23:16:53
13434,1461.45,18385,-2182.89,2026/01/29 23:16:53
13435,1461.55,18396.9,-2187.7,2026/01/29 23:16:53
13436,1461.66,18392.5,-2188.96,2026/01/29 23:16:53
13437,1461.78,18396.7,-2189.57,2026/01/29 23:16:53
13438,1461.88,18396.7,-2190,2026/01/29 23:16:53
13439,1461.99,18390.8,-2190.84,2026/01/29 23:16:54
13440,1462.1,18380.7,-2187.71,2026/01/29 23:16:54
13441,1462.21,18390.9,-2182.38,2026/01/29 23:16:54
13442,1462.31,18321.3,-2164.53,2026/01/29 23:16:54
13443,1462.42,18195.5,-2153.14,2026/01/29 23:16:54
13444,1462.53,18064,-2143.86,2026/01/29 23:16:54
13445,1462.64,17989.2,-2148.2,2026/01/29 23:16:54
13446,1462.75,18018,-2146.8,2026/01/29 23:16:54
13447,1462.86,18068.9,-2144.05,2026/01/29 23:16:54
13448,1462.97,18095.8,-2146.19,2026/01/29 23:16:55
13449,1463.08,18161.2,-2141.18,2026/01/29 23:16:55
13450,1463.19,18301.3,-2147.87,2026/01/29 23:16:55
13451,1463.3,18245.8,-2148.1,2026/01/29 23:16:55
13452,1463.4,18254.5,-2162.54,2026/01/29 23:16:55
13453,1463.51,18346.9,-2171.09,2026/01/29 23:16:55
13454,1463.62,18361.5,-2179.42,2026/01/29 23:16:55
13455,1463.73,18362.9,-2180.95,2026/01/29 23:16:55
13456,1463.84,18366.9,-2184.08,2026/01/29 23:16:55
13457,1463.95,18366.4,-2184.73,2026/01/29 23:16:55
13458,1464.06,18365.6,-2182.93,2026/01/29 23:16:56
13459,1464.16,18347.7,-2183.35,2026/01/29 23:16:56
13460,1464.27,18371.1,-2176,2026/01/29 23:16:56
13461,1464.38,18275.4,-2159.54,2026/01/29 23:16:56
13462,1464.49,18182.7,-2147.14,2026/01/29 23:16:56
13463,1464.6,18091.5,-2141.34,2026/01/29 23:16:56
13464,1464.71,18021,-2145.15,2026/01/29 23:16:56
13465,1464.82,17990.7,-2145.26,2026/01/29 23:16:56
13466,1464.93,17956.6,-2146.99,2026/01/29 23:16:56
13467,1465.03,17943.7,-2146.47,2026/01/29 23:16:57
13468,1465.14,17988.6,-2149.58,2026/01/29 23:16:57
13469,1465.25,18093.2,-2143.07,2026/01/29 23:16:57
13470,1465.36,18208.2,-2141,2026/01/29 23:16:57
13471,1465.47,18293.4,-2137.3,2026/01/29 23:16:57
13472,1465.58,18225.3,-2151.59,2026/01/29 23:16:57
13473,1465.69,18261.9,-2166.99,2026/01/29 23:16:57
13474,1465.79,18338.8,-2170.58,2026/01/29 23:16:57
13475,1465.9,18338.1,-2176.3,2026/01/29 23:16:57
13476,1466.01,18350.6,-2178.29,2026/01/29 23:16:58
13477,1466.12,18354.1,-2178.1,2026/01/29 23:16:58
13478,1466.23,18346.6,-2176.84,2026/01/29 23:16:58
13479,1466.34,18347.3,-2174.11,2026/01/29 23:16:58
13480,1466.45,18330,-2164.81,2026/01/29 23:16:58
13481,1466.56,18232.6,-2153.25,2026/01/29 23:16:58
13482,1466.66,18166,-2147.25,2026/01/29 23:16:58
13483,1466.77,18133.6,-2141.64,2026/01/29 23:16:58
13484,1466.88,18095.2,-2141.27,2026/01/29 23:16:58
13485,1466.99,18066.7,-2140.8,2026/01/29 23:16:59
13486,1467.1,18033.8,-2142.96,2026/01/29 23:16:59
13487,1467.21,18071.5,-2144.76,2026/01/29 23:16:59
13488,1467.32,18231.2,-2146.09,2026/01/29 23:16:59
13489,1467.42,18300.1,-2144.55,2026/01/29 23:16:59
13490,1467.53,18277,-2162.63,2026/01/29 23:16:59
13491,1467.64,18346.9,-2174.72,2026/01/29 23:16:59
13492,1467.75,18374.4,-2179.17,2026/01/29 23:16:59
13493,1467.86,18375.8,-2182.9,2026/01/29 23:16:59
13494,1467.97,18373.4,-2183.39,2026/01/29 23:17:00
13495,1468.07,18363,-2181.16,2026/01/29 23:17:00
13496,1468.18,18368.8,-2179.59,2026/01/29 23:17:00
13497,1468.29,18383.3,-2173.5,2026/01/29 23:17:00
13498,1468.4,18303,-2164.55,2026/01/29 23:17:00
13499,1468.51,18210.8,-2151.7,2026/01/29 23:17:00
13500,1468.62,18127.2,-2146.64,2026/01/29 23:17:00
13501,1468.73,18055.1,-2143.82,2026/01/29 23:17:00
13502,1468.84,18024.6,-2146.23,2026/01/29 23:17:00
13503,1468.95,18061.7,-2145.28,2026/01/29 23:17:00
13504,1469.06,18140.3,-2144.66,2026/01/29 23:17:01
13505,1469.17,18319.3,-2146.73,2026/01/29 23:17:01
13506,1469.27,18264.4,-2153.49,2026/01/29 23:17:01
13507,1469.38,18295.1,-2168.13,2026/01/29 23:17:01
13508,1469.49,18361.5,-2175.05,2026/01/29 23:17:01
13509,1469.6,18382.1,-2183.74,2026/01/29 23:17:01
13510,1469.71,18386.8,-2183.21,2026/01/29 23:17:01
13511,1469.82,18382.9,-2187.79,2026/01/29 23:17:01
13512,1469.93,18378.2,-2183.59,2026/01/29 23:17:01
13513,1470.03,18362.1,-2183.91,2026/01/29 23:17:02
13514,1470.14,18388.4,-2179.48,2026/01/29 23:17:02
13515,1470.25,18344.6,-2168.09,2026/01/29 23:17:02
13516,1470.36,18247.9,-2159.01,2026/01/29 23:17:02
13517,1470.47,18188.4,-2150.03,2026/01/29 23:17:02
13518,1470.58,18107.9,-2146.52,2026/01/29 23:17:02
13519,1470.69,18027.2,-2145.88,2026/01/29 23:17:02
13520,1470.8,18020.3,-2143.73,2026/01/29 23:17:02
13521,1470.9,18052.8,-2146.92,2026/01/29 23:17:02
13522,1471.01,18154,-2143.24,2026/01/29 23:17:03
13523,1471.12,18245.8,-2143.94,2026/01/29 23:17:03
13524,1471.23,18323.4,-2144.24,2026/01/29 23:17:03
13525,1471.34,18352.4,-2149.51,2026/01/29 23:17:03
13526,1471.45,18298.7,-2152.72,2026/01/29 23:17:03
13527,1471.56,18284.1,-2164.73,2026/01/29 23:17:03
13528,1471.67,18331.9,-2171.19,2026/01/29 23:17:03
13529,1471.77,18383.4,-2182.03,2026/01/29 23:17:03
13530,1471.88,18388.5,-2184.99,2026/01/29 23:17:03
13531,1471.99,18388.8,-2184.92,2026/01/29 23:17:04
13532,1472.1,18377.7,-2188.26,2026/01/29 23:17:04
13533,1472.21,18369.2,-2183.42,2026/01/29 23:17:04
13534,1472.32,18388.4,-2181.09,2026/01/29 23:17:04
13535,1472.43,18342.9,-2168.65,2026/01/29 23:17:04
13536,1472.53,18239.5,-2157.38,2026/01/29 23:17:04
13537,1472.64,18175.1,-2152.84,2026/01/29 23:17:04
13538,1472.75,18120,-2146.97,2026/01/29 23:17:04
13539,1472.86,18054.4,-2146.54,2026/01/29 23:17:04
13540,1472.97,18019.4,-2143.59,2026/01/29 23:17:05
13541,1473.08,18008,-2147.06,2026/01/29 23:17:05
13542,1473.19,18039.2,-2145.27,2026/01/29 23:17:05
13543,1473.29,18173.1,-2146.69,2026/01/29 23:17:05
13544,1473.4,18321.3,-2141.86,2026/01/29 23:17:05
13545,1473.51,18246.2,-2157.31,2026/01/29 23:17:05
13546,1473.62,18282.3,-2168.72,2026/01/29 23:17:05
13547,1473.73,18351.9,-2175.96,2026/01/29 23:17:05
13548,1473.84,18352.1,-2184.29,2026/01/29 23:17:05
13549,1473.95,18358,-2185.39,2026/01/29 23:17:05
13550,1474.06,18349.1,-2184.64,2026/01/29 23:17:06
13551,1474.16,18341.7,-2183.61,2026/01/29 23:17:06
13552,1474.27,18341.1,-2181.31,2026/01/29 23:17:06
13553,1474.38,18364.6,-2176.79,2026/01/29 23:17:06
13554,1474.49,18300.5,-2162.61,2026/01/29 23:17:06
13555,1474.6,18214.6,-2156.7,2026/01/29 23:17:06
13556,1474.71,18162.1,-2145.18,2026/01/29 23:17:06
13557,1474.82,18095.6,-2142.13,2026/01/29 23:17:06
13558,1474.93,18028.9,-2142.63,2026/01/29 23:17:06
13559,1475.03,18026.8,-2145,2026/01/29 23:17:07
13560,1475.14,18078,-2144.85,2026/01/29 23:17:07
13561,1475.25,18200.3,-2145.91,2026/01/29 23:17:07
13562,1475.36,18311,-2148.15,2026/01/29 23:17:07
13563,1475.47,18331.6,-2146.98,2026/01/29 23:17:07
13564,1475.58,18272.2,-2160.22,2026/01/29 23:17:07
13565,1475.69,18308.4,-2165.47,2026/01/29 23:17:07
13566,1475.8,18357.3,-2177.54,2026/01/29 23:17:07
13567,1475.9,18370.6,-2181.41,2026/01/29 23:17:07
13568,1476.01,18368,-2183.75,2026/01/29 23:17:08
13569,1476.12,18359.4,-2183.99,2026/01/29 23:17:08
13570,1476.23,18339.8,-2178.36,2026/01/29 23:17:08
13571,1476.34,18369.3,-2171.03,2026/01/29 23:17:08
13572,1476.44,18263.3,-2158.66,2026/01/29 23:17:08
13573,1476.55,18183,-2148.33,2026/01/29 23:17:08
13574,1476.66,18110.7,-2145.53,2026/01/29 23:17:08
13575,1476.77,18060.6,-2142.67,2026/01/29 23:17:08
13576,1476.88,18034.7,-2144.32,2026/01/29 23:17:08
13577,1476.99,18109.8,-2146.14,2026/01/29 23:17:09
13578,1477.1,18255.6,-2147.26,2026/01/29 23:17:09
13579,1477.2,18331.1,-2143.34,2026/01/29 23:17:09
13580,1477.31,18272.1,-2159.9,2026/01/29 23:17:09
13581,1477.42,18317.1,-2168.87,2026/01/29 23:17:09
13582,1477.53,18369.1,-2179.47,2026/01/29 23:17:09
13583,1477.64,18378.3,-2182.88,2026/01/29 23:17:09
13584,1477.75,18384.3,-2186.84,2026/01/29 23:17:09
13585,1477.86,18376.7,-2187.59,2026/01/29 23:17:09
13586,1477.97,18371.4,-2182.83,2026/01/29 23:17:10
13587,1478.07,18354.6,-2185.23,2026/01/29 23:17:10
13588,1478.18,18384,-2173.24,2026/01/29 23:17:10
13589,1478.29,18286.5,-2161.73,2026/01/29 23:17:10
13590,1478.4,18205.5,-2152.57,2026/01/29 23:17:10
13591,1478.51,18128.1,-2145.73,2026/01/29 23:17:10
13592,1478.62,18045.1,-2144.7,2026/01/29 23:17:10
13593,1478.73,18006.1,-2144.67,2026/01/29 23:17:10
13594,1478.83,17997.6,-2146.5,2026/01/29 23:17:10
13595,1478.94,18049.5,-2145.81,2026/01/29 23:17:10
13596,1479.05,18164.9,-2145.06,2026/01/29 23:17:11
13597,1479.16,18321.6,-2142.96,2026/01/29 23:17:11
13598,1479.27,18257.3,-2147.7,2026/01/29 23:17:11
13599,1479.38,18259.6,-2164.38,2026/01/29 23:17:11
13600,1479.49,18335.8,-2171.69,2026/01/29 23:17:11
13601,1479.6,18354.2,-2181.6,2026/01/29 23:17:11
13602,1479.71,18357.3,-2182.24,2026/01/29 23:17:11
13603,1479.81,18356.4,-2184.81,2026/01/29 23:17:11
13604,1479.92,18353.4,-2183.21,2026/01/29 23:17:11
13605,1480.03,18332.5,-2180.57,2026/01/29 23:17:12
13606,1480.14,18362.3,-2179.48,2026/01/29 23:17:12
13607,1480.25,18298.1,-2161.52,2026/01/29 23:17:12
13608,1480.36,18209.2,-2154.35,2026/01/29 23:17:12
13609,1480.46,18152.1,-2145.34,2026/01/29 23:17:12
13610,1480.57,18065.9,-2142.88,2026/01/29 23:17:12
13611,1480.68,18006.2,-2142.83,2026/01/29 23:17:12
13612,1480.79,18018.6,-2145.23,2026/01/29 23:17:12
13613,1480.9,18066,-2144.53,2026/01/29 23:17:12
13614,1481.01,18183.5,-2146.14,2026/01/29 23:17:13
13615,1481.12,18322.8,-2140.27,2026/01/29 23:17:13
13616,1481.23,18254.9,-2153.66,2026/01/29 23:17:13
13617,1481.34,18269.3,-2162.31,2026/01/29 23:17:13
13618,1481.45,18333.6,-2171.98,2026/01/29 23:17:13
13619,1481.56,18349.6,-2180.51,2026/01/29 23:17:13
13620,1481.67,18358.1,-2179.43,2026/01/29 23:17:13
13621,1481.77,18348.9,-2185.4,2026/01/29 23:17:13
13622,1481.88,18340,-2179.78,2026/01/29 23:17:13
13623,1481.99,18342.7,-2180.06,2026/01/29 23:17:14
13624,1482.1,18365.4,-2173.73,2026/01/29 23:17:14
13625,1482.21,18303.3,-2163.39,2026/01/29 23:17:14
13626,1482.32,18207.8,-2154.7,2026/01/29 23:17:14
13627,1482.43,18136.8,-2143.85,2026/01/29 23:17:14
13628,1482.53,18053.8,-2142.53,2026/01/29 23:17:14
13629,1482.64,18029.2,-2143.28,2026/01/29 23:17:14
13630,1482.75,18044.8,-2144.2,2026/01/29 23:17:14
13631,1482.86,18096.1,-2144.95,2026/01/29 23:17:14
13632,1482.97,18208.1,-2145.01,2026/01/29 23:17:15
13633,1483.07,18333.8,-2148.63,2026/01/29 23:17:15
13634,1483.18,18290.7,-2150.77,2026/01/29 23:17:15
13635,1483.29,18281.5,-2164.36,2026/01/29 23:17:15
13636,1483.4,18358.4,-2174.43,2026/01/29 23:17:15
13637,1483.51,18381,-2182.18,2026/01/29 23:17:15
13638,1483.62,18383.7,-2188.78,2026/01/29 23:17:15
13639,1483.73,18390.3,-2187.32,2026/01/29 23:17:15
13640,1483.83,18382.4,-2188.28,2026/01/29 23:17:15
13641,1483.94,18365.9,-2187.07,2026/01/29 23:17:15
13642,1484.05,18353.4,-2184.67,2026/01/29 23:17:16
13643,1484.16,18325,-2167.69,2026/01/29 23:17:16
13644,1484.27,18217.7,-2153.39,2026/01/29 23:17:16
13645,1484.38,18139.7,-2149.49,2026/01/29 23:17:16
13646,1484.49,18086.6,-2142.67,2026/01/29 23:17:16
13647,1484.6,18028.4,-2145.25,2026/01/29 23:17:16
13648,1484.7,17988.4,-2144.4,2026/01/29 23:17:16
13649,1484.81,17963.3,-2146.73,2026/01/29 23:17:16
13650,1484.93,18004.3,-2145.21,2026/01/29 23:17:16
13651,1485.03,18146.8,-2147.3,2026/01/29 23:17:17
13652,1485.14,18300.4,-2143.2,2026/01/29 23:17:17
13653,1485.25,18250.1,-2148.42,2026/01/29 23:17:17
13654,1485.36,18241.9,-2161.86,2026/01/29 23:17:17
13655,1485.47,18329.5,-2172.03,2026/01/29 23:17:17
13656,1485.58,18353.5,-2179.14,2026/01/29 23:17:17
13657,1485.68,18356.9,-2181.09,2026/01/29 23:17:17
13658,1485.79,18345.3,-2181.79,2026/01/29 23:17:17
13659,1485.9,18327.5,-2177.05,2026/01/29 23:17:17
13660,1486.01,18353.7,-2171.39,2026/01/29 23:17:18
13661,1486.12,18248.9,-2158.25,2026/01/29 23:17:18
13662,1486.23,18175.7,-2147.33,2026/01/29 23:17:18
13663,1486.34,18103,-2142.99,2026/01/29 23:17:18
13664,1486.45,18049.1,-2142.68,2026/01/29 23:17:18
13665,1486.56,18020.6,-2144.52,2026/01/29 23:17:18
13666,1486.67,18089.1,-2147.18,2026/01/29 23:17:18
13667,1486.77,18305.6,-2147.12,2026/01/29 23:17:18
13668,1486.88,18248.6,-2151.73,2026/01/29 23:17:18
13669,1486.99,18290.8,-2169.39,2026/01/29 23:17:19
13670,1487.1,18344.4,-2174.28,2026/01/29 23:17:19
13671,1487.21,18358.2,-2182.08,2026/01/29 23:17:19
13672,1487.32,18373.3,-2186.73,2026/01/29 23:17:19
13673,1487.43,18385,-2188.66,2026/01/29 23:17:19
13674,1487.53,18381.6,-2192.59,2026/01/29 23:17:19
13675,1487.64,18378.7,-2189.71,2026/01/29 23:17:19
13676,1487.75,18381.6,-2192.03,2026/01/29 23:17:19
13677,1487.86,18379.9,-2191.73,2026/01/29 23:17:19
13678,1487.97,18387.3,-2192.05,2026/01/29 23:17:20
13679,1488.08,18383,-2193.19,2026/01/29 23:17:20
13680,1488.18,18388.5,-2192.34,2026/01/29 23:17:20
13681,1488.29,18384.9,-2194.01,2026/01/29 23:17:20
13682,1488.4,18388.3,-2191.67,2026/01/29 23:17:20
13683,1488.51,18388.6,-2194.15,2026/01/29 23:17:20
13684,1488.62,18386.5,-2193.58,2026/01/29 23:17:20
13685,1488.73,18392.7,-2193.73,2026/01/29 23:17:20
13686,1488.84,18387.2,-2193.95,2026/01/29 23:17:20
13687,1488.95,18392.7,-2193.38,2026/01/29 23:17:20
13688,1489.05,18390.2,-2195.92,2026/01/29 23:17:21
13689,1489.16,18393,-2192.45,2026/01/29 23:17:21
13690,1489.27,18390.9,-2195.32,2026/01/29 23:17:21
13691,1489.38,18392.1,-2193.7,2026/01/29 23:17:21
13692,1489.49,18394.1,-2194.01,2026/01/29 23:17:21
13693,1489.6,18389.7,-2193.97,2026/01/29 23:17:21
13694,1489.71,18393.6,-2194.39,2026/01/29 23:17:21
13695,1489.81,18391.9,-2195.72,2026/01/29 23:17:21
13696,1489.92,18392.4,-2194.65,2026/01/29 23:17:21
13697,1490.03,18395.4,-2194.24,2026/01/29 23:17:22
13698,1490.14,18390.7,-2195.06,2026/01/29 23:17:22
13699,1490.25,18394.7,-2195.3,2026/01/29 23:17:22
13700,1490.35,18392.9,-2196.07,2026/01/29 23:17:22
13701,1490.46,18394.8,-2194.4,2026/01/29 23:17:22
13702,1490.57,18394.9,-2195.44,2026/01/29 23:17:22
13703,1490.68,18391.8,-2197.19,2026/01/29 23:17:22
13704,1490.79,18396.9,-2194.2,2026/01/29 23:17:22
13705,1490.89,18393.6,-2195.71,2026/01/29 23:17:22
13706,1491,18395.8,-2195.16,2026/01/29 23:17:23
13707,1491.11,18395.1,-2195.61,2026/01/29 23:17:23
13708,1491.22,18394.2,-2196.81,2026/01/29 23:17:23
13709,1491.33,18396.9,-2194.31,2026/01/29 23:17:23
13710,1491.44,18394.9,-2198,2026/01/29 23:17:23
13711,1491.55,18397.4,-2195.11,2026/01/29 23:17:23
13712,1491.66,18394.8,-2196.63,2026/01/29 23:17:23
13713,1491.76,18398,-2195.98,2026/01/29 23:17:23
13714,1491.87,18396.1,-2195.9,2026/01/29 23:17:23
13715,1491.98,18397.6,-2196.82,2026/01/29 23:17:24
13716,1492.09,18396.4,-2195.38,2026/01/29 23:17:24
13717,1492.2,18395.9,-2198.44,2026/01/29 23:17:24
13718,1492.31,18399.9,-2195.51,2026/01/29 23:17:24
13719,1492.42,18393.9,-2197.54,2026/01/29 23:17:24
13720,1492.52,18400.6,-2197.07,2026/01/29 23:17:24
13721,1492.63,18395.2,-2196.91,2026/01/29 23:17:24
13722,1492.74,18399.1,-2196.33,2026/01/29 23:17:24
13723,1492.85,18396.1,-2197.26,2026/01/29 23:17:24
13724,1492.96,18398.7,-2195.94,2026/01/29 23:17:25
13725,1493.07,18400.1,-2196.4,2026/01/29 23:17:25
13726,1493.18,18394.9,-2198.16,2026/01/29 23:17:25
13727,1493.28,18402.2,-2195.05,2026/01/29 23:17:25
13728,1493.39,18395.9,-2198.12,2026/01/29 23:17:25
13729,1493.5,18400.8,-2195.3,2026/01/29 23:17:25
13730,1493.61,18397.6,-2198.63,2026/01/29 23:17:25
13731,1493.72,18399.2,-2195.79,2026/01/29 23:17:25
13732,1493.83,18399.4,-2197.94,2026/01/29 23:17:25
13733,1493.94,18395.8,-2196.51,2026/01/29 23:17:25
13734,1494.05,18401.7,-2196.34,2026/01/29 23:17:26
13735,1494.16,18397.7,-2199.06,2026/01/29 23:17:26
13736,1494.26,18400.7,-2196.11,2026/01/29 23:17:26
13737,1494.37,18398.8,-2198.64,2026/01/29 23:17:26
13738,1494.48,18399,-2197.26,2026/01/29 23:17:26
13739,1494.59,18402.8,-2196.6,2026/01/29 23:17:26
13740,1494.7,18397.6,-2198.85,2026/01/29 23:17:26
13741,1494.81,18402.8,-2195.88,2026/01/29 23:17:26
13742,1494.92,18398.7,-2197.61,2026/01/29 23:17:26
13743,1495.02,18401.8,-2197.55,2026/01/29 23:17:27
13744,1495.13,18400.2,-2197.77,2026/01/29 23:17:27
13745,1495.24,18400.1,-2198.99,2026/01/29 23:17:27
13746,1495.35,18402,-2196.57,2026/01/29 23:17:27
13747,1495.46,18398.4,-2198.78,2026/01/29 23:17:27
13748,1495.57,18404,-2198.45,2026/01/29 23:17:27
13749,1495.67,18398.7,-2198.37,2026/01/29 23:17:27
13750,1495.78,18402.5,-2196.91,2026/01/29 23:17:27
13751,1495.89,18400.4,-2198.47,2026/01/29 23:17:27
13752,1496,18399.8,-2198.26,2026/01/29 23:17:28
13753,1496.11,18404.7,-2197.33,2026/01/29 23:17:28
13754,1496.22,18399.2,-2200.73,2026/01/29 23:17:28
13755,1496.32,18403.7,-2196.74,2026/01/29 23:17:28
13756,1496.43,18401.2,-2199.56,2026/01/29 23:17:28
13757,1496.54,18400.2,-2198.16,2026/01/29 23:17:28
13758,1496.65,18404.1,-2198.47,2026/01/29 23:17:28
13759,1496.76,18399.6,-2199.42,2026/01/29 23:17:28
13760,1496.87,18403.7,-2197.52,2026/01/29 23:17:28
13761,1496.98,18400.8,-2199.17,2026/01/29 23:17:29
13762,1497.09,18403.3,-2197.99,2026/01/29 23:17:29
13763,1497.19,18400.7,-2198.56,2026/01/29 23:17:29
13764,1497.31,18403.6,-2198.43,2026/01/29 23:17:29
13765,1497.41,18400.8,-2198.33,2026/01/29 23:17:29
13766,1497.52,18404.4,-2198.9,2026/01/29 23:17:29
13767,1497.63,18401.3,-2198.54,2026/01/29 23:17:29
13768,1497.74,18402.1,-2200.04,2026/01/29 23:17:29
13769,1497.85,18405.2,-2197.72,2026/01/29 23:17:29
13770,1497.96,18398.1,-2200.81,2026/01/29 23:17:30
13771,1498.07,18405.7,-2196.45,2026/01/29 23:17:30
13772,1498.17,18400.4,-2200.67,2026/01/29 23:17:30
13773,1498.28,18402.8,-2197.47,2026/01/29 23:17:30
13774,1498.39,18404.4,-2200.2,2026/01/29 23:17:30
13775,1498.5,18400,-2198.62,2026/01/29 23:17:30
13776,1498.61,18405,-2198.47,2026/01/29 23:17:30
13777,1498.72,18402.1,-2199.93,2026/01/29 23:17:30
13778,1498.83,18404.4,-2198.24,2026/01/29 23:17:30
13779,1498.93,18403.5,-2198.96,2026/01/29 23:17:30
13780,1499.04,18403.5,-2199.73,2026/01/29 23:17:31
13781,1499.15,18404,-2197.01,2026/01/29 23:17:31
13782,1499.26,18403.7,-2200.19,2026/01/29 23:17:31
13783,1499.37,18404.4,-2198.17,2026/01/29 23:17:31
13784,1499.48,18399.6,-2200.43,2026/01/29 23:17:31
13785,1499.59,18406.8,-2198.33,2026/01/29 23:17:31
13786,1499.7,18401.2,-2200.49,2026/01/29 23:17:31
13787,1499.8,18404.9,-2198.21,2026/01/29 23:17:31
13788,1499.91,18404.5,-2200.18,2026/01/29 23:17:31
13789,1500.02,18401.2,-2198.61,2026/01/29 23:17:32
13790,1500.13,18406.6,-2198.72,2026/01/29 23:17:32
13791,1500.24,18401.6,-2200.75,2026/01/29 23:17:32
13792,1500.35,18405.5,-2198.71,2026/01/29 23:17:32
13793,1500.46,18402.7,-2200.42,2026/01/29 23:17:32
13794,1500.56,18404,-2200.26,2026/01/29 23:17:32
13795,1500.67,18405.3,-2197.38,2026/01/29 23:17:32
13796,1500.78,18403.3,-2201.71,2026/01/29 23:17:32
13797,1500.89,18406.9,-2198.12,2026/01/29 23:17:32
13798,1501,18400.4,-2201.22,2026/01/29 23:17:33
13799,1501.11,18408.8,-2198.3,2026/01/29 23:17:33
13800,1501.22,18402.2,-2202.25,2026/01/29 23:17:33
13801,1501.33,18406.9,-2197.95,2026/01/29 23:17:33
13802,1501.44,18404,-2201.48,2026/01/29 23:17:33
13803,1501.54,18403.3,-2199.36,2026/01/29 23:17:33
13804,1501.65,18407.7,-2198.66,2026/01/29 23:17:33
13805,1501.76,18402.5,-2201.54,2026/01/29 23:17:33
13806,1501.87,18406,-2199.59,2026/01/29 23:17:33
13807,1501.98,18402,-2201.66,2026/01/29 23:17:34
13808,1502.09,18407.9,-2201.32,2026/01/29 23:17:34
13809,1502.2,18402.1,-2199.72,2026/01/29 23:17:34
13810,1502.31,18407.3,-2199.91,2026/01/29 23:17:34
13811,1502.42,18404.5,-2200.59,2026/01/29 23:17:34
13812,1502.52,18405.7,-2198.62,2026/01/29 23:17:34
13813,1502.63,18407.4,-2200.03,2026/01/29 23:17:34
13814,1502.74,18403.4,-2200.45,2026/01/29 23:17:34
13815,1502.85,18407.6,-2198.42,2026/01/29 23:17:34
13816,1502.96,18404.6,-2201.8,2026/01/29 23:17:35
13817,1503.07,18404.8,-2199.71,2026/01/29 23:17:35
13818,1503.18,18408.1,-2198.98,2026/01/29 23:17:35
13819,1503.28,18403.9,-2201.93,2026/01/29 23:17:35
13820,1503.39,18408.6,-2198.74,2026/01/29 23:17:35
13821,1503.5,18403.6,-2201.52,2026/01/29 23:17:35
13822,1503.61,18409.1,-2200.51,2026/01/29 23:17:35
13823,1503.72,18405.4,-2201.08,2026/01/29 23:17:35
13824,1503.83,18407.4,-2199.47,2026/01/29 23:17:35
13825,1503.93,18408.4,-2199.93,2026/01/29 23:17:35
13826,1504.04,18403.2,-2201.17,2026/01/29 23:17:36
13827,1504.15,18408.6,-2198.8,2026/01/29 23:17:36
13828,1504.26,18404.4,-2202.92,2026/01/29 23:17:36
13829,1504.37,18408.4,-2199.81,2026/01/29 23:17:36
13830,1504.48,18407.3,-2200.44,2026/01/29 23:17:36
13831,1504.59,18406.3,-2200.89,2026/01/29 23:17:36
13832,1504.7,18409,-2198.03,2026/01/29 23:17:36
13833,1504.8,18406.1,-2202.2,2026/01/29 23:17:36
13834,1504.91,18410.2,-2199.74,2026/01/29 23:17:36
13835,1505.02,18404.6,-2200.74,2026/01/29 23:17:37
13836,1505.13,18409.9,-2200.12,2026/01/29 23:17:37
13837,1505.24,18406.2,-2202.26,2026/01/29 23:17:37
13838,1505.35,18407.8,-2199.04,2026/01/29 23:17:37
13839,1505.45,18410.6,-2200.97,2026/01/29 23:17:37
13840,1505.56,18405.3,-2201.24,2026/01/29 23:17:37
13841,1505.67,18410.3,-2199.91,2026/01/29 23:17:37
13842,1505.78,18406.8,-2201.59,2026/01/29 23:17:37
13843,1505.89,18409.6,-2200.86,2026/01/29 23:17:37
13844,1506,18407.3,-2200.89,2026/01/29 23:17:38
13845,1506.11,18410.6,-2201.33,2026/01/29 23:17:38
13846,1506.22,18408,-2200.96,2026/01/29 23:17:38
13847,1506.33,18409.5,-2202.1,2026/01/29 23:17:38
13848,1506.44,18409.3,-2199.83,2026/01/29 23:17:38
13849,1506.55,18407.1,-2201.88,2026/01/29 23:17:38
13850,1506.65,18413,-2199.67,2026/01/29 23:17:38
13851,1506.76,18405.7,-2202.32,2026/01/29 23:17:38
13852,1506.87,18411.2,-2198.91,2026/01/29 23:17:38
13853,1506.98,18408.9,-2202.66,2026/01/29 23:17:39
13854,1507.09,18409.7,-2199.62,2026/01/29 23:17:39
13855,1507.2,18409.4,-2201.95,2026/01/29 23:17:39
13856,1507.31,18406.9,-2202.4,2026/01/29 23:17:39
13857,1507.42,18411.7,-2200.01,2026/01/29 23:17:39
13858,1507.52,18408.8,-2202.23,2026/01/29 23:17:39
13859,1507.63,18411.8,-2202.05,2026/01/29 23:17:39
13860,1507.74,18407.7,-2201.51,2026/01/29 23:17:39
13861,1507.85,18411.5,-2201.22,2026/01/29 23:17:39
13862,1507.96,18413.8,-2201.65,2026/01/29 23:17:40
13863,1508.07,18413.5,-2202.68,2026/01/29 23:17:40
13864,1508.18,18417.3,-2200.67,2026/01/29 23:17:40
13865,1508.28,18411.2,-2204.29,2026/01/29 23:17:40
13866,1508.39,18416.1,-2200.08,2026/01/29 23:17:40
13867,1508.5,18414.7,-2203.27,2026/01/29 23:17:40
13868,1508.61,18413.2,-2201.17,2026/01/29 23:17:40
13869,1508.72,18417.8,-2202.32,2026/01/29 23:17:40
13870,1508.83,18413.6,-2202.45,2026/01/29 23:17:40
13871,1508.93,18416.4,-2201.12,2026/01/29 23:17:40
13872,1509.04,18415.6,-2201.67,2026/01/29 23:17:41
13873,1509.15,18413.5,-2203.36,2026/01/29 23:17:41
13874,1509.26,18416.3,-2200.42,2026/01/29 23:17:41
13875,1509.37,18414.7,-2204.14,2026/01/29 23:17:41
13876,1509.48,18418.6,-2200.67,2026/01/29 23:17:41
13877,1509.58,18413.4,-2201.3,2026/01/29 23:17:41
13878,1509.69,18419.4,-2202.05,2026/01/29 23:17:41
13879,1509.8,18414,-2202.64,2026/01/29 23:17:41
13880,1509.91,18418.5,-2200.92,2026/01/29 23:17:41
13881,1510.02,18415.9,-2203.03,2026/01/29 23:17:42
13882,1510.13,18415.4,-2201.18,2026/01/29 23:17:42
13883,1510.24,18420,-2201.18,2026/01/29 23:17:42
13884,1510.34,18415.2,-2204.6,2026/01/29 23:17:42
13885,1510.45,18419.4,-2200.39,2026/01/29 23:17:42
13886,1510.56,18416.5,-2203.88,2026/01/29 23:17:42
13887,1510.67,18417.3,-2201.58,2026/01/29 23:17:42
13888,1510.78,18420.5,-2202.02,2026/01/29 23:17:42
13889,1510.89,18415.3,-2204.51,2026/01/29 23:17:42
13890,1511,18420.7,-2201.05,2026/01/29 23:17:43
13891,1511.11,18416.6,-2202.56,2026/01/29 23:17:43
13892,1511.21,18420.4,-2203.07,2026/01/29 23:17:43
13893,1511.32,18417.9,-2202.51,2026/01/29 23:17:43
13894,1511.43,18419.7,-2203.86,2026/01/29 23:17:43
13895,1511.54,18419.7,-2201.06,2026/01/29 23:17:43
13896,1511.65,18417.8,-2204.18,2026/01/29 23:17:43
13897,1511.76,18423.3,-2201.64,2026/01/29 23:17:43
13898,1511.87,18414.9,-2203.96,2026/01/29 23:17:43
13899,1511.98,18423.8,-2201.09,2026/01/29 23:17:44
13900,1512.08,18417.8,-2204.31,2026/01/29 23:17:44
13901,1512.19,18421.9,-2201.67,2026/01/29 23:17:44
13902,1512.3,18419.8,-2204.36,2026/01/29 23:17:44
13903,1512.41,18419.5,-2202.28,2026/01/29 23:17:44
13904,1512.52,18423.3,-2203.26,2026/01/29 23:17:44
13905,1512.63,18418.9,-2203.41,2026/01/29 23:17:44
13906,1512.74,18421.9,-2201.24,2026/01/29 23:17:44
13907,1512.84,18420.2,-2204.19,2026/01/29 23:17:44
13908,1512.95,18421.2,-2202.92,2026/01/29 23:17:44
13909,1513.06,18421.9,-2202.45,2026/01/29 23:17:45
13910,1513.17,18421.4,-2203.38,2026/01/29 23:17:45
13911,1513.28,18424.2,-2200.42,2026/01/29 23:17:45
13912,1513.39,18420.2,-2205.77,2026/01/29 23:17:45
13913,1513.5,18424.3,-2201.67,2026/01/29 23:17:45
13914,1513.61,18419.4,-2202.44,2026/01/29 23:17:45
13915,1513.71,18424.5,-2202.64,2026/01/29 23:17:45
13916,1513.82,18418.7,-2202.52,2026/01/29 23:17:45
13917,1513.93,18412.9,-2202.57,2026/01/29 23:17:45
13918,1514.04,18390.7,-2200.6,2026/01/29 23:17:46
13919,1514.15,18361.1,-2199.96,2026/01/29 23:17:46
13920,1514.26,18257.3,-2172.2,2026/01/29 23:17:46
13921,1514.36,18131.9,-2153.83,2026/01/29 23:17:46
13922,1514.47,18060.4,-2146.32,2026/01/29 23:17:46
13923,1514.58,17994.3,-2149,2026/01/29 23:17:46
13924,1514.69,17975.1,-2148.05,2026/01/29 23:17:46
13925,1514.8,17961.5,-2149.04,2026/01/29 23:17:46
13926,1514.91,18011,-2150.31,2026/01/29 23:17:46
13927,1515.02,18152.6,-2143.07,2026/01/29 23:17:47
13928,1515.13,18309.4,-2145.2,2026/01/29 23:17:47
13929,1515.23,18240.5,-2158.92,2026/01/29 23:17:47
13930,1515.34,18338.3,-2176.76,2026/01/29 23:17:47
13931,1515.45,18362.5,-2183.33,2026/01/29 23:17:47
13932,1515.56,18371.3,-2183.36,2026/01/29 23:17:47
13933,1515.67,18362.5,-2185.75,2026/01/29 23:17:47
13934,1515.78,18333.2,-2169.06,2026/01/29 23:17:47
13935,1515.89,18222.3,-2152.73,2026/01/29 23:17:47
13936,1516,18139.9,-2145.58,2026/01/29 23:17:48
13937,1516.11,18058.5,-2144.43,2026/01/29 23:17:48
13938,1516.21,18048.3,-2146.32,2026/01/29 23:17:48
13939,1516.32,18113.6,-2145.02,2026/01/29 23:17:48
13940,1516.43,18254.8,-2150.24,2026/01/29 23:17:48
13941,1516.54,18311.8,-2144.79,2026/01/29 23:17:48
13942,1516.65,18280.8,-2167.14,2026/01/29 23:17:48
13943,1516.76,18350.6,-2177.52,2026/01/29 23:17:48
13944,1516.87,18380.2,-2189.9,2026/01/29 23:17:48
13945,1516.98,18387.4,-2190.61,2026/01/29 23:17:49
13946,1517.09,18371.3,-2191.7,2026/01/29 23:17:49
13947,1517.19,18342.1,-2187.13,2026/01/29 23:17:49
13948,1517.3,18370,-2178.6,2026/01/29 23:17:49
13949,1517.41,18253.6,-2163.67,2026/01/29 23:17:49
13950,1517.52,18183.1,-2146.44,2026/01/29 23:17:49
13951,1517.63,18087,-2145.36,2026/01/29 23:17:49
13952,1517.74,18038.6,-2144.42,2026/01/29 23:17:49
13953,1517.85,18066.6,-2149.38,2026/01/29 23:17:49
13954,1517.95,18212.8,-2144.65,2026/01/29 23:17:50
13955,1518.06,18342.2,-2145.3,2026/01/29 23:17:50
13956,1518.17,18279,-2160.14,2026/01/29 23:17:50
13957,1518.28,18327.9,-2173.01,2026/01/29 23:17:50
13958,1518.39,18384,-2185.47,2026/01/29 23:17:50
13959,1518.5,18396,-2189.29,2026/01/29 23:17:50
13960,1518.61,18377.9,-2187.75,2026/01/29 23:17:50
13961,1518.72,18350.6,-2182.41,2026/01/29 23:17:50
13962,1518.83,18376.7,-2176.29,2026/01/29 23:17:50
13963,1518.93,18272.5,-2162.39,2026/01/29 23:17:50
13964,1519.04,18198.8,-2152.64,2026/01/29 23:17:51
13965,1519.15,18126.2,-2149.58,2026/01/29 23:17:51
13966,1519.26,18061,-2144.11,2026/01/29 23:17:51
13967,1519.37,18052.4,-2147.77,2026/01/29 23:17:51
13968,1519.48,18065.2,-2145.6,2026/01/29 23:17:51
13969,1519.59,18116.6,-2148.82,2026/01/29 23:17:51
13970,1519.7,18307.2,-2150.07,2026/01/29 23:17:51
13971,1519.8,18266.7,-2152.23,2026/01/29 23:17:51
13972,1519.91,18282.1,-2171.24,2026/01/29 23:17:51
13973,1520.02,18349.2,-2179.58,2026/01/29 23:17:52
13974,1520.13,18367.8,-2190.43,2026/01/29 23:17:52
13975,1520.24,18361.8,-2188.2,2026/01/29 23:17:52
13976,1520.35,18331.4,-2185.47,2026/01/29 23:17:52
13977,1520.46,18372.9,-2180.38,2026/01/29 23:17:52
13978,1520.57,18288.3,-2166.18,2026/01/29 23:17:52
13979,1520.67,18210.5,-2151.61,2026/01/29 23:17:52
13980,1520.78,18137.1,-2147.15,2026/01/29 23:17:52
13981,1520.9,18116.7,-2147.03,2026/01/29 23:17:52
13982,1521,18154.2,-2151.81,2026/01/29 23:17:53
13983,1521.11,18255.6,-2154.19,2026/01/29 23:17:53
13984,1521.22,18369.9,-2155.84,2026/01/29 23:17:53
13985,1521.33,18294.4,-2165,2026/01/29 23:17:53
13986,1521.44,18318.9,-2172.42,2026/01/29 23:17:53
13987,1521.55,18364.2,-2183.85,2026/01/29 23:17:53
13988,1521.66,18402.3,-2187.49,2026/01/29 23:17:53
13989,1521.77,18397.8,-2194.7,2026/01/29 23:17:53
13990,1521.87,18391.2,-2191.03,2026/01/29 23:17:53
13991,1521.99,18365.2,-2189.91,2026/01/29 23:17:54
13992,1522.09,18394.7,-2184.08,2026/01/29 23:17:54
13993,1522.2,18308.1,-2169.45,2026/01/29 23:17:54
13994,1522.31,18204.2,-2153.96,2026/01/29 23:17:54
13995,1522.42,18128.4,-2147.55,2026/01/29 23:17:54
13996,1522.53,18041.2,-2147.79,2026/01/29 23:17:54
13997,1522.64,18017.4,-2145.19,2026/01/29 23:17:54
13998,1522.75,18023.2,-2145.84,2026/01/29 23:17:54
13999,1522.86,18002.6,-2144.88,2026/01/29 23:17:54
14000,1522.96,18034,-2147.34,2026/01/29 23:17:55
14001,1523.07,18106.1,-2146.7,2026/01/29 23:17:55
14002,1523.18,18314.2,-2150.12,2026/01/29 23:17:55
14003,1523.29,18222.7,-2157.16,2026/01/29 23:17:55
14004,1523.4,18294.7,-2171.54,2026/01/29 23:17:55
14005,1523.51,18348.7,-2182.82,2026/01/29 23:17:55
14006,1523.62,18354.8,-2183.3,2026/01/29 23:17:55
14007,1523.73,18349.3,-2185.11,2026/01/29 23:17:55
14008,1523.83,18322.8,-2181.06,2026/01/29 23:17:55
14009,1523.94,18360.8,-2173.94,2026/01/29 23:17:55
14010,1524.05,18247.8,-2159.2,2026/01/29 23:17:56
14011,1524.16,18153.1,-2144.35,2026/01/29 23:17:56
14012,1524.27,18044.1,-2143.94,2026/01/29 23:17:56
14013,1524.38,18025,-2145.31,2026/01/29 23:17:56
14014,1524.49,18147.5,-2147.65,2026/01/29 23:17:56
14015,1524.59,18328.2,-2144.07,2026/01/29 23:17:56
14016,1524.7,18267.2,-2157.7,2026/01/29 23:17:56
14017,1524.81,18290.4,-2170.12,2026/01/29 23:17:56
14018,1524.92,18361,-2179.81,2026/01/29 23:17:56
14019,1525.03,18363.2,-2186.39,2026/01/29 23:17:57
14020,1525.14,18367,-2187.55,2026/01/29 23:17:57
14021,1525.25,18353.7,-2187.31,2026/01/29 23:17:57
14022,1525.36,18344,-2183.49,2026/01/29 23:17:57
14023,1525.47,18375,-2181.29,2026/01/29 23:17:57
14024,1525.58,18288.1,-2165.12,2026/01/29 23:17:57
14025,1525.69,18210.3,-2152.19,2026/01/29 23:17:57
14026,1525.79,18124.5,-2145.74,2026/01/29 23:17:57
14027,1525.9,18037.1,-2143.78,2026/01/29 23:17:57
14028,1526.01,18044.3,-2147.68,2026/01/29 23:17:58
14029,1526.12,18186.2,-2145.23,2026/01/29 23:17:58
14030,1526.23,18331.8,-2147.53,2026/01/29 23:17:58
14031,1526.34,18264.2,-2156.34,2026/01/29 23:17:58
14032,1526.45,18311.4,-2174.05,2026/01/29 23:17:58
14033,1526.56,18367.1,-2182.52,2026/01/29 23:17:58
14034,1526.66,18375.9,-2188.19,2026/01/29 23:17:58
14035,1526.77,18368.5,-2190.42,2026/01/29 23:17:58
14036,1526.88,18368,-2188.14,2026/01/29 23:17:58
14037,1526.99,18342.3,-2187.35,2026/01/29 23:17:59
14038,1527.1,18373.1,-2176.32,2026/01/29 23:17:59
14039,1527.21,18264.9,-2166.87,2026/01/29 23:17:59
14040,1527.32,18207.9,-2152.92,2026/01/29 23:17:59
14041,1527.43,18141.4,-2148.6,2026/01/29 23:17:59
14042,1527.54,18060.1,-2141.04,2026/01/29 23:17:59
14043,1527.65,18013.5,-2147.13,2026/01/29 23:17:59
14044,1527.76,18056.7,-2145.99,2026/01/29 23:17:59
14045,1527.86,18166.1,-2144.21,2026/01/29 23:17:59
14046,1527.97,18270.9,-2145.19,2026/01/29 23:18:00
14047,1528.08,18358.6,-2147.7,2026/01/29 23:18:00
14048,1528.19,18278.9,-2151.49,2026/01/29 23:18:00
14049,1528.3,18279.2,-2165.99,2026/01/29 23:18:00
14050,1528.41,18336.7,-2179.08,2026/01/29 23:18:00
14051,1528.52,18369.3,-2181.51,2026/01/29 23:18:00
14052,1528.63,18367.2,-2188.02,2026/01/29 23:18:00
14053,1528.74,18360.7,-2185.01,2026/01/29 23:18:00
14054,1528.84,18342.2,-2184.1,2026/01/29 23:18:00
14055,1528.95,18372.7,-2180.65,2026/01/29 23:18:00
14056,1529.06,18311.4,-2165.55,2026/01/29 23:18:01
14057,1529.17,18214,-2156.58,2026/01/29 23:18:01
14058,1529.28,18138.8,-2145.65,2026/01/29 23:18:01
14059,1529.38,18051.6,-2144.1,2026/01/29 23:18:01
14060,1529.49,18004.9,-2144.22,2026/01/29 23:18:01
14061,1529.6,18033,-2147.78,2026/01/29 23:18:01
14062,1529.71,18130.2,-2145.01,2026/01/29 23:18:01
14063,1529.82,18248.1,-2143.38,2026/01/29 23:18:01
14064,1529.93,18351.4,-2147.73,2026/01/29 23:18:01
14065,1530.04,18271.9,-2150.91,2026/01/29 23:18:02
14066,1530.15,18274.8,-2169.15,2026/01/29 23:18:02
14067,1530.26,18349.9,-2178.76,2026/01/29 23:18:02
14068,1530.36,18355.5,-2185.77,2026/01/29 23:18:02
14069,1530.48,18352.8,-2184.4,2026/01/29 23:18:02
14070,1530.58,18336.7,-2183.51,2026/01/29 23:18:02
14071,1530.69,18363.3,-2182.17,2026/01/29 23:18:02
14072,1530.8,18321.3,-2167.25,2026/01/29 23:18:02
14073,1530.91,18223,-2157.88,2026/01/29 23:18:02
14074,1531.02,18171.5,-2147.99,2026/01/29 23:18:03
14075,1531.13,18096.1,-2143.85,2026/01/29 23:18:03
14076,1531.24,18018.8,-2143.51,2026/01/29 23:18:03
14077,1531.35,17941,-2145.35,2026/01/29 23:18:03
14078,1531.45,17923.4,-2148.35,2026/01/29 23:18:03
14079,1531.56,18029.4,-2147.2,2026/01/29 23:18:03
14080,1531.67,18243,-2147.8,2026/01/29 23:18:03
14081,1531.78,18265.1,-2140.95,2026/01/29 23:18:03
14082,1531.89,18228.6,-2161.91,2026/01/29 23:18:03
14083,1532,18312.7,-2171.26,2026/01/29 23:18:04
14084,1532.11,18326.5,-2178.03,2026/01/29 23:18:04
14085,1532.22,18329.7,-2178.19,2026/01/29 23:18:04
14086,1532.33,18311.5,-2177.69,2026/01/29 23:18:04
14087,1532.43,18349.9,-2175.65,2026/01/29 23:18:04
14088,1532.54,18305.7,-2165.68,2026/01/29 23:18:04
14089,1532.65,18214.5,-2151.18,2026/01/29 23:18:04
14090,1532.76,18128.8,-2141.88,2026/01/29 23:18:04
14091,1532.87,18022.2,-2143.88,2026/01/29 23:18:04
14092,1532.98,17947.6,-2142.14,2026/01/29 23:18:05
14093,1533.08,17913.9,-2148.34,2026/01/29 23:18:05
14094,1533.19,17982,-2144.72,2026/01/29 23:18:05
14095,1533.3,18120.7,-2145.58,2026/01/29 23:18:05
14096,1533.42,18274.2,-2140.44,2026/01/29 23:18:05
14097,1533.52,18297.6,-2146.92,2026/01/29 23:18:05
14098,1533.63,18238.7,-2153.04,2026/01/29 23:18:05
14099,1533.74,18262.8,-2166.99,2026/01/29 23:18:05
14100,1533.85,18328.5,-2176.77,2026/01/29 23:18:05
14101,1533.96,18346.2,-2181.49,2026/01/29 23:18:06
14102,1534.07,18333,-2184.96,2026/01/29 23:18:06
14103,1534.18,18330,-2181.41,2026/01/29 23:18:06
14104,1534.28,18338.9,-2182.52,2026/01/29 23:18:06
14105,1534.39,18346.8,-2168.18,2026/01/29 23:18:06
14106,1534.5,18238.5,-2156.27,2026/01/29 23:18:06
14107,1534.61,18162.7,-2147.16,2026/01/29 23:18:06
14108,1534.72,18056.8,-2139.83,2026/01/29 23:18:06
14109,1534.83,17997.8,-2143.65,2026/01/29 23:18:06
14110,1534.94,17989.7,-2143.13,2026/01/29 23:18:06
14111,1535.05,18009.5,-2143.11,2026/01/29 23:18:07
14112,1535.16,18119.1,-2146.79,2026/01/29 23:18:07
14113,1535.26,18293.3,-2143.1,2026/01/29 23:18:07
14114,1535.37,18234.9,-2155.72,2026/01/29 23:18:07
14115,1535.48,18286.6,-2170.57,2026/01/29 23:18:07
14116,1535.59,18338.1,-2180.17,2026/01/29 23:18:07
14117,1535.7,18347.1,-2184.13,2026/01/29 23:18:07
14118,1535.81,18330.1,-2183.39,2026/01/29 23:18:07
14119,1535.92,18315.3,-2178.46,2026/01/29 23:18:07
14120,1536.02,18343.3,-2180.07,2026/01/29 23:18:08
14121,1536.13,18317.5,-2166.44,2026/01/29 23:18:08
14122,1536.24,18216,-2154.53,2026/01/29 23:18:08
14123,1536.35,18121.8,-2142.75,2026/01/29 23:18:08
14124,1536.46,18023.9,-2141.81,2026/01/29 23:18:08
14125,1536.57,17986.8,-2144.05,2026/01/29 23:18:08
14126,1536.68,18000.6,-2141.74,2026/01/29 23:18:08
14127,1536.79,18043.6,-2146.27,2026/01/29 23:18:08
14128,1536.9,18192,-2145.56,2026/01/29 23:18:08
14129,1537.01,18309.6,-2145.21,2026/01/29 23:18:09
14130,1537.12,18260,-2150.44,2026/01/29 23:18:09
14131,1537.22,18246.9,-2163.07,2026/01/29 23:18:09
14132,1537.33,18332.6,-2177.19,2026/01/29 23:18:09
14133,1537.44,18360.6,-2184.3,2026/01/29 23:18:09
14134,1537.55,18358.6,-2189.01,2026/01/29 23:18:09
14135,1537.66,18355.2,-2188.84,2026/01/29 23:18:09
14136,1537.77,18341.4,-2187.71,2026/01/29 23:18:09
14137,1537.88,18329.7,-2182.73,2026/01/29 23:18:09
14138,1537.98,18365.9,-2183.27,2026/01/29 23:18:10
14139,1538.09,18320.8,-2168.21,2026/01/29 23:18:10
14140,1538.2,18233.9,-2162.89,2026/01/29 23:18:10
14141,1538.31,18197.5,-2152.35,2026/01/29 23:18:10
14142,1538.42,18157.6,-2148.37,2026/01/29 23:18:10
14143,1538.53,18132.9,-2146.43,2026/01/29 23:18:10
14144,1538.64,18087.1,-2142.04,2026/01/29 23:18:10
14145,1538.75,18026.4,-2145.23,2026/01/29 23:18:10
14146,1538.85,18003.3,-2143.8,2026/01/29 23:18:10
14147,1538.96,18000.6,-2142.59,2026/01/29 23:18:11
14148,1539.07,18013,-2142.03,2026/01/29 23:18:11
14149,1539.18,18007.2,-2141.32,2026/01/29 23:18:11
14150,1539.29,17975.1,-2143.69,2026/01/29 23:18:11
14151,1539.4,17961.5,-2143.16,2026/01/29 23:18:11
14152,1539.51,17986.6,-2143.96,2026/01/29 23:18:11
14153,1539.62,18045.7,-2143.33,2026/01/29 23:18:11
14154,1539.73,18097.4,-2143.51,2026/01/29 23:18:11
14155,1539.83,18203.6,-2144.29,2026/01/29 23:18:11
14156,1539.94,18320.2,-2150.49,2026/01/29 23:18:11
14157,1540.05,18303.1,-2148.33,2026/01/29 23:18:12
14158,1540.16,18262.1,-2152.62,2026/01/29 23:18:12
14159,1540.27,18236.9,-2161.15,2026/01/29 23:18:12
14160,1540.38,18263.3,-2166.03,2026/01/29 23:18:12
14161,1540.49,18321.5,-2178.59,2026/01/29 23:18:12
14162,1540.59,18343.9,-2184.29,2026/01/29 23:18:12
14163,1540.7,18355.1,-2188.05,2026/01/29 23:18:12
14164,1540.81,18358.5,-2188.84,2026/01/29 23:18:12
14165,1540.92,18360.3,-2190.55,2026/01/29 23:18:12
14166,1541.03,18359.6,-2188.5,2026/01/29 23:18:13
14167,1541.14,18355.8,-2189.36,2026/01/29 23:18:13
14168,1541.25,18340.5,-2185.51,2026/01/29 23:18:13
14169,1541.35,18375.8,-2181.35,2026/01/29 23:18:13
14170,1541.46,18336.2,-2173.95,2026/01/29 23:18:13
14171,1541.57,18269.6,-2166.8,2026/01/29 23:18:13
14172,1541.68,18210.6,-2160.21,2026/01/29 23:18:13
14173,1541.79,18193.3,-2154.06,2026/01/29 23:18:13
14174,1541.9,18157.9,-2148.21,2026/01/29 23:18:13
14175,1542.01,18114.6,-2145.29,2026/01/29 23:18:14
14176,1542.12,18054.6,-2139.79,2026/01/29 23:18:14
14177,1542.23,17990.2,-2143.96,2026/01/29 23:18:14
14178,1542.33,17974.3,-2144.29,2026/01/29 23:18:14
14179,1542.44,17997.5,-2143.98,2026/01/29 23:18:14
14180,1542.55,18011.1,-2140.57,2026/01/29 23:18:14
14181,1542.66,18026.7,-2144.65,2026/01/29 23:18:14
14182,1542.77,18099.5,-2142.61,2026/01/29 23:18:14
14183,1542.88,18188.6,-2143.72,2026/01/29 23:18:14
14184,1542.99,18283.7,-2147.84,2026/01/29 23:18:15
14185,1543.1,18332,-2144.03,2026/01/29 23:18:15
14186,1543.21,18312,-2152.41,2026/01/29 23:18:15
14187,1543.31,18275.1,-2153.71,2026/01/29 23:18:15
14188,1543.42,18256,-2160.55,2026/01/29 23:18:15
14189,1543.53,18256.7,-2162.94,2026/01/29 23:18:15
14190,1543.64,18281.1,-2168.28,2026/01/29 23:18:15
14191,1543.75,18311.6,-2174.06,2026/01/29 23:18:15
14192,1543.86,18341.5,-2182.18,2026/01/29 23:18:15
14193,1543.96,18352,-2185.07,2026/01/29 23:18:16
14194,1544.07,18369.1,-2185.39,2026/01/29 23:18:16
14195,1544.18,18364.3,-2189.65,2026/01/29 23:18:16
14196,1544.29,18371.4,-2188.18,2026/01/29 23:18:16
14197,1544.4,18363.7,-2188.96,2026/01/29 23:18:16
14198,1544.51,18353.9,-2187.25,2026/01/29 23:18:16
14199,1544.62,18366.2,-2181.29,2026/01/29 23:18:16
14200,1544.72,18374.3,-2182.5,2026/01/29 23:18:16
14201,1544.83,18342.9,-2171.97,2026/01/29 23:18:16
14202,1544.94,18285.2,-2169.2,2026/01/29 23:18:16
14203,1545.05,18225.2,-2159.46,2026/01/29 23:18:17
14204,1545.16,18180.5,-2154.16,2026/01/29 23:18:17
14205,1545.27,18125.4,-2145.31,2026/01/29 23:18:17
14206,1545.38,18039,-2143.25,2026/01/29 23:18:17
14207,1545.49,17978.7,-2142.97,2026/01/29 23:18:17
14208,1545.59,17945,-2144.95,2026/01/29 23:18:17
14209,1545.7,17904.4,-2145.53,2026/01/29 23:18:17
14210,1545.81,17916.3,-2144.99,2026/01/29 23:18:17
14211,1545.92,17979.6,-2147.08,2026/01/29 23:18:17
14212,1546.03,18104.8,-2143.85,2026/01/29 23:18:18
14213,1546.14,18259.7,-2144.88,2026/01/29 23:18:18
14214,1546.25,18265,-2144.98,2026/01/29 23:18:18
14215,1546.36,18217.4,-2156.07,2026/01/29 23:18:18
14216,1546.46,18253,-2166.58,2026/01/29 23:18:18
14217,1546.57,18322.2,-2175.45,2026/01/29 23:18:18
14218,1546.68,18339.1,-2180.99,2026/01/29 23:18:18
14219,1546.79,18345.5,-2184.98,2026/01/29 23:18:18
14220,1546.9,18348.5,-2184.98,2026/01/29 23:18:18
14221,1547.01,18353.9,-2182.89,2026/01/29 23:18:19
14222,1547.12,18337,-2183.04,2026/01/29 23:18:19
14223,1547.23,18364.8,-2179.09,2026/01/29 23:18:19
14224,1547.34,18346.3,-2169.29,2026/01/29 23:18:19
14225,1547.44,18261.1,-2163.48,2026/01/29 23:18:19
14226,1547.55,18198.7,-2149.63,2026/01/29 23:18:19
14227,1547.66,18136.7,-2145.45,2026/01/29 23:18:19
14228,1547.77,18084.1,-2142.75,2026/01/29 23:18:19
14229,1547.88,18030.3,-2144.93,2026/01/29 23:18:19
14230,1547.99,18014.5,-2142.13,2026/01/29 23:18:20
14231,1548.1,18026.1,-2143.07,2026/01/29 23:18:20
14232,1548.2,18075.8,-2142.89,2026/01/29 23:18:20
14233,1548.31,18146.5,-2142.4,2026/01/29 23:18:20
14234,1548.42,18206.8,-2145.5,2026/01/29 23:18:20
14235,1548.53,18309.8,-2148.93,2026/01/29 23:18:20
14236,1548.64,18320.8,-2150.13,2026/01/29 23:18:20
14237,1548.75,18266.6,-2154.18,2026/01/29 23:18:20
14238,1548.86,18246.9,-2161.82,2026/01/29 23:18:20
14239,1548.96,18287.8,-2167.88,2026/01/29 23:18:21
14240,1549.07,18349.4,-2177.53,2026/01/29 23:18:21
14241,1549.18,18361.6,-2184.68,2026/01/29 23:18:21
14242,1549.29,18365.9,-2183.41,2026/01/29 23:18:21
14243,1549.4,18356.8,-2186.06,2026/01/29 23:18:21
14244,1549.51,18354.6,-2181.9,2026/01/29 23:18:21
14245,1549.62,18350.2,-2182.49,2026/01/29 23:18:21
14246,1549.72,18378.2,-2177.09,2026/01/29 23:18:21
14247,1549.83,18331.5,-2169.45,2026/01/29 23:18:21
14248,1549.94,18239,-2158.64,2026/01/29 23:18:21
14249,1550.05,18187.7,-2152.29,2026/01/29 23:18:22
14250,1550.16,18133.4,-2146.44,2026/01/29 23:18:22
14251,1550.27,18071.2,-2142.11,2026/01/29 23:18:22
14252,1550.38,18009.2,-2143.24,2026/01/29 23:18:22
14253,1550.48,17992.1,-2143.9,2026/01/29 23:18:22
14254,1550.59,17992.1,-2142.87,2026/01/29 23:18:22
14255,1550.7,18040.3,-2145.92,2026/01/29 23:18:22
14256,1550.81,18170.7,-2141.73,2026/01/29 23:18:22
14257,1550.92,18311.2,-2151.79,2026/01/29 23:18:22
14258,1551.03,18254.8,-2150.19,2026/01/29 23:18:23
14259,1551.14,18241.1,-2164.99,2026/01/29 23:18:23
14260,1551.25,18314.7,-2170.73,2026/01/29 23:18:23
14261,1551.36,18347.3,-2184.27,2026/01/29 23:18:23
14262,1551.47,18358.1,-2182.36,2026/01/29 23:18:23
14263,1551.58,18355.5,-2189.14,2026/01/29 23:18:23
14264,1551.68,18364.2,-2186.88,2026/01/29 23:18:23
14265,1551.79,18360.1,-2188.49,2026/01/29 23:18:23
14266,1551.9,18354.3,-2186.04,2026/01/29 23:18:23
14267,1552.01,18350.3,-2183.33,2026/01/29 23:18:24
14268,1552.12,18372.7,-2181.02,2026/01/29 23:18:24
14269,1552.23,18319,-2167.52,2026/01/29 23:18:24
14270,1552.34,18236.5,-2163.26,2026/01/29 23:18:24
14271,1552.45,18193.7,-2152.33,2026/01/29 23:18:24
14272,1552.55,18138.9,-2147.56,2026/01/29 23:18:24
14273,1552.66,18077.7,-2141.96,2026/01/29 23:18:24
14274,1552.77,18009.5,-2143.72,2026/01/29 23:18:24
14275,1552.88,18006.2,-2142.57,2026/01/29 23:18:24
14276,1552.99,18060.2,-2144.58,2026/01/29 23:18:25
14277,1553.1,18136.3,-2140.7,2026/01/29 23:18:25
14278,1553.21,18224,-2144.48,2026/01/29 23:18:25
14279,1553.32,18328,-2154.53,2026/01/29 23:18:25
14280,1553.42,18301.2,-2151.48,2026/01/29 23:18:25
14281,1553.53,18249.5,-2158.49,2026/01/29 23:18:25
14282,1553.64,18259.5,-2166.7,2026/01/29 23:18:25
14283,1553.75,18302.5,-2168.87,2026/01/29 23:18:25
14284,1553.86,18343.5,-2181.52,2026/01/29 23:18:25
14285,1553.97,18357.5,-2182.58,2026/01/29 23:18:26
14286,1554.07,18358.1,-2185.36,2026/01/29 23:18:26
14287,1554.18,18362.6,-2185.68,2026/01/29 23:18:26
14288,1554.29,18362.5,-2184.97,2026/01/29 23:18:26
14289,1554.4,18343.5,-2182.53,2026/01/29 23:18:26
14290,1554.51,18377.4,-2179.82,2026/01/29 23:18:26
14291,1554.61,18360,-2175.1,2026/01/29 23:18:26
14292,1554.72,18302.6,-2165.89,2026/01/29 23:18:26
14293,1554.83,18220.8,-2158.27,2026/01/29 23:18:26
14294,1554.94,18166.8,-2149.69,2026/01/29 23:18:26
14295,1555.05,18113.6,-2146.17,2026/01/29 23:18:27
14296,1555.16,18042.9,-2143.29,2026/01/29 23:18:27
14297,1555.27,17981.8,-2141.68,2026/01/29 23:18:27
14298,1555.37,17932,-2145.86,2026/01/29 23:18:27
14299,1555.48,17953.2,-2145.21,2026/01/29 23:18:27
14300,1555.59,18020.4,-2145.32,2026/01/29 23:18:27
14301,1555.7,18176.5,-2142.17,2026/01/29 23:18:27
14302,1555.81,18302.2,-2141.9,2026/01/29 23:18:27
14303,1555.92,18232.1,-2151.31,2026/01/29 23:18:27
14304,1556.03,18237.3,-2160.15,2026/01/29 23:18:28
14305,1556.13,18283.4,-2171.47,2026/01/29 23:18:28
14306,1556.24,18349.6,-2175.2,2026/01/29 23:18:28
14307,1556.35,18359.5,-2183.77,2026/01/29 23:18:28
14308,1556.46,18371,-2183.92,2026/01/29 23:18:28
14309,1556.57,18381.6,-2188.36,2026/01/29 23:18:28
14310,1556.68,18399.7,-2190.4,2026/01/29 23:18:28
14311,1556.79,18398.9,-2191.02,2026/01/29 23:18:28
14312,1556.9,18396.9,-2191.16,2026/01/29 23:18:28
14313,1557.01,18380.2,-2185.74,2026/01/29 23:18:29
14314,1557.12,18383.4,-2185.38,2026/01/29 23:18:29
14315,1557.23,18338.7,-2170.52,2026/01/29 23:18:29
14316,1557.33,18231.6,-2160.94,2026/01/29 23:18:29
14317,1557.44,18178.3,-2147.85,2026/01/29 23:18:29
14318,1557.55,18126.8,-2147.44,2026/01/29 23:18:29
14319,1557.66,18077.7,-2143.79,2026/01/29 23:18:29
14320,1557.77,18039.7,-2146.05,2026/01/29 23:18:29
14321,1557.88,18067.3,-2146.42,2026/01/29 23:18:29
14322,1557.99,18202.4,-2147.47,2026/01/29 23:18:30
14323,1558.09,18347.4,-2147.38,2026/01/29 23:18:30
14324,1558.2,18269.2,-2156.1,2026/01/29 23:18:30
14325,1558.31,18264.1,-2164.89,2026/01/29 23:18:30
14326,1558.42,18311.5,-2171.94,2026/01/29 23:18:30
14327,1558.53,18349.5,-2180.07,2026/01/29 23:18:30
14328,1558.64,18374.3,-2186.96,2026/01/29 23:18:30
14329,1558.75,18384.6,-2187.08,2026/01/29 23:18:30
14330,1558.85,18378.8,-2190.93,2026/01/29 23:18:30
14331,1558.96,18381.5,-2189.65,2026/01/29 23:18:31
14332,1559.07,18376,-2191.85,2026/01/29 23:18:31
14333,1559.18,18367.1,-2188.27,2026/01/29 23:18:31
14334,1559.29,18358.2,-2187.6,2026/01/29 23:18:31
14335,1559.4,18369,-2173.77,2026/01/29 23:18:31
14336,1559.51,18267.1,-2166.79,2026/01/29 23:18:31
14337,1559.62,18198.3,-2152.93,2026/01/29 23:18:31
14338,1559.73,18139.1,-2146.51,2026/01/29 23:18:31
14339,1559.83,18096,-2145.9,2026/01/29 23:18:31
14340,1559.94,18089,-2142.78,2026/01/29 23:18:31
14341,1560.05,18056.2,-2143.34,2026/01/29 23:18:32
14342,1560.16,18014.4,-2143.97,2026/01/29 23:18:32
14343,1560.27,18007.7,-2145.22,2026/01/29 23:18:32
14344,1560.38,17978.4,-2143.04,2026/01/29 23:18:32
14345,1560.49,17945.1,-2144.99,2026/01/29 23:18:32
14346,1560.6,18013.9,-2143.7,2026/01/29 23:18:32
14347,1560.71,18182.5,-2148.41,2026/01/29 23:18:32
14348,1560.82,18294.2,-2136.87,2026/01/29 23:18:32
14349,1560.92,18215.2,-2160.35,2026/01/29 23:18:32
14350,1561.03,18280.2,-2170.63,2026/01/29 23:18:33
14351,1561.14,18334.2,-2176.36,2026/01/29 23:18:33
14352,1561.25,18336.5,-2181.68,2026/01/29 23:18:33
14353,1561.36,18349.1,-2180.87,2026/01/29 23:18:33
14354,1561.47,18346,-2185.82,2026/01/29 23:18:33
14355,1561.58,18356.2,-2184.68,2026/01/29 23:18:33
14356,1561.69,18354.4,-2186.63,2026/01/29 23:18:33
14357,1561.8,18363.9,-2186.83,2026/01/29 23:18:33
14358,1561.9,18359.1,-2185.98,2026/01/29 23:18:33
14359,1562.01,18345.2,-2185.89,2026/01/29 23:18:34
14360,1562.12,18360.6,-2180.03,2026/01/29 23:18:34
14361,1562.23,18294.2,-2169.88,2026/01/29 23:18:34
14362,1562.34,18207.9,-2152.86,2026/01/29 23:18:34
14363,1562.45,18137.1,-2146.61,2026/01/29 23:18:34
14364,1562.56,18100.3,-2142.89,2026/01/29 23:18:34
14365,1562.66,18060.5,-2140.81,2026/01/29 23:18:34
14366,1562.77,18014.4,-2142.75,2026/01/29 23:18:34
14367,1562.88,18043.5,-2144.22,2026/01/29 23:18:34
14368,1562.99,18157.1,-2145.74,2026/01/29 23:18:35
14369,1563.1,18289.4,-2144.66,2026/01/29 23:18:35
14370,1563.21,18339.6,-2148.59,2026/01/29 23:18:35
14371,1563.32,18310,-2151.01,2026/01/29 23:18:35
14372,1563.42,18261,-2162.93,2026/01/29 23:18:35
14373,1563.53,18289.2,-2168.24,2026/01/29 23:18:35
14374,1563.64,18328.6,-2173.09,2026/01/29 23:18:35
14375,1563.75,18359.4,-2183.35,2026/01/29 23:18:35
14376,1563.86,18388.8,-2187.69,2026/01/29 23:18:35
14377,1563.97,18388.1,-2190.31,2026/01/29 23:18:36
14378,1564.08,18389.2,-2192.5,2026/01/29 23:18:36
14379,1564.18,18389.1,-2189.66,2026/01/29 23:18:36
14380,1564.29,18389,-2195.59,2026/01/29 23:18:36
14381,1564.4,18394.6,-2192.32,2026/01/29 23:18:36
14382,1564.51,18386.9,-2193.27,2026/01/29 23:18:36
14383,1564.62,18384.2,-2192.6,2026/01/29 23:18:36
14384,1564.73,18367.6,-2190.19,2026/01/29 23:18:36
14385,1564.84,18385.6,-2186.86,2026/01/29 23:18:36
14386,1564.94,18376.1,-2177,2026/01/29 23:18:36
14387,1565.05,18290.4,-2171.05,2026/01/29 23:18:37
14388,1565.16,18219,-2158.56,2026/01/29 23:18:37
14389,1565.27,18149.6,-2151.8,2026/01/29 23:18:37
14390,1565.38,18107,-2146.35,2026/01/29 23:18:37
14391,1565.49,18074.5,-2146.23,2026/01/29 23:18:37
14392,1565.6,18038.3,-2142.1,2026/01/29 23:18:37
14393,1565.7,18014.4,-2145.63,2026/01/29 23:18:37
14394,1565.81,18031.4,-2144.34,2026/01/29 23:18:37
14395,1565.92,18112.7,-2143.87,2026/01/29 23:18:37
14396,1566.03,18256.9,-2151.64,2026/01/29 23:18:38
14397,1566.14,18297.3,-2143.87,2026/01/29 23:18:38
14398,1566.24,18249.9,-2164.16,2026/01/29 23:18:38
14399,1566.35,18318.5,-2172,2026/01/29 23:18:38
14400,1566.46,18359.2,-2181.21,2026/01/29 23:18:38
14401,1566.57,18367.1,-2184.89,2026/01/29 23:18:38
14402,1566.68,18373.3,-2187.2,2026/01/29 23:18:38
14403,1566.79,18368.4,-2190.84,2026/01/29 23:18:38
14404,1566.9,18374.7,-2189.49,2026/01/29 23:18:38
14405,1567.01,18366.3,-2189.91,2026/01/29 23:18:39
14406,1567.12,18367.8,-2189.81,2026/01/29 23:18:39
14407,1567.22,18356.4,-2188.52,2026/01/29 23:18:39
14408,1567.33,18371.8,-2185.76,2026/01/29 23:18:39
14409,1567.44,18322.2,-2168.62,2026/01/29 23:18:39
14410,1567.55,18215.2,-2159.31,2026/01/29 23:18:39
14411,1567.66,18155.2,-2149.72,2026/01/29 23:18:39
14412,1567.77,18089.8,-2146.49,2026/01/29 23:18:39
14413,1567.87,18042.2,-2146.49,2026/01/29 23:18:39
14414,1567.98,18048,-2143.13,2026/01/29 23:18:40
14415,1568.09,18057.1,-2144.58,2026/01/29 23:18:40
14416,1568.2,18080.3,-2143.96,2026/01/29 23:18:40
14417,1568.31,18208.7,-2149.06,2026/01/29 23:18:40
14418,1568.41,18333.7,-2144.79,2026/01/29 23:18:40
14419,1568.52,18253.4,-2159.67,2026/01/29 23:18:40
14420,1568.63,18276.9,-2170.31,2026/01/29 23:18:40
14421,1568.74,18337.3,-2177.96,2026/01/29 23:18:40
14422,1568.85,18366.3,-2185.73,2026/01/29 23:18:40
14423,1568.96,18371.9,-2187.19,2026/01/29 23:18:41
14424,1569.07,18369.1,-2191.45,2026/01/29 23:18:41
14425,1569.18,18367.1,-2188.3,2026/01/29 23:18:41
14426,1569.28,18356.4,-2189.61,2026/01/29 23:18:41
14427,1569.39,18339.1,-2187.28,2026/01/29 23:18:41
14428,1569.5,18375.1,-2181.63,2026/01/29 23:18:41
14429,1569.61,18304.8,-2171.57,2026/01/29 23:18:41
14430,1569.72,18210.5,-2155.52,2026/01/29 23:18:41
14431,1569.83,18144.4,-2151.93,2026/01/29 23:18:41
14432,1569.93,18091.1,-2145.71,2026/01/29 23:18:41
14433,1570.04,18037.6,-2145.88,2026/01/29 23:18:42
14434,1570.15,17999.8,-2143.58,2026/01/29 23:18:42
14435,1570.26,17969.9,-2144.37,2026/01/29 23:18:42
14436,1570.37,17960,-2144.06,2026/01/29 23:18:42
14437,1570.48,18047.5,-2147.16,2026/01/29 23:18:42
14438,1570.59,18235.1,-2148.75,2026/01/29 23:18:42
14439,1570.7,18236.2,-2142.39,2026/01/29 23:18:42
14440,1570.8,18219.4,-2163.22,2026/01/29 23:18:42
14441,1570.91,18297.4,-2171.79,2026/01/29 23:18:42
14442,1571.02,18342.5,-2179.85,2026/01/29 23:18:43
14443,1571.13,18358.6,-2183.12,2026/01/29 23:18:43
14444,1571.24,18359.4,-2186.6,2026/01/29 23:18:43
14445,1571.35,18355.8,-2188.88,2026/01/29 23:18:43
14446,1571.46,18358.6,-2185.98,2026/01/29 23:18:43
14447,1571.57,18353,-2188.55,2026/01/29 23:18:43
14448,1571.67,18344.5,-2183.75,2026/01/29 23:18:43
14449,1571.78,18366.3,-2177.43,2026/01/29 23:18:43
14450,1571.89,18297.3,-2168.17,2026/01/29 23:18:43
14451,1572,18209.3,-2153.75,2026/01/29 23:18:44
14452,1572.11,18143.9,-2150.12,2026/01/29 23:18:44
14453,1572.22,18117.1,-2146.52,2026/01/29 23:18:44
14454,1572.33,18088.4,-2145.55,2026/01/29 23:18:44
14455,1572.43,18115.3,-2145.95,2026/01/29 23:18:44
14456,1572.54,18211.4,-2149.19,2026/01/29 23:18:44
14457,1572.65,18329.5,-2154.47,2026/01/29 23:18:44
14458,1572.76,18284.9,-2157.32,2026/01/29 23:18:44
14459,1572.87,18287.2,-2169.36,2026/01/29 23:18:44
14460,1572.98,18336.4,-2173.45,2026/01/29 23:18:45
14461,1573.09,18367.7,-2184.02,2026/01/29 23:18:45
14462,1573.2,18391.8,-2187.69,2026/01/29 23:18:45
14463,1573.3,18397.7,-2191.58,2026/01/29 23:18:45
14464,1573.41,18399.4,-2193.44,2026/01/29 23:18:45
14465,1573.52,18397.6,-2191.95,2026/01/29 23:18:45
14466,1573.63,18398.1,-2195.4,2026/01/29 23:18:45
14467,1573.74,18404,-2192.99,2026/01/29 23:18:45
14468,1573.85,18396.2,-2193.75,2026/01/29 23:18:45
14469,1573.95,18393.6,-2192.22,2026/01/29 23:18:46
14470,1574.06,18376.4,-2189.74,2026/01/29 23:18:46
14471,1574.17,18400.5,-2184.25,2026/01/29 23:18:46
14472,1574.28,18347.2,-2173.9,2026/01/29 23:18:46
14473,1574.39,18253.4,-2164.69,2026/01/29 23:18:46
14474,1574.5,18183.4,-2153.37,2026/01/29 23:18:46
14475,1574.61,18129.3,-2153.64,2026/01/29 23:18:46
14476,1574.72,18104.5,-2150.06,2026/01/29 23:18:46
14477,1574.83,18076.7,-2146.46,2026/01/29 23:18:46
14478,1574.94,18019,-2148.16,2026/01/29 23:18:46
14479,1575.04,18036.7,-2147.02,2026/01/29 23:18:47
14480,1575.15,18157.3,-2145.89,2026/01/29 23:18:47
14481,1575.26,18329.1,-2148.77,2026/01/29 23:18:47
14482,1575.37,18247.6,-2158.77,2026/01/29 23:18:47
14483,1575.48,18279,-2166.94,2026/01/29 23:18:47
14484,1575.59,18335.7,-2178.98,2026/01/29 23:18:47
14485,1575.7,18373.2,-2185.43,2026/01/29 23:18:47
14486,1575.81,18369.5,-2190.68,2026/01/29 23:18:47
14487,1575.91,18374.6,-2191.48,2026/01/29 23:18:47
14488,1576.02,18370.9,-2192.94,2026/01/29 23:18:48
14489,1576.13,18375.3,-2192.74,2026/01/29 23:18:48
14490,1576.24,18375.7,-2193.84,2026/01/29 23:18:48
14491,1576.35,18370.5,-2192.62,2026/01/29 23:18:48
14492,1576.46,18353.6,-2187.85,2026/01/29 23:18:48
14493,1576.57,18365.6,-2178.84,2026/01/29 23:18:48
14494,1576.68,18279.6,-2165.96,2026/01/29 23:18:48
14495,1576.79,18186.9,-2156.86,2026/01/29 23:18:48
14496,1576.9,18135,-2147.98,2026/01/29 23:18:48
14497,1577,18072.2,-2146.8,2026/01/29 23:18:49
14498,1577.11,18018.2,-2144.59,2026/01/29 23:18:49
14499,1577.22,18025.9,-2146.61,2026/01/29 23:18:49
14500,1577.33,18095.7,-2146.04,2026/01/29 23:18:49
14501,1577.44,18230.1,-2146.75,2026/01/29 23:18:49
14502,1577.55,18332.3,-2150.81,2026/01/29 23:18:49
14503,1577.66,18296.1,-2151.31,2026/01/29 23:18:49
14504,1577.77,18268.5,-2167.2,2026/01/29 23:18:49
14505,1577.88,18319.6,-2171.89,2026/01/29 23:18:49
14506,1577.98,18378,-2185.27,2026/01/29 23:18:50
14507,1578.09,18384.3,-2187.18,2026/01/29 23:18:50
14508,1578.2,18389.1,-2189.18,2026/01/29 23:18:50
14509,1578.31,18384.7,-2190.59,2026/01/29 23:18:50
14510,1578.42,18391.5,-2189.54,2026/01/29 23:18:50
14511,1578.53,18384.4,-2191.8,2026/01/29 23:18:50
14512,1578.64,18374.5,-2187.76,2026/01/29 23:18:50
14513,1578.75,18381.3,-2187.92,2026/01/29 23:18:50
14514,1578.85,18362.6,-2176.5,2026/01/29 23:18:50
14515,1578.96,18272.2,-2162.5,2026/01/29 23:18:51
14516,1579.07,18181.4,-2156.86,2026/01/29 23:18:51
14517,1579.18,18120.7,-2151.68,2026/01/29 23:18:51
14518,1579.29,18083.5,-2148.18,2026/01/29 23:18:51
14519,1579.4,18066.3,-2148.04,2026/01/29 23:18:51
14520,1579.51,18108.2,-2149.88,2026/01/29 23:18:51
14521,1579.61,18267,-2152.14,2026/01/29 23:18:51
14522,1579.72,18321.1,-2147.31,2026/01/29 23:18:51
14523,1579.83,18275.6,-2168.73,2026/01/29 23:18:51
14524,1579.94,18343.5,-2175.93,2026/01/29 23:18:51
14525,1580.05,18381.6,-2186.04,2026/01/29 23:18:52
14526,1580.16,18388.6,-2186.73,2026/01/29 23:18:52
14527,1580.27,18384,-2190.32,2026/01/29 23:18:52
14528,1580.38,18389,-2189.06,2026/01/29 23:18:52
14529,1580.48,18389.2,-2192.36,2026/01/29 23:18:52
14530,1580.59,18376.8,-2189.53,2026/01/29 23:18:52
14531,1580.7,18369.9,-2185.88,2026/01/29 23:18:52
14532,1580.81,18389.6,-2183.09,2026/01/29 23:18:52
14533,1580.91,18309.8,-2166.59,2026/01/29 23:18:52
14534,1581.02,18215.6,-2157.53,2026/01/29 23:18:53
14535,1581.13,18127.2,-2151.15,2026/01/29 23:18:53
14536,1581.24,18068.5,-2147.08,2026/01/29 23:18:53
14537,1581.35,18083.4,-2149.22,2026/01/29 23:18:53
14538,1581.46,18192.8,-2145.48,2026/01/29 23:18:53
14539,1581.57,18330,-2153.08,2026/01/29 23:18:53
14540,1581.68,18276,-2157.9,2026/01/29 23:18:53
14541,1581.79,18299.6,-2170.55,2026/01/29 23:18:53
14542,1581.89,18363.5,-2181.56,2026/01/29 23:18:53
14543,1582,18404,-2191.51,2026/01/29 23:18:54
14544,1582.11,18408.3,-2195.84,2026/01/29 23:18:54
14545,1582.22,18407.7,-2194.02,2026/01/29 23:18:54
14546,1582.33,18403.5,-2197.5,2026/01/29 23:18:54
14547,1582.44,18411.2,-2195.41,2026/01/29 23:18:54
14548,1582.55,18402.3,-2197.6,2026/01/29 23:18:54
14549,1582.65,18390.6,-2192.92,2026/01/29 23:18:54
14550,1582.76,18390.7,-2194.31,2026/01/29 23:18:54
14551,1582.87,18348.1,-2176.49,2026/01/29 23:18:54
14552,1582.98,18227.8,-2158.36,2026/01/29 23:18:55
14553,1583.09,18117.9,-2151.5,2026/01/29 23:18:55
14554,1583.2,18015.1,-2146.6,2026/01/29 23:18:55
14555,1583.3,18012.3,-2144.69,2026/01/29 23:18:55
14556,1583.41,18038.4,-2146.53,2026/01/29 23:18:55
14557,1583.52,18116.6,-2144.49,2026/01/29 23:18:55
14558,1583.63,18220.6,-2148.67,2026/01/29 23:18:55
14559,1583.74,18339.8,-2149.32,2026/01/29 23:18:55
14560,1583.85,18239.1,-2157.51,2026/01/29 23:18:55
14561,1583.96,18294.1,-2169.01,2026/01/29 23:18:56
14562,1584.07,18354.1,-2182.56,2026/01/29 23:18:56
14563,1584.17,18367.5,-2187.54,2026/01/29 23:18:56
14564,1584.28,18373.7,-2189.44,2026/01/29 23:18:56
14565,1584.39,18370.7,-2194.06,2026/01/29 23:18:56
14566,1584.5,18371.4,-2191.55,2026/01/29 23:18:56
14567,1584.61,18373.9,-2191.57,2026/01/29 23:18:56
14568,1584.71,18366.3,-2193.55,2026/01/29 23:18:56
14569,1584.82,18366.2,-2191.23,2026/01/29 23:18:56
14570,1584.93,18350.2,-2189.4,2026/01/29 23:18:56
14571,1585.04,18380.3,-2183.85,2026/01/29 23:18:57
14572,1585.15,18322.7,-2172.03,2026/01/29 23:18:57
14573,1585.26,18220,-2159.1,2026/01/29 23:18:57
14574,1585.37,18143.4,-2151.6,2026/01/29 23:18:57
14575,1585.48,18078.4,-2142.63,2026/01/29 23:18:57
14576,1585.58,18028.7,-2146.03,2026/01/29 23:18:57
14577,1585.69,18007.3,-2146.14,2026/01/29 23:18:57
14578,1585.8,18052.4,-2143.84,2026/01/29 23:18:57
14579,1585.91,18203.7,-2150.23,2026/01/29 23:18:57
14580,1586.02,18302.8,-2145.01,2026/01/29 23:18:58
14581,1586.13,18240.3,-2159.52,2026/01/29 23:18:58
14582,1586.24,18297.8,-2174.19,2026/01/29 23:18:58
14583,1586.35,18359.1,-2180.95,2026/01/29 23:18:58
14584,1586.45,18360,-2189.09,2026/01/29 23:18:58
14585,1586.56,18366.7,-2189.91,2026/01/29 23:18:58
14586,1586.67,18366.4,-2194.33,2026/01/29 23:18:58
14587,1586.78,18370.3,-2191.55,2026/01/29 23:18:58
14588,1586.89,18368.5,-2194.18,2026/01/29 23:18:58
14589,1587,18366.8,-2194.02,2026/01/29 23:18:59
14590,1587.11,18374.3,-2193.43,2026/01/29 23:18:59
14591,1587.22,18372.1,-2195.22,2026/01/29 23:18:59
14592,1587.32,18377.5,-2193.09,2026/01/29 23:18:59
14593,1587.43,18368.3,-2192.95,2026/01/29 23:18:59
14594,1587.54,18357.8,-2191.67,2026/01/29 23:18:59
14595,1587.65,18371.4,-2179.15,2026/01/29 23:18:59
14596,1587.76,18281.3,-2167.7,2026/01/29 23:18:59
14597,1587.87,18199.2,-2157.55,2026/01/29 23:18:59
14598,1587.98,18131.6,-2149.73,2026/01/29 23:19:00
14599,1588.09,18083.5,-2145.19,2026/01/29 23:19:00
14600,1588.2,18049.1,-2145.68,2026/01/29 23:19:00
14601,1588.3,18022.2,-2144.45,2026/01/29 23:19:00
14602,1588.41,18034.7,-2146.4,2026/01/29 23:19:00
14603,1588.52,18056.5,-2143.62,2026/01/29 23:19:00
14604,1588.63,18126.4,-2145.01,2026/01/29 23:19:00
14605,1588.74,18289.7,-2152.61,2026/01/29 23:19:00
14606,1588.85,18261.1,-2148.28,2026/01/29 23:19:00
14607,1588.96,18235.5,-2166.37,2026/01/29 23:19:01
14608,1589.07,18293.5,-2171.6,2026/01/29 23:19:01
14609,1589.17,18348.3,-2184.06,2026/01/29 23:19:01
14610,1589.28,18369.7,-2188.01,2026/01/29 23:19:01
14611,1589.39,18366.3,-2193.55,2026/01/29 23:19:01
14612,1589.5,18369.6,-2191.87,2026/01/29 23:19:01
14613,1589.61,18366.8,-2193.56,2026/01/29 23:19:01
14614,1589.72,18355.9,-2193.23,2026/01/29 23:19:01
14615,1589.82,18348.1,-2188.76,2026/01/29 23:19:01
14616,1589.93,18334.2,-2189.25,2026/01/29 23:19:01
14617,1590.04,18366.3,-2182.64,2026/01/29 23:19:02
14618,1590.15,18297.2,-2169.3,2026/01/29 23:19:02
14619,1590.26,18194,-2156.18,2026/01/29 23:19:02
14620,1590.37,18123.8,-2147.75,2026/01/29 23:19:02
14621,1590.48,18068.9,-2145.82,2026/01/29 23:19:02
14622,1590.59,18040.1,-2144.27,2026/01/29 23:19:02
14623,1590.69,18053.9,-2145.73,2026/01/29 23:19:02
14624,1590.8,18076,-2142.7,2026/01/29 23:19:02
14625,1590.91,18080.4,-2144.74,2026/01/29 23:19:02
14626,1591.02,18168.9,-2146.58,2026/01/29 23:19:03
14627,1591.13,18329.3,-2144.64,2026/01/29 23:19:03
14628,1591.24,18244.1,-2162.23,2026/01/29 23:19:03
14629,1591.34,18312.1,-2171.55,2026/01/29 23:19:03
14630,1591.45,18363.4,-2183.76,2026/01/29 23:19:03
14631,1591.56,18374.1,-2185.85,2026/01/29 23:19:03
14632,1591.67,18373.8,-2189.1,2026/01/29 23:19:03
14633,1591.78,18377.4,-2190.4,2026/01/29 23:19:03
14634,1591.89,18380.8,-2187.85,2026/01/29 23:19:03
14635,1592,18379.6,-2192.74,2026/01/29 23:19:04
14636,1592.11,18383.3,-2189.66,2026/01/29 23:19:04
14637,1592.22,18361.3,-2189.58,2026/01/29 23:19:04
14638,1592.33,18367.6,-2186.99,2026/01/29 23:19:04
14639,1592.43,18381.5,-2185.23,2026/01/29 23:19:04
14640,1592.54,18332.3,-2172.23,2026/01/29 23:19:04
14641,1592.65,18236,-2161.5,2026/01/29 23:19:04
14642,1592.76,18164.9,-2152.94,2026/01/29 23:19:04
14643,1592.87,18109.9,-2150.43,2026/01/29 23:19:04
14644,1592.98,18048.6,-2146.55,2026/01/29 23:19:05
14645,1593.09,18048,-2145.61,2026/01/29 23:19:05
14646,1593.19,18141.2,-2147.86,2026/01/29 23:19:05
14647,1593.3,18259.7,-2148.15,2026/01/29 23:19:05
14648,1593.41,18343.9,-2149.23,2026/01/29 23:19:05
14649,1593.52,18258.4,-2164.08,2026/01/29 23:19:05
14650,1593.63,18297.1,-2171.22,2026/01/29 23:19:05
14651,1593.74,18352.2,-2182.83,2026/01/29 23:19:05
14652,1593.85,18389.1,-2186.87,2026/01/29 23:19:05
14653,1593.96,18390.1,-2193.86,2026/01/29 23:19:06
14654,1594.07,18391,-2191.6,2026/01/29 23:19:06
14655,1594.18,18387,-2195.03,2026/01/29 23:19:06
14656,1594.29,18382.9,-2190.58,2026/01/29 23:19:06
14657,1594.4,18359.3,-2190.94,2026/01/29 23:19:06
14658,1594.5,18387.3,-2186.23,2026/01/29 23:19:06
14659,1594.61,18344.4,-2175.3,2026/01/29 23:19:06
14660,1594.72,18234.8,-2161.86,2026/01/29 23:19:06
14661,1594.83,18141.2,-2151.81,2026/01/29 23:19:06
14662,1594.94,18051.8,-2147.12,2026/01/29 23:19:06
14663,1595.04,18044.5,-2146.66,2026/01/29 23:19:07
14664,1595.15,18064.6,-2144.24,2026/01/29 23:19:07
14665,1595.26,18051.5,-2144.88,2026/01/29 23:19:07
14666,1595.37,18006.2,-2143.88,2026/01/29 23:19:07
14667,1595.48,17987.8,-2144.97,2026/01/29 23:19:07
14668,1595.59,17982.3,-2144.01,2026/01/29 23:19:07
14669,1595.7,17986.1,-2144.89,2026/01/29 23:19:07
14670,1595.81,18062.5,-2144.5,2026/01/29 23:19:07
14671,1595.91,18244.1,-2149.41,2026/01/29 23:19:07
14672,1596.02,18250.8,-2141.25,2026/01/29 23:19:08
14673,1596.13,18210.8,-2161.13,2026/01/29 23:19:08
14674,1596.24,18273.6,-2175.01,2026/01/29 23:19:08
14675,1596.34,18320.3,-2176.55,2026/01/29 23:19:08
14676,1596.45,18327.6,-2180.4,2026/01/29 23:19:08
14677,1596.56,18330,-2183.1,2026/01/29 23:19:08
14678,1596.67,18337.9,-2182.02,2026/01/29 23:19:08
14679,1596.78,18330.7,-2184.19,2026/01/29 23:19:08
14680,1596.89,18328.1,-2181.95,2026/01/29 23:19:08
14681,1597,18333,-2172.64,2026/01/29 23:19:09
14682,1597.11,18232.3,-2158.33,2026/01/29 23:19:09
14683,1597.21,18149.9,-2148.51,2026/01/29 23:19:09
14684,1597.32,18072.4,-2142.93,2026/01/29 23:19:09
14685,1597.43,18036.5,-2145.61,2026/01/29 23:19:09
14686,1597.54,18075.2,-2146.16,2026/01/29 23:19:09
14687,1597.65,18190.2,-2143.51,2026/01/29 23:19:09
14688,1597.76,18241,-2148.42,2026/01/29 23:19:09
14689,1597.87,18312.7,-2149.33,2026/01/29 23:19:09
14690,1597.98,18325.5,-2153.37,2026/01/29 23:19:10
14691,1598.09,18268.6,-2163.61,2026/01/29 23:19:10
14692,1598.19,18303.7,-2172.75,2026/01/29 23:19:10
14693,1598.3,18351.2,-2181.94,2026/01/29 23:19:10
14694,1598.41,18386.7,-2186.99,2026/01/29 23:19:10
14695,1598.52,18379.4,-2190.11,2026/01/29 23:19:10
14696,1598.63,18384.8,-2192.05,2026/01/29 23:19:10
14697,1598.74,18384.6,-2192.21,2026/01/29 23:19:10
14698,1598.84,18387.9,-2195.02,2026/01/29 23:19:10
14699,1598.95,18387.5,-2191.54,2026/01/29 23:19:10
14700,1599.06,18371.5,-2193.13,2026/01/29 23:19:11
14701,1599.17,18362.7,-2188.71,2026/01/29 23:19:11
14702,1599.28,18383.7,-2187.64,2026/01/29 23:19:11
14703,1599.39,18339.3,-2172.57,2026/01/29 23:19:11
14704,1599.49,18236.7,-2161.21,2026/01/29 23:19:11
14705,1599.6,18144.6,-2151.65,2026/01/29 23:19:11
14706,1599.71,18073.3,-2149.08,2026/01/29 23:19:11
14707,1599.82,18034.4,-2149.59,2026/01/29 23:19:11
14708,1599.93,18062.4,-2146.28,2026/01/29 23:19:11
14709,1600.04,18127,-2147.17,2026/01/29 23:19:12
14710,1600.15,18181.9,-2145.04,2026/01/29 23:19:12
14711,1600.25,18274.3,-2149.93,2026/01/29 23:19:12
14712,1600.36,18282.8,-2147.03,2026/01/29 23:19:12
14713,1600.47,18264.1,-2169.16,2026/01/29 23:19:12
14714,1600.58,18344.3,-2180.18,2026/01/29 23:19:12
14715,1600.69,18389.5,-2191.98,2026/01/29 23:19:12
14716,1600.8,18389.9,-2194.86,2026/01/29 23:19:12
14717,1600.91,18394,-2196,2026/01/29 23:19:12
14718,1601.02,18393.9,-2197.08,2026/01/29 23:19:13
14719,1601.12,18394.4,-2197.84,2026/01/29 23:19:13
14720,1601.23,18392.5,-2195.21,2026/01/29 23:19:13
14721,1601.34,18364.8,-2195.04,2026/01/29 23:19:13
14722,1601.45,18397,-2187.54,2026/01/29 23:19:13
14723,1601.56,18292.4,-2168.13,2026/01/29 23:19:13
14724,1601.67,18168.2,-2153.37,2026/01/29 23:19:13
14725,1601.78,18083,-2151.56,2026/01/29 23:19:13
14726,1601.89,18085.8,-2149.12,2026/01/29 23:19:13
14727,1602,18122.3,-2147.98,2026/01/29 23:19:14
14728,1602.11,18171.2,-2150.04,2026/01/29 23:19:14
14729,1602.21,18300.9,-2157.2,2026/01/29 23:19:14
14730,1602.32,18279.8,-2155.99,2026/01/29 23:19:14
14731,1602.43,18267,-2167.32,2026/01/29 23:19:14
14732,1602.54,18333.1,-2181.58,2026/01/29 23:19:14
14733,1602.65,18396.6,-2190.53,2026/01/29 23:19:14
14734,1602.76,18394.8,-2194.04,2026/01/29 23:19:14
14735,1602.87,18396.3,-2194.6,2026/01/29 23:19:14
14736,1602.98,18384.5,-2193.65,2026/01/29 23:19:15
14737,1603.09,18369.3,-2190.41,2026/01/29 23:19:15
14738,1603.2,18357.8,-2189.68,2026/01/29 23:19:15
14739,1603.3,18391.6,-2185.27,2026/01/29 23:19:15
14740,1603.41,18326.4,-2170.74,2026/01/29 23:19:15
14741,1603.52,18216.1,-2161.56,2026/01/29 23:19:15
14742,1603.63,18132.9,-2152.01,2026/01/29 23:19:15
14743,1603.74,18037.8,-2150.17,2026/01/29 23:19:15
14744,1603.85,18007.5,-2147.84,2026/01/29 23:19:15
14745,1603.96,18044.7,-2147.36,2026/01/29 23:19:16
14746,1604.07,18089.1,-2147.51,2026/01/29 23:19:16
14747,1604.18,18205,-2148.23,2026/01/29 23:19:16
14748,1604.29,18314.8,-2153.13,2026/01/29 23:19:16
14749,1604.39,18267.7,-2150.52,2026/01/29 23:19:16
14750,1604.5,18254,-2169.28,2026/01/29 23:19:16
14751,1604.61,18337.2,-2181.22,2026/01/29 23:19:16
14752,1604.72,18390.4,-2190.83,2026/01/29 23:19:16
14753,1604.83,18401.4,-2196.19,2026/01/29 23:19:16
14754,1604.94,18400.7,-2196.95,2026/01/29 23:19:16
14755,1605.05,18401.1,-2198.01,2026/01/29 23:19:17
14756,1605.16,18395.5,-2196.72,2026/01/29 23:19:17
14757,1605.27,18392,-2197.89,2026/01/29 23:19:17
14758,1605.37,18388.9,-2194.38,2026/01/29 23:19:17
14759,1605.48,18372.5,-2194.72,2026/01/29 23:19:17
14760,1605.59,18380.6,-2181.95,2026/01/29 23:19:17
14761,1605.7,18278.3,-2167.1,2026/01/29 23:19:17
14762,1605.81,18176,-2155.23,2026/01/29 23:19:17
14763,1605.92,18105.6,-2153.21,2026/01/29 23:19:17
14764,1606.03,18052.6,-2148.6,2026/01/29 23:19:18
14765,1606.14,18032.7,-2149.42,2026/01/29 23:19:18
14766,1606.25,18030.3,-2147.19,2026/01/29 23:19:18
14767,1606.35,18054.4,-2145.94,2026/01/29 23:19:18
14768,1606.46,18128.6,-2149.95,2026/01/29 23:19:18
14769,1606.57,18278.1,-2151.22,2026/01/29 23:19:18
14770,1606.68,18306,-2152.23,2026/01/29 23:19:18
14771,1606.79,18250.2,-2163.84,2026/01/29 23:19:18
14772,1606.9,18307.4,-2175.75,2026/01/29 23:19:18
14773,1607.01,18377.7,-2189.75,2026/01/29 23:19:19
14774,1607.12,18397.6,-2194.34,2026/01/29 23:19:19
14775,1607.23,18395,-2197.8,2026/01/29 23:19:19
14776,1607.33,18399.1,-2197.34,2026/01/29 23:19:19
14777,1607.44,18394.5,-2197.73,2026/01/29 23:19:19
14778,1607.55,18385.5,-2194.79,2026/01/29 23:19:19
14779,1607.66,18365.5,-2192.78,2026/01/29 23:19:19
14780,1607.77,18388.8,-2191.38,2026/01/29 23:19:19
14781,1607.88,18327.1,-2170.89,2026/01/29 23:19:19
14782,1607.98,18212,-2160.92,2026/01/29 23:19:20
14783,1608.09,18143.1,-2155.12,2026/01/29 23:19:20
14784,1608.2,18095.9,-2152.49,2026/01/29 23:19:20
14785,1608.31,18064.1,-2148.12,2026/01/29 23:19:20
14786,1608.42,18059.9,-2149.83,2026/01/29 23:19:20
14787,1608.53,18215.1,-2152.12,2026/01/29 23:19:20
14788,1608.64,18330.3,-2152,2026/01/29 23:19:20
14789,1608.75,18264.5,-2164.14,2026/01/29 23:19:20
14790,1608.86,18309.4,-2174.32,2026/01/29 23:19:20
14791,1608.97,18378.2,-2189.37,2026/01/29 23:19:21
14792,1609.07,18402.2,-2194.25,2026/01/29 23:19:21
14793,1609.18,18400.8,-2200.75,2026/01/29 23:19:21
14794,1609.29,18407.2,-2199.8,2026/01/29 23:19:21
14795,1609.4,18406.1,-2202.93,2026/01/29 23:19:21
14796,1609.51,18406.4,-2200.38,2026/01/29 23:19:21
14797,1609.62,18408.5,-2202.53,2026/01/29 23:19:21
14798,1609.73,18397.3,-2201.43,2026/01/29 23:19:21
14799,1609.83,18382.5,-2193.97,2026/01/29 23:19:21
14800,1609.94,18398.7,-2193.41,2026/01/29 23:19:21
14801,1610.05,18313.4,-2171.3,2026/01/29 23:19:22
14802,1610.16,18189,-2158.8,2026/01/29 23:19:22
14803,1610.27,18081.2,-2151.22,2026/01/29 23:19:22
14804,1610.38,18025.9,-2150.87,2026/01/29 23:19:22
14805,1610.49,18044,-2149.72,2026/01/29 23:19:22
14806,1610.59,18160.4,-2147.12,2026/01/29 23:19:22
14807,1610.7,18291.9,-2153.76,2026/01/29 23:19:22
14808,1610.81,18313.8,-2151.27,2026/01/29 23:19:22
14809,1610.92,18257.8,-2165.87,2026/01/29 23:19:22
14810,1611.03,18353.8,-2184.52,2026/01/29 23:19:23
14811,1611.14,18398,-2191.75,2026/01/29 23:19:23
14812,1611.24,18398.4,-2197.02,2026/01/29 23:19:23
14813,1611.35,18404.6,-2196.81,2026/01/29 23:19:23
14814,1611.46,18403.4,-2198.65,2026/01/29 23:19:23
14815,1611.57,18401.5,-2199.76,2026/01/29 23:19:23
14816,1611.68,18404.9,-2196.87,2026/01/29 23:19:23
14817,1611.79,18403.4,-2199.01,2026/01/29 23:19:23
14818,1611.89,18407.9,-2198.7,2026/01/29 23:19:23
14819,1612,18407,-2198.58,2026/01/29 23:19:24
14820,1612.11,18409.8,-2199.48,2026/01/29 23:19:24
14821,1612.22,18412.3,-2196.67,2026/01/29 23:19:24
14822,1612.33,18408.4,-2200.04,2026/01/29 23:19:24
14823,1612.43,18412.5,-2199.02,2026/01/29 23:19:24
14824,1612.54,18410,-2198.59,2026/01/29 23:19:24
14825,1612.65,18413.6,-2199.63,2026/01/29 23:19:24
14826,1612.76,18410.8,-2199.76,2026/01/29 23:19:24
14827,1612.87,18413.2,-2199.93,2026/01/29 23:19:24
14828,1612.98,18415.2,-2197.35,2026/01/29 23:19:25
14829,1613.09,18411.7,-2201.22,2026/01/29 23:19:25
14830,1613.19,18416,-2200.39,2026/01/29 23:19:25
14831,1613.3,18412.6,-2199.86,2026/01/29 23:19:25
14832,1613.41,18415.4,-2200.32,2026/01/29 23:19:25
14833,1613.52,18416,-2199.01,2026/01/29 23:19:25
14834,1613.63,18413.5,-2202.61,2026/01/29 23:19:25
14835,1613.74,18417.6,-2198.94,2026/01/29 23:19:25
14836,1613.85,18414.2,-2201.52,2026/01/29 23:19:25
14837,1613.95,18418.2,-2200.37,2026/01/29 23:19:25
14838,1614.06,18414.5,-2200.94,2026/01/29 23:19:26
14839,1614.17,18416.2,-2200.75,2026/01/29 23:19:26
14840,1614.28,18415,-2200.1,2026/01/29 23:19:26
14841,1614.39,18413.2,-2203.45,2026/01/29 23:19:26
14842,1614.5,18418.1,-2199.22,2026/01/29 23:19:26
14843,1614.6,18414.7,-2201.5,2026/01/29 23:19:26
14844,1614.71,18417.2,-2200.94,2026/01/29 23:19:26
14845,1614.82,18414.9,-2201.6,2026/01/29 23:19:26
14846,1614.93,18416.1,-2202.04,2026/01/29 23:19:26
14847,1615.04,18419,-2198.85,2026/01/29 23:19:27
14848,1615.15,18414.3,-2202.5,2026/01/29 23:19:27
14849,1615.26,18418.9,-2200.18,2026/01/29 23:19:27
14850,1615.37,18415.3,-2201.81,2026/01/29 23:19:27
14851,1615.47,18417.7,-2201.37,2026/01/29 23:19:27
14852,1615.58,18416.6,-2201.92,2026/01/29 23:19:27
14853,1615.69,18414.5,-2202.18,2026/01/29 23:19:27
14854,1615.8,18418.9,-2201.87,2026/01/29 23:19:27
14855,1615.91,18416.9,-2201.4,2026/01/29 23:19:27
14856,1616.02,18419.7,-2201.41,2026/01/29 23:19:28
14857,1616.13,18415.4,-2203.03,2026/01/29 23:19:28
14858,1616.23,18418.6,-2200.53,2026/01/29 23:19:28
14859,1616.34,18416.5,-2204.32,2026/01/29 23:19:28
14860,1616.45,18417.2,-2201.32,2026/01/29 23:19:28
14861,1616.56,18420.5,-2203.15,2026/01/29 23:19:28
14862,1616.67,18415.7,-2203.05,2026/01/29 23:19:28
14863,1616.77,18420.3,-2200.07,2026/01/29 23:19:28
14864,1616.88,18417,-2204.21,2026/01/29 23:19:28
14865,1616.99,18421,-2200.61,2026/01/29 23:19:29
14866,1617.1,18418.5,-2203.73,2026/01/29 23:19:29
14867,1617.21,18419.8,-2201.39,2026/01/29 23:19:29
14868,1617.32,18418.8,-2203.86,2026/01/29 23:19:29
14869,1617.43,18419.5,-2201.32,2026/01/29 23:19:29
14870,1617.54,18421.5,-2202.46,2026/01/29 23:19:29
14871,1617.64,18416,-2204.1,2026/01/29 23:19:29
14872,1617.75,18423.8,-2201.83,2026/01/29 23:19:29
14873,1617.86,18418.4,-2202.61,2026/01/29 23:19:29
14874,1617.97,18422.1,-2202.73,2026/01/29 23:19:30
14875,1618.08,18420.5,-2201.96,2026/01/29 23:19:30
14876,1618.19,18420.4,-2204.17,2026/01/29 23:19:30
14877,1618.29,18425.2,-2201.12,2026/01/29 23:19:30
14878,1618.4,18418.7,-2202.05,2026/01/29 23:19:30
14879,1618.51,18423.7,-2202.25,2026/01/29 23:19:30
14880,1618.62,18415.7,-2201.31,2026/01/29 23:19:30
14881,1618.73,18411.2,-2204.1,2026/01/29 23:19:30
14882,1618.84,18409.8,-2199.46,2026/01/29 23:19:30
14883,1618.94,18396.8,-2203.03,2026/01/29 23:19:30
14884,1619.05,18402,-2193.47,2026/01/29 23:19:31
14885,1619.16,18346.4,-2181.32,2026/01/29 23:19:31
14886,1619.27,18226.2,-2165.65,2026/01/29 23:19:31
14887,1619.38,18169,-2163.28,2026/01/29 23:19:31
14888,1619.49,18144.5,-2158.23,2026/01/29 23:19:31
14889,1619.6,18110.7,-2157.43,2026/01/29 23:19:31
14890,1619.71,18066.7,-2153.4,2026/01/29 23:19:31
14891,1619.82,18025,-2150.19,2026/01/29 23:19:31
14892,1619.93,17989.9,-2149.69,2026/01/29 23:19:31
14893,1620.04,18000.6,-2149.36,2026/01/29 23:19:32
14894,1620.14,17987.6,-2147.6,2026/01/29 23:19:32
14895,1620.25,17994.1,-2147.33,2026/01/29 23:19:32
14896,1620.36,18096.1,-2150.58,2026/01/29 23:19:32
14897,1620.47,18228,-2147.04,2026/01/29 23:19:32
14898,1620.58,18331.6,-2149.23,2026/01/29 23:19:32
14899,1620.69,18237.8,-2154.34,2026/01/29 23:19:32
14900,1620.8,18252.5,-2169.75,2026/01/29 23:19:32
14901,1620.91,18330.8,-2180.95,2026/01/29 23:19:32
14902,1621.02,18362,-2185.15,2026/01/29 23:19:33
14903,1621.12,18356.6,-2190.76,2026/01/29 23:19:33
14904,1621.23,18360.4,-2189.18,2026/01/29 23:19:33
14905,1621.34,18350.7,-2188.88,2026/01/29 23:19:33
14906,1621.45,18336.4,-2186.56,2026/01/29 23:19:33
14907,1621.56,18360.6,-2184.27,2026/01/29 23:19:33
14908,1621.67,18292.3,-2169.16,2026/01/29 23:19:33
14909,1621.78,18195.8,-2157.8,2026/01/29 23:19:33
14910,1621.89,18150.4,-2152.77,2026/01/29 23:19:33
14911,1622,18132.4,-2150.4,2026/01/29 23:19:34
14912,1622.11,18092.5,-2148.76,2026/01/29 23:19:34
14913,1622.21,18075.3,-2149.41,2026/01/29 23:19:34
14914,1622.32,18099.1,-2149.66,2026/01/29 23:19:34
14915,1622.43,18088.7,-2142.76,2026/01/29 23:19:34
14916,1622.54,18022.6,-2146.64,2026/01/29 23:19:34
14917,1622.65,18056.9,-2145.73,2026/01/29 23:19:34
14918,1622.76,18154.7,-2148.62,2026/01/29 23:19:34
14919,1622.87,18305.2,-2152.62,2026/01/29 23:19:34
14920,1622.98,18287.7,-2153.49,2026/01/29 23:19:35
14921,1623.08,18263.2,-2170.81,2026/01/29 23:19:35
14922,1623.19,18324.2,-2176.64,2026/01/29 23:19:35
14923,1623.3,18376.5,-2188.22,2026/01/29 23:19:35
14924,1623.41,18389.4,-2193.27,2026/01/29 23:19:35
14925,1623.52,18389.6,-2196.54,2026/01/29 23:19:35
14926,1623.63,18386.5,-2196.9,2026/01/29 23:19:35
14927,1623.73,18387.3,-2197.09,2026/01/29 23:19:35
14928,1623.84,18379.1,-2196.42,2026/01/29 23:19:35
14929,1623.95,18370.7,-2191.85,2026/01/29 23:19:35
14930,1624.06,18362.8,-2195.96,2026/01/29 23:19:36
14931,1624.17,18353.4,-2178.78,2026/01/29 23:19:36
14932,1624.28,18247.7,-2167.18,2026/01/29 23:19:36
14933,1624.39,18158.2,-2154,2026/01/29 23:19:36
14934,1624.5,18068.9,-2149.07,2026/01/29 23:19:36
14935,1624.61,18017.4,-2147.36,2026/01/29 23:19:36
14936,1624.72,17981.8,-2145.84,2026/01/29 23:19:36
14937,1624.82,17963.7,-2146.48,2026/01/29 23:19:36
14938,1624.93,17952.9,-2142.44,2026/01/29 23:19:36
14939,1625.04,17951.8,-2145.31,2026/01/29 23:19:37
14940,1625.15,18033.1,-2144.89,2026/01/29 23:19:37
14941,1625.26,18202.1,-2149.17,2026/01/29 23:19:37
14942,1625.37,18292,-2146.44,2026/01/29 23:19:37
14943,1625.48,18215.6,-2157.89,2026/01/29 23:19:37
14944,1625.59,18258.9,-2168.74,2026/01/29 23:19:37
14945,1625.69,18328.6,-2179.12,2026/01/29 23:19:37
14946,1625.8,18338,-2183.86,2026/01/29 23:19:37
14947,1625.91,18344.9,-2184.42,2026/01/29 23:19:37
14948,1626.02,18345.9,-2188.57,2026/01/29 23:19:38
14949,1626.13,18352.1,-2186.97,2026/01/29 23:19:38
14950,1626.24,18352.2,-2188.64,2026/01/29 23:19:38
14951,1626.35,18357.1,-2187.55,2026/01/29 23:19:38
14952,1626.46,18344.4,-2187.22,2026/01/29 23:19:38
14953,1626.56,18340.9,-2185.01,2026/01/29 23:19:38
14954,1626.67,18341.7,-2175.33,2026/01/29 23:19:38
14955,1626.78,18241.1,-2164,2026/01/29 23:19:38
14956,1626.89,18177.8,-2156,2026/01/29 23:19:38
14957,1627,18125.1,-2150.54,2026/01/29 23:19:39
14958,1627.11,18086.3,-2144.86,2026/01/29 23:19:39
14959,1627.22,18029.4,-2143.35,2026/01/29 23:19:39
14960,1627.33,18000.3,-2143.03,2026/01/29 23:19:39
14961,1627.44,17996.3,-2144.25,2026/01/29 23:19:39
14962,1627.55,18082.6,-2145.52,2026/01/29 23:19:39
14963,1627.66,18248,-2150.85,2026/01/29 23:19:39
14964,1627.77,18285.9,-2146.41,2026/01/29 23:19:39
14965,1627.87,18234.1,-2164.65,2026/01/29 23:19:39
14966,1627.98,18306.2,-2174.93,2026/01/29 23:19:40
14967,1628.09,18347.4,-2184.22,2026/01/29 23:19:40
14968,1628.2,18353,-2186.43,2026/01/29 23:19:40
14969,1628.31,18354.4,-2189.35,2026/01/29 23:19:40
14970,1628.42,18351,-2191.87,2026/01/29 23:19:40
14971,1628.53,18357.3,-2189.67,2026/01/29 23:19:40
14972,1628.64,18340.1,-2188.23,2026/01/29 23:19:40
14973,1628.74,18332.5,-2187.44,2026/01/29 23:19:40
14974,1628.85,18355.9,-2178.4,2026/01/29 23:19:40
14975,1628.96,18288.1,-2171.86,2026/01/29 23:19:41
14976,1629.07,18180.9,-2155.13,2026/01/29 23:19:41
14977,1629.18,18112.9,-2150.18,2026/01/29 23:19:41
14978,1629.29,18052.9,-2144.27,2026/01/29 23:19:41
14979,1629.4,17988.6,-2145.73,2026/01/29 23:19:41
14980,1629.5,17948,-2143.21,2026/01/29 23:19:41
14981,1629.61,17997.7,-2144.03,2026/01/29 23:19:41
14982,1629.72,18040.8,-2142.7,2026/01/29 23:19:41
14983,1629.83,18098.7,-2144.37,2026/01/29 23:19:41
14984,1629.94,18257.1,-2146.61,2026/01/29 23:19:41
14985,1630.05,18256.6,-2145.39,2026/01/29 23:19:42
14986,1630.16,18207,-2159.84,2026/01/29 23:19:42
14987,1630.27,18271.8,-2169.81,2026/01/29 23:19:42
14988,1630.38,18327.7,-2178.64,2026/01/29 23:19:42
14989,1630.48,18338.1,-2180.31,2026/01/29 23:19:42
14990,1630.59,18340.2,-2184.97,2026/01/29 23:19:42
14991,1630.7,18345.3,-2184.79,2026/01/29 23:19:42
14992,1630.81,18348.4,-2186.3,2026/01/29 23:19:42
14993,1630.92,18344.1,-2183.28,2026/01/29 23:19:42
14994,1631.03,18329.8,-2184.78,2026/01/29 23:19:43
14995,1631.14,18348.7,-2179.46,2026/01/29 23:19:43
14996,1631.25,18310.9,-2169.63,2026/01/29 23:19:43
14997,1631.36,18196.4,-2159.85,2026/01/29 23:19:43
14998,1631.47,18147.9,-2149.38,2026/01/29 23:19:43
14999,1631.57,18089.7,-2145.46,2026/01/29 23:19:43
15000,1631.68,18030.2,-2142.33,2026/01/29 23:19:43
15001,1631.79,17989.4,-2143.13,2026/01/29 23:19:43
15002,1631.9,17971.9,-2142.22,2026/01/29 23:19:43
15003,1632.01,17979.3,-2143.33,2026/01/29 23:19:44
15004,1632.12,18003.9,-2143.05,2026/01/29 23:19:44
15005,1632.23,18076,-2145.49,2026/01/29 23:19:44
15006,1632.34,18236.1,-2146.33,2026/01/29 23:19:44
15007,1632.45,18284.5,-2145.83,2026/01/29 23:19:44
15008,1632.55,18209,-2163.91,2026/01/29 23:19:44
15009,1632.66,18301.1,-2174.27,2026/01/29 23:19:44
15010,1632.77,18344.7,-2183.74,2026/01/29 23:19:44
15011,1632.88,18348.7,-2187.35,2026/01/29 23:19:44
15012,1632.99,18353,-2187.32,2026/01/29 23:19:45
15013,1633.1,18356.6,-2191.83,2026/01/29 23:19:45
15014,1633.21,18364.3,-2188.3,2026/01/29 23:19:45
15015,1633.32,18346.5,-2188.93,2026/01/29 23:19:45
15016,1633.43,18356.7,-2180.55,2026/01/29 23:19:45
15017,1633.53,18320.1,-2166.4,2026/01/29 23:19:45
15018,1633.64,18181,-2153.37,2026/01/29 23:19:45
15019,1633.75,18098.6,-2148.26,2026/01/29 23:19:45
15020,1633.86,18024.4,-2140.84,2026/01/29 23:19:45
15021,1633.97,17973,-2143.92,2026/01/29 23:19:46
15022,1634.08,17952.6,-2142.77,2026/01/29 23:19:46
15023,1634.19,17924.3,-2141.9,2026/01/29 23:19:46
15024,1634.29,17894.8,-2146.85,2026/01/29 23:19:46
15025,1634.4,17966.7,-2144.12,2026/01/29 23:19:46
15026,1634.51,18111.3,-2147.27,2026/01/29 23:19:46
15027,1634.62,18258.1,-2143.26,2026/01/29 23:19:46
15028,1634.73,18211.1,-2150.87,2026/01/29 23:19:46
15029,1634.84,18251.7,-2168.91,2026/01/29 23:19:46
15030,1634.95,18330,-2175.21,2026/01/29 23:19:46
15031,1635.06,18334.8,-2181.27,2026/01/29 23:19:47
15032,1635.17,18341.7,-2183.47,2026/01/29 23:19:47
15033,1635.27,18345,-2187.45,2026/01/29 23:19:47
15034,1635.38,18353.9,-2185.36,2026/01/29 23:19:47
15035,1635.49,18354.5,-2188.3,2026/01/29 23:19:47
15036,1635.6,18355.6,-2186.95,2026/01/29 23:19:47
15037,1635.71,18352.6,-2186.24,2026/01/29 23:19:47
15038,1635.81,18330.6,-2184.74,2026/01/29 23:19:47
15039,1635.92,18340.2,-2171.91,2026/01/29 23:19:47
15040,1636.03,18219.9,-2156.34,2026/01/29 23:19:48
15041,1636.14,18129.5,-2147.95,2026/01/29 23:19:48
15042,1636.25,18059,-2141.22,2026/01/29 23:19:48
15043,1636.35,17991.3,-2144.4,2026/01/29 23:19:48
15044,1636.46,17966.1,-2143.83,2026/01/29 23:19:48
15045,1636.57,18015.1,-2142.56,2026/01/29 23:19:48
15046,1636.68,18082.5,-2141.75,2026/01/29 23:19:48
15047,1636.79,18255.8,-2153.12,2026/01/29 23:19:48
15048,1636.9,18271.2,-2147.7,2026/01/29 23:19:48
15049,1637.01,18219.8,-2157.9,2026/01/29 23:19:49
15050,1637.12,18302.1,-2174.37,2026/01/29 23:19:49
15051,1637.23,18357.6,-2183.98,2026/01/29 23:19:49
15052,1637.33,18363.1,-2190.45,2026/01/29 23:19:49
15053,1637.44,18366,-2188.58,2026/01/29 23:19:49
15054,1637.55,18367.6,-2190.47,2026/01/29 23:19:49
15055,1637.66,18373.3,-2191.31,2026/01/29 23:19:49
15056,1637.77,18374.6,-2192.22,2026/01/29 23:19:49
15057,1637.88,18373.6,-2191.44,2026/01/29 23:19:49
15058,1637.99,18364.6,-2190.64,2026/01/29 23:19:50
15059,1638.1,18351.7,-2184.21,2026/01/29 23:19:50
15060,1638.2,18320.8,-2164.07,2026/01/29 23:19:50
15061,1638.31,18158.1,-2150.57,2026/01/29 23:19:50
15062,1638.42,18065.6,-2143.66,2026/01/29 23:19:50
15063,1638.53,18003.9,-2144.24,2026/01/29 23:19:50
15064,1638.64,17981.3,-2142.58,2026/01/29 23:19:50
15065,1638.75,18016.3,-2144,2026/01/29 23:19:50
15066,1638.86,18071.9,-2142.94,2026/01/29 23:19:50
15067,1638.96,18179.8,-2144.55,2026/01/29 23:19:51
15068,1639.07,18312.8,-2145.79,2026/01/29 23:19:51
15069,1639.18,18240.7,-2156.39,2026/01/29 23:19:51
15070,1639.29,18238,-2165.37,2026/01/29 23:19:51
15071,1639.4,18331.8,-2176.28,2026/01/29 23:19:51
15072,1639.51,18362.6,-2187.37,2026/01/29 23:19:51
15073,1639.62,18362.9,-2188,2026/01/29 23:19:51
15074,1639.73,18365.4,-2191.98,2026/01/29 23:19:51
15075,1639.84,18367.5,-2189.73,2026/01/29 23:19:51
15076,1639.94,18370.4,-2192.48,2026/01/29 23:19:51
15077,1640.05,18370.8,-2191.32,2026/01/29 23:19:52
15078,1640.16,18369.1,-2189.24,2026/01/29 23:19:52
15079,1640.27,18343.7,-2187.61,2026/01/29 23:19:52
15080,1640.38,18341.3,-2168.23,2026/01/29 23:19:52
15081,1640.49,18206.7,-2155.63,2026/01/29 23:19:52
15082,1640.6,18119,-2147.71,2026/01/29 23:19:52
15083,1640.71,18047.2,-2143.49,2026/01/29 23:19:52
15084,1640.82,18003.9,-2144.08,2026/01/29 23:19:52
15085,1640.92,18003.6,-2143.12,2026/01/29 23:19:52
15086,1641.03,18023,-2141.79,2026/01/29 23:19:53
15087,1641.14,18044.7,-2141.69,2026/01/29 23:19:53
15088,1641.25,18046.1,-2144.18,2026/01/29 23:19:53
15089,1641.36,18053.3,-2142.11,2026/01/29 23:19:53
15090,1641.47,18053.2,-2144.1,2026/01/29 23:19:53
15091,1641.58,18066.6,-2143.06,2026/01/29 23:19:53
15092,1641.68,18139.6,-2145.98,2026/01/29 23:19:53
15093,1641.79,18292.5,-2153.06,2026/01/29 23:19:53
15094,1641.9,18290.3,-2148.05,2026/01/29 23:19:53
15095,1642.01,18239.1,-2156.53,2026/01/29 23:19:54
15096,1642.12,18271.7,-2169.24,2026/01/29 23:19:54
15097,1642.22,18334.4,-2179.84,2026/01/29 23:19:54
15098,1642.34,18361.3,-2183.93,2026/01/29 23:19:54
15099,1642.45,18367.1,-2187.87,2026/01/29 23:19:54
15100,1642.55,18370.9,-2186.98,2026/01/29 23:19:54
15101,1642.66,18376.7,-2189.75,2026/01/29 23:19:54
15102,1642.77,18372.8,-2187.39,2026/01/29 23:19:54
15103,1642.88,18358.4,-2185.66,2026/01/29 23:19:54
15104,1642.99,18351.5,-2184.27,2026/01/29 23:19:55
15105,1643.1,18352,-2170.44,2026/01/29 23:19:55
15106,1643.21,18265.3,-2160.55,2026/01/29 23:19:55
15107,1643.32,18182.2,-2155.16,2026/01/29 23:19:55
15108,1643.42,18109.3,-2149.37,2026/01/29 23:19:55
15109,1643.53,18057.3,-2144.51,2026/01/29 23:19:55
15110,1643.64,18015.5,-2141.85,2026/01/29 23:19:55
15111,1643.75,17972.5,-2143.85,2026/01/29 23:19:55
15112,1643.86,17973.4,-2144.72,2026/01/29 23:19:55
15113,1643.97,18083.6,-2146.03,2026/01/29 23:19:56
15114,1644.08,18257.6,-2145.63,2026/01/29 23:19:56
15115,1644.18,18267.6,-2150.4,2026/01/29 23:19:56
15116,1644.29,18211.5,-2155.32,2026/01/29 23:19:56
15117,1644.4,18237.3,-2165.23,2026/01/29 23:19:56
15118,1644.51,18293.5,-2174.69,2026/01/29 23:19:56
15119,1644.62,18354.9,-2182.93,2026/01/29 23:19:56
15120,1644.73,18366.8,-2189.99,2026/01/29 23:19:56
15121,1644.84,18366.9,-2191.23,2026/01/29 23:19:56
15122,1644.94,18368.6,-2190.96,2026/01/29 23:19:56
15123,1645.05,18372.3,-2192.65,2026/01/29 23:19:57
15124,1645.16,18374.5,-2190.71,2026/01/29 23:19:57
15125,1645.27,18371.2,-2194.22,2026/01/29 23:19:57
15126,1645.38,18377.8,-2192.11,2026/01/29 23:19:57
15127,1645.49,18377.7,-2194.12,2026/01/29 23:19:57
15128,1645.6,18383.5,-2192.58,2026/01/29 23:19:57
15129,1645.71,18354.1,-2189.19,2026/01/29 23:19:57
15130,1645.81,18260.3,-2186.37,2026/01/29 23:19:57
15131,1645.92,18266.8,-2186.1,2026/01/29 23:19:57
15132,1646.03,18291.5,-2187.68,2026/01/29 23:19:58
15133,1646.14,18263,-2187.61,2026/01/29 23:19:58
15134,1646.25,18263.4,-2187.78,2026/01/29 23:19:58
15135,1646.36,18286.3,-2188.1,2026/01/29 23:19:58
15136,1646.47,18280,-2190.65,2026/01/29 23:19:58
15137,1646.57,18284.8,-2191.05,2026/01/29 23:19:58
15138,1646.68,18286.5,-2188.74,2026/01/29 23:19:58
15139,1646.79,18297.3,-2191.45,2026/01/29 23:19:58
15140,1646.9,18295.7,-2192.46,2026/01/29 23:19:58
15141,1647.01,18291.2,-2193.4,2026/01/29 23:19:59
15142,1647.12,18295.8,-2190.8,2026/01/29 23:19:59
15143,1647.23,18287.9,-2191.4,2026/01/29 23:19:59
15144,1647.34,18282.6,-2182.67,2026/01/29 23:19:59
15145,1647.44,18280.4,-2190.4,2026/01/29 23:19:59
15146,1647.55,18264,-2189.02,2026/01/29 23:19:59
15147,1647.66,18260.5,-2192.27,2026/01/29 23:19:59
15148,1647.77,18255.8,-2192.14,2026/01/29 23:19:59
15149,1647.88,18245,-2191.96,2026/01/29 23:19:59
15150,1647.99,18240.4,-2192.83,2026/01/29 23:20:00
15151,1648.09,18244.1,-2188.84,2026/01/29 23:20:00
15152,1648.21,18237.3,-2190.89,2026/01/29 23:20:00
15153,1648.31,18238.1,-2189.35,2026/01/29 23:20:00
15154,1648.42,18236.9,-2189.22,2026/01/29 23:20:00
15155,1648.53,18237.8,-2190.45,2026/01/29 23:20:00
15156,1648.64,18266.4,-2189.78,2026/01/29 23:20:00
15157,1648.75,18240.5,-2190.39,2026/01/29 23:20:00
15158,1648.86,18244.1,-2192.36,2026/01/29 23:20:00
15159,1648.97,18234.2,-2191.44,2026/01/29 23:20:01
15160,1649.07,18233.1,-2187.91,2026/01/29 23:20:01
15161,1649.18,18228.1,-2191.86,2026/01/29 23:20:01
15162,1649.29,18235.3,-2184.07,2026/01/29 23:20:01
15163,1649.4,18229.7,-2188.37,2026/01/29 23:20:01
15164,1649.51,18237.3,-2187.88,2026/01/29 23:20:01
15165,1649.62,18237.7,-2189.5,2026/01/29 23:20:01
15166,1649.72,18233,-2191.46,2026/01/29 23:20:01
15167,1649.83,18238.7,-2190.42,2026/01/29 23:20:01
15168,1649.94,18235.5,-2190.39,2026/01/29 23:20:01
15169,1650.05,18237.1,-2190.91,2026/01/29 23:20:02
15170,1650.16,18237.6,-2188.44,2026/01/29 23:20:02
15171,1650.27,18233.8,-2192.31,2026/01/29 23:20:02
15172,1650.37,18233.2,-2190.29,2026/01/29 23:20:02
15173,1650.48,18222.4,-2188.01,2026/01/29 23:20:02
15174,1650.59,18209.2,-2153.22,2026/01/29 23:20:02
15175,1650.7,18114.8,-2078.36,2026/01/29 23:20:02
15176,1650.81,17436.2,-2082.06,2026/01/29 23:20:02
15177,1650.92,16514.9,-2209.01,2026/01/29 23:20:02
15178,1651.03,15387,-2239.61,2026/01/29 23:20:03
15179,1651.14,14661.2,-2275.12,2026/01/29 23:20:03
15180,1651.25,14367,-2267.53,2026/01/29 23:20:03
15181,1651.36,14154,-2266.56,2026/01/29 23:20:03
15182,1651.47,14079,-2256.47,2026/01/29 23:20:03
15183,1651.58,14049.5,-2253.5,2026/01/29 23:20:03
15184,1651.68,14069.6,-2263.49,2026/01/29 23:20:03
15185,1651.79,14256.5,-2317.53,2026/01/29 23:20:03
15186,1651.9,14875.6,-2483.46,2026/01/29 23:20:03
15187,1652.01,16388.5,-2477.6,2026/01/29 23:20:04
15188,1652.12,17141,-2393.65,2026/01/29 23:20:04
15189,1652.23,17512.1,-2376.71,2026/01/29 23:20:04
15190,1652.34,17712.6,-2342.45,2026/01/29 23:20:04
15191,1652.45,17875.5,-2312.16,2026/01/29 23:20:04
15192,1652.56,17920.8,-2303.01,2026/01/29 23:20:04
15193,1652.67,17934.4,-2303.08,2026/01/29 23:20:04
15194,1652.78,17957.7,-2297.86,2026/01/29 23:20:04
15195,1652.89,17980.1,-2296.04,2026/01/29 23:20:04
15196,1652.99,18042.9,-2289.14,2026/01/29 23:20:05
15197,1653.1,18082.2,-2284.96,2026/01/29 23:20:05
15198,1653.21,18110.5,-2279.03,2026/01/29 23:20:05
15199,1653.32,18122.1,-2281.93,2026/01/29 23:20:05
15200,1653.43,18128.6,-2273.16,2026/01/29 23:20:05
15201,1653.54,18135.9,-2278.74,2026/01/29 23:20:05
15202,1653.65,18157.3,-2274.53,2026/01/29 23:20:05
15203,1653.75,18188.7,-2275.23,2026/01/29 23:20:05
15204,1653.86,18208.3,-2274.79,2026/01/29 23:20:05
15205,1653.97,18212,-2268.77,2026/01/29 23:20:06
15206,1654.08,18167,-2268.01,2026/01/29 23:20:06
15207,1654.19,18097.4,-2273.88,2026/01/29 23:20:06
15208,1654.3,18057.3,-2277.68,2026/01/29 23:20:06
15209,1654.4,18011,-2281.18,2026/01/29 23:20:06
15210,1654.51,18014,-2278.46,2026/01/29 23:20:06
15211,1654.62,18012.4,-2283.33,2026/01/29 23:20:06
15212,1654.73,18024.1,-2282.29,2026/01/29 23:20:06
15213,1654.84,18034.4,-2281.99,2026/01/29 23:20:06
15214,1654.95,18049.7,-2280.19,2026/01/29 23:20:06
15215,1655.06,18057.9,-2279.16,2026/01/29 23:20:07
15216,1655.17,18062.1,-2278.67,2026/01/29 23:20:07
15217,1655.28,18070.5,-2277.14,2026/01/29 23:20:07
15218,1655.38,18070.2,-2276.61,2026/01/29 23:20:07
15219,1655.49,18079.6,-2274.87,2026/01/29 23:20:07
15220,1655.6,18084.4,-2273.08,2026/01/29 23:20:07
15221,1655.71,18089.2,-2269.53,2026/01/29 23:20:07
15222,1655.82,18070.3,-2266.32,2026/01/29 23:20:07
15223,1655.93,18076.6,-2228.83,2026/01/29 23:20:07
15224,1656.04,17292.8,-2217.15,2026/01/29 23:20:08
15225,1656.14,16228.2,-2270.48,2026/01/29 23:20:08
15226,1656.25,14863.5,-2280.87,2026/01/29 23:20:08
15227,1656.36,14238.2,-2247.63,2026/01/29 23:20:08
15228,1656.47,14059.7,-2235.8,2026/01/29 23:20:08
15229,1656.58,13923.9,-2211.42,2026/01/29 23:20:08
15230,1656.69,13813.5,-2180.64,2026/01/29 23:20:08
15231,1656.8,13856.3,-2202.02,2026/01/29 23:20:08
15232,1656.91,14031.3,-2262.16,2026/01/29 23:20:08
15233,1657.02,14646.1,-2465.46,2026/01/29 23:20:09
15234,1657.13,16563.4,-2423.53,2026/01/29 23:20:09
15235,1657.24,17250.4,-2384.14,2026/01/29 23:20:09
15236,1657.35,17401.3,-2392.07,2026/01/29 23:20:09
15237,1657.46,17654.1,-2340.66,2026/01/29 23:20:09
15238,1657.56,17698.6,-2333.98,2026/01/29 23:20:09
15239,1657.67,17720.9,-2325.68,2026/01/29 23:20:09
15240,1657.78,17732.6,-2325.74,2026/01/29 23:20:09
15241,1657.89,17745.7,-2322.44,2026/01/29 23:20:09
15242,1658,17748,-2321.39,2026/01/29 23:20:10
15243,1658.11,17758.8,-2317.02,2026/01/29 23:20:10
15244,1658.22,17764.1,-2317.28,2026/01/29 23:20:10
15245,1658.32,17772.6,-2319.13,2026/01/29 23:20:10
15246,1658.43,17948.8,-2281.38,2026/01/29 23:20:10
15247,1658.54,18164.5,-2274.22,2026/01/29 23:20:10
15248,1658.65,18273.3,-2343.55,2026/01/29 23:20:10
15249,1658.76,18332.4,-2353.87,2026/01/29 23:20:10
15250,1658.87,18391.2,-2341.5,2026/01/29 23:20:10
15251,1658.98,18009.7,-2280.38,2026/01/29 23:20:11
15252,1659.09,17906.8,-2282.77,2026/01/29 23:20:11
15253,1659.2,17898.4,-2286.28,2026/01/29 23:20:11
15254,1659.3,17908.8,-2281.02,2026/01/29 23:20:11
15255,1659.41,17912.7,-2284.45,2026/01/29 23:20:11
15256,1659.52,17890.3,-2286.74,2026/01/29 23:20:11
15257,1659.63,17893.5,-2283.67,2026/01/29 23:20:11
15258,1659.74,17902,-2286.11,2026/01/29 23:20:11
15259,1659.85,17942.9,-2274.45,2026/01/29 23:20:11
15260,1659.96,17942.8,-2281.95,2026/01/29 23:20:12
15261,1660.07,17959,-2276.96,2026/01/29 23:20:12
15262,1660.18,17939.9,-2274.42,2026/01/29 23:20:12
15263,1660.29,17968.2,-2270.92,2026/01/29 23:20:12
15264,1660.4,17949.6,-2267.56,2026/01/29 23:20:12
15265,1660.5,17941.9,-2268.86,2026/01/29 23:20:12
15266,1660.61,17937.8,-2267.83,2026/01/29 23:20:12
15267,1660.72,17932,-2270.54,2026/01/29 23:20:12
15268,1660.83,17911.2,-2270.03,2026/01/29 23:20:12
15269,1660.94,17916.7,-2267.07,2026/01/29 23:20:12
15270,1661.05,17937.3,-2266.68,2026/01/29 23:20:13
15271,1661.16,17946.8,-2264.58,2026/01/29 23:20:13
15272,1661.26,17954.8,-2263.4,2026/01/29 23:20:13
15273,1661.37,17966.3,-2260.57,2026/01/29 23:20:13
15274,1661.48,17975.3,-2264.01,2026/01/29 23:20:13
15275,1661.59,17989.9,-2262,2026/01/29 23:20:13
15276,1661.7,17997.3,-2262.44,2026/01/29 23:20:13
15277,1661.81,18006.8,-2257.95,2026/01/29 23:20:13
15278,1661.92,18011,-2260.7,2026/01/29 23:20:13
15279,1662.03,18018.3,-2256.92,2026/01/29 23:20:14
15280,1662.14,18010.3,-2255.01,2026/01/29 23:20:14
15281,1662.24,17998.8,-2255.6,2026/01/29 23:20:14
15282,1662.35,17999.1,-2253.61,2026/01/29 23:20:14
15283,1662.46,18005.4,-2257.72,2026/01/29 23:20:14
15284,1662.57,18018.7,-2258.7,2026/01/29 23:20:14
15285,1662.68,18016.2,-2259.26,2026/01/29 23:20:14
15286,1662.79,18024.1,-2256.09,2026/01/29 23:20:14
15287,1662.9,18020.2,-2259.71,2026/01/29 23:20:14
15288,1663.01,18026.3,-2255.93,2026/01/29 23:20:15
15289,1663.11,18024.3,-2256.63,2026/01/29 23:20:15
15290,1663.22,18025.7,-2255.45,2026/01/29 23:20:15
15291,1663.33,18029.2,-2253.36,2026/01/29 23:20:15
15292,1663.44,17999.9,-2255.02,2026/01/29 23:20:15
15293,1663.55,18023.5,-2242.75,2026/01/29 23:20:15
15294,1663.66,18022.1,-2251.99,2026/01/29 23:20:15
15295,1663.77,18008.6,-2249.09,2026/01/29 23:20:15
15296,1663.88,18013.9,-2247.47,2026/01/29 23:20:15
15297,1663.99,18006,-2249.09,2026/01/29 23:20:16
15298,1664.1,18000.8,-2248.23,2026/01/29 23:20:16
15299,1664.2,18004.8,-2248.83,2026/01/29 23:20:16
15300,1664.31,18033.1,-2247.78,2026/01/29 23:20:16
15301,1664.42,18034.8,-2249.13,2026/01/29 23:20:16
15302,1664.53,18040.5,-2246.17,2026/01/29 23:20:16
15303,1664.64,18036.8,-2245.75,2026/01/29 23:20:16
15304,1664.74,18040.8,-2245.87,2026/01/29 23:20:16
15305,1664.85,18037.3,-2243.43,2026/01/29 23:20:16
15306,1664.96,18020,-2240.42,2026/01/29 23:20:17
15307,1665.07,18013.6,-2242.81,2026/01/29 23:20:17
15308,1665.18,18013.7,-2243.18,2026/01/29 23:20:17
15309,1665.29,18025.3,-2242.26,2026/01/29 23:20:17
15310,1665.39,18023.5,-2239.6,2026/01/29 23:20:17
15311,1665.5,18034,-2235.14,2026/01/29 23:20:17
15312,1665.61,18061.1,-2225.96,2026/01/29 23:20:17
15313,1665.72,18067.3,-2232.06,2026/01/29 23:20:17
15314,1665.83,18076,-2227.18,2026/01/29 23:20:17
15315,1665.94,18067.3,-2224.85,2026/01/29 23:20:17
15316,1666.05,18079.7,-2226.14,2026/01/29 23:20:18
15317,1666.16,18080.6,-2225.7,2026/01/29 23:20:18
15318,1666.26,18082.4,-2224.06,2026/01/29 23:20:18
15319,1666.37,18087.4,-2221.71,2026/01/29 23:20:18
15320,1666.48,18082.6,-2223.09,2026/01/29 23:20:18
15321,1666.59,18087.8,-2220.19,2026/01/29 23:20:18
15322,1666.7,18087.3,-2222.96,2026/01/29 23:20:18
15323,1666.81,18092,-2219.97,2026/01/29 23:20:18
15324,1666.91,18091.9,-2221.64,2026/01/29 23:20:18
15325,1667.02,18095.6,-2223.59,2026/01/29 23:20:19
15326,1667.13,18109.2,-2224.65,2026/01/29 23:20:19
15327,1667.24,18099.7,-2223.29,2026/01/29 23:20:19
15328,1667.35,18104.7,-2224.44,2026/01/29 23:20:19
15329,1667.46,18097,-2224.36,2026/01/29 23:20:19
15330,1667.57,18100.3,-2221.2,2026/01/29 23:20:19
15331,1667.68,18097.2,-2225.52,2026/01/29 23:20:19
15332,1667.78,18087.4,-2214.14,2026/01/29 23:20:19
15333,1667.89,18096.9,-2220.55,2026/01/29 23:20:19
15334,1668,18083.5,-2219.54,2026/01/29 23:20:20
15335,1668.11,18079.8,-2223.52,2026/01/29 23:20:20
15336,1668.22,18087.7,-2218.32,2026/01/29 23:20:20
15337,1668.33,18090,-2224.69,2026/01/29 23:20:20
15338,1668.44,18101.3,-2223.35,2026/01/29 23:20:20
15339,1668.55,18108.7,-2222.05,2026/01/29 23:20:20
15340,1668.65,18101.2,-2221.32,2026/01/29 23:20:20
15341,1668.76,18107.6,-2225.1,2026/01/29 23:20:20
15342,1668.87,18091.4,-2223.97,2026/01/29 23:20:20
15343,1668.98,18105.3,-2223.62,2026/01/29 23:20:21
15344,1669.09,18085.8,-2226.03,2026/01/29 23:20:21
15345,1669.2,18103.7,-2221.42,2026/01/29 23:20:21
15346,1669.31,18086.7,-2226.74,2026/01/29 23:20:21
15347,1669.42,18083,-2228.4,2026/01/29 23:20:21
15348,1669.53,18088.4,-2225.82,2026/01/29 23:20:21
15349,1669.64,18082.9,-2229.51,2026/01/29 23:20:21
15350,1669.74,18087.7,-2225.78,2026/01/29 23:20:21
15351,1669.85,18085.2,-2228.06,2026/01/29 23:20:21
15352,1669.96,18087.5,-2226.65,2026/01/29 23:20:22
15353,1670.07,18088,-2226.69,2026/01/29 23:20:22
15354,1670.18,18083.6,-2229.01,2026/01/29 23:20:22
15355,1670.29,18089.8,-2225.64,2026/01/29 23:20:22
15356,1670.4,18084.4,-2229.09,2026/01/29 23:20:22
15357,1670.51,18089.3,-2226.75,2026/01/29 23:20:22
15358,1670.61,18085.8,-2227.99,2026/01/29 23:20:22
15359,1670.72,18087,-2228.39,2026/01/29 23:20:22
15360,1670.83,18089.3,-2226.51,2026/01/29 23:20:22
15361,1670.94,18085.5,-2229.07,2026/01/29 23:20:22
15362,1671.05,18091.9,-2227.23,2026/01/29 23:20:23
15363,1671.16,18086.6,-2227.89,2026/01/29 23:20:23
15364,1671.26,18110.4,-2224.31,2026/01/29 23:20:23
15365,1671.37,18101.3,-2221.29,2026/01/29 23:20:23
15366,1671.48,18094,-2224.99,2026/01/29 23:20:23
15367,1671.59,18102.6,-2222.27,2026/01/29 23:20:23
15368,1671.7,18085.4,-2229.67,2026/01/29 23:20:23
15369,1671.81,18097.9,-2225.09,2026/01/29 23:20:23
15370,1671.92,18087.7,-2229.7,2026/01/29 23:20:23
15371,1672.02,18088.7,-2228.98,2026/01/29 23:20:24
15372,1672.13,18093.3,-2227.69,2026/01/29 23:20:24
15373,1672.24,18085.8,-2231.19,2026/01/29 23:20:24
15374,1672.35,18090.5,-2228.17,2026/01/29 23:20:24
15375,1672.46,18083.4,-2230.1,2026/01/29 23:20:24
15376,1672.56,18088.7,-2229.73,2026/01/29 23:20:24
15377,1672.67,18086.2,-2229.33,2026/01/29 23:20:24
15378,1672.78,18088.4,-2230.89,2026/01/29 23:20:24
15379,1672.89,18092,-2227.96,2026/01/29 23:20:24
15380,1673,18084.3,-2229.17,2026/01/29 23:20:25
15381,1673.11,18090.3,-2229.7,2026/01/29 23:20:25
15382,1673.21,18087.7,-2230.34,2026/01/29 23:20:25
15383,1673.32,18090.6,-2230.53,2026/01/29 23:20:25
15384,1673.43,18089.9,-2229.6,2026/01/29 23:20:25
15385,1673.54,18088.2,-2233.42,2026/01/29 23:20:25
15386,1673.65,18092.5,-2229.45,2026/01/29 23:20:25
15387,1673.76,18088,-2232.06,2026/01/29 23:20:25
15388,1673.87,18093.2,-2231.82,2026/01/29 23:20:25
15389,1673.98,18089.1,-2230.97,2026/01/29 23:20:26
15390,1674.08,18091.9,-2232,2026/01/29 23:20:26
15391,1674.19,18092.2,-2230.49,2026/01/29 23:20:26
15392,1674.3,18089.4,-2234.39,2026/01/29 23:20:26
15393,1674.41,18094.2,-2230.36,2026/01/29 23:20:26
15394,1674.52,18090,-2230.45,2026/01/29 23:20:26
15395,1674.63,18093.4,-2232.73,2026/01/29 23:20:26
15396,1674.73,18090.6,-2231.88,2026/01/29 23:20:26
15397,1674.84,18092.1,-2232.3,2026/01/29 23:20:26
15398,1674.95,18094.3,-2230.46,2026/01/29 23:20:26
15399,1675.06,18089.6,-2234.09,2026/01/29 23:20:27
15400,1675.17,18095.1,-2230.33,2026/01/29 23:20:27
15401,1675.28,18090.1,-2231.81,2026/01/29 23:20:27
15402,1675.39,18089.1,-2230.38,2026/01/29 23:20:27
15403,1675.5,18081.6,-2232.27,2026/01/29 23:20:27
15404,1675.6,18087.4,-2228.89,2026/01/29 23:20:27
15405,1675.71,18183.6,-2191.15,2026/01/29 23:20:27
15406,1675.82,17079.5,-2129.14,2026/01/29 23:20:27
15407,1675.93,15116.8,-2302.18,2026/01/29 23:20:27
15408,1676.04,14486.2,-2252.02,2026/01/29 23:20:28
15409,1676.15,14170.9,-2224.92,2026/01/29 23:20:28
15410,1676.26,13835.2,-2173.49,2026/01/29 23:20:28
15411,1676.37,13797.7,-2192.37,2026/01/29 23:20:28
15412,1676.48,14186,-2362.35,2026/01/29 23:20:28
15413,1676.59,16235,-2452.65,2026/01/29 23:20:28
15414,1676.69,17287.3,-2372.35,2026/01/29 23:20:28
15415,1676.8,17582.9,-2311.72,2026/01/29 23:20:28
15416,1676.91,17722.3,-2297.11,2026/01/29 23:20:28
15417,1677.02,17758.4,-2286.7,2026/01/29 23:20:29
15418,1677.13,17746.2,-2287.83,2026/01/29 23:20:29
15419,1677.24,17713.1,-2292.75,2026/01/29 23:20:29
15420,1677.35,17368.1,-2315.43,2026/01/29 23:20:29
15421,1677.46,16532.2,-2194.3,2026/01/29 23:20:29
15422,1677.57,14945.9,-2355.4,2026/01/29 23:20:29
15423,1677.68,14353.3,-2306.16,2026/01/29 23:20:29
15424,1677.79,14014.7,-2244.9,2026/01/29 23:20:29
15425,1677.9,13825.1,-2245.22,2026/01/29 23:20:29
15426,1678,13816.7,-2251.63,2026/01/29 23:20:30
15427,1678.11,13938.4,-2296.88,2026/01/29 23:20:30
15428,1678.22,14408.5,-2436.25,2026/01/29 23:20:30
15429,1678.33,16045.6,-2514.01,2026/01/29 23:20:30
15430,1678.44,16558.1,-2481.3,2026/01/29 23:20:30
15431,1678.55,16848.7,-2427.93,2026/01/29 23:20:30
15432,1678.66,17258.6,-2333.31,2026/01/29 23:20:30
15433,1678.77,17364.8,-2311.73,2026/01/29 23:20:30
15434,1678.88,17420.7,-2302.63,2026/01/29 23:20:30
15435,1678.99,17473.2,-2289.7,2026/01/29 23:20:31
15436,1679.1,17493.2,-2286.5,2026/01/29 23:20:31
15437,1679.21,17542.1,-2272.11,2026/01/29 23:20:31
15438,1679.31,17553,-2268.23,2026/01/29 23:20:31
15439,1679.42,17077.6,-2339.02,2026/01/29 23:20:31
15440,1679.53,16174.3,-2283.04,2026/01/29 23:20:31
15441,1679.64,14749.2,-2367.1,2026/01/29 23:20:31
15442,1679.75,14170.9,-2312.34,2026/01/29 23:20:31
15443,1679.86,13961.2,-2273.19,2026/01/29 23:20:31
15444,1679.97,13833.5,-2244.54,2026/01/29 23:20:32
15445,1680.08,13761.6,-2231.92,2026/01/29 23:20:32
15446,1680.19,13761.1,-2235.8,2026/01/29 23:20:32
15447,1680.3,13920.7,-2302.14,2026/01/29 23:20:32
15448,1680.41,14882,-2488.55,2026/01/29 23:20:32
15449,1680.51,16426.6,-2455.46,2026/01/29 23:20:32
15450,1680.62,16667.4,-2454.15,2026/01/29 23:20:32
15451,1680.73,17023.6,-2394.15,2026/01/29 23:20:32
15452,1680.84,17238.7,-2345.07,2026/01/29 23:20:32
15453,1680.95,17260.2,-2334.63,2026/01/29 23:20:32
15454,1681.06,17284.8,-2325.15,2026/01/29 23:20:33
15455,1681.17,17316.6,-2306.98,2026/01/29 23:20:33
15456,1681.28,17339.3,-2297.88,2026/01/29 23:20:33
15457,1681.38,17330,-2298.23,2026/01/29 23:20:33
15458,1681.49,17322,-2306.95,2026/01/29 23:20:33
15459,1681.6,16406.6,-2331.27,2026/01/29 23:20:33
15460,1681.71,14808.5,-2332.02,2026/01/29 23:20:33
15461,1681.82,14111.1,-2303.68,2026/01/29 23:20:33
15462,1681.93,13935,-2279.05,2026/01/29 23:20:33
15463,1682.04,13869.9,-2271.52,2026/01/29 23:20:34
15464,1682.15,13880.5,-2284.23,2026/01/29 23:20:34
15465,1682.26,14148.7,-2395.82,2026/01/29 23:20:34
15466,1682.37,15877.7,-2516.52,2026/01/29 23:20:34
15467,1682.48,16655.6,-2457.55,2026/01/29 23:20:34
15468,1682.59,16825.7,-2418.75,2026/01/29 23:20:34
15469,1682.7,17236.6,-2334,2026/01/29 23:20:34
15470,1682.8,17371.3,-2303.71,2026/01/29 23:20:34
15471,1682.91,17373.8,-2308.52,2026/01/29 23:20:34
15472,1683.02,17396.6,-2304.34,2026/01/29 23:20:35
15473,1683.13,17400.8,-2304.47,2026/01/29 23:20:35
15474,1683.24,17418.6,-2291.46,2026/01/29 23:20:35
15475,1683.35,17440.3,-2290.76,2026/01/29 23:20:35
15476,1683.46,17437.6,-2281.5,2026/01/29 23:20:35
15477,1683.57,17454.3,-2277.14,2026/01/29 23:20:35
15478,1683.67,17462.5,-2274.34,2026/01/29 23:20:35
15479,1683.78,17488.9,-2271.58,2026/01/29 23:20:35
15480,1683.89,17529.1,-2261.77,2026/01/29 23:20:35
15481,1684,17571,-2263.12,2026/01/29 23:20:36
15482,1684.11,17574.1,-2252.97,2026/01/29 23:20:36
15483,1684.22,17610.6,-2246.38,2026/01/29 23:20:36
15484,1684.33,17643.5,-2237.26,2026/01/29 23:20:36
15485,1684.44,17663.4,-2239.9,2026/01/29 23:20:36
15486,1684.55,17660.1,-2236.37,2026/01/29 23:20:36
15487,1684.65,17626.4,-2244.37,2026/01/29 23:20:36
15488,1684.76,17612.6,-2249.63,2026/01/29 23:20:36
15489,1684.87,17234.9,-2336.91,2026/01/29 23:20:36
15490,1684.98,16423,-2324.66,2026/01/29 23:20:37
15491,1685.09,15406.7,-2338.87,2026/01/29 23:20:37
15492,1685.2,14472.2,-2346.05,2026/01/29 23:20:37
15493,1685.31,14088.5,-2314.65,2026/01/29 23:20:37
15494,1685.42,13949.3,-2289.72,2026/01/29 23:20:37
15495,1685.53,13886.8,-2274.1,2026/01/29 23:20:37
15496,1685.64,13912.3,-2291.83,2026/01/29 23:20:37
15497,1685.74,14001,-2318.88,2026/01/29 23:20:37
15498,1685.85,14203.6,-2380.26,2026/01/29 23:20:37
15499,1685.96,14748.5,-2430.7,2026/01/29 23:20:38
15500,1686.07,16018.8,-2520.13,2026/01/29 23:20:38
15501,1686.18,16620.2,-2436.4,2026/01/29 23:20:38
15502,1686.29,16973,-2381.51,2026/01/29 23:20:38
15503,1686.4,17384.6,-2295.49,2026/01/29 23:20:38
15504,1686.51,17498.2,-2275.01,2026/01/29 23:20:38
15505,1686.62,17533.1,-2271.25,2026/01/29 23:20:38
15506,1686.73,17534.9,-2270.39,2026/01/29 23:20:38
15507,1686.84,17511.5,-2271.56,2026/01/29 23:20:38
15508,1686.94,17532.6,-2265.57,2026/01/29 23:20:38
15509,1687.05,17566.8,-2261.75,2026/01/29 23:20:39
15510,1687.16,17585.1,-2256.12,2026/01/29 23:20:39
15511,1687.27,17605.2,-2258.32,2026/01/29 23:20:39
15512,1687.38,17592.7,-2257.73,2026/01/29 23:20:39
15513,1687.48,17610,-2263.78,2026/01/29 23:20:39
15514,1687.59,17491.5,-2270.13,2026/01/29 23:20:39
15515,1687.7,16309.3,-2300.59,2026/01/29 23:20:39
15516,1687.81,14941.9,-2346.42,2026/01/29 23:20:39
15517,1687.92,14348.4,-2334.46,2026/01/29 23:20:39
15518,1688.03,14221.6,-2335.49,2026/01/29 23:20:40
15519,1688.14,14077,-2334.07,2026/01/29 23:20:40
15520,1688.25,14007.6,-2330.99,2026/01/29 23:20:40
15521,1688.36,14361,-2414.36,2026/01/29 23:20:40
15522,1688.47,16139.8,-2459.25,2026/01/29 23:20:40
15523,1688.57,17054.8,-2370.26,2026/01/29 23:20:40
15524,1688.68,17287.8,-2363.95,2026/01/29 23:20:40
15525,1688.79,17629.3,-2305,2026/01/29 23:20:40
15526,1688.9,17690.5,-2301.25,2026/01/29 23:20:40
15527,1689.01,17689.6,-2304.43,2026/01/29 23:20:41
15528,1689.12,17702.4,-2303.53,2026/01/29 23:20:41
15529,1689.22,17709.7,-2303.81,2026/01/29 23:20:41
15530,1689.33,17713.2,-2306.28,2026/01/29 23:20:41
15531,1689.44,17721,-2306.57,2026/01/29 23:20:41
15532,1689.55,17701.3,-2308.03,2026/01/29 23:20:41
15533,1689.66,17687.1,-2315.15,2026/01/29 23:20:41
15534,1689.76,17563,-2310.73,2026/01/29 23:20:41
15535,1689.87,16574.2,-2278.89,2026/01/29 23:20:41
15536,1689.98,15380.9,-2320.66,2026/01/29 23:20:42
15537,1690.09,14405.9,-2325.99,2026/01/29 23:20:42
15538,1690.2,14126.7,-2319.86,2026/01/29 23:20:42
15539,1690.31,13976.2,-2312.62,2026/01/29 23:20:42
15540,1690.42,13932.4,-2311.85,2026/01/29 23:20:42
15541,1690.53,13938.5,-2323.4,2026/01/29 23:20:42
15542,1690.64,14276.3,-2402.4,2026/01/29 23:20:42
15543,1690.75,15571.1,-2505.79,2026/01/29 23:20:42
15544,1690.86,16575.7,-2412.25,2026/01/29 23:20:42
15545,1690.97,17017.7,-2368.23,2026/01/29 23:20:43
15546,1691.08,17588.9,-2277.95,2026/01/29 23:20:43
15547,1691.19,17612,-2278.37,2026/01/29 23:20:43
15548,1691.3,17631.1,-2282.03,2026/01/29 23:20:43
15549,1691.4,17653.9,-2285.06,2026/01/29 23:20:43
15550,1691.51,17661.9,-2286.71,2026/01/29 23:20:43
15551,1691.62,17676.2,-2286.33,2026/01/29 23:20:43
15552,1691.73,17676.5,-2291.69,2026/01/29 23:20:43
15553,1691.84,17671.8,-2292.77,2026/01/29 23:20:43
15554,1691.95,17655.3,-2298.01,2026/01/29 23:20:43
15555,1692.06,17171.4,-2303.95,2026/01/29 23:20:44
15556,1692.17,16298.6,-2293.43,2026/01/29 23:20:44
15557,1692.27,15422.4,-2353.06,2026/01/29 23:20:44
15558,1692.38,14584.3,-2359.9,2026/01/29 23:20:44
15559,1692.49,14198.4,-2326.57,2026/01/29 23:20:44
15560,1692.6,14141.1,-2359.88,2026/01/29 23:20:44
15561,1692.71,14577.7,-2397.87,2026/01/29 23:20:44
15562,1692.82,15488.8,-2460.23,2026/01/29 23:20:44
15563,1692.93,16570.1,-2396.59,2026/01/29 23:20:44
15564,1693.04,16977.7,-2370.85,2026/01/29 23:20:45
15565,1693.15,17339.6,-2328.2,2026/01/29 23:20:45
15566,1693.26,17613,-2275.58,2026/01/29 23:20:45
15567,1693.37,17654,-2282.72,2026/01/29 23:20:45
15568,1693.48,17688.7,-2282.36,2026/01/29 23:20:45
15569,1693.59,17703.1,-2283.69,2026/01/29 23:20:45
15570,1693.69,17714.6,-2286.19,2026/01/29 23:20:45
15571,1693.8,17726.5,-2285.4,2026/01/29 23:20:45
15572,1693.91,17729.1,-2289.35,2026/01/29 23:20:45
15573,1694.02,17738.4,-2288.36,2026/01/29 23:20:46
15574,1694.13,17739,-2295.32,2026/01/29 23:20:46
15575,1694.23,17710.9,-2292.63,2026/01/29 23:20:46
15576,1694.34,17694.5,-2302.8,2026/01/29 23:20:46
15577,1694.45,17001.2,-2335.69,2026/01/29 23:20:46
15578,1694.56,16198.3,-2263.33,2026/01/29 23:20:46
15579,1694.67,15115.9,-2347.45,2026/01/29 23:20:46
15580,1694.78,14616.2,-2381.04,2026/01/29 23:20:46
15581,1694.89,14386.6,-2361.62,2026/01/29 23:20:46
15582,1695,14399.6,-2367.99,2026/01/29 23:20:47
15583,1695.11,14576.9,-2383.32,2026/01/29 23:20:47
15584,1695.21,14792.6,-2402.36,2026/01/29 23:20:47
15585,1695.32,15957.3,-2491.19,2026/01/29 23:20:47
15586,1695.43,16958.8,-2354.67,2026/01/29 23:20:47
15587,1695.54,17172.6,-2358.55,2026/01/29 23:20:47
15588,1695.65,17585.8,-2308.43,2026/01/29 23:20:47
15589,1695.76,17656.5,-2304.98,2026/01/29 23:20:47
15590,1695.87,17671.2,-2305.35,2026/01/29 23:20:47
15591,1695.98,17686.6,-2307.71,2026/01/29 23:20:48
15592,1696.09,17694.4,-2310.67,2026/01/29 23:20:48
15593,1696.2,17703.1,-2309.67,2026/01/29 23:20:48
15594,1696.31,17692.7,-2312.65,2026/01/29 23:20:48
15595,1696.41,17683.9,-2318.47,2026/01/29 23:20:48
15596,1696.52,17665.4,-2325.02,2026/01/29 23:20:48
15597,1696.63,16985.7,-2310.08,2026/01/29 23:20:48
15598,1696.74,16256.3,-2276.22,2026/01/29 23:20:48
15599,1696.85,15039.2,-2322.41,2026/01/29 23:20:48
15600,1696.96,14235.2,-2303.55,2026/01/29 23:20:49
15601,1697.07,13961.6,-2300.7,2026/01/29 23:20:49
15602,1697.18,13938.9,-2305.36,2026/01/29 23:20:49
15603,1697.29,13971.8,-2325.55,2026/01/29 23:20:49
15604,1697.4,14345.8,-2402.83,2026/01/29 23:20:49
15605,1697.5,15767.2,-2496.97,2026/01/29 23:20:49
15606,1697.61,16934.9,-2346.59,2026/01/29 23:20:49
15607,1697.72,17117.7,-2364.47,2026/01/29 23:20:49
15608,1697.83,17473.5,-2330.06,2026/01/29 23:20:49
15609,1697.94,17633.1,-2301.39,2026/01/29 23:20:49
15610,1698.05,17669.3,-2305,2026/01/29 23:20:50
15611,1698.16,17681.1,-2308.8,2026/01/29 23:20:50
15612,1698.27,17688.7,-2313.65,2026/01/29 23:20:50
15613,1698.37,17698.1,-2311.85,2026/01/29 23:20:50
15614,1698.48,17699.3,-2317.09,2026/01/29 23:20:50
15615,1698.59,17671.9,-2319.45,2026/01/29 23:20:50
15616,1698.7,17636.3,-2328.06,2026/01/29 23:20:50
15617,1698.81,16987.7,-2312.79,2026/01/29 23:20:50
15618,1698.92,16199.6,-2302.19,2026/01/29 23:20:50
15619,1699.03,15078.3,-2325.46,2026/01/29 23:20:51
15620,1699.13,14134.1,-2304.83,2026/01/29 23:20:51
15621,1699.25,13936.6,-2307.57,2026/01/29 23:20:51
15622,1699.35,13817.8,-2264.35,2026/01/29 23:20:51
15623,1699.46,13662,-2217.65,2026/01/29 23:20:51
15624,1699.57,13812.6,-2292.25,2026/01/29 23:20:51
15625,1699.68,14477.3,-2413.16,2026/01/29 23:20:51
15626,1699.79,15676.8,-2540.46,2026/01/29 23:20:51
15627,1699.9,16448,-2474.05,2026/01/29 23:20:51
15628,1700.01,16653.2,-2458.85,2026/01/29 23:20:52
15629,1700.12,16999.8,-2410.6,2026/01/29 23:20:52
15630,1700.23,17109.1,-2381.4,2026/01/29 23:20:52
15631,1700.34,17130.3,-2382.2,2026/01/29 23:20:52
15632,1700.45,17149.7,-2382.23,2026/01/29 23:20:52
15633,1700.55,17172.4,-2376.29,2026/01/29 23:20:52
15634,1700.66,17163.4,-2379.49,2026/01/29 23:20:52
15635,1700.77,17165.7,-2385.26,2026/01/29 23:20:52
15636,1700.88,17138.3,-2370.56,2026/01/29 23:20:52
15637,1700.99,16661.9,-2463.28,2026/01/29 23:20:53
15638,1701.1,16228,-2358.27,2026/01/29 23:20:53
15639,1701.2,15131.5,-2329.39,2026/01/29 23:20:53
15640,1701.31,14045.5,-2297.39,2026/01/29 23:20:53
15641,1701.42,13723.2,-2248.54,2026/01/29 23:20:53
15642,1701.53,13708.6,-2259.16,2026/01/29 23:20:53
15643,1701.64,13870.2,-2337.72,2026/01/29 23:20:53
15644,1701.75,14403.4,-2399.53,2026/01/29 23:20:53
15645,1701.86,15501.1,-2557.82,2026/01/29 23:20:53
15646,1701.97,16425.6,-2484.13,2026/01/29 23:20:54
15647,1702.08,16755.4,-2434.16,2026/01/29 23:20:54
15648,1702.19,17196.2,-2358.07,2026/01/29 23:20:54
15649,1702.29,17122.4,-2369.96,2026/01/29 23:20:54
15650,1702.4,17127.8,-2364.31,2026/01/29 23:20:54
15651,1702.51,17132.8,-2368.29,2026/01/29 23:20:54
15652,1702.62,17135.3,-2368.74,2026/01/29 23:20:54
15653,1702.73,17134.5,-2370.96,2026/01/29 23:20:54
15654,1702.84,17109,-2379.88,2026/01/29 23:20:54
15655,1702.94,17119.8,-2367.99,2026/01/29 23:20:54
15656,1703.05,16495.8,-2451.67,2026/01/29 23:20:55
15657,1703.16,15949.8,-2313.93,2026/01/29 23:20:55
15658,1703.27,14658.6,-2322.57,2026/01/29 23:20:55
15659,1703.38,13955.4,-2312.46,2026/01/29 23:20:55
15660,1703.49,13766.9,-2308.13,2026/01/29 23:20:55
15661,1703.6,13658.3,-2283.19,2026/01/29 23:20:55
15662,1703.71,13701.6,-2292.7,2026/01/29 23:20:55
15663,1703.82,14146.9,-2401.29,2026/01/29 23:20:55
15664,1703.92,14799.8,-2446.08,2026/01/29 23:20:55
15665,1704.04,16126.5,-2501.4,2026/01/29 23:20:56
15666,1704.14,16442.9,-2491.93,2026/01/29 23:20:56
15667,1704.25,16774.1,-2436.8,2026/01/29 23:20:56
15668,1704.36,17123.8,-2352.46,2026/01/29 23:20:56
15669,1704.47,17055.8,-2393.66,2026/01/29 23:20:56
15670,1704.58,17056,-2395.56,2026/01/29 23:20:56
15671,1704.69,17050.9,-2395.33,2026/01/29 23:20:56
15672,1704.8,17060.5,-2397.42,2026/01/29 23:20:56
15673,1704.9,17064.5,-2395.63,2026/01/29 23:20:56
15674,1705.01,17069.5,-2396.71,2026/01/29 23:20:57
15675,1705.12,17043.3,-2403.9,2026/01/29 23:20:57
15676,1705.23,16886.8,-2407.1,2026/01/29 23:20:57
15677,1705.34,16123.7,-2424.21,2026/01/29 23:20:57
15678,1705.45,14981.2,-2344.85,2026/01/29 23:20:57
15679,1705.55,14020.8,-2319.36,2026/01/29 23:20:57
15680,1705.66,13635.6,-2277.41,2026/01/29 23:20:57
15681,1705.78,13686.8,-2302.91,2026/01/29 23:20:57
15682,1705.88,14059.5,-2397.04,2026/01/29 23:20:57
15683,1705.99,14602.5,-2405.99,2026/01/29 23:20:58
15684,1706.1,15424,-2577.27,2026/01/29 23:20:58
15685,1706.21,16333.5,-2490.76,2026/01/29 23:20:58
15686,1706.32,16693.3,-2435.96,2026/01/29 23:20:58
15687,1706.43,17188.9,-2348.6,2026/01/29 23:20:58
15688,1706.54,17068.7,-2378.11,2026/01/29 23:20:58
15689,1706.65,17092.7,-2376.33,2026/01/29 23:20:58
15690,1706.76,17113.1,-2380.56,2026/01/29 23:20:58
15691,1706.86,17098,-2378.4,2026/01/29 23:20:58
15692,1706.97,17103.1,-2379.09,2026/01/29 23:20:59
15693,1707.08,17070.3,-2391.8,2026/01/29 23:20:59
15694,1707.19,17103.3,-2384.73,2026/01/29 23:20:59
15695,1707.3,16810.4,-2404,2026/01/29 23:20:59
15696,1707.41,16145.3,-2448.98,2026/01/29 23:20:59
15697,1707.52,15291.4,-2338.8,2026/01/29 23:20:59
15698,1707.63,14206.2,-2330.03,2026/01/29 23:20:59
15699,1707.73,13611,-2271.26,2026/01/29 23:20:59
15700,1707.84,13488.9,-2281.17,2026/01/29 23:20:59
15701,1707.95,13754.5,-2389.23,2026/01/29 23:20:59
15702,1708.06,14414.1,-2420.37,2026/01/29 23:21:00
15703,1708.17,15598,-2543.57,2026/01/29 23:21:00
15704,1708.28,16312.9,-2492.23,2026/01/29 23:21:00
15705,1708.39,16641,-2443.89,2026/01/29 23:21:00
15706,1708.5,17098.1,-2386.6,2026/01/29 23:21:00
15707,1708.61,16977.1,-2399.47,2026/01/29 23:21:00
15708,1708.72,17006.5,-2408.37,2026/01/29 23:21:00
15709,1708.83,17024.5,-2408.24,2026/01/29 23:21:00
15710,1708.93,17026.4,-2408.8,2026/01/29 23:21:00
15711,1709.04,16988.7,-2422.42,2026/01/29 23:21:01
15712,1709.15,16986.3,-2408.12,2026/01/29 23:21:01
15713,1709.26,16487.3,-2459.74,2026/01/29 23:21:01
15714,1709.37,15936.5,-2456.8,2026/01/29 23:21:01
15715,1709.48,15336.6,-2314.51,2026/01/29 23:21:01
15716,1709.59,14006.9,-2322.47,2026/01/29 23:21:01
15717,1709.69,13460.9,-2273.25,2026/01/29 23:21:01
15718,1709.8,13490.5,-2318.9,2026/01/29 23:21:01
15719,1709.91,13910.7,-2425.36,2026/01/29 23:21:01
15720,1710.02,14430.7,-2475.77,2026/01/29 23:21:02
15721,1710.13,15740.8,-2521.38,2026/01/29 23:21:02
15722,1710.24,16281.8,-2489.97,2026/01/29 23:21:02
15723,1710.35,16781.9,-2432.46,2026/01/29 23:21:02
15724,1710.46,16948.2,-2388.96,2026/01/29 23:21:02
15725,1710.57,16954.4,-2406.6,2026/01/29 23:21:02
15726,1710.67,16988.7,-2413.58,2026/01/29 23:21:02
15727,1710.79,17003.4,-2413.33,2026/01/29 23:21:02
15728,1710.89,17007.9,-2414.6,2026/01/29 23:21:02
15729,1711,16981.9,-2423.9,2026/01/29 23:21:03
15730,1711.11,16970.1,-2424.75,2026/01/29 23:21:03
15731,1711.22,16562.4,-2433.15,2026/01/29 23:21:03
15732,1711.33,15768.8,-2447.6,2026/01/29 23:21:03
15733,1711.44,14546.9,-2386.1,2026/01/29 23:21:03
15734,1711.55,13837.4,-2346.41,2026/01/29 23:21:03
15735,1711.66,13590.9,-2346.65,2026/01/29 23:21:03
15736,1711.76,13834.5,-2418.82,2026/01/29 23:21:03
15737,1711.87,14283.8,-2468.62,2026/01/29 23:21:03
15738,1711.98,15553.3,-2551.85,2026/01/29 23:21:04
15739,1712.09,16278,-2498.02,2026/01/29 23:21:04
15740,1712.2,16725.5,-2433.42,2026/01/29 23:21:04
15741,1712.31,17043.2,-2365.92,2026/01/29 23:21:04
15742,1712.42,17018.4,-2393.31,2026/01/29 23:21:04
15743,1712.53,17048.1,-2396.14,2026/01/29 23:21:04
15744,1712.64,17063.4,-2397.83,2026/01/29 23:21:04
15745,1712.75,17063.9,-2401.64,2026/01/29 23:21:04
15746,1712.85,17009.1,-2409.02,2026/01/29 23:21:04
15747,1712.96,17019.5,-2405.23,2026/01/29 23:21:05
15748,1713.07,16522.1,-2442.09,2026/01/29 23:21:05
15749,1713.18,15826.8,-2465.05,2026/01/29 23:21:05
15750,1713.29,15281.9,-2365.98,2026/01/29 23:21:05
15751,1713.4,14159.2,-2386.72,2026/01/29 23:21:05
15752,1713.51,13568.5,-2328.65,2026/01/29 23:21:05
15753,1713.62,13563.6,-2344.95,2026/01/29 23:21:05
15754,1713.73,13918.8,-2428.61,2026/01/29 23:21:05
15755,1713.83,14294.6,-2472.12,2026/01/29 23:21:05
15756,1713.94,15487.7,-2557.88,2026/01/29 23:21:05
15757,1714.05,16220.8,-2503.06,2026/01/29 23:21:06
15758,1714.16,16747.7,-2444.25,2026/01/29 23:21:06
15759,1714.27,16923.4,-2409.68,2026/01/29 23:21:06
15760,1714.38,16944.4,-2417.96,2026/01/29 23:21:06
15761,1714.49,16985.7,-2418.1,2026/01/29 23:21:06
15762,1714.6,16968.8,-2421,2026/01/29 23:21:06
15763,1714.7,16987,-2417.84,2026/01/29 23:21:06
15764,1714.81,17005.3,-2417.44,2026/01/29 23:21:06
15765,1714.92,17029.1,-2421.01,2026/01/29 23:21:06
15766,1715.03,16981,-2428.45,2026/01/29 23:21:07
15767,1715.14,16936.4,-2428.17,2026/01/29 23:21:07
15768,1715.25,16248.3,-2464.95,2026/01/29 23:21:07
15769,1715.36,15523.7,-2413.16,2026/01/29 23:21:07
15770,1715.47,14285.1,-2420.15,2026/01/29 23:21:07
15771,1715.58,14033.6,-2414.68,2026/01/29 23:21:07
15772,1715.69,13869.6,-2368.08,2026/01/29 23:21:07
15773,1715.79,13553.2,-2370.51,2026/01/29 23:21:07
15774,1715.9,13889,-2430.63,2026/01/29 23:21:07
15775,1716.01,14339.3,-2557.58,2026/01/29 23:21:08
15776,1716.12,15770.8,-2538.33,2026/01/29 23:21:08
15777,1716.23,16343.1,-2488.64,2026/01/29 23:21:08
15778,1716.34,16964,-2419.59,2026/01/29 23:21:08
15779,1716.45,16916.5,-2422.15,2026/01/29 23:21:08
15780,1716.56,16940.2,-2423.94,2026/01/29 23:21:08
15781,1716.67,16955.1,-2420.93,2026/01/29 23:21:08
15782,1716.78,16957.1,-2421.93,2026/01/29 23:21:08
15783,1716.88,16967.5,-2419.19,2026/01/29 23:21:08
15784,1716.99,16961.5,-2427.46,2026/01/29 23:21:09
15785,1717.1,16940.5,-2433.9,2026/01/29 23:21:09
15786,1717.21,16761.3,-2423.07,2026/01/29 23:21:09
15787,1717.32,15701.3,-2487.94,2026/01/29 23:21:09
15788,1717.42,15036.8,-2375.66,2026/01/29 23:21:09
15789,1717.53,13922.2,-2414.58,2026/01/29 23:21:09
15790,1717.64,13539.1,-2361.83,2026/01/29 23:21:09
15791,1717.75,13344.4,-2355.61,2026/01/29 23:21:09
15792,1717.86,13519.1,-2397.83,2026/01/29 23:21:09
15793,1717.97,13908.2,-2458.69,2026/01/29 23:21:10
15794,1718.08,15021.1,-2594.21,2026/01/29 23:21:10
15795,1718.19,16092.6,-2516.17,2026/01/29 23:21:10
15796,1718.3,16664.7,-2446.42,2026/01/29 23:21:10
15797,1718.41,16860.2,-2418.29,2026/01/29 23:21:10
15798,1718.52,16896.7,-2432.14,2026/01/29 23:21:10
15799,1718.62,16916.4,-2429.86,2026/01/29 23:21:10
15800,1718.73,16920.5,-2430.81,2026/01/29 23:21:10
15801,1718.84,16901.5,-2425.17,2026/01/29 23:21:10
15802,1718.95,16932.4,-2429.88,2026/01/29 23:21:10
15803,1719.06,16910.8,-2424.26,2026/01/29 23:21:11
15804,1719.16,16872.5,-2437.72,2026/01/29 23:21:11
15805,1719.27,16829.2,-2429.63,2026/01/29 23:21:11
15806,1719.38,16139.7,-2468.32,2026/01/29 23:21:11
15807,1719.49,15435.9,-2471.12,2026/01/29 23:21:11
15808,1719.6,14605.1,-2429.71,2026/01/29 23:21:11
15809,1719.71,13946.6,-2442.89,2026/01/29 23:21:11
15810,1719.82,13815.5,-2436.42,2026/01/29 23:21:11
15811,1719.92,13862.8,-2447.44,2026/01/29 23:21:11
15812,1720.03,13977.7,-2525.16,2026/01/29 23:21:12
15813,1720.14,14876,-2636.58,2026/01/29 23:21:12
15814,1720.25,16129.8,-2521.99,2026/01/29 23:21:12
15815,1720.36,16866.2,-2432.24,2026/01/29 23:21:12
15816,1720.47,16966,-2425.97,2026/01/29 23:21:12
15817,1720.58,17045.9,-2419.75,2026/01/29 23:21:12
15818,1720.69,17077.7,-2415.27,2026/01/29 23:21:12
15819,1720.8,17076.2,-2415.82,2026/01/29 23:21:12
15820,1720.91,17102.5,-2404.61,2026/01/29 23:21:12
15821,1721.01,17108.5,-2406.55,2026/01/29 23:21:13
15822,1721.12,17125.7,-2403.49,2026/01/29 23:21:13
15823,1721.23,17139,-2401.89,2026/01/29 23:21:13
15824,1721.34,17161.9,-2398.26,2026/01/29 23:21:13
15825,1721.45,17192.7,-2396.65,2026/01/29 23:21:13
15826,1721.56,17219,-2395.85,2026/01/29 23:21:13
15827,1721.66,17254.8,-2385.48,2026/01/29 23:21:13
15828,1721.77,17279.7,-2375.47,2026/01/29 23:21:13
15829,1721.88,17281.7,-2374.47,2026/01/29 23:21:13
15830,1721.99,17283.6,-2378.13,2026/01/29 23:21:14
15831,1722.1,17287.6,-2375.55,2026/01/29 23:21:14
15832,1722.21,17291.5,-2377.92,2026/01/29 23:21:14
15833,1722.31,17292,-2376.94,2026/01/29 23:21:14
15834,1722.42,17301.8,-2374.31,2026/01/29 23:21:14
15835,1722.53,17300.3,-2378.81,2026/01/29 23:21:14
15836,1722.64,17306.7,-2375.45,2026/01/29 23:21:14
15837,1722.75,17306.6,-2377.84,2026/01/29 23:21:14
15838,1722.86,17309.5,-2376.42,2026/01/29 23:21:14
15839,1722.97,17313.2,-2376.52,2026/01/29 23:21:15
15840,1723.07,17309.4,-2378.87,2026/01/29 23:21:15
15841,1723.18,17318.9,-2376.23,2026/01/29 23:21:15
15842,1723.29,17317.1,-2377.83,2026/01/29 23:21:15
15843,1723.4,17321.6,-2376.69,2026/01/29 23:21:15
15844,1723.51,17321.3,-2376.94,2026/01/29 23:21:15
15845,1723.62,17322.9,-2377.78,2026/01/29 23:21:15
15846,1723.72,17328.2,-2375.74,2026/01/29 23:21:15
15847,1723.83,17324.4,-2378.24,2026/01/29 23:21:15
15848,1723.94,17331.3,-2377.68,2026/01/29 23:21:15
15849,1724.05,17325.6,-2377.77,2026/01/29 23:21:16
15850,1724.16,17320.2,-2380.35,2026/01/29 23:21:16
15851,1724.27,17319.5,-2377.35,2026/01/29 23:21:16
15852,1724.37,17316.5,-2380.76,2026/01/29 23:21:16
15853,1724.48,17322.2,-2380.98,2026/01/29 23:21:16
15854,1724.59,17319.5,-2380.28,2026/01/29 23:21:16
15855,1724.7,17322.3,-2381.07,2026/01/29 23:21:16
15856,1724.81,17325.5,-2379.93,2026/01/29 23:21:16
15857,1724.92,17326.8,-2380.51,2026/01/29 23:21:16
15858,1725.03,17329.1,-2379.56,2026/01/29 23:21:17
15859,1725.14,17328.7,-2381.04,2026/01/29 23:21:17
15860,1725.25,17333.2,-2379.69,2026/01/29 23:21:17
15861,1725.35,17331.8,-2380.81,2026/01/29 23:21:17
15862,1725.46,17336.1,-2380.51,2026/01/29 23:21:17
15863,1725.57,17336.6,-2380.62,2026/01/29 23:21:17
15864,1725.68,17337.1,-2380.37,2026/01/29 23:21:17
15865,1725.79,17339.5,-2381.03,2026/01/29 23:21:17
15866,1725.9,17340.4,-2380.88,2026/01/29 23:21:17
15867,1726.01,17343.9,-2379.73,2026/01/29 23:21:18
15868,1726.11,17340.7,-2382.02,2026/01/29 23:21:18
15869,1726.22,17345.3,-2380.79,2026/01/29 23:21:18
15870,1726.33,17344.1,-2382.57,2026/01/29 23:21:18
15871,1726.44,17347.2,-2379.21,2026/01/29 23:21:18
15872,1726.55,17348.1,-2382.02,2026/01/29 23:21:18
15873,1726.66,17346.6,-2381.35,2026/01/29 23:21:18
15874,1726.76,17352.5,-2381.17,2026/01/29 23:21:18
15875,1726.87,17349.1,-2381.51,2026/01/29 23:21:18
15876,1726.98,17354.1,-2379.53,2026/01/29 23:21:19
15877,1727.09,17351.9,-2382.77,2026/01/29 23:21:19
15878,1727.2,17354.4,-2380.42,2026/01/29 23:21:19
15879,1727.31,17356.4,-2381.79,2026/01/29 23:21:19
15880,1727.42,17354.6,-2380.33,2026/01/29 23:21:19
15881,1727.52,17359.1,-2381.71,2026/01/29 23:21:19
15882,1727.63,17355.6,-2382.35,2026/01/29 23:21:19
15883,1727.74,17361.2,-2379.85,2026/01/29 23:21:19
15884,1727.85,17358.1,-2383.77,2026/01/29 23:21:19
15885,1727.96,17363.5,-2380.79,2026/01/29 23:21:20
15886,1728.07,17360.2,-2383.69,2026/01/29 23:21:20
15887,1728.18,17364.5,-2380.96,2026/01/29 23:21:20
15888,1728.29,17364,-2383.09,2026/01/29 23:21:20
15889,1728.4,17366,-2381.13,2026/01/29 23:21:20
15890,1728.51,17366.2,-2383.4,2026/01/29 23:21:20
15891,1728.62,17366,-2381.95,2026/01/29 23:21:20
15892,1728.72,17371.3,-2380.79,2026/01/29 23:21:20
15893,1728.83,17366.4,-2384.26,2026/01/29 23:21:20
15894,1728.94,17372.1,-2381.73,2026/01/29 23:21:20
15895,1729.05,17368.8,-2383.41,2026/01/29 23:21:21
15896,1729.16,17372.6,-2382.47,2026/01/29 23:21:21
15897,1729.27,17374,-2383.04,2026/01/29 23:21:21
15898,1729.37,17371,-2384.48,2026/01/29 23:21:21
15899,1729.48,17377.3,-2382.55,2026/01/29 23:21:21
15900,1729.59,17372.6,-2384.27,2026/01/29 23:21:21
15901,1729.7,17379.8,-2382.97,2026/01/29 23:21:21
15902,1729.81,17374.9,-2383.78,2026/01/29 23:21:21
15903,1729.92,17379.9,-2382.69,2026/01/29 23:21:21
15904,1730.03,17379.3,-2383.78,2026/01/29 23:21:22
15905,1730.13,17380.4,-2384.27,2026/01/29 23:21:22
15906,1730.25,17382.3,-2382.39,2026/01/29 23:21:22
15907,1730.35,17381.2,-2384.75,2026/01/29 23:21:22
15908,1730.46,17386.5,-2382.55,2026/01/29 23:21:22
15909,1730.57,17381.7,-2384.28,2026/01/29 23:21:22
15910,1730.68,17388.5,-2383.54,2026/01/29 23:21:22
15911,1730.79,17384.6,-2383.35,2026/01/29 23:21:22
15912,1730.9,17389.7,-2383.76,2026/01/29 23:21:22
15913,1731.01,17388.4,-2382.83,2026/01/29 23:21:23
15914,1731.11,17388.5,-2385.19,2026/01/29 23:21:23
15915,1731.22,17394.4,-2382.07,2026/01/29 23:21:23
15916,1731.33,17389.4,-2382.95,2026/01/29 23:21:23
15917,1731.44,17395.4,-2383.5,2026/01/29 23:21:23
15918,1731.55,17393.1,-2383.3,2026/01/29 23:21:23
15919,1731.66,17396.1,-2383.57,2026/01/29 23:21:23
15920,1731.77,17395.2,-2382.69,2026/01/29 23:21:23
15921,1731.88,17398.1,-2384.02,2026/01/29 23:21:23
15922,1731.99,17397.6,-2382.29,2026/01/29 23:21:24
15923,1732.1,17399.4,-2384.21,2026/01/29 23:21:24
15924,1732.2,17401,-2382.04,2026/01/29 23:21:24
15925,1732.31,17397.6,-2384.33,2026/01/29 23:21:24
15926,1732.42,17403.8,-2383.8,2026/01/29 23:21:24
15927,1732.53,17399.3,-2383.83,2026/01/29 23:21:24
15928,1732.64,17405,-2383.55,2026/01/29 23:21:24
15929,1732.75,17402.9,-2383.15,2026/01/29 23:21:24
15930,1732.86,17405.1,-2384.09,2026/01/29 23:21:24
15931,1732.96,17406,-2381.54,2026/01/29 23:21:25
15932,1733.07,17403.2,-2384.64,2026/01/29 23:21:25
15933,1733.18,17409.3,-2383.97,2026/01/29 23:21:25
15934,1733.29,17405.3,-2383.25,2026/01/29 23:21:25
15935,1733.4,17409.1,-2384.06,2026/01/29 23:21:25
15936,1733.51,17409.7,-2381.57,2026/01/29 23:21:25
15937,1733.61,17408.3,-2385.05,2026/01/29 23:21:25
15938,1733.72,17413.4,-2382.17,2026/01/29 23:21:25
15939,1733.83,17408.2,-2383.16,2026/01/29 23:21:25
15940,1733.94,17414.4,-2383,2026/01/29 23:21:25
15941,1734.05,17411.5,-2383.22,2026/01/29 23:21:26
15942,1734.16,17414.1,-2384.27,2026/01/29 23:21:26
15943,1734.26,17414.8,-2382.21,2026/01/29 23:21:26
15944,1734.37,17413.5,-2384.58,2026/01/29 23:21:26
15945,1734.48,17418,-2382.49,2026/01/29 23:21:26
15946,1734.59,17413.4,-2383.41,2026/01/29 23:21:26
15947,1734.7,17420,-2382.72,2026/01/29 23:21:26
15948,1734.81,17416.5,-2383.74,2026/01/29 23:21:26
15949,1734.92,17419.1,-2383.28,2026/01/29 23:21:26
15950,1735.02,17419.5,-2382.26,2026/01/29 23:21:27
15951,1735.13,17418.1,-2384.59,2026/01/29 23:21:27
15952,1735.24,17424.3,-2381.79,2026/01/29 23:21:27
15953,1735.35,17417.4,-2384.59,2026/01/29 23:21:27
15954,1735.46,17425.1,-2381.53,2026/01/29 23:21:27
15955,1735.57,17418.6,-2384.82,2026/01/29 23:21:27
15956,1735.68,17425.5,-2382.17,2026/01/29 23:21:27
15957,1735.79,17422.1,-2384.23,2026/01/29 23:21:27
15958,1735.9,17424.2,-2382.31,2026/01/29 23:21:27
15959,1736,17425.8,-2383.39,2026/01/29 23:21:28
15960,1736.11,17422.1,-2383.94,2026/01/29 23:21:28
15961,1736.22,17427.8,-2381.23,2026/01/29 23:21:28
15962,1736.33,17424.5,-2384.23,2026/01/29 23:21:28
15963,1736.44,17426.9,-2382.63,2026/01/29 23:21:28
15964,1736.54,17429.1,-2384.27,2026/01/29 23:21:28
15965,1736.65,17425.3,-2383.01,2026/01/29 23:21:28
15966,1736.76,17430.1,-2381.78,2026/01/29 23:21:28
15967,1736.87,17427.7,-2385.08,2026/01/29 23:21:28
15968,1736.98,17430,-2381.76,2026/01/29 23:21:29
15969,1737.09,17431.5,-2384,2026/01/29 23:21:29
15970,1737.2,17431,-2382.18,2026/01/29 23:21:29
15971,1737.31,17435,-2383.58,2026/01/29 23:21:29
15972,1737.42,17431.4,-2382.51,2026/01/29 23:21:29
15973,1737.52,17437.5,-2382.4,2026/01/29 23:21:29
15974,1737.63,17436.1,-2383.69,2026/01/29 23:21:29
15975,1737.74,17439,-2382.12,2026/01/29 23:21:29
15976,1737.85,17438.7,-2382.48,2026/01/29 23:21:29
15977,1737.96,17437.9,-2383.33,2026/01/29 23:21:30
15978,1738.07,17442.3,-2380.93,2026/01/29 23:21:30
15979,1738.18,17438.7,-2384.73,2026/01/29 23:21:30
15980,1738.28,17443.2,-2381.56,2026/01/29 23:21:30
15981,1738.39,17439.8,-2381.72,2026/01/29 23:21:30
15982,1738.5,17444.1,-2382.58,2026/01/29 23:21:30
15983,1738.61,17442.4,-2382.19,2026/01/29 23:21:30
15984,1738.72,17444,-2383.29,2026/01/29 23:21:30
15985,1738.83,17444.1,-2381.11,2026/01/29 23:21:30
15986,1738.94,17442.3,-2384.43,2026/01/29 23:21:30
15987,1739.05,17439.3,-2381.3,2026/01/29 23:21:31
15988,1739.16,17436.7,-2384.02,2026/01/29 23:21:31
15989,1739.27,17403.4,-2386.39,2026/01/29 23:21:31
15990,1739.37,17316.8,-2387.06,2026/01/29 23:21:31
15991,1739.48,16918.1,-2381.78,2026/01/29 23:21:31
15992,1739.59,16461.1,-2399.95,2026/01/29 23:21:31
15993,1739.7,15835.9,-2475.16,2026/01/29 23:21:31
15994,1739.81,15457.9,-2447.66,2026/01/29 23:21:31
15995,1739.92,14463.5,-2544.52,2026/01/29 23:21:31
15996,1740.03,14132.5,-2531.75,2026/01/29 23:21:32
15997,1740.13,13941.5,-2492.17,2026/01/29 23:21:32
15998,1740.25,13880.5,-2488.04,2026/01/29 23:21:32
15999,1740.35,13954.2,-2507.89,2026/01/29 23:21:32
16000,1740.46,13945.7,-2515.27,2026/01/29 23:21:32
16001,1740.57,13907.8,-2503.74,2026/01/29 23:21:32
16002,1740.68,13879.4,-2493.78,2026/01/29 23:21:32
16003,1740.79,13863.9,-2485.98,2026/01/29 23:21:32
16004,1740.9,13849.9,-2490.61,2026/01/29 23:21:32
16005,1741.01,13819.9,-2481.46,2026/01/29 23:21:33
16006,1741.12,13782.8,-2472.09,2026/01/29 23:21:33
16007,1741.23,13794,-2473.61,2026/01/29 23:21:33
16008,1741.33,13837,-2516.29,2026/01/29 23:21:33
16009,1741.44,13843.7,-2562.07,2026/01/29 23:21:33
16010,1741.55,13837.6,-2577.05,2026/01/29 23:21:33
16011,1741.66,13813.2,-2592.4,2026/01/29 23:21:33
16012,1741.77,14599.3,-2808.41,2026/01/29 23:21:33
16013,1741.88,15904.4,-2711.92,2026/01/29 23:21:33
16014,1741.99,16819.9,-2675.89,2026/01/29 23:21:34
16015,1742.1,16874.3,-2626.06,2026/01/29 23:21:34
16016,1742.21,17118.4,-2613.78,2026/01/29 23:21:34
16017,1742.32,17200.6,-2605.64,2026/01/29 23:21:34
16018,1742.43,17272.9,-2598.52,2026/01/29 23:21:34
16019,1742.53,17295.8,-2597.12,2026/01/29 23:21:34
16020,1742.64,17289.3,-2596.34,2026/01/29 23:21:34
16021,1742.75,17333.4,-2586.41,2026/01/29 23:21:34
16022,1742.86,17251.2,-2588.6,2026/01/29 23:21:34
16023,1742.97,16764.9,-2527.27,2026/01/29 23:21:35
16024,1743.08,16196.8,-2595.84,2026/01/29 23:21:35
16025,1743.19,15923.1,-2626.58,2026/01/29 23:21:35
16026,1743.3,15560.2,-2619.68,2026/01/29 23:21:35
16027,1743.41,14822.7,-2563.91,2026/01/29 23:21:35
16028,1743.52,14042.4,-2512.68,2026/01/29 23:21:35
16029,1743.62,13962.9,-2491.84,2026/01/29 23:21:35
16030,1743.74,13920.2,-2498.59,2026/01/29 23:21:35
16031,1743.84,13911.3,-2504.83,2026/01/29 23:21:35
16032,1743.95,13903.8,-2542.31,2026/01/29 23:21:35
16033,1744.06,13839.5,-2591.01,2026/01/29 23:21:36
16034,1744.17,14902.5,-2732.94,2026/01/29 23:21:36
16035,1744.28,16209.6,-2635.16,2026/01/29 23:21:36
16036,1744.39,16646.9,-2489.77,2026/01/29 23:21:36
16037,1744.5,17055.1,-2602.01,2026/01/29 23:21:36
16038,1744.61,17262.1,-2575.19,2026/01/29 23:21:36
16039,1744.72,17317.1,-2568.96,2026/01/29 23:21:36
16040,1744.83,17346.1,-2565.99,2026/01/29 23:21:36
16041,1744.93,17361.3,-2564.7,2026/01/29 23:21:36
16042,1745.04,17357,-2565.59,2026/01/29 23:21:37
16043,1745.15,17305,-2565.08,2026/01/29 23:21:37
16044,1745.26,16985,-2458.09,2026/01/29 23:21:37
16045,1745.37,16676.8,-2474.19,2026/01/29 23:21:37
16046,1745.48,16112.5,-2635.91,2026/01/29 23:21:37
16047,1745.58,15740.5,-2600.6,2026/01/29 23:21:37
16048,1745.69,14639.2,-2507.88,2026/01/29 23:21:37
16049,1745.8,14317.5,-2621.57,2026/01/29 23:21:37
16050,1745.91,14449.1,-2636.59,2026/01/29 23:21:37
16051,1746.02,13987.8,-2496.14,2026/01/29 23:21:38
16052,1746.13,13894.9,-2484.11,2026/01/29 23:21:38
16053,1746.24,13907.3,-2547.63,2026/01/29 23:21:38
16054,1746.35,13896.5,-2656.62,2026/01/29 23:21:38
16055,1746.46,15846.3,-2715.83,2026/01/29 23:21:38
16056,1746.56,16855.4,-2609.67,2026/01/29 23:21:38
16057,1746.68,17200,-2534.67,2026/01/29 23:21:38
16058,1746.78,17247.3,-2563.86,2026/01/29 23:21:38
16059,1746.89,17390.2,-2536.52,2026/01/29 23:21:38
16060,1747,17410.6,-2530.03,2026/01/29 23:21:39
16061,1747.11,17362.7,-2536.68,2026/01/29 23:21:39
16062,1747.22,17370.4,-2530.26,2026/01/29 23:21:39
16063,1747.33,16967.2,-2464.42,2026/01/29 23:21:39
16064,1747.44,16567.5,-2488.07,2026/01/29 23:21:39
16065,1747.54,16195.2,-2632.68,2026/01/29 23:21:39
16066,1747.65,15626,-2604.94,2026/01/29 23:21:39
16067,1747.76,14256.9,-2598.13,2026/01/29 23:21:39
16068,1747.87,14021.5,-2607.94,2026/01/29 23:21:39
16069,1747.98,14159.9,-2706.37,2026/01/29 23:21:40
16070,1748.09,14940.1,-2773,2026/01/29 23:21:40
16071,1748.2,16591.5,-2635.96,2026/01/29 23:21:40
16072,1748.31,17279.9,-2535.34,2026/01/29 23:21:40
16073,1748.42,17209.2,-2558.12,2026/01/29 23:21:40
16074,1748.52,17545,-2512.95,2026/01/29 23:21:40
16075,1748.63,17598,-2498.15,2026/01/29 23:21:40
16076,1748.74,17628.2,-2490.53,2026/01/29 23:21:40
16077,1748.85,17635.5,-2492.85,2026/01/29 23:21:40
16078,1748.96,17608.5,-2496.84,2026/01/29 23:21:41
16079,1749.07,17484.3,-2483.3,2026/01/29 23:21:41
16080,1749.18,16943.6,-2464.51,2026/01/29 23:21:41
16081,1749.29,16540.9,-2563.78,2026/01/29 23:21:41
16082,1749.39,15924.5,-2613.69,2026/01/29 23:21:41
16083,1749.5,14932.8,-2669.26,2026/01/29 23:21:41
16084,1749.61,15163.8,-2727.08,2026/01/29 23:21:41
16085,1749.72,16241.6,-2672.77,2026/01/29 23:21:41
16086,1749.83,17154.1,-2553.24,2026/01/29 23:21:41
16087,1749.94,17319.7,-2533.84,2026/01/29 23:21:41
16088,1750.05,17573.1,-2518.74,2026/01/29 23:21:42
16089,1750.16,17781.6,-2477.62,2026/01/29 23:21:42
16090,1750.27,18005.7,-2450.72,2026/01/29 23:21:42
16091,1750.38,18012.2,-2449.51,2026/01/29 23:21:42
16092,1750.49,18022.6,-2447.13,2026/01/29 23:21:42
16093,1750.6,17978.6,-2451.31,2026/01/29 23:21:42
16094,1750.71,17949.6,-2431.65,2026/01/29 23:21:42
16095,1750.82,17680,-2407.08,2026/01/29 23:21:42
16096,1750.92,17249.3,-2420.15,2026/01/29 23:21:42
16097,1751.03,16779.2,-2459.71,2026/01/29 23:21:43
16098,1751.14,16019.9,-2601.98,2026/01/29 23:21:43
16099,1751.25,15548.4,-2626.28,2026/01/29 23:21:43
16100,1751.36,15039,-2702.58,2026/01/29 23:21:43
16101,1751.47,15303.5,-2711.72,2026/01/29 23:21:43
16102,1751.58,15639.5,-2655.61,2026/01/29 23:21:43
16103,1751.69,15921.1,-2654.28,2026/01/29 23:21:43
16104,1751.8,17064.3,-2588.24,2026/01/29 23:21:43
16105,1751.91,17476.8,-2495.49,2026/01/29 23:21:43
16106,1752.02,17636.1,-2520.28,2026/01/29 23:21:44
16107,1752.13,17934.4,-2474.26,2026/01/29 23:21:44
16108,1752.23,18074.2,-2458.05,2026/01/29 23:21:44
16109,1752.34,18073.7,-2454.26,2026/01/29 23:21:44
16110,1752.45,18079.3,-2449.92,2026/01/29 23:21:44
16111,1752.56,18059.3,-2451.9,2026/01/29 23:21:44
16112,1752.67,18027,-2441.2,2026/01/29 23:21:44
16113,1752.78,17850.8,-2436.99,2026/01/29 23:21:44
16114,1752.89,17429.9,-2422.94,2026/01/29 23:21:44
16115,1753,16873,-2446.88,2026/01/29 23:21:45
16116,1753.11,15981.9,-2582.3,2026/01/29 23:21:45
16117,1753.22,15676.1,-2608.01,2026/01/29 23:21:45
16118,1753.32,15647.3,-2654.31,2026/01/29 23:21:45
16119,1753.43,16056,-2664.17,2026/01/29 23:21:45
16120,1753.54,16479.5,-2593.32,2026/01/29 23:21:45
16121,1753.65,16823.9,-2560.34,2026/01/29 23:21:45
16122,1753.76,17313.2,-2510.91,2026/01/29 23:21:45
16123,1753.87,17550.5,-2497.97,2026/01/29 23:21:45
16124,1753.98,17697.3,-2494.06,2026/01/29 23:21:46
16125,1754.09,18058.8,-2468.24,2026/01/29 23:21:46
16126,1754.2,18089.3,-2460.63,2026/01/29 23:21:46
16127,1754.31,18101.3,-2457.81,2026/01/29 23:21:46
16128,1754.42,18103.4,-2452.61,2026/01/29 23:21:46
16129,1754.52,18068.2,-2455.24,2026/01/29 23:21:46
16130,1754.63,18113.4,-2448.27,2026/01/29 23:21:46
16131,1754.74,17986.5,-2423.07,2026/01/29 23:21:46
16132,1754.85,17457.4,-2384.76,2026/01/29 23:21:46
16133,1754.96,17389.6,-2424.16,2026/01/29 23:21:47
16134,1755.07,17155.3,-2429.95,2026/01/29 23:21:47
16135,1755.18,17086.4,-2433.99,2026/01/29 23:21:47
16136,1755.29,17097.1,-2431.92,2026/01/29 23:21:47
16137,1755.39,17217.2,-2439.7,2026/01/29 23:21:47
16138,1755.5,17337.5,-2437.69,2026/01/29 23:21:47
16139,1755.61,17537.6,-2437.8,2026/01/29 23:21:47
16140,1755.72,17824.4,-2422.12,2026/01/29 23:21:47
16141,1755.83,17873.3,-2438.8,2026/01/29 23:21:47
16142,1755.94,17913.6,-2447.15,2026/01/29 23:21:47
16143,1756.05,18062.1,-2448.07,2026/01/29 23:21:48
16144,1756.16,18103.6,-2439.1,2026/01/29 23:21:48
16145,1756.26,18097.2,-2436.6,2026/01/29 23:21:48
16146,1756.37,18096.6,-2430.09,2026/01/29 23:21:48
16147,1756.48,18080.2,-2427.36,2026/01/29 23:21:48
16148,1756.59,18043,-2425.91,2026/01/29 23:21:48
16149,1756.7,17947.8,-2408.72,2026/01/29 23:21:48
16150,1756.81,17786.5,-2366.39,2026/01/29 23:21:48
16151,1756.92,17638.6,-2363.06,2026/01/29 23:21:48
16152,1757.03,17526.5,-2355.21,2026/01/29 23:21:49
16153,1757.13,17366.9,-2337.14,2026/01/29 23:21:49
16154,1757.24,17119.4,-2334.33,2026/01/29 23:21:49
16155,1757.35,17299.3,-2413.15,2026/01/29 23:21:49
16156,1757.46,17203,-2424.51,2026/01/29 23:21:49
16157,1757.57,17136.7,-2430.46,2026/01/29 23:21:49
16158,1757.68,17088,-2429.76,2026/01/29 23:21:49
16159,1757.79,17033.8,-2430.81,2026/01/29 23:21:49
16160,1757.89,17267.7,-2430.88,2026/01/29 23:21:49
16161,1758,17460,-2432.79,2026/01/29 23:21:50
16162,1758.11,17797.6,-2421.12,2026/01/29 23:21:50
16163,1758.22,17845.9,-2422.11,2026/01/29 23:21:50
16164,1758.33,17881.6,-2437.08,2026/01/29 23:21:50
16165,1758.44,18011.1,-2433.92,2026/01/29 23:21:50
16166,1758.55,18055.9,-2420.16,2026/01/29 23:21:50
16167,1758.66,17963.9,-2403.64,2026/01/29 23:21:50
16168,1758.77,17823.3,-2392.66,2026/01/29 23:21:50
16169,1758.88,17799.8,-2392.2,2026/01/29 23:21:50
16170,1758.98,17703,-2358.13,2026/01/29 23:21:51
16171,1759.09,17580.4,-2347,2026/01/29 23:21:51
16172,1759.2,17413.4,-2333.35,2026/01/29 23:21:51
16173,1759.31,17168.5,-2322.86,2026/01/29 23:21:51
16174,1759.42,17326.4,-2413.96,2026/01/29 23:21:51
16175,1759.53,17327.3,-2425.75,2026/01/29 23:21:51
16176,1759.64,17403.1,-2427.2,2026/01/29 23:21:51
16177,1759.75,17484.3,-2422.45,2026/01/29 23:21:51
16178,1759.86,17587.5,-2415.24,2026/01/29 23:21:51
16179,1759.96,17471.9,-2351.2,2026/01/29 23:21:52
16180,1760.07,17446.1,-2335.63,2026/01/29 23:21:52
16181,1760.18,17442.8,-2343.02,2026/01/29 23:21:52
16182,1760.29,17479.4,-2345.32,2026/01/29 23:21:52
16183,1760.4,17595,-2342.34,2026/01/29 23:21:52
16184,1760.51,17617.9,-2340.94,2026/01/29 23:21:52
16185,1760.62,17633.2,-2336.63,2026/01/29 23:21:52
16186,1760.73,17635.9,-2337.43,2026/01/29 23:21:52
16187,1760.84,17642,-2332.49,2026/01/29 23:21:52
16188,1760.94,17623.9,-2333.36,2026/01/29 23:21:52
16189,1761.05,17658.1,-2338.95,2026/01/29 23:21:53
16190,1761.16,17669.4,-2324.7,2026/01/29 23:21:53
16191,1761.27,17544.9,-2327.7,2026/01/29 23:21:53
16192,1761.38,17409.7,-2323.59,2026/01/29 23:21:53
16193,1761.49,17195,-2314.75,2026/01/29 23:21:53
16194,1761.59,17007,-2323.27,2026/01/29 23:21:53
16195,1761.7,17295.5,-2400.59,2026/01/29 23:21:53
16196,1761.81,17328,-2412.33,2026/01/29 23:21:53
16197,1761.92,17339.6,-2414.07,2026/01/29 23:21:53
16198,1762.03,17307,-2420.72,2026/01/29 23:21:54
16199,1762.14,17272.1,-2428.05,2026/01/29 23:21:54
16200,1762.25,17268.6,-2431.46,2026/01/29 23:21:54
16201,1762.36,17376.1,-2432.14,2026/01/29 23:21:54
16202,1762.47,17598.6,-2432.38,2026/01/29 23:21:54
16203,1762.57,17495.7,-2348.23,2026/01/29 23:21:54
16204,1762.69,17441.7,-2355.99,2026/01/29 23:21:54
16205,1762.79,17493.2,-2352.5,2026/01/29 23:21:54
16206,1762.9,17588.2,-2344.24,2026/01/29 23:21:54
16207,1763.01,17618.4,-2337.53,2026/01/29 23:21:55
16208,1763.12,17624.8,-2331.4,2026/01/29 23:21:55
16209,1763.23,17623.1,-2327.16,2026/01/29 23:21:55
16210,1763.34,17644.6,-2335.15,2026/01/29 23:21:55
16211,1763.45,17625.6,-2331.74,2026/01/29 23:21:55
16212,1763.56,17661.2,-2336.83,2026/01/29 23:21:55
16213,1763.66,17688.1,-2324.27,2026/01/29 23:21:55
16214,1763.77,17568,-2327.25,2026/01/29 23:21:55
16215,1763.88,17376.2,-2319.3,2026/01/29 23:21:55
16216,1763.99,17108.5,-2309.24,2026/01/29 23:21:56
16217,1764.1,17264.9,-2412.08,2026/01/29 23:21:56
16218,1764.21,17261.8,-2420.33,2026/01/29 23:21:56
16219,1764.32,17314.5,-2429.43,2026/01/29 23:21:56
16220,1764.43,17426.2,-2422.77,2026/01/29 23:21:56
16221,1764.54,17495.3,-2422.83,2026/01/29 23:21:56
16222,1764.64,17607,-2413.42,2026/01/29 23:21:56
16223,1764.75,17418,-2324.56,2026/01/29 23:21:56
16224,1764.86,17462.4,-2334.42,2026/01/29 23:21:56
16225,1764.97,17438.4,-2337.94,2026/01/29 23:21:57
16226,1765.08,17554.1,-2339.03,2026/01/29 23:21:57
16227,1765.19,17620.3,-2335.8,2026/01/29 23:21:57
16228,1765.29,17648.4,-2331.04,2026/01/29 23:21:57
16229,1765.4,17651,-2332.39,2026/01/29 23:21:57
16230,1765.51,17650.5,-2328.32,2026/01/29 23:21:57
16231,1765.62,17623.3,-2333.14,2026/01/29 23:21:57
16232,1765.73,17703.6,-2329.23,2026/01/29 23:21:57
16233,1765.84,17643.5,-2328.56,2026/01/29 23:21:57
16234,1765.95,17491.1,-2320.5,2026/01/29 23:21:57
16235,1766.06,17170.2,-2305.86,2026/01/29 23:21:58
16236,1766.16,17303.5,-2410.25,2026/01/29 23:21:58
16237,1766.27,17223.3,-2423.83,2026/01/29 23:21:58
16238,1766.38,17248.6,-2427.88,2026/01/29 23:21:58
16239,1766.49,17244.4,-2426.76,2026/01/29 23:21:58
16240,1766.6,17329.4,-2432.21,2026/01/29 23:21:58
16241,1766.71,17495.1,-2428.09,2026/01/29 23:21:58
16242,1766.82,17734.5,-2408.16,2026/01/29 23:21:58
16243,1766.93,17407.1,-2331.3,2026/01/29 23:21:58
16244,1767.03,17428,-2344.1,2026/01/29 23:21:59
16245,1767.14,17480,-2345.7,2026/01/29 23:21:59
16246,1767.25,17611.7,-2335.41,2026/01/29 23:21:59
16247,1767.36,17642.1,-2332.78,2026/01/29 23:21:59
16248,1767.47,17657.5,-2331.5,2026/01/29 23:21:59
16249,1767.58,17653.9,-2323.48,2026/01/29 23:21:59
16250,1767.68,17654.5,-2328.69,2026/01/29 23:21:59
16251,1767.79,17660.2,-2334.96,2026/01/29 23:21:59
16252,1767.9,17701.5,-2322.17,2026/01/29 23:21:59
16253,1768.01,17615.9,-2329.97,2026/01/29 23:22:00
16254,1768.12,17428.5,-2316.3,2026/01/29 23:22:00
16255,1768.23,17161.3,-2309.33,2026/01/29 23:22:00
16256,1768.34,17269.6,-2411.32,2026/01/29 23:22:00
16257,1768.44,17300.3,-2419.11,2026/01/29 23:22:00
16258,1768.56,17285.8,-2425.92,2026/01/29 23:22:00
16259,1768.66,17293.1,-2424.4,2026/01/29 23:22:00
16260,1768.77,17320.6,-2423.88,2026/01/29 23:22:00
16261,1768.88,17401.5,-2428.36,2026/01/29 23:22:00
16262,1768.99,17558.9,-2427.09,2026/01/29 23:22:01
16263,1769.1,17724.1,-2342.53,2026/01/29 23:22:01
16264,1769.21,17447.5,-2336.71,2026/01/29 23:22:01
16265,1769.32,17458.8,-2341.02,2026/01/29 23:22:01
16266,1769.43,17492.8,-2344.33,2026/01/29 23:22:01
16267,1769.54,17613.6,-2336.22,2026/01/29 23:22:01
16268,1769.64,17647.1,-2334.71,2026/01/29 23:22:01
16269,1769.75,17657.3,-2331.64,2026/01/29 23:22:01
16270,1769.86,17672.1,-2328.44,2026/01/29 23:22:01
16271,1769.97,17674.3,-2330.22,2026/01/29 23:22:02
16272,1770.08,17663.8,-2328.65,2026/01/29 23:22:02
16273,1770.18,17706.7,-2328.21,2026/01/29 23:22:02
16274,1770.29,17688.3,-2313.07,2026/01/29 23:22:02
16275,1770.4,17585.9,-2323.04,2026/01/29 23:22:02
16276,1770.51,17430,-2320.29,2026/01/29 23:22:02
16277,1770.62,17253.8,-2314.12,2026/01/29 23:22:02
16278,1770.73,17048.6,-2311.43,2026/01/29 23:22:02
16279,1770.84,17302.4,-2402.87,2026/01/29 23:22:02
16280,1770.95,17238.5,-2429.36,2026/01/29 23:22:02
16281,1771.06,17254.8,-2431.91,2026/01/29 23:22:03
16282,1771.17,17370,-2434.19,2026/01/29 23:22:03
16283,1771.28,17400.3,-2420.11,2026/01/29 23:22:03
16284,1771.39,17452.8,-2429.18,2026/01/29 23:22:03
16285,1771.49,17524,-2431.45,2026/01/29 23:22:03
16286,1771.6,17772.4,-2390.9,2026/01/29 23:22:03
16287,1771.71,17442.9,-2335.59,2026/01/29 23:22:03
16288,1771.82,17431.3,-2336.81,2026/01/29 23:22:03
16289,1771.93,17499,-2342.41,2026/01/29 23:22:03
16290,1772.04,17610.6,-2333.43,2026/01/29 23:22:04
16291,1772.15,17660.5,-2334.27,2026/01/29 23:22:04
16292,1772.25,17680.7,-2332.54,2026/01/29 23:22:04
16293,1772.36,17690.8,-2331.7,2026/01/29 23:22:04
16294,1772.47,17698,-2330.95,2026/01/29 23:22:04
16295,1772.58,17701.5,-2330.9,2026/01/29 23:22:04
16296,1772.69,17710.2,-2327.53,2026/01/29 23:22:04
16297,1772.8,17703.1,-2323.04,2026/01/29 23:22:04
16298,1772.91,17712.7,-2318.41,2026/01/29 23:22:04
16299,1773.02,17710.7,-2323.16,2026/01/29 23:22:05
16300,1773.12,17727.8,-2329.4,2026/01/29 23:22:05
16301,1773.23,17734.9,-2326.41,2026/01/29 23:22:05
16302,1773.34,17734.3,-2328.69,2026/01/29 23:22:05
16303,1773.45,17669.6,-2323.66,2026/01/29 23:22:05
16304,1773.56,17604.7,-2335.71,2026/01/29 23:22:05
16305,1773.67,17514.6,-2338.54,2026/01/29 23:22:05
16306,1773.77,17396.5,-2349.91,2026/01/29 23:22:05
16307,1773.88,17397.3,-2354.19,2026/01/29 23:22:05
16308,1773.99,17409.6,-2352.82,2026/01/29 23:22:06
16309,1774.1,17409.7,-2356.65,2026/01/29 23:22:06
16310,1774.21,17413.9,-2354.74,2026/01/29 23:22:06
16311,1774.32,17408.9,-2356.96,2026/01/29 23:22:06
16312,1774.43,17412,-2356.29,2026/01/29 23:22:06
16313,1774.54,17402,-2357.25,2026/01/29 23:22:06
16314,1774.65,17395.1,-2356.33,2026/01/29 23:22:06
16315,1774.75,17391.3,-2358.25,2026/01/29 23:22:06
16316,1774.87,17385.6,-2356.66,2026/01/29 23:22:06
16317,1774.97,17389.7,-2356.37,2026/01/29 23:22:07
16318,1775.08,17347.8,-2361.19,2026/01/29 23:22:07
16319,1775.19,17351.9,-2359.06,2026/01/29 23:22:07
16320,1775.3,17343.2,-2360.41,2026/01/29 23:22:07
16321,1775.41,17334.1,-2359.22,2026/01/29 23:22:07
16322,1775.52,17316,-2358.42,2026/01/29 23:22:07
16323,1775.62,17311.8,-2362.6,2026/01/29 23:22:07
16324,1775.73,17313.7,-2358.39,2026/01/29 23:22:07
16325,1775.84,17310.1,-2359.06,2026/01/29 23:22:07
16326,1775.95,17320.1,-2359.95,2026/01/29 23:22:07
16327,1776.06,17320.8,-2360.45,2026/01/29 23:22:08
16328,1776.17,17324,-2359.08,2026/01/29 23:22:08
16329,1776.28,17324.2,-2360.94,2026/01/29 23:22:08
16330,1776.38,17325.6,-2358.45,2026/01/29 23:22:08
16331,1776.49,17324.9,-2360.5,2026/01/29 23:22:08
16332,1776.6,17326.4,-2359.66,2026/01/29 23:22:08
16333,1776.71,17327.2,-2359.41,2026/01/29 23:22:08
16334,1776.82,17324.3,-2361.06,2026/01/29 23:22:08
16335,1776.93,17330.3,-2359.93,2026/01/29 23:22:08
16336,1777.04,17327.2,-2360.56,2026/01/29 23:22:09
16337,1777.15,17326.6,-2359.11,2026/01/29 23:22:09
16338,1777.26,17311.9,-2358.58,2026/01/29 23:22:09
16339,1777.36,17298.8,-2358.69,2026/01/29 23:22:09
16340,1777.47,17264.8,-2360,2026/01/29 23:22:09
16341,1777.58,17243,-2360.12,2026/01/29 23:22:09
16342,1777.69,17266.5,-2358.73,2026/01/29 23:22:09
16343,1777.8,17301.8,-2361.44,2026/01/29 23:22:09
16344,1777.91,17320.2,-2354.71,2026/01/29 23:22:09
16345,1778.02,17288.7,-2358.23,2026/01/29 23:22:10
16346,1778.13,17267.6,-2358.08,2026/01/29 23:22:10
16347,1778.24,17261.3,-2359.07,2026/01/29 23:22:10
16348,1778.34,17262.5,-2362.12,2026/01/29 23:22:10
16349,1778.45,17271.5,-2357.4,2026/01/29 23:22:10
16350,1778.56,17264.4,-2359.03,2026/01/29 23:22:10
16351,1778.67,17272.1,-2359.65,2026/01/29 23:22:10
16352,1778.78,17272.3,-2360.62,2026/01/29 23:22:10
16353,1778.89,17275.2,-2358.57,2026/01/29 23:22:10
16354,1778.99,17275.3,-2360.23,2026/01/29 23:22:11
16355,1779.1,17274.8,-2359.64,2026/01/29 23:22:11
16356,1779.21,17281,-2358.71,2026/01/29 23:22:11
16357,1779.32,17278.1,-2360.34,2026/01/29 23:22:11
16358,1779.43,17286.4,-2360.01,2026/01/29 23:22:11
16359,1779.53,17289.1,-2359.41,2026/01/29 23:22:11
16360,1779.64,17291.1,-2361.02,2026/01/29 23:22:11
16361,1779.75,17295,-2358.78,2026/01/29 23:22:11
16362,1779.86,17290.1,-2359.62,2026/01/29 23:22:11
16363,1779.97,17293.8,-2359.61,2026/01/29 23:22:12
16364,1780.08,17295.7,-2361.56,2026/01/29 23:22:12
16365,1780.18,17296.7,-2357.81,2026/01/29 23:22:12
16366,1780.29,17297.3,-2360.45,2026/01/29 23:22:12
16367,1780.4,17300.8,-2358.14,2026/01/29 23:22:12
16368,1780.51,17303.1,-2358.63,2026/01/29 23:22:12
16369,1780.62,17301.6,-2360.17,2026/01/29 23:22:12
16370,1780.73,17309.6,-2359.26,2026/01/29 23:22:12
16371,1780.83,17306.1,-2358.87,2026/01/29 23:22:12
16372,1780.94,17310.6,-2358.92,2026/01/29 23:22:12
16373,1781.05,17304.1,-2358.18,2026/01/29 23:22:13
16374,1781.16,17287,-2363.87,2026/01/29 23:22:13
16375,1781.27,17311.3,-2365.81,2026/01/29 23:22:13
16376,1781.38,17314.8,-2364.33,2026/01/29 23:22:13
16377,1781.49,17317.5,-2359.3,2026/01/29 23:22:13
16378,1781.6,17302.3,-2361.33,2026/01/29 23:22:13
16379,1781.7,17290.6,-2359.02,2026/01/29 23:22:13
16380,1781.81,17262.6,-2361.57,2026/01/29 23:22:13
16381,1781.92,17248.7,-2361.32,2026/01/29 23:22:13
16382,1782.03,17249.1,-2358.35,2026/01/29 23:22:14
16383,1782.14,17262.9,-2360.51,2026/01/29 23:22:14
16384,1782.25,17266,-2358.29,2026/01/29 23:22:14
16385,1782.35,17264.5,-2358.79,2026/01/29 23:22:14
16386,1782.46,17269.4,-2357.2,2026/01/29 23:22:14
16387,1782.57,17273.3,-2357.74,2026/01/29 23:22:14
16388,1782.68,17271.1,-2356.63,2026/01/29 23:22:14
16389,1782.79,17279.8,-2358.57,2026/01/29 23:22:14
16390,1782.9,17289.2,-2360.35,2026/01/29 23:22:14
16391,1783,17302.7,-2356.6,2026/01/29 23:22:15
16392,1783.11,17321.3,-2356.74,2026/01/29 23:22:15
16393,1783.22,17337.9,-2354.86,2026/01/29 23:22:15
16394,1783.33,17343.6,-2354.48,2026/01/29 23:22:15
16395,1783.44,17364.1,-2355.36,2026/01/29 23:22:15
16396,1783.55,17332.6,-2353.5,2026/01/29 23:22:15
16397,1783.65,17320,-2355.01,2026/01/29 23:22:15
16398,1783.76,17320.4,-2355.72,2026/01/29 23:22:15
16399,1783.87,17322.3,-2356.04,2026/01/29 23:22:15
16400,1783.98,17316.7,-2355.6,2026/01/29 23:22:16
16401,1784.09,17320.9,-2354.56,2026/01/29 23:22:16
16402,1784.2,17315.4,-2356.82,2026/01/29 23:22:16
16403,1784.3,17319.6,-2353.64,2026/01/29 23:22:16
16404,1784.41,17313.9,-2356.57,2026/01/29 23:22:16
16405,1784.52,17314.3,-2355.63,2026/01/29 23:22:16
16406,1784.63,17319.7,-2355.76,2026/01/29 23:22:16
16407,1784.74,17316,-2357.7,2026/01/29 23:22:16
16408,1784.85,17319.5,-2355.84,2026/01/29 23:22:16
16409,1784.95,17309.1,-2357.29,2026/01/29 23:22:16
16410,1785.06,17306.9,-2359.55,2026/01/29 23:22:17
16411,1785.17,17308.7,-2358.09,2026/01/29 23:22:17
16412,1785.28,17303.3,-2360.12,2026/01/29 23:22:17
16413,1785.39,17316.9,-2357.21,2026/01/29 23:22:17
16414,1785.49,17322.5,-2350.77,2026/01/29 23:22:17
16415,1785.6,17382.9,-2344.89,2026/01/29 23:22:17
16416,1785.71,17384.2,-2346.9,2026/01/29 23:22:17
16417,1785.82,16186,-2330.52,2026/01/29 23:22:17
16418,1785.93,14321.8,-2363.97,2026/01/29 23:22:17
16419,1786.04,13734.3,-2272.67,2026/01/29 23:22:18
16420,1786.15,13360.2,-2202.52,2026/01/29 23:22:18
16421,1786.26,13006.1,-2135.22,2026/01/29 23:22:18
16422,1786.36,12597.7,-2117.07,2026/01/29 23:22:18
16423,1786.47,12654.5,-2142.9,2026/01/29 23:22:18
16424,1786.58,13014.5,-2140.11,2026/01/29 23:22:18
16425,1786.69,13469.6,-2252.36,2026/01/29 23:22:18
16426,1786.8,14354.7,-2441,2026/01/29 23:22:18
16427,1786.91,16037.8,-2607.47,2026/01/29 23:22:18
16428,1787.02,16526.5,-2600.45,2026/01/29 23:22:19
16429,1787.13,16699.3,-2580.64,2026/01/29 23:22:19
16430,1787.23,16745.5,-2579.21,2026/01/29 23:22:19
16431,1787.34,16781.4,-2581.44,2026/01/29 23:22:19
16432,1787.45,16823.9,-2579.32,2026/01/29 23:22:19
16433,1787.56,16849.3,-2579.76,2026/01/29 23:22:19
16434,1787.67,16869.5,-2579.31,2026/01/29 23:22:19
16435,1787.78,16619.9,-2567.37,2026/01/29 23:22:19
16436,1787.89,15039.1,-2346.7,2026/01/29 23:22:19
16437,1788,13538.6,-2283.44,2026/01/29 23:22:20
16438,1788.11,13094.7,-2193.18,2026/01/29 23:22:20
16439,1788.21,12831.5,-2124.81,2026/01/29 23:22:20
16440,1788.32,12592,-2118.08,2026/01/29 23:22:20
16441,1788.43,12567.3,-2127.08,2026/01/29 23:22:20
16442,1788.54,12664.8,-2124.6,2026/01/29 23:22:20
16443,1788.65,12927.4,-2167.55,2026/01/29 23:22:20
16444,1788.76,13402.2,-2350.68,2026/01/29 23:22:20
16445,1788.87,15235,-2532.73,2026/01/29 23:22:20
16446,1788.98,16018.3,-2619.87,2026/01/29 23:22:21
16447,1789.09,16494.3,-2627.65,2026/01/29 23:22:21
16448,1789.2,16563.4,-2575.62,2026/01/29 23:22:21
16449,1789.31,16564.7,-2580.72,2026/01/29 23:22:21
16450,1789.42,16586.1,-2583.27,2026/01/29 23:22:21
16451,1789.53,16618.2,-2583.33,2026/01/29 23:22:21
16452,1789.64,16629.6,-2580.67,2026/01/29 23:22:21
16453,1789.74,16640.5,-2588.57,2026/01/29 23:22:21
16454,1789.85,16402.8,-2579.98,2026/01/29 23:22:21
16455,1789.96,15253.4,-2393.7,2026/01/29 23:22:22
16456,1790.07,13745,-2282.89,2026/01/29 23:22:22
16457,1790.18,13095.9,-2214.22,2026/01/29 23:22:22
16458,1790.29,12838.5,-2139.44,2026/01/29 23:22:22
16459,1790.4,12641.2,-2105.25,2026/01/29 23:22:22
16460,1790.51,12560.5,-2107.71,2026/01/29 23:22:22
16461,1790.62,12477.6,-2115.62,2026/01/29 23:22:22
16462,1790.72,12707.3,-2128.79,2026/01/29 23:22:22
16463,1790.84,13165.7,-2312.76,2026/01/29 23:22:22
16464,1790.95,14598.6,-2551.23,2026/01/29 23:22:22
16465,1791.05,15694.1,-2621.12,2026/01/29 23:22:23
16466,1791.16,16132.9,-2625.53,2026/01/29 23:22:23
16467,1791.27,16514.8,-2620.8,2026/01/29 23:22:23
16468,1791.38,16355.7,-2592,2026/01/29 23:22:23
16469,1791.49,16218.2,-2633.69,2026/01/29 23:22:23
16470,1791.6,16205.6,-2636.07,2026/01/29 23:22:23
16471,1791.71,16236.9,-2641.03,2026/01/29 23:22:23
16472,1791.82,16315.9,-2631.79,2026/01/29 23:22:23
16473,1791.93,15833,-2570.15,2026/01/29 23:22:23
16474,1792.03,14557,-2313.7,2026/01/29 23:22:24
16475,1792.14,13251.8,-2245.98,2026/01/29 23:22:24
16476,1792.25,12923.9,-2176.3,2026/01/29 23:22:24
16477,1792.36,12725.5,-2116.65,2026/01/29 23:22:24
16478,1792.47,12517.1,-2102.89,2026/01/29 23:22:24
16479,1792.58,12595.1,-2113.26,2026/01/29 23:22:24
16480,1792.69,12847.9,-2148.48,2026/01/29 23:22:24
16481,1792.8,13166.8,-2301.29,2026/01/29 23:22:24
16482,1792.91,13846.6,-2414.25,2026/01/29 23:22:24
16483,1793.02,15611,-2574.86,2026/01/29 23:22:25
16484,1793.13,15907.1,-2624.08,2026/01/29 23:22:25
16485,1793.24,16133.3,-2627.01,2026/01/29 23:22:25
16486,1793.34,16113.9,-2619.06,2026/01/29 23:22:25
16487,1793.45,16148.1,-2628.99,2026/01/29 23:22:25
16488,1793.56,16128.2,-2635.76,2026/01/29 23:22:25
16489,1793.67,16133.9,-2642.71,2026/01/29 23:22:25
16490,1793.78,16260.4,-2634.3,2026/01/29 23:22:25
16491,1793.89,15663,-2541.2,2026/01/29 23:22:25
16492,1794,13984.1,-2301.48,2026/01/29 23:22:26
16493,1794.11,13100.1,-2235.88,2026/01/29 23:22:26
16494,1794.22,12850,-2156.4,2026/01/29 23:22:26
16495,1794.33,12645.7,-2100.97,2026/01/29 23:22:26
16496,1794.44,12527.5,-2099.37,2026/01/29 23:22:26
16497,1794.55,12706.4,-2116.92,2026/01/29 23:22:26
16498,1794.66,13015.9,-2228.77,2026/01/29 23:22:26
16499,1794.76,13600.6,-2375.02,2026/01/29 23:22:26
16500,1794.87,15437.6,-2555.89,2026/01/29 23:22:26
16501,1794.98,15692.8,-2614.67,2026/01/29 23:22:27
16502,1795.09,16044.8,-2621.89,2026/01/29 23:22:27
16503,1795.2,16122.5,-2608.85,2026/01/29 23:22:27
16504,1795.31,16092.3,-2633.59,2026/01/29 23:22:27
16505,1795.42,16079.6,-2637.43,2026/01/29 23:22:27
16506,1795.53,16072.5,-2644.97,2026/01/29 23:22:27
16507,1795.64,16079.7,-2648.87,2026/01/29 23:22:27
16508,1795.75,16203.5,-2635.34,2026/01/29 23:22:27
16509,1795.86,15491.3,-2481.18,2026/01/29 23:22:27
16510,1795.97,13693.4,-2281.2,2026/01/29 23:22:28
16511,1796.08,12977.6,-2200.71,2026/01/29 23:22:28
16512,1796.18,12744.6,-2121.37,2026/01/29 23:22:28
16513,1796.29,12549.3,-2095.93,2026/01/29 23:22:28
16514,1796.4,12501.5,-2094.6,2026/01/29 23:22:28
16515,1796.51,12624.3,-2099.04,2026/01/29 23:22:28
16516,1796.62,12721.3,-2107.74,2026/01/29 23:22:28
16517,1796.73,12920.9,-2175.92,2026/01/29 23:22:28
16518,1796.84,13345.6,-2338.41,2026/01/29 23:22:28
16519,1796.95,14270.2,-2481.91,2026/01/29 23:22:28
16520,1797.06,15587.6,-2572.42,2026/01/29 23:22:29
16521,1797.17,15783.3,-2608.25,2026/01/29 23:22:29
16522,1797.27,16089.6,-2621.54,2026/01/29 23:22:29
16523,1797.39,16246.3,-2581.55,2026/01/29 23:22:29
16524,1797.49,16115.8,-2618.28,2026/01/29 23:22:29
16525,1797.6,16117.1,-2622.17,2026/01/29 23:22:29
16526,1797.71,16103.3,-2627.85,2026/01/29 23:22:29
16527,1797.82,16073,-2638.62,2026/01/29 23:22:29
16528,1797.93,16147,-2614.76,2026/01/29 23:22:29
16529,1798.04,15254.7,-2366.7,2026/01/29 23:22:30
16530,1798.15,13339.7,-2227.25,2026/01/29 23:22:30
16531,1798.26,12865.8,-2152.68,2026/01/29 23:22:30
16532,1798.37,12652.1,-2099.99,2026/01/29 23:22:30
16533,1798.48,12682.6,-2100.78,2026/01/29 23:22:30
16534,1798.59,12662.6,-2096.4,2026/01/29 23:22:30
16535,1798.7,12750.4,-2110.71,2026/01/29 23:22:30
16536,1798.8,12880.5,-2160.64,2026/01/29 23:22:30
16537,1798.91,13129.6,-2281.2,2026/01/29 23:22:30
16538,1799.02,13717.6,-2366.74,2026/01/29 23:22:31
16539,1799.13,15462.4,-2535.87,2026/01/29 23:22:31
16540,1799.24,15707.9,-2595.83,2026/01/29 23:22:31
16541,1799.35,16107.2,-2606.62,2026/01/29 23:22:31
16542,1799.46,16054.7,-2599.96,2026/01/29 23:22:31
16543,1799.57,16049.9,-2614.96,2026/01/29 23:22:31
16544,1799.67,16047.6,-2620.19,2026/01/29 23:22:31
16545,1799.78,16033.8,-2626.34,2026/01/29 23:22:31
16546,1799.89,15985.2,-2631.51,2026/01/29 23:22:31
16547,1800,15996.2,-2637.61,2026/01/29 23:22:32
16548,1800.11,16064.3,-2630.58,2026/01/29 23:22:32
16549,1800.22,15596.4,-2555.12,2026/01/29 23:22:32
16550,1800.33,14201.7,-2272.97,2026/01/29 23:22:32
16551,1800.44,13122,-2227.93,2026/01/29 23:22:32
16552,1800.55,12875.1,-2170.54,2026/01/29 23:22:32
16553,1800.66,12679.6,-2105.81,2026/01/29 23:22:32
16554,1800.77,12553.2,-2085.52,2026/01/29 23:22:32
16555,1800.88,12605.9,-2088.25,2026/01/29 23:22:32
16556,1800.99,12716.6,-2099.69,2026/01/29 23:22:33
16557,1801.09,12816.9,-2125.83,2026/01/29 23:22:33
16558,1801.21,13093.4,-2265.49,2026/01/29 23:22:33
16559,1801.31,13754.5,-2361.52,2026/01/29 23:22:33
16560,1801.42,15489.5,-2519.18,2026/01/29 23:22:33
16561,1801.53,15602.5,-2565.89,2026/01/29 23:22:33
16562,1801.64,15911.4,-2591.47,2026/01/29 23:22:33
16563,1801.75,16298.8,-2572.96,2026/01/29 23:22:33
16564,1801.86,16162.8,-2586.59,2026/01/29 23:22:33
16565,1801.97,16166,-2590.05,2026/01/29 23:22:34
16566,1802.08,16161,-2595.39,2026/01/29 23:22:34
16567,1802.19,16114.6,-2592.77,2026/01/29 23:22:34
16568,1802.3,15933.8,-2631.52,2026/01/29 23:22:34
16569,1802.4,15989.5,-2626.45,2026/01/29 23:22:34
16570,1802.52,15562.5,-2559.77,2026/01/29 23:22:34
16571,1802.63,14521.4,-2273.18,2026/01/29 23:22:34
16572,1802.73,13245.6,-2225.86,2026/01/29 23:22:34
16573,1802.84,12901.6,-2182.37,2026/01/29 23:22:34
16574,1802.95,12735.8,-2121.4,2026/01/29 23:22:34
16575,1803.06,12708.4,-2125.04,2026/01/29 23:22:35
16576,1803.17,12884.3,-2189.59,2026/01/29 23:22:35
16577,1803.28,13317.7,-2332.59,2026/01/29 23:22:35
16578,1803.39,13906.4,-2416.58,2026/01/29 23:22:35
16579,1803.5,15434.2,-2554.97,2026/01/29 23:22:35
16580,1803.61,15586,-2588.24,2026/01/29 23:22:35
16581,1803.72,15862.1,-2609.37,2026/01/29 23:22:35
16582,1803.82,16234,-2595.28,2026/01/29 23:22:35
16583,1803.93,15946.8,-2615.46,2026/01/29 23:22:35
16584,1804.04,15950.7,-2623.27,2026/01/29 23:22:36
16585,1804.15,15956.7,-2623.96,2026/01/29 23:22:36
16586,1804.26,15940.1,-2629.1,2026/01/29 23:22:36
16587,1804.37,15899.1,-2638.86,2026/01/29 23:22:36
16588,1804.48,15951.4,-2644.17,2026/01/29 23:22:36
16589,1804.59,15747.8,-2612.02,2026/01/29 23:22:36
16590,1804.7,15231.6,-2379.63,2026/01/29 23:22:36
16591,1804.81,13855,-2306.61,2026/01/29 23:22:36
16592,1804.92,13185.8,-2237.79,2026/01/29 23:22:36
16593,1805.03,12948.4,-2201.09,2026/01/29 23:22:37
16594,1805.14,12717.4,-2106.81,2026/01/29 23:22:37
16595,1805.24,12563.4,-2083.96,2026/01/29 23:22:37
16596,1805.35,12764.4,-2115.35,2026/01/29 23:22:37
16597,1805.46,13000.3,-2218.73,2026/01/29 23:22:37
16598,1805.57,13627.5,-2345.48,2026/01/29 23:22:37
16599,1805.68,15463,-2508.28,2026/01/29 23:22:37
16600,1805.79,15631,-2583.88,2026/01/29 23:22:37
16601,1805.9,15957.7,-2614.97,2026/01/29 23:22:37
16602,1806.01,16009.9,-2602.69,2026/01/29 23:22:38
16603,1806.12,16017.9,-2614.16,2026/01/29 23:22:38
16604,1806.23,16016.4,-2616.94,2026/01/29 23:22:38
16605,1806.33,16011.1,-2621.74,2026/01/29 23:22:38
16606,1806.44,15961.5,-2633.51,2026/01/29 23:22:38
16607,1806.55,15957.1,-2607.36,2026/01/29 23:22:38
16608,1806.66,15443,-2450.85,2026/01/29 23:22:38
16609,1806.77,13742.3,-2286.83,2026/01/29 23:22:38
16610,1806.88,13043.8,-2209.46,2026/01/29 23:22:38
16611,1806.99,12848.3,-2164.27,2026/01/29 23:22:39
16612,1807.1,12705.8,-2115.59,2026/01/29 23:22:39
16613,1807.21,12794.3,-2144.18,2026/01/29 23:22:39
16614,1807.32,12992.1,-2251.77,2026/01/29 23:22:39
16615,1807.43,13576.8,-2341.38,2026/01/29 23:22:39
16616,1807.54,14657.2,-2504.26,2026/01/29 23:22:39
16617,1807.64,15503.3,-2570.28,2026/01/29 23:22:39
16618,1807.76,15752.3,-2592.38,2026/01/29 23:22:39
16619,1807.86,16070,-2618.96,2026/01/29 23:22:39
16620,1807.97,16082.6,-2593.46,2026/01/29 23:22:40
16621,1808.08,16168.6,-2597.73,2026/01/29 23:22:40
16622,1808.19,16148.3,-2606.23,2026/01/29 23:22:40
16623,1808.3,16123.6,-2606.05,2026/01/29 23:22:40
16624,1808.41,15986.6,-2616.1,2026/01/29 23:22:40
16625,1808.52,15919.1,-2614.59,2026/01/29 23:22:40
16626,1808.63,15443.6,-2474.21,2026/01/29 23:22:40
16627,1808.74,13774.8,-2299.38,2026/01/29 23:22:40
16628,1808.85,13050.7,-2201.93,2026/01/29 23:22:40
16629,1808.96,12806.5,-2146.86,2026/01/29 23:22:41
16630,1809.06,12715.6,-2120.73,2026/01/29 23:22:41
16631,1809.17,12859.8,-2172.5,2026/01/29 23:22:41
16632,1809.28,13082,-2289.97,2026/01/29 23:22:41
16633,1809.39,13679.4,-2352.79,2026/01/29 23:22:41
16634,1809.5,15175.4,-2517.03,2026/01/29 23:22:41
16635,1809.61,15498.8,-2573.49,2026/01/29 23:22:41
16636,1809.72,15788.6,-2615.23,2026/01/29 23:22:41
16637,1809.83,16075.3,-2591.56,2026/01/29 23:22:41
16638,1809.94,15923.4,-2622.3,2026/01/29 23:22:41
16639,1810.05,15910.2,-2632.81,2026/01/29 23:22:42
16640,1810.16,15902.4,-2634.94,2026/01/29 23:22:42
16641,1810.27,15849.1,-2645.52,2026/01/29 23:22:42
16642,1810.38,15896.5,-2647.01,2026/01/29 23:22:42
16643,1810.49,15598.9,-2573.54,2026/01/29 23:22:42
16644,1810.59,14559.3,-2283.34,2026/01/29 23:22:42
16645,1810.7,13166.9,-2220.77,2026/01/29 23:22:42
16646,1810.81,12813.9,-2146.17,2026/01/29 23:22:42
16647,1810.92,12675.9,-2111.8,2026/01/29 23:22:42
16648,1811.03,12793.4,-2144.45,2026/01/29 23:22:43
16649,1811.14,12869.7,-2173.27,2026/01/29 23:22:43
16650,1811.25,13017.9,-2261.24,2026/01/29 23:22:43
16651,1811.36,13551.1,-2346.84,2026/01/29 23:22:43
16652,1811.47,14640.7,-2576.49,2026/01/29 23:22:43
16653,1811.58,15431,-2569.46,2026/01/29 23:22:43
16654,1811.69,15638.9,-2599.37,2026/01/29 23:22:43
16655,1811.79,15947.9,-2632.49,2026/01/29 23:22:43
16656,1811.9,15846.8,-2617,2026/01/29 23:22:43
16657,1812.01,15829.8,-2628.77,2026/01/29 23:22:44
16658,1812.12,15817.1,-2634.44,2026/01/29 23:22:44
16659,1812.23,15765.9,-2642.41,2026/01/29 23:22:44
16660,1812.34,15805.5,-2640.54,2026/01/29 23:22:44
16661,1812.45,15518.9,-2543.94,2026/01/29 23:22:44
16662,1812.56,14018.3,-2274.78,2026/01/29 23:22:44
16663,1812.67,13051.2,-2206.91,2026/01/29 23:22:44
16664,1812.78,12793.5,-2148.41,2026/01/29 23:22:44
16665,1812.88,12661.5,-2103.42,2026/01/29 23:22:44
16666,1813,12737.6,-2120.62,2026/01/29 23:22:45
16667,1813.1,12915.8,-2183.18,2026/01/29 23:22:45
16668,1813.21,13306.7,-2317.62,2026/01/29 23:22:45
16669,1813.32,13893,-2445.02,2026/01/29 23:22:45
16670,1813.43,15444.9,-2542.27,2026/01/29 23:22:45
16671,1813.54,15470.4,-2575.7,2026/01/29 23:22:45
16672,1813.65,15830.9,-2616.9,2026/01/29 23:22:45
16673,1813.76,16046.8,-2544.64,2026/01/29 23:22:45
16674,1813.87,15883.2,-2613,2026/01/29 23:22:45
16675,1813.98,15867.3,-2621.06,2026/01/29 23:22:46
16676,1814.09,15853.2,-2624.44,2026/01/29 23:22:46
16677,1814.2,15809,-2637.44,2026/01/29 23:22:46
16678,1814.3,15855.6,-2621.95,2026/01/29 23:22:46
16679,1814.41,15491,-2544.96,2026/01/29 23:22:46
16680,1814.52,13951,-2276.02,2026/01/29 23:22:46
16681,1814.63,13056.4,-2204.52,2026/01/29 23:22:46
16682,1814.74,12816.2,-2158.88,2026/01/29 23:22:46
16683,1814.85,12703.9,-2116.58,2026/01/29 23:22:46
16684,1814.96,12859.8,-2176.03,2026/01/29 23:22:47
16685,1815.07,13276.5,-2331.24,2026/01/29 23:22:47
16686,1815.18,13760,-2390.8,2026/01/29 23:22:47
16687,1815.29,15481.1,-2523.99,2026/01/29 23:22:47
16688,1815.4,15481.5,-2587.51,2026/01/29 23:22:47
16689,1815.51,15873.9,-2609.91,2026/01/29 23:22:47
16690,1815.62,16002.9,-2597.66,2026/01/29 23:22:47
16691,1815.73,16007.7,-2618.39,2026/01/29 23:22:47
16692,1815.83,16016,-2622.74,2026/01/29 23:22:47
16693,1815.94,16029,-2625.39,2026/01/29 23:22:47
16694,1816.05,16042.9,-2624.18,2026/01/29 23:22:48
16695,1816.16,16025.7,-2629.34,2026/01/29 23:22:48
16696,1816.27,16014,-2632.19,2026/01/29 23:22:48
16697,1816.38,15968.9,-2639.05,2026/01/29 23:22:48
16698,1816.49,15963,-2645.83,2026/01/29 23:22:48
16699,1816.6,15757.6,-2595.63,2026/01/29 23:22:48
16700,1816.71,14886.3,-2339.1,2026/01/29 23:22:48
16701,1816.82,13366.8,-2253.69,2026/01/29 23:22:48
16702,1816.92,12967.2,-2205.04,2026/01/29 23:22:48
16703,1817.03,12807.8,-2167.88,2026/01/29 23:22:49
16704,1817.14,12867.7,-2183.95,2026/01/29 23:22:49
16705,1817.25,13217,-2332.71,2026/01/29 23:22:49
16706,1817.36,13908.3,-2443.83,2026/01/29 23:22:49
16707,1817.47,15473.8,-2570.97,2026/01/29 23:22:49
16708,1817.58,15686.1,-2614.13,2026/01/29 23:22:49
16709,1817.69,16136.8,-2597.31,2026/01/29 23:22:49
16710,1817.8,15993.9,-2633.96,2026/01/29 23:22:49
16711,1817.91,16021.2,-2637.49,2026/01/29 23:22:49
16712,1818.02,16020.6,-2642.14,2026/01/29 23:22:50
16713,1818.12,16009.1,-2644.63,2026/01/29 23:22:50
16714,1818.23,15989.3,-2652.4,2026/01/29 23:22:50
16715,1818.34,15952.1,-2655.03,2026/01/29 23:22:50
16716,1818.45,15951.2,-2664.33,2026/01/29 23:22:50
16717,1818.56,15552.8,-2547.74,2026/01/29 23:22:50
16718,1818.67,13725.2,-2304.93,2026/01/29 23:22:50
16719,1818.78,13047.2,-2203.59,2026/01/29 23:22:50
16720,1818.89,12885.3,-2197.17,2026/01/29 23:22:50
16721,1819,12912.5,-2209.58,2026/01/29 23:22:51
16722,1819.11,12976.6,-2235.12,2026/01/29 23:22:51
16723,1819.22,13260.5,-2323.49,2026/01/29 23:22:51
16724,1819.33,13779.4,-2407.78,2026/01/29 23:22:51
16725,1819.44,15479.4,-2564.9,2026/01/29 23:22:51
16726,1819.54,15631.2,-2612.7,2026/01/29 23:22:51
16727,1819.65,16168.3,-2648.34,2026/01/29 23:22:51
16728,1819.76,15999.5,-2626.99,2026/01/29 23:22:51
16729,1819.87,16001.6,-2634.75,2026/01/29 23:22:51
16730,1819.98,16001.9,-2639.1,2026/01/29 23:22:52
16731,1820.09,15995.3,-2640.46,2026/01/29 23:22:52
16732,1820.2,15981.9,-2646.25,2026/01/29 23:22:52
16733,1820.31,15923.4,-2649.98,2026/01/29 23:22:52
16734,1820.42,15971,-2643.08,2026/01/29 23:22:52
16735,1820.53,15532.7,-2540.88,2026/01/29 23:22:52
16736,1820.64,13763.5,-2311.79,2026/01/29 23:22:52
16737,1820.75,13040.2,-2206.24,2026/01/29 23:22:52
16738,1820.86,12885.4,-2200.42,2026/01/29 23:22:52
16739,1820.97,12944.2,-2218.75,2026/01/29 23:22:53
16740,1821.07,13030.9,-2251.41,2026/01/29 23:22:53
16741,1821.18,13533.1,-2333.08,2026/01/29 23:22:53
16742,1821.29,15040.9,-2565.91,2026/01/29 23:22:53
16743,1821.4,15616.6,-2601.89,2026/01/29 23:22:53
16744,1821.51,16169,-2646.07,2026/01/29 23:22:53
16745,1821.62,16063.7,-2636.55,2026/01/29 23:22:53
16746,1821.73,16082.4,-2643.7,2026/01/29 23:22:53
16747,1821.84,16078.5,-2650.05,2026/01/29 23:22:53
16748,1821.95,16076.8,-2651.03,2026/01/29 23:22:53
16749,1822.06,16044.9,-2656.95,2026/01/29 23:22:54
16750,1822.17,15993.6,-2657.27,2026/01/29 23:22:54
16751,1822.27,16012.3,-2659.82,2026/01/29 23:22:54
16752,1822.38,15780.2,-2610.3,2026/01/29 23:22:54
16753,1822.49,15043.1,-2369.72,2026/01/29 23:22:54
16754,1822.6,13473.6,-2269.87,2026/01/29 23:22:54
16755,1822.71,13010.1,-2208.25,2026/01/29 23:22:54
16756,1822.82,12857.9,-2194.22,2026/01/29 23:22:54
16757,1822.93,12916,-2212.45,2026/01/29 23:22:54
16758,1823.04,13311.8,-2337.93,2026/01/29 23:22:55
16759,1823.15,13819.3,-2432.52,2026/01/29 23:22:55
16760,1823.26,15496.4,-2580.86,2026/01/29 23:22:55
16761,1823.37,15823.4,-2625.42,2026/01/29 23:22:55
16762,1823.47,16493.1,-2594.09,2026/01/29 23:22:55
16763,1823.59,16387.1,-2615.66,2026/01/29 23:22:55
16764,1823.69,16372.7,-2622.88,2026/01/29 23:22:55
16765,1823.8,16367.6,-2628.13,2026/01/29 23:22:55
16766,1823.91,16354.3,-2631.94,2026/01/29 23:22:55
16767,1824.02,16275.1,-2628.57,2026/01/29 23:22:56
16768,1824.13,16136.4,-2617.58,2026/01/29 23:22:56
16769,1824.24,15455.4,-2513.95,2026/01/29 23:22:56
16770,1824.35,13642.8,-2302.83,2026/01/29 23:22:56
16771,1824.46,13038.3,-2217.89,2026/01/29 23:22:56
16772,1824.57,12853.5,-2201.95,2026/01/29 23:22:56
16773,1824.67,12840.8,-2201.01,2026/01/29 23:22:56
16774,1824.78,12902.3,-2224.66,2026/01/29 23:22:56
16775,1824.89,13291.7,-2345.59,2026/01/29 23:22:56
16776,1825,14158.6,-2538.42,2026/01/29 23:22:57
16777,1825.11,15514.6,-2593.36,2026/01/29 23:22:57
16778,1825.22,16122.4,-2636.15,2026/01/29 23:22:57
16779,1825.33,15930.9,-2638.36,2026/01/29 23:22:57
16780,1825.44,15929.5,-2647.15,2026/01/29 23:22:57
16781,1825.55,15928.2,-2649.89,2026/01/29 23:22:57
16782,1825.66,15923.1,-2656.81,2026/01/29 23:22:57
16783,1825.77,15896.5,-2662.4,2026/01/29 23:22:57
16784,1825.88,15858.2,-2670,2026/01/29 23:22:57
16785,1825.98,15776.6,-2632.5,2026/01/29 23:22:58
16786,1826.09,15329.3,-2500.82,2026/01/29 23:22:58
16787,1826.2,13685.1,-2333.8,2026/01/29 23:22:58
16788,1826.31,13141.2,-2241.73,2026/01/29 23:22:58
16789,1826.42,12848,-2202.49,2026/01/29 23:22:58
16790,1826.53,12789.3,-2192.81,2026/01/29 23:22:58
16791,1826.64,12980.9,-2277.46,2026/01/29 23:22:58
16792,1826.75,13667.3,-2371.3,2026/01/29 23:22:58
16793,1826.86,15259,-2590.79,2026/01/29 23:22:58
16794,1826.97,15549.3,-2612.85,2026/01/29 23:22:59
16795,1827.08,15939.1,-2647.8,2026/01/29 23:22:59
16796,1827.19,16353.2,-2562,2026/01/29 23:22:59
16797,1827.29,16233.2,-2639.16,2026/01/29 23:22:59
16798,1827.4,16233.5,-2642.42,2026/01/29 23:22:59
16799,1827.51,16220.8,-2648.67,2026/01/29 23:22:59
16800,1827.62,16196.8,-2647.39,2026/01/29 23:22:59
16801,1827.73,15952,-2660.59,2026/01/29 23:22:59
16802,1827.84,15933.5,-2670.65,2026/01/29 23:22:59
16803,1827.95,15496,-2567.6,2026/01/29 23:22:59
16804,1828.06,13905.2,-2305.57,2026/01/29 23:23:00
16805,1828.17,13135.8,-2230.43,2026/01/29 23:23:00
16806,1828.28,12803.9,-2193.78,2026/01/29 23:23:00
16807,1828.38,12753.3,-2181.76,2026/01/29 23:23:00
16808,1828.49,12863.4,-2221.66,2026/01/29 23:23:00
16809,1828.6,13392.3,-2358.61,2026/01/29 23:23:00
16810,1828.71,14006.7,-2563.36,2026/01/29 23:23:00
16811,1828.82,15453.1,-2597.32,2026/01/29 23:23:00
16812,1828.93,15803.6,-2645.17,2026/01/29 23:23:00
16813,1829.04,16327.3,-2574.27,2026/01/29 23:23:01
16814,1829.15,15922.5,-2656.32,2026/01/29 23:23:01
16815,1829.26,15902.4,-2662.7,2026/01/29 23:23:01
16816,1829.37,15889,-2665.93,2026/01/29 23:23:01
16817,1829.48,15847.5,-2671.3,2026/01/29 23:23:01
16818,1829.59,15815.3,-2674.58,2026/01/29 23:23:01
16819,1829.69,15735.7,-2640.29,2026/01/29 23:23:01
16820,1829.8,15341.8,-2544.69,2026/01/29 23:23:01
16821,1829.91,13888.3,-2352.5,2026/01/29 23:23:01
16822,1830.02,13494.5,-2321.45,2026/01/29 23:23:02
16823,1830.13,13288.7,-2286.37,2026/01/29 23:23:02
16824,1830.24,12989.7,-2249.53,2026/01/29 23:23:02
16825,1830.35,12822,-2219.6,2026/01/29 23:23:02
16826,1830.46,12762.2,-2205.97,2026/01/29 23:23:02
16827,1830.57,12856.5,-2230.48,2026/01/29 23:23:02
16828,1830.68,13062,-2298.59,2026/01/29 23:23:02
16829,1830.79,13286.6,-2325.33,2026/01/29 23:23:02
16830,1830.9,13457.4,-2355.83,2026/01/29 23:23:02
16831,1831.01,13517.9,-2404.37,2026/01/29 23:23:03
16832,1831.12,13563.8,-2443.53,2026/01/29 23:23:03
16833,1831.23,13621.3,-2463.77,2026/01/29 23:23:03
16834,1831.33,14269.4,-2644.33,2026/01/29 23:23:03
16835,1831.44,15410.9,-2605.56,2026/01/29 23:23:03
16836,1831.55,15664.1,-2636.58,2026/01/29 23:23:03
16837,1831.66,15865.5,-2652.6,2026/01/29 23:23:03
16838,1831.77,16216.9,-2681.15,2026/01/29 23:23:03
16839,1831.88,16283,-2629.5,2026/01/29 23:23:03
16840,1831.99,16286.5,-2640.12,2026/01/29 23:23:04
16841,1832.1,16278.9,-2643.14,2026/01/29 23:23:04
16842,1832.21,16280.8,-2646.41,2026/01/29 23:23:04
16843,1832.32,16272.9,-2649.19,2026/01/29 23:23:04
16844,1832.43,16273.8,-2650.22,2026/01/29 23:23:04
16845,1832.54,16255.6,-2649.24,2026/01/29 23:23:04
16846,1832.64,16201.3,-2651.54,2026/01/29 23:23:04
16847,1832.75,16148.8,-2654.79,2026/01/29 23:23:04
16848,1832.86,16020.3,-2659.36,2026/01/29 23:23:04
16849,1832.97,15927,-2679.79,2026/01/29 23:23:05
16850,1833.08,15879.2,-2666.33,2026/01/29 23:23:05
16851,1833.19,15750.7,-2646.84,2026/01/29 23:23:05
16852,1833.3,15628.9,-2647.08,2026/01/29 23:23:05
16853,1833.41,15613,-2638.37,2026/01/29 23:23:05
16854,1833.52,15583.8,-2632.44,2026/01/29 23:23:05
16855,1833.63,15553.5,-2619.66,2026/01/29 23:23:05
16856,1833.74,15496.2,-2598.27,2026/01/29 23:23:05
16857,1833.85,15413,-2577.08,2026/01/29 23:23:05
16858,1833.95,15327.8,-2562.53,2026/01/29 23:23:06
16859,1834.06,15234.1,-2534.35,2026/01/29 23:23:06
16860,1834.17,14879,-2495.43,2026/01/29 23:23:06
16861,1834.28,14418.6,-2450.95,2026/01/29 23:23:06
16862,1834.39,13723.3,-2411.16,2026/01/29 23:23:06
16863,1834.5,13525.4,-2393.29,2026/01/29 23:23:06
16864,1834.61,13499.3,-2375.88,2026/01/29 23:23:06
16865,1834.72,13473.6,-2367.54,2026/01/29 23:23:06
16866,1834.83,13460,-2371.1,2026/01/29 23:23:06
16867,1834.94,13440,-2364.04,2026/01/29 23:23:06
16868,1835.05,13403.2,-2340.83,2026/01/29 23:23:07
16869,1835.15,13389.1,-2335.3,2026/01/29 23:23:07
16870,1835.26,13385.7,-2344.66,2026/01/29 23:23:07
16871,1835.37,13387.4,-2358.33,2026/01/29 23:23:07
16872,1835.48,13398.5,-2376.42,2026/01/29 23:23:07
16873,1835.59,13434.9,-2412,2026/01/29 23:23:07
16874,1835.7,13469.4,-2446.36,2026/01/29 23:23:07
16875,1835.81,13522.9,-2473.29,2026/01/29 23:23:07
16876,1835.92,13608.6,-2500.72,2026/01/29 23:23:07
16877,1836.02,14222.5,-2655.34,2026/01/29 23:23:08
16878,1836.13,14745.7,-2668.21,2026/01/29 23:23:08
16879,1836.24,15328.9,-2630.55,2026/01/29 23:23:08
16880,1836.35,15416.3,-2634.06,2026/01/29 23:23:08
16881,1836.46,15606.2,-2644.96,2026/01/29 23:23:08
16882,1836.57,15895,-2669.37,2026/01/29 23:23:08
16883,1836.68,16018,-2678.06,2026/01/29 23:23:08
16884,1836.79,16059.1,-2677.97,2026/01/29 23:23:08
16885,1836.9,16078,-2678.06,2026/01/29 23:23:08
16886,1837.01,16106.8,-2673.97,2026/01/29 23:23:09
16887,1837.12,16115.8,-2672.42,2026/01/29 23:23:09
16888,1837.23,16161.3,-2668.15,2026/01/29 23:23:09
16889,1837.34,16220.1,-2667.82,2026/01/29 23:23:09
16890,1837.45,16278.6,-2661.59,2026/01/29 23:23:09
16891,1837.56,16552.3,-2656.53,2026/01/29 23:23:09
16892,1837.66,16813.7,-2578.18,2026/01/29 23:23:09
16893,1837.78,16687,-2578.83,2026/01/29 23:23:09
16894,1837.88,16721.9,-2576.66,2026/01/29 23:23:09
16895,1837.99,16743.9,-2578.13,2026/01/29 23:23:10
16896,1838.1,16736.3,-2583.49,2026/01/29 23:23:10
16897,1838.21,16740.4,-2582.55,2026/01/29 23:23:10
16898,1838.32,16738.7,-2585.05,2026/01/29 23:23:10
16899,1838.43,16743.1,-2581.94,2026/01/29 23:23:10
16900,1838.53,16733.8,-2583.72,2026/01/29 23:23:10
16901,1838.64,16716.3,-2587.01,2026/01/29 23:23:10
16902,1838.75,16699.1,-2587.17,2026/01/29 23:23:10
16903,1838.86,16674.4,-2592.59,2026/01/29 23:23:10
16904,1838.97,16674.5,-2594.44,2026/01/29 23:23:11
16905,1839.08,16658.7,-2595.86,2026/01/29 23:23:11
16906,1839.19,16659.6,-2597.66,2026/01/29 23:23:11
16907,1839.3,16632.1,-2591.84,2026/01/29 23:23:11
16908,1839.41,16612.2,-2590.46,2026/01/29 23:23:11
16909,1839.51,16610.2,-2584.82,2026/01/29 23:23:11
16910,1839.62,16569.2,-2580.06,2026/01/29 23:23:11
16911,1839.73,16524.4,-2577.68,2026/01/29 23:23:11
16912,1839.84,16437.4,-2581.51,2026/01/29 23:23:11
16913,1839.95,16214.2,-2602.26,2026/01/29 23:23:11
16914,1840.06,15947.3,-2626.22,2026/01/29 23:23:12
16915,1840.17,15862.5,-2619.54,2026/01/29 23:23:12
16916,1840.27,15785.2,-2620.73,2026/01/29 23:23:12
16917,1840.38,15724.4,-2614.17,2026/01/29 23:23:12
16918,1840.49,15645.6,-2593.3,2026/01/29 23:23:12
16919,1840.6,15530.8,-2580.25,2026/01/29 23:23:12
16920,1840.71,15449.5,-2556.58,2026/01/29 23:23:12
16921,1840.82,15348.9,-2526.36,2026/01/29 23:23:12
16922,1840.93,15188.3,-2455.02,2026/01/29 23:23:12
16923,1841.04,14835.5,-2446.8,2026/01/29 23:23:13
16924,1841.15,14675.8,-2435.92,2026/01/29 23:23:13
16925,1841.26,14226.4,-2440.15,2026/01/29 23:23:13
16926,1841.37,13658.4,-2414.83,2026/01/29 23:23:13
16927,1841.48,13580.2,-2409.68,2026/01/29 23:23:13
16928,1841.59,13547.9,-2387.99,2026/01/29 23:23:13
16929,1841.69,13508.4,-2376.09,2026/01/29 23:23:13
16930,1841.8,13474.8,-2369.92,2026/01/29 23:23:13
16931,1841.91,13458.3,-2362.37,2026/01/29 23:23:13
16932,1842.02,13431.3,-2339.43,2026/01/29 23:23:14
16933,1842.13,13377.7,-2317.88,2026/01/29 23:23:14
16934,1842.24,13357.5,-2316.47,2026/01/29 23:23:14
16935,1842.35,13364.4,-2316.8,2026/01/29 23:23:14
16936,1842.46,13372,-2320.94,2026/01/29 23:23:14
16937,1842.56,13377.4,-2335.27,2026/01/29 23:23:14
16938,1842.67,13386.1,-2357.44,2026/01/29 23:23:14
16939,1842.78,13400.2,-2377.18,2026/01/29 23:23:14
16940,1842.89,13420.8,-2401.48,2026/01/29 23:23:14
16941,1843,13445.2,-2427.31,2026/01/29 23:23:15
16942,1843.11,13506.2,-2469.22,2026/01/29 23:23:15
16943,1843.22,13562.7,-2491.35,2026/01/29 23:23:15
16944,1843.33,13670.2,-2524.27,2026/01/29 23:23:15
16945,1843.44,14298.3,-2679.45,2026/01/29 23:23:15
16946,1843.54,15272.7,-2643,2026/01/29 23:23:15
16947,1843.66,15585.4,-2647.11,2026/01/29 23:23:15
16948,1843.76,15917,-2675.64,2026/01/29 23:23:15
16949,1843.87,16022.5,-2673.2,2026/01/29 23:23:15
16950,1843.98,16056.6,-2678.17,2026/01/29 23:23:16
16951,1844.09,16112.6,-2672.85,2026/01/29 23:23:16
16952,1844.2,16152.1,-2670.05,2026/01/29 23:23:16
16953,1844.31,16211.9,-2668.47,2026/01/29 23:23:16
16954,1844.42,16264.4,-2664.82,2026/01/29 23:23:16
16955,1844.53,16330.1,-2660.49,2026/01/29 23:23:16
16956,1844.64,16774.1,-2603.77,2026/01/29 23:23:16
16957,1844.74,16880.4,-2585.75,2026/01/29 23:23:16
16958,1844.85,16775.8,-2586.94,2026/01/29 23:23:16
16959,1844.96,16856.9,-2587.44,2026/01/29 23:23:17
16960,1845.07,16908.3,-2582.85,2026/01/29 23:23:17
16961,1845.18,16928.6,-2585.09,2026/01/29 23:23:17
16962,1845.29,16936.7,-2582.25,2026/01/29 23:23:17
16963,1845.4,16909.9,-2589.01,2026/01/29 23:23:17
16964,1845.51,16908.3,-2588.46,2026/01/29 23:23:17
16965,1845.61,16894.4,-2588.52,2026/01/29 23:23:17
16966,1845.72,16866.4,-2592.65,2026/01/29 23:23:17
16967,1845.83,16845.6,-2592.52,2026/01/29 23:23:17
16968,1845.94,16808.7,-2597.15,2026/01/29 23:23:17
16969,1846.05,16797.3,-2598.71,2026/01/29 23:23:18
16970,1846.16,16782.5,-2599.18,2026/01/29 23:23:18
16971,1846.27,16778.1,-2597.56,2026/01/29 23:23:18
16972,1846.38,16744.4,-2599.67,2026/01/29 23:23:18
16973,1846.48,16706.2,-2603.62,2026/01/29 23:23:18
16974,1846.59,16693.1,-2602.21,2026/01/29 23:23:18
16975,1846.7,16651,-2600.31,2026/01/29 23:23:18
16976,1846.81,16620.2,-2596.95,2026/01/29 23:23:18
16977,1846.92,16575.9,-2598.91,2026/01/29 23:23:18
16978,1847.03,16551.3,-2602.07,2026/01/29 23:23:19
16979,1847.14,16531.2,-2602.98,2026/01/29 23:23:19
16980,1847.25,16485.3,-2597.39,2026/01/29 23:23:19
16981,1847.35,16385.4,-2592.01,2026/01/29 23:23:19
16982,1847.46,16059.7,-2658.55,2026/01/29 23:23:19
16983,1847.57,15998.8,-2648.26,2026/01/29 23:23:19
16984,1847.68,15873.8,-2637.89,2026/01/29 23:23:19
16985,1847.79,15835.8,-2627.83,2026/01/29 23:23:19
16986,1847.9,15776.5,-2631.9,2026/01/29 23:23:19
16987,1848.01,15752.6,-2627.65,2026/01/29 23:23:20
16988,1848.12,15727.8,-2626.26,2026/01/29 23:23:20
16989,1848.23,15703.8,-2623.1,2026/01/29 23:23:20
16990,1848.34,15666.2,-2620.18,2026/01/29 23:23:20
16991,1848.45,15621,-2607.19,2026/01/29 23:23:20
16992,1848.56,15537.9,-2586.23,2026/01/29 23:23:20
16993,1848.67,15445.3,-2571.74,2026/01/29 23:23:20
16994,1848.78,15295.1,-2548.34,2026/01/29 23:23:20
16995,1848.88,15010.8,-2544.65,2026/01/29 23:23:20
16996,1848.99,14880.3,-2509.2,2026/01/29 23:23:21
16997,1849.1,14761.4,-2472.19,2026/01/29 23:23:21
16998,1849.21,14116.3,-2422.74,2026/01/29 23:23:21
16999,1849.32,13558.8,-2408.35,2026/01/29 23:23:21
17000,1849.43,13503,-2387.44,2026/01/29 23:23:21
17001,1849.54,13469.6,-2379.31,2026/01/29 23:23:21
17002,1849.65,13469.3,-2390.52,2026/01/29 23:23:21
17003,1849.75,13496.4,-2428.96,2026/01/29 23:23:21
17004,1849.87,13624.7,-2486.76,2026/01/29 23:23:21
17005,1849.97,13891.1,-2539.85,2026/01/29 23:23:22
17006,1850.08,14509.2,-2715.99,2026/01/29 23:23:22
17007,1850.19,15432.6,-2658.47,2026/01/29 23:23:22
17008,1850.3,16080.4,-2645.57,2026/01/29 23:23:22
17009,1850.41,16449.2,-2634.4,2026/01/29 23:23:22
17010,1850.52,16515.4,-2634.23,2026/01/29 23:23:22
17011,1850.63,16570.9,-2623,2026/01/29 23:23:22
17012,1850.74,16623,-2618.46,2026/01/29 23:23:22
17013,1850.84,16698.8,-2610.33,2026/01/29 23:23:22
17014,1850.96,16772,-2608.45,2026/01/29 23:23:23
17015,1851.06,16831,-2606.21,2026/01/29 23:23:23
17016,1851.17,16828.6,-2605.76,2026/01/29 23:23:23
17017,1851.28,16887.6,-2605.73,2026/01/29 23:23:23
17018,1851.39,16962.7,-2601.06,2026/01/29 23:23:23
17019,1851.5,16993.1,-2600.32,2026/01/29 23:23:23
17020,1851.61,17031.2,-2599.25,2026/01/29 23:23:23
17021,1851.72,17056.8,-2597.17,2026/01/29 23:23:23
17022,1851.83,17062,-2596.81,2026/01/29 23:23:23
17023,1851.93,17063.4,-2596.02,2026/01/29 23:23:23
17024,1852.04,17060.6,-2599.25,2026/01/29 23:23:24
17025,1852.15,17062.3,-2597.89,2026/01/29 23:23:24
17026,1852.26,17061.3,-2597.83,2026/01/29 23:23:24
17027,1852.37,17065,-2597.87,2026/01/29 23:23:24
17028,1852.47,17059,-2599.17,2026/01/29 23:23:24
17029,1852.58,17043.6,-2600.53,2026/01/29 23:23:24
17030,1852.69,17026.8,-2601.85,2026/01/29 23:23:24
17031,1852.8,16969,-2609.84,2026/01/29 23:23:24
17032,1852.91,16947.1,-2611.51,2026/01/29 23:23:24
17033,1853.02,16914.2,-2617.88,2026/01/29 23:23:25
17034,1853.13,16869.5,-2620.46,2026/01/29 23:23:25
17035,1853.23,16801.2,-2622.94,2026/01/29 23:23:25
17036,1853.34,16727.1,-2621.87,2026/01/29 23:23:25
17037,1853.45,16646.8,-2624.13,2026/01/29 23:23:25
17038,1853.56,16509.8,-2629.25,2026/01/29 23:23:25
17039,1853.67,16384.6,-2617.66,2026/01/29 23:23:25
17040,1853.78,16182.4,-2614.76,2026/01/29 23:23:25
17041,1853.88,16059.6,-2621.56,2026/01/29 23:23:25
17042,1853.99,15896.8,-2642.07,2026/01/29 23:23:26
17043,1854.1,15765.2,-2645.26,2026/01/29 23:23:26
17044,1854.21,15670.7,-2622.99,2026/01/29 23:23:26
17045,1854.32,15535.9,-2616.9,2026/01/29 23:23:26
17046,1854.43,15329.6,-2608.56,2026/01/29 23:23:26
17047,1854.54,15058.4,-2620.05,2026/01/29 23:23:26
17048,1854.65,14604,-2613.12,2026/01/29 23:23:26
17049,1854.76,14148.7,-2511.3,2026/01/29 23:23:26
17050,1854.87,13725.4,-2477.19,2026/01/29 23:23:26
17051,1854.98,13633.1,-2466.29,2026/01/29 23:23:27
17052,1855.09,13607.2,-2448.03,2026/01/29 23:23:27
17053,1855.2,13552,-2429.22,2026/01/29 23:23:27
17054,1855.31,13507.5,-2415.68,2026/01/29 23:23:27
17055,1855.41,13500.5,-2423.19,2026/01/29 23:23:27
17056,1855.52,13538.4,-2444.08,2026/01/29 23:23:27
17057,1855.63,13546.9,-2452.17,2026/01/29 23:23:27
17058,1855.74,13560.9,-2465.69,2026/01/29 23:23:27
17059,1855.85,13577.6,-2490.29,2026/01/29 23:23:27
17060,1855.96,13599.9,-2524.93,2026/01/29 23:23:28
17061,1856.07,13745.9,-2600.56,2026/01/29 23:23:28
17062,1856.18,14289.1,-2715.68,2026/01/29 23:23:28
17063,1856.29,15242.6,-2690.73,2026/01/29 23:23:28
17064,1856.4,15606.8,-2665.46,2026/01/29 23:23:28
17065,1856.51,16082.8,-2636.65,2026/01/29 23:23:28
17066,1856.62,16484.1,-2624.75,2026/01/29 23:23:28
17067,1856.73,16618.6,-2616.83,2026/01/29 23:23:28
17068,1856.84,16687.3,-2611.15,2026/01/29 23:23:28
17069,1856.95,16747.2,-2603.84,2026/01/29 23:23:28
17070,1857.05,16803.1,-2598.55,2026/01/29 23:23:29
17071,1857.16,16874.9,-2596.31,2026/01/29 23:23:29
17072,1857.27,16958.4,-2592.51,2026/01/29 23:23:29
17073,1857.38,17138.8,-2593.74,2026/01/29 23:23:29
17074,1857.49,17030,-2586.66,2026/01/29 23:23:29
17075,1857.6,17112.3,-2584.98,2026/01/29 23:23:29
17076,1857.71,17188.9,-2579.5,2026/01/29 23:23:29
17077,1857.81,17208.7,-2579.09,2026/01/29 23:23:29
17078,1857.92,17257.4,-2577.78,2026/01/29 23:23:29
17079,1858.03,17226.1,-2577.01,2026/01/29 23:23:30
17080,1858.14,17228.6,-2577.01,2026/01/29 23:23:30
17081,1858.25,17232.4,-2574.06,2026/01/29 23:23:30
17082,1858.36,17217.8,-2579.25,2026/01/29 23:23:30
17083,1858.47,17209.8,-2579.6,2026/01/29 23:23:30
17084,1858.58,17187.6,-2580.38,2026/01/29 23:23:30
17085,1858.68,17136.8,-2582.88,2026/01/29 23:23:30
17086,1858.79,17104.7,-2588.89,2026/01/29 23:23:30
17087,1858.9,17065.6,-2590.61,2026/01/29 23:23:30
17088,1859.01,17003.6,-2598.35,2026/01/29 23:23:31
17089,1859.12,16933,-2595.01,2026/01/29 23:23:31
17090,1859.23,16844.4,-2597.11,2026/01/29 23:23:31
17091,1859.33,16742.4,-2598.87,2026/01/29 23:23:31
17092,1859.44,16601.6,-2603.03,2026/01/29 23:23:31
17093,1859.55,16338,-2598.34,2026/01/29 23:23:31
17094,1859.66,16061,-2618.31,2026/01/29 23:23:31
17095,1859.77,15839.2,-2633.92,2026/01/29 23:23:31
17096,1859.88,15627.8,-2608.4,2026/01/29 23:23:31
17097,1859.99,15267.8,-2616.57,2026/01/29 23:23:32
17098,1860.1,14546.3,-2577.34,2026/01/29 23:23:32
17099,1860.2,13758,-2474.2,2026/01/29 23:23:32
17100,1860.31,13621.7,-2440.89,2026/01/29 23:23:32
17101,1860.42,13576.6,-2427.44,2026/01/29 23:23:32
17102,1860.53,13528.2,-2413.71,2026/01/29 23:23:32
17103,1860.64,13470.5,-2378.16,2026/01/29 23:23:32
17104,1860.75,13417.5,-2360.62,2026/01/29 23:23:32
17105,1860.86,13452,-2394.69,2026/01/29 23:23:32
17106,1860.97,13461.1,-2419.32,2026/01/29 23:23:33
17107,1861.08,13457.5,-2437.48,2026/01/29 23:23:33
17108,1861.19,13493.3,-2464.16,2026/01/29 23:23:33
17109,1861.3,13504.1,-2485.99,2026/01/29 23:23:33
17110,1861.41,13516.2,-2511.71,2026/01/29 23:23:33
17111,1861.52,13581.9,-2583.7,2026/01/29 23:23:33
17112,1861.63,14035.2,-2693.21,2026/01/29 23:23:33
17113,1861.74,14938.3,-2707.94,2026/01/29 23:23:33
17114,1861.84,15521.7,-2668.74,2026/01/29 23:23:33
17115,1861.95,16109.3,-2630.58,2026/01/29 23:23:33
17116,1862.06,16491.5,-2617.93,2026/01/29 23:23:34
17117,1862.17,16625.5,-2611.06,2026/01/29 23:23:34
17118,1862.28,16698,-2603.58,2026/01/29 23:23:34
17119,1862.39,16765.2,-2597.24,2026/01/29 23:23:34
17120,1862.5,16856.4,-2592.18,2026/01/29 23:23:34
17121,1862.61,16945.7,-2588.83,2026/01/29 23:23:34
17122,1862.72,17145.9,-2587.4,2026/01/29 23:23:34
17123,1862.83,17055.2,-2581.26,2026/01/29 23:23:34
17124,1862.94,17150.1,-2577.37,2026/01/29 23:23:34
17125,1863.04,17225.4,-2576.78,2026/01/29 23:23:35
17126,1863.15,17231,-2573.79,2026/01/29 23:23:35
17127,1863.26,17212.6,-2572.07,2026/01/29 23:23:35
17128,1863.37,17221.1,-2576.37,2026/01/29 23:23:35
17129,1863.48,17208.8,-2577.14,2026/01/29 23:23:35
17130,1863.59,17226.1,-2568.09,2026/01/29 23:23:35
17131,1863.69,17196.6,-2576.75,2026/01/29 23:23:35
17132,1863.8,17178.7,-2576.1,2026/01/29 23:23:35
17133,1863.91,17134.4,-2582.45,2026/01/29 23:23:35
17134,1864.02,17096.9,-2583.8,2026/01/29 23:23:36
17135,1864.13,17081.8,-2588.62,2026/01/29 23:23:36
17136,1864.24,17065.4,-2590.32,2026/01/29 23:23:36
17137,1864.35,17019.7,-2596.93,2026/01/29 23:23:36
17138,1864.46,16978.1,-2598.97,2026/01/29 23:23:36
17139,1864.56,16930.3,-2604.47,2026/01/29 23:23:36
17140,1864.67,16878,-2602.72,2026/01/29 23:23:36
17141,1864.78,16836.9,-2604.66,2026/01/29 23:23:36
17142,1864.89,16783.5,-2606.39,2026/01/29 23:23:36
17143,1865,16703.4,-2606.58,2026/01/29 23:23:37
17144,1865.11,16589.5,-2611.4,2026/01/29 23:23:37
17145,1865.22,16482.4,-2614.61,2026/01/29 23:23:37
17146,1865.32,16377.9,-2599.18,2026/01/29 23:23:37
17147,1865.43,16194,-2597.55,2026/01/29 23:23:37
17148,1865.54,16044.2,-2610.6,2026/01/29 23:23:37
17149,1865.65,15947.8,-2621.98,2026/01/29 23:23:37
17150,1865.76,15820.7,-2632.82,2026/01/29 23:23:37
17151,1865.87,15698.8,-2630.15,2026/01/29 23:23:37
17152,1865.98,15586,-2602.35,2026/01/29 23:23:38
17153,1866.09,15445.5,-2599.42,2026/01/29 23:23:38
17154,1866.2,15146.9,-2625.98,2026/01/29 23:23:38
17155,1866.31,14730.2,-2626.3,2026/01/29 23:23:38
17156,1866.42,14211.9,-2535.84,2026/01/29 23:23:38
17157,1866.53,13766.8,-2471.76,2026/01/29 23:23:38
17158,1866.63,13643.5,-2448.95,2026/01/29 23:23:38
17159,1866.74,13605.8,-2446.44,2026/01/29 23:23:38
17160,1866.85,13556.9,-2427.6,2026/01/29 23:23:38
17161,1866.96,13517.2,-2408.1,2026/01/29 23:23:39
17162,1867.07,13479.9,-2400.86,2026/01/29 23:23:39
17163,1867.18,13486.4,-2414.75,2026/01/29 23:23:39
17164,1867.29,13504.3,-2441.51,2026/01/29 23:23:39
17165,1867.4,13525.3,-2480.85,2026/01/29 23:23:39
17166,1867.51,13571.8,-2561.98,2026/01/29 23:23:39
17167,1867.62,13855.6,-2642.37,2026/01/29 23:23:39
17168,1867.73,14610.1,-2713.34,2026/01/29 23:23:39
17169,1867.84,15404.6,-2660.84,2026/01/29 23:23:39
17170,1867.95,15848.4,-2635.97,2026/01/29 23:23:39
17171,1868.06,16449.3,-2612.56,2026/01/29 23:23:40
17172,1868.16,16615.3,-2607.66,2026/01/29 23:23:40
17173,1868.27,16711.7,-2602.19,2026/01/29 23:23:40
17174,1868.38,16779.8,-2595.7,2026/01/29 23:23:40
17175,1868.49,16818.9,-2591.36,2026/01/29 23:23:40
17176,1868.6,16866.1,-2584.8,2026/01/29 23:23:40
17177,1868.71,16924.8,-2582.26,2026/01/29 23:23:40
17178,1868.82,17001.6,-2575.29,2026/01/29 23:23:40
17179,1868.92,17084.8,-2576.04,2026/01/29 23:23:40
17180,1869.03,17166,-2560.33,2026/01/29 23:23:41
17181,1869.14,17166.6,-2577.18,2026/01/29 23:23:41
17182,1869.25,17233.7,-2575.06,2026/01/29 23:23:41
17183,1869.36,17288.8,-2569.96,2026/01/29 23:23:41
17184,1869.47,17301.7,-2566.89,2026/01/29 23:23:41
17185,1869.58,17336.4,-2559.37,2026/01/29 23:23:41
17186,1869.68,17330.9,-2562.18,2026/01/29 23:23:41
17187,1869.79,17333.2,-2562.86,2026/01/29 23:23:41
17188,1869.9,17331.6,-2564.13,2026/01/29 23:23:41
17189,1870.01,17348.7,-2568.11,2026/01/29 23:23:42
17190,1870.12,17328.1,-2568.84,2026/01/29 23:23:42
17191,1870.23,17249.5,-2574.76,2026/01/29 23:23:42
17192,1870.34,17176.2,-2577.13,2026/01/29 23:23:42
17193,1870.44,17097.7,-2584.56,2026/01/29 23:23:42
17194,1870.55,17020.3,-2584.55,2026/01/29 23:23:42
17195,1870.66,16931.3,-2589.75,2026/01/29 23:23:42
17196,1870.77,16874.3,-2589.38,2026/01/29 23:23:42
17197,1870.88,16809.5,-2584.82,2026/01/29 23:23:42
17198,1870.99,16641.7,-2593.05,2026/01/29 23:23:43
17199,1871.09,16432.8,-2593.49,2026/01/29 23:23:43
17200,1871.2,16234.9,-2582.94,2026/01/29 23:23:43
17201,1871.31,16037.3,-2603.32,2026/01/29 23:23:43
17202,1871.42,15858.8,-2619.85,2026/01/29 23:23:43
17203,1871.53,15739.8,-2627.89,2026/01/29 23:23:43
17204,1871.64,15616.4,-2594.39,2026/01/29 23:23:43
17205,1871.75,15408.3,-2587.28,2026/01/29 23:23:43
17206,1871.86,14870.1,-2640.46,2026/01/29 23:23:43
17207,1871.97,14342.6,-2582.5,2026/01/29 23:23:44
17208,1872.08,13864,-2506.02,2026/01/29 23:23:44
17209,1872.18,13639.4,-2449.28,2026/01/29 23:23:44
17210,1872.29,13585.2,-2442.19,2026/01/29 23:23:44
17211,1872.4,13580.9,-2474.36,2026/01/29 23:23:44
17212,1872.51,13570.2,-2490.1,2026/01/29 23:23:44
17213,1872.62,13544.5,-2506.18,2026/01/29 23:23:44
17214,1872.73,13575.5,-2563.23,2026/01/29 23:23:44
17215,1872.84,13713.6,-2606.08,2026/01/29 23:23:44
17216,1872.95,14603.9,-2722.84,2026/01/29 23:23:44
17217,1873.06,15571.9,-2654.62,2026/01/29 23:23:45
17218,1873.16,16318.3,-2610.2,2026/01/29 23:23:45
17219,1873.27,16608,-2602.18,2026/01/29 23:23:45
17220,1873.38,16763.7,-2597.87,2026/01/29 23:23:45
17221,1873.49,16832.7,-2590.47,2026/01/29 23:23:45
17222,1873.6,16879.8,-2585.77,2026/01/29 23:23:45
17223,1873.71,16923.7,-2581.32,2026/01/29 23:23:45
17224,1873.82,17021.3,-2577.95,2026/01/29 23:23:45
17225,1873.93,17117.9,-2568.37,2026/01/29 23:23:45
17226,1874.04,17158,-2572.8,2026/01/29 23:23:46
17227,1874.14,17240.1,-2578.7,2026/01/29 23:23:46
17228,1874.26,17303.1,-2569.16,2026/01/29 23:23:46
17229,1874.36,17342.4,-2568.85,2026/01/29 23:23:46
17230,1874.47,17335.9,-2564.4,2026/01/29 23:23:46
17231,1874.58,17346.5,-2563.78,2026/01/29 23:23:46
17232,1874.69,17390,-2564.95,2026/01/29 23:23:46
17233,1874.8,17394.1,-2563.46,2026/01/29 23:23:46
17234,1874.91,17392.1,-2565.41,2026/01/29 23:23:46
17235,1875.02,17395.9,-2562.06,2026/01/29 23:23:47
17236,1875.12,17389.3,-2561.57,2026/01/29 23:23:47
17237,1875.23,17342.3,-2560.65,2026/01/29 23:23:47
17238,1875.34,17285.1,-2569.53,2026/01/29 23:23:47
17239,1875.45,17265,-2579,2026/01/29 23:23:47
17240,1875.56,17191.2,-2579.49,2026/01/29 23:23:47
17241,1875.67,17070.2,-2588.58,2026/01/29 23:23:47
17242,1875.78,16953.3,-2587.97,2026/01/29 23:23:47
17243,1875.89,16861.6,-2583.64,2026/01/29 23:23:47
17244,1875.99,16679.6,-2594.1,2026/01/29 23:23:48
17245,1876.1,16478,-2606.91,2026/01/29 23:23:48
17246,1876.21,16383.6,-2582.97,2026/01/29 23:23:48
17247,1876.32,16172.1,-2588.76,2026/01/29 23:23:48
17248,1876.43,16039.2,-2594.74,2026/01/29 23:23:48
17249,1876.54,15823.2,-2615.32,2026/01/29 23:23:48
17250,1876.65,15679.1,-2615.29,2026/01/29 23:23:48
17251,1876.76,15516.4,-2585.35,2026/01/29 23:23:48
17252,1876.87,15025.9,-2626.62,2026/01/29 23:23:48
17253,1876.98,14287,-2568.55,2026/01/29 23:23:49
17254,1877.09,13924.9,-2523.2,2026/01/29 23:23:49
17255,1877.2,13759.5,-2508.27,2026/01/29 23:23:49
17256,1877.31,13679.7,-2520.15,2026/01/29 23:23:49
17257,1877.42,13651.7,-2547.2,2026/01/29 23:23:49
17258,1877.53,13636.4,-2563.93,2026/01/29 23:23:49
17259,1877.63,13644.8,-2577.64,2026/01/29 23:23:49
17260,1877.74,13731.1,-2599.42,2026/01/29 23:23:49
17261,1877.85,14032.2,-2669.39,2026/01/29 23:23:49
17262,1877.96,15080.8,-2700.12,2026/01/29 23:23:50
17263,1878.07,15743.1,-2646.97,2026/01/29 23:23:50
17264,1878.18,16432.5,-2603.24,2026/01/29 23:23:50
17265,1878.29,16668.8,-2591.23,2026/01/29 23:23:50
17266,1878.4,16838.2,-2592.17,2026/01/29 23:23:50
17267,1878.51,16936.2,-2586.69,2026/01/29 23:23:50
17268,1878.62,16975.1,-2583.09,2026/01/29 23:23:50
17269,1878.73,16955.4,-2570.55,2026/01/29 23:23:50
17270,1878.84,17009.9,-2572.01,2026/01/29 23:23:50
17271,1878.95,17076.5,-2566.49,2026/01/29 23:23:50
17272,1879.06,17188.3,-2564.54,2026/01/29 23:23:51
17273,1879.16,17300.3,-2565.71,2026/01/29 23:23:51
17274,1879.27,17382.1,-2554.47,2026/01/29 23:23:51
17275,1879.38,17392.8,-2556.77,2026/01/29 23:23:51
17276,1879.49,17426.8,-2555.68,2026/01/29 23:23:51
17277,1879.6,17452.9,-2553.6,2026/01/29 23:23:51
17278,1879.71,17465.2,-2551.28,2026/01/29 23:23:51
17279,1879.82,17458.3,-2549.57,2026/01/29 23:23:51
17280,1879.93,17457.7,-2548.52,2026/01/29 23:23:51
17281,1880.04,17611.9,-2531.2,2026/01/29 23:23:52
17282,1880.14,17582.5,-2534.36,2026/01/29 23:23:52
17283,1880.25,17584.7,-2535.84,2026/01/29 23:23:52
17284,1880.36,17550.7,-2541.27,2026/01/29 23:23:52
17285,1880.47,17545,-2539.18,2026/01/29 23:23:52
17286,1880.58,17500.9,-2535.41,2026/01/29 23:23:52
17287,1880.69,17433.6,-2533.12,2026/01/29 23:23:52
17288,1880.8,17281.1,-2522.43,2026/01/29 23:23:52
17289,1880.91,17184.2,-2514.21,2026/01/29 23:23:52
17290,1881.02,17072.7,-2498.78,2026/01/29 23:23:53
17291,1881.13,16977.1,-2488.98,2026/01/29 23:23:53
17292,1881.24,16885.2,-2475.27,2026/01/29 23:23:53
17293,1881.35,16776.7,-2477.27,2026/01/29 23:23:53
17294,1881.46,16211.9,-2575.87,2026/01/29 23:23:53
17295,1881.56,16029,-2591.45,2026/01/29 23:23:53
17296,1881.67,15869.1,-2611.16,2026/01/29 23:23:53
17297,1881.78,15742.2,-2616.6,2026/01/29 23:23:53
17298,1881.89,15631.5,-2595.65,2026/01/29 23:23:53
17299,1882,15497.3,-2576.06,2026/01/29 23:23:54
17300,1882.11,15063.7,-2617.98,2026/01/29 23:23:54
17301,1882.22,14616.5,-2624.73,2026/01/29 23:23:54
17302,1882.33,14125.8,-2559.88,2026/01/29 23:23:54
17303,1882.44,13880.7,-2501.97,2026/01/29 23:23:54
17304,1882.55,13635.3,-2459,2026/01/29 23:23:54
17305,1882.66,13580.4,-2437.55,2026/01/29 23:23:54
17306,1882.76,13529.2,-2486.43,2026/01/29 23:23:54
17307,1882.87,13487.2,-2550.58,2026/01/29 23:23:54
17308,1882.98,13535.2,-2578.73,2026/01/29 23:23:55
17309,1883.09,13906.8,-2656.81,2026/01/29 23:23:55
17310,1883.2,14985.8,-2706.13,2026/01/29 23:23:55
17311,1883.31,15823.5,-2635.23,2026/01/29 23:23:55
17312,1883.42,16499.2,-2594.44,2026/01/29 23:23:55
17313,1883.53,16744,-2589.12,2026/01/29 23:23:55
17314,1883.64,16888.9,-2582.66,2026/01/29 23:23:55
17315,1883.75,16968.7,-2579.27,2026/01/29 23:23:55
17316,1883.86,16988.4,-2573.07,2026/01/29 23:23:55
17317,1883.97,16978.1,-2570.17,2026/01/29 23:23:56
17318,1884.08,17070.6,-2566.38,2026/01/29 23:23:56
17319,1884.19,17160.6,-2561.44,2026/01/29 23:23:56
17320,1884.29,17257.4,-2562.79,2026/01/29 23:23:56
17321,1884.4,17363.9,-2556.88,2026/01/29 23:23:56
17322,1884.51,17421.6,-2552.87,2026/01/29 23:23:56
17323,1884.62,17440.6,-2553.96,2026/01/29 23:23:56
17324,1884.73,17459.4,-2551.13,2026/01/29 23:23:56
17325,1884.84,17473.5,-2547.44,2026/01/29 23:23:56
17326,1884.94,17468.7,-2551.89,2026/01/29 23:23:56
17327,1885.05,17465.6,-2546.27,2026/01/29 23:23:57
17328,1885.16,17450.6,-2551.04,2026/01/29 23:23:57
17329,1885.27,17407.6,-2558.01,2026/01/29 23:23:57
17330,1885.38,17387.5,-2561.77,2026/01/29 23:23:57
17331,1885.49,17309.6,-2568.89,2026/01/29 23:23:57
17332,1885.59,17228.3,-2563.7,2026/01/29 23:23:57
17333,1885.7,17052.5,-2575.73,2026/01/29 23:23:57
17334,1885.81,16959,-2577.77,2026/01/29 23:23:57
17335,1885.92,16886.1,-2577.36,2026/01/29 23:23:57
17336,1886.03,16737.3,-2576.77,2026/01/29 23:23:58
17337,1886.14,16583.1,-2588.49,2026/01/29 23:23:58
17338,1886.25,16416.6,-2584.4,2026/01/29 23:23:58
17339,1886.36,16191,-2580.61,2026/01/29 23:23:58
17340,1886.46,16048.3,-2593.21,2026/01/29 23:23:58
17341,1886.57,15849.2,-2599.23,2026/01/29 23:23:58
17342,1886.68,15645.3,-2604.09,2026/01/29 23:23:58
17343,1886.79,15547.2,-2575.17,2026/01/29 23:23:58
17344,1886.9,15496.2,-2571.91,2026/01/29 23:23:58
17345,1887.01,15227.8,-2603.66,2026/01/29 23:23:59
17346,1887.12,14972.3,-2627.01,2026/01/29 23:23:59
17347,1887.23,14716.8,-2638.42,2026/01/29 23:23:59
17348,1887.34,14759.9,-2660.84,2026/01/29 23:23:59
17349,1887.45,15015.2,-2659.28,2026/01/29 23:23:59
17350,1887.55,15426.9,-2606.03,2026/01/29 23:23:59
17351,1887.67,15796.2,-2630.13,2026/01/29 23:23:59
17352,1887.78,16603.1,-2587.65,2026/01/29 23:23:59
17353,1887.89,16961.5,-2578.96,2026/01/29 23:23:59
17354,1888,16946.6,-2564.92,2026/01/29 23:24:00
17355,1888.1,16993.3,-2566.65,2026/01/29 23:24:00
17356,1888.21,17097.3,-2560.94,2026/01/29 23:24:00
17357,1888.32,17208.6,-2557.84,2026/01/29 23:24:00
17358,1888.43,17344.5,-2552.96,2026/01/29 23:24:00
17359,1888.54,17489,-2551.87,2026/01/29 23:24:00
17360,1888.65,17653.6,-2536.96,2026/01/29 23:24:00
17361,1888.76,17669.3,-2538.45,2026/01/29 23:24:00
17362,1888.87,17688.6,-2536.7,2026/01/29 23:24:00
17363,1888.98,17689.2,-2531.29,2026/01/29 23:24:01
17364,1889.08,17674.1,-2530.99,2026/01/29 23:24:01
17365,1889.19,17693.5,-2534.1,2026/01/29 23:24:01
17366,1889.3,17686.4,-2536.56,2026/01/29 23:24:01
17367,1889.41,17678.1,-2534.25,2026/01/29 23:24:01
17368,1889.52,17656.1,-2535.05,2026/01/29 23:24:01
17369,1889.63,17618.1,-2538.43,2026/01/29 23:24:01
17370,1889.73,17578.5,-2527.99,2026/01/29 23:24:01
17371,1889.84,17541.4,-2534.83,2026/01/29 23:24:01
17372,1889.95,17383.6,-2523.64,2026/01/29 23:24:01
17373,1890.06,17255.6,-2517.67,2026/01/29 23:24:02
17374,1890.17,17135.7,-2490.07,2026/01/29 23:24:02
17375,1890.28,16972.3,-2486.5,2026/01/29 23:24:02
17376,1890.39,16878.1,-2469.72,2026/01/29 23:24:02
17377,1890.5,16737.9,-2461.78,2026/01/29 23:24:02
17378,1890.61,16084.5,-2570.65,2026/01/29 23:24:02
17379,1890.71,15889.9,-2591.86,2026/01/29 23:24:02
17380,1890.82,15769.4,-2600.65,2026/01/29 23:24:02
17381,1890.93,15668.5,-2601.62,2026/01/29 23:24:02
17382,1891.04,15601.7,-2600.58,2026/01/29 23:24:03
17383,1891.15,15563.3,-2597.88,2026/01/29 23:24:03
17384,1891.26,15541.5,-2606.67,2026/01/29 23:24:03
17385,1891.37,15526.1,-2598.52,2026/01/29 23:24:03
17386,1891.48,15482.8,-2567.87,2026/01/29 23:24:03
17387,1891.59,15454.8,-2566.99,2026/01/29 23:24:03
17388,1891.7,15570,-2595.96,2026/01/29 23:24:03
17389,1891.81,15901.1,-2616.9,2026/01/29 23:24:03
17390,1891.92,16672.5,-2576.58,2026/01/29 23:24:03
17391,1892.02,17011,-2567.27,2026/01/29 23:24:04
17392,1892.13,17086.8,-2540.19,2026/01/29 23:24:04
17393,1892.24,17078.3,-2558,2026/01/29 23:24:04
17394,1892.35,17228.1,-2552.6,2026/01/29 23:24:04
17395,1892.46,17403.5,-2553,2026/01/29 23:24:04
17396,1892.57,17655.9,-2536.87,2026/01/29 23:24:04
17397,1892.68,17669.6,-2535.34,2026/01/29 23:24:04
17398,1892.79,17674.3,-2530.49,2026/01/29 23:24:04
17399,1892.9,17666.9,-2534.92,2026/01/29 23:24:04
17400,1893.01,17675.2,-2530.82,2026/01/29 23:24:05
17401,1893.12,17679.5,-2534.68,2026/01/29 23:24:05
17402,1893.23,17718,-2541.34,2026/01/29 23:24:05
17403,1893.33,17731.8,-2537.62,2026/01/29 23:24:05
17404,1893.44,17730.7,-2536.82,2026/01/29 23:24:05
17405,1893.55,17729.2,-2534.86,2026/01/29 23:24:05
17406,1893.66,17718.1,-2537.01,2026/01/29 23:24:05
17407,1893.77,17673.8,-2533.24,2026/01/29 23:24:05
17408,1893.87,17647,-2536.05,2026/01/29 23:24:05
17409,1893.98,17619.4,-2535.59,2026/01/29 23:24:06
17410,1894.09,17510.4,-2523.66,2026/01/29 23:24:06
17411,1894.2,17351.6,-2514.48,2026/01/29 23:24:06
17412,1894.31,17204.2,-2497.58,2026/01/29 23:24:06
17413,1894.42,17040.4,-2480.8,2026/01/29 23:24:06
17414,1894.53,16967.7,-2461.93,2026/01/29 23:24:06
17415,1894.64,16817,-2448.16,2026/01/29 23:24:06
17416,1894.74,16128.3,-2554.51,2026/01/29 23:24:06
17417,1894.85,15869.7,-2576.57,2026/01/29 23:24:06
17418,1894.96,15703.8,-2586.58,2026/01/29 23:24:07
17419,1895.07,15624,-2581.57,2026/01/29 23:24:07
17420,1895.18,15552.4,-2571.52,2026/01/29 23:24:07
17421,1895.29,15466,-2582.37,2026/01/29 23:24:07
17422,1895.4,15494.2,-2615.41,2026/01/29 23:24:07
17423,1895.51,15607.5,-2612.83,2026/01/29 23:24:07
17424,1895.62,15737.4,-2604.93,2026/01/29 23:24:07
17425,1895.73,16112.5,-2576.82,2026/01/29 23:24:07
17426,1895.84,16594.7,-2554.92,2026/01/29 23:24:07
17427,1895.95,16894.6,-2547.41,2026/01/29 23:24:07
17428,1896.05,16954.1,-2542.03,2026/01/29 23:24:08
17429,1896.16,16968.9,-2546.28,2026/01/29 23:24:08
17430,1896.27,17029,-2543.33,2026/01/29 23:24:08
17431,1896.38,17089.2,-2542.32,2026/01/29 23:24:08
17432,1896.49,17250.7,-2531.65,2026/01/29 23:24:08
17433,1896.6,17473.6,-2524.34,2026/01/29 23:24:08
17434,1896.71,17629.6,-2529.86,2026/01/29 23:24:08
17435,1896.82,17719.4,-2533.72,2026/01/29 23:24:08
17436,1896.93,17738.1,-2534.73,2026/01/29 23:24:08
17437,1897.03,17749,-2532.31,2026/01/29 23:24:09
17438,1897.14,17742.6,-2534.88,2026/01/29 23:24:09
17439,1897.25,17712.3,-2528.71,2026/01/29 23:24:09
17440,1897.36,17696.2,-2530.02,2026/01/29 23:24:09
17441,1897.47,17676.8,-2526.54,2026/01/29 23:24:09
17442,1897.58,17631.7,-2526.84,2026/01/29 23:24:09
17443,1897.69,17592.3,-2523.75,2026/01/29 23:24:09
17444,1897.8,17568.1,-2523.77,2026/01/29 23:24:09
17445,1897.9,17353.5,-2489.21,2026/01/29 23:24:09
17446,1898.01,17129.5,-2476.48,2026/01/29 23:24:10
17447,1898.12,17097.5,-2493.91,2026/01/29 23:24:10
17448,1898.23,17059.6,-2487.41,2026/01/29 23:24:10
17449,1898.34,17007.4,-2480.51,2026/01/29 23:24:10
17450,1898.45,16947.6,-2470.73,2026/01/29 23:24:10
17451,1898.56,16873.7,-2464.43,2026/01/29 23:24:10
17452,1898.67,16834,-2459.2,2026/01/29 23:24:10
17453,1898.78,16813,-2460.43,2026/01/29 23:24:10
17454,1898.88,16814,-2463.11,2026/01/29 23:24:10
17455,1898.99,16840.1,-2464.1,2026/01/29 23:24:11
17456,1899.1,16851.6,-2468.3,2026/01/29 23:24:11
17457,1899.21,16868.3,-2472.86,2026/01/29 23:24:11
17458,1899.32,16962.4,-2485.31,2026/01/29 23:24:11
17459,1899.43,17064.9,-2491.62,2026/01/29 23:24:11
17460,1899.53,17174,-2499.54,2026/01/29 23:24:11
17461,1899.64,17283.9,-2508.84,2026/01/29 23:24:11
17462,1899.75,17335.5,-2515.3,2026/01/29 23:24:11
17463,1899.86,17306.4,-2517.07,2026/01/29 23:24:11
17464,1899.97,17355.8,-2519.37,2026/01/29 23:24:12
17465,1900.08,17402,-2524.46,2026/01/29 23:24:12
17466,1900.19,17490.2,-2527.2,2026/01/29 23:24:12
17467,1900.3,17600.2,-2535.04,2026/01/29 23:24:12
17468,1900.41,17749.7,-2544.7,2026/01/29 23:24:12
17469,1900.51,17778.1,-2543.23,2026/01/29 23:24:12
17470,1900.62,17824.3,-2538.53,2026/01/29 23:24:12
17471,1900.73,17821.7,-2541.42,2026/01/29 23:24:12
17472,1900.84,17823.7,-2543.09,2026/01/29 23:24:12
17473,1900.95,17830.1,-2542.03,2026/01/29 23:24:12
17474,1901.06,17826.7,-2544.33,2026/01/29 23:24:13
17475,1901.17,17831.8,-2543.25,2026/01/29 23:24:13
17476,1901.27,17825.7,-2543.54,2026/01/29 23:24:13
17477,1901.38,17813.1,-2539.96,2026/01/29 23:24:13
17478,1901.49,17762.3,-2543.68,2026/01/29 23:24:13
17479,1901.6,17785.2,-2549.79,2026/01/29 23:24:13
17480,1901.71,17790.4,-2544.02,2026/01/29 23:24:13
17481,1901.82,17705.7,-2539.25,2026/01/29 23:24:13
17482,1901.93,17586.5,-2531.62,2026/01/29 23:24:13
17483,1902.04,17399.2,-2520.35,2026/01/29 23:24:14
17484,1902.15,17303.3,-2510.91,2026/01/29 23:24:14
17485,1902.26,17208.7,-2501.4,2026/01/29 23:24:14
17486,1902.37,17151.7,-2503.39,2026/01/29 23:24:14
17487,1902.48,17086.4,-2487.1,2026/01/29 23:24:14
17488,1902.59,17013.1,-2481.46,2026/01/29 23:24:14
17489,1902.69,16957.4,-2474.51,2026/01/29 23:24:14
17490,1902.8,16900.9,-2471.27,2026/01/29 23:24:14
17491,1902.91,16882.8,-2463.93,2026/01/29 23:24:14
17492,1903.02,16872.7,-2465.66,2026/01/29 23:24:15
17493,1903.13,16904.6,-2467.58,2026/01/29 23:24:15
17494,1903.24,16919.2,-2472.31,2026/01/29 23:24:15
17495,1903.35,16945.3,-2476.27,2026/01/29 23:24:15
17496,1903.45,17006.4,-2483.82,2026/01/29 23:24:15
17497,1903.56,17108,-2495.63,2026/01/29 23:24:15
17498,1903.67,17299,-2507.98,2026/01/29 23:24:15
17499,1903.78,17368.1,-2510.57,2026/01/29 23:24:15
17500,1903.89,17351.4,-2515.94,2026/01/29 23:24:15
17501,1904,17383.7,-2523.97,2026/01/29 23:24:16
17502,1904.11,17433.1,-2523.02,2026/01/29 23:24:16
17503,1904.22,17509.9,-2531.84,2026/01/29 23:24:16
17504,1904.32,17600.9,-2532.3,2026/01/29 23:24:16
17505,1904.43,17720.8,-2541.8,2026/01/29 23:24:16
17506,1904.54,17786.6,-2542.28,2026/01/29 23:24:16
17507,1904.65,17811,-2543.59,2026/01/29 23:24:16
17508,1904.76,17838.9,-2544.77,2026/01/29 23:24:16
17509,1904.87,17848.8,-2543.53,2026/01/29 23:24:16
17510,1904.98,17841.1,-2546.4,2026/01/29 23:24:17
17511,1905.09,17849.9,-2544.93,2026/01/29 23:24:17
17512,1905.19,17845.5,-2544.64,2026/01/29 23:24:17
17513,1905.3,17807.2,-2545.78,2026/01/29 23:24:17
17514,1905.41,17789,-2550.53,2026/01/29 23:24:17
17515,1905.52,17811.2,-2551.12,2026/01/29 23:24:17
17516,1905.63,17734.8,-2540.15,2026/01/29 23:24:17
17517,1905.74,17555.2,-2528.04,2026/01/29 23:24:17
17518,1905.85,17317.2,-2513.99,2026/01/29 23:24:17
17519,1905.96,17190.6,-2505.7,2026/01/29 23:24:18
17520,1906.07,17128.8,-2498.78,2026/01/29 23:24:18
17521,1906.17,17071.1,-2492.18,2026/01/29 23:24:18
17522,1906.29,17032,-2482.54,2026/01/29 23:24:18
17523,1906.39,16960.5,-2472.31,2026/01/29 23:24:18
17524,1906.5,16899.3,-2469.43,2026/01/29 23:24:18
17525,1906.61,16901.9,-2467.66,2026/01/29 23:24:18
17526,1906.72,16928.7,-2472.19,2026/01/29 23:24:18
17527,1906.83,16952.7,-2475.38,2026/01/29 23:24:18
17528,1906.94,17010,-2483.42,2026/01/29 23:24:18
17529,1907.05,17095.6,-2494.04,2026/01/29 23:24:19
17530,1907.16,17293.1,-2508.12,2026/01/29 23:24:19
17531,1907.27,17401.5,-2508.19,2026/01/29 23:24:19
17532,1907.38,17411.2,-2518.21,2026/01/29 23:24:19
17533,1907.48,17419.2,-2522.46,2026/01/29 23:24:19
17534,1907.59,17464.6,-2527.18,2026/01/29 23:24:19
17535,1907.7,17513.2,-2528.88,2026/01/29 23:24:19
17536,1907.81,17565.9,-2534.52,2026/01/29 23:24:19
17537,1907.92,17638.6,-2533.98,2026/01/29 23:24:19
17538,1908.03,17743.5,-2540.78,2026/01/29 23:24:20
17539,1908.14,17798.2,-2544.03,2026/01/29 23:24:20
17540,1908.25,17838.1,-2541.95,2026/01/29 23:24:20
17541,1908.36,17838.4,-2546.18,2026/01/29 23:24:20
17542,1908.47,17858.7,-2546.92,2026/01/29 23:24:20
17543,1908.58,17862.8,-2546.88,2026/01/29 23:24:20
17544,1908.68,17867.8,-2547.75,2026/01/29 23:24:20
17545,1908.79,17869.6,-2546.83,2026/01/29 23:24:20
17546,1908.9,17871.4,-2550.11,2026/01/29 23:24:20
17547,1909.01,17879.2,-2547.89,2026/01/29 23:24:21
17548,1909.12,17860.9,-2548.06,2026/01/29 23:24:21
17549,1909.23,17834.7,-2547.54,2026/01/29 23:24:21
17550,1909.33,17822.1,-2550.35,2026/01/29 23:24:21
17551,1909.44,17842,-2551.97,2026/01/29 23:24:21
17552,1909.55,17839.3,-2551.06,2026/01/29 23:24:21
17553,1909.66,17755.3,-2545.5,2026/01/29 23:24:21
17554,1909.77,17649.5,-2539.81,2026/01/29 23:24:21
17555,1909.88,17498.3,-2528.76,2026/01/29 23:24:21
17556,1909.99,17328.6,-2512.23,2026/01/29 23:24:22
17557,1910.1,17213.4,-2509.94,2026/01/29 23:24:22
17558,1910.2,17146.9,-2500.92,2026/01/29 23:24:22
17559,1910.31,17101.3,-2496.74,2026/01/29 23:24:22
17560,1910.42,17070.7,-2488.32,2026/01/29 23:24:22
17561,1910.53,17016.2,-2483.12,2026/01/29 23:24:22
17562,1910.64,16969,-2475.9,2026/01/29 23:24:22
17563,1910.75,16926.1,-2473.59,2026/01/29 23:24:22
17564,1910.86,16957.4,-2476.36,2026/01/29 23:24:22
17565,1910.97,17016.8,-2483.13,2026/01/29 23:24:23
17566,1911.07,17078.3,-2489.36,2026/01/29 23:24:23
17567,1911.18,17202.6,-2502.51,2026/01/29 23:24:23
17568,1911.29,17390.1,-2511.64,2026/01/29 23:24:23
17569,1911.4,17412.1,-2515.85,2026/01/29 23:24:23
17570,1911.51,17424.8,-2522.69,2026/01/29 23:24:23
17571,1911.62,17482.1,-2530.25,2026/01/29 23:24:23
17572,1911.73,17552.4,-2532.47,2026/01/29 23:24:23
17573,1911.84,17639,-2537.08,2026/01/29 23:24:23
17574,1911.94,17756,-2541.3,2026/01/29 23:24:23
17575,1912.05,17802.1,-2544.73,2026/01/29 23:24:24
17576,1912.16,17841.6,-2545.96,2026/01/29 23:24:24
17577,1912.27,17853.4,-2546.76,2026/01/29 23:24:24
17578,1912.38,17861.5,-2549.02,2026/01/29 23:24:24
17579,1912.49,17876.7,-2549.08,2026/01/29 23:24:24
17580,1912.6,17879.1,-2548.57,2026/01/29 23:24:24
17581,1912.71,17888.7,-2549.24,2026/01/29 23:24:24
17582,1912.82,17886.3,-2551.78,2026/01/29 23:24:24
17583,1912.93,17879,-2546.08,2026/01/29 23:24:24
17584,1913.04,17829.3,-2549.32,2026/01/29 23:24:25
17585,1913.14,17846.1,-2550.51,2026/01/29 23:24:25
17586,1913.25,17869.5,-2558.05,2026/01/29 23:24:25
17587,1913.36,17748.8,-2540.92,2026/01/29 23:24:25
17588,1913.47,17591,-2534.82,2026/01/29 23:24:25
17589,1913.58,17415.3,-2521.08,2026/01/29 23:24:25
17590,1913.69,17296.3,-2512.28,2026/01/29 23:24:25
17591,1913.8,17229.8,-2513.08,2026/01/29 23:24:25
17592,1913.91,17190,-2508.76,2026/01/29 23:24:25
17593,1914.01,17132.6,-2503.9,2026/01/29 23:24:26
17594,1914.12,17098.9,-2493.02,2026/01/29 23:24:26
17595,1914.23,17033.5,-2486.32,2026/01/29 23:24:26
17596,1914.34,16983.6,-2478.66,2026/01/29 23:24:26
17597,1914.45,16955.3,-2475.61,2026/01/29 23:24:26
17598,1914.56,16984.5,-2480.59,2026/01/29 23:24:26
17599,1914.67,17001.9,-2480.12,2026/01/29 23:24:26
17600,1914.78,17009.1,-2483.48,2026/01/29 23:24:26
17601,1914.88,17024.2,-2484.63,2026/01/29 23:24:26
17602,1914.99,17067.7,-2491.86,2026/01/29 23:24:27
17603,1915.1,17123.3,-2496,2026/01/29 23:24:27
17604,1915.21,17297.5,-2509.21,2026/01/29 23:24:27
17605,1915.32,17437.3,-2514.78,2026/01/29 23:24:27
17606,1915.43,17471.7,-2520.25,2026/01/29 23:24:27
17607,1915.54,17445.5,-2525.56,2026/01/29 23:24:27
17608,1915.65,17492.4,-2531.68,2026/01/29 23:24:27
17609,1915.75,17527.7,-2534.11,2026/01/29 23:24:27
17610,1915.86,17593.6,-2535.33,2026/01/29 23:24:27
17611,1915.97,17647,-2539.58,2026/01/29 23:24:28
17612,1916.08,17718.8,-2545.14,2026/01/29 23:24:28
17613,1916.19,17798.1,-2546.28,2026/01/29 23:24:28
17614,1916.3,17842,-2547.06,2026/01/29 23:24:28
17615,1916.41,17861.6,-2547.23,2026/01/29 23:24:28
17616,1916.52,17873,-2550.06,2026/01/29 23:24:28
17617,1916.63,17885,-2546.2,2026/01/29 23:24:28
17618,1916.74,17885.1,-2551.49,2026/01/29 23:24:28
17619,1916.84,17897.1,-2548.93,2026/01/29 23:24:28
17620,1916.95,17924.2,-2553.67,2026/01/29 23:24:29
17621,1917.06,17918.6,-2550.41,2026/01/29 23:24:29
17622,1917.17,17880,-2553.71,2026/01/29 23:24:29
17623,1917.28,17876.8,-2555.46,2026/01/29 23:24:29
17624,1917.39,17856,-2556.71,2026/01/29 23:24:29
17625,1917.5,17805.8,-2549.9,2026/01/29 23:24:29
17626,1917.61,17664.5,-2536.06,2026/01/29 23:24:29
17627,1917.72,17435.4,-2523.96,2026/01/29 23:24:29
17628,1917.83,17318,-2518.94,2026/01/29 23:24:29
17629,1917.93,17220.4,-2512.48,2026/01/29 23:24:29
17630,1918.04,17178.7,-2510.07,2026/01/29 23:24:30
17631,1918.15,17120.9,-2504.46,2026/01/29 23:24:30
17632,1918.26,17065.3,-2492.82,2026/01/29 23:24:30
17633,1918.37,17029.4,-2491.54,2026/01/29 23:24:30
17634,1918.48,17014,-2486.44,2026/01/29 23:24:30
17635,1918.59,16987.2,-2484.81,2026/01/29 23:24:30
17636,1918.7,16959.9,-2480.24,2026/01/29 23:24:30
17637,1918.81,16942.7,-2479.92,2026/01/29 23:24:30
17638,1918.92,16965.8,-2481,2026/01/29 23:24:30
17639,1919.03,16961.6,-2479.4,2026/01/29 23:24:31
17640,1919.14,16908.6,-2475.68,2026/01/29 23:24:31
17641,1919.25,16880.1,-2474.21,2026/01/29 23:24:31
17642,1919.36,16924.4,-2479.14,2026/01/29 23:24:31
17643,1919.47,16947.4,-2479.89,2026/01/29 23:24:31
17644,1919.57,16987.8,-2486.27,2026/01/29 23:24:31
17645,1919.68,17041.1,-2493.11,2026/01/29 23:24:31
17646,1919.79,17117.5,-2500.92,2026/01/29 23:24:31
17647,1919.9,17242.5,-2509.86,2026/01/29 23:24:31
17648,1920.01,17387.3,-2515.55,2026/01/29 23:24:32
17649,1920.12,17400,-2521.25,2026/01/29 23:24:32
17650,1920.23,17412,-2527.13,2026/01/29 23:24:32
17651,1920.33,17437.1,-2532.42,2026/01/29 23:24:32
17652,1920.44,17487.6,-2532.58,2026/01/29 23:24:32
17653,1920.55,17513.5,-2536.01,2026/01/29 23:24:32
17654,1920.66,17572.7,-2536.75,2026/01/29 23:24:32
17655,1920.77,17626,-2542.98,2026/01/29 23:24:32
17656,1920.88,17688.4,-2543.64,2026/01/29 23:24:32
17657,1920.99,17791.5,-2549.49,2026/01/29 23:24:33
17658,1921.09,17828,-2550.15,2026/01/29 23:24:33
17659,1921.2,17854.7,-2549.52,2026/01/29 23:24:33
17660,1921.31,17868,-2549.85,2026/01/29 23:24:33
17661,1921.42,17880.9,-2550.59,2026/01/29 23:24:33
17662,1921.53,17897.2,-2553.24,2026/01/29 23:24:33
17663,1921.64,17918.2,-2554.15,2026/01/29 23:24:33
17664,1921.75,17897.2,-2553.83,2026/01/29 23:24:33
17665,1921.85,17867.1,-2555.52,2026/01/29 23:24:33
17666,1921.96,17875,-2556.07,2026/01/29 23:24:34
17667,1922.07,17895.3,-2558.6,2026/01/29 23:24:34
17668,1922.18,17896,-2557.78,2026/01/29 23:24:34
17669,1922.29,17789.5,-2549.57,2026/01/29 23:24:34
17670,1922.4,17627.9,-2538.44,2026/01/29 23:24:34
17671,1922.5,17416.3,-2517.63,2026/01/29 23:24:34
17672,1922.61,17279.2,-2515.76,2026/01/29 23:24:34
17673,1922.72,17210.1,-2508.56,2026/01/29 23:24:34
17674,1922.83,17182.2,-2506.94,2026/01/29 23:24:34
17675,1922.94,17139.6,-2502.15,2026/01/29 23:24:34
17676,1923.05,17103.1,-2499.49,2026/01/29 23:24:35
17677,1923.16,17052.7,-2492.44,2026/01/29 23:24:35
17678,1923.27,17011.1,-2487.48,2026/01/29 23:24:35
17679,1923.38,17053.4,-2493.42,2026/01/29 23:24:35
17680,1923.49,17049.3,-2493.68,2026/01/29 23:24:35
17681,1923.59,17050.7,-2495.25,2026/01/29 23:24:35
17682,1923.7,17088.5,-2496.98,2026/01/29 23:24:35
17683,1923.81,17115.3,-2506.16,2026/01/29 23:24:35
17684,1923.92,17205.2,-2505.1,2026/01/29 23:24:35
17685,1924.03,17304.1,-2513.08,2026/01/29 23:24:36
17686,1924.14,17435.4,-2514.08,2026/01/29 23:24:36
17687,1924.24,17494.7,-2520.06,2026/01/29 23:24:36
17688,1924.35,17505.2,-2527.93,2026/01/29 23:24:36
17689,1924.46,17473.6,-2528.3,2026/01/29 23:24:36
17690,1924.57,17477.9,-2532.68,2026/01/29 23:24:36
17691,1924.68,17527.2,-2532.74,2026/01/29 23:24:36
17692,1924.79,17572.3,-2539,2026/01/29 23:24:36
17693,1924.9,17626.3,-2544.55,2026/01/29 23:24:36
17694,1925.01,17672.2,-2546.61,2026/01/29 23:24:37
17695,1925.11,17724,-2548.05,2026/01/29 23:24:37
17696,1925.22,17800.3,-2547.42,2026/01/29 23:24:37
17697,1925.33,17832.6,-2553.35,2026/01/29 23:24:37
17698,1925.45,17873.5,-2553.16,2026/01/29 23:24:37
17699,1925.55,17889.5,-2554.44,2026/01/29 23:24:37
17700,1925.66,17910.9,-2552.95,2026/01/29 23:24:37
17701,1925.77,17917.8,-2554.55,2026/01/29 23:24:37
17702,1925.88,17926.7,-2553.83,2026/01/29 23:24:37
17703,1925.99,17926.7,-2556.52,2026/01/29 23:24:38
17704,1926.1,17935.2,-2553.94,2026/01/29 23:24:38
17705,1926.21,17937.3,-2557.01,2026/01/29 23:24:38
17706,1926.31,17940.2,-2556.47,2026/01/29 23:24:38
17707,1926.42,17919.1,-2553.25,2026/01/29 23:24:38
17708,1926.53,17753.2,-2539.51,2026/01/29 23:24:38
17709,1926.64,17630.1,-2535.1,2026/01/29 23:24:38
17710,1926.75,17589.2,-2541.61,2026/01/29 23:24:38
17711,1926.86,17590.2,-2539.74,2026/01/29 23:24:38
17712,1926.97,17591.2,-2542.45,2026/01/29 23:24:39
17713,1927.08,17600.7,-2541.08,2026/01/29 23:24:39
17714,1927.19,17587.2,-2542.1,2026/01/29 23:24:39
17715,1927.29,17573.5,-2539.43,2026/01/29 23:24:39
17716,1927.4,17557.8,-2538.03,2026/01/29 23:24:39
17717,1927.51,17538,-2536.33,2026/01/29 23:24:39
17718,1927.62,17520.2,-2528.35,2026/01/29 23:24:39
17719,1927.73,17431.2,-2523.08,2026/01/29 23:24:39
17720,1927.84,17455.1,-2518.95,2026/01/29 23:24:39
17721,1927.95,17178.2,-2479.33,2026/01/29 23:24:39
17722,1928.06,16255,-2382.53,2026/01/29 23:24:40
17723,1928.17,15231.4,-2418.92,2026/01/29 23:24:40
17724,1928.27,13836.3,-2412.26,2026/01/29 23:24:40
17725,1928.38,13583.2,-2325.21,2026/01/29 23:24:40
17726,1928.49,13440.3,-2268.41,2026/01/29 23:24:40
17727,1928.6,13290.8,-2232.64,2026/01/29 23:24:40
17728,1928.71,13098.5,-2199.1,2026/01/29 23:24:40
17729,1928.82,12964.7,-2177.76,2026/01/29 23:24:40
17730,1928.93,12835.3,-2146.94,2026/01/29 23:24:40
17731,1929.04,12767.1,-2122.4,2026/01/29 23:24:41
17732,1929.15,12739.6,-2116.08,2026/01/29 23:24:41
17733,1929.25,12710.3,-2104.35,2026/01/29 23:24:41
17734,1929.36,12676.2,-2095.04,2026/01/29 23:24:41
17735,1929.47,12716.1,-2095.14,2026/01/29 23:24:41
17736,1929.58,12821.6,-2114.71,2026/01/29 23:24:41
17737,1929.69,12951.5,-2142.87,2026/01/29 23:24:41
17738,1929.8,13309.4,-2219.03,2026/01/29 23:24:41
17739,1929.91,13987.7,-2376.51,2026/01/29 23:24:41
17740,1930.02,15593.6,-2585.78,2026/01/29 23:24:42
17741,1930.13,15721,-2603.96,2026/01/29 23:24:42
17742,1930.24,15983.6,-2591.35,2026/01/29 23:24:42
17743,1930.35,16369,-2606.59,2026/01/29 23:24:42
17744,1930.46,16574.9,-2617.81,2026/01/29 23:24:42
17745,1930.57,17122.7,-2549.58,2026/01/29 23:24:42
17746,1930.68,17222.8,-2535.59,2026/01/29 23:24:42
17747,1930.78,17139.1,-2530.68,2026/01/29 23:24:42
17748,1930.89,17113.7,-2532.81,2026/01/29 23:24:42
17749,1931,17095,-2527.72,2026/01/29 23:24:43
17750,1931.11,17089.1,-2530.47,2026/01/29 23:24:43
17751,1931.22,17091.6,-2525.94,2026/01/29 23:24:43
17752,1931.33,17097.5,-2528.92,2026/01/29 23:24:43
17753,1931.44,17211.3,-2526.11,2026/01/29 23:24:43
17754,1931.55,17226.6,-2522.12,2026/01/29 23:24:43
17755,1931.65,16958.2,-2494.39,2026/01/29 23:24:43
17756,1931.76,15696.7,-2416.35,2026/01/29 23:24:43
17757,1931.87,14684.9,-2329.45,2026/01/29 23:24:43
17758,1931.98,13645.5,-2304.93,2026/01/29 23:24:44
17759,1932.09,13516.2,-2255.97,2026/01/29 23:24:44
17760,1932.2,13229.2,-2219.02,2026/01/29 23:24:44
17761,1932.31,13008.9,-2154.44,2026/01/29 23:24:44
17762,1932.42,12855.8,-2127.49,2026/01/29 23:24:44
17763,1932.53,12822.7,-2124.18,2026/01/29 23:24:44
17764,1932.64,12798.8,-2119.89,2026/01/29 23:24:44
17765,1932.75,12806.6,-2121.85,2026/01/29 23:24:44
17766,1932.86,12999.4,-2157.98,2026/01/29 23:24:44
17767,1932.97,13574.2,-2273.75,2026/01/29 23:24:45
17768,1933.08,14461.4,-2426.97,2026/01/29 23:24:45
17769,1933.19,15531.5,-2560.57,2026/01/29 23:24:45
17770,1933.3,15724.6,-2585.25,2026/01/29 23:24:45
17771,1933.41,15972.2,-2592.9,2026/01/29 23:24:45
17772,1933.51,16319.4,-2616.04,2026/01/29 23:24:45
17773,1933.63,16618.3,-2631.93,2026/01/29 23:24:45
17774,1933.73,16594.1,-2630.13,2026/01/29 23:24:45
17775,1933.85,16586.5,-2627.57,2026/01/29 23:24:45
17776,1933.95,16579,-2626.4,2026/01/29 23:24:45
17777,1934.06,16534.5,-2616.41,2026/01/29 23:24:46
17778,1934.17,16534.4,-2615.49,2026/01/29 23:24:46
17779,1934.28,16543.4,-2613.14,2026/01/29 23:24:46
17780,1934.39,16541.5,-2614.83,2026/01/29 23:24:46
17781,1934.5,16536.5,-2615.19,2026/01/29 23:24:46
17782,1934.61,16527.1,-2621.7,2026/01/29 23:24:46
17783,1934.71,16526.2,-2621.57,2026/01/29 23:24:46
17784,1934.82,16624.7,-2620.57,2026/01/29 23:24:46
17785,1934.93,16667.1,-2619.41,2026/01/29 23:24:46
17786,1935.04,16048.7,-2481.2,2026/01/29 23:24:47
17787,1935.15,14663.3,-2316.95,2026/01/29 23:24:47
17788,1935.26,13543.5,-2284.82,2026/01/29 23:24:47
17789,1935.37,13347.9,-2223.09,2026/01/29 23:24:47
17790,1935.48,13093.4,-2177.2,2026/01/29 23:24:47
17791,1935.59,12897.3,-2131.43,2026/01/29 23:24:47
17792,1935.7,12758.7,-2102.23,2026/01/29 23:24:47
17793,1935.8,12650.8,-2077.63,2026/01/29 23:24:47
17794,1935.91,12589.8,-2062.89,2026/01/29 23:24:47
17795,1936.02,12573.8,-2060.85,2026/01/29 23:24:48
17796,1936.13,12646.9,-2071.49,2026/01/29 23:24:48
17797,1936.24,12735.1,-2086.42,2026/01/29 23:24:48
17798,1936.35,12853.3,-2114.83,2026/01/29 23:24:48
17799,1936.46,13061.5,-2169.4,2026/01/29 23:24:48
17800,1936.57,13391.1,-2262.65,2026/01/29 23:24:48
17801,1936.68,13907.2,-2351.86,2026/01/29 23:24:48
17802,1936.79,15148,-2513.16,2026/01/29 23:24:48
17803,1936.9,15476.3,-2564.31,2026/01/29 23:24:48
17804,1937.01,15560.3,-2573.11,2026/01/29 23:24:49
17805,1937.12,15733.7,-2573.11,2026/01/29 23:24:49
17806,1937.23,15893.4,-2583.76,2026/01/29 23:24:49
17807,1937.34,16297.4,-2627.22,2026/01/29 23:24:49
17808,1937.44,16395.5,-2611.23,2026/01/29 23:24:49
17809,1937.55,16377.8,-2618.64,2026/01/29 23:24:49
17810,1937.66,16356.5,-2621.52,2026/01/29 23:24:49
17811,1937.77,16289.2,-2609.08,2026/01/29 23:24:49
17812,1937.88,16298.1,-2610,2026/01/29 23:24:49
17813,1937.99,16304.8,-2609.54,2026/01/29 23:24:50
17814,1938.1,16312.3,-2611.97,2026/01/29 23:24:50
17815,1938.21,16319.9,-2612.05,2026/01/29 23:24:50
17816,1938.32,16320.5,-2612.38,2026/01/29 23:24:50
17817,1938.43,16308.6,-2615.6,2026/01/29 23:24:50
17818,1938.53,16317.8,-2614.54,2026/01/29 23:24:50
17819,1938.64,16315,-2614.93,2026/01/29 23:24:50
17820,1938.75,16323.8,-2614.77,2026/01/29 23:24:50
17821,1938.86,16338.6,-2613.64,2026/01/29 23:24:50
17822,1938.97,16346,-2613.53,2026/01/29 23:24:51
17823,1939.08,16430.7,-2608.72,2026/01/29 23:24:51
17824,1939.19,16486,-2609.68,2026/01/29 23:24:51
17825,1939.3,16508.5,-2608.75,2026/01/29 23:24:51
17826,1939.41,16500.5,-2613.51,2026/01/29 23:24:51
17827,1939.51,16495.3,-2615.83,2026/01/29 23:24:51
17828,1939.62,16474.9,-2618.24,2026/01/29 23:24:51
17829,1939.73,16414.4,-2612.78,2026/01/29 23:24:51
17830,1939.84,16354.9,-2587.33,2026/01/29 23:24:51
17831,1939.95,16274.3,-2563.3,2026/01/29 23:24:51
17832,1940.06,16163.4,-2549.91,2026/01/29 23:24:52
17833,1940.17,16075.9,-2535.55,2026/01/29 23:24:52
17834,1940.28,16020.7,-2517.82,2026/01/29 23:24:52
17835,1940.39,15715.1,-2443.03,2026/01/29 23:24:52
17836,1940.49,15454.5,-2392.39,2026/01/29 23:24:52
17837,1940.6,15260.7,-2351.09,2026/01/29 23:24:52
17838,1940.71,15004.7,-2344.82,2026/01/29 23:24:52
17839,1940.82,14651.4,-2342.5,2026/01/29 23:24:52
17840,1940.93,14438.4,-2339.48,2026/01/29 23:24:52
17841,1941.04,13836.7,-2313.4,2026/01/29 23:24:53
17842,1941.15,13523.9,-2299.66,2026/01/29 23:24:53
17843,1941.26,13419.5,-2286.19,2026/01/29 23:24:53
17844,1941.37,13372.5,-2262.32,2026/01/29 23:24:53
17845,1941.48,13355.4,-2243.13,2026/01/29 23:24:53
17846,1941.59,13264.3,-2236.06,2026/01/29 23:24:53
17847,1941.69,13164.9,-2238.06,2026/01/29 23:24:53
17848,1941.8,13026.6,-2216.1,2026/01/29 23:24:53
17849,1941.91,12907.4,-2154.87,2026/01/29 23:24:53
17850,1942.02,12841,-2137.35,2026/01/29 23:24:54
17851,1942.13,12807.1,-2125.85,2026/01/29 23:24:54
17852,1942.24,12741.8,-2115.35,2026/01/29 23:24:54
17853,1942.35,12678.3,-2099.8,2026/01/29 23:24:54
17854,1942.45,12629.1,-2085.34,2026/01/29 23:24:54
17855,1942.56,12585.1,-2069.37,2026/01/29 23:24:54
17856,1942.67,12554.5,-2061.06,2026/01/29 23:24:54
17857,1942.78,12527.9,-2055.97,2026/01/29 23:24:54
17858,1942.89,12570,-2055.24,2026/01/29 23:24:54
17859,1943,12602.9,-2059.01,2026/01/29 23:24:55
17860,1943.11,12648.9,-2069.49,2026/01/29 23:24:55
17861,1943.22,12718.9,-2080.44,2026/01/29 23:24:55
17862,1943.33,12810.2,-2099.57,2026/01/29 23:24:55
17863,1943.43,12899.4,-2116.58,2026/01/29 23:24:55
17864,1943.54,13025.1,-2164.22,2026/01/29 23:24:55
17865,1943.65,13242.4,-2239.32,2026/01/29 23:24:55
17866,1943.76,13512,-2273.52,2026/01/29 23:24:55
17867,1943.87,13680.1,-2295.5,2026/01/29 23:24:55
17868,1943.98,14006.4,-2381.27,2026/01/29 23:24:56
17869,1944.09,14502.3,-2464.1,2026/01/29 23:24:56
17870,1944.2,14991.7,-2447.92,2026/01/29 23:24:56
17871,1944.31,15371.2,-2560.5,2026/01/29 23:24:56
17872,1944.42,15445,-2562,2026/01/29 23:24:56
17873,1944.53,15467.3,-2564.23,2026/01/29 23:24:56
17874,1944.63,15505.1,-2569.37,2026/01/29 23:24:56
17875,1944.74,15574.7,-2571.35,2026/01/29 23:24:56
17876,1944.85,15668.3,-2571.33,2026/01/29 23:24:56
17877,1944.96,15764.3,-2569.86,2026/01/29 23:24:57
17878,1945.07,15842.2,-2574.16,2026/01/29 23:24:57
17879,1945.18,15982.5,-2585.91,2026/01/29 23:24:57
17880,1945.29,16278.6,-2619.52,2026/01/29 23:24:57
17881,1945.4,16394.8,-2623.61,2026/01/29 23:24:57
17882,1945.51,16512.2,-2623.43,2026/01/29 23:24:57
17883,1945.61,16416.9,-2610.85,2026/01/29 23:24:57
17884,1945.72,16278.3,-2604.51,2026/01/29 23:24:57
17885,1945.83,16278.5,-2605.42,2026/01/29 23:24:57
17886,1945.94,16287.6,-2602.96,2026/01/29 23:24:57
17887,1946.05,16313.1,-2601.92,2026/01/29 23:24:58
17888,1946.16,16327.1,-2600.04,2026/01/29 23:24:58
17889,1946.27,16342.3,-2601.88,2026/01/29 23:24:58
17890,1946.38,16359,-2598.9,2026/01/29 23:24:58
17891,1946.48,16381.5,-2599.5,2026/01/29 23:24:58
17892,1946.59,16390.7,-2599.31,2026/01/29 23:24:58
17893,1946.7,16392.1,-2600.33,2026/01/29 23:24:58
17894,1946.81,16392.4,-2601.79,2026/01/29 23:24:58
17895,1946.92,16386.1,-2601.81,2026/01/29 23:24:58
17896,1947.03,16376.5,-2606.07,2026/01/29 23:24:59
17897,1947.14,16375.9,-2604.1,2026/01/29 23:24:59
17898,1947.25,16365,-2608.9,2026/01/29 23:24:59
17899,1947.36,16368.5,-2607.02,2026/01/29 23:24:59
17900,1947.47,16366.5,-2608.54,2026/01/29 23:24:59
17901,1947.58,16368,-2607.35,2026/01/29 23:24:59
17902,1947.69,16361.5,-2610.82,2026/01/29 23:24:59
17903,1947.8,16368.4,-2609.05,2026/01/29 23:24:59
17904,1947.9,16362.6,-2610.35,2026/01/29 23:24:59
17905,1948.01,16362.8,-2611.44,2026/01/29 23:25:00
17906,1948.12,16356.3,-2612.74,2026/01/29 23:25:00
17907,1948.23,16363.1,-2612.34,2026/01/29 23:25:00
17908,1948.34,16361.4,-2612.1,2026/01/29 23:25:00
17909,1948.45,16366.3,-2611.95,2026/01/29 23:25:00
17910,1948.56,16366.6,-2611.36,2026/01/29 23:25:00
17911,1948.67,16368.2,-2613.33,2026/01/29 23:25:00
17912,1948.78,16370.9,-2610.56,2026/01/29 23:25:00
17913,1948.88,16370.1,-2612.69,2026/01/29 23:25:00
17914,1948.99,16375.5,-2610.73,2026/01/29 23:25:01
17915,1949.1,16374.4,-2610.24,2026/01/29 23:25:01
17916,1949.21,16381.6,-2609.41,2026/01/29 23:25:01
17917,1949.32,16378,-2609.88,2026/01/29 23:25:01
17918,1949.43,16385.9,-2608.29,2026/01/29 23:25:01
17919,1949.54,16379.7,-2611.18,2026/01/29 23:25:01
17920,1949.65,16380.9,-2611.65,2026/01/29 23:25:01
17921,1949.76,16383,-2612.25,2026/01/29 23:25:01
17922,1949.87,16383.5,-2610.51,2026/01/29 23:25:01
17923,1949.98,16386.1,-2611.52,2026/01/29 23:25:02
17924,1950.09,16382.4,-2612.59,2026/01/29 23:25:02
17925,1950.19,16389.4,-2610.58,2026/01/29 23:25:02
17926,1950.3,16387.7,-2612.4,2026/01/29 23:25:02
17927,1950.41,16390.3,-2610.52,2026/01/29 23:25:02
17928,1950.52,16391.1,-2613.34,2026/01/29 23:25:02
17929,1950.63,16390.2,-2612.18,2026/01/29 23:25:02
17930,1950.74,16395.8,-2611.1,2026/01/29 23:25:02
17931,1950.84,16392.5,-2613.91,2026/01/29 23:25:02
17932,1950.95,16395.8,-2612.09,2026/01/29 23:25:02
17933,1951.06,16398.4,-2613.6,2026/01/29 23:25:03
17934,1951.17,16396.6,-2611.45,2026/01/29 23:25:03
17935,1951.28,16401.3,-2613.46,2026/01/29 23:25:03
17936,1951.39,16396.1,-2613.85,2026/01/29 23:25:03
17937,1951.49,16394.9,-2613.66,2026/01/29 23:25:03
17938,1951.6,16390.3,-2615.2,2026/01/29 23:25:03
17939,1951.71,16462.3,-2613.46,2026/01/29 23:25:03
17940,1951.82,16495.6,-2614.31,2026/01/29 23:25:03
17941,1951.93,16220.7,-2581.67,2026/01/29 23:25:03
17942,1952.04,15868.1,-2527.89,2026/01/29 23:25:04
17943,1952.14,14869,-2362.56,2026/01/29 23:25:04
17944,1952.25,13475.5,-2284.46,2026/01/29 23:25:04
17945,1952.36,13202.6,-2180.88,2026/01/29 23:25:04
17946,1952.47,12935.9,-2135.68,2026/01/29 23:25:04
17947,1952.58,12746.2,-2103.44,2026/01/29 23:25:04
17948,1952.69,12669.4,-2097.34,2026/01/29 23:25:04
17949,1952.8,12650.6,-2092.17,2026/01/29 23:25:04
17950,1952.91,12675.2,-2092.72,2026/01/29 23:25:04
17951,1953.02,12771.4,-2102.38,2026/01/29 23:25:05
17952,1953.13,13240.8,-2207.96,2026/01/29 23:25:05
17953,1953.24,14187.8,-2413.83,2026/01/29 23:25:05
17954,1953.34,15382,-2553.49,2026/01/29 23:25:05
17955,1953.45,15527.2,-2561.39,2026/01/29 23:25:05
17956,1953.56,15665.8,-2572.65,2026/01/29 23:25:05
17957,1953.67,15888.8,-2589.91,2026/01/29 23:25:05
17958,1953.78,16320.9,-2594.79,2026/01/29 23:25:05
17959,1953.89,16438.4,-2615.19,2026/01/29 23:25:05
17960,1954,16426,-2614.75,2026/01/29 23:25:06
17961,1954.11,16311.8,-2611.77,2026/01/29 23:25:06
17962,1954.22,16311.2,-2612.17,2026/01/29 23:25:06
17963,1954.32,16493.5,-2610.15,2026/01/29 23:25:06
17964,1954.43,16386.8,-2583.13,2026/01/29 23:25:06
17965,1954.54,15661.2,-2440.49,2026/01/29 23:25:06
17966,1954.65,14279.9,-2309.53,2026/01/29 23:25:06
17967,1954.76,13439.8,-2268.98,2026/01/29 23:25:06
17968,1954.87,13331.8,-2194.4,2026/01/29 23:25:06
17969,1954.98,12949.2,-2140.22,2026/01/29 23:25:07
17970,1955.09,12771.3,-2112.65,2026/01/29 23:25:07
17971,1955.2,12722.3,-2110.02,2026/01/29 23:25:07
17972,1955.3,12743.6,-2111.72,2026/01/29 23:25:07
17973,1955.41,12747,-2115.64,2026/01/29 23:25:07
17974,1955.52,12765.7,-2118.65,2026/01/29 23:25:07
17975,1955.63,12836.3,-2133.07,2026/01/29 23:25:07
17976,1955.74,13096.2,-2196.95,2026/01/29 23:25:07
17977,1955.85,13646.4,-2271.81,2026/01/29 23:25:07
17978,1955.96,15161.2,-2544.17,2026/01/29 23:25:08
17979,1956.07,15476.5,-2568.21,2026/01/29 23:25:08
17980,1956.18,15595.6,-2577.96,2026/01/29 23:25:08
17981,1956.28,15781.6,-2613.73,2026/01/29 23:25:08
17982,1956.39,16166.6,-2603.63,2026/01/29 23:25:08
17983,1956.5,16180.4,-2594,2026/01/29 23:25:08
17984,1956.61,16242.5,-2609.48,2026/01/29 23:25:08
17985,1956.72,16287.3,-2614.35,2026/01/29 23:25:08
17986,1956.83,16322.7,-2612.59,2026/01/29 23:25:08
17987,1956.94,16360.1,-2608.73,2026/01/29 23:25:08
17988,1957.05,16525.2,-2606.34,2026/01/29 23:25:09
17989,1957.16,16320.8,-2552.33,2026/01/29 23:25:09
17990,1957.27,15406.3,-2398.49,2026/01/29 23:25:09
17991,1957.38,13660.9,-2315.78,2026/01/29 23:25:09
17992,1957.49,13368.9,-2253.53,2026/01/29 23:25:09
17993,1957.59,13069,-2157.52,2026/01/29 23:25:09
17994,1957.7,12849.2,-2140.12,2026/01/29 23:25:09
17995,1957.81,12760.3,-2131.09,2026/01/29 23:25:09
17996,1957.92,12793.3,-2141.46,2026/01/29 23:25:09
17997,1958.03,12942,-2179.2,2026/01/29 23:25:10
17998,1958.14,13606,-2270.88,2026/01/29 23:25:10
17999,1958.25,15045.4,-2545.74,2026/01/29 23:25:10
18000,1958.36,15488.1,-2571.88,2026/01/29 23:25:10
18001,1958.47,15608.3,-2588.13,2026/01/29 23:25:10
18002,1958.57,15770.9,-2604.27,2026/01/29 23:25:10
18003,1958.68,16180.9,-2611.79,2026/01/29 23:25:10
18004,1958.79,16416,-2625.6,2026/01/29 23:25:10
18005,1958.9,16316.7,-2615.2,2026/01/29 23:25:10
18006,1959.01,16311.8,-2620.71,2026/01/29 23:25:11
18007,1959.12,16326.2,-2620.02,2026/01/29 23:25:11
18008,1959.23,16322.3,-2621.44,2026/01/29 23:25:11
18009,1959.34,16389.9,-2627.97,2026/01/29 23:25:11
18010,1959.44,16513,-2615.73,2026/01/29 23:25:11
18011,1959.55,16284.1,-2580.28,2026/01/29 23:25:11
18012,1959.66,15542,-2429.38,2026/01/29 23:25:11
18013,1959.77,13994.3,-2311.26,2026/01/29 23:25:11
18014,1959.88,13397.8,-2275.56,2026/01/29 23:25:11
18015,1959.99,13329.1,-2202.15,2026/01/29 23:25:12
18016,1960.1,13009.2,-2155.46,2026/01/29 23:25:12
18017,1960.21,12880.9,-2156.73,2026/01/29 23:25:12
18018,1960.32,12939.9,-2169.4,2026/01/29 23:25:12
18019,1960.42,13269.2,-2239.27,2026/01/29 23:25:12
18020,1960.54,13608.8,-2290.15,2026/01/29 23:25:12
18021,1960.64,14847.8,-2513,2026/01/29 23:25:12
18022,1960.75,15507.2,-2577.06,2026/01/29 23:25:12
18023,1960.86,15612.4,-2588.63,2026/01/29 23:25:12
18024,1960.97,15739.5,-2601.13,2026/01/29 23:25:13
18025,1961.08,15882.7,-2613.25,2026/01/29 23:25:13
18026,1961.19,16365,-2635.96,2026/01/29 23:25:13
18027,1961.3,16428.3,-2630.29,2026/01/29 23:25:13
18028,1961.41,16365.5,-2618.53,2026/01/29 23:25:13
18029,1961.52,16308.7,-2620.85,2026/01/29 23:25:13
18030,1961.63,16302.1,-2625.22,2026/01/29 23:25:13
18031,1961.74,16297.6,-2625.2,2026/01/29 23:25:13
18032,1961.85,16288,-2624.5,2026/01/29 23:25:13
18033,1961.96,16431.2,-2628.63,2026/01/29 23:25:14
18034,1962.06,16377.5,-2600.35,2026/01/29 23:25:14
18035,1962.17,15877.7,-2518.62,2026/01/29 23:25:14
18036,1962.28,15042.1,-2357.01,2026/01/29 23:25:14
18037,1962.39,13591.1,-2312.39,2026/01/29 23:25:14
18038,1962.5,13364.7,-2242.11,2026/01/29 23:25:14
18039,1962.61,13041,-2165.25,2026/01/29 23:25:14
18040,1962.72,12914.7,-2162.02,2026/01/29 23:25:14
18041,1962.82,12974.4,-2171.93,2026/01/29 23:25:14
18042,1962.93,13138.9,-2205.02,2026/01/29 23:25:14
18043,1963.04,13268.6,-2264.39,2026/01/29 23:25:15
18044,1963.15,13992.5,-2390.97,2026/01/29 23:25:15
18045,1963.26,15359.5,-2557.16,2026/01/29 23:25:15
18046,1963.37,15533.8,-2574.66,2026/01/29 23:25:15
18047,1963.48,15677.2,-2587.53,2026/01/29 23:25:15
18048,1963.59,15843.7,-2602.48,2026/01/29 23:25:15
18049,1963.7,16338.6,-2618.77,2026/01/29 23:25:15
18050,1963.81,16476.8,-2626.22,2026/01/29 23:25:15
18051,1963.92,16321.8,-2609.01,2026/01/29 23:25:15
18052,1964.03,16318.8,-2614.5,2026/01/29 23:25:16
18053,1964.14,16308.2,-2615.65,2026/01/29 23:25:16
18054,1964.24,16294.2,-2620.39,2026/01/29 23:25:16
18055,1964.36,16267.2,-2617.9,2026/01/29 23:25:16
18056,1964.46,16418.7,-2620.94,2026/01/29 23:25:16
18057,1964.57,16244.6,-2582.19,2026/01/29 23:25:16
18058,1964.68,15777.9,-2508.07,2026/01/29 23:25:16
18059,1964.79,14817.6,-2333.19,2026/01/29 23:25:16
18060,1964.9,13503.9,-2302.43,2026/01/29 23:25:16
18061,1965.01,13354.7,-2264.42,2026/01/29 23:25:17
18062,1965.12,13317,-2199.05,2026/01/29 23:25:17
18063,1965.23,13016.9,-2165.16,2026/01/29 23:25:17
18064,1965.34,12954,-2167.78,2026/01/29 23:25:17
18065,1965.45,13191.6,-2218.11,2026/01/29 23:25:17
18066,1965.55,13294.4,-2256.03,2026/01/29 23:25:17
18067,1965.66,13747.9,-2344.54,2026/01/29 23:25:17
18068,1965.77,15055.2,-2562.49,2026/01/29 23:25:17
18069,1965.88,15496.2,-2578.3,2026/01/29 23:25:17
18070,1965.99,15590.1,-2589.32,2026/01/29 23:25:18
18071,1966.1,15702.2,-2596.89,2026/01/29 23:25:18
18072,1966.21,15895.8,-2606.38,2026/01/29 23:25:18
18073,1966.32,16411.4,-2650.52,2026/01/29 23:25:18
18074,1966.43,16457.6,-2627.3,2026/01/29 23:25:18
18075,1966.53,16413.9,-2626.76,2026/01/29 23:25:18
18076,1966.64,16290.2,-2621.37,2026/01/29 23:25:18
18077,1966.75,16283.5,-2623.73,2026/01/29 23:25:18
18078,1966.86,16281.8,-2624.17,2026/01/29 23:25:18
18079,1966.97,16277.5,-2627.6,2026/01/29 23:25:19
18080,1967.08,16250.9,-2631.21,2026/01/29 23:25:19
18081,1967.19,16392.1,-2626.67,2026/01/29 23:25:19
18082,1967.3,16000.5,-2543.43,2026/01/29 23:25:19
18083,1967.41,15248.2,-2398.6,2026/01/29 23:25:19
18084,1967.51,13670.3,-2301.29,2026/01/29 23:25:19
18085,1967.62,13359,-2250.37,2026/01/29 23:25:19
18086,1967.73,13149.9,-2182.08,2026/01/29 23:25:19
18087,1967.84,12946.6,-2158.02,2026/01/29 23:25:19
18088,1967.95,12933.2,-2163.72,2026/01/29 23:25:19
18089,1968.06,13010.1,-2166.65,2026/01/29 23:25:20
18090,1968.17,13076.7,-2175.06,2026/01/29 23:25:20
18091,1968.28,13277.9,-2245.8,2026/01/29 23:25:20
18092,1968.39,14146.9,-2440.89,2026/01/29 23:25:20
18093,1968.5,15420,-2555.49,2026/01/29 23:25:20
18094,1968.61,15560,-2576.04,2026/01/29 23:25:20
18095,1968.72,15720.1,-2587.2,2026/01/29 23:25:20
18096,1968.83,15953.4,-2614.97,2026/01/29 23:25:20
18097,1968.94,16399.3,-2617.32,2026/01/29 23:25:20
18098,1969.05,16463.9,-2624.16,2026/01/29 23:25:21
18099,1969.16,16436.5,-2598.05,2026/01/29 23:25:21
18100,1969.27,16319.5,-2613.56,2026/01/29 23:25:21
18101,1969.38,16314.3,-2615.86,2026/01/29 23:25:21
18102,1969.48,16318.1,-2616.04,2026/01/29 23:25:21
18103,1969.59,16316.4,-2615.04,2026/01/29 23:25:21
18104,1969.7,16316.5,-2617.15,2026/01/29 23:25:21
18105,1969.81,16301.6,-2621.51,2026/01/29 23:25:21
18106,1969.92,16285.7,-2628.68,2026/01/29 23:25:21
18107,1970.03,16380.4,-2625.6,2026/01/29 23:25:22
18108,1970.14,16207.2,-2585.55,2026/01/29 23:25:22
18109,1970.24,15633.7,-2451.7,2026/01/29 23:25:22
18110,1970.35,14437.5,-2334.87,2026/01/29 23:25:22
18111,1970.46,13418.3,-2291.09,2026/01/29 23:25:22
18112,1970.57,13342.8,-2227.26,2026/01/29 23:25:22
18113,1970.68,13143.5,-2180.9,2026/01/29 23:25:22
18114,1970.79,12935.4,-2158.2,2026/01/29 23:25:22
18115,1970.9,12891.3,-2162.4,2026/01/29 23:25:22
18116,1971.01,13049.4,-2172.35,2026/01/29 23:25:23
18117,1971.12,13225.9,-2241.19,2026/01/29 23:25:23
18118,1971.23,13601.6,-2294.3,2026/01/29 23:25:23
18119,1971.34,15098.2,-2548.44,2026/01/29 23:25:23
18120,1971.45,15519.8,-2570.08,2026/01/29 23:25:23
18121,1971.56,15637.7,-2583.36,2026/01/29 23:25:23
18122,1971.67,15855.3,-2596.63,2026/01/29 23:25:23
18123,1971.78,16385.9,-2644.59,2026/01/29 23:25:23
18124,1971.88,16573.1,-2620.28,2026/01/29 23:25:23
18125,1971.99,16315.7,-2606.6,2026/01/29 23:25:24
18126,1972.1,16303.7,-2609.98,2026/01/29 23:25:24
18127,1972.21,16295.4,-2612.26,2026/01/29 23:25:24
18128,1972.32,16290.3,-2614.45,2026/01/29 23:25:24
18129,1972.43,16284.4,-2615.09,2026/01/29 23:25:24
18130,1972.54,16269.1,-2620.98,2026/01/29 23:25:24
18131,1972.65,16228.7,-2618.65,2026/01/29 23:25:24
18132,1972.76,16288.1,-2622.93,2026/01/29 23:25:24
18133,1972.87,16352.8,-2611.4,2026/01/29 23:25:24
18134,1972.98,15970,-2556.92,2026/01/29 23:25:25
18135,1973.09,15633,-2500.42,2026/01/29 23:25:25
18136,1973.19,14953.9,-2359.76,2026/01/29 23:25:25
18137,1973.3,13798.5,-2310.04,2026/01/29 23:25:25
18138,1973.41,13385,-2293.62,2026/01/29 23:25:25
18139,1973.52,13319.6,-2244.2,2026/01/29 23:25:25
18140,1973.63,13323.3,-2211.86,2026/01/29 23:25:25
18141,1973.74,13289.8,-2199.18,2026/01/29 23:25:25
18142,1973.85,13267.6,-2201.75,2026/01/29 23:25:25
18143,1973.96,13306.1,-2204.89,2026/01/29 23:25:26
18144,1974.06,13297.2,-2223.54,2026/01/29 23:25:26
18145,1974.17,13308.9,-2264.58,2026/01/29 23:25:26
18146,1974.28,13657.6,-2334.83,2026/01/29 23:25:26
18147,1974.39,15109.9,-2564.71,2026/01/29 23:25:26
18148,1974.5,15536.6,-2577.16,2026/01/29 23:25:26
18149,1974.61,15673.7,-2584.83,2026/01/29 23:25:26
18150,1974.72,15807.8,-2595.18,2026/01/29 23:25:26
18151,1974.83,16131.6,-2627.06,2026/01/29 23:25:26
18152,1974.94,16492,-2614.45,2026/01/29 23:25:26
18153,1975.05,16593.6,-2616.76,2026/01/29 23:25:27
18154,1975.16,16389.1,-2607.13,2026/01/29 23:25:27
18155,1975.26,16385.3,-2608.65,2026/01/29 23:25:27
18156,1975.37,16380.1,-2611.15,2026/01/29 23:25:27
18157,1975.48,16380.3,-2612.13,2026/01/29 23:25:27
18158,1975.6,16370,-2615.63,2026/01/29 23:25:27
18159,1975.7,16354.2,-2621.15,2026/01/29 23:25:27
18160,1975.81,16308.5,-2624,2026/01/29 23:25:27
18161,1975.92,16352.6,-2624.6,2026/01/29 23:25:27
18162,1976.03,16368.6,-2618.1,2026/01/29 23:25:28
18163,1976.14,16096.5,-2573.32,2026/01/29 23:25:28
18164,1976.24,15775.8,-2531.58,2026/01/29 23:25:28
18165,1976.35,15307.7,-2414.67,2026/01/29 23:25:28
18166,1976.46,14628.6,-2348.59,2026/01/29 23:25:28
18167,1976.57,13489.9,-2309.45,2026/01/29 23:25:28
18168,1976.68,13348.8,-2271.88,2026/01/29 23:25:28
18169,1976.79,13329.5,-2261.11,2026/01/29 23:25:28
18170,1976.9,13325.6,-2274.61,2026/01/29 23:25:28
18171,1977.01,13344,-2286.11,2026/01/29 23:25:29
18172,1977.12,13452.4,-2308.57,2026/01/29 23:25:29
18173,1977.23,13943.6,-2460.39,2026/01/29 23:25:29
18174,1977.34,15350,-2562.51,2026/01/29 23:25:29
18175,1977.45,15632.3,-2584.53,2026/01/29 23:25:29
18176,1977.56,15772.3,-2590.41,2026/01/29 23:25:29
18177,1977.67,15928.9,-2591.38,2026/01/29 23:25:29
18178,1977.78,16212.1,-2614.89,2026/01/29 23:25:29
18179,1977.88,16454.8,-2622.53,2026/01/29 23:25:29
18180,1977.99,16589.9,-2612.6,2026/01/29 23:25:30
18181,1978.1,16603.8,-2596.54,2026/01/29 23:25:30
18182,1978.21,16500.5,-2598.61,2026/01/29 23:25:30
18183,1978.32,16494.1,-2603.83,2026/01/29 23:25:30
18184,1978.43,16490.5,-2602.6,2026/01/29 23:25:30
18185,1978.54,16481,-2606.92,2026/01/29 23:25:30
18186,1978.65,16472,-2609.55,2026/01/29 23:25:30
18187,1978.76,16455,-2612.54,2026/01/29 23:25:30
18188,1978.87,16413.8,-2619.48,2026/01/29 23:25:30
18189,1978.98,16445.7,-2615.89,2026/01/29 23:25:31
18190,1979.08,16384.9,-2618.88,2026/01/29 23:25:31
18191,1979.19,15950.5,-2555.47,2026/01/29 23:25:31
18192,1979.3,15400.2,-2447.22,2026/01/29 23:25:31
18193,1979.41,14493.7,-2347.32,2026/01/29 23:25:31
18194,1979.52,13478.4,-2310.67,2026/01/29 23:25:31
18195,1979.63,13373.1,-2281.14,2026/01/29 23:25:31
18196,1979.74,13338.3,-2261.11,2026/01/29 23:25:31
18197,1979.84,13343.4,-2273.2,2026/01/29 23:25:31
18198,1979.95,13379.9,-2292.25,2026/01/29 23:25:31
18199,1980.06,13591.3,-2324.46,2026/01/29 23:25:32
18200,1980.17,14233.6,-2482.41,2026/01/29 23:25:32
18201,1980.28,15277.1,-2560.92,2026/01/29 23:25:32
18202,1980.39,15568.8,-2568.12,2026/01/29 23:25:32
18203,1980.5,15726,-2588.67,2026/01/29 23:25:32
18204,1980.61,15854.6,-2593.89,2026/01/29 23:25:32
18205,1980.72,16030,-2597.62,2026/01/29 23:25:32
18206,1980.83,16229.5,-2617.9,2026/01/29 23:25:32
18207,1980.93,16374.4,-2615.4,2026/01/29 23:25:32
18208,1981.04,16653.9,-2619.11,2026/01/29 23:25:33
18209,1981.15,16756,-2605.1,2026/01/29 23:25:33
18210,1981.26,16563.4,-2599.3,2026/01/29 23:25:33
18211,1981.37,16573.7,-2599.96,2026/01/29 23:25:33
18212,1981.48,16568.5,-2602.11,2026/01/29 23:25:33
18213,1981.59,16576.2,-2601.63,2026/01/29 23:25:33
18214,1981.7,16578.4,-2602.81,2026/01/29 23:25:33
18215,1981.81,16575.2,-2603.14,2026/01/29 23:25:33
18216,1981.91,16558.6,-2607.58,2026/01/29 23:25:33
18217,1982.02,16534.9,-2612.98,2026/01/29 23:25:34
18218,1982.13,16489,-2618.75,2026/01/29 23:25:34
18219,1982.24,16506.1,-2622.01,2026/01/29 23:25:34
18220,1982.35,16402.3,-2615.47,2026/01/29 23:25:34
18221,1982.46,16089.5,-2573.87,2026/01/29 23:25:34
18222,1982.57,15764.4,-2533.56,2026/01/29 23:25:34
18223,1982.68,15271.5,-2408.44,2026/01/29 23:25:34
18224,1982.79,14502.8,-2368.47,2026/01/29 23:25:34
18225,1982.89,13530.7,-2331.53,2026/01/29 23:25:34
18226,1983,13420.2,-2316.61,2026/01/29 23:25:35
18227,1983.11,13373,-2297.02,2026/01/29 23:25:35
18228,1983.22,13402.2,-2306.31,2026/01/29 23:25:35
18229,1983.33,13507.9,-2342.44,2026/01/29 23:25:35
18230,1983.44,14176.8,-2496.54,2026/01/29 23:25:35
18231,1983.55,15471.7,-2569.01,2026/01/29 23:25:35
18232,1983.66,15761.3,-2592.31,2026/01/29 23:25:35
18233,1983.77,16039.9,-2603.51,2026/01/29 23:25:35
18234,1983.88,16408,-2621.09,2026/01/29 23:25:35
18235,1983.99,16644.7,-2605.69,2026/01/29 23:25:36
18236,1984.1,16460.4,-2598.74,2026/01/29 23:25:36
18237,1984.21,16464.4,-2599.06,2026/01/29 23:25:36
18238,1984.31,16468.5,-2599.6,2026/01/29 23:25:36
18239,1984.42,16460.9,-2602.36,2026/01/29 23:25:36
18240,1984.53,16462.3,-2601.33,2026/01/29 23:25:36
18241,1984.64,16459.3,-2604.86,2026/01/29 23:25:36
18242,1984.75,16447,-2606.11,2026/01/29 23:25:36
18243,1984.86,16437.8,-2609.64,2026/01/29 23:25:36
18244,1984.96,16398.1,-2615.53,2026/01/29 23:25:37
18245,1985.07,16403.2,-2615.15,2026/01/29 23:25:37
18246,1985.18,16391.9,-2607.98,2026/01/29 23:25:37
18247,1985.29,16110.8,-2568.52,2026/01/29 23:25:37
18248,1985.4,15744.9,-2538.83,2026/01/29 23:25:37
18249,1985.51,15300.3,-2405.88,2026/01/29 23:25:37
18250,1985.62,14640.8,-2358.07,2026/01/29 23:25:37
18251,1985.73,13476.3,-2313.5,2026/01/29 23:25:37
18252,1985.84,13371.9,-2287.75,2026/01/29 23:25:37
18253,1985.94,13366.6,-2294.05,2026/01/29 23:25:37
18254,1986.05,13429.2,-2309.6,2026/01/29 23:25:38
18255,1986.16,13518.3,-2357.14,2026/01/29 23:25:38
18256,1986.27,14115,-2474.26,2026/01/29 23:25:38
18257,1986.38,15313.7,-2576.51,2026/01/29 23:25:38
18258,1986.49,15699.6,-2581.62,2026/01/29 23:25:38
18259,1986.6,15950.3,-2592.21,2026/01/29 23:25:38
18260,1986.71,16204.7,-2612.95,2026/01/29 23:25:38
18261,1986.82,16383.8,-2610.06,2026/01/29 23:25:38
18262,1986.92,16624.2,-2611.41,2026/01/29 23:25:38
18263,1987.03,16648.1,-2576.33,2026/01/29 23:25:39
18264,1987.14,16563.2,-2591.67,2026/01/29 23:25:39
18265,1987.25,16586.2,-2588.58,2026/01/29 23:25:39
18266,1987.36,16592.5,-2590.13,2026/01/29 23:25:39
18267,1987.47,16598.5,-2589.6,2026/01/29 23:25:39
18268,1987.58,16595.7,-2591.38,2026/01/29 23:25:39
18269,1987.69,16594.6,-2592.88,2026/01/29 23:25:39
18270,1987.8,16589.7,-2594.12,2026/01/29 23:25:39
18271,1987.9,16575.3,-2598.82,2026/01/29 23:25:39
18272,1988.01,16557.4,-2601.45,2026/01/29 23:25:40
18273,1988.12,16520.5,-2608.59,2026/01/29 23:25:40
18274,1988.23,16510.1,-2609.08,2026/01/29 23:25:40
18275,1988.34,16383.9,-2602.07,2026/01/29 23:25:40
18276,1988.45,15922.6,-2548.91,2026/01/29 23:25:40
18277,1988.55,15584.6,-2485.42,2026/01/29 23:25:40
18278,1988.66,15049.2,-2364.84,2026/01/29 23:25:40
18279,1988.77,14226.1,-2360.02,2026/01/29 23:25:40
18280,1988.88,13539.3,-2354.36,2026/01/29 23:25:40
18281,1988.99,13502.5,-2347.78,2026/01/29 23:25:41
18282,1989.1,13546.4,-2357.6,2026/01/29 23:25:41
18283,1989.21,13712.3,-2380.49,2026/01/29 23:25:41
18284,1989.32,14366.7,-2496.79,2026/01/29 23:25:41
18285,1989.43,15435,-2562.85,2026/01/29 23:25:41
18286,1989.54,15877,-2589.04,2026/01/29 23:25:41
18287,1989.64,16186,-2609.4,2026/01/29 23:25:41
18288,1989.75,16280.3,-2604.88,2026/01/29 23:25:41
18289,1989.86,16410,-2606.01,2026/01/29 23:25:41
18290,1989.97,16662.6,-2599.14,2026/01/29 23:25:42
18291,1990.08,17063,-2542.54,2026/01/29 23:25:42
18292,1990.19,17009.5,-2544.22,2026/01/29 23:25:42
18293,1990.3,17026,-2545.22,2026/01/29 23:25:42
18294,1990.41,17030.3,-2545.09,2026/01/29 23:25:42
18295,1990.51,17037.8,-2540.68,2026/01/29 23:25:42
18296,1990.62,17033.9,-2544.28,2026/01/29 23:25:42
18297,1990.73,17033.5,-2541.77,2026/01/29 23:25:42
18298,1990.84,17028.6,-2544.22,2026/01/29 23:25:42
18299,1990.95,17025.2,-2542.03,2026/01/29 23:25:42
18300,1991.06,17012.6,-2544.31,2026/01/29 23:25:43
18301,1991.17,16997.9,-2548.59,2026/01/29 23:25:43
18302,1991.27,17010.4,-2542.93,2026/01/29 23:25:43
18303,1991.38,16933.1,-2543.32,2026/01/29 23:25:43
18304,1991.49,16772.7,-2534.77,2026/01/29 23:25:43
18305,1991.6,16045.2,-2544.18,2026/01/29 23:25:43
18306,1991.71,15782.8,-2538.1,2026/01/29 23:25:43
18307,1991.82,15439.9,-2436.84,2026/01/29 23:25:43
18308,1991.93,15048.1,-2354.71,2026/01/29 23:25:43
18309,1992.04,14208,-2342.72,2026/01/29 23:25:44
18310,1992.15,13490.5,-2338.35,2026/01/29 23:25:44
18311,1992.25,13422.1,-2322.43,2026/01/29 23:25:44
18312,1992.36,13485.3,-2340.18,2026/01/29 23:25:44
18313,1992.47,13611.8,-2360.3,2026/01/29 23:25:44
18314,1992.58,13993.3,-2441.75,2026/01/29 23:25:44
18315,1992.69,14815.1,-2505.44,2026/01/29 23:25:44
18316,1992.8,15645.8,-2565.3,2026/01/29 23:25:44
18317,1992.91,16104.3,-2603.63,2026/01/29 23:25:44
18318,1993.02,16271.3,-2610.21,2026/01/29 23:25:45
18319,1993.13,16497.7,-2610.98,2026/01/29 23:25:45
18320,1993.24,16811.6,-2566.81,2026/01/29 23:25:45
18321,1993.34,16927.1,-2544.02,2026/01/29 23:25:45
18322,1993.45,16952.9,-2544.65,2026/01/29 23:25:45
18323,1993.56,16966.2,-2544,2026/01/29 23:25:45
18324,1993.67,16977.4,-2544.36,2026/01/29 23:25:45
18325,1993.78,16982.9,-2544.87,2026/01/29 23:25:45
18326,1993.89,16986.2,-2544.85,2026/01/29 23:25:45
18327,1994,16990.3,-2543.92,2026/01/29 23:25:46
18328,1994.11,16968.9,-2545.54,2026/01/29 23:25:46
18329,1994.21,16937.3,-2551.66,2026/01/29 23:25:46
18330,1994.32,16926.2,-2551.27,2026/01/29 23:25:46
18331,1994.43,16778.8,-2542.42,2026/01/29 23:25:46
18332,1994.54,15952.8,-2538.08,2026/01/29 23:25:46
18333,1994.65,15601.2,-2496.96,2026/01/29 23:25:46
18334,1994.76,15023.7,-2349.2,2026/01/29 23:25:46
18335,1994.87,13693.7,-2340.6,2026/01/29 23:25:46
18336,1994.98,13468.5,-2333.81,2026/01/29 23:25:47
18337,1995.09,13397.8,-2311.7,2026/01/29 23:25:47
18338,1995.2,13324.5,-2274.22,2026/01/29 23:25:47
18339,1995.31,13309.6,-2255.85,2026/01/29 23:25:47
18340,1995.42,13409.8,-2314.53,2026/01/29 23:25:47
18341,1995.53,13494.7,-2347.12,2026/01/29 23:25:47
18342,1995.63,13680.9,-2398.05,2026/01/29 23:25:47
18343,1995.74,14468.2,-2521.15,2026/01/29 23:25:47
18344,1995.85,15519,-2558.28,2026/01/29 23:25:47
18345,1995.96,15940.2,-2593.67,2026/01/29 23:25:48
18346,1996.07,16181.6,-2601.39,2026/01/29 23:25:48
18347,1996.18,16416.3,-2613.06,2026/01/29 23:25:48
18348,1996.29,16472.3,-2589.2,2026/01/29 23:25:48
18349,1996.4,16542.2,-2586.21,2026/01/29 23:25:48
18350,1996.51,16566.7,-2583.08,2026/01/29 23:25:48
18351,1996.62,16577.7,-2586.09,2026/01/29 23:25:48
18352,1996.73,16586.4,-2585.39,2026/01/29 23:25:48
18353,1996.83,16602.7,-2582.83,2026/01/29 23:25:48
18354,1996.94,16599.5,-2588.06,2026/01/29 23:25:48
18355,1997.05,16596.8,-2589.13,2026/01/29 23:25:49
18356,1997.16,16550,-2594.96,2026/01/29 23:25:49
18357,1997.27,16512.9,-2604.95,2026/01/29 23:25:49
18358,1997.38,16464.3,-2599.8,2026/01/29 23:25:49
18359,1997.49,16264.8,-2579.22,2026/01/29 23:25:49
18360,1997.6,15857.1,-2545.1,2026/01/29 23:25:49
18361,1997.7,15704.7,-2536.25,2026/01/29 23:25:49
18362,1997.81,15552.7,-2493.42,2026/01/29 23:25:49
18363,1997.92,15181.4,-2387.39,2026/01/29 23:25:49
18364,1998.03,14685.6,-2379.77,2026/01/29 23:25:50
18365,1998.14,14136.5,-2401.2,2026/01/29 23:25:50
18366,1998.25,14192.7,-2434.03,2026/01/29 23:25:50
18367,1998.36,14373,-2444.9,2026/01/29 23:25:50
18368,1998.47,14477.9,-2449.02,2026/01/29 23:25:50
18369,1998.58,14594.9,-2452.23,2026/01/29 23:25:50
18370,1998.69,15008.6,-2448.83,2026/01/29 23:25:50
18371,1998.79,15577.6,-2551.13,2026/01/29 23:25:50
18372,1998.91,15791.2,-2559.69,2026/01/29 23:25:50
18373,1999.01,16120.1,-2570.98,2026/01/29 23:25:51
18374,1999.12,16294,-2602.38,2026/01/29 23:25:51
18375,1999.23,16439.7,-2601.7,2026/01/29 23:25:51
18376,1999.34,16614.9,-2593.48,2026/01/29 23:25:51
18377,1999.45,16674.1,-2577.71,2026/01/29 23:25:51
18378,1999.56,17137.9,-2539.45,2026/01/29 23:25:51
18379,1999.67,17165.7,-2536.64,2026/01/29 23:25:51
18380,1999.78,17170.9,-2537.36,2026/01/29 23:25:51
18381,1999.89,17180.7,-2536.74,2026/01/29 23:25:51
18382,1999.99,17190.4,-2534.82,2026/01/29 23:25:52
18383,2000.1,17189.4,-2534.03,2026/01/29 23:25:52
18384,2000.21,17195.8,-2534.17,2026/01/29 23:25:52
18385,2000.32,17185,-2536.85,2026/01/29 23:25:52
18386,2000.43,17154.6,-2535.71,2026/01/29 23:25:52
18387,2000.54,17127.6,-2535.69,2026/01/29 23:25:52
18388,2000.64,17023.4,-2532.66,2026/01/29 23:25:52
18389,2000.75,16758.4,-2510.84,2026/01/29 23:25:52
18390,2000.86,15892.4,-2544.2,2026/01/29 23:25:52
18391,2000.97,15623.8,-2494.85,2026/01/29 23:25:53
18392,2001.08,15291.2,-2399.17,2026/01/29 23:25:53
18393,2001.19,14961,-2357.95,2026/01/29 23:25:53
18394,2001.3,14622.9,-2401.53,2026/01/29 23:25:53
18395,2001.41,14633.2,-2421.39,2026/01/29 23:25:53
18396,2001.52,14747.1,-2428.95,2026/01/29 23:25:53
18397,2001.62,14829.3,-2434.62,2026/01/29 23:25:53
18398,2001.73,14980.2,-2432.94,2026/01/29 23:25:53
18399,2001.84,15428.1,-2530.02,2026/01/29 23:25:53
18400,2001.95,15803.5,-2557.04,2026/01/29 23:25:53
18401,2002.06,16158.8,-2606.45,2026/01/29 23:25:54
18402,2002.17,16325.7,-2596.21,2026/01/29 23:25:54
18403,2002.28,16416.6,-2595.22,2026/01/29 23:25:54
18404,2002.39,16570.4,-2590.51,2026/01/29 23:25:54
18405,2002.5,16818.1,-2618.4,2026/01/29 23:25:54
18406,2002.61,17160.1,-2533.45,2026/01/29 23:25:54
18407,2002.72,17203.1,-2529.05,2026/01/29 23:25:54
18408,2002.83,17227.1,-2525.14,2026/01/29 23:25:54
18409,2002.94,17237.6,-2526.17,2026/01/29 23:25:54
18410,2003.04,17256.5,-2522.9,2026/01/29 23:25:55
18411,2003.15,17262.9,-2522.27,2026/01/29 23:25:55
18412,2003.26,17272.7,-2523.06,2026/01/29 23:25:55
18413,2003.37,17282.5,-2519.57,2026/01/29 23:25:55
18414,2003.48,17277.3,-2522.37,2026/01/29 23:25:55
18415,2003.59,17266.7,-2521.86,2026/01/29 23:25:55
18416,2003.7,17230.9,-2529.37,2026/01/29 23:25:55
18417,2003.8,17212.3,-2523.35,2026/01/29 23:25:55
18418,2003.91,17097.4,-2522.56,2026/01/29 23:25:55
18419,2004.02,16935.9,-2494.64,2026/01/29 23:25:56
18420,2004.13,16676.6,-2513.25,2026/01/29 23:25:56
18421,2004.24,15890.9,-2536.66,2026/01/29 23:25:56
18422,2004.35,15749.6,-2508,2026/01/29 23:25:56
18423,2004.46,15597.9,-2490.74,2026/01/29 23:25:56
18424,2004.57,15513.1,-2466.62,2026/01/29 23:25:56
18425,2004.68,15394.6,-2422.27,2026/01/29 23:25:56
18426,2004.79,15262.8,-2380.53,2026/01/29 23:25:56
18427,2004.9,15179.9,-2359.62,2026/01/29 23:25:56
18428,2005.01,15157.7,-2361.83,2026/01/29 23:25:57
18429,2005.11,15110.8,-2356.43,2026/01/29 23:25:57
18430,2005.22,15098.6,-2359.65,2026/01/29 23:25:57
18431,2005.33,15207.7,-2383.94,2026/01/29 23:25:57
18432,2005.44,15443,-2475.24,2026/01/29 23:25:57
18433,2005.55,15874.1,-2556.02,2026/01/29 23:25:57
18434,2005.66,16288.3,-2567.09,2026/01/29 23:25:57
18435,2005.77,16443.2,-2589.73,2026/01/29 23:25:57
18436,2005.88,16587.7,-2587.04,2026/01/29 23:25:57
18437,2005.98,16791.6,-2556.65,2026/01/29 23:25:58
18438,2006.09,17182.1,-2527.08,2026/01/29 23:25:58
18439,2006.2,17259.2,-2519.12,2026/01/29 23:25:58
18440,2006.31,17293.5,-2516.5,2026/01/29 23:25:58
18441,2006.42,17310.1,-2513.62,2026/01/29 23:25:58
18442,2006.53,17341.5,-2510.56,2026/01/29 23:25:58
18443,2006.64,17371,-2508.41,2026/01/29 23:25:58
18444,2006.75,17406.2,-2506.77,2026/01/29 23:25:58
18445,2006.86,17428.1,-2500.85,2026/01/29 23:25:58
18446,2006.96,17447.2,-2498.29,2026/01/29 23:25:59
18447,2007.07,17454,-2501.63,2026/01/29 23:25:59
18448,2007.18,17461.3,-2499.38,2026/01/29 23:25:59
18449,2007.29,17443.6,-2502.11,2026/01/29 23:25:59
18450,2007.4,17395.6,-2499.98,2026/01/29 23:25:59
18451,2007.51,17372.5,-2500.47,2026/01/29 23:25:59
18452,2007.62,17382.3,-2497.39,2026/01/29 23:25:59
18453,2007.73,17302.1,-2481.16,2026/01/29 23:25:59
18454,2007.84,17111.8,-2448.65,2026/01/29 23:25:59
18455,2007.95,16710.7,-2400.44,2026/01/29 23:25:59
18456,2008.06,15719.4,-2377.93,2026/01/29 23:26:00
18457,2008.17,15440.2,-2360.18,2026/01/29 23:26:00
18458,2008.27,15060.1,-2323.26,2026/01/29 23:26:00
18459,2008.38,13644.5,-2305.08,2026/01/29 23:26:00
18460,2008.49,13493.1,-2297.56,2026/01/29 23:26:00
18461,2008.6,13447.7,-2280.42,2026/01/29 23:26:00
18462,2008.71,13395.6,-2259.55,2026/01/29 23:26:00
18463,2008.82,13402.1,-2252.09,2026/01/29 23:26:00
18464,2008.93,13407.4,-2254.4,2026/01/29 23:26:00
18465,2009.04,13730.6,-2290.98,2026/01/29 23:26:01
18466,2009.15,13855.4,-2328.69,2026/01/29 23:26:01
18467,2009.26,14381.6,-2475.32,2026/01/29 23:26:01
18468,2009.37,15484.1,-2553.86,2026/01/29 23:26:01
18469,2009.48,15783.1,-2563.4,2026/01/29 23:26:01
18470,2009.59,16240.2,-2597.37,2026/01/29 23:26:01
18471,2009.7,16306,-2589.81,2026/01/29 23:26:01
18472,2009.81,16391.1,-2582.26,2026/01/29 23:26:01
18473,2009.92,16536.4,-2584.14,2026/01/29 23:26:01
18474,2010.02,16923.9,-2586.48,2026/01/29 23:26:02
18475,2010.13,17301.1,-2537,2026/01/29 23:26:02
18476,2010.24,17366.9,-2526.47,2026/01/29 23:26:02
18477,2010.35,17394.5,-2528.32,2026/01/29 23:26:02
18478,2010.46,17418.8,-2528.12,2026/01/29 23:26:02
18479,2010.57,17447.4,-2519.98,2026/01/29 23:26:02
18480,2010.67,17463,-2522.37,2026/01/29 23:26:02
18481,2010.78,17477.9,-2515.86,2026/01/29 23:26:02
18482,2010.89,17485.3,-2515.52,2026/01/29 23:26:02
18483,2011,17510.9,-2511.96,2026/01/29 23:26:03
18484,2011.11,17530.1,-2511.39,2026/01/29 23:26:03
18485,2011.22,17542.8,-2509.59,2026/01/29 23:26:03
18486,2011.33,17569.9,-2511.44,2026/01/29 23:26:03
18487,2011.44,17622.7,-2500.88,2026/01/29 23:26:03
18488,2011.55,17700.3,-2478.87,2026/01/29 23:26:03
18489,2011.66,17713.7,-2481.05,2026/01/29 23:26:03
18490,2011.77,17728.4,-2479.6,2026/01/29 23:26:03
18491,2011.88,17735.6,-2480.58,2026/01/29 23:26:03
18492,2011.99,17742.7,-2475.55,2026/01/29 23:26:04
18493,2012.1,17733.8,-2483.96,2026/01/29 23:26:04
18494,2012.2,17741,-2479.4,2026/01/29 23:26:04
18495,2012.31,17738.2,-2484.1,2026/01/29 23:26:04
18496,2012.42,17746.3,-2480.94,2026/01/29 23:26:04
18497,2012.53,17746.7,-2484.19,2026/01/29 23:26:04
18498,2012.64,17751,-2482.11,2026/01/29 23:26:04
18499,2012.74,17755.3,-2483.45,2026/01/29 23:26:04
18500,2012.85,17755.2,-2481.61,2026/01/29 23:26:04
18501,2012.96,17762.9,-2481.14,2026/01/29 23:26:05
18502,2013.07,17761.6,-2483.24,2026/01/29 23:26:05
18503,2013.18,17768.4,-2480.99,2026/01/29 23:26:05
18504,2013.29,17765.2,-2482.6,2026/01/29 23:26:05
18505,2013.4,17771.8,-2482,2026/01/29 23:26:05
18506,2013.51,17773.9,-2480.46,2026/01/29 23:26:05
18507,2013.61,17774.5,-2483.2,2026/01/29 23:26:05
18508,2013.72,17779.5,-2480.63,2026/01/29 23:26:05
18509,2013.83,17778.9,-2481.76,2026/01/29 23:26:05
18510,2013.94,17783.3,-2480.76,2026/01/29 23:26:05
18511,2014.05,17783.3,-2482.15,2026/01/29 23:26:06
18512,2014.15,17783.7,-2480.77,2026/01/29 23:26:06
18513,2014.26,17789,-2481.88,2026/01/29 23:26:06
18514,2014.37,17786.3,-2482.3,2026/01/29 23:26:06
18515,2014.48,17792.9,-2479.23,2026/01/29 23:26:06
18516,2014.59,17789.9,-2483.07,2026/01/29 23:26:06
18517,2014.7,17796.5,-2481.03,2026/01/29 23:26:06
18518,2014.8,17793.8,-2481.5,2026/01/29 23:26:06
18519,2014.91,17798.1,-2481.33,2026/01/29 23:26:06
18520,2015.02,17797.5,-2480.5,2026/01/29 23:26:07
18521,2015.13,17797.7,-2484.41,2026/01/29 23:26:07
18522,2015.24,17802.9,-2479.87,2026/01/29 23:26:07
18523,2015.35,17799.6,-2481.6,2026/01/29 23:26:07
18524,2015.46,17804.1,-2480.43,2026/01/29 23:26:07
