序号,相对时间(s),R（Ω）,X（Ω）,时间
1,0,15441.2,-2141.97,2026/01/29 19:55:40
2,0.11,15436.9,-2144.93,2026/01/29 19:55:40
3,0.22,15444.1,-2142.09,2026/01/29 19:55:41
4,0.33,15437.8,-2143.6,2026/01/29 19:55:41
5,0.44,15443.8,-2143.78,2026/01/29 19:55:41
6,0.55,15440,-2143.02,2026/01/29 19:55:41
7,0.65,15443.2,-2144.25,2026/01/29 19:55:41
8,0.76,15442.8,-2143.27,2026/01/29 19:55:41
9,0.87,15442.6,-2145.35,2026/01/29 19:55:41
10,0.98,15444.8,-2143.12,2026/01/29 19:55:41
11,1.09,15443.4,-2144.15,2026/01/29 19:55:41
12,1.2,15445.3,-2142.86,2026/01/29 19:55:42
13,1.31,15445,-2144.81,2026/01/29 19:55:42
14,1.42,15446.4,-2141.6,2026/01/29 19:55:42
15,1.53,15444.9,-2146.36,2026/01/29 19:55:42
16,1.64,15448.4,-2141.36,2026/01/29 19:55:42
17,1.74,15446.2,-2144.11,2026/01/29 19:55:42
18,1.85,15447.7,-2142.48,2026/01/29 19:55:42
19,1.96,15447.6,-2143.75,2026/01/29 19:55:42
20,2.07,15448.7,-2143.26,2026/01/29 19:55:42
21,2.18,15449.7,-2142.68,2026/01/29 19:55:43
22,2.29,15447.9,-2143.55,2026/01/29 19:55:43
23,2.4,15451.7,-2143.48,2026/01/29 19:55:43
24,2.51,15448.5,-2142.41,2026/01/29 19:55:43
25,2.62,15450.9,-2144.19,2026/01/29 19:55:43
26,2.73,15450.3,-2142.88,2026/01/29 19:55:43
27,2.83,15450.7,-2143.4,2026/01/29 19:55:43
28,2.94,15451.2,-2143.22,2026/01/29 19:55:43
29,3.05,15450,-2143.52,2026/01/29 19:55:43
30,3.16,15452.9,-2143.33,2026/01/29 19:55:44
31,3.27,15450.8,-2142.75,2026/01/29 19:55:44
32,3.38,15454.1,-2142.54,2026/01/29 19:55:44
33,3.49,15451.4,-2143.99,2026/01/29 19:55:44
34,3.6,15456.1,-2141.57,2026/01/29 19:55:44
35,3.71,15450.7,-2144.73,2026/01/29 19:55:44
36,3.82,15457.5,-2142.24,2026/01/29 19:55:44
37,3.92,15451.9,-2143.14,2026/01/29 19:55:44
38,4.03,15456.5,-2143.65,2026/01/29 19:55:44
39,4.14,15453,-2142.14,2026/01/29 19:55:45
40,4.25,15455.6,-2143.46,2026/01/29 19:55:45
41,4.36,15454.6,-2142.59,2026/01/29 19:55:45
42,4.47,15454.9,-2143.88,2026/01/29 19:55:45
43,4.58,15456.7,-2142.39,2026/01/29 19:55:45
44,4.69,15455.7,-2143,2026/01/29 19:55:45
45,4.8,15456.7,-2141.33,2026/01/29 19:55:45
46,4.91,15455.9,-2142.55,2026/01/29 19:55:45
47,5.02,15456.2,-2140.82,2026/01/29 19:55:45
48,5.12,15455.5,-2144.02,2026/01/29 19:55:45
49,5.23,15456.8,-2141.19,2026/01/29 19:55:46
50,5.34,15456.7,-2143.21,2026/01/29 19:55:46
51,5.45,15456.3,-2141.33,2026/01/29 19:55:46
52,5.56,15459.3,-2142.09,2026/01/29 19:55:46
53,5.67,15455.8,-2142.69,2026/01/29 19:55:46
54,5.78,15461.2,-2140.72,2026/01/29 19:55:46
55,5.89,15454.6,-2142.74,2026/01/29 19:55:46
56,5.99,15461.7,-2142.51,2026/01/29 19:55:46
57,6.1,15456.6,-2140.7,2026/01/29 19:55:46
58,6.21,15461.3,-2142.67,2026/01/29 19:55:47
59,6.32,15457.8,-2141.15,2026/01/29 19:55:47
60,6.43,15460.3,-2142.18,2026/01/29 19:55:47
61,6.54,15459.7,-2141.51,2026/01/29 19:55:47
62,6.65,15460.3,-2142.22,2026/01/29 19:55:47
63,6.76,15462.1,-2140.53,2026/01/29 19:55:47
64,6.87,15460.5,-2142.29,2026/01/29 19:55:47
65,6.98,15462.3,-2140.69,2026/01/29 19:55:47
66,7.09,15461.3,-2142.74,2026/01/29 19:55:47
67,7.19,15462.8,-2139.52,2026/01/29 19:55:48
68,7.3,15461.7,-2144.49,2026/01/29 19:55:48
69,7.41,15464.4,-2139.51,2026/01/29 19:55:48
70,7.52,15462.7,-2142.38,2026/01/29 19:55:48
71,7.63,15463.8,-2140.75,2026/01/29 19:55:48
72,7.74,15463.8,-2141.97,2026/01/29 19:55:48
73,7.85,15463.8,-2141,2026/01/29 19:55:48
74,7.96,15465.9,-2141.25,2026/01/29 19:55:48
75,8.07,15463.1,-2142.41,2026/01/29 19:55:48
76,8.18,15466.6,-2141.2,2026/01/29 19:55:49
77,8.29,15461.9,-2141.82,2026/01/29 19:55:49
78,8.39,15468.1,-2142.64,2026/01/29 19:55:49
79,8.5,15464,-2140.25,2026/01/29 19:55:49
80,8.61,15467.6,-2142.13,2026/01/29 19:55:49
81,8.72,15466.1,-2140.95,2026/01/29 19:55:49
82,8.83,15467.2,-2141.86,2026/01/29 19:55:49
83,8.94,15467.6,-2140.69,2026/01/29 19:55:49
84,9.05,15466.3,-2142.48,2026/01/29 19:55:49
85,9.16,15468.1,-2141.05,2026/01/29 19:55:50
86,9.27,15467.2,-2142.54,2026/01/29 19:55:50
87,9.37,15468.2,-2140.71,2026/01/29 19:55:50
88,9.49,15467.9,-2142.09,2026/01/29 19:55:50
89,9.59,15468.9,-2139.48,2026/01/29 19:55:50
90,9.7,15467.5,-2143.35,2026/01/29 19:55:50
91,9.81,15469.2,-2140.02,2026/01/29 19:55:50
92,9.92,15469.2,-2142.24,2026/01/29 19:55:50
93,10.03,15469,-2141.22,2026/01/29 19:55:50
94,10.14,15470.7,-2142,2026/01/29 19:55:51
95,10.25,15468.9,-2141.25,2026/01/29 19:55:51
96,10.36,15472.5,-2140.77,2026/01/29 19:55:51
97,10.47,15467.9,-2141.97,2026/01/29 19:55:51
98,10.57,15475.1,-2140.24,2026/01/29 19:55:51
99,10.68,15468.1,-2142.09,2026/01/29 19:55:51
100,10.79,15474.3,-2141.17,2026/01/29 19:55:51
101,10.9,15469.8,-2141.07,2026/01/29 19:55:51
102,11.01,15473.3,-2141.02,2026/01/29 19:55:51
103,11.12,15471.4,-2140.62,2026/01/29 19:55:51
104,11.23,15473.1,-2141.6,2026/01/29 19:55:52
105,11.34,15473.9,-2139.88,2026/01/29 19:55:52
106,11.45,15472.3,-2141.73,2026/01/29 19:55:52
107,11.55,15475.3,-2141.33,2026/01/29 19:55:52
108,11.66,15472.7,-2140.4,2026/01/29 19:55:52
109,11.77,15475.6,-2141.83,2026/01/29 19:55:52
110,11.88,15473.5,-2140.29,2026/01/29 19:55:52
111,11.99,15475.7,-2140.82,2026/01/29 19:55:52
112,12.1,15475,-2140.78,2026/01/29 19:55:52
113,12.21,15475.3,-2141,2026/01/29 19:55:53
114,12.32,15476.3,-2140.57,2026/01/29 19:55:53
115,12.43,15474.3,-2141.88,2026/01/29 19:55:53
116,12.54,15476.2,-2140.78,2026/01/29 19:55:53
117,12.64,15475.2,-2141.83,2026/01/29 19:55:53
118,12.75,15476.4,-2140.49,2026/01/29 19:55:53
119,12.86,15476.6,-2142.39,2026/01/29 19:55:53
120,12.97,15477.1,-2139.55,2026/01/29 19:55:53
121,13.08,15476.5,-2142.78,2026/01/29 19:55:53
122,13.19,15477,-2140.6,2026/01/29 19:55:54
123,13.3,15477.7,-2142.11,2026/01/29 19:55:54
124,13.41,15476.3,-2141.55,2026/01/29 19:55:54
125,13.52,15479.5,-2141.18,2026/01/29 19:55:54
126,13.62,15476.6,-2140.78,2026/01/29 19:55:54
127,13.73,15480,-2140.12,2026/01/29 19:55:54
128,13.84,15477.1,-2142.37,2026/01/29 19:55:54
129,13.95,15480.9,-2138.5,2026/01/29 19:55:54
130,14.06,15478.1,-2143.77,2026/01/29 19:55:54
131,14.17,15481.4,-2139.2,2026/01/29 19:55:55
132,14.28,15478.9,-2142.04,2026/01/29 19:55:55
133,14.39,15480.4,-2140.11,2026/01/29 19:55:55
134,14.5,15480.8,-2140.81,2026/01/29 19:55:55
135,14.61,15479.8,-2140.27,2026/01/29 19:55:55
136,14.72,15482.7,-2141.19,2026/01/29 19:55:55
137,14.83,15479.5,-2141.44,2026/01/29 19:55:55
138,14.93,15483.9,-2139.72,2026/01/29 19:55:55
139,15.04,15478.6,-2142.66,2026/01/29 19:55:55
140,15.15,15484.3,-2138.41,2026/01/29 19:55:56
141,15.26,15479.4,-2143.3,2026/01/29 19:55:56
142,15.37,15484.4,-2139.58,2026/01/29 19:55:56
143,15.48,15481.8,-2142.05,2026/01/29 19:55:56
144,15.59,15483.1,-2140.05,2026/01/29 19:55:56
145,15.7,15483.4,-2141.27,2026/01/29 19:55:56
146,15.81,15482.6,-2140.16,2026/01/29 19:55:56
147,15.92,15485.4,-2140.95,2026/01/29 19:55:56
148,16.02,15480.8,-2142.05,2026/01/29 19:55:56
149,16.13,15486.7,-2138.85,2026/01/29 19:55:56
150,16.24,15481.4,-2142.66,2026/01/29 19:55:57
151,16.35,15485,-2139.3,2026/01/29 19:55:57
152,16.46,15483.5,-2141.97,2026/01/29 19:55:57
153,16.57,15483.9,-2141.06,2026/01/29 19:55:57
154,16.68,15485.3,-2141.59,2026/01/29 19:55:57
155,16.78,15482.8,-2141.54,2026/01/29 19:55:57
156,16.89,15488.2,-2139.75,2026/01/29 19:55:57
157,17,15482.5,-2143.17,2026/01/29 19:55:57
158,17.11,15487.6,-2139.2,2026/01/29 19:55:57
159,17.22,15484.5,-2141.86,2026/01/29 19:55:58
160,17.33,15485.9,-2140.35,2026/01/29 19:55:58
161,17.44,15486.7,-2140.98,2026/01/29 19:55:58
162,17.55,15484.2,-2140.83,2026/01/29 19:55:58
163,17.65,15488.3,-2139.68,2026/01/29 19:55:58
164,17.76,15484.9,-2142.16,2026/01/29 19:55:58
165,17.87,15488.6,-2138.29,2026/01/29 19:55:58
166,17.98,15485.9,-2143.35,2026/01/29 19:55:58
167,18.09,15488.8,-2138.72,2026/01/29 19:55:58
168,18.2,15487.1,-2141.69,2026/01/29 19:55:59
169,18.31,15488.1,-2139.55,2026/01/29 19:55:59
170,18.42,15488.8,-2140.95,2026/01/29 19:55:59
171,18.53,15486.4,-2140.98,2026/01/29 19:55:59
172,18.63,15489.2,-2139.34,2026/01/29 19:55:59
173,18.74,15487.6,-2141.63,2026/01/29 19:55:59
174,18.85,15489.1,-2138.63,2026/01/29 19:55:59
175,18.96,15488.2,-2142.05,2026/01/29 19:55:59
176,19.07,15488.8,-2139.76,2026/01/29 19:55:59
177,19.18,15489.3,-2141.15,2026/01/29 19:56:00
178,19.29,15488.7,-2140.66,2026/01/29 19:56:00
179,19.4,15491.1,-2139.43,2026/01/29 19:56:00
180,19.51,15489.4,-2141.64,2026/01/29 19:56:00
181,19.61,15490.3,-2140.3,2026/01/29 19:56:00
182,19.72,15490.7,-2140.68,2026/01/29 19:56:00
183,19.83,15490.9,-2140.66,2026/01/29 19:56:00
184,19.94,15490.2,-2140.47,2026/01/29 19:56:00
185,20.05,15491.1,-2140.98,2026/01/29 19:56:00
186,20.16,15492,-2140.24,2026/01/29 19:56:01
187,20.27,15490.8,-2141.71,2026/01/29 19:56:01
188,20.38,15492.7,-2140.56,2026/01/29 19:56:01
189,20.48,15490.7,-2140.3,2026/01/29 19:56:01
190,20.59,15494.4,-2141.48,2026/01/29 19:56:01
191,20.7,15490.8,-2139.29,2026/01/29 19:56:01
192,20.81,15495,-2141.65,2026/01/29 19:56:01
193,20.92,15492.6,-2140.3,2026/01/29 19:56:01
194,21.03,15494.4,-2140.9,2026/01/29 19:56:01
195,21.14,15494,-2140.42,2026/01/29 19:56:02
196,21.25,15492.8,-2140.94,2026/01/29 19:56:02
197,21.36,15496.2,-2139.76,2026/01/29 19:56:02
198,21.46,15491.4,-2140.49,2026/01/29 19:56:02
199,21.57,15498.4,-2139.38,2026/01/29 19:56:02
200,21.68,15492.2,-2141.33,2026/01/29 19:56:02
201,21.79,15498.3,-2139.01,2026/01/29 19:56:02
202,21.9,15494.8,-2141.27,2026/01/29 19:56:02
203,22.01,15496.9,-2139.28,2026/01/29 19:56:02
204,22.12,15497.5,-2139.91,2026/01/29 19:56:02
205,22.23,15497.7,-2139.86,2026/01/29 19:56:03
206,22.34,15501.2,-2139.79,2026/01/29 19:56:03
207,22.45,15497.9,-2140.62,2026/01/29 19:56:03
208,22.55,15501.4,-2138.62,2026/01/29 19:56:03
209,22.66,15500,-2142.28,2026/01/29 19:56:03
210,22.77,15501.9,-2138.19,2026/01/29 19:56:03
211,22.88,15501.7,-2141.13,2026/01/29 19:56:03
212,22.99,15503.4,-2138.29,2026/01/29 19:56:03
213,23.1,15503.8,-2139.67,2026/01/29 19:56:03
214,23.21,15504.4,-2139.36,2026/01/29 19:56:04
215,23.32,15505.8,-2138.75,2026/01/29 19:56:04
216,23.43,15504.1,-2140.74,2026/01/29 19:56:04
217,23.54,15505.3,-2139.56,2026/01/29 19:56:04
218,23.65,15503.9,-2139.45,2026/01/29 19:56:04
219,23.75,15506.7,-2140.44,2026/01/29 19:56:04
220,23.86,15503.6,-2138.66,2026/01/29 19:56:04
221,23.97,15508.2,-2140.76,2026/01/29 19:56:04
222,24.08,15504.7,-2138.9,2026/01/29 19:56:04
223,24.19,15508.7,-2139.98,2026/01/29 19:56:05
224,24.3,15506.3,-2139.82,2026/01/29 19:56:05
225,24.41,15507.9,-2139.74,2026/01/29 19:56:05
226,24.52,15507.9,-2140.26,2026/01/29 19:56:05
227,24.63,15506.2,-2139.81,2026/01/29 19:56:05
228,24.74,15510.6,-2138.95,2026/01/29 19:56:05
229,24.85,15505.8,-2141.4,2026/01/29 19:56:05
230,24.95,15511,-2137.56,2026/01/29 19:56:05
231,25.06,15507.7,-2142.49,2026/01/29 19:56:05
232,25.17,15510.4,-2137.68,2026/01/29 19:56:06
233,25.28,15510,-2140.67,2026/01/29 19:56:06
234,25.39,15510.4,-2139.23,2026/01/29 19:56:06
235,25.5,15511.7,-2139.55,2026/01/29 19:56:06
236,25.61,15509.6,-2140.85,2026/01/29 19:56:06
237,25.72,15511.1,-2139.31,2026/01/29 19:56:06
238,25.83,15510.4,-2139.98,2026/01/29 19:56:06
239,25.94,15512.4,-2140.96,2026/01/29 19:56:06
240,26.04,15510.2,-2138.42,2026/01/29 19:56:06
241,26.15,15513.8,-2140.75,2026/01/29 19:56:07
242,26.26,15510.3,-2139.3,2026/01/29 19:56:07
243,26.37,15513.4,-2139.74,2026/01/29 19:56:07
244,26.48,15512.8,-2139.42,2026/01/29 19:56:07
245,26.59,15512.8,-2139.57,2026/01/29 19:56:07
246,26.7,15514.9,-2139.68,2026/01/29 19:56:07
247,26.81,15511.1,-2140.88,2026/01/29 19:56:07
248,26.92,15516.1,-2138.4,2026/01/29 19:56:07
249,27.03,15512.1,-2142.47,2026/01/29 19:56:07
250,27.13,15515.7,-2137.4,2026/01/29 19:56:07
251,27.24,15514.9,-2140.67,2026/01/29 19:56:08
252,27.35,15515.2,-2139.17,2026/01/29 19:56:08
253,27.46,15515.4,-2140.29,2026/01/29 19:56:08
254,27.57,15514.4,-2140.04,2026/01/29 19:56:08
255,27.68,15516.7,-2138.47,2026/01/29 19:56:08
256,27.79,15515.8,-2140.17,2026/01/29 19:56:08
257,27.9,15518.1,-2139.88,2026/01/29 19:56:08
258,28.01,15515.1,-2139.24,2026/01/29 19:56:08
259,28.12,15520.1,-2140.95,2026/01/29 19:56:08
260,28.22,15514.8,-2139.31,2026/01/29 19:56:09
261,28.33,15519.6,-2139.77,2026/01/29 19:56:09
262,28.44,15517.6,-2139.86,2026/01/29 19:56:09
263,28.55,15518.1,-2139.61,2026/01/29 19:56:09
264,28.66,15519.5,-2140.19,2026/01/29 19:56:09
265,28.77,15516.8,-2139.75,2026/01/29 19:56:09
266,28.88,15521.1,-2138.86,2026/01/29 19:56:09
267,28.99,15519.2,-2140.94,2026/01/29 19:56:09
268,29.1,15520.2,-2138.73,2026/01/29 19:56:09
269,29.21,15520.6,-2139.75,2026/01/29 19:56:10
270,29.31,15522.1,-2139.31,2026/01/29 19:56:10
271,29.42,15521.2,-2138.91,2026/01/29 19:56:10
272,29.53,15522,-2140.15,2026/01/29 19:56:10
273,29.64,15521.4,-2139.21,2026/01/29 19:56:10
274,29.75,15520.8,-2140.43,2026/01/29 19:56:10
275,29.86,15524.3,-2138.69,2026/01/29 19:56:10
276,29.97,15519.8,-2140.35,2026/01/29 19:56:10
277,30.08,15526.7,-2137.66,2026/01/29 19:56:10
278,30.19,15521.1,-2141.28,2026/01/29 19:56:11
279,30.29,15525.5,-2137.33,2026/01/29 19:56:11
280,30.4,15524,-2140.38,2026/01/29 19:56:11
281,30.51,15524.5,-2138.33,2026/01/29 19:56:11
282,30.62,15525.9,-2138.97,2026/01/29 19:56:11
283,30.73,15524.2,-2140.26,2026/01/29 19:56:11
284,30.84,15526.4,-2138.97,2026/01/29 19:56:11
285,30.95,15525.1,-2139.3,2026/01/29 19:56:11
286,31.06,15527.4,-2139.94,2026/01/29 19:56:11
287,31.17,15524.3,-2137.92,2026/01/29 19:56:12
288,31.28,15528.8,-2140.04,2026/01/29 19:56:12
289,31.39,15525.2,-2139.06,2026/01/29 19:56:12
290,31.49,15528.9,-2139.14,2026/01/29 19:56:12
291,31.6,15528,-2139.38,2026/01/29 19:56:12
292,31.71,15526.6,-2139.29,2026/01/29 19:56:12
293,31.82,15530.6,-2138.03,2026/01/29 19:56:12
294,31.93,15527.2,-2140.35,2026/01/29 19:56:12
295,32.04,15530.3,-2136.7,2026/01/29 19:56:12
296,32.15,15529.3,-2140.72,2026/01/29 19:56:13
297,32.26,15530.9,-2137.92,2026/01/29 19:56:13
298,32.37,15530.5,-2139.12,2026/01/29 19:56:13
299,32.47,15530.3,-2139.42,2026/01/29 19:56:13
300,32.58,15532,-2138.57,2026/01/29 19:56:13
301,32.69,15530,-2139.03,2026/01/29 19:56:13
302,32.8,15534.9,-2139.39,2026/01/29 19:56:13
303,32.91,15528.5,-2139.65,2026/01/29 19:56:13
304,33.02,15535.8,-2138.63,2026/01/29 19:56:13
305,33.13,15530.7,-2139.77,2026/01/29 19:56:13
306,33.24,15534.8,-2138.36,2026/01/29 19:56:14
307,33.35,15533.2,-2140.23,2026/01/29 19:56:14
308,33.45,15532.9,-2138.95,2026/01/29 19:56:14
309,33.56,15535.2,-2138.86,2026/01/29 19:56:14
310,33.67,15533.3,-2138.69,2026/01/29 19:56:14
311,33.78,15535.3,-2138.1,2026/01/29 19:56:14
312,33.89,15535.1,-2139.13,2026/01/29 19:56:14
313,34,15536.5,-2139.78,2026/01/29 19:56:14
314,34.11,15534.8,-2137.68,2026/01/29 19:56:14
315,34.22,15538.1,-2139.45,2026/01/29 19:56:15
316,34.33,15535.8,-2138.5,2026/01/29 19:56:15
317,34.44,15537.6,-2138.94,2026/01/29 19:56:15
318,34.54,15537.4,-2139.54,2026/01/29 19:56:15
319,34.66,15537.6,-2138.03,2026/01/29 19:56:15
320,34.76,15539.9,-2138.55,2026/01/29 19:56:15
321,34.87,15536.3,-2139.65,2026/01/29 19:56:15
322,34.98,15540.5,-2137.53,2026/01/29 19:56:15
323,35.09,15538.2,-2140.97,2026/01/29 19:56:15
324,35.2,15539.7,-2137.11,2026/01/29 19:56:16
325,35.31,15539.2,-2140.03,2026/01/29 19:56:16
326,35.42,15539.4,-2138.6,2026/01/29 19:56:16
327,35.53,15540.2,-2138.58,2026/01/29 19:56:16
328,35.64,15540.4,-2139,2026/01/29 19:56:16
329,35.74,15541.8,-2137.07,2026/01/29 19:56:16
330,35.85,15540.4,-2138.9,2026/01/29 19:56:16
331,35.96,15544.7,-2138.44,2026/01/29 19:56:16
332,36.07,15538.5,-2139.4,2026/01/29 19:56:16
333,36.18,15545.6,-2137.47,2026/01/29 19:56:17
334,36.29,15540.3,-2139.8,2026/01/29 19:56:17
335,36.4,15543.7,-2137.41,2026/01/29 19:56:17
336,36.51,15544.4,-2138.64,2026/01/29 19:56:17
337,36.61,15542.6,-2138.24,2026/01/29 19:56:17
338,36.72,15545.2,-2138.42,2026/01/29 19:56:17
339,36.83,15543.7,-2139.61,2026/01/29 19:56:17
340,36.94,15544.5,-2138.2,2026/01/29 19:56:17
341,37.05,15544.7,-2138.01,2026/01/29 19:56:17
342,37.16,15545.8,-2138.96,2026/01/29 19:56:18
343,37.27,15544.3,-2137.61,2026/01/29 19:56:18
344,37.38,15546.7,-2138.13,2026/01/29 19:56:18
345,37.49,15545.9,-2138.04,2026/01/29 19:56:18
346,37.6,15547.1,-2138.04,2026/01/29 19:56:18
347,37.7,15548.9,-2137.83,2026/01/29 19:56:18
348,37.81,15545.7,-2138.64,2026/01/29 19:56:18
349,37.92,15551.3,-2136.93,2026/01/29 19:56:18
350,38.03,15545.9,-2140.97,2026/01/29 19:56:18
351,38.14,15550.2,-2136.43,2026/01/29 19:56:19
352,38.25,15548.8,-2139.15,2026/01/29 19:56:19
353,38.36,15549.4,-2137.01,2026/01/29 19:56:19
354,38.47,15550.9,-2137.26,2026/01/29 19:56:19
355,38.58,15549.3,-2139.13,2026/01/29 19:56:19
356,38.68,15551,-2137.43,2026/01/29 19:56:19
357,38.79,15549.8,-2138.2,2026/01/29 19:56:19
358,38.9,15552.6,-2138.33,2026/01/29 19:56:19
359,39.01,15549.9,-2136.1,2026/01/29 19:56:19
360,39.12,15554.2,-2138.95,2026/01/29 19:56:19
361,39.23,15550.6,-2137.12,2026/01/29 19:56:20
362,39.34,15553.5,-2137.09,2026/01/29 19:56:20
363,39.45,15553.1,-2137.62,2026/01/29 19:56:20
364,39.56,15553.3,-2136.71,2026/01/29 19:56:20
365,39.67,15556,-2137.13,2026/01/29 19:56:20
366,39.78,15552.4,-2137.7,2026/01/29 19:56:20
367,39.89,15556,-2135.92,2026/01/29 19:56:20
368,39.99,15554.3,-2139.09,2026/01/29 19:56:20
369,40.1,15555.6,-2136.32,2026/01/29 19:56:20
370,40.21,15556,-2137.57,2026/01/29 19:56:21
371,40.32,15557.4,-2137.78,2026/01/29 19:56:21
372,40.43,15556.7,-2136.78,2026/01/29 19:56:21
373,40.54,15557.4,-2137.44,2026/01/29 19:56:21
374,40.65,15557.1,-2137.44,2026/01/29 19:56:21
375,40.76,15556.4,-2137.82,2026/01/29 19:56:21
376,40.87,15559.7,-2136.94,2026/01/29 19:56:21
377,40.98,15555.1,-2137.93,2026/01/29 19:56:21
378,41.08,15563,-2135.59,2026/01/29 19:56:21
379,41.19,15556.7,-2139.48,2026/01/29 19:56:22
380,41.3,15561.2,-2135.11,2026/01/29 19:56:22
381,41.41,15559.7,-2138.38,2026/01/29 19:56:22
382,41.52,15560.4,-2136.01,2026/01/29 19:56:22
383,41.63,15562,-2136.44,2026/01/29 19:56:22
384,41.74,15560.3,-2137.01,2026/01/29 19:56:22
385,41.85,15562.3,-2136.17,2026/01/29 19:56:22
386,41.96,15561.6,-2136.67,2026/01/29 19:56:22
387,42.06,15563.1,-2138.11,2026/01/29 19:56:22
388,42.17,15561.8,-2135.48,2026/01/29 19:56:23
389,42.28,15565.1,-2137.81,2026/01/29 19:56:23
390,42.39,15563.1,-2136.62,2026/01/29 19:56:23
391,42.5,15564.7,-2136.88,2026/01/29 19:56:23
392,42.61,15564.5,-2137.31,2026/01/29 19:56:23
393,42.72,15563.2,-2136.27,2026/01/29 19:56:23
394,42.83,15567.3,-2135.76,2026/01/29 19:56:23
395,42.94,15563.8,-2137.47,2026/01/29 19:56:23
396,43.05,15567.9,-2134.62,2026/01/29 19:56:23
397,43.16,15565.8,-2138.52,2026/01/29 19:56:24
398,43.26,15567.1,-2134.54,2026/01/29 19:56:24
399,43.37,15567.1,-2137.09,2026/01/29 19:56:24
400,43.48,15567.4,-2136.09,2026/01/29 19:56:24
401,43.59,15567.9,-2136.12,2026/01/29 19:56:24
402,43.7,15568.8,-2136.27,2026/01/29 19:56:24
403,43.81,15570.1,-2134.68,2026/01/29 19:56:24
404,43.92,15568.8,-2135.92,2026/01/29 19:56:24
405,44.03,15572.8,-2135.26,2026/01/29 19:56:24
406,44.14,15566.6,-2135.97,2026/01/29 19:56:25
407,44.25,15574.7,-2134.41,2026/01/29 19:56:25
408,44.35,15569.7,-2136.02,2026/01/29 19:56:25
409,44.46,15573.6,-2134.18,2026/01/29 19:56:25
410,44.57,15573.4,-2135.89,2026/01/29 19:56:25
411,44.68,15572.8,-2134.61,2026/01/29 19:56:25
412,44.79,15576.2,-2134.84,2026/01/29 19:56:25
413,44.9,15574.1,-2134.66,2026/01/29 19:56:25
414,45.01,15576.5,-2133.3,2026/01/29 19:56:25
415,45.12,15577.5,-2133.79,2026/01/29 19:56:25
416,45.23,15618.6,-2129.89,2026/01/29 19:56:26
417,45.34,15618.3,-2128.2,2026/01/29 19:56:26
418,45.44,15620.6,-2129.95,2026/01/29 19:56:26
419,45.55,15618.2,-2129.12,2026/01/29 19:56:26
420,45.66,15620,-2129.55,2026/01/29 19:56:26
421,45.77,15619.2,-2129.93,2026/01/29 19:56:26
422,45.88,15617.9,-2129.75,2026/01/29 19:56:26
423,45.99,15623,-2128.58,2026/01/29 19:56:26
424,46.1,15616.7,-2132.06,2026/01/29 19:56:26
425,46.21,15622.5,-2126.85,2026/01/29 19:56:27
426,46.31,15618.7,-2132.04,2026/01/29 19:56:27
427,46.42,15621.2,-2129.18,2026/01/29 19:56:27
428,46.53,15620.9,-2130.65,2026/01/29 19:56:27
429,46.64,15620.2,-2129.69,2026/01/29 19:56:27
430,46.75,15622.9,-2129.35,2026/01/29 19:56:27
431,46.86,15621.1,-2129.91,2026/01/29 19:56:27
432,46.97,15622.8,-2129.54,2026/01/29 19:56:27
433,47.08,15621.5,-2129.34,2026/01/29 19:56:27
434,47.19,15624.6,-2131.4,2026/01/29 19:56:28
435,47.3,15621.2,-2128.68,2026/01/29 19:56:28
436,47.41,15624.8,-2130.39,2026/01/29 19:56:28
437,47.52,15621.6,-2129.45,2026/01/29 19:56:28
438,47.62,15624.3,-2129.36,2026/01/29 19:56:28
439,47.73,15623.4,-2129.55,2026/01/29 19:56:28
440,47.84,15623.6,-2129.21,2026/01/29 19:56:28
441,47.95,15626.2,-2129.74,2026/01/29 19:56:28
442,48.06,15622.9,-2131,2026/01/29 19:56:28
443,48.17,15626.6,-2128.22,2026/01/29 19:56:29
444,48.28,15624.2,-2132.43,2026/01/29 19:56:29
445,48.39,15626.2,-2128.12,2026/01/29 19:56:29
446,48.5,15625.9,-2130.75,2026/01/29 19:56:29
447,48.6,15624.9,-2130.54,2026/01/29 19:56:29
448,48.71,15627.4,-2129.15,2026/01/29 19:56:29
449,48.82,15625.3,-2130.14,2026/01/29 19:56:29
450,48.93,15627.9,-2131.17,2026/01/29 19:56:29
451,49.04,15625.2,-2128.76,2026/01/29 19:56:29
452,49.15,15629.1,-2131.12,2026/01/29 19:56:30
453,49.26,15625.4,-2129.63,2026/01/29 19:56:30
454,49.37,15628.6,-2130.22,2026/01/29 19:56:30
455,49.47,15627.6,-2130.26,2026/01/29 19:56:30
456,49.58,15628.5,-2130.28,2026/01/29 19:56:30
457,49.69,15628.6,-2131.11,2026/01/29 19:56:30
458,49.8,15627,-2130.72,2026/01/29 19:56:30
459,49.91,15630.9,-2129.53,2026/01/29 19:56:30
460,50.02,15627.1,-2132.13,2026/01/29 19:56:30
461,50.13,15630.1,-2128,2026/01/29 19:56:30
462,50.24,15629.3,-2132.37,2026/01/29 19:56:31
463,50.35,15630.5,-2128.84,2026/01/29 19:56:31
464,50.46,15630.7,-2130.88,2026/01/29 19:56:31
465,50.57,15630.5,-2130.04,2026/01/29 19:56:31
466,50.67,15630.9,-2129.91,2026/01/29 19:56:31
467,50.78,15629.6,-2131.99,2026/01/29 19:56:31
468,50.89,15631.7,-2130.2,2026/01/29 19:56:31
469,51,15629.7,-2130.51,2026/01/29 19:56:31
470,51.11,15633.5,-2131.5,2026/01/29 19:56:31
471,51.22,15629,-2129.23,2026/01/29 19:56:32
472,51.33,15633.8,-2131.39,2026/01/29 19:56:32
473,51.44,15630.4,-2130.38,2026/01/29 19:56:32
474,51.55,15633.1,-2130.16,2026/01/29 19:56:32
475,51.66,15632.5,-2131.07,2026/01/29 19:56:32
476,51.76,15632.8,-2129.64,2026/01/29 19:56:32
477,51.87,15635.3,-2130.94,2026/01/29 19:56:32
478,51.98,15630.8,-2131.7,2026/01/29 19:56:32
479,52.09,15635.7,-2128.98,2026/01/29 19:56:32
480,52.2,15632,-2133.46,2026/01/29 19:56:33
481,52.31,15634.8,-2128.42,2026/01/29 19:56:33
482,52.42,15633.2,-2133.14,2026/01/29 19:56:33
483,52.53,15634.1,-2130.51,2026/01/29 19:56:33
484,52.64,15635.3,-2130.48,2026/01/29 19:56:33
485,52.74,15633.4,-2131.78,2026/01/29 19:56:33
486,52.85,15635.1,-2130.55,2026/01/29 19:56:33
487,52.96,15634.4,-2131.38,2026/01/29 19:56:33
488,53.07,15636.3,-2130.73,2026/01/29 19:56:33
489,53.18,15633.8,-2129.72,2026/01/29 19:56:34
490,53.29,15636.7,-2132.16,2026/01/29 19:56:34
491,53.4,15634.2,-2129.76,2026/01/29 19:56:34
492,53.51,15637.8,-2131.67,2026/01/29 19:56:34
493,53.62,15635.5,-2131.43,2026/01/29 19:56:34
494,53.73,15637,-2130.58,2026/01/29 19:56:34
495,53.84,15636.2,-2132.1,2026/01/29 19:56:34
496,53.94,15635.2,-2131.73,2026/01/29 19:56:34
497,54.05,15639,-2130.31,2026/01/29 19:56:34
498,54.16,15633.1,-2132.51,2026/01/29 19:56:35
499,54.27,15639.9,-2129.09,2026/01/29 19:56:35
500,54.38,15634.9,-2132.76,2026/01/29 19:56:35
501,54.49,15638.4,-2130.14,2026/01/29 19:56:35
502,54.6,15637.2,-2132.11,2026/01/29 19:56:35
503,54.71,15637.1,-2131.07,2026/01/29 19:56:35
504,54.82,15639.2,-2131.74,2026/01/29 19:56:35
505,54.92,15636.8,-2131.61,2026/01/29 19:56:35
506,55.03,15639.7,-2130.46,2026/01/29 19:56:35
507,55.14,15637.8,-2132.82,2026/01/29 19:56:36
508,55.25,15639.1,-2129.61,2026/01/29 19:56:36
509,55.36,15639,-2132.95,2026/01/29 19:56:36
510,55.47,15639.6,-2130.04,2026/01/29 19:56:36
511,55.58,15639.5,-2131.94,2026/01/29 19:56:36
512,55.69,15639.5,-2131.4,2026/01/29 19:56:36
513,55.8,15640.1,-2131.12,2026/01/29 19:56:36
514,55.91,15638.7,-2132.66,2026/01/29 19:56:36
515,56.01,15640.2,-2131.34,2026/01/29 19:56:36
516,56.12,15638.9,-2131.99,2026/01/29 19:56:36
517,56.23,15641.2,-2132.82,2026/01/29 19:56:37
518,56.34,15639.7,-2130.65,2026/01/29 19:56:37
519,56.45,15641.9,-2132.16,2026/01/29 19:56:37
520,56.56,15640.5,-2131.22,2026/01/29 19:56:37
521,56.67,15641.3,-2131.99,2026/01/29 19:56:37
522,56.78,15641,-2131.63,2026/01/29 19:56:37
523,56.89,15640.1,-2133.03,2026/01/29 19:56:37
524,56.99,15642.2,-2131.53,2026/01/29 19:56:37
525,57.1,15640.5,-2132.35,2026/01/29 19:56:37
526,57.21,15644.1,-2131.79,2026/01/29 19:56:38
527,57.32,15638.6,-2131.56,2026/01/29 19:56:38
528,57.43,15644.6,-2132.95,2026/01/29 19:56:38
529,57.54,15639.7,-2130.98,2026/01/29 19:56:38
530,57.65,15643.9,-2132.66,2026/01/29 19:56:38
531,57.76,15641.5,-2132.1,2026/01/29 19:56:38
532,57.87,15642.8,-2132.04,2026/01/29 19:56:38
533,57.98,15642.2,-2132.37,2026/01/29 19:56:38
534,58.09,15641,-2132.59,2026/01/29 19:56:38
535,58.19,15644.6,-2131.28,2026/01/29 19:56:39
536,58.3,15639.3,-2132.91,2026/01/29 19:56:39
537,58.41,15647,-2130.74,2026/01/29 19:56:39
538,58.52,15639.8,-2132.62,2026/01/29 19:56:39
539,58.63,15645.8,-2131.93,2026/01/29 19:56:39
540,58.74,15641.5,-2131.86,2026/01/29 19:56:39
541,58.85,15644.3,-2131.86,2026/01/29 19:56:39
542,58.96,15643.4,-2132.03,2026/01/29 19:56:39
543,59.07,15643.8,-2131.52,2026/01/29 19:56:39
544,59.17,15645.7,-2131.87,2026/01/29 19:56:40
545,59.28,15642.1,-2133.1,2026/01/29 19:56:40
546,59.39,15647.8,-2130.97,2026/01/29 19:56:40
547,59.5,15640.3,-2133.54,2026/01/29 19:56:40
548,59.61,15648,-2131.24,2026/01/29 19:56:40
549,59.72,15641.9,-2132.3,2026/01/29 19:56:40
550,59.83,15646.4,-2131.91,2026/01/29 19:56:40
551,59.94,15644.4,-2132.95,2026/01/29 19:56:40
552,60.05,15645.4,-2132.33,2026/01/29 19:56:40
553,60.16,15645.5,-2133.03,2026/01/29 19:56:41
554,60.26,15643.6,-2132.77,2026/01/29 19:56:41
555,60.38,15647.8,-2131.47,2026/01/29 19:56:41
556,60.48,15642.2,-2133.39,2026/01/29 19:56:41
557,60.59,15649.9,-2130.9,2026/01/29 19:56:41
558,60.7,15642.7,-2132.57,2026/01/29 19:56:41
559,60.81,15648.7,-2132.31,2026/01/29 19:56:41
560,60.92,15644.5,-2132.28,2026/01/29 19:56:41
561,61.03,15647.5,-2132.31,2026/01/29 19:56:41
562,61.14,15646.4,-2132.28,2026/01/29 19:56:42
563,61.24,15645.4,-2132.77,2026/01/29 19:56:42
564,61.35,15648.7,-2131.8,2026/01/29 19:56:42
565,61.46,15643.8,-2133.46,2026/01/29 19:56:42
566,61.57,15651.2,-2131.62,2026/01/29 19:56:42
567,61.68,15644.1,-2132.26,2026/01/29 19:56:42
568,61.79,15650,-2132.87,2026/01/29 19:56:42
569,61.9,15645.9,-2131.72,2026/01/29 19:56:42
570,62.01,15648.6,-2132.51,2026/01/29 19:56:42
571,62.12,15647.2,-2132.4,2026/01/29 19:56:42
572,62.23,15648.3,-2132.53,2026/01/29 19:56:43
573,62.33,15649.3,-2131.29,2026/01/29 19:56:43
574,62.44,15646.2,-2132.82,2026/01/29 19:56:43
575,62.55,15650.9,-2133.45,2026/01/29 19:56:43
576,62.66,15646.7,-2131.64,2026/01/29 19:56:43
577,62.77,15650.2,-2134.08,2026/01/29 19:56:43
578,62.88,15647.7,-2132.05,2026/01/29 19:56:43
579,62.99,15649.4,-2133.05,2026/01/29 19:56:43
580,63.1,15648.9,-2132.64,2026/01/29 19:56:43
581,63.21,15648.9,-2133.28,2026/01/29 19:56:44
582,63.31,15650.5,-2131.62,2026/01/29 19:56:44
583,63.42,15649.3,-2133.09,2026/01/29 19:56:44
584,63.53,15650.2,-2131.97,2026/01/29 19:56:44
585,63.64,15650.2,-2132.95,2026/01/29 19:56:44
586,63.75,15650.3,-2132.11,2026/01/29 19:56:44
587,63.86,15650.5,-2133.76,2026/01/29 19:56:44
588,63.97,15650.9,-2131.72,2026/01/29 19:56:44
589,64.08,15651,-2133.17,2026/01/29 19:56:44
590,64.19,15649.5,-2133.3,2026/01/29 19:56:45
591,64.3,15651.8,-2132.74,2026/01/29 19:56:45
592,64.4,15649.5,-2132.87,2026/01/29 19:56:45
593,64.51,15652.9,-2131.87,2026/01/29 19:56:45
594,64.62,15650.3,-2134.34,2026/01/29 19:56:45
595,64.73,15653.7,-2130.18,2026/01/29 19:56:45
596,64.84,15649.6,-2135.47,2026/01/29 19:56:45
597,64.95,15654.1,-2131.13,2026/01/29 19:56:45
598,65.06,15651.6,-2133.38,2026/01/29 19:56:45
599,65.17,15653,-2132.07,2026/01/29 19:56:46
600,65.28,15652.9,-2133.72,2026/01/29 19:56:46
601,65.38,15651.4,-2133.04,2026/01/29 19:56:46
602,65.49,15654.7,-2132.54,2026/01/29 19:56:46
603,65.6,15649.7,-2133.02,2026/01/29 19:56:46
604,65.71,15656.2,-2133.01,2026/01/29 19:56:46
605,65.82,15650.7,-2131.74,2026/01/29 19:56:46
606,65.93,15655.2,-2134.07,2026/01/29 19:56:46
607,66.04,15652.1,-2132.44,2026/01/29 19:56:46
608,66.15,15653.9,-2133.32,2026/01/29 19:56:47
609,66.26,15653.3,-2133.08,2026/01/29 19:56:47
610,66.36,15653.4,-2133.71,2026/01/29 19:56:47
611,66.47,15655.1,-2132.08,2026/01/29 19:56:47
612,66.58,15653.7,-2133.62,2026/01/29 19:56:47
613,66.69,15654.8,-2131.86,2026/01/29 19:56:47
614,66.8,15654.2,-2134.21,2026/01/29 19:56:47
615,66.91,15655.5,-2130.89,2026/01/29 19:56:47
616,67.02,15653.6,-2135.67,2026/01/29 19:56:47
617,67.13,15656.5,-2131.24,2026/01/29 19:56:47
618,67.24,15654.4,-2134.05,2026/01/29 19:56:48
619,67.34,15654.5,-2132.32,2026/01/29 19:56:48
620,67.45,15657.1,-2133.25,2026/01/29 19:56:48
621,67.56,15653.3,-2133.78,2026/01/29 19:56:48
622,67.67,15658.6,-2132.95,2026/01/29 19:56:48
623,67.78,15652.5,-2133.01,2026/01/29 19:56:48
624,67.89,15657.7,-2134.87,2026/01/29 19:56:48
625,68,15654.5,-2132.49,2026/01/29 19:56:48
626,68.11,15657.5,-2133.54,2026/01/29 19:56:48
627,68.22,15656.1,-2133.19,2026/01/29 19:56:49
628,68.32,15656.2,-2133.23,2026/01/29 19:56:49
629,68.43,15657.2,-2132.79,2026/01/29 19:56:49
630,68.54,15654.7,-2134.08,2026/01/29 19:56:49
631,68.65,15657.4,-2132.89,2026/01/29 19:56:49
632,68.76,15654.6,-2135.05,2026/01/29 19:56:49
633,68.87,15659.2,-2130.79,2026/01/29 19:56:49
634,68.98,15653.8,-2135.91,2026/01/29 19:56:49
635,69.09,15659.2,-2132.65,2026/01/29 19:56:49
636,69.2,15655.1,-2133.71,2026/01/29 19:56:50
637,69.3,15657.7,-2133.74,2026/01/29 19:56:50
638,69.41,15656.3,-2133.16,2026/01/29 19:56:50
639,69.52,15656.8,-2134.1,2026/01/29 19:56:50
640,69.63,15658.3,-2132.22,2026/01/29 19:56:50
641,69.74,15657,-2133.54,2026/01/29 19:56:50
642,69.85,15658,-2133.08,2026/01/29 19:56:50
643,69.96,15657.4,-2133.87,2026/01/29 19:56:50
644,70.07,15658,-2131.36,2026/01/29 19:56:50
645,70.18,15656.6,-2136.05,2026/01/29 19:56:51
646,70.29,15659.7,-2131.85,2026/01/29 19:56:51
647,70.4,15656.7,-2134.56,2026/01/29 19:56:51
648,70.5,15658.6,-2133.14,2026/01/29 19:56:51
649,70.61,15657.5,-2133.93,2026/01/29 19:56:51
650,70.72,15658.6,-2133.61,2026/01/29 19:56:51
651,70.83,15659.6,-2132.71,2026/01/29 19:56:51
652,70.94,15657.7,-2133.86,2026/01/29 19:56:51
653,71.05,15659.6,-2133.44,2026/01/29 19:56:51
654,71.16,15659.1,-2133.74,2026/01/29 19:56:52
655,71.27,15658.8,-2132.49,2026/01/29 19:56:52
656,71.38,15658.8,-2136.01,2026/01/29 19:56:52
657,71.49,15660.4,-2131.25,2026/01/29 19:56:52
658,71.59,15658.8,-2134.36,2026/01/29 19:56:52
659,71.7,15659.9,-2133.15,2026/01/29 19:56:52
660,71.81,15659.5,-2134.09,2026/01/29 19:56:52
661,71.92,15659.7,-2133.55,2026/01/29 19:56:52
662,72.03,15659.6,-2134.01,2026/01/29 19:56:52
663,72.14,15658.9,-2135.51,2026/01/29 19:56:53
664,72.25,15660.9,-2133.17,2026/01/29 19:56:53
665,72.36,15658.9,-2134.58,2026/01/29 19:56:53
666,72.47,15660.5,-2134.37,2026/01/29 19:56:53
667,72.57,15660.8,-2134.84,2026/01/29 19:56:53
668,72.68,15661.1,-2132.13,2026/01/29 19:56:53
669,72.79,15660.6,-2135.22,2026/01/29 19:56:53
670,72.9,15660.4,-2134.24,2026/01/29 19:56:53
671,73.01,15662.5,-2133.96,2026/01/29 19:56:53
672,73.12,15659.2,-2135.09,2026/01/29 19:56:53
673,73.23,15664.2,-2133,2026/01/29 19:56:54
674,73.34,15658.1,-2134.41,2026/01/29 19:56:54
675,73.44,15663.9,-2134.94,2026/01/29 19:56:54
676,73.55,15660.6,-2133.51,2026/01/29 19:56:54
677,73.66,15662.8,-2134.33,2026/01/29 19:56:54
678,73.77,15662.6,-2134.18,2026/01/29 19:56:54
679,73.88,15662.3,-2133.78,2026/01/29 19:56:54
680,73.99,15663.2,-2134.31,2026/01/29 19:56:54
681,74.1,15661.1,-2133.43,2026/01/29 19:56:54
682,74.21,15663.9,-2134.49,2026/01/29 19:56:55
683,74.32,15660.7,-2134.16,2026/01/29 19:56:55
684,74.43,15665.8,-2132.38,2026/01/29 19:56:55
685,74.54,15658.9,-2135.67,2026/01/29 19:56:55
686,74.64,15666.2,-2134.38,2026/01/29 19:56:55
687,74.75,15661.4,-2133.74,2026/01/29 19:56:55
688,74.86,15665.1,-2135.22,2026/01/29 19:56:55
689,74.97,15663.2,-2134.06,2026/01/29 19:56:55
690,75.08,15663.9,-2134.48,2026/01/29 19:56:55
691,75.19,15665,-2133.95,2026/01/29 19:56:56
692,75.3,15662.2,-2134.72,2026/01/29 19:56:56
693,75.41,15665,-2133.4,2026/01/29 19:56:56
694,75.51,15663.3,-2136.6,2026/01/29 19:56:56
695,75.62,15666,-2132.07,2026/01/29 19:56:56
696,75.73,15662.6,-2135.84,2026/01/29 19:56:56
697,75.84,15666.1,-2133.64,2026/01/29 19:56:56
698,75.95,15664.1,-2134.72,2026/01/29 19:56:56
699,76.06,15665.5,-2134.63,2026/01/29 19:56:56
700,76.17,15664.5,-2134.11,2026/01/29 19:56:57
701,76.28,15664.3,-2136.03,2026/01/29 19:56:57
702,76.39,15666.4,-2133.5,2026/01/29 19:56:57
703,76.49,15664.2,-2134.79,2026/01/29 19:56:57
704,76.6,15666.1,-2134.43,2026/01/29 19:56:57
705,76.71,15665.8,-2135.77,2026/01/29 19:56:57
706,76.82,15666.3,-2133.36,2026/01/29 19:56:57
707,76.93,15666.2,-2135.72,2026/01/29 19:56:57
708,77.04,15666.3,-2133.65,2026/01/29 19:56:57
709,77.15,15666.8,-2134.46,2026/01/29 19:56:58
710,77.26,15666.3,-2134.23,2026/01/29 19:56:58
711,77.37,15668,-2134.34,2026/01/29 19:56:58
712,77.47,15665.4,-2135.26,2026/01/29 19:56:58
713,77.58,15670.2,-2134.17,2026/01/29 19:56:58
714,77.69,15664.4,-2134.9,2026/01/29 19:56:58
715,77.8,15669.4,-2136.33,2026/01/29 19:56:58
716,77.91,15667.3,-2133.7,2026/01/29 19:56:58
717,78.02,15667.5,-2135.27,2026/01/29 19:56:58
718,78.13,15667.1,-2135.57,2026/01/29 19:56:58
719,78.24,15668,-2134.38,2026/01/29 19:56:59
720,78.35,15667.9,-2135.65,2026/01/29 19:56:59
721,78.46,15667.2,-2134.85,2026/01/29 19:56:59
722,78.57,15669.4,-2135.05,2026/01/29 19:56:59
723,78.68,15667.2,-2135.41,2026/01/29 19:56:59
724,78.78,15671.6,-2132.84,2026/01/29 19:56:59
725,78.89,15665.6,-2136.06,2026/01/29 19:56:59
726,79,15672.5,-2134.68,2026/01/29 19:56:59
727,79.11,15666.8,-2134.38,2026/01/29 19:56:59
728,79.22,15671.4,-2135.53,2026/01/29 19:57:00
729,79.33,15669.3,-2134.44,2026/01/29 19:57:00
730,79.44,15670.3,-2135.53,2026/01/29 19:57:00
731,79.55,15670.9,-2134.77,2026/01/29 19:57:00
732,79.66,15668.7,-2135.9,2026/01/29 19:57:00
733,79.76,15671.2,-2134.75,2026/01/29 19:57:00
734,79.87,15670.1,-2135.68,2026/01/29 19:57:00
735,79.98,15671.4,-2132.77,2026/01/29 19:57:00
736,80.09,15669.4,-2137.73,2026/01/29 19:57:00
737,80.2,15672.5,-2133.25,2026/01/29 19:57:01
738,80.31,15669.9,-2136.17,2026/01/29 19:57:01
739,80.42,15672.2,-2134.79,2026/01/29 19:57:01
740,80.53,15671.3,-2135.44,2026/01/29 19:57:01
741,80.63,15672,-2135.33,2026/01/29 19:57:01
742,80.74,15673,-2133.83,2026/01/29 19:57:01
743,80.85,15670.6,-2135.43,2026/01/29 19:57:01
744,80.96,15673.6,-2134.77,2026/01/29 19:57:01
745,81.07,15672.1,-2134.51,2026/01/29 19:57:01
746,81.18,15672.6,-2135.01,2026/01/29 19:57:02
747,81.29,15672.9,-2136.33,2026/01/29 19:57:02
748,81.4,15673.7,-2133.14,2026/01/29 19:57:02
749,81.51,15672.8,-2136.04,2026/01/29 19:57:02
750,81.62,15673.2,-2134.12,2026/01/29 19:57:02
751,81.73,15673.7,-2134.98,2026/01/29 19:57:02
752,81.83,15673.3,-2134.96,2026/01/29 19:57:02
753,81.94,15675.4,-2135.12,2026/01/29 19:57:02
754,82.05,15671.9,-2135.96,2026/01/29 19:57:02
755,82.16,15677.2,-2134.98,2026/01/29 19:57:03
756,82.27,15671,-2135.11,2026/01/29 19:57:03
757,82.38,15676.8,-2136.53,2026/01/29 19:57:03
758,82.49,15673.1,-2134.39,2026/01/29 19:57:03
759,82.6,15675.5,-2135.56,2026/01/29 19:57:03
760,82.71,15675,-2135.4,2026/01/29 19:57:03
761,82.82,15674.7,-2135.62,2026/01/29 19:57:03
762,82.92,15676.1,-2135.3,2026/01/29 19:57:03
763,83.03,15673.6,-2135.59,2026/01/29 19:57:03
764,83.14,15676.8,-2135.81,2026/01/29 19:57:04
765,83.25,15674.1,-2136.3,2026/01/29 19:57:04
766,83.36,15678.3,-2134.07,2026/01/29 19:57:04
767,83.47,15672.3,-2137.82,2026/01/29 19:57:04
768,83.58,15678.9,-2134.32,2026/01/29 19:57:04
769,83.69,15673,-2135.86,2026/01/29 19:57:04
770,83.8,15678.3,-2135.96,2026/01/29 19:57:04
771,83.91,15675.8,-2135.5,2026/01/29 19:57:04
772,84.01,15677.2,-2135.8,2026/01/29 19:57:04
773,84.12,15676.5,-2135.19,2026/01/29 19:57:04
774,84.23,15675.3,-2137.11,2026/01/29 19:57:05
775,84.34,15677.4,-2135.51,2026/01/29 19:57:05
776,84.45,15676.8,-2137.09,2026/01/29 19:57:05
777,84.56,15677.1,-2134.54,2026/01/29 19:57:05
778,84.67,15676.7,-2137.91,2026/01/29 19:57:05
779,84.78,15678.8,-2133.79,2026/01/29 19:57:05
780,84.88,15677.6,-2137.19,2026/01/29 19:57:05
781,84.99,15678.1,-2135.17,2026/01/29 19:57:05
782,85.1,15678.2,-2136.45,2026/01/29 19:57:05
783,85.21,15678.2,-2135.24,2026/01/29 19:57:06
784,85.32,15679.6,-2135.17,2026/01/29 19:57:06
785,85.43,15676.8,-2136.49,2026/01/29 19:57:06
786,85.54,15680.9,-2135.28,2026/01/29 19:57:06
787,85.65,15677,-2135.64,2026/01/29 19:57:06
788,85.76,15680.3,-2137.2,2026/01/29 19:57:06
789,85.87,15678.3,-2135.66,2026/01/29 19:57:06
790,85.98,15678.9,-2136.23,2026/01/29 19:57:06
791,86.09,15678.8,-2137.03,2026/01/29 19:57:06
792,86.19,15679.2,-2135.89,2026/01/29 19:57:07
793,86.3,15679.5,-2136.99,2026/01/29 19:57:07
794,86.41,15678.5,-2136,2026/01/29 19:57:07
795,86.52,15681.6,-2136.45,2026/01/29 19:57:07
796,86.63,15677.3,-2137.97,2026/01/29 19:57:07
797,86.74,15682.6,-2134.34,2026/01/29 19:57:07
798,86.84,15678.2,-2136.76,2026/01/29 19:57:07
799,86.95,15681.3,-2136.25,2026/01/29 19:57:07
800,87.06,15680.5,-2136.29,2026/01/29 19:57:07
801,87.17,15679.4,-2136.98,2026/01/29 19:57:08
802,87.28,15682.1,-2135.76,2026/01/29 19:57:08
803,87.39,15679.3,-2135.96,2026/01/29 19:57:08
804,87.5,15681.9,-2136.98,2026/01/29 19:57:08
805,87.6,15680.9,-2136.33,2026/01/29 19:57:08
806,87.71,15682.2,-2135.17,2026/01/29 19:57:08
807,87.82,15681.9,-2137.22,2026/01/29 19:57:08
808,87.93,15681.9,-2135.35,2026/01/29 19:57:08
809,88.04,15682.7,-2136.69,2026/01/29 19:57:08
810,88.15,15681.6,-2135.28,2026/01/29 19:57:09
811,88.26,15683.9,-2136.26,2026/01/29 19:57:09
812,88.37,15681,-2137.38,2026/01/29 19:57:09
813,88.48,15685.6,-2134.97,2026/01/29 19:57:09
814,88.59,15679.1,-2137.33,2026/01/29 19:57:09
815,88.7,15685.7,-2136.63,2026/01/29 19:57:09
816,88.8,15680.8,-2135.58,2026/01/29 19:57:09
817,88.91,15684.9,-2137.26,2026/01/29 19:57:09
818,89.02,15683.1,-2136.05,2026/01/29 19:57:09
819,89.13,15683.8,-2136.97,2026/01/29 19:57:09
820,89.24,15684.4,-2136.43,2026/01/29 19:57:10
821,89.35,15682.5,-2137.18,2026/01/29 19:57:10
822,89.46,15684.7,-2135.79,2026/01/29 19:57:10
823,89.57,15683.6,-2137.68,2026/01/29 19:57:10
824,89.67,15685.3,-2134.41,2026/01/29 19:57:10
825,89.78,15682.5,-2139.69,2026/01/29 19:57:10
826,89.89,15686.4,-2134.86,2026/01/29 19:57:10
827,90,15683.2,-2137.59,2026/01/29 19:57:10
828,90.11,15685.6,-2136.09,2026/01/29 19:57:10
829,90.22,15684.7,-2136.99,2026/01/29 19:57:11
830,90.33,15685.4,-2136.27,2026/01/29 19:57:11
831,90.44,15686.8,-2136.06,2026/01/29 19:57:11
832,90.55,15684.3,-2137.3,2026/01/29 19:57:11
833,90.66,15687.8,-2136.18,2026/01/29 19:57:11
834,90.77,15684.4,-2136.45,2026/01/29 19:57:11
835,90.87,15687.1,-2137.88,2026/01/29 19:57:11
836,90.98,15686,-2136.43,2026/01/29 19:57:11
837,91.09,15685.7,-2136.85,2026/01/29 19:57:11
838,91.2,15686.2,-2137.34,2026/01/29 19:57:12
839,91.31,15685.3,-2137.38,2026/01/29 19:57:12
840,91.42,15688.3,-2136.93,2026/01/29 19:57:12
841,91.53,15685.7,-2136.78,2026/01/29 19:57:12
842,91.64,15688.5,-2135.87,2026/01/29 19:57:12
843,91.74,15685,-2138.19,2026/01/29 19:57:12
844,91.85,15690.8,-2134.62,2026/01/29 19:57:12
845,91.96,15684.9,-2138.86,2026/01/29 19:57:12
846,92.07,15691.9,-2135.29,2026/01/29 19:57:12
847,92.18,15684.8,-2137.19,2026/01/29 19:57:13
848,92.29,15691.3,-2137.35,2026/01/29 19:57:13
849,92.4,15686.8,-2136.64,2026/01/29 19:57:13
850,92.51,15690.1,-2137.66,2026/01/29 19:57:13
851,92.62,15689.1,-2136.83,2026/01/29 19:57:13
852,92.73,15690.2,-2137.49,2026/01/29 19:57:13
853,92.84,15691.3,-2136.32,2026/01/29 19:57:13
854,92.95,15689.2,-2138.42,2026/01/29 19:57:13
855,93.06,15691.6,-2136.39,2026/01/29 19:57:13
856,93.17,15690,-2137.85,2026/01/29 19:57:14
857,93.27,15691.7,-2136.93,2026/01/29 19:57:14
858,93.38,15691.1,-2138.38,2026/01/29 19:57:14
859,93.49,15692,-2136.21,2026/01/29 19:57:14
860,93.6,15691.7,-2138.06,2026/01/29 19:57:14
861,93.71,15692.3,-2136.6,2026/01/29 19:57:14
862,93.82,15692.1,-2138.5,2026/01/29 19:57:14
863,93.93,15692.1,-2137.32,2026/01/29 19:57:14
864,94.04,15693.1,-2138.12,2026/01/29 19:57:14
865,94.15,15690.8,-2137.47,2026/01/29 19:57:15
866,94.25,15694.9,-2136.44,2026/01/29 19:57:15
867,94.36,15690.1,-2138.34,2026/01/29 19:57:15
868,94.47,15696.6,-2136.74,2026/01/29 19:57:15
869,94.58,15690.3,-2137.27,2026/01/29 19:57:15
870,94.69,15696.1,-2137.92,2026/01/29 19:57:15
871,94.8,15691.3,-2136.71,2026/01/29 19:57:15
872,94.91,15694.4,-2137.32,2026/01/29 19:57:15
873,95.02,15693.7,-2136.49,2026/01/29 19:57:15
874,95.13,15693,-2138.14,2026/01/29 19:57:15
875,95.23,15695.9,-2137.61,2026/01/29 19:57:16
876,95.34,15693.1,-2136.49,2026/01/29 19:57:16
877,95.45,15695.4,-2138.05,2026/01/29 19:57:16
878,95.56,15693.5,-2137.27,2026/01/29 19:57:16
879,95.67,15694.6,-2137.41,2026/01/29 19:57:16
880,95.78,15695.8,-2136.3,2026/01/29 19:57:16
881,95.88,15694,-2137.41,2026/01/29 19:57:16
882,95.99,15695.6,-2137.07,2026/01/29 19:57:16
883,96.1,15695.8,-2138.67,2026/01/29 19:57:16
884,96.21,15696.3,-2135.68,2026/01/29 19:57:17
885,96.32,15699,-2138.32,2026/01/29 19:57:17
886,96.43,15701.4,-2135.02,2026/01/29 19:57:17
887,96.54,15700.1,-2138.47,2026/01/29 19:57:17
888,96.65,15698.6,-2137.09,2026/01/29 19:57:17
889,96.76,15694,-2138.63,2026/01/29 19:57:17
890,96.87,15691.7,-2137.08,2026/01/29 19:57:17
891,96.98,15694.6,-2136.84,2026/01/29 19:57:17
892,97.08,15696.7,-2135.93,2026/01/29 19:57:17
893,97.19,15700.7,-2136.58,2026/01/29 19:57:18
894,97.3,15693.8,-2139.79,2026/01/29 19:57:18
895,97.41,15694,-2134.81,2026/01/29 19:57:18
896,97.52,15691.6,-2137.53,2026/01/29 19:57:18
897,97.63,15700.2,-2135.19,2026/01/29 19:57:18
898,97.74,15699.1,-2137.01,2026/01/29 19:57:18
899,97.85,15697.8,-2137.36,2026/01/29 19:57:18
900,97.95,15694.6,-2137.41,2026/01/29 19:57:18
901,98.06,15690.1,-2137.45,2026/01/29 19:57:18
902,98.17,15696.6,-2135.46,2026/01/29 19:57:19
903,98.28,15696,-2136.7,2026/01/29 19:57:19
904,98.39,15701.8,-2138.13,2026/01/29 19:57:19
905,98.5,15695.3,-2137.09,2026/01/29 19:57:19
906,98.61,15691.4,-2138.27,2026/01/29 19:57:19
907,98.72,15695.7,-2137.84,2026/01/29 19:57:19
908,98.82,15699.2,-2138.9,2026/01/29 19:57:19
909,98.93,15704.8,-2138.1,2026/01/29 19:57:19
910,99.04,15697,-2138.71,2026/01/29 19:57:19
911,99.15,15700.4,-2138.74,2026/01/29 19:57:20
912,99.26,15688.7,-2136.54,2026/01/29 19:57:20
913,99.37,15693.2,-2139.41,2026/01/29 19:57:20
914,99.48,15693.4,-2139.18,2026/01/29 19:57:20
915,99.59,15699.1,-2138.77,2026/01/29 19:57:20
916,99.7,15694.8,-2138.81,2026/01/29 19:57:20
917,99.81,15693.8,-2139.69,2026/01/29 19:57:20
918,99.91,15701.4,-2138.49,2026/01/29 19:57:20
919,100.02,15698.1,-2138.98,2026/01/29 19:57:20
920,100.13,15695.5,-2138.09,2026/01/29 19:57:20
921,100.24,15692.1,-2138.13,2026/01/29 19:57:21
922,100.35,15700.1,-2139.83,2026/01/29 19:57:21
923,100.46,15699.5,-2137.67,2026/01/29 19:57:21
924,100.57,15704.8,-2139.44,2026/01/29 19:57:21
925,100.68,15700.1,-2138.03,2026/01/29 19:57:21
926,100.79,15694.1,-2138.56,2026/01/29 19:57:21
927,100.9,15695,-2138.5,2026/01/29 19:57:21
928,101,15697.6,-2139.81,2026/01/29 19:57:21
929,101.11,15704,-2137.73,2026/01/29 19:57:21
930,101.22,15701.1,-2138.72,2026/01/29 19:57:22
931,101.33,15704.1,-2138.54,2026/01/29 19:57:22
932,101.44,15697.2,-2136.58,2026/01/29 19:57:22
933,101.55,15696.2,-2139.44,2026/01/29 19:57:22
934,101.66,15694.1,-2137.7,2026/01/29 19:57:22
935,101.77,15698.9,-2139.18,2026/01/29 19:57:22
936,101.88,15702.1,-2137.9,2026/01/29 19:57:22
937,101.99,15703.3,-2138.92,2026/01/29 19:57:22
938,102.1,15700,-2137.33,2026/01/29 19:57:22
939,102.21,15695.7,-2138.01,2026/01/29 19:57:23
940,102.31,15698.2,-2138.13,2026/01/29 19:57:23
941,102.42,15700.7,-2138.56,2026/01/29 19:57:23
942,102.53,15707.4,-2138.4,2026/01/29 19:57:23
943,102.64,15700.9,-2138.61,2026/01/29 19:57:23
944,102.75,15702.7,-2139.2,2026/01/29 19:57:23
945,102.86,15694.4,-2138.29,2026/01/29 19:57:23
946,102.97,15701.1,-2139.18,2026/01/29 19:57:23
947,103.08,15702.6,-2138.58,2026/01/29 19:57:23
948,103.19,15706.2,-2138.85,2026/01/29 19:57:24
949,103.3,15703,-2138.61,2026/01/29 19:57:24
950,103.4,15695.8,-2138.37,2026/01/29 19:57:24
951,103.51,15700.2,-2138.07,2026/01/29 19:57:24
952,103.62,15701.4,-2139.03,2026/01/29 19:57:24
953,103.73,15709.7,-2137.15,2026/01/29 19:57:24
954,103.84,15700.6,-2140.26,2026/01/29 19:57:24
955,103.95,15699.4,-2137.05,2026/01/29 19:57:24
956,104.06,15696.2,-2139.86,2026/01/29 19:57:24
957,104.17,15700.6,-2137.9,2026/01/29 19:57:25
958,104.28,15705.2,-2138.76,2026/01/29 19:57:25
959,104.39,15704.8,-2138.71,2026/01/29 19:57:25
960,104.49,15704.1,-2136.77,2026/01/29 19:57:25
961,104.6,15695.4,-2140.11,2026/01/29 19:57:25
962,104.71,15700.1,-2136.45,2026/01/29 19:57:25
963,104.82,15703.7,-2140.93,2026/01/29 19:57:25
964,104.93,15707.3,-2136.58,2026/01/29 19:57:25
965,105.04,15704,-2139.02,2026/01/29 19:57:25
966,105.15,15697,-2136.76,2026/01/29 19:57:26
967,105.26,15698.7,-2139.28,2026/01/29 19:57:26
968,105.37,15696.5,-2139.45,2026/01/29 19:57:26
969,105.47,15704,-2137.84,2026/01/29 19:57:26
970,105.58,15706.6,-2139.42,2026/01/29 19:57:26
971,105.69,15704.5,-2138.3,2026/01/29 19:57:26
972,105.8,15701.2,-2137.36,2026/01/29 19:57:26
973,105.91,15696.7,-2139.33,2026/01/29 19:57:26
974,106.02,15697.6,-2139.07,2026/01/29 19:57:26
975,106.13,15704,-2139.01,2026/01/29 19:57:26
976,106.24,15705.9,-2138.95,2026/01/29 19:57:27
977,106.35,15705.4,-2138.86,2026/01/29 19:57:27
978,106.46,15699.3,-2137.01,2026/01/29 19:57:27
979,106.56,15697.7,-2138.63,2026/01/29 19:57:27
980,106.67,15705.3,-2138.76,2026/01/29 19:57:27
981,106.78,15703.9,-2137.93,2026/01/29 19:57:27
982,106.89,15710,-2139.21,2026/01/29 19:57:27
983,107,15704,-2138.44,2026/01/29 19:57:27
984,107.11,15698.7,-2138.19,2026/01/29 19:57:27
985,107.22,15698.6,-2139.39,2026/01/29 19:57:28
986,107.33,15701.2,-2139.31,2026/01/29 19:57:28
987,107.43,15708.6,-2138.24,2026/01/29 19:57:28
988,107.54,15704.7,-2139.73,2026/01/29 19:57:28
989,107.65,15705.7,-2136.38,2026/01/29 19:57:28
990,107.76,15695.3,-2140.65,2026/01/29 19:57:28
991,107.87,15699.4,-2136.93,2026/01/29 19:57:28
992,107.98,15699.6,-2141.33,2026/01/29 19:57:28
993,108.09,15706.3,-2138.54,2026/01/29 19:57:28
994,108.2,15707,-2139.42,2026/01/29 19:57:29
995,108.31,15703.8,-2138.8,2026/01/29 19:57:29
996,108.42,15699.1,-2136.8,2026/01/29 19:57:29
997,108.52,15697.5,-2140.14,2026/01/29 19:57:29
998,108.63,15701.5,-2139.45,2026/01/29 19:57:29
999,108.74,15703.6,-2138.73,2026/01/29 19:57:29
1000,108.85,15710.5,-2139.49,2026/01/29 19:57:29
1001,108.96,15703.9,-2138.94,2026/01/29 19:57:29
1002,109.07,15701,-2137.93,2026/01/29 19:57:29
1003,109.18,15698.8,-2139.7,2026/01/29 19:57:30
1004,109.29,15701.7,-2139.5,2026/01/29 19:57:30
1005,109.4,15708.6,-2139.67,2026/01/29 19:57:30
1006,109.51,15705.6,-2138.95,2026/01/29 19:57:30
1007,109.62,15706.2,-2136.85,2026/01/29 19:57:30
1008,109.72,15696.1,-2138.99,2026/01/29 19:57:30
1009,109.83,15698.7,-2138.77,2026/01/29 19:57:30
1010,109.94,15698.8,-2139.3,2026/01/29 19:57:30
1011,110.05,15706.8,-2139.4,2026/01/29 19:57:30
1012,110.16,15708.1,-2139,2026/01/29 19:57:31
1013,110.27,15706.3,-2139.23,2026/01/29 19:57:31
1014,110.38,15703.4,-2136.84,2026/01/29 19:57:31
1015,110.49,15697.5,-2140.51,2026/01/29 19:57:31
1016,110.6,15701.2,-2139.11,2026/01/29 19:57:31
1017,110.71,15704.7,-2140.12,2026/01/29 19:57:31
1018,110.81,15710.2,-2137,2026/01/29 19:57:31
1019,110.92,15705.1,-2140.71,2026/01/29 19:57:31
1020,111.03,15702.5,-2137.38,2026/01/29 19:57:31
1021,111.14,15699.3,-2140.53,2026/01/29 19:57:32
1022,111.25,15699.7,-2139.2,2026/01/29 19:57:32
1023,111.36,15701.6,-2139.5,2026/01/29 19:57:32
1024,111.47,15706.4,-2140.79,2026/01/29 19:57:32
1025,111.58,15707.8,-2138.94,2026/01/29 19:57:32
1026,111.69,15702.9,-2138.74,2026/01/29 19:57:32
1027,111.8,15702,-2138.19,2026/01/29 19:57:32
1028,111.9,15696.6,-2141.31,2026/01/29 19:57:32
1029,112.01,15705,-2138.07,2026/01/29 19:57:32
1030,112.12,15707.4,-2140.53,2026/01/29 19:57:32
1031,112.23,15706.8,-2137.93,2026/01/29 19:57:33
1032,112.34,15700.2,-2137.97,2026/01/29 19:57:33
1033,112.45,15696.9,-2140.18,2026/01/29 19:57:33
1034,112.56,15700.5,-2139.47,2026/01/29 19:57:33
1035,112.67,15706,-2139.76,2026/01/29 19:57:33
1036,112.78,15710.1,-2140.92,2026/01/29 19:57:33
1037,112.88,15704.1,-2138.61,2026/01/29 19:57:33
1038,112.99,15701.2,-2138.94,2026/01/29 19:57:33
1039,113.1,15699.3,-2139.73,2026/01/29 19:57:33
1040,113.21,15702.9,-2140.01,2026/01/29 19:57:34
1041,113.32,15709.5,-2139.95,2026/01/29 19:57:34
1042,113.43,15706.1,-2139.29,2026/01/29 19:57:34
1043,113.54,15704.9,-2138.72,2026/01/29 19:57:34
1044,113.65,15700.2,-2139.62,2026/01/29 19:57:34
1045,113.76,15700.9,-2140.67,2026/01/29 19:57:34
1046,113.87,15707.2,-2138.01,2026/01/29 19:57:34
1047,113.98,15709.6,-2140.25,2026/01/29 19:57:34
1048,114.08,15701.6,-2139.03,2026/01/29 19:57:34
1049,114.19,15701.2,-2139.24,2026/01/29 19:57:35
1050,114.3,15699.9,-2139.57,2026/01/29 19:57:35
1051,114.41,15707.6,-2137.78,2026/01/29 19:57:35
1052,114.52,15711,-2140.12,2026/01/29 19:57:35
1053,114.63,15704.5,-2139.47,2026/01/29 19:57:35
1054,114.74,15701.1,-2138.68,2026/01/29 19:57:35
1055,114.85,15700.2,-2140.22,2026/01/29 19:57:35
1056,114.96,15708.2,-2139.58,2026/01/29 19:57:35
1057,115.07,15708.4,-2138.58,2026/01/29 19:57:35
1058,115.17,15708.5,-2139.41,2026/01/29 19:57:36
1059,115.28,15700.7,-2139.25,2026/01/29 19:57:36
1060,115.39,15701.3,-2139.52,2026/01/29 19:57:36
1061,115.5,15705.6,-2139.65,2026/01/29 19:57:36
1062,115.61,15707.9,-2139.7,2026/01/29 19:57:36
1063,115.72,15709.3,-2138.3,2026/01/29 19:57:36
1064,115.83,15700.3,-2140.75,2026/01/29 19:57:36
1065,115.94,15701.8,-2137.76,2026/01/29 19:57:36
1066,116.05,15702.2,-2140.59,2026/01/29 19:57:36
1067,116.16,15709.9,-2138.86,2026/01/29 19:57:37
1068,116.27,15708,-2139.38,2026/01/29 19:57:37
1069,116.38,15701.4,-2139.96,2026/01/29 19:57:37
1070,116.49,15699.5,-2139.22,2026/01/29 19:57:37
1071,116.59,15707.1,-2139.26,2026/01/29 19:57:37
1072,116.7,15710.7,-2138.35,2026/01/29 19:57:37
1073,116.81,15705.2,-2140.15,2026/01/29 19:57:37
1074,116.92,15704.8,-2138.3,2026/01/29 19:57:37
1075,117.03,15698.5,-2141.78,2026/01/29 19:57:37
1076,117.14,15710.1,-2136.29,2026/01/29 19:57:38
1077,117.25,15708.3,-2141.25,2026/01/29 19:57:38
1078,117.36,15703.3,-2138.9,2026/01/29 19:57:38
1079,117.47,15700.6,-2139.32,2026/01/29 19:57:38
1080,117.57,15702.9,-2139.41,2026/01/29 19:57:38
1081,117.68,15711.3,-2137.29,2026/01/29 19:57:38
1082,117.79,15708.7,-2139.31,2026/01/29 19:57:38
1083,117.9,15704.6,-2138.47,2026/01/29 19:57:38
1084,118.01,15698.6,-2138.94,2026/01/29 19:57:38
1085,118.12,15712.6,-2138.67,2026/01/29 19:57:38
1086,118.23,15708.2,-2139.67,2026/01/29 19:57:39
1087,118.34,15707.7,-2138.42,2026/01/29 19:57:39
1088,118.45,15701.5,-2140.08,2026/01/29 19:57:39
1089,118.55,15703,-2139.12,2026/01/29 19:57:39
1090,118.66,15710.7,-2138.86,2026/01/29 19:57:39
1091,118.77,15709.1,-2139.05,2026/01/29 19:57:39
1092,118.88,15706.5,-2138.56,2026/01/29 19:57:39
1093,118.99,15702.7,-2139.38,2026/01/29 19:57:39
1094,119.1,15708.5,-2139.43,2026/01/29 19:57:39
1095,119.21,15710.1,-2138.23,2026/01/29 19:57:40
1096,119.32,15713.2,-2139.81,2026/01/29 19:57:40
1097,119.43,15703,-2138.62,2026/01/29 19:57:40
1098,119.54,15704,-2138.91,2026/01/29 19:57:40
1099,119.65,15707.8,-2139.16,2026/01/29 19:57:40
1100,119.76,15712.3,-2138.56,2026/01/29 19:57:40
1101,119.87,15711.9,-2139.82,2026/01/29 19:57:40
1102,119.97,15702.9,-2139.33,2026/01/29 19:57:40
1103,120.08,15704.4,-2137.96,2026/01/29 19:57:40
1104,120.19,15701.9,-2141.08,2026/01/29 19:57:41
1105,120.3,15710.4,-2137.04,2026/01/29 19:57:41
1106,120.41,15711.9,-2139.4,2026/01/29 19:57:41
1107,120.52,15712.5,-2139.06,2026/01/29 19:57:41
1108,120.63,15707,-2138.8,2026/01/29 19:57:41
1109,120.74,15704.4,-2139.72,2026/01/29 19:57:41
1110,120.85,15703.4,-2139.27,2026/01/29 19:57:41
1111,120.95,15707.9,-2139.47,2026/01/29 19:57:41
1112,121.06,15713.3,-2138.35,2026/01/29 19:57:41
1113,121.18,15710.1,-2140.17,2026/01/29 19:57:42
1114,121.28,15712.3,-2137.8,2026/01/29 19:57:42
1115,121.39,15701.5,-2141.57,2026/01/29 19:57:42
1116,121.5,15705.5,-2136.83,2026/01/29 19:57:42
1117,121.61,15704.4,-2140.3,2026/01/29 19:57:42
1118,121.72,15707.2,-2138.71,2026/01/29 19:57:42
1119,121.83,15713.5,-2138.43,2026/01/29 19:57:42
1120,121.94,15712.3,-2139.69,2026/01/29 19:57:42
1121,122.05,15713.5,-2137.72,2026/01/29 19:57:42
1122,122.15,15705.3,-2138.54,2026/01/29 19:57:43
1123,122.26,15707,-2140.11,2026/01/29 19:57:43
1124,122.37,15703.4,-2138.15,2026/01/29 19:57:43
1125,122.48,15713.4,-2138.9,2026/01/29 19:57:43
1126,122.59,15713.3,-2139.16,2026/01/29 19:57:43
1127,122.7,15713.8,-2138.99,2026/01/29 19:57:43
1128,122.81,15706.5,-2139.63,2026/01/29 19:57:43
1129,122.92,15704.1,-2139.13,2026/01/29 19:57:43
1130,123.03,15707.1,-2138.79,2026/01/29 19:57:43
1131,123.13,15710.2,-2140.07,2026/01/29 19:57:43
1132,123.24,15715.7,-2136.92,2026/01/29 19:57:44
1133,123.35,15712.8,-2140.53,2026/01/29 19:57:44
1134,123.46,15708.7,-2138.14,2026/01/29 19:57:44
1135,123.57,15704.9,-2140.14,2026/01/29 19:57:44
1136,123.68,15704.9,-2139.38,2026/01/29 19:57:44
1137,123.79,15708,-2138.68,2026/01/29 19:57:44
1138,123.9,15712.2,-2139.52,2026/01/29 19:57:44
1139,124.01,15715.7,-2137.9,2026/01/29 19:57:44
1140,124.12,15712.1,-2139.58,2026/01/29 19:57:44
1141,124.23,15709.6,-2138.49,2026/01/29 19:57:45
1142,124.33,15702.1,-2139.52,2026/01/29 19:57:45
1143,124.44,15712.2,-2137.9,2026/01/29 19:57:45
1144,124.55,15711.6,-2139.81,2026/01/29 19:57:45
1145,124.66,15716.3,-2138.17,2026/01/29 19:57:45
1146,124.77,15714,-2139.77,2026/01/29 19:57:45
1147,124.88,15709.6,-2138.37,2026/01/29 19:57:45
1148,124.99,15707.2,-2138.78,2026/01/29 19:57:45
1149,125.1,15706.9,-2139.05,2026/01/29 19:57:45
1150,125.21,15714.1,-2138.87,2026/01/29 19:57:46
1151,125.32,15714.4,-2139.84,2026/01/29 19:57:46
1152,125.43,15713.5,-2138.74,2026/01/29 19:57:46
1153,125.53,15708.2,-2137.82,2026/01/29 19:57:46
1154,125.64,15707.8,-2139.74,2026/01/29 19:57:46
1155,125.75,15704.3,-2138.44,2026/01/29 19:57:46
1156,125.86,15710.9,-2139.21,2026/01/29 19:57:46
1157,125.97,15713,-2138.29,2026/01/29 19:57:46
1158,126.08,15715,-2139.01,2026/01/29 19:57:46
1159,126.19,15712.5,-2138.58,2026/01/29 19:57:47
1160,126.3,15707.2,-2138.78,2026/01/29 19:57:47
1161,126.41,15708.2,-2138.88,2026/01/29 19:57:47
1162,126.52,15704.7,-2139.99,2026/01/29 19:57:47
1163,126.63,15715.3,-2137.08,2026/01/29 19:57:47
1164,126.73,15713.8,-2141.74,2026/01/29 19:57:47
1165,126.84,15714.1,-2136.62,2026/01/29 19:57:47
1166,126.95,15706.1,-2140.66,2026/01/29 19:57:47
1167,127.06,15706.1,-2138.51,2026/01/29 19:57:47
1168,127.17,15708.2,-2138.88,2026/01/29 19:57:48
1169,127.28,15711.3,-2139.26,2026/01/29 19:57:48
1170,127.39,15716.3,-2138.13,2026/01/29 19:57:48
1171,127.5,15713.9,-2139.22,2026/01/29 19:57:48
1172,127.61,15711.5,-2138.78,2026/01/29 19:57:48
1173,127.72,15704.6,-2138.58,2026/01/29 19:57:48
1174,127.83,15709.1,-2140,2026/01/29 19:57:48
1175,127.93,15709.5,-2138.61,2026/01/29 19:57:48
1176,128.04,15717.3,-2138.44,2026/01/29 19:57:48
1177,128.15,15714.1,-2139.04,2026/01/29 19:57:49
1178,128.26,15708.5,-2139.48,2026/01/29 19:57:49
1179,128.37,15707.1,-2139.64,2026/01/29 19:57:49
1180,128.48,15706.1,-2139.41,2026/01/29 19:57:49
1181,128.59,15713.1,-2138.11,2026/01/29 19:57:49
1182,128.7,15714,-2140.45,2026/01/29 19:57:49
1183,128.81,15715.5,-2136.4,2026/01/29 19:57:49
1184,128.92,15707.7,-2141.15,2026/01/29 19:57:49
1185,129.02,15707.8,-2137.23,2026/01/29 19:57:49
1186,129.13,15708.3,-2139.57,2026/01/29 19:57:49
1187,129.24,15714.6,-2138.25,2026/01/29 19:57:50
1188,129.35,15716.7,-2138.43,2026/01/29 19:57:50
1189,129.46,15711.2,-2140.01,2026/01/29 19:57:50
1190,129.57,15708.8,-2139.38,2026/01/29 19:57:50
1191,129.68,15705.2,-2139.14,2026/01/29 19:57:50
1192,129.79,15712.8,-2139.52,2026/01/29 19:57:50
1193,129.9,15712.5,-2137.51,2026/01/29 19:57:50
1194,130.01,15717,-2139.8,2026/01/29 19:57:50
1195,130.11,15708.5,-2138.92,2026/01/29 19:57:50
1196,130.22,15707.8,-2139.25,2026/01/29 19:57:51
1197,130.33,15706.5,-2138.93,2026/01/29 19:57:51
1198,130.44,15714,-2138.3,2026/01/29 19:57:51
1199,130.55,15716.9,-2138.64,2026/01/29 19:57:51
1200,130.66,15712.7,-2139.65,2026/01/29 19:57:51
1201,130.77,15710.5,-2137.92,2026/01/29 19:57:51
1202,130.88,15704,-2141.18,2026/01/29 19:57:51
1203,130.99,15709.5,-2136.23,2026/01/29 19:57:51
1204,131.1,15712.2,-2140.83,2026/01/29 19:57:51
1205,131.2,15715.5,-2138.26,2026/01/29 19:57:52
1206,131.31,15711.4,-2139.72,2026/01/29 19:57:52
1207,131.42,15706.5,-2139.66,2026/01/29 19:57:52
1208,131.53,15707.4,-2138.3,2026/01/29 19:57:52
1209,131.64,15705.7,-2139.39,2026/01/29 19:57:52
1210,131.75,15714,-2138.01,2026/01/29 19:57:52
1211,131.86,15714.9,-2139.24,2026/01/29 19:57:52
1212,131.97,15713.8,-2138.41,2026/01/29 19:57:52
1213,132.08,15706.8,-2139.14,2026/01/29 19:57:52
1214,132.19,15706.2,-2139.68,2026/01/29 19:57:53
1215,132.3,15708.1,-2138.72,2026/01/29 19:57:53
1216,132.4,15714.2,-2139.07,2026/01/29 19:57:53
1217,132.51,15714.5,-2138.51,2026/01/29 19:57:53
1218,132.62,15710.5,-2139.03,2026/01/29 19:57:53
1219,132.73,15708.3,-2137.84,2026/01/29 19:57:53
1220,132.84,15704.8,-2139.76,2026/01/29 19:57:53
1221,132.95,15710.9,-2139.04,2026/01/29 19:57:53
1222,133.06,15711.7,-2138.4,2026/01/29 19:57:53
1223,133.17,15716.9,-2139.62,2026/01/29 19:57:54
1224,133.28,15704,-2137.89,2026/01/29 19:57:54
1225,133.39,15708.1,-2139.25,2026/01/29 19:57:54
1226,133.5,15704.5,-2138.98,2026/01/29 19:57:54
1227,133.61,15713.3,-2138.67,2026/01/29 19:57:54
1228,133.71,15713.8,-2139.03,2026/01/29 19:57:54
1229,133.82,15712.1,-2138.15,2026/01/29 19:57:54
1230,133.93,15708.3,-2138.44,2026/01/29 19:57:54
1231,134.04,15702.6,-2140.32,2026/01/29 19:57:54
1232,134.15,15714.8,-2137.09,2026/01/29 19:57:55
1233,134.26,15710.4,-2139.73,2026/01/29 19:57:55
1234,134.37,15716,-2138.06,2026/01/29 19:57:55
1235,134.48,15705.9,-2138.93,2026/01/29 19:57:55
1236,134.58,15705.8,-2138.68,2026/01/29 19:57:55
1237,134.69,15704.8,-2139.03,2026/01/29 19:57:55
1238,134.8,15709.2,-2138.72,2026/01/29 19:57:55
1239,134.91,15713.7,-2139.38,2026/01/29 19:57:55
1240,135.02,15711,-2138.76,2026/01/29 19:57:55
1241,135.13,15707.9,-2138.02,2026/01/29 19:57:55
1242,135.24,15702.6,-2140.33,2026/01/29 19:57:56
1243,135.35,15710.3,-2136.95,2026/01/29 19:57:56
1244,135.46,15710.1,-2140.54,2026/01/29 19:57:56
1245,135.57,15716,-2137.59,2026/01/29 19:57:56
1246,135.68,15710.6,-2138.83,2026/01/29 19:57:56
1247,135.78,15704.9,-2138.63,2026/01/29 19:57:56
1248,135.89,15705.2,-2139.35,2026/01/29 19:57:56
1249,136,15707.1,-2137.96,2026/01/29 19:57:56
1250,136.11,15713.2,-2138.69,2026/01/29 19:57:56
1251,136.22,15711,-2139.66,2026/01/29 19:57:57
1252,136.33,15712.7,-2136.78,2026/01/29 19:57:57
1253,136.44,15701,-2141.51,2026/01/29 19:57:57
1254,136.55,15707.8,-2136.74,2026/01/29 19:57:57
1255,136.66,15704.7,-2140.37,2026/01/29 19:57:57
1256,136.77,15713.4,-2138.43,2026/01/29 19:57:57
1257,136.87,15712.3,-2139.85,2026/01/29 19:57:57
1258,136.98,15709.4,-2138.56,2026/01/29 19:57:57
1259,137.09,15704.5,-2139.77,2026/01/29 19:57:57
1260,137.2,15702.3,-2139.58,2026/01/29 19:57:58
1261,137.31,15711.8,-2137.67,2026/01/29 19:57:58
1262,137.42,15708.5,-2140.05,2026/01/29 19:57:58
1263,137.53,15715.1,-2137.77,2026/01/29 19:57:58
1264,137.64,15701.2,-2138.69,2026/01/29 19:57:58
1265,137.75,15706.3,-2138.89,2026/01/29 19:57:58
1266,137.85,15706,-2139.12,2026/01/29 19:57:58
1267,137.96,15712.7,-2138.93,2026/01/29 19:57:58
1268,138.07,15711.5,-2138.99,2026/01/29 19:57:58
1269,138.18,15703.7,-2139.48,2026/01/29 19:57:59
1270,138.29,15705.4,-2138.54,2026/01/29 19:57:59
1271,138.4,15701,-2139.38,2026/01/29 19:57:59
1272,138.51,15710.3,-2139.18,2026/01/29 19:57:59
1273,138.62,15709.6,-2137.78,2026/01/29 19:57:59
1274,138.73,15711.9,-2138.89,2026/01/29 19:57:59
1275,138.83,15701.8,-2138.49,2026/01/29 19:57:59
1276,138.94,15703.6,-2139.4,2026/01/29 19:57:59
1277,139.06,15705.1,-2138.61,2026/01/29 19:57:59
1278,139.16,15705.6,-2139.29,2026/01/29 19:58:00
1279,139.27,15711,-2138.27,2026/01/29 19:58:00
1280,139.38,15709.9,-2139.53,2026/01/29 19:58:00
1281,139.49,15708.5,-2138.28,2026/01/29 19:58:00
1282,139.6,15702.6,-2139.61,2026/01/29 19:58:00
1283,139.71,15702.6,-2138.36,2026/01/29 19:58:00
1284,139.82,15707.5,-2140.05,2026/01/29 19:58:00
1285,139.93,15711.4,-2136.87,2026/01/29 19:58:00
1286,140.03,15711.1,-2140.1,2026/01/29 19:58:00
1287,140.14,15708.2,-2137.11,2026/01/29 19:58:01
1288,140.25,15702.7,-2138.68,2026/01/29 19:58:01
1289,140.36,15700.9,-2138.72,2026/01/29 19:58:01
1290,140.47,15706.6,-2137.94,2026/01/29 19:58:01
1291,140.58,15705.6,-2139.98,2026/01/29 19:58:01
1292,140.69,15713.9,-2137.46,2026/01/29 19:58:01
1293,140.8,15705.4,-2139.72,2026/01/29 19:58:01
1294,140.91,15704.4,-2138.43,2026/01/29 19:58:01
1295,141.01,15699.9,-2138.3,2026/01/29 19:58:01
1296,141.12,15703.1,-2138.92,2026/01/29 19:58:01
1297,141.23,15708.2,-2137.87,2026/01/29 19:58:02
1298,141.34,15710.4,-2139.43,2026/01/29 19:58:02
1299,141.45,15710,-2136.79,2026/01/29 19:58:02
1300,141.56,15701.9,-2139.15,2026/01/29 19:58:02
1301,141.67,15703.1,-2138.52,2026/01/29 19:58:02
1302,141.78,15701.2,-2138.88,2026/01/29 19:58:02
1303,141.89,15707.1,-2138.1,2026/01/29 19:58:02
1304,141.99,15709.4,-2140.43,2026/01/29 19:58:02
1305,142.1,15708.2,-2137.23,2026/01/29 19:58:02
1306,142.21,15701.3,-2139.72,2026/01/29 19:58:03
1307,142.32,15700.7,-2138.77,2026/01/29 19:58:03
1308,142.43,15704.4,-2138.99,2026/01/29 19:58:03
1309,142.54,15703.1,-2138.63,2026/01/29 19:58:03
1310,142.65,15711.9,-2137.9,2026/01/29 19:58:03
1311,142.76,15704.9,-2139.03,2026/01/29 19:58:03
1312,142.87,15707.2,-2138.14,2026/01/29 19:58:03
1313,142.98,15698,-2137.32,2026/01/29 19:58:03
1314,143.08,15701.2,-2139.79,2026/01/29 19:58:03
1315,143.19,15704.9,-2137.61,2026/01/29 19:58:04
1316,143.3,15710,-2138.53,2026/01/29 19:58:04
1317,143.41,15708.5,-2138.94,2026/01/29 19:58:04
1318,143.52,15707.3,-2137.21,2026/01/29 19:58:04
1319,143.63,15705.2,-2137.65,2026/01/29 19:58:04
1320,143.74,15698.7,-2138.92,2026/01/29 19:58:04
1321,143.85,15701.9,-2138.93,2026/01/29 19:58:04
1322,143.96,15703.1,-2138.8,2026/01/29 19:58:04
1323,144.07,15711,-2137.38,2026/01/29 19:58:04
1324,144.17,15704.3,-2139.22,2026/01/29 19:58:05
1325,144.29,15708.2,-2138.07,2026/01/29 19:58:05
1326,144.39,15697,-2137.05,2026/01/29 19:58:05
1327,144.5,15700.2,-2139.26,2026/01/29 19:58:05
1328,144.61,15701.4,-2139.28,2026/01/29 19:58:05
1329,144.72,15706.9,-2138.42,2026/01/29 19:58:05
1330,144.83,15706.8,-2139.47,2026/01/29 19:58:05
1331,144.94,15703.9,-2137.1,2026/01/29 19:58:05
1332,145.05,15698.8,-2138.62,2026/01/29 19:58:05
1333,145.16,15698.8,-2138.06,2026/01/29 19:58:06
1334,145.27,15702.3,-2139,2026/01/29 19:58:06
1335,145.38,15703.2,-2139.21,2026/01/29 19:58:06
1336,145.49,15708.8,-2137.58,2026/01/29 19:58:06
1337,145.6,15703.5,-2138.38,2026/01/29 19:58:06
1338,145.71,15699.4,-2137.98,2026/01/29 19:58:06
1339,145.81,15698.4,-2138.72,2026/01/29 19:58:06
1340,145.92,15699.1,-2137.21,2026/01/29 19:58:06
1341,146.03,15699.8,-2141.37,2026/01/29 19:58:06
1342,146.14,15708.3,-2136.89,2026/01/29 19:58:07
1343,146.25,15704,-2139.14,2026/01/29 19:58:07
1344,146.36,15702.8,-2137.46,2026/01/29 19:58:07
1345,146.47,15697.6,-2138.7,2026/01/29 19:58:07
1346,146.58,15699.4,-2138.94,2026/01/29 19:58:07
1347,146.69,15704.6,-2138.24,2026/01/29 19:58:07
1348,146.8,15706.2,-2139.54,2026/01/29 19:58:07
1349,146.91,15705.7,-2137.01,2026/01/29 19:58:07
1350,147.02,15699.6,-2138.5,2026/01/29 19:58:07
1351,147.12,15698.6,-2137.73,2026/01/29 19:58:07
1352,147.23,15697.6,-2139.96,2026/01/29 19:58:08
1353,147.34,15706,-2135.44,2026/01/29 19:58:08
1354,147.45,15704.4,-2140.78,2026/01/29 19:58:08
1355,147.56,15708.5,-2137.18,2026/01/29 19:58:08
1356,147.67,15698.7,-2138,2026/01/29 19:58:08
1357,147.78,15699.4,-2139.17,2026/01/29 19:58:08
1358,147.89,15697.9,-2137.97,2026/01/29 19:58:08
1359,148,15705.4,-2138.46,2026/01/29 19:58:08
1360,148.1,15707.3,-2137.89,2026/01/29 19:58:08
1361,148.21,15704.1,-2138.1,2026/01/29 19:58:09
1362,148.32,15699.6,-2137.42,2026/01/29 19:58:09
1363,148.43,15697.1,-2140.02,2026/01/29 19:58:09
1364,148.54,15700.6,-2136.17,2026/01/29 19:58:09
1365,148.65,15702.8,-2140.65,2026/01/29 19:58:09
1366,148.76,15709.2,-2138.1,2026/01/29 19:58:09
1367,148.87,15703,-2137.26,2026/01/29 19:58:09
1368,148.98,15699.1,-2138.79,2026/01/29 19:58:09
1369,149.09,15697.4,-2138.37,2026/01/29 19:58:09
1370,149.2,15698.1,-2138.83,2026/01/29 19:58:10
1371,149.3,15706.3,-2136.9,2026/01/29 19:58:10
1372,149.41,15705.9,-2138.78,2026/01/29 19:58:10
1373,149.52,15706.4,-2137.57,2026/01/29 19:58:10
1374,149.63,15699.4,-2139.58,2026/01/29 19:58:10
1375,149.74,15699.5,-2136.16,2026/01/29 19:58:10
1376,149.85,15695.7,-2140.99,2026/01/29 19:58:10
1377,149.96,15707.7,-2137.04,2026/01/29 19:58:10
1378,150.07,15705.3,-2139.11,2026/01/29 19:58:10
1379,150.18,15706.2,-2138.1,2026/01/29 19:58:11
1380,150.28,15698.6,-2138.63,2026/01/29 19:58:11
1381,150.39,15697.8,-2138.8,2026/01/29 19:58:11
1382,150.5,15699.5,-2137.27,2026/01/29 19:58:11
1383,150.61,15704.2,-2138.38,2026/01/29 19:58:11
1384,150.72,15707.4,-2138.27,2026/01/29 19:58:11
1385,150.83,15703.7,-2138.47,2026/01/29 19:58:11
1386,150.94,15699.4,-2137.27,2026/01/29 19:58:11
1387,151.05,15696.3,-2140.35,2026/01/29 19:58:11
1388,151.16,15700.7,-2136.98,2026/01/29 19:58:12
1389,151.27,15704.5,-2139.28,2026/01/29 19:58:12
1390,151.38,15707.9,-2137.84,2026/01/29 19:58:12
1391,151.48,15702.1,-2138.42,2026/01/29 19:58:12
1392,151.59,15698.4,-2138.35,2026/01/29 19:58:12
1393,151.7,15698.3,-2136.53,2026/01/29 19:58:12
1394,151.81,15701.8,-2138.36,2026/01/29 19:58:12
1395,151.92,15707.4,-2138.2,2026/01/29 19:58:12
1396,152.03,15705.1,-2137.69,2026/01/29 19:58:12
1397,152.14,15699.4,-2137.7,2026/01/29 19:58:13
1398,152.25,15697.7,-2140.35,2026/01/29 19:58:13
1399,152.36,15698.3,-2135.89,2026/01/29 19:58:13
1400,152.47,15703.1,-2138.79,2026/01/29 19:58:13
1401,152.57,15707.5,-2137.78,2026/01/29 19:58:13
1402,152.68,15703.9,-2138.11,2026/01/29 19:58:13
1403,152.79,15698,-2137.98,2026/01/29 19:58:13
1404,152.9,15698.8,-2137.17,2026/01/29 19:58:13
1405,153.01,15696.8,-2138.77,2026/01/29 19:58:13
1406,153.12,15707.4,-2139.45,2026/01/29 19:58:13
1407,153.23,15704.4,-2136.74,2026/01/29 19:58:14
1408,153.34,15699,-2138.68,2026/01/29 19:58:14
1409,153.45,15697.3,-2139.66,2026/01/29 19:58:14
1410,153.55,15696.8,-2137.52,2026/01/29 19:58:14
1411,153.66,15703,-2138.94,2026/01/29 19:58:14
1412,153.77,15705.8,-2138.64,2026/01/29 19:58:14
1413,153.88,15706.1,-2138.55,2026/01/29 19:58:14
1414,153.99,15698.1,-2138.17,2026/01/29 19:58:14
1415,154.1,15699.4,-2137.64,2026/01/29 19:58:14
1416,154.21,15694.3,-2138.97,2026/01/29 19:58:15
1417,154.32,15706.5,-2138.75,2026/01/29 19:58:15
1418,154.43,15704.3,-2137.36,2026/01/29 19:58:15
1419,154.54,15704.8,-2138.78,2026/01/29 19:58:15
1420,154.64,15697.3,-2138.61,2026/01/29 19:58:15
1421,154.75,15697.3,-2138,2026/01/29 19:58:15
1422,154.86,15699.2,-2139.08,2026/01/29 19:58:15
1423,154.97,15705.3,-2137.67,2026/01/29 19:58:15
1424,155.08,15706.9,-2138.1,2026/01/29 19:58:15
1425,155.19,15700.2,-2137.84,2026/01/29 19:58:16
1426,155.3,15699.7,-2138.81,2026/01/29 19:58:16
1427,155.41,15694.9,-2138.84,2026/01/29 19:58:16
1428,155.52,15704.1,-2137.49,2026/01/29 19:58:16
1429,155.63,15702.3,-2138.27,2026/01/29 19:58:16
1430,155.73,15707.8,-2139.81,2026/01/29 19:58:16
1431,155.84,15702.2,-2137.08,2026/01/29 19:58:16
1432,155.95,15698.4,-2138.35,2026/01/29 19:58:16
1433,156.06,15697.4,-2138.12,2026/01/29 19:58:16
1434,156.17,15698.6,-2137.83,2026/01/29 19:58:17
1435,156.28,15705.8,-2138.03,2026/01/29 19:58:17
1436,156.39,15704.7,-2138.98,2026/01/29 19:58:17
1437,156.5,15704.6,-2138.19,2026/01/29 19:58:17
1438,156.61,15694.8,-2138.21,2026/01/29 19:58:17
1439,156.72,15699.1,-2137.35,2026/01/29 19:58:17
1440,156.83,15694.3,-2139.25,2026/01/29 19:58:17
1441,156.93,15708.3,-2138.05,2026/01/29 19:58:17
1442,157.04,15703.6,-2137.25,2026/01/29 19:58:17
1443,157.15,15705.8,-2138.55,2026/01/29 19:58:18
1444,157.26,15698.3,-2137.98,2026/01/29 19:58:18
1445,157.37,15697.5,-2138.46,2026/01/29 19:58:18
1446,157.48,15697.8,-2138.42,2026/01/29 19:58:18
1447,157.59,15702.5,-2138.27,2026/01/29 19:58:18
1448,157.7,15707.6,-2138.38,2026/01/29 19:58:18
1449,157.81,15704.3,-2138.93,2026/01/29 19:58:18
1450,157.91,15706.3,-2135.93,2026/01/29 19:58:18
1451,158.02,15693.5,-2140.44,2026/01/29 19:58:18
1452,158.13,15700.1,-2136.86,2026/01/29 19:58:18
1453,158.24,15698.7,-2137.88,2026/01/29 19:58:19
1454,158.35,15707.3,-2138.96,2026/01/29 19:58:19
1455,158.46,15705.2,-2138.36,2026/01/29 19:58:19
1456,158.57,15704,-2138.08,2026/01/29 19:58:19
1457,158.68,15698.4,-2136.96,2026/01/29 19:58:19
1458,158.79,15696.4,-2138.65,2026/01/29 19:58:19
1459,158.89,15700.8,-2137.82,2026/01/29 19:58:19
1460,159,15704.7,-2139.13,2026/01/29 19:58:19
1461,159.11,15705.3,-2135.67,2026/01/29 19:58:19
1462,159.22,15699.2,-2140.28,2026/01/29 19:58:20
1463,159.33,15698.8,-2136.96,2026/01/29 19:58:20
1464,159.44,15695.1,-2138.75,2026/01/29 19:58:20
1465,159.55,15703,-2137.94,2026/01/29 19:58:20
1466,159.66,15705.2,-2139.1,2026/01/29 19:58:20
1467,159.77,15704,-2137.76,2026/01/29 19:58:20
1468,159.88,15701.8,-2136.67,2026/01/29 19:58:20
1469,159.98,15695.8,-2138.86,2026/01/29 19:58:20
1470,160.09,15697.4,-2138.12,2026/01/29 19:58:20
1471,160.2,15702.1,-2137.66,2026/01/29 19:58:21
1472,160.31,15705.6,-2138,2026/01/29 19:58:21
1473,160.42,15703.4,-2139.61,2026/01/29 19:58:21
1474,160.53,15703,-2135.5,2026/01/29 19:58:21
1475,160.64,15695.6,-2139.2,2026/01/29 19:58:21
1476,160.75,15696.8,-2136.85,2026/01/29 19:58:21
1477,160.86,15701.6,-2138.08,2026/01/29 19:58:21
1478,160.97,15706.1,-2138.01,2026/01/29 19:58:21
1479,161.08,15705.1,-2137.32,2026/01/29 19:58:21
1480,161.18,15697.7,-2138.64,2026/01/29 19:58:22
1481,161.29,15699,-2138.47,2026/01/29 19:58:22
1482,161.4,15693.9,-2137.54,2026/01/29 19:58:22
1483,161.51,15704.2,-2139.14,2026/01/29 19:58:22
1484,161.62,15705.5,-2138.18,2026/01/29 19:58:22
1485,161.73,15703.9,-2137.16,2026/01/29 19:58:22
1486,161.84,15696.9,-2139.26,2026/01/29 19:58:22
1487,161.95,15696.2,-2137.8,2026/01/29 19:58:22
1488,162.06,15697.3,-2138.4,2026/01/29 19:58:22
1489,162.16,15701.5,-2137.6,2026/01/29 19:58:23
1490,162.27,15706.6,-2137.81,2026/01/29 19:58:23
1491,162.38,15699.5,-2138.93,2026/01/29 19:58:23
1492,162.49,15700.5,-2137.73,2026/01/29 19:58:23
1493,162.6,15692.9,-2138.45,2026/01/29 19:58:23
1494,162.71,15698.2,-2139.11,2026/01/29 19:58:23
1495,162.82,15695.1,-2137.72,2026/01/29 19:58:23
1496,162.93,15706,-2139.18,2026/01/29 19:58:23
1497,163.04,15702.5,-2137.94,2026/01/29 19:58:23
1498,163.15,15695.8,-2138.37,2026/01/29 19:58:24
1499,163.26,15695.5,-2138.66,2026/01/29 19:58:24
1500,163.36,15694,-2138.88,2026/01/29 19:58:24
1501,163.47,15701.9,-2137.79,2026/01/29 19:58:24
1502,163.58,15702.8,-2138.47,2026/01/29 19:58:24
1503,163.69,15705,-2137.28,2026/01/29 19:58:24
1504,163.8,15694.6,-2140.6,2026/01/29 19:58:24
1505,163.91,15698.6,-2137.01,2026/01/29 19:58:24
1506,164.02,15694.9,-2137.85,2026/01/29 19:58:24
1507,164.13,15705.4,-2138.19,2026/01/29 19:58:24
1508,164.24,15703.9,-2138.14,2026/01/29 19:58:25
1509,164.34,15698.3,-2138.73,2026/01/29 19:58:25
1510,164.45,15697.6,-2136.35,2026/01/29 19:58:25
1511,164.56,15695.3,-2138.27,2026/01/29 19:58:25
1512,164.67,15704.2,-2137.65,2026/01/29 19:58:25
1513,164.78,15704.7,-2139.03,2026/01/29 19:58:25
1514,164.89,15701.5,-2136.59,2026/01/29 19:58:25
1515,165,15696.5,-2140.79,2026/01/29 19:58:25
1516,165.11,15697,-2135.79,2026/01/29 19:58:25
1517,165.22,15696.4,-2138.98,2026/01/29 19:58:26
1518,165.32,15705.5,-2137.19,2026/01/29 19:58:26
1519,165.43,15703.7,-2138.27,2026/01/29 19:58:26
1520,165.54,15698.4,-2138.31,2026/01/29 19:58:26
1521,165.65,15697.9,-2138.13,2026/01/29 19:58:26
1522,165.76,15693.6,-2138.2,2026/01/29 19:58:26
1523,165.87,15704.2,-2138.54,2026/01/29 19:58:26
1524,165.98,15704,-2138,2026/01/29 19:58:26
1525,166.09,15705.2,-2138.93,2026/01/29 19:58:26
1526,166.2,15697.2,-2138.47,2026/01/29 19:58:27
1527,166.31,15696.4,-2137.68,2026/01/29 19:58:27
1528,166.41,15695.7,-2138.86,2026/01/29 19:58:27
1529,166.52,15703.3,-2138.33,2026/01/29 19:58:27
1530,166.63,15706.7,-2138.53,2026/01/29 19:58:27
1531,166.74,15698.7,-2138.44,2026/01/29 19:58:27
1532,166.85,15699.6,-2137.58,2026/01/29 19:58:27
1533,166.96,15693.2,-2139.49,2026/01/29 19:58:27
1534,167.07,15701.2,-2136.56,2026/01/29 19:58:27
1535,167.18,15702.7,-2137.89,2026/01/29 19:58:28
1536,167.29,15707.8,-2138.59,2026/01/29 19:58:28
1537,167.39,15696.9,-2137.77,2026/01/29 19:58:28
1538,167.5,15697.6,-2138.3,2026/01/29 19:58:28
1539,167.61,15695.7,-2137.65,2026/01/29 19:58:28
1540,167.72,15695.5,-2139.1,2026/01/29 19:58:28
1541,167.83,15705.8,-2136.93,2026/01/29 19:58:28
1542,167.94,15705.3,-2138.47,2026/01/29 19:58:28
1543,168.05,15704.5,-2136.87,2026/01/29 19:58:28
1544,168.16,15697.2,-2139.44,2026/01/29 19:58:29
1545,168.27,15698.6,-2135.45,2026/01/29 19:58:29
1546,168.38,15701.4,-2140.8,2026/01/29 19:58:29
1547,168.48,15708.8,-2136.68,2026/01/29 19:58:29
1548,168.59,15705.6,-2138.98,2026/01/29 19:58:29
1549,168.7,15700.8,-2138.56,2026/01/29 19:58:29
1550,168.81,15698.2,-2138.68,2026/01/29 19:58:29
1551,168.92,15695.1,-2138.88,2026/01/29 19:58:29
1552,169.03,15702.1,-2137.83,2026/01/29 19:58:29
1553,169.14,15704.6,-2138.63,2026/01/29 19:58:30
1554,169.25,15707.3,-2138.99,2026/01/29 19:58:30
1555,169.36,15698.7,-2137.41,2026/01/29 19:58:30
1556,169.46,15697.6,-2138.12,2026/01/29 19:58:30
1557,169.57,15696.3,-2139.31,2026/01/29 19:58:30
1558,169.68,15704.6,-2137.62,2026/01/29 19:58:30
1559,169.79,15707.1,-2139.26,2026/01/29 19:58:30
1560,169.9,15703.7,-2138.32,2026/01/29 19:58:30
1561,170.01,15700.9,-2138.38,2026/01/29 19:58:30
1562,170.12,15695.7,-2138.01,2026/01/29 19:58:30
1563,170.23,15701.1,-2137.36,2026/01/29 19:58:31
1564,170.34,15703.5,-2139.53,2026/01/29 19:58:31
1565,170.45,15711.1,-2136.68,2026/01/29 19:58:31
1566,170.55,15699.3,-2137.96,2026/01/29 19:58:31
1567,170.66,15702.1,-2139.02,2026/01/29 19:58:31
1568,170.77,15696.1,-2137.2,2026/01/29 19:58:31
1569,170.88,15705.3,-2138.66,2026/01/29 19:58:31
1570,170.99,15707.2,-2138.26,2026/01/29 19:58:31
1571,171.1,15706.5,-2138.45,2026/01/29 19:58:31
1572,171.21,15700.9,-2138.44,2026/01/29 19:58:32
1573,171.32,15696.9,-2139.04,2026/01/29 19:58:32
1574,171.43,15702.2,-2137.9,2026/01/29 19:58:32
1575,171.54,15705.3,-2139.55,2026/01/29 19:58:32
1576,171.65,15708.9,-2137.09,2026/01/29 19:58:32
1577,171.76,15700.2,-2141.06,2026/01/29 19:58:32
1578,171.86,15702.3,-2136.32,2026/01/29 19:58:32
1579,171.97,15696.8,-2139.75,2026/01/29 19:58:32
1580,172.08,15707.2,-2137.1,2026/01/29 19:58:32
1581,172.19,15706.7,-2139.32,2026/01/29 19:58:33
1582,172.3,15707.6,-2137.58,2026/01/29 19:58:33
1583,172.41,15700.1,-2138.74,2026/01/29 19:58:33
1584,172.52,15697.9,-2139.49,2026/01/29 19:58:33
1585,172.63,15702.1,-2137.67,2026/01/29 19:58:33
1586,172.74,15706,-2139.49,2026/01/29 19:58:33
1587,172.85,15707.7,-2138.3,2026/01/29 19:58:33
1588,172.95,15699.9,-2138.39,2026/01/29 19:58:33
1589,173.06,15699.2,-2138.17,2026/01/29 19:58:33
1590,173.17,15698.7,-2140.17,2026/01/29 19:58:34
1591,173.28,15706.4,-2137.78,2026/01/29 19:58:34
1592,173.39,15708.9,-2139.66,2026/01/29 19:58:34
1593,173.5,15705,-2138.34,2026/01/29 19:58:34
1594,173.61,15701.8,-2139.46,2026/01/29 19:58:34
1595,173.72,15697,-2138.17,2026/01/29 19:58:34
1596,173.83,15705.9,-2137.37,2026/01/29 19:58:34
1597,173.94,15705.5,-2139.93,2026/01/29 19:58:34
1598,174.04,15711.8,-2137.97,2026/01/29 19:58:34
1599,174.15,15698.3,-2137.79,2026/01/29 19:58:35
1600,174.26,15701.9,-2139.45,2026/01/29 19:58:35
1601,174.37,15698.2,-2138.41,2026/01/29 19:58:35
1602,174.48,15708.1,-2138.48,2026/01/29 19:58:35
1603,174.59,15709,-2138.6,2026/01/29 19:58:35
1604,174.7,15702.9,-2139.64,2026/01/29 19:58:35
1605,174.81,15702.3,-2137.6,2026/01/29 19:58:35
1606,174.92,15698.4,-2138.61,2026/01/29 19:58:35
1607,175.03,15709.3,-2137.87,2026/01/29 19:58:35
1608,175.13,15708.1,-2139.34,2026/01/29 19:58:35
1609,175.24,15704.5,-2136.33,2026/01/29 19:58:36
1610,175.35,15699,-2141.12,2026/01/29 19:58:36
1611,175.46,15702.9,-2136.34,2026/01/29 19:58:36
1612,175.57,15706,-2139.85,2026/01/29 19:58:36
1613,175.68,15711.9,-2138.27,2026/01/29 19:58:36
1614,175.79,15706.3,-2138.82,2026/01/29 19:58:36
1615,175.9,15703.2,-2139.27,2026/01/29 19:58:36
1616,176.01,15699.6,-2138.58,2026/01/29 19:58:36
1617,176.12,15702.8,-2139.9,2026/01/29 19:58:36
1618,176.22,15710.9,-2138.11,2026/01/29 19:58:37
1619,176.33,15707.5,-2138.92,2026/01/29 19:58:37
1620,176.44,15703.7,-2139.13,2026/01/29 19:58:37
1621,176.55,15700.5,-2139.2,2026/01/29 19:58:37
1622,176.66,15701.1,-2138.77,2026/01/29 19:58:37
1623,176.77,15704.7,-2139.79,2026/01/29 19:58:37
1624,176.88,15708.8,-2138.72,2026/01/29 19:58:37
1625,176.99,15709.5,-2139.66,2026/01/29 19:58:37
1626,177.1,15701.4,-2139.29,2026/01/29 19:58:37
1627,177.21,15701.9,-2139,2026/01/29 19:58:38
1628,177.32,15699.6,-2138.26,2026/01/29 19:58:38
1629,177.42,15710.3,-2138.09,2026/01/29 19:58:38
1630,177.53,15707.6,-2140.78,2026/01/29 19:58:38
1631,177.64,15711.3,-2136.79,2026/01/29 19:58:38
1632,177.75,15699.8,-2140.56,2026/01/29 19:58:38
1633,177.86,15703.9,-2138.34,2026/01/29 19:58:38
1634,177.97,15701.1,-2139.17,2026/01/29 19:58:38
1635,178.08,15711.8,-2139.33,2026/01/29 19:58:38
1636,178.19,15710.5,-2139.32,2026/01/29 19:58:39
1637,178.3,15705,-2139.55,2026/01/29 19:58:39
1638,178.41,15702.8,-2138.25,2026/01/29 19:58:39
1639,178.51,15701.7,-2140.42,2026/01/29 19:58:39
1640,178.62,15711.5,-2138.81,2026/01/29 19:58:39
1641,178.73,15710.4,-2138.94,2026/01/29 19:58:39
1642,178.84,15710,-2138.98,2026/01/29 19:58:39
1643,178.95,15703,-2139.11,2026/01/29 19:58:39
1644,179.06,15702.6,-2138.76,2026/01/29 19:58:39
1645,179.17,15705.8,-2139.63,2026/01/29 19:58:40
1646,179.28,15710.8,-2138.8,2026/01/29 19:58:40
1647,179.39,15713,-2138.99,2026/01/29 19:58:40
1648,179.49,15705.9,-2138.61,2026/01/29 19:58:40
1649,179.6,15705.2,-2139.81,2026/01/29 19:58:40
1650,179.71,15701.5,-2140.39,2026/01/29 19:58:40
1651,179.82,15711.7,-2137.71,2026/01/29 19:58:40
1652,179.93,15710.3,-2141.85,2026/01/29 19:58:40
1653,180.04,15711.7,-2135.78,2026/01/29 19:58:40
1654,180.15,15701.4,-2141.14,2026/01/29 19:58:41
1655,180.26,15703.6,-2138.43,2026/01/29 19:58:41
1656,180.37,15703.9,-2140.58,2026/01/29 19:58:41
1657,180.48,15711.6,-2139.53,2026/01/29 19:58:41
1658,180.58,15712,-2139.75,2026/01/29 19:58:41
1659,180.69,15703.5,-2139.62,2026/01/29 19:58:41
1660,180.8,15705.6,-2137.33,2026/01/29 19:58:41
1661,180.91,15698.7,-2140.24,2026/01/29 19:58:41
1662,181.02,15713.8,-2137.72,2026/01/29 19:58:41
1663,181.13,15709,-2140.06,2026/01/29 19:58:41
1664,181.24,15711.6,-2138.94,2026/01/29 19:58:42
1665,181.35,15703.3,-2139.73,2026/01/29 19:58:42
1666,181.46,15704.2,-2139.6,2026/01/29 19:58:42
1667,181.56,15705.7,-2139.45,2026/01/29 19:58:42
1668,181.67,15711.2,-2139.41,2026/01/29 19:58:42
1669,181.78,15713.5,-2138.56,2026/01/29 19:58:42
1670,181.89,15705.1,-2139.93,2026/01/29 19:58:42
1671,182,15706.5,-2138.47,2026/01/29 19:58:42
1672,182.11,15700.5,-2138.32,2026/01/29 19:58:42
1673,182.22,15712.1,-2140.45,2026/01/29 19:58:43
1674,182.33,15711.2,-2138.52,2026/01/29 19:58:43
1675,182.44,15710.4,-2139.9,2026/01/29 19:58:43
1676,182.55,15704.4,-2138.62,2026/01/29 19:58:43
1677,182.65,15704.2,-2139.55,2026/01/29 19:58:43
1678,182.76,15711.8,-2137.76,2026/01/29 19:58:43
1679,182.87,15711.3,-2140.17,2026/01/29 19:58:43
1680,182.98,15711.1,-2139.11,2026/01/29 19:58:43
1681,183.09,15704.1,-2139.23,2026/01/29 19:58:43
1682,183.2,15705.7,-2140.9,2026/01/29 19:58:44
1683,183.31,15703.3,-2138.57,2026/01/29 19:58:44
1684,183.42,15710.5,-2140.1,2026/01/29 19:58:44
1685,183.53,15712.6,-2139.19,2026/01/29 19:58:44
1686,183.64,15708.9,-2139.76,2026/01/29 19:58:44
1687,183.74,15705.2,-2138.97,2026/01/29 19:58:44
1688,183.85,15703,-2140.58,2026/01/29 19:58:44
1689,183.96,15707.7,-2138.36,2026/01/29 19:58:44
1690,184.07,15710.6,-2139.75,2026/01/29 19:58:44
1691,184.18,15714.3,-2139.71,2026/01/29 19:58:45
1692,184.29,15704.3,-2138.23,2026/01/29 19:58:45
1693,184.4,15705.9,-2140.22,2026/01/29 19:58:45
1694,184.51,15702.4,-2138.6,2026/01/29 19:58:45
1695,184.62,15712.6,-2139.53,2026/01/29 19:58:45
1696,184.73,15711.9,-2139.72,2026/01/29 19:58:45
1697,184.84,15709.2,-2139.4,2026/01/29 19:58:45
1698,184.94,15706.7,-2138.99,2026/01/29 19:58:45
1699,185.05,15703.4,-2139.74,2026/01/29 19:58:45
1700,185.16,15714.1,-2139.54,2026/01/29 19:58:46
1701,185.27,15709.6,-2139.68,2026/01/29 19:58:46
1702,185.38,15714.1,-2139.92,2026/01/29 19:58:46
1703,185.49,15702,-2138.83,2026/01/29 19:58:46
1704,185.6,15707,-2140.45,2026/01/29 19:58:46
1705,185.71,15706.2,-2139.89,2026/01/29 19:58:46
1706,185.82,15713.5,-2139.41,2026/01/29 19:58:46
1707,185.92,15712.9,-2140.08,2026/01/29 19:58:46
1708,186.03,15705.3,-2140.33,2026/01/29 19:58:46
1709,186.14,15707.6,-2138.96,2026/01/29 19:58:47
1710,186.25,15701.9,-2141.56,2026/01/29 19:58:47
1711,186.36,15715.5,-2137.05,2026/01/29 19:58:47
1712,186.47,15711.3,-2142.56,2026/01/29 19:58:47
1713,186.58,15710,-2137.66,2026/01/29 19:58:47
1714,186.69,15704.8,-2142.28,2026/01/29 19:58:47
1715,186.8,15705.6,-2138.21,2026/01/29 19:58:47
1716,186.91,15710,-2140.5,2026/01/29 19:58:47
1717,187.02,15713.1,-2140.25,2026/01/29 19:58:47
1718,187.13,15714.2,-2139.89,2026/01/29 19:58:47
1719,187.23,15705.9,-2140.2,2026/01/29 19:58:48
1720,187.34,15706.6,-2139.28,2026/01/29 19:58:48
1721,187.45,15705.2,-2139.63,2026/01/29 19:58:48
1722,187.56,15712.8,-2140.28,2026/01/29 19:58:48
1723,187.67,15713.1,-2139.07,2026/01/29 19:58:48
1724,187.78,15708.3,-2140.32,2026/01/29 19:58:48
1725,187.89,15706.4,-2139.73,2026/01/29 19:58:48
1726,188,15705.5,-2140.03,2026/01/29 19:58:48
1727,188.11,15712.1,-2139.51,2026/01/29 19:58:48
1728,188.22,15713.6,-2141.59,2026/01/29 19:58:49
1729,188.32,15712.1,-2139.26,2026/01/29 19:58:49
1730,188.43,15704,-2141.18,2026/01/29 19:58:49
1731,188.54,15709.9,-2138.44,2026/01/29 19:58:49
1732,188.65,15703.7,-2140.81,2026/01/29 19:58:49
1733,188.76,15716.2,-2139.75,2026/01/29 19:58:49
1734,188.87,15714.4,-2140.71,2026/01/29 19:58:49
1735,188.98,15707.2,-2140.18,2026/01/29 19:58:49
1736,189.09,15707.3,-2140.01,2026/01/29 19:58:49
1737,189.19,15703.8,-2139.79,2026/01/29 19:58:50
1738,189.3,15713.9,-2139.03,2026/01/29 19:58:50
1739,189.41,15714.2,-2140.81,2026/01/29 19:58:50
1740,189.52,15709.1,-2139.53,2026/01/29 19:58:50
1741,189.63,15706.9,-2139.75,2026/01/29 19:58:50
1742,189.74,15707.4,-2140.59,2026/01/29 19:58:50
1743,189.85,15711.6,-2139.26,2026/01/29 19:58:50
1744,189.96,15714.8,-2141.29,2026/01/29 19:58:50
1745,190.07,15709,-2139.58,2026/01/29 19:58:50
1746,190.18,15707.9,-2140.37,2026/01/29 19:58:51
1747,190.29,15707.8,-2139.44,2026/01/29 19:58:51
1748,190.4,15711.2,-2140.67,2026/01/29 19:58:51
1749,190.5,15718.4,-2138.92,2026/01/29 19:58:51
1750,190.61,15711.2,-2142.69,2026/01/29 19:58:51
1751,190.72,15709.3,-2137.6,2026/01/29 19:58:51
1752,190.83,15706.3,-2141.73,2026/01/29 19:58:51
1753,190.94,15711,-2138.89,2026/01/29 19:58:51
1754,191.05,15716.7,-2140.75,2026/01/29 19:58:51
1755,191.16,15715.2,-2139.9,2026/01/29 19:58:52
1756,191.27,15708.1,-2139.73,2026/01/29 19:58:52
1757,191.38,15706,-2141.14,2026/01/29 19:58:52
1758,191.49,15708.3,-2139.76,2026/01/29 19:58:52
1759,191.59,15711,-2140.41,2026/01/29 19:58:52
1760,191.7,15719.6,-2139.05,2026/01/29 19:58:52
1761,191.81,15710.2,-2142.48,2026/01/29 19:58:52
1762,191.92,15710,-2138.77,2026/01/29 19:58:52
1763,192.03,15706.8,-2140.9,2026/01/29 19:58:52
1764,192.14,15713.7,-2139.26,2026/01/29 19:58:53
1765,192.25,15717.8,-2140.59,2026/01/29 19:58:53
1766,192.36,15711.6,-2141.42,2026/01/29 19:58:53
1767,192.47,15708.8,-2140.62,2026/01/29 19:58:53
1768,192.58,15705.9,-2139.95,2026/01/29 19:58:53
1769,192.68,15712.8,-2140.36,2026/01/29 19:58:53
1770,192.79,15713.1,-2140.47,2026/01/29 19:58:53
1771,192.9,15717.6,-2139.42,2026/01/29 19:58:53
1772,193.01,15707.5,-2141.16,2026/01/29 19:58:53
1773,193.12,15708,-2138.96,2026/01/29 19:58:53
1774,193.23,15712.4,-2139.78,2026/01/29 19:58:54
1775,193.34,15716.1,-2141.44,2026/01/29 19:58:54
1776,193.45,15716.6,-2139.22,2026/01/29 19:58:54
1777,193.56,15707.3,-2141.19,2026/01/29 19:58:54
1778,193.67,15707.5,-2141.02,2026/01/29 19:58:54
1779,193.77,15706.5,-2139.02,2026/01/29 19:58:54
1780,193.88,15717.9,-2141.32,2026/01/29 19:58:54
1781,193.99,15714,-2139.2,2026/01/29 19:58:54
1782,194.1,15710.7,-2140.09,2026/01/29 19:58:54
1783,194.21,15708.2,-2140.92,2026/01/29 19:58:55
1784,194.32,15707.7,-2140.52,2026/01/29 19:58:55
1785,194.43,15715.9,-2140.66,2026/01/29 19:58:55
1786,194.54,15715.9,-2140.94,2026/01/29 19:58:55
1787,194.65,15714.1,-2139.54,2026/01/29 19:58:55
1788,194.76,15709.4,-2141.34,2026/01/29 19:58:55
1789,194.87,15708.2,-2140.49,2026/01/29 19:58:55
1790,194.97,15713,-2139.06,2026/01/29 19:58:55
1791,195.08,15719.3,-2141.77,2026/01/29 19:58:55
1792,195.19,15715.6,-2139.46,2026/01/29 19:58:56
1793,195.3,15709.8,-2140.6,2026/01/29 19:58:56
1794,195.41,15709.7,-2139.75,2026/01/29 19:58:56
1795,195.52,15713.1,-2140.47,2026/01/29 19:58:56
1796,195.63,15719.9,-2140.53,2026/01/29 19:58:56
1797,195.74,15713.4,-2141.42,2026/01/29 19:58:56
1798,195.85,15710.6,-2138.56,2026/01/29 19:58:56
1799,195.96,15707.9,-2142.15,2026/01/29 19:58:56
1800,196.06,15717.3,-2139.33,2026/01/29 19:58:56
1801,196.17,15718.4,-2140.81,2026/01/29 19:58:57
1802,196.28,15715.7,-2139.87,2026/01/29 19:58:57
1803,196.39,15708.3,-2140.73,2026/01/29 19:58:57
1804,196.5,15707.1,-2142.47,2026/01/29 19:58:57
1805,196.61,15716,-2140.18,2026/01/29 19:58:57
1806,196.72,15713.3,-2142.17,2026/01/29 19:58:57
1807,196.83,15718.7,-2138.34,2026/01/29 19:58:57
1808,196.94,15705,-2143.33,2026/01/29 19:58:57
1809,197.05,15709.7,-2139.03,2026/01/29 19:58:57
1810,197.15,15708.2,-2141.69,2026/01/29 19:58:58
1811,197.26,15715.1,-2139.05,2026/01/29 19:58:58
1812,197.37,15719.2,-2141.74,2026/01/29 19:58:58
1813,197.48,15715.1,-2141.31,2026/01/29 19:58:58
1814,197.59,15714.6,-2138.44,2026/01/29 19:58:58
1815,197.7,15706,-2139.73,2026/01/29 19:58:58
1816,197.81,15710.1,-2142.82,2026/01/29 19:58:58
1817,197.92,15710.8,-2139.9,2026/01/29 19:58:58
1818,198.03,15719.3,-2141.29,2026/01/29 19:58:58
1819,198.13,15716.3,-2141,2026/01/29 19:58:58
1820,198.24,15711.1,-2141.13,2026/01/29 19:58:59
1821,198.35,15709.6,-2141.04,2026/01/29 19:58:59
1822,198.46,15709.5,-2140.58,2026/01/29 19:58:59
1823,198.57,15719.1,-2140.97,2026/01/29 19:58:59
1824,198.68,15717.3,-2142.21,2026/01/29 19:58:59
1825,198.79,15713.3,-2140.72,2026/01/29 19:58:59
1826,198.9,15709.6,-2142.41,2026/01/29 19:58:59
1827,199.01,15710,-2141.21,2026/01/29 19:58:59
1828,199.12,15716.6,-2139.93,2026/01/29 19:58:59
1829,199.23,15720.4,-2142.2,2026/01/29 19:59:00
1830,199.34,15715.8,-2140.5,2026/01/29 19:59:00
1831,199.45,15711.9,-2141.59,2026/01/29 19:59:00
1832,199.55,15709.6,-2140.8,2026/01/29 19:59:00
1833,199.66,15715,-2140.55,2026/01/29 19:59:00
1834,199.77,15721.1,-2140.66,2026/01/29 19:59:00
1835,199.88,15714,-2142.47,2026/01/29 19:59:00
1836,199.99,15714.1,-2138.92,2026/01/29 19:59:00
1837,200.1,15709,-2143.36,2026/01/29 19:59:00
1838,200.21,15713.4,-2138.94,2026/01/29 19:59:01
1839,200.32,15718.9,-2140.98,2026/01/29 19:59:01
1840,200.43,15718.3,-2140.66,2026/01/29 19:59:01
1841,200.53,15712.3,-2139.72,2026/01/29 19:59:01
1842,200.64,15712.6,-2141.7,2026/01/29 19:59:01
1843,200.75,15714.9,-2139.86,2026/01/29 19:59:01
1844,200.86,15711.2,-2140.66,2026/01/29 19:59:01
1845,200.97,15717.2,-2139.63,2026/01/29 19:59:01
1846,201.08,15710.1,-2140.75,2026/01/29 19:59:01
1847,201.19,15716,-2139.12,2026/01/29 19:59:02
1848,201.3,15712.3,-2141.45,2026/01/29 19:59:02
1849,201.41,15714,-2139.05,2026/01/29 19:59:02
1850,201.52,15714.3,-2139.87,2026/01/29 19:59:02
1851,201.62,15712.4,-2140.66,2026/01/29 19:59:02
1852,201.73,15714.8,-2140.13,2026/01/29 19:59:02
1853,201.84,15713.2,-2140.88,2026/01/29 19:59:02
1854,201.95,15713.9,-2140.59,2026/01/29 19:59:02
1855,202.06,15712.6,-2139.13,2026/01/29 19:59:02
1856,202.17,15714.2,-2141.17,2026/01/29 19:59:03
1857,202.28,15712.1,-2139.81,2026/01/29 19:59:03
1858,202.39,15714.3,-2140.03,2026/01/29 19:59:03
1859,202.5,15713.4,-2140.26,2026/01/29 19:59:03
1860,202.61,15713.9,-2139.94,2026/01/29 19:59:03
1861,202.71,15715.9,-2139.93,2026/01/29 19:59:03
1862,202.82,15711.8,-2141.38,2026/01/29 19:59:03
1863,202.93,15716.1,-2139.38,2026/01/29 19:59:03
1864,203.04,15713.3,-2142.57,2026/01/29 19:59:03
1865,203.15,15714.6,-2139.3,2026/01/29 19:59:04
1866,203.26,15713.3,-2141.81,2026/01/29 19:59:04
1867,203.37,15714.4,-2140.39,2026/01/29 19:59:04
1868,203.48,15714.5,-2140.31,2026/01/29 19:59:04
1869,203.59,15714.7,-2141.02,2026/01/29 19:59:04
1870,203.7,15714.4,-2140.11,2026/01/29 19:59:04
1871,203.81,15713.2,-2141.48,2026/01/29 19:59:04
1872,203.91,15716.2,-2139.91,2026/01/29 19:59:04
1873,204.02,15711.3,-2141.35,2026/01/29 19:59:04
1874,204.13,15718.5,-2138.8,2026/01/29 19:59:04
1875,204.24,15712.9,-2142.89,2026/01/29 19:59:05
1876,204.35,15716.4,-2138.3,2026/01/29 19:59:05
1877,204.46,15715,-2141.37,2026/01/29 19:59:05
1878,204.57,15715,-2139.86,2026/01/29 19:59:05
1879,204.68,15716.4,-2140.01,2026/01/29 19:59:05
1880,204.79,15714.1,-2141.63,2026/01/29 19:59:05
1881,204.9,15716.5,-2139.45,2026/01/29 19:59:05
1882,205.01,15714.7,-2140.94,2026/01/29 19:59:05
1883,205.11,15717.4,-2140.27,2026/01/29 19:59:05
1884,205.22,15713.1,-2140.34,2026/01/29 19:59:06
1885,205.33,15719.2,-2141.27,2026/01/29 19:59:06
1886,205.44,15713.2,-2140.93,2026/01/29 19:59:06
1887,205.55,15717.7,-2139.79,2026/01/29 19:59:06
1888,205.66,15715.2,-2141.6,2026/01/29 19:59:06
1889,205.77,15715.9,-2140.58,2026/01/29 19:59:06
1890,205.88,15717,-2141.04,2026/01/29 19:59:06
1891,205.99,15714.8,-2140.92,2026/01/29 19:59:06
1892,206.1,15717.2,-2140,2026/01/29 19:59:06
1893,206.2,15716.6,-2141.3,2026/01/29 19:59:07
1894,206.31,15716.7,-2140.84,2026/01/29 19:59:07
1895,206.42,15716.1,-2139.79,2026/01/29 19:59:07
1896,206.53,15718.4,-2141.37,2026/01/29 19:59:07
1897,206.64,15716.2,-2140.67,2026/01/29 19:59:07
1898,206.75,15717.9,-2141.04,2026/01/29 19:59:07
1899,206.86,15716.3,-2141.08,2026/01/29 19:59:07
1900,206.97,15715.5,-2140.89,2026/01/29 19:59:07
1901,207.08,15719.1,-2140.22,2026/01/29 19:59:07
1902,207.19,15714.2,-2142.32,2026/01/29 19:59:08
1903,207.29,15719.6,-2138.42,2026/01/29 19:59:08
1904,207.4,15716.2,-2143.18,2026/01/29 19:59:08
1905,207.51,15718.1,-2139.14,2026/01/29 19:59:08
1906,207.62,15717.5,-2141.2,2026/01/29 19:59:08
1907,207.73,15717.2,-2140.66,2026/01/29 19:59:08
1908,207.84,15717.7,-2140.81,2026/01/29 19:59:08
1909,207.95,15716.8,-2141.89,2026/01/29 19:59:08
1910,208.06,15718.9,-2139.72,2026/01/29 19:59:08
1911,208.17,15716.7,-2141.8,2026/01/29 19:59:09
1912,208.28,15720.4,-2140.47,2026/01/29 19:59:09
1913,208.38,15714.6,-2141.3,2026/01/29 19:59:09
1914,208.49,15720.6,-2140.58,2026/01/29 19:59:09
1915,208.6,15716.4,-2141.9,2026/01/29 19:59:09
1916,208.71,15718.4,-2139.91,2026/01/29 19:59:09
1917,208.82,15718.1,-2141.6,2026/01/29 19:59:09
1918,208.93,15716.8,-2139.97,2026/01/29 19:59:09
1919,209.04,15719.4,-2141.38,2026/01/29 19:59:09
1920,209.15,15717.1,-2141.61,2026/01/29 19:59:10
1921,209.26,15718.1,-2140.54,2026/01/29 19:59:10
1922,209.37,15717.8,-2140.74,2026/01/29 19:59:10
1923,209.47,15719.6,-2141.68,2026/01/29 19:59:10
1924,209.58,15718.3,-2140.53,2026/01/29 19:59:10
1925,209.69,15718.6,-2141.71,2026/01/29 19:59:10
1926,209.8,15717.9,-2140.88,2026/01/29 19:59:10
1927,209.91,15716.7,-2141.68,2026/01/29 19:59:10
1928,210.02,15719.9,-2140.75,2026/01/29 19:59:10
1929,210.13,15714.8,-2142.35,2026/01/29 19:59:10
1930,210.24,15721.2,-2139.11,2026/01/29 19:59:11
1931,210.35,15716.8,-2142.76,2026/01/29 19:59:11
1932,210.45,15718.7,-2140.15,2026/01/29 19:59:11
1933,210.56,15718.4,-2142.21,2026/01/29 19:59:11
1934,210.67,15717.2,-2141.51,2026/01/29 19:59:11
1935,210.78,15719.9,-2140.1,2026/01/29 19:59:11
1936,210.89,15717.7,-2141.59,2026/01/29 19:59:11
1937,211,15719,-2140.92,2026/01/29 19:59:11
1938,211.11,15717.9,-2140.52,2026/01/29 19:59:11
1939,211.22,15719.8,-2142.7,2026/01/29 19:59:12
1940,211.33,15716.6,-2140.17,2026/01/29 19:59:12
1941,211.44,15720.5,-2141.48,2026/01/29 19:59:12
1942,211.54,15717.5,-2141.49,2026/01/29 19:59:12
1943,211.65,15718.6,-2141.01,2026/01/29 19:59:12
1944,211.76,15718.2,-2141.75,2026/01/29 19:59:12
1945,211.87,15717.1,-2141.11,2026/01/29 19:59:12
1946,211.98,15720.5,-2140.4,2026/01/29 19:59:12
1947,212.09,15716.4,-2142.99,2026/01/29 19:59:12
1948,212.2,15720.1,-2138.73,2026/01/29 19:59:13
1949,212.31,15718.6,-2143.15,2026/01/29 19:59:13
1950,212.42,15719.5,-2140.05,2026/01/29 19:59:13
1951,212.52,15719.7,-2141.44,2026/01/29 19:59:13
1952,212.63,15719.1,-2141.21,2026/01/29 19:59:13
1953,212.74,15719.4,-2140.82,2026/01/29 19:59:13
1954,212.85,15718.2,-2142.31,2026/01/29 19:59:13
1955,212.96,15719.9,-2141.3,2026/01/29 19:59:13
1956,213.07,15716.7,-2141.57,2026/01/29 19:59:13
1957,213.18,15722.4,-2141.12,2026/01/29 19:59:14
1958,213.29,15715.7,-2141.39,2026/01/29 19:59:14
1959,213.4,15722.1,-2140.6,2026/01/29 19:59:14
1960,213.51,15717.6,-2141.86,2026/01/29 19:59:14
1961,213.61,15719.7,-2140.41,2026/01/29 19:59:14
1962,213.72,15719.7,-2141.45,2026/01/29 19:59:14
1963,213.83,15718.4,-2140.94,2026/01/29 19:59:14
1964,213.94,15721,-2141.36,2026/01/29 19:59:14
1965,214.05,15718.7,-2142.53,2026/01/29 19:59:14
1966,214.16,15720.1,-2140.71,2026/01/29 19:59:15
1967,214.27,15719.9,-2142.32,2026/01/29 19:59:15
1968,214.38,15720,-2141.24,2026/01/29 19:59:15
1969,214.49,15719.4,-2140.34,2026/01/29 19:59:15
1970,214.6,15721.4,-2141.84,2026/01/29 19:59:15
1971,214.71,15719.4,-2140.64,2026/01/29 19:59:15
1972,214.81,15720.7,-2141.86,2026/01/29 19:59:15
1973,214.92,15719.8,-2141.9,2026/01/29 19:59:15
1974,215.03,15720.1,-2141.27,2026/01/29 19:59:15
1975,215.14,15721.5,-2140.95,2026/01/29 19:59:16
1976,215.25,15718,-2142.25,2026/01/29 19:59:16
1977,215.36,15723.8,-2139.67,2026/01/29 19:59:16
1978,215.47,15717.4,-2143.57,2026/01/29 19:59:16
1979,215.58,15722.6,-2138.67,2026/01/29 19:59:16
1980,215.69,15719.1,-2143.72,2026/01/29 19:59:16
1981,215.8,15720.1,-2140.65,2026/01/29 19:59:16
1982,215.91,15720.7,-2142.34,2026/01/29 19:59:16
1983,216.01,15719.3,-2141.77,2026/01/29 19:59:16
1984,216.12,15722,-2140.49,2026/01/29 19:59:16
1985,216.23,15720.4,-2141.85,2026/01/29 19:59:17
1986,216.34,15720.8,-2141.11,2026/01/29 19:59:17
1987,216.45,15720.5,-2141.04,2026/01/29 19:59:17
1988,216.56,15721.4,-2142.39,2026/01/29 19:59:17
1989,216.67,15718.9,-2141.11,2026/01/29 19:59:17
1990,216.78,15720.8,-2141.94,2026/01/29 19:59:17
1991,216.89,15719.6,-2141.44,2026/01/29 19:59:17
1992,216.99,15720.8,-2141.85,2026/01/29 19:59:17
1993,217.1,15722.2,-2141.63,2026/01/29 19:59:17
1994,217.21,15717.4,-2141.85,2026/01/29 19:59:18
1995,217.32,15724.5,-2140.9,2026/01/29 19:59:18
1996,217.43,15716.9,-2142.55,2026/01/29 19:59:18
1997,217.54,15723.2,-2140.96,2026/01/29 19:59:18
1998,217.65,15719.2,-2142.5,2026/01/29 19:59:18
1999,217.76,15721.2,-2140.9,2026/01/29 19:59:18
2000,217.87,15721.2,-2142.17,2026/01/29 19:59:18
2001,217.97,15719.6,-2141.32,2026/01/29 19:59:18
2002,218.08,15722.7,-2141.9,2026/01/29 19:59:18
2003,218.19,15719.2,-2142.41,2026/01/29 19:59:19
2004,218.3,15722.3,-2139.98,2026/01/29 19:59:19
2005,218.41,15720,-2143.71,2026/01/29 19:59:19
2006,218.52,15721.1,-2139.25,2026/01/29 19:59:19
2007,218.63,15720.1,-2143.59,2026/01/29 19:59:19
2008,218.74,15720.2,-2141.03,2026/01/29 19:59:19
2009,218.85,15720.7,-2142.18,2026/01/29 19:59:19
2010,218.96,15719.4,-2141.85,2026/01/29 19:59:19
2011,219.06,15722.2,-2140.74,2026/01/29 19:59:19
2012,219.17,15719.7,-2141.81,2026/01/29 19:59:20
2013,219.28,15721.4,-2141.29,2026/01/29 19:59:20
2014,219.39,15720.4,-2140.73,2026/01/29 19:59:20
2015,219.5,15721,-2142.72,2026/01/29 19:59:20
2016,219.61,15720.2,-2141.08,2026/01/29 19:59:20
2017,219.72,15722.2,-2142.6,2026/01/29 19:59:20
2018,219.83,15720.1,-2141.44,2026/01/29 19:59:20
2019,219.94,15720.5,-2142.52,2026/01/29 19:59:20
2020,220.04,15722,-2140.46,2026/01/29 19:59:20
2021,220.15,15718.9,-2142.09,2026/01/29 19:59:21
2022,220.26,15723.1,-2142.33,2026/01/29 19:59:21
2023,220.37,15718.5,-2140.69,2026/01/29 19:59:21
2024,220.48,15722.8,-2142.06,2026/01/29 19:59:21
2025,220.59,15720.3,-2141.63,2026/01/29 19:59:21
2026,220.7,15722,-2141.99,2026/01/29 19:59:21
2027,220.81,15721.1,-2142.15,2026/01/29 19:59:21
2028,220.91,15719.9,-2142.72,2026/01/29 19:59:21
2029,221.02,15722.7,-2141.31,2026/01/29 19:59:21
2030,221.13,15718.2,-2142.37,2026/01/29 19:59:21
2031,221.24,15725.1,-2141.13,2026/01/29 19:59:22
2032,221.35,15717.7,-2141.68,2026/01/29 19:59:22
2033,221.46,15724.2,-2141.44,2026/01/29 19:59:22
2034,221.57,15719.2,-2141.88,2026/01/29 19:59:22
2035,221.68,15722.2,-2141.09,2026/01/29 19:59:22
2036,221.79,15721.1,-2141.68,2026/01/29 19:59:22
2037,221.9,15721.3,-2140.67,2026/01/29 19:59:22
2038,222,15722.6,-2141.79,2026/01/29 19:59:22
2039,222.11,15719.6,-2142.67,2026/01/29 19:59:22
2040,222.22,15724.6,-2140.55,2026/01/29 19:59:23
2041,222.33,15717.6,-2143.36,2026/01/29 19:59:23
2042,222.44,15724.5,-2140.83,2026/01/29 19:59:23
2043,222.55,15719.2,-2142.48,2026/01/29 19:59:23
2044,222.66,15722.9,-2141.11,2026/01/29 19:59:23
2045,222.77,15720.3,-2142.62,2026/01/29 19:59:23
2046,222.88,15721.9,-2140.92,2026/01/29 19:59:23
2047,222.99,15721,-2142.48,2026/01/29 19:59:23
2048,223.1,15721.5,-2141.13,2026/01/29 19:59:23
2049,223.2,15723.6,-2141.62,2026/01/29 19:59:24
2050,223.31,15719.4,-2142.76,2026/01/29 19:59:24
2051,223.42,15724.7,-2140.55,2026/01/29 19:59:24
2052,223.53,15718,-2143.74,2026/01/29 19:59:24
2053,223.64,15724.8,-2140.36,2026/01/29 19:59:24
2054,223.75,15719.2,-2142.82,2026/01/29 19:59:24
2055,223.86,15723.2,-2141.03,2026/01/29 19:59:24
2056,223.97,15720.8,-2142.6,2026/01/29 19:59:24
2057,224.08,15721.9,-2142.07,2026/01/29 19:59:24
2058,224.19,15721.9,-2142.52,2026/01/29 19:59:25
2059,224.29,15719.8,-2142.07,2026/01/29 19:59:25
2060,224.4,15723.7,-2141.32,2026/01/29 19:59:25
2061,224.51,15718.2,-2143.14,2026/01/29 19:59:25
2062,224.62,15725.3,-2140.42,2026/01/29 19:59:25
2063,224.73,15718.7,-2142.96,2026/01/29 19:59:25
2064,224.84,15723.4,-2141.59,2026/01/29 19:59:25
2065,224.95,15721.1,-2142.1,2026/01/29 19:59:25
2066,225.06,15722.1,-2141.74,2026/01/29 19:59:25
2067,225.17,15722.2,-2142.48,2026/01/29 19:59:26
2068,225.27,15720.3,-2141.7,2026/01/29 19:59:26
2069,225.38,15723.4,-2141.55,2026/01/29 19:59:26
2070,225.49,15718.2,-2142.76,2026/01/29 19:59:26
2071,225.6,15725.4,-2141.83,2026/01/29 19:59:26
2072,225.71,15719.2,-2141.9,2026/01/29 19:59:26
2073,225.82,15724.3,-2142.19,2026/01/29 19:59:26
2074,225.93,15720.8,-2141.65,2026/01/29 19:59:26
2075,226.04,15723.1,-2142.9,2026/01/29 19:59:26
2076,226.15,15721.8,-2141.98,2026/01/29 19:59:27
2077,226.25,15720.7,-2143.03,2026/01/29 19:59:27
2078,226.36,15724.7,-2141.87,2026/01/29 19:59:27
2079,226.47,15720.1,-2141.42,2026/01/29 19:59:27
2080,226.58,15723.9,-2143.02,2026/01/29 19:59:27
2081,226.69,15720.8,-2140.83,2026/01/29 19:59:27
2082,226.8,15723.8,-2142.41,2026/01/29 19:59:27
2083,226.91,15721.9,-2141.68,2026/01/29 19:59:27
2084,227.02,15722.7,-2142.27,2026/01/29 19:59:27
2085,227.13,15723.2,-2141.34,2026/01/29 19:59:27
2086,227.24,15722,-2142.62,2026/01/29 19:59:28
2087,227.34,15723.3,-2141,2026/01/29 19:59:28
2088,227.45,15721.6,-2142.12,2026/01/29 19:59:28
2089,227.56,15722.8,-2141.78,2026/01/29 19:59:28
2090,227.67,15722.4,-2142.72,2026/01/29 19:59:28
2091,227.78,15722.5,-2140.73,2026/01/29 19:59:28
2092,227.89,15722.3,-2143.75,2026/01/29 19:59:28
2093,228,15723.5,-2139.99,2026/01/29 19:59:28
2094,228.11,15722.8,-2142.88,2026/01/29 19:59:28
2095,228.22,15722.8,-2141.12,2026/01/29 19:59:29
2096,228.33,15723.8,-2141.9,2026/01/29 19:59:29
2097,228.43,15721.8,-2141.53,2026/01/29 19:59:29
2098,228.54,15724.4,-2142.45,2026/01/29 19:59:29
2099,228.65,15721,-2143.02,2026/01/29 19:59:29
2100,228.76,15726,-2140.71,2026/01/29 19:59:29
2101,228.87,15720.1,-2144.07,2026/01/29 19:59:29
2102,228.98,15725.8,-2141.2,2026/01/29 19:59:29
2103,229.09,15721.4,-2142.27,2026/01/29 19:59:29
2104,229.2,15725.3,-2142.2,2026/01/29 19:59:30
2105,229.31,15722.7,-2142.29,2026/01/29 19:59:30
2106,229.41,15723.9,-2142.14,2026/01/29 19:59:30
2107,229.52,15723,-2141.92,2026/01/29 19:59:30
2108,229.63,15722.6,-2143.22,2026/01/29 19:59:30
2109,229.74,15724.2,-2141.63,2026/01/29 19:59:30
2110,229.85,15722.3,-2142.64,2026/01/29 19:59:30
2111,229.96,15723.9,-2142.59,2026/01/29 19:59:30
2112,230.07,15723.6,-2141.94,2026/01/29 19:59:30
2113,230.18,15723.8,-2141.47,2026/01/29 19:59:31
2114,230.29,15723.1,-2143.56,2026/01/29 19:59:31
2115,230.4,15723.9,-2141.81,2026/01/29 19:59:31
2116,230.51,15724.1,-2143.41,2026/01/29 19:59:31
2117,230.62,15723.9,-2141.08,2026/01/29 19:59:31
2118,230.72,15724.4,-2142.23,2026/01/29 19:59:31
2119,230.84,15724.2,-2142.47,2026/01/29 19:59:31
2120,230.94,15723.9,-2142.87,2026/01/29 19:59:31
2121,231.05,15722.8,-2142.58,2026/01/29 19:59:31
2122,231.16,15726.3,-2141.13,2026/01/29 19:59:32
2123,231.27,15722.6,-2142.58,2026/01/29 19:59:32
2124,231.38,15727.4,-2141.98,2026/01/29 19:59:32
2125,231.49,15722.6,-2141.49,2026/01/29 19:59:32
2126,231.6,15725.9,-2143.42,2026/01/29 19:59:32
2127,231.71,15724.1,-2141.64,2026/01/29 19:59:32
2128,231.82,15724.4,-2141.9,2026/01/29 19:59:32
2129,231.93,15724,-2143.76,2026/01/29 19:59:32
2130,232.04,15724.5,-2141.3,2026/01/29 19:59:32
2131,232.14,15724.6,-2143.58,2026/01/29 19:59:33
2132,232.25,15724.2,-2142.24,2026/01/29 19:59:33
2133,232.36,15725.5,-2143.03,2026/01/29 19:59:33
2134,232.47,15722.9,-2142.32,2026/01/29 19:59:33
2135,232.58,15727.3,-2141.75,2026/01/29 19:59:33
2136,232.69,15721.5,-2143,2026/01/29 19:59:33
2137,232.8,15727.7,-2142.68,2026/01/29 19:59:33
2138,232.91,15723.1,-2140.98,2026/01/29 19:59:33
2139,233.02,15725.8,-2143.64,2026/01/29 19:59:33
2140,233.12,15724.4,-2142.8,2026/01/29 19:59:33
2141,233.23,15724.4,-2142.22,2026/01/29 19:59:34
2142,233.34,15724.8,-2143.01,2026/01/29 19:59:34
2143,233.45,15724.2,-2142.74,2026/01/29 19:59:34
2144,233.56,15725.8,-2141.87,2026/01/29 19:59:34
2145,233.67,15724.7,-2141.87,2026/01/29 19:59:34
2146,233.78,15726.7,-2142.54,2026/01/29 19:59:34
2147,233.89,15723.5,-2143.06,2026/01/29 19:59:34
2148,234,15728,-2142.06,2026/01/29 19:59:34
2149,234.11,15723,-2142.06,2026/01/29 19:59:34
2150,234.22,15726.2,-2143.49,2026/01/29 19:59:35
2151,234.33,15725.4,-2142.02,2026/01/29 19:59:35
2152,234.43,15725.9,-2141.56,2026/01/29 19:59:35
2153,234.54,15725.6,-2142.73,2026/01/29 19:59:35
2154,234.65,15725.2,-2141.34,2026/01/29 19:59:35
2155,234.76,15725.8,-2142.18,2026/01/29 19:59:35
2156,234.87,15724.8,-2142.12,2026/01/29 19:59:35
2157,234.98,15726.9,-2142.29,2026/01/29 19:59:35
2158,235.09,15723.4,-2143.26,2026/01/29 19:59:35
2159,235.2,15727.9,-2142.03,2026/01/29 19:59:36
2160,235.31,15722.9,-2142.09,2026/01/29 19:59:36
2161,235.41,15726.5,-2143.54,2026/01/29 19:59:36
2162,235.52,15725.3,-2142.24,2026/01/29 19:59:36
2163,235.63,15725.1,-2141.88,2026/01/29 19:59:36
2164,235.74,15725,-2144.58,2026/01/29 19:59:36
2165,235.85,15725.6,-2141.5,2026/01/29 19:59:36
2166,235.96,15725,-2143.72,2026/01/29 19:59:36
2167,236.07,15725.1,-2142.53,2026/01/29 19:59:36
2168,236.18,15725.3,-2142.87,2026/01/29 19:59:37
2169,236.29,15723.9,-2143.12,2026/01/29 19:59:37
2170,236.4,15726.8,-2142.06,2026/01/29 19:59:37
2171,236.51,15723.2,-2142.69,2026/01/29 19:59:37
2172,236.62,15726,-2143.51,2026/01/29 19:59:37
2173,236.72,15725.2,-2142.03,2026/01/29 19:59:37
2174,236.83,15724.7,-2142.07,2026/01/29 19:59:37
2175,236.94,15724.5,-2144.23,2026/01/29 19:59:37
2176,237.05,15725.4,-2141.7,2026/01/29 19:59:37
2177,237.16,15725.1,-2143.7,2026/01/29 19:59:38
2178,237.27,15724.9,-2142.7,2026/01/29 19:59:38
2179,237.38,15725.5,-2142.88,2026/01/29 19:59:38
2180,237.49,15723.4,-2142.96,2026/01/29 19:59:38
2181,237.6,15727,-2141.86,2026/01/29 19:59:38
2182,237.71,15723.4,-2142.7,2026/01/29 19:59:38
2183,237.82,15726.8,-2142.78,2026/01/29 19:59:38
2184,237.92,15724.7,-2142.37,2026/01/29 19:59:38
2185,238.03,15725.5,-2142.37,2026/01/29 19:59:38
2186,238.14,15724.8,-2144.03,2026/01/29 19:59:39
2187,238.25,15725.6,-2141.11,2026/01/29 19:59:39
2188,238.36,15724.9,-2143.62,2026/01/29 19:59:39
2189,238.47,15724.8,-2143.02,2026/01/29 19:59:39
2190,238.58,15726,-2142.88,2026/01/29 19:59:39
2191,238.69,15724.1,-2142.79,2026/01/29 19:59:39
2192,238.8,15728.9,-2142.15,2026/01/29 19:59:39
2193,238.9,15722.6,-2141.95,2026/01/29 19:59:39
2194,239.01,15727.2,-2144.28,2026/01/29 19:59:39
2195,239.12,15725,-2141.33,2026/01/29 19:59:39
2196,239.23,15726.4,-2142.35,2026/01/29 19:59:40
2197,239.34,15726.2,-2143.02,2026/01/29 19:59:40
2198,239.45,15725.7,-2142.13,2026/01/29 19:59:40
2199,239.56,15726.5,-2142.23,2026/01/29 19:59:40
2200,239.67,15724.8,-2141.95,2026/01/29 19:59:40
2201,239.78,15727.5,-2142.43,2026/01/29 19:59:40
2202,239.88,15723.7,-2143.22,2026/01/29 19:59:40
2203,239.99,15729.2,-2141.59,2026/01/29 19:59:40
2204,240.1,15722.1,-2142.94,2026/01/29 19:59:40
2205,240.21,15728.4,-2143.65,2026/01/29 19:59:41
2206,240.32,15724.6,-2141.39,2026/01/29 19:59:41
2207,240.43,15726.8,-2142.84,2026/01/29 19:59:41
2208,240.54,15726,-2142.42,2026/01/29 19:59:41
2209,240.65,15726.1,-2142.24,2026/01/29 19:59:41
2210,240.76,15727.3,-2142.54,2026/01/29 19:59:41
2211,240.87,15724.9,-2142.01,2026/01/29 19:59:41
2212,240.97,15727.5,-2142.79,2026/01/29 19:59:41
2213,241.08,15724.5,-2143.29,2026/01/29 19:59:41
2214,241.19,15729.2,-2141.37,2026/01/29 19:59:42
2215,241.3,15722.2,-2143.06,2026/01/29 19:59:42
2216,241.41,15729.5,-2143.27,2026/01/29 19:59:42
2217,241.52,15724.1,-2141.52,2026/01/29 19:59:42
2218,241.63,15727.5,-2143.27,2026/01/29 19:59:42
2219,241.74,15726.6,-2141.94,2026/01/29 19:59:42
2220,241.85,15726.3,-2142.71,2026/01/29 19:59:42
2221,241.95,15727.6,-2142.41,2026/01/29 19:59:42
2222,242.06,15725,-2142.79,2026/01/29 19:59:42
2223,242.17,15728.1,-2142.36,2026/01/29 19:59:43
2224,242.28,15724.8,-2143.33,2026/01/29 19:59:43
2225,242.39,15729.5,-2140.98,2026/01/29 19:59:43
2226,242.5,15723,-2144.54,2026/01/29 19:59:43
2227,242.61,15730,-2142.51,2026/01/29 19:59:43
2228,242.72,15724.1,-2142.05,2026/01/29 19:59:43
2229,242.83,15728.4,-2143.55,2026/01/29 19:59:43
2230,242.94,15726.4,-2142.02,2026/01/29 19:59:43
2231,243.04,15727,-2142.71,2026/01/29 19:59:43
2232,243.15,15728,-2142.59,2026/01/29 19:59:44
2233,243.26,15725.9,-2143.3,2026/01/29 19:59:44
2234,243.37,15727.7,-2142.59,2026/01/29 19:59:44
2235,243.48,15725.8,-2143.61,2026/01/29 19:59:44
2236,243.59,15729.3,-2140.64,2026/01/29 19:59:44
2237,243.7,15724.4,-2144.72,2026/01/29 19:59:44
2238,243.81,15730.3,-2140.96,2026/01/29 19:59:44
2239,243.92,15724.3,-2142.59,2026/01/29 19:59:44
2240,244.03,15728.9,-2143.23,2026/01/29 19:59:44
2241,244.13,15726.6,-2141.88,2026/01/29 19:59:44
2242,244.24,15727.8,-2142.95,2026/01/29 19:59:45
2243,244.35,15727.1,-2142.46,2026/01/29 19:59:45
2244,244.46,15726.5,-2142.77,2026/01/29 19:59:45
2245,244.57,15727.6,-2141.9,2026/01/29 19:59:45
2246,244.68,15726.9,-2143.73,2026/01/29 19:59:45
2247,244.79,15727.8,-2140.16,2026/01/29 19:59:45
2248,244.9,15726.1,-2145.45,2026/01/29 19:59:45
2249,245.01,15729.7,-2140.57,2026/01/29 19:59:45
2250,245.12,15726.1,-2143.19,2026/01/29 19:59:45
2251,245.23,15729.8,-2141.74,2026/01/29 19:59:46
2252,245.33,15731.6,-2142.38,2026/01/29 19:59:46
2253,245.44,15733.4,-2142.75,2026/01/29 19:59:46
2254,245.55,15734.7,-2142.41,2026/01/29 19:59:46
2255,245.66,15730.9,-2144.58,2026/01/29 19:59:46
2256,245.77,15716.9,-2139.81,2026/01/29 19:59:46
2257,245.88,15703.7,-2132.3,2026/01/29 19:59:46
2258,245.99,15712.8,-2136.5,2026/01/29 19:59:46
2259,246.1,15719,-2138.39,2026/01/29 19:59:46
2260,246.21,15726.1,-2133.91,2026/01/29 19:59:47
2261,246.31,15729.2,-2137.88,2026/01/29 19:59:47
2262,246.42,15726.9,-2136.57,2026/01/29 19:59:47
2263,246.53,15717.2,-2134.06,2026/01/29 19:59:47
2264,246.64,15713.7,-2136.03,2026/01/29 19:59:47
2265,246.75,15720.3,-2133.6,2026/01/29 19:59:47
2266,246.86,15725.4,-2134.52,2026/01/29 19:59:47
2267,246.97,15730.2,-2135.63,2026/01/29 19:59:47
2268,247.08,15724.2,-2133.9,2026/01/29 19:59:47
2269,247.19,15716.9,-2135.57,2026/01/29 19:59:48
2270,247.3,15718.8,-2134.83,2026/01/29 19:59:48
2271,247.4,15724.3,-2132.39,2026/01/29 19:59:48
2272,247.51,15727.6,-2135.99,2026/01/29 19:59:48
2273,247.62,15725,-2132.73,2026/01/29 19:59:48
2274,247.73,15717.4,-2135.05,2026/01/29 19:59:48
2275,247.84,15715.1,-2135.18,2026/01/29 19:59:48
2276,247.95,15721.5,-2133.59,2026/01/29 19:59:48
2277,248.06,15725.3,-2134.57,2026/01/29 19:59:48
2278,248.17,15729.3,-2134.22,2026/01/29 19:59:49
2279,248.28,15716.9,-2134.12,2026/01/29 19:59:49
2280,248.39,15718.4,-2136.52,2026/01/29 19:59:49
2281,248.49,15719.8,-2133.13,2026/01/29 19:59:49
2282,248.6,15726,-2132.64,2026/01/29 19:59:49
2283,248.71,15727.9,-2135.01,2026/01/29 19:59:49
2284,248.82,15723.6,-2132.65,2026/01/29 19:59:49
2285,248.93,15718.4,-2135.01,2026/01/29 19:59:49
2286,249.04,15719.1,-2132.93,2026/01/29 19:59:49
2287,249.15,15728.7,-2132.22,2026/01/29 19:59:50
2288,249.26,15725.7,-2134.85,2026/01/29 19:59:50
2289,249.37,15727.1,-2133.36,2026/01/29 19:59:50
2290,249.48,15713.8,-2135.36,2026/01/29 19:59:50
2291,249.58,15721.9,-2134.76,2026/01/29 19:59:50
2292,249.69,15725,-2132.45,2026/01/29 19:59:50
2293,249.8,15727.5,-2134.41,2026/01/29 19:59:50
2294,249.91,15723.9,-2133.83,2026/01/29 19:59:50
2295,250.02,15716.2,-2135.73,2026/01/29 19:59:50
2296,250.13,15721.2,-2133.11,2026/01/29 19:59:50
2297,250.24,15724.3,-2133.53,2026/01/29 19:59:51
2298,250.35,15729.7,-2132.84,2026/01/29 19:59:51
2299,250.45,15724.6,-2136.41,2026/01/29 19:59:51
2300,250.56,15720.2,-2132.61,2026/01/29 19:59:51
2301,250.67,15717,-2134.18,2026/01/29 19:59:51
2302,250.78,15728.3,-2132.24,2026/01/29 19:59:51
2303,250.89,15729,-2134,2026/01/29 19:59:51
2304,251,15727.5,-2134.45,2026/01/29 19:59:51
2305,251.11,15718.3,-2134.24,2026/01/29 19:59:51
2306,251.22,15716.2,-2136.79,2026/01/29 19:59:52
2307,251.33,15724.7,-2133.81,2026/01/29 19:59:52
2308,251.44,15727.5,-2135.08,2026/01/29 19:59:52
2309,251.54,15725.9,-2133.74,2026/01/29 19:59:52
2310,251.65,15716.5,-2136.85,2026/01/29 19:59:52
2311,251.76,15719.6,-2132.05,2026/01/29 19:59:52
2312,251.87,15722.8,-2135.74,2026/01/29 19:59:52
2313,251.98,15730.1,-2133.16,2026/01/29 19:59:52
2314,252.09,15726.9,-2135.59,2026/01/29 19:59:52
2315,252.2,15720.4,-2134.13,2026/01/29 19:59:53
2316,252.31,15719.4,-2134.9,2026/01/29 19:59:53
2317,252.42,15720.4,-2134.69,2026/01/29 19:59:53
2318,252.52,15732.6,-2133.51,2026/01/29 19:59:53
2319,252.63,15725.7,-2133.64,2026/01/29 19:59:53
2320,252.74,15720.2,-2135.18,2026/01/29 19:59:53
2321,252.85,15716.8,-2135.7,2026/01/29 19:59:53
2322,252.96,15721.5,-2132.96,2026/01/29 19:59:53
2323,253.07,15729.7,-2134.22,2026/01/29 19:59:53
2324,253.18,15729.2,-2133.54,2026/01/29 19:59:54
2325,253.29,15726.6,-2134.28,2026/01/29 19:59:54
2326,253.4,15717.6,-2135.47,2026/01/29 19:59:54
2327,253.51,15723,-2133.49,2026/01/29 19:59:54
2328,253.61,15724.7,-2133.81,2026/01/29 19:59:54
2329,253.72,15733.5,-2132.84,2026/01/29 19:59:54
2330,253.83,15724.5,-2134.73,2026/01/29 19:59:54
2331,253.94,15722.1,-2135.68,2026/01/29 19:59:54
2332,254.05,15719.9,-2131.66,2026/01/29 19:59:54
2333,254.16,15729,-2133.42,2026/01/29 19:59:55
2334,254.27,15730.2,-2133.62,2026/01/29 19:59:55
2335,254.38,15727.9,-2133.44,2026/01/29 19:59:55
2336,254.49,15719.1,-2136.15,2026/01/29 19:59:55
2337,254.6,15721.2,-2132.64,2026/01/29 19:59:55
2338,254.7,15731.4,-2132.24,2026/01/29 19:59:55
2339,254.81,15729.7,-2133.57,2026/01/29 19:59:55
2340,254.92,15729.7,-2133.08,2026/01/29 19:59:55
2341,255.03,15716.4,-2136.87,2026/01/29 19:59:55
2342,255.14,15726.6,-2131.82,2026/01/29 19:59:56
2343,255.25,15726.5,-2132.06,2026/01/29 19:59:56
2344,255.36,15734.7,-2134.44,2026/01/29 19:59:56
2345,255.47,15726.5,-2132.62,2026/01/29 19:59:56
2346,255.58,15721.3,-2135.95,2026/01/29 19:59:56
2347,255.69,15722.1,-2132.1,2026/01/29 19:59:56
2348,255.8,15730.3,-2131.26,2026/01/29 19:59:56
2349,255.9,15733,-2133.54,2026/01/29 19:59:56
2350,256.01,15726.9,-2134.46,2026/01/29 19:59:56
2351,256.12,15721,-2135.26,2026/01/29 19:59:56
2352,256.23,15717.1,-2136.2,2026/01/29 19:59:57
2353,256.34,15727.5,-2132.46,2026/01/29 19:59:57
2354,256.45,15726.5,-2136.84,2026/01/29 19:59:57
2355,256.56,15729.8,-2133.21,2026/01/29 19:59:57
2356,256.67,15714.3,-2134.86,2026/01/29 19:59:57
2357,256.78,15720.8,-2135.4,2026/01/29 19:59:57
2358,256.89,15724,-2132.43,2026/01/29 19:59:57
2359,256.99,15733.1,-2133.61,2026/01/29 19:59:57
2360,257.1,15729.1,-2133.81,2026/01/29 19:59:57
2361,257.21,15717.8,-2135.09,2026/01/29 19:59:58
2362,257.32,15717.6,-2136.44,2026/01/29 19:59:58
2363,257.43,15721.9,-2133.68,2026/01/29 19:59:58
2364,257.54,15730.7,-2130.88,2026/01/29 19:59:58
2365,257.65,15728.3,-2137.23,2026/01/29 19:59:58
2366,257.76,15721,-2132.35,2026/01/29 19:59:58
2367,257.86,15716.9,-2136.21,2026/01/29 19:59:58
2368,257.97,15721.8,-2133.01,2026/01/29 19:59:58
2369,258.08,15730.3,-2133.01,2026/01/29 19:59:58
2370,258.19,15730.6,-2134.02,2026/01/29 19:59:59
2371,258.3,15724.4,-2134.04,2026/01/29 19:59:59
2372,258.41,15718.8,-2135.41,2026/01/29 19:59:59
2373,258.52,15724.1,-2132.32,2026/01/29 19:59:59
2374,258.63,15729.7,-2132.88,2026/01/29 19:59:59
2375,258.74,15730.6,-2134.32,2026/01/29 19:59:59
2376,258.85,15726.4,-2134.02,2026/01/29 19:59:59
2377,258.96,15719.5,-2134.53,2026/01/29 19:59:59
2378,259.07,15723.6,-2133.99,2026/01/29 19:59:59
2379,259.18,15732.4,-2130,2026/01/29 20:00:00
2380,259.29,15729.6,-2136.62,2026/01/29 20:00:00
2381,259.4,15725.4,-2133.61,2026/01/29 20:00:00
2382,259.5,15720,-2136.51,2026/01/29 20:00:00
2383,259.61,15723.3,-2132.88,2026/01/29 20:00:00
2384,259.72,15730.9,-2131.8,2026/01/29 20:00:00
2385,259.83,15730.9,-2135,2026/01/29 20:00:00
2386,259.94,15729.8,-2133.65,2026/01/29 20:00:00
2387,260.05,15718,-2134.4,2026/01/29 20:00:00
2388,260.16,15725.7,-2133.79,2026/01/29 20:00:01
2389,260.27,15731.6,-2131.16,2026/01/29 20:00:01
2390,260.37,15732.9,-2133.81,2026/01/29 20:00:01
2391,260.48,15727.1,-2134.06,2026/01/29 20:00:01
2392,260.59,15722.1,-2133.23,2026/01/29 20:00:01
2393,260.7,15726.4,-2132.3,2026/01/29 20:00:01
2394,260.81,15732.6,-2134.53,2026/01/29 20:00:01
2395,260.91,15732.3,-2132.37,2026/01/29 20:00:01
2396,261.02,15723.8,-2135.3,2026/01/29 20:00:01
2397,261.13,15720.8,-2134.63,2026/01/29 20:00:01
2398,261.24,15726.7,-2133.6,2026/01/29 20:00:02
2399,261.35,15730.9,-2133.12,2026/01/29 20:00:02
2400,261.46,15733.5,-2132.64,2026/01/29 20:00:02
2401,261.57,15718.9,-2135.86,2026/01/29 20:00:02
2402,261.68,15726.4,-2132.77,2026/01/29 20:00:02
2403,261.79,15726.8,-2130.65,2026/01/29 20:00:02
2404,261.9,15734.3,-2133.92,2026/01/29 20:00:02
2405,262,15727.5,-2133.11,2026/01/29 20:00:02
2406,262.11,15721.6,-2134.68,2026/01/29 20:00:02
2407,262.22,15723.9,-2132.07,2026/01/29 20:00:03
2408,262.33,15731.1,-2132.06,2026/01/29 20:00:03
2409,262.44,15734.6,-2132.91,2026/01/29 20:00:03
2410,262.55,15725.2,-2134.33,2026/01/29 20:00:03
2411,262.66,15722,-2133.89,2026/01/29 20:00:03
2412,262.77,15723.5,-2134.06,2026/01/29 20:00:03
2413,262.88,15734,-2129.93,2026/01/29 20:00:03
2414,262.99,15729.7,-2136.38,2026/01/29 20:00:03
2415,263.1,15727.3,-2132.15,2026/01/29 20:00:03
2416,263.2,15719.3,-2136.11,2026/01/29 20:00:04
2417,263.31,15726.5,-2132.67,2026/01/29 20:00:04
2418,263.42,15731.4,-2132.9,2026/01/29 20:00:04
2419,263.53,15732.2,-2133.46,2026/01/29 20:00:04
2420,263.64,15722,-2135.11,2026/01/29 20:00:04
2421,263.75,15721.8,-2132.89,2026/01/29 20:00:04
2422,263.86,15730.5,-2130.65,2026/01/29 20:00:04
2423,263.97,15731.5,-2132.63,2026/01/29 20:00:04
2424,264.08,15734.4,-2133.4,2026/01/29 20:00:04
2425,264.18,15723.7,-2133.37,2026/01/29 20:00:05
2426,264.29,15724.3,-2133.62,2026/01/29 20:00:05
2427,264.4,15729.2,-2131.77,2026/01/29 20:00:05
2428,264.51,15733,-2133.12,2026/01/29 20:00:05
2429,264.62,15731.9,-2132.71,2026/01/29 20:00:05
2430,264.73,15720.4,-2135.82,2026/01/29 20:00:05
2431,264.84,15724.8,-2133.15,2026/01/29 20:00:05
2432,264.95,15726.9,-2133.07,2026/01/29 20:00:05
2433,265.06,15733.2,-2131.28,2026/01/29 20:00:05
2434,265.16,15728.4,-2135.86,2026/01/29 20:00:06
2435,265.27,15722.4,-2134.02,2026/01/29 20:00:06
2436,265.38,15723.8,-2134.56,2026/01/29 20:00:06
2437,265.49,15731.5,-2131.23,2026/01/29 20:00:06
2438,265.6,15733.7,-2133.83,2026/01/29 20:00:06
2439,265.71,15727.4,-2134.43,2026/01/29 20:00:06
2440,265.82,15724.3,-2134.33,2026/01/29 20:00:06
2441,265.93,15720.1,-2135.19,2026/01/29 20:00:06
2442,266.03,15733.3,-2131.36,2026/01/29 20:00:06
2443,266.14,15729.6,-2134.46,2026/01/29 20:00:07
2444,266.25,15727.6,-2134.17,2026/01/29 20:00:07
2445,266.36,15720.4,-2135.53,2026/01/29 20:00:07
2446,266.47,15724.2,-2134.33,2026/01/29 20:00:07
2447,266.58,15731.4,-2131.73,2026/01/29 20:00:07
2448,266.69,15729.6,-2134.54,2026/01/29 20:00:07
2449,266.8,15725.8,-2134.17,2026/01/29 20:00:07
2450,266.91,15719.1,-2133.83,2026/01/29 20:00:07
2451,267.01,15729.3,-2134.23,2026/01/29 20:00:07
2452,267.12,15730.4,-2131.93,2026/01/29 20:00:07
2453,267.23,15732.2,-2134.09,2026/01/29 20:00:08
2454,267.34,15720,-2134.77,2026/01/29 20:00:08
2455,267.45,15722.3,-2134.58,2026/01/29 20:00:08
2456,267.56,15727.2,-2132.88,2026/01/29 20:00:08
2457,267.67,15730.2,-2134.47,2026/01/29 20:00:08
2458,267.78,15730.9,-2132.17,2026/01/29 20:00:08
2459,267.89,15720.9,-2136.87,2026/01/29 20:00:08
2460,268,15724.6,-2133.47,2026/01/29 20:00:08
2461,268.11,15730.4,-2132.97,2026/01/29 20:00:08
2462,268.22,15732.4,-2134.22,2026/01/29 20:00:09
2463,268.32,15727.9,-2134.55,2026/01/29 20:00:09
2464,268.43,15721.2,-2135.1,2026/01/29 20:00:09
2465,268.54,15723.5,-2134.89,2026/01/29 20:00:09
2466,268.65,15732.5,-2133.01,2026/01/29 20:00:09
2467,268.76,15730.4,-2133.68,2026/01/29 20:00:09
2468,268.87,15721.3,-2135.38,2026/01/29 20:00:09
2469,268.98,15724.9,-2133.85,2026/01/29 20:00:09
2470,269.09,15730.4,-2133.24,2026/01/29 20:00:09
2471,269.2,15732.9,-2133.81,2026/01/29 20:00:10
2472,269.31,15728.5,-2134.37,2026/01/29 20:00:10
2473,269.41,15721.8,-2135.19,2026/01/29 20:00:10
2474,269.52,15723.3,-2136.16,2026/01/29 20:00:10
2475,269.63,15732.1,-2131.06,2026/01/29 20:00:10
2476,269.74,15732.6,-2136.1,2026/01/29 20:00:10
2477,269.85,15730.8,-2133.37,2026/01/29 20:00:10
2478,269.96,15723.4,-2135,2026/01/29 20:00:10
2479,270.07,15717.9,-2136.69,2026/01/29 20:00:10
2480,270.18,15724.8,-2134.05,2026/01/29 20:00:11
2481,270.29,15731.3,-2132.62,2026/01/29 20:00:11
2482,270.4,15733.9,-2133.21,2026/01/29 20:00:11
2483,270.51,15730,-2135.35,2026/01/29 20:00:11
2484,270.61,15722.5,-2133.63,2026/01/29 20:00:11
2485,270.72,15723.6,-2136.11,2026/01/29 20:00:11
2486,270.83,15731.1,-2130.43,2026/01/29 20:00:11
2487,270.94,15735.3,-2133.81,2026/01/29 20:00:11
2488,271.05,15732.9,-2133.16,2026/01/29 20:00:11
2489,271.16,15727.7,-2135.17,2026/01/29 20:00:12
2490,271.27,15721.4,-2135.36,2026/01/29 20:00:12
2491,271.38,15728.1,-2133.51,2026/01/29 20:00:12
2492,271.49,15733.1,-2132.64,2026/01/29 20:00:12
2493,271.6,15736.8,-2132.33,2026/01/29 20:00:12
2494,271.7,15732.6,-2136.11,2026/01/29 20:00:12
2495,271.81,15724.8,-2133.97,2026/01/29 20:00:12
2496,271.92,15723,-2136.93,2026/01/29 20:00:12
2497,272.03,15726.4,-2133.94,2026/01/29 20:00:12
2498,272.14,15733.6,-2133.15,2026/01/29 20:00:13
2499,272.25,15733.6,-2133.81,2026/01/29 20:00:13
2500,272.36,15733.2,-2133.93,2026/01/29 20:00:13
2501,272.47,15723.6,-2135.67,2026/01/29 20:00:13
2502,272.58,15726,-2133.4,2026/01/29 20:00:13
2503,272.68,15730.3,-2133.51,2026/01/29 20:00:13
2504,272.79,15735.1,-2132.64,2026/01/29 20:00:13
2505,272.9,15733.1,-2135.71,2026/01/29 20:00:13
2506,273.01,15726.1,-2134.56,2026/01/29 20:00:13
2507,273.12,15722.4,-2136.89,2026/01/29 20:00:13
2508,273.23,15725.9,-2134.58,2026/01/29 20:00:14
2509,273.34,15736.6,-2131.99,2026/01/29 20:00:14
2510,273.45,15734.5,-2134.69,2026/01/29 20:00:14
2511,273.56,15732.9,-2134.35,2026/01/29 20:00:14
2512,273.67,15723.5,-2136.36,2026/01/29 20:00:14
2513,273.77,15726.4,-2135.56,2026/01/29 20:00:14
2514,273.88,15729.4,-2132.88,2026/01/29 20:00:14
2515,273.99,15737.9,-2134.48,2026/01/29 20:00:14
2516,274.1,15733.9,-2133.53,2026/01/29 20:00:14
2517,274.21,15727.7,-2135.57,2026/01/29 20:00:15
2518,274.32,15721.8,-2136.03,2026/01/29 20:00:15
2519,274.43,15726.9,-2134.49,2026/01/29 20:00:15
2520,274.54,15734.1,-2132.25,2026/01/29 20:00:15
2521,274.65,15735.6,-2133.59,2026/01/29 20:00:15
2522,274.76,15738.4,-2133.72,2026/01/29 20:00:15
2523,274.86,15721.6,-2136.36,2026/01/29 20:00:15
2524,274.97,15726.9,-2135.56,2026/01/29 20:00:15
2525,275.08,15726,-2134.72,2026/01/29 20:00:15
2526,275.19,15738.9,-2133.29,2026/01/29 20:00:16
2527,275.3,15735.2,-2134.78,2026/01/29 20:00:16
2528,275.41,15729.7,-2135.57,2026/01/29 20:00:16
2529,275.52,15725.5,-2136.61,2026/01/29 20:00:16
2530,275.63,15727.4,-2134.35,2026/01/29 20:00:16
2531,275.74,15738.3,-2132.81,2026/01/29 20:00:16
2532,275.85,15734.9,-2136.24,2026/01/29 20:00:16
2533,275.96,15733.6,-2132.76,2026/01/29 20:00:16
2534,276.06,15724.7,-2139.55,2026/01/29 20:00:16
2535,276.17,15730.7,-2131.87,2026/01/29 20:00:17
2536,276.28,15731.3,-2135,2026/01/29 20:00:17
2537,276.39,15739.1,-2132.89,2026/01/29 20:00:17
2538,276.5,15738.2,-2134.42,2026/01/29 20:00:17
2539,276.61,15729,-2135.94,2026/01/29 20:00:17
2540,276.72,15727.8,-2136.48,2026/01/29 20:00:17
2541,276.83,15729.8,-2134.9,2026/01/29 20:00:17
2542,276.94,15738.2,-2132.48,2026/01/29 20:00:17
2543,277.05,15739,-2134.54,2026/01/29 20:00:17
2544,277.15,15735,-2135.93,2026/01/29 20:00:18
2545,277.26,15725.5,-2135.31,2026/01/29 20:00:18
2546,277.37,15732.2,-2135.37,2026/01/29 20:00:18
2547,277.48,15735.8,-2132.54,2026/01/29 20:00:18
2548,277.59,15741.2,-2134.65,2026/01/29 20:00:18
2549,277.7,15736,-2134.93,2026/01/29 20:00:18
2550,277.81,15727.2,-2137.02,2026/01/29 20:00:18
2551,277.92,15732.6,-2132.93,2026/01/29 20:00:18
2552,278.03,15732.2,-2133.75,2026/01/29 20:00:18
2553,278.14,15745,-2130.53,2026/01/29 20:00:19
2554,278.24,15737.3,-2136.87,2026/01/29 20:00:19
2555,278.35,15735.5,-2133.4,2026/01/29 20:00:19
2556,278.46,15726.8,-2138.19,2026/01/29 20:00:19
2557,278.57,15732.8,-2133.68,2026/01/29 20:00:19
2558,278.68,15739.6,-2133.81,2026/01/29 20:00:19
2559,278.79,15740,-2134.61,2026/01/29 20:00:19
2560,278.9,15739.2,-2134.69,2026/01/29 20:00:19
2561,279.01,15728.4,-2137.47,2026/01/29 20:00:19
2562,279.12,15732.2,-2134.11,2026/01/29 20:00:19
2563,279.23,15736.2,-2134.18,2026/01/29 20:00:20
2564,279.34,15743,-2134.04,2026/01/29 20:00:20
2565,279.45,15739.7,-2133.33,2026/01/29 20:00:20
2566,279.55,15737.7,-2136.63,2026/01/29 20:00:20
2567,279.66,15728.8,-2135.09,2026/01/29 20:00:20
2568,279.77,15736.4,-2134.05,2026/01/29 20:00:20
2569,279.88,15742.9,-2132.86,2026/01/29 20:00:20
2570,279.99,15742.2,-2134.21,2026/01/29 20:00:20
2571,280.1,15738.1,-2134.88,2026/01/29 20:00:20
2572,280.21,15727.3,-2137.83,2026/01/29 20:00:21
2573,280.32,15736.7,-2131.85,2026/01/29 20:00:21
2574,280.43,15740.1,-2135.27,2026/01/29 20:00:21
2575,280.54,15744.7,-2131.47,2026/01/29 20:00:21
2576,280.64,15740.4,-2136.48,2026/01/29 20:00:21
2577,280.75,15731.6,-2136.15,2026/01/29 20:00:21
2578,280.86,15733.6,-2134.8,2026/01/29 20:00:21
2579,280.97,15740.6,-2133.3,2026/01/29 20:00:21
2580,281.08,15744.1,-2132.75,2026/01/29 20:00:21
2581,281.19,15740.8,-2135.36,2026/01/29 20:00:22
2582,281.3,15734.7,-2136.53,2026/01/29 20:00:22
2583,281.41,15730.2,-2134.84,2026/01/29 20:00:22
2584,281.52,15745.4,-2133.07,2026/01/29 20:00:22
2585,281.63,15740.8,-2135.66,2026/01/29 20:00:22
2586,281.73,15742.2,-2134.17,2026/01/29 20:00:22
2587,281.84,15731.8,-2137.48,2026/01/29 20:00:22
2588,281.95,15732.1,-2135.52,2026/01/29 20:00:22
2589,282.06,15738.1,-2134.72,2026/01/29 20:00:22
2590,282.17,15742.3,-2134.49,2026/01/29 20:00:23
2591,282.28,15741.8,-2134.6,2026/01/29 20:00:23
2592,282.39,15731.9,-2136.65,2026/01/29 20:00:23
2593,282.5,15733.4,-2136.83,2026/01/29 20:00:23
2594,282.61,15736.1,-2133.43,2026/01/29 20:00:23
2595,282.71,15744.9,-2134.46,2026/01/29 20:00:23
2596,282.82,15741.9,-2134.97,2026/01/29 20:00:23
2597,282.93,15733.9,-2135.22,2026/01/29 20:00:23
2598,283.04,15731.3,-2137.32,2026/01/29 20:00:23
2599,283.15,15733.6,-2135.91,2026/01/29 20:00:24
2600,283.26,15745.4,-2132.72,2026/01/29 20:00:24
2601,283.37,15742.4,-2137.68,2026/01/29 20:00:24
2602,283.48,15736.3,-2133.73,2026/01/29 20:00:24
2603,283.59,15727.8,-2137.55,2026/01/29 20:00:24
2604,283.69,15730.5,-2136.69,2026/01/29 20:00:24
2605,283.8,15736.9,-2134.84,2026/01/29 20:00:24
2606,283.91,15742.7,-2136.27,2026/01/29 20:00:24
2607,284.02,15740.1,-2134.11,2026/01/29 20:00:24
2608,284.13,15726.7,-2137.79,2026/01/29 20:00:24
2609,284.24,15734.8,-2135.13,2026/01/29 20:00:25
2610,284.35,15732.5,-2137.16,2026/01/29 20:00:25
2611,284.46,15745.2,-2131.4,2026/01/29 20:00:25
2612,284.57,15742.8,-2136.76,2026/01/29 20:00:25
2613,284.68,15736.9,-2134.67,2026/01/29 20:00:25
2614,284.79,15732.6,-2137.28,2026/01/29 20:00:25
2615,284.89,15734.7,-2135.76,2026/01/29 20:00:25
2616,285,15745.2,-2133.05,2026/01/29 20:00:25
2617,285.11,15743,-2135.46,2026/01/29 20:00:25
2618,285.22,15744.1,-2135.78,2026/01/29 20:00:26
2619,285.33,15729.3,-2137.49,2026/01/29 20:00:26
2620,285.44,15737.6,-2134.55,2026/01/29 20:00:26
2621,285.55,15742.1,-2134.65,2026/01/29 20:00:26
2622,285.66,15745.7,-2133.82,2026/01/29 20:00:26
2623,285.77,15739.2,-2135.38,2026/01/29 20:00:26
2624,285.88,15727.7,-2137.84,2026/01/29 20:00:26
2625,285.98,15732.5,-2137.59,2026/01/29 20:00:26
2626,286.09,15736.5,-2136.25,2026/01/29 20:00:26
2627,286.2,15745.1,-2135.37,2026/01/29 20:00:27
2628,286.31,15741.9,-2133.87,2026/01/29 20:00:27
2629,286.42,15734.7,-2138.41,2026/01/29 20:00:27
2630,286.53,15731.6,-2135.23,2026/01/29 20:00:27
2631,286.64,15739.6,-2134.5,2026/01/29 20:00:27
2632,286.75,15746.8,-2133.92,2026/01/29 20:00:27
2633,286.86,15746.3,-2134.49,2026/01/29 20:00:27
2634,286.96,15742.7,-2135.64,2026/01/29 20:00:27
2635,287.07,15730.2,-2139.3,2026/01/29 20:00:27
2636,287.18,15736.8,-2133.97,2026/01/29 20:00:28
2637,287.29,15742.8,-2135.52,2026/01/29 20:00:28
2638,287.4,15747.2,-2134.44,2026/01/29 20:00:28
2639,287.51,15742,-2135.68,2026/01/29 20:00:28
2640,287.62,15732.1,-2138.05,2026/01/29 20:00:28
2641,287.73,15733.7,-2135.09,2026/01/29 20:00:28
2642,287.84,15739.7,-2133.4,2026/01/29 20:00:28
2643,287.95,15748.7,-2133.55,2026/01/29 20:00:28
2644,288.06,15747.1,-2134.6,2026/01/29 20:00:28
2645,288.17,15742.5,-2135.18,2026/01/29 20:00:29
2646,288.27,15729.4,-2139.66,2026/01/29 20:00:29
2647,288.38,15738.2,-2132.18,2026/01/29 20:00:29
2648,288.49,15742,-2135.84,2026/01/29 20:00:29
2649,288.6,15749.7,-2132.56,2026/01/29 20:00:29
2650,288.71,15747.9,-2135.51,2026/01/29 20:00:29
2651,288.82,15739,-2136.19,2026/01/29 20:00:29
2652,288.93,15734.3,-2137.5,2026/01/29 20:00:29
2653,289.04,15738.5,-2135.94,2026/01/29 20:00:29
2654,289.15,15746.6,-2133.04,2026/01/29 20:00:30
2655,289.25,15747.5,-2134.38,2026/01/29 20:00:30
2656,289.36,15750.7,-2134.51,2026/01/29 20:00:30
2657,289.47,15733.9,-2138.36,2026/01/29 20:00:30
2658,289.58,15737.2,-2136.84,2026/01/29 20:00:30
2659,289.69,15738.9,-2135.87,2026/01/29 20:00:30
2660,289.8,15742.7,-2132.93,2026/01/29 20:00:30
2661,289.91,15750.3,-2132.31,2026/01/29 20:00:30
2662,290.02,15751,-2134.35,2026/01/29 20:00:30
2663,290.13,15748.5,-2135.82,2026/01/29 20:00:30
2664,290.24,15742.1,-2136.54,2026/01/29 20:00:31
2665,290.34,15736.4,-2138.96,2026/01/29 20:00:31
2666,290.45,15737.7,-2134.16,2026/01/29 20:00:31
2667,290.56,15746.6,-2135.65,2026/01/29 20:00:31
2668,290.67,15749.8,-2133.15,2026/01/29 20:00:31
2669,290.78,15751.7,-2135.09,2026/01/29 20:00:31
2670,290.89,15747.1,-2136.21,2026/01/29 20:00:31
2671,291,15740.6,-2135.52,2026/01/29 20:00:31
2672,291.11,15738.2,-2138.77,2026/01/29 20:00:31
2673,291.22,15740.1,-2135.86,2026/01/29 20:00:32
2674,291.33,15747.5,-2132.45,2026/01/29 20:00:32
2675,291.43,15753.5,-2134.86,2026/01/29 20:00:32
2676,291.54,15752.4,-2134.79,2026/01/29 20:00:32
2677,291.65,15745.7,-2135.92,2026/01/29 20:00:32
2678,291.76,15737.2,-2139.15,2026/01/29 20:00:32
2679,291.87,15738.9,-2136.15,2026/01/29 20:00:32
2680,291.98,15744.4,-2135.74,2026/01/29 20:00:32
2681,292.09,15752.7,-2133.12,2026/01/29 20:00:32
2682,292.2,15749.8,-2136.25,2026/01/29 20:00:33
2683,292.31,15745,-2135.46,2026/01/29 20:00:33
2684,292.42,15734.2,-2140.16,2026/01/29 20:00:33
2685,292.52,15743.8,-2133.42,2026/01/29 20:00:33
2686,292.63,15742.9,-2138.06,2026/01/29 20:00:33
2687,292.74,15748.8,-2133.04,2026/01/29 20:00:33
2688,292.85,15753.1,-2135.06,2026/01/29 20:00:33
2689,292.96,15748.8,-2136.37,2026/01/29 20:00:33
2690,293.07,15742.9,-2135.02,2026/01/29 20:00:33
2691,293.18,15734.9,-2139.1,2026/01/29 20:00:34
2692,293.29,15740.1,-2137.37,2026/01/29 20:00:34
2693,293.4,15742.3,-2134.6,2026/01/29 20:00:34
2694,293.51,15754.9,-2135.07,2026/01/29 20:00:34
2695,293.62,15750.4,-2135.15,2026/01/29 20:00:34
2696,293.72,15746.2,-2135.39,2026/01/29 20:00:34
2697,293.83,15736.1,-2139.02,2026/01/29 20:00:34
2698,293.94,15739.7,-2137.06,2026/01/29 20:00:34
2699,294.05,15745.1,-2135.6,2026/01/29 20:00:34
2700,294.16,15749.3,-2133.97,2026/01/29 20:00:35
2701,294.27,15756.6,-2133.33,2026/01/29 20:00:35
2702,294.38,15752.5,-2136.12,2026/01/29 20:00:35
2703,294.49,15725.7,-2124.43,2026/01/29 20:00:35
2704,294.6,15728.7,-2133.45,2026/01/29 20:00:35
2705,294.71,15737.4,-2137.87,2026/01/29 20:00:35
2706,294.81,15740,-2135.06,2026/01/29 20:00:35
2707,294.92,15750.9,-2133.69,2026/01/29 20:00:35
2708,295.03,15750.5,-2134.61,2026/01/29 20:00:35
2709,295.14,15736.4,-2128.37,2026/01/29 20:00:36
2710,295.25,15729.4,-2130.19,2026/01/29 20:00:36
2711,295.36,15734.4,-2138.69,2026/01/29 20:00:36
2712,295.47,15743.7,-2134.86,2026/01/29 20:00:36
2713,295.58,15747.6,-2135.48,2026/01/29 20:00:36
2714,295.69,15752.6,-2133.21,2026/01/29 20:00:36
2715,295.8,15740,-2132.1,2026/01/29 20:00:36
2716,295.91,15730.2,-2126.47,2026/01/29 20:00:36
2717,296.01,15733.1,-2137.09,2026/01/29 20:00:36
2718,296.12,15738.8,-2137.97,2026/01/29 20:00:36
2719,296.23,15745.4,-2134.69,2026/01/29 20:00:37
2720,296.34,15751.5,-2134.84,2026/01/29 20:00:37
2721,296.45,15754.4,-2134.75,2026/01/29 20:00:37
2722,296.56,15723.6,-2125.96,2026/01/29 20:00:37
2723,296.67,15737.3,-2135.49,2026/01/29 20:00:37
2724,296.78,15736.6,-2138.2,2026/01/29 20:00:37
2725,296.89,15746.4,-2134.59,2026/01/29 20:00:37
2726,296.99,15751.2,-2135.53,2026/01/29 20:00:37
2727,297.1,15754,-2134.76,2026/01/29 20:00:37
2728,297.21,15739,-2127.64,2026/01/29 20:00:38
2729,297.32,15722.1,-2126.46,2026/01/29 20:00:38
2730,297.43,15737.4,-2137.17,2026/01/29 20:00:38
2731,297.54,15741.7,-2136.09,2026/01/29 20:00:38
2732,297.65,15747.2,-2137.24,2026/01/29 20:00:38
2733,297.76,15748,-2133.59,2026/01/29 20:00:38
2734,297.87,15756.9,-2135.26,2026/01/29 20:00:38
2735,297.98,15744.3,-2131.1,2026/01/29 20:00:38
2736,298.08,15729.6,-2126.01,2026/01/29 20:00:38
2737,298.19,15738.1,-2138.5,2026/01/29 20:00:39
2738,298.3,15741.8,-2136.43,2026/01/29 20:00:39
2739,298.41,15750.4,-2134.39,2026/01/29 20:00:39
2740,298.52,15754.3,-2135.3,2026/01/29 20:00:39
2741,298.63,15756.8,-2133.13,2026/01/29 20:00:39
2742,298.74,15733.5,-2126.34,2026/01/29 20:00:39
2743,298.85,15733.1,-2132.85,2026/01/29 20:00:39
2744,298.96,15741.8,-2137.23,2026/01/29 20:00:39
2745,299.07,15746.6,-2136.55,2026/01/29 20:00:39
2746,299.17,15752.7,-2134.5,2026/01/29 20:00:40
2747,299.28,15756,-2135.45,2026/01/29 20:00:40
2748,299.39,15750.1,-2131.39,2026/01/29 20:00:40
2749,299.5,15725.5,-2125.63,2026/01/29 20:00:40
2750,299.61,15743.1,-2135.45,2026/01/29 20:00:40
2751,299.72,15742.9,-2136.94,2026/01/29 20:00:40
2752,299.83,15755.6,-2132.65,2026/01/29 20:00:40
2753,299.94,15759.7,-2134.03,2026/01/29 20:00:40
2754,300.05,15762.2,-2133.14,2026/01/29 20:00:40
2755,300.16,15741.8,-2127.35,2026/01/29 20:00:41
2756,300.26,15730,-2130.21,2026/01/29 20:00:41
2757,300.37,15743.2,-2137.32,2026/01/29 20:00:41
2758,300.49,15750.2,-2136.78,2026/01/29 20:00:41
2759,300.59,15760.4,-2132.95,2026/01/29 20:00:41
2760,300.7,15760.5,-2133.47,2026/01/29 20:00:41
2761,300.81,15755.6,-2132.13,2026/01/29 20:00:41
2762,300.92,15723.9,-2121.45,2026/01/29 20:00:41
2763,301.03,15744.2,-2138.02,2026/01/29 20:00:41
2764,301.14,15746.2,-2136.61,2026/01/29 20:00:42
2765,301.25,15755.4,-2134.5,2026/01/29 20:00:42
2766,301.36,15758,-2134.63,2026/01/29 20:00:42
2767,301.47,15760.9,-2135.13,2026/01/29 20:00:42
2768,301.58,15741.3,-2127.1,2026/01/29 20:00:42
2769,301.68,15739.8,-2136.37,2026/01/29 20:00:42
2770,301.79,15748,-2136.84,2026/01/29 20:00:42
2771,301.9,15752.5,-2135.69,2026/01/29 20:00:42
2772,302.01,15756.2,-2135.58,2026/01/29 20:00:42
2773,302.12,15761,-2133.67,2026/01/29 20:00:42
2774,302.23,15761.6,-2134.92,2026/01/29 20:00:43
2775,302.34,15751.7,-2134.77,2026/01/29 20:00:43
2776,302.45,15755.5,-2133.99,2026/01/29 20:00:43
2777,302.55,15760.2,-2132.96,2026/01/29 20:00:43
2778,302.66,15762,-2132.72,2026/01/29 20:00:43
2779,302.77,15769.6,-2131.25,2026/01/29 20:00:43
2780,302.88,15759.6,-2135.61,2026/01/29 20:00:43
2781,302.99,15756.3,-2132.18,2026/01/29 20:00:43
2782,303.1,15757.6,-2135.7,2026/01/29 20:00:43
2783,303.21,15761.3,-2132,2026/01/29 20:00:44
2784,303.32,15768.8,-2131.89,2026/01/29 20:00:44
2785,303.43,15765.5,-2133.59,2026/01/29 20:00:44
2786,303.54,15763.3,-2131.74,2026/01/29 20:00:44
2787,303.65,15755.3,-2135.96,2026/01/29 20:00:44
2788,303.75,15761.3,-2133.79,2026/01/29 20:00:44
2789,303.86,15760.1,-2132.85,2026/01/29 20:00:44
2790,303.97,15771.6,-2132.07,2026/01/29 20:00:44
2791,304.08,15764.5,-2133.51,2026/01/29 20:00:44
2792,304.19,15762.4,-2132.11,2026/01/29 20:00:45
2793,304.3,15756.4,-2136.04,2026/01/29 20:00:45
2794,304.41,15759.7,-2133.69,2026/01/29 20:00:45
2795,304.52,15764.6,-2132.84,2026/01/29 20:00:45
2796,304.63,15767.8,-2131.47,2026/01/29 20:00:45
2797,304.74,15771.6,-2130.98,2026/01/29 20:00:45
2798,304.84,15766.9,-2133.09,2026/01/29 20:00:45
2799,304.95,15759.4,-2135.38,2026/01/29 20:00:45
2800,305.06,15758.7,-2133.77,2026/01/29 20:00:45
2801,305.17,15764.6,-2134.42,2026/01/29 20:00:46
2802,305.28,15767.6,-2131.57,2026/01/29 20:00:46
2803,305.39,15770.2,-2132.67,2026/01/29 20:00:46
2804,305.5,15765.3,-2131.39,2026/01/29 20:00:46
2805,305.61,15755.7,-2136.67,2026/01/29 20:00:46
2806,305.72,15766.4,-2131.99,2026/01/29 20:00:46
2807,305.82,15762.1,-2135.71,2026/01/29 20:00:46
2808,305.93,15772.3,-2129.96,2026/01/29 20:00:46
2809,306.04,15770.1,-2136.11,2026/01/29 20:00:46
2810,306.15,15766.5,-2130.21,2026/01/29 20:00:47
2811,306.26,15760.9,-2135.72,2026/01/29 20:00:47
2812,306.37,15765,-2133.29,2026/01/29 20:00:47
2813,306.48,15769.1,-2131.61,2026/01/29 20:00:47
2814,306.59,15772.3,-2132.45,2026/01/29 20:00:47
2815,306.7,15772.9,-2132.7,2026/01/29 20:00:47
2816,306.81,15763.8,-2132.13,2026/01/29 20:00:47
2817,306.91,15764.1,-2136.59,2026/01/29 20:00:47
2818,307.02,15762.6,-2133.31,2026/01/29 20:00:47
2819,307.13,15769.2,-2133.39,2026/01/29 20:00:47
2820,307.24,15773.4,-2132.77,2026/01/29 20:00:48
2821,307.35,15772,-2132.35,2026/01/29 20:00:48
2822,307.46,15769.1,-2132.57,2026/01/29 20:00:48
2823,307.57,15759.2,-2132.68,2026/01/29 20:00:48
2824,307.68,15760.9,-2135.35,2026/01/29 20:00:48
2825,307.79,15765.5,-2134.55,2026/01/29 20:00:48
2826,307.9,15771.7,-2131.45,2026/01/29 20:00:48
2827,308,15776.5,-2133.6,2026/01/29 20:00:48
2828,308.11,15772.5,-2133.14,2026/01/29 20:00:48
2829,308.22,15766.6,-2133.16,2026/01/29 20:00:49
2830,308.33,15763.9,-2136.27,2026/01/29 20:00:49
2831,308.44,15765.5,-2134.69,2026/01/29 20:00:49
2832,308.55,15769.1,-2135.01,2026/01/29 20:00:49
2833,308.66,15777.8,-2132.91,2026/01/29 20:00:49
2834,308.77,15768.2,-2133.25,2026/01/29 20:00:49
2835,308.88,15760.2,-2127.87,2026/01/29 20:00:49
2836,308.99,15753.9,-2138.99,2026/01/29 20:00:49
2837,309.09,15763.6,-2134.96,2026/01/29 20:00:49
2838,309.2,15766.7,-2135.96,2026/01/29 20:00:50
2839,309.31,15776.9,-2132.5,2026/01/29 20:00:50
2840,309.42,15774.5,-2133.73,2026/01/29 20:00:50
2841,309.53,15762.1,-2131.87,2026/01/29 20:00:50
2842,309.64,15760.5,-2137.14,2026/01/29 20:00:50
2843,309.75,15763.3,-2136.85,2026/01/29 20:00:50
2844,309.86,15768.7,-2134.21,2026/01/29 20:00:50
2845,309.97,15777,-2132.49,2026/01/29 20:00:50
2846,310.08,15775.3,-2134.55,2026/01/29 20:00:50
2847,310.18,15762.1,-2130.74,2026/01/29 20:00:51
2848,310.29,15759.3,-2136.85,2026/01/29 20:00:51
2849,310.4,15761.9,-2136.54,2026/01/29 20:00:51
2850,310.51,15768.4,-2134.7,2026/01/29 20:00:51
2851,310.62,15775.4,-2133.52,2026/01/29 20:00:51
2852,310.73,15773.5,-2134.79,2026/01/29 20:00:51
2853,310.84,15769.1,-2133.08,2026/01/29 20:00:51
2854,310.95,15761.4,-2137.74,2026/01/29 20:00:51
2855,311.06,15772.4,-2132.44,2026/01/29 20:00:51
2856,311.17,15768.8,-2137.1,2026/01/29 20:00:52
2857,311.28,15779.8,-2130.96,2026/01/29 20:00:52
2858,311.38,15773.4,-2133.69,2026/01/29 20:00:52
2859,311.49,15761.2,-2131.01,2026/01/29 20:00:52
2860,311.6,15764.2,-2136.5,2026/01/29 20:00:52
2861,311.71,15768.7,-2134.09,2026/01/29 20:00:52
2862,311.82,15778.1,-2132.74,2026/01/29 20:00:52
2863,311.93,15780.4,-2133.66,2026/01/29 20:00:52
2864,312.04,15772.3,-2132.59,2026/01/29 20:00:52
2865,312.15,15760.3,-2132.51,2026/01/29 20:00:53
2866,312.26,15764.2,-2138.02,2026/01/29 20:00:53
2867,312.37,15769.2,-2133.58,2026/01/29 20:00:53
2868,312.48,15777.4,-2134.01,2026/01/29 20:00:53
2869,312.58,15779.5,-2132.83,2026/01/29 20:00:53
2870,312.69,15772.3,-2132.54,2026/01/29 20:00:53
2871,312.8,15763.5,-2133.77,2026/01/29 20:00:53
2872,312.91,15765,-2136.64,2026/01/29 20:00:53
2873,313.02,15773.7,-2133.47,2026/01/29 20:00:53
2874,313.13,15778.1,-2133.6,2026/01/29 20:00:53
2875,313.24,15782.4,-2132.22,2026/01/29 20:00:54
2876,313.35,15769.2,-2134.39,2026/01/29 20:00:54
2877,313.46,15768.8,-2134.52,2026/01/29 20:00:54
2878,313.57,15767.3,-2137.25,2026/01/29 20:00:54
2879,313.68,15776.4,-2132.36,2026/01/29 20:00:54
2880,313.79,15779.7,-2134.42,2026/01/29 20:00:54
2881,313.9,15776.2,-2131.41,2026/01/29 20:00:54
2882,314,15762.8,-2131.43,2026/01/29 20:00:54
2883,314.11,15762.5,-2137.44,2026/01/29 20:00:54
2884,314.22,15770.9,-2135.91,2026/01/29 20:00:55
2885,314.33,15775.1,-2135.33,2026/01/29 20:00:55
2886,314.44,15780.4,-2133.78,2026/01/29 20:00:55
2887,314.55,15773.2,-2133.29,2026/01/29 20:00:55
2888,314.66,15764.6,-2135.28,2026/01/29 20:00:55
2889,314.77,15769.2,-2136.55,2026/01/29 20:00:55
2890,314.88,15774.2,-2134.98,2026/01/29 20:00:55
2891,314.98,15781.9,-2133,2026/01/29 20:00:55
2892,315.09,15779.8,-2133.71,2026/01/29 20:00:55
2893,315.2,15779.6,-2131.63,2026/01/29 20:00:56
2894,315.31,15769.4,-2136.29,2026/01/29 20:00:56
2895,315.42,15776,-2134.38,2026/01/29 20:00:56
2896,315.53,15776.4,-2133.42,2026/01/29 20:00:56
2897,315.64,15787.1,-2133.89,2026/01/29 20:00:56
2898,315.75,15781.2,-2131.43,2026/01/29 20:00:56
2899,315.86,15781.4,-2133.13,2026/01/29 20:00:56
2900,315.97,15771.5,-2135.6,2026/01/29 20:00:56
2901,316.07,15776.8,-2134.85,2026/01/29 20:00:56
2902,316.18,15781.7,-2132.56,2026/01/29 20:00:57
2903,316.29,15784.9,-2133.54,2026/01/29 20:00:57
2904,316.4,15787.2,-2132.28,2026/01/29 20:00:57
2905,316.51,15774,-2134.89,2026/01/29 20:00:57
2906,316.62,15777.4,-2135.33,2026/01/29 20:00:57
2907,316.73,15776.3,-2134.88,2026/01/29 20:00:57
2908,316.84,15785.3,-2132.57,2026/01/29 20:00:57
2909,316.95,15786.8,-2134.03,2026/01/29 20:00:57
2910,317.05,15783.8,-2133.03,2026/01/29 20:00:57
2911,317.16,15774.8,-2136.13,2026/01/29 20:00:58
2912,317.27,15776.3,-2134.92,2026/01/29 20:00:58
2913,317.38,15782.3,-2133.05,2026/01/29 20:00:58
2914,317.49,15786,-2132.89,2026/01/29 20:00:58
2915,317.6,15791.2,-2131.01,2026/01/29 20:00:58
2916,317.71,15784.3,-2134.56,2026/01/29 20:00:58
2917,317.82,15779,-2132.31,2026/01/29 20:00:58
2918,317.93,15779.8,-2135.87,2026/01/29 20:00:58
2919,318.04,15784.5,-2132.14,2026/01/29 20:00:58
2920,318.15,15789.6,-2134.03,2026/01/29 20:00:59
2921,318.25,15785.7,-2132.69,2026/01/29 20:00:59
2922,318.36,15779.9,-2134.69,2026/01/29 20:00:59
2923,318.47,15776.2,-2136.33,2026/01/29 20:00:59
2924,318.58,15782.1,-2134.21,2026/01/29 20:00:59
2925,318.69,15784.5,-2134.63,2026/01/29 20:00:59
2926,318.8,15789.9,-2132.87,2026/01/29 20:00:59
2927,318.91,15785.3,-2133.64,2026/01/29 20:00:59
2928,319.02,15776.7,-2135.65,2026/01/29 20:00:59
2929,319.12,15780.1,-2135.41,2026/01/29 20:00:59
2930,319.24,15781.7,-2134.59,2026/01/29 20:01:00
2931,319.34,15791.6,-2132.6,2026/01/29 20:01:00
2932,319.45,15786.9,-2134.2,2026/01/29 20:01:00
2933,319.56,15781.8,-2132.55,2026/01/29 20:01:00
2934,319.67,15775.2,-2136.77,2026/01/29 20:01:00
2935,319.78,15782.3,-2136.04,2026/01/29 20:01:00
2936,319.89,15787.4,-2132.94,2026/01/29 20:01:00
2937,320,15789.3,-2134.5,2026/01/29 20:01:00
2938,320.11,15784.1,-2132.26,2026/01/29 20:01:00
2939,320.21,15774.4,-2138.38,2026/01/29 20:01:01
2940,320.32,15781.1,-2134.8,2026/01/29 20:01:01
2941,320.43,15782.1,-2135.4,2026/01/29 20:01:01
2942,320.54,15792.8,-2133.73,2026/01/29 20:01:01
2943,320.65,15787.1,-2132.83,2026/01/29 20:01:01
2944,320.76,15784.5,-2135.11,2026/01/29 20:01:01
2945,320.87,15777.1,-2135.77,2026/01/29 20:01:01
2946,320.98,15783.6,-2135.43,2026/01/29 20:01:01
2947,321.09,15785.1,-2133.61,2026/01/29 20:01:01
2948,321.2,15793.1,-2134.42,2026/01/29 20:01:02
2949,321.3,15789.5,-2133.15,2026/01/29 20:01:02
2950,321.41,15782.6,-2135.12,2026/01/29 20:01:02
2951,321.52,15780.2,-2136.02,2026/01/29 20:01:02
2952,321.63,15782.2,-2135.03,2026/01/29 20:01:02
2953,321.74,15795.3,-2132.63,2026/01/29 20:01:02
2954,321.85,15791.6,-2132.83,2026/01/29 20:01:02
2955,321.96,15793.4,-2133.22,2026/01/29 20:01:02
2956,322.07,15785.4,-2133.68,2026/01/29 20:01:02
2957,322.18,15782.2,-2136.25,2026/01/29 20:01:03
2958,322.28,15786.2,-2133.41,2026/01/29 20:01:03
2959,322.39,15795,-2133.68,2026/01/29 20:01:03
2960,322.5,15793.1,-2132.99,2026/01/29 20:01:03
2961,322.61,15787.1,-2134.84,2026/01/29 20:01:03
2962,322.72,15782.8,-2135.57,2026/01/29 20:01:03
2963,322.83,15781.9,-2136.21,2026/01/29 20:01:03
2964,322.94,15791.4,-2133.68,2026/01/29 20:01:03
2965,323.05,15791.4,-2133,2026/01/29 20:01:03
2966,323.16,15799.3,-2133.47,2026/01/29 20:01:04
2967,323.27,15790.6,-2133.06,2026/01/29 20:01:04
2968,323.38,15786.3,-2134.32,2026/01/29 20:01:04
2969,323.48,15782.6,-2137.05,2026/01/29 20:01:04
2970,323.59,15788.8,-2135.26,2026/01/29 20:01:04
2971,323.7,15795.8,-2132.81,2026/01/29 20:01:04
2972,323.81,15796,-2133.63,2026/01/29 20:01:04
2973,323.92,15797.6,-2133.67,2026/01/29 20:01:04
2974,324.03,15780,-2132.63,2026/01/29 20:01:04
2975,324.14,15785,-2137.48,2026/01/29 20:01:05
2976,324.25,15788.6,-2134.07,2026/01/29 20:01:05
2977,324.36,15796.3,-2134.23,2026/01/29 20:01:05
2978,324.47,15799.7,-2132.67,2026/01/29 20:01:05
2979,324.57,15793.7,-2134.52,2026/01/29 20:01:05
2980,324.68,15776.3,-2128.51,2026/01/29 20:01:05
2981,324.79,15777.7,-2139.12,2026/01/29 20:01:05
2982,324.9,15791,-2135.03,2026/01/29 20:01:05
2983,325.01,15791.2,-2134.49,2026/01/29 20:01:05
2984,325.12,15802.3,-2134.55,2026/01/29 20:01:05
2985,325.23,15794.3,-2133.68,2026/01/29 20:01:06
2986,325.34,15785.5,-2134.03,2026/01/29 20:01:06
2987,325.45,15782.5,-2137.62,2026/01/29 20:01:06
2988,325.56,15791.7,-2135.93,2026/01/29 20:01:06
2989,325.66,15796.5,-2134.31,2026/01/29 20:01:06
2990,325.77,15800.6,-2135.37,2026/01/29 20:01:06
2991,325.88,15798.3,-2134.09,2026/01/29 20:01:06
2992,325.99,15788.8,-2134.47,2026/01/29 20:01:06
2993,326.1,15789.6,-2137.27,2026/01/29 20:01:06
2994,326.21,15797.6,-2134.19,2026/01/29 20:01:07
2995,326.32,15804.2,-2134.08,2026/01/29 20:01:07
2996,326.43,15807.2,-2133.85,2026/01/29 20:01:07
2997,326.54,15799.7,-2133.38,2026/01/29 20:01:07
2998,326.65,15792.7,-2136.32,2026/01/29 20:01:07
2999,326.76,15798.9,-2134.63,2026/01/29 20:01:07
3000,326.86,15805.6,-2134.12,2026/01/29 20:01:07
3001,326.97,15808.8,-2134.38,2026/01/29 20:01:07
3002,327.08,15809,-2133.18,2026/01/29 20:01:07
3003,327.19,15801.6,-2134.56,2026/01/29 20:01:08
3004,327.3,15799.1,-2135.45,2026/01/29 20:01:08
3005,327.41,15803.6,-2136.9,2026/01/29 20:01:08
3006,327.52,15808.8,-2132.11,2026/01/29 20:01:08
3007,327.63,15810.6,-2136.23,2026/01/29 20:01:08
3008,327.74,15806.4,-2132.61,2026/01/29 20:01:08
3009,327.85,15800.3,-2136.91,2026/01/29 20:01:08
3010,327.95,15805.8,-2135.35,2026/01/29 20:01:08
3011,328.06,15809.1,-2135.44,2026/01/29 20:01:08
3012,328.17,15814.5,-2133.7,2026/01/29 20:01:09
3013,328.28,15812.8,-2133.82,2026/01/29 20:01:09
3014,328.39,15802.3,-2135.58,2026/01/29 20:01:09
3015,328.5,15808.5,-2134.49,2026/01/29 20:01:09
3016,328.61,15807,-2135.31,2026/01/29 20:01:09
3017,328.72,15817.8,-2133.83,2026/01/29 20:01:09
3018,328.83,15814,-2133.76,2026/01/29 20:01:09
3019,328.94,15811.3,-2133.69,2026/01/29 20:01:09
3020,329.04,15803.4,-2135.81,2026/01/29 20:01:09
3021,329.15,15811.9,-2135.92,2026/01/29 20:01:10
3022,329.26,15817.4,-2133.71,2026/01/29 20:01:10
3023,329.37,15819.6,-2135.48,2026/01/29 20:01:10
3024,329.48,15816.8,-2134.08,2026/01/29 20:01:10
3025,329.59,15810.1,-2133.64,2026/01/29 20:01:10
3026,329.7,15809.2,-2138.49,2026/01/29 20:01:10
3027,329.81,15817.1,-2135.83,2026/01/29 20:01:10
3028,329.92,15823.2,-2134.71,2026/01/29 20:01:10
3029,330.03,15823.2,-2135.97,2026/01/29 20:01:10
3030,330.13,15817.5,-2133.23,2026/01/29 20:01:10
3031,330.24,15813.1,-2137.61,2026/01/29 20:01:11
3032,330.35,15817,-2136.36,2026/01/29 20:01:11
3033,330.46,15824.3,-2136.04,2026/01/29 20:01:11
3034,330.57,15825.4,-2136.35,2026/01/29 20:01:11
3035,330.68,15818.9,-2130.96,2026/01/29 20:01:11
3036,330.79,15801.1,-2136.24,2026/01/29 20:01:11
3037,330.9,15815.9,-2136.17,2026/01/29 20:01:11
3038,331.01,15819.2,-2137.54,2026/01/29 20:01:11
3039,331.12,15829.6,-2135.58,2026/01/29 20:01:11
3040,331.22,15823.6,-2135.75,2026/01/29 20:01:12
3041,331.33,15810.8,-2133.25,2026/01/29 20:01:12
3042,331.44,15812.2,-2137.85,2026/01/29 20:01:12
3043,331.55,15820.3,-2138.6,2026/01/29 20:01:12
3044,331.66,15826.9,-2136.14,2026/01/29 20:01:12
3045,331.77,15828.8,-2135.97,2026/01/29 20:01:12
3046,331.88,15825.9,-2135.45,2026/01/29 20:01:12
3047,331.99,15812.5,-2132.24,2026/01/29 20:01:12
3048,332.1,15817.3,-2138.05,2026/01/29 20:01:12
3049,332.21,15826.4,-2138.31,2026/01/29 20:01:13
3050,332.31,15830.7,-2134.64,2026/01/29 20:01:13
3051,332.42,15833.2,-2136.71,2026/01/29 20:01:13
3052,332.53,15817.1,-2133.09,2026/01/29 20:01:13
3053,332.64,15816.5,-2137.94,2026/01/29 20:01:13
3054,332.75,15825.3,-2136.7,2026/01/29 20:01:13
3055,332.86,15831.2,-2135.44,2026/01/29 20:01:13
3056,332.97,15825.2,-2136.95,2026/01/29 20:01:13
3057,333.08,15831.9,-2134.44,2026/01/29 20:01:13
3058,333.19,15824.3,-2135.54,2026/01/29 20:01:14
3059,333.29,15830.3,-2135.43,2026/01/29 20:01:14
3060,333.4,15824.9,-2134.01,2026/01/29 20:01:14
3061,333.51,15827.6,-2135.17,2026/01/29 20:01:14
3062,333.62,15826.3,-2134.54,2026/01/29 20:01:14
3063,333.73,15825.9,-2135.45,2026/01/29 20:01:14
3064,333.84,15828.2,-2133.77,2026/01/29 20:01:14
3065,333.95,15825.1,-2135.35,2026/01/29 20:01:14
3066,334.06,15827.6,-2134.87,2026/01/29 20:01:14
3067,334.17,15825.6,-2135.73,2026/01/29 20:01:15
3068,334.28,15827.8,-2133.82,2026/01/29 20:01:15
3069,334.39,15824.8,-2137.7,2026/01/29 20:01:15
3070,334.5,15828.5,-2132.76,2026/01/29 20:01:15
3071,334.6,15825,-2135.72,2026/01/29 20:01:15
3072,334.71,15827.2,-2134.52,2026/01/29 20:01:15
3073,334.82,15826.1,-2134.51,2026/01/29 20:01:15
3074,334.93,15826.7,-2135.39,2026/01/29 20:01:15
3075,335.04,15827.5,-2134.12,2026/01/29 20:01:15
3076,335.15,15825.4,-2135.72,2026/01/29 20:01:16
3077,335.26,15827.7,-2135.06,2026/01/29 20:01:16
3078,335.37,15826.3,-2134.83,2026/01/29 20:01:16
3079,335.48,15826.6,-2135.46,2026/01/29 20:01:16
3080,335.58,15826.3,-2136.5,2026/01/29 20:01:16
3081,335.69,15827.2,-2133.51,2026/01/29 20:01:16
3082,335.8,15825.9,-2136.16,2026/01/29 20:01:16
3083,335.91,15827,-2134.43,2026/01/29 20:01:16
3084,336.02,15825.6,-2136.11,2026/01/29 20:01:16
3085,336.13,15826.8,-2134.81,2026/01/29 20:01:16
3086,336.24,15826.6,-2135.82,2026/01/29 20:01:17
3087,336.35,15825.6,-2135.47,2026/01/29 20:01:17
3088,336.46,15828.4,-2135,2026/01/29 20:01:17
3089,336.57,15824.6,-2135.43,2026/01/29 20:01:17
3090,336.67,15827.9,-2135.62,2026/01/29 20:01:17
3091,336.78,15826,-2134.44,2026/01/29 20:01:17
3092,336.89,15826.7,-2135.26,2026/01/29 20:01:17
3093,337,15826.2,-2136.3,2026/01/29 20:01:17
3094,337.11,15826.6,-2134.28,2026/01/29 20:01:17
3095,337.22,15826,-2135.88,2026/01/29 20:01:18
3096,337.33,15826,-2134.93,2026/01/29 20:01:18
3097,337.44,15826.8,-2135.64,2026/01/29 20:01:18
3098,337.55,15824.9,-2135.55,2026/01/29 20:01:18
3099,337.66,15828.9,-2133.93,2026/01/29 20:01:18
3100,337.77,15823.3,-2135.79,2026/01/29 20:01:18
3101,337.87,15828.9,-2135.69,2026/01/29 20:01:18
3102,337.98,15824.6,-2133.56,2026/01/29 20:01:18
3103,338.09,15826.6,-2135.55,2026/01/29 20:01:18
3104,338.2,15825.3,-2135.95,2026/01/29 20:01:19
3105,338.31,15825.8,-2134.84,2026/01/29 20:01:19
3106,338.42,15826.4,-2135.46,2026/01/29 20:01:19
3107,338.53,15824.9,-2135.18,2026/01/29 20:01:19
3108,338.64,15827,-2135.26,2026/01/29 20:01:19
3109,338.75,15824.3,-2135.06,2026/01/29 20:01:19
3110,338.85,15828,-2134.24,2026/01/29 20:01:19
3111,338.96,15822.9,-2135.52,2026/01/29 20:01:19
3112,339.07,15829.3,-2134.49,2026/01/29 20:01:19
3113,339.18,15822.7,-2133.64,2026/01/29 20:01:20
3114,339.29,15827.6,-2135.63,2026/01/29 20:01:20
3115,339.4,15825.6,-2134.75,2026/01/29 20:01:20
3116,339.51,15826,-2135.43,2026/01/29 20:01:20
3117,339.62,15826.7,-2134.47,2026/01/29 20:01:20
3118,339.73,15823.9,-2135.9,2026/01/29 20:01:20
3119,339.84,15826.7,-2134.83,2026/01/29 20:01:20
3120,339.94,15823.7,-2135.51,2026/01/29 20:01:20
3121,340.05,15827.8,-2133.55,2026/01/29 20:01:20
3122,340.16,15821.8,-2137,2026/01/29 20:01:21
3123,340.27,15828,-2133.37,2026/01/29 20:01:21
3124,340.38,15822.1,-2135.32,2026/01/29 20:01:21
3125,340.49,15827.3,-2135.21,2026/01/29 20:01:21
3126,340.6,15824.3,-2135.16,2026/01/29 20:01:21
3127,340.71,15825.5,-2135.64,2026/01/29 20:01:21
3128,340.82,15825.2,-2134.31,2026/01/29 20:01:21
3129,340.92,15823.7,-2136.13,2026/01/29 20:01:21
3130,341.03,15825.8,-2134.89,2026/01/29 20:01:21
3131,341.14,15824.3,-2135.65,2026/01/29 20:01:22
3132,341.25,15825.3,-2134.21,2026/01/29 20:01:22
3133,341.36,15823.2,-2136.38,2026/01/29 20:01:22
3134,341.47,15826.8,-2133.4,2026/01/29 20:01:22
3135,341.58,15821.2,-2137.37,2026/01/29 20:01:22
3136,341.69,15827.6,-2133.48,2026/01/29 20:01:22
3137,341.8,15821.5,-2135.42,2026/01/29 20:01:22
3138,341.91,15826.2,-2135.41,2026/01/29 20:01:22
3139,342.02,15823.7,-2134.62,2026/01/29 20:01:22
3140,342.13,15824.9,-2135.18,2026/01/29 20:01:22
3141,342.23,15824.8,-2134.29,2026/01/29 20:01:23
3142,342.34,15822.8,-2136.03,2026/01/29 20:01:23
3143,342.45,15824.9,-2134.67,2026/01/29 20:01:23
3144,342.56,15823.5,-2135.93,2026/01/29 20:01:23
3145,342.67,15824.4,-2134.57,2026/01/29 20:01:23
3146,342.78,15823.2,-2137.26,2026/01/29 20:01:23
3147,342.89,15825.5,-2132.11,2026/01/29 20:01:23
3148,343,15821.9,-2137.25,2026/01/29 20:01:23
3149,343.11,15825.5,-2134.2,2026/01/29 20:01:23
3150,343.22,15822.9,-2135.4,2026/01/29 20:01:24
3151,343.32,15824.6,-2134.85,2026/01/29 20:01:24
3152,343.43,15823.5,-2135.08,2026/01/29 20:01:24
3153,343.54,15822.1,-2136.86,2026/01/29 20:01:24
3154,343.65,15824.9,-2134.17,2026/01/29 20:01:24
3155,343.76,15821.9,-2135.13,2026/01/29 20:01:24
3156,343.87,15824.2,-2135.61,2026/01/29 20:01:24
3157,343.98,15823.3,-2135.09,2026/01/29 20:01:24
3158,344.09,15823.3,-2134.3,2026/01/29 20:01:24
3159,344.2,15822.4,-2136.74,2026/01/29 20:01:25
3160,344.31,15823.4,-2133.71,2026/01/29 20:01:25
3161,344.42,15822.7,-2136.59,2026/01/29 20:01:25
3162,344.53,15824,-2133.42,2026/01/29 20:01:25
3163,344.63,15822.6,-2135.07,2026/01/29 20:01:25
3164,344.74,15823.2,-2134.59,2026/01/29 20:01:25
3165,344.85,15824.6,-2134.44,2026/01/29 20:01:25
3166,344.96,15821.3,-2135.43,2026/01/29 20:01:25
3167,345.07,15825.6,-2134.4,2026/01/29 20:01:25
3168,345.18,15820,-2134.59,2026/01/29 20:01:26
3169,345.29,15824.4,-2136.08,2026/01/29 20:01:26
3170,345.4,15822.2,-2133.61,2026/01/29 20:01:26
3171,345.51,15823.4,-2134.73,2026/01/29 20:01:26
3172,345.62,15823.1,-2135.28,2026/01/29 20:01:26
3173,345.72,15822.9,-2134.49,2026/01/29 20:01:26
3174,345.83,15823.7,-2134.87,2026/01/29 20:01:26
3175,345.94,15821.6,-2135.23,2026/01/29 20:01:26
3176,346.05,15824.2,-2135.05,2026/01/29 20:01:26
3177,346.16,15821,-2135.69,2026/01/29 20:01:27
3178,346.27,15824.3,-2134.02,2026/01/29 20:01:27
3179,346.38,15819.3,-2136.45,2026/01/29 20:01:27
3180,346.49,15826.4,-2133.07,2026/01/29 20:01:27
3181,346.6,15819.2,-2134.75,2026/01/29 20:01:27
3182,346.71,15824.8,-2135.58,2026/01/29 20:01:27
3183,346.82,15820.2,-2133.96,2026/01/29 20:01:27
3184,346.92,15822.4,-2135.67,2026/01/29 20:01:27
3185,347.03,15821.8,-2134.34,2026/01/29 20:01:27
3186,347.14,15821.9,-2135.32,2026/01/29 20:01:28
3187,347.25,15823.5,-2134.17,2026/01/29 20:01:28
3188,347.36,15821.4,-2134.9,2026/01/29 20:01:28
3189,347.47,15822.8,-2133.92,2026/01/29 20:01:28
3190,347.58,15822,-2135.48,2026/01/29 20:01:28
3191,347.69,15823.2,-2132.9,2026/01/29 20:01:28
3192,347.8,15820.1,-2137.81,2026/01/29 20:01:28
3193,347.91,15824.1,-2132.87,2026/01/29 20:01:28
3194,348.01,15820.2,-2135.31,2026/01/29 20:01:28
3195,348.12,15822.6,-2134.56,2026/01/29 20:01:28
3196,348.23,15821.8,-2134.66,2026/01/29 20:01:29
3197,348.34,15822.1,-2135.05,2026/01/29 20:01:29
3198,348.45,15823.2,-2133.84,2026/01/29 20:01:29
3199,348.56,15820.5,-2135.18,2026/01/29 20:01:29
3200,348.67,15824.3,-2134.54,2026/01/29 20:01:29
3201,348.78,15820,-2134.35,2026/01/29 20:01:29
3202,348.89,15822.7,-2135.73,2026/01/29 20:01:29
3203,349,15821.4,-2134.21,2026/01/29 20:01:29
3204,349.1,15822.3,-2134.34,2026/01/29 20:01:29
3205,349.21,15822,-2135.22,2026/01/29 20:01:30
3206,349.32,15821.6,-2133.94,2026/01/29 20:01:30
3207,349.43,15823.2,-2134.82,2026/01/29 20:01:30
3208,349.54,15820.9,-2134.88,2026/01/29 20:01:30
3209,349.65,15823,-2135.09,2026/01/29 20:01:30
3210,349.76,15820.2,-2135.49,2026/01/29 20:01:30
3211,349.87,15824.4,-2132.9,2026/01/29 20:01:30
3212,349.98,15818.6,-2136.95,2026/01/29 20:01:30
3213,350.09,15824.9,-2133.27,2026/01/29 20:01:30
3214,350.19,15819.1,-2135.11,2026/01/29 20:01:31
3215,350.3,15823.8,-2135.04,2026/01/29 20:01:31
3216,350.41,15821,-2134.43,2026/01/29 20:01:31
3217,350.52,15822.6,-2135.45,2026/01/29 20:01:31
3218,350.63,15821.5,-2134.89,2026/01/29 20:01:31
3219,350.74,15820.6,-2135.8,2026/01/29 20:01:31
3220,350.85,15822,-2134.3,2026/01/29 20:01:31
3221,350.96,15820.4,-2134.65,2026/01/29 20:01:31
3222,351.07,15822.1,-2134.99,2026/01/29 20:01:31
3223,351.18,15821.7,-2134.63,2026/01/29 20:01:32
3224,351.28,15821.6,-2134.84,2026/01/29 20:01:32
3225,351.39,15821.6,-2135.7,2026/01/29 20:01:32
3226,351.5,15821.4,-2134.34,2026/01/29 20:01:32
3227,351.61,15822,-2135.52,2026/01/29 20:01:32
3228,351.72,15820.6,-2134.8,2026/01/29 20:01:32
3229,351.83,15823.5,-2134.42,2026/01/29 20:01:32
3230,351.94,15820.6,-2134.85,2026/01/29 20:01:32
3231,352.05,15823.4,-2134.17,2026/01/29 20:01:32
3232,352.16,15820,-2136.41,2026/01/29 20:01:33
3233,352.27,15825.3,-2131.95,2026/01/29 20:01:33
3234,352.37,15819.4,-2137.28,2026/01/29 20:01:33
3235,352.48,15823.9,-2133.72,2026/01/29 20:01:33
3236,352.59,15822.1,-2135.54,2026/01/29 20:01:33
3237,352.7,15822.7,-2134.62,2026/01/29 20:01:33
3238,352.81,15822.6,-2135.68,2026/01/29 20:01:33
3239,352.92,15821.2,-2135.13,2026/01/29 20:01:33
3240,353.03,15824.5,-2134.45,2026/01/29 20:01:33
3241,353.14,15820,-2134.92,2026/01/29 20:01:34
3242,353.25,15825.9,-2134.52,2026/01/29 20:01:34
3243,353.35,15819.7,-2133.45,2026/01/29 20:01:34
3244,353.46,15824.7,-2136.1,2026/01/29 20:01:34
3245,353.57,15821.1,-2133.45,2026/01/29 20:01:34
3246,353.68,15823.3,-2135.27,2026/01/29 20:01:34
3247,353.79,15822.4,-2133.74,2026/01/29 20:01:34
3248,353.9,15823.1,-2135.25,2026/01/29 20:01:34
3249,354.01,15823.7,-2133.43,2026/01/29 20:01:34
3250,354.12,15822.8,-2135.18,2026/01/29 20:01:34
3251,354.23,15823.4,-2134.48,2026/01/29 20:01:35
3252,354.34,15822.6,-2135.2,2026/01/29 20:01:35
3253,354.45,15823.2,-2135.34,2026/01/29 20:01:35
3254,354.55,15823.2,-2134.92,2026/01/29 20:01:35
3255,354.66,15823,-2134.85,2026/01/29 20:01:35
3256,354.77,15822.7,-2135.91,2026/01/29 20:01:35
3257,354.88,15822.7,-2134.24,2026/01/29 20:01:35
3258,354.99,15823.1,-2135.29,2026/01/29 20:01:35
3259,355.1,15822,-2135.04,2026/01/29 20:01:35
3260,355.21,15824.9,-2133.99,2026/01/29 20:01:36
3261,355.32,15822.2,-2135.65,2026/01/29 20:01:36
3262,355.43,15824.5,-2133.86,2026/01/29 20:01:36
3263,355.54,15822.5,-2136.18,2026/01/29 20:01:36
3264,355.64,15824,-2132.67,2026/01/29 20:01:36
3265,355.75,15822.8,-2137.01,2026/01/29 20:01:36
3266,355.86,15823.2,-2133.93,2026/01/29 20:01:36
3267,355.97,15823.7,-2135.73,2026/01/29 20:01:36
3268,356.08,15822.6,-2134.95,2026/01/29 20:01:36
3269,356.19,15824.6,-2135.04,2026/01/29 20:01:37
3270,356.3,15821.5,-2134.64,2026/01/29 20:01:37
3271,356.41,15824.8,-2134.05,2026/01/29 20:01:37
3272,356.52,15821.7,-2136.46,2026/01/29 20:01:37
3273,356.62,15825.2,-2131.74,2026/01/29 20:01:37
3274,356.73,15822.1,-2137.98,2026/01/29 20:01:37
3275,356.84,15825.1,-2132.27,2026/01/29 20:01:37
3276,356.95,15823,-2135.74,2026/01/29 20:01:37
3277,357.06,15823.7,-2133.34,2026/01/29 20:01:37
3278,357.17,15824.2,-2135.04,2026/01/29 20:01:38
3279,357.28,15823.1,-2134.3,2026/01/29 20:01:38
3280,357.39,15825.3,-2135.07,2026/01/29 20:01:38
3281,357.5,15822.4,-2135.81,2026/01/29 20:01:38
3282,357.61,15826,-2133.15,2026/01/29 20:01:38
3283,357.71,15821.5,-2137.5,2026/01/29 20:01:38
3284,357.82,15825.6,-2131.97,2026/01/29 20:01:38
3285,357.93,15821.9,-2136.96,2026/01/29 20:01:38
3286,358.04,15825.3,-2133.57,2026/01/29 20:01:38
3287,358.15,15823.5,-2135.86,2026/01/29 20:01:39
3288,358.26,15823.6,-2134.75,2026/01/29 20:01:39
3289,358.37,15824.7,-2135.27,2026/01/29 20:01:39
3290,358.48,15822.3,-2134.61,2026/01/29 20:01:39
3291,358.59,15825.9,-2133.96,2026/01/29 20:01:39
3292,358.69,15821.7,-2136.66,2026/01/29 20:01:39
3293,358.8,15826.3,-2132.39,2026/01/29 20:01:39
3294,358.91,15822.4,-2137.49,2026/01/29 20:01:39
3295,359.02,15826,-2132.36,2026/01/29 20:01:39
3296,359.13,15823.6,-2135.81,2026/01/29 20:01:39
3297,359.24,15825,-2133.54,2026/01/29 20:01:40
3298,359.35,15825.2,-2135.51,2026/01/29 20:01:40
3299,359.46,15822.8,-2134.47,2026/01/29 20:01:40
3300,359.57,15826.1,-2134.09,2026/01/29 20:01:40
3301,359.67,15823,-2136.02,2026/01/29 20:01:40
3302,359.78,15826.1,-2132.57,2026/01/29 20:01:40
3303,359.89,15823.7,-2137.41,2026/01/29 20:01:40
3304,360,15825.5,-2132.6,2026/01/29 20:01:40
3305,360.11,15824.6,-2135.65,2026/01/29 20:01:40
3306,360.22,15824.9,-2133.44,2026/01/29 20:01:41
3307,360.33,15825.9,-2134.59,2026/01/29 20:01:41
3308,360.44,15823.7,-2134.57,2026/01/29 20:01:41
3309,360.55,15826.3,-2135.01,2026/01/29 20:01:41
3310,360.66,15824,-2136.03,2026/01/29 20:01:41
3311,360.77,15824.7,-2134.06,2026/01/29 20:01:41
3312,360.87,15824.4,-2135.58,2026/01/29 20:01:41
3313,360.98,15825.6,-2133.48,2026/01/29 20:01:41
3314,361.09,15825.4,-2134.93,2026/01/29 20:01:41
3315,361.2,15825.1,-2134.74,2026/01/29 20:01:42
3316,361.31,15826.1,-2134.46,2026/01/29 20:01:42
3317,361.42,15824,-2135.85,2026/01/29 20:01:42
3318,361.53,15825.3,-2134.67,2026/01/29 20:01:42
3319,361.64,15823.6,-2135.68,2026/01/29 20:01:42
3320,361.74,15826,-2135.35,2026/01/29 20:01:42
3321,361.85,15823.2,-2133.23,2026/01/29 20:01:42
3322,361.96,15826.9,-2136.02,2026/01/29 20:01:42
3323,362.07,15822.8,-2133.7,2026/01/29 20:01:42
3324,362.18,15826.6,-2136.15,2026/01/29 20:01:43
3325,362.29,15824.2,-2134.79,2026/01/29 20:01:43
3326,362.4,15825.5,-2135.03,2026/01/29 20:01:43
3327,362.51,15824.3,-2135.23,2026/01/29 20:01:43
3328,362.62,15823.3,-2135.17,2026/01/29 20:01:43
3329,362.73,15826.4,-2133.8,2026/01/29 20:01:43
3330,362.84,15821.3,-2136.28,2026/01/29 20:01:43
3331,362.94,15828.4,-2132.66,2026/01/29 20:01:43
3332,363.05,15822.4,-2137.08,2026/01/29 20:01:43
3333,363.16,15826.7,-2133.12,2026/01/29 20:01:44
3334,363.27,15824.1,-2135.77,2026/01/29 20:01:44
3335,363.38,15824.8,-2133.82,2026/01/29 20:01:44
3336,363.49,15824.6,-2136.13,2026/01/29 20:01:44
3337,363.6,15823.3,-2134.92,2026/01/29 20:01:44
3338,363.71,15825.9,-2134.41,2026/01/29 20:01:44
3339,363.82,15823.7,-2135.07,2026/01/29 20:01:44
3340,363.93,15825.4,-2134.22,2026/01/29 20:01:44
3341,364.04,15824.6,-2134.42,2026/01/29 20:01:44
3342,364.14,15825.6,-2136.04,2026/01/29 20:01:45
3343,364.25,15823.5,-2133.61,2026/01/29 20:01:45
3344,364.36,15826.1,-2135.38,2026/01/29 20:01:45
3345,364.47,15824.3,-2134.53,2026/01/29 20:01:45
3346,364.58,15825.4,-2135.11,2026/01/29 20:01:45
3347,364.69,15824.3,-2134.98,2026/01/29 20:01:45
3348,364.8,15823,-2135.01,2026/01/29 20:01:45
3349,364.91,15827,-2134.06,2026/01/29 20:01:45
3350,365.02,15821.4,-2136.61,2026/01/29 20:01:45
3351,365.13,15827.4,-2132.32,2026/01/29 20:01:45
3352,365.24,15822.6,-2137.75,2026/01/29 20:01:46
3353,365.34,15825.5,-2132.56,2026/01/29 20:01:46
3354,365.45,15824.5,-2135.94,2026/01/29 20:01:46
3355,365.56,15824.3,-2134.13,2026/01/29 20:01:46
3356,365.67,15825.4,-2135.02,2026/01/29 20:01:46
3357,365.78,15823,-2135.81,2026/01/29 20:01:46
3358,365.89,15824.8,-2134.32,2026/01/29 20:01:46
3359,366,15823.1,-2134.96,2026/01/29 20:01:46
3360,366.11,15825.9,-2135.73,2026/01/29 20:01:46
3361,366.22,15821.7,-2133.56,2026/01/29 20:01:47
3362,366.33,15826.8,-2135.51,2026/01/29 20:01:47
3363,366.44,15821.6,-2134.62,2026/01/29 20:01:47
3364,366.54,15825.7,-2134.49,2026/01/29 20:01:47
3365,366.65,15823.5,-2135.93,2026/01/29 20:01:47
3366,366.76,15823.9,-2134.89,2026/01/29 20:01:47
3367,366.87,15825.2,-2135.22,2026/01/29 20:01:47
3368,366.98,15822.5,-2134.83,2026/01/29 20:01:47
3369,367.09,15825,-2133.92,2026/01/29 20:01:47
3370,367.2,15823.9,-2135.77,2026/01/29 20:01:48
3371,367.31,15824.4,-2134.71,2026/01/29 20:01:48
3372,367.42,15824.3,-2134.05,2026/01/29 20:01:48
3373,367.53,15825.5,-2136.01,2026/01/29 20:01:48
3374,367.63,15823.6,-2134.32,2026/01/29 20:01:48
3375,367.74,15825,-2135.14,2026/01/29 20:01:48
3376,367.85,15824,-2135.19,2026/01/29 20:01:48
3377,367.96,15822.8,-2134.97,2026/01/29 20:01:48
3378,368.07,15826.2,-2134.9,2026/01/29 20:01:48
3379,368.18,15821.9,-2135.92,2026/01/29 20:01:49
3380,368.29,15826,-2132.96,2026/01/29 20:01:49
3381,368.4,15823.2,-2137.6,2026/01/29 20:01:49
3382,368.51,15824.1,-2133.43,2026/01/29 20:01:49
3383,368.62,15823.7,-2135.88,2026/01/29 20:01:49
3384,368.73,15823.7,-2135.07,2026/01/29 20:01:49
3385,368.83,15824.1,-2134.58,2026/01/29 20:01:49
3386,368.94,15824.1,-2135.44,2026/01/29 20:01:49
3387,369.05,15825.3,-2133.72,2026/01/29 20:01:49
3388,369.16,15822.8,-2135.2,2026/01/29 20:01:50
3389,369.27,15827.6,-2134.15,2026/01/29 20:01:50
3390,369.38,15820.6,-2136.51,2026/01/29 20:01:50
3391,369.49,15826.4,-2132.31,2026/01/29 20:01:50
3392,369.6,15822.7,-2137.03,2026/01/29 20:01:50
3393,369.71,15824.6,-2134.05,2026/01/29 20:01:50
3394,369.81,15824.3,-2135.82,2026/01/29 20:01:50
3395,369.92,15823,-2135.15,2026/01/29 20:01:50
3396,370.03,15825.4,-2133.87,2026/01/29 20:01:50
3397,370.14,15823.9,-2135.18,2026/01/29 20:01:51
3398,370.25,15825.4,-2135.28,2026/01/29 20:01:51
3399,370.36,15821.5,-2133.85,2026/01/29 20:01:51
3400,370.47,15827.2,-2135.39,2026/01/29 20:01:51
3401,370.58,15822.4,-2134.74,2026/01/29 20:01:51
3402,370.69,15825.3,-2134.19,2026/01/29 20:01:51
3403,370.79,15825.2,-2134.9,2026/01/29 20:01:51
3404,370.9,15823.5,-2134.31,2026/01/29 20:01:51
3405,371.01,15826.2,-2134.93,2026/01/29 20:01:51
3406,371.12,15823.6,-2136.14,2026/01/29 20:01:51
3407,371.23,15825.1,-2134.48,2026/01/29 20:01:52
3408,371.34,15824.9,-2135.07,2026/01/29 20:01:52
3409,371.45,15825,-2135.6,2026/01/29 20:01:52
3410,371.56,15823.4,-2134.37,2026/01/29 20:01:52
3411,371.67,15825.2,-2135.47,2026/01/29 20:01:52
3412,371.78,15823.8,-2134.15,2026/01/29 20:01:52
3413,371.88,15825,-2134.3,2026/01/29 20:01:52
3414,371.99,15826.7,-2134.25,2026/01/29 20:01:52
3415,372.1,15822.9,-2135.38,2026/01/29 20:01:52
3416,372.21,15827.7,-2133.6,2026/01/29 20:01:53
3417,372.32,15823.7,-2137.95,2026/01/29 20:01:53
3418,372.43,15826.7,-2132.48,2026/01/29 20:01:53
3419,372.54,15825.1,-2137.25,2026/01/29 20:01:53
3420,372.65,15825.4,-2135.06,2026/01/29 20:01:53
3421,372.76,15825.4,-2135.16,2026/01/29 20:01:53
3422,372.87,15825.5,-2135.76,2026/01/29 20:01:53
3423,372.98,15826.9,-2133.76,2026/01/29 20:01:53
3424,373.08,15825,-2135.47,2026/01/29 20:01:53
3425,373.19,15829.5,-2135.22,2026/01/29 20:01:54
3426,373.3,15822.6,-2135.96,2026/01/29 20:01:54
3427,373.41,15830.2,-2133.63,2026/01/29 20:01:54
3428,373.52,15823.8,-2137.21,2026/01/29 20:01:54
3429,373.63,15828.7,-2132.61,2026/01/29 20:01:54
3430,373.74,15826.5,-2136.44,2026/01/29 20:01:54
3431,373.85,15827,-2134.35,2026/01/29 20:01:54
3432,373.96,15828,-2134.82,2026/01/29 20:01:54
3433,374.07,15825.8,-2136.32,2026/01/29 20:01:54
3434,374.17,15830.6,-2134.14,2026/01/29 20:01:55
3435,374.28,15832,-2134.75,2026/01/29 20:01:55
3436,374.39,15834.6,-2135.45,2026/01/29 20:01:55
3437,374.5,15828.2,-2134.42,2026/01/29 20:01:55
3438,374.61,15825.7,-2133.14,2026/01/29 20:01:55
3439,374.72,15798.9,-2125.1,2026/01/29 20:01:55
3440,374.83,15782.9,-2118.27,2026/01/29 20:01:55
3441,374.94,15772,-2122.99,2026/01/29 20:01:55
3442,375.05,15794.2,-2136.62,2026/01/29 20:01:55
3443,375.16,15805.1,-2138.49,2026/01/29 20:01:56
3444,375.27,15826.5,-2138.19,2026/01/29 20:01:56
3445,375.37,15841.1,-2135.63,2026/01/29 20:01:56
3446,375.48,15841.5,-2136.2,2026/01/29 20:01:56
3447,375.59,15845.4,-2136.81,2026/01/29 20:01:56
3448,375.7,15842.8,-2134.3,2026/01/29 20:01:56
3449,375.81,15834,-2134.93,2026/01/29 20:01:56
3450,375.92,15802,-2128.6,2026/01/29 20:01:56
3451,376.03,15798.5,-2133.27,2026/01/29 20:01:56
3452,376.14,15826.1,-2138.8,2026/01/29 20:01:57
3453,376.25,15839.1,-2137.09,2026/01/29 20:01:57
3454,376.36,15848.5,-2135.28,2026/01/29 20:01:57
3455,376.47,15847.3,-2134.2,2026/01/29 20:01:57
3456,376.57,15849.2,-2127.14,2026/01/29 20:01:57
3457,376.68,15829.6,-2129.81,2026/01/29 20:01:57
3458,376.79,15808.8,-2124.2,2026/01/29 20:01:57
3459,376.9,15803,-2127.39,2026/01/29 20:01:57
3460,377.01,15827.8,-2133.18,2026/01/29 20:01:57
3461,377.12,15844.2,-2131.02,2026/01/29 20:01:57
3462,377.23,15850.6,-2132.09,2026/01/29 20:01:58
3463,377.34,15855.1,-2129.84,2026/01/29 20:01:58
3464,377.45,15847.8,-2129.65,2026/01/29 20:01:58
3465,377.56,15840.6,-2127.28,2026/01/29 20:01:58
3466,377.66,15811.2,-2128.27,2026/01/29 20:01:58
3467,377.77,15825.4,-2130.35,2026/01/29 20:01:58
3468,377.88,15840.5,-2133.34,2026/01/29 20:01:58
3469,377.99,15847.1,-2130.29,2026/01/29 20:01:58
3470,378.1,15855.5,-2129.9,2026/01/29 20:01:58
3471,378.21,15850.2,-2130.33,2026/01/29 20:01:59
3472,378.32,15831,-2126.61,2026/01/29 20:01:59
3473,378.43,15820,-2128.39,2026/01/29 20:01:59
3474,378.54,15821.7,-2132.47,2026/01/29 20:01:59
3475,378.64,15839.2,-2130.32,2026/01/29 20:01:59
3476,378.75,15852.4,-2132.57,2026/01/29 20:01:59
3477,378.86,15854.9,-2129.28,2026/01/29 20:01:59
3478,378.97,15856.1,-2128.11,2026/01/29 20:01:59
3479,379.08,15840.5,-2128.24,2026/01/29 20:01:59
3480,379.19,15823.1,-2127.22,2026/01/29 20:02:00
3481,379.3,15835.9,-2132.26,2026/01/29 20:02:00
3482,379.41,15844.6,-2131.65,2026/01/29 20:02:00
3483,379.52,15853.6,-2129.58,2026/01/29 20:02:00
3484,379.63,15855.7,-2131.19,2026/01/29 20:02:00
3485,379.74,15848.6,-2127.6,2026/01/29 20:02:00
3486,379.85,15812.6,-2123.3,2026/01/29 20:02:00
3487,379.96,15807.4,-2127.47,2026/01/29 20:02:00
3488,380.06,15832.8,-2131.39,2026/01/29 20:02:00
3489,380.17,15851.4,-2131.91,2026/01/29 20:02:01
3490,380.28,15857.4,-2129.84,2026/01/29 20:02:01
3491,380.39,15859,-2129.45,2026/01/29 20:02:01
3492,380.5,15849.2,-2128.55,2026/01/29 20:02:01
3493,380.61,15808.6,-2123.94,2026/01/29 20:02:01
3494,380.72,15802.1,-2122.29,2026/01/29 20:02:01
3495,380.83,15826.1,-2134.42,2026/01/29 20:02:01
3496,380.94,15852.6,-2128.72,2026/01/29 20:02:01
3497,381.04,15859.8,-2131.19,2026/01/29 20:02:01
3498,381.15,15862.8,-2128.85,2026/01/29 20:02:02
3499,381.26,15859.2,-2128.41,2026/01/29 20:02:02
3500,381.37,15822.6,-2127.57,2026/01/29 20:02:02
3501,381.48,15809.4,-2124.21,2026/01/29 20:02:02
3502,381.59,15822.4,-2132.84,2026/01/29 20:02:02
3503,381.7,15850.7,-2132.37,2026/01/29 20:02:02
3504,381.81,15854.2,-2130.29,2026/01/29 20:02:02
3505,381.92,15866.4,-2130.64,2026/01/29 20:02:02
3506,382.02,15859.1,-2129.22,2026/01/29 20:02:02
3507,382.13,15823.8,-2124.38,2026/01/29 20:02:02
3508,382.24,15792.2,-2119.47,2026/01/29 20:02:03
3509,382.35,15808.4,-2131.34,2026/01/29 20:02:03
3510,382.46,15844.6,-2130.84,2026/01/29 20:02:03
3511,382.57,15854.8,-2131.33,2026/01/29 20:02:03
3512,382.68,15865.1,-2128.78,2026/01/29 20:02:03
3513,382.79,15862.8,-2129.68,2026/01/29 20:02:03
3514,382.9,15831.9,-2127.13,2026/01/29 20:02:03
3515,383.01,15812,-2125.47,2026/01/29 20:02:03
3516,383.12,15836.1,-2132.58,2026/01/29 20:02:03
3517,383.22,15850.9,-2130.99,2026/01/29 20:02:04
3518,383.33,15860,-2130.91,2026/01/29 20:02:04
3519,383.44,15865.4,-2130.34,2026/01/29 20:02:04
3520,383.55,15861.9,-2129.28,2026/01/29 20:02:04
3521,383.66,15831.2,-2125.89,2026/01/29 20:02:04
3522,383.77,15810.9,-2127.64,2026/01/29 20:02:04
3523,383.88,15826.3,-2130.14,2026/01/29 20:02:04
3524,383.99,15848.7,-2133.82,2026/01/29 20:02:04
3525,384.1,15860.6,-2128.4,2026/01/29 20:02:04
3526,384.21,15867.7,-2130.76,2026/01/29 20:02:05
3527,384.31,15865.8,-2129.21,2026/01/29 20:02:05
3528,384.42,15849.6,-2127.68,2026/01/29 20:02:05
3529,384.53,15810,-2123.81,2026/01/29 20:02:05
3530,384.64,15803.8,-2125.14,2026/01/29 20:02:05
3531,384.75,15828.2,-2131.3,2026/01/29 20:02:05
3532,384.86,15853.8,-2132.95,2026/01/29 20:02:05
3533,384.97,15858.4,-2129.97,2026/01/29 20:02:05
3534,385.08,15869.8,-2130.49,2026/01/29 20:02:05
3535,385.19,15865.6,-2129.6,2026/01/29 20:02:06
3536,385.3,15835.6,-2127.2,2026/01/29 20:02:06
3537,385.4,15805.9,-2123.69,2026/01/29 20:02:06
3538,385.51,15816.3,-2132.5,2026/01/29 20:02:06
3539,385.62,15849.5,-2130.65,2026/01/29 20:02:06
3540,385.73,15857.3,-2132.7,2026/01/29 20:02:06
3541,385.84,15867.2,-2128.26,2026/01/29 20:02:06
3542,385.95,15865.1,-2130.77,2026/01/29 20:02:06
3543,386.06,15825.5,-2124.34,2026/01/29 20:02:06
3544,386.17,15800.8,-2121.85,2026/01/29 20:02:07
3545,386.28,15823.6,-2132.6,2026/01/29 20:02:07
3546,386.39,15850.2,-2130.41,2026/01/29 20:02:07
3547,386.49,15859.4,-2132.13,2026/01/29 20:02:07
3548,386.6,15869.2,-2129.03,2026/01/29 20:02:07
3549,386.71,15866.5,-2129.55,2026/01/29 20:02:07
3550,386.82,15835,-2125.62,2026/01/29 20:02:07
3551,386.93,15800.5,-2123.46,2026/01/29 20:02:07
3552,387.04,15824.2,-2131.16,2026/01/29 20:02:07
3553,387.15,15842.9,-2132.69,2026/01/29 20:02:08
3554,387.26,15858.6,-2130.31,2026/01/29 20:02:08
3555,387.37,15866.4,-2130.78,2026/01/29 20:02:08
3556,387.47,15866.3,-2129.13,2026/01/29 20:02:08
3557,387.58,15840.2,-2127.27,2026/01/29 20:02:08
3558,387.69,15806.2,-2122.68,2026/01/29 20:02:08
3559,387.8,15801.9,-2121.54,2026/01/29 20:02:08
3560,387.91,15826.3,-2133.02,2026/01/29 20:02:08
3561,388.02,15848.7,-2131.69,2026/01/29 20:02:08
3562,388.13,15860.1,-2130.49,2026/01/29 20:02:08
3563,388.24,15868.6,-2130.49,2026/01/29 20:02:09
3564,388.35,15869.5,-2129.28,2026/01/29 20:02:09
3565,388.46,15843.9,-2127.06,2026/01/29 20:02:09
3566,388.57,15811.5,-2123.56,2026/01/29 20:02:09
3567,388.68,15827.6,-2132.73,2026/01/29 20:02:09
3568,388.78,15849.7,-2131.18,2026/01/29 20:02:09
3569,388.89,15856.7,-2131.93,2026/01/29 20:02:09
3570,389,15872.6,-2128.11,2026/01/29 20:02:09
3571,389.11,15866.8,-2131.55,2026/01/29 20:02:09
3572,389.22,15855.4,-2126.09,2026/01/29 20:02:10
3573,389.33,15810,-2124.52,2026/01/29 20:02:10
3574,389.44,15811.9,-2126.23,2026/01/29 20:02:10
3575,389.55,15836.3,-2133.05,2026/01/29 20:02:10
3576,389.66,15853.3,-2130.59,2026/01/29 20:02:10
3577,389.77,15863.8,-2130.37,2026/01/29 20:02:10
3578,389.87,15868.6,-2129.77,2026/01/29 20:02:10
3579,389.98,15870.4,-2128.14,2026/01/29 20:02:10
3580,390.09,15844.3,-2127.17,2026/01/29 20:02:10
3581,390.2,15815.5,-2124.08,2026/01/29 20:02:11
3582,390.31,15828.4,-2131.83,2026/01/29 20:02:11
3583,390.42,15855.2,-2131.36,2026/01/29 20:02:11
3584,390.53,15863.9,-2130.19,2026/01/29 20:02:11
3585,390.64,15872.3,-2129.91,2026/01/29 20:02:11
3586,390.75,15871.3,-2128.39,2026/01/29 20:02:11
3587,390.86,15854.5,-2127.41,2026/01/29 20:02:11
3588,390.97,15813.1,-2120.69,2026/01/29 20:02:11
3589,391.08,15808.9,-2127.93,2026/01/29 20:02:11
3590,391.18,15844,-2129.87,2026/01/29 20:02:12
3591,391.29,15856.3,-2132.41,2026/01/29 20:02:12
3592,391.4,15870.7,-2128.81,2026/01/29 20:02:12
3593,391.51,15869.7,-2131.18,2026/01/29 20:02:12
3594,391.62,15871,-2128.29,2026/01/29 20:02:12
3595,391.73,15832.5,-2126.7,2026/01/29 20:02:12
3596,391.84,15804.6,-2119.7,2026/01/29 20:02:12
3597,391.95,15823.6,-2130.14,2026/01/29 20:02:12
3598,392.06,15839.2,-2131.52,2026/01/29 20:02:12
3599,392.17,15860.4,-2130.11,2026/01/29 20:02:13
3600,392.27,15864.8,-2131.63,2026/01/29 20:02:13
3601,392.38,15869.9,-2128.23,2026/01/29 20:02:13
3602,392.49,15874.4,-2131.17,2026/01/29 20:02:13
3603,392.6,15873.5,-2126.47,2026/01/29 20:02:13
3604,392.71,15868.9,-2127.35,2026/01/29 20:02:13
3605,392.82,15832.8,-2125.17,2026/01/29 20:02:13
3606,392.93,15818.5,-2125.41,2026/01/29 20:02:13
3607,393.04,15830,-2133.52,2026/01/29 20:02:13
3608,393.14,15849.4,-2131.26,2026/01/29 20:02:14
3609,393.25,15862.8,-2130.06,2026/01/29 20:02:14
3610,393.36,15869.5,-2130.75,2026/01/29 20:02:14
3611,393.47,15874,-2127.58,2026/01/29 20:02:14
3612,393.58,15876,-2129.86,2026/01/29 20:02:14
3613,393.69,15872.6,-2127.09,2026/01/29 20:02:14
3614,393.8,15857.4,-2127.41,2026/01/29 20:02:14
3615,393.91,15822.5,-2124.43,2026/01/29 20:02:14
3616,394.02,15823.3,-2131.58,2026/01/29 20:02:14
3617,394.13,15843.1,-2131.44,2026/01/29 20:02:14
3618,394.23,15854,-2130.97,2026/01/29 20:02:15
3619,394.34,15866.5,-2131.52,2026/01/29 20:02:15
3620,394.45,15864.4,-2129.4,2026/01/29 20:02:15
3621,394.56,15875.6,-2130.13,2026/01/29 20:02:15
3622,394.67,15871.4,-2128.37,2026/01/29 20:02:15
3623,394.78,15861.3,-2127.1,2026/01/29 20:02:15
3624,394.89,15832.3,-2125.93,2026/01/29 20:02:15
3625,395,15808.8,-2121.27,2026/01/29 20:02:15
3626,395.11,15819.5,-2130.92,2026/01/29 20:02:15
3627,395.22,15844.7,-2131.86,2026/01/29 20:02:16
3628,395.33,15865.7,-2130.31,2026/01/29 20:02:16
3629,395.43,15864.1,-2131.78,2026/01/29 20:02:16
3630,395.54,15877.1,-2128.32,2026/01/29 20:02:16
3631,395.65,15869.8,-2129.5,2026/01/29 20:02:16
3632,395.76,15847.6,-2125.86,2026/01/29 20:02:16
3633,395.87,15805.3,-2120.32,2026/01/29 20:02:16
3634,395.98,15814.5,-2125.19,2026/01/29 20:02:16
3635,396.09,15834.7,-2131.99,2026/01/29 20:02:16
3636,396.2,15860.5,-2130.08,2026/01/29 20:02:17
3637,396.31,15868.8,-2130.21,2026/01/29 20:02:17
3638,396.42,15869.2,-2130.47,2026/01/29 20:02:17
3639,396.52,15878,-2128.59,2026/01/29 20:02:17
3640,396.63,15869.7,-2130.71,2026/01/29 20:02:17
3641,396.74,15849,-2130.79,2026/01/29 20:02:17
3642,396.85,15807.2,-2123.64,2026/01/29 20:02:17
3643,396.96,15801.1,-2121.35,2026/01/29 20:02:17
3644,397.07,15818.9,-2133.72,2026/01/29 20:02:17
3645,397.18,15849.4,-2131.98,2026/01/29 20:02:18
3646,397.29,15864.5,-2131.42,2026/01/29 20:02:18
3647,397.4,15873.7,-2129.44,2026/01/29 20:02:18
3648,397.51,15876,-2128.98,2026/01/29 20:02:18
3649,397.62,15843,-2131.27,2026/01/29 20:02:18
3650,397.72,15807.8,-2120.43,2026/01/29 20:02:18
3651,397.83,15797.1,-2124.63,2026/01/29 20:02:18
3652,397.94,15826.8,-2133.66,2026/01/29 20:02:18
3653,398.05,15852,-2130.35,2026/01/29 20:02:18
3654,398.16,15868.1,-2131.54,2026/01/29 20:02:19
3655,398.27,15871.9,-2129.97,2026/01/29 20:02:19
3656,398.38,15875.6,-2129.72,2026/01/29 20:02:19
3657,398.49,15850.1,-2130.86,2026/01/29 20:02:19
3658,398.6,15804.4,-2121.87,2026/01/29 20:02:19
3659,398.7,15813.2,-2126.82,2026/01/29 20:02:19
3660,398.81,15830.7,-2132.25,2026/01/29 20:02:19
3661,398.92,15862.3,-2132.18,2026/01/29 20:02:19
3662,399.03,15868.4,-2128.42,2026/01/29 20:02:19
3663,399.14,15878.3,-2130.09,2026/01/29 20:02:20
3664,399.25,15878.3,-2128.25,2026/01/29 20:02:20
3665,399.36,15840.1,-2129.68,2026/01/29 20:02:20
3666,399.47,15801.5,-2119.31,2026/01/29 20:02:20
3667,399.58,15820.1,-2133.24,2026/01/29 20:02:20
3668,399.69,15849.9,-2130.94,2026/01/29 20:02:20
3669,399.79,15865.2,-2129.8,2026/01/29 20:02:20
3670,399.9,15870.9,-2129.41,2026/01/29 20:02:20
3671,400.01,15874.5,-2129.59,2026/01/29 20:02:20
3672,400.12,15875.5,-2128.01,2026/01/29 20:02:20
3673,400.23,15833,-2124.1,2026/01/29 20:02:21
3674,400.34,15798.7,-2117.9,2026/01/29 20:02:21
3675,400.45,15817.5,-2131.46,2026/01/29 20:02:21
3676,400.56,15837.3,-2131.37,2026/01/29 20:02:21
3677,400.67,15865.3,-2129.25,2026/01/29 20:02:21
3678,400.77,15871.2,-2129.93,2026/01/29 20:02:21
3679,400.88,15878.2,-2127.8,2026/01/29 20:02:21
3680,400.99,15877.3,-2131.99,2026/01/29 20:02:21
3681,401.1,15855.9,-2127.66,2026/01/29 20:02:21
3682,401.21,15813.5,-2124.83,2026/01/29 20:02:22
3683,401.32,15811.6,-2125.77,2026/01/29 20:02:22
3684,401.43,15833.9,-2132.81,2026/01/29 20:02:22
3685,401.54,15861.9,-2130.05,2026/01/29 20:02:22
3686,401.65,15872.8,-2129.62,2026/01/29 20:02:22
3687,401.75,15875.4,-2130.21,2026/01/29 20:02:22
3688,401.86,15882,-2128.91,2026/01/29 20:02:22
3689,401.97,15856.6,-2130.85,2026/01/29 20:02:22
3690,402.08,15812.4,-2123.11,2026/01/29 20:02:22
3691,402.19,15801.5,-2123.41,2026/01/29 20:02:23
3692,402.3,15832,-2133.95,2026/01/29 20:02:23
3693,402.41,15858.5,-2130.61,2026/01/29 20:02:23
3694,402.52,15867.5,-2131.15,2026/01/29 20:02:23
3695,402.63,15873.5,-2129.34,2026/01/29 20:02:23
3696,402.74,15873.9,-2131.1,2026/01/29 20:02:23
3697,402.85,15836.3,-2124.84,2026/01/29 20:02:23
3698,402.95,15793.6,-2117.83,2026/01/29 20:02:23
3699,403.06,15811.3,-2130.64,2026/01/29 20:02:23
3700,403.17,15829.3,-2135.08,2026/01/29 20:02:24
3701,403.28,15859.3,-2129.31,2026/01/29 20:02:24
3702,403.39,15865,-2133.5,2026/01/29 20:02:24
3703,403.5,15873,-2128.71,2026/01/29 20:02:24
3704,403.61,15871.8,-2131.39,2026/01/29 20:02:24
3705,403.72,15824.5,-2120.89,2026/01/29 20:02:24
3706,403.83,15812.8,-2122.44,2026/01/29 20:02:24
3707,403.94,15825.1,-2133.03,2026/01/29 20:02:24
3708,404.04,15847.4,-2130.61,2026/01/29 20:02:24
3709,404.15,15863.1,-2130.52,2026/01/29 20:02:25
3710,404.26,15872.4,-2129.78,2026/01/29 20:02:25
3711,404.37,15873.2,-2128.72,2026/01/29 20:02:25
3712,404.48,15873.6,-2131.15,2026/01/29 20:02:25
3713,404.59,15820,-2121.16,2026/01/29 20:02:25
3714,404.7,15801.9,-2119.23,2026/01/29 20:02:25
3715,404.81,15820.5,-2133.73,2026/01/29 20:02:25
3716,404.92,15840.2,-2131,2026/01/29 20:02:25
3717,405.03,15862.6,-2131.41,2026/01/29 20:02:25
3718,405.14,15869.4,-2129.55,2026/01/29 20:02:26
3719,405.24,15873.1,-2130.07,2026/01/29 20:02:26
3720,405.35,15872.9,-2129.56,2026/01/29 20:02:26
3721,405.46,15818,-2119.83,2026/01/29 20:02:26
3722,405.57,15803.5,-2122.88,2026/01/29 20:02:26
3723,405.68,15821.2,-2132.06,2026/01/29 20:02:26
3724,405.79,15843.3,-2130.45,2026/01/29 20:02:26
3725,405.9,15866,-2130.69,2026/01/29 20:02:26
3726,406.01,15873.7,-2129.14,2026/01/29 20:02:26
3727,406.12,15876.2,-2127.13,2026/01/29 20:02:26
3728,406.23,15876.3,-2130.06,2026/01/29 20:02:27
3729,406.34,15844.9,-2125.9,2026/01/29 20:02:27
3730,406.44,15817.5,-2125.73,2026/01/29 20:02:27
3731,406.55,15830.5,-2132.61,2026/01/29 20:02:27
3732,406.66,15858.5,-2130.21,2026/01/29 20:02:27
3733,406.77,15867.8,-2130.07,2026/01/29 20:02:27
3734,406.88,15877.5,-2128.36,2026/01/29 20:02:27
3735,406.99,15874.3,-2128.54,2026/01/29 20:02:27
3736,407.1,15875.7,-2130.28,2026/01/29 20:02:27
3737,407.21,15817.3,-2122.64,2026/01/29 20:02:28
3738,407.32,15820.4,-2130.95,2026/01/29 20:02:28
3739,407.43,15845.6,-2132.74,2026/01/29 20:02:28
3740,407.53,15866.4,-2128.85,2026/01/29 20:02:28
3741,407.64,15878.9,-2129.89,2026/01/29 20:02:28
3742,407.75,15879.3,-2128.91,2026/01/29 20:02:28
3743,407.86,15882,-2128.7,2026/01/29 20:02:28
3744,407.97,15820.1,-2122.37,2026/01/29 20:02:28
3745,408.08,15818.5,-2126.67,2026/01/29 20:02:28
3746,408.19,15832.5,-2131.52,2026/01/29 20:02:29
3747,408.3,15865.8,-2132.2,2026/01/29 20:02:29
3748,408.41,15872.8,-2129.47,2026/01/29 20:02:29
3749,408.52,15879.3,-2128.14,2026/01/29 20:02:29
3750,408.62,15880.2,-2129.69,2026/01/29 20:02:29
3751,408.73,15881.7,-2127.69,2026/01/29 20:02:29
3752,408.84,15843.7,-2123.17,2026/01/29 20:02:29
3753,408.95,15817,-2122.91,2026/01/29 20:02:29
3754,409.06,15833.8,-2131.58,2026/01/29 20:02:29
3755,409.17,15861.9,-2131.17,2026/01/29 20:02:30
3756,409.28,15878.9,-2128.78,2026/01/29 20:02:30
3757,409.39,15878.4,-2128.85,2026/01/29 20:02:30
3758,409.5,15885.2,-2130.21,2026/01/29 20:02:30
3759,409.61,15884.9,-2126.88,2026/01/29 20:02:30
3760,409.71,15828,-2117.48,2026/01/29 20:02:30
3761,409.82,15804.3,-2117.72,2026/01/29 20:02:30
3762,409.93,15813.3,-2126.32,2026/01/29 20:02:30
3763,410.04,15834.3,-2131.94,2026/01/29 20:02:30
3764,410.15,15863.8,-2129.19,2026/01/29 20:02:31
3765,410.26,15875.9,-2129.64,2026/01/29 20:02:31
3766,410.37,15879.8,-2129.52,2026/01/29 20:02:31
3767,410.48,15884.6,-2128.54,2026/01/29 20:02:31
3768,410.59,15842.4,-2123.96,2026/01/29 20:02:31
3769,410.7,15821.7,-2116.63,2026/01/29 20:02:31
3770,410.8,15814.4,-2127.76,2026/01/29 20:02:31
3771,410.91,15840.7,-2131.85,2026/01/29 20:02:31
3772,411.02,15866.6,-2130.12,2026/01/29 20:02:31
3773,411.13,15872.5,-2129.29,2026/01/29 20:02:31
3774,411.24,15879.9,-2129.05,2026/01/29 20:02:32
3775,411.35,15880.5,-2128.06,2026/01/29 20:02:32
3776,411.46,15834.2,-2119.74,2026/01/29 20:02:32
3777,411.57,15797.6,-2114.91,2026/01/29 20:02:32
3778,411.68,15802.1,-2120.02,2026/01/29 20:02:32
3779,411.79,15820.5,-2132.57,2026/01/29 20:02:32
3780,411.89,15859.5,-2131.15,2026/01/29 20:02:32
3781,412,15866.1,-2129.18,2026/01/29 20:02:32
3782,412.11,15877.8,-2130.01,2026/01/29 20:02:32
3783,412.22,15876.1,-2128.18,2026/01/29 20:02:33
3784,412.33,15881.8,-2122.19,2026/01/29 20:02:33
3785,412.44,15818.6,-2116.11,2026/01/29 20:02:33
3786,412.55,15806.4,-2122.21,2026/01/29 20:02:33
3787,412.66,15824.7,-2132.05,2026/01/29 20:02:33
3788,412.77,15847.2,-2131.56,2026/01/29 20:02:33
3789,412.88,15868.2,-2128,2026/01/29 20:02:33
3790,412.99,15870.9,-2130.84,2026/01/29 20:02:33
3791,413.09,15884.1,-2127.35,2026/01/29 20:02:33
3792,413.2,15851.3,-2123,2026/01/29 20:02:34
3793,413.31,15817.6,-2119.99,2026/01/29 20:02:34
3794,413.42,15816,-2125.1,2026/01/29 20:02:34
3795,413.53,15831.9,-2131.46,2026/01/29 20:02:34
3796,413.64,15860,-2129.75,2026/01/29 20:02:34
3797,413.75,15873.3,-2130.14,2026/01/29 20:02:34
3798,413.86,15880.3,-2127.38,2026/01/29 20:02:34
3799,413.97,15883.2,-2128.07,2026/01/29 20:02:34
3800,414.07,15886,-2125.31,2026/01/29 20:02:34
3801,414.18,15880.8,-2130.69,2026/01/29 20:02:35
3802,414.29,15844.7,-2122.27,2026/01/29 20:02:35
3803,414.4,15813.2,-2122.19,2026/01/29 20:02:35
3804,414.51,15830.2,-2129.59,2026/01/29 20:02:35
3805,414.62,15854.7,-2129.69,2026/01/29 20:02:35
3806,414.73,15875.8,-2128.41,2026/01/29 20:02:35
3807,414.84,15881.8,-2127.43,2026/01/29 20:02:35
3808,414.95,15884.4,-2129.19,2026/01/29 20:02:35
3809,415.06,15882.5,-2126.5,2026/01/29 20:02:35
3810,415.16,15834.1,-2119.68,2026/01/29 20:02:36
3811,415.27,15804,-2119.05,2026/01/29 20:02:36
3812,415.38,15819.2,-2130.41,2026/01/29 20:02:36
3813,415.5,15844.6,-2128.83,2026/01/29 20:02:36
3814,415.6,15867.7,-2128.99,2026/01/29 20:02:36
3815,415.71,15878,-2124.91,2026/01/29 20:02:36
3816,415.82,15881.2,-2129.44,2026/01/29 20:02:36
3817,415.93,15884.3,-2125.23,2026/01/29 20:02:36
3818,416.04,15860.5,-2126.6,2026/01/29 20:02:36
3819,416.15,15810,-2115.21,2026/01/29 20:02:37
3820,416.26,15807,-2126.71,2026/01/29 20:02:37
3821,416.37,15834.2,-2131.45,2026/01/29 20:02:37
3822,416.48,15856.6,-2129.19,2026/01/29 20:02:37
3823,416.58,15869.5,-2129.14,2026/01/29 20:02:37
3824,416.69,15880.5,-2127.83,2026/01/29 20:02:37
3825,416.8,15877.4,-2128.77,2026/01/29 20:02:37
3826,416.91,15831.1,-2118.59,2026/01/29 20:02:37
3827,417.02,15802.2,-2123.29,2026/01/29 20:02:37
3828,417.13,15828.2,-2129.47,2026/01/29 20:02:37
3829,417.24,15857.1,-2130.8,2026/01/29 20:02:38
3830,417.35,15872.2,-2127.89,2026/01/29 20:02:38
3831,417.46,15876.7,-2127.71,2026/01/29 20:02:38
3832,417.56,15881.8,-2127.11,2026/01/29 20:02:38
3833,417.67,15882.1,-2126.53,2026/01/29 20:02:38
3834,417.78,15864,-2126.57,2026/01/29 20:02:38
3835,417.89,15832.8,-2126.44,2026/01/29 20:02:38
3836,418,15832.1,-2128.27,2026/01/29 20:02:38
3837,418.11,15861.2,-2128.91,2026/01/29 20:02:38
3838,418.22,15872.2,-2127,2026/01/29 20:02:39
3839,418.33,15878.4,-2127.2,2026/01/29 20:02:39
3840,418.44,15882.2,-2126.93,2026/01/29 20:02:39
3841,418.55,15885,-2126.06,2026/01/29 20:02:39
3842,418.65,15826.2,-2120.35,2026/01/29 20:02:39
3843,418.76,15816.5,-2125.32,2026/01/29 20:02:39
3844,418.87,15836.7,-2129.04,2026/01/29 20:02:39
3845,418.98,15856.7,-2131.04,2026/01/29 20:02:39
3846,419.09,15877.4,-2126.03,2026/01/29 20:02:39
3847,419.2,15880.4,-2129.55,2026/01/29 20:02:40
3848,419.31,15888.2,-2126.99,2026/01/29 20:02:40
3849,419.42,15883.1,-2127.67,2026/01/29 20:02:40
3850,419.53,15831.8,-2119.79,2026/01/29 20:02:40
3851,419.64,15817.8,-2123.59,2026/01/29 20:02:40
3852,419.74,15835.7,-2129.72,2026/01/29 20:02:40
3853,419.85,15862.5,-2128,2026/01/29 20:02:40
3854,419.96,15876.2,-2131.24,2026/01/29 20:02:40
3855,420.07,15884.5,-2131.79,2026/01/29 20:02:40
3856,420.18,15882.8,-2133.26,2026/01/29 20:02:41
3857,420.29,15891,-2128.93,2026/01/29 20:02:41
3858,420.4,15838,-2128.32,2026/01/29 20:02:41
3859,420.51,15825.1,-2125.59,2026/01/29 20:02:41
3860,420.62,15831,-2131.73,2026/01/29 20:02:41
3861,420.73,15860.4,-2127.02,2026/01/29 20:02:41
3862,420.84,15875.9,-2129.64,2026/01/29 20:02:41
3863,420.94,15885.5,-2127.46,2026/01/29 20:02:41
3864,421.05,15885.6,-2127.64,2026/01/29 20:02:41
3865,421.16,15885.3,-2126.18,2026/01/29 20:02:42
3866,421.27,15865.1,-2125.19,2026/01/29 20:02:42
3867,421.38,15865,-2128.41,2026/01/29 20:02:42
3868,421.49,15878,-2127.86,2026/01/29 20:02:42
3869,421.6,15882.4,-2125.96,2026/01/29 20:02:42
3870,421.71,15890.5,-2127.55,2026/01/29 20:02:42
3871,421.82,15894.9,-2126.9,2026/01/29 20:02:42
3872,421.92,15892.9,-2125.71,2026/01/29 20:02:42
3873,422.03,15888.8,-2121.86,2026/01/29 20:02:42
3874,422.14,15858.5,-2125.25,2026/01/29 20:02:43
3875,422.25,15872.7,-2126.16,2026/01/29 20:02:43
3876,422.36,15881.2,-2127.25,2026/01/29 20:02:43
3877,422.47,15889.6,-2125.38,2026/01/29 20:02:43
3878,422.58,15888.7,-2128.69,2026/01/29 20:02:43
3879,422.69,15895.2,-2124.45,2026/01/29 20:02:43
3880,422.8,15894,-2124.71,2026/01/29 20:02:43
3881,422.91,15876,-2123.28,2026/01/29 20:02:43
3882,423.01,15874.3,-2124.23,2026/01/29 20:02:43
3883,423.12,15884.7,-2126.58,2026/01/29 20:02:43
3884,423.23,15887.4,-2125.83,2026/01/29 20:02:44
3885,423.34,15888.5,-2127.73,2026/01/29 20:02:44
3886,423.45,15894.4,-2124.75,2026/01/29 20:02:44
3887,423.56,15892.3,-2125.47,2026/01/29 20:02:44
3888,423.67,15888.7,-2123.04,2026/01/29 20:02:44
3889,423.78,15858.2,-2126.25,2026/01/29 20:02:44
3890,423.89,15868.7,-2122.55,2026/01/29 20:02:44
3891,424,15880.6,-2129.27,2026/01/29 20:02:44
3892,424.11,15890.1,-2124.56,2026/01/29 20:02:44
3893,424.21,15889.5,-2126.84,2026/01/29 20:02:45
3894,424.32,15890.6,-2125.14,2026/01/29 20:02:45
3895,424.43,15893.1,-2126.26,2026/01/29 20:02:45
3896,424.54,15889.4,-2125.6,2026/01/29 20:02:45
3897,424.65,15852.1,-2123.72,2026/01/29 20:02:45
3898,424.76,15827.6,-2128.6,2026/01/29 20:02:45
3899,424.87,15860.5,-2124.8,2026/01/29 20:02:45
3900,424.98,15878.3,-2126.1,2026/01/29 20:02:45
3901,425.09,15886.2,-2127.31,2026/01/29 20:02:45
3902,425.2,15886.7,-2126.45,2026/01/29 20:02:46
3903,425.31,15890.4,-2125.7,2026/01/29 20:02:46
3904,425.41,15891.8,-2127.41,2026/01/29 20:02:46
3905,425.52,15890,-2124.47,2026/01/29 20:02:46
3906,425.63,15890.2,-2122.68,2026/01/29 20:02:46
3907,425.74,15835.6,-2126.03,2026/01/29 20:02:46
3908,425.85,15828.6,-2129.46,2026/01/29 20:02:46
3909,425.96,15849.8,-2126.36,2026/01/29 20:02:46
3910,426.07,15867.5,-2125.59,2026/01/29 20:02:46
3911,426.18,15871.6,-2129.34,2026/01/29 20:02:47
3912,426.29,15886.3,-2127.03,2026/01/29 20:02:47
3913,426.39,15883.4,-2126.29,2026/01/29 20:02:47
3914,426.5,15889.4,-2127.39,2026/01/29 20:02:47
3915,426.61,15888.9,-2126.25,2026/01/29 20:02:47
3916,426.72,15894,-2126.96,2026/01/29 20:02:47
3917,426.83,15893.7,-2125.22,2026/01/29 20:02:47
3918,426.94,15891.1,-2124.04,2026/01/29 20:02:47
3919,427.05,15851.9,-2124.48,2026/01/29 20:02:47
3920,427.16,15832.6,-2127.96,2026/01/29 20:02:48
3921,427.27,15859.5,-2125.27,2026/01/29 20:02:48
3922,427.38,15871.9,-2129,2026/01/29 20:02:48
3923,427.49,15883.1,-2124.8,2026/01/29 20:02:48
3924,427.59,15883.6,-2129.21,2026/01/29 20:02:48
3925,427.7,15887.9,-2125.64,2026/01/29 20:02:48
3926,427.81,15890.9,-2127.6,2026/01/29 20:02:48
3927,427.92,15891.9,-2126.09,2026/01/29 20:02:48
3928,428.03,15887.4,-2125.96,2026/01/29 20:02:48
3929,428.14,15837.5,-2127.19,2026/01/29 20:02:49
3930,428.25,15828.7,-2127.05,2026/01/29 20:02:49
3931,428.36,15854.3,-2125.92,2026/01/29 20:02:49
3932,428.47,15878.8,-2127.86,2026/01/29 20:02:49
3933,428.57,15884,-2125.89,2026/01/29 20:02:49
3934,428.68,15889.4,-2127.45,2026/01/29 20:02:49
3935,428.79,15893.5,-2126.02,2026/01/29 20:02:49
3936,428.9,15894.1,-2126.24,2026/01/29 20:02:49
3937,429.01,15893.9,-2125.35,2026/01/29 20:02:49
3938,429.12,15890.9,-2122.52,2026/01/29 20:02:49
3939,429.23,15838.3,-2125.98,2026/01/29 20:02:50
3940,429.34,15828.4,-2129.21,2026/01/29 20:02:50
3941,429.45,15860.3,-2123.94,2026/01/29 20:02:50
3942,429.55,15873.6,-2128.59,2026/01/29 20:02:50
3943,429.66,15884.5,-2124.17,2026/01/29 20:02:50
3944,429.77,15885.9,-2129.28,2026/01/29 20:02:50
3945,429.88,15892.3,-2124.68,2026/01/29 20:02:50
3946,429.99,15893.8,-2127.58,2026/01/29 20:02:50
3947,430.1,15896.1,-2125.34,2026/01/29 20:02:50
3948,430.21,15887.4,-2125.28,2026/01/29 20:02:51
3949,430.32,15868,-2119.75,2026/01/29 20:02:51
3950,430.43,15850.1,-2125.22,2026/01/29 20:02:51
3951,430.54,15867.8,-2125.63,2026/01/29 20:02:51
3952,430.65,15882.6,-2125.86,2026/01/29 20:02:51
3953,430.75,15884.9,-2126.12,2026/01/29 20:02:51
3954,430.86,15891.7,-2128,2026/01/29 20:02:51
3955,430.97,15894.4,-2125.7,2026/01/29 20:02:51
3956,431.08,15896.7,-2125.44,2026/01/29 20:02:51
3957,431.19,15891.7,-2125.01,2026/01/29 20:02:52
3958,431.3,15890.3,-2122.56,2026/01/29 20:02:52
3959,431.41,15876,-2122.55,2026/01/29 20:02:52
3960,431.52,15882,-2125.27,2026/01/29 20:02:52
3961,431.63,15889.4,-2127.46,2026/01/29 20:02:52
3962,431.74,15892.1,-2126.16,2026/01/29 20:02:52
3963,431.84,15892.2,-2125.35,2026/01/29 20:02:52
3964,431.95,15895.1,-2128.21,2026/01/29 20:02:52
3965,432.06,15896.7,-2122.69,2026/01/29 20:02:52
3966,432.17,15869.2,-2127.95,2026/01/29 20:02:53
3967,432.28,15832.9,-2124.3,2026/01/29 20:02:53
3968,432.39,15850.6,-2125.76,2026/01/29 20:02:53
3969,432.5,15875.5,-2126.57,2026/01/29 20:02:53
3970,432.61,15884.5,-2127.23,2026/01/29 20:02:53
3971,432.72,15888.8,-2127.89,2026/01/29 20:02:53
3972,432.83,15896.8,-2125.49,2026/01/29 20:02:53
3973,432.93,15891.7,-2126.82,2026/01/29 20:02:53
3974,433.04,15884.7,-2123.65,2026/01/29 20:02:53
3975,433.15,15862.3,-2123.34,2026/01/29 20:02:54
3976,433.26,15882.3,-2125.56,2026/01/29 20:02:54
3977,433.37,15885.5,-2125.87,2026/01/29 20:02:54
3978,433.48,15893.2,-2127.45,2026/01/29 20:02:54
3979,433.59,15894.5,-2126.33,2026/01/29 20:02:54
3980,433.7,15898.1,-2127.2,2026/01/29 20:02:54
3981,433.81,15896.6,-2125.32,2026/01/29 20:02:54
3982,433.92,15878,-2124.24,2026/01/29 20:02:54
3983,434.03,15876.4,-2123.66,2026/01/29 20:02:54
3984,434.14,15885.3,-2125.3,2026/01/29 20:02:55
3985,434.24,15893,-2126.16,2026/01/29 20:02:55
3986,434.35,15894.8,-2128.63,2026/01/29 20:02:55
3987,434.46,15900.4,-2124.13,2026/01/29 20:02:55
3988,434.57,15896.7,-2127.27,2026/01/29 20:02:55
3989,434.68,15887.4,-2123.15,2026/01/29 20:02:55
3990,434.79,15883.1,-2125.14,2026/01/29 20:02:55
3991,434.9,15889.2,-2125.1,2026/01/29 20:02:55
3992,435.01,15893.3,-2127.56,2026/01/29 20:02:55
3993,435.12,15894,-2126.21,2026/01/29 20:02:55
3994,435.22,15899.3,-2125.24,2026/01/29 20:02:56
3995,435.33,15896.5,-2127.29,2026/01/29 20:02:56
3996,435.44,15896,-2124.25,2026/01/29 20:02:56
3997,435.55,15867.5,-2125.17,2026/01/29 20:02:56
3998,435.66,15883,-2124.1,2026/01/29 20:02:56
3999,435.77,15887.1,-2126.38,2026/01/29 20:02:56
4000,435.88,15892.7,-2127.01,2026/01/29 20:02:56
4001,435.99,15894.6,-2125.99,2026/01/29 20:02:56
4002,436.1,15898.1,-2126.26,2026/01/29 20:02:56
4003,436.21,15897.8,-2123.61,2026/01/29 20:02:57
4004,436.31,15891.8,-2125.47,2026/01/29 20:02:57
4005,436.42,15888.4,-2123.99,2026/01/29 20:02:57
4006,436.53,15880.3,-2123.67,2026/01/29 20:02:57
4007,436.64,15890.5,-2126.71,2026/01/29 20:02:57
4008,436.75,15892.6,-2125.88,2026/01/29 20:02:57
4009,436.86,15898.3,-2126.7,2026/01/29 20:02:57
4010,436.97,15898.8,-2126.55,2026/01/29 20:02:57
4011,437.08,15898.1,-2125.21,2026/01/29 20:02:57
4012,437.19,15893,-2125.37,2026/01/29 20:02:58
4013,437.3,15863.6,-2126.85,2026/01/29 20:02:58
4014,437.41,15847.3,-2124.2,2026/01/29 20:02:58
4015,437.51,15870,-2124.98,2026/01/29 20:02:58
4016,437.62,15885.6,-2126.31,2026/01/29 20:02:58
4017,437.73,15890,-2127.3,2026/01/29 20:02:58
4018,437.84,15896.2,-2125.45,2026/01/29 20:02:58
4019,437.95,15897.3,-2127.97,2026/01/29 20:02:58
4020,438.06,15890.8,-2123.87,2026/01/29 20:02:58
4021,438.17,15865.8,-2125.56,2026/01/29 20:02:59
4022,438.28,15874.5,-2122.14,2026/01/29 20:02:59
4023,438.39,15888,-2127.22,2026/01/29 20:02:59
4024,438.5,15892.2,-2127.07,2026/01/29 20:02:59
4025,438.6,15900.8,-2127.15,2026/01/29 20:02:59
4026,438.71,15898.3,-2127.85,2026/01/29 20:02:59
4027,438.82,15893.9,-2123.91,2026/01/29 20:02:59
4028,438.93,15869.9,-2126.84,2026/01/29 20:02:59
4029,439.04,15876,-2121.11,2026/01/29 20:02:59
4030,439.15,15885.5,-2129.33,2026/01/29 20:03:00
4031,439.26,15896.2,-2126.87,2026/01/29 20:03:00
4032,439.37,15899.7,-2127.99,2026/01/29 20:03:00
4033,439.48,15901,-2127.24,2026/01/29 20:03:00
4034,439.59,15893.5,-2126.58,2026/01/29 20:03:00
4035,439.7,15880.1,-2124.63,2026/01/29 20:03:00
4036,439.8,15887.2,-2125.89,2026/01/29 20:03:00
4037,439.91,15891.7,-2127.88,2026/01/29 20:03:00
4038,440.02,15899.1,-2126.62,2026/01/29 20:03:00
4039,440.13,15897.5,-2128.38,2026/01/29 20:03:00
4040,440.24,15904.1,-2124.4,2026/01/29 20:03:01
4041,440.35,15886.5,-2126.98,2026/01/29 20:03:01
4042,440.46,15867.4,-2123.15,2026/01/29 20:03:01
4043,440.57,15874.3,-2124.74,2026/01/29 20:03:01
4044,440.68,15892.3,-2127.59,2026/01/29 20:03:01
4045,440.79,15895.2,-2127.85,2026/01/29 20:03:01
4046,440.9,15900.3,-2127.34,2026/01/29 20:03:01
4047,441,15901.5,-2127.61,2026/01/29 20:03:01
4048,441.11,15896.2,-2126.67,2026/01/29 20:03:01
4049,441.22,15868.7,-2124.42,2026/01/29 20:03:02
4050,441.33,15864.8,-2124.29,2026/01/29 20:03:02
4051,441.44,15889.1,-2127.02,2026/01/29 20:03:02
4052,441.55,15891.5,-2127.28,2026/01/29 20:03:02
4053,441.66,15901,-2128.16,2026/01/29 20:03:02
4054,441.77,15899.9,-2126.19,2026/01/29 20:03:02
4055,441.88,15902.6,-2127.75,2026/01/29 20:03:02
4056,441.99,15890,-2124.97,2026/01/29 20:03:02
4057,442.1,15863.5,-2124.41,2026/01/29 20:03:02
4058,442.2,15867.2,-2123.5,2026/01/29 20:03:03
4059,442.31,15882.5,-2127.72,2026/01/29 20:03:03
4060,442.42,15898.1,-2127.33,2026/01/29 20:03:03
4061,442.53,15899,-2127.67,2026/01/29 20:03:03
4062,442.64,15906,-2129.21,2026/01/29 20:03:03
4063,442.75,15901.2,-2125.37,2026/01/29 20:03:03
4064,442.86,15884.1,-2126.68,2026/01/29 20:03:03
4065,442.97,15866.1,-2124.35,2026/01/29 20:03:03
4066,443.08,15882.2,-2126.42,2026/01/29 20:03:03
4067,443.19,15895.5,-2128.08,2026/01/29 20:03:04
4068,443.29,15899.5,-2129.3,2026/01/29 20:03:04
4069,443.4,15905.4,-2127.56,2026/01/29 20:03:04
4070,443.51,15903.6,-2127.66,2026/01/29 20:03:04
4071,443.62,15899.2,-2127.43,2026/01/29 20:03:04
4072,443.73,15858.3,-2123.6,2026/01/29 20:03:04
4073,443.84,15870.2,-2125.06,2026/01/29 20:03:04
4074,443.95,15886.3,-2126.9,2026/01/29 20:03:04
4075,444.06,15897.5,-2129.29,2026/01/29 20:03:04
4076,444.17,15903.2,-2127.5,2026/01/29 20:03:05
4077,444.28,15905.5,-2127.59,2026/01/29 20:03:05
4078,444.39,15905.4,-2126.4,2026/01/29 20:03:05
4079,444.49,15896.2,-2128.03,2026/01/29 20:03:05
4080,444.6,15852.4,-2124.61,2026/01/29 20:03:05
4081,444.71,15865.2,-2124.06,2026/01/29 20:03:05
4082,444.82,15887.2,-2127.94,2026/01/29 20:03:05
4083,444.93,15897.1,-2127.9,2026/01/29 20:03:05
4084,445.04,15904.7,-2128.17,2026/01/29 20:03:05
4085,445.15,15904.6,-2127.34,2026/01/29 20:03:06
4086,445.26,15906.8,-2127.42,2026/01/29 20:03:06
4087,445.37,15902.4,-2126.89,2026/01/29 20:03:06
4088,445.48,15869.9,-2125.36,2026/01/29 20:03:06
4089,445.59,15867.7,-2124.18,2026/01/29 20:03:06
4090,445.69,15882.5,-2128.1,2026/01/29 20:03:06
4091,445.8,15894.8,-2128,2026/01/29 20:03:06
4092,445.91,15898.7,-2129,2026/01/29 20:03:06
4093,446.02,15900.4,-2128.43,2026/01/29 20:03:06
4094,446.13,15904.9,-2127.16,2026/01/29 20:03:06
4095,446.24,15904.6,-2127.23,2026/01/29 20:03:07
4096,446.35,15890.7,-2124.11,2026/01/29 20:03:07
4097,446.46,15887.1,-2125.04,2026/01/29 20:03:07
4098,446.57,15891.3,-2126,2026/01/29 20:03:07
4099,446.68,15899.1,-2128.21,2026/01/29 20:03:07
4100,446.79,15903.7,-2127.93,2026/01/29 20:03:07
4101,446.9,15904.5,-2128.44,2026/01/29 20:03:07
4102,447.01,15907.8,-2127.06,2026/01/29 20:03:07
4103,447.11,15903,-2127.33,2026/01/29 20:03:07
4104,447.22,15883.9,-2125.93,2026/01/29 20:03:08
4105,447.33,15861.8,-2125.22,2026/01/29 20:03:08
4106,447.44,15878,-2125.59,2026/01/29 20:03:08
4107,447.55,15892.8,-2128.12,2026/01/29 20:03:08
4108,447.66,15900.2,-2128.26,2026/01/29 20:03:08
4109,447.77,15904.4,-2127.58,2026/01/29 20:03:08
4110,447.88,15906.5,-2128.73,2026/01/29 20:03:08
4111,447.99,15901.7,-2126.08,2026/01/29 20:03:08
4112,448.1,15877,-2125.79,2026/01/29 20:03:08
4113,448.2,15880.9,-2123.75,2026/01/29 20:03:09
4114,448.31,15886.7,-2127.85,2026/01/29 20:03:09
4115,448.42,15899,-2128.4,2026/01/29 20:03:09
4116,448.53,15902.5,-2128.21,2026/01/29 20:03:09
4117,448.64,15907.2,-2128.87,2026/01/29 20:03:09
4118,448.75,15906.5,-2126.4,2026/01/29 20:03:09
4119,448.86,15892.8,-2126.18,2026/01/29 20:03:09
4120,448.97,15864.3,-2124.38,2026/01/29 20:03:09
4121,449.08,15875.8,-2124.9,2026/01/29 20:03:09
4122,449.18,15891.3,-2126.76,2026/01/29 20:03:10
4123,449.29,15899.4,-2129.01,2026/01/29 20:03:10
4124,449.4,15906.2,-2128.28,2026/01/29 20:03:10
4125,449.51,15906.5,-2127.89,2026/01/29 20:03:10
4126,449.62,15909.1,-2129.11,2026/01/29 20:03:10
4127,449.73,15900.2,-2125.69,2026/01/29 20:03:10
4128,449.84,15851.9,-2125.48,2026/01/29 20:03:10
4129,449.95,15858.4,-2123.16,2026/01/29 20:03:10
4130,450.06,15885.2,-2128.28,2026/01/29 20:03:10
4131,450.16,15898.2,-2127.65,2026/01/29 20:03:11
4132,450.27,15902.6,-2129.76,2026/01/29 20:03:11
4133,450.38,15907.5,-2127.39,2026/01/29 20:03:11
4134,450.49,15906.6,-2128.31,2026/01/29 20:03:11
4135,450.6,15902.4,-2126.67,2026/01/29 20:03:11
4136,450.71,15867.5,-2123.28,2026/01/29 20:03:11
4137,450.82,15882.3,-2125.8,2026/01/29 20:03:11
4138,450.93,15890.8,-2126.87,2026/01/29 20:03:11
4139,451.04,15901.9,-2128.75,2026/01/29 20:03:11
4140,451.15,15906.3,-2127.53,2026/01/29 20:03:12
4141,451.25,15908.5,-2128.59,2026/01/29 20:03:12
4142,451.36,15907.7,-2125.77,2026/01/29 20:03:12
4143,451.47,15876.4,-2125.72,2026/01/29 20:03:12
4144,451.58,15868.7,-2125.01,2026/01/29 20:03:12
4145,451.69,15879.4,-2125.07,2026/01/29 20:03:12
4146,451.8,15895.2,-2128.35,2026/01/29 20:03:12
4147,451.91,15899.6,-2127.54,2026/01/29 20:03:12
4148,452.02,15910.1,-2129.08,2026/01/29 20:03:12
4149,452.13,15906.4,-2126.71,2026/01/29 20:03:12
4150,452.24,15904.5,-2126.76,2026/01/29 20:03:13
4151,452.35,15851.8,-2124.18,2026/01/29 20:03:13
4152,452.46,15864.5,-2123.35,2026/01/29 20:03:13
4153,452.56,15889.7,-2126.53,2026/01/29 20:03:13
4154,452.67,15899.5,-2128.92,2026/01/29 20:03:13
4155,452.78,15911.6,-2128.19,2026/01/29 20:03:13
4156,452.89,15905.4,-2127.9,2026/01/29 20:03:13
4157,453,15910.2,-2127.58,2026/01/29 20:03:13
4158,453.11,15880,-2124.58,2026/01/29 20:03:13
4159,453.22,15874.2,-2125.15,2026/01/29 20:03:14
4160,453.33,15879.7,-2124.69,2026/01/29 20:03:14
4161,453.44,15888.7,-2127.69,2026/01/29 20:03:14
4162,453.55,15900.8,-2129.53,2026/01/29 20:03:14
4163,453.65,15903.6,-2129.1,2026/01/29 20:03:14
4164,453.76,15907.2,-2127.71,2026/01/29 20:03:14
4165,453.87,15902.7,-2128.7,2026/01/29 20:03:14
4166,453.98,15909.6,-2126.5,2026/01/29 20:03:14
4167,454.09,15902.7,-2128.61,2026/01/29 20:03:14
4168,454.2,15909.5,-2126.91,2026/01/29 20:03:15
4169,454.31,15904.4,-2127.47,2026/01/29 20:03:15
4170,454.42,15908.7,-2126.74,2026/01/29 20:03:15
4171,454.53,15906.1,-2128.02,2026/01/29 20:03:15
4172,454.64,15908.6,-2126.41,2026/01/29 20:03:15
4173,454.75,15910.6,-2126.58,2026/01/29 20:03:15
4174,454.85,15907.6,-2125.82,2026/01/29 20:03:15
4175,454.96,15910.5,-2126.76,2026/01/29 20:03:15
4176,455.07,15906.6,-2127.68,2026/01/29 20:03:15
4177,455.18,15912.3,-2125.31,2026/01/29 20:03:16
4178,455.29,15908.7,-2129.85,2026/01/29 20:03:16
4179,455.4,15908.1,-2124.09,2026/01/29 20:03:16
4180,455.51,15869.5,-2126.4,2026/01/29 20:03:16
4181,455.62,15869.4,-2123.61,2026/01/29 20:03:16
4182,455.73,15883.8,-2128.17,2026/01/29 20:03:16
4183,455.84,15900.1,-2127.81,2026/01/29 20:03:16
4184,455.94,15905,-2128.17,2026/01/29 20:03:16
4185,456.05,15904.5,-2127.48,2026/01/29 20:03:16
4186,456.16,15911.6,-2126.25,2026/01/29 20:03:17
4187,456.27,15906.6,-2128.43,2026/01/29 20:03:17
4188,456.38,15876.8,-2122.56,2026/01/29 20:03:17
4189,456.49,15859.7,-2127.23,2026/01/29 20:03:17
4190,456.6,15879.5,-2123.62,2026/01/29 20:03:17
4191,456.71,15898.5,-2129.78,2026/01/29 20:03:17
4192,456.82,15906.4,-2126.91,2026/01/29 20:03:17
4193,456.93,15911.7,-2128.53,2026/01/29 20:03:17
4194,457.03,15909.2,-2127.08,2026/01/29 20:03:17
4195,457.14,15884.2,-2125.27,2026/01/29 20:03:18
4196,457.25,15863,-2125.75,2026/01/29 20:03:18
4197,457.36,15880.1,-2124.1,2026/01/29 20:03:18
4198,457.47,15899,-2129.85,2026/01/29 20:03:18
4199,457.58,15907.6,-2126.44,2026/01/29 20:03:18
4200,457.69,15913.1,-2130.86,2026/01/29 20:03:18
4201,457.8,15914.4,-2126.06,2026/01/29 20:03:18
4202,457.91,15906.2,-2126.29,2026/01/29 20:03:18
4203,458.02,15864.2,-2123.61,2026/01/29 20:03:18
4204,458.13,15871,-2123.5,2026/01/29 20:03:18
4205,458.24,15890.4,-2128.49,2026/01/29 20:03:19
4206,458.34,15906.1,-2128,2026/01/29 20:03:19
4207,458.45,15910.2,-2129.58,2026/01/29 20:03:19
4208,458.56,15913.1,-2127.52,2026/01/29 20:03:19
4209,458.67,15912.3,-2128.33,2026/01/29 20:03:19
4210,458.78,15871,-2125.16,2026/01/29 20:03:19
4211,458.89,15849.7,-2124.93,2026/01/29 20:03:19
4212,459,15866.8,-2122.89,2026/01/29 20:03:19
4213,459.11,15890.8,-2129.55,2026/01/29 20:03:19
4214,459.22,15906.1,-2128.86,2026/01/29 20:03:20
4215,459.33,15914.8,-2128.82,2026/01/29 20:03:20
4216,459.44,15913.8,-2129.4,2026/01/29 20:03:20
4217,459.54,15914.2,-2125.71,2026/01/29 20:03:20
4218,459.65,15863.3,-2125.94,2026/01/29 20:03:20
4219,459.76,15849.5,-2124.19,2026/01/29 20:03:20
4220,459.87,15871.6,-2124.15,2026/01/29 20:03:20
4221,459.98,15899.5,-2129.23,2026/01/29 20:03:20
4222,460.09,15911.9,-2129.19,2026/01/29 20:03:20
4223,460.2,15916.6,-2128.39,2026/01/29 20:03:21
4224,460.31,15915.6,-2127.79,2026/01/29 20:03:21
4225,460.42,15889.6,-2125.6,2026/01/29 20:03:21
4226,460.53,15857.3,-2122.76,2026/01/29 20:03:21
4227,460.63,15851.3,-2124.59,2026/01/29 20:03:21
4228,460.74,15874,-2125.14,2026/01/29 20:03:21
4229,460.85,15898,-2129.31,2026/01/29 20:03:21
4230,460.96,15910,-2129.97,2026/01/29 20:03:21
4231,461.07,15910.4,-2127.96,2026/01/29 20:03:21
4232,461.18,15917.2,-2129.27,2026/01/29 20:03:22
4233,461.29,15915.5,-2127.26,2026/01/29 20:03:22
4234,461.4,15891.4,-2124.98,2026/01/29 20:03:22
4235,461.51,15840.3,-2122.9,2026/01/29 20:03:22
4236,461.62,15845.5,-2121.33,2026/01/29 20:03:22
4237,461.72,15871.8,-2126.41,2026/01/29 20:03:22
4238,461.83,15895.1,-2129.1,2026/01/29 20:03:22
4239,461.94,15909,-2130.06,2026/01/29 20:03:22
4240,462.05,15910.4,-2127.53,2026/01/29 20:03:22
4241,462.16,15916.6,-2129.76,2026/01/29 20:03:23
4242,462.27,15912.8,-2126.39,2026/01/29 20:03:23
4243,462.38,15873.3,-2125.47,2026/01/29 20:03:23
4244,462.49,15845.4,-2121.49,2026/01/29 20:03:23
4245,462.6,15869.1,-2125.95,2026/01/29 20:03:23
4246,462.7,15895.3,-2128.77,2026/01/29 20:03:23
4247,462.81,15908.1,-2130.42,2026/01/29 20:03:23
4248,462.92,15918.9,-2130.39,2026/01/29 20:03:23
4249,463.03,15916.1,-2128.28,2026/01/29 20:03:23
4250,463.14,15904.7,-2126.7,2026/01/29 20:03:24
4251,463.25,15842.1,-2126.01,2026/01/29 20:03:24
4252,463.36,15851.3,-2125.47,2026/01/29 20:03:24
4253,463.47,15874.6,-2128.41,2026/01/29 20:03:24
4254,463.58,15902.8,-2130.67,2026/01/29 20:03:24
4255,463.68,15914.4,-2128.61,2026/01/29 20:03:24
4256,463.79,15912,-2134.81,2026/01/29 20:03:24
4257,463.9,15916,-2133.99,2026/01/29 20:03:24
4258,464.01,15911,-2134.04,2026/01/29 20:03:24
4259,464.12,15917.1,-2135.75,2026/01/29 20:03:24
4260,464.23,15912.5,-2133.07,2026/01/29 20:03:25
4261,464.34,15917,-2135.04,2026/01/29 20:03:25
4262,464.45,15914.7,-2133.6,2026/01/29 20:03:25
4263,464.56,15915.9,-2133.95,2026/01/29 20:03:25
4264,464.67,15915.2,-2133.06,2026/01/29 20:03:25
4265,464.77,15913.9,-2134.4,2026/01/29 20:03:25
4266,464.88,15917.1,-2132.2,2026/01/29 20:03:25
4267,464.99,15912.7,-2133.17,2026/01/29 20:03:25
4268,465.1,15919,-2133.02,2026/01/29 20:03:25
4269,465.21,15913.1,-2132.39,2026/01/29 20:03:26
4270,465.32,15918.2,-2133.34,2026/01/29 20:03:26
4271,465.43,15914,-2132.47,2026/01/29 20:03:26
4272,465.54,15917.1,-2132.69,2026/01/29 20:03:26
4273,465.65,15915.5,-2132.36,2026/01/29 20:03:26
4274,465.76,15916.8,-2133.04,2026/01/29 20:03:26
4275,465.87,15918.1,-2131.71,2026/01/29 20:03:26
4276,465.97,15914.9,-2133.49,2026/01/29 20:03:26
4277,466.08,15919.6,-2131.81,2026/01/29 20:03:26
4278,466.19,15913.2,-2133.42,2026/01/29 20:03:27
4279,466.3,15919.7,-2133.12,2026/01/29 20:03:27
4280,466.41,15913.4,-2133.14,2026/01/29 20:03:27
4281,466.52,15919.6,-2132.89,2026/01/29 20:03:27
4282,466.63,15914.8,-2132.82,2026/01/29 20:03:27
4283,466.74,15917.9,-2132.73,2026/01/29 20:03:27
4284,466.85,15916.4,-2132.37,2026/01/29 20:03:27
4285,466.96,15917.6,-2132.61,2026/01/29 20:03:27
4286,467.07,15918.4,-2132.06,2026/01/29 20:03:27
4287,467.17,15913.6,-2133.37,2026/01/29 20:03:28
4288,467.28,15921,-2131.26,2026/01/29 20:03:28
4289,467.39,15913.8,-2133.14,2026/01/29 20:03:28
4290,467.5,15919.9,-2132.64,2026/01/29 20:03:28
4291,467.61,15915.2,-2133.23,2026/01/29 20:03:28
4292,467.72,15918.5,-2132.33,2026/01/29 20:03:28
4293,467.83,15916.8,-2132.37,2026/01/29 20:03:28
4294,467.94,15917.4,-2132.68,2026/01/29 20:03:28
4295,468.05,15919.6,-2132.16,2026/01/29 20:03:28
4296,468.15,15915.6,-2133.59,2026/01/29 20:03:29
4297,468.26,15921.2,-2131.61,2026/01/29 20:03:29
4298,468.37,15913.9,-2134.12,2026/01/29 20:03:29
4299,468.48,15920.3,-2131.77,2026/01/29 20:03:29
4300,468.59,15915.7,-2133.56,2026/01/29 20:03:29
4301,468.7,15918.6,-2132.21,2026/01/29 20:03:29
4302,468.81,15917.5,-2132.66,2026/01/29 20:03:29
4303,468.92,15917.9,-2132.76,2026/01/29 20:03:29
4304,469.03,15919.2,-2132.44,2026/01/29 20:03:29
4305,469.13,15915.8,-2133.93,2026/01/29 20:03:29
4306,469.24,15921.2,-2131.66,2026/01/29 20:03:30
4307,469.35,15913.5,-2134.68,2026/01/29 20:03:30
4308,469.46,15920.8,-2130.67,2026/01/29 20:03:30
4309,469.57,15915.1,-2134.36,2026/01/29 20:03:30
4310,469.68,15919.6,-2131.68,2026/01/29 20:03:30
4311,469.79,15917.3,-2133.52,2026/01/29 20:03:30
4312,469.9,15917.7,-2133,2026/01/29 20:03:30
4313,470.01,15918.4,-2133.42,2026/01/29 20:03:30
4314,470.12,15916,-2133.3,2026/01/29 20:03:30
4315,470.22,15920.5,-2132.28,2026/01/29 20:03:31
4316,470.33,15915.3,-2134.3,2026/01/29 20:03:31
4317,470.44,15921.7,-2130.82,2026/01/29 20:03:31
4318,470.55,15915.5,-2135.72,2026/01/29 20:03:31
4319,470.66,15921.2,-2130.95,2026/01/29 20:03:31
4320,470.77,15917.4,-2133.65,2026/01/29 20:03:31
4321,470.88,15919.2,-2132.1,2026/01/29 20:03:31
4322,470.99,15918.8,-2132.88,2026/01/29 20:03:31
4323,471.1,15918,-2132.37,2026/01/29 20:03:31
4324,471.2,15920.4,-2133.04,2026/01/29 20:03:32
4325,471.31,15916.8,-2133.99,2026/01/29 20:03:32
4326,471.42,15921.7,-2131.4,2026/01/29 20:03:32
4327,471.53,15916,-2136.12,2026/01/29 20:03:32
4328,471.64,15921.8,-2130.65,2026/01/29 20:03:32
4329,471.75,15917.2,-2135.45,2026/01/29 20:03:32
4330,471.86,15920.9,-2132.21,2026/01/29 20:03:32
4331,471.97,15918.9,-2134.63,2026/01/29 20:03:32
4332,472.08,15919.4,-2133.41,2026/01/29 20:03:32
4333,472.19,15919.9,-2133.38,2026/01/29 20:03:33
4334,472.29,15918.1,-2133.41,2026/01/29 20:03:33
4335,472.4,15921.7,-2131.98,2026/01/29 20:03:33
4336,472.51,15917.4,-2134.9,2026/01/29 20:03:33
4337,472.62,15922.7,-2130.76,2026/01/29 20:03:33
4338,472.73,15918.2,-2136.2,2026/01/29 20:03:33
4339,472.84,15922,-2131.18,2026/01/29 20:03:33
4340,472.95,15919.3,-2134.02,2026/01/29 20:03:33
4341,473.06,15921.6,-2131.88,2026/01/29 20:03:33
4342,473.17,15921,-2133.56,2026/01/29 20:03:34
4343,473.28,15920.1,-2132.35,2026/01/29 20:03:34
4344,473.39,15922.3,-2133.69,2026/01/29 20:03:34
4345,473.49,15919.3,-2134.36,2026/01/29 20:03:34
4346,473.6,15922.5,-2131.86,2026/01/29 20:03:34
4347,473.71,15919.6,-2135.93,2026/01/29 20:03:34
4348,473.82,15922.5,-2130.74,2026/01/29 20:03:34
4349,473.93,15919.9,-2135.91,2026/01/29 20:03:34
4350,474.04,15921.9,-2132.59,2026/01/29 20:03:34
4351,474.15,15921.1,-2135.02,2026/01/29 20:03:35
4352,474.26,15921.1,-2133.19,2026/01/29 20:03:35
4353,474.37,15923.1,-2134.2,2026/01/29 20:03:35
4354,474.48,15920.9,-2132.97,2026/01/29 20:03:35
4355,474.58,15923.5,-2132.96,2026/01/29 20:03:35
4356,474.69,15921.2,-2134.65,2026/01/29 20:03:35
4357,474.8,15923.5,-2131.52,2026/01/29 20:03:35
4358,474.91,15921.9,-2135.65,2026/01/29 20:03:35
4359,475.02,15923.9,-2131.53,2026/01/29 20:03:35
4360,475.13,15923.2,-2134.22,2026/01/29 20:03:35
4361,475.24,15922.8,-2132.54,2026/01/29 20:03:36
4362,475.35,15922.6,-2135.4,2026/01/29 20:03:36
4363,475.46,15923.6,-2132.5,2026/01/29 20:03:36
4364,475.57,15924.3,-2133.69,2026/01/29 20:03:36
4365,475.68,15922.2,-2133.76,2026/01/29 20:03:36
4366,475.78,15925,-2134.01,2026/01/29 20:03:36
4367,475.89,15923,-2134.29,2026/01/29 20:03:36
4368,476,15924,-2133.3,2026/01/29 20:03:36
4369,476.11,15923.6,-2135.1,2026/01/29 20:03:36
4370,476.22,15924.3,-2132.28,2026/01/29 20:03:37
4371,476.33,15923.2,-2135.3,2026/01/29 20:03:37
4372,476.44,15924.1,-2132.73,2026/01/29 20:03:37
4373,476.55,15924,-2134.51,2026/01/29 20:03:37
4374,476.66,15923.8,-2133.82,2026/01/29 20:03:37
4375,476.77,15925.7,-2133.15,2026/01/29 20:03:37
4376,476.88,15923.4,-2133.64,2026/01/29 20:03:37
4377,476.98,15925.1,-2133.2,2026/01/29 20:03:37
4378,477.09,15924.8,-2133.75,2026/01/29 20:03:37
4379,477.2,15925,-2134.03,2026/01/29 20:03:38
4380,477.31,15924.7,-2133.49,2026/01/29 20:03:38
4381,477.42,15925.8,-2133.44,2026/01/29 20:03:38
4382,477.53,15925.6,-2133.71,2026/01/29 20:03:38
4383,477.64,15925.3,-2134.18,2026/01/29 20:03:38
4384,477.75,15926.5,-2133.56,2026/01/29 20:03:38
4385,477.86,15924.5,-2135.11,2026/01/29 20:03:38
4386,477.97,15927.4,-2133.33,2026/01/29 20:03:38
4387,478.07,15924.6,-2134.25,2026/01/29 20:03:38
4388,478.18,15926.8,-2134.65,2026/01/29 20:03:39
4389,478.29,15925.3,-2132.5,2026/01/29 20:03:39
4390,478.4,15927.2,-2135.24,2026/01/29 20:03:39
4391,478.51,15924.8,-2133.26,2026/01/29 20:03:39
4392,478.62,15926.6,-2134.06,2026/01/29 20:03:39
4393,478.73,15926.1,-2133.51,2026/01/29 20:03:39
4394,478.84,15926.8,-2134.57,2026/01/29 20:03:39
4395,478.95,15927.3,-2132.62,2026/01/29 20:03:39
4396,479.05,15925.1,-2134.43,2026/01/29 20:03:39
4397,479.16,15929.3,-2133.6,2026/01/29 20:03:40
4398,479.27,15923.8,-2133.62,2026/01/29 20:03:40
4399,479.38,15930.3,-2135.28,2026/01/29 20:03:40
4400,479.49,15924.6,-2133.37,2026/01/29 20:03:40
4401,479.6,15929.2,-2134.85,2026/01/29 20:03:40
4402,479.71,15926.1,-2133.95,2026/01/29 20:03:40
4403,479.82,15928.1,-2134.64,2026/01/29 20:03:40
4404,479.93,15927.3,-2134.39,2026/01/29 20:03:40
4405,480.04,15925.7,-2134.62,2026/01/29 20:03:40
4406,480.15,15929.6,-2133.6,2026/01/29 20:03:41
4407,480.25,15924.4,-2135.3,2026/01/29 20:03:41
4408,480.36,15931.7,-2132.25,2026/01/29 20:03:41
4409,480.47,15924.6,-2136.4,2026/01/29 20:03:41
4410,480.58,15930.6,-2132.45,2026/01/29 20:03:41
4411,480.69,15926.8,-2135.49,2026/01/29 20:03:41
4412,480.8,15928.5,-2133.07,2026/01/29 20:03:41
4413,480.91,15928.9,-2134.19,2026/01/29 20:03:41
4414,481.02,15927.2,-2134.1,2026/01/29 20:03:41
4415,481.13,15930.1,-2134.4,2026/01/29 20:03:41
4416,481.23,15927,-2135.59,2026/01/29 20:03:42
4417,481.35,15929.5,-2133.44,2026/01/29 20:03:42
4418,481.45,15928,-2135.45,2026/01/29 20:03:42
4419,481.56,15928.7,-2132.16,2026/01/29 20:03:42
4420,481.67,15928.7,-2135.59,2026/01/29 20:03:42
4421,481.78,15929.3,-2132.9,2026/01/29 20:03:42
4422,481.89,15928.9,-2135.2,2026/01/29 20:03:42
4423,482,15927.5,-2135.09,2026/01/29 20:03:42
4424,482.11,15930.3,-2133.44,2026/01/29 20:03:42
4425,482.22,15928.2,-2135.07,2026/01/29 20:03:43
4426,482.33,15929.5,-2134.02,2026/01/29 20:03:43
4427,482.43,15928.2,-2133.85,2026/01/29 20:03:43
4428,482.54,15930,-2135.64,2026/01/29 20:03:43
4429,482.65,15927.9,-2133.25,2026/01/29 20:03:43
4430,482.76,15929.8,-2135.02,2026/01/29 20:03:43
4431,482.87,15928.8,-2133.66,2026/01/29 20:03:43
4432,482.98,15929.8,-2135,2026/01/29 20:03:43
4433,483.09,15931.2,-2133.74,2026/01/29 20:03:43
4434,483.2,15928.1,-2135.07,2026/01/29 20:03:44
4435,483.31,15933,-2134.19,2026/01/29 20:03:44
4436,483.41,15925.9,-2135.71,2026/01/29 20:03:44
4437,483.52,15933.4,-2133.54,2026/01/29 20:03:44
4438,483.63,15928.4,-2135.15,2026/01/29 20:03:44
4439,483.74,15931.1,-2133.38,2026/01/29 20:03:44
4440,483.85,15930.3,-2134.6,2026/01/29 20:03:44
4441,483.96,15929.7,-2134.03,2026/01/29 20:03:44
4442,484.07,15932.5,-2134.44,2026/01/29 20:03:44
4443,484.18,15929,-2135.54,2026/01/29 20:03:45
4444,484.28,15931.6,-2133.46,2026/01/29 20:03:45
4445,484.39,15929.9,-2136.77,2026/01/29 20:03:45
4446,484.5,15931.3,-2133.58,2026/01/29 20:03:45
4447,484.61,15930.3,-2136.29,2026/01/29 20:03:45
4448,484.72,15930.4,-2134.52,2026/01/29 20:03:45
4449,484.83,15930.8,-2135.16,2026/01/29 20:03:45
4450,484.94,15930.5,-2135.33,2026/01/29 20:03:45
4451,485.05,15932.4,-2133.56,2026/01/29 20:03:45
4452,485.16,15930.3,-2135.1,2026/01/29 20:03:46
4453,485.27,15933.3,-2134.77,2026/01/29 20:03:46
4454,485.38,15929.7,-2134.74,2026/01/29 20:03:46
4455,485.48,15933.8,-2136.36,2026/01/29 20:03:46
4456,485.59,15929.4,-2134.32,2026/01/29 20:03:46
4457,485.7,15932.8,-2134.73,2026/01/29 20:03:46
4458,485.81,15931.5,-2134.62,2026/01/29 20:03:46
4459,485.92,15932.3,-2134.42,2026/01/29 20:03:46
4460,486.03,15933.5,-2134.66,2026/01/29 20:03:46
4461,486.14,15929.9,-2135.91,2026/01/29 20:03:47
4462,486.25,15935.5,-2133.37,2026/01/29 20:03:47
4463,486.36,15929.1,-2137.77,2026/01/29 20:03:47
4464,486.46,15934,-2131.76,2026/01/29 20:03:47
4465,486.57,15932,-2136.27,2026/01/29 20:03:47
4466,486.68,15932.8,-2133.78,2026/01/29 20:03:47
4467,486.79,15933.7,-2135.11,2026/01/29 20:03:47
4468,486.9,15931.3,-2135.48,2026/01/29 20:03:47
4469,487.01,15933.6,-2134.71,2026/01/29 20:03:47
4470,487.12,15931.9,-2135.72,2026/01/29 20:03:47
4471,487.23,15933.5,-2134.36,2026/01/29 20:03:48
4472,487.34,15932.2,-2134.65,2026/01/29 20:03:48
4473,487.44,15934,-2136.14,2026/01/29 20:03:48
4474,487.55,15932,-2133.79,2026/01/29 20:03:48
4475,487.66,15934.8,-2135.86,2026/01/29 20:03:48
4476,487.77,15932.5,-2134.78,2026/01/29 20:03:48
4477,487.88,15934.1,-2134.94,2026/01/29 20:03:48
4478,487.99,15932.9,-2134.99,2026/01/29 20:03:48
4479,488.1,15932.2,-2135.57,2026/01/29 20:03:48
4480,488.21,15935.9,-2133.75,2026/01/29 20:03:49
4481,488.32,15930.4,-2136.47,2026/01/29 20:03:49
4482,488.43,15938.2,-2132.38,2026/01/29 20:03:49
4483,488.54,15934.2,-2137.63,2026/01/29 20:03:49
4484,488.64,15940.2,-2132.41,2026/01/29 20:03:49
4485,488.75,15938.2,-2136.82,2026/01/29 20:03:49
4486,488.86,15938.1,-2133.8,2026/01/29 20:03:49
4487,488.97,15933,-2133.88,2026/01/29 20:03:49
4488,489.08,15892.9,-2130.21,2026/01/29 20:03:49
4489,489.19,15864.6,-2122.31,2026/01/29 20:03:50
4490,489.3,15846.6,-2118.79,2026/01/29 20:03:50
4491,489.41,15836.9,-2118.06,2026/01/29 20:03:50
4492,489.52,15847.8,-2122.81,2026/01/29 20:03:50
4493,489.63,15873.2,-2133.06,2026/01/29 20:03:50
4494,489.73,15887.1,-2134.6,2026/01/29 20:03:50
4495,489.84,15912.6,-2133.81,2026/01/29 20:03:50
4496,489.95,15923.1,-2132.51,2026/01/29 20:03:50
4497,490.06,15931.6,-2132.67,2026/01/29 20:03:50
4498,490.17,15933.3,-2131.4,2026/01/29 20:03:51
4499,490.28,15926.7,-2131.32,2026/01/29 20:03:51
4500,490.39,15924,-2123.1,2026/01/29 20:03:51
4501,490.5,15877.8,-2125.33,2026/01/29 20:03:51
4502,490.61,15880.3,-2124.61,2026/01/29 20:03:51
4503,490.72,15887.9,-2134.57,2026/01/29 20:03:51
4504,490.83,15898.7,-2130.03,2026/01/29 20:03:51
4505,490.93,15915.2,-2133.31,2026/01/29 20:03:51
4506,491.04,15924.7,-2130.81,2026/01/29 20:03:51
4507,491.15,15933.2,-2132,2026/01/29 20:03:52
4508,491.26,15932.9,-2132.66,2026/01/29 20:03:52
4509,491.37,15931,-2129.88,2026/01/29 20:03:52
4510,491.48,15918.3,-2128.67,2026/01/29 20:03:52
4511,491.59,15888.1,-2129.44,2026/01/29 20:03:52
4512,491.7,15883.6,-2128.78,2026/01/29 20:03:52
4513,491.81,15902,-2132.17,2026/01/29 20:03:52
4514,491.92,15910.2,-2130.63,2026/01/29 20:03:52
4515,492.02,15921.3,-2131.23,2026/01/29 20:03:52
4516,492.13,15924.6,-2131.67,2026/01/29 20:03:52
4517,492.24,15931.7,-2131.3,2026/01/29 20:03:53
4518,492.35,15932.6,-2130.01,2026/01/29 20:03:53
4519,492.46,15926.2,-2129.87,2026/01/29 20:03:53
4520,492.57,15916.2,-2125.86,2026/01/29 20:03:53
4521,492.68,15894.5,-2130.49,2026/01/29 20:03:53
4522,492.79,15899.5,-2126.01,2026/01/29 20:03:53
4523,492.9,15910.6,-2132.81,2026/01/29 20:03:53
4524,493,15920.8,-2131.21,2026/01/29 20:03:53
4525,493.11,15925.7,-2131.55,2026/01/29 20:03:53
4526,493.22,15929,-2131.18,2026/01/29 20:03:54
4527,493.33,15934.1,-2128.84,2026/01/29 20:03:54
4528,493.44,15928.3,-2128.06,2026/01/29 20:03:54
4529,493.55,15903,-2127.27,2026/01/29 20:03:54
4530,493.66,15861.3,-2125.94,2026/01/29 20:03:54
4531,493.77,15863.4,-2125.4,2026/01/29 20:03:54
4532,493.88,15878,-2127.58,2026/01/29 20:03:54
4533,493.99,15904.1,-2131.91,2026/01/29 20:03:54
4534,494.1,15920.1,-2133.78,2026/01/29 20:03:54
4535,494.2,15929.5,-2132.32,2026/01/29 20:03:55
4536,494.31,15934,-2132.51,2026/01/29 20:03:55
4537,494.42,15930.6,-2128.96,2026/01/29 20:03:55
4538,494.53,15921.2,-2126.43,2026/01/29 20:03:55
4539,494.64,15884.5,-2129.24,2026/01/29 20:03:55
4540,494.75,15882.2,-2127.32,2026/01/29 20:03:55
4541,494.86,15898,-2130.39,2026/01/29 20:03:55
4542,494.97,15916.4,-2132.07,2026/01/29 20:03:55
4543,495.08,15924.7,-2130.79,2026/01/29 20:03:55
4544,495.18,15930.7,-2132.26,2026/01/29 20:03:56
4545,495.3,15933.5,-2130.19,2026/01/29 20:03:56
4546,495.4,15931.5,-2128.35,2026/01/29 20:03:56
4547,495.51,15910.4,-2125.86,2026/01/29 20:03:56
4548,495.62,15868.7,-2129.05,2026/01/29 20:03:56
4549,495.73,15865.8,-2123.51,2026/01/29 20:03:56
4550,495.84,15876.8,-2129.19,2026/01/29 20:03:56
4551,495.95,15896.8,-2128.17,2026/01/29 20:03:56
4552,496.06,15915.8,-2135.57,2026/01/29 20:03:56
4553,496.17,15926.5,-2131.47,2026/01/29 20:03:57
4554,496.28,15933.2,-2132.73,2026/01/29 20:03:57
4555,496.38,15931.8,-2129.75,2026/01/29 20:03:57
4556,496.49,15903.6,-2126.52,2026/01/29 20:03:57
4557,496.6,15865.7,-2125.56,2026/01/29 20:03:57
4558,496.71,15862.4,-2125.03,2026/01/29 20:03:57
4559,496.82,15882.3,-2127.93,2026/01/29 20:03:57
4560,496.93,15907.5,-2133.69,2026/01/29 20:03:57
4561,497.04,15920.8,-2133.83,2026/01/29 20:03:57
4562,497.15,15930,-2136.91,2026/01/29 20:03:58
4563,497.25,15933,-2136.78,2026/01/29 20:03:58
4564,497.36,15931.5,-2136.11,2026/01/29 20:03:58
4565,497.47,15911.4,-2130.05,2026/01/29 20:03:58
4566,497.58,15865.4,-2124.83,2026/01/29 20:03:58
4567,497.69,15867.5,-2122.41,2026/01/29 20:03:58
4568,497.8,15888.3,-2131.77,2026/01/29 20:03:58
4569,497.91,15913,-2130.6,2026/01/29 20:03:58
4570,498.02,15926.7,-2132.86,2026/01/29 20:03:58
4571,498.13,15932.3,-2132.71,2026/01/29 20:03:58
4572,498.24,15936.1,-2130.92,2026/01/29 20:03:59
4573,498.34,15932.9,-2130.47,2026/01/29 20:03:59
4574,498.45,15905.4,-2126.12,2026/01/29 20:03:59
4575,498.56,15849.8,-2128.03,2026/01/29 20:03:59
4576,498.67,15866.4,-2126.64,2026/01/29 20:03:59
4577,498.78,15881,-2132.3,2026/01/29 20:03:59
4578,498.89,15916.5,-2132.29,2026/01/29 20:03:59
4579,499,15923.6,-2133.88,2026/01/29 20:03:59
4580,499.11,15932.7,-2131.17,2026/01/29 20:03:59
4581,499.22,15932.4,-2130.75,2026/01/29 20:04:00
4582,499.33,15924.6,-2127.67,2026/01/29 20:04:00
4583,499.44,15876.5,-2128.31,2026/01/29 20:04:00
4584,499.54,15859.7,-2129.51,2026/01/29 20:04:00
4585,499.65,15877.9,-2130.62,2026/01/29 20:04:00
4586,499.76,15894.9,-2131.67,2026/01/29 20:04:00
4587,499.87,15915.6,-2133.29,2026/01/29 20:04:00
4588,499.98,15920.9,-2131.26,2026/01/29 20:04:00
4589,500.09,15930.6,-2132.11,2026/01/29 20:04:00
4590,500.2,15929.7,-2129.08,2026/01/29 20:04:01
4591,500.31,15918.3,-2126.46,2026/01/29 20:04:01
4592,500.42,15873.6,-2127.94,2026/01/29 20:04:01
4593,500.52,15871.9,-2129.25,2026/01/29 20:04:01
4594,500.63,15893,-2128.82,2026/01/29 20:04:01
4595,500.74,15908.7,-2134.48,2026/01/29 20:04:01
4596,500.85,15922.9,-2128.84,2026/01/29 20:04:01
4597,500.96,15927.7,-2133.77,2026/01/29 20:04:01
4598,501.07,15931.5,-2130.46,2026/01/29 20:04:01
4599,501.18,15929.6,-2128.89,2026/01/29 20:04:02
4600,501.29,15897,-2127.61,2026/01/29 20:04:02
4601,501.4,15862.6,-2124.91,2026/01/29 20:04:02
4602,501.51,15875.3,-2130.11,2026/01/29 20:04:02
4603,501.62,15892.4,-2131.28,2026/01/29 20:04:02
4604,501.72,15909.7,-2132.63,2026/01/29 20:04:02
4605,501.83,15927.4,-2131.78,2026/01/29 20:04:02
4606,501.94,15926.4,-2132.8,2026/01/29 20:04:02
4607,502.05,15935.7,-2129.46,2026/01/29 20:04:02
4608,502.16,15922.2,-2129.98,2026/01/29 20:04:03
4609,502.27,15872.7,-2122.53,2026/01/29 20:04:03
4610,502.38,15866.4,-2124.39,2026/01/29 20:04:03
4611,502.49,15886.9,-2129.14,2026/01/29 20:04:03
4612,502.6,15912.5,-2131.71,2026/01/29 20:04:03
4613,502.71,15922.7,-2136.74,2026/01/29 20:04:03
4614,502.82,15929.1,-2136.5,2026/01/29 20:04:03
4615,502.92,15930.3,-2135.49,2026/01/29 20:04:03
4616,503.03,15927.7,-2135.24,2026/01/29 20:04:03
4617,503.14,15879.2,-2133.07,2026/01/29 20:04:04
4618,503.25,15849.2,-2126.01,2026/01/29 20:04:04
4619,503.36,15861.9,-2126.48,2026/01/29 20:04:04
4620,503.47,15883.5,-2131.67,2026/01/29 20:04:04
4621,503.58,15913.5,-2133.14,2026/01/29 20:04:04
4622,503.69,15921.2,-2133.76,2026/01/29 20:04:04
4623,503.8,15933,-2130.83,2026/01/29 20:04:04
4624,503.91,15929.9,-2133.39,2026/01/29 20:04:04
4625,504.01,15915.5,-2126.1,2026/01/29 20:04:04
4626,504.12,15853,-2125.27,2026/01/29 20:04:04
4627,504.23,15841.7,-2120.56,2026/01/29 20:04:05
4628,504.34,15866.6,-2128.08,2026/01/29 20:04:05
4629,504.45,15880.2,-2132.56,2026/01/29 20:04:05
4630,504.56,15911.4,-2131.91,2026/01/29 20:04:05
4631,504.67,15921.7,-2133.61,2026/01/29 20:04:05
4632,504.78,15928.3,-2131.62,2026/01/29 20:04:05
4633,504.89,15919.6,-2129.79,2026/01/29 20:04:05
4634,504.99,15873.2,-2130.68,2026/01/29 20:04:05
4635,505.1,15839.4,-2121.45,2026/01/29 20:04:05
4636,505.21,15858,-2126.12,2026/01/29 20:04:06
4637,505.32,15873.5,-2132.96,2026/01/29 20:04:06
4638,505.43,15901.9,-2132.9,2026/01/29 20:04:06
4639,505.54,15915.1,-2137.73,2026/01/29 20:04:06
4640,505.65,15921.8,-2136.43,2026/01/29 20:04:06
4641,505.76,15925.4,-2137.06,2026/01/29 20:04:06
4642,505.87,15919.1,-2135.35,2026/01/29 20:04:06
4643,505.98,15880.5,-2133.43,2026/01/29 20:04:06
4644,506.09,15872.1,-2135.42,2026/01/29 20:04:06
4645,506.2,15891.6,-2134.26,2026/01/29 20:04:07
4646,506.3,15910.5,-2137.49,2026/01/29 20:04:07
4647,506.41,15918.9,-2136.51,2026/01/29 20:04:07
4648,506.52,15923.5,-2136.17,2026/01/29 20:04:07
4649,506.63,15927.7,-2136.07,2026/01/29 20:04:07
4650,506.74,15926.3,-2134.18,2026/01/29 20:04:07
4651,506.85,15902.9,-2134.65,2026/01/29 20:04:07
4652,506.96,15862.9,-2128.69,2026/01/29 20:04:07
4653,507.07,15860,-2129.24,2026/01/29 20:04:07
4654,507.18,15889.3,-2130.17,2026/01/29 20:04:08
4655,507.29,15907.6,-2132.95,2026/01/29 20:04:08
4656,507.39,15925.7,-2131.1,2026/01/29 20:04:08
4657,507.5,15925.7,-2132.06,2026/01/29 20:04:08
4658,507.61,15927.5,-2128.39,2026/01/29 20:04:08
4659,507.72,15906.4,-2125.74,2026/01/29 20:04:08
4660,507.83,15856.4,-2127,2026/01/29 20:04:08
4661,507.94,15853.2,-2124.92,2026/01/29 20:04:08
4662,508.05,15874.6,-2128.85,2026/01/29 20:04:08
4663,508.16,15889.1,-2132.29,2026/01/29 20:04:09
4664,508.27,15911.5,-2135,2026/01/29 20:04:09
4665,508.37,15920.3,-2131.83,2026/01/29 20:04:09
4666,508.49,15927.6,-2132.42,2026/01/29 20:04:09
4667,508.59,15928.1,-2130.12,2026/01/29 20:04:09
4668,508.7,15895.7,-2126.08,2026/01/29 20:04:09
4669,508.81,15855.8,-2123.58,2026/01/29 20:04:09
4670,508.92,15872.9,-2128.46,2026/01/29 20:04:09
4671,509.03,15886.2,-2131.86,2026/01/29 20:04:09
4672,509.14,15909.9,-2130.47,2026/01/29 20:04:10
4673,509.25,15918.2,-2132.58,2026/01/29 20:04:10
4674,509.36,15929.1,-2131.87,2026/01/29 20:04:10
4675,509.47,15923.7,-2134.92,2026/01/29 20:04:10
4676,509.58,15911.3,-2133.31,2026/01/29 20:04:10
4677,509.69,15856.7,-2129.63,2026/01/29 20:04:10
4678,509.79,15860.8,-2127.67,2026/01/29 20:04:10
4679,509.9,15881.6,-2130.54,2026/01/29 20:04:10
4680,510.01,15903.3,-2132.06,2026/01/29 20:04:10
4681,510.12,15919,-2132.16,2026/01/29 20:04:10
4682,510.23,15923.7,-2132.85,2026/01/29 20:04:11
4683,510.34,15927.3,-2128.71,2026/01/29 20:04:11
4684,510.45,15899.9,-2130.17,2026/01/29 20:04:11
4685,510.56,15857.9,-2124.74,2026/01/29 20:04:11
4686,510.67,15859.3,-2127.69,2026/01/29 20:04:11
4687,510.78,15878.9,-2127.94,2026/01/29 20:04:11
4688,510.88,15901.1,-2134.23,2026/01/29 20:04:11
4689,510.99,15915.8,-2132.86,2026/01/29 20:04:11
4690,511.1,15927,-2132.28,2026/01/29 20:04:11
4691,511.21,15919.6,-2131.51,2026/01/29 20:04:12
4692,511.32,15868.4,-2129.06,2026/01/29 20:04:12
4693,511.43,15850.5,-2124.73,2026/01/29 20:04:12
4694,511.54,15873.8,-2125.86,2026/01/29 20:04:12
4695,511.65,15879,-2131.34,2026/01/29 20:04:12
4696,511.76,15907,-2134.72,2026/01/29 20:04:12
4697,511.87,15917.9,-2133,2026/01/29 20:04:12
4698,511.98,15927.8,-2133.48,2026/01/29 20:04:12
4699,512.08,15927.9,-2131.24,2026/01/29 20:04:12
4700,512.19,15912.9,-2128.53,2026/01/29 20:04:13
4701,512.3,15852.9,-2127.02,2026/01/29 20:04:13
4702,512.41,15848.5,-2121.82,2026/01/29 20:04:13
4703,512.52,15876.8,-2128.05,2026/01/29 20:04:13
4704,512.63,15879.6,-2133.84,2026/01/29 20:04:13
4705,512.74,15913.1,-2134.07,2026/01/29 20:04:13
4706,512.85,15918.7,-2132.98,2026/01/29 20:04:13
4707,512.96,15926.2,-2131.41,2026/01/29 20:04:13
4708,513.07,15923.1,-2130.11,2026/01/29 20:04:13
4709,513.17,15885,-2128.47,2026/01/29 20:04:14
4710,513.28,15860.8,-2129.09,2026/01/29 20:04:14
4711,513.39,15877.1,-2128.87,2026/01/29 20:04:14
4712,513.5,15890.7,-2131.58,2026/01/29 20:04:14
4713,513.61,15907.6,-2134.28,2026/01/29 20:04:14
4714,513.72,15921.4,-2129.5,2026/01/29 20:04:14
4715,513.83,15918.4,-2133.68,2026/01/29 20:04:14
4716,513.94,15928.9,-2129.4,2026/01/29 20:04:14
4717,514.05,15925.6,-2130.58,2026/01/29 20:04:14
4718,514.15,15905.1,-2125.52,2026/01/29 20:04:15
4719,514.26,15864.1,-2128.23,2026/01/29 20:04:15
4720,514.37,15862.1,-2125.62,2026/01/29 20:04:15
4721,514.48,15878.1,-2128.22,2026/01/29 20:04:15
4722,514.59,15899.4,-2133.8,2026/01/29 20:04:15
4723,514.7,15920.7,-2130.49,2026/01/29 20:04:15
4724,514.81,15926.2,-2134.55,2026/01/29 20:04:15
4725,514.92,15931.9,-2128.91,2026/01/29 20:04:15
4726,515.03,15918.1,-2130.1,2026/01/29 20:04:15
4727,515.13,15852.5,-2125.64,2026/01/29 20:04:15
4728,515.24,15844.7,-2118.76,2026/01/29 20:04:16
4729,515.35,15868.2,-2122,2026/01/29 20:04:16
4730,515.46,15878,-2132.95,2026/01/29 20:04:16
4731,515.57,15904.8,-2134.37,2026/01/29 20:04:16
4732,515.68,15920.7,-2132.65,2026/01/29 20:04:16
4733,515.79,15926.1,-2135.04,2026/01/29 20:04:16
4734,515.9,15927.5,-2128.87,2026/01/29 20:04:16
4735,516.01,15897.6,-2131.17,2026/01/29 20:04:16
4736,516.12,15886.1,-2125.4,2026/01/29 20:04:16
4737,516.23,15887.8,-2131.15,2026/01/29 20:04:17
4738,516.33,15901.8,-2130.7,2026/01/29 20:04:17
4739,516.44,15915.2,-2133.33,2026/01/29 20:04:17
4740,516.55,15923.1,-2131.8,2026/01/29 20:04:17
4741,516.66,15930.5,-2132.82,2026/01/29 20:04:17
4742,516.77,15929,-2131.68,2026/01/29 20:04:17
4743,516.88,15915.8,-2126.87,2026/01/29 20:04:17
4744,516.99,15867.2,-2130.77,2026/01/29 20:04:17
4745,517.1,15870.5,-2119.83,2026/01/29 20:04:17
4746,517.21,15882.2,-2131.74,2026/01/29 20:04:18
4747,517.32,15910.9,-2131.26,2026/01/29 20:04:18
4748,517.43,15921.4,-2133.08,2026/01/29 20:04:18
4749,517.53,15930.2,-2130.61,2026/01/29 20:04:18
4750,517.64,15931.6,-2131.23,2026/01/29 20:04:18
4751,517.75,15924.3,-2127.95,2026/01/29 20:04:18
4752,517.86,15895.3,-2126.58,2026/01/29 20:04:18
4753,517.97,15885.3,-2128.58,2026/01/29 20:04:18
4754,518.08,15908.8,-2129.06,2026/01/29 20:04:18
4755,518.19,15914.9,-2133.48,2026/01/29 20:04:19
4756,518.3,15928.1,-2129.45,2026/01/29 20:04:19
4757,518.41,15925.3,-2131.38,2026/01/29 20:04:19
4758,518.52,15933,-2129.51,2026/01/29 20:04:19
4759,518.63,15917.7,-2127.93,2026/01/29 20:04:19
4760,518.73,15903.6,-2126.31,2026/01/29 20:04:19
4761,518.84,15901.3,-2125.97,2026/01/29 20:04:19
4762,518.95,15913.4,-2131.45,2026/01/29 20:04:19
4763,519.06,15922.3,-2129.69,2026/01/29 20:04:19
4764,519.17,15921.1,-2131.28,2026/01/29 20:04:20
4765,519.28,15929.5,-2130.24,2026/01/29 20:04:20
4766,519.39,15927.9,-2128.82,2026/01/29 20:04:20
4767,519.5,15920.7,-2128.68,2026/01/29 20:04:20
4768,519.61,15872.7,-2123.01,2026/01/29 20:04:20
4769,519.71,15875.5,-2127.36,2026/01/29 20:04:20
4770,519.82,15893.4,-2129.59,2026/01/29 20:04:20
4771,519.93,15913.5,-2132.08,2026/01/29 20:04:20
4772,520.04,15923.3,-2130.14,2026/01/29 20:04:20
4773,520.15,15925.8,-2131.47,2026/01/29 20:04:21
4774,520.26,15931.1,-2129.76,2026/01/29 20:04:21
4775,520.37,15915.2,-2127.54,2026/01/29 20:04:21
4776,520.48,15873.3,-2127.44,2026/01/29 20:04:21
4777,520.59,15876,-2127.84,2026/01/29 20:04:21
4778,520.69,15893.1,-2129.55,2026/01/29 20:04:21
4779,520.8,15912.3,-2132.68,2026/01/29 20:04:21
4780,520.91,15919.3,-2131.73,2026/01/29 20:04:21
4781,521.02,15928.4,-2131.39,2026/01/29 20:04:21
4782,521.13,15922.8,-2128.76,2026/01/29 20:04:21
4783,521.24,15866.4,-2125.71,2026/01/29 20:04:22
4784,521.35,15860.2,-2129,2026/01/29 20:04:22
4785,521.46,15888.7,-2127.51,2026/01/29 20:04:22
4786,521.57,15899.9,-2133.97,2026/01/29 20:04:22
4787,521.68,15918.2,-2131.32,2026/01/29 20:04:22
4788,521.78,15919.2,-2131.24,2026/01/29 20:04:22
4789,521.89,15927,-2131.17,2026/01/29 20:04:22
4790,522,15922,-2129.53,2026/01/29 20:04:22
4791,522.11,15882.5,-2124.8,2026/01/29 20:04:22
4792,522.22,15863.4,-2118.41,2026/01/29 20:04:23
4793,522.33,15869.1,-2122.24,2026/01/29 20:04:23
4794,522.44,15882,-2129.79,2026/01/29 20:04:23
4795,522.55,15902.3,-2131.57,2026/01/29 20:04:23
4796,522.66,15916.2,-2131.84,2026/01/29 20:04:23
4797,522.77,15923.7,-2130.87,2026/01/29 20:04:23
4798,522.88,15921.9,-2129.68,2026/01/29 20:04:23
4799,522.98,15902,-2122.9,2026/01/29 20:04:23
4800,523.09,15893.2,-2121.78,2026/01/29 20:04:23
4801,523.2,15894.9,-2127.17,2026/01/29 20:04:24
4802,523.31,15903.8,-2129.64,2026/01/29 20:04:24
4803,523.42,15919.4,-2131.28,2026/01/29 20:04:24
4804,523.53,15920.6,-2131.72,2026/01/29 20:04:24
4805,523.64,15931.2,-2129.02,2026/01/29 20:04:24
4806,523.75,15926.6,-2130.37,2026/01/29 20:04:24
4807,523.86,15921.6,-2124.18,2026/01/29 20:04:24
4808,523.96,15880.6,-2121.54,2026/01/29 20:04:24
4809,524.07,15886.3,-2126.99,2026/01/29 20:04:24
4810,524.18,15897.5,-2128.7,2026/01/29 20:04:25
4811,524.29,15915.1,-2130.83,2026/01/29 20:04:25
4812,524.4,15921.8,-2130.01,2026/01/29 20:04:25
4813,524.51,15926.1,-2131.33,2026/01/29 20:04:25
4814,524.62,15928.1,-2128.83,2026/01/29 20:04:25
4815,524.73,15916.6,-2125.14,2026/01/29 20:04:25
4816,524.84,15890.3,-2124.45,2026/01/29 20:04:25
4817,524.95,15885.2,-2128.46,2026/01/29 20:04:25
4818,525.05,15899.7,-2126.2,2026/01/29 20:04:25
4819,525.16,15912.6,-2132.85,2026/01/29 20:04:26
4820,525.27,15923.1,-2130.08,2026/01/29 20:04:26
4821,525.38,15926.5,-2130.72,2026/01/29 20:04:26
4822,525.49,15930.6,-2129.38,2026/01/29 20:04:26
4823,525.6,15922.8,-2125.81,2026/01/29 20:04:26
4824,525.71,15871,-2126.59,2026/01/29 20:04:26
4825,525.82,15884.6,-2123.83,2026/01/29 20:04:26
4826,525.93,15886.7,-2130.56,2026/01/29 20:04:26
4827,526.04,15904.6,-2131.96,2026/01/29 20:04:26
4828,526.14,15915.2,-2132.37,2026/01/29 20:04:27
4829,526.25,15922.1,-2128.6,2026/01/29 20:04:27
4830,526.36,15924.9,-2132.66,2026/01/29 20:04:27
4831,526.47,15926.7,-2121.62,2026/01/29 20:04:27
4832,526.58,15908.4,-2121.68,2026/01/29 20:04:27
4833,526.69,15905.3,-2127.81,2026/01/29 20:04:27
4834,526.8,15913.2,-2130.08,2026/01/29 20:04:27
4835,526.91,15919.5,-2130.72,2026/01/29 20:04:27
4836,527.02,15923.5,-2128.53,2026/01/29 20:04:27
4837,527.13,15927.8,-2129.9,2026/01/29 20:04:27
4838,527.24,15928.7,-2126.5,2026/01/29 20:04:28
4839,527.34,15911.2,-2118.72,2026/01/29 20:04:28
4840,527.45,15891.5,-2124.57,2026/01/29 20:04:28
4841,527.56,15902.3,-2131.72,2026/01/29 20:04:28
4842,527.67,15917.3,-2127.79,2026/01/29 20:04:28
4843,527.78,15919.1,-2130.89,2026/01/29 20:04:28
4844,527.89,15926.5,-2129.92,2026/01/29 20:04:28
4845,528,15926.3,-2128.58,2026/01/29 20:04:28
4846,528.11,15905.3,-2124.75,2026/01/29 20:04:28
4847,528.22,15899.7,-2125.27,2026/01/29 20:04:29
4848,528.32,15906.4,-2129.52,2026/01/29 20:04:29
4849,528.43,15916.6,-2130.52,2026/01/29 20:04:29
4850,528.54,15919.2,-2129.72,2026/01/29 20:04:29
4851,528.65,15922.5,-2127.93,2026/01/29 20:04:29
4852,528.76,15927.9,-2130.61,2026/01/29 20:04:29
4853,528.87,15900.2,-2123.42,2026/01/29 20:04:29
4854,528.98,15875,-2127.42,2026/01/29 20:04:29
4855,529.09,15887.2,-2126.59,2026/01/29 20:04:29
4856,529.2,15903.6,-2130.72,2026/01/29 20:04:30
4857,529.31,15913.3,-2130.93,2026/01/29 20:04:30
4858,529.41,15921.8,-2129.23,2026/01/29 20:04:30
4859,529.52,15920.9,-2129.31,2026/01/29 20:04:30
4860,529.63,15929.7,-2129.78,2026/01/29 20:04:30
4861,529.74,15879.1,-2127.23,2026/01/29 20:04:30
4862,529.85,15874.2,-2124.67,2026/01/29 20:04:30
4863,529.96,15886.3,-2125.05,2026/01/29 20:04:30
4864,530.07,15888.9,-2130.31,2026/01/29 20:04:30
4865,530.18,15911.9,-2132.35,2026/01/29 20:04:31
4866,530.29,15919.7,-2130.67,2026/01/29 20:04:31
4867,530.39,15928.3,-2131.34,2026/01/29 20:04:31
4868,530.5,15927.9,-2129.75,2026/01/29 20:04:31
4869,530.61,15890.1,-2125.13,2026/01/29 20:04:31
4870,530.72,15882.8,-2128.92,2026/01/29 20:04:31
4871,530.83,15888.2,-2130.35,2026/01/29 20:04:31
4872,530.94,15897.3,-2131.06,2026/01/29 20:04:31
4873,531.05,15912.4,-2132.14,2026/01/29 20:04:31
4874,531.16,15918.3,-2131.47,2026/01/29 20:04:32
4875,531.27,15925.2,-2129.02,2026/01/29 20:04:32
4876,531.38,15932.4,-2124.71,2026/01/29 20:04:32
4877,531.49,15931.9,-2121.56,2026/01/29 20:04:32
4878,531.59,15914.2,-2126.37,2026/01/29 20:04:32
4879,531.7,15917.4,-2129.87,2026/01/29 20:04:32
4880,531.81,15926,-2129.58,2026/01/29 20:04:32
4881,531.92,15923.4,-2131.42,2026/01/29 20:04:32
4882,532.03,15936.3,-2129.78,2026/01/29 20:04:32
4883,532.14,15922.1,-2124.53,2026/01/29 20:04:33
4884,532.25,15894.6,-2125.58,2026/01/29 20:04:33
4885,532.36,15887.1,-2124.12,2026/01/29 20:04:33
4886,532.47,15893.6,-2128.52,2026/01/29 20:04:33
4887,532.57,15911.8,-2131.86,2026/01/29 20:04:33
4888,532.69,15918.1,-2130.61,2026/01/29 20:04:33
4889,532.8,15926.1,-2130.58,2026/01/29 20:04:33
4890,532.9,15928.4,-2129.46,2026/01/29 20:04:33
4891,533.01,15902.1,-2122.47,2026/01/29 20:04:33
4892,533.12,15891.8,-2124.52,2026/01/29 20:04:33
4893,533.23,15888.9,-2125.08,2026/01/29 20:04:34
4894,533.34,15896.3,-2131.09,2026/01/29 20:04:34
4895,533.45,15918.9,-2132.31,2026/01/29 20:04:34
4896,533.56,15920.9,-2129.33,2026/01/29 20:04:34
4897,533.67,15930.8,-2130.85,2026/01/29 20:04:34
4898,533.78,15927.6,-2127.85,2026/01/29 20:04:34
4899,533.88,15897.3,-2122.09,2026/01/29 20:04:34
4900,533.99,15892.3,-2124.99,2026/01/29 20:04:34
4901,534.1,15895.6,-2128.86,2026/01/29 20:04:34
4902,534.21,15916.3,-2131.4,2026/01/29 20:04:35
4903,534.32,15921.4,-2130.07,2026/01/29 20:04:35
4904,534.43,15929.9,-2130.01,2026/01/29 20:04:35
4905,534.54,15928.4,-2130.23,2026/01/29 20:04:35
4906,534.65,15906.1,-2123.81,2026/01/29 20:04:35
4907,534.76,15895.7,-2122.27,2026/01/29 20:04:35
4908,534.87,15890.3,-2126.65,2026/01/29 20:04:35
4909,534.98,15897,-2128.78,2026/01/29 20:04:35
4910,535.08,15915.5,-2131.34,2026/01/29 20:04:35
4911,535.19,15923.1,-2131.37,2026/01/29 20:04:36
4912,535.3,15929,-2129.03,2026/01/29 20:04:36
4913,535.41,15934.7,-2125.88,2026/01/29 20:04:36
4914,535.52,15906.3,-2122.52,2026/01/29 20:04:36
4915,535.63,15887.5,-2125.52,2026/01/29 20:04:36
4916,535.74,15897.3,-2129.66,2026/01/29 20:04:36
4917,535.85,15918.6,-2129.82,2026/01/29 20:04:36
4918,535.96,15918.5,-2131.42,2026/01/29 20:04:36
4919,536.07,15930.4,-2131.31,2026/01/29 20:04:36
4920,536.18,15930.4,-2127.78,2026/01/29 20:04:37
4921,536.28,15927,-2124.92,2026/01/29 20:04:37
4922,536.39,15905.9,-2120.37,2026/01/29 20:04:37
4923,536.5,15893.1,-2125.6,2026/01/29 20:04:37
4924,536.61,15906.1,-2130.3,2026/01/29 20:04:37
4925,536.72,15920.3,-2131.26,2026/01/29 20:04:37
4926,536.83,15929,-2130.92,2026/01/29 20:04:37
4927,536.94,15932.6,-2130.09,2026/01/29 20:04:37
4928,537.05,15933.7,-2129.02,2026/01/29 20:04:37
4929,537.16,15896.7,-2122.57,2026/01/29 20:04:38
4930,537.27,15896,-2123.66,2026/01/29 20:04:38
4931,537.38,15901.4,-2131.3,2026/01/29 20:04:38
4932,537.49,15925.3,-2131.85,2026/01/29 20:04:38
4933,537.59,15926.7,-2130.71,2026/01/29 20:04:38
4934,537.7,15936.1,-2130.9,2026/01/29 20:04:38
4935,537.81,15931.3,-2128.38,2026/01/29 20:04:38
4936,537.92,15884.6,-2126.47,2026/01/29 20:04:38
4937,538.03,15892.8,-2126.65,2026/01/29 20:04:38
4938,538.14,15907.1,-2130.48,2026/01/29 20:04:39
4939,538.25,15923.4,-2131.59,2026/01/29 20:04:39
4940,538.36,15927.4,-2131.49,2026/01/29 20:04:39
4941,538.47,15935.7,-2128.97,2026/01/29 20:04:39
4942,538.58,15929.8,-2131.56,2026/01/29 20:04:39
4943,538.68,15884.5,-2122.76,2026/01/29 20:04:39
4944,538.79,15890.9,-2124.84,2026/01/29 20:04:39
4945,538.9,15903.1,-2130.07,2026/01/29 20:04:39
4946,539.01,15920.1,-2131.2,2026/01/29 20:04:39
4947,539.12,15930,-2131.93,2026/01/29 20:04:39
4948,539.23,15934.4,-2130.6,2026/01/29 20:04:40
4949,539.34,15935.8,-2131.67,2026/01/29 20:04:40
4950,539.45,15930.8,-2127.25,2026/01/29 20:04:40
4951,539.56,15880.5,-2124.09,2026/01/29 20:04:40
4952,539.66,15910.8,-2124.72,2026/01/29 20:04:40
4953,539.78,15895.4,-2129.11,2026/01/29 20:04:40
4954,539.88,15913.7,-2129.49,2026/01/29 20:04:40
4955,539.99,15925.2,-2133.71,2026/01/29 20:04:40
4956,540.1,15933.8,-2132.67,2026/01/29 20:04:40
4957,540.21,15933.5,-2136.29,2026/01/29 20:04:41
4958,540.32,15932.9,-2132.03,2026/01/29 20:04:41
4959,540.43,15901.4,-2125.71,2026/01/29 20:04:41
4960,540.54,15897,-2127.9,2026/01/29 20:04:41
4961,540.65,15910.4,-2131.43,2026/01/29 20:04:41
4962,540.76,15922.2,-2133.09,2026/01/29 20:04:41
4963,540.87,15931.4,-2130.12,2026/01/29 20:04:41
4964,540.98,15932.6,-2131,2026/01/29 20:04:41
4965,541.08,15938,-2130.33,2026/01/29 20:04:41
4966,541.19,15929.9,-2126.26,2026/01/29 20:04:42
4967,541.3,15891.7,-2125.52,2026/01/29 20:04:42
4968,541.41,15893.3,-2127.92,2026/01/29 20:04:42
4969,541.52,15908.4,-2129.18,2026/01/29 20:04:42
4970,541.63,15923.8,-2133.19,2026/01/29 20:04:42
4971,541.74,15933.3,-2131.64,2026/01/29 20:04:42
4972,541.85,15937.6,-2130.69,2026/01/29 20:04:42
4973,541.96,15930.7,-2128.13,2026/01/29 20:04:42
4974,542.06,15890.1,-2125.07,2026/01/29 20:04:42
4975,542.17,15889.7,-2124.91,2026/01/29 20:04:43
4976,542.28,15904.5,-2128.82,2026/01/29 20:04:43
4977,542.39,15914.2,-2130.68,2026/01/29 20:04:43
4978,542.5,15927.7,-2132.38,2026/01/29 20:04:43
4979,542.61,15932.8,-2130.02,2026/01/29 20:04:43
4980,542.72,15935.7,-2134.59,2026/01/29 20:04:43
4981,542.83,15918.2,-2130.56,2026/01/29 20:04:43
4982,542.94,15898.3,-2126.28,2026/01/29 20:04:43
4983,543.05,15898.2,-2125.62,2026/01/29 20:04:43
4984,543.16,15903.3,-2128.82,2026/01/29 20:04:44
4985,543.26,15922,-2130.81,2026/01/29 20:04:44
4986,543.37,15928.2,-2132.93,2026/01/29 20:04:44
4987,543.48,15938.4,-2128.47,2026/01/29 20:04:44
4988,543.59,15931.7,-2130.25,2026/01/29 20:04:44
4989,543.7,15902.2,-2126.76,2026/01/29 20:04:44
4990,543.81,15888.3,-2125.76,2026/01/29 20:04:44
4991,543.92,15898.3,-2128.27,2026/01/29 20:04:44
4992,544.03,15909.7,-2130.74,2026/01/29 20:04:44
4993,544.14,15922.3,-2131.71,2026/01/29 20:04:45
4994,544.25,15927.8,-2129.71,2026/01/29 20:04:45
4995,544.35,15934.5,-2130.9,2026/01/29 20:04:45
4996,544.46,15934.5,-2125.17,2026/01/29 20:04:45
4997,544.57,15901,-2124.06,2026/01/29 20:04:45
4998,544.68,15906.6,-2126.02,2026/01/29 20:04:45
4999,544.79,15916.1,-2133.09,2026/01/29 20:04:45
5000,544.9,15928.3,-2128.27,2026/01/29 20:04:45
5001,545.01,15926.5,-2131.77,2026/01/29 20:04:45
5002,545.12,15935.6,-2129.55,2026/01/29 20:04:45
5003,545.23,15934.3,-2128.33,2026/01/29 20:04:46
5004,545.33,15896.8,-2126.32,2026/01/29 20:04:46
5005,545.44,15901.4,-2125.17,2026/01/29 20:04:46
5006,545.56,15909,-2130.78,2026/01/29 20:04:46
5007,545.66,15924.9,-2130.36,2026/01/29 20:04:46
5008,545.77,15930,-2130.58,2026/01/29 20:04:46
5009,545.88,15935.9,-2131.09,2026/01/29 20:04:46
5010,545.99,15938.4,-2129.45,2026/01/29 20:04:46
5011,546.1,15922.5,-2123.75,2026/01/29 20:04:46
5012,546.21,15884.6,-2125.21,2026/01/29 20:04:47
5013,546.32,15893.1,-2126.26,2026/01/29 20:04:47
5014,546.43,15902.6,-2131.42,2026/01/29 20:04:47
5015,546.54,15921.4,-2132.63,2026/01/29 20:04:47
5016,546.64,15929,-2131.36,2026/01/29 20:04:47
5017,546.75,15935.3,-2132.14,2026/01/29 20:04:47
5018,546.86,15940.7,-2133.59,2026/01/29 20:04:47
5019,546.97,15920.2,-2131.22,2026/01/29 20:04:47
5020,547.08,15905.9,-2124.43,2026/01/29 20:04:47
5021,547.19,15901,-2126.04,2026/01/29 20:04:48
5022,547.3,15908.9,-2131.15,2026/01/29 20:04:48
5023,547.41,15924,-2132.9,2026/01/29 20:04:48
5024,547.52,15931.8,-2131.13,2026/01/29 20:04:48
5025,547.63,15941.2,-2131.78,2026/01/29 20:04:48
5026,547.73,15940.7,-2129.83,2026/01/29 20:04:48
5027,547.84,15929.1,-2125.77,2026/01/29 20:04:48
5028,547.95,15906,-2126.78,2026/01/29 20:04:48
5029,548.06,15921.6,-2126.26,2026/01/29 20:04:48
5030,548.17,15923.4,-2132.76,2026/01/29 20:04:49
5031,548.28,15935.8,-2130.67,2026/01/29 20:04:49
5032,548.39,15934.4,-2129.78,2026/01/29 20:04:49
5033,548.5,15943.7,-2130.24,2026/01/29 20:04:49
5034,548.61,15935.3,-2126.27,2026/01/29 20:04:49
5035,548.71,15899.4,-2126.63,2026/01/29 20:04:49
5036,548.82,15906.9,-2125.31,2026/01/29 20:04:49
5037,548.93,15912.1,-2130.05,2026/01/29 20:04:49
5038,549.04,15926.4,-2131.19,2026/01/29 20:04:49
5039,549.15,15931.2,-2131.65,2026/01/29 20:04:50
5040,549.26,15940.8,-2129.44,2026/01/29 20:04:50
5041,549.37,15939.3,-2131.6,2026/01/29 20:04:50
5042,549.48,15926.9,-2122.25,2026/01/29 20:04:50
5043,549.59,15894.9,-2127.79,2026/01/29 20:04:50
5044,549.69,15903.2,-2125.58,2026/01/29 20:04:50
5045,549.8,15908.6,-2128.44,2026/01/29 20:04:50
5046,549.91,15925.1,-2132.21,2026/01/29 20:04:50
5047,550.02,15932.5,-2131.2,2026/01/29 20:04:50
5048,550.13,15936.8,-2132.15,2026/01/29 20:04:50
5049,550.24,15943.3,-2129.38,2026/01/29 20:04:51
5050,550.35,15930.4,-2127.41,2026/01/29 20:04:51
5051,550.46,15893.6,-2126.83,2026/01/29 20:04:51
5052,550.57,15904.8,-2127.18,2026/01/29 20:04:51
5053,550.68,15917.4,-2129.08,2026/01/29 20:04:51
5054,550.79,15927.2,-2133.7,2026/01/29 20:04:51
5055,550.9,15934.5,-2128.16,2026/01/29 20:04:51
5056,551,15937.8,-2131.4,2026/01/29 20:04:51
5057,551.11,15943.2,-2127.76,2026/01/29 20:04:51
5058,551.22,15919.8,-2125.32,2026/01/29 20:04:52
5059,551.33,15905.3,-2126.07,2026/01/29 20:04:52
5060,551.44,15918,-2125.9,2026/01/29 20:04:52
5061,551.55,15925.4,-2131.4,2026/01/29 20:04:52
5062,551.66,15937.4,-2131.27,2026/01/29 20:04:52
5063,551.77,15941,-2130.51,2026/01/29 20:04:52
5064,551.88,15946,-2131.44,2026/01/29 20:04:52
5065,551.99,15932.6,-2126.69,2026/01/29 20:04:52
5066,552.09,15884.5,-2123.31,2026/01/29 20:04:52
5067,552.2,15903.3,-2127.75,2026/01/29 20:04:53
5068,552.31,15920.2,-2129.93,2026/01/29 20:04:53
5069,552.42,15932.4,-2131.99,2026/01/29 20:04:53
5070,552.53,15937.7,-2130.76,2026/01/29 20:04:53
5071,552.64,15944.7,-2131.27,2026/01/29 20:04:53
5072,552.75,15939.6,-2129.47,2026/01/29 20:04:53
5073,552.86,15936.1,-2123.45,2026/01/29 20:04:53
5074,552.97,15922,-2126.39,2026/01/29 20:04:53
5075,553.07,15935,-2129.51,2026/01/29 20:04:53
5076,553.18,15938.3,-2130.33,2026/01/29 20:04:54
5077,553.29,15945.6,-2136.01,2026/01/29 20:04:54
5078,553.4,15947.6,-2135.34,2026/01/29 20:04:54
5079,553.51,15949.6,-2135.43,2026/01/29 20:04:54
5080,553.62,15942,-2132.86,2026/01/29 20:04:54
5081,553.73,15903.7,-2133.47,2026/01/29 20:04:54
5082,553.84,15917,-2132.17,2026/01/29 20:04:54
5083,553.95,15928.1,-2136.85,2026/01/29 20:04:54
5084,554.06,15938.6,-2135.12,2026/01/29 20:04:54
5085,554.17,15941.1,-2138.52,2026/01/29 20:04:55
5086,554.27,15949.6,-2133.89,2026/01/29 20:04:55
5087,554.38,15938.4,-2135.33,2026/01/29 20:04:55
5088,554.49,15909.9,-2132.7,2026/01/29 20:04:55
5089,554.6,15916.6,-2132.38,2026/01/29 20:04:55
5090,554.71,15930.9,-2136.63,2026/01/29 20:04:55
5091,554.82,15937.4,-2136,2026/01/29 20:04:55
5092,554.93,15940.8,-2137.75,2026/01/29 20:04:55
5093,555.04,15946.6,-2135.12,2026/01/29 20:04:55
5094,555.15,15944,-2134.78,2026/01/29 20:04:56
5095,555.26,15915.1,-2132.8,2026/01/29 20:04:56
5096,555.36,15907.2,-2133.88,2026/01/29 20:04:56
5097,555.47,15922,-2133.21,2026/01/29 20:04:56
5098,555.58,15934.3,-2138.98,2026/01/29 20:04:56
5099,555.69,15942.8,-2134.9,2026/01/29 20:04:56
5100,555.8,15945.8,-2137.38,2026/01/29 20:04:56
5101,555.91,15947.7,-2135.13,2026/01/29 20:04:56
5102,556.02,15933.3,-2132.67,2026/01/29 20:04:56
5103,556.13,15917.9,-2132.85,2026/01/29 20:04:56
5104,556.24,15928.6,-2132.36,2026/01/29 20:04:57
5105,556.35,15934.4,-2137.58,2026/01/29 20:04:57
5106,556.46,15946.3,-2135.92,2026/01/29 20:04:57
5107,556.56,15945,-2135.55,2026/01/29 20:04:57
5108,556.67,15952.1,-2136.85,2026/01/29 20:04:57
5109,556.78,15939.8,-2132.33,2026/01/29 20:04:57
5110,556.89,15926.1,-2132.12,2026/01/29 20:04:57
5111,557,15931.2,-2132.39,2026/01/29 20:04:57
5112,557.11,15938.4,-2136.91,2026/01/29 20:04:57
5113,557.22,15945.9,-2136.93,2026/01/29 20:04:58
5114,557.33,15946,-2136.13,2026/01/29 20:04:58
5115,557.44,15952,-2135.94,2026/01/29 20:04:58
5116,557.54,15943.6,-2134.75,2026/01/29 20:04:58
5117,557.65,15918.8,-2130.06,2026/01/29 20:04:58
5118,557.76,15910.5,-2134.72,2026/01/29 20:04:58
5119,557.87,15929.1,-2134.49,2026/01/29 20:04:58
5120,557.98,15936.5,-2137.6,2026/01/29 20:04:58
5121,558.09,15947.2,-2136.79,2026/01/29 20:04:58
5122,558.2,15947.9,-2135.34,2026/01/29 20:04:59
5123,558.31,15942.7,-2133.98,2026/01/29 20:04:59
5124,558.42,15915.7,-2130.94,2026/01/29 20:04:59
5125,558.52,15918.2,-2132.74,2026/01/29 20:04:59
5126,558.63,15935.1,-2136.34,2026/01/29 20:04:59
5127,558.74,15940.5,-2136.76,2026/01/29 20:04:59
5128,558.85,15947.6,-2136.32,2026/01/29 20:04:59
5129,558.96,15949.6,-2137.28,2026/01/29 20:04:59
5130,559.07,15942.8,-2131.55,2026/01/29 20:04:59
5131,559.18,15909.3,-2134.14,2026/01/29 20:05:00
5132,559.29,15913.4,-2130.9,2026/01/29 20:05:00
5133,559.4,15926,-2136.75,2026/01/29 20:05:00
5134,559.51,15936.8,-2136.19,2026/01/29 20:05:00
5135,559.61,15945.1,-2136.87,2026/01/29 20:05:00
5136,559.72,15947.7,-2137.48,2026/01/29 20:05:00
5137,559.83,15944.4,-2132.35,2026/01/29 20:05:00
5138,559.94,15915.9,-2132.52,2026/01/29 20:05:00
5139,560.05,15924.9,-2133.28,2026/01/29 20:05:00
5140,560.16,15931.6,-2136.14,2026/01/29 20:05:01
5141,560.27,15943.4,-2138.13,2026/01/29 20:05:01
5142,560.38,15946.5,-2135.85,2026/01/29 20:05:01
5143,560.49,15951.1,-2136.67,2026/01/29 20:05:01
5144,560.6,15949.9,-2134.62,2026/01/29 20:05:01
5145,560.7,15919,-2133.41,2026/01/29 20:05:01
5146,560.81,15919,-2132.2,2026/01/29 20:05:01
5147,560.93,15928.7,-2136.44,2026/01/29 20:05:01
5148,561.03,15941.1,-2136.11,2026/01/29 20:05:01
5149,561.14,15944.6,-2139.04,2026/01/29 20:05:02
5150,561.25,15951.3,-2133.97,2026/01/29 20:05:02
5151,561.36,15948.1,-2137.32,2026/01/29 20:05:02
5152,561.47,15910.7,-2132.64,2026/01/29 20:05:02
5153,561.58,15907.9,-2132.92,2026/01/29 20:05:02
5154,561.69,15924.5,-2135.56,2026/01/29 20:05:02
5155,561.8,15938.1,-2137.87,2026/01/29 20:05:02
5156,561.9,15944.8,-2138.47,2026/01/29 20:05:02
5157,562.01,15952.2,-2135.81,2026/01/29 20:05:02
5158,562.12,15949.3,-2136.51,2026/01/29 20:05:02
5159,562.23,15927,-2132.87,2026/01/29 20:05:03
5160,562.34,15914.7,-2133.07,2026/01/29 20:05:03
5161,562.45,15928.8,-2135.87,2026/01/29 20:05:03
5162,562.56,15939.1,-2136.34,2026/01/29 20:05:03
5163,562.67,15945.2,-2136.8,2026/01/29 20:05:03
5164,562.78,15949,-2137.64,2026/01/29 20:05:03
5165,562.89,15950,-2135.46,2026/01/29 20:05:03
5166,563,15920.7,-2133.86,2026/01/29 20:05:03
5167,563.11,15918.2,-2132.22,2026/01/29 20:05:03
5168,563.21,15932.5,-2136.56,2026/01/29 20:05:04
5169,563.32,15940.8,-2137.36,2026/01/29 20:05:04
5170,563.43,15951.1,-2135.67,2026/01/29 20:05:04
5171,563.54,15950.4,-2137.84,2026/01/29 20:05:04
5172,563.65,15952.4,-2132.94,2026/01/29 20:05:04
5173,563.76,15903,-2134.97,2026/01/29 20:05:04
5174,563.87,15916.4,-2128.09,2026/01/29 20:05:04
5175,563.98,15925.3,-2136.07,2026/01/29 20:05:04
5176,564.09,15939.7,-2137.29,2026/01/29 20:05:04
5177,564.2,15943.4,-2136.07,2026/01/29 20:05:05
5178,564.3,15949.7,-2137.24,2026/01/29 20:05:05
5179,564.41,15919.3,-2126.87,2026/01/29 20:05:05
5180,564.52,15901.1,-2126.9,2026/01/29 20:05:05
5181,564.63,15919.1,-2127.73,2026/01/29 20:05:05
5182,564.74,15934.7,-2132.03,2026/01/29 20:05:05
5183,564.85,15943.7,-2132.66,2026/01/29 20:05:05
5184,564.96,15948.1,-2132.42,2026/01/29 20:05:05
5185,565.07,15954.5,-2130.35,2026/01/29 20:05:05
5186,565.18,15926.6,-2126.92,2026/01/29 20:05:06
5187,565.29,15892.5,-2123.48,2026/01/29 20:05:06
5188,565.39,15910,-2127.64,2026/01/29 20:05:06
5189,565.5,15924.3,-2132.54,2026/01/29 20:05:06
5190,565.61,15942.8,-2133.65,2026/01/29 20:05:06
5191,565.72,15945.2,-2133.6,2026/01/29 20:05:06
5192,565.83,15954.3,-2130.57,2026/01/29 20:05:06
5193,565.94,15953.1,-2133.72,2026/01/29 20:05:06
5194,566.05,15930.5,-2124.11,2026/01/29 20:05:06
5195,566.16,15900.1,-2128.01,2026/01/29 20:05:07
5196,566.27,15920.9,-2129.3,2026/01/29 20:05:07
5197,566.38,15934.3,-2132.94,2026/01/29 20:05:07
5198,566.48,15943.7,-2132.41,2026/01/29 20:05:07
5199,566.59,15945.3,-2131.83,2026/01/29 20:05:07
5200,566.7,15952.8,-2132.94,2026/01/29 20:05:07
5201,566.81,15952.6,-2128.68,2026/01/29 20:05:07
5202,566.92,15923.3,-2125.97,2026/01/29 20:05:07
5203,567.03,15927.8,-2127.08,2026/01/29 20:05:07
5204,567.14,15936.5,-2130,2026/01/29 20:05:08
5205,567.25,15946.2,-2132.72,2026/01/29 20:05:08
5206,567.36,15949.6,-2132.25,2026/01/29 20:05:08
5207,567.47,15956,-2131.41,2026/01/29 20:05:08
5208,567.57,15959.9,-2129.58,2026/01/29 20:05:08
5209,567.68,15929.7,-2126.38,2026/01/29 20:05:08
5210,567.79,15908.6,-2126.75,2026/01/29 20:05:08
5211,567.9,15919.3,-2127.95,2026/01/29 20:05:08
5212,568.01,15938.3,-2131.42,2026/01/29 20:05:08
5213,568.12,15946.8,-2133.46,2026/01/29 20:05:08
5214,568.23,15955.9,-2129.86,2026/01/29 20:05:09
5215,568.34,15956.8,-2134.36,2026/01/29 20:05:09
5216,568.45,15937.3,-2124.07,2026/01/29 20:05:09
5217,568.56,15910.8,-2127.51,2026/01/29 20:05:09
5218,568.66,15923.1,-2125.35,2026/01/29 20:05:09
5219,568.77,15937.8,-2132.33,2026/01/29 20:05:09
5220,568.88,15948.7,-2131.88,2026/01/29 20:05:09
5221,568.99,15954,-2131.44,2026/01/29 20:05:09
5222,569.1,15956.7,-2132.68,2026/01/29 20:05:09
5223,569.21,15957.1,-2127.14,2026/01/29 20:05:10
5224,569.32,15917.3,-2126.46,2026/01/29 20:05:10
5225,569.43,15924.3,-2125.49,2026/01/29 20:05:10
5226,569.54,15931.1,-2129.78,2026/01/29 20:05:10
5227,569.65,15949.2,-2132.64,2026/01/29 20:05:10
5228,569.76,15950.4,-2132.83,2026/01/29 20:05:10
5229,569.86,15957.1,-2136.82,2026/01/29 20:05:10
5230,569.97,15958.4,-2134.58,2026/01/29 20:05:10
5231,570.08,15924.5,-2133.17,2026/01/29 20:05:10
5232,570.19,15906.2,-2126.03,2026/01/29 20:05:11
5233,570.3,15919.6,-2128.41,2026/01/29 20:05:11
5234,570.41,15935.2,-2132.48,2026/01/29 20:05:11
5235,570.52,15943.3,-2131.59,2026/01/29 20:05:11
5236,570.63,15949.6,-2133.25,2026/01/29 20:05:11
5237,570.74,15956.1,-2131.24,2026/01/29 20:05:11
5238,570.85,15948.8,-2127.81,2026/01/29 20:05:11
5239,570.95,15900,-2124.6,2026/01/29 20:05:11
5240,571.06,15909.8,-2126.3,2026/01/29 20:05:11
5241,571.17,15921.9,-2130.47,2026/01/29 20:05:12
5242,571.28,15938.5,-2133.88,2026/01/29 20:05:12
5243,571.39,15949.2,-2136.03,2026/01/29 20:05:12
5244,571.5,15948.9,-2137.49,2026/01/29 20:05:12
5245,571.61,15956.4,-2136.15,2026/01/29 20:05:12
5246,571.72,15935.5,-2135.14,2026/01/29 20:05:12
5247,571.83,15898.4,-2126.41,2026/01/29 20:05:12
5248,571.93,15911.7,-2130.89,2026/01/29 20:05:12
5249,572.04,15928.4,-2131.84,2026/01/29 20:05:12
5250,572.15,15944.2,-2134.86,2026/01/29 20:05:13
5251,572.26,15951,-2134.76,2026/01/29 20:05:13
5252,572.37,15957.3,-2137.4,2026/01/29 20:05:13
5253,572.48,15944.8,-2133.99,2026/01/29 20:05:13
5254,572.59,15912.3,-2132.96,2026/01/29 20:05:13
5255,572.7,15913.5,-2134.6,2026/01/29 20:05:13
5256,572.81,15930.2,-2133.08,2026/01/29 20:05:13
5257,572.92,15942.7,-2140.49,2026/01/29 20:05:13
5258,573.03,15953.7,-2135.28,2026/01/29 20:05:13
5259,573.13,15956.4,-2137.91,2026/01/29 20:05:13
5260,573.24,15959.5,-2136.67,2026/01/29 20:05:14
5261,573.35,15944.8,-2134.3,2026/01/29 20:05:14
5262,573.46,15903.2,-2133.68,2026/01/29 20:05:14
5263,573.57,15912.8,-2132.22,2026/01/29 20:05:14
5264,573.68,15921.4,-2137.49,2026/01/29 20:05:14
5265,573.79,15945.4,-2135.69,2026/01/29 20:05:14
5266,573.9,15946.1,-2139.75,2026/01/29 20:05:14
5267,574,15959,-2136.08,2026/01/29 20:05:14
5268,574.11,15957.3,-2137.69,2026/01/29 20:05:14
5269,574.22,15930,-2132.62,2026/01/29 20:05:15
5270,574.33,15901.6,-2134.4,2026/01/29 20:05:15
5271,574.44,15916.8,-2132.79,2026/01/29 20:05:15
5272,574.55,15930.9,-2136.84,2026/01/29 20:05:15
5273,574.66,15942.4,-2138.72,2026/01/29 20:05:15
5274,574.77,15953.8,-2135.5,2026/01/29 20:05:15
5275,574.88,15952.4,-2138.43,2026/01/29 20:05:15
5276,574.99,15960.9,-2135.12,2026/01/29 20:05:15
5277,575.1,15919.9,-2133.71,2026/01/29 20:05:15
5278,575.2,15916.5,-2133.83,2026/01/29 20:05:16
5279,575.31,15926.4,-2135.36,2026/01/29 20:05:16
5280,575.42,15943.4,-2137.3,2026/01/29 20:05:16
5281,575.53,15949.6,-2137.74,2026/01/29 20:05:16
5282,575.64,15956.6,-2136.99,2026/01/29 20:05:16
5283,575.75,15960.8,-2135.7,2026/01/29 20:05:16
5284,575.86,15950,-2135.77,2026/01/29 20:05:16
5285,575.97,15930.9,-2132.27,2026/01/29 20:05:16
5286,576.08,15920,-2133.07,2026/01/29 20:05:16
5287,576.18,15935.2,-2135.76,2026/01/29 20:05:17
5288,576.29,15947.2,-2137.7,2026/01/29 20:05:17
5289,576.4,15954.3,-2137.85,2026/01/29 20:05:17
5290,576.51,15961.4,-2136.02,2026/01/29 20:05:17
5291,576.62,15950.1,-2135.17,2026/01/29 20:05:17
5292,576.73,15905.3,-2130.41,2026/01/29 20:05:17
5293,576.84,15899.2,-2127.79,2026/01/29 20:05:17
5294,576.95,15923.3,-2130.02,2026/01/29 20:05:17
5295,577.06,15937.3,-2133.1,2026/01/29 20:05:17
5296,577.16,15951.7,-2133.48,2026/01/29 20:05:18
5297,577.27,15956.8,-2134.53,2026/01/29 20:05:18
5298,577.38,15955.6,-2135.61,2026/01/29 20:05:18
5299,577.49,15923.4,-2133.36,2026/01/29 20:05:18
5300,577.6,15914.9,-2133.49,2026/01/29 20:05:18
5301,577.71,15927,-2134.23,2026/01/29 20:05:18
5302,577.82,15935.2,-2138.25,2026/01/29 20:05:18
5303,577.93,15945.9,-2136.94,2026/01/29 20:05:18
5304,578.04,15940.9,-2137.75,2026/01/29 20:05:18
5305,578.15,15948.7,-2137.33,2026/01/29 20:05:19
5306,578.25,15953.5,-2136.61,2026/01/29 20:05:19
5307,578.36,15910.3,-2133.06,2026/01/29 20:05:19
5308,578.47,15897.4,-2125.25,2026/01/29 20:05:19
5309,578.58,15916.5,-2129.95,2026/01/29 20:05:19
5310,578.69,15934.5,-2133.61,2026/01/29 20:05:19
5311,578.8,15942.7,-2136.96,2026/01/29 20:05:19
5312,578.91,15950.5,-2136.33,2026/01/29 20:05:19
5313,579.02,15950.2,-2136.94,2026/01/29 20:05:19
5314,579.13,15932.1,-2132.47,2026/01/29 20:05:19
5315,579.24,15895.9,-2126.92,2026/01/29 20:05:20
5316,579.35,15919.5,-2129.11,2026/01/29 20:05:20
5317,579.46,15931.7,-2132.48,2026/01/29 20:05:20
5318,579.57,15946.4,-2133.08,2026/01/29 20:05:20
5319,579.68,15943.6,-2131.48,2026/01/29 20:05:20
5320,579.78,15950.9,-2132.2,2026/01/29 20:05:20
5321,579.89,15948.6,-2131.08,2026/01/29 20:05:20
5322,580,15951.2,-2131.13,2026/01/29 20:05:20
5323,580.11,15951,-2130.47,2026/01/29 20:05:20
5324,580.22,15949.6,-2130.36,2026/01/29 20:05:21
5325,580.33,15955,-2129.44,2026/01/29 20:05:21
5326,580.44,15948.3,-2129.17,2026/01/29 20:05:21
5327,580.54,15955.2,-2129.61,2026/01/29 20:05:21
5328,580.65,15950.1,-2129.48,2026/01/29 20:05:21
5329,580.76,15953.8,-2128.79,2026/01/29 20:05:21
5330,580.87,15952.3,-2129.39,2026/01/29 20:05:21
5331,580.98,15951.8,-2129.16,2026/01/29 20:05:21
5332,581.09,15955.2,-2128.22,2026/01/29 20:05:21
5333,581.2,15951.6,-2129.49,2026/01/29 20:05:22
5334,581.31,15957.3,-2127.36,2026/01/29 20:05:22
5335,581.42,15950.9,-2129.81,2026/01/29 20:05:22
5336,581.53,15957.5,-2127.39,2026/01/29 20:05:22
5337,581.63,15952,-2129.61,2026/01/29 20:05:22
5338,581.74,15955.8,-2128.03,2026/01/29 20:05:22
5339,581.85,15954.6,-2129.29,2026/01/29 20:05:22
5340,581.96,15953.2,-2129.46,2026/01/29 20:05:22
5341,582.07,15958.5,-2127.36,2026/01/29 20:05:22
5342,582.18,15951.2,-2130.6,2026/01/29 20:05:23
5343,582.29,15958.8,-2125.99,2026/01/29 20:05:23
5344,582.39,15952.8,-2129.9,2026/01/29 20:05:23
5345,582.5,15957.1,-2127.17,2026/01/29 20:05:23
5346,582.61,15955.3,-2129.64,2026/01/29 20:05:23
5347,582.72,15955.6,-2128.19,2026/01/29 20:05:23
5348,582.83,15956.8,-2129.08,2026/01/29 20:05:23
5349,582.94,15954.6,-2127.62,2026/01/29 20:05:23
5350,583.05,15957.9,-2127.46,2026/01/29 20:05:23
5351,583.16,15953.7,-2130.56,2026/01/29 20:05:24
5352,583.27,15958.1,-2125.44,2026/01/29 20:05:24
5353,583.38,15954.8,-2130.51,2026/01/29 20:05:24
5354,583.48,15956.7,-2126.55,2026/01/29 20:05:24
5355,583.59,15957.1,-2127.8,2026/01/29 20:05:24
5356,583.7,15955.8,-2128.05,2026/01/29 20:05:24
5357,583.81,15958.8,-2127.27,2026/01/29 20:05:24
5358,583.92,15955.4,-2129.55,2026/01/29 20:05:24
5359,584.03,15958.2,-2125.8,2026/01/29 20:05:24
5360,584.14,15956.4,-2130.17,2026/01/29 20:05:25
5361,584.24,15958.2,-2125.72,2026/01/29 20:05:25
5362,584.35,15957.4,-2129.31,2026/01/29 20:05:25
5363,584.47,15958,-2125.15,2026/01/29 20:05:25
5364,584.57,15957.2,-2128.99,2026/01/29 20:05:25
5365,584.68,15956.2,-2128.42,2026/01/29 20:05:25
5366,584.79,15959,-2127.58,2026/01/29 20:05:25
5367,584.9,15956.2,-2127.94,2026/01/29 20:05:25
5368,585.01,15958.2,-2126.69,2026/01/29 20:05:25
5369,585.12,15957.4,-2128.39,2026/01/29 20:05:25
5370,585.23,15957.3,-2126.52,2026/01/29 20:05:26
5371,585.34,15957.5,-2129.28,2026/01/29 20:05:26
5372,585.44,15957.9,-2126.43,2026/01/29 20:05:26
5373,585.55,15958,-2128.22,2026/01/29 20:05:26
5374,585.66,15957.8,-2127.84,2026/01/29 20:05:26
5375,585.77,15959,-2127.18,2026/01/29 20:05:26
5376,585.88,15955.9,-2129.1,2026/01/29 20:05:26
5377,585.99,15958.7,-2127.36,2026/01/29 20:05:26
5378,586.1,15957,-2128.76,2026/01/29 20:05:26
5379,586.21,15957.8,-2128.31,2026/01/29 20:05:27
5380,586.32,15957.7,-2127.46,2026/01/29 20:05:27
5381,586.43,15958.1,-2128.89,2026/01/29 20:05:27
5382,586.54,15957.2,-2127.53,2026/01/29 20:05:27
5383,586.64,15957.6,-2128.43,2026/01/29 20:05:27
5384,586.75,15957.3,-2127.27,2026/01/29 20:05:27
5385,586.86,15957.3,-2129.1,2026/01/29 20:05:27
5386,586.97,15958.8,-2126.33,2026/01/29 20:05:27
5387,587.08,15956.7,-2129.04,2026/01/29 20:05:27
5388,587.19,15959.3,-2127.35,2026/01/29 20:05:28
5389,587.3,15956.8,-2127.09,2026/01/29 20:05:28
5390,587.41,15959.9,-2129.1,2026/01/29 20:05:28
5391,587.52,15957.2,-2127.01,2026/01/29 20:05:28
5392,587.63,15960.2,-2128.09,2026/01/29 20:05:28
5393,587.74,15956,-2127.03,2026/01/29 20:05:28
5394,587.84,15959.1,-2128.13,2026/01/29 20:05:28
5395,587.95,15957,-2126.95,2026/01/29 20:05:28
5396,588.06,15957.2,-2128.94,2026/01/29 20:05:28
5397,588.17,15959.3,-2127.04,2026/01/29 20:05:29
5398,588.28,15955.8,-2127.76,2026/01/29 20:05:29
5399,588.39,15961.1,-2128,2026/01/29 20:05:29
5400,588.5,15955.1,-2126.89,2026/01/29 20:05:29
5401,588.61,15960.5,-2128.1,2026/01/29 20:05:29
5402,588.72,15956,-2127.64,2026/01/29 20:05:29
5403,588.82,15959.1,-2127.82,2026/01/29 20:05:29
5404,588.93,15957.4,-2127.71,2026/01/29 20:05:29
5405,589.04,15958.7,-2127.49,2026/01/29 20:05:29
5406,589.15,15959.1,-2126.81,2026/01/29 20:05:30
5407,589.26,15956.5,-2128.23,2026/01/29 20:05:30
5408,589.37,15961.5,-2126.9,2026/01/29 20:05:30
5409,589.48,15954.1,-2129.1,2026/01/29 20:05:30
5410,589.59,15961.3,-2126.85,2026/01/29 20:05:30
5411,589.7,15955.8,-2128.77,2026/01/29 20:05:30
5412,589.8,15959.1,-2126.64,2026/01/29 20:05:30
5413,589.91,15957,-2129.17,2026/01/29 20:05:30
5414,590.02,15957.9,-2127.07,2026/01/29 20:05:30
5415,590.13,15958.6,-2128.24,2026/01/29 20:05:30
5416,590.24,15956.1,-2127.37,2026/01/29 20:05:31
5417,590.35,15959.7,-2126.9,2026/01/29 20:05:31
5418,590.46,15954.8,-2129.72,2026/01/29 20:05:31
5419,590.57,15959.9,-2125.47,2026/01/29 20:05:31
5420,590.68,15956.4,-2129.65,2026/01/29 20:05:31
5421,590.78,15958.3,-2126.09,2026/01/29 20:05:31
5422,590.89,15958.2,-2129.23,2026/01/29 20:05:31
5423,591,15956.8,-2127.36,2026/01/29 20:05:31
5424,591.11,15959.3,-2128.12,2026/01/29 20:05:31
5425,591.22,15955.8,-2127.35,2026/01/29 20:05:32
5426,591.33,15959.2,-2126.82,2026/01/29 20:05:32
5427,591.44,15957,-2129.6,2026/01/29 20:05:32
5428,591.55,15957.6,-2126.12,2026/01/29 20:05:32
5429,591.66,15956.9,-2129.14,2026/01/29 20:05:32
5430,591.77,15957,-2127.03,2026/01/29 20:05:32
5431,591.87,15957.4,-2128.45,2026/01/29 20:05:32
5432,591.98,15956.3,-2128.4,2026/01/29 20:05:32
5433,592.09,15959,-2126.7,2026/01/29 20:05:32
5434,592.2,15956.5,-2128.36,2026/01/29 20:05:33
5435,592.31,15958.2,-2127.09,2026/01/29 20:05:33
5436,592.42,15956.8,-2127.45,2026/01/29 20:05:33
5437,592.53,15957.4,-2128.09,2026/01/29 20:05:33
5438,592.64,15956.4,-2126.49,2026/01/29 20:05:33
5439,592.75,15957.5,-2128.51,2026/01/29 20:05:33
5440,592.86,15955.6,-2127.19,2026/01/29 20:05:33
5441,592.97,15957.5,-2128.2,2026/01/29 20:05:33
5442,593.07,15956.3,-2126.93,2026/01/29 20:05:33
5443,593.18,15956,-2129,2026/01/29 20:05:34
5444,593.29,15957.8,-2127.27,2026/01/29 20:05:34
5445,593.4,15954.1,-2127.73,2026/01/29 20:05:34
5446,593.51,15960.1,-2128.06,2026/01/29 20:05:34
5447,593.62,15953.9,-2126.83,2026/01/29 20:05:34
5448,593.73,15959,-2127.76,2026/01/29 20:05:34
5449,593.84,15954.1,-2127.6,2026/01/29 20:05:34
5450,593.95,15958,-2126.84,2026/01/29 20:05:34
5451,594.05,15955.6,-2127.96,2026/01/29 20:05:34
5452,594.16,15957.4,-2126.6,2026/01/29 20:05:35
5453,594.27,15958.1,-2127.21,2026/01/29 20:05:35
5454,594.38,15955.1,-2128.46,2026/01/29 20:05:35
5455,594.49,15959.8,-2126.48,2026/01/29 20:05:35
5456,594.6,15953.6,-2129.51,2026/01/29 20:05:35
5457,594.71,15958.7,-2124.82,2026/01/29 20:05:35
5458,594.82,15955.8,-2130,2026/01/29 20:05:35
5459,594.93,15957.8,-2125.71,2026/01/29 20:05:35
5460,595.03,15956.7,-2128.9,2026/01/29 20:05:35
5461,595.14,15955.9,-2127.41,2026/01/29 20:05:36
5462,595.25,15958.6,-2127.34,2026/01/29 20:05:36
5463,595.36,15955.3,-2127.67,2026/01/29 20:05:36
5464,595.47,15957.5,-2126.32,2026/01/29 20:05:36
5465,595.58,15957.1,-2128.95,2026/01/29 20:05:36
5466,595.69,15957.3,-2126.42,2026/01/29 20:05:36
5467,595.8,15956.9,-2128.6,2026/01/29 20:05:36
5468,595.91,15956.7,-2127.99,2026/01/29 20:05:36
5469,596.01,15957.4,-2127.69,2026/01/29 20:05:36
5470,596.12,15956.5,-2128.33,2026/01/29 20:05:36
5471,596.23,15957.5,-2126.25,2026/01/29 20:05:37
5472,596.34,15956.8,-2128.1,2026/01/29 20:05:37
5473,596.45,15958.7,-2126.79,2026/01/29 20:05:37
5474,596.56,15955.5,-2126.52,2026/01/29 20:05:37
5475,596.67,15959.3,-2129.07,2026/01/29 20:05:37
5476,596.78,15955.1,-2126.51,2026/01/29 20:05:37
5477,596.89,15959.3,-2128.56,2026/01/29 20:05:37
5478,597,15955,-2126.84,2026/01/29 20:05:37
5479,597.11,15958.6,-2127.76,2026/01/29 20:05:37
5480,597.21,15956.3,-2127.51,2026/01/29 20:05:38
5481,597.32,15958,-2126.96,2026/01/29 20:05:38
5482,597.43,15959.1,-2127.16,2026/01/29 20:05:38
5483,597.54,15955.4,-2128.25,2026/01/29 20:05:38
5484,597.65,15961.5,-2126.37,2026/01/29 20:05:38
5485,597.76,15954.1,-2130.15,2026/01/29 20:05:38
5486,597.87,15960.5,-2125.07,2026/01/29 20:05:38
5487,597.98,15956.3,-2129.92,2026/01/29 20:05:38
5488,598.09,15958.7,-2126.4,2026/01/29 20:05:38
5489,598.2,15957.5,-2129.06,2026/01/29 20:05:39
5490,598.3,15957,-2127.41,2026/01/29 20:05:39
5491,598.41,15959.5,-2127.48,2026/01/29 20:05:39
5492,598.52,15957,-2127.48,2026/01/29 20:05:39
5493,598.63,15959.4,-2127.19,2026/01/29 20:05:39
5494,598.74,15957.6,-2128.38,2026/01/29 20:05:39
5495,598.85,15958.6,-2127.65,2026/01/29 20:05:39
5496,598.96,15958.3,-2126.91,2026/01/29 20:05:39
5497,599.07,15958.5,-2128.32,2026/01/29 20:05:39
5498,599.18,15957.3,-2127.06,2026/01/29 20:05:40
5499,599.29,15958.5,-2128.11,2026/01/29 20:05:40
5500,599.4,15957.9,-2127.03,2026/01/29 20:05:40
5501,599.51,15959.5,-2128.28,2026/01/29 20:05:40
5502,599.62,15958.8,-2126.89,2026/01/29 20:05:40
5503,599.72,15957.7,-2128.7,2026/01/29 20:05:40
5504,599.83,15960.5,-2127.12,2026/01/29 20:05:40
5505,599.94,15954.5,-2128.22,2026/01/29 20:05:40
5506,600.05,15961.2,-2125.56,2026/01/29 20:05:40
5507,600.16,15953.4,-2129.71,2026/01/29 20:05:41
5508,600.27,15958.7,-2126.31,2026/01/29 20:05:41
5509,600.38,15954.8,-2129.64,2026/01/29 20:05:41
5510,600.49,15961.1,-2126.56,2026/01/29 20:05:41
5511,600.6,15963.4,-2129.25,2026/01/29 20:05:41
5512,600.71,15960.7,-2126.73,2026/01/29 20:05:41
5513,600.81,15945.3,-2127.44,2026/01/29 20:05:41
5514,600.92,15885.1,-2125.73,2026/01/29 20:05:41
5515,601.03,15869.2,-2119.95,2026/01/29 20:05:41
5516,601.14,15893.1,-2128.81,2026/01/29 20:05:42
5517,601.25,15921.5,-2131.84,2026/01/29 20:05:42
5518,601.36,15944.5,-2132.34,2026/01/29 20:05:42
5519,601.47,15959.1,-2133.04,2026/01/29 20:05:42
5520,601.58,15957.1,-2134.22,2026/01/29 20:05:42
5521,601.69,15937.6,-2130.68,2026/01/29 20:05:42
5522,601.8,15884.9,-2120.82,2026/01/29 20:05:42
5523,601.91,15902.3,-2128.77,2026/01/29 20:05:42
5524,602.02,15927.4,-2131.12,2026/01/29 20:05:42
5525,602.13,15951.6,-2133.35,2026/01/29 20:05:42
5526,602.23,15965.7,-2132.02,2026/01/29 20:05:43
5527,602.34,15962.1,-2132.9,2026/01/29 20:05:43
5528,602.45,15945.5,-2125.83,2026/01/29 20:05:43
5529,602.56,15878.4,-2131.18,2026/01/29 20:05:43
5530,602.67,15898.5,-2125.95,2026/01/29 20:05:43
5531,602.78,15920.8,-2134.8,2026/01/29 20:05:43
5532,602.89,15952.5,-2132.28,2026/01/29 20:05:43
5533,603,15965.3,-2133.85,2026/01/29 20:05:43
5534,603.11,15963.7,-2132.05,2026/01/29 20:05:43
5535,603.22,15921.6,-2124.89,2026/01/29 20:05:44
5536,603.32,15877.9,-2121.47,2026/01/29 20:05:44
5537,603.43,15906.7,-2130.55,2026/01/29 20:05:44
5538,603.54,15929.6,-2131.86,2026/01/29 20:05:44
5539,603.65,15952,-2134.26,2026/01/29 20:05:44
5540,603.76,15957.7,-2132.38,2026/01/29 20:05:44
5541,603.87,15958.9,-2137.13,2026/01/29 20:05:44
5542,603.98,15917.1,-2133.02,2026/01/29 20:05:44
5543,604.09,15907.6,-2132.82,2026/01/29 20:05:44
5544,604.2,15921.2,-2134.57,2026/01/29 20:05:45
5545,604.31,15940.7,-2136.59,2026/01/29 20:05:45
5546,604.41,15955.9,-2136.17,2026/01/29 20:05:45
5547,604.52,15959.7,-2139.2,2026/01/29 20:05:45
5548,604.63,15963.7,-2133.14,2026/01/29 20:05:45
5549,604.74,15913.2,-2134.51,2026/01/29 20:05:45
5550,604.85,15882,-2124.98,2026/01/29 20:05:45
5551,604.96,15907.9,-2131.02,2026/01/29 20:05:45
5552,605.07,15926.8,-2134.34,2026/01/29 20:05:45
5553,605.18,15947.8,-2133.75,2026/01/29 20:05:46
5554,605.28,15957.5,-2133.35,2026/01/29 20:05:46
5555,605.39,15958.1,-2133.83,2026/01/29 20:05:46
5556,605.5,15885.7,-2130.46,2026/01/29 20:05:46
5557,605.61,15901.8,-2130.26,2026/01/29 20:05:46
5558,605.72,15917.3,-2132.62,2026/01/29 20:05:46
5559,605.83,15945.9,-2135.9,2026/01/29 20:05:46
5560,605.94,15951.8,-2137.77,2026/01/29 20:05:46
5561,606.05,15956.8,-2137,2026/01/29 20:05:46
5562,606.16,15953,-2133.32,2026/01/29 20:05:47
5563,606.27,15897.5,-2129.9,2026/01/29 20:05:47
5564,606.38,15911.7,-2128.56,2026/01/29 20:05:47
5565,606.49,15927.7,-2132.59,2026/01/29 20:05:47
5566,606.59,15945.3,-2131.97,2026/01/29 20:05:47
5567,606.7,15956.2,-2132.32,2026/01/29 20:05:47
5568,606.81,15957.8,-2130.64,2026/01/29 20:05:47
5569,606.92,15928.8,-2126.47,2026/01/29 20:05:47
5570,607.03,15898.6,-2129.49,2026/01/29 20:05:47
5571,607.14,15916.8,-2128.67,2026/01/29 20:05:48
5572,607.25,15932.4,-2133.06,2026/01/29 20:05:48
5573,607.36,15946.5,-2131.58,2026/01/29 20:05:48
5574,607.47,15952.1,-2131.73,2026/01/29 20:05:48
5575,607.58,15957.5,-2130.51,2026/01/29 20:05:48
5576,607.69,15909.2,-2129.87,2026/01/29 20:05:48
5577,607.79,15917.3,-2124.64,2026/01/29 20:05:48
5578,607.9,15925.3,-2133.04,2026/01/29 20:05:48
5579,608.01,15942.5,-2130.13,2026/01/29 20:05:48
5580,608.12,15952.1,-2131.43,2026/01/29 20:05:48
5581,608.23,15955.9,-2131,2026/01/29 20:05:49
5582,608.34,15944.6,-2124.5,2026/01/29 20:05:49
5583,608.45,15911,-2127.81,2026/01/29 20:05:49
5584,608.55,15926.7,-2129.3,2026/01/29 20:05:49
5585,608.66,15940.9,-2130.41,2026/01/29 20:05:49
5586,608.77,15955.7,-2132.98,2026/01/29 20:05:49
5587,608.88,15957.7,-2130.17,2026/01/29 20:05:49
5588,608.99,15951,-2128,2026/01/29 20:05:49
5589,609.1,15900.1,-2129.1,2026/01/29 20:05:49
5590,609.21,15918.3,-2127.25,2026/01/29 20:05:50
5591,609.32,15936.9,-2132.23,2026/01/29 20:05:50
5592,609.43,15948.9,-2131.58,2026/01/29 20:05:50
5593,609.54,15961.1,-2130.65,2026/01/29 20:05:50
5594,609.65,15952.6,-2130.72,2026/01/29 20:05:50
5595,609.76,15891.8,-2125.33,2026/01/29 20:05:50
5596,609.86,15902.6,-2126.75,2026/01/29 20:05:50
5597,609.97,15912.1,-2130.82,2026/01/29 20:05:50
5598,610.08,15937.7,-2134.3,2026/01/29 20:05:50
5599,610.19,15952.8,-2134.17,2026/01/29 20:05:51
5600,610.3,15958.3,-2131.56,2026/01/29 20:05:51
5601,610.41,15931.4,-2127.95,2026/01/29 20:05:51
5602,610.52,15884.1,-2122.85,2026/01/29 20:05:51
5603,610.63,15901.2,-2129.49,2026/01/29 20:05:51
5604,610.74,15919,-2132.47,2026/01/29 20:05:51
5605,610.85,15936.5,-2135.39,2026/01/29 20:05:51
5606,610.96,15958.6,-2132.04,2026/01/29 20:05:51
5607,611.07,15956.8,-2134.6,2026/01/29 20:05:51
5608,611.17,15904.5,-2129.26,2026/01/29 20:05:52
5609,611.28,15900.5,-2130.15,2026/01/29 20:05:52
5610,611.39,15918.6,-2131.26,2026/01/29 20:05:52
5611,611.5,15945.2,-2133.96,2026/01/29 20:05:52
5612,611.61,15955.7,-2134.11,2026/01/29 20:05:52
5613,611.72,15960.5,-2134.77,2026/01/29 20:05:52
5614,611.83,15929.7,-2130.46,2026/01/29 20:05:52
5615,611.94,15892.1,-2130.32,2026/01/29 20:05:52
5616,612.05,15911.6,-2129.13,2026/01/29 20:05:52
5617,612.15,15938.3,-2134.25,2026/01/29 20:05:53
5618,612.26,15953.3,-2132.84,2026/01/29 20:05:53
5619,612.37,15962.9,-2136.51,2026/01/29 20:05:53
5620,612.48,15961,-2134.63,2026/01/29 20:05:53
5621,612.59,15916.7,-2134.41,2026/01/29 20:05:53
5622,612.7,15903.3,-2127.46,2026/01/29 20:05:53
5623,612.81,15913.8,-2133.34,2026/01/29 20:05:53
5624,612.92,15944.4,-2130.04,2026/01/29 20:05:53
5625,613.03,15954.1,-2134.89,2026/01/29 20:05:53
5626,613.13,15962.2,-2131.16,2026/01/29 20:05:53
5627,613.24,15960.4,-2131.98,2026/01/29 20:05:54
5628,613.35,15909.3,-2129.24,2026/01/29 20:05:54
5629,613.46,15908.7,-2123.66,2026/01/29 20:05:54
5630,613.57,15916.3,-2130.7,2026/01/29 20:05:54
5631,613.68,15941,-2132.71,2026/01/29 20:05:54
5632,613.79,15956,-2134.8,2026/01/29 20:05:54
5633,613.9,15963.5,-2137.18,2026/01/29 20:05:54
5634,614.01,15957.4,-2134.86,2026/01/29 20:05:54
5635,614.12,15910.9,-2133.85,2026/01/29 20:05:54
5636,614.23,15871,-2116.89,2026/01/29 20:05:55
5637,614.34,15900.5,-2130.74,2026/01/29 20:05:55
5638,614.45,15916.6,-2134,2026/01/29 20:05:55
5639,614.55,15945.9,-2133.94,2026/01/29 20:05:55
5640,614.66,15958.1,-2137.21,2026/01/29 20:05:55
5641,614.77,15960.7,-2137.02,2026/01/29 20:05:55
5642,614.88,15924.1,-2131.49,2026/01/29 20:05:55
5643,614.99,15910.4,-2134.2,2026/01/29 20:05:55
5644,615.1,15923.5,-2133.7,2026/01/29 20:05:55
5645,615.21,15944.6,-2140.22,2026/01/29 20:05:56
5646,615.32,15959.2,-2136.15,2026/01/29 20:05:56
5647,615.43,15964.5,-2137.49,2026/01/29 20:05:56
5648,615.53,15965.2,-2130.23,2026/01/29 20:05:56
5649,615.64,15925.7,-2130.99,2026/01/29 20:05:56
5650,615.75,15926.6,-2135.3,2026/01/29 20:05:56
5651,615.86,15935.3,-2136.6,2026/01/29 20:05:56
5652,615.97,15947.7,-2138.41,2026/01/29 20:05:56
5653,616.08,15963.3,-2137.2,2026/01/29 20:05:56
5654,616.19,15958.6,-2135.83,2026/01/29 20:05:57
5655,616.3,15944.7,-2131.78,2026/01/29 20:05:57
5656,616.41,15926.3,-2133.23,2026/01/29 20:05:57
5657,616.52,15942.7,-2135.33,2026/01/29 20:05:57
5658,616.63,15953.7,-2138.43,2026/01/29 20:05:57
5659,616.74,15962.2,-2136.73,2026/01/29 20:05:57
5660,616.84,15967.2,-2137.7,2026/01/29 20:05:57
5661,616.95,15945.3,-2132.96,2026/01/29 20:05:57
5662,617.06,15919,-2133.36,2026/01/29 20:05:57
5663,617.17,15934.2,-2135.34,2026/01/29 20:05:58
5664,617.28,15947.2,-2135.51,2026/01/29 20:05:58
5665,617.39,15955.5,-2139.09,2026/01/29 20:05:58
5666,617.5,15963.8,-2136.96,2026/01/29 20:05:58
5667,617.61,15962.1,-2136,2026/01/29 20:05:58
5668,617.72,15912.6,-2134.97,2026/01/29 20:05:58
5669,617.82,15914.5,-2133.21,2026/01/29 20:05:58
5670,617.93,15930.5,-2135.79,2026/01/29 20:05:58
5671,618.04,15948.2,-2137.72,2026/01/29 20:05:58
5672,618.15,15954.6,-2138.06,2026/01/29 20:05:59
5673,618.26,15965.7,-2137.3,2026/01/29 20:05:59
5674,618.37,15940.4,-2131.91,2026/01/29 20:05:59
5675,618.48,15922.4,-2133.45,2026/01/29 20:05:59
5676,618.59,15932.2,-2133.8,2026/01/29 20:05:59
5677,618.7,15947.9,-2137.25,2026/01/29 20:05:59
5678,618.81,15957.7,-2138.06,2026/01/29 20:05:59
5679,618.91,15966.3,-2136.42,2026/01/29 20:05:59
5680,619.02,15966.8,-2135.98,2026/01/29 20:05:59
5681,619.13,15929,-2133.9,2026/01/29 20:05:59
5682,619.24,15921.8,-2131.13,2026/01/29 20:06:00
5683,619.35,15934,-2136.67,2026/01/29 20:06:00
5684,619.46,15951.5,-2136.35,2026/01/29 20:06:00
5685,619.57,15957.7,-2139.44,2026/01/29 20:06:00
5686,619.68,15965.5,-2135.28,2026/01/29 20:06:00
5687,619.79,15957.1,-2136.37,2026/01/29 20:06:00
5688,619.9,15900.7,-2134.31,2026/01/29 20:06:00
5689,620.01,15915.4,-2134,2026/01/29 20:06:00
5690,620.12,15926.1,-2136.03,2026/01/29 20:06:00
5691,620.22,15946.5,-2137.08,2026/01/29 20:06:01
5692,620.33,15957.2,-2138.01,2026/01/29 20:06:01
5693,620.44,15965.2,-2137.16,2026/01/29 20:06:01
5694,620.55,15963.2,-2133.38,2026/01/29 20:06:01
5695,620.66,15935.4,-2133.83,2026/01/29 20:06:01
5696,620.77,15940.1,-2132.77,2026/01/29 20:06:01
5697,620.88,15953.2,-2137.45,2026/01/29 20:06:01
5698,620.99,15957.5,-2136.61,2026/01/29 20:06:01
5699,621.1,15963.8,-2137.68,2026/01/29 20:06:01
5700,621.2,15968.5,-2134.56,2026/01/29 20:06:02
5701,621.31,15938,-2134.14,2026/01/29 20:06:02
5702,621.42,15928.2,-2129.57,2026/01/29 20:06:02
5703,621.53,15932.9,-2135.34,2026/01/29 20:06:02
5704,621.64,15952.1,-2136.43,2026/01/29 20:06:02
5705,621.75,15957.4,-2138.15,2026/01/29 20:06:02
5706,621.86,15969,-2135.99,2026/01/29 20:06:02
5707,621.97,15962.2,-2135.43,2026/01/29 20:06:02
5708,622.08,15905.1,-2133.47,2026/01/29 20:06:02
5709,622.18,15913.9,-2131.29,2026/01/29 20:06:03
5710,622.29,15924.2,-2135.43,2026/01/29 20:06:03
5711,622.4,15951.6,-2136.87,2026/01/29 20:06:03
5712,622.51,15961,-2140.12,2026/01/29 20:06:03
5713,622.62,15969.8,-2134.19,2026/01/29 20:06:03
5714,622.73,15962.9,-2139.05,2026/01/29 20:06:03
5715,622.84,15909.7,-2133.43,2026/01/29 20:06:03
5716,622.95,15905.8,-2134.72,2026/01/29 20:06:03
5717,623.06,15922.7,-2134.99,2026/01/29 20:06:03
5718,623.17,15947.4,-2138.09,2026/01/29 20:06:04
5719,623.27,15959.9,-2137.73,2026/01/29 20:06:04
5720,623.38,15969.3,-2136.64,2026/01/29 20:06:04
5721,623.49,15966.4,-2137.32,2026/01/29 20:06:04
5722,623.6,15916.3,-2133.43,2026/01/29 20:06:04
5723,623.71,15891.7,-2135.1,2026/01/29 20:06:04
5724,623.82,15911.6,-2131.48,2026/01/29 20:06:04
5725,623.93,15927.2,-2137.32,2026/01/29 20:06:04
5726,624.04,15954.4,-2137.99,2026/01/29 20:06:04
5727,624.15,15964.4,-2137.31,2026/01/29 20:06:05
5728,624.26,15966.8,-2138.19,2026/01/29 20:06:05
5729,624.36,15972.3,-2135.37,2026/01/29 20:06:05
5730,624.47,15937.5,-2134.41,2026/01/29 20:06:05
5731,624.58,15882.5,-2135.5,2026/01/29 20:06:05
5732,624.69,15903.6,-2131.9,2026/01/29 20:06:05
5733,624.8,15917.7,-2137.68,2026/01/29 20:06:05
5734,624.91,15938.9,-2138.14,2026/01/29 20:06:05
5735,625.02,15951.4,-2137.91,2026/01/29 20:06:05
5736,625.13,15956.3,-2136.68,2026/01/29 20:06:05
5737,625.24,15963.1,-2137.06,2026/01/29 20:06:06
5738,625.35,15970,-2135.06,2026/01/29 20:06:06
5739,625.46,15924,-2132.57,2026/01/29 20:06:06
5740,625.56,15899.1,-2133.99,2026/01/29 20:06:06
5741,625.67,15917.1,-2135.14,2026/01/29 20:06:06
5742,625.78,15928.7,-2137.47,2026/01/29 20:06:06
5743,625.89,15945.4,-2136.29,2026/01/29 20:06:06
5744,626,15954.9,-2138.34,2026/01/29 20:06:06
5745,626.11,15960.4,-2136.09,2026/01/29 20:06:06
5746,626.22,15964.3,-2136.38,2026/01/29 20:06:07
5747,626.33,15946.9,-2129.59,2026/01/29 20:06:07
5748,626.44,15895.5,-2134.15,2026/01/29 20:06:07
5749,626.54,15905.3,-2130.92,2026/01/29 20:06:07
5750,626.65,15917.8,-2135.61,2026/01/29 20:06:07
5751,626.76,15940.9,-2138.16,2026/01/29 20:06:07
5752,626.87,15951.8,-2136.66,2026/01/29 20:06:07
5753,626.98,15960.7,-2137.82,2026/01/29 20:06:07
5754,627.09,15964.2,-2136.29,2026/01/29 20:06:07
5755,627.2,15967.3,-2136.49,2026/01/29 20:06:08
5756,627.31,15929.3,-2130.64,2026/01/29 20:06:08
5757,627.42,15884.3,-2130.87,2026/01/29 20:06:08
5758,627.53,15904.2,-2130.6,2026/01/29 20:06:08
5759,627.63,15917.9,-2137.03,2026/01/29 20:06:08
5760,627.74,15938.2,-2136.86,2026/01/29 20:06:08
5761,627.85,15950.9,-2136.47,2026/01/29 20:06:08
5762,627.96,15957.3,-2136.71,2026/01/29 20:06:08
5763,628.07,15964.4,-2136.12,2026/01/29 20:06:08
5764,628.18,15964.7,-2134.98,2026/01/29 20:06:09
5765,628.29,15977.7,-2127.19,2026/01/29 20:06:09
5766,628.4,15892.8,-2134.56,2026/01/29 20:06:09
5767,628.51,15894.7,-2132.06,2026/01/29 20:06:09
5768,628.62,15912.9,-2136.48,2026/01/29 20:06:09
5769,628.72,15928.2,-2137.2,2026/01/29 20:06:09
5770,628.83,15944.3,-2137.96,2026/01/29 20:06:09
5771,628.94,15952.6,-2135.54,2026/01/29 20:06:09
5772,629.05,15959.8,-2137.84,2026/01/29 20:06:09
5773,629.16,15961.2,-2134.14,2026/01/29 20:06:10
5774,629.27,15953,-2129.83,2026/01/29 20:06:10
5775,629.38,15883.8,-2132.07,2026/01/29 20:06:10
5776,629.49,15882.2,-2134.44,2026/01/29 20:06:10
5777,629.6,15908.7,-2135.1,2026/01/29 20:06:10
5778,629.71,15923.8,-2137.44,2026/01/29 20:06:10
5779,629.81,15942.6,-2136.73,2026/01/29 20:06:10
5780,629.92,15954.9,-2134.9,2026/01/29 20:06:10
5781,630.03,15958.1,-2137.45,2026/01/29 20:06:10
5782,630.14,15965.7,-2133.06,2026/01/29 20:06:11
5783,630.25,15977.8,-2135.29,2026/01/29 20:06:11
5784,630.36,15968.2,-2123.48,2026/01/29 20:06:11
5785,630.47,15899.1,-2132.93,2026/01/29 20:06:11
5786,630.58,15889.5,-2131.49,2026/01/29 20:06:11
5787,630.69,15912,-2132.55,2026/01/29 20:06:11
5788,630.8,15919.5,-2136.54,2026/01/29 20:06:11
5789,630.9,15940.3,-2136.16,2026/01/29 20:06:11
5790,631.01,15947.6,-2137.22,2026/01/29 20:06:11
5791,631.12,15961.1,-2135.11,2026/01/29 20:06:11
5792,631.23,15975.1,-2134.64,2026/01/29 20:06:12
5793,631.34,15911.6,-2134.31,2026/01/29 20:06:12
5794,631.45,15856.4,-2130.46,2026/01/29 20:06:12
5795,631.56,15873.5,-2132.66,2026/01/29 20:06:12
5796,631.67,15904.3,-2135.31,2026/01/29 20:06:12
5797,631.78,15919.8,-2138.21,2026/01/29 20:06:12
5798,631.89,15944.5,-2136.74,2026/01/29 20:06:12
5799,632,15954.3,-2135.97,2026/01/29 20:06:12
5800,632.11,15958.5,-2136.4,2026/01/29 20:06:12
5801,632.21,15923.2,-2130.7,2026/01/29 20:06:13
5802,632.32,15861,-2132.23,2026/01/29 20:06:13
5803,632.43,15863.9,-2132.82,2026/01/29 20:06:13
5804,632.54,15906.6,-2134.99,2026/01/29 20:06:13
5805,632.65,15917.1,-2140.92,2026/01/29 20:06:13
5806,632.76,15944.4,-2134.29,2026/01/29 20:06:13
5807,632.87,15948.4,-2138.33,2026/01/29 20:06:13
5808,632.98,15959.6,-2135.68,2026/01/29 20:06:13
5809,633.09,15990.6,-2129.16,2026/01/29 20:06:13
5810,633.2,15902.4,-2131.46,2026/01/29 20:06:14
5811,633.3,15880.8,-2132.68,2026/01/29 20:06:14
5812,633.41,15907.7,-2132.95,2026/01/29 20:06:14
5813,633.52,15921.7,-2134.9,2026/01/29 20:06:14
5814,633.63,15939.6,-2136.73,2026/01/29 20:06:14
5815,633.74,15951.3,-2135.77,2026/01/29 20:06:14
5816,633.85,15958,-2135.45,2026/01/29 20:06:14
5817,633.96,15963.4,-2133.97,2026/01/29 20:06:14
5818,634.07,15976,-2134.53,2026/01/29 20:06:14
5819,634.18,15903.2,-2129.04,2026/01/29 20:06:15
5820,634.29,15840.7,-2133.67,2026/01/29 20:06:15
5821,634.4,15849.9,-2133.09,2026/01/29 20:06:15
5822,634.5,15902.2,-2140.04,2026/01/29 20:06:15
5823,634.61,15918.8,-2140.16,2026/01/29 20:06:15
5824,634.72,15940.8,-2137.32,2026/01/29 20:06:15
5825,634.83,15948.6,-2139.01,2026/01/29 20:06:15
5826,634.94,15990.6,-2132.47,2026/01/29 20:06:15
5827,635.05,15896.3,-2131.44,2026/01/29 20:06:15
5828,635.16,15882.3,-2136.6,2026/01/29 20:06:16
5829,635.27,15911.7,-2137.2,2026/01/29 20:06:16
5830,635.38,15932.7,-2136.12,2026/01/29 20:06:16
5831,635.49,15945.7,-2137.9,2026/01/29 20:06:16
5832,635.59,15950.3,-2134.23,2026/01/29 20:06:16
5833,635.7,15955.7,-2135.89,2026/01/29 20:06:16
5834,635.81,15957.9,-2135.12,2026/01/29 20:06:16
5835,635.92,15970.7,-2122.59,2026/01/29 20:06:16
5836,636.03,15914.5,-2127.39,2026/01/29 20:06:16
5837,636.14,15923.3,-2130.07,2026/01/29 20:06:17
5838,636.25,15930,-2133.49,2026/01/29 20:06:17
5839,636.36,15948.7,-2135.13,2026/01/29 20:06:17
5840,636.47,15955.7,-2133.63,2026/01/29 20:06:17
5841,636.57,15962.4,-2132.99,2026/01/29 20:06:17
5842,636.68,15963.7,-2133.54,2026/01/29 20:06:17
5843,636.79,15987.1,-2127.5,2026/01/29 20:06:17
5844,636.9,15927.9,-2126.82,2026/01/29 20:06:17
5845,637.01,15892.1,-2130.09,2026/01/29 20:06:17
5846,637.12,15913.2,-2129.81,2026/01/29 20:06:17
5847,637.23,15921.6,-2134.66,2026/01/29 20:06:18
5848,637.34,15950.6,-2134.42,2026/01/29 20:06:18
5849,637.45,15957.3,-2132.18,2026/01/29 20:06:18
5850,637.56,15966,-2134.3,2026/01/29 20:06:18
5851,637.66,15963.3,-2133.17,2026/01/29 20:06:18
5852,637.77,15955.3,-2123.98,2026/01/29 20:06:18
5853,637.88,15908.1,-2129.39,2026/01/29 20:06:18
5854,637.99,15874.2,-2131.55,2026/01/29 20:06:18
5855,638.1,15873.7,-2133.6,2026/01/29 20:06:18
5856,638.21,15903.9,-2136.28,2026/01/29 20:06:19
5857,638.32,15927.5,-2134.95,2026/01/29 20:06:19
5858,638.43,15941.8,-2135.88,2026/01/29 20:06:19
5859,638.54,15960.8,-2134.47,2026/01/29 20:06:19
5860,638.65,15958.1,-2134.1,2026/01/29 20:06:19
5861,638.76,15991.6,-2131.63,2026/01/29 20:06:19
5862,638.86,15925.5,-2126.13,2026/01/29 20:06:19
5863,638.97,15866.5,-2133.32,2026/01/29 20:06:19
5864,639.08,15870.1,-2136.42,2026/01/29 20:06:19
5865,639.19,15903.1,-2137.37,2026/01/29 20:06:20
5866,639.3,15921.7,-2138.04,2026/01/29 20:06:20
5867,639.41,15945.5,-2135.72,2026/01/29 20:06:20
5868,639.52,15960.4,-2135.23,2026/01/29 20:06:20
5869,639.63,15962.8,-2135.23,2026/01/29 20:06:20
5870,639.74,15965.3,-2133.84,2026/01/29 20:06:20
5871,639.85,15986.5,-2122.16,2026/01/29 20:06:20
5872,639.96,15915.5,-2126.48,2026/01/29 20:06:20
5873,640.06,15871.6,-2129.89,2026/01/29 20:06:20
5874,640.17,15872.5,-2134.2,2026/01/29 20:06:21
5875,640.28,15901.5,-2139.34,2026/01/29 20:06:21
5876,640.39,15917.1,-2138.46,2026/01/29 20:06:21
5877,640.5,15945.1,-2136.85,2026/01/29 20:06:21
5878,640.61,15958.1,-2133.56,2026/01/29 20:06:21
5879,640.72,15963.5,-2135.72,2026/01/29 20:06:21
5880,640.83,15960.7,-2136.62,2026/01/29 20:06:21
5881,640.94,15953.8,-2123.32,2026/01/29 20:06:21
5882,641.05,15867.9,-2132.91,2026/01/29 20:06:21
5883,641.15,15857.3,-2134.77,2026/01/29 20:06:22
5884,641.26,15896.1,-2138.76,2026/01/29 20:06:22
5885,641.37,15915.5,-2140.44,2026/01/29 20:06:22
5886,641.48,15946.2,-2134.62,2026/01/29 20:06:22
5887,641.59,15961.4,-2134.38,2026/01/29 20:06:22
5888,641.7,15965.2,-2136.09,2026/01/29 20:06:22
5889,641.81,15966.6,-2134.81,2026/01/29 20:06:22
5890,641.92,15937.1,-2126.79,2026/01/29 20:06:22
5891,642.03,15856.1,-2136.72,2026/01/29 20:06:22
5892,642.14,15857.1,-2141,2026/01/29 20:06:23
5893,642.25,15897.1,-2141.18,2026/01/29 20:06:23
5894,642.35,15908.7,-2139.34,2026/01/29 20:06:23
5895,642.46,15936.1,-2139.14,2026/01/29 20:06:23
5896,642.57,15953,-2138.26,2026/01/29 20:06:23
5897,642.68,15957.8,-2135.92,2026/01/29 20:06:23
5898,642.79,15959.9,-2138.01,2026/01/29 20:06:23
5899,642.9,15994.3,-2128.12,2026/01/29 20:06:23
5900,643.01,15901,-2130.92,2026/01/29 20:06:23
5901,643.12,15852.9,-2137.8,2026/01/29 20:06:23
5902,643.23,15844.6,-2138.01,2026/01/29 20:06:24
5903,643.34,15890.8,-2140.32,2026/01/29 20:06:24
5904,643.45,15901.7,-2140.98,2026/01/29 20:06:24
5905,643.55,15936,-2139.31,2026/01/29 20:06:24
5906,643.66,15948,-2139.78,2026/01/29 20:06:24
5907,643.77,15962.4,-2135.91,2026/01/29 20:06:24
5908,643.88,15963.2,-2136.48,2026/01/29 20:06:24
5909,643.99,15968,-2138,2026/01/29 20:06:24
5910,644.1,15964.2,-2136.63,2026/01/29 20:06:24
5911,644.21,15995.7,-2127.7,2026/01/29 20:06:25
5912,644.32,15908.4,-2130.46,2026/01/29 20:06:25
5913,644.43,15872.3,-2136.15,2026/01/29 20:06:25
5914,644.54,15897.8,-2136.93,2026/01/29 20:06:25
5915,644.65,15909,-2139.75,2026/01/29 20:06:25
5916,644.75,15923.4,-2139.71,2026/01/29 20:06:25
5917,644.86,15949.7,-2137.92,2026/01/29 20:06:25
5918,644.97,15968.3,-2134.9,2026/01/29 20:06:25
5919,645.08,15964.2,-2137.83,2026/01/29 20:06:25
5920,645.19,15999.2,-2130.18,2026/01/29 20:06:26
5921,645.3,15913,-2128.65,2026/01/29 20:06:26
5922,645.41,15884.2,-2136.22,2026/01/29 20:06:26
5923,645.52,15898.3,-2133.61,2026/01/29 20:06:26
5924,645.63,15913,-2138.18,2026/01/29 20:06:26
5925,645.74,15935.9,-2137.94,2026/01/29 20:06:26
5926,645.85,15953.9,-2135.72,2026/01/29 20:06:26
5927,645.96,15968,-2135.66,2026/01/29 20:06:26
5928,646.06,15967.3,-2135.96,2026/01/29 20:06:26
5929,646.17,15990,-2133.52,2026/01/29 20:06:27
5930,646.28,15931.7,-2127.93,2026/01/29 20:06:27
5931,646.39,15873.5,-2134.44,2026/01/29 20:06:27
5932,646.5,15860.8,-2138.63,2026/01/29 20:06:27
5933,646.61,15906.3,-2139.39,2026/01/29 20:06:27
5934,646.72,15910.5,-2140,2026/01/29 20:06:27
5935,646.83,15940,-2139.78,2026/01/29 20:06:27
5936,646.94,15954.6,-2137.44,2026/01/29 20:06:27
5937,647.05,15960.2,-2137.57,2026/01/29 20:06:27
5938,647.15,16004.3,-2132.05,2026/01/29 20:06:28
5939,647.26,15947.3,-2126.49,2026/01/29 20:06:28
5940,647.37,15891.2,-2133.5,2026/01/29 20:06:28
5941,647.48,15873.6,-2136.68,2026/01/29 20:06:28
5942,647.59,15908.1,-2135.71,2026/01/29 20:06:28
5943,647.7,15912.3,-2143.57,2026/01/29 20:06:28
5944,647.81,15943,-2137.21,2026/01/29 20:06:28
5945,647.92,15952,-2137.91,2026/01/29 20:06:28
5946,648.03,15968,-2136.95,2026/01/29 20:06:28
5947,648.14,15968.2,-2136,2026/01/29 20:06:29
5948,648.24,15988.3,-2136.29,2026/01/29 20:06:29
5949,648.35,15948,-2125.89,2026/01/29 20:06:29
5950,648.46,15896.3,-2133.2,2026/01/29 20:06:29
5951,648.57,15875.1,-2135.97,2026/01/29 20:06:29
5952,648.68,15876.5,-2138.03,2026/01/29 20:06:29
5953,648.79,15910.1,-2138.84,2026/01/29 20:06:29
5954,648.9,15918.6,-2143.42,2026/01/29 20:06:29
5955,649.01,15949.8,-2136.15,2026/01/29 20:06:29
5956,649.12,15960.2,-2138.44,2026/01/29 20:06:29
5957,649.22,15969.8,-2135.92,2026/01/29 20:06:30
5958,649.33,15966.9,-2137.53,2026/01/29 20:06:30
5959,649.44,15974.7,-2123.42,2026/01/29 20:06:30
5960,649.55,15902.7,-2131.22,2026/01/29 20:06:30
5961,649.66,15875.6,-2137.01,2026/01/29 20:06:30
5962,649.77,15912.6,-2136.51,2026/01/29 20:06:30
5963,649.88,15916.3,-2140.23,2026/01/29 20:06:30
5964,649.99,15941.9,-2140.65,2026/01/29 20:06:30
5965,650.1,15957.5,-2137.67,2026/01/29 20:06:30
5966,650.21,15969.2,-2134.89,2026/01/29 20:06:31
5967,650.31,15971.5,-2137.26,2026/01/29 20:06:31
5968,650.42,15969.7,-2136.95,2026/01/29 20:06:31
5969,650.53,15958.6,-2125.95,2026/01/29 20:06:31
5970,650.64,15904.1,-2131.38,2026/01/29 20:06:31
5971,650.75,15916.9,-2131.57,2026/01/29 20:06:31
5972,650.86,15922.8,-2137.1,2026/01/29 20:06:31
5973,650.97,15949.4,-2135.09,2026/01/29 20:06:31
5974,651.08,15958.8,-2136.63,2026/01/29 20:06:31
5975,651.19,15976.8,-2136.42,2026/01/29 20:06:32
5976,651.3,15973.5,-2134.09,2026/01/29 20:06:32
5977,651.4,15979.8,-2136.09,2026/01/29 20:06:32
5978,651.51,15950.4,-2126.51,2026/01/29 20:06:32
5979,651.62,15909.6,-2130.75,2026/01/29 20:06:32
5980,651.73,15924.3,-2130.19,2026/01/29 20:06:32
5981,651.84,15929.1,-2135.75,2026/01/29 20:06:32
5982,651.95,15949.9,-2135.98,2026/01/29 20:06:32
5983,652.06,15958.9,-2135.41,2026/01/29 20:06:32
5984,652.17,15969.7,-2133.51,2026/01/29 20:06:33
5985,652.28,15973.9,-2136.35,2026/01/29 20:06:33
5986,652.39,15971.4,-2123.22,2026/01/29 20:06:33
5987,652.5,15932.2,-2128.29,2026/01/29 20:06:33
5988,652.6,15936.7,-2126.62,2026/01/29 20:06:33
5989,652.71,15933.3,-2133.47,2026/01/29 20:06:33
5990,652.82,15953.8,-2134.7,2026/01/29 20:06:33
5991,652.93,15966.6,-2134.33,2026/01/29 20:06:33
5992,653.04,15976,-2135.55,2026/01/29 20:06:33
5993,653.15,15978.6,-2133.79,2026/01/29 20:06:34
5994,653.26,15982.5,-2133.92,2026/01/29 20:06:34
5995,653.37,15943,-2128.37,2026/01/29 20:06:34
5996,653.48,15915.2,-2130.58,2026/01/29 20:06:34
5997,653.59,15927.2,-2129.63,2026/01/29 20:06:34
5998,653.69,15947.1,-2136.44,2026/01/29 20:06:34
5999,653.8,15965.5,-2132.54,2026/01/29 20:06:34
6000,653.91,15974,-2135.45,2026/01/29 20:06:34
6001,654.02,15976.9,-2133.28,2026/01/29 20:06:34
6002,654.13,15975.9,-2133.57,2026/01/29 20:06:34
6003,654.24,15973,-2125.39,2026/01/29 20:06:35
6004,654.35,15918.5,-2130.07,2026/01/29 20:06:35
6005,654.46,15924.7,-2128.5,2026/01/29 20:06:35
6006,654.57,15940.1,-2133.47,2026/01/29 20:06:35
6007,654.68,15960,-2134.21,2026/01/29 20:06:35
6008,654.78,15975.4,-2135.44,2026/01/29 20:06:35
6009,654.89,15979.1,-2132.49,2026/01/29 20:06:35
6010,655,15983.4,-2134.19,2026/01/29 20:06:35
6011,655.11,15979.6,-2133.66,2026/01/29 20:06:35
6012,655.22,15994.5,-2125.78,2026/01/29 20:06:36
6013,655.33,15974,-2121.99,2026/01/29 20:06:36
6014,655.44,15941.3,-2131.59,2026/01/29 20:06:36
6015,655.55,15964.6,-2134.34,2026/01/29 20:06:36
6016,655.66,15974.5,-2135.03,2026/01/29 20:06:36
6017,655.77,15981.6,-2132.84,2026/01/29 20:06:36
6018,655.87,15984,-2136.37,2026/01/29 20:06:36
6019,655.98,15988.9,-2131.67,2026/01/29 20:06:36
6020,656.09,15998.6,-2128.63,2026/01/29 20:06:36
6021,656.2,15966.4,-2123.07,2026/01/29 20:06:37
6022,656.31,15942.5,-2126.39,2026/01/29 20:06:37
6023,656.42,15944.1,-2131.96,2026/01/29 20:06:37
6024,656.53,15968.3,-2132.31,2026/01/29 20:06:37
6025,656.64,15978.4,-2134.01,2026/01/29 20:06:37
6026,656.75,15989.5,-2132.86,2026/01/29 20:06:37
6027,656.85,15989.6,-2132.9,2026/01/29 20:06:37
6028,656.96,15988,-2134.17,2026/01/29 20:06:37
6029,657.07,15995.5,-2126.15,2026/01/29 20:06:37
6030,657.18,15968.1,-2123.82,2026/01/29 20:06:38
6031,657.29,15945.4,-2127.48,2026/01/29 20:06:38
6032,657.4,15940.3,-2134.34,2026/01/29 20:06:38
6033,657.51,15962.2,-2135.65,2026/01/29 20:06:38
6034,657.62,15970.8,-2134.94,2026/01/29 20:06:38
6035,657.73,15982.3,-2134.34,2026/01/29 20:06:38
6036,657.84,15982.9,-2133.88,2026/01/29 20:06:38
6037,657.95,15985.5,-2133.12,2026/01/29 20:06:38
6038,658.05,16001.7,-2130.36,2026/01/29 20:06:38
6039,658.16,16038.9,-2122.86,2026/01/29 20:06:39
6040,658.27,16038.7,-2124.23,2026/01/29 20:06:39
6041,658.38,16010.4,-2127.26,2026/01/29 20:06:39
6042,658.49,15958.8,-2135.57,2026/01/29 20:06:39
6043,658.6,15980.2,-2135.64,2026/01/29 20:06:39
6044,658.71,15988.2,-2135,2026/01/29 20:06:39
6045,658.82,15996.9,-2136.04,2026/01/29 20:06:39
6046,658.93,15998.6,-2133.61,2026/01/29 20:06:39
6047,659.04,16011.5,-2132.48,2026/01/29 20:06:39
6048,659.14,16062.9,-2122.12,2026/01/29 20:06:40
6049,659.25,16040.1,-2123.11,2026/01/29 20:06:40
6050,659.36,15992.9,-2130.88,2026/01/29 20:06:40
6051,659.47,15983.3,-2137.27,2026/01/29 20:06:40
6052,659.58,15990.3,-2135.13,2026/01/29 20:06:40
6053,659.69,15993.1,-2138.22,2026/01/29 20:06:40
6054,659.8,16000,-2134.89,2026/01/29 20:06:40
6055,659.91,15997.8,-2135.58,2026/01/29 20:06:40
6056,660.02,16002.5,-2132.9,2026/01/29 20:06:40
6057,660.13,16049.2,-2123.5,2026/01/29 20:06:40
6058,660.23,16026.9,-2124.8,2026/01/29 20:06:41
6059,660.34,15982.1,-2134.5,2026/01/29 20:06:41
6060,660.45,15983.6,-2137.32,2026/01/29 20:06:41
6061,660.56,15995.3,-2137.16,2026/01/29 20:06:41
6062,660.67,15994.8,-2135.45,2026/01/29 20:06:41
6063,660.78,16000.7,-2136.9,2026/01/29 20:06:41
6064,660.89,15984.8,-2133.9,2026/01/29 20:06:41
6065,661,16045.2,-2126.17,2026/01/29 20:06:41
6066,661.11,16044.3,-2123.6,2026/01/29 20:06:41
6067,661.22,15995.4,-2134.47,2026/01/29 20:06:42
6068,661.33,15995.5,-2135.82,2026/01/29 20:06:42
6069,661.43,15997.3,-2137.08,2026/01/29 20:06:42
6070,661.54,16005.8,-2136.11,2026/01/29 20:06:42
6071,661.65,15997.8,-2137.45,2026/01/29 20:06:42
6072,661.76,15997,-2131.56,2026/01/29 20:06:42
6073,661.87,16038.8,-2127.15,2026/01/29 20:06:42
6074,661.98,16049.9,-2122.42,2026/01/29 20:06:42
6075,662.09,15997.8,-2132.94,2026/01/29 20:06:42
6076,662.2,15997.2,-2135.51,2026/01/29 20:06:43
6077,662.31,16000.4,-2138.2,2026/01/29 20:06:43
6078,662.42,16006.3,-2136.61,2026/01/29 20:06:43
6079,662.53,16006.8,-2135.93,2026/01/29 20:06:43
6080,662.63,15991.2,-2134.71,2026/01/29 20:06:43
6081,662.74,16039.8,-2124.9,2026/01/29 20:06:43
6082,662.85,16010.4,-2125.76,2026/01/29 20:06:43
6083,662.96,15993.7,-2135.92,2026/01/29 20:06:43
6084,663.07,15996.3,-2135.83,2026/01/29 20:06:43
6085,663.18,16000.1,-2137.05,2026/01/29 20:06:44
6086,663.29,16003.5,-2137.02,2026/01/29 20:06:44
6087,663.4,16006.3,-2134.9,2026/01/29 20:06:44
6088,663.51,15991.1,-2134.53,2026/01/29 20:06:44
6089,663.62,16035,-2125.17,2026/01/29 20:06:44
6090,663.72,16029.6,-2124.19,2026/01/29 20:06:44
6091,663.83,15991.7,-2132.81,2026/01/29 20:06:44
6092,663.94,15997.2,-2135.26,2026/01/29 20:06:44
6093,664.05,15995.6,-2138.12,2026/01/29 20:06:44
6094,664.16,16004.4,-2133.91,2026/01/29 20:06:45
6095,664.27,16002.9,-2136.95,2026/01/29 20:06:45
6096,664.38,16001.2,-2133.99,2026/01/29 20:06:45
6097,664.49,16015.6,-2129.41,2026/01/29 20:06:45
6098,664.6,16045.7,-2124.32,2026/01/29 20:06:45
6099,664.71,16019.1,-2124.66,2026/01/29 20:06:45
6100,664.81,15991.8,-2133.5,2026/01/29 20:06:45
6101,664.92,15995.6,-2135.3,2026/01/29 20:06:45
6102,665.03,15997.7,-2137.9,2026/01/29 20:06:45
6103,665.14,16006.5,-2136.01,2026/01/29 20:06:46
6104,665.25,16001,-2133.78,2026/01/29 20:06:46
6105,665.36,16029.4,-2130.11,2026/01/29 20:06:46
6106,665.47,16044.3,-2124.86,2026/01/29 20:06:46
6107,665.58,16000.8,-2125.37,2026/01/29 20:06:46
6108,665.69,15992.2,-2137.48,2026/01/29 20:06:46
6109,665.8,15998.7,-2136.27,2026/01/29 20:06:46
6110,665.9,16002.7,-2138.35,2026/01/29 20:06:46
6111,666.01,16008.3,-2135.64,2026/01/29 20:06:46
6112,666.12,16000.4,-2133.89,2026/01/29 20:06:46
6113,666.23,16040.4,-2127.56,2026/01/29 20:06:47
6114,666.34,16040.6,-2122.75,2026/01/29 20:06:47
6115,666.45,15992.5,-2129.76,2026/01/29 20:06:47
6116,666.56,15996.3,-2134.24,2026/01/29 20:06:47
6117,666.67,15996.5,-2137.23,2026/01/29 20:06:47
6118,666.78,16006.7,-2136.96,2026/01/29 20:06:47
6119,666.89,16007.5,-2135.39,2026/01/29 20:06:47
6120,667,15999.2,-2133.06,2026/01/29 20:06:47
6121,667.1,16043,-2124.92,2026/01/29 20:06:47
6122,667.21,16021,-2125.03,2026/01/29 20:06:48
6123,667.32,15990.4,-2133.63,2026/01/29 20:06:48
6124,667.43,15993.6,-2137.18,2026/01/29 20:06:48
6125,667.54,15998.6,-2136.39,2026/01/29 20:06:48
6126,667.65,16002.2,-2136.44,2026/01/29 20:06:48
6127,667.76,16006,-2133.75,2026/01/29 20:06:48
6128,667.87,16003,-2134.06,2026/01/29 20:06:48
6129,667.98,16040.9,-2122.41,2026/01/29 20:06:48
6130,668.09,16014.9,-2126.42,2026/01/29 20:06:48
6131,668.19,15987.6,-2132.55,2026/01/29 20:06:49
6132,668.3,15996.1,-2136.53,2026/01/29 20:06:49
6133,668.41,15999.2,-2136.71,2026/01/29 20:06:49
6134,668.52,16010.8,-2134.9,2026/01/29 20:06:49
6135,668.63,16001.6,-2136.25,2026/01/29 20:06:49
6136,668.74,16046.3,-2123.21,2026/01/29 20:06:49
6137,668.85,16015,-2121.81,2026/01/29 20:06:49
6138,668.96,15996.6,-2124.15,2026/01/29 20:06:49
6139,669.06,15974.6,-2137.38,2026/01/29 20:06:49
6140,669.17,15995,-2137.57,2026/01/29 20:06:50
6141,669.28,16000.4,-2137.36,2026/01/29 20:06:50
6142,669.39,16009.4,-2137.14,2026/01/29 20:06:50
6143,669.5,16017.6,-2133.61,2026/01/29 20:06:50
6144,669.61,16021,-2122.8,2026/01/29 20:06:50
6145,669.72,15994.9,-2127.23,2026/01/29 20:06:50
6146,669.83,15971.2,-2136.56,2026/01/29 20:06:50
6147,669.94,15993.8,-2137.12,2026/01/29 20:06:50
6148,670.05,15996.8,-2135.48,2026/01/29 20:06:50
6149,670.16,16007.1,-2136.51,2026/01/29 20:06:51
6150,670.27,16005.9,-2134.53,2026/01/29 20:06:51
6151,670.37,16036.8,-2126.9,2026/01/29 20:06:51
6152,670.48,16030.2,-2123.69,2026/01/29 20:06:51
6153,670.59,15981.8,-2133.76,2026/01/29 20:06:51
6154,670.7,15992.6,-2135.52,2026/01/29 20:06:51
6155,670.81,15995.9,-2137.16,2026/01/29 20:06:51
6156,670.92,16004.1,-2135.63,2026/01/29 20:06:51
6157,671.03,16007.1,-2135.68,2026/01/29 20:06:51
6158,671.14,16006.8,-2133.53,2026/01/29 20:06:52
6159,671.25,16000.2,-2134.11,2026/01/29 20:06:52
6160,671.36,16038.5,-2123.74,2026/01/29 20:06:52
6161,671.46,16011.1,-2126.45,2026/01/29 20:06:52
6162,671.57,15985.3,-2132.58,2026/01/29 20:06:52
6163,671.68,15993.3,-2136.3,2026/01/29 20:06:52
6164,671.79,15999.4,-2136.98,2026/01/29 20:06:52
6165,671.9,16009.5,-2136.25,2026/01/29 20:06:52
6166,672.01,16009.5,-2136.27,2026/01/29 20:06:52
6167,672.12,16001.3,-2133.59,2026/01/29 20:06:52
6168,672.23,16032.4,-2124.26,2026/01/29 20:06:53
6169,672.34,15988.7,-2124.39,2026/01/29 20:06:53
6170,672.45,15970.2,-2139.39,2026/01/29 20:06:53
6171,672.56,15992.8,-2133.35,2026/01/29 20:06:53
6172,672.67,15994.4,-2138.46,2026/01/29 20:06:53
6173,672.77,16004.5,-2134.09,2026/01/29 20:06:53
6174,672.88,15998.9,-2134.91,2026/01/29 20:06:53
6175,672.99,16030.1,-2127.84,2026/01/29 20:06:53
6176,673.1,16023.8,-2124.01,2026/01/29 20:06:53
6177,673.21,15974.6,-2133.2,2026/01/29 20:06:54
6178,673.32,15993.7,-2134.71,2026/01/29 20:06:54
6179,673.43,15995.6,-2138.33,2026/01/29 20:06:54
6180,673.54,16006.4,-2132.69,2026/01/29 20:06:54
6181,673.65,16005,-2137.96,2026/01/29 20:06:54
6182,673.76,16002.8,-2130.72,2026/01/29 20:06:54
6183,673.86,16012.5,-2126.73,2026/01/29 20:06:54
6184,673.97,15990.1,-2124.48,2026/01/29 20:06:54
6185,674.08,15965.9,-2135.67,2026/01/29 20:06:54
6186,674.19,15988.1,-2136.02,2026/01/29 20:06:55
6187,674.3,16000.3,-2136.51,2026/01/29 20:06:55
6188,674.41,16008,-2135.7,2026/01/29 20:06:55
6189,674.52,16009.1,-2133.02,2026/01/29 20:06:55
6190,674.63,15995.8,-2135.18,2026/01/29 20:06:55
6191,674.74,16040.5,-2122.45,2026/01/29 20:06:55
6192,674.85,16015.1,-2126.5,2026/01/29 20:06:55
6193,674.95,15979,-2134.09,2026/01/29 20:06:55
6194,675.06,15994,-2137.49,2026/01/29 20:06:55
6195,675.17,16002.5,-2136.84,2026/01/29 20:06:56
6196,675.28,16012.4,-2136.2,2026/01/29 20:06:56
6197,675.39,16005.4,-2134.91,2026/01/29 20:06:56
6198,675.5,16023.6,-2128.87,2026/01/29 20:06:56
6199,675.61,16023.3,-2124.16,2026/01/29 20:06:56
6200,675.72,15993.4,-2121.69,2026/01/29 20:06:56
6201,675.83,15975.7,-2137.9,2026/01/29 20:06:56
6202,675.94,15997.1,-2135.45,2026/01/29 20:06:56
6203,676.04,16003.3,-2137.24,2026/01/29 20:06:56
6204,676.15,16012.4,-2135.3,2026/01/29 20:06:57
6205,676.26,16011.6,-2134.72,2026/01/29 20:06:57
6206,676.37,16031,-2129.42,2026/01/29 20:06:57
6207,676.48,16032.4,-2123.77,2026/01/29 20:06:57
6208,676.59,15985.8,-2128.76,2026/01/29 20:06:57
6209,676.7,15990.3,-2137.63,2026/01/29 20:06:57
6210,676.81,16003.3,-2136.7,2026/01/29 20:06:57
6211,676.92,16012.1,-2137.64,2026/01/29 20:06:57
6212,677.02,16015.4,-2135.19,2026/01/29 20:06:57
6213,677.13,16002,-2134.42,2026/01/29 20:06:57
6214,677.24,16031.6,-2126.29,2026/01/29 20:06:58
6215,677.35,16018.6,-2125.67,2026/01/29 20:06:58
6216,677.46,15983.2,-2127.74,2026/01/29 20:06:58
6217,677.57,15981.8,-2137.36,2026/01/29 20:06:58
6218,677.68,16003.1,-2136.27,2026/01/29 20:06:58
6219,677.79,16004.1,-2136.89,2026/01/29 20:06:58
6220,677.9,16009.8,-2134.74,2026/01/29 20:06:58
6221,678,16027.8,-2127.67,2026/01/29 20:06:58
6222,678.11,15977.4,-2122.94,2026/01/29 20:06:58
6223,678.22,15980.9,-2127.48,2026/01/29 20:06:59
6224,678.33,15963.1,-2137.22,2026/01/29 20:06:59
6225,678.44,15996.8,-2136.1,2026/01/29 20:06:59
6226,678.55,16007.3,-2137.32,2026/01/29 20:06:59
6227,678.66,16019.3,-2132.6,2026/01/29 20:06:59
6228,678.77,16016,-2137.97,2026/01/29 20:06:59
6229,678.88,16002.7,-2131.85,2026/01/29 20:06:59
6230,678.99,16029,-2125.71,2026/01/29 20:06:59
6231,679.09,16015.6,-2122.92,2026/01/29 20:06:59
6232,679.2,15978.6,-2132.02,2026/01/29 20:07:00
6233,679.31,15993,-2137.06,2026/01/29 20:07:00
6234,679.42,16009.4,-2136.78,2026/01/29 20:07:00
6235,679.53,16014.9,-2136.37,2026/01/29 20:07:00
6236,679.64,16017.6,-2135.89,2026/01/29 20:07:00
6237,679.75,15992.5,-2132.94,2026/01/29 20:07:00
6238,679.86,16029,-2126.36,2026/01/29 20:07:00
6239,679.97,16007.3,-2124.12,2026/01/29 20:07:00
6240,680.07,15993.8,-2134.91,2026/01/29 20:07:00
6241,680.18,16002.9,-2136.28,2026/01/29 20:07:01
6242,680.29,16010.5,-2135.51,2026/01/29 20:07:01
6243,680.4,16017,-2135.11,2026/01/29 20:07:01
6244,680.51,16009.5,-2135.53,2026/01/29 20:07:01
6245,680.62,16004.9,-2130.11,2026/01/29 20:07:01
6246,680.73,16013.9,-2125.87,2026/01/29 20:07:01
6247,680.84,15987,-2122.78,2026/01/29 20:07:01
6248,680.95,15972,-2136.66,2026/01/29 20:07:01
6249,681.06,15999.2,-2135.45,2026/01/29 20:07:01
6250,681.17,16011.1,-2135.46,2026/01/29 20:07:02
6251,681.27,16017.5,-2135.46,2026/01/29 20:07:02
6252,681.38,16016.1,-2133.29,2026/01/29 20:07:02
6253,681.49,16016.4,-2129.33,2026/01/29 20:07:02
6254,681.6,15996,-2124.47,2026/01/29 20:07:02
6255,681.71,15976.1,-2128.46,2026/01/29 20:07:02
6256,681.82,15984.7,-2136.61,2026/01/29 20:07:02
6257,681.93,16003.4,-2137.29,2026/01/29 20:07:02
6258,682.04,16016.8,-2134.49,2026/01/29 20:07:02
6259,682.14,16019.3,-2135.14,2026/01/29 20:07:03
6260,682.25,16000.3,-2135.05,2026/01/29 20:07:03
6261,682.36,15989,-2118.92,2026/01/29 20:07:03
6262,682.47,15941.6,-2128.17,2026/01/29 20:07:03
6263,682.58,15965.9,-2136.87,2026/01/29 20:07:03
6264,682.69,15987,-2138.04,2026/01/29 20:07:03
6265,682.8,16007.7,-2139.18,2026/01/29 20:07:03
6266,682.91,16014.7,-2135.68,2026/01/29 20:07:03
6267,683.02,16009.7,-2136.55,2026/01/29 20:07:03
6268,683.13,16028.8,-2126.13,2026/01/29 20:07:03
6269,683.24,16032.2,-2119.6,2026/01/29 20:07:04
6270,683.34,15986,-2132.42,2026/01/29 20:07:04
6271,683.45,15994.4,-2137.57,2026/01/29 20:07:04
6272,683.56,16020.3,-2136.3,2026/01/29 20:07:04
6273,683.67,16027.4,-2138.38,2026/01/29 20:07:04
6274,683.78,16027,-2134.71,2026/01/29 20:07:04
6275,683.89,16007.6,-2135.91,2026/01/29 20:07:04
6276,684,15986.2,-2123.32,2026/01/29 20:07:04
6277,684.11,15975.5,-2126.29,2026/01/29 20:07:04
6278,684.22,15970.4,-2139.32,2026/01/29 20:07:05
6279,684.33,16000.4,-2135.82,2026/01/29 20:07:05
6280,684.44,16015.6,-2136.12,2026/01/29 20:07:05
6281,684.55,16025.1,-2134.97,2026/01/29 20:07:05
6282,684.65,16003,-2134.77,2026/01/29 20:07:05
6283,684.76,16026.6,-2124.29,2026/01/29 20:07:05
6284,684.87,16016.1,-2120.57,2026/01/29 20:07:05
6285,684.98,15977.9,-2134.21,2026/01/29 20:07:05
6286,685.09,16000.2,-2137.47,2026/01/29 20:07:05
6287,685.2,16024.1,-2136.55,2026/01/29 20:07:06
6288,685.31,16035.9,-2135.23,2026/01/29 20:07:06
6289,685.42,16033.2,-2135.88,2026/01/29 20:07:06
6290,685.53,16007.8,-2133.41,2026/01/29 20:07:06
6291,685.63,16001,-2123.87,2026/01/29 20:07:06
6292,685.74,15987.1,-2123.33,2026/01/29 20:07:06
6293,685.85,15982,-2136.66,2026/01/29 20:07:06
6294,685.96,16007,-2132.56,2026/01/29 20:07:06
6295,686.07,16015,-2137.95,2026/01/29 20:07:06
6296,686.18,16020.5,-2134.27,2026/01/29 20:07:07
6297,686.29,16016.2,-2134.65,2026/01/29 20:07:07
6298,686.4,16025.7,-2133.14,2026/01/29 20:07:07
6299,686.51,15980.9,-2119.67,2026/01/29 20:07:07
6300,686.62,15981.1,-2129.81,2026/01/29 20:07:07
6301,686.72,15976.8,-2139.6,2026/01/29 20:07:07
6302,686.83,15995.4,-2136.42,2026/01/29 20:07:07
6303,686.94,16009.6,-2134.68,2026/01/29 20:07:07
6304,687.05,16006.2,-2136.63,2026/01/29 20:07:07
6305,687.16,16011.2,-2133.05,2026/01/29 20:07:08
6306,687.27,16012.7,-2136.06,2026/01/29 20:07:08
6307,687.38,16014.8,-2134.29,2026/01/29 20:07:08
6308,687.49,16017.6,-2132.97,2026/01/29 20:07:08
6309,687.6,16018.7,-2134.89,2026/01/29 20:07:08
6310,687.71,16014.7,-2133.51,2026/01/29 20:07:08
6311,687.82,16007.5,-2134.34,2026/01/29 20:07:08
6312,687.92,16012.2,-2134.63,2026/01/29 20:07:08
6313,688.03,16007.5,-2132.86,2026/01/29 20:07:08
6314,688.14,16012.9,-2133.81,2026/01/29 20:07:09
6315,688.25,16009.8,-2134.51,2026/01/29 20:07:09
6316,688.36,16010.6,-2132.78,2026/01/29 20:07:09
6317,688.47,16011.4,-2133.79,2026/01/29 20:07:09
6318,688.58,16008.7,-2133.17,2026/01/29 20:07:09
6319,688.69,16011.6,-2131.66,2026/01/29 20:07:09
6320,688.8,16010.1,-2133.48,2026/01/29 20:07:09
6321,688.9,16009.6,-2132.35,2026/01/29 20:07:09
6322,689.02,16010.2,-2131.93,2026/01/29 20:07:09
6323,689.12,16011.5,-2133.96,2026/01/29 20:07:09
6324,689.23,16008.5,-2131.01,2026/01/29 20:07:10
6325,689.34,16012.8,-2133.47,2026/01/29 20:07:10
6326,689.45,16009.5,-2132.7,2026/01/29 20:07:10
6327,689.56,16011.1,-2132.69,2026/01/29 20:07:10
6328,689.67,16010.2,-2132.92,2026/01/29 20:07:10
6329,689.78,16008.1,-2132.15,2026/01/29 20:07:10
6330,689.89,16012.1,-2131.06,2026/01/29 20:07:10
6331,690,16008.8,-2133.84,2026/01/29 20:07:10
6332,690.11,16010.7,-2130.63,2026/01/29 20:07:10
6333,690.22,16010.2,-2133.31,2026/01/29 20:07:11
6334,690.32,16010.9,-2131.78,2026/01/29 20:07:11
6335,690.43,16010.4,-2131.92,2026/01/29 20:07:11
6336,690.54,16010.6,-2132.66,2026/01/29 20:07:11
6337,690.65,16010.6,-2131.83,2026/01/29 20:07:11
6338,690.76,16009,-2133.12,2026/01/29 20:07:11
6339,690.87,16012,-2131.38,2026/01/29 20:07:11
6340,690.98,16006.1,-2133.07,2026/01/29 20:07:11
6341,691.09,16013.8,-2130.49,2026/01/29 20:07:11
6342,691.2,16008.1,-2135.07,2026/01/29 20:07:12
6343,691.31,16011.9,-2130.35,2026/01/29 20:07:12
6344,691.41,16008.9,-2133.4,2026/01/29 20:07:12
6345,691.52,16009.1,-2132,2026/01/29 20:07:12
6346,691.63,16009,-2133.67,2026/01/29 20:07:12
6347,691.74,16007.8,-2132.78,2026/01/29 20:07:12
6348,691.85,16010.7,-2131.27,2026/01/29 20:07:12
6349,691.96,16008.5,-2133.2,2026/01/29 20:07:12
6350,692.07,16011.4,-2132.53,2026/01/29 20:07:12
6351,692.18,16007.2,-2131.96,2026/01/29 20:07:13
6352,692.29,16012.7,-2133.13,2026/01/29 20:07:13
6353,692.4,16007.2,-2132.6,2026/01/29 20:07:13
6354,692.5,16011.8,-2131.7,2026/01/29 20:07:13
6355,692.61,16009.5,-2132.87,2026/01/29 20:07:13
6356,692.72,16009.3,-2131.76,2026/01/29 20:07:13
6357,692.83,16010.9,-2132.49,2026/01/29 20:07:13
6358,692.94,16008.3,-2133.62,2026/01/29 20:07:13
6359,693.05,16009.9,-2131.32,2026/01/29 20:07:13
6360,693.16,16008.7,-2133.58,2026/01/29 20:07:14
6361,693.27,16008.6,-2132.03,2026/01/29 20:07:14
6362,693.38,16007.9,-2132.48,2026/01/29 20:07:14
6363,693.49,16009.3,-2133.15,2026/01/29 20:07:14
6364,693.6,16006.3,-2131.54,2026/01/29 20:07:14
6365,693.71,16009.2,-2132.69,2026/01/29 20:07:14
6366,693.81,16007.4,-2132,2026/01/29 20:07:14
6367,693.92,16008.9,-2132.53,2026/01/29 20:07:14
6368,694.03,16008.3,-2132.76,2026/01/29 20:07:14
6369,694.14,16006,-2132.9,2026/01/29 20:07:15
6370,694.25,16010.4,-2130.81,2026/01/29 20:07:15
6371,694.36,16006.6,-2135,2026/01/29 20:07:15
6372,694.47,16008.7,-2130.3,2026/01/29 20:07:15
6373,694.58,16007.2,-2134.49,2026/01/29 20:07:15
6374,694.69,16007.7,-2132.3,2026/01/29 20:07:15
6375,694.79,16007.9,-2132.59,2026/01/29 20:07:15
6376,694.9,16007.6,-2133.13,2026/01/29 20:07:15
6377,695.01,16009.3,-2130.65,2026/01/29 20:07:15
6378,695.12,16007.1,-2132.83,2026/01/29 20:07:15
6379,695.23,16009.9,-2132.28,2026/01/29 20:07:16
6380,695.34,16004.5,-2133.27,2026/01/29 20:07:16
6381,695.45,16011.5,-2131.67,2026/01/29 20:07:16
6382,695.56,16004.2,-2133.64,2026/01/29 20:07:16
6383,695.67,16009.9,-2130.27,2026/01/29 20:07:16
6384,695.78,16005.7,-2133.34,2026/01/29 20:07:16
6385,695.89,16007.6,-2131.15,2026/01/29 20:07:16
6386,695.99,16008.4,-2132.39,2026/01/29 20:07:16
6387,696.1,16005.5,-2132.98,2026/01/29 20:07:16
6388,696.21,16008.1,-2131.99,2026/01/29 20:07:17
6389,696.32,16006.2,-2133.35,2026/01/29 20:07:17
6390,696.43,16007.2,-2132.69,2026/01/29 20:07:17
6391,696.54,16006.6,-2131.01,2026/01/29 20:07:17
6392,696.65,16008.4,-2133.36,2026/01/29 20:07:17
6393,696.76,16004.5,-2132.08,2026/01/29 20:07:17
6394,696.87,16008.3,-2132.45,2026/01/29 20:07:17
6395,696.98,16006.2,-2132.21,2026/01/29 20:07:17
6396,697.08,16006.7,-2131.63,2026/01/29 20:07:17
6397,697.19,16008.6,-2132.56,2026/01/29 20:07:18
6398,697.3,16004.2,-2133.34,2026/01/29 20:07:18
6399,697.41,16008.4,-2131.2,2026/01/29 20:07:18
6400,697.52,16006.6,-2134.8,2026/01/29 20:07:18
6401,697.63,16007.3,-2130.44,2026/01/29 20:07:18
6402,697.74,16007,-2132.84,2026/01/29 20:07:18
6403,697.85,16005.9,-2132.87,2026/01/29 20:07:18
6404,697.96,16007.6,-2131.09,2026/01/29 20:07:18
6405,698.06,16005.8,-2133.01,2026/01/29 20:07:18
6406,698.17,16008.3,-2132.17,2026/01/29 20:07:19
6407,698.28,16003.6,-2131.9,2026/01/29 20:07:19
6408,698.39,16009.7,-2132.84,2026/01/29 20:07:19
6409,698.5,16003.2,-2132.65,2026/01/29 20:07:19
6410,698.61,16008.8,-2131.05,2026/01/29 20:07:19
6411,698.72,16004.9,-2133.77,2026/01/29 20:07:19
6412,698.83,16005.7,-2131.24,2026/01/29 20:07:19
6413,698.94,16006,-2133.55,2026/01/29 20:07:19
6414,699.05,16004.5,-2133.08,2026/01/29 20:07:19
6415,699.16,16007.5,-2131.25,2026/01/29 20:07:20
6416,699.26,16004.6,-2133.43,2026/01/29 20:07:20
6417,699.37,16006.3,-2131.97,2026/01/29 20:07:20
6418,699.48,16005.1,-2131.71,2026/01/29 20:07:20
6419,699.59,16006.4,-2133.32,2026/01/29 20:07:20
6420,699.7,16003,-2132.23,2026/01/29 20:07:20
6421,699.81,16006,-2132.12,2026/01/29 20:07:20
6422,699.92,16004.4,-2132.64,2026/01/29 20:07:20
6423,700.03,16004.6,-2132.04,2026/01/29 20:07:20
6424,700.14,16006.9,-2132.4,2026/01/29 20:07:21
6425,700.25,16003.1,-2132.36,2026/01/29 20:07:21
6426,700.36,16006.7,-2131.46,2026/01/29 20:07:21
6427,700.46,16004.2,-2134.43,2026/01/29 20:07:21
6428,700.57,16005,-2130.77,2026/01/29 20:07:21
6429,700.68,16004,-2133.47,2026/01/29 20:07:21
6430,700.79,16004.8,-2133.18,2026/01/29 20:07:21
6431,700.9,16003.7,-2132.03,2026/01/29 20:07:21
6432,701.01,16004.5,-2133.1,2026/01/29 20:07:21
6433,701.12,16005.4,-2131.32,2026/01/29 20:07:21
6434,701.23,16003.4,-2132.78,2026/01/29 20:07:22
6435,701.33,16008,-2132.05,2026/01/29 20:07:22
6436,701.44,16000.7,-2133.58,2026/01/29 20:07:22
6437,701.55,16007.4,-2130.86,2026/01/29 20:07:22
6438,701.66,16002.5,-2134.6,2026/01/29 20:07:22
6439,701.77,16006,-2130.25,2026/01/29 20:07:22
6440,701.88,16003.9,-2133.74,2026/01/29 20:07:22
6441,701.99,16002.8,-2132.54,2026/01/29 20:07:22
6442,702.1,16005.4,-2131.51,2026/01/29 20:07:22
6443,702.21,16003.7,-2133.53,2026/01/29 20:07:23
6444,702.32,16005,-2132.08,2026/01/29 20:07:23
6445,702.42,16003.5,-2132.17,2026/01/29 20:07:23
6446,702.53,16005.8,-2133.67,2026/01/29 20:07:23
6447,702.64,16002,-2131.25,2026/01/29 20:07:23
6448,702.75,16005.8,-2133.01,2026/01/29 20:07:23
6449,702.86,16002.8,-2133.13,2026/01/29 20:07:23
6450,702.97,16004.1,-2132.05,2026/01/29 20:07:23
6451,703.08,16004.2,-2133.07,2026/01/29 20:07:23
6452,703.19,16002.4,-2132.27,2026/01/29 20:07:24
6453,703.3,16005.5,-2132.24,2026/01/29 20:07:24
6454,703.41,16001.6,-2134.68,2026/01/29 20:07:24
6455,703.52,16004.3,-2130.11,2026/01/29 20:07:24
6456,703.63,16003.1,-2133.91,2026/01/29 20:07:24
6457,703.73,16003.3,-2132.42,2026/01/29 20:07:24
6458,703.84,16002.3,-2132.74,2026/01/29 20:07:24
6459,703.95,16003.5,-2132.94,2026/01/29 20:07:24
6460,704.06,16001.3,-2132.01,2026/01/29 20:07:24
6461,704.17,16004.2,-2132.91,2026/01/29 20:07:25
6462,704.28,16002.3,-2132.56,2026/01/29 20:07:25
6463,704.39,16002.9,-2132.28,2026/01/29 20:07:25
6464,704.5,16004.5,-2132.3,2026/01/29 20:07:25
6465,704.61,16001,-2133.24,2026/01/29 20:07:25
6466,704.72,16005.6,-2131.33,2026/01/29 20:07:25
6467,704.83,16001,-2135.09,2026/01/29 20:07:25
6468,704.93,16003.7,-2130.04,2026/01/29 20:07:25
6469,705.04,16002.1,-2135.02,2026/01/29 20:07:25
6470,705.15,16001.6,-2132.26,2026/01/29 20:07:26
6471,705.26,16002.6,-2132.75,2026/01/29 20:07:26
6472,705.37,16001.8,-2133.39,2026/01/29 20:07:26
6473,705.48,16003.7,-2131,2026/01/29 20:07:26
6474,705.59,16001.6,-2133.28,2026/01/29 20:07:26
6475,705.7,16005.3,-2132.4,2026/01/29 20:07:26
6476,705.81,15999.4,-2132.89,2026/01/29 20:07:26
6477,705.92,16005.6,-2132.99,2026/01/29 20:07:26
6478,706.03,15999.3,-2133.26,2026/01/29 20:07:26
6479,706.13,16004.1,-2131.29,2026/01/29 20:07:26
6480,706.24,16002,-2134.2,2026/01/29 20:07:27
6481,706.35,16001.3,-2132.69,2026/01/29 20:07:27
6482,706.46,16003.4,-2132.52,2026/01/29 20:07:27
6483,706.57,16000.7,-2132.89,2026/01/29 20:07:27
6484,706.68,16002.6,-2132.19,2026/01/29 20:07:27
6485,706.79,16002,-2132.9,2026/01/29 20:07:27
6486,706.9,16002.6,-2133.76,2026/01/29 20:07:27
6487,707.01,16000.8,-2131.56,2026/01/29 20:07:27
6488,707.12,16003.6,-2133.27,2026/01/29 20:07:27
6489,707.23,15999.8,-2131.85,2026/01/29 20:07:28
6490,707.33,16002.6,-2132.37,2026/01/29 20:07:28
6491,707.44,16001,-2133.69,2026/01/29 20:07:28
6492,707.55,16002,-2132.51,2026/01/29 20:07:28
6493,707.66,16001.1,-2133.92,2026/01/29 20:07:28
6494,707.77,16000.8,-2132.59,2026/01/29 20:07:28
6495,707.88,16003,-2132.78,2026/01/29 20:07:28
6496,707.99,16000,-2132.62,2026/01/29 20:07:28
6497,708.1,16002.3,-2131.93,2026/01/29 20:07:28
6498,708.21,16000.9,-2133.23,2026/01/29 20:07:29
6499,708.32,16001.5,-2132.86,2026/01/29 20:07:29
6500,708.43,16000.3,-2131.47,2026/01/29 20:07:29
6501,708.54,16002.9,-2134.26,2026/01/29 20:07:29
6502,708.65,15999.4,-2131.71,2026/01/29 20:07:29
6503,708.75,16002.2,-2132.84,2026/01/29 20:07:29
6504,708.86,16000.8,-2132.57,2026/01/29 20:07:29
6505,708.97,16001.1,-2132.01,2026/01/29 20:07:29
6506,709.08,16003.2,-2132.21,2026/01/29 20:07:29
6507,709.19,15999.6,-2133.81,2026/01/29 20:07:30
6508,709.3,16003.7,-2131.06,2026/01/29 20:07:30
6509,709.41,16000.6,-2135.01,2026/01/29 20:07:30
6510,709.52,16001.5,-2130.64,2026/01/29 20:07:30
6511,709.63,16001.4,-2133.78,2026/01/29 20:07:30
6512,709.74,16002.2,-2132.2,2026/01/29 20:07:30
6513,709.85,16001.4,-2131.97,2026/01/29 20:07:30
6514,709.95,16001.2,-2133.03,2026/01/29 20:07:30
6515,710.06,16001.3,-2132.08,2026/01/29 20:07:30
6516,710.17,15999.9,-2133.56,2026/01/29 20:07:31
6517,710.28,16002.9,-2131.97,2026/01/29 20:07:31
6518,710.39,15998,-2133.59,2026/01/29 20:07:31
6519,710.5,16004.6,-2130.65,2026/01/29 20:07:31
6520,710.61,15998.1,-2135.15,2026/01/29 20:07:31
6521,710.72,16002.8,-2130.46,2026/01/29 20:07:31
6522,710.83,16000.7,-2133.94,2026/01/29 20:07:31
6523,710.94,16000.9,-2131.69,2026/01/29 20:07:31
6524,711.04,16002.2,-2132.64,2026/01/29 20:07:31
6525,711.15,15999.2,-2133.27,2026/01/29 20:07:32
6526,711.26,16001.6,-2132.61,2026/01/29 20:07:32
6527,711.37,16000.1,-2133.14,2026/01/29 20:07:32
6528,711.48,16002,-2133.41,2026/01/29 20:07:32
6529,711.59,15998.8,-2131.48,2026/01/29 20:07:32
6530,711.7,16003.1,-2133.44,2026/01/29 20:07:32
6531,711.81,15998.2,-2132.09,2026/01/29 20:07:32
6532,711.92,16001.5,-2132.48,2026/01/29 20:07:32
6533,712.03,16000.4,-2132.72,2026/01/29 20:07:32
6534,712.13,16000,-2131.76,2026/01/29 20:07:32
6535,712.24,16002.1,-2132.77,2026/01/29 20:07:33
6536,712.35,15998.6,-2133.38,2026/01/29 20:07:33
6537,712.46,16001.7,-2130.93,2026/01/29 20:07:33
6538,712.57,16000.1,-2134.36,2026/01/29 20:07:33
6539,712.68,16000.2,-2131.42,2026/01/29 20:07:33
6540,712.79,15999.5,-2133.47,2026/01/29 20:07:33
6541,712.9,15999.5,-2133.2,2026/01/29 20:07:33
6542,713.01,15999.7,-2132.22,2026/01/29 20:07:33
6543,713.12,15999.7,-2133.03,2026/01/29 20:07:33
6544,713.22,16001.3,-2131.19,2026/01/29 20:07:34
6545,713.33,15998.1,-2133.28,2026/01/29 20:07:34
6546,713.44,16003.5,-2132.11,2026/01/29 20:07:34
6547,713.55,15995.9,-2134.22,2026/01/29 20:07:34
6548,713.66,16002.5,-2130.32,2026/01/29 20:07:34
6549,713.77,15997.6,-2134.01,2026/01/29 20:07:34
6550,713.88,16000.7,-2131.32,2026/01/29 20:07:34
6551,713.99,15999.8,-2133.59,2026/01/29 20:07:34
6552,714.1,15998.6,-2132.27,2026/01/29 20:07:34
6553,714.21,16001,-2131.95,2026/01/29 20:07:35
6554,714.31,15998.3,-2132.79,2026/01/29 20:07:35
6555,714.42,16000.2,-2132.32,2026/01/29 20:07:35
6556,714.53,15998.6,-2132.2,2026/01/29 20:07:35
6557,714.64,16000.8,-2133.58,2026/01/29 20:07:35
6558,714.75,15997.4,-2132.17,2026/01/29 20:07:35
6559,714.86,16001.4,-2133.43,2026/01/29 20:07:35
6560,714.97,15998.3,-2132.8,2026/01/29 20:07:35
6561,715.08,16000,-2132.58,2026/01/29 20:07:35
6562,715.19,15998.4,-2133.2,2026/01/29 20:07:36
6563,715.3,15997.5,-2132.78,2026/01/29 20:07:36
6564,715.4,16000.3,-2132.11,2026/01/29 20:07:36
6565,715.51,15996.9,-2134.14,2026/01/29 20:07:36
6566,715.62,16000.1,-2130.61,2026/01/29 20:07:36
6567,715.73,15997.9,-2134.75,2026/01/29 20:07:36
6568,715.84,15999,-2131.14,2026/01/29 20:07:36
6569,715.95,15998.6,-2132.55,2026/01/29 20:07:36
6570,716.06,15998.4,-2132.63,2026/01/29 20:07:36
6571,716.17,15999.2,-2131.82,2026/01/29 20:07:37
6572,716.28,15997.8,-2133.61,2026/01/29 20:07:37
6573,716.39,15999.4,-2131.1,2026/01/29 20:07:37
6574,716.5,15996.8,-2133.42,2026/01/29 20:07:37
6575,716.6,16000.8,-2131.5,2026/01/29 20:07:37
6576,716.71,15994.5,-2133.95,2026/01/29 20:07:37
6577,716.82,16000.9,-2130.99,2026/01/29 20:07:37
6578,716.93,15995.6,-2134.41,2026/01/29 20:07:37
6579,717.04,15999.2,-2132.15,2026/01/29 20:07:37
6580,717.15,15997.9,-2134.04,2026/01/29 20:07:38
6581,717.26,15996.8,-2132.46,2026/01/29 20:07:38
6582,717.37,15999.1,-2132.54,2026/01/29 20:07:38
6583,717.48,15996.6,-2132.58,2026/01/29 20:07:38
6584,717.59,15998.9,-2132.19,2026/01/29 20:07:38
6585,717.7,15996.8,-2133.37,2026/01/29 20:07:38
6586,717.81,15999,-2131.57,2026/01/29 20:07:38
6587,717.92,15995.8,-2132.24,2026/01/29 20:07:38
6588,718.02,15999.4,-2133.86,2026/01/29 20:07:38
6589,718.13,15995.1,-2131.92,2026/01/29 20:07:38
6590,718.24,15999,-2132.47,2026/01/29 20:07:39
6591,718.35,15996,-2132.99,2026/01/29 20:07:39
6592,718.46,15997.7,-2132.13,2026/01/29 20:07:39
6593,718.57,15997.3,-2133.57,2026/01/29 20:07:39
6594,718.68,15995.4,-2132.34,2026/01/29 20:07:39
6595,718.79,15998.7,-2131.68,2026/01/29 20:07:39
6596,718.9,15995.1,-2133.88,2026/01/29 20:07:39
6597,719.01,15998,-2131.79,2026/01/29 20:07:39
6598,719.11,15996.3,-2133.72,2026/01/29 20:07:39
6599,719.22,15997.1,-2131.8,2026/01/29 20:07:40
6600,719.33,15996.1,-2133.68,2026/01/29 20:07:40
6601,719.44,15996,-2132.37,2026/01/29 20:07:40
6602,719.55,15996.8,-2132.39,2026/01/29 20:07:40
6603,719.66,15995.9,-2133.35,2026/01/29 20:07:40
6604,719.77,15998,-2130.85,2026/01/29 20:07:40
6605,719.88,15995.4,-2132.99,2026/01/29 20:07:40
6606,719.99,15999.8,-2131.55,2026/01/29 20:07:40
6607,720.1,15993.4,-2133.46,2026/01/29 20:07:40
6608,720.21,15999.4,-2131.95,2026/01/29 20:07:41
6609,720.31,15993.7,-2132.94,2026/01/29 20:07:41
6610,720.42,15997.9,-2131.84,2026/01/29 20:07:41
6611,720.53,15995.2,-2133.7,2026/01/29 20:07:41
6612,720.64,15996.2,-2132.28,2026/01/29 20:07:41
6613,720.75,15996.7,-2133.47,2026/01/29 20:07:41
6614,720.86,15994.4,-2132.3,2026/01/29 20:07:41
6615,720.97,15997.2,-2131.72,2026/01/29 20:07:41
6616,721.08,15995.4,-2133.13,2026/01/29 20:07:41
6617,721.19,15996.2,-2131.56,2026/01/29 20:07:42
6618,721.29,15996,-2133.12,2026/01/29 20:07:42
6619,721.4,15996.4,-2132.34,2026/01/29 20:07:42
6620,721.51,15996.4,-2132.37,2026/01/29 20:07:42
6621,721.62,15996.8,-2132.82,2026/01/29 20:07:42
6622,721.73,15996.9,-2131.6,2026/01/29 20:07:42
6623,721.84,15998.7,-2133.37,2026/01/29 20:07:42
6624,721.95,16003.3,-2131.82,2026/01/29 20:07:42
6625,722.06,15996.6,-2133.25,2026/01/29 20:07:42
6626,722.17,15988.5,-2134.26,2026/01/29 20:07:43
6627,722.28,15961.9,-2131.85,2026/01/29 20:07:43
6628,722.38,15953.5,-2132.55,2026/01/29 20:07:43
6629,722.49,15933.7,-2134.2,2026/01/29 20:07:43
6630,722.6,15925.8,-2131.55,2026/01/29 20:07:43
6631,722.71,15930.1,-2133.18,2026/01/29 20:07:43
6632,722.82,15960.1,-2133.72,2026/01/29 20:07:43
6633,722.93,15963.9,-2138.42,2026/01/29 20:07:43
6634,723.04,15975.8,-2137.41,2026/01/29 20:07:43
6635,723.15,15989.7,-2135.44,2026/01/29 20:07:44
6636,723.26,15995.8,-2138.49,2026/01/29 20:07:44
6637,723.37,15994,-2133.99,2026/01/29 20:07:44
6638,723.48,15971.2,-2134.55,2026/01/29 20:07:44
6639,723.58,15936.2,-2131.59,2026/01/29 20:07:44
6640,723.69,15913.5,-2135.82,2026/01/29 20:07:44
6641,723.8,15903.8,-2135.8,2026/01/29 20:07:44
6642,723.91,15960.8,-2135.9,2026/01/29 20:07:44
6643,724.02,15961.4,-2140.95,2026/01/29 20:07:44
6644,724.13,15979.6,-2138.45,2026/01/29 20:07:44
6645,724.24,15989.8,-2137.78,2026/01/29 20:07:45
6646,724.35,15999.2,-2138.28,2026/01/29 20:07:45
6647,724.46,15991.3,-2136.42,2026/01/29 20:07:45
6648,724.57,15986.2,-2136.86,2026/01/29 20:07:45
6649,724.67,15957,-2128.8,2026/01/29 20:07:45
6650,724.78,15934.5,-2132.45,2026/01/29 20:07:45
6651,724.89,15948.5,-2130.31,2026/01/29 20:07:45
6652,725,15967.8,-2133.92,2026/01/29 20:07:45
6653,725.11,15972.3,-2136.99,2026/01/29 20:07:45
6654,725.22,15978.4,-2138.39,2026/01/29 20:07:46
6655,725.33,15996,-2135.81,2026/01/29 20:07:46
6656,725.44,15984,-2136.15,2026/01/29 20:07:46
6657,725.55,15981.2,-2132.56,2026/01/29 20:07:46
6658,725.65,15944.1,-2130.34,2026/01/29 20:07:46
6659,725.76,15918.5,-2132.54,2026/01/29 20:07:46
6660,725.87,15934.4,-2133.58,2026/01/29 20:07:46
6661,725.98,15958.9,-2138.16,2026/01/29 20:07:46
6662,726.09,15971,-2138.02,2026/01/29 20:07:46
6663,726.2,15977,-2138.83,2026/01/29 20:07:47
6664,726.31,15993.4,-2135.68,2026/01/29 20:07:47
6665,726.42,15983.1,-2139.49,2026/01/29 20:07:47
6666,726.53,15997,-2125.84,2026/01/29 20:07:47
6667,726.64,15927.2,-2134.82,2026/01/29 20:07:47
6668,726.74,15908,-2133.93,2026/01/29 20:07:47
6669,726.85,15901,-2139.49,2026/01/29 20:07:47
6670,726.96,15934.5,-2142.75,2026/01/29 20:07:47
6671,727.07,15951.7,-2143.74,2026/01/29 20:07:47
6672,727.18,15974.2,-2139.72,2026/01/29 20:07:48
6673,727.29,15989.3,-2137.71,2026/01/29 20:07:48
6674,727.4,15984.3,-2139.97,2026/01/29 20:07:48
6675,727.51,16019.4,-2125.21,2026/01/29 20:07:48
6676,727.62,15949.8,-2130.66,2026/01/29 20:07:48
6677,727.73,15898.6,-2134.76,2026/01/29 20:07:48
6678,727.84,15899,-2141.04,2026/01/29 20:07:48
6679,727.94,15933.9,-2141.66,2026/01/29 20:07:48
6680,728.05,15952.7,-2142.53,2026/01/29 20:07:48
6681,728.16,15973.7,-2140.72,2026/01/29 20:07:49
6682,728.27,15986.4,-2138.7,2026/01/29 20:07:49
6683,728.38,16000.8,-2137.4,2026/01/29 20:07:49
6684,728.49,15963.7,-2126.63,2026/01/29 20:07:49
6685,728.6,15912.5,-2136.53,2026/01/29 20:07:49
6686,728.71,15918.9,-2137.09,2026/01/29 20:07:49
6687,728.82,15937.3,-2141.65,2026/01/29 20:07:49
6688,728.92,15953,-2140.41,2026/01/29 20:07:49
6689,729.03,15977,-2137.91,2026/01/29 20:07:49
6690,729.14,15988.7,-2138,2026/01/29 20:07:50
6691,729.25,15990,-2136.8,2026/01/29 20:07:50
6692,729.36,15986.1,-2129.05,2026/01/29 20:07:50
6693,729.47,15912.8,-2134.35,2026/01/29 20:07:50
6694,729.58,15889.8,-2137.34,2026/01/29 20:07:50
6695,729.69,15921.1,-2140.95,2026/01/29 20:07:50
6696,729.8,15935.1,-2142.32,2026/01/29 20:07:50
6697,729.91,15965.5,-2141.38,2026/01/29 20:07:50
6698,730.02,15980.3,-2139.55,2026/01/29 20:07:50
6699,730.12,15985.4,-2138.97,2026/01/29 20:07:50
6700,730.23,15997,-2126.71,2026/01/29 20:07:51
6701,730.34,15907,-2136.46,2026/01/29 20:07:51
6702,730.45,15876.2,-2136.88,2026/01/29 20:07:51
6703,730.56,15891.8,-2143.32,2026/01/29 20:07:51
6704,730.67,15930.2,-2143.77,2026/01/29 20:07:51
6705,730.78,15955.9,-2141.34,2026/01/29 20:07:51
6706,730.89,15977.3,-2140.27,2026/01/29 20:07:51
6707,731,15984.8,-2139.29,2026/01/29 20:07:51
6708,731.11,15998,-2137.8,2026/01/29 20:07:51
6709,731.22,15939,-2131.63,2026/01/29 20:07:52
6710,731.32,15896.9,-2139.06,2026/01/29 20:07:52
6711,731.43,15922.3,-2140.83,2026/01/29 20:07:52
6712,731.54,15933,-2142.86,2026/01/29 20:07:52
6713,731.65,15965.8,-2137.81,2026/01/29 20:07:52
6714,731.76,15984.4,-2137.22,2026/01/29 20:07:52
6715,731.87,15996.2,-2136.93,2026/01/29 20:07:52
6716,731.98,15988.2,-2137.49,2026/01/29 20:07:52
6717,732.09,15968,-2128.46,2026/01/29 20:07:52
6718,732.2,15912,-2134.94,2026/01/29 20:07:53
6719,732.31,15903.4,-2137.81,2026/01/29 20:07:53
6720,732.41,15933.3,-2139.19,2026/01/29 20:07:53
6721,732.52,15954.5,-2139.61,2026/01/29 20:07:53
6722,732.63,15978.6,-2136.83,2026/01/29 20:07:53
6723,732.74,15987.1,-2138.25,2026/01/29 20:07:53
6724,732.85,15984.8,-2137.31,2026/01/29 20:07:53
6725,732.96,15938,-2131.46,2026/01/29 20:07:53
6726,733.07,15890.1,-2137.51,2026/01/29 20:07:53
6727,733.18,15905.2,-2141.15,2026/01/29 20:07:54
6728,733.29,15931.2,-2142.7,2026/01/29 20:07:54
6729,733.4,15953,-2141.57,2026/01/29 20:07:54
6730,733.51,15974.4,-2138.25,2026/01/29 20:07:54
6731,733.61,15985.9,-2139.29,2026/01/29 20:07:54
6732,733.72,15982.5,-2137.66,2026/01/29 20:07:54
6733,733.83,16005.2,-2129.47,2026/01/29 20:07:54
6734,733.94,15937.1,-2131.31,2026/01/29 20:07:54
6735,734.05,15904,-2136.74,2026/01/29 20:07:54
6736,734.16,15901.1,-2139.29,2026/01/29 20:07:55
6737,734.27,15931.8,-2140.12,2026/01/29 20:07:55
6738,734.38,15939.5,-2144.02,2026/01/29 20:07:55
6739,734.49,15974.5,-2136.88,2026/01/29 20:07:55
6740,734.6,15985.6,-2140.33,2026/01/29 20:07:55
6741,734.7,15990.4,-2136.39,2026/01/29 20:07:55
6742,734.81,15990.8,-2137.33,2026/01/29 20:07:55
6743,734.92,15911.5,-2134.28,2026/01/29 20:07:55
6744,735.03,15883.1,-2138.94,2026/01/29 20:07:55
6745,735.14,15918.2,-2141.1,2026/01/29 20:07:56
6746,735.25,15933.9,-2143.26,2026/01/29 20:07:56
6747,735.36,15952.4,-2142.42,2026/01/29 20:07:56
6748,735.47,15971.4,-2136.87,2026/01/29 20:07:56
6749,735.58,15979,-2141.43,2026/01/29 20:07:56
6750,735.69,15982.6,-2137.22,2026/01/29 20:07:56
6751,735.79,15944.9,-2131,2026/01/29 20:07:56
6752,735.9,15884.8,-2137.38,2026/01/29 20:07:56
6753,736.01,15889.2,-2140.47,2026/01/29 20:07:56
6754,736.12,15925,-2142.05,2026/01/29 20:07:56
6755,736.23,15938.6,-2142.86,2026/01/29 20:07:57
6756,736.34,15970.1,-2141,2026/01/29 20:07:57
6757,736.45,15989.2,-2137.69,2026/01/29 20:07:57
6758,736.56,15981,-2140.14,2026/01/29 20:07:57
6759,736.67,15972.5,-2127.64,2026/01/29 20:07:57
6760,736.78,15889.1,-2136.95,2026/01/29 20:07:57
6761,736.88,15882.2,-2138.64,2026/01/29 20:07:57
6762,736.99,15922.9,-2142.04,2026/01/29 20:07:57
6763,737.1,15933.1,-2144.07,2026/01/29 20:07:57
6764,737.21,15964.5,-2140.01,2026/01/29 20:07:58
6765,737.32,15978.2,-2140.32,2026/01/29 20:07:58
6766,737.43,15983.8,-2138.56,2026/01/29 20:07:58
6767,737.54,15997.1,-2129.04,2026/01/29 20:07:58
6768,737.65,15883.1,-2137.89,2026/01/29 20:07:58
6769,737.76,15853.3,-2136.47,2026/01/29 20:07:58
6770,737.87,15903.4,-2145.27,2026/01/29 20:07:58
6771,737.97,15923.1,-2144.88,2026/01/29 20:07:58
6772,738.08,15957.7,-2141.27,2026/01/29 20:07:58
6773,738.19,15973.8,-2140.1,2026/01/29 20:07:59
6774,738.3,15981.7,-2139.23,2026/01/29 20:07:59
6775,738.41,15986.3,-2139.25,2026/01/29 20:07:59
6776,738.52,15953.3,-2130.03,2026/01/29 20:07:59
6777,738.63,15895.7,-2137.62,2026/01/29 20:07:59
6778,738.74,15892.4,-2140.01,2026/01/29 20:07:59
6779,738.85,15927.7,-2140.93,2026/01/29 20:07:59
6780,738.96,15939.7,-2141.72,2026/01/29 20:07:59
6781,739.07,15983.1,-2135.01,2026/01/29 20:07:59
6782,739.18,15997.3,-2137.95,2026/01/29 20:08:00
6783,739.29,16000.1,-2133.79,2026/01/29 20:08:00
6784,739.39,15989.7,-2139.22,2026/01/29 20:08:00
6785,739.5,15929.4,-2134.17,2026/01/29 20:08:00
6786,739.61,15883.1,-2141.13,2026/01/29 20:08:00
6787,739.72,15903.1,-2141.4,2026/01/29 20:08:00
6788,739.83,15925.2,-2141.11,2026/01/29 20:08:00
6789,739.94,15950.5,-2140.77,2026/01/29 20:08:00
6790,740.05,15971.1,-2137.33,2026/01/29 20:08:00
6791,740.16,15975.8,-2138.73,2026/01/29 20:08:01
6792,740.27,16004.6,-2132.63,2026/01/29 20:08:01
6793,740.37,15921.8,-2130.59,2026/01/29 20:08:01
6794,740.49,15878.1,-2138.61,2026/01/29 20:08:01
6795,740.59,15885.4,-2141.67,2026/01/29 20:08:01
6796,740.7,15924.4,-2144.18,2026/01/29 20:08:01
6797,740.81,15946.7,-2142.33,2026/01/29 20:08:01
6798,740.92,15967.8,-2140.41,2026/01/29 20:08:01
6799,741.03,15980.5,-2139.92,2026/01/29 20:08:01
6800,741.14,16009.6,-2131.45,2026/01/29 20:08:02
6801,741.25,15914.6,-2134.16,2026/01/29 20:08:02
6802,741.36,15871.1,-2138.61,2026/01/29 20:08:02
6803,741.47,15909.2,-2141.66,2026/01/29 20:08:02
6804,741.58,15922.3,-2147.51,2026/01/29 20:08:02
6805,741.68,15952.5,-2140.68,2026/01/29 20:08:02
6806,741.79,15961.8,-2141.78,2026/01/29 20:08:02
6807,741.9,15975.9,-2140.45,2026/01/29 20:08:02
6808,742.01,16008.4,-2135.16,2026/01/29 20:08:02
6809,742.12,15929.8,-2131.61,2026/01/29 20:08:02
6810,742.23,15887.4,-2137.3,2026/01/29 20:08:03
6811,742.34,15920.7,-2141.57,2026/01/29 20:08:03
6812,742.45,15931.2,-2142.13,2026/01/29 20:08:03
6813,742.56,15960.8,-2140.68,2026/01/29 20:08:03
6814,742.67,15978,-2138.66,2026/01/29 20:08:03
6815,742.78,15984.6,-2139.18,2026/01/29 20:08:03
6816,742.88,15988.8,-2138.19,2026/01/29 20:08:03
6817,742.99,15935.4,-2132.96,2026/01/29 20:08:03
6818,743.1,15885.4,-2135.45,2026/01/29 20:08:03
6819,743.21,15915.9,-2141.93,2026/01/29 20:08:04
6820,743.32,15929.4,-2142.03,2026/01/29 20:08:04
6821,743.43,15961.3,-2139.99,2026/01/29 20:08:04
6822,743.54,15982.4,-2137.91,2026/01/29 20:08:04
6823,743.65,15985.7,-2137.66,2026/01/29 20:08:04
6824,743.76,15994.5,-2137.91,2026/01/29 20:08:04
6825,743.86,15935.6,-2130.23,2026/01/29 20:08:04
6826,743.97,15885.4,-2136.91,2026/01/29 20:08:04
6827,744.08,15921.7,-2140.26,2026/01/29 20:08:04
6828,744.19,15930,-2142.76,2026/01/29 20:08:05
6829,744.3,15960.9,-2137.84,2026/01/29 20:08:05
6830,744.41,15980.5,-2138.84,2026/01/29 20:08:05
6831,744.52,15988.9,-2138.05,2026/01/29 20:08:05
6832,744.63,15982.3,-2138.08,2026/01/29 20:08:05
6833,744.74,15980.3,-2127.55,2026/01/29 20:08:05
6834,744.85,15932.8,-2130.11,2026/01/29 20:08:05
6835,744.95,15924.4,-2132.56,2026/01/29 20:08:05
6836,745.06,15940.4,-2135.04,2026/01/29 20:08:05
6837,745.17,15938.5,-2136.61,2026/01/29 20:08:06
6838,745.28,15963.6,-2138.39,2026/01/29 20:08:06
6839,745.39,15980,-2136.42,2026/01/29 20:08:06
6840,745.5,15980.9,-2135.77,2026/01/29 20:08:06
6841,745.61,15961.3,-2128.58,2026/01/29 20:08:06
6842,745.72,15899.9,-2133.71,2026/01/29 20:08:06
6843,745.83,15919.4,-2135.58,2026/01/29 20:08:06
6844,745.94,15930.1,-2138.21,2026/01/29 20:08:06
6845,746.05,15950.1,-2138.46,2026/01/29 20:08:06
6846,746.16,15971.7,-2136.49,2026/01/29 20:08:07
6847,746.27,15983.5,-2136.26,2026/01/29 20:08:07
6848,746.38,15977.7,-2137.23,2026/01/29 20:08:07
6849,746.48,15973.9,-2123.37,2026/01/29 20:08:07
6850,746.59,15902.8,-2134.3,2026/01/29 20:08:07
6851,746.7,15908.5,-2135.74,2026/01/29 20:08:07
6852,746.81,15929.1,-2138.22,2026/01/29 20:08:07
6853,746.92,15945.1,-2137.05,2026/01/29 20:08:07
6854,747.03,15968.8,-2139.87,2026/01/29 20:08:07
6855,747.14,15982.3,-2135.39,2026/01/29 20:08:08
6856,747.25,15976.8,-2138.19,2026/01/29 20:08:08
6857,747.36,15947.9,-2128.27,2026/01/29 20:08:08
6858,747.47,15895.1,-2136.28,2026/01/29 20:08:08
6859,747.57,15915,-2135.04,2026/01/29 20:08:08
6860,747.68,15931.3,-2138.09,2026/01/29 20:08:08
6861,747.79,15955,-2137.85,2026/01/29 20:08:08
6862,747.9,15973.8,-2137.27,2026/01/29 20:08:08
6863,748.01,15980,-2136.03,2026/01/29 20:08:08
6864,748.12,15975.9,-2134.64,2026/01/29 20:08:08
6865,748.23,15993.7,-2126.11,2026/01/29 20:08:09
6866,748.34,15914.2,-2129.97,2026/01/29 20:08:09
6867,748.45,15895,-2137.47,2026/01/29 20:08:09
6868,748.56,15927.5,-2136.11,2026/01/29 20:08:09
6869,748.67,15932.4,-2139.43,2026/01/29 20:08:09
6870,748.77,15962.4,-2138.65,2026/01/29 20:08:09
6871,748.88,15979.3,-2136.25,2026/01/29 20:08:09
6872,748.99,15982.2,-2137.11,2026/01/29 20:08:09
6873,749.1,15981.1,-2136.18,2026/01/29 20:08:09
6874,749.21,15982.3,-2122.52,2026/01/29 20:08:10
6875,749.32,15909.7,-2133.2,2026/01/29 20:08:10
6876,749.43,15918.1,-2134.01,2026/01/29 20:08:10
6877,749.54,15931.8,-2137.32,2026/01/29 20:08:10
6878,749.64,15957.5,-2137.57,2026/01/29 20:08:10
6879,749.75,15973.4,-2135.72,2026/01/29 20:08:10
6880,749.86,15986.5,-2135.87,2026/01/29 20:08:10
6881,749.97,15978.8,-2136.32,2026/01/29 20:08:10
6882,750.08,16009.7,-2126.18,2026/01/29 20:08:10
6883,750.19,15935.4,-2130.02,2026/01/29 20:08:11
6884,750.3,15916.3,-2132.74,2026/01/29 20:08:11
6885,750.41,15930.6,-2132.7,2026/01/29 20:08:11
6886,750.52,15944.6,-2138.42,2026/01/29 20:08:11
6887,750.63,15969.2,-2135.22,2026/01/29 20:08:11
6888,750.74,15985.1,-2135.77,2026/01/29 20:08:11
6889,750.84,15986.7,-2135.78,2026/01/29 20:08:11
6890,750.95,15996,-2130.97,2026/01/29 20:08:11
6891,751.06,15941.6,-2128.57,2026/01/29 20:08:11
6892,751.17,15927.8,-2130.22,2026/01/29 20:08:12
6893,751.28,15939.9,-2133.13,2026/01/29 20:08:12
6894,751.39,15948.8,-2138.04,2026/01/29 20:08:12
6895,751.5,15979.1,-2132.94,2026/01/29 20:08:12
6896,751.61,15986.7,-2136.08,2026/01/29 20:08:12
6897,751.72,15991.6,-2134.66,2026/01/29 20:08:12
6898,751.83,15986.2,-2131.74,2026/01/29 20:08:12
6899,751.93,15938.4,-2129.54,2026/01/29 20:08:12
6900,752.04,15923.1,-2130.59,2026/01/29 20:08:12
6901,752.15,15936.4,-2134.03,2026/01/29 20:08:13
6902,752.26,15952.1,-2135.5,2026/01/29 20:08:13
6903,752.37,15972,-2136.44,2026/01/29 20:08:13
6904,752.48,15986.7,-2133.97,2026/01/29 20:08:13
6905,752.59,15984.6,-2135.79,2026/01/29 20:08:13
6906,752.7,15994.3,-2128.38,2026/01/29 20:08:13
6907,752.81,15928.5,-2132.28,2026/01/29 20:08:13
6908,752.91,15905.6,-2132.38,2026/01/29 20:08:13
6909,753.02,15927,-2134.26,2026/01/29 20:08:13
6910,753.13,15938.3,-2137.37,2026/01/29 20:08:13
6911,753.24,15971.5,-2136.28,2026/01/29 20:08:14
6912,753.35,15985.3,-2136.06,2026/01/29 20:08:14
6913,753.46,15988.9,-2135.27,2026/01/29 20:08:14
6914,753.57,15984.8,-2133.21,2026/01/29 20:08:14
6915,753.68,15926.6,-2130.77,2026/01/29 20:08:14
6916,753.79,15877.4,-2137.7,2026/01/29 20:08:14
6917,753.9,15919.8,-2137.74,2026/01/29 20:08:14
6918,754,15930.8,-2142.42,2026/01/29 20:08:14
6919,754.11,15963.5,-2138.03,2026/01/29 20:08:14
6920,754.22,15978.3,-2138.84,2026/01/29 20:08:15
6921,754.33,15984.2,-2137.28,2026/01/29 20:08:15
6922,754.44,15979.6,-2136.5,2026/01/29 20:08:15
6923,754.55,15963.4,-2125.18,2026/01/29 20:08:15
6924,754.66,15885.2,-2136.2,2026/01/29 20:08:15
6925,754.77,15915.7,-2139.6,2026/01/29 20:08:15
6926,754.88,15933.3,-2139.9,2026/01/29 20:08:15
6927,754.99,15958.5,-2138.85,2026/01/29 20:08:15
6928,755.1,15982.1,-2138.13,2026/01/29 20:08:15
6929,755.2,15984.7,-2135.67,2026/01/29 20:08:16
6930,755.31,15981.2,-2137.34,2026/01/29 20:08:16
6931,755.42,16000.9,-2126.51,2026/01/29 20:08:16
6932,755.53,15939.6,-2128.69,2026/01/29 20:08:16
6933,755.64,15937.6,-2130.34,2026/01/29 20:08:16
6934,755.75,15939.9,-2135.44,2026/01/29 20:08:16
6935,755.86,15959.5,-2137.56,2026/01/29 20:08:16
6936,755.97,15978.3,-2136.67,2026/01/29 20:08:16
6937,756.08,15995,-2133.28,2026/01/29 20:08:16
6938,756.19,15985.7,-2137.65,2026/01/29 20:08:17
6939,756.29,15995.8,-2131.51,2026/01/29 20:08:17
6940,756.4,15928.6,-2129.99,2026/01/29 20:08:17
6941,756.51,15917.5,-2132.52,2026/01/29 20:08:17
6942,756.62,15934.8,-2135.77,2026/01/29 20:08:17
6943,756.73,15958.5,-2137.16,2026/01/29 20:08:17
6944,756.84,15978.4,-2135.4,2026/01/29 20:08:17
6945,756.95,15989.6,-2136.76,2026/01/29 20:08:17
6946,757.06,15991,-2134.78,2026/01/29 20:08:17
6947,757.17,15982,-2132.86,2026/01/29 20:08:18
6948,757.28,15940.1,-2128.34,2026/01/29 20:08:18
6949,757.38,15929.6,-2131.35,2026/01/29 20:08:18
6950,757.49,15941.2,-2133.26,2026/01/29 20:08:18
6951,757.6,15961.6,-2136.83,2026/01/29 20:08:18
6952,757.71,15979,-2134.38,2026/01/29 20:08:18
6953,757.82,15988.7,-2136.13,2026/01/29 20:08:18
6954,757.93,15988.7,-2134.68,2026/01/29 20:08:18
6955,758.04,15984.8,-2127.5,2026/01/29 20:08:18
6956,758.15,15902.8,-2134.79,2026/01/29 20:08:19
6957,758.26,15912.2,-2132.98,2026/01/29 20:08:19
6958,758.37,15929.1,-2137.61,2026/01/29 20:08:19
6959,758.47,15963.9,-2137.42,2026/01/29 20:08:19
6960,758.58,15979.1,-2134.14,2026/01/29 20:08:19
6961,758.69,15991,-2135.03,2026/01/29 20:08:19
6962,758.8,15984.4,-2134.84,2026/01/29 20:08:19
6963,758.91,15985.5,-2126.71,2026/01/29 20:08:19
6964,759.02,15918.5,-2132.59,2026/01/29 20:08:19
6965,759.12,15916.9,-2133.21,2026/01/29 20:08:19
6966,759.23,15934.6,-2136.07,2026/01/29 20:08:20
6967,759.34,15950.6,-2138.86,2026/01/29 20:08:20
6968,759.45,15970.5,-2133.83,2026/01/29 20:08:20
6969,759.56,15976.6,-2137.89,2026/01/29 20:08:20
6970,759.67,15988.9,-2133.17,2026/01/29 20:08:20
6971,759.78,15978.3,-2134.4,2026/01/29 20:08:20
6972,759.89,15948.9,-2127.34,2026/01/29 20:08:20
6973,760,15919.1,-2131.86,2026/01/29 20:08:20
6974,760.11,15935,-2132.09,2026/01/29 20:08:20
6975,760.22,15944.1,-2134.88,2026/01/29 20:08:21
6976,760.33,15969.3,-2136.23,2026/01/29 20:08:21
6977,760.43,15988.7,-2134.06,2026/01/29 20:08:21
6978,760.54,15988.6,-2134.29,2026/01/29 20:08:21
6979,760.65,15986.1,-2134.6,2026/01/29 20:08:21
6980,760.76,15972.6,-2126.99,2026/01/29 20:08:21
6981,760.87,15929.7,-2130.82,2026/01/29 20:08:21
6982,760.98,15935.5,-2130.09,2026/01/29 20:08:21
6983,761.09,15943.3,-2135.21,2026/01/29 20:08:21
6984,761.2,15967.7,-2135.74,2026/01/29 20:08:22
6985,761.31,15975,-2134.58,2026/01/29 20:08:22
6986,761.42,15987.8,-2135.35,2026/01/29 20:08:22
6987,761.52,15985.6,-2134.66,2026/01/29 20:08:22
6988,761.63,15991.6,-2127.94,2026/01/29 20:08:22
6989,761.74,15927.9,-2132.08,2026/01/29 20:08:22
6990,761.85,15922.1,-2130.29,2026/01/29 20:08:22
6991,761.96,15933.3,-2135.62,2026/01/29 20:08:22
6992,762.07,15950.6,-2135.78,2026/01/29 20:08:22
6993,762.18,15970.6,-2136.1,2026/01/29 20:08:23
6994,762.29,15989.1,-2134.37,2026/01/29 20:08:23
6995,762.4,15987.6,-2135.03,2026/01/29 20:08:23
6996,762.51,15987.7,-2132.62,2026/01/29 20:08:23
6997,762.62,15948.6,-2128.61,2026/01/29 20:08:23
6998,762.73,15917.8,-2133.73,2026/01/29 20:08:23
6999,762.84,15931.6,-2130.57,2026/01/29 20:08:23
7000,762.94,15937.3,-2137.83,2026/01/29 20:08:23
7001,763.05,15957.5,-2135.91,2026/01/29 20:08:23
7002,763.16,15969.4,-2136.37,2026/01/29 20:08:24
7003,763.27,15981.8,-2136.06,2026/01/29 20:08:24
7004,763.38,15986.2,-2134.96,2026/01/29 20:08:24
7005,763.49,15946.8,-2128.49,2026/01/29 20:08:24
7006,763.6,15893,-2137.61,2026/01/29 20:08:24
7007,763.71,15915.6,-2134.95,2026/01/29 20:08:24
7008,763.82,15932.3,-2138.92,2026/01/29 20:08:24
7009,763.93,15952.1,-2137.57,2026/01/29 20:08:24
7010,764.03,15972.4,-2137.42,2026/01/29 20:08:24
7011,764.14,15981.6,-2137,2026/01/29 20:08:25
7012,764.25,15983.7,-2135.43,2026/01/29 20:08:25
7013,764.36,15958.7,-2130.06,2026/01/29 20:08:25
7014,764.47,15929.9,-2131.17,2026/01/29 20:08:25
7015,764.58,15924.7,-2132.86,2026/01/29 20:08:25
7016,764.69,15938.9,-2135.71,2026/01/29 20:08:25
7017,764.8,15952.7,-2137.2,2026/01/29 20:08:25
7018,764.91,15970.3,-2137.7,2026/01/29 20:08:25
7019,765.01,15985.4,-2134.15,2026/01/29 20:08:25
7020,765.12,15981.7,-2135.5,2026/01/29 20:08:25
7021,765.23,16001.3,-2130.19,2026/01/29 20:08:26
7022,765.34,15936,-2128.7,2026/01/29 20:08:26
7023,765.45,15893.1,-2138.74,2026/01/29 20:08:26
7024,765.56,15928,-2136.13,2026/01/29 20:08:26
7025,765.67,15942.8,-2138.76,2026/01/29 20:08:26
7026,765.78,15971.5,-2137.29,2026/01/29 20:08:26
7027,765.89,15986,-2135.85,2026/01/29 20:08:26
7028,766,15988.7,-2135.72,2026/01/29 20:08:26
7029,766.1,15992.1,-2135.04,2026/01/29 20:08:26
7030,766.21,15932.6,-2131.52,2026/01/29 20:08:27
7031,766.32,15919.6,-2134.09,2026/01/29 20:08:27
7032,766.43,15940.4,-2136.62,2026/01/29 20:08:27
7033,766.54,15955.7,-2138.21,2026/01/29 20:08:27
7034,766.65,15971.5,-2135.61,2026/01/29 20:08:27
7035,766.76,15977.4,-2138.6,2026/01/29 20:08:27
7036,766.87,16000.6,-2131.08,2026/01/29 20:08:27
7037,766.98,15946.8,-2130.01,2026/01/29 20:08:27
7038,767.09,15917.2,-2132.85,2026/01/29 20:08:27
7039,767.2,15936.3,-2134.16,2026/01/29 20:08:28
7040,767.3,15941.8,-2136.86,2026/01/29 20:08:28
7041,767.41,15962.8,-2137.51,2026/01/29 20:08:28
7042,767.52,15975.3,-2136.41,2026/01/29 20:08:28
7043,767.63,15981.4,-2135.32,2026/01/29 20:08:28
7044,767.74,15978.9,-2125.3,2026/01/29 20:08:28
7045,767.85,15915.7,-2133.35,2026/01/29 20:08:28
7046,767.96,15911.3,-2135.06,2026/01/29 20:08:28
7047,768.07,15937.6,-2137.44,2026/01/29 20:08:28
7048,768.18,15936.7,-2137.19,2026/01/29 20:08:29
7049,768.29,15955.7,-2138.09,2026/01/29 20:08:29
7050,768.39,15967.9,-2136.55,2026/01/29 20:08:29
7051,768.5,16009.4,-2130.07,2026/01/29 20:08:29
7052,768.61,15934.2,-2129.03,2026/01/29 20:08:29
7053,768.72,15900.2,-2136.77,2026/01/29 20:08:29
7054,768.83,15931,-2133.45,2026/01/29 20:08:29
7055,768.94,15933.6,-2137.58,2026/01/29 20:08:29
7056,769.05,15957.6,-2138.54,2026/01/29 20:08:29
7057,769.16,15973.9,-2135.47,2026/01/29 20:08:30
7058,769.27,15979.8,-2136.03,2026/01/29 20:08:30
7059,769.38,15987.8,-2125.52,2026/01/29 20:08:30
7060,769.49,15924.3,-2132.13,2026/01/29 20:08:30
7061,769.6,15915.4,-2135.22,2026/01/29 20:08:30
7062,769.7,15934.4,-2136.68,2026/01/29 20:08:30
7063,769.81,15943.5,-2137.14,2026/01/29 20:08:30
7064,769.92,15964.4,-2137.42,2026/01/29 20:08:30
7065,770.03,15980.1,-2134.96,2026/01/29 20:08:30
7066,770.14,15997.5,-2134.82,2026/01/29 20:08:31
7067,770.25,15960.5,-2125.77,2026/01/29 20:08:31
7068,770.36,15899.7,-2138.26,2026/01/29 20:08:31
7069,770.47,15891,-2136.48,2026/01/29 20:08:31
7070,770.58,15926,-2140.51,2026/01/29 20:08:31
7071,770.69,15933.8,-2140.16,2026/01/29 20:08:31
7072,770.79,15956.6,-2139.93,2026/01/29 20:08:31
7073,770.9,15970.3,-2139.01,2026/01/29 20:08:31
7074,771.01,15998.4,-2136.18,2026/01/29 20:08:31
7075,771.12,15971.7,-2128.29,2026/01/29 20:08:31
7076,771.23,15906.3,-2134.66,2026/01/29 20:08:32
7077,771.34,15892.7,-2140.35,2026/01/29 20:08:32
7078,771.45,15931.1,-2136.79,2026/01/29 20:08:32
7079,771.56,15933.1,-2143.21,2026/01/29 20:08:32
7080,771.67,15960.9,-2139.18,2026/01/29 20:08:32
7081,771.77,15976.5,-2138.76,2026/01/29 20:08:32
7082,771.88,15987.8,-2137.33,2026/01/29 20:08:32
7083,771.99,16011.7,-2127.55,2026/01/29 20:08:32
7084,772.1,15928.4,-2132.51,2026/01/29 20:08:32
7085,772.21,15902.9,-2136.13,2026/01/29 20:08:33
7086,772.32,15928.3,-2140.02,2026/01/29 20:08:33
7087,772.43,15938.5,-2137.96,2026/01/29 20:08:33
7088,772.54,15949.1,-2142.32,2026/01/29 20:08:33
7089,772.65,15971.4,-2136.95,2026/01/29 20:08:33
7090,772.75,15978,-2138.4,2026/01/29 20:08:33
7091,772.86,16014.8,-2127.69,2026/01/29 20:08:33
7092,772.97,15923.2,-2133.43,2026/01/29 20:08:33
7093,773.08,15893,-2138.07,2026/01/29 20:08:33
7094,773.19,15928.5,-2139.01,2026/01/29 20:08:34
7095,773.3,15931.4,-2142.53,2026/01/29 20:08:34
7096,773.41,15943.4,-2139.64,2026/01/29 20:08:34
7097,773.52,15959.4,-2141.41,2026/01/29 20:08:34
7098,773.63,15980.4,-2136.28,2026/01/29 20:08:34
7099,773.74,16015.6,-2133.42,2026/01/29 20:08:34
7100,773.85,15943.9,-2129.49,2026/01/29 20:08:34
7101,773.96,15898.9,-2138.08,2026/01/29 20:08:34
7102,774.06,15932,-2136.45,2026/01/29 20:08:34
7103,774.17,15937.3,-2140.73,2026/01/29 20:08:35
7104,774.28,15960.7,-2139.21,2026/01/29 20:08:35
7105,774.39,15979,-2138.36,2026/01/29 20:08:35
7106,774.5,15978.5,-2138.7,2026/01/29 20:08:35
7107,774.61,16028.7,-2127.84,2026/01/29 20:08:35
7108,774.72,15948.7,-2132.04,2026/01/29 20:08:35
7109,774.83,15914.6,-2133.75,2026/01/29 20:08:35
7110,774.94,15935.7,-2136.37,2026/01/29 20:08:35
7111,775.05,15941.8,-2137.61,2026/01/29 20:08:35
7112,775.15,15965,-2137.58,2026/01/29 20:08:36
7113,775.26,15977.8,-2136.26,2026/01/29 20:08:36
7114,775.37,15986,-2136,2026/01/29 20:08:36
7115,775.48,16013.5,-2130.75,2026/01/29 20:08:36
7116,775.59,15943.7,-2129.61,2026/01/29 20:08:36
7117,775.7,15910.7,-2138.73,2026/01/29 20:08:36
7118,775.81,15939.5,-2132.29,2026/01/29 20:08:36
7119,775.92,15939.1,-2139.14,2026/01/29 20:08:36
7120,776.03,15971.1,-2134.98,2026/01/29 20:08:36
7121,776.13,15986.2,-2134.58,2026/01/29 20:08:36
7122,776.24,15990.9,-2134.48,2026/01/29 20:08:37
7123,776.35,16007.1,-2127.09,2026/01/29 20:08:37
7124,776.46,15924.5,-2133.64,2026/01/29 20:08:37
7125,776.57,15913.2,-2136.27,2026/01/29 20:08:37
7126,776.68,15934.2,-2138.45,2026/01/29 20:08:37
7127,776.79,15947.7,-2136.09,2026/01/29 20:08:37
7128,776.9,15970.9,-2139.88,2026/01/29 20:08:37
7129,777.01,15987.3,-2133.41,2026/01/29 20:08:37
7130,777.12,15993.7,-2136.55,2026/01/29 20:08:37
7131,777.22,15980,-2125.6,2026/01/29 20:08:38
7132,777.33,15924.7,-2133.82,2026/01/29 20:08:38
7133,777.44,15932.6,-2133.42,2026/01/29 20:08:38
7134,777.55,15943.4,-2137.29,2026/01/29 20:08:38
7135,777.66,15967.2,-2137.98,2026/01/29 20:08:38
7136,777.77,15986.4,-2134.61,2026/01/29 20:08:38
7137,777.88,15993.3,-2137.03,2026/01/29 20:08:38
7138,777.99,15994.9,-2133.96,2026/01/29 20:08:38
7139,778.1,15965.3,-2130.51,2026/01/29 20:08:38
7140,778.21,15902.3,-2136.71,2026/01/29 20:08:39
7141,778.31,15918,-2137.8,2026/01/29 20:08:39
7142,778.42,15937.4,-2140.27,2026/01/29 20:08:39
7143,778.53,15947.1,-2139.34,2026/01/29 20:08:39
7144,778.64,15965,-2138.77,2026/01/29 20:08:39
7145,778.75,15977.3,-2138.24,2026/01/29 20:08:39
7146,778.86,16018.3,-2131.58,2026/01/29 20:08:39
7147,778.97,15957,-2129.95,2026/01/29 20:08:39
7148,779.08,15911.5,-2136.07,2026/01/29 20:08:39
7149,779.19,15939,-2134.71,2026/01/29 20:08:40
7150,779.3,15940.5,-2138.15,2026/01/29 20:08:40
7151,779.4,15961.6,-2139.87,2026/01/29 20:08:40
7152,779.51,15981.4,-2136.66,2026/01/29 20:08:40
7153,779.62,15986.1,-2136.53,2026/01/29 20:08:40
7154,779.73,16022.7,-2130.45,2026/01/29 20:08:40
7155,779.84,15949,-2128.6,2026/01/29 20:08:40
7156,779.95,15901.7,-2138.83,2026/01/29 20:08:40
7157,780.06,15904.4,-2138.38,2026/01/29 20:08:40
7158,780.17,15937.3,-2141.17,2026/01/29 20:08:41
7159,780.28,15946.4,-2141.97,2026/01/29 20:08:41
7160,780.38,15974.1,-2139.53,2026/01/29 20:08:41
7161,780.49,15986.8,-2137.2,2026/01/29 20:08:41
7162,780.6,16019.6,-2134.02,2026/01/29 20:08:41
7163,780.71,15948.2,-2131.44,2026/01/29 20:08:41
7164,780.82,15888.1,-2139.4,2026/01/29 20:08:41
7165,780.93,15904.4,-2142.28,2026/01/29 20:08:41
7166,781.04,15931.4,-2144.26,2026/01/29 20:08:41
7167,781.15,15942.6,-2142.62,2026/01/29 20:08:42
7168,781.26,15961.2,-2142.62,2026/01/29 20:08:42
7169,781.37,15979,-2139.96,2026/01/29 20:08:42
7170,781.47,16013.3,-2136.81,2026/01/29 20:08:42
7171,781.58,15994.3,-2127.12,2026/01/29 20:08:42
7172,781.69,15958.5,-2129.22,2026/01/29 20:08:42
7173,781.8,15943.3,-2132,2026/01/29 20:08:42
7174,781.91,15950,-2133.76,2026/01/29 20:08:42
7175,782.02,15950.3,-2141.62,2026/01/29 20:08:42
7176,782.13,15971.4,-2135.41,2026/01/29 20:08:42
7177,782.24,15983.7,-2138.63,2026/01/29 20:08:43
7178,782.35,16017,-2128.48,2026/01/29 20:08:43
7179,782.46,15942.9,-2130.84,2026/01/29 20:08:43
7180,782.56,15899.5,-2139.17,2026/01/29 20:08:43
7181,782.67,15933.5,-2137.2,2026/01/29 20:08:43
7182,782.78,15938.9,-2139.81,2026/01/29 20:08:43
7183,782.89,15968.8,-2138.07,2026/01/29 20:08:43
7184,783,15989,-2137.03,2026/01/29 20:08:43
7185,783.11,16011.4,-2135.75,2026/01/29 20:08:43
7186,783.22,15974.1,-2129.11,2026/01/29 20:08:44
7187,783.33,15925.7,-2134.43,2026/01/29 20:08:44
7188,783.44,15915.1,-2137.47,2026/01/29 20:08:44
7189,783.55,15938.3,-2137.67,2026/01/29 20:08:44
7190,783.65,15957.3,-2138.89,2026/01/29 20:08:44
7191,783.76,15986.5,-2136.29,2026/01/29 20:08:44
7192,783.87,16004.8,-2134.15,2026/01/29 20:08:44
7193,783.98,16005.4,-2136.6,2026/01/29 20:08:44
7194,784.09,15964.3,-2129.79,2026/01/29 20:08:44
7195,784.2,15900.6,-2139.35,2026/01/29 20:08:45
7196,784.31,15935.4,-2136.33,2026/01/29 20:08:45
7197,784.42,15934,-2139.22,2026/01/29 20:08:45
7198,784.53,15969.6,-2135.89,2026/01/29 20:08:45
7199,784.64,15982.5,-2136.25,2026/01/29 20:08:45
7200,784.75,15996.7,-2134.16,2026/01/29 20:08:45
7201,784.86,16011.1,-2133.85,2026/01/29 20:08:45
7202,784.97,15967.3,-2129.69,2026/01/29 20:08:45
7203,785.07,15951.6,-2130.91,2026/01/29 20:08:45
7204,785.18,15947.7,-2131.89,2026/01/29 20:08:46
7205,785.29,15951,-2133,2026/01/29 20:08:46
7206,785.4,15962.6,-2137.6,2026/01/29 20:08:46
7207,785.51,15983.8,-2134.04,2026/01/29 20:08:46
7208,785.62,15995.3,-2134.87,2026/01/29 20:08:46
7209,785.73,16000.5,-2136.05,2026/01/29 20:08:46
7210,785.84,15971.6,-2130.26,2026/01/29 20:08:46
7211,785.95,15952.2,-2131.54,2026/01/29 20:08:46
7212,786.05,15955.2,-2129.88,2026/01/29 20:08:46
7213,786.17,15952,-2133.87,2026/01/29 20:08:47
7214,786.27,15959.4,-2135.72,2026/01/29 20:08:47
7215,786.38,15976.2,-2135.74,2026/01/29 20:08:47
7216,786.49,15994.7,-2135.69,2026/01/29 20:08:47
7217,786.6,16006.5,-2130.47,2026/01/29 20:08:47
7218,786.71,15968.6,-2129.78,2026/01/29 20:08:47
7219,786.82,15959.7,-2130.72,2026/01/29 20:08:47
7220,786.93,15959.5,-2132.95,2026/01/29 20:08:47
7221,787.04,15969.2,-2136.27,2026/01/29 20:08:47
7222,787.15,15980.8,-2134.9,2026/01/29 20:08:48
7223,787.25,15995.8,-2134,2026/01/29 20:08:48
7224,787.36,15999.9,-2135.91,2026/01/29 20:08:48
7225,787.47,15967.4,-2127.61,2026/01/29 20:08:48
7226,787.58,15938.7,-2133.85,2026/01/29 20:08:48
7227,787.69,15950.4,-2133.06,2026/01/29 20:08:48
7228,787.8,15967.8,-2137.04,2026/01/29 20:08:48
7229,787.91,15987.6,-2135.87,2026/01/29 20:08:48
7230,788.02,15998.4,-2134.04,2026/01/29 20:08:48
7231,788.13,15998.4,-2135.46,2026/01/29 20:08:48
7232,788.24,15975.8,-2128.85,2026/01/29 20:08:49
7233,788.35,15914.3,-2136.8,2026/01/29 20:08:49
7234,788.46,15909.9,-2137.72,2026/01/29 20:08:49
7235,788.57,15938.1,-2137.3,2026/01/29 20:08:49
7236,788.67,15951.6,-2138.59,2026/01/29 20:08:49
7237,788.78,15975,-2140.52,2026/01/29 20:08:49
7238,788.89,15995.9,-2134.45,2026/01/29 20:08:49
7239,789,16012.3,-2137.1,2026/01/29 20:08:49
7240,789.11,15945.3,-2131.21,2026/01/29 20:08:49
7241,789.22,15906.7,-2139.73,2026/01/29 20:08:50
7242,789.33,15926.3,-2140.2,2026/01/29 20:08:50
7243,789.44,15944.8,-2139.68,2026/01/29 20:08:50
7244,789.55,15948,-2141.34,2026/01/29 20:08:50
7245,789.66,15974.3,-2138.5,2026/01/29 20:08:50
7246,789.76,15987.7,-2137.67,2026/01/29 20:08:50
7247,789.87,16017.1,-2136.24,2026/01/29 20:08:50
7248,789.98,15932.7,-2132.58,2026/01/29 20:08:50
7249,790.09,15899.4,-2140.5,2026/01/29 20:08:50
7250,790.2,15934.8,-2141.17,2026/01/29 20:08:51
7251,790.31,15943.3,-2142.27,2026/01/29 20:08:51
7252,790.42,15948.7,-2142.91,2026/01/29 20:08:51
7253,790.53,15966.2,-2141.94,2026/01/29 20:08:51
7254,790.64,16024.1,-2132.51,2026/01/29 20:08:51
7255,790.75,15991.9,-2128.46,2026/01/29 20:08:51
7256,790.85,15948.4,-2129.12,2026/01/29 20:08:51
7257,790.96,15951.4,-2133.72,2026/01/29 20:08:51
7258,791.07,15949.5,-2136.75,2026/01/29 20:08:51
7259,791.18,15977.7,-2136.55,2026/01/29 20:08:52
7260,791.29,15996.8,-2136.59,2026/01/29 20:08:52
7261,791.4,16003.4,-2135.75,2026/01/29 20:08:52
7262,791.51,15992.2,-2128.38,2026/01/29 20:08:52
7263,791.62,15958.6,-2129.11,2026/01/29 20:08:52
7264,791.73,15954.7,-2132.77,2026/01/29 20:08:52
7265,791.84,15959.7,-2134.53,2026/01/29 20:08:52
7266,791.95,15978.8,-2137.79,2026/01/29 20:08:52
7267,792.05,16000.3,-2131.56,2026/01/29 20:08:52
7268,792.16,16004.1,-2137.61,2026/01/29 20:08:53
7269,792.27,15985.5,-2129.09,2026/01/29 20:08:53
7270,792.38,15943.3,-2133.02,2026/01/29 20:08:53
7271,792.49,15949.5,-2132.32,2026/01/29 20:08:53
7272,792.6,15956.1,-2135.39,2026/01/29 20:08:53
7273,792.71,15979.8,-2136.94,2026/01/29 20:08:53
7274,792.82,15994.9,-2136.05,2026/01/29 20:08:53
7275,792.93,15994.8,-2135.14,2026/01/29 20:08:53
7276,793.04,15984,-2130.41,2026/01/29 20:08:53
7277,793.14,15939.7,-2134.23,2026/01/29 20:08:54
7278,793.25,15953.2,-2129.77,2026/01/29 20:08:54
7279,793.36,15953,-2137.84,2026/01/29 20:08:54
7280,793.47,15980.5,-2136,2026/01/29 20:08:54
7281,793.58,15995.9,-2135.77,2026/01/29 20:08:54
7282,793.69,16001.7,-2135.99,2026/01/29 20:08:54
7283,793.8,16013.9,-2129.51,2026/01/29 20:08:54
7284,793.91,15959.7,-2130.4,2026/01/29 20:08:54
7285,794.02,15957.4,-2131.28,2026/01/29 20:08:54
7286,794.13,15958.1,-2134.97,2026/01/29 20:08:54
7287,794.23,15979.9,-2137.27,2026/01/29 20:08:55
7288,794.34,15986.5,-2135.7,2026/01/29 20:08:55
7289,794.45,15998.3,-2135.73,2026/01/29 20:08:55
7290,794.56,16008.9,-2135,2026/01/29 20:08:55
7291,794.67,15962,-2130.6,2026/01/29 20:08:55
7292,794.78,15940.3,-2131.86,2026/01/29 20:08:55
7293,794.89,15950,-2135.31,2026/01/29 20:08:55
7294,795,15958.3,-2136.15,2026/01/29 20:08:55
7295,795.11,15978.1,-2137.93,2026/01/29 20:08:55
7296,795.21,15991.7,-2136.2,2026/01/29 20:08:56
7297,795.32,16019.7,-2130.19,2026/01/29 20:08:56
7298,795.43,15974.9,-2130.71,2026/01/29 20:08:56
7299,795.54,15965.6,-2128.83,2026/01/29 20:08:56
7300,795.65,15961.5,-2132.53,2026/01/29 20:08:56
7301,795.76,15970.5,-2135.08,2026/01/29 20:08:56
7302,795.87,15982.4,-2137.25,2026/01/29 20:08:56
7303,795.98,16001.8,-2134.15,2026/01/29 20:08:56
7304,796.09,16009.5,-2136.5,2026/01/29 20:08:56
7305,796.19,15977.1,-2128.39,2026/01/29 20:08:57
7306,796.3,15968.6,-2130.09,2026/01/29 20:08:57
7307,796.41,15967.4,-2134.87,2026/01/29 20:08:57
7308,796.52,15980.4,-2135.83,2026/01/29 20:08:57
7309,796.63,15988,-2136.82,2026/01/29 20:08:57
7310,796.74,15997.9,-2136.08,2026/01/29 20:08:57
7311,796.85,16012.9,-2129.37,2026/01/29 20:08:57
7312,796.96,15975.4,-2131.51,2026/01/29 20:08:57
7313,797.07,15966.9,-2130.44,2026/01/29 20:08:57
7314,797.18,15972.2,-2135.32,2026/01/29 20:08:58
7315,797.28,15983.6,-2134.98,2026/01/29 20:08:58
7316,797.39,15994.1,-2133.97,2026/01/29 20:08:58
7317,797.5,16000.2,-2134.54,2026/01/29 20:08:58
7318,797.61,15997.8,-2128.87,2026/01/29 20:08:58
7319,797.72,15970.3,-2129.01,2026/01/29 20:08:58
7320,797.83,15966.4,-2132.4,2026/01/29 20:08:58
7321,797.94,15971,-2133.42,2026/01/29 20:08:58
7322,798.05,15988.9,-2137.18,2026/01/29 20:08:58
7323,798.16,15999.2,-2134.6,2026/01/29 20:08:59
7324,798.27,16003.6,-2134.29,2026/01/29 20:08:59
7325,798.38,15993.3,-2130.99,2026/01/29 20:08:59
7326,798.49,15976.8,-2129.92,2026/01/29 20:08:59
7327,798.6,15974.8,-2134.05,2026/01/29 20:08:59
7328,798.7,15984.5,-2135.26,2026/01/29 20:08:59
7329,798.81,15994.2,-2135.67,2026/01/29 20:08:59
7330,798.92,16002,-2135,2026/01/29 20:08:59
7331,799.03,16004.7,-2135.24,2026/01/29 20:08:59
7332,799.14,16007.8,-2132.81,2026/01/29 20:09:00
7333,799.25,15983.9,-2132.62,2026/01/29 20:09:00
7334,799.36,15954,-2130.54,2026/01/29 20:09:00
7335,799.47,15954.1,-2132.8,2026/01/29 20:09:00
7336,799.58,15960,-2132.75,2026/01/29 20:09:00
7337,799.68,15966.3,-2135.9,2026/01/29 20:09:00
7338,799.79,15987.6,-2137.71,2026/01/29 20:09:00
7339,799.9,15999,-2135.02,2026/01/29 20:09:00
7340,800.01,16005,-2134.87,2026/01/29 20:09:00
7341,800.12,16013.7,-2136.33,2026/01/29 20:09:00
7342,800.23,15955.9,-2131.8,2026/01/29 20:09:01
7343,800.34,15942,-2134.72,2026/01/29 20:09:01
7344,800.45,15955,-2134.6,2026/01/29 20:09:01
7345,800.56,15959.3,-2137.26,2026/01/29 20:09:01
7346,800.67,15979.2,-2138.25,2026/01/29 20:09:01
7347,800.77,15990.3,-2136.29,2026/01/29 20:09:01
7348,800.88,16001.6,-2135.61,2026/01/29 20:09:01
7349,800.99,16001,-2130.47,2026/01/29 20:09:01
7350,801.1,15948.2,-2131.89,2026/01/29 20:09:01
7351,801.21,15957.5,-2131.21,2026/01/29 20:09:02
7352,801.32,15961,-2137.18,2026/01/29 20:09:02
7353,801.43,15981,-2136.83,2026/01/29 20:09:02
7354,801.54,15991,-2136.79,2026/01/29 20:09:02
7355,801.65,15995,-2135.19,2026/01/29 20:09:02
7356,801.76,16004.8,-2134.84,2026/01/29 20:09:02
7357,801.87,16012.8,-2133.37,2026/01/29 20:09:02
7358,801.97,16018.2,-2128.06,2026/01/29 20:09:02
7359,802.08,15976.5,-2128.74,2026/01/29 20:09:02
7360,802.19,15941.9,-2135.94,2026/01/29 20:09:03
7361,802.3,15961.2,-2128.32,2026/01/29 20:09:03
7362,802.41,15956.6,-2139.26,2026/01/29 20:09:03
7363,802.52,15971.3,-2137.67,2026/01/29 20:09:03
7364,802.63,15989.3,-2137.65,2026/01/29 20:09:03
7365,802.74,16000.5,-2136.31,2026/01/29 20:09:03
7366,802.85,16019.8,-2132.71,2026/01/29 20:09:03
7367,802.95,15958.2,-2133.33,2026/01/29 20:09:03
7368,803.06,15926.7,-2136.78,2026/01/29 20:09:03
7369,803.17,15948.6,-2134.54,2026/01/29 20:09:04
7370,803.28,15957.2,-2140.5,2026/01/29 20:09:04
7371,803.39,15966.1,-2139.46,2026/01/29 20:09:04
7372,803.5,15986.9,-2137.86,2026/01/29 20:09:04
7373,803.61,15995.5,-2138.14,2026/01/29 20:09:04
7374,803.72,16026,-2133.2,2026/01/29 20:09:04
7375,803.83,15994.7,-2129.39,2026/01/29 20:09:04
7376,803.94,15963.4,-2130.32,2026/01/29 20:09:04
7377,804.04,15966.2,-2130.02,2026/01/29 20:09:04
7378,804.15,15965.1,-2137.01,2026/01/29 20:09:05
7379,804.26,15983.2,-2135.95,2026/01/29 20:09:05
7380,804.37,15999.4,-2136.7,2026/01/29 20:09:05
7381,804.48,16008.5,-2136.38,2026/01/29 20:09:05
7382,804.59,16014.1,-2129.37,2026/01/29 20:09:05
7383,804.7,15962.5,-2132.38,2026/01/29 20:09:05
7384,804.81,15955.5,-2131.51,2026/01/29 20:09:05
7385,804.92,15959.4,-2136.71,2026/01/29 20:09:05
7386,805.02,15969.2,-2138.33,2026/01/29 20:09:05
7387,805.13,15986,-2138.15,2026/01/29 20:09:05
7388,805.24,16006.2,-2135.57,2026/01/29 20:09:06
7389,805.35,16003.5,-2136.18,2026/01/29 20:09:06
7390,805.46,16027.7,-2127.39,2026/01/29 20:09:06
7391,805.57,15961.8,-2132.95,2026/01/29 20:09:06
7392,805.68,15956,-2131.04,2026/01/29 20:09:06
7393,805.79,15963,-2136.33,2026/01/29 20:09:06
7394,805.9,15964.3,-2137.54,2026/01/29 20:09:06
7395,806.01,15986.1,-2136.37,2026/01/29 20:09:06
7396,806.12,15993.8,-2136.98,2026/01/29 20:09:06
7397,806.22,16005.6,-2135.65,2026/01/29 20:09:07
7398,806.33,16015.3,-2135.93,2026/01/29 20:09:07
7399,806.44,15978.5,-2131.16,2026/01/29 20:09:07
7400,806.55,15963.6,-2131.52,2026/01/29 20:09:07
7401,806.66,15967.3,-2131.7,2026/01/29 20:09:07
7402,806.77,15966.5,-2135.48,2026/01/29 20:09:07
7403,806.88,15977.6,-2139.62,2026/01/29 20:09:07
7404,806.99,15996,-2135.53,2026/01/29 20:09:07
7405,807.1,16004.8,-2136.44,2026/01/29 20:09:07
7406,807.21,16029.1,-2132.18,2026/01/29 20:09:08
7407,807.32,15969.8,-2131.91,2026/01/29 20:09:08
7408,807.43,15965.1,-2129.46,2026/01/29 20:09:08
7409,807.53,15964.4,-2133.92,2026/01/29 20:09:08
7410,807.64,15970,-2135.29,2026/01/29 20:09:08
7411,807.75,15989.7,-2138.43,2026/01/29 20:09:08
7412,807.86,16005,-2135.47,2026/01/29 20:09:08
7413,807.97,16006.8,-2137.67,2026/01/29 20:09:08
7414,808.08,16000.9,-2128.22,2026/01/29 20:09:08
7415,808.19,15950.7,-2134.12,2026/01/29 20:09:09
7416,808.3,15952.5,-2133.14,2026/01/29 20:09:09
7417,808.41,15962.2,-2137.09,2026/01/29 20:09:09
7418,808.52,15977.3,-2138.94,2026/01/29 20:09:09
7419,808.62,15994.7,-2137.54,2026/01/29 20:09:09
7420,808.73,16006.6,-2136.07,2026/01/29 20:09:09
7421,808.84,16027.9,-2133.96,2026/01/29 20:09:09
7422,808.95,15981.5,-2130.22,2026/01/29 20:09:09
7423,809.06,15920,-2137.99,2026/01/29 20:09:09
7424,809.17,15916.3,-2140.48,2026/01/29 20:09:10
7425,809.28,15951.6,-2143.86,2026/01/29 20:09:10
7426,809.39,15959.1,-2141.55,2026/01/29 20:09:10
7427,809.5,15980.8,-2141.89,2026/01/29 20:09:10
7428,809.61,15993.1,-2138.45,2026/01/29 20:09:10
7429,809.72,15994.8,-2138.59,2026/01/29 20:09:10
7430,809.83,16004.9,-2136.32,2026/01/29 20:09:10
7431,809.93,16000.9,-2137.41,2026/01/29 20:09:10
7432,810.04,16009.1,-2136.1,2026/01/29 20:09:10
7433,810.15,16006,-2137.36,2026/01/29 20:09:11
7434,810.26,16009.8,-2135.4,2026/01/29 20:09:11
7435,810.37,16010.3,-2136.16,2026/01/29 20:09:11
7436,810.48,16011,-2135.06,2026/01/29 20:09:11
7437,810.59,16013.9,-2135.31,2026/01/29 20:09:11
7438,810.7,16012.1,-2135.93,2026/01/29 20:09:11
7439,810.81,16017.1,-2133.89,2026/01/29 20:09:11
7440,810.92,16013.4,-2137.35,2026/01/29 20:09:11
7441,811.02,16017.9,-2131.67,2026/01/29 20:09:11
7442,811.13,16016.1,-2135.66,2026/01/29 20:09:11
7443,811.24,16017.2,-2132.98,2026/01/29 20:09:12
7444,811.35,16018.4,-2134.17,2026/01/29 20:09:12
7445,811.46,16016.6,-2134.25,2026/01/29 20:09:12
7446,811.57,16019.2,-2133.9,2026/01/29 20:09:12
7447,811.68,16016.2,-2133.41,2026/01/29 20:09:12
7448,811.79,16018.9,-2132.77,2026/01/29 20:09:12
7449,811.9,16017.8,-2134.1,2026/01/29 20:09:12
7450,812.01,16018.8,-2132.04,2026/01/29 20:09:12
7451,812.11,16018.2,-2134.92,2026/01/29 20:09:12
7452,812.22,16018.5,-2132.29,2026/01/29 20:09:13
7453,812.33,16019.5,-2133.68,2026/01/29 20:09:13
7454,812.44,16018.2,-2133.35,2026/01/29 20:09:13
7455,812.55,16021.2,-2132.3,2026/01/29 20:09:13
7456,812.66,16018.9,-2133.41,2026/01/29 20:09:13
7457,812.77,16020.4,-2131.87,2026/01/29 20:09:13
7458,812.88,16020.4,-2133.05,2026/01/29 20:09:13
7459,812.99,16020,-2132.09,2026/01/29 20:09:13
7460,813.09,16020.9,-2133.68,2026/01/29 20:09:13
7461,813.21,16020.5,-2131.64,2026/01/29 20:09:14
7462,813.31,16020.1,-2133.74,2026/01/29 20:09:14
7463,813.42,16020.2,-2132.28,2026/01/29 20:09:14
7464,813.53,16020.9,-2133.17,2026/01/29 20:09:14
7465,813.64,16020.4,-2133.58,2026/01/29 20:09:14
7466,813.75,16023.3,-2132.57,2026/01/29 20:09:14
7467,813.86,16021.2,-2133.13,2026/01/29 20:09:14
7468,813.97,16022.8,-2132.54,2026/01/29 20:09:14
7469,814.08,16021.9,-2133.43,2026/01/29 20:09:14
7470,814.19,16022.7,-2131.54,2026/01/29 20:09:15
7471,814.29,16022.1,-2134.51,2026/01/29 20:09:15
7472,814.4,16023.2,-2131.01,2026/01/29 20:09:15
7473,814.51,16023.1,-2133.75,2026/01/29 20:09:15
7474,814.62,16021.5,-2132.78,2026/01/29 20:09:15
7475,814.73,16024.9,-2132.78,2026/01/29 20:09:15
7476,814.84,16021.8,-2132.83,2026/01/29 20:09:15
7477,814.95,16024.8,-2132.11,2026/01/29 20:09:15
7478,815.06,16022.4,-2134.03,2026/01/29 20:09:15
7479,815.17,16025.3,-2130.85,2026/01/29 20:09:16
7480,815.28,16023.4,-2135.51,2026/01/29 20:09:16
7481,815.38,16026.3,-2130.25,2026/01/29 20:09:16
7482,815.49,16023.9,-2134.26,2026/01/29 20:09:16
7483,815.6,16024.9,-2131.49,2026/01/29 20:09:16
7484,815.71,16024.7,-2134.08,2026/01/29 20:09:16
7485,815.82,16025.4,-2132.75,2026/01/29 20:09:16
7486,815.93,16025.5,-2133.78,2026/01/29 20:09:16
7487,816.04,16023.3,-2133.02,2026/01/29 20:09:16
7488,816.15,16028.7,-2131.82,2026/01/29 20:09:17
7489,816.26,16022.3,-2133.97,2026/01/29 20:09:17
7490,816.37,16029.8,-2132.1,2026/01/29 20:09:17
7491,816.47,16023.7,-2133.06,2026/01/29 20:09:17
7492,816.58,16029.1,-2133.5,2026/01/29 20:09:17
7493,816.69,16025.4,-2132.66,2026/01/29 20:09:17
7494,816.8,16027.5,-2133.72,2026/01/29 20:09:17
7495,816.91,16026.9,-2132.43,2026/01/29 20:09:17
7496,817.02,16026.1,-2134.62,2026/01/29 20:09:17
7497,817.13,16028.6,-2132.95,2026/01/29 20:09:17
7498,817.24,16026.5,-2132.92,2026/01/29 20:09:18
7499,817.34,16027.9,-2133.34,2026/01/29 20:09:18
7500,817.45,16027.7,-2133.41,2026/01/29 20:09:18
7501,817.56,16028.4,-2131.99,2026/01/29 20:09:18
7502,817.67,16027.4,-2134.98,2026/01/29 20:09:18
7503,817.78,16027.8,-2132.13,2026/01/29 20:09:18
7504,817.89,16028.3,-2134.44,2026/01/29 20:09:18
7505,818,16027.8,-2133.33,2026/01/29 20:09:18
7506,818.11,16029.3,-2134.09,2026/01/29 20:09:18
7507,818.22,16028.8,-2132.17,2026/01/29 20:09:19
7508,818.33,16029.4,-2133.8,2026/01/29 20:09:19
7509,818.44,16027.9,-2133.88,2026/01/29 20:09:19
7510,818.55,16031.3,-2132.41,2026/01/29 20:09:19
7511,818.65,16026.1,-2133.99,2026/01/29 20:09:19
7512,818.76,16032.6,-2133.77,2026/01/29 20:09:19
7513,818.87,16027.7,-2132.11,2026/01/29 20:09:19
7514,818.98,16031.6,-2134.63,2026/01/29 20:09:19
7515,819.09,16029.2,-2133,2026/01/29 20:09:19
7516,819.2,16030.8,-2132.82,2026/01/29 20:09:20
7517,819.31,16032.3,-2133.15,2026/01/29 20:09:20
7518,819.42,16029.7,-2133.71,2026/01/29 20:09:20
7519,819.53,16033.2,-2133.85,2026/01/29 20:09:20
7520,819.64,16030,-2134.13,2026/01/29 20:09:20
7521,819.74,16034,-2132.27,2026/01/29 20:09:20
7522,819.85,16028.2,-2135.27,2026/01/29 20:09:20
7523,819.96,16035.7,-2132.77,2026/01/29 20:09:20
7524,820.07,16029.5,-2132.85,2026/01/29 20:09:20
7525,820.18,16034.2,-2134.97,2026/01/29 20:09:21
7526,820.29,16031,-2133.05,2026/01/29 20:09:21
7527,820.4,16032.6,-2133.74,2026/01/29 20:09:21
7528,820.51,16032.8,-2133.92,2026/01/29 20:09:21
7529,820.62,16031.1,-2134.17,2026/01/29 20:09:21
7530,820.73,16034.1,-2133.56,2026/01/29 20:09:21
7531,820.84,16031.4,-2133.38,2026/01/29 20:09:21
7532,820.95,16034.7,-2133.03,2026/01/29 20:09:21
7533,821.05,16030.2,-2135.14,2026/01/29 20:09:21
7534,821.16,16037.5,-2132.22,2026/01/29 20:09:22
7535,821.27,16030.3,-2133.52,2026/01/29 20:09:22
7536,821.38,16035.5,-2134.38,2026/01/29 20:09:22
7537,821.49,16032.6,-2133.27,2026/01/29 20:09:22
7538,821.6,16034.2,-2134.37,2026/01/29 20:09:22
7539,821.71,16034.5,-2134.2,2026/01/29 20:09:22
7540,821.82,16033.2,-2133.72,2026/01/29 20:09:22
7541,821.93,16035.4,-2134.31,2026/01/29 20:09:22
7542,822.03,16033.2,-2133.68,2026/01/29 20:09:22
7543,822.14,16036.6,-2133.06,2026/01/29 20:09:23
7544,822.25,16033.1,-2134.82,2026/01/29 20:09:23
7545,822.36,16038.9,-2132.94,2026/01/29 20:09:23
7546,822.47,16031.9,-2133.14,2026/01/29 20:09:23
7547,822.58,16036.9,-2134.88,2026/01/29 20:09:23
7548,822.69,16034.5,-2133.5,2026/01/29 20:09:23
7549,822.8,16035.6,-2133.59,2026/01/29 20:09:23
7550,822.91,16035.9,-2134.42,2026/01/29 20:09:23
7551,823.02,16035,-2133.91,2026/01/29 20:09:23
7552,823.13,16037.4,-2135.21,2026/01/29 20:09:23
7553,823.23,16035.1,-2133.97,2026/01/29 20:09:24
7554,823.34,16038.6,-2132.92,2026/01/29 20:09:24
7555,823.45,16033.5,-2134.79,2026/01/29 20:09:24
7556,823.56,16040.7,-2133.76,2026/01/29 20:09:24
7557,823.67,16034.8,-2132.97,2026/01/29 20:09:24
7558,823.78,16038,-2135.11,2026/01/29 20:09:24
7559,823.89,16036.8,-2134.44,2026/01/29 20:09:24
7560,824,16036.7,-2133.89,2026/01/29 20:09:24
7561,824.11,16037.7,-2135.37,2026/01/29 20:09:24
7562,824.22,16037,-2133.73,2026/01/29 20:09:25
7563,824.32,16039.1,-2134.14,2026/01/29 20:09:25
7564,824.43,16036.3,-2134.23,2026/01/29 20:09:25
7565,824.54,16040.6,-2133.32,2026/01/29 20:09:25
7566,824.65,16035.4,-2135.19,2026/01/29 20:09:25
7567,824.76,16042.1,-2134.46,2026/01/29 20:09:25
7568,824.87,16037.5,-2133.56,2026/01/29 20:09:25
7569,824.98,16040.1,-2135.04,2026/01/29 20:09:25
7570,825.09,16039,-2134.53,2026/01/29 20:09:25
7571,825.2,16039.7,-2133.25,2026/01/29 20:09:26
7572,825.31,16039.7,-2135.2,2026/01/29 20:09:26
7573,825.42,16039.7,-2133.21,2026/01/29 20:09:26
7574,825.52,16040.2,-2134.28,2026/01/29 20:09:26
7575,825.63,16039.7,-2133.61,2026/01/29 20:09:26
7576,825.74,16041.4,-2134.14,2026/01/29 20:09:26
7577,825.85,16038.6,-2135.24,2026/01/29 20:09:26
7578,825.96,16043.3,-2134.08,2026/01/29 20:09:26
7579,826.07,16039,-2135.29,2026/01/29 20:09:26
7580,826.18,16042.4,-2134.62,2026/01/29 20:09:27
7581,826.29,16040.9,-2133.91,2026/01/29 20:09:27
7582,826.4,16041,-2134.55,2026/01/29 20:09:27
7583,826.51,16041.3,-2136.05,2026/01/29 20:09:27
7584,826.62,16041.9,-2132.14,2026/01/29 20:09:27
7585,826.72,16040.8,-2135.82,2026/01/29 20:09:27
7586,826.83,16042.1,-2133.2,2026/01/29 20:09:27
7587,826.94,16041.6,-2134.81,2026/01/29 20:09:27
7588,827.05,16042.1,-2134.37,2026/01/29 20:09:27
7589,827.16,16043.3,-2133.79,2026/01/29 20:09:28
7590,827.27,16040.5,-2135.15,2026/01/29 20:09:28
7591,827.38,16045,-2134.71,2026/01/29 20:09:28
7592,827.49,16041.3,-2133.88,2026/01/29 20:09:28
7593,827.6,16043.2,-2135.28,2026/01/29 20:09:28
7594,827.71,16042.9,-2135.61,2026/01/29 20:09:28
7595,827.81,16044.1,-2132.74,2026/01/29 20:09:28
7596,827.92,16043.9,-2135.78,2026/01/29 20:09:28
7597,828.03,16044.1,-2133.77,2026/01/29 20:09:28
7598,828.14,16043.5,-2134.87,2026/01/29 20:09:29
7599,828.25,16043.9,-2134.41,2026/01/29 20:09:29
7600,828.36,16045.3,-2134.4,2026/01/29 20:09:29
7601,828.47,16042.6,-2135.75,2026/01/29 20:09:29
7602,828.58,16047.3,-2134.28,2026/01/29 20:09:29
7603,828.69,16042.1,-2135.65,2026/01/29 20:09:29
7604,828.8,16046.3,-2134.49,2026/01/29 20:09:29
7605,828.91,16044.2,-2134.37,2026/01/29 20:09:29
7606,829.02,16045.2,-2135,2026/01/29 20:09:29
7607,829.12,16044.7,-2136.38,2026/01/29 20:09:29
7608,829.23,16045.7,-2134.44,2026/01/29 20:09:30
7609,829.34,16045.5,-2136.5,2026/01/29 20:09:30
7610,829.45,16045.8,-2135.22,2026/01/29 20:09:30
7611,829.56,16046.8,-2135.97,2026/01/29 20:09:30
7612,829.67,16044.6,-2135.6,2026/01/29 20:09:30
7613,829.78,16048.2,-2133.93,2026/01/29 20:09:30
7614,829.89,16043.7,-2136.04,2026/01/29 20:09:30
7615,830,16050.1,-2135.52,2026/01/29 20:09:30
7616,830.1,16044.9,-2133.6,2026/01/29 20:09:30
7617,830.21,16048,-2136.95,2026/01/29 20:09:31
7618,830.32,16048.2,-2134.99,2026/01/29 20:09:31
7619,830.43,16047.7,-2134.79,2026/01/29 20:09:31
7620,830.54,16047.8,-2136.18,2026/01/29 20:09:31
7621,830.65,16046.9,-2135.1,2026/01/29 20:09:31
7622,830.76,16049.6,-2135.69,2026/01/29 20:09:31
7623,830.87,16046.6,-2135.11,2026/01/29 20:09:31
7624,830.98,16050.7,-2134.16,2026/01/29 20:09:31
7625,831.09,16045.2,-2136.42,2026/01/29 20:09:31
7626,831.19,16053.2,-2134.19,2026/01/29 20:09:32
7627,831.3,16045.8,-2134.96,2026/01/29 20:09:32
7628,831.41,16051.6,-2136.47,2026/01/29 20:09:32
7629,831.52,16047.9,-2134.78,2026/01/29 20:09:32
7630,831.63,16049.8,-2135.95,2026/01/29 20:09:32
7631,831.74,16049.7,-2135.33,2026/01/29 20:09:32
7632,831.85,16049.1,-2136.05,2026/01/29 20:09:32
7633,831.96,16051.6,-2134.63,2026/01/29 20:09:32
7634,832.07,16049.3,-2135.59,2026/01/29 20:09:32
7635,832.18,16052.3,-2134.81,2026/01/29 20:09:33
7636,832.28,16049.2,-2136.68,2026/01/29 20:09:33
7637,832.39,16054.1,-2132.98,2026/01/29 20:09:33
7638,832.5,16048.7,-2137.01,2026/01/29 20:09:33
7639,832.61,16053.4,-2135.06,2026/01/29 20:09:33
7640,832.72,16050.6,-2135.83,2026/01/29 20:09:33
7641,832.83,16052.9,-2136,2026/01/29 20:09:33
7642,832.94,16052,-2135.83,2026/01/29 20:09:33
7643,833.05,16051.1,-2135.92,2026/01/29 20:09:33
7644,833.15,16053.3,-2135.73,2026/01/29 20:09:34
7645,833.26,16052.4,-2135.38,2026/01/29 20:09:34
7646,833.37,16052.5,-2135.09,2026/01/29 20:09:34
7647,833.48,16052.3,-2137.81,2026/01/29 20:09:34
7648,833.59,16053.1,-2134.44,2026/01/29 20:09:34
7649,833.7,16054.2,-2135.46,2026/01/29 20:09:34
7650,833.81,16052.7,-2135.16,2026/01/29 20:09:34
7651,833.92,16055.5,-2135.49,2026/01/29 20:09:34
7652,834.02,16051.5,-2136.42,2026/01/29 20:09:34
7653,834.13,16058,-2134.07,2026/01/29 20:09:34
7654,834.24,16050.5,-2135.47,2026/01/29 20:09:35
7655,834.35,16056.9,-2136.64,2026/01/29 20:09:35
7656,834.46,16052.7,-2135.11,2026/01/29 20:09:35
7657,834.57,16054.7,-2136.42,2026/01/29 20:09:35
7658,834.68,16055.5,-2135.23,2026/01/29 20:09:35
7659,834.79,16053.6,-2136.84,2026/01/29 20:09:35
7660,834.89,16056.4,-2135.87,2026/01/29 20:09:35
7661,835,16054.6,-2136.45,2026/01/29 20:09:35
7662,835.11,16056.4,-2134.84,2026/01/29 20:09:35
7663,835.22,16054.3,-2138.42,2026/01/29 20:09:36
7664,835.33,16058.2,-2133.43,2026/01/29 20:09:36
7665,835.44,16053.6,-2138.18,2026/01/29 20:09:36
7666,835.55,16059,-2134.3,2026/01/29 20:09:36
7667,835.66,16053.4,-2136.7,2026/01/29 20:09:36
7668,835.77,16058.9,-2135.94,2026/01/29 20:09:36
7669,835.88,16056,-2135.5,2026/01/29 20:09:36
7670,835.99,16057.6,-2136.41,2026/01/29 20:09:36
7671,836.1,16057.4,-2134.91,2026/01/29 20:09:36
7672,836.2,16056.1,-2137.24,2026/01/29 20:09:37
7673,836.31,16059.2,-2135.77,2026/01/29 20:09:37
7674,836.42,16057.1,-2136.27,2026/01/29 20:09:37
7675,836.53,16057.9,-2135.05,2026/01/29 20:09:37
7676,836.64,16057.4,-2137.91,2026/01/29 20:09:37
7677,836.75,16059.2,-2133.24,2026/01/29 20:09:37
7678,836.86,16055.9,-2138.07,2026/01/29 20:09:37
7679,836.97,16060.8,-2134.28,2026/01/29 20:09:37
7680,837.08,16056.8,-2136.62,2026/01/29 20:09:37
7681,837.19,16059.3,-2135.89,2026/01/29 20:09:38
7682,837.29,16058,-2136.02,2026/01/29 20:09:38
7683,837.4,16059,-2136.48,2026/01/29 20:09:38
7684,837.51,16059.9,-2134.52,2026/01/29 20:09:38
7685,837.62,16057.7,-2136.42,2026/01/29 20:09:38
7686,837.73,16060.9,-2135.73,2026/01/29 20:09:38
7687,837.84,16059,-2135.93,2026/01/29 20:09:38
7688,837.95,16059.5,-2135.92,2026/01/29 20:09:38
7689,838.06,16059.6,-2137.42,2026/01/29 20:09:38
7690,838.17,16060.5,-2133.84,2026/01/29 20:09:39
7691,838.28,16058.9,-2137.46,2026/01/29 20:09:39
7692,838.39,16060.9,-2134.68,2026/01/29 20:09:39
7693,838.49,16058.7,-2136.46,2026/01/29 20:09:39
7694,838.6,16058.8,-2136.98,2026/01/29 20:09:39
7695,838.71,16061.7,-2135.12,2026/01/29 20:09:39
7696,838.82,16056.8,-2137.43,2026/01/29 20:09:39
7697,838.93,16063.2,-2135.79,2026/01/29 20:09:39
7698,839.04,16058,-2135.38,2026/01/29 20:09:39
7699,839.15,16061.4,-2137.19,2026/01/29 20:09:40
7700,839.26,16059.3,-2136.04,2026/01/29 20:09:40
7701,839.37,16060.5,-2136.43,2026/01/29 20:09:40
7702,839.47,16061.1,-2136.56,2026/01/29 20:09:40
7703,839.58,16059.3,-2136.57,2026/01/29 20:09:40
7704,839.69,16062,-2137.14,2026/01/29 20:09:40
7705,839.8,16059.5,-2135.85,2026/01/29 20:09:40
7706,839.91,16062.7,-2135.79,2026/01/29 20:09:40
7707,840.02,16058.4,-2137.87,2026/01/29 20:09:40
7708,840.13,16064.8,-2134.77,2026/01/29 20:09:40
7709,840.24,16058.1,-2137.24,2026/01/29 20:09:41
7710,840.35,16064.5,-2136.16,2026/01/29 20:09:41
7711,840.46,16059.5,-2136.29,2026/01/29 20:09:41
7712,840.57,16063.5,-2136.98,2026/01/29 20:09:41
7713,840.67,16061.6,-2135.69,2026/01/29 20:09:41
7714,840.78,16061.6,-2137.4,2026/01/29 20:09:41
7715,840.89,16063.7,-2135.81,2026/01/29 20:09:41
7716,841,16060.3,-2137.05,2026/01/29 20:09:41
7717,841.11,16063.6,-2136.83,2026/01/29 20:09:41
7718,841.22,16061.2,-2136.5,2026/01/29 20:09:42
7719,841.33,16063.7,-2135.8,2026/01/29 20:09:42
7720,841.44,16060.2,-2139.23,2026/01/29 20:09:42
7721,841.55,16064.9,-2133.82,2026/01/29 20:09:42
7722,841.66,16060.1,-2138.24,2026/01/29 20:09:42
7723,841.77,16065.3,-2136.06,2026/01/29 20:09:42
7724,841.88,16060.2,-2136.37,2026/01/29 20:09:42
7725,841.98,16064.8,-2136.94,2026/01/29 20:09:42
7726,842.09,16062.4,-2136.16,2026/01/29 20:09:42
7727,842.2,16064,-2137.38,2026/01/29 20:09:43
7728,842.31,16064.5,-2135.77,2026/01/29 20:09:43
7729,842.42,16063.6,-2137.02,2026/01/29 20:09:43
7730,842.53,16065.2,-2135.84,2026/01/29 20:09:43
7731,842.64,16062.1,-2136.88,2026/01/29 20:09:43
7732,842.75,16066.1,-2136.93,2026/01/29 20:09:43
7733,842.86,16061.7,-2136.44,2026/01/29 20:09:43
7734,842.97,16065.2,-2136.05,2026/01/29 20:09:43
7735,843.08,16062.2,-2138.05,2026/01/29 20:09:43
7736,843.19,16067.6,-2134.69,2026/01/29 20:09:44
7737,843.3,16061.2,-2138.15,2026/01/29 20:09:44
7738,843.4,16067.3,-2136.47,2026/01/29 20:09:44
7739,843.51,16063,-2136.68,2026/01/29 20:09:44
7740,843.62,16065.4,-2136.88,2026/01/29 20:09:44
7741,843.73,16064.4,-2136.23,2026/01/29 20:09:44
7742,843.84,16064.1,-2137.48,2026/01/29 20:09:44
7743,843.95,16069.1,-2135.66,2026/01/29 20:09:44
7744,844.06,16070.4,-2136.26,2026/01/29 20:09:44
7745,844.17,16072.2,-2135.91,2026/01/29 20:09:45
7746,844.28,16060.8,-2136.72,2026/01/29 20:09:45
7747,844.39,16019.2,-2137.11,2026/01/29 20:09:45
7748,844.49,15988.3,-2141.92,2026/01/29 20:09:45
7749,844.6,15984.5,-2138.79,2026/01/29 20:09:45
7750,844.71,16003.6,-2138.6,2026/01/29 20:09:45
7751,844.82,16023.8,-2139.67,2026/01/29 20:09:45
7752,844.93,16046.5,-2139.78,2026/01/29 20:09:45
7753,845.04,16058.5,-2139.61,2026/01/29 20:09:45
7754,845.15,16055.9,-2137.05,2026/01/29 20:09:46
7755,845.26,15996.4,-2141.14,2026/01/29 20:09:46
7756,845.37,15973.9,-2141.97,2026/01/29 20:09:46
7757,845.48,16003.2,-2141.54,2026/01/29 20:09:46
7758,845.59,16013.4,-2143.97,2026/01/29 20:09:46
7759,845.69,16037.8,-2142.13,2026/01/29 20:09:46
7760,845.8,16052.4,-2140.42,2026/01/29 20:09:46
7761,845.91,16064.2,-2136.92,2026/01/29 20:09:46
7762,846.02,16009.8,-2137.63,2026/01/29 20:09:46
7763,846.13,15981.8,-2142.77,2026/01/29 20:09:46
7764,846.24,16007.6,-2138.95,2026/01/29 20:09:47
7765,846.35,16014.5,-2143.63,2026/01/29 20:09:47
7766,846.46,16039.3,-2141.56,2026/01/29 20:09:47
7767,846.57,16056.8,-2139.84,2026/01/29 20:09:47
7768,846.68,16064.6,-2139.03,2026/01/29 20:09:47
7769,846.78,16006.2,-2139.13,2026/01/29 20:09:47
7770,846.89,15991.2,-2138.59,2026/01/29 20:09:47
7771,847,16012.3,-2141.81,2026/01/29 20:09:47
7772,847.11,16036.5,-2140.85,2026/01/29 20:09:47
7773,847.22,16052.5,-2140.01,2026/01/29 20:09:48
7774,847.33,16055.2,-2140.78,2026/01/29 20:09:48
7775,847.44,16025,-2136.29,2026/01/29 20:09:48
7776,847.55,15984.5,-2140.68,2026/01/29 20:09:48
7777,847.66,15994.1,-2139.71,2026/01/29 20:09:48
7778,847.77,16009.3,-2141.26,2026/01/29 20:09:48
7779,847.87,16035.8,-2142.56,2026/01/29 20:09:48
7780,847.98,16056.8,-2138.57,2026/01/29 20:09:48
7781,848.09,16056.8,-2141.7,2026/01/29 20:09:48
7782,848.2,16028.3,-2135.46,2026/01/29 20:09:49
7783,848.31,15985.5,-2140.3,2026/01/29 20:09:49
7784,848.42,16009.2,-2138.91,2026/01/29 20:09:49
7785,848.53,16019.3,-2141.82,2026/01/29 20:09:49
7786,848.64,16041.2,-2141.42,2026/01/29 20:09:49
7787,848.75,16054.2,-2139.9,2026/01/29 20:09:49
7788,848.86,16038.5,-2135.08,2026/01/29 20:09:49
7789,848.97,15997.7,-2139.09,2026/01/29 20:09:49
7790,849.08,16003.4,-2137.2,2026/01/29 20:09:49
7791,849.18,16012.6,-2141.18,2026/01/29 20:09:50
7792,849.29,16034.3,-2141.71,2026/01/29 20:09:50
7793,849.4,16051.5,-2138.73,2026/01/29 20:09:50
7794,849.51,16062.4,-2141.35,2026/01/29 20:09:50
7795,849.62,16017.9,-2135.21,2026/01/29 20:09:50
7796,849.73,15985.8,-2140.64,2026/01/29 20:09:50
7797,849.84,16010.1,-2139.6,2026/01/29 20:09:50
7798,849.95,16017.6,-2142.28,2026/01/29 20:09:50
7799,850.06,16041.2,-2141.32,2026/01/29 20:09:50
7800,850.17,16056.4,-2140.6,2026/01/29 20:09:51
7801,850.28,16022.3,-2137.34,2026/01/29 20:09:51
7802,850.39,15979,-2141.61,2026/01/29 20:09:51
7803,850.49,16003.3,-2139.79,2026/01/29 20:09:51
7804,850.6,16010.1,-2142.28,2026/01/29 20:09:51
7805,850.71,16032.3,-2142.46,2026/01/29 20:09:51
7806,850.82,16047.7,-2139.56,2026/01/29 20:09:51
7807,850.93,16048.2,-2134.9,2026/01/29 20:09:51
7808,851.04,15990.5,-2138.98,2026/01/29 20:09:51
7809,851.15,15996.2,-2139.81,2026/01/29 20:09:52
7810,851.26,16007.2,-2142.16,2026/01/29 20:09:52
7811,851.37,16027.5,-2141.7,2026/01/29 20:09:52
7812,851.47,16045.1,-2141.97,2026/01/29 20:09:52
7813,851.58,16064,-2134.27,2026/01/29 20:09:52
7814,851.69,15993.4,-2140.91,2026/01/29 20:09:52
7815,851.8,15996.6,-2140.14,2026/01/29 20:09:52
7816,851.91,16006,-2142.53,2026/01/29 20:09:52
7817,852.02,16034.6,-2141.93,2026/01/29 20:09:52
7818,852.13,16051.1,-2142.21,2026/01/29 20:09:52
7819,852.24,16073.4,-2132.19,2026/01/29 20:09:53
7820,852.35,15996,-2141.91,2026/01/29 20:09:53
7821,852.46,15997.6,-2138.71,2026/01/29 20:09:53
7822,852.57,16006.6,-2143.65,2026/01/29 20:09:53
7823,852.68,16025,-2142.63,2026/01/29 20:09:53
7824,852.78,16038.6,-2140.99,2026/01/29 20:09:53
7825,852.89,16070.6,-2138.7,2026/01/29 20:09:53
7826,853,16018.8,-2136.29,2026/01/29 20:09:53
7827,853.11,15980.7,-2141.52,2026/01/29 20:09:53
7828,853.22,16001.6,-2140.6,2026/01/29 20:09:54
7829,853.33,16007.1,-2142.56,2026/01/29 20:09:54
7830,853.44,16031.9,-2143.19,2026/01/29 20:09:54
7831,853.55,16047,-2144.54,2026/01/29 20:09:54
7832,853.66,16039,-2135.01,2026/01/29 20:09:54
7833,853.77,15987.5,-2142.69,2026/01/29 20:09:54
7834,853.88,16002.7,-2137.95,2026/01/29 20:09:54
7835,853.99,16008.5,-2144.9,2026/01/29 20:09:54
7836,854.09,16030.6,-2143,2026/01/29 20:09:54
7837,854.2,16044.5,-2142.81,2026/01/29 20:09:55
7838,854.31,16073.5,-2132.93,2026/01/29 20:09:55
7839,854.42,16003.5,-2138.81,2026/01/29 20:09:55
7840,854.53,15989.5,-2142.44,2026/01/29 20:09:55
7841,854.64,16009.5,-2142.55,2026/01/29 20:09:55
7842,854.75,16025.3,-2142.51,2026/01/29 20:09:55
7843,854.86,16045.6,-2143.31,2026/01/29 20:09:55
7844,854.97,16075.8,-2134.95,2026/01/29 20:09:55
7845,855.08,16009.2,-2137.73,2026/01/29 20:09:55
7846,855.18,16004,-2140.56,2026/01/29 20:09:56
7847,855.29,16012.9,-2139.71,2026/01/29 20:09:56
7848,855.4,16034,-2142.44,2026/01/29 20:09:56
7849,855.51,16049.8,-2140.71,2026/01/29 20:09:56
7850,855.62,16073.7,-2140.18,2026/01/29 20:09:56
7851,855.73,16006.5,-2140.33,2026/01/29 20:09:56
7852,855.84,16006.2,-2137.22,2026/01/29 20:09:56
7853,855.95,16007.7,-2142.93,2026/01/29 20:09:56
7854,856.06,16034,-2142.79,2026/01/29 20:09:56
7855,856.17,16042.2,-2140.2,2026/01/29 20:09:57
7856,856.28,16056.6,-2142.32,2026/01/29 20:09:57
7857,856.39,16034,-2136.2,2026/01/29 20:09:57
7858,856.49,16007.6,-2138.26,2026/01/29 20:09:57
7859,856.6,16018.1,-2140.31,2026/01/29 20:09:57
7860,856.71,16022.1,-2142.46,2026/01/29 20:09:57
7861,856.82,16040.5,-2141.62,2026/01/29 20:09:57
7862,856.93,16050.5,-2141.7,2026/01/29 20:09:57
7863,857.04,16062,-2132.07,2026/01/29 20:09:57
7864,857.15,16003.5,-2141.05,2026/01/29 20:09:58
7865,857.26,16018,-2135.81,2026/01/29 20:09:58
7866,857.37,16016.2,-2142.13,2026/01/29 20:09:58
7867,857.48,16041.3,-2141.58,2026/01/29 20:09:58
7868,857.58,16043,-2139,2026/01/29 20:09:58
7869,857.69,16048.9,-2140.35,2026/01/29 20:09:58
7870,857.8,16053.2,-2138.92,2026/01/29 20:09:58
7871,857.91,16059.4,-2140,2026/01/29 20:09:58
7872,858.02,16070.6,-2132.7,2026/01/29 20:09:58
7873,858.13,16019.2,-2136.97,2026/01/29 20:09:58
7874,858.24,16009.3,-2137.46,2026/01/29 20:09:59
7875,858.35,16016.1,-2139.13,2026/01/29 20:09:59
7876,858.46,16026.6,-2139.14,2026/01/29 20:09:59
7877,858.57,16045.8,-2142.82,2026/01/29 20:09:59
7878,858.67,16054.4,-2138.05,2026/01/29 20:09:59
7879,858.78,16053,-2139.68,2026/01/29 20:09:59
7880,858.89,16057.6,-2138.78,2026/01/29 20:09:59
7881,859,16063.5,-2139.25,2026/01/29 20:09:59
7882,859.11,16064.5,-2138.86,2026/01/29 20:09:59
7883,859.22,16059,-2131.08,2026/01/29 20:10:00
7884,859.33,16012.5,-2138.57,2026/01/29 20:10:00
7885,859.44,16003.4,-2139.59,2026/01/29 20:10:00
7886,859.55,16013.2,-2137.38,2026/01/29 20:10:00
7887,859.66,16016.9,-2142.28,2026/01/29 20:10:00
7888,859.77,16033.4,-2143.78,2026/01/29 20:10:00
7889,859.88,16047.9,-2138.68,2026/01/29 20:10:00
7890,859.98,16049.9,-2142.85,2026/01/29 20:10:00
7891,860.09,16056.5,-2137.16,2026/01/29 20:10:00
7892,860.2,16055.1,-2141.18,2026/01/29 20:10:01
7893,860.31,16066.6,-2139.72,2026/01/29 20:10:01
7894,860.42,16075.9,-2131.59,2026/01/29 20:10:01
7895,860.53,16022.4,-2137.11,2026/01/29 20:10:01
7896,860.64,16012.6,-2137.26,2026/01/29 20:10:01
7897,860.75,16019.8,-2137.79,2026/01/29 20:10:01
7898,860.86,16030.8,-2141.51,2026/01/29 20:10:01
7899,860.97,16049.1,-2139.74,2026/01/29 20:10:01
7900,861.07,16053.4,-2139.06,2026/01/29 20:10:01
7901,861.18,16055.5,-2140.5,2026/01/29 20:10:02
7902,861.29,16062.1,-2137.79,2026/01/29 20:10:02
7903,861.4,16066.2,-2140.3,2026/01/29 20:10:02
7904,861.51,16080,-2132.53,2026/01/29 20:10:02
7905,861.62,16021.1,-2137.05,2026/01/29 20:10:02
7906,861.73,16008.3,-2137.97,2026/01/29 20:10:02
7907,861.84,16021.6,-2136.86,2026/01/29 20:10:02
7908,861.95,16021.5,-2142.28,2026/01/29 20:10:02
7909,862.06,16044.8,-2140.89,2026/01/29 20:10:02
7910,862.16,16046.9,-2139.57,2026/01/29 20:10:03
7911,862.27,16055.3,-2140.76,2026/01/29 20:10:03
7912,862.38,16057.5,-2138.66,2026/01/29 20:10:03
7913,862.49,16064.7,-2139.72,2026/01/29 20:10:03
7914,862.6,16060.4,-2131.23,2026/01/29 20:10:03
7915,862.71,16006.1,-2139.9,2026/01/29 20:10:03
7916,862.82,16010.4,-2138.51,2026/01/29 20:10:03
7917,862.92,16017.9,-2141.02,2026/01/29 20:10:03
7918,863.03,16030.1,-2141.12,2026/01/29 20:10:03
7919,863.14,16044.5,-2143.58,2026/01/29 20:10:04
7920,863.25,16052.5,-2137.02,2026/01/29 20:10:04
7921,863.36,16056.4,-2140.89,2026/01/29 20:10:04
7922,863.47,16065.3,-2138.79,2026/01/29 20:10:04
7923,863.58,16057.8,-2132.28,2026/01/29 20:10:04
7924,863.69,16005.3,-2139.64,2026/01/29 20:10:04
7925,863.8,15997.7,-2140.51,2026/01/29 20:10:04
7926,863.91,16013.3,-2142.11,2026/01/29 20:10:04
7927,864.02,16020.1,-2141.4,2026/01/29 20:10:04
7928,864.12,16038.3,-2142.37,2026/01/29 20:10:04
7929,864.23,16047.4,-2140.09,2026/01/29 20:10:05
7930,864.34,16052,-2139.79,2026/01/29 20:10:05
7931,864.45,16056.8,-2138.62,2026/01/29 20:10:05
7932,864.56,16062.9,-2141.69,2026/01/29 20:10:05
7933,864.67,16076.3,-2130.49,2026/01/29 20:10:05
7934,864.78,16018.7,-2139.2,2026/01/29 20:10:05
7935,864.89,16020,-2136.48,2026/01/29 20:10:05
7936,865,16025,-2140.67,2026/01/29 20:10:05
7937,865.1,16034.6,-2141.35,2026/01/29 20:10:05
7938,865.22,16050.9,-2139.17,2026/01/29 20:10:06
7939,865.32,16050.3,-2140.5,2026/01/29 20:10:06
7940,865.43,16057.8,-2138.47,2026/01/29 20:10:06
7941,865.54,16055.6,-2138.9,2026/01/29 20:10:06
7942,865.65,16066.7,-2140.41,2026/01/29 20:10:06
7943,865.76,16068.9,-2132.13,2026/01/29 20:10:06
7944,865.87,16017.6,-2138.13,2026/01/29 20:10:06
7945,865.98,16016.9,-2137.66,2026/01/29 20:10:06
7946,866.09,16023.4,-2140.13,2026/01/29 20:10:06
7947,866.19,16033.4,-2141.35,2026/01/29 20:10:07
7948,866.3,16047.2,-2141.55,2026/01/29 20:10:07
7949,866.41,16053.9,-2138.57,2026/01/29 20:10:07
7950,866.52,16054,-2141.95,2026/01/29 20:10:07
7951,866.63,16066.7,-2137.53,2026/01/29 20:10:07
7952,866.74,16076.6,-2137.71,2026/01/29 20:10:07
7953,866.85,16026.9,-2136.88,2026/01/29 20:10:07
7954,866.96,16017.1,-2137.66,2026/01/29 20:10:07
7955,867.07,16027.3,-2139.25,2026/01/29 20:10:07
7956,867.17,16035.8,-2140.83,2026/01/29 20:10:08
7957,867.28,16048.7,-2141.77,2026/01/29 20:10:08
7958,867.39,16057.5,-2139.01,2026/01/29 20:10:08
7959,867.5,16063.1,-2139.33,2026/01/29 20:10:08
7960,867.61,16069.6,-2133.05,2026/01/29 20:10:08
7961,867.72,16016,-2138.92,2026/01/29 20:10:08
7962,867.83,16010.2,-2137.06,2026/01/29 20:10:08
7963,867.94,16021.2,-2139.04,2026/01/29 20:10:08
7964,868.05,16024.5,-2140.04,2026/01/29 20:10:08
7965,868.16,16041.4,-2141.96,2026/01/29 20:10:09
7966,868.26,16050.2,-2139.71,2026/01/29 20:10:09
7967,868.37,16058.6,-2139.41,2026/01/29 20:10:09
7968,868.48,16061.7,-2140.32,2026/01/29 20:10:09
7969,868.59,16074.1,-2132.81,2026/01/29 20:10:09
7970,868.7,16000.6,-2139.29,2026/01/29 20:10:09
7971,868.81,15998.1,-2142.03,2026/01/29 20:10:09
7972,868.92,16012.7,-2139.35,2026/01/29 20:10:09
7973,869.03,16019.1,-2143.13,2026/01/29 20:10:09
7974,869.14,16040.8,-2142.52,2026/01/29 20:10:10
7975,869.24,16048.8,-2139.94,2026/01/29 20:10:10
7976,869.35,16060.9,-2140.81,2026/01/29 20:10:10
7977,869.47,16067.5,-2139.99,2026/01/29 20:10:10
7978,869.57,16037.3,-2136.11,2026/01/29 20:10:10
7979,869.68,16016.1,-2137.7,2026/01/29 20:10:10
7980,869.79,16028,-2138.61,2026/01/29 20:10:10
7981,869.9,16029.6,-2143.27,2026/01/29 20:10:10
7982,870.01,16051.1,-2139.55,2026/01/29 20:10:10
7983,870.12,16053.5,-2140.15,2026/01/29 20:10:10
7984,870.23,16065.5,-2141.19,2026/01/29 20:10:11
7985,870.34,16043.5,-2134.2,2026/01/29 20:10:11
7986,870.45,16011.7,-2139.52,2026/01/29 20:10:11
7987,870.56,16012.4,-2138.35,2026/01/29 20:10:11
7988,870.66,16021.3,-2139.39,2026/01/29 20:10:11
7989,870.77,16024.9,-2142.67,2026/01/29 20:10:11
7990,870.88,16048,-2140.88,2026/01/29 20:10:11
7991,870.99,16054.8,-2140.65,2026/01/29 20:10:11
7992,871.1,16055.3,-2139.42,2026/01/29 20:10:11
7993,871.21,16062.9,-2139.01,2026/01/29 20:10:12
7994,871.32,16064.6,-2141.99,2026/01/29 20:10:12
7995,871.43,16085.5,-2135,2026/01/29 20:10:12
7996,871.54,16019.1,-2138.42,2026/01/29 20:10:12
7997,871.65,16015.7,-2138.19,2026/01/29 20:10:12
7998,871.75,16024.2,-2139.36,2026/01/29 20:10:12
7999,871.86,16030.1,-2142.39,2026/01/29 20:10:12
8000,871.97,16044.9,-2140.42,2026/01/29 20:10:12
8001,872.08,16048.8,-2140.87,2026/01/29 20:10:12
8002,872.19,16058.2,-2139.68,2026/01/29 20:10:13
8003,872.3,16063.5,-2140.43,2026/01/29 20:10:13
8004,872.41,16083.7,-2132.57,2026/01/29 20:10:13
8005,872.52,16026.4,-2140,2026/01/29 20:10:13
8006,872.63,16016.4,-2135.93,2026/01/29 20:10:13
8007,872.74,16022.9,-2136.65,2026/01/29 20:10:13
8008,872.84,16026.2,-2140.52,2026/01/29 20:10:13
8009,872.95,16042.7,-2141.88,2026/01/29 20:10:13
8010,873.06,16052.7,-2140.2,2026/01/29 20:10:13
8011,873.17,16056.1,-2139.62,2026/01/29 20:10:14
8012,873.28,16060.1,-2140.7,2026/01/29 20:10:14
8013,873.39,16068,-2139.37,2026/01/29 20:10:14
8014,873.5,16047.7,-2135.22,2026/01/29 20:10:14
8015,873.61,16009.6,-2139.17,2026/01/29 20:10:14
8016,873.72,16020.5,-2137.23,2026/01/29 20:10:14
8017,873.83,16023.8,-2139.33,2026/01/29 20:10:14
8018,873.93,16044.4,-2144.42,2026/01/29 20:10:14
8019,874.04,16055.7,-2138.05,2026/01/29 20:10:14
8020,874.15,16062.4,-2140.94,2026/01/29 20:10:15
8021,874.26,16067.9,-2138.94,2026/01/29 20:10:15
8022,874.37,16052.5,-2134.58,2026/01/29 20:10:15
8023,874.48,16006.5,-2140.11,2026/01/29 20:10:15
8024,874.59,16007.4,-2138.43,2026/01/29 20:10:15
8025,874.7,16016.6,-2140.7,2026/01/29 20:10:15
8026,874.81,16024.9,-2142.37,2026/01/29 20:10:15
8027,874.92,16045.8,-2141.61,2026/01/29 20:10:15
8028,875.03,16052.6,-2140.84,2026/01/29 20:10:15
8029,875.14,16058.7,-2140.85,2026/01/29 20:10:16
8030,875.24,16066.8,-2138.49,2026/01/29 20:10:16
8031,875.35,16075.6,-2135.41,2026/01/29 20:10:16
8032,875.46,16012.5,-2138.54,2026/01/29 20:10:16
8033,875.57,16016.5,-2138.87,2026/01/29 20:10:16
8034,875.68,16021.4,-2139.82,2026/01/29 20:10:16
8035,875.79,16026,-2142.79,2026/01/29 20:10:16
8036,875.9,16042.2,-2142.11,2026/01/29 20:10:16
8037,876.01,16058.2,-2139.35,2026/01/29 20:10:16
8038,876.12,16058.9,-2139.99,2026/01/29 20:10:16
8039,876.22,16079,-2134.19,2026/01/29 20:10:17
8040,876.33,16009.7,-2137.76,2026/01/29 20:10:17
8041,876.44,16002.6,-2141.12,2026/01/29 20:10:17
8042,876.55,16017.9,-2139.87,2026/01/29 20:10:17
8043,876.66,16034.6,-2142.62,2026/01/29 20:10:17
8044,876.77,16053.3,-2140.81,2026/01/29 20:10:17
8045,876.88,16056.7,-2140.29,2026/01/29 20:10:17
8046,876.99,16068,-2140.78,2026/01/29 20:10:17
8047,877.1,16073.8,-2133.17,2026/01/29 20:10:17
8048,877.21,16019.2,-2138.47,2026/01/29 20:10:18
8049,877.32,16024.2,-2137.65,2026/01/29 20:10:18
8050,877.43,16029.7,-2139.58,2026/01/29 20:10:18
8051,877.54,16037,-2142.87,2026/01/29 20:10:18
8052,877.64,16054.8,-2139.93,2026/01/29 20:10:18
8053,877.75,16053.9,-2139.23,2026/01/29 20:10:18
8054,877.86,16067.6,-2141.22,2026/01/29 20:10:18
8055,877.97,16057.9,-2130.97,2026/01/29 20:10:18
8056,878.08,16019.4,-2139.25,2026/01/29 20:10:18
8057,878.19,16026.5,-2136.53,2026/01/29 20:10:19
8058,878.3,16026.8,-2140.78,2026/01/29 20:10:19
8059,878.41,16044.6,-2142.25,2026/01/29 20:10:19
8060,878.52,16054.7,-2140.51,2026/01/29 20:10:19
8061,878.63,16063.2,-2139.66,2026/01/29 20:10:19
8062,878.74,16067.6,-2139.57,2026/01/29 20:10:19
8063,878.85,16078.9,-2131.67,2026/01/29 20:10:19
8064,878.95,16025.5,-2138.65,2026/01/29 20:10:19
8065,879.06,16035,-2133.31,2026/01/29 20:10:19
8066,879.17,16029.7,-2140.84,2026/01/29 20:10:20
8067,879.28,16045.8,-2140.84,2026/01/29 20:10:20
8068,879.39,16055.4,-2140.04,2026/01/29 20:10:20
8069,879.5,16063.6,-2140.15,2026/01/29 20:10:20
8070,879.61,16068.2,-2139.41,2026/01/29 20:10:20
8071,879.72,16047.4,-2136.14,2026/01/29 20:10:20
8072,879.82,16014.9,-2138.35,2026/01/29 20:10:20
8073,879.93,16011.3,-2139.08,2026/01/29 20:10:20
8074,880.04,16027.1,-2137.38,2026/01/29 20:10:20
8075,880.15,16024,-2137.26,2026/01/29 20:10:21
8076,880.26,16023.9,-2136.05,2026/01/29 20:10:21
8077,880.37,16028,-2142.56,2026/01/29 20:10:21
8078,880.48,16057.3,-2139.71,2026/01/29 20:10:21
8079,880.59,16062.1,-2141.41,2026/01/29 20:10:21
8080,880.7,16070.2,-2140.34,2026/01/29 20:10:21
8081,880.81,16088.9,-2138.44,2026/01/29 20:10:21
8082,880.92,16029.8,-2136.38,2026/01/29 20:10:21
8083,881.03,16014,-2138.37,2026/01/29 20:10:21
8084,881.13,16015.5,-2139.18,2026/01/29 20:10:21
8085,881.24,16028.2,-2137.12,2026/01/29 20:10:22
8086,881.35,16021.4,-2143.71,2026/01/29 20:10:22
8087,881.46,16044.6,-2142.76,2026/01/29 20:10:22
8088,881.57,16051.9,-2140.75,2026/01/29 20:10:22
8089,881.68,16060.2,-2141.27,2026/01/29 20:10:22
8090,881.79,16068.7,-2140.54,2026/01/29 20:10:22
8091,881.89,16087.8,-2138.82,2026/01/29 20:10:22
8092,882,16032.7,-2136.82,2026/01/29 20:10:22
8093,882.11,16001.7,-2140.26,2026/01/29 20:10:22
8094,882.22,16004.3,-2140.33,2026/01/29 20:10:23
8095,882.33,16020.2,-2138.95,2026/01/29 20:10:23
8096,882.44,16019.4,-2142.8,2026/01/29 20:10:23
8097,882.55,16030.8,-2145,2026/01/29 20:10:23
8098,882.66,16051.4,-2140.95,2026/01/29 20:10:23
8099,882.77,16057.1,-2142.47,2026/01/29 20:10:23
8100,882.88,16067.4,-2140.87,2026/01/29 20:10:23
8101,882.98,16091.6,-2137.69,2026/01/29 20:10:23
8102,883.09,16010.8,-2139.01,2026/01/29 20:10:23
8103,883.2,15991.4,-2140.9,2026/01/29 20:10:24
8104,883.31,16011.6,-2143.54,2026/01/29 20:10:24
8105,883.42,16018.8,-2142.69,2026/01/29 20:10:24
8106,883.53,16016.7,-2146.28,2026/01/29 20:10:24
8107,883.64,16037.7,-2143.16,2026/01/29 20:10:24
8108,883.75,16046.2,-2141.88,2026/01/29 20:10:24
8109,883.86,16082.9,-2139.05,2026/01/29 20:10:24
8110,883.97,16031.1,-2137.06,2026/01/29 20:10:24
8111,884.08,15981.9,-2143.29,2026/01/29 20:10:24
8112,884.19,15988.1,-2145.98,2026/01/29 20:10:25
8113,884.29,16010.3,-2148.18,2026/01/29 20:10:25
8114,884.4,16013.2,-2147.44,2026/01/29 20:10:25
8115,884.51,16013.5,-2147.05,2026/01/29 20:10:25
8116,884.62,16018.9,-2146.82,2026/01/29 20:10:25
8117,884.73,16026.3,-2146.15,2026/01/29 20:10:25
8118,884.84,16090.4,-2138.14,2026/01/29 20:10:25
8119,884.95,16023.9,-2137.11,2026/01/29 20:10:25
8120,885.06,16004.5,-2138.68,2026/01/29 20:10:25
8121,885.17,16015.6,-2140.19,2026/01/29 20:10:26
8122,885.28,16016,-2142.67,2026/01/29 20:10:26
8123,885.38,16022.7,-2144.49,2026/01/29 20:10:26
8124,885.49,16041.4,-2143.58,2026/01/29 20:10:26
8125,885.6,16059,-2141.22,2026/01/29 20:10:26
8126,885.71,16082,-2140.41,2026/01/29 20:10:26
8127,885.82,16034,-2134.63,2026/01/29 20:10:26
8128,885.93,16010.9,-2141.34,2026/01/29 20:10:26
8129,886.04,16020.5,-2135.86,2026/01/29 20:10:26
8130,886.15,16020.2,-2142.61,2026/01/29 20:10:27
8131,886.26,16025.8,-2141.88,2026/01/29 20:10:27
8132,886.37,16046.7,-2142.15,2026/01/29 20:10:27
8133,886.48,16057.5,-2140.84,2026/01/29 20:10:27
8134,886.58,16068.1,-2140.49,2026/01/29 20:10:27
8135,886.69,16089.4,-2137.57,2026/01/29 20:10:27
8136,886.8,16048.7,-2134.29,2026/01/29 20:10:27
8137,886.91,16018.7,-2138,2026/01/29 20:10:27
8138,887.02,16025.6,-2136.43,2026/01/29 20:10:27
8139,887.13,16020.7,-2142.47,2026/01/29 20:10:27
8140,887.24,16039.1,-2143.53,2026/01/29 20:10:28
8141,887.35,16051.4,-2141.66,2026/01/29 20:10:28
8142,887.46,16064.7,-2141.24,2026/01/29 20:10:28
8143,887.56,16092.6,-2136.94,2026/01/29 20:10:28
8144,887.67,16033.2,-2136.84,2026/01/29 20:10:28
8145,887.78,15990.6,-2140.94,2026/01/29 20:10:28
8146,887.89,15993.3,-2145.26,2026/01/29 20:10:28
8147,888,16016.9,-2146.02,2026/01/29 20:10:28
8148,888.11,16015.8,-2146.85,2026/01/29 20:10:28
8149,888.22,16024.7,-2146.39,2026/01/29 20:10:29
8150,888.33,16060.6,-2142.97,2026/01/29 20:10:29
8151,888.44,16107.2,-2138.78,2026/01/29 20:10:29
8152,888.55,16034.4,-2135.04,2026/01/29 20:10:29
8153,888.66,16002.2,-2141.33,2026/01/29 20:10:29
8154,888.77,15994.8,-2141.67,2026/01/29 20:10:29
8155,888.88,16015,-2142.21,2026/01/29 20:10:29
8156,888.99,16015.8,-2145.51,2026/01/29 20:10:29
8157,889.09,16021.1,-2146.66,2026/01/29 20:10:29
8158,889.2,16042.6,-2143.67,2026/01/29 20:10:30
8159,889.31,16059,-2144,2026/01/29 20:10:30
8160,889.42,16099.4,-2136.75,2026/01/29 20:10:30
8161,889.53,16016.7,-2139.06,2026/01/29 20:10:30
8162,889.64,15994.6,-2143.7,2026/01/29 20:10:30
8163,889.75,16016.1,-2140.81,2026/01/29 20:10:30
8164,889.86,16018.7,-2145.47,2026/01/29 20:10:30
8165,889.97,16027.9,-2145.52,2026/01/29 20:10:30
8166,890.07,16048.6,-2143.39,2026/01/29 20:10:30
8167,890.18,16063.1,-2142.42,2026/01/29 20:10:31
8168,890.29,16086.6,-2141.34,2026/01/29 20:10:31
8169,890.4,16042.3,-2135.34,2026/01/29 20:10:31
8170,890.51,15995.8,-2143.68,2026/01/29 20:10:31
8171,890.62,16018.1,-2139.96,2026/01/29 20:10:31
8172,890.73,16020.5,-2144.79,2026/01/29 20:10:31
8173,890.84,16024.9,-2144.19,2026/01/29 20:10:31
8174,890.95,16038.6,-2144.33,2026/01/29 20:10:31
8175,891.06,16053.6,-2141.77,2026/01/29 20:10:31
8176,891.17,16081.7,-2140.72,2026/01/29 20:10:32
8177,891.28,16059.8,-2133.59,2026/01/29 20:10:32
8178,891.38,16015.4,-2138.96,2026/01/29 20:10:32
8179,891.49,16002.3,-2142.56,2026/01/29 20:10:32
8180,891.6,16018.9,-2139.79,2026/01/29 20:10:32
8181,891.71,16020.9,-2145.44,2026/01/29 20:10:32
8182,891.82,16027.1,-2144.12,2026/01/29 20:10:32
8183,891.93,16037.5,-2143.42,2026/01/29 20:10:32
8184,892.04,16053.3,-2142.69,2026/01/29 20:10:32
8185,892.15,16091.9,-2139.07,2026/01/29 20:10:33
8186,892.26,16037.7,-2135.54,2026/01/29 20:10:33
8187,892.37,15991.2,-2143.1,2026/01/29 20:10:33
8188,892.47,16010.1,-2141.93,2026/01/29 20:10:33
8189,892.58,16019.1,-2144.86,2026/01/29 20:10:33
8190,892.69,16020.6,-2145.94,2026/01/29 20:10:33
8191,892.8,16030.7,-2145.05,2026/01/29 20:10:33
8192,892.91,16051.1,-2143.88,2026/01/29 20:10:33
8193,893.02,16103.1,-2138.54,2026/01/29 20:10:33
8194,893.13,16024.3,-2136.66,2026/01/29 20:10:33
8195,893.24,15992.2,-2143.28,2026/01/29 20:10:34
8196,893.35,16012.7,-2141.08,2026/01/29 20:10:34
8197,893.45,16018.4,-2145.78,2026/01/29 20:10:34
8198,893.56,16025.4,-2145.34,2026/01/29 20:10:34
8199,893.67,16029.5,-2146.36,2026/01/29 20:10:34
8200,893.78,16070.4,-2141.92,2026/01/29 20:10:34
8201,893.89,16088,-2133.83,2026/01/29 20:10:34
8202,894,16005.6,-2141.56,2026/01/29 20:10:34
8203,894.11,15983.8,-2143.29,2026/01/29 20:10:34
8204,894.22,16017.4,-2145.4,2026/01/29 20:10:35
8205,894.33,16017.7,-2146.03,2026/01/29 20:10:35
8206,894.44,16032.6,-2147.21,2026/01/29 20:10:35
8207,894.55,16049.7,-2143.8,2026/01/29 20:10:35
8208,894.65,16063.2,-2143.13,2026/01/29 20:10:35
8209,894.76,16106.8,-2137.06,2026/01/29 20:10:35
8210,894.87,16028,-2138.32,2026/01/29 20:10:35
8211,894.98,15997.4,-2142.2,2026/01/29 20:10:35
8212,895.09,16011.5,-2143.4,2026/01/29 20:10:35
8213,895.2,16022.9,-2144.2,2026/01/29 20:10:36
8214,895.31,16021.9,-2147.8,2026/01/29 20:10:36
8215,895.42,16032.3,-2145.28,2026/01/29 20:10:36
8216,895.53,16081.8,-2141.73,2026/01/29 20:10:36
8217,895.63,16080.3,-2131.23,2026/01/29 20:10:36
8218,895.74,15997.8,-2142.19,2026/01/29 20:10:36
8219,895.85,15971.8,-2147.47,2026/01/29 20:10:36
8220,895.96,16009.8,-2145.52,2026/01/29 20:10:36
8221,896.07,16015.1,-2150.23,2026/01/29 20:10:36
8222,896.18,16022.7,-2146.38,2026/01/29 20:10:37
8223,896.29,16024.8,-2148.15,2026/01/29 20:10:37
8224,896.4,16029,-2145.18,2026/01/29 20:10:37
8225,896.51,16053.5,-2145.67,2026/01/29 20:10:37
8226,896.61,16105.1,-2137.21,2026/01/29 20:10:37
8227,896.72,16025.1,-2137.01,2026/01/29 20:10:37
8228,896.83,16004.6,-2141.98,2026/01/29 20:10:37
8229,896.94,16020.9,-2141.78,2026/01/29 20:10:37
8230,897.05,16021.7,-2144.99,2026/01/29 20:10:37
8231,897.16,16046.2,-2146.15,2026/01/29 20:10:38
8232,897.27,16060.1,-2142.04,2026/01/29 20:10:38
8233,897.38,16074.8,-2143.32,2026/01/29 20:10:38
8234,897.49,16079.3,-2133.08,2026/01/29 20:10:38
8235,897.6,16003.1,-2141.32,2026/01/29 20:10:38
8236,897.71,16013,-2141.59,2026/01/29 20:10:38
8237,897.82,16021.6,-2144.13,2026/01/29 20:10:38
8238,897.92,16031.8,-2146.28,2026/01/29 20:10:38
8239,898.03,16055.4,-2143.36,2026/01/29 20:10:38
8240,898.14,16074.3,-2141.76,2026/01/29 20:10:39
8241,898.25,16080.7,-2143.9,2026/01/29 20:10:39
8242,898.36,16053.8,-2132.57,2026/01/29 20:10:39
8243,898.47,15993.2,-2144.55,2026/01/29 20:10:39
8244,898.58,15989.9,-2145.12,2026/01/29 20:10:39
8245,898.69,16018.2,-2146.76,2026/01/29 20:10:39
8246,898.8,16024.8,-2147.71,2026/01/29 20:10:39
8247,898.91,16050.5,-2145.24,2026/01/29 20:10:39
8248,899.02,16069.6,-2144.51,2026/01/29 20:10:39
8249,899.13,16071.9,-2143.66,2026/01/29 20:10:39
8250,899.24,16100.9,-2134.15,2026/01/29 20:10:40
8251,899.34,16020.7,-2139.06,2026/01/29 20:10:40
8252,899.45,16006.9,-2142.72,2026/01/29 20:10:40
8253,899.56,16028.9,-2141.34,2026/01/29 20:10:40
8254,899.67,16024.5,-2147.9,2026/01/29 20:10:40
8255,899.78,16032.5,-2143.06,2026/01/29 20:10:40
8256,899.89,16044.1,-2145.72,2026/01/29 20:10:40
8257,900,16073.2,-2141.94,2026/01/29 20:10:40
8258,900.11,16106.6,-2134.23,2026/01/29 20:10:40
8259,900.21,16022.3,-2139,2026/01/29 20:10:41
8260,900.32,15999.2,-2142.13,2026/01/29 20:10:41
8261,900.43,16018.4,-2141.48,2026/01/29 20:10:41
8262,900.54,16025.4,-2146.58,2026/01/29 20:10:41
8263,900.65,16027.4,-2143.95,2026/01/29 20:10:41
8264,900.76,16055.1,-2144.89,2026/01/29 20:10:41
8265,900.87,16091.9,-2140.8,2026/01/29 20:10:41
8266,900.98,16046,-2135.87,2026/01/29 20:10:41
8267,901.09,16005.5,-2142.23,2026/01/29 20:10:41
8268,901.2,16020.4,-2139.9,2026/01/29 20:10:42
8269,901.3,16027.9,-2143.76,2026/01/29 20:10:42
8270,901.41,16028.9,-2145.93,2026/01/29 20:10:42
8271,901.52,16050.4,-2141.28,2026/01/29 20:10:42
8272,901.63,16088.4,-2142.56,2026/01/29 20:10:42
8273,901.74,16057.8,-2134.37,2026/01/29 20:10:42
8274,901.85,16018.3,-2139.17,2026/01/29 20:10:42
8275,901.96,16028.3,-2138.52,2026/01/29 20:10:42
8276,902.07,16029.9,-2143.77,2026/01/29 20:10:42
8277,902.18,16033.8,-2144.95,2026/01/29 20:10:43
8278,902.29,16053.5,-2142.42,2026/01/29 20:10:43
8279,902.4,16063.9,-2143.06,2026/01/29 20:10:43
8280,902.5,16109.4,-2135.84,2026/01/29 20:10:43
8281,902.61,16026.3,-2141.11,2026/01/29 20:10:43
8282,902.72,16006.7,-2139.72,2026/01/29 20:10:43
8283,902.83,16023.6,-2141.83,2026/01/29 20:10:43
8284,902.94,16030,-2144.15,2026/01/29 20:10:43
8285,903.05,16050.8,-2143.52,2026/01/29 20:10:43
8286,903.16,16067.3,-2143.3,2026/01/29 20:10:44
8287,903.27,16097.7,-2138.53,2026/01/29 20:10:44
8288,903.38,16037.1,-2137.91,2026/01/29 20:10:44
8289,903.49,16005.1,-2142.03,2026/01/29 20:10:44
8290,903.59,16018.3,-2141.16,2026/01/29 20:10:44
8291,903.7,16028.2,-2142.43,2026/01/29 20:10:44
8292,903.81,16046.4,-2145.95,2026/01/29 20:10:44
8293,903.92,16067.4,-2141.57,2026/01/29 20:10:44
8294,904.03,16075.6,-2142.81,2026/01/29 20:10:44
8295,904.14,16102.1,-2133.77,2026/01/29 20:10:45
8296,904.25,16015.6,-2140.77,2026/01/29 20:10:45
8297,904.36,16000,-2144.47,2026/01/29 20:10:45
8298,904.47,16026,-2142.51,2026/01/29 20:10:45
8299,904.58,16027.3,-2145.83,2026/01/29 20:10:45
8300,904.69,16047.7,-2144.14,2026/01/29 20:10:45
8301,904.79,16058,-2143.79,2026/01/29 20:10:45
8302,904.9,16094.5,-2139.89,2026/01/29 20:10:45
8303,905.01,16053.8,-2137.31,2026/01/29 20:10:45
8304,905.12,16020.7,-2139.2,2026/01/29 20:10:45
8305,905.23,16032.1,-2138.75,2026/01/29 20:10:46
8306,905.34,16030.8,-2143.65,2026/01/29 20:10:46
8307,905.45,16044.8,-2143.29,2026/01/29 20:10:46
8308,905.56,16062.9,-2141.92,2026/01/29 20:10:46
8309,905.67,16074.5,-2143.44,2026/01/29 20:10:46
8310,905.77,16104.6,-2137.16,2026/01/29 20:10:46
8311,905.88,16054.1,-2136.82,2026/01/29 20:10:46
8312,905.99,16010.8,-2141.19,2026/01/29 20:10:46
8313,906.1,16023,-2139.66,2026/01/29 20:10:46
8314,906.21,16030.4,-2144.77,2026/01/29 20:10:47
8315,906.32,16032.7,-2143.86,2026/01/29 20:10:47
8316,906.43,16055.6,-2142.28,2026/01/29 20:10:47
8317,906.54,16067.7,-2143.92,2026/01/29 20:10:47
8318,906.65,16104.1,-2136.17,2026/01/29 20:10:47
8319,906.76,16042.1,-2137.31,2026/01/29 20:10:47
8320,906.86,16015.7,-2140.58,2026/01/29 20:10:47
8321,906.97,16022,-2139.32,2026/01/29 20:10:47
8322,907.08,16029.8,-2143.21,2026/01/29 20:10:47
8323,907.19,16034.5,-2143.8,2026/01/29 20:10:48
8324,907.3,16051.5,-2144.11,2026/01/29 20:10:48
8325,907.41,16069.1,-2142.18,2026/01/29 20:10:48
8326,907.52,16094.7,-2140.76,2026/01/29 20:10:48
8327,907.63,16043.5,-2134.96,2026/01/29 20:10:48
8328,907.74,15988.2,-2147.32,2026/01/29 20:10:48
8329,907.85,15997.9,-2143.93,2026/01/29 20:10:48
8330,907.95,16022.9,-2147.12,2026/01/29 20:10:48
8331,908.06,16026.8,-2146.31,2026/01/29 20:10:48
8332,908.17,16051,-2145.09,2026/01/29 20:10:49
8333,908.28,16066.6,-2144.9,2026/01/29 20:10:49
8334,908.39,16091.6,-2142.21,2026/01/29 20:10:49
8335,908.5,16054,-2136.09,2026/01/29 20:10:49
8336,908.61,16014.8,-2142.06,2026/01/29 20:10:49
8337,908.72,16023.3,-2140.7,2026/01/29 20:10:49
8338,908.83,16034.1,-2144.34,2026/01/29 20:10:49
8339,908.94,16037.3,-2147.42,2026/01/29 20:10:49
8340,909.05,16062.2,-2141.36,2026/01/29 20:10:49
8341,909.16,16069.3,-2143.66,2026/01/29 20:10:50
8342,909.27,16074.8,-2141.17,2026/01/29 20:10:50
8343,909.37,16102.2,-2133.71,2026/01/29 20:10:50
8344,909.48,16008.9,-2142.57,2026/01/29 20:10:50
8345,909.59,16005.2,-2143.19,2026/01/29 20:10:50
8346,909.7,16025.2,-2144.29,2026/01/29 20:10:50
8347,909.81,16029.4,-2146.31,2026/01/29 20:10:50
8348,909.92,16030.2,-2143.44,2026/01/29 20:10:50
8349,910.03,16045.6,-2146.12,2026/01/29 20:10:50
8350,910.14,16098.8,-2138.68,2026/01/29 20:10:51
8351,910.25,16043.7,-2136.08,2026/01/29 20:10:51
8352,910.35,16002.9,-2142.36,2026/01/29 20:10:51
8353,910.46,16021.5,-2139.4,2026/01/29 20:10:51
8354,910.57,16027.5,-2144.36,2026/01/29 20:10:51
8355,910.68,16034.3,-2146,2026/01/29 20:10:51
8356,910.79,16059.3,-2141.78,2026/01/29 20:10:51
8357,910.9,16072.7,-2144.12,2026/01/29 20:10:51
8358,911.01,16091.2,-2140.41,2026/01/29 20:10:51
8359,911.12,16043.8,-2137.49,2026/01/29 20:10:51
8360,911.23,15993.2,-2145.05,2026/01/29 20:10:52
8361,911.34,16008,-2144.33,2026/01/29 20:10:52
8362,911.44,16025.6,-2147.06,2026/01/29 20:10:52
8363,911.56,16028.8,-2145.93,2026/01/29 20:10:52
8364,911.66,16049.3,-2145.14,2026/01/29 20:10:52
8365,911.77,16066.5,-2143.48,2026/01/29 20:10:52
8366,911.88,16085.4,-2143.47,2026/01/29 20:10:52
8367,911.99,16074.9,-2130.79,2026/01/29 20:10:52
8368,912.1,15997.6,-2146.08,2026/01/29 20:10:52
8369,912.21,16001.6,-2143,2026/01/29 20:10:53
8370,912.32,16026.3,-2147.23,2026/01/29 20:10:53
8371,912.43,16028.8,-2145.77,2026/01/29 20:10:53
8372,912.53,16036,-2146.19,2026/01/29 20:10:53
8373,912.64,16065.2,-2145.07,2026/01/29 20:10:53
8374,912.75,16109,-2138.89,2026/01/29 20:10:53
8375,912.86,16031.1,-2137.97,2026/01/29 20:10:53
8376,912.97,15993.4,-2145.28,2026/01/29 20:10:53
8377,913.08,16010.9,-2143.6,2026/01/29 20:10:53
8378,913.19,16026.5,-2147.69,2026/01/29 20:10:54
8379,913.3,16028.5,-2146.78,2026/01/29 20:10:54
8380,913.41,16047.1,-2145.77,2026/01/29 20:10:54
8381,913.52,16066.2,-2145.97,2026/01/29 20:10:54
8382,913.62,16109.2,-2135.55,2026/01/29 20:10:54
8383,913.73,16025,-2139.37,2026/01/29 20:10:54
8384,913.84,16002.8,-2144.29,2026/01/29 20:10:54
8385,913.95,16025.2,-2141.76,2026/01/29 20:10:54
8386,914.06,16030.8,-2146.98,2026/01/29 20:10:54
8387,914.17,16040.1,-2145.07,2026/01/29 20:10:55
8388,914.28,16061.1,-2144.08,2026/01/29 20:10:55
8389,914.39,16107.2,-2140.83,2026/01/29 20:10:55
8390,914.5,16056.1,-2134.56,2026/01/29 20:10:55
8391,914.61,16003.7,-2142.89,2026/01/29 20:10:55
8392,914.71,16023,-2140.66,2026/01/29 20:10:55
8393,914.82,16023.8,-2146.21,2026/01/29 20:10:55
8394,914.93,16039.9,-2144.88,2026/01/29 20:10:55
8395,915.04,16057.6,-2145.45,2026/01/29 20:10:55
8396,915.15,16074.1,-2142.04,2026/01/29 20:10:56
8397,915.26,16115.3,-2140.01,2026/01/29 20:10:56
8398,915.37,16042.1,-2137.09,2026/01/29 20:10:56
8399,915.48,16011.2,-2141.93,2026/01/29 20:10:56
8400,915.58,16024.5,-2141.16,2026/01/29 20:10:56
8401,915.7,16031.4,-2144.18,2026/01/29 20:10:56
8402,915.81,16040.8,-2146.5,2026/01/29 20:10:56
8403,915.91,16066.5,-2144.35,2026/01/29 20:10:56
8404,916.02,16075.4,-2141.04,2026/01/29 20:10:56
8405,916.13,16115.9,-2138.75,2026/01/29 20:10:56
8406,916.24,16022.6,-2139.69,2026/01/29 20:10:57
8407,916.35,15998.3,-2144.18,2026/01/29 20:10:57
8408,916.46,16021.5,-2142.99,2026/01/29 20:10:57
8409,916.57,16028.6,-2146.08,2026/01/29 20:10:57
8410,916.68,16037.1,-2145.79,2026/01/29 20:10:57
8411,916.79,16039.4,-2147.32,2026/01/29 20:10:57
8412,916.89,16085.3,-2140.11,2026/01/29 20:10:57
8413,917,16110.3,-2138.33,2026/01/29 20:10:57
8414,917.11,16027.9,-2136.55,2026/01/29 20:10:57
8415,917.22,15983.5,-2146.15,2026/01/29 20:10:58
8416,917.33,15974.3,-2146.89,2026/01/29 20:10:58
8417,917.44,16014,-2147.8,2026/01/29 20:10:58
8418,917.55,16022.5,-2150.57,2026/01/29 20:10:58
8419,917.66,16031.3,-2147.29,2026/01/29 20:10:58
8420,917.77,16034.9,-2148.47,2026/01/29 20:10:58
8421,917.88,16087.1,-2143.83,2026/01/29 20:10:58
8422,917.98,16081.9,-2134.62,2026/01/29 20:10:58
8423,918.09,16026.4,-2139.44,2026/01/29 20:10:58
8424,918.2,16024.3,-2141.37,2026/01/29 20:10:59
8425,918.31,16030.9,-2144.49,2026/01/29 20:10:59
8426,918.42,16033.9,-2146.63,2026/01/29 20:10:59
8427,918.53,16044,-2145.39,2026/01/29 20:10:59
8428,918.64,16066.7,-2143.03,2026/01/29 20:10:59
8429,918.75,16109.5,-2139.93,2026/01/29 20:10:59
8430,918.86,16035.4,-2136.95,2026/01/29 20:10:59
8431,918.96,16010.1,-2142.35,2026/01/29 20:10:59
8432,919.07,16028.1,-2143.23,2026/01/29 20:10:59
8433,919.18,16032.1,-2145.19,2026/01/29 20:11:00
8434,919.29,16036.6,-2145.48,2026/01/29 20:11:00
8435,919.4,16054.4,-2143.68,2026/01/29 20:11:00
8436,919.51,16093.3,-2141.97,2026/01/29 20:11:00
8437,919.62,16051.8,-2135.91,2026/01/29 20:11:00
8438,919.73,16005.3,-2143.06,2026/01/29 20:11:00
8439,919.84,16030.7,-2138.77,2026/01/29 20:11:00
8440,919.95,16027.2,-2147.04,2026/01/29 20:11:00
8441,920.06,16037.6,-2142.22,2026/01/29 20:11:00
8442,920.16,16039.2,-2146.87,2026/01/29 20:11:01
8443,920.27,16086.9,-2140.03,2026/01/29 20:11:01
8444,920.38,16067.9,-2135.96,2026/01/29 20:11:01
8445,920.49,16022.5,-2139.72,2026/01/29 20:11:01
8446,920.6,16032.9,-2138.29,2026/01/29 20:11:01
8447,920.71,16032,-2143.93,2026/01/29 20:11:01
8448,920.82,16037.9,-2144.15,2026/01/29 20:11:01
8449,920.93,16040,-2142.5,2026/01/29 20:11:01
8450,921.03,16077.2,-2144.11,2026/01/29 20:11:01
8451,921.14,16088.5,-2132.86,2026/01/29 20:11:02
8452,921.25,16020.3,-2140.51,2026/01/29 20:11:02
8453,921.36,16017.7,-2141.12,2026/01/29 20:11:02
8454,921.47,16027.7,-2142.94,2026/01/29 20:11:02
8455,921.58,16037.5,-2143.86,2026/01/29 20:11:02
8456,921.69,16046.6,-2145.02,2026/01/29 20:11:02
8457,921.8,16069.7,-2140.67,2026/01/29 20:11:02
8458,921.91,16105.6,-2141.6,2026/01/29 20:11:02
8459,922.01,16032.6,-2136.51,2026/01/29 20:11:02
8460,922.12,16005.4,-2144.02,2026/01/29 20:11:02
8461,922.23,16025.3,-2140.89,2026/01/29 20:11:03
8462,922.34,16031.3,-2144.17,2026/01/29 20:11:03
8463,922.45,16034.4,-2146.21,2026/01/29 20:11:03
8464,922.56,16057.4,-2143.63,2026/01/29 20:11:03
8465,922.67,16103.7,-2139.63,2026/01/29 20:11:03
8466,922.78,16054.6,-2137.58,2026/01/29 20:11:03
8467,922.89,16023,-2138.32,2026/01/29 20:11:03
8468,923,16032.2,-2139.5,2026/01/29 20:11:03
8469,923.1,16032.6,-2141.76,2026/01/29 20:11:03
8470,923.21,16040.1,-2143.61,2026/01/29 20:11:04
8471,923.32,16051.7,-2143.64,2026/01/29 20:11:04
8472,923.43,16074.2,-2143.32,2026/01/29 20:11:04
8473,923.54,16102.2,-2133.9,2026/01/29 20:11:04
8474,923.65,16028.2,-2140.12,2026/01/29 20:11:04
8475,923.76,16024.9,-2137.56,2026/01/29 20:11:04
8476,923.87,16031.8,-2144.22,2026/01/29 20:11:04
8477,923.98,16038.5,-2141.46,2026/01/29 20:11:04
8478,924.08,16056.2,-2144.14,2026/01/29 20:11:04
8479,924.19,16070.6,-2142.64,2026/01/29 20:11:05
8480,924.3,16108.2,-2138.2,2026/01/29 20:11:05
8481,924.41,16041.9,-2137.63,2026/01/29 20:11:05
8482,924.52,16029.9,-2136.97,2026/01/29 20:11:05
8483,924.63,16035.7,-2142.21,2026/01/29 20:11:05
8484,924.74,16042,-2142.91,2026/01/29 20:11:05
8485,924.85,16056.7,-2142.83,2026/01/29 20:11:05
8486,924.96,16082.8,-2142.63,2026/01/29 20:11:05
8487,925.07,16080.5,-2133.78,2026/01/29 20:11:05
8488,925.18,16024.8,-2140.32,2026/01/29 20:11:06
8489,925.29,16016.7,-2141.62,2026/01/29 20:11:06
8490,925.39,16033.1,-2139.76,2026/01/29 20:11:06
8491,925.5,16034.4,-2145.27,2026/01/29 20:11:06
8492,925.61,16049.1,-2144.67,2026/01/29 20:11:06
8493,925.72,16072,-2142.37,2026/01/29 20:11:06
8494,925.83,16099.4,-2142.44,2026/01/29 20:11:06
8495,925.94,16054.2,-2135.79,2026/01/29 20:11:06
8496,926.05,16011,-2143.59,2026/01/29 20:11:06
8497,926.16,16024,-2138.74,2026/01/29 20:11:07
8498,926.27,16030.9,-2145.93,2026/01/29 20:11:07
8499,926.38,16038.9,-2143.13,2026/01/29 20:11:07
8500,926.49,16061.2,-2144.08,2026/01/29 20:11:07
8501,926.59,16079.1,-2142.85,2026/01/29 20:11:07
8502,926.7,16117,-2135.03,2026/01/29 20:11:07
8503,926.81,16028.8,-2140.71,2026/01/29 20:11:07
8504,926.92,16011.2,-2142.26,2026/01/29 20:11:07
8505,927.03,16028,-2141.59,2026/01/29 20:11:07
8506,927.14,16036.9,-2145.82,2026/01/29 20:11:08
8507,927.25,16037.9,-2144.09,2026/01/29 20:11:08
8508,927.36,16086.1,-2143.8,2026/01/29 20:11:08
8509,927.47,16086.4,-2133.63,2026/01/29 20:11:08
8510,927.58,16021,-2140.84,2026/01/29 20:11:08
8511,927.68,16000,-2143.61,2026/01/29 20:11:08
8512,927.79,16014.9,-2143.56,2026/01/29 20:11:08
8513,927.9,16030.4,-2146.66,2026/01/29 20:11:08
8514,928.01,16029.9,-2148.34,2026/01/29 20:11:08
8515,928.12,16052.2,-2146.25,2026/01/29 20:11:08
8516,928.23,16112.1,-2142.79,2026/01/29 20:11:09
8517,928.34,16021.3,-2139.02,2026/01/29 20:11:09
8518,928.45,15986.8,-2146.72,2026/01/29 20:11:09
8519,928.56,16006.7,-2146.49,2026/01/29 20:11:09
8520,928.66,16026.4,-2148.56,2026/01/29 20:11:09
8521,928.77,16026.8,-2148.63,2026/01/29 20:11:09
8522,928.88,16037.8,-2147.11,2026/01/29 20:11:09
8523,928.99,16110.7,-2142.22,2026/01/29 20:11:09
8524,929.1,16031.2,-2138.76,2026/01/29 20:11:09
8525,929.21,15992.2,-2145.4,2026/01/29 20:11:10
8526,929.32,16000.9,-2147.23,2026/01/29 20:11:10
8527,929.43,16022.7,-2147.45,2026/01/29 20:11:10
8528,929.54,16026.9,-2148.74,2026/01/29 20:11:10
8529,929.65,16032.9,-2148.31,2026/01/29 20:11:10
8530,929.76,16052.3,-2148.42,2026/01/29 20:11:10
8531,929.87,16106.9,-2141.68,2026/01/29 20:11:10
8532,929.97,16051.2,-2139.38,2026/01/29 20:11:10
8533,930.08,16000.4,-2143.68,2026/01/29 20:11:10
8534,930.19,15995.8,-2145.81,2026/01/29 20:11:11
8535,930.3,16025.2,-2147.37,2026/01/29 20:11:11
8536,930.41,16023.8,-2147.29,2026/01/29 20:11:11
8537,930.52,16033.4,-2148.99,2026/01/29 20:11:11
8538,930.63,16040.1,-2148.57,2026/01/29 20:11:11
8539,930.74,16106.7,-2143.56,2026/01/29 20:11:11
8540,930.85,16067.5,-2135.17,2026/01/29 20:11:11
8541,930.96,16013,-2142.3,2026/01/29 20:11:11
8542,931.06,15998.4,-2144.76,2026/01/29 20:11:11
8543,931.17,16021.6,-2146.47,2026/01/29 20:11:12
8544,931.28,16028.7,-2147.53,2026/01/29 20:11:12
8545,931.39,16027.9,-2147.58,2026/01/29 20:11:12
8546,931.5,16063.4,-2147.69,2026/01/29 20:11:12
8547,931.61,16113.2,-2140.98,2026/01/29 20:11:12
8548,931.72,16034.8,-2137.49,2026/01/29 20:11:12
8549,931.83,15984.2,-2146.16,2026/01/29 20:11:12
8550,931.94,15993.8,-2147.12,2026/01/29 20:11:12
8551,932.05,16018.1,-2149.31,2026/01/29 20:11:12
8552,932.16,16027.6,-2148.79,2026/01/29 20:11:13
8553,932.27,16032.5,-2150.59,2026/01/29 20:11:13
8554,932.38,16113.2,-2143.06,2026/01/29 20:11:13
8555,932.48,16111.9,-2136.63,2026/01/29 20:11:13
8556,932.59,16025.3,-2139.7,2026/01/29 20:11:13
8557,932.7,16011.7,-2141.36,2026/01/29 20:11:13
8558,932.81,16011.9,-2145.32,2026/01/29 20:11:13
8559,932.92,16032.3,-2144.42,2026/01/29 20:11:13
8560,933.03,16029.2,-2148.45,2026/01/29 20:11:13
8561,933.14,16052.3,-2147.28,2026/01/29 20:11:14
8562,933.25,16118.7,-2142.04,2026/01/29 20:11:14
8563,933.36,16044,-2137.34,2026/01/29 20:11:14
8564,933.47,16009,-2143.34,2026/01/29 20:11:14
8565,933.58,16004.7,-2143.56,2026/01/29 20:11:14
8566,933.68,16024.6,-2145.95,2026/01/29 20:11:14
8567,933.8,16029.1,-2147.59,2026/01/29 20:11:14
8568,933.9,16037.3,-2147.51,2026/01/29 20:11:14
8569,934.01,16083.2,-2147.12,2026/01/29 20:11:14
8570,934.12,16120.8,-2135.77,2026/01/29 20:11:14
8571,934.23,16019.5,-2142.32,2026/01/29 20:11:15
8572,934.34,16005,-2141.6,2026/01/29 20:11:15
8573,934.45,16023.3,-2145.96,2026/01/29 20:11:15
8574,934.56,16031.5,-2148.13,2026/01/29 20:11:15
8575,934.66,16034.7,-2149.01,2026/01/29 20:11:15
8576,934.77,16113.8,-2143.59,2026/01/29 20:11:15
8577,934.88,16074.1,-2135.78,2026/01/29 20:11:15
8578,934.99,16012.4,-2141.36,2026/01/29 20:11:15
8579,935.1,16007.1,-2143.31,2026/01/29 20:11:15
8580,935.21,16020.7,-2146.69,2026/01/29 20:11:16
8581,935.32,16032.2,-2148.72,2026/01/29 20:11:16
8582,935.43,16032.5,-2147.49,2026/01/29 20:11:16
8583,935.54,16077,-2146.28,2026/01/29 20:11:16
8584,935.65,16116.2,-2142.15,2026/01/29 20:11:16
8585,935.75,16100,-2135.48,2026/01/29 20:11:16
8586,935.86,16024.2,-2138.37,2026/01/29 20:11:16
8587,935.97,15997.4,-2143.57,2026/01/29 20:11:16
8588,936.08,16020.9,-2145.02,2026/01/29 20:11:16
8589,936.19,16028.1,-2147.82,2026/01/29 20:11:17
8590,936.3,16036.3,-2149.86,2026/01/29 20:11:17
8591,936.41,16082.8,-2145.68,2026/01/29 20:11:17
8592,936.52,16125.8,-2141.9,2026/01/29 20:11:17
8593,936.63,16039.7,-2136.94,2026/01/29 20:11:17
8594,936.74,15991.9,-2143.44,2026/01/29 20:11:17
8595,936.84,16005,-2146.63,2026/01/29 20:11:17
8596,936.95,16026.6,-2150.36,2026/01/29 20:11:17
8597,937.06,16032.4,-2148.98,2026/01/29 20:11:17
8598,937.17,16048.7,-2150.17,2026/01/29 20:11:18
8599,937.28,16119,-2141.56,2026/01/29 20:11:18
8600,937.39,16060,-2136.95,2026/01/29 20:11:18
8601,937.5,16001.9,-2141.33,2026/01/29 20:11:18
8602,937.61,15989.9,-2147.89,2026/01/29 20:11:18
8603,937.72,16018.5,-2145.17,2026/01/29 20:11:18
8604,937.83,16027.9,-2150.71,2026/01/29 20:11:18
8605,937.94,16035.3,-2148.6,2026/01/29 20:11:18
8606,938.04,16106.1,-2145.9,2026/01/29 20:11:18
8607,938.15,16056.4,-2137.14,2026/01/29 20:11:19
8608,938.26,16004.5,-2142.84,2026/01/29 20:11:19
8609,938.37,16004.7,-2146.57,2026/01/29 20:11:19
8610,938.48,16032,-2146.76,2026/01/29 20:11:19
8611,938.59,16028.5,-2150.04,2026/01/29 20:11:19
8612,938.7,16094.3,-2148.75,2026/01/29 20:11:19
8613,938.81,16077,-2136.38,2026/01/29 20:11:19
8614,938.92,16017.6,-2141.62,2026/01/29 20:11:19
8615,939.02,16004.3,-2142.9,2026/01/29 20:11:19
8616,939.13,16024.7,-2146.56,2026/01/29 20:11:19
8617,939.24,16031.3,-2147.42,2026/01/29 20:11:20
8618,939.35,16034.5,-2149.07,2026/01/29 20:11:20
8619,939.46,16041.2,-2147.1,2026/01/29 20:11:20
8620,939.57,16050.9,-2145.91,2026/01/29 20:11:20
8621,939.68,16062.2,-2143.51,2026/01/29 20:11:20
8622,939.79,16067.7,-2145.82,2026/01/29 20:11:20
8623,939.9,16072.1,-2141.15,2026/01/29 20:11:20
8624,940.01,16074.5,-2144.06,2026/01/29 20:11:20
8625,940.11,16077.5,-2140.99,2026/01/29 20:11:20
8626,940.22,16079,-2141.36,2026/01/29 20:11:21
8627,940.33,16079.6,-2141.35,2026/01/29 20:11:21
8628,940.44,16082.6,-2141.05,2026/01/29 20:11:21
8629,940.55,16080.2,-2141.36,2026/01/29 20:11:21
8630,940.66,16087.2,-2139.31,2026/01/29 20:11:21
8631,940.77,16082.5,-2140.41,2026/01/29 20:11:21
8632,940.88,16088.9,-2140.96,2026/01/29 20:11:21
8633,940.99,16086.4,-2138.53,2026/01/29 20:11:21
8634,941.1,16089.3,-2140.23,2026/01/29 20:11:21
8635,941.2,16089.1,-2139.33,2026/01/29 20:11:22
8636,941.31,16089.3,-2138.84,2026/01/29 20:11:22
8637,941.42,16091.9,-2139.15,2026/01/29 20:11:22
8638,941.53,16090.1,-2139.39,2026/01/29 20:11:22
8639,941.64,16092.9,-2139.45,2026/01/29 20:11:22
8640,941.75,16090.4,-2138.24,2026/01/29 20:11:22
8641,941.86,16094,-2137.47,2026/01/29 20:11:22
8642,941.97,16089.2,-2139.75,2026/01/29 20:11:22
8643,942.08,16097.2,-2137.19,2026/01/29 20:11:22
8644,942.19,16090.2,-2137.24,2026/01/29 20:11:23
8645,942.29,16095.3,-2138.96,2026/01/29 20:11:23
8646,942.4,16093.3,-2136.99,2026/01/29 20:11:23
8647,942.51,16094.2,-2137.96,2026/01/29 20:11:23
8648,942.62,16095.1,-2137.25,2026/01/29 20:11:23
8649,942.73,16094,-2137.47,2026/01/29 20:11:23
8650,942.84,16095.6,-2136.69,2026/01/29 20:11:23
8651,942.95,16093.3,-2138.68,2026/01/29 20:11:23
8652,943.06,16097.8,-2134.45,2026/01/29 20:11:23
8653,943.17,16092.3,-2139.74,2026/01/29 20:11:24
8654,943.27,16098.3,-2136.52,2026/01/29 20:11:24
8655,943.38,16092.9,-2136.95,2026/01/29 20:11:24
8656,943.49,16096.7,-2137.63,2026/01/29 20:11:24
8657,943.6,16095.7,-2136.74,2026/01/29 20:11:24
8658,943.71,16096.3,-2137.55,2026/01/29 20:11:24
8659,943.82,16098.1,-2136.15,2026/01/29 20:11:24
8660,943.93,16096.9,-2137.15,2026/01/29 20:11:24
8661,944.04,16098.2,-2136.1,2026/01/29 20:11:24
8662,944.15,16096.2,-2138.14,2026/01/29 20:11:25
8663,944.26,16100,-2134.56,2026/01/29 20:11:25
8664,944.36,16095.5,-2139.29,2026/01/29 20:11:25
8665,944.47,16101.5,-2135.84,2026/01/29 20:11:25
8666,944.58,16095.9,-2136.65,2026/01/29 20:11:25
8667,944.69,16101,-2137.47,2026/01/29 20:11:25
8668,944.8,16098.1,-2136.13,2026/01/29 20:11:25
8669,944.91,16099.3,-2137.44,2026/01/29 20:11:25
8670,945.02,16099.6,-2136.63,2026/01/29 20:11:25
8671,945.13,16097.8,-2138.02,2026/01/29 20:11:25
8672,945.24,16100.7,-2137.12,2026/01/29 20:11:26
8673,945.35,16098,-2137.53,2026/01/29 20:11:26
8674,945.45,16101.9,-2135.24,2026/01/29 20:11:26
8675,945.56,16097,-2139.08,2026/01/29 20:11:26
8676,945.67,16103.1,-2135.28,2026/01/29 20:11:26
8677,945.78,16097.3,-2136.96,2026/01/29 20:11:26
8678,945.89,16102.5,-2137.36,2026/01/29 20:11:26
8679,946,16099.7,-2136.4,2026/01/29 20:11:26
8680,946.11,16100.9,-2137.32,2026/01/29 20:11:26
8681,946.22,16101.4,-2136.21,2026/01/29 20:11:27
8682,946.33,16098.8,-2137.91,2026/01/29 20:11:27
8683,946.44,16101.8,-2137.08,2026/01/29 20:11:27
8684,946.55,16100.3,-2137.51,2026/01/29 20:11:27
8685,946.65,16102.6,-2135.3,2026/01/29 20:11:27
8686,946.76,16099.1,-2139.47,2026/01/29 20:11:27
8687,946.87,16104.6,-2134.26,2026/01/29 20:11:27
8688,946.98,16099,-2137.73,2026/01/29 20:11:27
8689,947.09,16104.7,-2137.02,2026/01/29 20:11:27
8690,947.2,16099.8,-2136.16,2026/01/29 20:11:28
8691,947.31,16102.5,-2137.07,2026/01/29 20:11:28
8692,947.42,16101.9,-2136.45,2026/01/29 20:11:28
8693,947.53,16101.5,-2137.47,2026/01/29 20:11:28
8694,947.64,16104.3,-2135.83,2026/01/29 20:11:28
8695,947.75,16101.4,-2136.76,2026/01/29 20:11:28
8696,947.85,16103.8,-2136.58,2026/01/29 20:11:28
8697,947.96,16101.5,-2138.8,2026/01/29 20:11:28
8698,948.07,16105.8,-2135.03,2026/01/29 20:11:28
8699,948.18,16099.5,-2139.14,2026/01/29 20:11:29
8700,948.29,16107.3,-2136.17,2026/01/29 20:11:29
8701,948.4,16100.8,-2136.4,2026/01/29 20:11:29
8702,948.51,16105.8,-2137.41,2026/01/29 20:11:29
8703,948.62,16102.3,-2136.19,2026/01/29 20:11:29
8704,948.73,16104.3,-2137.4,2026/01/29 20:11:29
8705,948.84,16103.9,-2136.99,2026/01/29 20:11:29
8706,948.95,16103.3,-2137.37,2026/01/29 20:11:29
8707,949.06,16106.3,-2135.76,2026/01/29 20:11:29
8708,949.16,16103.2,-2137.15,2026/01/29 20:11:30
8709,949.27,16106.8,-2135.79,2026/01/29 20:11:30
8710,949.38,16102.8,-2138.04,2026/01/29 20:11:30
8711,949.49,16108.3,-2135.81,2026/01/29 20:11:30
8712,949.6,16100.9,-2138.55,2026/01/29 20:11:30
8713,949.71,16108.6,-2136.71,2026/01/29 20:11:30
8714,949.82,16102.8,-2136.66,2026/01/29 20:11:30
8715,949.93,16107.7,-2137.87,2026/01/29 20:11:30
8716,950.04,16104.6,-2136.54,2026/01/29 20:11:30
8717,950.15,16105.8,-2137.75,2026/01/29 20:11:31
8718,950.25,16107.1,-2135.56,2026/01/29 20:11:31
8719,950.36,16105.4,-2137.46,2026/01/29 20:11:31
8720,950.47,16106.3,-2136.1,2026/01/29 20:11:31
8721,950.58,16105.1,-2138.21,2026/01/29 20:11:31
8722,950.69,16107.3,-2134.31,2026/01/29 20:11:31
8723,950.8,16104.7,-2139.39,2026/01/29 20:11:31
8724,950.91,16107.8,-2135.81,2026/01/29 20:11:31
8725,951.02,16105.5,-2138.14,2026/01/29 20:11:31
8726,951.12,16106.6,-2136.41,2026/01/29 20:11:31
8727,951.23,16108.5,-2136.69,2026/01/29 20:11:32
8728,951.34,16105.6,-2137.27,2026/01/29 20:11:32
8729,951.45,16109.3,-2136.8,2026/01/29 20:11:32
8730,951.56,16105.5,-2136.32,2026/01/29 20:11:32
8731,951.67,16107.7,-2138.09,2026/01/29 20:11:32
8732,951.78,16107.2,-2136.87,2026/01/29 20:11:32
8733,951.89,16107.8,-2136.08,2026/01/29 20:11:32
8734,952,16107.4,-2137.91,2026/01/29 20:11:32
8735,952.11,16107.2,-2136.24,2026/01/29 20:11:32
8736,952.21,16108.2,-2137.2,2026/01/29 20:11:33
8737,952.32,16106.5,-2136.87,2026/01/29 20:11:33
8738,952.43,16109.1,-2137.28,2026/01/29 20:11:33
8739,952.54,16105.2,-2138.26,2026/01/29 20:11:33
8740,952.65,16111.5,-2135.9,2026/01/29 20:11:33
8741,952.76,16104.2,-2137.43,2026/01/29 20:11:33
8742,952.87,16110,-2138.09,2026/01/29 20:11:33
8743,952.98,16106,-2136.43,2026/01/29 20:11:33
8744,953.09,16108,-2138.11,2026/01/29 20:11:33
8745,953.2,16107.7,-2136.56,2026/01/29 20:11:34
8746,953.3,16107.7,-2137.34,2026/01/29 20:11:34
8747,953.41,16109.2,-2137.23,2026/01/29 20:11:34
8748,953.52,16106.3,-2137.96,2026/01/29 20:11:34
8749,953.63,16108.9,-2137.82,2026/01/29 20:11:34
8750,953.74,16106.4,-2138.73,2026/01/29 20:11:34
8751,953.85,16110.1,-2134.74,2026/01/29 20:11:34
8752,953.96,16105.1,-2139.51,2026/01/29 20:11:34
8753,954.07,16110.9,-2136.15,2026/01/29 20:11:34
8754,954.18,16106.2,-2137.86,2026/01/29 20:11:35
8755,954.28,16109,-2137.14,2026/01/29 20:11:35
8756,954.39,16107,-2136.63,2026/01/29 20:11:35
8757,954.5,16109,-2138.2,2026/01/29 20:11:35
8758,954.61,16109,-2136.86,2026/01/29 20:11:35
8759,954.72,16106.7,-2139,2026/01/29 20:11:35
8760,954.83,16109,-2137.31,2026/01/29 20:11:35
8761,954.94,16108.5,-2137.66,2026/01/29 20:11:35
8762,955.05,16108.6,-2135.69,2026/01/29 20:11:35
8763,955.16,16107.7,-2139.87,2026/01/29 20:11:36
8764,955.26,16109.3,-2136.35,2026/01/29 20:11:36
8765,955.37,16108.4,-2138.55,2026/01/29 20:11:36
8766,955.48,16108.9,-2137.4,2026/01/29 20:11:36
8767,955.59,16109.2,-2137.83,2026/01/29 20:11:36
8768,955.7,16107.6,-2138.1,2026/01/29 20:11:36
8769,955.81,16111,-2136.77,2026/01/29 20:11:36
8770,955.92,16106.4,-2137.72,2026/01/29 20:11:36
8771,956.03,16111.5,-2138.01,2026/01/29 20:11:36
8772,956.14,16107.5,-2136.41,2026/01/29 20:11:37
8773,956.25,16109.8,-2138.34,2026/01/29 20:11:37
8774,956.35,16108.7,-2138.53,2026/01/29 20:11:37
8775,956.46,16108.9,-2137.11,2026/01/29 20:11:37
8776,956.57,16110.2,-2138.65,2026/01/29 20:11:37
8777,956.68,16109,-2137.7,2026/01/29 20:11:37
8778,956.79,16111.4,-2137.78,2026/01/29 20:11:37
8779,956.9,16108.5,-2137.21,2026/01/29 20:11:37
8780,957.01,16112.1,-2136.69,2026/01/29 20:11:37
8781,957.12,16106.8,-2138.24,2026/01/29 20:11:37
8782,957.23,16114.2,-2136.68,2026/01/29 20:11:38
8783,957.34,16107.2,-2136.68,2026/01/29 20:11:38
8784,957.44,16111.8,-2138.25,2026/01/29 20:11:38
8785,957.55,16108.7,-2136.92,2026/01/29 20:11:38
8786,957.66,16110.9,-2137.51,2026/01/29 20:11:38
8787,957.77,16110.2,-2137.42,2026/01/29 20:11:38
8788,957.88,16109.4,-2137.93,2026/01/29 20:11:38
8789,957.99,16112.3,-2137.4,2026/01/29 20:11:38
8790,958.1,16109,-2137.33,2026/01/29 20:11:38
8791,958.21,16112.2,-2136.29,2026/01/29 20:11:39
8792,958.32,16108,-2139.68,2026/01/29 20:11:39
8793,958.42,16114.1,-2135.3,2026/01/29 20:11:39
8794,958.53,16109.6,-2137.82,2026/01/29 20:11:39
8795,958.64,16111.8,-2137.58,2026/01/29 20:11:39
8796,958.75,16110.2,-2137.17,2026/01/29 20:11:39
8797,958.86,16111.1,-2137.94,2026/01/29 20:11:39
8798,958.97,16112.1,-2136.54,2026/01/29 20:11:39
8799,959.08,16110,-2137.96,2026/01/29 20:11:39
8800,959.19,16112.3,-2137.38,2026/01/29 20:11:40
8801,959.3,16111.2,-2137.79,2026/01/29 20:11:40
8802,959.4,16111.2,-2135.57,2026/01/29 20:11:40
8803,959.51,16110.8,-2139.83,2026/01/29 20:11:40
8804,959.62,16113,-2134.89,2026/01/29 20:11:40
8805,959.73,16109.8,-2139.68,2026/01/29 20:11:40
8806,959.84,16113.1,-2136.65,2026/01/29 20:11:40
8807,959.95,16110.8,-2138.19,2026/01/29 20:11:40
8808,960.06,16112.2,-2137.48,2026/01/29 20:11:40
8809,960.17,16111,-2137.43,2026/01/29 20:11:41
8810,960.28,16110.7,-2138.67,2026/01/29 20:11:41
8811,960.39,16112.8,-2136.21,2026/01/29 20:11:41
8812,960.5,16110.4,-2137.93,2026/01/29 20:11:41
8813,960.6,16112.2,-2138,2026/01/29 20:11:41
8814,960.71,16111.8,-2138.31,2026/01/29 20:11:41
8815,960.82,16112.1,-2136.4,2026/01/29 20:11:41
8816,960.93,16111.8,-2139.94,2026/01/29 20:11:41
8817,961.04,16112.2,-2136.78,2026/01/29 20:11:41
8818,961.15,16112.1,-2138.71,2026/01/29 20:11:42
8819,961.26,16112.2,-2137.67,2026/01/29 20:11:42
8820,961.37,16112.5,-2138.29,2026/01/29 20:11:42
8821,961.48,16111,-2138.1,2026/01/29 20:11:42
8822,961.59,16114.2,-2136.94,2026/01/29 20:11:42
8823,961.69,16109.6,-2138.15,2026/01/29 20:11:42
8824,961.8,16115.6,-2137.97,2026/01/29 20:11:42
8825,961.91,16111.3,-2136.48,2026/01/29 20:11:42
8826,962.02,16114.3,-2138.19,2026/01/29 20:11:42
8827,962.13,16112.8,-2137.27,2026/01/29 20:11:42
8828,962.24,16113,-2137.62,2026/01/29 20:11:43
8829,962.35,16112.8,-2138.04,2026/01/29 20:11:43
8830,962.46,16111.7,-2137.99,2026/01/29 20:11:43
8831,962.57,16114.6,-2137.78,2026/01/29 20:11:43
8832,962.67,16111.7,-2137.37,2026/01/29 20:11:43
8833,962.78,16114.6,-2137.13,2026/01/29 20:11:43
8834,962.89,16110.3,-2139.35,2026/01/29 20:11:43
8835,963,16117.1,-2135.35,2026/01/29 20:11:43
8836,963.11,16109.8,-2138.95,2026/01/29 20:11:43
8837,963.22,16116.3,-2137.69,2026/01/29 20:11:44
8838,963.33,16111.3,-2137.75,2026/01/29 20:11:44
8839,963.44,16115.7,-2138.1,2026/01/29 20:11:44
8840,963.55,16113,-2137.52,2026/01/29 20:11:44
8841,963.66,16114.3,-2138.56,2026/01/29 20:11:44
8842,963.77,16114.5,-2137.28,2026/01/29 20:11:44
8843,963.88,16112.2,-2139.48,2026/01/29 20:11:44
8844,963.98,16114.6,-2136.94,2026/01/29 20:11:44
8845,964.09,16112.9,-2138.23,2026/01/29 20:11:44
8846,964.2,16114.3,-2137.48,2026/01/29 20:11:45
8847,964.31,16113.8,-2139.83,2026/01/29 20:11:45
8848,964.42,16114.8,-2135.32,2026/01/29 20:11:45
8849,964.53,16113.1,-2138.82,2026/01/29 20:11:45
8850,964.64,16114.7,-2136.25,2026/01/29 20:11:45
8851,964.75,16114.3,-2137.78,2026/01/29 20:11:45
8852,964.86,16113.7,-2137.58,2026/01/29 20:11:45
8853,964.96,16115.5,-2137.34,2026/01/29 20:11:45
8854,965.07,16112.2,-2138.7,2026/01/29 20:11:45
8855,965.18,16117.3,-2136.95,2026/01/29 20:11:46
8856,965.29,16111.5,-2137,2026/01/29 20:11:46
8857,965.4,16116.2,-2138.59,2026/01/29 20:11:46
8858,965.51,16112.7,-2137,2026/01/29 20:11:46
8859,965.62,16114.9,-2138.08,2026/01/29 20:11:46
8860,965.73,16114,-2137.22,2026/01/29 20:11:46
8861,965.84,16113.3,-2139.48,2026/01/29 20:11:46
8862,965.94,16115.4,-2137.9,2026/01/29 20:11:46
8863,966.05,16113.7,-2138.48,2026/01/29 20:11:46
8864,966.16,16115.2,-2137.07,2026/01/29 20:11:47
8865,966.27,16114.4,-2138.68,2026/01/29 20:11:47
8866,966.38,16115.1,-2136.25,2026/01/29 20:11:47
8867,966.49,16113.6,-2140.39,2026/01/29 20:11:47
8868,966.6,16115.8,-2135.58,2026/01/29 20:11:47
8869,966.71,16113.5,-2139.3,2026/01/29 20:11:47
8870,966.82,16114.5,-2137.63,2026/01/29 20:11:47
8871,966.92,16114.9,-2138.04,2026/01/29 20:11:47
8872,967.03,16113,-2138.16,2026/01/29 20:11:47
8873,967.14,16116.5,-2136.94,2026/01/29 20:11:48
8874,967.25,16111.7,-2138.76,2026/01/29 20:11:48
8875,967.36,16119,-2137.27,2026/01/29 20:11:48
8876,967.47,16112,-2136.81,2026/01/29 20:11:48
8877,967.58,16117.3,-2138.97,2026/01/29 20:11:48
8878,967.69,16113.7,-2136.96,2026/01/29 20:11:48
8879,967.8,16115,-2138.45,2026/01/29 20:11:48
8880,967.9,16114.7,-2137.23,2026/01/29 20:11:48
8881,968.01,16113.3,-2138.93,2026/01/29 20:11:48
8882,968.12,16116.1,-2137.22,2026/01/29 20:11:48
8883,968.23,16114.3,-2138.39,2026/01/29 20:11:49
8884,968.34,16115.5,-2137.61,2026/01/29 20:11:49
8885,968.45,16115,-2138.89,2026/01/29 20:11:49
8886,968.56,16115.6,-2136.3,2026/01/29 20:11:49
8887,968.67,16114.7,-2140.41,2026/01/29 20:11:49
8888,968.78,16115.7,-2136.35,2026/01/29 20:11:49
8889,968.88,16114.7,-2139.43,2026/01/29 20:11:49
8890,968.99,16115.1,-2137.88,2026/01/29 20:11:49
8891,969.1,16115.8,-2138.27,2026/01/29 20:11:49
8892,969.21,16113.5,-2138.48,2026/01/29 20:11:50
8893,969.32,16117.5,-2137.13,2026/01/29 20:11:50
8894,969.43,16112.5,-2138.83,2026/01/29 20:11:50
8895,969.54,16120,-2137.19,2026/01/29 20:11:50
8896,969.65,16112.4,-2138.02,2026/01/29 20:11:50
8897,969.76,16118.3,-2138.36,2026/01/29 20:11:50
8898,969.87,16114.9,-2137.75,2026/01/29 20:11:50
8899,969.97,16116.9,-2138.48,2026/01/29 20:11:50
8900,970.08,16116,-2137.15,2026/01/29 20:11:50
8901,970.19,16114.8,-2139.24,2026/01/29 20:11:51
8902,970.3,16116.9,-2138.05,2026/01/29 20:11:51
8903,970.41,16114.7,-2138.02,2026/01/29 20:11:51
8904,970.52,16116.3,-2138.24,2026/01/29 20:11:51
8905,970.63,16116.4,-2137.51,2026/01/29 20:11:51
8906,970.74,16116.2,-2137.4,2026/01/29 20:11:51
8907,970.85,16115.8,-2139.76,2026/01/29 20:11:51
8908,970.96,16116.1,-2137.02,2026/01/29 20:11:51
8909,971.06,16116.4,-2139.06,2026/01/29 20:11:51
8910,971.17,16115.8,-2138.07,2026/01/29 20:11:52
8911,971.28,16118.2,-2137.77,2026/01/29 20:11:52
8912,971.39,16115.6,-2138.68,2026/01/29 20:11:52
8913,971.5,16119.5,-2136.37,2026/01/29 20:11:52
8914,971.61,16114.5,-2140.38,2026/01/29 20:11:52
8915,971.72,16119.7,-2135.44,2026/01/29 20:11:52
8916,971.83,16115.1,-2139.38,2026/01/29 20:11:52
8917,971.93,16118.3,-2137.02,2026/01/29 20:11:52
8918,972.04,16117,-2138.04,2026/01/29 20:11:52
8919,972.15,16117.8,-2137.34,2026/01/29 20:11:53
8920,972.26,16119.1,-2137.34,2026/01/29 20:11:53
8921,972.37,16115.8,-2138.94,2026/01/29 20:11:53
8922,972.48,16120.5,-2137.44,2026/01/29 20:11:53
8923,972.59,16114.4,-2137.64,2026/01/29 20:11:53
8924,972.7,16120.6,-2139.35,2026/01/29 20:11:53
8925,972.81,16116.2,-2136.47,2026/01/29 20:11:53
8926,972.92,16119.4,-2138.99,2026/01/29 20:11:53
8927,973.02,16118.2,-2137.89,2026/01/29 20:11:53
8928,973.13,16118.3,-2138.67,2026/01/29 20:11:53
8929,973.24,16118.8,-2137.41,2026/01/29 20:11:54
8930,973.35,16116.7,-2139.15,2026/01/29 20:11:54
8931,973.46,16119.1,-2137.71,2026/01/29 20:11:54
8932,973.57,16117.7,-2138.26,2026/01/29 20:11:54
8933,973.68,16118.6,-2138.14,2026/01/29 20:11:54
8934,973.79,16118.6,-2138.61,2026/01/29 20:11:54
8935,973.9,16118.5,-2136.98,2026/01/29 20:11:54
8936,974.01,16118.8,-2139.44,2026/01/29 20:11:54
8937,974.12,16118.4,-2136.98,2026/01/29 20:11:54
8938,974.22,16118.9,-2139.15,2026/01/29 20:11:55
8939,974.33,16117.8,-2138.29,2026/01/29 20:11:55
8940,974.44,16120.6,-2137.87,2026/01/29 20:11:55
8941,974.55,16117.5,-2138.77,2026/01/29 20:11:55
8942,974.66,16121,-2136.42,2026/01/29 20:11:55
8943,974.77,16117.7,-2140.41,2026/01/29 20:11:55
8944,974.88,16121.4,-2134.86,2026/01/29 20:11:55
8945,974.99,16117.1,-2140.14,2026/01/29 20:11:55
8946,975.09,16120.8,-2137.23,2026/01/29 20:11:55
8947,975.2,16118.6,-2139.39,2026/01/29 20:11:56
8948,975.31,16119.9,-2138.25,2026/01/29 20:11:56
8949,975.42,16120.1,-2138.68,2026/01/29 20:11:56
8950,975.53,16118,-2139.22,2026/01/29 20:11:56
8951,975.64,16123.7,-2136.37,2026/01/29 20:11:56
8952,975.75,16116.4,-2139.64,2026/01/29 20:11:56
8953,975.86,16124.3,-2136.9,2026/01/29 20:11:56
8954,975.96,16117.4,-2138.41,2026/01/29 20:11:56
8955,976.07,16122.6,-2138.03,2026/01/29 20:11:56
8956,976.18,16119.6,-2138.17,2026/01/29 20:11:57
8957,976.29,16121.3,-2138.09,2026/01/29 20:11:57
8958,976.4,16120.3,-2138.17,2026/01/29 20:11:57
8959,976.51,16119.1,-2139.38,2026/01/29 20:11:57
8960,976.62,16122.6,-2137.52,2026/01/29 20:11:57
8961,976.73,16117.9,-2138.82,2026/01/29 20:11:57
8962,976.84,16124.6,-2138.27,2026/01/29 20:11:57
8963,976.95,16118,-2136.7,2026/01/29 20:11:57
8964,977.05,16123.8,-2139.37,2026/01/29 20:11:57
8965,977.17,16119.2,-2136.84,2026/01/29 20:11:58
8966,977.27,16123.1,-2138.77,2026/01/29 20:11:58
8967,977.38,16120.6,-2137.91,2026/01/29 20:11:58
8968,977.49,16122.4,-2138.5,2026/01/29 20:11:58
8969,977.6,16121.8,-2137.42,2026/01/29 20:11:58
8970,977.71,16121,-2139.84,2026/01/29 20:11:58
8971,977.82,16123.2,-2137.32,2026/01/29 20:11:58
8972,977.93,16119.8,-2138.31,2026/01/29 20:11:58
8973,978.04,16123.1,-2138.05,2026/01/29 20:11:58
8974,978.15,16120.1,-2137.89,2026/01/29 20:11:59
8975,978.26,16124,-2139.19,2026/01/29 20:11:59
8976,978.36,16120.3,-2137.46,2026/01/29 20:11:59
8977,978.47,16123.4,-2138.64,2026/01/29 20:11:59
8978,978.58,16122.2,-2137.56,2026/01/29 20:11:59
8979,978.69,16123.6,-2138.73,2026/01/29 20:11:59
8980,978.8,16122.3,-2137.32,2026/01/29 20:11:59
8981,978.91,16121.1,-2138.56,2026/01/29 20:11:59
8982,979.02,16123.6,-2137.15,2026/01/29 20:11:59
8983,979.13,16121.8,-2138.19,2026/01/29 20:11:59
8984,979.24,16123.7,-2138.01,2026/01/29 20:12:00
8985,979.35,16121.5,-2137.48,2026/01/29 20:12:00
8986,979.46,16123.3,-2138.72,2026/01/29 20:12:00
8987,979.57,16121.9,-2137.62,2026/01/29 20:12:00
8988,979.67,16123.8,-2138,2026/01/29 20:12:00
8989,979.78,16123.2,-2137.87,2026/01/29 20:12:00
8990,979.89,16121.7,-2138.33,2026/01/29 20:12:00
8991,980,16124.5,-2137.02,2026/01/29 20:12:00
8992,980.11,16122.1,-2138.13,2026/01/29 20:12:00
8993,980.22,16123.6,-2138.32,2026/01/29 20:12:01
8994,980.33,16121.7,-2138.44,2026/01/29 20:12:01
8995,980.44,16123.3,-2138.73,2026/01/29 20:12:01
8996,980.55,16122.7,-2137.9,2026/01/29 20:12:01
8997,980.66,16123.9,-2138.47,2026/01/29 20:12:01
8998,980.76,16122.3,-2138.19,2026/01/29 20:12:01
8999,980.87,16123.5,-2138.28,2026/01/29 20:12:01
9000,980.98,16123.2,-2137.86,2026/01/29 20:12:01
9001,981.09,16122.6,-2138.75,2026/01/29 20:12:01
9002,981.2,16125,-2137.35,2026/01/29 20:12:02
9003,981.31,16123.2,-2138.68,2026/01/29 20:12:02
9004,981.42,16124.3,-2137.82,2026/01/29 20:12:02
9005,981.53,16123.5,-2138.31,2026/01/29 20:12:02
9006,981.64,16124.4,-2137.99,2026/01/29 20:12:02
9007,981.75,16124.1,-2138.35,2026/01/29 20:12:02
9008,981.85,16125.1,-2137.47,2026/01/29 20:12:02
9009,981.96,16124.9,-2138.19,2026/01/29 20:12:02
9010,982.07,16124.3,-2138.77,2026/01/29 20:12:02
9011,982.18,16125.6,-2137.88,2026/01/29 20:12:03
9012,982.29,16125.5,-2138.96,2026/01/29 20:12:03
9013,982.4,16132.3,-2137.94,2026/01/29 20:12:03
9014,982.51,16127.4,-2138.65,2026/01/29 20:12:03
9015,982.62,16105.9,-2136.73,2026/01/29 20:12:03
9016,982.73,16054,-2140.49,2026/01/29 20:12:03
9017,982.84,16033.4,-2144.13,2026/01/29 20:12:03
9018,982.95,16048.9,-2143.86,2026/01/29 20:12:03
9019,983.06,16070.9,-2144.13,2026/01/29 20:12:03
9020,983.16,16097.5,-2142.66,2026/01/29 20:12:04
9021,983.27,16110.2,-2141.31,2026/01/29 20:12:04
9022,983.38,16116.9,-2142.21,2026/01/29 20:12:04
9023,983.49,16096.8,-2138.26,2026/01/29 20:12:04
9024,983.6,16047.3,-2143.29,2026/01/29 20:12:04
9025,983.71,16040.8,-2145.54,2026/01/29 20:12:04
9026,983.82,16064.8,-2142.8,2026/01/29 20:12:04
9027,983.93,16073,-2142.64,2026/01/29 20:12:04
9028,984.04,16102.7,-2142.89,2026/01/29 20:12:04
9029,984.15,16114.6,-2141.36,2026/01/29 20:12:05
9030,984.25,16118.8,-2138.48,2026/01/29 20:12:05
9031,984.36,16044.6,-2142.95,2026/01/29 20:12:05
9032,984.47,16048.5,-2144.41,2026/01/29 20:12:05
9033,984.58,16067.7,-2142.9,2026/01/29 20:12:05
9034,984.69,16088.2,-2143.58,2026/01/29 20:12:05
9035,984.8,16107,-2140.19,2026/01/29 20:12:05
9036,984.91,16115.3,-2142.31,2026/01/29 20:12:05
9037,985.02,16128.8,-2138.63,2026/01/29 20:12:05
9038,985.13,16055.9,-2140.86,2026/01/29 20:12:05
9039,985.24,16048.3,-2144.29,2026/01/29 20:12:06
9040,985.35,16067.6,-2140.87,2026/01/29 20:12:06
9041,985.45,16090.2,-2143.08,2026/01/29 20:12:06
9042,985.56,16105.8,-2140.81,2026/01/29 20:12:06
9043,985.67,16115.7,-2142.21,2026/01/29 20:12:06
9044,985.78,16093.1,-2135.89,2026/01/29 20:12:06
9045,985.89,16038.2,-2145.38,2026/01/29 20:12:06
9046,986,16061.9,-2140.6,2026/01/29 20:12:06
9047,986.11,16065.7,-2142.76,2026/01/29 20:12:06
9048,986.22,16093.3,-2144.11,2026/01/29 20:12:07
9049,986.33,16104.6,-2140.83,2026/01/29 20:12:07
9050,986.43,16129.8,-2140.58,2026/01/29 20:12:07
9051,986.54,16058.5,-2140.8,2026/01/29 20:12:07
9052,986.65,16036.9,-2145.04,2026/01/29 20:12:07
9053,986.76,16062.2,-2141.89,2026/01/29 20:12:07
9054,986.87,16066.4,-2145.01,2026/01/29 20:12:07
9055,986.98,16093.8,-2142.78,2026/01/29 20:12:07
9056,987.09,16105.7,-2143.25,2026/01/29 20:12:07
9057,987.2,16117.3,-2136,2026/01/29 20:12:08
9058,987.31,16048.5,-2142.06,2026/01/29 20:12:08
9059,987.42,16056.5,-2142.41,2026/01/29 20:12:08
9060,987.52,16064,-2141.55,2026/01/29 20:12:08
9061,987.63,16078.2,-2143.96,2026/01/29 20:12:08
9062,987.74,16094.9,-2142.34,2026/01/29 20:12:08
9063,987.85,16110.9,-2142.35,2026/01/29 20:12:08
9064,987.96,16105.7,-2133.49,2026/01/29 20:12:08
9065,988.07,16041.3,-2143.78,2026/01/29 20:12:08
9066,988.18,16058.6,-2140.26,2026/01/29 20:12:09
9067,988.29,16062.8,-2143.4,2026/01/29 20:12:09
9068,988.4,16090.7,-2142.11,2026/01/29 20:12:09
9069,988.51,16100.9,-2142.56,2026/01/29 20:12:09
9070,988.62,16129.2,-2138.64,2026/01/29 20:12:09
9071,988.73,16059.1,-2142.05,2026/01/29 20:12:09
9072,988.84,16038.3,-2143.51,2026/01/29 20:12:09
9073,988.94,16056.8,-2142.09,2026/01/29 20:12:09
9074,989.05,16069.3,-2142.99,2026/01/29 20:12:09
9075,989.16,16097.7,-2142.49,2026/01/29 20:12:10
9076,989.27,16109.7,-2142.75,2026/01/29 20:12:10
9077,989.38,16111.6,-2133.08,2026/01/29 20:12:10
9078,989.49,16029.4,-2146.31,2026/01/29 20:12:10
9079,989.6,16049.4,-2140.43,2026/01/29 20:12:10
9080,989.71,16058,-2147.17,2026/01/29 20:12:10
9081,989.82,16089.5,-2141.18,2026/01/29 20:12:10
9082,989.92,16103.2,-2142.95,2026/01/29 20:12:10
9083,990.03,16120.4,-2141.65,2026/01/29 20:12:10
9084,990.14,16052.7,-2142.96,2026/01/29 20:12:11
9085,990.25,16020.9,-2146.28,2026/01/29 20:12:11
9086,990.36,16051.4,-2144.02,2026/01/29 20:12:11
9087,990.47,16056.5,-2145.62,2026/01/29 20:12:11
9088,990.58,16083.5,-2143.36,2026/01/29 20:12:11
9089,990.69,16098.3,-2145.28,2026/01/29 20:12:11
9090,990.8,16110.9,-2133.3,2026/01/29 20:12:11
9091,990.91,16027.5,-2147.84,2026/01/29 20:12:11
9092,991.02,16028,-2144.81,2026/01/29 20:12:11
9093,991.12,16054.8,-2148.16,2026/01/29 20:12:11
9094,991.23,16061.2,-2146.01,2026/01/29 20:12:12
9095,991.34,16086.5,-2144.95,2026/01/29 20:12:12
9096,991.45,16105.9,-2145.19,2026/01/29 20:12:12
9097,991.56,16086.2,-2137.29,2026/01/29 20:12:12
9098,991.67,16039.4,-2144.46,2026/01/29 20:12:12
9099,991.78,16057,-2141.59,2026/01/29 20:12:12
9100,991.89,16061.2,-2144.25,2026/01/29 20:12:12
9101,992,16075.5,-2145.54,2026/01/29 20:12:12
9102,992.11,16093.7,-2142.15,2026/01/29 20:12:12
9103,992.22,16131,-2138.66,2026/01/29 20:12:13
9104,992.32,16060.7,-2139.75,2026/01/29 20:12:13
9105,992.43,16058.7,-2140.51,2026/01/29 20:12:13
9106,992.54,16066.7,-2141.82,2026/01/29 20:12:13
9107,992.65,16070.9,-2144.89,2026/01/29 20:12:13
9108,992.76,16092.6,-2142.47,2026/01/29 20:12:13
9109,992.87,16103.8,-2142.83,2026/01/29 20:12:13
9110,992.98,16093.9,-2136.59,2026/01/29 20:12:13
9111,993.09,16036.8,-2143.69,2026/01/29 20:12:13
9112,993.2,16049.1,-2143.28,2026/01/29 20:12:14
9113,993.31,16057.7,-2142.63,2026/01/29 20:12:14
9114,993.41,16072.5,-2144.46,2026/01/29 20:12:14
9115,993.52,16092.6,-2142.9,2026/01/29 20:12:14
9116,993.63,16111.3,-2141.81,2026/01/29 20:12:14
9117,993.74,16093.6,-2136.18,2026/01/29 20:12:14
9118,993.85,16048.5,-2141.3,2026/01/29 20:12:14
9119,993.96,16060.4,-2138.6,2026/01/29 20:12:14
9120,994.07,16062.3,-2144.92,2026/01/29 20:12:14
9121,994.18,16083.2,-2141.26,2026/01/29 20:12:15
9122,994.29,16094.9,-2145.76,2026/01/29 20:12:15
9123,994.4,16129.7,-2134.64,2026/01/29 20:12:15
9124,994.5,16061.3,-2141,2026/01/29 20:12:15
9125,994.61,16035.8,-2143.61,2026/01/29 20:12:15
9126,994.72,16044,-2143.39,2026/01/29 20:12:15
9127,994.83,16055.7,-2144.94,2026/01/29 20:12:15
9128,994.94,16064.4,-2144.05,2026/01/29 20:12:15
9129,995.05,16073.4,-2146.49,2026/01/29 20:12:15
9130,995.16,16131.6,-2135.31,2026/01/29 20:12:16
9131,995.27,16049.4,-2141.74,2026/01/29 20:12:16
9132,995.38,16027.3,-2144.82,2026/01/29 20:12:16
9133,995.48,16050.5,-2141.93,2026/01/29 20:12:16
9134,995.59,16056.9,-2145.64,2026/01/29 20:12:16
9135,995.7,16084,-2143.95,2026/01/29 20:12:16
9136,995.81,16101.3,-2144.81,2026/01/29 20:12:16
9137,995.92,16131.6,-2138.46,2026/01/29 20:12:16
9138,996.03,16062.9,-2139.47,2026/01/29 20:12:16
9139,996.14,16039.3,-2142.77,2026/01/29 20:12:17
9140,996.25,16055.8,-2140.46,2026/01/29 20:12:17
9141,996.36,16064.7,-2146.03,2026/01/29 20:12:17
9142,996.47,16078.5,-2143.34,2026/01/29 20:12:17
9143,996.57,16100.5,-2144.42,2026/01/29 20:12:17
9144,996.68,16099.4,-2135.32,2026/01/29 20:12:17
9145,996.79,16033.9,-2143.97,2026/01/29 20:12:17
9146,996.9,16041.7,-2143.26,2026/01/29 20:12:17
9147,997.01,16052.3,-2146.84,2026/01/29 20:12:17
9148,997.12,16065.2,-2143.31,2026/01/29 20:12:17
9149,997.23,16078.9,-2146.26,2026/01/29 20:12:18
9150,997.34,16120.1,-2140.37,2026/01/29 20:12:18
9151,997.45,16076.3,-2138.17,2026/01/29 20:12:18
9152,997.55,16027.2,-2142.73,2026/01/29 20:12:18
9153,997.66,16033.3,-2145.05,2026/01/29 20:12:18
9154,997.77,16051.4,-2145.29,2026/01/29 20:12:18
9155,997.88,16061.7,-2145.26,2026/01/29 20:12:18
9156,997.99,16085.6,-2144.86,2026/01/29 20:12:18
9157,998.1,16110.9,-2141.94,2026/01/29 20:12:18
9158,998.21,16095.5,-2135.86,2026/01/29 20:12:19
9159,998.32,16032.3,-2143.32,2026/01/29 20:12:19
9160,998.43,16021,-2145.59,2026/01/29 20:12:19
9161,998.53,16049.8,-2146.3,2026/01/29 20:12:19
9162,998.64,16056.5,-2147.08,2026/01/29 20:12:19
9163,998.75,16075.4,-2147.16,2026/01/29 20:12:19
9164,998.86,16095.8,-2144.83,2026/01/29 20:12:19
9165,998.97,16134.7,-2136.17,2026/01/29 20:12:19
9166,999.08,16041.8,-2141.96,2026/01/29 20:12:19
9167,999.19,16010,-2146.1,2026/01/29 20:12:20
9168,999.3,16048.6,-2147.62,2026/01/29 20:12:20
9169,999.41,16050.3,-2149.14,2026/01/29 20:12:20
9170,999.52,16061.5,-2147.58,2026/01/29 20:12:20
9171,999.63,16073.4,-2148.65,2026/01/29 20:12:20
9172,999.74,16140.8,-2137.64,2026/01/29 20:12:20
9173,999.85,16048.7,-2141.5,2026/01/29 20:12:20
9174,999.95,16031.6,-2143.37,2026/01/29 20:12:20
9175,1000.06,16054.2,-2142.72,2026/01/29 20:12:20
9176,1000.17,16052.6,-2147.6,2026/01/29 20:12:21
9177,1000.28,16083.5,-2142.21,2026/01/29 20:12:21
9178,1000.39,16103.7,-2145.08,2026/01/29 20:12:21
9179,1000.5,16131.4,-2137.02,2026/01/29 20:12:21
9180,1000.61,16042.4,-2142.32,2026/01/29 20:12:21
9181,1000.71,16022.6,-2146.34,2026/01/29 20:12:21
9182,1000.82,16050.8,-2142.83,2026/01/29 20:12:21
9183,1000.93,16052.6,-2146.51,2026/01/29 20:12:21
9184,1001.04,16058.9,-2145.08,2026/01/29 20:12:21
9185,1001.15,16087.9,-2145.62,2026/01/29 20:12:22
9186,1001.26,16121,-2134.95,2026/01/29 20:12:22
9187,1001.37,16035,-2140.82,2026/01/29 20:12:22
9188,1001.48,16026.2,-2144.31,2026/01/29 20:12:22
9189,1001.59,16045.6,-2142.44,2026/01/29 20:12:22
9190,1001.7,16052.2,-2145.11,2026/01/29 20:12:22
9191,1001.81,16062,-2146.09,2026/01/29 20:12:22
9192,1001.91,16088.6,-2143.54,2026/01/29 20:12:22
9193,1002.02,16133.3,-2136.89,2026/01/29 20:12:22
9194,1002.13,16032.7,-2144.75,2026/01/29 20:12:22
9195,1002.24,16017.4,-2143.66,2026/01/29 20:12:23
9196,1002.35,16040.4,-2146.45,2026/01/29 20:12:23
9197,1002.46,16049.4,-2143.49,2026/01/29 20:12:23
9198,1002.57,16080.4,-2143.83,2026/01/29 20:12:23
9199,1002.68,16098.9,-2141.8,2026/01/29 20:12:23
9200,1002.79,16128.7,-2140.08,2026/01/29 20:12:23
9201,1002.9,16066.7,-2138.63,2026/01/29 20:12:23
9202,1003,16033.9,-2142.21,2026/01/29 20:12:23
9203,1003.11,16029.4,-2144.3,2026/01/29 20:12:23
9204,1003.22,16046.6,-2144.37,2026/01/29 20:12:24
9205,1003.33,16048.9,-2143.85,2026/01/29 20:12:24
9206,1003.44,16068.5,-2146.1,2026/01/29 20:12:24
9207,1003.55,16089.4,-2142.02,2026/01/29 20:12:24
9208,1003.66,16127.9,-2140.94,2026/01/29 20:12:24
9209,1003.77,16037.3,-2142.65,2026/01/29 20:12:24
9210,1003.88,16000.1,-2147.82,2026/01/29 20:12:24
9211,1003.99,16012.9,-2151.54,2026/01/29 20:12:24
9212,1004.09,16042.3,-2148,2026/01/29 20:12:24
9213,1004.21,16050.8,-2147.92,2026/01/29 20:12:25
9214,1004.31,16054.8,-2148.78,2026/01/29 20:12:25
9215,1004.42,16114.3,-2143.85,2026/01/29 20:12:25
9216,1004.53,16078.3,-2138.96,2026/01/29 20:12:25
9217,1004.64,16030.5,-2142.42,2026/01/29 20:12:25
9218,1004.75,16035.6,-2143.8,2026/01/29 20:12:25
9219,1004.86,16048.3,-2145.01,2026/01/29 20:12:25
9220,1004.97,16056.4,-2143.86,2026/01/29 20:12:25
9221,1005.08,16089.1,-2144.13,2026/01/29 20:12:25
9222,1005.18,16111.2,-2142.36,2026/01/29 20:12:26
9223,1005.29,16117.8,-2135.96,2026/01/29 20:12:26
9224,1005.4,16043.2,-2141.75,2026/01/29 20:12:26
9225,1005.51,16021.6,-2145.18,2026/01/29 20:12:26
9226,1005.62,16046.7,-2142.05,2026/01/29 20:12:26
9227,1005.73,16049.9,-2145.05,2026/01/29 20:12:26
9228,1005.84,16072.9,-2142.84,2026/01/29 20:12:26
9229,1005.95,16095.5,-2142.45,2026/01/29 20:12:26
9230,1006.06,16125.8,-2140.23,2026/01/29 20:12:26
9231,1006.16,16046.3,-2140.18,2026/01/29 20:12:27
9232,1006.27,16016.6,-2146.87,2026/01/29 20:12:27
9233,1006.38,16020,-2145.91,2026/01/29 20:12:27
9234,1006.49,16041.6,-2145.3,2026/01/29 20:12:27
9235,1006.6,16049.8,-2145.29,2026/01/29 20:12:27
9236,1006.71,16075,-2143.51,2026/01/29 20:12:27
9237,1006.82,16120.4,-2143.7,2026/01/29 20:12:27
9238,1006.93,16061.2,-2137.49,2026/01/29 20:12:27
9239,1007.04,16011.4,-2146.91,2026/01/29 20:12:27
9240,1007.14,16033.4,-2145.13,2026/01/29 20:12:28
9241,1007.25,16040.9,-2147.36,2026/01/29 20:12:28
9242,1007.36,16060.6,-2143.93,2026/01/29 20:12:28
9243,1007.47,16083.5,-2145.24,2026/01/29 20:12:28
9244,1007.58,16104.6,-2140.88,2026/01/29 20:12:28
9245,1007.69,16074.1,-2140.51,2026/01/29 20:12:28
9246,1007.8,16016.4,-2144.26,2026/01/29 20:12:28
9247,1007.91,16011.4,-2148.97,2026/01/29 20:12:28
9248,1008.02,16038.4,-2146.91,2026/01/29 20:12:28
9249,1008.13,16047.6,-2147.36,2026/01/29 20:12:28
9250,1008.24,16069.9,-2146.61,2026/01/29 20:12:29
9251,1008.34,16093.5,-2145.04,2026/01/29 20:12:29
9252,1008.45,16124.1,-2140.07,2026/01/29 20:12:29
9253,1008.56,16059.7,-2140.46,2026/01/29 20:12:29
9254,1008.67,16021.4,-2144,2026/01/29 20:12:29
9255,1008.78,16026.7,-2144.54,2026/01/29 20:12:29
9256,1008.89,16035.2,-2146.75,2026/01/29 20:12:29
9257,1009,16049.3,-2146.26,2026/01/29 20:12:29
9258,1009.11,16072.6,-2145.94,2026/01/29 20:12:29
9259,1009.22,16093.8,-2143.35,2026/01/29 20:12:30
9260,1009.33,16130.6,-2138.95,2026/01/29 20:12:30
9261,1009.44,16031.9,-2144.3,2026/01/29 20:12:30
9262,1009.54,16001.3,-2146.36,2026/01/29 20:12:30
9263,1009.65,16006.4,-2150.64,2026/01/29 20:12:30
9264,1009.76,16036.1,-2147.98,2026/01/29 20:12:30
9265,1009.87,16047.3,-2147.7,2026/01/29 20:12:30
9266,1009.98,16072.7,-2146.51,2026/01/29 20:12:30
9267,1010.09,16093.5,-2143.07,2026/01/29 20:12:30
9268,1010.2,16125.3,-2142.71,2026/01/29 20:12:31
9269,1010.31,16063.1,-2139.11,2026/01/29 20:12:31
9270,1010.42,15998.6,-2148.1,2026/01/29 20:12:31
9271,1010.53,16023.8,-2148.26,2026/01/29 20:12:31
9272,1010.63,16043.9,-2148.96,2026/01/29 20:12:31
9273,1010.74,16052.8,-2144.95,2026/01/29 20:12:31
9274,1010.85,16079.7,-2146.19,2026/01/29 20:12:31
9275,1010.96,16113.5,-2145.12,2026/01/29 20:12:31
9276,1011.07,16074.6,-2137.44,2026/01/29 20:12:31
9277,1011.18,16014.3,-2145.34,2026/01/29 20:12:32
9278,1011.29,16004.7,-2148.3,2026/01/29 20:12:32
9279,1011.4,16035.1,-2148.59,2026/01/29 20:12:32
9280,1011.5,16043.6,-2149.25,2026/01/29 20:12:32
9281,1011.61,16048.4,-2146.21,2026/01/29 20:12:32
9282,1011.72,16063.5,-2147.64,2026/01/29 20:12:32
9283,1011.83,16122.3,-2141.06,2026/01/29 20:12:32
9284,1011.94,16042.5,-2140.67,2026/01/29 20:12:32
9285,1012.05,15998.4,-2145.49,2026/01/29 20:12:32
9286,1012.16,16016.4,-2150.49,2026/01/29 20:12:33
9287,1012.27,16044.9,-2144.72,2026/01/29 20:12:33
9288,1012.38,16049.2,-2149.39,2026/01/29 20:12:33
9289,1012.48,16066.2,-2144.43,2026/01/29 20:12:33
9290,1012.59,16127.7,-2142.54,2026/01/29 20:12:33
9291,1012.7,16060.7,-2138.17,2026/01/29 20:12:33
9292,1012.81,16021.6,-2143.13,2026/01/29 20:12:33
9293,1012.92,16022.9,-2144.86,2026/01/29 20:12:33
9294,1013.03,16038.2,-2146.5,2026/01/29 20:12:33
9295,1013.14,16038.5,-2145.53,2026/01/29 20:12:34
9296,1013.25,16052.3,-2147.42,2026/01/29 20:12:34
9297,1013.36,16082.4,-2143.08,2026/01/29 20:12:34
9298,1013.46,16133.9,-2140.34,2026/01/29 20:12:34
9299,1013.57,16031.7,-2143.07,2026/01/29 20:12:34
9300,1013.68,15999.7,-2147.26,2026/01/29 20:12:34
9301,1013.79,16018.7,-2150.83,2026/01/29 20:12:34
9302,1013.9,16036.9,-2148.63,2026/01/29 20:12:34
9303,1014.01,16047,-2144.4,2026/01/29 20:12:34
9304,1014.12,16064.1,-2148.9,2026/01/29 20:12:34
9305,1014.23,16123.4,-2142.14,2026/01/29 20:12:35
9306,1014.34,16055.4,-2140.37,2026/01/29 20:12:35
9307,1014.44,16008.4,-2146.14,2026/01/29 20:12:35
9308,1014.55,16009.3,-2147.88,2026/01/29 20:12:35
9309,1014.66,16035.2,-2147.91,2026/01/29 20:12:35
9310,1014.77,16045.4,-2146.46,2026/01/29 20:12:35
9311,1014.88,16049.1,-2146.32,2026/01/29 20:12:35
9312,1014.99,16126.8,-2141.99,2026/01/29 20:12:35
9313,1015.1,16047.4,-2142.02,2026/01/29 20:12:35
9314,1015.21,16011.1,-2143.27,2026/01/29 20:12:36
9315,1015.32,16012.7,-2149.23,2026/01/29 20:12:36
9316,1015.42,16035,-2146.83,2026/01/29 20:12:36
9317,1015.53,16044.8,-2145.79,2026/01/29 20:12:36
9318,1015.64,16073.2,-2145.2,2026/01/29 20:12:36
9319,1015.75,16114.9,-2143.19,2026/01/29 20:12:36
9320,1015.86,16082.8,-2136.45,2026/01/29 20:12:36
9321,1015.97,16030.2,-2143.14,2026/01/29 20:12:36
9322,1016.08,16021.8,-2142.53,2026/01/29 20:12:36
9323,1016.19,16038.6,-2144.93,2026/01/29 20:12:37
9324,1016.29,16044,-2144.87,2026/01/29 20:12:37
9325,1016.4,16053.2,-2144.62,2026/01/29 20:12:37
9326,1016.51,16114.4,-2142.4,2026/01/29 20:12:37
9327,1016.62,16100.7,-2134.1,2026/01/29 20:12:37
9328,1016.73,16033.5,-2139.47,2026/01/29 20:12:37
9329,1016.84,16016.4,-2145.76,2026/01/29 20:12:37
9330,1016.95,16039.6,-2140.49,2026/01/29 20:12:37
9331,1017.06,16048.2,-2145.54,2026/01/29 20:12:37
9332,1017.17,16082.5,-2141.59,2026/01/29 20:12:38
9333,1017.28,16118.4,-2143.09,2026/01/29 20:12:38
9334,1017.38,16075.2,-2135.92,2026/01/29 20:12:38
9335,1017.49,16029.7,-2140.92,2026/01/29 20:12:38
9336,1017.6,16030.3,-2142.64,2026/01/29 20:12:38
9337,1017.71,16042.6,-2144.33,2026/01/29 20:12:38
9338,1017.82,16046.5,-2142.85,2026/01/29 20:12:38
9339,1017.93,16081.6,-2142.98,2026/01/29 20:12:38
9340,1018.04,16116,-2142.94,2026/01/29 20:12:38
9341,1018.15,16056.8,-2138.06,2026/01/29 20:12:39
9342,1018.26,15999,-2147.36,2026/01/29 20:12:39
9343,1018.37,16014.3,-2148.01,2026/01/29 20:12:39
9344,1018.47,16041.5,-2146.15,2026/01/29 20:12:39
9345,1018.58,16043.1,-2146.57,2026/01/29 20:12:39
9346,1018.69,16057.7,-2143.3,2026/01/29 20:12:39
9347,1018.8,16120.5,-2143.97,2026/01/29 20:12:39
9348,1018.91,16062.8,-2136.87,2026/01/29 20:12:39
9349,1019.02,16018.4,-2142.53,2026/01/29 20:12:39
9350,1019.13,16026.4,-2144.06,2026/01/29 20:12:39
9351,1019.24,16037.8,-2143.29,2026/01/29 20:12:40
9352,1019.35,16044.7,-2145.27,2026/01/29 20:12:40
9353,1019.45,16073.8,-2142.06,2026/01/29 20:12:40
9354,1019.56,16125.2,-2140.49,2026/01/29 20:12:40
9355,1019.67,16036.7,-2139.82,2026/01/29 20:12:40
9356,1019.78,16006.6,-2146.31,2026/01/29 20:12:40
9357,1019.89,16034.5,-2141.45,2026/01/29 20:12:40
9358,1020,16038.9,-2146.14,2026/01/29 20:12:40
9359,1020.11,16069.4,-2142.26,2026/01/29 20:12:40
9360,1020.22,16088.3,-2142.06,2026/01/29 20:12:41
9361,1020.33,16123.7,-2137.3,2026/01/29 20:12:41
9362,1020.44,16031.2,-2140.98,2026/01/29 20:12:41
9363,1020.54,16014.2,-2144.28,2026/01/29 20:12:41
9364,1020.65,16034,-2143.2,2026/01/29 20:12:41
9365,1020.76,16039.1,-2143.71,2026/01/29 20:12:41
9366,1020.87,16047.2,-2145.15,2026/01/29 20:12:41
9367,1020.98,16093.4,-2142.21,2026/01/29 20:12:41
9368,1021.09,16077.4,-2134.52,2026/01/29 20:12:41
9369,1021.2,16007.1,-2144.33,2026/01/29 20:12:42
9370,1021.31,16003.6,-2146.43,2026/01/29 20:12:42
9371,1021.42,16030.6,-2146.13,2026/01/29 20:12:42
9372,1021.53,16035.6,-2145.28,2026/01/29 20:12:42
9373,1021.63,16046.8,-2143.56,2026/01/29 20:12:42
9374,1021.74,16100.9,-2144.87,2026/01/29 20:12:42
9375,1021.85,16075.1,-2133.29,2026/01/29 20:12:42
9376,1021.96,16027.5,-2141.96,2026/01/29 20:12:42
9377,1022.07,16040,-2139.53,2026/01/29 20:12:42
9378,1022.18,16041.3,-2142.87,2026/01/29 20:12:43
9379,1022.29,16047.4,-2144.47,2026/01/29 20:12:43
9380,1022.4,16076.4,-2141.47,2026/01/29 20:12:43
9381,1022.51,16100,-2142.96,2026/01/29 20:12:43
9382,1022.62,16069.8,-2134.86,2026/01/29 20:12:43
9383,1022.72,16008,-2144.03,2026/01/29 20:12:43
9384,1022.83,16022.6,-2143.75,2026/01/29 20:12:43
9385,1022.94,16031.7,-2146.81,2026/01/29 20:12:43
9386,1023.05,16050.1,-2141.95,2026/01/29 20:12:43
9387,1023.16,16075.8,-2144.07,2026/01/29 20:12:44
9388,1023.27,16086.6,-2140.34,2026/01/29 20:12:44
9389,1023.38,16096.1,-2141.36,2026/01/29 20:12:44
9390,1023.49,16098.7,-2140.79,2026/01/29 20:12:44
9391,1023.6,16083,-2135,2026/01/29 20:12:44
9392,1023.71,16018.2,-2144.6,2026/01/29 20:12:44
9393,1023.82,16015.9,-2144.41,2026/01/29 20:12:44
9394,1023.93,16035.9,-2144.13,2026/01/29 20:12:44
9395,1024.04,16043.8,-2143.88,2026/01/29 20:12:44
9396,1024.14,16061.6,-2141.78,2026/01/29 20:12:45
9397,1024.25,16077.2,-2141.42,2026/01/29 20:12:45
9398,1024.36,16075.4,-2139.97,2026/01/29 20:12:45
9399,1024.47,16083.6,-2138.78,2026/01/29 20:12:45
9400,1024.58,16083.6,-2140.35,2026/01/29 20:12:45
9401,1024.69,16096.6,-2137.78,2026/01/29 20:12:45
9402,1024.8,16103.3,-2140.13,2026/01/29 20:12:45
9403,1024.91,16111.5,-2133.44,2026/01/29 20:12:45
9404,1025.02,16039.8,-2140.72,2026/01/29 20:12:45
9405,1025.13,16002.1,-2147.76,2026/01/29 20:12:45
9406,1025.23,16027.4,-2145.64,2026/01/29 20:12:46
9407,1025.34,16037.7,-2144.87,2026/01/29 20:12:46
9408,1025.45,16041.3,-2145.5,2026/01/29 20:12:46
9409,1025.56,16057.6,-2142.86,2026/01/29 20:12:46
9410,1025.67,16070.4,-2141.56,2026/01/29 20:12:46
9411,1025.78,16074,-2139.77,2026/01/29 20:12:46
9412,1025.89,16082.2,-2139.08,2026/01/29 20:12:46
9413,1026,16088.8,-2138.93,2026/01/29 20:12:46
9414,1026.11,16121.4,-2138.96,2026/01/29 20:12:46
9415,1026.22,16042.7,-2139.63,2026/01/29 20:12:47
9416,1026.33,15988.1,-2151.74,2026/01/29 20:12:47
9417,1026.43,16004.9,-2148.69,2026/01/29 20:12:47
9418,1026.54,16029,-2151.11,2026/01/29 20:12:47
9419,1026.65,16030.4,-2146.19,2026/01/29 20:12:47
9420,1026.76,16043.6,-2147.06,2026/01/29 20:12:47
9421,1026.87,16070,-2141.98,2026/01/29 20:12:47
9422,1026.98,16079.4,-2139.2,2026/01/29 20:12:47
9423,1027.09,16082,-2140.75,2026/01/29 20:12:47
9424,1027.2,16087.3,-2139.59,2026/01/29 20:12:48
9425,1027.31,16091.1,-2138.17,2026/01/29 20:12:48
9426,1027.42,16099.8,-2139.94,2026/01/29 20:12:48
9427,1027.53,16108,-2139.37,2026/01/29 20:12:48
9428,1027.63,16084.9,-2133.95,2026/01/29 20:12:48
9429,1027.74,16029.5,-2142.44,2026/01/29 20:12:48
9430,1027.85,16005.7,-2145.38,2026/01/29 20:12:48
9431,1027.96,15996.9,-2149.55,2026/01/29 20:12:48
9432,1028.07,16004.3,-2151.74,2026/01/29 20:12:48
9433,1028.18,16025.3,-2151.86,2026/01/29 20:12:49
9434,1028.29,16032.3,-2150.36,2026/01/29 20:12:49
9435,1028.4,16034.2,-2146.32,2026/01/29 20:12:49
9436,1028.51,16036.8,-2147.49,2026/01/29 20:12:49
9437,1028.61,16064.3,-2142.98,2026/01/29 20:12:49
9438,1028.72,16074.4,-2141.48,2026/01/29 20:12:49
9439,1028.83,16083.5,-2140.98,2026/01/29 20:12:49
9440,1028.94,16090.2,-2138.99,2026/01/29 20:12:49
9441,1029.05,16117.6,-2140.4,2026/01/29 20:12:49
9442,1029.16,16062.7,-2137.45,2026/01/29 20:12:50
9443,1029.27,16004.8,-2145.8,2026/01/29 20:12:50
9444,1029.38,15996.7,-2149.48,2026/01/29 20:12:50
9445,1029.49,15986.5,-2150.81,2026/01/29 20:12:50
9446,1029.59,15996.3,-2151.09,2026/01/29 20:12:50
9447,1029.7,16024.5,-2151.54,2026/01/29 20:12:50
9448,1029.81,16029.7,-2149.79,2026/01/29 20:12:50
9449,1029.92,16032.6,-2148.54,2026/01/29 20:12:50
9450,1030.03,16053.3,-2145.1,2026/01/29 20:12:50
9451,1030.14,16072.4,-2142.6,2026/01/29 20:12:51
9452,1030.25,16079.6,-2142.31,2026/01/29 20:12:51
9453,1030.36,16086.6,-2140.06,2026/01/29 20:12:51
9454,1030.47,16096.9,-2142.52,2026/01/29 20:12:51
9455,1030.58,16123.6,-2137.24,2026/01/29 20:12:51
9456,1030.69,16057.5,-2135.98,2026/01/29 20:12:51
9457,1030.79,16015.3,-2144.44,2026/01/29 20:12:51
9458,1030.9,16004.2,-2145.47,2026/01/29 20:12:51
9459,1031.01,16007.5,-2148.29,2026/01/29 20:12:51
9460,1031.12,16017.5,-2148.21,2026/01/29 20:12:51
9461,1031.23,16032.4,-2148.53,2026/01/29 20:12:52
9462,1031.34,16042.4,-2148.03,2026/01/29 20:12:52
9463,1031.45,16037.6,-2149.44,2026/01/29 20:12:52
9464,1031.56,16056,-2144.51,2026/01/29 20:12:52
9465,1031.66,16067.9,-2145.65,2026/01/29 20:12:52
9466,1031.77,16077.5,-2141.64,2026/01/29 20:12:52
9467,1031.88,16084.6,-2142.11,2026/01/29 20:12:52
9468,1031.99,16089.2,-2142.04,2026/01/29 20:12:52
9469,1032.1,16101.1,-2141.84,2026/01/29 20:12:52
9470,1032.21,16140.8,-2136.06,2026/01/29 20:12:53
9471,1032.32,16071,-2133.97,2026/01/29 20:12:53
9472,1032.43,16025.1,-2141.05,2026/01/29 20:12:53
9473,1032.54,16008.2,-2146,2026/01/29 20:12:53
9474,1032.65,15995,-2144.86,2026/01/29 20:12:53
9475,1032.76,16001.9,-2148.69,2026/01/29 20:12:53
9476,1032.86,16033,-2147.91,2026/01/29 20:12:53
9477,1032.97,16039,-2148.59,2026/01/29 20:12:53
9478,1033.08,16045.3,-2146.81,2026/01/29 20:12:53
9479,1033.19,16072.4,-2144.15,2026/01/29 20:12:54
9480,1033.3,16094,-2141.26,2026/01/29 20:12:54
9481,1033.41,16097.5,-2144.1,2026/01/29 20:12:54
9482,1033.52,16113.8,-2141.1,2026/01/29 20:12:54
9483,1033.63,16089.3,-2135.94,2026/01/29 20:12:54
9484,1033.74,16022.5,-2141.94,2026/01/29 20:12:54
9485,1033.85,16001.8,-2147.24,2026/01/29 20:12:54
9486,1033.96,16002.1,-2146.13,2026/01/29 20:12:54
9487,1034.07,16019.3,-2150.88,2026/01/29 20:12:54
9488,1034.18,16039.2,-2148.85,2026/01/29 20:12:55
9489,1034.28,16043.1,-2146.84,2026/01/29 20:12:55
9490,1034.39,16063,-2146.31,2026/01/29 20:12:55
9491,1034.5,16081.9,-2142.39,2026/01/29 20:12:55
9492,1034.61,16091.6,-2141.79,2026/01/29 20:12:55
9493,1034.72,16101.7,-2142.09,2026/01/29 20:12:55
9494,1034.83,16116.7,-2140.51,2026/01/29 20:12:55
9495,1034.94,16088.5,-2134.17,2026/01/29 20:12:55
9496,1035.05,16029.5,-2140.74,2026/01/29 20:12:55
9497,1035.16,16016.2,-2143.38,2026/01/29 20:12:56
9498,1035.27,16006.3,-2148.09,2026/01/29 20:12:56
9499,1035.38,16023.5,-2149.25,2026/01/29 20:12:56
9500,1035.48,16041.5,-2149.4,2026/01/29 20:12:56
9501,1035.6,16042.9,-2147.54,2026/01/29 20:12:56
9502,1035.7,16057.5,-2146.31,2026/01/29 20:12:56
9503,1035.81,16077.3,-2143.16,2026/01/29 20:12:56
9504,1035.92,16092.7,-2140.68,2026/01/29 20:12:56
9505,1036.03,16100.2,-2142.78,2026/01/29 20:12:56
9506,1036.14,16131.6,-2138.23,2026/01/29 20:12:57
9507,1036.25,16065.7,-2136.66,2026/01/29 20:12:57
9508,1036.36,16019.4,-2142.56,2026/01/29 20:12:57
9509,1036.47,16007,-2146,2026/01/29 20:12:57
9510,1036.58,16018.8,-2149.04,2026/01/29 20:12:57
9511,1036.69,16039.2,-2147.52,2026/01/29 20:12:57
9512,1036.79,16042.4,-2148.49,2026/01/29 20:12:57
9513,1036.9,16060.2,-2146.25,2026/01/29 20:12:57
9514,1037.01,16079.9,-2142.49,2026/01/29 20:12:57
9515,1037.12,16097.8,-2141.54,2026/01/29 20:12:57
9516,1037.23,16095.5,-2141.24,2026/01/29 20:12:58
9517,1037.34,16110.8,-2139.18,2026/01/29 20:12:58
9518,1037.45,16111.7,-2141.31,2026/01/29 20:12:58
9519,1037.56,16118.2,-2141.21,2026/01/29 20:12:58
9520,1037.67,16119.7,-2134.61,2026/01/29 20:12:58
9521,1037.77,16049,-2138.75,2026/01/29 20:12:58
9522,1037.88,16019.8,-2143.54,2026/01/29 20:12:58
9523,1037.99,16009.4,-2146.49,2026/01/29 20:12:58
9524,1038.1,16021.2,-2145.12,2026/01/29 20:12:58
9525,1038.21,16040.5,-2150.75,2026/01/29 20:12:59
9526,1038.32,16044.7,-2146.95,2026/01/29 20:12:59
9527,1038.43,16050.3,-2147.26,2026/01/29 20:12:59
9528,1038.54,16075,-2144,2026/01/29 20:12:59
9529,1038.64,16087.8,-2141.3,2026/01/29 20:12:59
9530,1038.75,16097.5,-2142.12,2026/01/29 20:12:59
9531,1038.86,16106.1,-2142.28,2026/01/29 20:12:59
9532,1038.97,16095.4,-2134.53,2026/01/29 20:12:59
9533,1039.08,16019.6,-2145.51,2026/01/29 20:12:59
9534,1039.19,15997.2,-2146.73,2026/01/29 20:13:00
9535,1039.3,16002.1,-2149.29,2026/01/29 20:13:00
9536,1039.41,16007.1,-2151.23,2026/01/29 20:13:00
9537,1039.52,16038.8,-2149.52,2026/01/29 20:13:00
9538,1039.63,16041.9,-2150.93,2026/01/29 20:13:00
9539,1039.74,16044.8,-2147.3,2026/01/29 20:13:00
9540,1039.84,16070,-2144.28,2026/01/29 20:13:00
9541,1039.95,16074.4,-2144.91,2026/01/29 20:13:00
9542,1040.06,16092,-2140.5,2026/01/29 20:13:00
9543,1040.17,16095.1,-2146.5,2026/01/29 20:13:01
9544,1040.28,16135.2,-2136.3,2026/01/29 20:13:01
9545,1040.39,16109.2,-2134.43,2026/01/29 20:13:01
9546,1040.5,16045.8,-2137.77,2026/01/29 20:13:01
9547,1040.61,16017.2,-2143.78,2026/01/29 20:13:01
9548,1040.72,16011.4,-2147.27,2026/01/29 20:13:01
9549,1040.83,16034.1,-2148.5,2026/01/29 20:13:01
9550,1040.93,16046.1,-2150.28,2026/01/29 20:13:01
9551,1041.04,16048.4,-2148.44,2026/01/29 20:13:01
9552,1041.15,16052.4,-2146.94,2026/01/29 20:13:02
9553,1041.26,16079.1,-2144.28,2026/01/29 20:13:02
9554,1041.37,16089.4,-2142.74,2026/01/29 20:13:02
9555,1041.48,16100.6,-2141.74,2026/01/29 20:13:02
9556,1041.59,16104.9,-2141.84,2026/01/29 20:13:02
9557,1041.7,16137.8,-2138.44,2026/01/29 20:13:02
9558,1041.81,16041.2,-2140.08,2026/01/29 20:13:02
9559,1041.92,15990.3,-2147.83,2026/01/29 20:13:02
9560,1042.03,15991.1,-2148.58,2026/01/29 20:13:02
9561,1042.14,16021.2,-2152.21,2026/01/29 20:13:02
9562,1042.24,16045.2,-2150.47,2026/01/29 20:13:03
9563,1042.35,16043.5,-2145.99,2026/01/29 20:13:03
9564,1042.46,16080.4,-2144.44,2026/01/29 20:13:03
9565,1042.57,16089,-2142.31,2026/01/29 20:13:03
9566,1042.68,16100.9,-2141.35,2026/01/29 20:13:03
9567,1042.79,16109.6,-2141.9,2026/01/29 20:13:03
9568,1042.9,16115,-2141.78,2026/01/29 20:13:03
9569,1043.01,16113,-2134.23,2026/01/29 20:13:03
9570,1043.12,16031.9,-2143.06,2026/01/29 20:13:03
9571,1043.22,16006,-2146.4,2026/01/29 20:13:04
9572,1043.33,15993.7,-2151.83,2026/01/29 20:13:04
9573,1043.44,16019.8,-2150.24,2026/01/29 20:13:04
9574,1043.55,16043.1,-2152.31,2026/01/29 20:13:04
9575,1043.66,16049.6,-2147.39,2026/01/29 20:13:04
9576,1043.77,16071.6,-2147.38,2026/01/29 20:13:04
9577,1043.88,16086.4,-2142.83,2026/01/29 20:13:04
9578,1043.99,16094.6,-2143.33,2026/01/29 20:13:04
9579,1044.1,16104.3,-2142.84,2026/01/29 20:13:04
9580,1044.21,16113.9,-2142.38,2026/01/29 20:13:05
9581,1044.32,16137.4,-2138.64,2026/01/29 20:13:05
9582,1044.43,16098,-2134.16,2026/01/29 20:13:05
9583,1044.53,16037.1,-2142.43,2026/01/29 20:13:05
9584,1044.64,15998.7,-2146.2,2026/01/29 20:13:05
9585,1044.75,15987.1,-2149.31,2026/01/29 20:13:05
9586,1044.86,16005.7,-2151,2026/01/29 20:13:05
9587,1044.97,16039.1,-2151.02,2026/01/29 20:13:05
9588,1045.08,16045.8,-2149.43,2026/01/29 20:13:05
9589,1045.19,16053.2,-2146.54,2026/01/29 20:13:06
9590,1045.3,16079.8,-2145.45,2026/01/29 20:13:06
9591,1045.41,16091.7,-2142.66,2026/01/29 20:13:06
9592,1045.52,16101.8,-2141.5,2026/01/29 20:13:06
9593,1045.62,16111.6,-2144.04,2026/01/29 20:13:06
9594,1045.73,16116.2,-2135.22,2026/01/29 20:13:06
9595,1045.84,16030.2,-2144.24,2026/01/29 20:13:06
9596,1045.95,15996.2,-2148.73,2026/01/29 20:13:06
9597,1046.06,15994.3,-2149.67,2026/01/29 20:13:06
9598,1046.17,16011,-2152.03,2026/01/29 20:13:07
9599,1046.28,16041.8,-2151.31,2026/01/29 20:13:07
9600,1046.39,16047.6,-2147.83,2026/01/29 20:13:07
9601,1046.5,16052.1,-2147.73,2026/01/29 20:13:07
9602,1046.6,16084,-2144.58,2026/01/29 20:13:07
9603,1046.71,16091.4,-2142.28,2026/01/29 20:13:07
9604,1046.82,16104.9,-2144.36,2026/01/29 20:13:07
9605,1046.93,16136.4,-2137.73,2026/01/29 20:13:07
9606,1047.04,16061,-2138.45,2026/01/29 20:13:07
9607,1047.15,16020.2,-2144.89,2026/01/29 20:13:08
9608,1047.26,16014.8,-2148.24,2026/01/29 20:13:08
9609,1047.37,16022,-2150.61,2026/01/29 20:13:08
9610,1047.48,16044.3,-2151.05,2026/01/29 20:13:08
9611,1047.59,16051.5,-2148.95,2026/01/29 20:13:08
9612,1047.7,16056.9,-2148.58,2026/01/29 20:13:08
9613,1047.8,16088.1,-2143.76,2026/01/29 20:13:08
9614,1047.91,16089.8,-2144.56,2026/01/29 20:13:08
9615,1048.02,16106.5,-2142.81,2026/01/29 20:13:08
9616,1048.13,16113.2,-2144.55,2026/01/29 20:13:08
9617,1048.24,16138.9,-2134.96,2026/01/29 20:13:09
9618,1048.35,16061.9,-2138.46,2026/01/29 20:13:09
9619,1048.46,16032.1,-2143.23,2026/01/29 20:13:09
9620,1048.57,16026.5,-2145.54,2026/01/29 20:13:09
9621,1048.68,16033.7,-2146.82,2026/01/29 20:13:09
9622,1048.79,16052.8,-2147.14,2026/01/29 20:13:09
9623,1048.9,16049.3,-2149.54,2026/01/29 20:13:09
9624,1049,16066,-2144.59,2026/01/29 20:13:09
9625,1049.11,16079.2,-2146.71,2026/01/29 20:13:09
9626,1049.22,16094.6,-2141.94,2026/01/29 20:13:10
9627,1049.33,16101.1,-2144.81,2026/01/29 20:13:10
9628,1049.44,16124.2,-2141.53,2026/01/29 20:13:10
9629,1049.55,16104.6,-2135.96,2026/01/29 20:13:10
9630,1049.66,16045.2,-2139.75,2026/01/29 20:13:10
9631,1049.77,16025.7,-2145.02,2026/01/29 20:13:10
9632,1049.88,16028.9,-2144.46,2026/01/29 20:13:10
9633,1049.99,16051.1,-2147.96,2026/01/29 20:13:10
9634,1050.1,16054.9,-2148.38,2026/01/29 20:13:10
9635,1050.21,16060.9,-2146.8,2026/01/29 20:13:11
9636,1050.32,16085.7,-2144.75,2026/01/29 20:13:11
9637,1050.43,16101.3,-2143.44,2026/01/29 20:13:11
9638,1050.54,16107.4,-2142.94,2026/01/29 20:13:11
9639,1050.65,16117.2,-2142.29,2026/01/29 20:13:11
9640,1050.76,16137.7,-2141.06,2026/01/29 20:13:11
9641,1050.87,16064.5,-2137.82,2026/01/29 20:13:11
9642,1050.97,16018.2,-2148.61,2026/01/29 20:13:11
9643,1051.08,16010,-2145.53,2026/01/29 20:13:11
9644,1051.19,16011.8,-2153.25,2026/01/29 20:13:12
9645,1051.3,16048.5,-2147.08,2026/01/29 20:13:12
9646,1051.41,16053.1,-2150.67,2026/01/29 20:13:12
9647,1051.52,16061,-2145.9,2026/01/29 20:13:12
9648,1051.63,16077.9,-2146.49,2026/01/29 20:13:12
9649,1051.74,16087.3,-2144.15,2026/01/29 20:13:12
9650,1051.85,16098.9,-2143.65,2026/01/29 20:13:12
9651,1051.96,16138.3,-2139.72,2026/01/29 20:13:12
9652,1052.07,16087.3,-2136.67,2026/01/29 20:13:12
9653,1052.18,16034,-2143.63,2026/01/29 20:13:13
9654,1052.29,16023.3,-2145.07,2026/01/29 20:13:13
9655,1052.39,16022.3,-2151.51,2026/01/29 20:13:13
9656,1052.5,16054,-2146.86,2026/01/29 20:13:13
9657,1052.61,16054.1,-2151.49,2026/01/29 20:13:13
9658,1052.72,16071.2,-2144.34,2026/01/29 20:13:13
9659,1052.83,16093.3,-2143.61,2026/01/29 20:13:13
9660,1052.94,16103.7,-2141.25,2026/01/29 20:13:13
9661,1053.05,16115,-2142.22,2026/01/29 20:13:13
9662,1053.16,16137,-2141.18,2026/01/29 20:13:14
9663,1053.27,16055.8,-2142.92,2026/01/29 20:13:14
9664,1053.38,15990,-2151.4,2026/01/29 20:13:14
9665,1053.49,16001.8,-2152.03,2026/01/29 20:13:14
9666,1053.6,16035.2,-2154.76,2026/01/29 20:13:14
9667,1053.7,16052.1,-2149.82,2026/01/29 20:13:14
9668,1053.81,16049,-2148.61,2026/01/29 20:13:14
9669,1053.92,16079.3,-2144.51,2026/01/29 20:13:14
9670,1054.03,16089.6,-2143.61,2026/01/29 20:13:14
9671,1054.14,16104.8,-2142.1,2026/01/29 20:13:15
9672,1054.25,16133.6,-2141.7,2026/01/29 20:13:15
9673,1054.36,16068.6,-2139.44,2026/01/29 20:13:15
9674,1054.47,16003.6,-2148.88,2026/01/29 20:13:15
9675,1054.58,16006.7,-2152.27,2026/01/29 20:13:15
9676,1054.69,16045,-2152.54,2026/01/29 20:13:15
9677,1054.8,16048.8,-2152.79,2026/01/29 20:13:15
9678,1054.91,16053.5,-2150.8,2026/01/29 20:13:15
9679,1055.01,16050.1,-2148.72,2026/01/29 20:13:15
9680,1055.12,16079.1,-2147.21,2026/01/29 20:13:15
9681,1055.23,16085.6,-2143.36,2026/01/29 20:13:16
9682,1055.34,16097.2,-2144.05,2026/01/29 20:13:16
9683,1055.45,16099.8,-2141.86,2026/01/29 20:13:16
9684,1055.56,16112.1,-2143.97,2026/01/29 20:13:16
9685,1055.67,16139.6,-2135.77,2026/01/29 20:13:16
9686,1055.78,16049.8,-2142.98,2026/01/29 20:13:16
9687,1055.89,16021.8,-2145.35,2026/01/29 20:13:16
9688,1056,16035.2,-2149.34,2026/01/29 20:13:16
9689,1056.11,16053.7,-2147.85,2026/01/29 20:13:16
9690,1056.21,16053.2,-2147.39,2026/01/29 20:13:17
9691,1056.32,16066.7,-2147.36,2026/01/29 20:13:17
9692,1056.43,16084.5,-2143.25,2026/01/29 20:13:17
9693,1056.54,16092.2,-2143.96,2026/01/29 20:13:17
9694,1056.65,16102.3,-2143.15,2026/01/29 20:13:17
9695,1056.76,16138.4,-2140.54,2026/01/29 20:13:17
9696,1056.87,16098.5,-2135.54,2026/01/29 20:13:17
9697,1056.98,16054.4,-2140.35,2026/01/29 20:13:17
9698,1057.09,16036.6,-2142.68,2026/01/29 20:13:17
9699,1057.2,16028.4,-2146.33,2026/01/29 20:13:18
9700,1057.31,16036.5,-2147.91,2026/01/29 20:13:18
9701,1057.41,16054.5,-2149.17,2026/01/29 20:13:18
9702,1057.52,16060.7,-2147.01,2026/01/29 20:13:18
9703,1057.63,16081.9,-2147.65,2026/01/29 20:13:18
9704,1057.74,16099.5,-2141.44,2026/01/29 20:13:18
9705,1057.85,16105,-2145.02,2026/01/29 20:13:18
9706,1057.96,16117.8,-2141.24,2026/01/29 20:13:18
9707,1058.07,16146.2,-2141.81,2026/01/29 20:13:18
9708,1058.18,16054.8,-2142.69,2026/01/29 20:13:19
9709,1058.29,16015.3,-2148.87,2026/01/29 20:13:19
9710,1058.4,16020.7,-2151.22,2026/01/29 20:13:19
9711,1058.51,16052.9,-2149.63,2026/01/29 20:13:19
9712,1058.61,16052.4,-2152.68,2026/01/29 20:13:19
9713,1058.72,16061.6,-2146.03,2026/01/29 20:13:19
9714,1058.83,16088.7,-2147.62,2026/01/29 20:13:19
9715,1058.94,16104.1,-2141.74,2026/01/29 20:13:19
9716,1059.05,16107.2,-2144.11,2026/01/29 20:13:19
9717,1059.16,16119.1,-2142.43,2026/01/29 20:13:20
9718,1059.27,16144.5,-2139.44,2026/01/29 20:13:20
9719,1059.38,16058.5,-2141.81,2026/01/29 20:13:20
9720,1059.49,16025.4,-2145.89,2026/01/29 20:13:20
9721,1059.6,16026.8,-2147.37,2026/01/29 20:13:20
9722,1059.71,16045.4,-2148.73,2026/01/29 20:13:20
9723,1059.82,16055,-2150.65,2026/01/29 20:13:20
9724,1059.92,16062.9,-2149.03,2026/01/29 20:13:20
9725,1060.03,16073.6,-2146.95,2026/01/29 20:13:20
9726,1060.14,16110.7,-2144.68,2026/01/29 20:13:21
9727,1060.25,16120,-2141.6,2026/01/29 20:13:21
9728,1060.36,16132.2,-2142.72,2026/01/29 20:13:21
9729,1060.47,16131.9,-2139.97,2026/01/29 20:13:21
9730,1060.58,16133.3,-2140.78,2026/01/29 20:13:21
9731,1060.69,16132.7,-2140.13,2026/01/29 20:13:21
9732,1060.8,16130.2,-2141.76,2026/01/29 20:13:21
9733,1060.91,16141.9,-2138.94,2026/01/29 20:13:21
9734,1061.02,16090.2,-2136.6,2026/01/29 20:13:21
9735,1061.12,16036.8,-2144.15,2026/01/29 20:13:21
9736,1061.23,16019.6,-2147.19,2026/01/29 20:13:22
9737,1061.34,16018.3,-2147.29,2026/01/29 20:13:22
9738,1061.45,16021.5,-2151.32,2026/01/29 20:13:22
9739,1061.56,16048.7,-2151.09,2026/01/29 20:13:22
9740,1061.67,16059.5,-2152.19,2026/01/29 20:13:22
9741,1061.78,16064.2,-2148.05,2026/01/29 20:13:22
9742,1061.89,16103.7,-2144.73,2026/01/29 20:13:22
9743,1062,16117.6,-2142.75,2026/01/29 20:13:22
9744,1062.1,16133.1,-2140.21,2026/01/29 20:13:22
9745,1062.21,16134.6,-2141.97,2026/01/29 20:13:23
9746,1062.32,16137.9,-2138.06,2026/01/29 20:13:23
9747,1062.43,16128.2,-2144.7,2026/01/29 20:13:23
9748,1062.54,16144.6,-2133.1,2026/01/29 20:13:23
9749,1062.65,16067.9,-2140.34,2026/01/29 20:13:23
9750,1062.76,16032.1,-2144.58,2026/01/29 20:13:23
9751,1062.87,16019.8,-2149.28,2026/01/29 20:13:23
9752,1062.98,16006.5,-2148.72,2026/01/29 20:13:23
9753,1063.08,15996.6,-2146.01,2026/01/29 20:13:23
9754,1063.19,15990.8,-2149.16,2026/01/29 20:13:24
9755,1063.3,16023.1,-2152.17,2026/01/29 20:13:24
9756,1063.41,16045.5,-2152.82,2026/01/29 20:13:24
9757,1063.52,16055.9,-2151.39,2026/01/29 20:13:24
9758,1063.63,16057.8,-2146.95,2026/01/29 20:13:24
9759,1063.74,16097.7,-2144.88,2026/01/29 20:13:24
9760,1063.85,16114.9,-2142.26,2026/01/29 20:13:24
9761,1063.96,16128.4,-2141.28,2026/01/29 20:13:24
9762,1064.07,16137.1,-2139.2,2026/01/29 20:13:24
9763,1064.17,16130.6,-2142.52,2026/01/29 20:13:25
9764,1064.28,16149.5,-2137.42,2026/01/29 20:13:25
9765,1064.39,16086.5,-2134.14,2026/01/29 20:13:25
9766,1064.5,16056,-2141.79,2026/01/29 20:13:25
9767,1064.61,16034.8,-2143.47,2026/01/29 20:13:25
9768,1064.72,16020.2,-2147.63,2026/01/29 20:13:25
9769,1064.83,16005.6,-2147.66,2026/01/29 20:13:25
9770,1064.94,16022,-2151.36,2026/01/29 20:13:25
9771,1065.05,16052.8,-2149.41,2026/01/29 20:13:25
9772,1065.15,16058.7,-2148.05,2026/01/29 20:13:26
9773,1065.26,16091.1,-2144.67,2026/01/29 20:13:26
9774,1065.37,16114.5,-2143.97,2026/01/29 20:13:26
9775,1065.48,16127.4,-2139.87,2026/01/29 20:13:26
9776,1065.59,16135.7,-2141.8,2026/01/29 20:13:26
9777,1065.7,16137.6,-2139.38,2026/01/29 20:13:26
9778,1065.81,16151.4,-2141.66,2026/01/29 20:13:26
9779,1065.92,16096.8,-2133.67,2026/01/29 20:13:26
9780,1066.03,16038.8,-2143.81,2026/01/29 20:13:26
9781,1066.13,16010.6,-2146.79,2026/01/29 20:13:26
9782,1066.25,16004.5,-2147.67,2026/01/29 20:13:27
9783,1066.35,16024.1,-2153.15,2026/01/29 20:13:27
9784,1066.46,16055.3,-2149.08,2026/01/29 20:13:27
9785,1066.57,16055,-2152.31,2026/01/29 20:13:27
9786,1066.68,16077.5,-2145.35,2026/01/29 20:13:27
9787,1066.79,16102.3,-2144.49,2026/01/29 20:13:27
9788,1066.9,16120.8,-2141.54,2026/01/29 20:13:27
9789,1067.01,16129.8,-2141.92,2026/01/29 20:13:27
9790,1067.11,16130.1,-2143.15,2026/01/29 20:13:27
9791,1067.22,16149.3,-2137.11,2026/01/29 20:13:28
9792,1067.33,16058,-2140.51,2026/01/29 20:13:28
9793,1067.44,16030.8,-2144.99,2026/01/29 20:13:28
9794,1067.55,16016.3,-2146.5,2026/01/29 20:13:28
9795,1067.66,16027.2,-2150.92,2026/01/29 20:13:28
9796,1067.77,16050.4,-2149.86,2026/01/29 20:13:28
9797,1067.88,16060.8,-2150.37,2026/01/29 20:13:28
9798,1067.99,16065.1,-2145.79,2026/01/29 20:13:28
9799,1068.1,16094,-2144.7,2026/01/29 20:13:28
9800,1068.2,16107,-2142.2,2026/01/29 20:13:29
9801,1068.31,16117.7,-2142.67,2026/01/29 20:13:29
9802,1068.42,16144.2,-2142.45,2026/01/29 20:13:29
9803,1068.53,16125.9,-2134.54,2026/01/29 20:13:29
9804,1068.64,16052.3,-2142.17,2026/01/29 20:13:29
9805,1068.75,16017.4,-2148.12,2026/01/29 20:13:29
9806,1068.86,16013.9,-2149.48,2026/01/29 20:13:29
9807,1068.97,16047.4,-2152.96,2026/01/29 20:13:29
9808,1069.08,16054.3,-2149.09,2026/01/29 20:13:29
9809,1069.19,16059.3,-2148.43,2026/01/29 20:13:30
9810,1069.3,16078.4,-2144.42,2026/01/29 20:13:30
9811,1069.41,16100.7,-2143.87,2026/01/29 20:13:30
9812,1069.51,16113.4,-2142.51,2026/01/29 20:13:30
9813,1069.62,16131.8,-2143.18,2026/01/29 20:13:30
9814,1069.73,16134,-2137.5,2026/01/29 20:13:30
9815,1069.84,16073.7,-2136.17,2026/01/29 20:13:30
9816,1069.95,16033.4,-2146.99,2026/01/29 20:13:30
9817,1070.06,16014.2,-2145.98,2026/01/29 20:13:30
9818,1070.17,16000.1,-2148.97,2026/01/29 20:13:31
9819,1070.28,16012.9,-2150.68,2026/01/29 20:13:31
9820,1070.38,16044.9,-2151.53,2026/01/29 20:13:31
9821,1070.5,16056.5,-2149.32,2026/01/29 20:13:31
9822,1070.6,16087.9,-2146.73,2026/01/29 20:13:31
9823,1070.71,16111.2,-2145.2,2026/01/29 20:13:31
9824,1070.82,16131.2,-2141.14,2026/01/29 20:13:31
9825,1070.93,16128.3,-2143.48,2026/01/29 20:13:31
9826,1071.04,16159,-2139.87,2026/01/29 20:13:31
9827,1071.15,16081.7,-2139.33,2026/01/29 20:13:32
9828,1071.26,16049.9,-2144.33,2026/01/29 20:13:32
9829,1071.37,16034.8,-2146.49,2026/01/29 20:13:32
9830,1071.47,16042.9,-2150.13,2026/01/29 20:13:32
9831,1071.58,16060.9,-2150.72,2026/01/29 20:13:32
9832,1071.69,16062.5,-2151.66,2026/01/29 20:13:32
9833,1071.8,16088.2,-2146.43,2026/01/29 20:13:32
9834,1071.91,16115.1,-2144.19,2026/01/29 20:13:32
9835,1072.02,16133.7,-2142.66,2026/01/29 20:13:32
9836,1072.13,16135.6,-2140.99,2026/01/29 20:13:32
9837,1072.24,16141,-2144.22,2026/01/29 20:13:33
9838,1072.35,16125.3,-2134.23,2026/01/29 20:13:33
9839,1072.46,16054.7,-2142.36,2026/01/29 20:13:33
9840,1072.56,16031.9,-2145.83,2026/01/29 20:13:33
9841,1072.67,16027.5,-2149.52,2026/01/29 20:13:33
9842,1072.78,16035.8,-2150.16,2026/01/29 20:13:33
9843,1072.89,16054.4,-2151.45,2026/01/29 20:13:33
9844,1073,16065.5,-2148.22,2026/01/29 20:13:33
9845,1073.11,16093.7,-2145.6,2026/01/29 20:13:33
9846,1073.22,16116.8,-2141.72,2026/01/29 20:13:34
9847,1073.33,16123.4,-2144.16,2026/01/29 20:13:34
9848,1073.44,16133.7,-2138.17,2026/01/29 20:13:34
9849,1073.55,16136.4,-2143.05,2026/01/29 20:13:34
9850,1073.66,16137.8,-2141.38,2026/01/29 20:13:34
9851,1073.76,16129.6,-2134.31,2026/01/29 20:13:34
9852,1073.87,16052.9,-2141.03,2026/01/29 20:13:34
9853,1073.98,16018.2,-2147.11,2026/01/29 20:13:34
9854,1074.09,16002.6,-2148.15,2026/01/29 20:13:34
9855,1074.2,16023.1,-2150.29,2026/01/29 20:13:35
9856,1074.31,16050.3,-2153.6,2026/01/29 20:13:35
9857,1074.42,16068.7,-2146.73,2026/01/29 20:13:35
9858,1074.53,16096.4,-2145.82,2026/01/29 20:13:35
9859,1074.63,16119.5,-2142.12,2026/01/29 20:13:35
9860,1074.74,16133,-2141.72,2026/01/29 20:13:35
9861,1074.85,16135.9,-2142,2026/01/29 20:13:35
9862,1074.96,16147.3,-2135.88,2026/01/29 20:13:35
9863,1075.07,16061.9,-2141.98,2026/01/29 20:13:35
9864,1075.18,16031.7,-2145.46,2026/01/29 20:13:36
9865,1075.29,16017,-2151.64,2026/01/29 20:13:36
9866,1075.4,16039.3,-2153.67,2026/01/29 20:13:36
9867,1075.51,16055.6,-2151.95,2026/01/29 20:13:36
9868,1075.62,16067.6,-2150.73,2026/01/29 20:13:36
9869,1075.72,16084,-2146.69,2026/01/29 20:13:36
9870,1075.83,16110.9,-2144.2,2026/01/29 20:13:36
9871,1075.94,16124.9,-2143.02,2026/01/29 20:13:36
9872,1076.05,16150.6,-2142.56,2026/01/29 20:13:36
9873,1076.16,16098.7,-2137.34,2026/01/29 20:13:37
9874,1076.27,16028.9,-2146.34,2026/01/29 20:13:37
9875,1076.38,16008.7,-2149.01,2026/01/29 20:13:37
9876,1076.49,16015.9,-2150.77,2026/01/29 20:13:37
9877,1076.6,16054.2,-2152.44,2026/01/29 20:13:37
9878,1076.71,16061.1,-2148.38,2026/01/29 20:13:37
9879,1076.81,16097.1,-2145.6,2026/01/29 20:13:37
9880,1076.92,16118.3,-2142.55,2026/01/29 20:13:37
9881,1077.03,16130.4,-2142.2,2026/01/29 20:13:37
9882,1077.14,16137.8,-2140.08,2026/01/29 20:13:38
9883,1077.25,16146,-2142.2,2026/01/29 20:13:38
9884,1077.36,16109.5,-2137.63,2026/01/29 20:13:38
9885,1077.47,16058.5,-2140.39,2026/01/29 20:13:38
9886,1077.58,16019.1,-2148.04,2026/01/29 20:13:38
9887,1077.69,16004.2,-2147.85,2026/01/29 20:13:38
9888,1077.8,16035.9,-2152.6,2026/01/29 20:13:38
9889,1077.9,16058.6,-2150.63,2026/01/29 20:13:38
9890,1078.01,16067.3,-2147.43,2026/01/29 20:13:38
9891,1078.12,16097.3,-2144,2026/01/29 20:13:38
9892,1078.23,16108.8,-2144.11,2026/01/29 20:13:39
9893,1078.34,16118.1,-2141.73,2026/01/29 20:13:39
9894,1078.45,16121.5,-2141.26,2026/01/29 20:13:39
9895,1078.56,16127.8,-2140.38,2026/01/29 20:13:39
9896,1078.67,16134.7,-2139.92,2026/01/29 20:13:39
9897,1078.78,16137.8,-2139,2026/01/29 20:13:39
9898,1078.89,16146.9,-2141.33,2026/01/29 20:13:39
9899,1079,16152.1,-2133.49,2026/01/29 20:13:39
9900,1079.1,16073.1,-2140.62,2026/01/29 20:13:39
9901,1079.21,16030.4,-2146.7,2026/01/29 20:13:40
9902,1079.32,16011.9,-2149.52,2026/01/29 20:13:40
9903,1079.43,15999.5,-2150.01,2026/01/29 20:13:40
9904,1079.54,16002.9,-2149.61,2026/01/29 20:13:40
9905,1079.65,16016.3,-2154.77,2026/01/29 20:13:40
9906,1079.76,16049.5,-2152.54,2026/01/29 20:13:40
9907,1079.87,16058.1,-2151.71,2026/01/29 20:13:40
9908,1079.98,16070.7,-2145.79,2026/01/29 20:13:40
9909,1080.09,16105.7,-2145.49,2026/01/29 20:13:40
9910,1080.2,16115.9,-2140.75,2026/01/29 20:13:41
9911,1080.31,16120.3,-2142.89,2026/01/29 20:13:41
9912,1080.42,16125.2,-2139.89,2026/01/29 20:13:41
9913,1080.52,16129.1,-2141.14,2026/01/29 20:13:41
9914,1080.63,16130.3,-2138.93,2026/01/29 20:13:41
9915,1080.74,16136.5,-2138.99,2026/01/29 20:13:41
9916,1080.85,16143.3,-2139.75,2026/01/29 20:13:41
9917,1080.96,16150.6,-2139.51,2026/01/29 20:13:41
9918,1081.07,16142.7,-2133.3,2026/01/29 20:13:41
9919,1081.18,16057.8,-2140.95,2026/01/29 20:13:42
9920,1081.29,16012.9,-2152.12,2026/01/29 20:13:42
9921,1081.4,16016.1,-2149.57,2026/01/29 20:13:42
9922,1081.5,16027.7,-2155.22,2026/01/29 20:13:42
9923,1081.61,16049.9,-2154.23,2026/01/29 20:13:42
9924,1081.72,16062.9,-2152.52,2026/01/29 20:13:42
9925,1081.83,16066.4,-2148.7,2026/01/29 20:13:42
9926,1081.94,16077.5,-2146.54,2026/01/29 20:13:42
9927,1082.05,16101.5,-2144.65,2026/01/29 20:13:42
9928,1082.16,16111.9,-2140.57,2026/01/29 20:13:43
9929,1082.27,16117.6,-2143.48,2026/01/29 20:13:43
9930,1082.38,16130.4,-2139.86,2026/01/29 20:13:43
9931,1082.49,16146.5,-2144.67,2026/01/29 20:13:43
9932,1082.6,16123.3,-2131.13,2026/01/29 20:13:43
9933,1082.7,16050.5,-2143.87,2026/01/29 20:13:43
9934,1082.81,16009.5,-2149.75,2026/01/29 20:13:43
9935,1082.92,16007.4,-2151.27,2026/01/29 20:13:43
9936,1083.03,16037.8,-2155.06,2026/01/29 20:13:43
9937,1083.14,16058.3,-2151.8,2026/01/29 20:13:44
9938,1083.25,16063.4,-2150.87,2026/01/29 20:13:44
9939,1083.36,16081.5,-2144.68,2026/01/29 20:13:44
9940,1083.47,16105.2,-2143.86,2026/01/29 20:13:44
9941,1083.57,16113.1,-2141.9,2026/01/29 20:13:44
9942,1083.68,16121.8,-2142.11,2026/01/29 20:13:44
9943,1083.79,16132.7,-2141.85,2026/01/29 20:13:44
9944,1083.9,16160.3,-2140.06,2026/01/29 20:13:44
9945,1084.01,16091.5,-2138.44,2026/01/29 20:13:44
9946,1084.12,16035.8,-2145.72,2026/01/29 20:13:44
9947,1084.23,16017.1,-2152.02,2026/01/29 20:13:45
9948,1084.34,16023.5,-2152.45,2026/01/29 20:13:45
9949,1084.45,16055.1,-2153.08,2026/01/29 20:13:45
9950,1084.56,16065.5,-2148.98,2026/01/29 20:13:45
9951,1084.66,16092.1,-2145.93,2026/01/29 20:13:45
9952,1084.77,16108.4,-2143.83,2026/01/29 20:13:45
9953,1084.88,16120.1,-2142.14,2026/01/29 20:13:45
9954,1084.99,16130.2,-2142.87,2026/01/29 20:13:45
9955,1085.1,16160.9,-2140.58,2026/01/29 20:13:45
9956,1085.21,16083.8,-2139.71,2026/01/29 20:13:46
9957,1085.32,16022.3,-2147.99,2026/01/29 20:13:46
9958,1085.43,15994.9,-2150.19,2026/01/29 20:13:46
9959,1085.53,16007.3,-2153.32,2026/01/29 20:13:46
9960,1085.64,16050.6,-2154.22,2026/01/29 20:13:46
9961,1085.75,16059.3,-2151.9,2026/01/29 20:13:46
9962,1085.86,16071.5,-2146.09,2026/01/29 20:13:46
9963,1085.97,16104.6,-2144.84,2026/01/29 20:13:46
9964,1086.08,16117.3,-2142.48,2026/01/29 20:13:46
9965,1086.19,16121.8,-2141.47,2026/01/29 20:13:47
9966,1086.3,16134.5,-2141.72,2026/01/29 20:13:47
9967,1086.41,16155.3,-2141.69,2026/01/29 20:13:47
9968,1086.52,16078.1,-2141.83,2026/01/29 20:13:47
9969,1086.62,16000.7,-2150.33,2026/01/29 20:13:47
9970,1086.73,15992.8,-2151.9,2026/01/29 20:13:47
9971,1086.84,16033.7,-2155.94,2026/01/29 20:13:47
9972,1086.95,16057.9,-2152.8,2026/01/29 20:13:47
9973,1087.06,16063.2,-2148.09,2026/01/29 20:13:47
9974,1087.17,16068.9,-2148.93,2026/01/29 20:13:48
9975,1087.28,16105.3,-2142.67,2026/01/29 20:13:48
9976,1087.39,16114.8,-2143.45,2026/01/29 20:13:48
9977,1087.5,16131.1,-2143.24,2026/01/29 20:13:48
9978,1087.61,16151.7,-2136.01,2026/01/29 20:13:48
9979,1087.72,16049.2,-2145.87,2026/01/29 20:13:48
9980,1087.83,15997.6,-2149.66,2026/01/29 20:13:48
9981,1087.94,16004.2,-2152.89,2026/01/29 20:13:48
9982,1088.04,16045.9,-2155.24,2026/01/29 20:13:48
9983,1088.15,16061.9,-2151.49,2026/01/29 20:13:49
9984,1088.26,16067.1,-2147.96,2026/01/29 20:13:49
9985,1088.37,16101.5,-2145.35,2026/01/29 20:13:49
9986,1088.48,16129.2,-2140.9,2026/01/29 20:13:49
9987,1088.59,16133.1,-2141.45,2026/01/29 20:13:49
9988,1088.7,16144.2,-2137.4,2026/01/29 20:13:49
9989,1088.81,16139.8,-2139.78,2026/01/29 20:13:49
9990,1088.92,16147.8,-2137.12,2026/01/29 20:13:49
9991,1089.03,16143.6,-2138.86,2026/01/29 20:13:49
9992,1089.14,16148.7,-2136.56,2026/01/29 20:13:50
9993,1089.24,16147.2,-2138.11,2026/01/29 20:13:50
9994,1089.35,16148.6,-2137.07,2026/01/29 20:13:50
9995,1089.46,16149.7,-2138.03,2026/01/29 20:13:50
9996,1089.57,16148.5,-2137.17,2026/01/29 20:13:50
9997,1089.68,16152.7,-2136.44,2026/01/29 20:13:50
9998,1089.79,16149.3,-2138.83,2026/01/29 20:13:50
9999,1089.9,16154.5,-2134.67,2026/01/29 20:13:50
10000,1090.01,16151.7,-2140,2026/01/29 20:13:50
10001,1090.12,16155.4,-2134.81,2026/01/29 20:13:50
10002,1090.23,16153.9,-2139.07,2026/01/29 20:13:51
10003,1090.33,16153.9,-2136.98,2026/01/29 20:13:51
10004,1090.44,16156.3,-2137.36,2026/01/29 20:13:51
10005,1090.55,16154,-2136.81,2026/01/29 20:13:51
10006,1090.66,16157.3,-2136.92,2026/01/29 20:13:51
10007,1090.77,16155.9,-2137.34,2026/01/29 20:13:51
10008,1090.88,16157,-2135.53,2026/01/29 20:13:51
10009,1090.99,16157.6,-2137.61,2026/01/29 20:13:51
10010,1091.1,16157.5,-2136.31,2026/01/29 20:13:51
10011,1091.21,16157.8,-2137.86,2026/01/29 20:13:52
10012,1091.32,16158.7,-2136.77,2026/01/29 20:13:52
10013,1091.42,16159.9,-2136.69,2026/01/29 20:13:52
10014,1091.53,16158.2,-2137.94,2026/01/29 20:13:52
10015,1091.64,16161.1,-2135.51,2026/01/29 20:13:52
10016,1091.75,16159.4,-2137.51,2026/01/29 20:13:52
10017,1091.86,16161.5,-2135.96,2026/01/29 20:13:52
10018,1091.97,16160.2,-2137.06,2026/01/29 20:13:52
10019,1092.08,16163.8,-2136.63,2026/01/29 20:13:52
10020,1092.19,16159.5,-2135.35,2026/01/29 20:13:53
10021,1092.3,16163.8,-2137.87,2026/01/29 20:13:53
10022,1092.41,16160.7,-2136.41,2026/01/29 20:13:53
10023,1092.52,16164.8,-2137.36,2026/01/29 20:13:53
10024,1092.63,16162.6,-2136.95,2026/01/29 20:13:53
10025,1092.73,16164.1,-2137.43,2026/01/29 20:13:53
10026,1092.84,16163.3,-2137.41,2026/01/29 20:13:53
10027,1092.95,16162.8,-2137.67,2026/01/29 20:13:53
10028,1093.06,16166.5,-2135.88,2026/01/29 20:13:53
10029,1093.17,16162.6,-2138.29,2026/01/29 20:13:54
10030,1093.28,16168.1,-2135.77,2026/01/29 20:13:54
10031,1093.39,16162.1,-2139.3,2026/01/29 20:13:54
10032,1093.5,16167.6,-2134.83,2026/01/29 20:13:54
10033,1093.61,16165.4,-2138.65,2026/01/29 20:13:54
10034,1093.72,16166,-2136.93,2026/01/29 20:13:54
10035,1093.82,16167.7,-2137.41,2026/01/29 20:13:54
10036,1093.93,16165.2,-2137.01,2026/01/29 20:13:54
10037,1094.04,16168.3,-2135.53,2026/01/29 20:13:54
10038,1094.15,16166.9,-2137.76,2026/01/29 20:13:55
10039,1094.26,16168.1,-2136.16,2026/01/29 20:13:55
10040,1094.37,16167.9,-2138.21,2026/01/29 20:13:55
10041,1094.48,16168.9,-2136.49,2026/01/29 20:13:55
10042,1094.59,16168.5,-2137.75,2026/01/29 20:13:55
10043,1094.7,16168.9,-2137.25,2026/01/29 20:13:55
10044,1094.81,16169.9,-2136.71,2026/01/29 20:13:55
10045,1094.91,16167.6,-2139.04,2026/01/29 20:13:55
10046,1095.02,16171.4,-2137.61,2026/01/29 20:13:55
10047,1095.13,16167.3,-2137.13,2026/01/29 20:13:55
10048,1095.24,16172.6,-2138.71,2026/01/29 20:13:56
10049,1095.35,16167.6,-2136.77,2026/01/29 20:13:56
10050,1095.46,16172.1,-2137.99,2026/01/29 20:13:56
10051,1095.57,16169.3,-2137.63,2026/01/29 20:13:56
10052,1095.68,16171.2,-2137.2,2026/01/29 20:13:56
10053,1095.79,16170.3,-2137.94,2026/01/29 20:13:56
10054,1095.89,16168.7,-2138.58,2026/01/29 20:13:56
10055,1096,16172.7,-2136.6,2026/01/29 20:13:56
10056,1096.11,16168.7,-2139.42,2026/01/29 20:13:56
10057,1096.22,16173.6,-2134.75,2026/01/29 20:13:57
10058,1096.33,16170.3,-2140.5,2026/01/29 20:13:57
10059,1096.44,16172.8,-2135.46,2026/01/29 20:13:57
10060,1096.55,16172.2,-2138.38,2026/01/29 20:13:57
10061,1096.66,16172.4,-2136.86,2026/01/29 20:13:57
10062,1096.77,16172.2,-2138.16,2026/01/29 20:13:57
10063,1096.88,16171.5,-2138.12,2026/01/29 20:13:57
10064,1096.99,16174,-2136.32,2026/01/29 20:13:57
10065,1097.09,16172.7,-2138.1,2026/01/29 20:13:57
10066,1097.2,16173.9,-2138.39,2026/01/29 20:13:58
10067,1097.31,16171.4,-2137.77,2026/01/29 20:13:58
10068,1097.42,16175.8,-2138.25,2026/01/29 20:13:58
10069,1097.53,16171.1,-2136.32,2026/01/29 20:13:58
10070,1097.64,16176.4,-2138.53,2026/01/29 20:13:58
10071,1097.75,16172.2,-2137.98,2026/01/29 20:13:58
10072,1097.86,16175.2,-2137.62,2026/01/29 20:13:58
10073,1097.97,16173.8,-2137.95,2026/01/29 20:13:58
10074,1098.08,16174.6,-2137.27,2026/01/29 20:13:58
10075,1098.18,16177.3,-2136.96,2026/01/29 20:13:59
10076,1098.29,16172.7,-2139.68,2026/01/29 20:13:59
10077,1098.4,16176.6,-2136.88,2026/01/29 20:13:59
10078,1098.51,16174.6,-2140.23,2026/01/29 20:13:59
10079,1098.62,16176.7,-2136.1,2026/01/29 20:13:59
10080,1098.73,16175.2,-2139.25,2026/01/29 20:13:59
10081,1098.84,16175.8,-2137.14,2026/01/29 20:13:59
10082,1098.95,16174.9,-2138.11,2026/01/29 20:13:59
10083,1099.06,16176.1,-2138.11,2026/01/29 20:13:59
10084,1099.17,16175.3,-2136.89,2026/01/29 20:14:00
10085,1099.28,16176.3,-2138.16,2026/01/29 20:14:00
10086,1099.39,16177.6,-2136.67,2026/01/29 20:14:00
10087,1099.5,16175.3,-2138.37,2026/01/29 20:14:00
10088,1099.6,16180.2,-2137.42,2026/01/29 20:14:00
10089,1099.71,16173.5,-2138.78,2026/01/29 20:14:00
10090,1099.82,16180.6,-2136.06,2026/01/29 20:14:00
10091,1099.93,16174.9,-2140.8,2026/01/29 20:14:00
10092,1100.04,16179.1,-2135.53,2026/01/29 20:14:00
10093,1100.15,16176.4,-2139.09,2026/01/29 20:14:01
10094,1100.26,16177.2,-2136.76,2026/01/29 20:14:01
10095,1100.37,16178.7,-2137.74,2026/01/29 20:14:01
10096,1100.48,16176,-2138.14,2026/01/29 20:14:01
10097,1100.58,16178,-2138.44,2026/01/29 20:14:01
10098,1100.69,16177.8,-2137.43,2026/01/29 20:14:01
10099,1100.8,16178.1,-2139.45,2026/01/29 20:14:01
10100,1100.91,16177.8,-2137.07,2026/01/29 20:14:01
10101,1101.02,16178.7,-2138.25,2026/01/29 20:14:01
10102,1101.13,16179.6,-2136.61,2026/01/29 20:14:01
10103,1101.24,16176.5,-2138.82,2026/01/29 20:14:02
10104,1101.34,16181.4,-2137.31,2026/01/29 20:14:02
10105,1101.45,16174.2,-2140.3,2026/01/29 20:14:02
10106,1101.56,16181.8,-2136.03,2026/01/29 20:14:02
10107,1101.68,16175.4,-2140.37,2026/01/29 20:14:02
10108,1101.78,16179.9,-2135.61,2026/01/29 20:14:02
10109,1101.89,16177.5,-2140.5,2026/01/29 20:14:02
10110,1102,16178.2,-2136.84,2026/01/29 20:14:02
10111,1102.11,16179,-2139.03,2026/01/29 20:14:02
10112,1102.22,16177.4,-2138.18,2026/01/29 20:14:03
10113,1102.33,16180.1,-2137.76,2026/01/29 20:14:03
10114,1102.44,16178.4,-2139.27,2026/01/29 20:14:03
10115,1102.55,16180.6,-2137.91,2026/01/29 20:14:03
10116,1102.65,16176.5,-2137.17,2026/01/29 20:14:03
10117,1102.76,16181.3,-2138.46,2026/01/29 20:14:03
10118,1102.87,16178.5,-2137.74,2026/01/29 20:14:03
10119,1102.98,16180,-2138.64,2026/01/29 20:14:03
10120,1103.09,16179.6,-2139.09,2026/01/29 20:14:03
10121,1103.2,16178.3,-2139.4,2026/01/29 20:14:04
10122,1103.31,16181.7,-2136.35,2026/01/29 20:14:04
10123,1103.41,16178.6,-2140.32,2026/01/29 20:14:04
10124,1103.52,16180.3,-2136.6,2026/01/29 20:14:04
10125,1103.64,16179.5,-2139.39,2026/01/29 20:14:04
10126,1103.74,16181.1,-2137.43,2026/01/29 20:14:04
10127,1103.85,16180.5,-2138.19,2026/01/29 20:14:04
10128,1103.96,16180.1,-2139.67,2026/01/29 20:14:04
10129,1104.07,16180.9,-2137.69,2026/01/29 20:14:04
10130,1104.18,16178.9,-2139.42,2026/01/29 20:14:05
10131,1104.29,16183.3,-2138.28,2026/01/29 20:14:05
10132,1104.4,16176.9,-2139.96,2026/01/29 20:14:05
10133,1104.51,16184.1,-2137.62,2026/01/29 20:14:05
10134,1104.62,16178,-2141.24,2026/01/29 20:14:05
10135,1104.73,16182.6,-2136.31,2026/01/29 20:14:05
10136,1104.83,16179.4,-2140.82,2026/01/29 20:14:05
10137,1104.94,16180.9,-2137.38,2026/01/29 20:14:05
10138,1105.05,16181.3,-2139.59,2026/01/29 20:14:05
10139,1105.16,16179.3,-2139.39,2026/01/29 20:14:06
10140,1105.27,16182.4,-2138.03,2026/01/29 20:14:06
10141,1105.38,16179.7,-2139.19,2026/01/29 20:14:06
10142,1105.49,16182.6,-2139.04,2026/01/29 20:14:06
10143,1105.6,16179.3,-2137.4,2026/01/29 20:14:06
10144,1105.7,16183.8,-2139.21,2026/01/29 20:14:06
10145,1105.81,16179.4,-2138.67,2026/01/29 20:14:06
10146,1105.92,16183.7,-2138.14,2026/01/29 20:14:06
10147,1106.03,16180.7,-2139.75,2026/01/29 20:14:06
10148,1106.14,16181.8,-2138.51,2026/01/29 20:14:07
10149,1106.25,16182.8,-2139.42,2026/01/29 20:14:07
10150,1106.36,16180.3,-2139.23,2026/01/29 20:14:07
10151,1106.47,16182.9,-2138.3,2026/01/29 20:14:07
10152,1106.58,16182.1,-2139.27,2026/01/29 20:14:07
10153,1106.69,16182.9,-2138.51,2026/01/29 20:14:07
10154,1106.79,16182.4,-2138.84,2026/01/29 20:14:07
10155,1106.9,16183,-2139.75,2026/01/29 20:14:07
10156,1107.01,16182.7,-2138.08,2026/01/29 20:14:07
10157,1107.12,16180.9,-2140.31,2026/01/29 20:14:07
10158,1107.23,16184,-2138.16,2026/01/29 20:14:08
10159,1107.34,16179.3,-2139.84,2026/01/29 20:14:08
10160,1107.45,16185.7,-2137.04,2026/01/29 20:14:08
10161,1107.56,16180.5,-2141.61,2026/01/29 20:14:08
10162,1107.67,16183.7,-2137.16,2026/01/29 20:14:08
10163,1107.77,16182.7,-2139.81,2026/01/29 20:14:08
10164,1107.88,16182,-2138.32,2026/01/29 20:14:08
10165,1107.99,16183.8,-2139.02,2026/01/29 20:14:08
10166,1108.1,16181,-2140.01,2026/01/29 20:14:08
10167,1108.21,16183.7,-2137.98,2026/01/29 20:14:09
10168,1108.32,16181,-2139.38,2026/01/29 20:14:09
10169,1108.43,16185.2,-2139.12,2026/01/29 20:14:09
10170,1108.54,16179.3,-2139.13,2026/01/29 20:14:09
10171,1108.65,16185.7,-2138.98,2026/01/29 20:14:09
10172,1108.76,16180.4,-2140.38,2026/01/29 20:14:09
10173,1108.86,16183.4,-2138.26,2026/01/29 20:14:09
10174,1108.97,16182.7,-2139.97,2026/01/29 20:14:09
10175,1109.08,16181.7,-2138.48,2026/01/29 20:14:09
10176,1109.19,16184.7,-2139.27,2026/01/29 20:14:10
10177,1109.3,16184.1,-2139.48,2026/01/29 20:14:10
10178,1109.41,16185.7,-2138.83,2026/01/29 20:14:10
10179,1109.52,16187.1,-2139.6,2026/01/29 20:14:10
10180,1109.63,16189.5,-2141.34,2026/01/29 20:14:10
10181,1109.74,16177.7,-2139.36,2026/01/29 20:14:10
10182,1109.85,16133,-2139.44,2026/01/29 20:14:10
10183,1109.96,16069.6,-2144.51,2026/01/29 20:14:10
10184,1110.06,16040.2,-2146.22,2026/01/29 20:14:10
10185,1110.17,16036.9,-2145.79,2026/01/29 20:14:11
10186,1110.28,16037.4,-2146.86,2026/01/29 20:14:11
10187,1110.39,16051.5,-2149.34,2026/01/29 20:14:11
10188,1110.5,16090,-2152,2026/01/29 20:14:11
10189,1110.61,16108,-2145.63,2026/01/29 20:14:11
10190,1110.72,16155.7,-2143.88,2026/01/29 20:14:11
10191,1110.83,16171.8,-2140.01,2026/01/29 20:14:11
10192,1110.94,16176.6,-2141.26,2026/01/29 20:14:11
10193,1111.05,16173,-2140.99,2026/01/29 20:14:11
10194,1111.16,16063.4,-2149.29,2026/01/29 20:14:12
10195,1111.27,16036.9,-2153.17,2026/01/29 20:14:12
10196,1111.38,16049.2,-2157.21,2026/01/29 20:14:12
10197,1111.49,16081.5,-2158.57,2026/01/29 20:14:12
10198,1111.59,16102.3,-2151.11,2026/01/29 20:14:12
10199,1111.7,16118.8,-2148.33,2026/01/29 20:14:12
10200,1111.81,16157.1,-2141.12,2026/01/29 20:14:12
10201,1111.92,16167.4,-2142.16,2026/01/29 20:14:12
10202,1112.03,16172.1,-2140.31,2026/01/29 20:14:12
10203,1112.14,16151.3,-2140.14,2026/01/29 20:14:13
10204,1112.25,16056.7,-2150.29,2026/01/29 20:14:13
10205,1112.36,16026.9,-2152.9,2026/01/29 20:14:13
10206,1112.47,16022.5,-2156.09,2026/01/29 20:14:13
10207,1112.57,16056,-2158.52,2026/01/29 20:14:13
10208,1112.68,16092.2,-2149.73,2026/01/29 20:14:13
10209,1112.79,16131.8,-2147.25,2026/01/29 20:14:13
10210,1112.9,16150.7,-2142.93,2026/01/29 20:14:13
10211,1113.01,16168.1,-2142.74,2026/01/29 20:14:13
10212,1113.12,16156.8,-2141.85,2026/01/29 20:14:13
10213,1113.23,16056.6,-2149.45,2026/01/29 20:14:14
10214,1113.34,16014.9,-2153.59,2026/01/29 20:14:14
10215,1113.45,16013.3,-2152.71,2026/01/29 20:14:14
10216,1113.55,16018.5,-2154.17,2026/01/29 20:14:14
10217,1113.66,16013.6,-2154.48,2026/01/29 20:14:14
10218,1113.77,16002.7,-2151.68,2026/01/29 20:14:14
10219,1113.88,16030,-2158.85,2026/01/29 20:14:14
10220,1113.99,16088.4,-2153.63,2026/01/29 20:14:14
10221,1114.1,16099.2,-2149.31,2026/01/29 20:14:14
10222,1114.21,16141.8,-2146.08,2026/01/29 20:14:15
10223,1114.32,16159.4,-2140.63,2026/01/29 20:14:15
10224,1114.43,16194.4,-2140.87,2026/01/29 20:14:15
10225,1114.54,16086.1,-2146.55,2026/01/29 20:14:15
10226,1114.65,16013,-2152.48,2026/01/29 20:14:15
10227,1114.76,16005.9,-2151.22,2026/01/29 20:14:15
10228,1114.86,16023.2,-2158.99,2026/01/29 20:14:15
10229,1114.97,16086.2,-2153.55,2026/01/29 20:14:15
10230,1115.08,16093.3,-2153.79,2026/01/29 20:14:15
10231,1115.19,16135.2,-2144.12,2026/01/29 20:14:16
10232,1115.3,16151.6,-2143.32,2026/01/29 20:14:16
10233,1115.41,16163.8,-2138.7,2026/01/29 20:14:16
10234,1115.52,16189.8,-2141.1,2026/01/29 20:14:16
10235,1115.63,16126.8,-2143.24,2026/01/29 20:14:16
10236,1115.74,16046.2,-2148.01,2026/01/29 20:14:16
10237,1115.85,16018.6,-2151.1,2026/01/29 20:14:16
10238,1115.95,16043.6,-2155.99,2026/01/29 20:14:16
10239,1116.06,16036.6,-2154.27,2026/01/29 20:14:16
10240,1116.17,16011.6,-2150.61,2026/01/29 20:14:17
10241,1116.28,16044.7,-2155.21,2026/01/29 20:14:17
10242,1116.39,16091.6,-2148.44,2026/01/29 20:14:17
10243,1116.5,16117.2,-2149.49,2026/01/29 20:14:17
10244,1116.61,16155.8,-2141.91,2026/01/29 20:14:17
10245,1116.72,16180,-2144.61,2026/01/29 20:14:17
10246,1116.83,16120.6,-2142.59,2026/01/29 20:14:17
10247,1116.94,16036.5,-2149.93,2026/01/29 20:14:17
10248,1117.05,15993.7,-2150.28,2026/01/29 20:14:17
10249,1117.16,15991.1,-2148.75,2026/01/29 20:14:18
10250,1117.27,16043.6,-2159.62,2026/01/29 20:14:18
10251,1117.37,16082.5,-2151.88,2026/01/29 20:14:18
10252,1117.48,16096.8,-2149.93,2026/01/29 20:14:18
10253,1117.59,16135.7,-2145.5,2026/01/29 20:14:18
10254,1117.7,16155,-2143.41,2026/01/29 20:14:18
10255,1117.81,16196.3,-2142.43,2026/01/29 20:14:18
10256,1117.92,16103.7,-2143.9,2026/01/29 20:14:18
10257,1118.03,16042.2,-2150.69,2026/01/29 20:14:18
10258,1118.14,16014.2,-2150.49,2026/01/29 20:14:19
10259,1118.24,16008.8,-2151.07,2026/01/29 20:14:19
10260,1118.35,16058,-2156.83,2026/01/29 20:14:19
10261,1118.47,16081.1,-2152.25,2026/01/29 20:14:19
10262,1118.57,16105.2,-2148.26,2026/01/29 20:14:19
10263,1118.68,16140.8,-2146.3,2026/01/29 20:14:19
10264,1118.79,16161.5,-2142,2026/01/29 20:14:19
10265,1118.9,16192.1,-2143.14,2026/01/29 20:14:19
10266,1119.01,16124.7,-2142.6,2026/01/29 20:14:19
10267,1119.12,16051.7,-2150.1,2026/01/29 20:14:19
10268,1119.23,16010.9,-2150.99,2026/01/29 20:14:20
10269,1119.34,16016,-2151.73,2026/01/29 20:14:20
10270,1119.45,16053.9,-2159.78,2026/01/29 20:14:20
10271,1119.55,16083.4,-2151.55,2026/01/29 20:14:20
10272,1119.66,16097,-2150.68,2026/01/29 20:14:20
10273,1119.77,16139.6,-2144.67,2026/01/29 20:14:20
10274,1119.88,16159.1,-2142.86,2026/01/29 20:14:20
10275,1119.99,16197.3,-2142.57,2026/01/29 20:14:20
10276,1120.1,16120.1,-2143.83,2026/01/29 20:14:20
10277,1120.21,16042.1,-2151.94,2026/01/29 20:14:21
10278,1120.32,16004.5,-2150.34,2026/01/29 20:14:21
10279,1120.43,15984.9,-2148.44,2026/01/29 20:14:21
10280,1120.54,15976,-2149.92,2026/01/29 20:14:21
10281,1120.64,15979.8,-2148.23,2026/01/29 20:14:21
10282,1120.75,16060.2,-2155.65,2026/01/29 20:14:21
10283,1120.86,16077.8,-2151.91,2026/01/29 20:14:21
10284,1120.97,16095.9,-2147.76,2026/01/29 20:14:21
10285,1121.08,16136.1,-2142.82,2026/01/29 20:14:21
10286,1121.19,16194,-2141.09,2026/01/29 20:14:22
10287,1121.3,16092,-2147.9,2026/01/29 20:14:22
10288,1121.41,16019.9,-2150.21,2026/01/29 20:14:22
10289,1121.52,15993.2,-2150.1,2026/01/29 20:14:22
10290,1121.63,15978.7,-2149.81,2026/01/29 20:14:22
10291,1121.74,15977.9,-2145.03,2026/01/29 20:14:22
10292,1121.84,15997,-2155.62,2026/01/29 20:14:22
10293,1121.95,16068.4,-2151.13,2026/01/29 20:14:22
10294,1122.06,16076.1,-2152.38,2026/01/29 20:14:22
10295,1122.17,16087.6,-2147.51,2026/01/29 20:14:23
10296,1122.28,16122.8,-2149.31,2026/01/29 20:14:23
10297,1122.39,16181,-2140.2,2026/01/29 20:14:23
10298,1122.5,16081.1,-2147.21,2026/01/29 20:14:23
10299,1122.61,16023.4,-2150.08,2026/01/29 20:14:23
10300,1122.72,16012.7,-2149.83,2026/01/29 20:14:23
10301,1122.82,16027,-2155.01,2026/01/29 20:14:23
10302,1122.93,16068.4,-2154.05,2026/01/29 20:14:23
10303,1123.04,16083.9,-2150.87,2026/01/29 20:14:23
10304,1123.15,16115.5,-2150.19,2026/01/29 20:14:24
10305,1123.26,16149.4,-2138.61,2026/01/29 20:14:24
10306,1123.37,16163.3,-2142.18,2026/01/29 20:14:24
10307,1123.48,16153.5,-2137.76,2026/01/29 20:14:24
10308,1123.59,16055.1,-2148.93,2026/01/29 20:14:24
10309,1123.7,16015,-2151.25,2026/01/29 20:14:24
10310,1123.8,16012.7,-2149.55,2026/01/29 20:14:24
10311,1123.91,16016.7,-2151.9,2026/01/29 20:14:24
10312,1124.02,16058.1,-2153.75,2026/01/29 20:14:24
10313,1124.13,16080.6,-2150.71,2026/01/29 20:14:24
10314,1124.24,16116.7,-2148.05,2026/01/29 20:14:25
10315,1124.35,16150.2,-2143.92,2026/01/29 20:14:25
10316,1124.46,16177.2,-2142.26,2026/01/29 20:14:25
10317,1124.57,16112.5,-2146.87,2026/01/29 20:14:25
10318,1124.68,16019,-2150.26,2026/01/29 20:14:25
10319,1124.79,15973.4,-2148.33,2026/01/29 20:14:25
10320,1124.9,16001.2,-2152.89,2026/01/29 20:14:25
10321,1125,16054.7,-2155.9,2026/01/29 20:14:25
10322,1125.11,16076.1,-2150,2026/01/29 20:14:25
10323,1125.22,16126.1,-2144.7,2026/01/29 20:14:26
10324,1125.33,16153,-2142.02,2026/01/29 20:14:26
10325,1125.44,16163.3,-2140.59,2026/01/29 20:14:26
10326,1125.55,16191.1,-2138.14,2026/01/29 20:14:26
10327,1125.66,16075.8,-2144.9,2026/01/29 20:14:26
10328,1125.77,16004.4,-2150.78,2026/01/29 20:14:26
10329,1125.88,15999.9,-2150.21,2026/01/29 20:14:26
10330,1125.99,16033.3,-2157.57,2026/01/29 20:14:26
10331,1126.1,16080.6,-2150.86,2026/01/29 20:14:26
10332,1126.2,16086.6,-2147.74,2026/01/29 20:14:27
10333,1126.31,16133.4,-2144.43,2026/01/29 20:14:27
10334,1126.42,16151.3,-2143.01,2026/01/29 20:14:27
10335,1126.53,16192.6,-2143.04,2026/01/29 20:14:27
10336,1126.64,16098,-2144.12,2026/01/29 20:14:27
10337,1126.75,16020.1,-2150.16,2026/01/29 20:14:27
10338,1126.86,15996.8,-2150.48,2026/01/29 20:14:27
10339,1126.97,16027.7,-2156.84,2026/01/29 20:14:27
10340,1127.08,16081,-2149.85,2026/01/29 20:14:27
10341,1127.18,16091.3,-2149.26,2026/01/29 20:14:28
10342,1127.29,16146.4,-2143.65,2026/01/29 20:14:28
10343,1127.4,16159.3,-2141.98,2026/01/29 20:14:28
10344,1127.51,16178,-2142.58,2026/01/29 20:14:28
10345,1127.62,16155.7,-2136.16,2026/01/29 20:14:28
10346,1127.73,16066.6,-2146.94,2026/01/29 20:14:28
10347,1127.84,16021.8,-2149.35,2026/01/29 20:14:28
10348,1127.95,16007.1,-2150.37,2026/01/29 20:14:28
10349,1128.06,16001.9,-2148.96,2026/01/29 20:14:28
10350,1128.17,16010.1,-2152.55,2026/01/29 20:14:29
10351,1128.27,16074.7,-2153.02,2026/01/29 20:14:29
10352,1128.38,16082.5,-2149.31,2026/01/29 20:14:29
10353,1128.49,16099.5,-2147.67,2026/01/29 20:14:29
10354,1128.6,16151.1,-2144.75,2026/01/29 20:14:29
10355,1128.71,16157,-2141.21,2026/01/29 20:14:29
10356,1128.82,16071.6,-2147.87,2026/01/29 20:14:29
10357,1128.93,16009,-2149.99,2026/01/29 20:14:29
10358,1129.04,16002.3,-2151.04,2026/01/29 20:14:29
10359,1129.15,16031.6,-2154.44,2026/01/29 20:14:30
10360,1129.25,16076.4,-2153.52,2026/01/29 20:14:30
10361,1129.36,16087.6,-2148.39,2026/01/29 20:14:30
10362,1129.47,16134.1,-2145.74,2026/01/29 20:14:30
10363,1129.58,16157.6,-2141.38,2026/01/29 20:14:30
10364,1129.69,16195.3,-2143.75,2026/01/29 20:14:30
10365,1129.8,16112,-2142.77,2026/01/29 20:14:30
10366,1129.91,16024.1,-2150.2,2026/01/29 20:14:30
10367,1130.02,15995.7,-2151.99,2026/01/29 20:14:30
10368,1130.13,16019.3,-2155.58,2026/01/29 20:14:30
10369,1130.23,16046.8,-2159.49,2026/01/29 20:14:31
10370,1130.34,16074.2,-2154.29,2026/01/29 20:14:31
10371,1130.45,16090.6,-2148.9,2026/01/29 20:14:31
10372,1130.56,16138.2,-2143.93,2026/01/29 20:14:31
10373,1130.67,16156.9,-2144.47,2026/01/29 20:14:31
10374,1130.78,16180.6,-2138.92,2026/01/29 20:14:31
10375,1130.89,16063.3,-2150.16,2026/01/29 20:14:31
10376,1131,15990.6,-2148.79,2026/01/29 20:14:31
10377,1131.1,15968.6,-2147.12,2026/01/29 20:14:31
10378,1131.21,16001.5,-2147.93,2026/01/29 20:14:32
10379,1131.32,16061.2,-2151.27,2026/01/29 20:14:32
10380,1131.43,16076.3,-2148.09,2026/01/29 20:14:32
10381,1131.54,16114.9,-2147.14,2026/01/29 20:14:32
10382,1131.65,16143.6,-2143.71,2026/01/29 20:14:32
10383,1131.76,16190.8,-2143.2,2026/01/29 20:14:32
10384,1131.87,16102.7,-2144.92,2026/01/29 20:14:32
10385,1131.98,16031.1,-2149.88,2026/01/29 20:14:32
10386,1132.09,15992.9,-2152.21,2026/01/29 20:14:32
10387,1132.2,16029,-2154.77,2026/01/29 20:14:33
10388,1132.3,16065.1,-2155.17,2026/01/29 20:14:33
10389,1132.41,16077.4,-2152.18,2026/01/29 20:14:33
10390,1132.52,16091.1,-2149.71,2026/01/29 20:14:33
10391,1132.63,16134.8,-2143.74,2026/01/29 20:14:33
10392,1132.74,16175,-2142.48,2026/01/29 20:14:33
10393,1132.85,16124.9,-2144.14,2026/01/29 20:14:33
10394,1132.96,16043.8,-2149.45,2026/01/29 20:14:33
10395,1133.07,15991.5,-2150.55,2026/01/29 20:14:33
10396,1133.18,16004.6,-2152.98,2026/01/29 20:14:34
10397,1133.28,16047.8,-2158,2026/01/29 20:14:34
10398,1133.4,16072.6,-2151.89,2026/01/29 20:14:34
10399,1133.5,16083,-2150.54,2026/01/29 20:14:34
10400,1133.61,16094.4,-2145.56,2026/01/29 20:14:34
10401,1133.72,16144.5,-2147.43,2026/01/29 20:14:34
10402,1133.83,16180.6,-2137.83,2026/01/29 20:14:34
10403,1133.94,16074.4,-2145.41,2026/01/29 20:14:34
10404,1134.05,16005.3,-2151.18,2026/01/29 20:14:34
10405,1134.16,15972,-2147,2026/01/29 20:14:35
10406,1134.27,15991.6,-2151.94,2026/01/29 20:14:35
10407,1134.38,16063,-2149.26,2026/01/29 20:14:35
10408,1134.48,16069.3,-2149.82,2026/01/29 20:14:35
10409,1134.59,16102.6,-2149.68,2026/01/29 20:14:35
10410,1134.7,16140.7,-2142.31,2026/01/29 20:14:35
10411,1134.81,16187.5,-2143.77,2026/01/29 20:14:35
10412,1134.92,16104.9,-2144.64,2026/01/29 20:14:35
10413,1135.03,16021.1,-2148.77,2026/01/29 20:14:35
10414,1135.14,15957.9,-2147.2,2026/01/29 20:14:36
10415,1135.25,15964.9,-2148.14,2026/01/29 20:14:36
10416,1135.36,16038,-2152.07,2026/01/29 20:14:36
10417,1135.47,16061.9,-2151.79,2026/01/29 20:14:36
10418,1135.58,16083.3,-2147.76,2026/01/29 20:14:36
10419,1135.68,16106.1,-2147.81,2026/01/29 20:14:36
10420,1135.79,16158.1,-2142.81,2026/01/29 20:14:36
10421,1135.9,16179.3,-2139.04,2026/01/29 20:14:36
10422,1136.01,16066.4,-2149.16,2026/01/29 20:14:36
10423,1136.12,15994.9,-2151.31,2026/01/29 20:14:36
10424,1136.23,15986.2,-2151.54,2026/01/29 20:14:37
10425,1136.34,16009.6,-2158.06,2026/01/29 20:14:37
10426,1136.45,16059.9,-2154.16,2026/01/29 20:14:37
10427,1136.56,16071.8,-2152.27,2026/01/29 20:14:37
10428,1136.67,16083.5,-2148.38,2026/01/29 20:14:37
10429,1136.77,16132.6,-2142.51,2026/01/29 20:14:37
10430,1136.88,16175.4,-2143.42,2026/01/29 20:14:37
10431,1136.99,16124.2,-2145.41,2026/01/29 20:14:37
10432,1137.1,16049.3,-2148.39,2026/01/29 20:14:37
10433,1137.21,16001.9,-2151.71,2026/01/29 20:14:38
10434,1137.32,15985.9,-2151.22,2026/01/29 20:14:38
10435,1137.43,15983.3,-2150.31,2026/01/29 20:14:38
10436,1137.54,16022.8,-2155.77,2026/01/29 20:14:38
10437,1137.64,16066.8,-2151.11,2026/01/29 20:14:38
10438,1137.76,16088.2,-2148.52,2026/01/29 20:14:38
10439,1137.86,16126.8,-2145.7,2026/01/29 20:14:38
10440,1137.97,16165.5,-2142.67,2026/01/29 20:14:38
10441,1138.08,16161.6,-2140.04,2026/01/29 20:14:38
10442,1138.19,16061.3,-2149.15,2026/01/29 20:14:39
10443,1138.3,15974.9,-2150.07,2026/01/29 20:14:39
10444,1138.41,15956.5,-2147.53,2026/01/29 20:14:39
10445,1138.52,15995.3,-2154.02,2026/01/29 20:14:39
10446,1138.63,16056.9,-2151.69,2026/01/29 20:14:39
10447,1138.74,16068.6,-2149.95,2026/01/29 20:14:39
10448,1138.84,16082.3,-2146.68,2026/01/29 20:14:39
10449,1138.95,16130.6,-2142.86,2026/01/29 20:14:39
10450,1139.06,16175.7,-2143.81,2026/01/29 20:14:39
10451,1139.17,16101.2,-2142.06,2026/01/29 20:14:40
10452,1139.28,16001.1,-2148.59,2026/01/29 20:14:40
10453,1139.39,15962.2,-2149.21,2026/01/29 20:14:40
10454,1139.5,15991.6,-2152.41,2026/01/29 20:14:40
10455,1139.61,16057.9,-2151.39,2026/01/29 20:14:40
10456,1139.72,16066.1,-2151.19,2026/01/29 20:14:40
10457,1139.82,16081.2,-2148.4,2026/01/29 20:14:40
10458,1139.93,16094.4,-2147.48,2026/01/29 20:14:40
10459,1140.04,16149.7,-2142.97,2026/01/29 20:14:40
10460,1140.15,16158.2,-2141.09,2026/01/29 20:14:41
10461,1140.26,16065.9,-2148.04,2026/01/29 20:14:41
10462,1140.37,16015.8,-2150.23,2026/01/29 20:14:41
10463,1140.48,16017,-2155.3,2026/01/29 20:14:41
10464,1140.59,16069.2,-2156.23,2026/01/29 20:14:41
10465,1140.7,16072.1,-2149.9,2026/01/29 20:14:41
10466,1140.81,16103.4,-2150.19,2026/01/29 20:14:41
10467,1140.92,16136.1,-2144.11,2026/01/29 20:14:41
10468,1141.03,16169.9,-2142.69,2026/01/29 20:14:41
10469,1141.13,16122.1,-2142.09,2026/01/29 20:14:41
10470,1141.24,16047.3,-2149.55,2026/01/29 20:14:42
10471,1141.35,16006.8,-2150.81,2026/01/29 20:14:42
10472,1141.46,16016.5,-2155.8,2026/01/29 20:14:42
10473,1141.57,16070.4,-2152.97,2026/01/29 20:14:42
10474,1141.68,16071.9,-2151.88,2026/01/29 20:14:42
10475,1141.79,16096.6,-2148.08,2026/01/29 20:14:42
10476,1141.9,16131.3,-2143.67,2026/01/29 20:14:42
10477,1142.01,16173,-2142.79,2026/01/29 20:14:42
10478,1142.12,16130.6,-2139.16,2026/01/29 20:14:42
10479,1142.23,16065.4,-2147.95,2026/01/29 20:14:43
10480,1142.34,16023,-2151.67,2026/01/29 20:14:43
10481,1142.44,16024.4,-2152.83,2026/01/29 20:14:43
10482,1142.55,16051.4,-2157.49,2026/01/29 20:14:43
10483,1142.66,16076.2,-2151.2,2026/01/29 20:14:43
10484,1142.77,16095.4,-2150.6,2026/01/29 20:14:43
10485,1142.88,16133.6,-2144.36,2026/01/29 20:14:43
10486,1142.99,16155.7,-2142.94,2026/01/29 20:14:43
10487,1143.1,16170,-2140.01,2026/01/29 20:14:43
10488,1143.21,16079.1,-2148.17,2026/01/29 20:14:44
10489,1143.31,16029,-2150.52,2026/01/29 20:14:44
10490,1143.42,16033.5,-2153.58,2026/01/29 20:14:44
10491,1143.53,16072.3,-2155.05,2026/01/29 20:14:44
10492,1143.64,16082.7,-2151.68,2026/01/29 20:14:44
10493,1143.75,16125.7,-2145.99,2026/01/29 20:14:44
10494,1143.86,16144.9,-2143.32,2026/01/29 20:14:44
10495,1143.97,16160.3,-2141.01,2026/01/29 20:14:44
10496,1144.08,16189.1,-2145.02,2026/01/29 20:14:44
10497,1144.19,16099.8,-2142.95,2026/01/29 20:14:45
10498,1144.29,16037.4,-2152.78,2026/01/29 20:14:45
10499,1144.4,16047.4,-2153.53,2026/01/29 20:14:45
10500,1144.51,16080,-2154.26,2026/01/29 20:14:45
10501,1144.62,16091.8,-2149.31,2026/01/29 20:14:45
10502,1144.73,16134.6,-2144.49,2026/01/29 20:14:45
10503,1144.84,16151.9,-2143.57,2026/01/29 20:14:45
10504,1144.95,16162.3,-2141.74,2026/01/29 20:14:45
10505,1145.06,16182.1,-2139.31,2026/01/29 20:14:45
10506,1145.17,16069.1,-2147.86,2026/01/29 20:14:46
10507,1145.28,16006.1,-2151.34,2026/01/29 20:14:46
10508,1145.39,16015.9,-2152.1,2026/01/29 20:14:46
10509,1145.49,16069.9,-2158.92,2026/01/29 20:14:46
10510,1145.6,16085.4,-2148.99,2026/01/29 20:14:46
10511,1145.71,16096.8,-2149.65,2026/01/29 20:14:46
10512,1145.82,16137.3,-2143.94,2026/01/29 20:14:46
10513,1145.93,16169.1,-2143.66,2026/01/29 20:14:46
10514,1146.04,16126.8,-2142.23,2026/01/29 20:14:46
10515,1146.15,16055.3,-2147.22,2026/01/29 20:14:47
10516,1146.26,16026.2,-2152.36,2026/01/29 20:14:47
10517,1146.37,16059.3,-2156.45,2026/01/29 20:14:47
10518,1146.48,16084.7,-2154.05,2026/01/29 20:14:47
10519,1146.58,16086.1,-2149.99,2026/01/29 20:14:47
10520,1146.69,16100.6,-2150.44,2026/01/29 20:14:47
10521,1146.8,16135.2,-2142,2026/01/29 20:14:47
10522,1146.91,16148.3,-2145.01,2026/01/29 20:14:47
10523,1147.02,16186.6,-2140.96,2026/01/29 20:14:47
10524,1147.13,16081.7,-2145.76,2026/01/29 20:14:47
10525,1147.24,16031.4,-2150.51,2026/01/29 20:14:48
10526,1147.35,16022.5,-2151.14,2026/01/29 20:14:48
10527,1147.46,16029.9,-2155.42,2026/01/29 20:14:48
10528,1147.57,16068.6,-2156.09,2026/01/29 20:14:48
10529,1147.68,16078.6,-2152.38,2026/01/29 20:14:48
10530,1147.78,16095.6,-2148.47,2026/01/29 20:14:48
10531,1147.89,16111.5,-2148.08,2026/01/29 20:14:48
10532,1148,16152.7,-2143.26,2026/01/29 20:14:48
10533,1148.11,16187.3,-2146.02,2026/01/29 20:14:48
10534,1148.22,16084.8,-2145.01,2026/01/29 20:14:49
10535,1148.33,16019.1,-2151.74,2026/01/29 20:14:49
10536,1148.44,15985.7,-2151.12,2026/01/29 20:14:49
10537,1148.55,15991.2,-2151.96,2026/01/29 20:14:49
10538,1148.66,15993,-2151.2,2026/01/29 20:14:49
10539,1148.77,16039.2,-2155.21,2026/01/29 20:14:49
10540,1148.88,16070,-2153.69,2026/01/29 20:14:49
10541,1148.99,16087.5,-2148.78,2026/01/29 20:14:49
10542,1149.09,16092.6,-2147.95,2026/01/29 20:14:49
10543,1149.2,16149.3,-2145.2,2026/01/29 20:14:50
10544,1149.31,16169,-2139.41,2026/01/29 20:14:50
10545,1149.42,16075.1,-2148.27,2026/01/29 20:14:50
10546,1149.53,16015.6,-2152.71,2026/01/29 20:14:50
10547,1149.64,16015.3,-2153.01,2026/01/29 20:14:50
10548,1149.75,16065.3,-2157.1,2026/01/29 20:14:50
10549,1149.86,16071.5,-2151.88,2026/01/29 20:14:50
10550,1149.97,16088.2,-2148.62,2026/01/29 20:14:50
10551,1150.07,16110.1,-2147.63,2026/01/29 20:14:50
10552,1150.18,16141.7,-2141.34,2026/01/29 20:14:51
10553,1150.29,16181.4,-2143.54,2026/01/29 20:14:51
10554,1150.4,16104.1,-2146.54,2026/01/29 20:14:51
10555,1150.51,16032.5,-2151.12,2026/01/29 20:14:51
10556,1150.62,16034.2,-2156.16,2026/01/29 20:14:51
10557,1150.73,16071.8,-2154.3,2026/01/29 20:14:51
10558,1150.84,16078.7,-2151.68,2026/01/29 20:14:51
10559,1150.95,16099.3,-2149.04,2026/01/29 20:14:51
10560,1151.06,16127.6,-2143.56,2026/01/29 20:14:51
10561,1151.17,16145.1,-2143.59,2026/01/29 20:14:52
10562,1151.28,16183,-2143.19,2026/01/29 20:14:52
10563,1151.39,16105.3,-2145.13,2026/01/29 20:14:52
10564,1151.49,16039.4,-2150.93,2026/01/29 20:14:52
10565,1151.6,16039.8,-2153.65,2026/01/29 20:14:52
10566,1151.71,16073.8,-2156.46,2026/01/29 20:14:52
10567,1151.82,16085.3,-2150.85,2026/01/29 20:14:52
10568,1151.93,16088.6,-2146.86,2026/01/29 20:14:52
10569,1152.04,16121.1,-2146.58,2026/01/29 20:14:52
10570,1152.15,16137,-2142.13,2026/01/29 20:14:53
10571,1152.26,16180.3,-2143.9,2026/01/29 20:14:53
10572,1152.37,16094.7,-2145.11,2026/01/29 20:14:53
10573,1152.48,16014.9,-2150.8,2026/01/29 20:14:53
10574,1152.58,15999.8,-2151.99,2026/01/29 20:14:53
10575,1152.69,16038,-2157.63,2026/01/29 20:14:53
10576,1152.8,16077.1,-2153.12,2026/01/29 20:14:53
10577,1152.91,16083.3,-2150.12,2026/01/29 20:14:53
10578,1153.02,16096.5,-2145.84,2026/01/29 20:14:53
10579,1153.13,16142.1,-2147.48,2026/01/29 20:14:53
10580,1153.24,16158.7,-2137.48,2026/01/29 20:14:54
10581,1153.35,16045.9,-2149.25,2026/01/29 20:14:54
10582,1153.46,16004,-2153.66,2026/01/29 20:14:54
10583,1153.57,16027.3,-2156.42,2026/01/29 20:14:54
10584,1153.68,16073.8,-2152.66,2026/01/29 20:14:54
10585,1153.79,16084,-2149.15,2026/01/29 20:14:54
10586,1153.89,16123.7,-2145.95,2026/01/29 20:14:54
10587,1154,16146.4,-2142.97,2026/01/29 20:14:54
10588,1154.11,16180.4,-2143.89,2026/01/29 20:14:54
10589,1154.22,16102.7,-2145.23,2026/01/29 20:14:55
10590,1154.33,16018.2,-2151.87,2026/01/29 20:14:55
10591,1154.44,16014.9,-2151.46,2026/01/29 20:14:55
10592,1154.55,16067.4,-2157.14,2026/01/29 20:14:55
10593,1154.66,16085.3,-2149.49,2026/01/29 20:14:55
10594,1154.77,16116.8,-2147.07,2026/01/29 20:14:55
10595,1154.88,16147,-2143.64,2026/01/29 20:14:55
10596,1154.99,16165.6,-2143.2,2026/01/29 20:14:55
10597,1155.1,16142,-2140.18,2026/01/29 20:14:55
10598,1155.21,16047.6,-2148.77,2026/01/29 20:14:56
10599,1155.31,15996.9,-2151.79,2026/01/29 20:14:56
10600,1155.42,16027.2,-2155.82,2026/01/29 20:14:56
10601,1155.53,16073.2,-2155.17,2026/01/29 20:14:56
10602,1155.64,16085.4,-2151.04,2026/01/29 20:14:56
10603,1155.75,16118.6,-2147.25,2026/01/29 20:14:56
10604,1155.86,16147.6,-2142.62,2026/01/29 20:14:56
10605,1155.97,16185.6,-2144.28,2026/01/29 20:14:56
10606,1156.08,16074,-2145.83,2026/01/29 20:14:56
10607,1156.19,15997.6,-2151.37,2026/01/29 20:14:57
10608,1156.29,15991,-2151.32,2026/01/29 20:14:57
10609,1156.4,16056.7,-2157.75,2026/01/29 20:14:57
10610,1156.51,16077.7,-2152.79,2026/01/29 20:14:57
10611,1156.62,16089,-2148.49,2026/01/29 20:14:57
10612,1156.73,16118.7,-2147.1,2026/01/29 20:14:57
10613,1156.84,16144.5,-2142.93,2026/01/29 20:14:57
10614,1156.95,16159.3,-2143.13,2026/01/29 20:14:57
10615,1157.06,16192.8,-2142.72,2026/01/29 20:14:57
10616,1157.17,16083.1,-2147.71,2026/01/29 20:14:58
10617,1157.28,16011.1,-2150.43,2026/01/29 20:14:58
10618,1157.39,16033.9,-2157.5,2026/01/29 20:14:58
10619,1157.49,16082.1,-2149.37,2026/01/29 20:14:58
10620,1157.6,16094.3,-2149.92,2026/01/29 20:14:58
10621,1157.71,16141.4,-2142.79,2026/01/29 20:14:58
10622,1157.82,16158.1,-2142.07,2026/01/29 20:14:58
10623,1157.93,16191.2,-2139.62,2026/01/29 20:14:58
10624,1158.04,16066.9,-2150.39,2026/01/29 20:14:58
10625,1158.15,15993,-2151.98,2026/01/29 20:14:59
10626,1158.26,16005.6,-2153.03,2026/01/29 20:14:59
10627,1158.37,16062.6,-2157.75,2026/01/29 20:14:59
10628,1158.48,16082.4,-2151.44,2026/01/29 20:14:59
10629,1158.59,16112.2,-2148.12,2026/01/29 20:14:59
10630,1158.7,16146,-2144.29,2026/01/29 20:14:59
10631,1158.8,16157.1,-2142.03,2026/01/29 20:14:59
10632,1158.91,16164.3,-2141.71,2026/01/29 20:14:59
10633,1159.02,16200.7,-2142.54,2026/01/29 20:14:59
10634,1159.13,16101,-2142.76,2026/01/29 20:14:59
10635,1159.24,16033.2,-2148.98,2026/01/29 20:15:00
10636,1159.35,15993.5,-2151.1,2026/01/29 20:15:00
10637,1159.46,16002.5,-2149.84,2026/01/29 20:15:00
10638,1159.57,16042.4,-2159.41,2026/01/29 20:15:00
10639,1159.68,16084.1,-2151.4,2026/01/29 20:15:00
10640,1159.78,16086.2,-2150.49,2026/01/29 20:15:00
10641,1159.89,16125.6,-2146.36,2026/01/29 20:15:00
10642,1160,16148.3,-2142.11,2026/01/29 20:15:00
10643,1160.11,16190.3,-2144.8,2026/01/29 20:15:00
10644,1160.22,16088.3,-2147.42,2026/01/29 20:15:01
10645,1160.33,15994.4,-2152.67,2026/01/29 20:15:01
10646,1160.44,15968.6,-2149.5,2026/01/29 20:15:01
10647,1160.55,16009.6,-2156,2026/01/29 20:15:01
10648,1160.66,16073.9,-2153.57,2026/01/29 20:15:01
10649,1160.77,16078.8,-2152.2,2026/01/29 20:15:01
10650,1160.88,16095,-2145.64,2026/01/29 20:15:01
10651,1160.99,16138.6,-2146.88,2026/01/29 20:15:01
10652,1161.09,16173.4,-2135.82,2026/01/29 20:15:01
10653,1161.2,16069.5,-2149.19,2026/01/29 20:15:02
10654,1161.31,16012.9,-2150.21,2026/01/29 20:15:02
10655,1161.42,16013.9,-2153.15,2026/01/29 20:15:02
10656,1161.53,16058.1,-2157.52,2026/01/29 20:15:02
10657,1161.64,16080.6,-2150.96,2026/01/29 20:15:02
10658,1161.75,16091.2,-2148.94,2026/01/29 20:15:02
10659,1161.86,16142.4,-2144.16,2026/01/29 20:15:02
10660,1161.97,16179.2,-2143.4,2026/01/29 20:15:02
10661,1162.07,16099.3,-2148.53,2026/01/29 20:15:02
10662,1162.18,16035.1,-2150.89,2026/01/29 20:15:03
10663,1162.29,16010,-2150.66,2026/01/29 20:15:03
10664,1162.4,16017.9,-2154.18,2026/01/29 20:15:03
10665,1162.51,16073.2,-2152.63,2026/01/29 20:15:03
10666,1162.62,16090.7,-2150.81,2026/01/29 20:15:03
10667,1162.73,16135.8,-2144.63,2026/01/29 20:15:03
10668,1162.84,16160,-2143.35,2026/01/29 20:15:03
10669,1162.95,16179.2,-2139.68,2026/01/29 20:15:03
10670,1163.06,16073,-2147.63,2026/01/29 20:15:03
10671,1163.17,16023.7,-2152.23,2026/01/29 20:15:04
10672,1163.27,16078.6,-2155.2,2026/01/29 20:15:04
10673,1163.38,16088.8,-2149.62,2026/01/29 20:15:04
10674,1163.49,16107.4,-2149.41,2026/01/29 20:15:04
10675,1163.6,16146.8,-2142.53,2026/01/29 20:15:04
10676,1163.71,16162.3,-2142.49,2026/01/29 20:15:04
10677,1163.82,16194.4,-2141.15,2026/01/29 20:15:04
10678,1163.93,16075.8,-2148.97,2026/01/29 20:15:04
10679,1164.04,16004,-2151.01,2026/01/29 20:15:04
10680,1164.14,16005.7,-2153.81,2026/01/29 20:15:05
10681,1164.25,16067,-2155.12,2026/01/29 20:15:05
10682,1164.36,16085,-2153.04,2026/01/29 20:15:05
10683,1164.47,16104.9,-2144.58,2026/01/29 20:15:05
10684,1164.58,16129,-2146.44,2026/01/29 20:15:05
10685,1164.69,16168.1,-2142.98,2026/01/29 20:15:05
10686,1164.8,16122.7,-2143.99,2026/01/29 20:15:05
10687,1164.91,16036.1,-2151.28,2026/01/29 20:15:05
10688,1165.02,16005.6,-2152.63,2026/01/29 20:15:05
10689,1165.13,16048.8,-2159.32,2026/01/29 20:15:05
10690,1165.23,16084.5,-2151.71,2026/01/29 20:15:06
10691,1165.34,16092.7,-2148.52,2026/01/29 20:15:06
10692,1165.45,16129.9,-2145.71,2026/01/29 20:15:06
10693,1165.56,16148.5,-2143.38,2026/01/29 20:15:06
10694,1165.67,16189.7,-2141.31,2026/01/29 20:15:06
10695,1165.78,16089.5,-2148.12,2026/01/29 20:15:06
10696,1165.89,16048.9,-2151.12,2026/01/29 20:15:06
10697,1166,16063.8,-2156.28,2026/01/29 20:15:06
10698,1166.11,16088.1,-2154.11,2026/01/29 20:15:06
10699,1166.22,16097.1,-2149.43,2026/01/29 20:15:07
10700,1166.32,16128.1,-2146.56,2026/01/29 20:15:07
10701,1166.43,16147.3,-2142.44,2026/01/29 20:15:07
10702,1166.54,16153.1,-2143.77,2026/01/29 20:15:07
10703,1166.65,16170.8,-2139.45,2026/01/29 20:15:07
10704,1166.76,16052.4,-2147.62,2026/01/29 20:15:07
10705,1166.87,16000.8,-2151.83,2026/01/29 20:15:07
10706,1166.98,16031.6,-2154.87,2026/01/29 20:15:07
10707,1167.09,16084.5,-2154.14,2026/01/29 20:15:07
10708,1167.2,16093.7,-2149.71,2026/01/29 20:15:08
10709,1167.31,16120.8,-2147.48,2026/01/29 20:15:08
10710,1167.42,16147.2,-2143.82,2026/01/29 20:15:08
10711,1167.53,16185.2,-2143.9,2026/01/29 20:15:08
10712,1167.63,16103.2,-2147.73,2026/01/29 20:15:08
10713,1167.74,16013.6,-2152.53,2026/01/29 20:15:08
10714,1167.85,16007.9,-2151.38,2026/01/29 20:15:08
10715,1167.96,16062.8,-2159.67,2026/01/29 20:15:08
10716,1168.07,16087.7,-2150.27,2026/01/29 20:15:08
10717,1168.18,16097.1,-2147.73,2026/01/29 20:15:09
10718,1168.29,16124.9,-2146.36,2026/01/29 20:15:09
10719,1168.4,16186.2,-2144.33,2026/01/29 20:15:09
10720,1168.5,16080.3,-2149.24,2026/01/29 20:15:09
10721,1168.61,16003,-2152.22,2026/01/29 20:15:09
10722,1168.72,16015.4,-2156.62,2026/01/29 20:15:09
10723,1168.83,16077.2,-2153.87,2026/01/29 20:15:09
10724,1168.94,16086.6,-2149.53,2026/01/29 20:15:09
10725,1169.05,16099,-2148.43,2026/01/29 20:15:09
10726,1169.16,16140,-2146.14,2026/01/29 20:15:10
10727,1169.27,16189.8,-2142.81,2026/01/29 20:15:10
10728,1169.38,16080.2,-2147.82,2026/01/29 20:15:10
10729,1169.49,16001.7,-2151.54,2026/01/29 20:15:10
10730,1169.6,16005.6,-2153.96,2026/01/29 20:15:10
10731,1169.7,16062.5,-2157.13,2026/01/29 20:15:10
10732,1169.81,16082.1,-2150.33,2026/01/29 20:15:10
10733,1169.92,16094.2,-2149.08,2026/01/29 20:15:10
10734,1170.03,16142.5,-2142.33,2026/01/29 20:15:10
10735,1170.14,16165.4,-2145.48,2026/01/29 20:15:11
10736,1170.25,16126.2,-2144.11,2026/01/29 20:15:11
10737,1170.36,16033.2,-2150.44,2026/01/29 20:15:11
10738,1170.47,16005.2,-2152.82,2026/01/29 20:15:11
10739,1170.58,16054.3,-2157.45,2026/01/29 20:15:11
10740,1170.68,16078.7,-2152.88,2026/01/29 20:15:11
10741,1170.79,16093.9,-2148.57,2026/01/29 20:15:11
10742,1170.9,16138,-2145.01,2026/01/29 20:15:11
10743,1171.01,16157,-2143.43,2026/01/29 20:15:11
10744,1171.12,16190,-2143.74,2026/01/29 20:15:11
10745,1171.23,16088.2,-2146.45,2026/01/29 20:15:12
10746,1171.34,16012.2,-2151.82,2026/01/29 20:15:12
10747,1171.45,16003.8,-2149.13,2026/01/29 20:15:12
10748,1171.56,16066.4,-2157.96,2026/01/29 20:15:12
10749,1171.67,16088.6,-2149.06,2026/01/29 20:15:12
10750,1171.78,16110.8,-2148.78,2026/01/29 20:15:12
10751,1171.89,16149.9,-2143.72,2026/01/29 20:15:12
10752,1171.99,16197.3,-2144.07,2026/01/29 20:15:12
10753,1172.1,16093.5,-2147.62,2026/01/29 20:15:12
10754,1172.21,16015.5,-2149.3,2026/01/29 20:15:13
10755,1172.32,16013.1,-2154.08,2026/01/29 20:15:13
10756,1172.43,16077.2,-2158.49,2026/01/29 20:15:13
10757,1172.54,16083.6,-2150.41,2026/01/29 20:15:13
10758,1172.65,16103.5,-2148.57,2026/01/29 20:15:13
10759,1172.76,16106.2,-2145.4,2026/01/29 20:15:13
10760,1172.86,16148.8,-2145.56,2026/01/29 20:15:13
10761,1172.97,16164.2,-2139.51,2026/01/29 20:15:13
10762,1173.08,16059.4,-2150.52,2026/01/29 20:15:13
10763,1173.19,16013.5,-2151.87,2026/01/29 20:15:14
10764,1173.3,16048.6,-2157.34,2026/01/29 20:15:14
10765,1173.41,16081.1,-2151.55,2026/01/29 20:15:14
10766,1173.52,16093.1,-2149.59,2026/01/29 20:15:14
10767,1173.63,16111.9,-2144.66,2026/01/29 20:15:14
10768,1173.74,16172.1,-2146.23,2026/01/29 20:15:14
10769,1173.85,16118.3,-2142.52,2026/01/29 20:15:14
10770,1173.95,16021.6,-2152.34,2026/01/29 20:15:14
10771,1174.06,15981.8,-2150.84,2026/01/29 20:15:14
10772,1174.17,16038.5,-2157.88,2026/01/29 20:15:15
10773,1174.28,16081.6,-2150.87,2026/01/29 20:15:15
10774,1174.39,16094.2,-2147.95,2026/01/29 20:15:15
10775,1174.5,16101.7,-2148.44,2026/01/29 20:15:15
10776,1174.61,16166.6,-2142.58,2026/01/29 20:15:15
10777,1174.72,16166,-2142.38,2026/01/29 20:15:15
10778,1174.83,16064.9,-2149.49,2026/01/29 20:15:15
10779,1174.94,15983.3,-2151.14,2026/01/29 20:15:15
10780,1175.05,16017.6,-2157.42,2026/01/29 20:15:15
10781,1175.15,16077.5,-2151.02,2026/01/29 20:15:16
10782,1175.26,16084.8,-2150.86,2026/01/29 20:15:16
10783,1175.37,16095,-2146.17,2026/01/29 20:15:16
10784,1175.48,16136.5,-2147.42,2026/01/29 20:15:16
10785,1175.59,16171.1,-2139.39,2026/01/29 20:15:16
10786,1175.7,16067,-2151.96,2026/01/29 20:15:16
10787,1175.81,15997.3,-2151.99,2026/01/29 20:15:16
10788,1175.92,15999.6,-2155.06,2026/01/29 20:15:16
10789,1176.03,16065.2,-2157.49,2026/01/29 20:15:16
10790,1176.14,16074.2,-2152.99,2026/01/29 20:15:17
10791,1176.25,16089.8,-2147.56,2026/01/29 20:15:17
10792,1176.35,16096.6,-2148.98,2026/01/29 20:15:17
10793,1176.46,16178.5,-2144.2,2026/01/29 20:15:17
10794,1176.57,16085,-2147.04,2026/01/29 20:15:17
10795,1176.68,15997.2,-2152.05,2026/01/29 20:15:17
10796,1176.79,15998.7,-2153.95,2026/01/29 20:15:17
10797,1176.9,16051.5,-2159.39,2026/01/29 20:15:17
10798,1177.01,16078.3,-2150.28,2026/01/29 20:15:17
10799,1177.12,16088.5,-2151.11,2026/01/29 20:15:17
10800,1177.23,16105.5,-2144.98,2026/01/29 20:15:18
10801,1177.34,16170.4,-2145.16,2026/01/29 20:15:18
10802,1177.45,16103.8,-2146.99,2026/01/29 20:15:18
10803,1177.55,15982.6,-2152.82,2026/01/29 20:15:18
10804,1177.66,15975.6,-2151.55,2026/01/29 20:15:18
10805,1177.77,16050.5,-2158.08,2026/01/29 20:15:18
10806,1177.88,16073.6,-2151.92,2026/01/29 20:15:18
10807,1177.99,16091,-2147.47,2026/01/29 20:15:18
10808,1178.1,16100,-2145.85,2026/01/29 20:15:18
10809,1178.21,16167.1,-2142.1,2026/01/29 20:15:19
10810,1178.32,16111.6,-2145.84,2026/01/29 20:15:19
10811,1178.43,16027.6,-2151.04,2026/01/29 20:15:19
10812,1178.54,16018.9,-2155.22,2026/01/29 20:15:19
10813,1178.65,16070.2,-2160.2,2026/01/29 20:15:19
10814,1178.75,16077.4,-2151.07,2026/01/29 20:15:19
10815,1178.86,16095.4,-2147.59,2026/01/29 20:15:19
10816,1178.97,16128.5,-2143.34,2026/01/29 20:15:19
10817,1179.08,16169.2,-2142.88,2026/01/29 20:15:19
10818,1179.19,16113.4,-2145.25,2026/01/29 20:15:20
10819,1179.3,16008.8,-2152.03,2026/01/29 20:15:20
10820,1179.41,16001.2,-2154,2026/01/29 20:15:20
10821,1179.52,16055.9,-2159.78,2026/01/29 20:15:20
10822,1179.63,16073.5,-2151.75,2026/01/29 20:15:20
10823,1179.73,16091.3,-2149.51,2026/01/29 20:15:20
10824,1179.84,16122.2,-2143.51,2026/01/29 20:15:20
10825,1179.95,16163.9,-2143.74,2026/01/29 20:15:20
10826,1180.06,16142.8,-2139.55,2026/01/29 20:15:20
10827,1180.17,16051.7,-2150.73,2026/01/29 20:15:21
10828,1180.28,15999.9,-2152.14,2026/01/29 20:15:21
10829,1180.39,16009.4,-2153.66,2026/01/29 20:15:21
10830,1180.5,16066.3,-2157.65,2026/01/29 20:15:21
10831,1180.61,16084.4,-2149.23,2026/01/29 20:15:21
10832,1180.72,16104.9,-2150.44,2026/01/29 20:15:21
10833,1180.82,16137.7,-2141.05,2026/01/29 20:15:21
10834,1180.93,16143,-2143.59,2026/01/29 20:15:21
10835,1181.04,16153.9,-2139.88,2026/01/29 20:15:21
10836,1181.15,16160,-2140.34,2026/01/29 20:15:22
10837,1181.26,16185.6,-2139.51,2026/01/29 20:15:22
10838,1181.37,16199.9,-2141.33,2026/01/29 20:15:22
10839,1181.48,16119.9,-2142.66,2026/01/29 20:15:22
10840,1181.59,16071.7,-2144.49,2026/01/29 20:15:22
10841,1181.7,16029.9,-2151.26,2026/01/29 20:15:22
10842,1181.8,16022.6,-2148.84,2026/01/29 20:15:22
10843,1181.91,16014.3,-2149.22,2026/01/29 20:15:22
10844,1182.02,16022.5,-2149.48,2026/01/29 20:15:22
10845,1182.13,16035.6,-2153.84,2026/01/29 20:15:22
10846,1182.24,16075.9,-2156.35,2026/01/29 20:15:23
10847,1182.35,16090.6,-2151.78,2026/01/29 20:15:23
10848,1182.46,16082.5,-2151.84,2026/01/29 20:15:23
10849,1182.57,16103.1,-2146.51,2026/01/29 20:15:23
10850,1182.68,16101.6,-2145.47,2026/01/29 20:15:23
10851,1182.78,16132.3,-2143.4,2026/01/29 20:15:23
10852,1182.89,16148.7,-2142.03,2026/01/29 20:15:23
10853,1183,16185.3,-2141.82,2026/01/29 20:15:23
10854,1183.11,16183.8,-2138.89,2026/01/29 20:15:23
10855,1183.22,16091.5,-2144.02,2026/01/29 20:15:24
10856,1183.33,16027.5,-2149.39,2026/01/29 20:15:24
10857,1183.44,15995.5,-2152.04,2026/01/29 20:15:24
10858,1183.55,15974.5,-2148.88,2026/01/29 20:15:24
10859,1183.66,15947.8,-2150.09,2026/01/29 20:15:24
10860,1183.77,15968.3,-2148.77,2026/01/29 20:15:24
10861,1183.87,16000.7,-2155.23,2026/01/29 20:15:24
10862,1183.98,16066.4,-2157.99,2026/01/29 20:15:24
10863,1184.09,16069,-2152.4,2026/01/29 20:15:24
10864,1184.2,16085.5,-2150.69,2026/01/29 20:15:25
10865,1184.31,16095.3,-2145.33,2026/01/29 20:15:25
10866,1184.42,16093.3,-2143.51,2026/01/29 20:15:25
10867,1184.53,16127.1,-2140.02,2026/01/29 20:15:25
10868,1184.64,16158.3,-2141.24,2026/01/29 20:15:25
10869,1184.75,16201.6,-2142.51,2026/01/29 20:15:25
10870,1184.86,16116.2,-2143.72,2026/01/29 20:15:25
10871,1184.96,16064,-2149.75,2026/01/29 20:15:25
10872,1185.08,16012.1,-2148.25,2026/01/29 20:15:25
10873,1185.18,15997.3,-2151.39,2026/01/29 20:15:26
10874,1185.29,15974.7,-2149.09,2026/01/29 20:15:26
10875,1185.4,15955.1,-2148.51,2026/01/29 20:15:26
10876,1185.51,15963.7,-2147.65,2026/01/29 20:15:26
10877,1185.62,16030.3,-2157.88,2026/01/29 20:15:26
10878,1185.73,16062.8,-2154.33,2026/01/29 20:15:26
10879,1185.84,16075.6,-2152.13,2026/01/29 20:15:26
10880,1185.95,16094,-2147.76,2026/01/29 20:15:26
10881,1186.06,16137,-2142.79,2026/01/29 20:15:26
10882,1186.17,16159.1,-2140.62,2026/01/29 20:15:27
10883,1186.28,16194.1,-2142.16,2026/01/29 20:15:27
10884,1186.38,16125.9,-2146.4,2026/01/29 20:15:27
10885,1186.49,16045.4,-2149.21,2026/01/29 20:15:27
10886,1186.6,15999.4,-2149.51,2026/01/29 20:15:27
10887,1186.71,15975.7,-2150.59,2026/01/29 20:15:27
10888,1186.82,15974,-2150.84,2026/01/29 20:15:27
10889,1186.93,16009.8,-2156.51,2026/01/29 20:15:27
10890,1187.04,16057.9,-2159.01,2026/01/29 20:15:27
10891,1187.15,16075.1,-2153.66,2026/01/29 20:15:28
10892,1187.26,16077.7,-2152.55,2026/01/29 20:15:28
10893,1187.37,16126.7,-2145.31,2026/01/29 20:15:28
10894,1187.47,16143.7,-2141.54,2026/01/29 20:15:28
10895,1187.58,16161.2,-2138.61,2026/01/29 20:15:28
10896,1187.69,16163.3,-2139.14,2026/01/29 20:15:28
10897,1187.8,16166.9,-2137.8,2026/01/29 20:15:28
10898,1187.91,16182.3,-2138.42,2026/01/29 20:15:28
10899,1188.02,16207.7,-2143.32,2026/01/29 20:15:28
10900,1188.13,16138.7,-2140.09,2026/01/29 20:15:28
10901,1188.24,16073.1,-2149.73,2026/01/29 20:15:29
10902,1188.34,16036.6,-2145.83,2026/01/29 20:15:29
10903,1188.45,16019.5,-2149.94,2026/01/29 20:15:29
10904,1188.56,16017.7,-2147.56,2026/01/29 20:15:29
10905,1188.67,16019.3,-2150.23,2026/01/29 20:15:29
10906,1188.78,16034.2,-2153.32,2026/01/29 20:15:29
10907,1188.89,16076.3,-2154.05,2026/01/29 20:15:29
10908,1189,16080.2,-2152.8,2026/01/29 20:15:29
10909,1189.11,16090.8,-2148.71,2026/01/29 20:15:29
10910,1189.22,16129.8,-2144.95,2026/01/29 20:15:30
10911,1189.33,16148,-2141.33,2026/01/29 20:15:30
10912,1189.44,16154.6,-2141.47,2026/01/29 20:15:30
10913,1189.54,16160.9,-2139.62,2026/01/29 20:15:30
10914,1189.65,16170.8,-2140.01,2026/01/29 20:15:30
10915,1189.76,16192,-2139.8,2026/01/29 20:15:30
10916,1189.87,16193.5,-2137.4,2026/01/29 20:15:30
10917,1189.98,16106.1,-2142.06,2026/01/29 20:15:30
10918,1190.09,16055.8,-2146.7,2026/01/29 20:15:30
10919,1190.2,16020.4,-2148.3,2026/01/29 20:15:31
10920,1190.31,16020.8,-2149.71,2026/01/29 20:15:31
10921,1190.42,16009.7,-2147.87,2026/01/29 20:15:31
10922,1190.52,16040,-2153.62,2026/01/29 20:15:31
10923,1190.63,16081.9,-2152.17,2026/01/29 20:15:31
10924,1190.74,16085.2,-2150.72,2026/01/29 20:15:31
10925,1190.85,16100.1,-2146.86,2026/01/29 20:15:31
10926,1190.96,16103.9,-2144.73,2026/01/29 20:15:31
10927,1191.07,16109.2,-2141.5,2026/01/29 20:15:31
10928,1191.18,16138.3,-2142.29,2026/01/29 20:15:32
10929,1191.29,16188.8,-2138.01,2026/01/29 20:15:32
10930,1191.39,16134.3,-2143.13,2026/01/29 20:15:32
10931,1191.5,16064.9,-2145.61,2026/01/29 20:15:32
10932,1191.61,16008.7,-2150.12,2026/01/29 20:15:32
10933,1191.72,15999.6,-2148.51,2026/01/29 20:15:32
10934,1191.83,16031.1,-2153.23,2026/01/29 20:15:32
10935,1191.94,16072.9,-2157.16,2026/01/29 20:15:32
10936,1192.05,16078.8,-2151.12,2026/01/29 20:15:32
10937,1192.16,16093.1,-2147.72,2026/01/29 20:15:33
10938,1192.27,16101.6,-2145.09,2026/01/29 20:15:33
10939,1192.37,16129.9,-2141.09,2026/01/29 20:15:33
10940,1192.48,16147.3,-2140.36,2026/01/29 20:15:33
10941,1192.59,16189.7,-2139.34,2026/01/29 20:15:33
10942,1192.7,16117.2,-2144.64,2026/01/29 20:15:33
10943,1192.81,16042.8,-2148.1,2026/01/29 20:15:33
10944,1192.92,16001.5,-2150.94,2026/01/29 20:15:33
10945,1193.03,16026.1,-2150.19,2026/01/29 20:15:33
10946,1193.14,16048.3,-2155.36,2026/01/29 20:15:34
10947,1193.25,16082.6,-2151.66,2026/01/29 20:15:34
10948,1193.36,16082.2,-2152.26,2026/01/29 20:15:34
10949,1193.47,16109.8,-2145.54,2026/01/29 20:15:34
10950,1193.58,16141.2,-2143.22,2026/01/29 20:15:34
10951,1193.68,16149.3,-2140.11,2026/01/29 20:15:34
10952,1193.8,16162.5,-2142.13,2026/01/29 20:15:34
10953,1193.9,16189.8,-2138.6,2026/01/29 20:15:34
10954,1194.01,16096.1,-2143.45,2026/01/29 20:15:34
10955,1194.12,16014.9,-2151.24,2026/01/29 20:15:34
10956,1194.23,15989.9,-2150.27,2026/01/29 20:15:35
10957,1194.34,16033,-2155.73,2026/01/29 20:15:35
10958,1194.45,16082.2,-2153.86,2026/01/29 20:15:35
10959,1194.56,16079.9,-2149.99,2026/01/29 20:15:35
10960,1194.67,16150.1,-2140.64,2026/01/29 20:15:35
10961,1194.77,16166.1,-2136.78,2026/01/29 20:15:35
10962,1194.88,16174.5,-2134.1,2026/01/29 20:15:35
10963,1194.99,16178.4,-2136.12,2026/01/29 20:15:35
10964,1195.1,16174.8,-2137.9,2026/01/29 20:15:35
10965,1195.21,16198.5,-2138.19,2026/01/29 20:15:36
10966,1195.32,16083.4,-2147.01,2026/01/29 20:15:36
10967,1195.43,16009.4,-2150.25,2026/01/29 20:15:36
10968,1195.54,15975.4,-2150.4,2026/01/29 20:15:36
10969,1195.65,15981.6,-2151.3,2026/01/29 20:15:36
10970,1195.75,16010.6,-2155.58,2026/01/29 20:15:36
10971,1195.86,16072.6,-2154.64,2026/01/29 20:15:36
10972,1195.97,16084,-2149.27,2026/01/29 20:15:36
10973,1196.08,16142.5,-2143.18,2026/01/29 20:15:36
10974,1196.19,16167.9,-2137.33,2026/01/29 20:15:37
10975,1196.3,16174,-2136.97,2026/01/29 20:15:37
10976,1196.41,16177.5,-2135.33,2026/01/29 20:15:37
10977,1196.52,16196.1,-2141.79,2026/01/29 20:15:37
10978,1196.63,16101.1,-2143.47,2026/01/29 20:15:37
10979,1196.74,16025.5,-2146.5,2026/01/29 20:15:37
10980,1196.85,15996,-2148.73,2026/01/29 20:15:37
10981,1196.95,16012,-2148.41,2026/01/29 20:15:37
10982,1197.06,16024.5,-2155,2026/01/29 20:15:37
10983,1197.17,16072.5,-2154.75,2026/01/29 20:15:38
10984,1197.28,16082.8,-2150.85,2026/01/29 20:15:38
10985,1197.39,16119.7,-2145.98,2026/01/29 20:15:38
10986,1197.5,16155.8,-2141.66,2026/01/29 20:15:38
10987,1197.61,16171.2,-2134.21,2026/01/29 20:15:38
10988,1197.72,16179.8,-2136.22,2026/01/29 20:15:38
10989,1197.83,16177.3,-2137.21,2026/01/29 20:15:38
10990,1197.94,16201.1,-2139.5,2026/01/29 20:15:38
10991,1198.04,16129.6,-2142.73,2026/01/29 20:15:38
10992,1198.15,16055.8,-2145.33,2026/01/29 20:15:39
10993,1198.26,16000.4,-2148.25,2026/01/29 20:15:39
10994,1198.37,15994.5,-2146.07,2026/01/29 20:15:39
10995,1198.48,15992,-2150.11,2026/01/29 20:15:39
10996,1198.59,16044,-2152.5,2026/01/29 20:15:39
10997,1198.7,16087.5,-2152.26,2026/01/29 20:15:39
10998,1198.81,16101.7,-2148.97,2026/01/29 20:15:39
10999,1198.92,16164,-2141.42,2026/01/29 20:15:39
11000,1199.03,16177.7,-2137.88,2026/01/29 20:15:39
11001,1199.14,16184.6,-2135.9,2026/01/29 20:15:40
11002,1199.24,16183.5,-2141.79,2026/01/29 20:15:40
11003,1199.36,16137.6,-2142.91,2026/01/29 20:15:40
11004,1199.47,16063.6,-2146.65,2026/01/29 20:15:40
11005,1199.58,16025,-2146.28,2026/01/29 20:15:40
11006,1199.68,16013.5,-2148.74,2026/01/29 20:15:40
11007,1199.79,16028.6,-2148.54,2026/01/29 20:15:40
11008,1199.9,16067.2,-2155.56,2026/01/29 20:15:40
11009,1200.01,16094.6,-2149.08,2026/01/29 20:15:40
11010,1200.12,16118.4,-2150.08,2026/01/29 20:15:40
11011,1200.23,16163.3,-2139,2026/01/29 20:15:41
11012,1200.34,16176.7,-2136.7,2026/01/29 20:15:41
11013,1200.45,16183.5,-2136.15,2026/01/29 20:15:41
11014,1200.56,16183.4,-2137.17,2026/01/29 20:15:41
11015,1200.66,16201.3,-2139.29,2026/01/29 20:15:41
11016,1200.77,16116.9,-2141.47,2026/01/29 20:15:41
11017,1200.88,16023.6,-2144.61,2026/01/29 20:15:41
11018,1200.99,16000.9,-2146.62,2026/01/29 20:15:41
11019,1201.1,15993.1,-2148.16,2026/01/29 20:15:41
11020,1201.21,16014.4,-2148.74,2026/01/29 20:15:42
11021,1201.32,16072.9,-2154.99,2026/01/29 20:15:42
11022,1201.43,16092.8,-2149.06,2026/01/29 20:15:42
11023,1201.54,16163.4,-2141.04,2026/01/29 20:15:42
11024,1201.65,16174.6,-2137.46,2026/01/29 20:15:42
11025,1201.76,16185,-2135.1,2026/01/29 20:15:42
11026,1201.87,16184.9,-2135.64,2026/01/29 20:15:42
11027,1201.97,16185.9,-2137.78,2026/01/29 20:15:42
11028,1202.08,16187.5,-2140.1,2026/01/29 20:15:42
11029,1202.19,16130.3,-2143.2,2026/01/29 20:15:43
11030,1202.3,16040.2,-2144.79,2026/01/29 20:15:43
11031,1202.41,15988.9,-2145.78,2026/01/29 20:15:43
11032,1202.52,15989.8,-2148.01,2026/01/29 20:15:43
11033,1202.63,16022.8,-2152.81,2026/01/29 20:15:43
11034,1202.74,16080.3,-2154.08,2026/01/29 20:15:43
11035,1202.85,16091.2,-2150.23,2026/01/29 20:15:43
11036,1202.96,16156,-2140.6,2026/01/29 20:15:43
11037,1203.07,16173.4,-2135.73,2026/01/29 20:15:43
11038,1203.18,16187.2,-2135.49,2026/01/29 20:15:44
11039,1203.28,16182.6,-2135.37,2026/01/29 20:15:44
11040,1203.39,16179.4,-2139.88,2026/01/29 20:15:44
11041,1203.5,16196,-2136.67,2026/01/29 20:15:44
11042,1203.61,16086.6,-2144.72,2026/01/29 20:15:44
11043,1203.72,16026.1,-2145.61,2026/01/29 20:15:44
11044,1203.83,16009.1,-2146.47,2026/01/29 20:15:44
11045,1203.94,16036.9,-2150.85,2026/01/29 20:15:44
11046,1204.05,16083.1,-2152.67,2026/01/29 20:15:44
11047,1204.16,16095.7,-2148.9,2026/01/29 20:15:45
11048,1204.27,16147.7,-2142.43,2026/01/29 20:15:45
11049,1204.38,16171.7,-2137.4,2026/01/29 20:15:45
11050,1204.49,16179.7,-2134.32,2026/01/29 20:15:45
11051,1204.59,16183.2,-2137.64,2026/01/29 20:15:45
11052,1204.7,16173.7,-2139.95,2026/01/29 20:15:45
11053,1204.81,16135.2,-2139.6,2026/01/29 20:15:45
11054,1204.92,16031.8,-2146.83,2026/01/29 20:15:45
11055,1205.03,15986.5,-2148.05,2026/01/29 20:15:45
11056,1205.14,15995.3,-2148.24,2026/01/29 20:15:46
11057,1205.25,16028.9,-2154.68,2026/01/29 20:15:46
11058,1205.36,16076.3,-2156.48,2026/01/29 20:15:46
11059,1205.47,16082,-2153.63,2026/01/29 20:15:46
11060,1205.58,16112,-2146.88,2026/01/29 20:15:46
11061,1205.69,16163,-2140.54,2026/01/29 20:15:46
11062,1205.79,16175,-2135.13,2026/01/29 20:15:46
11063,1205.9,16182.5,-2134.8,2026/01/29 20:15:46
11064,1206.01,16176.1,-2138.66,2026/01/29 20:15:46
11065,1206.12,16201.6,-2139.09,2026/01/29 20:15:46
11066,1206.23,16069.3,-2143.39,2026/01/29 20:15:47
11067,1206.34,16004.8,-2145.73,2026/01/29 20:15:47
11068,1206.45,16005.6,-2148.56,2026/01/29 20:15:47
11069,1206.56,16045.2,-2150.99,2026/01/29 20:15:47
11070,1206.67,16069.5,-2158.39,2026/01/29 20:15:47
11071,1206.78,16090.1,-2148.41,2026/01/29 20:15:47
11072,1206.89,16133.9,-2147.28,2026/01/29 20:15:47
11073,1207,16163.2,-2136.66,2026/01/29 20:15:47
11074,1207.1,16176.7,-2136.55,2026/01/29 20:15:47
11075,1207.21,16171.3,-2139.25,2026/01/29 20:15:48
11076,1207.32,16195.6,-2137.39,2026/01/29 20:15:48
11077,1207.43,16071.5,-2145.42,2026/01/29 20:15:48
11078,1207.54,16001.9,-2148.67,2026/01/29 20:15:48
11079,1207.65,15999.3,-2148.07,2026/01/29 20:15:48
11080,1207.76,16028.6,-2154.15,2026/01/29 20:15:48
11081,1207.87,16075.9,-2153.07,2026/01/29 20:15:48
11082,1207.98,16090.6,-2148.03,2026/01/29 20:15:48
11083,1208.09,16133.6,-2143.86,2026/01/29 20:15:48
11084,1208.19,16160.4,-2138.25,2026/01/29 20:15:49
11085,1208.3,16175.3,-2138.63,2026/01/29 20:15:49
11086,1208.41,16171.2,-2141.53,2026/01/29 20:15:49
11087,1208.52,16182.4,-2133.8,2026/01/29 20:15:49
11088,1208.63,16066,-2146.49,2026/01/29 20:15:49
11089,1208.74,16010.2,-2146.65,2026/01/29 20:15:49
11090,1208.85,16006.7,-2150.45,2026/01/29 20:15:49
11091,1208.96,16043,-2153.87,2026/01/29 20:15:49
11092,1209.06,16083,-2151.37,2026/01/29 20:15:49
11093,1209.17,16087.9,-2149.11,2026/01/29 20:15:50
11094,1209.28,16149.2,-2139.82,2026/01/29 20:15:50
11095,1209.39,16165.9,-2136.84,2026/01/29 20:15:50
11096,1209.5,16182.2,-2133.46,2026/01/29 20:15:50
11097,1209.61,16172.8,-2138.12,2026/01/29 20:15:50
11098,1209.72,16197.3,-2137.94,2026/01/29 20:15:50
11099,1209.83,16094,-2144.3,2026/01/29 20:15:50
11100,1209.94,16005.3,-2146.36,2026/01/29 20:15:50
11101,1210.05,15964.7,-2150.74,2026/01/29 20:15:50
11102,1210.16,15972.2,-2147.96,2026/01/29 20:15:51
11103,1210.26,15995.4,-2153.95,2026/01/29 20:15:51
11104,1210.37,16064.3,-2153.86,2026/01/29 20:15:51
11105,1210.48,16083.3,-2147.98,2026/01/29 20:15:51
11106,1210.59,16152.4,-2140.55,2026/01/29 20:15:51
11107,1210.7,16172.2,-2137.58,2026/01/29 20:15:51
11108,1210.81,16175.4,-2135.26,2026/01/29 20:15:51
11109,1210.92,16174,-2140.03,2026/01/29 20:15:51
11110,1211.03,16150.8,-2135.35,2026/01/29 20:15:51
11111,1211.14,16044.7,-2144.27,2026/01/29 20:15:52
11112,1211.25,15987.4,-2147.76,2026/01/29 20:15:52
11113,1211.35,15997.6,-2149.12,2026/01/29 20:15:52
11114,1211.46,16039.3,-2152.76,2026/01/29 20:15:52
11115,1211.57,16079,-2150.87,2026/01/29 20:15:52
11116,1211.68,16094.6,-2149.41,2026/01/29 20:15:52
11117,1211.79,16157.6,-2140.73,2026/01/29 20:15:52
11118,1211.9,16175,-2134.51,2026/01/29 20:15:52
11119,1212.01,16177.3,-2137.34,2026/01/29 20:15:52
11120,1212.12,16174.9,-2138.83,2026/01/29 20:15:52
11121,1212.23,16130.6,-2142.03,2026/01/29 20:15:53
11122,1212.34,16028.8,-2145.31,2026/01/29 20:15:53
11123,1212.45,15985.3,-2147.81,2026/01/29 20:15:53
11124,1212.56,16015.7,-2153.35,2026/01/29 20:15:53
11125,1212.67,16066.4,-2155.99,2026/01/29 20:15:53
11126,1212.77,16083.7,-2153.78,2026/01/29 20:15:53
11127,1212.88,16093,-2147.98,2026/01/29 20:15:53
11128,1212.99,16145.2,-2141.76,2026/01/29 20:15:53
11129,1213.1,16169.4,-2135.33,2026/01/29 20:15:53
11130,1213.21,16172.3,-2137.95,2026/01/29 20:15:54
11131,1213.32,16176.7,-2134.35,2026/01/29 20:15:54
11132,1213.43,16196.1,-2141.72,2026/01/29 20:15:54
11133,1213.54,16104.3,-2140.83,2026/01/29 20:15:54
11134,1213.65,16034.3,-2144.72,2026/01/29 20:15:54
11135,1213.76,16035.7,-2146.8,2026/01/29 20:15:54
11136,1213.86,16084.2,-2154.65,2026/01/29 20:15:54
11137,1213.97,16092.2,-2151.25,2026/01/29 20:15:54
11138,1214.08,16105.1,-2149.18,2026/01/29 20:15:54
11139,1214.19,16156.8,-2138.74,2026/01/29 20:15:55
11140,1214.3,16174.3,-2136.19,2026/01/29 20:15:55
11141,1214.41,16175.9,-2135.78,2026/01/29 20:15:55
11142,1214.52,16182.4,-2139.9,2026/01/29 20:15:55
11143,1214.63,16140.8,-2138.02,2026/01/29 20:15:55
11144,1214.74,16050.6,-2144.6,2026/01/29 20:15:55
11145,1214.84,16012.5,-2145.5,2026/01/29 20:15:55
11146,1214.95,16022.9,-2150.06,2026/01/29 20:15:55
11147,1215.06,16086.6,-2149.7,2026/01/29 20:15:55
11148,1215.17,16084.2,-2150.74,2026/01/29 20:15:56
11149,1215.28,16122.5,-2143.82,2026/01/29 20:15:56
11150,1215.39,16158.4,-2139.53,2026/01/29 20:15:56
11151,1215.5,16172.9,-2136.25,2026/01/29 20:15:56
11152,1215.61,16178.9,-2135.17,2026/01/29 20:15:56
11153,1215.72,16174.7,-2139.72,2026/01/29 20:15:56
11154,1215.82,16142.4,-2136.27,2026/01/29 20:15:56
11155,1215.93,16042.3,-2143.58,2026/01/29 20:15:56
11156,1216.04,16009.6,-2147.9,2026/01/29 20:15:56
11157,1216.15,16026.7,-2148.83,2026/01/29 20:15:57
11158,1216.26,16057.5,-2153.06,2026/01/29 20:15:57
11159,1216.37,16087.8,-2151.69,2026/01/29 20:15:57
11160,1216.48,16093.9,-2147.72,2026/01/29 20:15:57
11161,1216.59,16150,-2140.38,2026/01/29 20:15:57
11162,1216.7,16159.9,-2137.94,2026/01/29 20:15:57
11163,1216.8,16175.6,-2132.7,2026/01/29 20:15:57
11164,1216.91,16171.5,-2140.48,2026/01/29 20:15:57
11165,1217.02,16179.2,-2135.78,2026/01/29 20:15:57
11166,1217.13,16059.3,-2148.03,2026/01/29 20:15:57
11167,1217.24,15997.3,-2146.64,2026/01/29 20:15:58
11168,1217.35,15998.7,-2147.61,2026/01/29 20:15:58
11169,1217.46,16022.7,-2153.36,2026/01/29 20:15:58
11170,1217.57,16074.8,-2154.74,2026/01/29 20:15:58
11171,1217.68,16081.4,-2149.68,2026/01/29 20:15:58
11172,1217.78,16108.9,-2146.32,2026/01/29 20:15:58
11173,1217.89,16148.7,-2138.61,2026/01/29 20:15:58
11174,1218,16171.5,-2136.96,2026/01/29 20:15:58
11175,1218.11,16169.5,-2137.43,2026/01/29 20:15:58
11176,1218.22,16191.6,-2138.91,2026/01/29 20:15:59
11177,1218.33,16070.4,-2144.25,2026/01/29 20:15:59
11178,1218.44,15989.2,-2147.63,2026/01/29 20:15:59
11179,1218.55,16008.2,-2150.65,2026/01/29 20:15:59
11180,1218.66,16064,-2155.28,2026/01/29 20:15:59
11181,1218.77,16082.2,-2150.37,2026/01/29 20:15:59
11182,1218.88,16097.1,-2149.31,2026/01/29 20:15:59
11183,1218.98,16148.2,-2137.89,2026/01/29 20:15:59
11184,1219.09,16162.2,-2138.3,2026/01/29 20:15:59
11185,1219.2,16170.1,-2133.87,2026/01/29 20:16:00
11186,1219.31,16172.8,-2134.33,2026/01/29 20:16:00
11187,1219.42,16171,-2137.19,2026/01/29 20:16:00
11188,1219.53,16193.4,-2135.97,2026/01/29 20:16:00
11189,1219.64,16098.2,-2142.79,2026/01/29 20:16:00
11190,1219.75,16040.3,-2145.88,2026/01/29 20:16:00
11191,1219.86,16019,-2146.36,2026/01/29 20:16:00
11192,1219.96,16033.8,-2149.35,2026/01/29 20:16:00
11193,1220.07,16042.9,-2150.17,2026/01/29 20:16:00
11194,1220.18,16095.5,-2148.9,2026/01/29 20:16:01
11195,1220.29,16093.5,-2146.62,2026/01/29 20:16:01
11196,1220.4,16146.2,-2140.42,2026/01/29 20:16:01
11197,1220.51,16166.4,-2136.5,2026/01/29 20:16:01
11198,1220.62,16167.9,-2138.59,2026/01/29 20:16:01
11199,1220.73,16191.8,-2139,2026/01/29 20:16:01
11200,1220.84,16092.5,-2142.91,2026/01/29 20:16:01
11201,1220.95,16028.1,-2142.46,2026/01/29 20:16:01
11202,1221.05,16014.7,-2149.73,2026/01/29 20:16:01
11203,1221.16,16067.5,-2151.93,2026/01/29 20:16:02
11204,1221.27,16088.4,-2148.81,2026/01/29 20:16:02
11205,1221.38,16134.7,-2142.37,2026/01/29 20:16:02
11206,1221.49,16162.5,-2138.2,2026/01/29 20:16:02
11207,1221.6,16168.7,-2137.21,2026/01/29 20:16:02
11208,1221.71,16177.4,-2136.71,2026/01/29 20:16:02
11209,1221.82,16174.3,-2139.18,2026/01/29 20:16:02
11210,1221.93,16115.4,-2139.23,2026/01/29 20:16:02
11211,1222.04,16028.7,-2145.13,2026/01/29 20:16:02
11212,1222.15,16019.7,-2148.26,2026/01/29 20:16:03
11213,1222.25,16079.9,-2151.6,2026/01/29 20:16:03
11214,1222.36,16094.1,-2147.46,2026/01/29 20:16:03
11215,1222.47,16142.6,-2140.38,2026/01/29 20:16:03
11216,1222.58,16157.8,-2138.7,2026/01/29 20:16:03
11217,1222.69,16163,-2135.55,2026/01/29 20:16:03
11218,1222.8,16170.4,-2135.45,2026/01/29 20:16:03
11219,1222.91,16172.1,-2135.08,2026/01/29 20:16:03
11220,1223.02,16171.3,-2136.61,2026/01/29 20:16:03
11221,1223.13,16054.7,-2146.81,2026/01/29 20:16:03
11222,1223.24,15996.9,-2147.62,2026/01/29 20:16:04
11223,1223.35,16016.8,-2150.31,2026/01/29 20:16:04
11224,1223.45,16056.9,-2153.17,2026/01/29 20:16:04
11225,1223.56,16087.6,-2151.26,2026/01/29 20:16:04
11226,1223.67,16106.8,-2144.59,2026/01/29 20:16:04
11227,1223.78,16151.8,-2139.83,2026/01/29 20:16:04
11228,1223.89,16167.8,-2134.66,2026/01/29 20:16:04
11229,1224,16171.5,-2137.51,2026/01/29 20:16:04
11230,1224.11,16190.2,-2138.42,2026/01/29 20:16:04
11231,1224.22,16074.8,-2144.96,2026/01/29 20:16:05
11232,1224.33,15985.7,-2147.25,2026/01/29 20:16:05
11233,1224.44,15963.9,-2146.85,2026/01/29 20:16:05
11234,1224.54,16015.8,-2153.51,2026/01/29 20:16:05
11235,1224.65,16088.9,-2146.72,2026/01/29 20:16:05
11236,1224.76,16095.2,-2146.17,2026/01/29 20:16:05
11237,1224.87,16156.2,-2138.9,2026/01/29 20:16:05
11238,1224.98,16171.3,-2135.35,2026/01/29 20:16:05
11239,1225.09,16176,-2133.09,2026/01/29 20:16:05
11240,1225.2,16172.8,-2134.48,2026/01/29 20:16:06
11241,1225.31,16181.1,-2132.78,2026/01/29 20:16:06
11242,1225.42,16174.6,-2133.75,2026/01/29 20:16:06
11243,1225.53,16182.2,-2133.83,2026/01/29 20:16:06
11244,1225.63,16177,-2133.51,2026/01/29 20:16:06
11245,1225.75,16183,-2134.42,2026/01/29 20:16:06
11246,1225.85,16178.8,-2133.89,2026/01/29 20:16:06
11247,1225.96,16182.4,-2134.48,2026/01/29 20:16:06
11248,1226.07,16181.2,-2133.93,2026/01/29 20:16:06
11249,1226.18,16182.9,-2134.17,2026/01/29 20:16:07
11250,1226.29,16184.7,-2132.97,2026/01/29 20:16:07
11251,1226.4,16181.6,-2134.79,2026/01/29 20:16:07
11252,1226.51,16187.2,-2134.38,2026/01/29 20:16:07
11253,1226.62,16182.7,-2133.34,2026/01/29 20:16:07
11254,1226.72,16187.4,-2135.67,2026/01/29 20:16:07
11255,1226.83,16184.4,-2133.69,2026/01/29 20:16:07
11256,1226.94,16186.9,-2135.28,2026/01/29 20:16:07
11257,1227.05,16186.4,-2134.51,2026/01/29 20:16:07
11258,1227.16,16186.4,-2135.2,2026/01/29 20:16:08
11259,1227.27,16187.5,-2134.3,2026/01/29 20:16:08
11260,1227.38,16187.2,-2135.09,2026/01/29 20:16:08
11261,1227.49,16189.7,-2133.32,2026/01/29 20:16:08
11262,1227.6,16187.9,-2135.32,2026/01/29 20:16:08
11263,1227.71,16190.3,-2134.64,2026/01/29 20:16:08
11264,1227.82,16188.9,-2134.64,2026/01/29 20:16:08
11265,1227.93,16189.9,-2134.36,2026/01/29 20:16:08
11266,1228.03,16190.2,-2136.12,2026/01/29 20:16:08
11267,1228.14,16191.1,-2133.52,2026/01/29 20:16:09
11268,1228.25,16191.2,-2136,2026/01/29 20:16:09
11269,1228.36,16191.5,-2133.98,2026/01/29 20:16:09
11270,1228.47,16192.2,-2135.21,2026/01/29 20:16:09
11271,1228.58,16190.4,-2134.58,2026/01/29 20:16:09
11272,1228.69,16193.5,-2135.67,2026/01/29 20:16:09
11273,1228.8,16190.5,-2135.86,2026/01/29 20:16:09
11274,1228.91,16194.9,-2133.72,2026/01/29 20:16:09
11275,1229.02,16189.9,-2137.61,2026/01/29 20:16:09
11276,1229.12,16196,-2133.21,2026/01/29 20:16:09
11277,1229.23,16191.1,-2135.84,2026/01/29 20:16:10
11278,1229.34,16194.3,-2135.04,2026/01/29 20:16:10
11279,1229.45,16193.6,-2135.34,2026/01/29 20:16:10
11280,1229.56,16192.4,-2136.48,2026/01/29 20:16:10
11281,1229.67,16195.4,-2134.52,2026/01/29 20:16:10
11282,1229.78,16191.2,-2136.05,2026/01/29 20:16:10
11283,1229.89,16196.9,-2135.88,2026/01/29 20:16:10
11284,1229.99,16192.9,-2133.9,2026/01/29 20:16:10
11285,1230.1,16196,-2136.2,2026/01/29 20:16:10
11286,1230.21,16194.3,-2135.47,2026/01/29 20:16:11
11287,1230.32,16195.2,-2135.31,2026/01/29 20:16:11
11288,1230.43,16195.9,-2136.19,2026/01/29 20:16:11
11289,1230.54,16195,-2135.73,2026/01/29 20:16:11
11290,1230.65,16197.5,-2135.76,2026/01/29 20:16:11
11291,1230.76,16194.9,-2135.36,2026/01/29 20:16:11
11292,1230.87,16198.4,-2134.83,2026/01/29 20:16:11
11293,1230.97,16194.8,-2137.33,2026/01/29 20:16:11
11294,1231.08,16200.6,-2133.66,2026/01/29 20:16:11
11295,1231.19,16194.2,-2137.32,2026/01/29 20:16:12
11296,1231.3,16200.4,-2135.73,2026/01/29 20:16:12
11297,1231.41,16195.7,-2135.5,2026/01/29 20:16:12
11298,1231.52,16198.9,-2136.08,2026/01/29 20:16:12
11299,1231.63,16198,-2135.29,2026/01/29 20:16:12
11300,1231.74,16198.5,-2136.52,2026/01/29 20:16:12
11301,1231.85,16199.8,-2135.64,2026/01/29 20:16:12
11302,1231.96,16198.3,-2136.24,2026/01/29 20:16:12
11303,1232.06,16199.5,-2136,2026/01/29 20:16:12
11304,1232.17,16199.5,-2137.91,2026/01/29 20:16:13
11305,1232.28,16200.8,-2133.24,2026/01/29 20:16:13
11306,1232.39,16198.1,-2138.55,2026/01/29 20:16:13
11307,1232.5,16201.8,-2134.59,2026/01/29 20:16:13
11308,1232.61,16199.5,-2136.46,2026/01/29 20:16:13
11309,1232.72,16201.6,-2135.87,2026/01/29 20:16:13
11310,1232.83,16200.6,-2135.16,2026/01/29 20:16:13
11311,1232.94,16199.5,-2136.68,2026/01/29 20:16:13
11312,1233.05,16203.5,-2136.17,2026/01/29 20:16:13
11313,1233.15,16200.7,-2135.44,2026/01/29 20:16:14
11314,1233.26,16202.2,-2135.68,2026/01/29 20:16:14
11315,1233.37,16201.5,-2137.27,2026/01/29 20:16:14
11316,1233.48,16203,-2133.76,2026/01/29 20:16:14
11317,1233.59,16202.1,-2136.88,2026/01/29 20:16:14
11318,1233.7,16203.7,-2134.7,2026/01/29 20:16:14
11319,1233.81,16202.9,-2136.76,2026/01/29 20:16:14
11320,1233.92,16201.9,-2136.72,2026/01/29 20:16:14
11321,1234.03,16204.8,-2134.46,2026/01/29 20:16:14
11322,1234.13,16201.1,-2136.43,2026/01/29 20:16:14
11323,1234.24,16205,-2136.92,2026/01/29 20:16:15
11324,1234.35,16204.2,-2135.55,2026/01/29 20:16:15
11325,1234.46,16204.9,-2135.36,2026/01/29 20:16:15
11326,1234.57,16205.2,-2136.94,2026/01/29 20:16:15
11327,1234.68,16203.7,-2135.38,2026/01/29 20:16:15
11328,1234.79,16205.8,-2137.03,2026/01/29 20:16:15
11329,1234.9,16203.5,-2136.04,2026/01/29 20:16:15
11330,1235,16207.4,-2134.82,2026/01/29 20:16:15
11331,1235.11,16202.5,-2137.04,2026/01/29 20:16:15
11332,1235.22,16209.3,-2136.14,2026/01/29 20:16:16
11333,1235.33,16203.5,-2134.53,2026/01/29 20:16:16
11334,1235.44,16207.1,-2136.81,2026/01/29 20:16:16
11335,1235.55,16205.8,-2136.25,2026/01/29 20:16:16
11336,1235.66,16206.6,-2135.66,2026/01/29 20:16:16
11337,1235.77,16207.7,-2137.43,2026/01/29 20:16:16
11338,1235.88,16206.7,-2135.71,2026/01/29 20:16:16
11339,1235.98,16208.8,-2136.86,2026/01/29 20:16:16
11340,1236.09,16206.6,-2135.87,2026/01/29 20:16:16
11341,1236.2,16209,-2135.66,2026/01/29 20:16:17
11342,1236.31,16206.6,-2136.96,2026/01/29 20:16:17
11343,1236.42,16210.3,-2135.87,2026/01/29 20:16:17
11344,1236.53,16206.7,-2136.74,2026/01/29 20:16:17
11345,1236.64,16209.8,-2136.86,2026/01/29 20:16:17
11346,1236.75,16209.2,-2136.37,2026/01/29 20:16:17
11347,1236.86,16209.3,-2135.34,2026/01/29 20:16:17
11348,1236.97,16210.2,-2136.77,2026/01/29 20:16:17
11349,1237.08,16209.8,-2135.4,2026/01/29 20:16:17
11350,1237.18,16210.6,-2136.28,2026/01/29 20:16:18
11351,1237.29,16209.6,-2135.64,2026/01/29 20:16:18
11352,1237.4,16212.4,-2135.93,2026/01/29 20:16:18
11353,1237.51,16207.4,-2136.97,2026/01/29 20:16:18
11354,1237.62,16213.9,-2136.14,2026/01/29 20:16:18
11355,1237.73,16208.9,-2135.85,2026/01/29 20:16:18
11356,1237.84,16213,-2137.76,2026/01/29 20:16:18
11357,1237.95,16211.7,-2136.03,2026/01/29 20:16:18
11358,1238.06,16212.1,-2135.74,2026/01/29 20:16:18
11359,1238.17,16212.7,-2136.98,2026/01/29 20:16:19
11360,1238.27,16212.5,-2135.54,2026/01/29 20:16:19
11361,1238.38,16213.8,-2135.84,2026/01/29 20:16:19
11362,1238.49,16212.1,-2135.42,2026/01/29 20:16:19
11363,1238.6,16215.3,-2136.6,2026/01/29 20:16:19
11364,1238.71,16211.9,-2136.61,2026/01/29 20:16:19
11365,1238.82,16217.2,-2135.24,2026/01/29 20:16:19
11366,1238.93,16210.7,-2136.14,2026/01/29 20:16:19
11367,1239.04,16216.6,-2137.53,2026/01/29 20:16:19
11368,1239.15,16213.7,-2134.97,2026/01/29 20:16:20
11369,1239.26,16216,-2136.28,2026/01/29 20:16:20
11370,1239.36,16215.1,-2136.47,2026/01/29 20:16:20
11371,1239.47,16213.7,-2136.57,2026/01/29 20:16:20
11372,1239.58,16217,-2136.41,2026/01/29 20:16:20
11373,1239.69,16213.7,-2135.56,2026/01/29 20:16:20
11374,1239.8,16217.7,-2135.74,2026/01/29 20:16:20
11375,1239.91,16213.1,-2137.57,2026/01/29 20:16:20
11376,1240.02,16220.1,-2134.59,2026/01/29 20:16:20
11377,1240.13,16213.2,-2137.83,2026/01/29 20:16:20
11378,1240.24,16220,-2136.45,2026/01/29 20:16:21
11379,1240.35,16215,-2137.02,2026/01/29 20:16:21
11380,1240.46,16218.8,-2137.39,2026/01/29 20:16:21
11381,1240.57,16216.5,-2135.58,2026/01/29 20:16:21
11382,1240.68,16218,-2136.75,2026/01/29 20:16:21
11383,1240.78,16218.1,-2137.28,2026/01/29 20:16:21
11384,1240.89,16217.6,-2135.19,2026/01/29 20:16:21
11385,1241,16218.9,-2137.04,2026/01/29 20:16:21
11386,1241.11,16217.9,-2135.63,2026/01/29 20:16:21
11387,1241.22,16220.2,-2136.65,2026/01/29 20:16:22
11388,1241.33,16217.2,-2137.38,2026/01/29 20:16:22
11389,1241.44,16220.8,-2136.14,2026/01/29 20:16:22
11390,1241.55,16215.9,-2137.52,2026/01/29 20:16:22
11391,1241.66,16221.8,-2136.08,2026/01/29 20:16:22
11392,1241.77,16217.1,-2136.46,2026/01/29 20:16:22
11393,1241.88,16221.3,-2138.21,2026/01/29 20:16:22
11394,1241.98,16219.2,-2136.1,2026/01/29 20:16:22
11395,1242.09,16219.6,-2136.54,2026/01/29 20:16:22
11396,1242.2,16219.5,-2138.16,2026/01/29 20:16:23
11397,1242.31,16219.9,-2135.78,2026/01/29 20:16:23
11398,1242.42,16221.1,-2136.73,2026/01/29 20:16:23
11399,1242.53,16220,-2136.97,2026/01/29 20:16:23
11400,1242.64,16221,-2137.55,2026/01/29 20:16:23
11401,1242.75,16219.2,-2137.16,2026/01/29 20:16:23
11402,1242.86,16222.5,-2136.47,2026/01/29 20:16:23
11403,1242.97,16217.4,-2138.28,2026/01/29 20:16:23
11404,1243.08,16224.3,-2137.06,2026/01/29 20:16:23
11405,1243.18,16218.3,-2135.94,2026/01/29 20:16:24
11406,1243.29,16222.9,-2138.56,2026/01/29 20:16:24
11407,1243.4,16220.6,-2136.76,2026/01/29 20:16:24
11408,1243.51,16220.8,-2137.1,2026/01/29 20:16:24
11409,1243.62,16221.8,-2137.49,2026/01/29 20:16:24
11410,1243.73,16220.5,-2136.58,2026/01/29 20:16:24
11411,1243.84,16223.4,-2137.31,2026/01/29 20:16:24
11412,1243.95,16221.7,-2136.87,2026/01/29 20:16:24
11413,1244.06,16223.3,-2138.01,2026/01/29 20:16:24
11414,1244.17,16221.2,-2138.11,2026/01/29 20:16:25
11415,1244.28,16226,-2135.83,2026/01/29 20:16:25
11416,1244.39,16219.8,-2138.74,2026/01/29 20:16:25
11417,1244.49,16227.3,-2136.55,2026/01/29 20:16:25
11418,1244.6,16220.5,-2136.6,2026/01/29 20:16:25
11419,1244.71,16225.6,-2138.15,2026/01/29 20:16:25
11420,1244.82,16222.3,-2136.32,2026/01/29 20:16:25
11421,1244.93,16224.1,-2137.7,2026/01/29 20:16:25
11422,1245.04,16224.4,-2137.08,2026/01/29 20:16:25
11423,1245.15,16224,-2136.95,2026/01/29 20:16:26
11424,1245.26,16226.4,-2137.26,2026/01/29 20:16:26
11425,1245.37,16223.2,-2136.75,2026/01/29 20:16:26
11426,1245.48,16226,-2136.69,2026/01/29 20:16:26
11427,1245.58,16222.8,-2138.94,2026/01/29 20:16:26
11428,1245.69,16227.8,-2134.95,2026/01/29 20:16:26
11429,1245.8,16221.4,-2139.25,2026/01/29 20:16:26
11430,1245.91,16227.8,-2137.18,2026/01/29 20:16:26
11431,1246.02,16222.9,-2137.21,2026/01/29 20:16:26
11432,1246.13,16226,-2138.23,2026/01/29 20:16:26
11433,1246.24,16225.1,-2136.9,2026/01/29 20:16:27
11434,1246.35,16225.1,-2137.88,2026/01/29 20:16:27
11435,1246.46,16227.6,-2136.38,2026/01/29 20:16:27
11436,1246.57,16225.6,-2137.06,2026/01/29 20:16:27
11437,1246.67,16227.1,-2136.8,2026/01/29 20:16:27
11438,1246.78,16225.9,-2137.98,2026/01/29 20:16:27
11439,1246.89,16227.9,-2135.09,2026/01/29 20:16:27
11440,1247,16224.9,-2140.12,2026/01/29 20:16:27
11441,1247.11,16229,-2135.59,2026/01/29 20:16:27
11442,1247.22,16224,-2138.34,2026/01/29 20:16:28
11443,1247.33,16229.1,-2137.27,2026/01/29 20:16:28
11444,1247.44,16226.1,-2137.53,2026/01/29 20:16:28
11445,1247.55,16227.8,-2137.84,2026/01/29 20:16:28
11446,1247.66,16227.1,-2136.7,2026/01/29 20:16:28
11447,1247.77,16225.5,-2139.71,2026/01/29 20:16:28
11448,1247.87,16228.5,-2137.22,2026/01/29 20:16:28
11449,1247.98,16226.3,-2137.86,2026/01/29 20:16:28
11450,1248.09,16227.4,-2137.79,2026/01/29 20:16:28
11451,1248.2,16227.7,-2138.92,2026/01/29 20:16:29
11452,1248.31,16228.6,-2135.37,2026/01/29 20:16:29
11453,1248.42,16226.5,-2140.32,2026/01/29 20:16:29
11454,1248.53,16229.2,-2136.47,2026/01/29 20:16:29
11455,1248.64,16227.7,-2138.64,2026/01/29 20:16:29
11456,1248.75,16228.6,-2137.74,2026/01/29 20:16:29
11457,1248.86,16228.5,-2137.94,2026/01/29 20:16:29
11458,1248.96,16227.2,-2139.12,2026/01/29 20:16:29
11459,1249.07,16230.7,-2136.77,2026/01/29 20:16:29
11460,1249.18,16225.8,-2137.97,2026/01/29 20:16:30
11461,1249.29,16231.2,-2137.83,2026/01/29 20:16:30
11462,1249.4,16227.5,-2136.12,2026/01/29 20:16:30
11463,1249.51,16229.5,-2138.02,2026/01/29 20:16:30
11464,1249.62,16229.4,-2137.53,2026/01/29 20:16:30
11465,1249.73,16230.1,-2136.33,2026/01/29 20:16:30
11466,1249.84,16229.7,-2138.26,2026/01/29 20:16:30
11467,1249.95,16229.9,-2136.3,2026/01/29 20:16:30
11468,1250.06,16230.4,-2137.63,2026/01/29 20:16:30
11469,1250.16,16229.1,-2136.61,2026/01/29 20:16:31
11470,1250.27,16231.3,-2137.76,2026/01/29 20:16:31
11471,1250.38,16228.3,-2138.87,2026/01/29 20:16:31
11472,1250.49,16233.1,-2136.3,2026/01/29 20:16:31
11473,1250.6,16226.2,-2138.96,2026/01/29 20:16:31
11474,1250.71,16233.1,-2137.99,2026/01/29 20:16:31
11475,1250.82,16228.4,-2136.93,2026/01/29 20:16:31
11476,1250.93,16230.9,-2138.45,2026/01/29 20:16:31
11477,1251.04,16229.7,-2136.64,2026/01/29 20:16:31
11478,1251.14,16230.5,-2137.63,2026/01/29 20:16:32
11479,1251.25,16231.7,-2137.24,2026/01/29 20:16:32
11480,1251.36,16229.3,-2138.62,2026/01/29 20:16:32
11481,1251.47,16231.4,-2137.86,2026/01/29 20:16:32
11482,1251.58,16230,-2138.28,2026/01/29 20:16:32
11483,1251.69,16231,-2136.27,2026/01/29 20:16:32
11484,1251.8,16230.2,-2140.15,2026/01/29 20:16:32
11485,1251.91,16232.1,-2135.22,2026/01/29 20:16:32
11486,1252.02,16230.2,-2139.35,2026/01/29 20:16:32
11487,1252.13,16230.9,-2138.36,2026/01/29 20:16:32
11488,1252.23,16231.3,-2138.7,2026/01/29 20:16:33
11489,1252.34,16230.8,-2137.46,2026/01/29 20:16:33
11490,1252.45,16232.3,-2137.46,2026/01/29 20:16:33
11491,1252.56,16228.9,-2138.78,2026/01/29 20:16:33
11492,1252.67,16234.5,-2137.03,2026/01/29 20:16:33
11493,1252.78,16227.7,-2137.92,2026/01/29 20:16:33
11494,1252.89,16234.4,-2138.3,2026/01/29 20:16:33
11495,1253,16228.9,-2136.48,2026/01/29 20:16:33
11496,1253.11,16232.3,-2139.06,2026/01/29 20:16:33
11497,1253.22,16230.5,-2136.86,2026/01/29 20:16:34
11498,1253.33,16230.8,-2137.72,2026/01/29 20:16:34
11499,1253.43,16231.5,-2138.23,2026/01/29 20:16:34
11500,1253.54,16230.4,-2137.44,2026/01/29 20:16:34
11501,1253.65,16233.2,-2137.08,2026/01/29 20:16:34
11502,1253.76,16230.6,-2137.8,2026/01/29 20:16:34
11503,1253.87,16232.3,-2137.11,2026/01/29 20:16:34
11504,1253.98,16231,-2138.74,2026/01/29 20:16:34
11505,1254.09,16232.9,-2135.21,2026/01/29 20:16:34
11506,1254.2,16230.2,-2140.32,2026/01/29 20:16:35
11507,1254.31,16233.8,-2135.57,2026/01/29 20:16:35
11508,1254.42,16231.1,-2138.47,2026/01/29 20:16:35
11509,1254.52,16233,-2136.9,2026/01/29 20:16:35
11510,1254.63,16231.6,-2137.4,2026/01/29 20:16:35
11511,1254.74,16232.6,-2137.41,2026/01/29 20:16:35
11512,1254.85,16233.6,-2136.87,2026/01/29 20:16:35
11513,1254.96,16230.4,-2139.05,2026/01/29 20:16:35
11514,1255.07,16234.4,-2137.23,2026/01/29 20:16:35
11515,1255.18,16228.9,-2137.95,2026/01/29 20:16:36
11516,1255.29,16235.2,-2139.26,2026/01/29 20:16:36
11517,1255.4,16230,-2137.14,2026/01/29 20:16:36
11518,1255.51,16234.3,-2138.81,2026/01/29 20:16:36
11519,1255.62,16231.6,-2137,2026/01/29 20:16:36
11520,1255.72,16237.5,-2137.78,2026/01/29 20:16:36
11521,1255.83,16236.5,-2138.99,2026/01/29 20:16:36
11522,1255.94,16227.8,-2139.03,2026/01/29 20:16:36
11523,1256.05,16178.6,-2136.43,2026/01/29 20:16:36
11524,1256.16,16101.8,-2142.25,2026/01/29 20:16:37
11525,1256.27,16062,-2141.46,2026/01/29 20:16:37
11526,1256.38,16032.8,-2142.61,2026/01/29 20:16:37
11527,1256.49,16064.4,-2145.28,2026/01/29 20:16:37
11528,1256.6,16140.8,-2151.3,2026/01/29 20:16:37
11529,1256.71,16147.9,-2143.48,2026/01/29 20:16:37
11530,1256.82,16200.3,-2139.6,2026/01/29 20:16:37
11531,1256.92,16217.2,-2132.67,2026/01/29 20:16:37
11532,1257.03,16216.7,-2138.36,2026/01/29 20:16:37
11533,1257.14,16218.7,-2134.15,2026/01/29 20:16:38
11534,1257.25,16134.3,-2146.84,2026/01/29 20:16:38
11535,1257.36,16074.8,-2145.88,2026/01/29 20:16:38
11536,1257.47,16048.8,-2144.31,2026/01/29 20:16:38
11537,1257.58,16059.1,-2149.97,2026/01/29 20:16:38
11538,1257.69,16140,-2146.46,2026/01/29 20:16:38
11539,1257.8,16147.7,-2146.51,2026/01/29 20:16:38
11540,1257.91,16211,-2135.03,2026/01/29 20:16:38
11541,1258.01,16217.6,-2134.97,2026/01/29 20:16:38
11542,1258.12,16215.9,-2137.45,2026/01/29 20:16:38
11543,1258.23,16222.9,-2137.36,2026/01/29 20:16:39
11544,1258.34,16139.9,-2142.95,2026/01/29 20:16:39
11545,1258.45,16083.5,-2144.11,2026/01/29 20:16:39
11546,1258.56,16062.1,-2145.67,2026/01/29 20:16:39
11547,1258.67,16066,-2144.61,2026/01/29 20:16:39
11548,1258.78,16079.7,-2151.22,2026/01/29 20:16:39
11549,1258.89,16138.5,-2146.16,2026/01/29 20:16:39
11550,1259,16178.7,-2142.59,2026/01/29 20:16:39
11551,1259.11,16218.5,-2135.88,2026/01/29 20:16:39
11552,1259.22,16219.6,-2135.24,2026/01/29 20:16:40
11553,1259.33,16238.6,-2140.99,2026/01/29 20:16:40
11554,1259.44,16142,-2135.62,2026/01/29 20:16:40
11555,1259.54,16067.8,-2144.69,2026/01/29 20:16:40
11556,1259.65,16030.3,-2145.18,2026/01/29 20:16:40
11557,1259.76,16052.2,-2148.86,2026/01/29 20:16:40
11558,1259.87,16126.1,-2149.68,2026/01/29 20:16:40
11559,1259.98,16139.1,-2146.71,2026/01/29 20:16:40
11560,1260.09,16200.8,-2137.61,2026/01/29 20:16:40
11561,1260.2,16215.8,-2135.16,2026/01/29 20:16:41
11562,1260.31,16214.5,-2139.62,2026/01/29 20:16:41
11563,1260.42,16198.8,-2137.55,2026/01/29 20:16:41
11564,1260.53,16111.4,-2146,2026/01/29 20:16:41
11565,1260.64,16057.8,-2143.62,2026/01/29 20:16:41
11566,1260.74,16095.4,-2152.18,2026/01/29 20:16:41
11567,1260.85,16133,-2145.83,2026/01/29 20:16:41
11568,1260.96,16180.3,-2142.54,2026/01/29 20:16:41
11569,1261.07,16208.4,-2136.4,2026/01/29 20:16:41
11570,1261.18,16218.8,-2136.81,2026/01/29 20:16:42
11571,1261.29,16218.7,-2139.23,2026/01/29 20:16:42
11572,1261.4,16180.9,-2136.12,2026/01/29 20:16:42
11573,1261.51,16089.5,-2141.45,2026/01/29 20:16:42
11574,1261.62,16046.5,-2144.46,2026/01/29 20:16:42
11575,1261.73,16086.7,-2150.26,2026/01/29 20:16:42
11576,1261.84,16135.3,-2147.14,2026/01/29 20:16:42
11577,1261.95,16152.2,-2147.03,2026/01/29 20:16:42
11578,1262.05,16202.1,-2136.12,2026/01/29 20:16:42
11579,1262.16,16217.4,-2134.85,2026/01/29 20:16:43
11580,1262.27,16214.3,-2137.38,2026/01/29 20:16:43
11581,1262.38,16197.1,-2137.6,2026/01/29 20:16:43
11582,1262.49,16099.3,-2142.15,2026/01/29 20:16:43
11583,1262.6,16045.5,-2145.85,2026/01/29 20:16:43
11584,1262.71,16071.8,-2149.18,2026/01/29 20:16:43
11585,1262.82,16131.7,-2149.57,2026/01/29 20:16:43
11586,1262.93,16150.8,-2146.2,2026/01/29 20:16:43
11587,1263.04,16202,-2136.54,2026/01/29 20:16:43
11588,1263.14,16217.3,-2136.79,2026/01/29 20:16:44
11589,1263.25,16231,-2138.45,2026/01/29 20:16:44
11590,1263.36,16157.2,-2141.19,2026/01/29 20:16:44
11591,1263.47,16080.7,-2142.9,2026/01/29 20:16:44
11592,1263.58,16037.7,-2146.44,2026/01/29 20:16:44
11593,1263.69,16060.6,-2148.14,2026/01/29 20:16:44
11594,1263.8,16104.7,-2153.72,2026/01/29 20:16:44
11595,1263.91,16135,-2147.7,2026/01/29 20:16:44
11596,1264.02,16176.3,-2140.55,2026/01/29 20:16:44
11597,1264.13,16211.3,-2139,2026/01/29 20:16:44
11598,1264.24,16211,-2137.12,2026/01/29 20:16:45
11599,1264.34,16206.6,-2134.66,2026/01/29 20:16:45
11600,1264.45,16097.1,-2140.45,2026/01/29 20:16:45
11601,1264.56,16029.3,-2147.32,2026/01/29 20:16:45
11602,1264.67,16026.9,-2146.69,2026/01/29 20:16:45
11603,1264.78,16088.3,-2153.08,2026/01/29 20:16:45
11604,1264.89,16131.3,-2147.43,2026/01/29 20:16:45
11605,1265,16179.4,-2142.94,2026/01/29 20:16:45
11606,1265.11,16214.4,-2134.55,2026/01/29 20:16:45
11607,1265.22,16206.7,-2141.03,2026/01/29 20:16:46
11608,1265.33,16212,-2137.29,2026/01/29 20:16:46
11609,1265.43,16090.6,-2145.08,2026/01/29 20:16:46
11610,1265.54,16026.9,-2145.67,2026/01/29 20:16:46
11611,1265.65,16056.5,-2149.88,2026/01/29 20:16:46
11612,1265.76,16123.3,-2152.24,2026/01/29 20:16:46
11613,1265.87,16138.1,-2147.9,2026/01/29 20:16:46
11614,1265.98,16188.4,-2140.73,2026/01/29 20:16:46
11615,1266.09,16205.3,-2136.82,2026/01/29 20:16:46
11616,1266.2,16209.5,-2135.75,2026/01/29 20:16:47
11617,1266.31,16215.7,-2135.87,2026/01/29 20:16:47
11618,1266.42,16235.3,-2140.1,2026/01/29 20:16:47
11619,1266.53,16173.7,-2138.52,2026/01/29 20:16:47
11620,1266.64,16094.6,-2147.5,2026/01/29 20:16:47
11621,1266.75,16058,-2143.95,2026/01/29 20:16:47
11622,1266.85,16086,-2152.08,2026/01/29 20:16:47
11623,1266.96,16134.6,-2147.57,2026/01/29 20:16:47
11624,1267.07,16172.2,-2144.6,2026/01/29 20:16:47
11625,1267.18,16209.1,-2137.66,2026/01/29 20:16:48
11626,1267.29,16216.4,-2136.72,2026/01/29 20:16:48
11627,1267.4,16237.9,-2139.89,2026/01/29 20:16:48
11628,1267.51,16153.1,-2142.66,2026/01/29 20:16:48
11629,1267.62,16072,-2143.2,2026/01/29 20:16:48
11630,1267.72,16036.2,-2145.74,2026/01/29 20:16:48
11631,1267.83,16087.5,-2151.49,2026/01/29 20:16:48
11632,1267.94,16133.2,-2148.71,2026/01/29 20:16:48
11633,1268.05,16181,-2142.06,2026/01/29 20:16:48
11634,1268.16,16210.6,-2135.38,2026/01/29 20:16:49
11635,1268.27,16220.6,-2133.8,2026/01/29 20:16:49
11636,1268.38,16223.6,-2141.17,2026/01/29 20:16:49
11637,1268.49,16176.9,-2140.29,2026/01/29 20:16:49
11638,1268.6,16079.9,-2144.51,2026/01/29 20:16:49
11639,1268.71,16019.2,-2145.13,2026/01/29 20:16:49
11640,1268.82,16015.6,-2147.99,2026/01/29 20:16:49
11641,1268.93,16093.7,-2154.64,2026/01/29 20:16:49
11642,1269.04,16128.5,-2149.87,2026/01/29 20:16:49
11643,1269.15,16179.4,-2141.63,2026/01/29 20:16:50
11644,1269.25,16211.9,-2138.32,2026/01/29 20:16:50
11645,1269.36,16215,-2135.78,2026/01/29 20:16:50
11646,1269.47,16209.5,-2137.54,2026/01/29 20:16:50
11647,1269.59,16104,-2142.5,2026/01/29 20:16:50
11648,1269.69,16035.9,-2146.92,2026/01/29 20:16:50
11649,1269.8,16050.7,-2148.78,2026/01/29 20:16:50
11650,1269.91,16128.8,-2148.39,2026/01/29 20:16:50
11651,1270.02,16150.7,-2146.37,2026/01/29 20:16:50
11652,1270.13,16208.6,-2135.45,2026/01/29 20:16:50
11653,1270.24,16216.7,-2135.1,2026/01/29 20:16:51
11654,1270.35,16223,-2142.82,2026/01/29 20:16:51
11655,1270.46,16154.1,-2142.96,2026/01/29 20:16:51
11656,1270.57,16075,-2145.03,2026/01/29 20:16:51
11657,1270.68,16064.2,-2146.5,2026/01/29 20:16:51
11658,1270.78,16128.7,-2151.27,2026/01/29 20:16:51
11659,1270.89,16142.9,-2145.47,2026/01/29 20:16:51
11660,1271,16200.4,-2138.72,2026/01/29 20:16:51
11661,1271.11,16220.5,-2134.31,2026/01/29 20:16:51
11662,1271.22,16212.6,-2138.15,2026/01/29 20:16:52
11663,1271.33,16232.8,-2134.67,2026/01/29 20:16:52
11664,1271.44,16108.4,-2145.76,2026/01/29 20:16:52
11665,1271.55,16059.3,-2141.73,2026/01/29 20:16:52
11666,1271.66,16091.8,-2151.62,2026/01/29 20:16:52
11667,1271.77,16134.1,-2145.94,2026/01/29 20:16:52
11668,1271.87,16173.8,-2144.95,2026/01/29 20:16:52
11669,1271.99,16208.6,-2137.23,2026/01/29 20:16:52
11670,1272.09,16220.1,-2134.74,2026/01/29 20:16:52
11671,1272.2,16222.8,-2141.29,2026/01/29 20:16:53
11672,1272.31,16158.7,-2139.71,2026/01/29 20:16:53
11673,1272.42,16068,-2143.99,2026/01/29 20:16:53
11674,1272.53,16047.7,-2145.15,2026/01/29 20:16:53
11675,1272.64,16093.6,-2150.14,2026/01/29 20:16:53
11676,1272.75,16136.2,-2148.97,2026/01/29 20:16:53
11677,1272.86,16181.3,-2142.07,2026/01/29 20:16:53
11678,1272.97,16213,-2136.74,2026/01/29 20:16:53
11679,1273.08,16216.1,-2136.55,2026/01/29 20:16:53
11680,1273.19,16238,-2138.71,2026/01/29 20:16:54
11681,1273.3,16149.4,-2142.46,2026/01/29 20:16:54
11682,1273.4,16070.6,-2142.74,2026/01/29 20:16:54
11683,1273.51,16057.1,-2146.25,2026/01/29 20:16:54
11684,1273.62,16121.4,-2151.8,2026/01/29 20:16:54
11685,1273.73,16144.8,-2145.65,2026/01/29 20:16:54
11686,1273.84,16193,-2141.29,2026/01/29 20:16:54
11687,1273.95,16210.9,-2136.84,2026/01/29 20:16:54
11688,1274.06,16212.3,-2139.42,2026/01/29 20:16:54
11689,1274.17,16188.2,-2140.18,2026/01/29 20:16:55
11690,1274.28,16099.4,-2144.89,2026/01/29 20:16:55
11691,1274.39,16059.5,-2146.11,2026/01/29 20:16:55
11692,1274.49,16118.6,-2151.65,2026/01/29 20:16:55
11693,1274.6,16132.9,-2149.45,2026/01/29 20:16:55
11694,1274.71,16189.2,-2140.04,2026/01/29 20:16:55
11695,1274.82,16209.1,-2138.75,2026/01/29 20:16:55
11696,1274.93,16219.7,-2132.76,2026/01/29 20:16:55
11697,1275.04,16226.5,-2142.68,2026/01/29 20:16:55
11698,1275.15,16162.8,-2137.7,2026/01/29 20:16:56
11699,1275.26,16082.5,-2144.02,2026/01/29 20:16:56
11700,1275.37,16073.8,-2145.12,2026/01/29 20:16:56
11701,1275.48,16134.8,-2149.4,2026/01/29 20:16:56
11702,1275.58,16145.9,-2145.72,2026/01/29 20:16:56
11703,1275.69,16195.7,-2139.15,2026/01/29 20:16:56
11704,1275.8,16203.7,-2138.71,2026/01/29 20:16:56
11705,1275.91,16234.2,-2138.68,2026/01/29 20:16:56
11706,1276.02,16151.5,-2142.42,2026/01/29 20:16:56
11707,1276.13,16091.5,-2144.09,2026/01/29 20:16:56
11708,1276.24,16087.5,-2149.85,2026/01/29 20:16:57
11709,1276.35,16139.4,-2149.19,2026/01/29 20:16:57
11710,1276.46,16148.2,-2145.91,2026/01/29 20:16:57
11711,1276.57,16186,-2140.11,2026/01/29 20:16:57
11712,1276.68,16197.7,-2137.6,2026/01/29 20:16:57
11713,1276.79,16208.3,-2139.76,2026/01/29 20:16:57
11714,1276.89,16185.9,-2138.41,2026/01/29 20:16:57
11715,1277.01,16090.2,-2146.1,2026/01/29 20:16:57
11716,1277.11,16072.2,-2146.74,2026/01/29 20:16:57
11717,1277.22,16110.5,-2152.1,2026/01/29 20:16:58
11718,1277.33,16140.6,-2148.17,2026/01/29 20:16:58
11719,1277.44,16177.9,-2143.12,2026/01/29 20:16:58
11720,1277.55,16203.3,-2136.72,2026/01/29 20:16:58
11721,1277.66,16211.6,-2138.64,2026/01/29 20:16:58
11722,1277.77,16236.7,-2137.33,2026/01/29 20:16:58
11723,1277.88,16170.5,-2141.4,2026/01/29 20:16:58
11724,1277.99,16092,-2143.76,2026/01/29 20:16:58
11725,1278.1,16061.4,-2143.9,2026/01/29 20:16:58
11726,1278.21,16090,-2150.08,2026/01/29 20:16:59
11727,1278.31,16140.4,-2149.3,2026/01/29 20:16:59
11728,1278.42,16161.5,-2143.58,2026/01/29 20:16:59
11729,1278.53,16205.4,-2138.94,2026/01/29 20:16:59
11730,1278.64,16212.9,-2136.75,2026/01/29 20:16:59
11731,1278.75,16237,-2139.39,2026/01/29 20:16:59
11732,1278.86,16138.2,-2145.76,2026/01/29 20:16:59
11733,1278.97,16046.9,-2147.06,2026/01/29 20:16:59
11734,1279.08,16054.8,-2147.81,2026/01/29 20:16:59
11735,1279.19,16126.9,-2152.4,2026/01/29 20:17:00
11736,1279.29,16142.7,-2145.07,2026/01/29 20:17:00
11737,1279.4,16178.3,-2141.23,2026/01/29 20:17:00
11738,1279.51,16197.5,-2140.09,2026/01/29 20:17:00
11739,1279.62,16229.6,-2138.14,2026/01/29 20:17:00
11740,1279.73,16152.3,-2142.65,2026/01/29 20:17:00
11741,1279.84,16079,-2144.6,2026/01/29 20:17:00
11742,1279.95,16059.8,-2145.76,2026/01/29 20:17:00
11743,1280.06,16115.5,-2152.95,2026/01/29 20:17:00
11744,1280.17,16137.8,-2148.63,2026/01/29 20:17:01
11745,1280.28,16177.5,-2142.21,2026/01/29 20:17:01
11746,1280.39,16192.4,-2140.44,2026/01/29 20:17:01
11747,1280.5,16215.3,-2138.62,2026/01/29 20:17:01
11748,1280.6,16167.2,-2144.99,2026/01/29 20:17:01
11749,1280.71,16086.9,-2146.69,2026/01/29 20:17:01
11750,1280.82,16063.7,-2146.65,2026/01/29 20:17:01
11751,1280.93,16115.2,-2154.7,2026/01/29 20:17:01
11752,1281.04,16140.3,-2147.43,2026/01/29 20:17:01
11753,1281.15,16174.7,-2142.57,2026/01/29 20:17:02
11754,1281.26,16193.6,-2137,2026/01/29 20:17:02
11755,1281.37,16205.7,-2140.82,2026/01/29 20:17:02
11756,1281.48,16184.3,-2138.61,2026/01/29 20:17:02
11757,1281.59,16089.5,-2149.88,2026/01/29 20:17:02
11758,1281.7,16052.1,-2142.42,2026/01/29 20:17:02
11759,1281.8,16084,-2152.89,2026/01/29 20:17:02
11760,1281.91,16135.2,-2148.9,2026/01/29 20:17:02
11761,1282.02,16158.2,-2144.7,2026/01/29 20:17:02
11762,1282.13,16200,-2139.19,2026/01/29 20:17:02
11763,1282.24,16213.4,-2136.42,2026/01/29 20:17:03
11764,1282.35,16230.3,-2140.23,2026/01/29 20:17:03
11765,1282.46,16153.8,-2142.54,2026/01/29 20:17:03
11766,1282.57,16074.6,-2146.01,2026/01/29 20:17:03
11767,1282.68,16052.4,-2143.62,2026/01/29 20:17:03
11768,1282.79,16088.1,-2153.23,2026/01/29 20:17:03
11769,1282.9,16142.5,-2142.89,2026/01/29 20:17:03
11770,1283.01,16160,-2145.69,2026/01/29 20:17:03
11771,1283.11,16196.1,-2137.04,2026/01/29 20:17:03
11772,1283.22,16215.4,-2140.82,2026/01/29 20:17:04
11773,1283.33,16175.6,-2138.26,2026/01/29 20:17:04
11774,1283.44,16097.9,-2142.22,2026/01/29 20:17:04
11775,1283.55,16047.8,-2145.13,2026/01/29 20:17:04
11776,1283.66,16065.2,-2147.52,2026/01/29 20:17:04
11777,1283.77,16127.7,-2148.09,2026/01/29 20:17:04
11778,1283.88,16146.5,-2145.49,2026/01/29 20:17:04
11779,1283.99,16179.5,-2140.75,2026/01/29 20:17:04
11780,1284.1,16206.6,-2135.5,2026/01/29 20:17:04
11781,1284.21,16219.3,-2140.99,2026/01/29 20:17:05
11782,1284.32,16153.4,-2142.76,2026/01/29 20:17:05
11783,1284.42,16060.5,-2144.88,2026/01/29 20:17:05
11784,1284.53,16011.2,-2146.62,2026/01/29 20:17:05
11785,1284.64,16081.6,-2151.63,2026/01/29 20:17:05
11786,1284.75,16130.2,-2147.09,2026/01/29 20:17:05
11787,1284.86,16181.3,-2141.58,2026/01/29 20:17:05
11788,1284.97,16205.9,-2134.63,2026/01/29 20:17:05
11789,1285.08,16207.4,-2141.13,2026/01/29 20:17:05
11790,1285.19,16187.8,-2137.45,2026/01/29 20:17:06
11791,1285.3,16112.8,-2147.58,2026/01/29 20:17:06
11792,1285.41,16047.1,-2144.61,2026/01/29 20:17:06
11793,1285.52,16067.1,-2148.85,2026/01/29 20:17:06
11794,1285.62,16127.3,-2148.24,2026/01/29 20:17:06
11795,1285.73,16161.3,-2142.98,2026/01/29 20:17:06
11796,1285.84,16206.4,-2136.04,2026/01/29 20:17:06
11797,1285.95,16211.1,-2137.26,2026/01/29 20:17:06
11798,1286.06,16229.6,-2135.26,2026/01/29 20:17:06
11799,1286.17,16108.3,-2146.23,2026/01/29 20:17:07
11800,1286.28,16033.1,-2145.09,2026/01/29 20:17:07
11801,1286.39,16044.8,-2147.15,2026/01/29 20:17:07
11802,1286.5,16115.3,-2153.32,2026/01/29 20:17:07
11803,1286.61,16135.7,-2147.17,2026/01/29 20:17:07
11804,1286.72,16178.1,-2142.33,2026/01/29 20:17:07
11805,1286.82,16203.3,-2137.27,2026/01/29 20:17:07
11806,1286.93,16223.3,-2140.16,2026/01/29 20:17:07
11807,1287.04,16154.1,-2145.06,2026/01/29 20:17:07
11808,1287.15,16068.4,-2145.21,2026/01/29 20:17:08
11809,1287.26,16052.1,-2144.29,2026/01/29 20:17:08
11810,1287.37,16103.7,-2155.71,2026/01/29 20:17:08
11811,1287.48,16140.9,-2144.5,2026/01/29 20:17:08
11812,1287.59,16192.5,-2141.63,2026/01/29 20:17:08
11813,1287.7,16208.9,-2134.68,2026/01/29 20:17:08
11814,1287.81,16211.6,-2140.91,2026/01/29 20:17:08
11815,1287.92,16153.8,-2145.53,2026/01/29 20:17:08
11816,1288.03,16060.5,-2143.22,2026/01/29 20:17:08
11817,1288.13,16049.4,-2146.84,2026/01/29 20:17:08
11818,1288.24,16116.7,-2150.38,2026/01/29 20:17:09
11819,1288.35,16145.7,-2144.33,2026/01/29 20:17:09
11820,1288.46,16204.9,-2134.47,2026/01/29 20:17:09
11821,1288.57,16209.2,-2136.87,2026/01/29 20:17:09
11822,1288.68,16223.5,-2139.69,2026/01/29 20:17:09
11823,1288.79,16131.7,-2143.16,2026/01/29 20:17:09
11824,1288.9,16038.9,-2143.19,2026/01/29 20:17:09
11825,1289.01,16055.3,-2149.27,2026/01/29 20:17:09
11826,1289.12,16124.7,-2148.28,2026/01/29 20:17:09
11827,1289.23,16156.9,-2144.15,2026/01/29 20:17:10
11828,1289.34,16201.1,-2136.77,2026/01/29 20:17:10
11829,1289.44,16212.7,-2135.59,2026/01/29 20:17:10
11830,1289.55,16225.1,-2140.1,2026/01/29 20:17:10
11831,1289.66,16160.4,-2141.31,2026/01/29 20:17:10
11832,1289.77,16077.9,-2141.57,2026/01/29 20:17:10
11833,1289.88,16071.5,-2145.25,2026/01/29 20:17:10
11834,1289.99,16123.4,-2150.38,2026/01/29 20:17:10
11835,1290.1,16144.3,-2145.27,2026/01/29 20:17:10
11836,1290.21,16194,-2139.55,2026/01/29 20:17:11
11837,1290.32,16212.3,-2134.72,2026/01/29 20:17:11
11838,1290.43,16216.6,-2139.33,2026/01/29 20:17:11
11839,1290.54,16167.5,-2140.85,2026/01/29 20:17:11
11840,1290.64,16085.2,-2143.38,2026/01/29 20:17:11
11841,1290.75,16057.7,-2145.02,2026/01/29 20:17:11
11842,1290.86,16099.8,-2148.6,2026/01/29 20:17:11
11843,1290.97,16132,-2148.06,2026/01/29 20:17:11
11844,1291.08,16174.7,-2142.36,2026/01/29 20:17:11
11845,1291.19,16207.3,-2134.99,2026/01/29 20:17:12
11846,1291.3,16208.5,-2137.67,2026/01/29 20:17:12
11847,1291.41,16190.3,-2137.02,2026/01/29 20:17:12
11848,1291.52,16079,-2146.21,2026/01/29 20:17:12
11849,1291.62,16052.1,-2144.59,2026/01/29 20:17:12
11850,1291.73,16087.8,-2152.4,2026/01/29 20:17:12
11851,1291.84,16131.6,-2146.67,2026/01/29 20:17:12
11852,1291.95,16172.4,-2143.38,2026/01/29 20:17:12
11853,1292.06,16203.9,-2135.27,2026/01/29 20:17:12
11854,1292.17,16205.4,-2138.74,2026/01/29 20:17:13
11855,1292.28,16217.5,-2135.79,2026/01/29 20:17:13
11856,1292.39,16121.5,-2146.29,2026/01/29 20:17:13
11857,1292.5,16045.5,-2144.25,2026/01/29 20:17:13
11858,1292.6,16073.2,-2148,2026/01/29 20:17:13
11859,1292.71,16129.9,-2148.65,2026/01/29 20:17:13
11860,1292.82,16140.9,-2144.98,2026/01/29 20:17:13
11861,1292.93,16179.5,-2140.36,2026/01/29 20:17:13
11862,1293.04,16197.4,-2139.02,2026/01/29 20:17:13
11863,1293.15,16222.4,-2138,2026/01/29 20:17:14
11864,1293.26,16126.9,-2145.46,2026/01/29 20:17:14
11865,1293.37,16059.7,-2143.41,2026/01/29 20:17:14
11866,1293.48,16064.3,-2147.75,2026/01/29 20:17:14
11867,1293.58,16131.4,-2148.3,2026/01/29 20:17:14
11868,1293.69,16142.7,-2145.69,2026/01/29 20:17:14
11869,1293.8,16199.4,-2136.9,2026/01/29 20:17:14
11870,1293.91,16208.2,-2137.95,2026/01/29 20:17:14
11871,1294.02,16214.9,-2139.53,2026/01/29 20:17:14
11872,1294.13,16148.5,-2146.09,2026/01/29 20:17:14
11873,1294.24,16062.3,-2144.2,2026/01/29 20:17:15
11874,1294.35,16048.8,-2144.5,2026/01/29 20:17:15
11875,1294.46,16111.9,-2152.44,2026/01/29 20:17:15
11876,1294.57,16137.5,-2147.13,2026/01/29 20:17:15
11877,1294.68,16175.1,-2140.43,2026/01/29 20:17:15
11878,1294.79,16198.2,-2136.2,2026/01/29 20:17:15
11879,1294.89,16202.2,-2135.69,2026/01/29 20:17:15
11880,1295,16186,-2140.69,2026/01/29 20:17:15
11881,1295.11,16082.8,-2146.91,2026/01/29 20:17:15
11882,1295.22,16033.4,-2145.5,2026/01/29 20:17:16
11883,1295.33,16072.7,-2151.14,2026/01/29 20:17:16
11884,1295.44,16123.6,-2150.2,2026/01/29 20:17:16
11885,1295.55,16140.1,-2143.87,2026/01/29 20:17:16
11886,1295.66,16180.3,-2139.37,2026/01/29 20:17:16
11887,1295.77,16201,-2135.08,2026/01/29 20:17:16
11888,1295.87,16212.7,-2141.84,2026/01/29 20:17:16
11889,1295.98,16137.4,-2142.45,2026/01/29 20:17:16
11890,1296.09,16058,-2145.25,2026/01/29 20:17:16
11891,1296.2,16048.6,-2143.03,2026/01/29 20:17:17
11892,1296.31,16113.4,-2151,2026/01/29 20:17:17
11893,1296.42,16131.6,-2146.23,2026/01/29 20:17:17
11894,1296.53,16180,-2139.34,2026/01/29 20:17:17
11895,1296.64,16196.7,-2135.45,2026/01/29 20:17:17
11896,1296.75,16205.2,-2138.73,2026/01/29 20:17:17
11897,1296.86,16161.7,-2137.97,2026/01/29 20:17:17
11898,1296.97,16070,-2143.83,2026/01/29 20:17:17
11899,1297.08,16021.8,-2143.52,2026/01/29 20:17:17
11900,1297.18,16077.6,-2150.07,2026/01/29 20:17:18
11901,1297.29,16124,-2145.79,2026/01/29 20:17:18
11902,1297.4,16154.5,-2142.74,2026/01/29 20:17:18
11903,1297.51,16190.1,-2138.09,2026/01/29 20:17:18
11904,1297.62,16200.3,-2136.59,2026/01/29 20:17:18
11905,1297.73,16202.2,-2137.22,2026/01/29 20:17:18
11906,1297.84,16085.7,-2144.76,2026/01/29 20:17:18
11907,1297.95,16026.3,-2146.28,2026/01/29 20:17:18
11908,1298.06,16061.9,-2151.72,2026/01/29 20:17:18
11909,1298.17,16124.4,-2148.08,2026/01/29 20:17:19
11910,1298.28,16135.8,-2146,2026/01/29 20:17:19
11911,1298.38,16172.1,-2137.78,2026/01/29 20:17:19
11912,1298.5,16189.2,-2138.42,2026/01/29 20:17:19
11913,1298.6,16218.7,-2138.33,2026/01/29 20:17:19
11914,1298.71,16105.1,-2143.94,2026/01/29 20:17:19
11915,1298.82,16041,-2144.51,2026/01/29 20:17:19
11916,1298.93,16050.3,-2144.85,2026/01/29 20:17:19
11917,1299.04,16106.9,-2152.75,2026/01/29 20:17:19
11918,1299.15,16130.3,-2148.93,2026/01/29 20:17:20
11919,1299.26,16141.9,-2141.82,2026/01/29 20:17:20
11920,1299.36,16180.2,-2138.73,2026/01/29 20:17:20
11921,1299.47,16199.6,-2139.56,2026/01/29 20:17:20
11922,1299.58,16160,-2143.88,2026/01/29 20:17:20
11923,1299.69,16063,-2146.75,2026/01/29 20:17:20
11924,1299.8,16020.6,-2146.79,2026/01/29 20:17:20
11925,1299.91,16084.1,-2152.59,2026/01/29 20:17:20
11926,1300.02,16121.7,-2149.75,2026/01/29 20:17:20
11927,1300.13,16150.6,-2141.51,2026/01/29 20:17:20
11928,1300.24,16176.1,-2138.07,2026/01/29 20:17:21
11929,1300.35,16195.6,-2136.2,2026/01/29 20:17:21
11930,1300.46,16191.6,-2138.72,2026/01/29 20:17:21
11931,1300.56,16097.5,-2145.36,2026/01/29 20:17:21
11932,1300.67,16054.3,-2146.09,2026/01/29 20:17:21
11933,1300.79,16086.2,-2149.72,2026/01/29 20:17:21
11934,1300.89,16130,-2147.89,2026/01/29 20:17:21
11935,1301,16141.9,-2143.19,2026/01/29 20:17:21
11936,1301.11,16176.2,-2136.54,2026/01/29 20:17:21
11937,1301.22,16190.5,-2139.11,2026/01/29 20:17:22
11938,1301.33,16198.9,-2137.16,2026/01/29 20:17:22
11939,1301.44,16092.4,-2144.37,2026/01/29 20:17:22
11940,1301.55,16030.3,-2147.28,2026/01/29 20:17:22
11941,1301.66,16043.4,-2147.14,2026/01/29 20:17:22
11942,1301.76,16112.4,-2152.85,2026/01/29 20:17:22
11943,1301.87,16127.1,-2147.11,2026/01/29 20:17:22
11944,1301.98,16142.5,-2142.06,2026/01/29 20:17:22
11945,1302.09,16150.4,-2139.81,2026/01/29 20:17:22
11946,1302.2,16202.1,-2139.38,2026/01/29 20:17:23
11947,1302.31,16155.4,-2142.12,2026/01/29 20:17:23
11948,1302.42,16060,-2146.87,2026/01/29 20:17:23
11949,1302.53,16036.7,-2145.65,2026/01/29 20:17:23
11950,1302.64,16094.5,-2157.11,2026/01/29 20:17:23
11951,1302.75,16122.2,-2145.69,2026/01/29 20:17:23
11952,1302.86,16143.9,-2143.01,2026/01/29 20:17:23
11953,1302.96,16178.3,-2135.34,2026/01/29 20:17:23
11954,1303.07,16208.8,-2137.98,2026/01/29 20:17:23
11955,1303.18,16153.6,-2142.52,2026/01/29 20:17:24
11956,1303.29,16078,-2145.93,2026/01/29 20:17:24
11957,1303.4,16045.7,-2145.46,2026/01/29 20:17:24
11958,1303.51,16105.5,-2151.83,2026/01/29 20:17:24
11959,1303.62,16124.9,-2146.75,2026/01/29 20:17:24
11960,1303.73,16155.5,-2141.32,2026/01/29 20:17:24
11961,1303.84,16179.6,-2139.05,2026/01/29 20:17:24
11962,1303.95,16194.3,-2136.36,2026/01/29 20:17:24
11963,1304.06,16189.4,-2136,2026/01/29 20:17:24
11964,1304.16,16090.5,-2144.16,2026/01/29 20:17:25
11965,1304.27,16052,-2145.53,2026/01/29 20:17:25
11966,1304.38,16087.6,-2152.16,2026/01/29 20:17:25
11967,1304.49,16127.4,-2147.16,2026/01/29 20:17:25
11968,1304.6,16137.7,-2143.23,2026/01/29 20:17:25
11969,1304.71,16178.6,-2137.48,2026/01/29 20:17:25
11970,1304.82,16193.7,-2134.3,2026/01/29 20:17:25
11971,1304.93,16225.1,-2139.92,2026/01/29 20:17:25
11972,1305.04,16125.4,-2143.45,2026/01/29 20:17:25
11973,1305.15,16043.8,-2145.6,2026/01/29 20:17:26
11974,1305.25,16040.5,-2144.74,2026/01/29 20:17:26
11975,1305.36,16083.2,-2154.22,2026/01/29 20:17:26
11976,1305.47,16124.1,-2146.5,2026/01/29 20:17:26
11977,1305.58,16140.3,-2144.37,2026/01/29 20:17:26
11978,1305.69,16186.3,-2137.63,2026/01/29 20:17:26
11979,1305.8,16196.2,-2137.11,2026/01/29 20:17:26
11980,1305.91,16187.5,-2137.4,2026/01/29 20:17:26
11981,1306.02,16078.1,-2145.18,2026/01/29 20:17:26
11982,1306.13,16001.1,-2146.6,2026/01/29 20:17:26
11983,1306.23,15985.1,-2143.78,2026/01/29 20:17:27
11984,1306.34,16056.2,-2151.24,2026/01/29 20:17:27
11985,1306.45,16120.4,-2147.22,2026/01/29 20:17:27
11986,1306.56,16140.6,-2143.32,2026/01/29 20:17:27
11987,1306.67,16157.7,-2138.67,2026/01/29 20:17:27
11988,1306.78,16218.8,-2140.85,2026/01/29 20:17:27
11989,1306.89,16141.6,-2145.67,2026/01/29 20:17:27
11990,1307,16021.8,-2143.82,2026/01/29 20:17:27
11991,1307.11,15975.2,-2145.85,2026/01/29 20:17:27
11992,1307.22,16017.9,-2149.78,2026/01/29 20:17:28
11993,1307.32,16104.1,-2149.99,2026/01/29 20:17:28
11994,1307.43,16130.1,-2143.21,2026/01/29 20:17:28
11995,1307.54,16172.4,-2137.91,2026/01/29 20:17:28
11996,1307.65,16202.5,-2138.26,2026/01/29 20:17:28
11997,1307.76,16194,-2134.98,2026/01/29 20:17:28
11998,1307.87,16097.5,-2141.54,2026/01/29 20:17:28
11999,1307.98,16005.2,-2145.6,2026/01/29 20:17:28
12000,1308.09,15999.2,-2144.33,2026/01/29 20:17:28
12001,1308.2,16066.7,-2147.28,2026/01/29 20:17:29
12002,1308.31,16114.8,-2146.09,2026/01/29 20:17:29
12003,1308.42,16166.2,-2140.07,2026/01/29 20:17:29
12004,1308.52,16200.1,-2135.69,2026/01/29 20:17:29
12005,1308.64,16217.5,-2138.45,2026/01/29 20:17:29
12006,1308.74,16154.5,-2140.07,2026/01/29 20:17:29
12007,1308.85,16077.7,-2141.2,2026/01/29 20:17:29
12008,1308.96,16029.3,-2142.81,2026/01/29 20:17:29
12009,1309.07,16073.9,-2144.61,2026/01/29 20:17:29
12010,1309.18,16116.4,-2143.79,2026/01/29 20:17:30
12011,1309.29,16140.8,-2142.81,2026/01/29 20:17:30
12012,1309.4,16188.4,-2135.27,2026/01/29 20:17:30
12013,1309.51,16208.7,-2138.58,2026/01/29 20:17:30
12014,1309.61,16190.5,-2133.24,2026/01/29 20:17:30
12015,1309.72,16121.8,-2140.83,2026/01/29 20:17:30
12016,1309.83,16074.8,-2141.07,2026/01/29 20:17:30
12017,1309.94,16073.8,-2146.18,2026/01/29 20:17:30
12018,1310.05,16118,-2148.04,2026/01/29 20:17:30
12019,1310.16,16136.1,-2143.5,2026/01/29 20:17:31
12020,1310.27,16184.8,-2138.43,2026/01/29 20:17:31
12021,1310.38,16204.9,-2133.3,2026/01/29 20:17:31
12022,1310.49,16223.2,-2138.03,2026/01/29 20:17:31
12023,1310.59,16151.8,-2141.82,2026/01/29 20:17:31
12024,1310.7,16069.5,-2142.72,2026/01/29 20:17:31
12025,1310.81,16067.4,-2145.91,2026/01/29 20:17:31
12026,1310.92,16119,-2149.55,2026/01/29 20:17:31
12027,1311.03,16133.2,-2143.79,2026/01/29 20:17:31
12028,1311.14,16185,-2139.82,2026/01/29 20:17:32
12029,1311.25,16205.5,-2131.9,2026/01/29 20:17:32
12030,1311.36,16207.8,-2139.94,2026/01/29 20:17:32
12031,1311.46,16172.9,-2137.58,2026/01/29 20:17:32
12032,1311.57,16084.4,-2144.46,2026/01/29 20:17:32
12033,1311.68,16025.4,-2142.66,2026/01/29 20:17:32
12034,1311.79,16044.2,-2146.12,2026/01/29 20:17:32
12035,1311.9,16113.8,-2145.95,2026/01/29 20:17:32
12036,1312.01,16136.4,-2143.01,2026/01/29 20:17:32
12037,1312.12,16169,-2138.34,2026/01/29 20:17:32
12038,1312.23,16210.7,-2135.86,2026/01/29 20:17:33
12039,1312.34,16166.1,-2143.13,2026/01/29 20:17:33
12040,1312.45,16111.2,-2143.68,2026/01/29 20:17:33
12041,1312.56,16043,-2145.15,2026/01/29 20:17:33
12042,1312.67,16055.9,-2146.64,2026/01/29 20:17:33
12043,1312.77,16114.3,-2148.04,2026/01/29 20:17:33
12044,1312.88,16130.8,-2144.55,2026/01/29 20:17:33
12045,1312.99,16167.8,-2138.23,2026/01/29 20:17:33
12046,1313.1,16189.9,-2136.11,2026/01/29 20:17:33
12047,1313.21,16222.6,-2133.26,2026/01/29 20:17:34
12048,1313.32,16109,-2144.7,2026/01/29 20:17:34
12049,1313.43,16052.5,-2145.45,2026/01/29 20:17:34
12050,1313.54,16056,-2146.78,2026/01/29 20:17:34
12051,1313.65,16117,-2148.93,2026/01/29 20:17:34
12052,1313.76,16134.5,-2142.42,2026/01/29 20:17:34
12053,1313.86,16179.7,-2136.4,2026/01/29 20:17:34
12054,1313.97,16198.1,-2135.85,2026/01/29 20:17:34
12055,1314.08,16207.4,-2136.44,2026/01/29 20:17:34
12056,1314.19,16103.7,-2143.31,2026/01/29 20:17:35
12057,1314.3,16043.1,-2144.71,2026/01/29 20:17:35
12058,1314.41,16074.3,-2145.77,2026/01/29 20:17:35
12059,1314.52,16122.8,-2149.36,2026/01/29 20:17:35
12060,1314.62,16137.7,-2140.37,2026/01/29 20:17:35
12061,1314.74,16179.9,-2139.02,2026/01/29 20:17:35
12062,1314.84,16199.2,-2134.51,2026/01/29 20:17:35
12063,1314.95,16212.5,-2136.81,2026/01/29 20:17:35
12064,1315.06,16100.1,-2144.37,2026/01/29 20:17:35
12065,1315.17,16016.1,-2143.68,2026/01/29 20:17:36
12066,1315.28,16021.3,-2146.97,2026/01/29 20:17:36
12067,1315.39,16107.4,-2145.33,2026/01/29 20:17:36
12068,1315.5,16126.5,-2143.85,2026/01/29 20:17:36
12069,1315.61,16164.5,-2141.95,2026/01/29 20:17:36
12070,1315.72,16192.7,-2135.13,2026/01/29 20:17:36
12071,1315.82,16223.9,-2137.16,2026/01/29 20:17:36
12072,1315.93,16118.9,-2143.62,2026/01/29 20:17:36
12073,1316.04,16050.1,-2143.54,2026/01/29 20:17:36
12074,1316.15,16074,-2146.71,2026/01/29 20:17:37
12075,1316.26,16123.2,-2147.27,2026/01/29 20:17:37
12076,1316.37,16140.7,-2141.42,2026/01/29 20:17:37
12077,1316.48,16190.8,-2136.28,2026/01/29 20:17:37
12078,1316.59,16208.8,-2132.62,2026/01/29 20:17:37
12079,1316.7,16220,-2139.86,2026/01/29 20:17:37
12080,1316.81,16152.4,-2137.44,2026/01/29 20:17:37
12081,1316.91,16054.3,-2144.05,2026/01/29 20:17:37
12082,1317.02,16026,-2141.34,2026/01/29 20:17:37
12083,1317.13,16102.7,-2145.4,2026/01/29 20:17:37
12084,1317.24,16130.2,-2143.91,2026/01/29 20:17:38
12085,1317.35,16145.4,-2139.61,2026/01/29 20:17:38
12086,1317.46,16177.3,-2136.93,2026/01/29 20:17:38
12087,1317.57,16221.4,-2138.75,2026/01/29 20:17:38
12088,1317.68,16146.8,-2140.73,2026/01/29 20:17:38
12089,1317.79,16069.1,-2142.81,2026/01/29 20:17:38
12090,1317.89,16049.9,-2143.01,2026/01/29 20:17:38
12091,1318,16105.6,-2150.1,2026/01/29 20:17:38
12092,1318.11,16122.8,-2148.94,2026/01/29 20:17:38
12093,1318.22,16141.4,-2139.57,2026/01/29 20:17:39
12094,1318.33,16183.1,-2137.62,2026/01/29 20:17:39
12095,1318.44,16227.4,-2138.59,2026/01/29 20:17:39
12096,1318.55,16136.3,-2143.7,2026/01/29 20:17:39
12097,1318.66,16059.5,-2142.66,2026/01/29 20:17:39
12098,1318.77,16065.9,-2147.02,2026/01/29 20:17:39
12099,1318.88,16116.7,-2150.46,2026/01/29 20:17:39
12100,1318.99,16133.5,-2145.31,2026/01/29 20:17:39
12101,1319.1,16141.8,-2139.04,2026/01/29 20:17:39
12102,1319.2,16181.6,-2137.36,2026/01/29 20:17:40
12103,1319.31,16224.3,-2137.54,2026/01/29 20:17:40
12104,1319.42,16150.8,-2141.91,2026/01/29 20:17:40
12105,1319.53,16077.1,-2142.44,2026/01/29 20:17:40
12106,1319.64,16050,-2142.1,2026/01/29 20:17:40
12107,1319.75,16095.5,-2150.74,2026/01/29 20:17:40
12108,1319.86,16126.2,-2144.39,2026/01/29 20:17:40
12109,1319.97,16143.9,-2140.96,2026/01/29 20:17:40
12110,1320.08,16172.6,-2138.64,2026/01/29 20:17:40
12111,1320.19,16222.5,-2139.78,2026/01/29 20:17:41
12112,1320.3,16144.1,-2140.93,2026/01/29 20:17:41
12113,1320.41,16064.1,-2141.19,2026/01/29 20:17:41
12114,1320.52,16026.4,-2145.04,2026/01/29 20:17:41
12115,1320.62,16085.8,-2150.49,2026/01/29 20:17:41
12116,1320.73,16120.2,-2145.33,2026/01/29 20:17:41
12117,1320.84,16133.1,-2144.01,2026/01/29 20:17:41
12118,1320.95,16141.5,-2138.09,2026/01/29 20:17:41
12119,1321.06,16220.4,-2138.6,2026/01/29 20:17:41
12120,1321.17,16148.9,-2142.67,2026/01/29 20:17:42
12121,1321.28,16067.5,-2138.53,2026/01/29 20:17:42
12122,1321.39,16026.3,-2145.9,2026/01/29 20:17:42
12123,1321.5,16094.1,-2149.02,2026/01/29 20:17:42
12124,1321.61,16121.7,-2146.44,2026/01/29 20:17:42
12125,1321.72,16144,-2140.07,2026/01/29 20:17:42
12126,1321.83,16183.3,-2137.33,2026/01/29 20:17:42
12127,1321.94,16217.3,-2138.84,2026/01/29 20:17:42
12128,1322.05,16167.3,-2139.89,2026/01/29 20:17:42
12129,1322.16,16090.5,-2144.36,2026/01/29 20:17:43
12130,1322.26,16040.4,-2143.22,2026/01/29 20:17:43
12131,1322.37,16081,-2149.66,2026/01/29 20:17:43
12132,1322.48,16125.7,-2145.38,2026/01/29 20:17:43
12133,1322.59,16140.8,-2144.39,2026/01/29 20:17:43
12134,1322.7,16158.8,-2138.82,2026/01/29 20:17:43
12135,1322.81,16207.1,-2137.86,2026/01/29 20:17:43
12136,1322.92,16160.5,-2141.57,2026/01/29 20:17:43
12137,1323.03,16076.9,-2142.94,2026/01/29 20:17:43
12138,1323.13,16041.7,-2144.95,2026/01/29 20:17:43
12139,1323.24,16093.6,-2150.71,2026/01/29 20:17:44
12140,1323.35,16122.4,-2145.12,2026/01/29 20:17:44
12141,1323.46,16143.2,-2142.25,2026/01/29 20:17:44
12142,1323.57,16176.8,-2136.04,2026/01/29 20:17:44
12143,1323.68,16216.2,-2138.83,2026/01/29 20:17:44
12144,1323.79,16146.5,-2144.01,2026/01/29 20:17:44
12145,1323.9,16070.7,-2140.96,2026/01/29 20:17:44
12146,1324.01,16065.4,-2146.64,2026/01/29 20:17:44
12147,1324.12,16114.3,-2150.73,2026/01/29 20:17:44
12148,1324.23,16133.1,-2146.55,2026/01/29 20:17:45
12149,1324.33,16147.5,-2140.32,2026/01/29 20:17:45
12150,1324.44,16164.6,-2139.42,2026/01/29 20:17:45
12151,1324.55,16220.1,-2140.49,2026/01/29 20:17:45
12152,1324.66,16133.4,-2145.31,2026/01/29 20:17:45
12153,1324.77,16063.5,-2144.09,2026/01/29 20:17:45
12154,1324.88,16083.2,-2150,2026/01/29 20:17:45
12155,1324.99,16120,-2150.96,2026/01/29 20:17:45
12156,1325.1,16138.2,-2144.96,2026/01/29 20:17:45
12157,1325.21,16166.8,-2139.95,2026/01/29 20:17:46
12158,1325.31,16184.6,-2135.58,2026/01/29 20:17:46
12159,1325.42,16218.9,-2133.78,2026/01/29 20:17:46
12160,1325.53,16230.4,-2139.84,2026/01/29 20:17:46
12161,1325.64,16159.1,-2139.32,2026/01/29 20:17:46
12162,1325.75,16073.6,-2142.54,2026/01/29 20:17:46
12163,1325.86,16039.8,-2141.99,2026/01/29 20:17:46
12164,1325.97,16065.1,-2150.44,2026/01/29 20:17:46
12165,1326.08,16124.4,-2148.33,2026/01/29 20:17:46
12166,1326.19,16140.6,-2143.61,2026/01/29 20:17:47
12167,1326.3,16173.3,-2141.03,2026/01/29 20:17:47
12168,1326.4,16187.8,-2135,2026/01/29 20:17:47
12169,1326.51,16195.9,-2134.69,2026/01/29 20:17:47
12170,1326.62,16201.2,-2132.25,2026/01/29 20:17:47
12171,1326.73,16205.7,-2133.67,2026/01/29 20:17:47
12172,1326.84,16221.1,-2134.63,2026/01/29 20:17:47
12173,1326.95,16239.6,-2138.19,2026/01/29 20:17:47
12174,1327.06,16172.3,-2138.46,2026/01/29 20:17:47
12175,1327.17,16127.6,-2144.29,2026/01/29 20:17:48
12176,1327.28,16090.4,-2139.34,2026/01/29 20:17:48
12177,1327.39,16061.5,-2144.86,2026/01/29 20:17:48
12178,1327.5,16056.1,-2140.54,2026/01/29 20:17:48
12179,1327.61,16086.3,-2148.18,2026/01/29 20:17:48
12180,1327.71,16125.2,-2147.68,2026/01/29 20:17:48
12181,1327.82,16136.5,-2146.05,2026/01/29 20:17:48
12182,1327.93,16147.5,-2140.71,2026/01/29 20:17:48
12183,1328.04,16166.7,-2135.66,2026/01/29 20:17:48
12184,1328.15,16181.3,-2135.63,2026/01/29 20:17:49
12185,1328.26,16197.8,-2134.92,2026/01/29 20:17:49
12186,1328.37,16220.8,-2136.61,2026/01/29 20:17:49
12187,1328.48,16193.1,-2134.84,2026/01/29 20:17:49
12188,1328.59,16128.6,-2141.89,2026/01/29 20:17:49
12189,1328.7,16067.8,-2143.24,2026/01/29 20:17:49
12190,1328.8,16041.1,-2144.29,2026/01/29 20:17:49
12191,1328.91,16033,-2143.34,2026/01/29 20:17:49
12192,1329.02,16059.6,-2148.51,2026/01/29 20:17:49
12193,1329.13,16102.2,-2153.01,2026/01/29 20:17:49
12194,1329.24,16128.4,-2148.76,2026/01/29 20:17:50
12195,1329.35,16134.7,-2146.28,2026/01/29 20:17:50
12196,1329.46,16162.1,-2138.73,2026/01/29 20:17:50
12197,1329.57,16180.8,-2137.41,2026/01/29 20:17:50
12198,1329.68,16199.9,-2134.32,2026/01/29 20:17:50
12199,1329.78,16228.1,-2137.96,2026/01/29 20:17:50
12200,1329.89,16174.8,-2139.69,2026/01/29 20:17:50
12201,1330.01,16106.9,-2141.66,2026/01/29 20:17:50
12202,1330.11,16065.6,-2141.66,2026/01/29 20:17:50
12203,1330.22,16034.7,-2140.78,2026/01/29 20:17:51
12204,1330.33,16014.8,-2142.65,2026/01/29 20:17:51
12205,1330.44,16044.2,-2144.3,2026/01/29 20:17:51
12206,1330.55,16085.2,-2151.7,2026/01/29 20:17:51
12207,1330.66,16122.4,-2149.99,2026/01/29 20:17:51
12208,1330.77,16134.3,-2147.16,2026/01/29 20:17:51
12209,1330.88,16150.8,-2138.76,2026/01/29 20:17:51
12210,1330.98,16159.3,-2138.77,2026/01/29 20:17:51
12211,1331.09,16186.6,-2133.42,2026/01/29 20:17:51
12212,1331.2,16197.8,-2134.23,2026/01/29 20:17:52
12213,1331.31,16212.8,-2135.3,2026/01/29 20:17:52
12214,1331.42,16242.8,-2137.64,2026/01/29 20:17:52
12215,1331.53,16174.2,-2139.76,2026/01/29 20:17:52
12216,1331.64,16126.6,-2139.46,2026/01/29 20:17:52
12217,1331.75,16072.9,-2142.9,2026/01/29 20:17:52
12218,1331.86,16070.9,-2141.02,2026/01/29 20:17:52
12219,1331.97,16060.8,-2142.5,2026/01/29 20:17:52
12220,1332.07,16064.4,-2144.73,2026/01/29 20:17:52
12221,1332.18,16105.4,-2149.14,2026/01/29 20:17:53
12222,1332.29,16131.9,-2146.63,2026/01/29 20:17:53
12223,1332.4,16151.1,-2139.64,2026/01/29 20:17:53
12224,1332.51,16156.5,-2138.81,2026/01/29 20:17:53
12225,1332.62,16182.2,-2135.37,2026/01/29 20:17:53
12226,1332.73,16196.3,-2133.37,2026/01/29 20:17:53
12227,1332.84,16232.2,-2138.07,2026/01/29 20:17:53
12228,1332.95,16201.2,-2134.26,2026/01/29 20:17:53
12229,1333.06,16145.8,-2135.86,2026/01/29 20:17:53
12230,1333.16,16106.3,-2141.18,2026/01/29 20:17:54
12231,1333.27,16073.5,-2138.6,2026/01/29 20:17:54
12232,1333.38,16046.7,-2143.18,2026/01/29 20:17:54
12233,1333.49,16050.4,-2141.3,2026/01/29 20:17:54
12234,1333.6,16102.1,-2151.08,2026/01/29 20:17:54
12235,1333.71,16131.8,-2145.54,2026/01/29 20:17:54
12236,1333.82,16150.1,-2142.39,2026/01/29 20:17:54
12237,1333.93,16184.1,-2137.25,2026/01/29 20:17:54
12238,1334.04,16199,-2134.27,2026/01/29 20:17:54
12239,1334.15,16204.5,-2133.94,2026/01/29 20:17:55
12240,1334.26,16220.7,-2134.21,2026/01/29 20:17:55
12241,1334.37,16236.8,-2138.38,2026/01/29 20:17:55
12242,1334.47,16157.7,-2137.79,2026/01/29 20:17:55
12243,1334.58,16079.4,-2139.49,2026/01/29 20:17:55
12244,1334.69,16044.4,-2142.25,2026/01/29 20:17:55
12245,1334.8,16032.1,-2140.87,2026/01/29 20:17:55
12246,1334.91,16048.5,-2144.86,2026/01/29 20:17:55
12247,1335.02,16092.3,-2149.75,2026/01/29 20:17:55
12248,1335.13,16127.5,-2149.55,2026/01/29 20:17:55
12249,1335.24,16148.4,-2142.86,2026/01/29 20:17:56
12250,1335.35,16179.1,-2139.17,2026/01/29 20:17:56
12251,1335.45,16194.2,-2135.72,2026/01/29 20:17:56
12252,1335.56,16203.1,-2134.24,2026/01/29 20:17:56
12253,1335.67,16212.5,-2135.65,2026/01/29 20:17:56
12254,1335.78,16239.3,-2138.69,2026/01/29 20:17:56
12255,1335.89,16187.9,-2138.31,2026/01/29 20:17:56
12256,1336,16133.1,-2140.98,2026/01/29 20:17:56
12257,1336.11,16075.1,-2140.9,2026/01/29 20:17:56
12258,1336.22,16051.7,-2141.02,2026/01/29 20:17:57
12259,1336.33,16033.2,-2141.84,2026/01/29 20:17:57
12260,1336.44,16061.8,-2144.67,2026/01/29 20:17:57
12261,1336.54,16113.2,-2151.54,2026/01/29 20:17:57
12262,1336.65,16133.4,-2144.4,2026/01/29 20:17:57
12263,1336.76,16151.6,-2143.56,2026/01/29 20:17:57
12264,1336.87,16193.2,-2136.14,2026/01/29 20:17:57
12265,1336.98,16199.1,-2136.73,2026/01/29 20:17:57
12266,1337.09,16210,-2135.64,2026/01/29 20:17:57
12267,1337.2,16241.7,-2140.35,2026/01/29 20:17:58
12268,1337.31,16167.6,-2139.94,2026/01/29 20:17:58
12269,1337.42,16108.7,-2140.35,2026/01/29 20:17:58
12270,1337.53,16052.3,-2142.98,2026/01/29 20:17:58
12271,1337.63,16021.1,-2141.17,2026/01/29 20:17:58
12272,1337.74,15994,-2141.77,2026/01/29 20:17:58
12273,1337.85,16042.1,-2144.21,2026/01/29 20:17:58
12274,1337.96,16106.3,-2147.36,2026/01/29 20:17:58
12275,1338.07,16131.6,-2146.18,2026/01/29 20:17:58
12276,1338.18,16147.4,-2140.15,2026/01/29 20:17:59
12277,1338.29,16151.6,-2137.31,2026/01/29 20:17:59
12278,1338.4,16167.3,-2137.17,2026/01/29 20:17:59
12279,1338.51,16202.8,-2137.33,2026/01/29 20:17:59
12280,1338.62,16235,-2139.01,2026/01/29 20:17:59
12281,1338.73,16154.7,-2138.33,2026/01/29 20:17:59
12282,1338.84,16089.4,-2139.38,2026/01/29 20:17:59
12283,1338.95,16037,-2140.96,2026/01/29 20:17:59
12284,1339.06,16006.1,-2141.39,2026/01/29 20:17:59
12285,1339.16,16045.8,-2144.76,2026/01/29 20:18:00
12286,1339.27,16104,-2150.42,2026/01/29 20:18:00
12287,1339.38,16120.1,-2146,2026/01/29 20:18:00
12288,1339.49,16138.1,-2143.69,2026/01/29 20:18:00
12289,1339.6,16145.9,-2139.34,2026/01/29 20:18:00
12290,1339.71,16146.7,-2137.6,2026/01/29 20:18:00
12291,1339.82,16155.6,-2135.96,2026/01/29 20:18:00
12292,1339.93,16187.4,-2136.75,2026/01/29 20:18:00
12293,1340.04,16228.7,-2137.26,2026/01/29 20:18:00
12294,1340.14,16188.6,-2136.87,2026/01/29 20:18:01
12295,1340.26,16136.6,-2139.6,2026/01/29 20:18:01
12296,1340.36,16085.2,-2140.74,2026/01/29 20:18:01
12297,1340.47,16064.3,-2142.24,2026/01/29 20:18:01
12298,1340.58,16058.2,-2143.15,2026/01/29 20:18:01
12299,1340.69,16067.4,-2146,2026/01/29 20:18:01
12300,1340.8,16113.6,-2147.79,2026/01/29 20:18:01
12301,1340.91,16129.3,-2147.65,2026/01/29 20:18:01
12302,1341.02,16148.7,-2140.26,2026/01/29 20:18:01
12303,1341.13,16147.3,-2137.99,2026/01/29 20:18:01
12304,1341.24,16180.6,-2134.27,2026/01/29 20:18:02
12305,1341.34,16193.7,-2134.45,2026/01/29 20:18:02
12306,1341.45,16214.1,-2135.05,2026/01/29 20:18:02
12307,1341.56,16241.2,-2139.51,2026/01/29 20:18:02
12308,1341.67,16164,-2138.5,2026/01/29 20:18:02
12309,1341.78,16117.3,-2139.52,2026/01/29 20:18:02
12310,1341.89,16076.5,-2141.69,2026/01/29 20:18:02
12311,1341.99,16063.2,-2141.74,2026/01/29 20:18:02
12312,1342.1,16083.7,-2145.39,2026/01/29 20:18:02
12313,1342.21,16122.3,-2147.51,2026/01/29 20:18:03
12314,1342.32,16138.3,-2144.98,2026/01/29 20:18:03
12315,1342.43,16163.7,-2140.2,2026/01/29 20:18:03
12316,1342.54,16193.8,-2136.12,2026/01/29 20:18:03
12317,1342.65,16199.8,-2135.02,2026/01/29 20:18:03
12318,1342.76,16210.1,-2132.77,2026/01/29 20:18:03
12319,1342.87,16224.8,-2138.68,2026/01/29 20:18:03
12320,1342.98,16224.1,-2136.85,2026/01/29 20:18:03
12321,1343.09,16148.6,-2135.91,2026/01/29 20:18:03
12322,1343.19,16084.8,-2140.27,2026/01/29 20:18:04
12323,1343.3,16037,-2141.09,2026/01/29 20:18:04
12324,1343.41,16036.1,-2145,2026/01/29 20:18:04
12325,1343.52,16070.5,-2148.69,2026/01/29 20:18:04
12326,1343.63,16110.8,-2152.57,2026/01/29 20:18:04
12327,1343.74,16125.1,-2147.34,2026/01/29 20:18:04
12328,1343.85,16140.8,-2143.91,2026/01/29 20:18:04
12329,1343.96,16150.4,-2139.05,2026/01/29 20:18:04
12330,1344.06,16145.9,-2137.34,2026/01/29 20:18:04
12331,1344.17,16175,-2137.21,2026/01/29 20:18:05
12332,1344.28,16190,-2134.16,2026/01/29 20:18:05
12333,1344.39,16217.6,-2136.57,2026/01/29 20:18:05
12334,1344.5,16237.9,-2139.12,2026/01/29 20:18:05
12335,1344.61,16180.7,-2137.05,2026/01/29 20:18:05
12336,1344.72,16120.6,-2140.72,2026/01/29 20:18:05
12337,1344.83,16069.3,-2141.07,2026/01/29 20:18:05
12338,1344.94,16040.6,-2141.03,2026/01/29 20:18:05
12339,1345.05,16006.6,-2143.43,2026/01/29 20:18:05
12340,1345.16,16030.6,-2142.75,2026/01/29 20:18:06
12341,1345.27,16086.7,-2148.82,2026/01/29 20:18:06
12342,1345.37,16120.1,-2146.54,2026/01/29 20:18:06
12343,1345.48,16129.5,-2143.21,2026/01/29 20:18:06
12344,1345.59,16145.7,-2137.81,2026/01/29 20:18:06
12345,1345.7,16140.6,-2137.87,2026/01/29 20:18:06
12346,1345.81,16181.4,-2134.72,2026/01/29 20:18:06
12347,1345.92,16210.2,-2136.35,2026/01/29 20:18:06
12348,1346.03,16213.9,-2135.4,2026/01/29 20:18:06
12349,1346.14,16142.9,-2141.02,2026/01/29 20:18:07
12350,1346.25,16080.4,-2142.38,2026/01/29 20:18:07
12351,1346.36,16058.4,-2141.39,2026/01/29 20:18:07
12352,1346.46,16059.4,-2148.18,2026/01/29 20:18:07
12353,1346.57,16099.8,-2147.71,2026/01/29 20:18:07
12354,1346.68,16120,-2150.56,2026/01/29 20:18:07
12355,1346.79,16139.9,-2139.89,2026/01/29 20:18:07
12356,1346.9,16163.5,-2141.02,2026/01/29 20:18:07
12357,1347.01,16186.1,-2134.27,2026/01/29 20:18:07
12358,1347.12,16202.8,-2136.25,2026/01/29 20:18:07
12359,1347.23,16237.6,-2137.84,2026/01/29 20:18:08
12360,1347.34,16173.2,-2138.4,2026/01/29 20:18:08
12361,1347.45,16108.8,-2143.07,2026/01/29 20:18:08
12362,1347.56,16053.4,-2141.28,2026/01/29 20:18:08
12363,1347.67,16028.5,-2143.77,2026/01/29 20:18:08
12364,1347.78,16051,-2146.31,2026/01/29 20:18:08
12365,1347.89,16104.2,-2149.73,2026/01/29 20:18:08
12366,1348,16124.5,-2148.72,2026/01/29 20:18:08
12367,1348.1,16139.3,-2140,2026/01/29 20:18:08
12368,1348.21,16147.9,-2139.11,2026/01/29 20:18:09
12369,1348.32,16148.2,-2138.45,2026/01/29 20:18:09
12370,1348.43,16186.8,-2135.78,2026/01/29 20:18:09
12371,1348.54,16216.3,-2138.11,2026/01/29 20:18:09
12372,1348.65,16198.3,-2138.68,2026/01/29 20:18:09
12373,1348.76,16131.1,-2141.54,2026/01/29 20:18:09
12374,1348.87,16065.7,-2143.1,2026/01/29 20:18:09
12375,1348.98,16043.2,-2141.12,2026/01/29 20:18:09
12376,1349.09,16046.6,-2146.72,2026/01/29 20:18:09
12377,1349.2,16103.3,-2149.96,2026/01/29 20:18:10
12378,1349.31,16123.3,-2150.35,2026/01/29 20:18:10
12379,1349.41,16146.1,-2139.17,2026/01/29 20:18:10
12380,1349.53,16149.8,-2139.85,2026/01/29 20:18:10
12381,1349.63,16157.4,-2135.79,2026/01/29 20:18:10
12382,1349.74,16188.5,-2138.32,2026/01/29 20:18:10
12383,1349.85,16230.5,-2137.65,2026/01/29 20:18:10
12384,1349.96,16155.6,-2140.96,2026/01/29 20:18:10
12385,1350.07,16080.1,-2141.54,2026/01/29 20:18:10
12386,1350.18,16050.6,-2142.26,2026/01/29 20:18:11
12387,1350.29,16080.1,-2148.79,2026/01/29 20:18:11
12388,1350.4,16119.3,-2149.55,2026/01/29 20:18:11
12389,1350.51,16132.9,-2145.1,2026/01/29 20:18:11
12390,1350.61,16153.9,-2141.75,2026/01/29 20:18:11
12391,1350.72,16170.7,-2137.72,2026/01/29 20:18:11
12392,1350.83,16190.6,-2135.99,2026/01/29 20:18:11
12393,1350.94,16193.3,-2135.66,2026/01/29 20:18:11
12394,1351.05,16227.3,-2137.15,2026/01/29 20:18:11
12395,1351.16,16168.8,-2138.39,2026/01/29 20:18:12
12396,1351.27,16107.8,-2140.57,2026/01/29 20:18:12
12397,1351.38,16065.5,-2140.75,2026/01/29 20:18:12
12398,1351.49,16068,-2145.17,2026/01/29 20:18:12
12399,1351.6,16105.9,-2147.89,2026/01/29 20:18:12
12400,1351.71,16131.8,-2148.54,2026/01/29 20:18:12
12401,1351.82,16152.6,-2141.87,2026/01/29 20:18:12
12402,1351.93,16191.4,-2135.94,2026/01/29 20:18:12
12403,1352.04,16200.2,-2136.01,2026/01/29 20:18:12
12404,1352.15,16207,-2131.81,2026/01/29 20:18:13
12405,1352.25,16214.6,-2136.44,2026/01/29 20:18:13
12406,1352.36,16239.7,-2138.76,2026/01/29 20:18:13
12407,1352.47,16159.2,-2138.39,2026/01/29 20:18:13
12408,1352.58,16094.4,-2141.2,2026/01/29 20:18:13
12409,1352.69,16055.6,-2141.91,2026/01/29 20:18:13
12410,1352.8,16066.8,-2143.75,2026/01/29 20:18:13
12411,1352.91,16112.4,-2152.63,2026/01/29 20:18:13
12412,1353.02,16134.5,-2144.12,2026/01/29 20:18:13
12413,1353.13,16146,-2143.62,2026/01/29 20:18:13
12414,1353.24,16162.8,-2139.15,2026/01/29 20:18:14
12415,1353.35,16181.6,-2136.97,2026/01/29 20:18:14
12416,1353.45,16191.4,-2135.23,2026/01/29 20:18:14
12417,1353.56,16203.1,-2135.15,2026/01/29 20:18:14
12418,1353.67,16232.2,-2138.99,2026/01/29 20:18:14
12419,1353.78,16171.5,-2136.44,2026/01/29 20:18:14
12420,1353.89,16113.5,-2139.92,2026/01/29 20:18:14
12421,1354,16058.9,-2140.33,2026/01/29 20:18:14
12422,1354.11,16026.2,-2143.78,2026/01/29 20:18:14
12423,1354.22,16044.4,-2141.13,2026/01/29 20:18:15
12424,1354.33,16089.1,-2152.6,2026/01/29 20:18:15
12425,1354.44,16128.3,-2144.51,2026/01/29 20:18:15
12426,1354.54,16154.1,-2140.35,2026/01/29 20:18:15
12427,1354.65,16185.6,-2136.16,2026/01/29 20:18:15
12428,1354.76,16199.6,-2133.46,2026/01/29 20:18:15
12429,1354.87,16205.7,-2136.61,2026/01/29 20:18:15
12430,1354.98,16238.5,-2137.03,2026/01/29 20:18:15
12431,1355.09,16158.2,-2135.4,2026/01/29 20:18:15
12432,1355.2,16092.6,-2139.1,2026/01/29 20:18:16
12433,1355.31,16033.8,-2142.26,2026/01/29 20:18:16
12434,1355.42,16039,-2142.24,2026/01/29 20:18:16
12435,1355.53,16066.7,-2149.45,2026/01/29 20:18:16
12436,1355.64,16113.7,-2148.95,2026/01/29 20:18:16
12437,1355.74,16138,-2145,2026/01/29 20:18:16
12438,1355.86,16151.8,-2138.19,2026/01/29 20:18:16
12439,1355.96,16187.8,-2134.13,2026/01/29 20:18:16
12440,1356.07,16198.5,-2134.97,2026/01/29 20:18:16
12441,1356.18,16220.8,-2135.49,2026/01/29 20:18:17
12442,1356.29,16239.2,-2137.81,2026/01/29 20:18:17
12443,1356.4,16157.3,-2140.08,2026/01/29 20:18:17
12444,1356.51,16092.4,-2138.35,2026/01/29 20:18:17
12445,1356.62,16078.5,-2142.36,2026/01/29 20:18:17
12446,1356.73,16100.4,-2146.95,2026/01/29 20:18:17
12447,1356.84,16127.7,-2150.54,2026/01/29 20:18:17
12448,1356.94,16142.1,-2146.68,2026/01/29 20:18:17
12449,1357.05,16151.7,-2141.78,2026/01/29 20:18:17
12450,1357.16,16166.1,-2138.83,2026/01/29 20:18:18
12451,1357.27,16181.4,-2137.89,2026/01/29 20:18:18
12452,1357.38,16188.8,-2133.78,2026/01/29 20:18:18
12453,1357.49,16191.2,-2136.3,2026/01/29 20:18:18
12454,1357.6,16199.3,-2134.64,2026/01/29 20:18:18
12455,1357.71,16224.3,-2136.58,2026/01/29 20:18:18
12456,1357.82,16192.4,-2135.14,2026/01/29 20:18:18
12457,1357.92,16118.6,-2140.58,2026/01/29 20:18:18
12458,1358.03,16065.6,-2142.39,2026/01/29 20:18:18
12459,1358.14,16062.8,-2142.08,2026/01/29 20:18:19
12460,1358.25,16064,-2144.88,2026/01/29 20:18:19
12461,1358.36,16087.4,-2146.72,2026/01/29 20:18:19
12462,1358.47,16115.4,-2152.91,2026/01/29 20:18:19
12463,1358.58,16145.4,-2142.6,2026/01/29 20:18:19
12464,1358.69,16188.8,-2141.53,2026/01/29 20:18:19
12465,1358.8,16201,-2133.43,2026/01/29 20:18:19
12466,1358.91,16203.2,-2136.53,2026/01/29 20:18:19
12467,1359.02,16208.9,-2133.87,2026/01/29 20:18:19
12468,1359.13,16216.2,-2133.6,2026/01/29 20:18:19
12469,1359.24,16232.7,-2136.88,2026/01/29 20:18:20
12470,1359.35,16217.3,-2133.4,2026/01/29 20:18:20
12471,1359.45,16145.4,-2138.27,2026/01/29 20:18:20
12472,1359.56,16084.6,-2138.62,2026/01/29 20:18:20
12473,1359.67,16038,-2142.44,2026/01/29 20:18:20
12474,1359.78,16015.9,-2141.46,2026/01/29 20:18:20
12475,1359.89,15986.7,-2139.66,2026/01/29 20:18:20
12476,1360,15966,-2138.44,2026/01/29 20:18:20
12477,1360.11,15957.5,-2143.06,2026/01/29 20:18:20
12478,1360.22,16025.9,-2143.86,2026/01/29 20:18:21
12479,1360.33,16103.9,-2149.11,2026/01/29 20:18:21
12480,1360.44,16178.5,-2143.96,2026/01/29 20:18:21
12481,1360.55,16216.5,-2134.92,2026/01/29 20:18:21
12482,1360.65,16219.3,-2135.44,2026/01/29 20:18:21
12483,1360.76,16221.9,-2136.34,2026/01/29 20:18:21
12484,1360.87,16221.3,-2134.64,2026/01/29 20:18:21
12485,1360.98,16224.4,-2137.24,2026/01/29 20:18:21
12486,1361.09,16227.6,-2135.08,2026/01/29 20:18:21
12487,1361.2,16241.2,-2141.16,2026/01/29 20:18:22
12488,1361.31,16186.3,-2139.54,2026/01/29 20:18:22
12489,1361.42,16125.9,-2140.87,2026/01/29 20:18:22
12490,1361.53,16086.2,-2138.79,2026/01/29 20:18:22
12491,1361.64,16083.1,-2140.65,2026/01/29 20:18:22
12492,1361.74,16099,-2142.42,2026/01/29 20:18:22
12493,1361.85,16127.2,-2151.02,2026/01/29 20:18:22
12494,1361.96,16150.9,-2142.22,2026/01/29 20:18:22
12495,1362.07,16189.8,-2141.8,2026/01/29 20:18:22
12496,1362.18,16201.4,-2135.81,2026/01/29 20:18:23
12497,1362.29,16208.3,-2135.28,2026/01/29 20:18:23
12498,1362.4,16214.4,-2136.4,2026/01/29 20:18:23
12499,1362.51,16249.4,-2136.49,2026/01/29 20:18:23
12500,1362.62,16189.6,-2137.45,2026/01/29 20:18:23
12501,1362.73,16140,-2137.8,2026/01/29 20:18:23
12502,1362.83,16086.8,-2136.09,2026/01/29 20:18:23
12503,1362.94,16057.7,-2140,2026/01/29 20:18:23
12504,1363.05,16015,-2138.89,2026/01/29 20:18:23
12505,1363.16,15993.8,-2137.46,2026/01/29 20:18:24
12506,1363.27,16043.3,-2143.33,2026/01/29 20:18:24
12507,1363.38,16103.3,-2148.11,2026/01/29 20:18:24
12508,1363.49,16127.7,-2147.35,2026/01/29 20:18:24
12509,1363.6,16142,-2143.01,2026/01/29 20:18:24
12510,1363.71,16184.6,-2136.69,2026/01/29 20:18:24
12511,1363.82,16196,-2135.83,2026/01/29 20:18:24
12512,1363.92,16202.1,-2133.62,2026/01/29 20:18:24
12513,1364.03,16210.2,-2134.25,2026/01/29 20:18:24
12514,1364.14,16215.3,-2135.93,2026/01/29 20:18:25
12515,1364.25,16250.3,-2137.52,2026/01/29 20:18:25
12516,1364.36,16190.5,-2139.38,2026/01/29 20:18:25
12517,1364.47,16146,-2136.76,2026/01/29 20:18:25
12518,1364.58,16108.3,-2139.36,2026/01/29 20:18:25
12519,1364.69,16080.5,-2138.42,2026/01/29 20:18:25
12520,1364.8,16061.9,-2139.28,2026/01/29 20:18:25
12521,1364.91,16053.7,-2140.26,2026/01/29 20:18:25
12522,1365.02,16085.1,-2145.42,2026/01/29 20:18:25
12523,1365.13,16130.8,-2147.71,2026/01/29 20:18:25
12524,1365.24,16148.7,-2145.59,2026/01/29 20:18:26
12525,1365.35,16182.1,-2138.58,2026/01/29 20:18:26
12526,1365.45,16196.4,-2138.13,2026/01/29 20:18:26
12527,1365.56,16203.1,-2133.26,2026/01/29 20:18:26
12528,1365.67,16213.6,-2134.69,2026/01/29 20:18:26
12529,1365.78,16247,-2137.71,2026/01/29 20:18:26
12530,1365.89,16184.2,-2138.5,2026/01/29 20:18:26
12531,1366,16126.6,-2140.69,2026/01/29 20:18:26
12532,1366.11,16073,-2139.24,2026/01/29 20:18:26
12533,1366.22,16064.6,-2142,2026/01/29 20:18:27
12534,1366.33,16107.9,-2147.59,2026/01/29 20:18:27
12535,1366.44,16137.4,-2146.09,2026/01/29 20:18:27
12536,1366.54,16162.5,-2142.96,2026/01/29 20:18:27
12537,1366.65,16194.3,-2136.16,2026/01/29 20:18:27
12538,1366.76,16204.8,-2134.83,2026/01/29 20:18:27
12539,1366.87,16212.2,-2133.47,2026/01/29 20:18:27
12540,1366.98,16229.8,-2135.61,2026/01/29 20:18:27
12541,1367.09,16229.2,-2135.33,2026/01/29 20:18:27
12542,1367.2,16147.1,-2140.35,2026/01/29 20:18:28
12543,1367.31,16085.5,-2137.09,2026/01/29 20:18:28
12544,1367.42,16061.6,-2144.77,2026/01/29 20:18:28
12545,1367.53,16073.4,-2141.88,2026/01/29 20:18:28
12546,1367.63,16101.7,-2148.25,2026/01/29 20:18:28
12547,1367.74,16136.6,-2147.87,2026/01/29 20:18:28
12548,1367.85,16159.3,-2142.98,2026/01/29 20:18:28
12549,1367.96,16192.3,-2137.31,2026/01/29 20:18:28
12550,1368.07,16204,-2134,2026/01/29 20:18:28
12551,1368.18,16206.8,-2134.66,2026/01/29 20:18:29
12552,1368.29,16218.7,-2133.04,2026/01/29 20:18:29
12553,1368.4,16225.8,-2135.22,2026/01/29 20:18:29
12554,1368.51,16253.6,-2139.66,2026/01/29 20:18:29
12555,1368.62,16179.4,-2136.69,2026/01/29 20:18:29
12556,1368.72,16136.3,-2140.9,2026/01/29 20:18:29
12557,1368.83,16088.4,-2138.15,2026/01/29 20:18:29
12558,1368.94,16061.9,-2140.13,2026/01/29 20:18:29
12559,1369.05,16048.2,-2140.1,2026/01/29 20:18:29
12560,1369.16,16076.3,-2144.62,2026/01/29 20:18:30
12561,1369.27,16124.2,-2148.24,2026/01/29 20:18:30
12562,1369.38,16149.7,-2144.39,2026/01/29 20:18:30
12563,1369.49,16189,-2138.78,2026/01/29 20:18:30
12564,1369.6,16199.3,-2135.94,2026/01/29 20:18:30
12565,1369.71,16209.7,-2132.54,2026/01/29 20:18:30
12566,1369.82,16214.8,-2136.18,2026/01/29 20:18:30
12567,1369.93,16233.1,-2133,2026/01/29 20:18:30
12568,1370.04,16243.9,-2140.25,2026/01/29 20:18:30
12569,1370.14,16165.7,-2139.46,2026/01/29 20:18:31
12570,1370.25,16107.3,-2140.75,2026/01/29 20:18:31
12571,1370.36,16080.4,-2140.59,2026/01/29 20:18:31
12572,1370.47,16067.8,-2139.79,2026/01/29 20:18:31
12573,1370.58,16094.5,-2146.04,2026/01/29 20:18:31
12574,1370.69,16138,-2147.28,2026/01/29 20:18:31
12575,1370.8,16158.2,-2141.99,2026/01/29 20:18:31
12576,1370.91,16197.2,-2138.01,2026/01/29 20:18:31
12577,1371.02,16204.1,-2132.97,2026/01/29 20:18:31
12578,1371.13,16217.5,-2134.37,2026/01/29 20:18:31
12579,1371.23,16235.3,-2136.71,2026/01/29 20:18:32
12580,1371.34,16200.2,-2136.88,2026/01/29 20:18:32
12581,1371.45,16133.7,-2140.66,2026/01/29 20:18:32
12582,1371.56,16054.1,-2141.3,2026/01/29 20:18:32
12583,1371.67,16032.4,-2140.08,2026/01/29 20:18:32
12584,1371.78,16039.2,-2144.36,2026/01/29 20:18:32
12585,1371.89,16086.5,-2146.06,2026/01/29 20:18:32
12586,1372,16117.8,-2154.55,2026/01/29 20:18:32
12587,1372.11,16140.6,-2145.67,2026/01/29 20:18:32
12588,1372.22,16158.5,-2143.01,2026/01/29 20:18:33
12589,1372.32,16196.7,-2135.73,2026/01/29 20:18:33
12590,1372.43,16205.6,-2135.04,2026/01/29 20:18:33
12591,1372.54,16211.2,-2134.19,2026/01/29 20:18:33
12592,1372.65,16232.9,-2135.15,2026/01/29 20:18:33
12593,1372.76,16232.2,-2139.06,2026/01/29 20:18:33
12594,1372.87,16157.9,-2138.43,2026/01/29 20:18:33
12595,1372.98,16099.3,-2139.75,2026/01/29 20:18:33
12596,1373.09,16042.1,-2140.76,2026/01/29 20:18:33
12597,1373.19,16021.9,-2139.78,2026/01/29 20:18:34
12598,1373.3,16073.3,-2143.92,2026/01/29 20:18:34
12599,1373.41,16124.9,-2147.76,2026/01/29 20:18:34
12600,1373.52,16136.8,-2146.55,2026/01/29 20:18:34
12601,1373.63,16167.1,-2140.99,2026/01/29 20:18:34
12602,1373.74,16199.9,-2134.94,2026/01/29 20:18:34
12603,1373.85,16211,-2134.74,2026/01/29 20:18:34
12604,1373.96,16212.3,-2132.63,2026/01/29 20:18:34
12605,1374.07,16220.6,-2136.28,2026/01/29 20:18:34
12606,1374.18,16250.2,-2138.76,2026/01/29 20:18:35
12607,1374.29,16161.5,-2140.63,2026/01/29 20:18:35
12608,1374.39,16085.4,-2139.19,2026/01/29 20:18:35
12609,1374.5,16074.5,-2141.56,2026/01/29 20:18:35
12610,1374.61,16117.3,-2147.87,2026/01/29 20:18:35
12611,1374.72,16149.5,-2145.36,2026/01/29 20:18:35
12612,1374.83,16174.1,-2139.55,2026/01/29 20:18:35
12613,1374.94,16203.8,-2138.28,2026/01/29 20:18:35
12614,1375.05,16215.3,-2131.49,2026/01/29 20:18:35
12615,1375.16,16212.2,-2136.82,2026/01/29 20:18:36
12616,1375.27,16218.6,-2132.96,2026/01/29 20:18:36
12617,1375.37,16218.6,-2134.74,2026/01/29 20:18:36
12618,1375.49,16219.8,-2134.25,2026/01/29 20:18:36
12619,1375.59,16223.1,-2133.81,2026/01/29 20:18:36
12620,1375.7,16221.5,-2133.34,2026/01/29 20:18:36
12621,1375.81,16226.1,-2132.7,2026/01/29 20:18:36
12622,1375.92,16226.3,-2134.21,2026/01/29 20:18:36
12623,1376.03,16229.4,-2131.03,2026/01/29 20:18:36
12624,1376.14,16229.9,-2135.53,2026/01/29 20:18:37
12625,1376.25,16232.2,-2130.84,2026/01/29 20:18:37
12626,1376.36,16233.3,-2133.14,2026/01/29 20:18:37
12627,1376.47,16233.7,-2132.03,2026/01/29 20:18:37
12628,1376.57,16235.8,-2132.03,2026/01/29 20:18:37
12629,1376.68,16234,-2132.75,2026/01/29 20:18:37
12630,1376.79,16235.6,-2131.89,2026/01/29 20:18:37
12631,1376.9,16235.7,-2132.64,2026/01/29 20:18:37
12632,1377.01,16236.6,-2132.44,2026/01/29 20:18:37
12633,1377.12,16237.3,-2132.12,2026/01/29 20:18:37
12634,1377.23,16237.7,-2133.09,2026/01/29 20:18:38
12635,1377.34,16237.4,-2132.25,2026/01/29 20:18:38
12636,1377.45,16238.2,-2132.89,2026/01/29 20:18:38
12637,1377.56,16239.3,-2131.62,2026/01/29 20:18:38
12638,1377.66,16238.1,-2133.83,2026/01/29 20:18:38
12639,1377.77,16240,-2132.27,2026/01/29 20:18:38
12640,1377.88,16239.5,-2132.41,2026/01/29 20:18:38
12641,1377.99,16242.1,-2132.92,2026/01/29 20:18:38
12642,1378.1,16240.5,-2131.31,2026/01/29 20:18:38
12643,1378.21,16243,-2133.68,2026/01/29 20:18:39
12644,1378.32,16242,-2132.06,2026/01/29 20:18:39
12645,1378.42,16243.8,-2133.2,2026/01/29 20:18:39
12646,1378.54,16242.2,-2132.06,2026/01/29 20:18:39
12647,1378.64,16243.2,-2133.07,2026/01/29 20:18:39
12648,1378.75,16244.6,-2131.1,2026/01/29 20:18:39
12649,1378.86,16242.4,-2133.27,2026/01/29 20:18:39
12650,1378.97,16246.4,-2132.47,2026/01/29 20:18:39
12651,1379.08,16242.3,-2131.37,2026/01/29 20:18:39
12652,1379.19,16246.7,-2134.07,2026/01/29 20:18:40
12653,1379.3,16243.5,-2132.03,2026/01/29 20:18:40
12654,1379.41,16248.3,-2133.92,2026/01/29 20:18:40
12655,1379.52,16244.7,-2131.68,2026/01/29 20:18:40
12656,1379.63,16248.9,-2133.91,2026/01/29 20:18:40
12657,1379.74,16247.1,-2132.05,2026/01/29 20:18:40
12658,1379.85,16248.4,-2133.1,2026/01/29 20:18:40
12659,1379.96,16247.6,-2132.6,2026/01/29 20:18:40
12660,1380.07,16248.5,-2132.84,2026/01/29 20:18:40
12661,1380.17,16249.8,-2131.63,2026/01/29 20:18:41
12662,1380.28,16247.7,-2134.63,2026/01/29 20:18:41
12663,1380.39,16250.8,-2132.02,2026/01/29 20:18:41
12664,1380.5,16247.1,-2133.05,2026/01/29 20:18:41
12665,1380.61,16252.7,-2133.41,2026/01/29 20:18:41
12666,1380.72,16248.8,-2131.98,2026/01/29 20:18:41
12667,1380.83,16252.6,-2133.81,2026/01/29 20:18:41
12668,1380.94,16250.7,-2132.29,2026/01/29 20:18:41
12669,1381.05,16251.6,-2133.42,2026/01/29 20:18:41
12670,1381.15,16251.6,-2132.63,2026/01/29 20:18:42
12671,1381.26,16250.7,-2133.85,2026/01/29 20:18:42
12672,1381.37,16253,-2132.61,2026/01/29 20:18:42
12673,1381.48,16251,-2133.11,2026/01/29 20:18:42
12674,1381.59,16255.1,-2133.67,2026/01/29 20:18:42
12675,1381.7,16252.3,-2131.4,2026/01/29 20:18:42
12676,1381.81,16254.6,-2134.02,2026/01/29 20:18:42
12677,1381.92,16254.2,-2132.61,2026/01/29 20:18:42
12678,1382.03,16255.8,-2133.23,2026/01/29 20:18:42
12679,1382.14,16255.2,-2132.37,2026/01/29 20:18:43
12680,1382.25,16255.1,-2133.46,2026/01/29 20:18:43
12681,1382.36,16255.4,-2132.9,2026/01/29 20:18:43
12682,1382.47,16255.9,-2133.28,2026/01/29 20:18:43
12683,1382.57,16257,-2132.54,2026/01/29 20:18:43
12684,1382.68,16254.7,-2133.96,2026/01/29 20:18:43
12685,1382.79,16257.5,-2131.62,2026/01/29 20:18:43
12686,1382.9,16256.4,-2133.1,2026/01/29 20:18:43
12687,1383.01,16257.3,-2131.88,2026/01/29 20:18:43
12688,1383.12,16256,-2133.9,2026/01/29 20:18:43
12689,1383.23,16257.1,-2132.21,2026/01/29 20:18:44
12690,1383.34,16257.3,-2134.64,2026/01/29 20:18:44
12691,1383.45,16258.3,-2131.01,2026/01/29 20:18:44
12692,1383.56,16257.1,-2135.31,2026/01/29 20:18:44
12693,1383.67,16257.5,-2132.31,2026/01/29 20:18:44
12694,1383.78,16257.6,-2134.4,2026/01/29 20:18:44
12695,1383.88,16257.4,-2132.7,2026/01/29 20:18:44
12696,1383.99,16258.8,-2133.59,2026/01/29 20:18:44
12697,1384.1,16256.8,-2134.51,2026/01/29 20:18:44
12698,1384.21,16261.3,-2131.85,2026/01/29 20:18:45
12699,1384.32,16255.8,-2136.03,2026/01/29 20:18:45
12700,1384.43,16261.7,-2130.81,2026/01/29 20:18:45
12701,1384.54,16256,-2135.46,2026/01/29 20:18:45
12702,1384.65,16262,-2132.39,2026/01/29 20:18:45
12703,1384.76,16257.9,-2133.79,2026/01/29 20:18:45
12704,1384.87,16261.7,-2133.44,2026/01/29 20:18:45
12705,1384.97,16258.4,-2134.03,2026/01/29 20:18:45
12706,1385.08,16260.7,-2133.48,2026/01/29 20:18:45
12707,1385.19,16260.6,-2133.29,2026/01/29 20:18:46
12708,1385.3,16260.7,-2133.89,2026/01/29 20:18:46
12709,1385.41,16263.4,-2132.15,2026/01/29 20:18:46
12710,1385.52,16260.9,-2133.85,2026/01/29 20:18:46
12711,1385.63,16263.4,-2132.77,2026/01/29 20:18:46
12712,1385.74,16261,-2132.56,2026/01/29 20:18:46
12713,1385.85,16263.3,-2134.46,2026/01/29 20:18:46
12714,1385.96,16261.6,-2133.33,2026/01/29 20:18:46
12715,1386.06,16263.5,-2132.85,2026/01/29 20:18:46
12716,1386.17,16265.4,-2132.35,2026/01/29 20:18:47
12717,1386.28,16263.4,-2133.77,2026/01/29 20:18:47
12718,1386.39,16265.6,-2132.53,2026/01/29 20:18:47
12719,1386.5,16263.4,-2133.2,2026/01/29 20:18:47
12720,1386.61,16266,-2132.06,2026/01/29 20:18:47
12721,1386.72,16263.9,-2134.34,2026/01/29 20:18:47
12722,1386.83,16267.7,-2129.65,2026/01/29 20:18:47
12723,1386.94,16263.5,-2136.05,2026/01/29 20:18:47
12724,1387.04,16266,-2131.65,2026/01/29 20:18:47
12725,1387.15,16265.6,-2133.34,2026/01/29 20:18:48
12726,1387.26,16265.7,-2132.49,2026/01/29 20:18:48
12727,1387.37,16267.4,-2132.59,2026/01/29 20:18:48
12728,1387.48,16264.3,-2133.7,2026/01/29 20:18:48
12729,1387.59,16269.5,-2133,2026/01/29 20:18:48
12730,1387.7,16263,-2132.76,2026/01/29 20:18:48
12731,1387.81,16268.6,-2135.31,2026/01/29 20:18:48
12732,1387.92,16265.3,-2131.83,2026/01/29 20:18:48
12733,1388.02,16267.6,-2133.8,2026/01/29 20:18:48
12734,1388.13,16265.9,-2133.48,2026/01/29 20:18:48
12735,1388.24,16266.3,-2132.73,2026/01/29 20:18:49
12736,1388.35,16267.6,-2132.55,2026/01/29 20:18:49
12737,1388.46,16265.3,-2133.97,2026/01/29 20:18:49
12738,1388.57,16268.1,-2133.3,2026/01/29 20:18:49
12739,1388.68,16264.8,-2133.8,2026/01/29 20:18:49
12740,1388.79,16268.8,-2133.12,2026/01/29 20:18:49
12741,1388.9,16264.7,-2134.15,2026/01/29 20:18:49
12742,1389.01,16270.4,-2132.15,2026/01/29 20:18:49
12743,1389.12,16262.4,-2135,2026/01/29 20:18:49
12744,1389.23,16271,-2134.26,2026/01/29 20:18:50
12745,1389.33,16264.3,-2133.04,2026/01/29 20:18:50
12746,1389.44,16268.8,-2134.72,2026/01/29 20:18:50
12747,1389.55,16267.3,-2133.07,2026/01/29 20:18:50
12748,1389.66,16268.1,-2134.25,2026/01/29 20:18:50
12749,1389.77,16268.7,-2133.38,2026/01/29 20:18:50
12750,1389.88,16267.5,-2134.26,2026/01/29 20:18:50
12751,1389.99,16268.9,-2133.06,2026/01/29 20:18:50
12752,1390.1,16267.9,-2134.52,2026/01/29 20:18:50
12753,1390.21,16269.4,-2131.41,2026/01/29 20:18:51
12754,1390.32,16266.5,-2137.31,2026/01/29 20:18:51
12755,1390.43,16270.6,-2130.87,2026/01/29 20:18:51
12756,1390.53,16265.8,-2135.5,2026/01/29 20:18:51
12757,1390.64,16270.6,-2133.51,2026/01/29 20:18:51
12758,1390.75,16267.4,-2134,2026/01/29 20:18:51
12759,1390.86,16269.5,-2134.46,2026/01/29 20:18:51
12760,1390.97,16270.1,-2132.67,2026/01/29 20:18:51
12761,1391.08,16268,-2134.66,2026/01/29 20:18:51
12762,1391.19,16269.5,-2133.91,2026/01/29 20:18:52
12763,1391.3,16269.5,-2134.05,2026/01/29 20:18:52
12764,1391.4,16269,-2132.98,2026/01/29 20:18:52
12765,1391.51,16269.4,-2136.41,2026/01/29 20:18:52
12766,1391.62,16269.5,-2133.35,2026/01/29 20:18:52
12767,1391.73,16269.2,-2135.47,2026/01/29 20:18:52
12768,1391.84,16269.1,-2133.75,2026/01/29 20:18:52
12769,1391.95,16271.6,-2133.89,2026/01/29 20:18:52
12770,1392.06,16267.4,-2135.17,2026/01/29 20:18:52
12771,1392.17,16273.3,-2133.98,2026/01/29 20:18:53
12772,1392.28,16266.7,-2133.82,2026/01/29 20:18:53
12773,1392.38,16271.2,-2135.71,2026/01/29 20:18:53
12774,1392.49,16269.4,-2133.83,2026/01/29 20:18:53
12775,1392.6,16270.8,-2134.51,2026/01/29 20:18:53
12776,1392.71,16270.7,-2135.29,2026/01/29 20:18:53
12777,1392.82,16270.4,-2134.31,2026/01/29 20:18:53
12778,1392.93,16271.4,-2134.82,2026/01/29 20:18:53
12779,1393.04,16269.3,-2134.47,2026/01/29 20:18:53
12780,1393.15,16271.7,-2135.19,2026/01/29 20:18:54
12781,1393.26,16267.9,-2135.52,2026/01/29 20:18:54
12782,1393.36,16274.4,-2133.5,2026/01/29 20:18:54
12783,1393.47,16266.6,-2134.54,2026/01/29 20:18:54
12784,1393.58,16272.2,-2136.54,2026/01/29 20:18:54
12785,1393.69,16268.6,-2134.14,2026/01/29 20:18:54
12786,1393.8,16269.9,-2135.95,2026/01/29 20:18:54
12787,1393.91,16271.2,-2134.72,2026/01/29 20:18:54
12788,1394.02,16269.2,-2136.09,2026/01/29 20:18:54
12789,1394.13,16271.4,-2134.85,2026/01/29 20:18:54
12790,1394.24,16268.8,-2135.14,2026/01/29 20:18:55
12791,1394.35,16272.4,-2134.6,2026/01/29 20:18:55
12792,1394.45,16267.2,-2137.37,2026/01/29 20:18:55
12793,1394.56,16274.7,-2133.55,2026/01/29 20:18:55
12794,1394.67,16267.7,-2135.41,2026/01/29 20:18:55
12795,1394.78,16273,-2136.66,2026/01/29 20:18:55
12796,1394.89,16269.9,-2135.02,2026/01/29 20:18:55
12797,1395,16270.6,-2135.9,2026/01/29 20:18:55
12798,1395.11,16272,-2134.27,2026/01/29 20:18:55
12799,1395.22,16269.8,-2136.51,2026/01/29 20:18:56
12800,1395.33,16271.9,-2135.4,2026/01/29 20:18:56
12801,1395.43,16270.5,-2136.62,2026/01/29 20:18:56
12802,1395.54,16271.9,-2133.05,2026/01/29 20:18:56
12803,1395.65,16269,-2138.31,2026/01/29 20:18:56
12804,1395.76,16272.9,-2134.49,2026/01/29 20:18:56
12805,1395.87,16269.7,-2136.22,2026/01/29 20:18:56
12806,1395.98,16271.2,-2135.35,2026/01/29 20:18:56
12807,1396.08,16272.2,-2135.05,2026/01/29 20:18:56
12808,1396.19,16269.6,-2136.3,2026/01/29 20:18:57
12809,1396.3,16272.8,-2136.1,2026/01/29 20:18:57
12810,1396.41,16269.3,-2136.16,2026/01/29 20:18:57
12811,1396.52,16270.7,-2136.48,2026/01/29 20:18:57
12812,1396.63,16271.3,-2136.82,2026/01/29 20:18:57
12813,1396.74,16271.2,-2134.54,2026/01/29 20:18:57
12814,1396.85,16270.8,-2136.95,2026/01/29 20:18:57
12815,1396.96,16269.8,-2136.36,2026/01/29 20:18:57
12816,1397.06,16271.5,-2136.95,2026/01/29 20:18:57
12817,1397.18,16268.7,-2135.68,2026/01/29 20:18:58
12818,1397.28,16272.9,-2135.62,2026/01/29 20:18:58
12819,1397.39,16267.2,-2136.9,2026/01/29 20:18:58
12820,1397.5,16273.1,-2135.7,2026/01/29 20:18:58
12821,1397.61,16267.9,-2135.75,2026/01/29 20:18:58
12822,1397.72,16272.1,-2137.4,2026/01/29 20:18:58
12823,1397.83,16269.8,-2135.33,2026/01/29 20:18:58
12824,1397.94,16271.4,-2135.8,2026/01/29 20:18:58
12825,1398.05,16270.6,-2137.1,2026/01/29 20:18:58
12826,1398.16,16271.4,-2133.91,2026/01/29 20:18:59
12827,1398.27,16270.3,-2137.39,2026/01/29 20:18:59
12828,1398.38,16271.3,-2135.13,2026/01/29 20:18:59
12829,1398.49,16271,-2137.33,2026/01/29 20:18:59
12830,1398.59,16271.3,-2135.86,2026/01/29 20:18:59
12831,1398.7,16271.2,-2136.98,2026/01/29 20:18:59
12832,1398.81,16269.7,-2137.28,2026/01/29 20:18:59
12833,1398.92,16272.3,-2136.03,2026/01/29 20:18:59
12834,1399.03,16268.6,-2136.89,2026/01/29 20:18:59
12835,1399.14,16272.5,-2137.39,2026/01/29 20:19:00
12836,1399.25,16270.1,-2135.79,2026/01/29 20:19:00
12837,1399.36,16270.4,-2136.57,2026/01/29 20:19:00
12838,1399.47,16270.8,-2137.3,2026/01/29 20:19:00
12839,1399.58,16271.5,-2134.71,2026/01/29 20:19:00
12840,1399.69,16270.6,-2137.71,2026/01/29 20:19:00
12841,1399.8,16270.4,-2135.52,2026/01/29 20:19:00
12842,1399.9,16271.1,-2136.48,2026/01/29 20:19:00
12843,1400.01,16269.8,-2135.86,2026/01/29 20:19:00
12844,1400.12,16271.8,-2136.7,2026/01/29 20:19:00
12845,1400.23,16268.2,-2137.63,2026/01/29 20:19:01
12846,1400.34,16273.4,-2136.6,2026/01/29 20:19:01
12847,1400.45,16267.4,-2136.38,2026/01/29 20:19:01
12848,1400.56,16272.2,-2137.69,2026/01/29 20:19:01
12849,1400.67,16269.3,-2135.96,2026/01/29 20:19:01
12850,1400.78,16270.6,-2136.71,2026/01/29 20:19:01
12851,1400.89,16269.8,-2137.84,2026/01/29 20:19:01
12852,1401,16271.3,-2134.78,2026/01/29 20:19:01
12853,1401.11,16270.7,-2137.64,2026/01/29 20:19:01
12854,1401.21,16270.4,-2135.52,2026/01/29 20:19:02
12855,1401.32,16270.9,-2136.39,2026/01/29 20:19:02
12856,1401.43,16269.3,-2136,2026/01/29 20:19:02
12857,1401.54,16271.5,-2136.37,2026/01/29 20:19:02
12858,1401.65,16268,-2137.28,2026/01/29 20:19:02
12859,1401.76,16273,-2136.22,2026/01/29 20:19:02
12860,1401.87,16267,-2136.22,2026/01/29 20:19:02
12861,1401.98,16272.2,-2138.39,2026/01/29 20:19:02
12862,1402.09,16268.9,-2135.75,2026/01/29 20:19:02
12863,1402.2,16271.3,-2137.13,2026/01/29 20:19:03
12864,1402.3,16269.3,-2137.02,2026/01/29 20:19:03
12865,1402.41,16268.9,-2137,2026/01/29 20:19:03
12866,1402.52,16271.4,-2136.31,2026/01/29 20:19:03
12867,1402.63,16268.3,-2136.88,2026/01/29 20:19:03
12868,1402.74,16271.9,-2136.73,2026/01/29 20:19:03
12869,1402.85,16267.9,-2136.72,2026/01/29 20:19:03
12870,1402.96,16272,-2135.9,2026/01/29 20:19:03
12871,1403.07,16266.1,-2137.9,2026/01/29 20:19:03
12872,1403.18,16273.1,-2135.84,2026/01/29 20:19:04
12873,1403.29,16266.2,-2136.94,2026/01/29 20:19:04
12874,1403.4,16272.7,-2136.83,2026/01/29 20:19:04
12875,1403.51,16267.7,-2135.41,2026/01/29 20:19:04
12876,1403.61,16271.6,-2137.59,2026/01/29 20:19:04
12877,1403.72,16270,-2136.86,2026/01/29 20:19:04
12878,1403.83,16269.2,-2136.57,2026/01/29 20:19:04
12879,1403.94,16270.4,-2137.62,2026/01/29 20:19:04
12880,1404.05,16268.9,-2136.99,2026/01/29 20:19:04
12881,1404.16,16270.9,-2137.39,2026/01/29 20:19:05
12882,1404.27,16267.7,-2136.56,2026/01/29 20:19:05
12883,1404.38,16273.3,-2134.76,2026/01/29 20:19:05
12884,1404.49,16266,-2138.64,2026/01/29 20:19:05
12885,1404.59,16273.7,-2135.67,2026/01/29 20:19:05
12886,1404.7,16267.3,-2136.56,2026/01/29 20:19:05
12887,1404.81,16272.4,-2137.94,2026/01/29 20:19:05
12888,1404.92,16269.7,-2136.03,2026/01/29 20:19:05
12889,1405.03,16270.9,-2137.12,2026/01/29 20:19:05
12890,1405.14,16270.4,-2135.94,2026/01/29 20:19:06
12891,1405.25,16269.3,-2137.3,2026/01/29 20:19:06
12892,1405.36,16270.9,-2136.03,2026/01/29 20:19:06
12893,1405.47,16270.3,-2137.33,2026/01/29 20:19:06
12894,1405.57,16270.4,-2134.76,2026/01/29 20:19:06
12895,1405.69,16268.5,-2138.85,2026/01/29 20:19:06
12896,1405.79,16271.7,-2133.52,2026/01/29 20:19:06
12897,1405.9,16267.7,-2138.88,2026/01/29 20:19:06
12898,1406.01,16271.7,-2135.87,2026/01/29 20:19:06
12899,1406.12,16269.1,-2137.25,2026/01/29 20:19:06
12900,1406.23,16272.2,-2137.14,2026/01/29 20:19:07
12901,1406.34,16269.2,-2136.82,2026/01/29 20:19:07
12902,1406.45,16270.5,-2137.13,2026/01/29 20:19:07
12903,1406.56,16271,-2135.31,2026/01/29 20:19:07
12904,1406.67,16269.4,-2137.31,2026/01/29 20:19:07
12905,1406.78,16270.9,-2136.4,2026/01/29 20:19:07
12906,1406.89,16270.6,-2136.75,2026/01/29 20:19:07
12907,1406.99,16270.4,-2135.4,2026/01/29 20:19:07
12908,1407.1,16270.6,-2139.29,2026/01/29 20:19:07
12909,1407.21,16270.8,-2135.51,2026/01/29 20:19:08
12910,1407.32,16270.8,-2138.22,2026/01/29 20:19:08
12911,1407.43,16270.3,-2136.79,2026/01/29 20:19:08
12912,1407.54,16271.2,-2137.04,2026/01/29 20:19:08
12913,1407.65,16268.9,-2137.26,2026/01/29 20:19:08
12914,1407.76,16274.6,-2136.12,2026/01/29 20:19:08
12915,1407.86,16266.7,-2137.16,2026/01/29 20:19:08
12916,1407.97,16274,-2138.43,2026/01/29 20:19:08
12917,1408.08,16269.7,-2135.89,2026/01/29 20:19:08
12918,1408.19,16271.9,-2137.47,2026/01/29 20:19:09
12919,1408.3,16271.5,-2136.53,2026/01/29 20:19:09
12920,1408.41,16271.5,-2137.3,2026/01/29 20:19:09
12921,1408.52,16272.7,-2136.93,2026/01/29 20:19:09
12922,1408.63,16270,-2137.14,2026/01/29 20:19:09
12923,1408.73,16272.4,-2136.24,2026/01/29 20:19:09
12924,1408.84,16269.1,-2138.62,2026/01/29 20:19:09
12925,1408.95,16273.8,-2134.37,2026/01/29 20:19:09
12926,1409.06,16269.4,-2138.89,2026/01/29 20:19:09
12927,1409.17,16272.9,-2136.47,2026/01/29 20:19:10
12928,1409.28,16275.6,-2137.87,2026/01/29 20:19:10
12929,1409.39,16276.2,-2138.46,2026/01/29 20:19:10
12930,1409.5,16229.7,-2134.39,2026/01/29 20:19:10
12931,1409.61,16136.7,-2140.94,2026/01/29 20:19:10
12932,1409.72,16101.6,-2137.65,2026/01/29 20:19:10
12933,1409.82,16091.9,-2138.44,2026/01/29 20:19:10
12934,1409.93,16137.6,-2141.26,2026/01/29 20:19:10
12935,1410.04,16175.5,-2147.04,2026/01/29 20:19:10
12936,1410.15,16210.4,-2140.15,2026/01/29 20:19:11
12937,1410.26,16248.3,-2138.04,2026/01/29 20:19:11
12938,1410.37,16250.4,-2136.42,2026/01/29 20:19:11
12939,1410.48,16235.6,-2142.76,2026/01/29 20:19:11
12940,1410.59,16119.4,-2154.45,2026/01/29 20:19:11
12941,1410.7,16067.7,-2149.65,2026/01/29 20:19:11
12942,1410.8,16062.5,-2150.45,2026/01/29 20:19:11
12943,1410.91,16116.1,-2151.91,2026/01/29 20:19:11
12944,1411.02,16168,-2147.55,2026/01/29 20:19:11
12945,1411.13,16211.1,-2141.99,2026/01/29 20:19:11
12946,1411.24,16235.7,-2135.42,2026/01/29 20:19:12
12947,1411.35,16237.8,-2139.15,2026/01/29 20:19:12
12948,1411.46,16213.6,-2142.84,2026/01/29 20:19:12
12949,1411.57,16101,-2153.28,2026/01/29 20:19:12
12950,1411.68,16071.9,-2151.07,2026/01/29 20:19:12
12951,1411.78,16081,-2154.03,2026/01/29 20:19:12
12952,1411.89,16121.2,-2158.13,2026/01/29 20:19:12
12953,1412,16168.6,-2151.33,2026/01/29 20:19:12
12954,1412.11,16205.3,-2141.45,2026/01/29 20:19:12
12955,1412.22,16229.9,-2139.41,2026/01/29 20:19:13
12956,1412.33,16242.9,-2139.39,2026/01/29 20:19:13
12957,1412.44,16180.3,-2147.83,2026/01/29 20:19:13
12958,1412.55,16100.6,-2150.74,2026/01/29 20:19:13
12959,1412.66,16078.9,-2150.16,2026/01/29 20:19:13
12960,1412.77,16098.7,-2155.42,2026/01/29 20:19:13
12961,1412.88,16154.8,-2154.75,2026/01/29 20:19:13
12962,1412.98,16171,-2148.69,2026/01/29 20:19:13
12963,1413.09,16213,-2139.53,2026/01/29 20:19:13
12964,1413.2,16233,-2137.1,2026/01/29 20:19:14
12965,1413.31,16239.2,-2141.87,2026/01/29 20:19:14
12966,1413.42,16181.6,-2146.78,2026/01/29 20:19:14
12967,1413.53,16092.5,-2148.31,2026/01/29 20:19:14
12968,1413.64,16066.7,-2152.45,2026/01/29 20:19:14
12969,1413.75,16106,-2155.99,2026/01/29 20:19:14
12970,1413.86,16160.7,-2154.41,2026/01/29 20:19:14
12971,1413.97,16171.7,-2146.52,2026/01/29 20:19:14
12972,1414.07,16208.1,-2141.38,2026/01/29 20:19:14
12973,1414.18,16218.9,-2138.88,2026/01/29 20:19:15
12974,1414.29,16244.7,-2139.17,2026/01/29 20:19:15
12975,1414.4,16182.2,-2145.36,2026/01/29 20:19:15
12976,1414.51,16095.3,-2150.71,2026/01/29 20:19:15
12977,1414.62,16081.6,-2151.82,2026/01/29 20:19:15
12978,1414.73,16144.4,-2159.12,2026/01/29 20:19:15
12979,1414.84,16162.7,-2148.57,2026/01/29 20:19:15
12980,1414.95,16191.3,-2144.47,2026/01/29 20:19:15
12981,1415.06,16217.2,-2137.97,2026/01/29 20:19:15
12982,1415.17,16243.6,-2139.67,2026/01/29 20:19:16
12983,1415.28,16174.1,-2148.23,2026/01/29 20:19:16
12984,1415.39,16081.8,-2148.9,2026/01/29 20:19:16
12985,1415.49,16064.5,-2152.84,2026/01/29 20:19:16
12986,1415.6,16128.1,-2158.55,2026/01/29 20:19:16
12987,1415.71,16157.1,-2151.29,2026/01/29 20:19:16
12988,1415.82,16188.5,-2143.14,2026/01/29 20:19:16
12989,1415.93,16218.7,-2137.52,2026/01/29 20:19:16
12990,1416.04,16228.8,-2140.18,2026/01/29 20:19:16
12991,1416.15,16230.5,-2134.79,2026/01/29 20:19:17
12992,1416.26,16127.2,-2150.08,2026/01/29 20:19:17
12993,1416.37,16072.4,-2150.38,2026/01/29 20:19:17
12994,1416.48,16105,-2154.62,2026/01/29 20:19:17
12995,1416.59,16162.3,-2149.75,2026/01/29 20:19:17
12996,1416.7,16183.8,-2143.67,2026/01/29 20:19:17
12997,1416.8,16217.6,-2138.63,2026/01/29 20:19:17
12998,1416.91,16227.9,-2138.38,2026/01/29 20:19:17
12999,1417.02,16252,-2138.79,2026/01/29 20:19:17
13000,1417.13,16147.9,-2150.29,2026/01/29 20:19:17
13001,1417.24,16078.2,-2151.27,2026/01/29 20:19:18
13002,1417.35,16101.8,-2154.63,2026/01/29 20:19:18
13003,1417.46,16156.2,-2152.83,2026/01/29 20:19:18
13004,1417.57,16173.3,-2143.9,2026/01/29 20:19:18
13005,1417.68,16201.7,-2142.4,2026/01/29 20:19:18
13006,1417.79,16221.4,-2137.42,2026/01/29 20:19:18
13007,1417.89,16249,-2140.93,2026/01/29 20:19:18
13008,1418,16164.2,-2146.95,2026/01/29 20:19:18
13009,1418.11,16079.8,-2149.07,2026/01/29 20:19:18
13010,1418.22,16092.5,-2156.35,2026/01/29 20:19:19
13011,1418.33,16155.9,-2150.97,2026/01/29 20:19:19
13012,1418.44,16163.1,-2147.43,2026/01/29 20:19:19
13013,1418.55,16188.1,-2143.85,2026/01/29 20:19:19
13014,1418.66,16210.2,-2140.03,2026/01/29 20:19:19
13015,1418.77,16227.8,-2138.01,2026/01/29 20:19:19
13016,1418.88,16122,-2151.63,2026/01/29 20:19:19
13017,1418.99,16071.3,-2150.21,2026/01/29 20:19:19
13018,1419.09,16082.9,-2155.61,2026/01/29 20:19:19
13019,1419.2,16144.5,-2153.28,2026/01/29 20:19:20
13020,1419.31,16164.4,-2147.26,2026/01/29 20:19:20
13021,1419.42,16194.6,-2142,2026/01/29 20:19:20
13022,1419.53,16216.6,-2139.29,2026/01/29 20:19:20
13023,1419.64,16233.3,-2140.43,2026/01/29 20:19:20
13024,1419.75,16147.2,-2146.64,2026/01/29 20:19:20
13025,1419.85,16089.9,-2150.58,2026/01/29 20:19:20
13026,1419.96,16078.4,-2148.11,2026/01/29 20:19:20
13027,1420.07,16111.8,-2154.03,2026/01/29 20:19:20
13028,1420.18,16160.1,-2149.83,2026/01/29 20:19:21
13029,1420.29,16173.5,-2144.35,2026/01/29 20:19:21
13030,1420.4,16202.4,-2140.75,2026/01/29 20:19:21
13031,1420.51,16237.1,-2139.58,2026/01/29 20:19:21
13032,1420.62,16184.3,-2145.6,2026/01/29 20:19:21
13033,1420.73,16101.3,-2149.19,2026/01/29 20:19:21
13034,1420.84,16074.6,-2150.67,2026/01/29 20:19:21
13035,1420.95,16114.8,-2155.25,2026/01/29 20:19:21
13036,1421.06,16156,-2152.46,2026/01/29 20:19:21
13037,1421.17,16171.6,-2146.16,2026/01/29 20:19:22
13038,1421.28,16210.8,-2143.02,2026/01/29 20:19:22
13039,1421.38,16226.4,-2136.51,2026/01/29 20:19:22
13040,1421.5,16246.5,-2140.15,2026/01/29 20:19:22
13041,1421.6,16143.8,-2146.78,2026/01/29 20:19:22
13042,1421.71,16086,-2149.82,2026/01/29 20:19:22
13043,1421.82,16086.7,-2149.38,2026/01/29 20:19:22
13044,1421.93,16133.9,-2156.2,2026/01/29 20:19:22
13045,1422.04,16163.1,-2151.01,2026/01/29 20:19:22
13046,1422.15,16203.2,-2142.38,2026/01/29 20:19:23
13047,1422.26,16223.8,-2139.68,2026/01/29 20:19:23
13048,1422.37,16238.6,-2139.76,2026/01/29 20:19:23
13049,1422.48,16192.7,-2142.09,2026/01/29 20:19:23
13050,1422.58,16114.6,-2151.74,2026/01/29 20:19:23
13051,1422.69,16077.7,-2147.35,2026/01/29 20:19:23
13052,1422.8,16108.3,-2153.78,2026/01/29 20:19:23
13053,1422.91,16160.5,-2149.47,2026/01/29 20:19:23
13054,1423.02,16178.4,-2145.54,2026/01/29 20:19:23
13055,1423.13,16206.6,-2137.56,2026/01/29 20:19:23
13056,1423.24,16220.3,-2140.53,2026/01/29 20:19:24
13057,1423.35,16250,-2139.46,2026/01/29 20:19:24
13058,1423.46,16153.4,-2145.88,2026/01/29 20:19:24
13059,1423.57,16097.1,-2151.89,2026/01/29 20:19:24
13060,1423.67,16125.6,-2156.71,2026/01/29 20:19:24
13061,1423.79,16161.1,-2150,2026/01/29 20:19:24
13062,1423.89,16182.8,-2146.65,2026/01/29 20:19:24
13063,1424,16231.8,-2133.91,2026/01/29 20:19:24
13064,1424.11,16246,-2137.14,2026/01/29 20:19:24
13065,1424.22,16238.1,-2135.13,2026/01/29 20:19:25
13066,1424.33,16249.7,-2138.81,2026/01/29 20:19:25
13067,1424.44,16147.3,-2147.66,2026/01/29 20:19:25
13068,1424.55,16084.9,-2150.24,2026/01/29 20:19:25
13069,1424.66,16094.7,-2153.62,2026/01/29 20:19:25
13070,1424.77,16151.6,-2153.16,2026/01/29 20:19:25
13071,1424.88,16167.3,-2148.14,2026/01/29 20:19:25
13072,1424.98,16224.3,-2137.95,2026/01/29 20:19:25
13073,1425.09,16236.2,-2135.9,2026/01/29 20:19:25
13074,1425.2,16235.8,-2137.94,2026/01/29 20:19:26
13075,1425.31,16240,-2136.07,2026/01/29 20:19:26
13076,1425.42,16141.9,-2148.55,2026/01/29 20:19:26
13077,1425.53,16088,-2148.59,2026/01/29 20:19:26
13078,1425.64,16124.9,-2155.27,2026/01/29 20:19:26
13079,1425.75,16165,-2148.35,2026/01/29 20:19:26
13080,1425.86,16176.3,-2146.06,2026/01/29 20:19:26
13081,1425.97,16223.9,-2139.95,2026/01/29 20:19:26
13082,1426.07,16237.5,-2134.56,2026/01/29 20:19:26
13083,1426.18,16234.8,-2141,2026/01/29 20:19:27
13084,1426.29,16203,-2139.39,2026/01/29 20:19:27
13085,1426.4,16121.1,-2148.14,2026/01/29 20:19:27
13086,1426.51,16091.1,-2148.09,2026/01/29 20:19:27
13087,1426.62,16138.4,-2153.8,2026/01/29 20:19:27
13088,1426.73,16168.9,-2150.52,2026/01/29 20:19:27
13089,1426.84,16179.2,-2144.93,2026/01/29 20:19:27
13090,1426.95,16215.2,-2138.63,2026/01/29 20:19:27
13091,1427.06,16227.8,-2138.19,2026/01/29 20:19:27
13092,1427.16,16235.7,-2135.37,2026/01/29 20:19:28
13093,1427.27,16238.5,-2138.02,2026/01/29 20:19:28
13094,1427.38,16248,-2137.41,2026/01/29 20:19:28
13095,1427.49,16146.2,-2150.58,2026/01/29 20:19:28
13096,1427.6,16093.9,-2146.13,2026/01/29 20:19:28
13097,1427.71,16111.9,-2154.31,2026/01/29 20:19:28
13098,1427.82,16165.3,-2147.62,2026/01/29 20:19:28
13099,1427.93,16189,-2143.81,2026/01/29 20:19:28
13100,1428.04,16228.4,-2136.42,2026/01/29 20:19:28
13101,1428.15,16233.6,-2135.12,2026/01/29 20:19:29
13102,1428.26,16231.6,-2136.25,2026/01/29 20:19:29
13103,1428.36,16236.6,-2134.27,2026/01/29 20:19:29
13104,1428.47,16230.8,-2136.46,2026/01/29 20:19:29
13105,1428.58,16240.8,-2135.34,2026/01/29 20:19:29
13106,1428.69,16234.6,-2137.03,2026/01/29 20:19:29
13107,1428.8,16221.5,-2136.7,2026/01/29 20:19:29
13108,1428.91,16101.5,-2147.71,2026/01/29 20:19:29
13109,1429.02,16115.9,-2154.06,2026/01/29 20:19:29
13110,1429.13,16172.9,-2145.88,2026/01/29 20:19:29
13111,1429.24,16186.5,-2144.05,2026/01/29 20:19:30
13112,1429.34,16222,-2137.48,2026/01/29 20:19:30
13113,1429.45,16222.4,-2135.67,2026/01/29 20:19:30
13114,1429.56,16230,-2136.64,2026/01/29 20:19:30
13115,1429.67,16232.4,-2134.24,2026/01/29 20:19:30
13116,1429.78,16232.5,-2139.72,2026/01/29 20:19:30
13117,1429.89,16211.9,-2136.63,2026/01/29 20:19:30
13118,1430,16134.7,-2146.6,2026/01/29 20:19:30
13119,1430.11,16107.2,-2147.58,2026/01/29 20:19:30
13120,1430.22,16143.3,-2153.51,2026/01/29 20:19:31
13121,1430.33,16177.6,-2150.02,2026/01/29 20:19:31
13122,1430.44,16198.8,-2146.21,2026/01/29 20:19:31
13123,1430.55,16239.1,-2135.22,2026/01/29 20:19:31
13124,1430.65,16237.9,-2135.58,2026/01/29 20:19:31
13125,1430.76,16242.5,-2132.9,2026/01/29 20:19:31
13126,1430.87,16247.1,-2141.41,2026/01/29 20:19:31
13127,1430.98,16165.8,-2145.99,2026/01/29 20:19:31
13128,1431.09,16091,-2150.82,2026/01/29 20:19:31
13129,1431.2,16094.6,-2150.25,2026/01/29 20:19:32
13130,1431.31,16160.2,-2151.84,2026/01/29 20:19:32
13131,1431.42,16180.5,-2145.92,2026/01/29 20:19:32
13132,1431.53,16224.7,-2138.29,2026/01/29 20:19:32
13133,1431.64,16227.2,-2136.19,2026/01/29 20:19:32
13134,1431.74,16236.6,-2134.54,2026/01/29 20:19:32
13135,1431.85,16248.3,-2141.07,2026/01/29 20:19:32
13136,1431.96,16164.2,-2144.5,2026/01/29 20:19:32
13137,1432.07,16101.4,-2151.94,2026/01/29 20:19:32
13138,1432.18,16144.1,-2150.81,2026/01/29 20:19:33
13139,1432.29,16178.1,-2149.27,2026/01/29 20:19:33
13140,1432.4,16207.5,-2141.3,2026/01/29 20:19:33
13141,1432.51,16235.1,-2136.72,2026/01/29 20:19:33
13142,1432.62,16240.3,-2134.88,2026/01/29 20:19:33
13143,1432.73,16235.8,-2138.61,2026/01/29 20:19:33
13144,1432.83,16200.8,-2143.61,2026/01/29 20:19:33
13145,1432.94,16119.8,-2144.09,2026/01/29 20:19:33
13146,1433.05,16087.9,-2148.82,2026/01/29 20:19:33
13147,1433.16,16155,-2151.23,2026/01/29 20:19:34
13148,1433.27,16177.2,-2149.25,2026/01/29 20:19:34
13149,1433.38,16210.8,-2142.04,2026/01/29 20:19:34
13150,1433.49,16237.4,-2136.86,2026/01/29 20:19:34
13151,1433.6,16237.4,-2137.46,2026/01/29 20:19:34
13152,1433.71,16255.1,-2136.91,2026/01/29 20:19:34
13153,1433.82,16162.5,-2146.37,2026/01/29 20:19:34
13154,1433.93,16105.1,-2145.77,2026/01/29 20:19:34
13155,1434.03,16107.9,-2148.31,2026/01/29 20:19:34
13156,1434.15,16148.4,-2152.33,2026/01/29 20:19:35
13157,1434.25,16178.9,-2149.23,2026/01/29 20:19:35
13158,1434.36,16213.5,-2141.08,2026/01/29 20:19:35
13159,1434.47,16239.3,-2136.28,2026/01/29 20:19:35
13160,1434.58,16246.2,-2137.48,2026/01/29 20:19:35
13161,1434.69,16244.8,-2136.34,2026/01/29 20:19:35
13162,1434.8,16145.9,-2152.09,2026/01/29 20:19:35
13163,1434.91,16078.2,-2146.93,2026/01/29 20:19:35
13164,1435.02,16090.8,-2152.06,2026/01/29 20:19:35
13165,1435.13,16141.4,-2155.29,2026/01/29 20:19:35
13166,1435.24,16171.7,-2150.59,2026/01/29 20:19:36
13167,1435.34,16217.3,-2140.67,2026/01/29 20:19:36
13168,1435.45,16238.4,-2137.41,2026/01/29 20:19:36
13169,1435.56,16242.3,-2137.87,2026/01/29 20:19:36
13170,1435.67,16250.4,-2137.13,2026/01/29 20:19:36
13171,1435.78,16166.4,-2146.05,2026/01/29 20:19:36
13172,1435.89,16100.1,-2146.32,2026/01/29 20:19:36
13173,1436,16114.2,-2152.52,2026/01/29 20:19:36
13174,1436.11,16155.9,-2151.53,2026/01/29 20:19:36
13175,1436.22,16186.6,-2147.28,2026/01/29 20:19:37
13176,1436.33,16231.3,-2136.29,2026/01/29 20:19:37
13177,1436.44,16252.1,-2135.67,2026/01/29 20:19:37
13178,1436.55,16238.5,-2137.83,2026/01/29 20:19:37
13179,1436.66,16217,-2140.85,2026/01/29 20:19:37
13180,1436.77,16113,-2150.68,2026/01/29 20:19:37
13181,1436.88,16068.9,-2149.55,2026/01/29 20:19:37
13182,1436.98,16114,-2153.47,2026/01/29 20:19:37
13183,1437.09,16163.8,-2149.83,2026/01/29 20:19:37
13184,1437.2,16201.3,-2143.84,2026/01/29 20:19:38
13185,1437.31,16234.6,-2136.39,2026/01/29 20:19:38
13186,1437.42,16239.7,-2138.29,2026/01/29 20:19:38
13187,1437.53,16234.3,-2140.33,2026/01/29 20:19:38
13188,1437.64,16215.1,-2138.9,2026/01/29 20:19:38
13189,1437.75,16118.9,-2145.31,2026/01/29 20:19:38
13190,1437.86,16078.4,-2146.54,2026/01/29 20:19:38
13191,1437.97,16111.5,-2151.89,2026/01/29 20:19:38
13192,1438.08,16160,-2150.82,2026/01/29 20:19:38
13193,1438.19,16190.7,-2143.39,2026/01/29 20:19:39
13194,1438.29,16241.8,-2137.5,2026/01/29 20:19:39
13195,1438.4,16257.5,-2133.26,2026/01/29 20:19:39
13196,1438.51,16251.7,-2135.41,2026/01/29 20:19:39
13197,1438.62,16248.9,-2139.35,2026/01/29 20:19:39
13198,1438.73,16138.3,-2150.04,2026/01/29 20:19:39
13199,1438.84,16069.3,-2148.66,2026/01/29 20:19:39
13200,1438.95,16100.7,-2155.23,2026/01/29 20:19:39
13201,1439.06,16161,-2149.85,2026/01/29 20:19:39
13202,1439.17,16184.2,-2143.93,2026/01/29 20:19:40
13203,1439.28,16218.7,-2139.14,2026/01/29 20:19:40
13204,1439.39,16229.1,-2135.12,2026/01/29 20:19:40
13205,1439.49,16232.2,-2136.01,2026/01/29 20:19:40
13206,1439.6,16237.5,-2135.26,2026/01/29 20:19:40
13207,1439.71,16244.5,-2135.2,2026/01/29 20:19:40
13208,1439.82,16252.3,-2138.85,2026/01/29 20:19:40
13209,1439.93,16222,-2137.37,2026/01/29 20:19:40
13210,1440.04,16138.9,-2147.83,2026/01/29 20:19:40
13211,1440.15,16094.9,-2148.31,2026/01/29 20:19:41
13212,1440.26,16129.5,-2154.83,2026/01/29 20:19:41
13213,1440.37,16165.7,-2150.31,2026/01/29 20:19:41
13214,1440.48,16181,-2146.9,2026/01/29 20:19:41
13215,1440.59,16203.7,-2141.2,2026/01/29 20:19:41
13216,1440.7,16215.7,-2139.55,2026/01/29 20:19:41
13217,1440.8,16227.4,-2136.23,2026/01/29 20:19:41
13218,1440.91,16231.7,-2138.27,2026/01/29 20:19:41
13219,1441.02,16260,-2139.57,2026/01/29 20:19:41
13220,1441.13,16197.6,-2140.01,2026/01/29 20:19:41
13221,1441.24,16124.3,-2148.34,2026/01/29 20:19:42
13222,1441.35,16081.3,-2145.92,2026/01/29 20:19:42
13223,1441.46,16093.7,-2150.01,2026/01/29 20:19:42
13224,1441.57,16144.5,-2154.14,2026/01/29 20:19:42
13225,1441.68,16173.1,-2147.98,2026/01/29 20:19:42
13226,1441.79,16191.5,-2140.94,2026/01/29 20:19:42
13227,1441.9,16217.6,-2137.19,2026/01/29 20:19:42
13228,1442,16226.8,-2135.76,2026/01/29 20:19:42
13229,1442.11,16233.4,-2134.86,2026/01/29 20:19:42
13230,1442.22,16259,-2140.49,2026/01/29 20:19:43
13231,1442.33,16200.7,-2138.94,2026/01/29 20:19:43
13232,1442.44,16146.1,-2146.04,2026/01/29 20:19:43
13233,1442.55,16098.7,-2147.59,2026/01/29 20:19:43
13234,1442.66,16085.3,-2147.65,2026/01/29 20:19:43
13235,1442.77,16119.5,-2152.97,2026/01/29 20:19:43
13236,1442.87,16157.8,-2151.91,2026/01/29 20:19:43
13237,1442.98,16176.4,-2146.91,2026/01/29 20:19:43
13238,1443.09,16181.1,-2144.17,2026/01/29 20:19:43
13239,1443.2,16211.9,-2138.06,2026/01/29 20:19:44
13240,1443.31,16215.9,-2139.03,2026/01/29 20:19:44
13241,1443.42,16247.6,-2138.69,2026/01/29 20:19:44
13242,1443.53,16205.3,-2140.55,2026/01/29 20:19:44
13243,1443.64,16132,-2145.33,2026/01/29 20:19:44
13244,1443.75,16072.2,-2148.06,2026/01/29 20:19:44
13245,1443.86,16096.4,-2150.18,2026/01/29 20:19:44
13246,1443.97,16145.4,-2156.95,2026/01/29 20:19:44
13247,1444.08,16165.5,-2149.43,2026/01/29 20:19:44
13248,1444.19,16180.5,-2145.07,2026/01/29 20:19:45
13249,1444.29,16203.2,-2138.98,2026/01/29 20:19:45
13250,1444.4,16219.4,-2136.3,2026/01/29 20:19:45
13251,1444.51,16229.5,-2137.81,2026/01/29 20:19:45
13252,1444.62,16262.6,-2137.48,2026/01/29 20:19:45
13253,1444.73,16196.6,-2143.13,2026/01/29 20:19:45
13254,1444.84,16129.4,-2145.19,2026/01/29 20:19:45
13255,1444.95,16084.6,-2148.92,2026/01/29 20:19:45
13256,1445.06,16097,-2152.21,2026/01/29 20:19:45
13257,1445.17,16144.8,-2157.09,2026/01/29 20:19:46
13258,1445.28,16161.9,-2151.81,2026/01/29 20:19:46
13259,1445.39,16178.1,-2143.95,2026/01/29 20:19:46
13260,1445.5,16186.6,-2141.23,2026/01/29 20:19:46
13261,1445.6,16212,-2138.1,2026/01/29 20:19:46
13262,1445.71,16224.4,-2135.75,2026/01/29 20:19:46
13263,1445.82,16250.6,-2139.56,2026/01/29 20:19:46
13264,1445.93,16231.3,-2133.49,2026/01/29 20:19:46
13265,1446.04,16151.9,-2146.65,2026/01/29 20:19:46
13266,1446.15,16092.3,-2146.96,2026/01/29 20:19:47
13267,1446.26,16093,-2150.47,2026/01/29 20:19:47
13268,1446.37,16134.8,-2155.26,2026/01/29 20:19:47
13269,1446.48,16163.1,-2150.34,2026/01/29 20:19:47
13270,1446.59,16177.5,-2145.44,2026/01/29 20:19:47
13271,1446.7,16191.1,-2143.53,2026/01/29 20:19:47
13272,1446.8,16218.8,-2137.81,2026/01/29 20:19:47
13273,1446.91,16221.5,-2139.38,2026/01/29 20:19:47
13274,1447.02,16245.9,-2134.63,2026/01/29 20:19:47
13275,1447.13,16254.2,-2138.55,2026/01/29 20:19:47
13276,1447.24,16163.9,-2142.2,2026/01/29 20:19:48
13277,1447.35,16108.1,-2150.59,2026/01/29 20:19:48
13278,1447.46,16093.5,-2148.19,2026/01/29 20:19:48
13279,1447.57,16092.1,-2151.53,2026/01/29 20:19:48
13280,1447.68,16135.4,-2155.18,2026/01/29 20:19:48
13281,1447.79,16161.7,-2150.88,2026/01/29 20:19:48
13282,1447.9,16175.4,-2146.74,2026/01/29 20:19:48
13283,1448,16205.9,-2141.91,2026/01/29 20:19:48
13284,1448.11,16216.9,-2137.03,2026/01/29 20:19:48
13285,1448.22,16231,-2137.49,2026/01/29 20:19:49
13286,1448.33,16252.4,-2137.03,2026/01/29 20:19:49
13287,1448.44,16219.9,-2139.73,2026/01/29 20:19:49
13288,1448.55,16141,-2146.44,2026/01/29 20:19:49
13289,1448.66,16090.8,-2147.18,2026/01/29 20:19:49
13290,1448.77,16090.2,-2149.61,2026/01/29 20:19:49
13291,1448.88,16130.1,-2153.78,2026/01/29 20:19:49
13292,1448.99,16165.4,-2149.65,2026/01/29 20:19:49
13293,1449.1,16180.3,-2145.08,2026/01/29 20:19:49
13294,1449.21,16222.3,-2138.98,2026/01/29 20:19:50
13295,1449.32,16224.4,-2138.41,2026/01/29 20:19:50
13296,1449.42,16236.8,-2133.09,2026/01/29 20:19:50
13297,1449.53,16243.3,-2137.31,2026/01/29 20:19:50
13298,1449.64,16265.2,-2137.39,2026/01/29 20:19:50
13299,1449.75,16205.2,-2141.97,2026/01/29 20:19:50
13300,1449.86,16128.7,-2145.31,2026/01/29 20:19:50
13301,1449.97,16084,-2146.95,2026/01/29 20:19:50
13302,1450.08,16102.4,-2153.32,2026/01/29 20:19:50
13303,1450.19,16153.6,-2155.47,2026/01/29 20:19:51
13304,1450.3,16168.8,-2149.8,2026/01/29 20:19:51
13305,1450.41,16187.9,-2143.7,2026/01/29 20:19:51
13306,1450.52,16217.1,-2139.73,2026/01/29 20:19:51
13307,1450.63,16230.8,-2139.12,2026/01/29 20:19:51
13308,1450.73,16233.3,-2135.33,2026/01/29 20:19:51
13309,1450.84,16257.5,-2137.17,2026/01/29 20:19:51
13310,1450.95,16220,-2137.91,2026/01/29 20:19:51
13311,1451.06,16142.8,-2145.21,2026/01/29 20:19:51
13312,1451.17,16078.5,-2148.36,2026/01/29 20:19:52
13313,1451.28,16095.1,-2151.21,2026/01/29 20:19:52
13314,1451.39,16142.9,-2156.74,2026/01/29 20:19:52
13315,1451.5,16163.7,-2151.58,2026/01/29 20:19:52
13316,1451.61,16179.6,-2145.36,2026/01/29 20:19:52
13317,1451.72,16190.8,-2143.99,2026/01/29 20:19:52
13318,1451.83,16214.2,-2136.5,2026/01/29 20:19:52
13319,1451.93,16229.9,-2136.61,2026/01/29 20:19:52
13320,1452.04,16259.7,-2139.15,2026/01/29 20:19:52
13321,1452.15,16194.5,-2141.98,2026/01/29 20:19:53
13322,1452.26,16112.6,-2147.27,2026/01/29 20:19:53
13323,1452.37,16081.8,-2145.52,2026/01/29 20:19:53
13324,1452.48,16102.6,-2152.83,2026/01/29 20:19:53
13325,1452.59,16154.4,-2156.09,2026/01/29 20:19:53
13326,1452.7,16164.2,-2150.32,2026/01/29 20:19:53
13327,1452.81,16191.4,-2142.02,2026/01/29 20:19:53
13328,1452.92,16219,-2141.11,2026/01/29 20:19:53
13329,1453.02,16228.4,-2135.05,2026/01/29 20:19:53
13330,1453.13,16238.9,-2137.38,2026/01/29 20:19:53
13331,1453.24,16264.7,-2136.53,2026/01/29 20:19:54
13332,1453.35,16179,-2142.01,2026/01/29 20:19:54
13333,1453.46,16106.2,-2146.26,2026/01/29 20:19:54
13334,1453.57,16099.8,-2147.16,2026/01/29 20:19:54
13335,1453.68,16131.5,-2152.79,2026/01/29 20:19:54
13336,1453.79,16163.8,-2155.46,2026/01/29 20:19:54
13337,1453.89,16174.1,-2147.26,2026/01/29 20:19:54
13338,1454,16203.1,-2143.87,2026/01/29 20:19:54
13339,1454.11,16224.1,-2136.75,2026/01/29 20:19:54
13340,1454.22,16231.3,-2136.93,2026/01/29 20:19:55
13341,1454.33,16244.4,-2136.06,2026/01/29 20:19:55
13342,1454.44,16269.9,-2139.69,2026/01/29 20:19:55
13343,1454.55,16202,-2137.63,2026/01/29 20:19:55
13344,1454.66,16133.8,-2146.75,2026/01/29 20:19:55
13345,1454.76,16113.8,-2143.03,2026/01/29 20:19:55
13346,1454.87,16127.6,-2149.61,2026/01/29 20:19:55
13347,1454.98,16162.1,-2154.27,2026/01/29 20:19:55
13348,1455.09,16177.9,-2147.65,2026/01/29 20:19:55
13349,1455.2,16196.4,-2144.98,2026/01/29 20:19:56
13350,1455.31,16228.8,-2136.95,2026/01/29 20:19:56
13351,1455.42,16231.6,-2136.29,2026/01/29 20:19:56
13352,1455.53,16246.7,-2135.98,2026/01/29 20:19:56
13353,1455.64,16270.3,-2137.6,2026/01/29 20:19:56
13354,1455.75,16196.6,-2140.44,2026/01/29 20:19:56
13355,1455.85,16118.5,-2145.12,2026/01/29 20:19:56
13356,1455.96,16091.4,-2145.76,2026/01/29 20:19:56
13357,1456.07,16109,-2151.46,2026/01/29 20:19:56
13358,1456.18,16151.6,-2153.89,2026/01/29 20:19:57
13359,1456.29,16172.3,-2147.97,2026/01/29 20:19:57
13360,1456.4,16187.4,-2142.78,2026/01/29 20:19:57
13361,1456.51,16221,-2136.68,2026/01/29 20:19:57
13362,1456.62,16225.8,-2136.4,2026/01/29 20:19:57
13363,1456.73,16237.8,-2135.44,2026/01/29 20:19:57
13364,1456.84,16268,-2137.28,2026/01/29 20:19:57
13365,1456.95,16178.5,-2140.85,2026/01/29 20:19:57
13366,1457.06,16100.8,-2144.72,2026/01/29 20:19:57
13367,1457.16,16081,-2146.65,2026/01/29 20:19:58
13368,1457.27,16103,-2151.59,2026/01/29 20:19:58
13369,1457.38,16148.5,-2153.62,2026/01/29 20:19:58
13370,1457.49,16168.5,-2148.07,2026/01/29 20:19:58
13371,1457.6,16184.5,-2142.88,2026/01/29 20:19:58
13372,1457.71,16219.3,-2133.89,2026/01/29 20:19:58
13373,1457.82,16226.7,-2138.5,2026/01/29 20:19:58
13374,1457.93,16249.2,-2135.09,2026/01/29 20:19:58
13375,1458.04,16249.1,-2134.57,2026/01/29 20:19:58
13376,1458.15,16148.8,-2143.65,2026/01/29 20:19:59
13377,1458.26,16090.3,-2146.04,2026/01/29 20:19:59
13378,1458.36,16099.2,-2150.96,2026/01/29 20:19:59
13379,1458.47,16138.1,-2152.36,2026/01/29 20:19:59
13380,1458.58,16161.5,-2151.17,2026/01/29 20:19:59
13381,1458.69,16182.9,-2144.61,2026/01/29 20:19:59
13382,1458.8,16209.1,-2141.6,2026/01/29 20:19:59
13383,1458.91,16227.3,-2134.42,2026/01/29 20:19:59
13384,1459.02,16231.7,-2137.47,2026/01/29 20:19:59
13385,1459.13,16265.2,-2136.96,2026/01/29 20:19:59
13386,1459.24,16196.8,-2140.06,2026/01/29 20:20:00
13387,1459.34,16121.7,-2145.37,2026/01/29 20:20:00
13388,1459.45,16112.2,-2147.96,2026/01/29 20:20:00
13389,1459.56,16150.2,-2153.68,2026/01/29 20:20:00
13390,1459.67,16171.4,-2148.68,2026/01/29 20:20:00
13391,1459.78,16191.5,-2141.3,2026/01/29 20:20:00
13392,1459.89,16228,-2138.18,2026/01/29 20:20:00
13393,1460,16230.3,-2134.27,2026/01/29 20:20:00
13394,1460.11,16242.4,-2135.5,2026/01/29 20:20:00
13395,1460.22,16252.5,-2138.11,2026/01/29 20:20:01
13396,1460.33,16219.5,-2136.32,2026/01/29 20:20:01
13397,1460.44,16127.4,-2144.37,2026/01/29 20:20:01
13398,1460.54,16096.7,-2146.64,2026/01/29 20:20:01
13399,1460.65,16132.5,-2150.11,2026/01/29 20:20:01
13400,1460.76,16161.6,-2153.69,2026/01/29 20:20:01
13401,1460.87,16182.8,-2144.45,2026/01/29 20:20:01
13402,1460.98,16208,-2143.39,2026/01/29 20:20:01
13403,1461.09,16229.1,-2135.71,2026/01/29 20:20:01
13404,1461.2,16240.7,-2135.31,2026/01/29 20:20:02
13405,1461.31,16273,-2138.96,2026/01/29 20:20:02
13406,1461.42,16191.3,-2139.62,2026/01/29 20:20:02
13407,1461.53,16118.2,-2145.27,2026/01/29 20:20:02
13408,1461.63,16116.7,-2148.23,2026/01/29 20:20:02
13409,1461.74,16150.7,-2153.23,2026/01/29 20:20:02
13410,1461.85,16177.1,-2147.62,2026/01/29 20:20:02
13411,1461.96,16192,-2144.71,2026/01/29 20:20:02
13412,1462.07,16229.1,-2134.7,2026/01/29 20:20:02
13413,1462.18,16228.6,-2138.2,2026/01/29 20:20:03
13414,1462.29,16245.4,-2131.82,2026/01/29 20:20:03
13415,1462.4,16269.9,-2140.81,2026/01/29 20:20:03
13416,1462.51,16198.4,-2137.9,2026/01/29 20:20:03
13417,1462.62,16140.2,-2143.76,2026/01/29 20:20:03
13418,1462.73,16126.8,-2145.7,2026/01/29 20:20:03
13419,1462.84,16141.6,-2148.29,2026/01/29 20:20:03
13420,1462.95,16165.2,-2153.32,2026/01/29 20:20:03
13421,1463.06,16187,-2145.96,2026/01/29 20:20:03
13422,1463.17,16220.7,-2141.26,2026/01/29 20:20:04
13423,1463.28,16233.6,-2134.83,2026/01/29 20:20:04
13424,1463.38,16241.3,-2134.45,2026/01/29 20:20:04
13425,1463.49,16276,-2137.62,2026/01/29 20:20:04
13426,1463.6,16185.8,-2141.24,2026/01/29 20:20:04
13427,1463.71,16115.8,-2142.29,2026/01/29 20:20:04
13428,1463.82,16104,-2148.78,2026/01/29 20:20:04
13429,1463.93,16135,-2149,2026/01/29 20:20:04
13430,1464.04,16159.5,-2154.39,2026/01/29 20:20:04
13431,1464.15,16173.5,-2147.59,2026/01/29 20:20:05
13432,1464.26,16197.1,-2142.12,2026/01/29 20:20:05
13433,1464.37,16224.6,-2137.65,2026/01/29 20:20:05
13434,1464.47,16236.8,-2134.72,2026/01/29 20:20:05
13435,1464.58,16270.1,-2139.33,2026/01/29 20:20:05
13436,1464.69,16194.9,-2138.76,2026/01/29 20:20:05
13437,1464.8,16143.2,-2142.24,2026/01/29 20:20:05
13438,1464.91,16121.2,-2144.32,2026/01/29 20:20:05
13439,1465.02,16141.4,-2147.47,2026/01/29 20:20:05
13440,1465.13,16168.8,-2149.47,2026/01/29 20:20:05
13441,1465.24,16185.1,-2144.47,2026/01/29 20:20:06
13442,1465.35,16202.1,-2141.45,2026/01/29 20:20:06
13443,1465.46,16233.5,-2136.51,2026/01/29 20:20:06
13444,1465.56,16236.4,-2136.35,2026/01/29 20:20:06
13445,1465.67,16256.8,-2132.61,2026/01/29 20:20:06
13446,1465.78,16264.3,-2139.15,2026/01/29 20:20:06
13447,1465.89,16280.7,-2137.27,2026/01/29 20:20:06
13448,1466,16214,-2136.96,2026/01/29 20:20:06
13449,1466.11,16179.4,-2137.09,2026/01/29 20:20:06
13450,1466.22,16147.2,-2141.71,2026/01/29 20:20:07
13451,1466.33,16112.1,-2142.17,2026/01/29 20:20:07
13452,1466.44,16091.4,-2142.44,2026/01/29 20:20:07
13453,1466.55,16090.1,-2145.34,2026/01/29 20:20:07
13454,1466.66,16150.6,-2152.22,2026/01/29 20:20:07
13455,1466.76,16170.3,-2144.32,2026/01/29 20:20:07
13456,1466.87,16195.5,-2142.24,2026/01/29 20:20:07
13457,1466.98,16229.1,-2134.76,2026/01/29 20:20:07
13458,1467.09,16246.9,-2133.98,2026/01/29 20:20:07
13459,1467.2,16250.1,-2136.11,2026/01/29 20:20:08
13460,1467.31,16279.1,-2137.89,2026/01/29 20:20:08
13461,1467.42,16216.9,-2135.09,2026/01/29 20:20:08
13462,1467.53,16156.9,-2142.02,2026/01/29 20:20:08
13463,1467.64,16114.7,-2140.41,2026/01/29 20:20:08
13464,1467.75,16098.8,-2147.45,2026/01/29 20:20:08
13465,1467.85,16126.5,-2145.49,2026/01/29 20:20:08
13466,1467.96,16161.9,-2153.68,2026/01/29 20:20:08
13467,1468.07,16172.9,-2146.51,2026/01/29 20:20:08
13468,1468.18,16188,-2143.17,2026/01/29 20:20:09
13469,1468.29,16194.8,-2137.65,2026/01/29 20:20:09
13470,1468.4,16223,-2135.65,2026/01/29 20:20:09
13471,1468.51,16240.7,-2136.52,2026/01/29 20:20:09
13472,1468.62,16275.2,-2136.55,2026/01/29 20:20:09
13473,1468.73,16214.6,-2138.1,2026/01/29 20:20:09
13474,1468.84,16165.5,-2141.66,2026/01/29 20:20:09
13475,1468.95,16113.9,-2142.58,2026/01/29 20:20:09
13476,1469.06,16084,-2144.47,2026/01/29 20:20:09
13477,1469.17,16068.2,-2145.7,2026/01/29 20:20:10
13478,1469.28,16128.9,-2150.44,2026/01/29 20:20:10
13479,1469.38,16161.1,-2149,2026/01/29 20:20:10
13480,1469.49,16186.3,-2140.9,2026/01/29 20:20:10
13481,1469.6,16225,-2139.52,2026/01/29 20:20:10
13482,1469.71,16233.2,-2135.13,2026/01/29 20:20:10
13483,1469.82,16246.5,-2134.32,2026/01/29 20:20:10
13484,1469.93,16272.8,-2137.71,2026/01/29 20:20:10
13485,1470.04,16231.9,-2134.71,2026/01/29 20:20:10
13486,1470.15,16164.7,-2144.56,2026/01/29 20:20:11
13487,1470.26,16096.6,-2143.96,2026/01/29 20:20:11
13488,1470.36,16093.9,-2146.46,2026/01/29 20:20:11
13489,1470.47,16131.5,-2151.41,2026/01/29 20:20:11
13490,1470.58,16160.4,-2152.25,2026/01/29 20:20:11
13491,1470.69,16170.9,-2148.44,2026/01/29 20:20:11
13492,1470.8,16189.7,-2141.42,2026/01/29 20:20:11
13493,1470.91,16193.3,-2138.19,2026/01/29 20:20:11
13494,1471.02,16202.4,-2138.95,2026/01/29 20:20:11
13495,1471.13,16237.1,-2136.47,2026/01/29 20:20:11
13496,1471.24,16263,-2134.46,2026/01/29 20:20:12
13497,1471.34,16164.4,-2143.37,2026/01/29 20:20:12
13498,1471.45,16094.7,-2144.59,2026/01/29 20:20:12
13499,1471.56,16088.4,-2147.75,2026/01/29 20:20:12
13500,1471.67,16105.9,-2150.64,2026/01/29 20:20:12
13501,1471.78,16152.5,-2153.33,2026/01/29 20:20:12
13502,1471.89,16174.7,-2145.95,2026/01/29 20:20:12
13503,1472,16196.6,-2141.28,2026/01/29 20:20:12
13504,1472.11,16223.3,-2136.62,2026/01/29 20:20:12
13505,1472.22,16235.3,-2133.87,2026/01/29 20:20:13
13506,1472.33,16256.5,-2137.09,2026/01/29 20:20:13
13507,1472.44,16269.8,-2136.33,2026/01/29 20:20:13
13508,1472.55,16174,-2140.8,2026/01/29 20:20:13
13509,1472.65,16094.4,-2144.87,2026/01/29 20:20:13
13510,1472.76,16069.8,-2145.63,2026/01/29 20:20:13
13511,1472.87,16097.5,-2151.28,2026/01/29 20:20:13
13512,1472.98,16149.6,-2152.65,2026/01/29 20:20:13
13513,1473.09,16164.2,-2148.13,2026/01/29 20:20:13
13514,1473.2,16185.2,-2141.65,2026/01/29 20:20:14
13515,1473.31,16190.1,-2139.01,2026/01/29 20:20:14
13516,1473.42,16210,-2137.39,2026/01/29 20:20:14
13517,1473.53,16246.4,-2136.74,2026/01/29 20:20:14
13518,1473.64,16264.2,-2133.09,2026/01/29 20:20:14
13519,1473.75,16174.8,-2142.94,2026/01/29 20:20:14
13520,1473.85,16111.6,-2143.8,2026/01/29 20:20:14
13521,1473.96,16097.1,-2148.41,2026/01/29 20:20:14
13522,1474.07,16122.4,-2151.12,2026/01/29 20:20:14
13523,1474.18,16154,-2155.12,2026/01/29 20:20:15
13524,1474.29,16161.9,-2148.98,2026/01/29 20:20:15
13525,1474.4,16182.9,-2142.75,2026/01/29 20:20:15
13526,1474.51,16190.4,-2141.04,2026/01/29 20:20:15
13527,1474.62,16223,-2134.98,2026/01/29 20:20:15
13528,1474.73,16258.2,-2138.35,2026/01/29 20:20:15
13529,1474.84,16222.9,-2135.57,2026/01/29 20:20:15
13530,1474.95,16158,-2142.36,2026/01/29 20:20:15
13531,1475.06,16082.5,-2145.78,2026/01/29 20:20:15
13532,1475.16,16061.1,-2145.27,2026/01/29 20:20:16
13533,1475.27,16090.9,-2151.61,2026/01/29 20:20:16
13534,1475.38,16142.2,-2154.92,2026/01/29 20:20:16
13535,1475.49,16162.3,-2149.67,2026/01/29 20:20:16
13536,1475.6,16184.3,-2142.88,2026/01/29 20:20:16
13537,1475.71,16190.5,-2139.16,2026/01/29 20:20:16
13538,1475.82,16228,-2135.15,2026/01/29 20:20:16
13539,1475.93,16251.6,-2137.74,2026/01/29 20:20:16
13540,1476.04,16233.5,-2134.05,2026/01/29 20:20:16
13541,1476.15,16147.4,-2145.87,2026/01/29 20:20:17
13542,1476.26,16090.8,-2144.61,2026/01/29 20:20:17
13543,1476.36,16088.1,-2147.68,2026/01/29 20:20:17
13544,1476.47,16119.8,-2151.63,2026/01/29 20:20:17
13545,1476.58,16156.8,-2151.15,2026/01/29 20:20:17
13546,1476.69,16173.8,-2147.94,2026/01/29 20:20:17
13547,1476.8,16191.6,-2139.29,2026/01/29 20:20:17
13548,1476.91,16192.6,-2138.75,2026/01/29 20:20:17
13549,1477.02,16208.9,-2134.63,2026/01/29 20:20:17
13550,1477.13,16226.8,-2135.23,2026/01/29 20:20:17
13551,1477.24,16250.8,-2134.95,2026/01/29 20:20:18
13552,1477.35,16242.1,-2134.36,2026/01/29 20:20:18
13553,1477.46,16155,-2144.63,2026/01/29 20:20:18
13554,1477.56,16091.1,-2145.72,2026/01/29 20:20:18
13555,1477.67,16089.2,-2149.82,2026/01/29 20:20:18
13556,1477.78,16138.1,-2154.19,2026/01/29 20:20:18
13557,1477.89,16157.7,-2147.88,2026/01/29 20:20:18
13558,1478,16183.6,-2142.16,2026/01/29 20:20:18
13559,1478.11,16210.1,-2135.44,2026/01/29 20:20:18
13560,1478.22,16228.3,-2134.07,2026/01/29 20:20:19
13561,1478.33,16231.5,-2134.36,2026/01/29 20:20:19
13562,1478.44,16263.6,-2136.7,2026/01/29 20:20:19
13563,1478.55,16212.6,-2137.57,2026/01/29 20:20:19
13564,1478.66,16134.5,-2144.35,2026/01/29 20:20:19
13565,1478.77,16087.6,-2146.71,2026/01/29 20:20:19
13566,1478.88,16088.2,-2149.81,2026/01/29 20:20:19
13567,1478.98,16138.7,-2153.83,2026/01/29 20:20:19
13568,1479.09,16159.3,-2150.02,2026/01/29 20:20:19
13569,1479.2,16181.2,-2140.92,2026/01/29 20:20:20
13570,1479.31,16189.5,-2141.56,2026/01/29 20:20:20
13571,1479.42,16220.1,-2133.41,2026/01/29 20:20:20
13572,1479.53,16236.9,-2136.21,2026/01/29 20:20:20
13573,1479.64,16266.5,-2137.57,2026/01/29 20:20:20
13574,1479.74,16193.5,-2139.86,2026/01/29 20:20:20
13575,1479.85,16133.4,-2146.6,2026/01/29 20:20:20
13576,1479.96,16120.1,-2146.21,2026/01/29 20:20:20
13577,1480.07,16135.8,-2150.11,2026/01/29 20:20:20
13578,1480.18,16162,-2151.2,2026/01/29 20:20:21
13579,1480.29,16177.7,-2144.62,2026/01/29 20:20:21
13580,1480.4,16193.6,-2141.26,2026/01/29 20:20:21
13581,1480.51,16212.6,-2134.91,2026/01/29 20:20:21
13582,1480.62,16230.9,-2135.97,2026/01/29 20:20:21
13583,1480.73,16263.8,-2137.89,2026/01/29 20:20:21
13584,1480.83,16208.8,-2136.98,2026/01/29 20:20:21
13585,1480.95,16139.3,-2144.16,2026/01/29 20:20:21
13586,1481.05,16082.9,-2145.35,2026/01/29 20:20:21
13587,1481.16,16083.7,-2145.72,2026/01/29 20:20:22
13588,1481.27,16131.4,-2153.85,2026/01/29 20:20:22
13589,1481.38,16167.5,-2145.75,2026/01/29 20:20:22
13590,1481.49,16179.2,-2144.66,2026/01/29 20:20:22
13591,1481.6,16197.5,-2137.89,2026/01/29 20:20:22
13592,1481.71,16217.6,-2136.74,2026/01/29 20:20:22
13593,1481.82,16233.3,-2132.97,2026/01/29 20:20:22
13594,1481.93,16256.9,-2136.87,2026/01/29 20:20:22
13595,1482.04,16217.9,-2135.57,2026/01/29 20:20:22
13596,1482.15,16155.6,-2143.14,2026/01/29 20:20:23
13597,1482.26,16095.2,-2143.97,2026/01/29 20:20:23
13598,1482.36,16098.7,-2147.07,2026/01/29 20:20:23
13599,1482.47,16134.6,-2153.06,2026/01/29 20:20:23
13600,1482.58,16164.1,-2145.65,2026/01/29 20:20:23
13601,1482.69,16182,-2144.87,2026/01/29 20:20:23
13602,1482.8,16193.2,-2137.6,2026/01/29 20:20:23
13603,1482.91,16194.5,-2138.87,2026/01/29 20:20:23
13604,1483.02,16221.2,-2133.23,2026/01/29 20:20:23
13605,1483.13,16252.4,-2135.93,2026/01/29 20:20:23
13606,1483.24,16212.1,-2136.38,2026/01/29 20:20:24
13607,1483.35,16138.8,-2145.54,2026/01/29 20:20:24
13608,1483.46,16088.7,-2147.27,2026/01/29 20:20:24
13609,1483.56,16129.1,-2152.02,2026/01/29 20:20:24
13610,1483.68,16158.3,-2150.73,2026/01/29 20:20:24
13611,1483.78,16175.4,-2144.14,2026/01/29 20:20:24
13612,1483.89,16208.3,-2137.08,2026/01/29 20:20:24
13613,1484,16225.4,-2135.16,2026/01/29 20:20:24
13614,1484.11,16230.2,-2132.85,2026/01/29 20:20:24
13615,1484.22,16242.9,-2134.84,2026/01/29 20:20:25
13616,1484.33,16263,-2136.56,2026/01/29 20:20:25
13617,1484.44,16189.3,-2141.32,2026/01/29 20:20:25
13618,1484.55,16122.1,-2145.76,2026/01/29 20:20:25
13619,1484.66,16110.6,-2149.39,2026/01/29 20:20:25
13620,1484.77,16140.7,-2152.95,2026/01/29 20:20:25
13621,1484.87,16165.3,-2150.23,2026/01/29 20:20:25
13622,1484.98,16181.6,-2143.09,2026/01/29 20:20:25
13623,1485.09,16206,-2139.46,2026/01/29 20:20:25
13624,1485.2,16221.9,-2134.68,2026/01/29 20:20:26
13625,1485.31,16229.9,-2136.38,2026/01/29 20:20:26
13626,1485.42,16262.9,-2137.67,2026/01/29 20:20:26
13627,1485.53,16176.2,-2140.52,2026/01/29 20:20:26
13628,1485.64,16122,-2144.06,2026/01/29 20:20:26
13629,1485.75,16090.6,-2144.98,2026/01/29 20:20:26
13630,1485.86,16084.2,-2144.32,2026/01/29 20:20:26
13631,1485.97,16124.9,-2150.93,2026/01/29 20:20:26
13632,1486.07,16159.6,-2147.99,2026/01/29 20:20:26
13633,1486.18,16182.9,-2141.67,2026/01/29 20:20:27
13634,1486.29,16186.4,-2141.1,2026/01/29 20:20:27
13635,1486.4,16211.2,-2134.53,2026/01/29 20:20:27
13636,1486.51,16252.6,-2137.93,2026/01/29 20:20:27
13637,1486.62,16200.5,-2135.52,2026/01/29 20:20:27
13638,1486.73,16148.1,-2141.24,2026/01/29 20:20:27
13639,1486.84,16091.5,-2144.05,2026/01/29 20:20:27
13640,1486.94,16070.8,-2144.53,2026/01/29 20:20:27
13641,1487.05,16063.6,-2145.98,2026/01/29 20:20:27
13642,1487.16,16127.1,-2149.33,2026/01/29 20:20:28
13643,1487.27,16152.5,-2150.02,2026/01/29 20:20:28
13644,1487.38,16174.7,-2139.31,2026/01/29 20:20:28
13645,1487.49,16181,-2140.84,2026/01/29 20:20:28
13646,1487.6,16193.1,-2136.52,2026/01/29 20:20:28
13647,1487.71,16245.7,-2138.13,2026/01/29 20:20:28
13648,1487.82,16213.3,-2134.31,2026/01/29 20:20:28
13649,1487.93,16134.2,-2146.79,2026/01/29 20:20:28
13650,1488.04,16067.4,-2146.59,2026/01/29 20:20:28
13651,1488.14,16067.4,-2146.11,2026/01/29 20:20:29
13652,1488.25,16097.9,-2153.59,2026/01/29 20:20:29
13653,1488.36,16145.4,-2148.69,2026/01/29 20:20:29
13654,1488.47,16171.9,-2145.06,2026/01/29 20:20:29
13655,1488.58,16184,-2136.52,2026/01/29 20:20:29
13656,1488.69,16196.7,-2138.05,2026/01/29 20:20:29
13657,1488.8,16242.9,-2134.94,2026/01/29 20:20:29
13658,1488.91,16228.3,-2133.59,2026/01/29 20:20:29
13659,1489.02,16135.7,-2144.1,2026/01/29 20:20:29
13660,1489.12,16066.7,-2145.12,2026/01/29 20:20:29
13661,1489.23,16050.4,-2146.84,2026/01/29 20:20:30
13662,1489.34,16069.1,-2150.12,2026/01/29 20:20:30
13663,1489.45,16120.9,-2155.18,2026/01/29 20:20:30
13664,1489.56,16151.3,-2148.07,2026/01/29 20:20:30
13665,1489.67,16176.5,-2141.55,2026/01/29 20:20:30
13666,1489.78,16211.7,-2137.83,2026/01/29 20:20:30
13667,1489.88,16225.9,-2134.32,2026/01/29 20:20:30
13668,1490,16250.7,-2136.43,2026/01/29 20:20:30
13669,1490.1,16214.4,-2138.36,2026/01/29 20:20:30
13670,1490.21,16138,-2145.03,2026/01/29 20:20:31
13671,1490.32,16057.7,-2147.12,2026/01/29 20:20:31
13672,1490.43,16066.4,-2148.51,2026/01/29 20:20:31
13673,1490.54,16125.1,-2154.91,2026/01/29 20:20:31
13674,1490.65,16153.3,-2147.07,2026/01/29 20:20:31
13675,1490.76,16177.4,-2141.66,2026/01/29 20:20:31
13676,1490.87,16185.2,-2137.4,2026/01/29 20:20:31
13677,1490.98,16190.5,-2138.87,2026/01/29 20:20:31
13678,1491.08,16240,-2135.53,2026/01/29 20:20:31
13679,1491.19,16225.4,-2133.98,2026/01/29 20:20:32
13680,1491.3,16144.2,-2146.9,2026/01/29 20:20:32
13681,1491.41,16066.6,-2145.19,2026/01/29 20:20:32
13682,1491.52,16056.2,-2148.18,2026/01/29 20:20:32
13683,1491.63,16077,-2151.53,2026/01/29 20:20:32
13684,1491.74,16127.8,-2156.24,2026/01/29 20:20:32
13685,1491.85,16152.8,-2147.54,2026/01/29 20:20:32
13686,1491.96,16176,-2140.25,2026/01/29 20:20:32
13687,1492.07,16180.5,-2136.54,2026/01/29 20:20:32
13688,1492.18,16209.8,-2136.6,2026/01/29 20:20:33
13689,1492.29,16253.1,-2137.32,2026/01/29 20:20:33
13690,1492.39,16186.5,-2141.48,2026/01/29 20:20:33
13691,1492.5,16108.7,-2147.21,2026/01/29 20:20:33
13692,1492.61,16049.5,-2146.56,2026/01/29 20:20:33
13693,1492.72,16056.8,-2151.18,2026/01/29 20:20:33
13694,1492.83,16114.7,-2154.33,2026/01/29 20:20:33
13695,1492.94,16149.5,-2149.21,2026/01/29 20:20:33
13696,1493.05,16169.8,-2141.86,2026/01/29 20:20:33
13697,1493.16,16181.3,-2138.05,2026/01/29 20:20:34
13698,1493.27,16211.3,-2135.79,2026/01/29 20:20:34
13699,1493.38,16252.1,-2139.36,2026/01/29 20:20:34
13700,1493.49,16191.8,-2140.62,2026/01/29 20:20:34
13701,1493.59,16107,-2146.3,2026/01/29 20:20:34
13702,1493.7,16059.6,-2147.06,2026/01/29 20:20:34
13703,1493.81,16051.9,-2146.21,2026/01/29 20:20:34
13704,1493.92,16106,-2155.14,2026/01/29 20:20:34
13705,1494.03,16137.7,-2153.36,2026/01/29 20:20:34
13706,1494.14,16152.7,-2148.37,2026/01/29 20:20:35
13707,1494.25,16173.1,-2140.55,2026/01/29 20:20:35
13708,1494.35,16214.3,-2135.83,2026/01/29 20:20:35
13709,1494.46,16232.7,-2133.31,2026/01/29 20:20:35
13710,1494.57,16247,-2134.61,2026/01/29 20:20:35
13711,1494.68,16255.3,-2136.49,2026/01/29 20:20:35
13712,1494.79,16171.1,-2141.09,2026/01/29 20:20:35
13713,1494.9,16097.6,-2144.99,2026/01/29 20:20:35
13714,1495.01,16061,-2144.94,2026/01/29 20:20:35
13715,1495.12,16060.2,-2146.21,2026/01/29 20:20:35
13716,1495.23,16120.2,-2152.58,2026/01/29 20:20:36
13717,1495.34,16158.3,-2147.07,2026/01/29 20:20:36
13718,1495.45,16194,-2140.52,2026/01/29 20:20:36
13719,1495.55,16230.5,-2134.18,2026/01/29 20:20:36
13720,1495.66,16241.1,-2133.87,2026/01/29 20:20:36
13721,1495.77,16245.5,-2134.59,2026/01/29 20:20:36
13722,1495.88,16277.3,-2138.18,2026/01/29 20:20:36
13723,1495.99,16184,-2139.1,2026/01/29 20:20:36
13724,1496.1,16098.1,-2143.86,2026/01/29 20:20:36
13725,1496.21,16080.5,-2146.08,2026/01/29 20:20:37
13726,1496.32,16131.3,-2152.11,2026/01/29 20:20:37
13727,1496.43,16161.4,-2145.94,2026/01/29 20:20:37
13728,1496.53,16174.2,-2143.65,2026/01/29 20:20:37
13729,1496.65,16185.2,-2136.67,2026/01/29 20:20:37
13730,1496.76,16222.3,-2136.96,2026/01/29 20:20:37
13731,1496.86,16261.8,-2137.31,2026/01/29 20:20:37
13732,1496.97,16195.5,-2138.92,2026/01/29 20:20:37
13733,1497.08,16132,-2141.24,2026/01/29 20:20:37
13734,1497.19,16073.2,-2145.68,2026/01/29 20:20:38
13735,1497.3,16080.1,-2145.7,2026/01/29 20:20:38
13736,1497.41,16132.6,-2153.75,2026/01/29 20:20:38
13737,1497.52,16159.9,-2146.15,2026/01/29 20:20:38
13738,1497.63,16179.6,-2141.73,2026/01/29 20:20:38
13739,1497.74,16189.4,-2138.71,2026/01/29 20:20:38
13740,1497.85,16241.6,-2135.57,2026/01/29 20:20:38
13741,1497.95,16267.4,-2140.04,2026/01/29 20:20:38
13742,1498.06,16193.8,-2138.74,2026/01/29 20:20:38
13743,1498.17,16130.2,-2143.3,2026/01/29 20:20:39
13744,1498.28,16070.2,-2141.21,2026/01/29 20:20:39
13745,1498.39,16063,-2148.01,2026/01/29 20:20:39
13746,1498.5,16124.4,-2150.2,2026/01/29 20:20:39
13747,1498.61,16156,-2148.7,2026/01/29 20:20:39
13748,1498.72,16178,-2141.66,2026/01/29 20:20:39
13749,1498.83,16188.5,-2137.13,2026/01/29 20:20:39
13750,1498.94,16210.7,-2136.75,2026/01/29 20:20:39
13751,1499.04,16264.8,-2137.89,2026/01/29 20:20:39
13752,1499.16,16202.4,-2140.42,2026/01/29 20:20:40
13753,1499.26,16143.6,-2143.37,2026/01/29 20:20:40
13754,1499.37,16074.6,-2143.75,2026/01/29 20:20:40
13755,1499.48,16063.2,-2144.45,2026/01/29 20:20:40
13756,1499.59,16106.2,-2148.36,2026/01/29 20:20:40
13757,1499.7,16155.5,-2148.95,2026/01/29 20:20:40
13758,1499.81,16172.2,-2142.94,2026/01/29 20:20:40
13759,1499.92,16188.9,-2139.5,2026/01/29 20:20:40
13760,1500.03,16213.1,-2137.04,2026/01/29 20:20:40
13761,1500.14,16270.7,-2139.29,2026/01/29 20:20:41
13762,1500.24,16195.4,-2136.71,2026/01/29 20:20:41
13763,1500.35,16137.8,-2142.77,2026/01/29 20:20:41
13764,1500.46,16091.7,-2142.41,2026/01/29 20:20:41
13765,1500.57,16094.9,-2146.7,2026/01/29 20:20:41
13766,1500.68,16139.8,-2151.71,2026/01/29 20:20:41
13767,1500.79,16164.5,-2148.72,2026/01/29 20:20:41
13768,1500.9,16183.6,-2139.96,2026/01/29 20:20:41
13769,1501.01,16196.3,-2140.83,2026/01/29 20:20:41
13770,1501.12,16250.9,-2134.61,2026/01/29 20:20:41
13771,1501.23,16223,-2134.27,2026/01/29 20:20:42
13772,1501.34,16146.6,-2143.02,2026/01/29 20:20:42
13773,1501.44,16072.5,-2144.38,2026/01/29 20:20:42
13774,1501.55,16059.5,-2145.14,2026/01/29 20:20:42
13775,1501.66,16111.2,-2150.22,2026/01/29 20:20:42
13776,1501.77,16147.8,-2150.25,2026/01/29 20:20:42
13777,1501.88,16178.4,-2143.29,2026/01/29 20:20:42
13778,1501.99,16184.8,-2139.55,2026/01/29 20:20:42
13779,1502.1,16230.3,-2138.25,2026/01/29 20:20:42
13780,1502.21,16269.4,-2138.16,2026/01/29 20:20:43
13781,1502.32,16196.6,-2141.62,2026/01/29 20:20:43
13782,1502.43,16135.3,-2141.8,2026/01/29 20:20:43
13783,1502.54,16079.7,-2143.57,2026/01/29 20:20:43
13784,1502.65,16084.9,-2146.06,2026/01/29 20:20:43
13785,1502.75,16139.7,-2153.28,2026/01/29 20:20:43
13786,1502.86,16165.5,-2144.83,2026/01/29 20:20:43
13787,1502.97,16184.1,-2141.22,2026/01/29 20:20:43
13788,1503.08,16194.8,-2135.14,2026/01/29 20:20:43
13789,1503.19,16239.5,-2136.64,2026/01/29 20:20:44
13790,1503.3,16269.8,-2138.48,2026/01/29 20:20:44
13791,1503.41,16184.4,-2141.07,2026/01/29 20:20:44
13792,1503.52,16098.1,-2141.82,2026/01/29 20:20:44
13793,1503.63,16061.3,-2144.42,2026/01/29 20:20:44
13794,1503.73,16095.6,-2148.6,2026/01/29 20:20:44
13795,1503.84,16145,-2150.81,2026/01/29 20:20:44
13796,1503.95,16171.6,-2144.9,2026/01/29 20:20:44
13797,1504.06,16223.2,-2137.41,2026/01/29 20:20:44
13798,1504.17,16241.8,-2133.48,2026/01/29 20:20:45
13799,1504.28,16260.7,-2136.02,2026/01/29 20:20:45
13800,1504.39,16221.3,-2134.22,2026/01/29 20:20:45
13801,1504.5,16134.4,-2143.57,2026/01/29 20:20:45
13802,1504.61,16056.6,-2143.84,2026/01/29 20:20:45
13803,1504.72,16052.6,-2145.18,2026/01/29 20:20:45
13804,1504.82,16119.8,-2152.47,2026/01/29 20:20:45
13805,1504.93,16158.1,-2147.83,2026/01/29 20:20:45
13806,1505.04,16181,-2142.59,2026/01/29 20:20:45
13807,1505.15,16189.8,-2138.34,2026/01/29 20:20:46
13808,1505.26,16249.2,-2133.99,2026/01/29 20:20:46
13809,1505.37,16256.1,-2138.82,2026/01/29 20:20:46
13810,1505.48,16174.1,-2139.87,2026/01/29 20:20:46
13811,1505.58,16094.7,-2142.75,2026/01/29 20:20:46
13812,1505.69,16065.7,-2144.48,2026/01/29 20:20:46
13813,1505.8,16127.2,-2150.99,2026/01/29 20:20:46
13814,1505.91,16163.6,-2146.31,2026/01/29 20:20:46
13815,1506.02,16187.9,-2140.14,2026/01/29 20:20:46
13816,1506.13,16215.8,-2136.54,2026/01/29 20:20:46
13817,1506.24,16243,-2135.37,2026/01/29 20:20:47
13818,1506.35,16271.4,-2136.94,2026/01/29 20:20:47
13819,1506.46,16198,-2140.18,2026/01/29 20:20:47
13820,1506.56,16148.9,-2143.54,2026/01/29 20:20:47
13821,1506.67,16114.4,-2141.42,2026/01/29 20:20:47
13822,1506.78,16102.8,-2142.81,2026/01/29 20:20:47
13823,1506.89,16131.7,-2147.65,2026/01/29 20:20:47
13824,1507,16167.8,-2143.18,2026/01/29 20:20:47
13825,1507.11,16190.5,-2143.85,2026/01/29 20:20:47
13826,1507.22,16207.9,-2135.97,2026/01/29 20:20:48
13827,1507.32,16250.8,-2137.1,2026/01/29 20:20:48
13828,1507.43,16238.6,-2136.79,2026/01/29 20:20:48
13829,1507.54,16158,-2142.81,2026/01/29 20:20:48
13830,1507.65,16085.8,-2144.8,2026/01/29 20:20:48
13831,1507.76,16083.8,-2144.96,2026/01/29 20:20:48
13832,1507.87,16115.5,-2149.98,2026/01/29 20:20:48
13833,1507.98,16156.4,-2150.24,2026/01/29 20:20:48
13834,1508.09,16179.2,-2143.62,2026/01/29 20:20:48
13835,1508.2,16192.5,-2139.98,2026/01/29 20:20:49
13836,1508.3,16265.9,-2141.08,2026/01/29 20:20:49
13837,1508.41,16195.5,-2137.45,2026/01/29 20:20:49
13838,1508.53,16132.8,-2142.77,2026/01/29 20:20:49
13839,1508.63,16071.7,-2141.17,2026/01/29 20:20:49
13840,1508.74,16049.7,-2144.83,2026/01/29 20:20:49
13841,1508.85,16113.1,-2148.63,2026/01/29 20:20:49
13842,1508.96,16153.6,-2149.37,2026/01/29 20:20:49
13843,1509.07,16173.6,-2145.25,2026/01/29 20:20:49
13844,1509.18,16188,-2138.32,2026/01/29 20:20:50
13845,1509.29,16246.5,-2137.61,2026/01/29 20:20:50
13846,1509.4,16245.3,-2140.35,2026/01/29 20:20:50
13847,1509.5,16173.4,-2139.76,2026/01/29 20:20:50
13848,1509.61,16087.3,-2140.85,2026/01/29 20:20:50
13849,1509.72,15999.3,-2137.23,2026/01/29 20:20:50
13850,1509.83,16005,-2139.53,2026/01/29 20:20:50
13851,1509.94,16092.1,-2152.56,2026/01/29 20:20:50
13852,1510.05,16144.3,-2151.38,2026/01/29 20:20:50
13853,1510.16,16168.7,-2144.39,2026/01/29 20:20:51
13854,1510.27,16176.3,-2139.97,2026/01/29 20:20:51
13855,1510.38,16263.6,-2136.35,2026/01/29 20:20:51
13856,1510.49,16203,-2140.48,2026/01/29 20:20:51
13857,1510.6,16159.3,-2141.83,2026/01/29 20:20:51
13858,1510.7,16097,-2141.42,2026/01/29 20:20:51
13859,1510.81,16095.5,-2145.16,2026/01/29 20:20:51
13860,1510.92,16120.7,-2148.16,2026/01/29 20:20:51
13861,1511.03,16156.9,-2148.44,2026/01/29 20:20:51
13862,1511.14,16183.4,-2142.22,2026/01/29 20:20:52
13863,1511.25,16193.7,-2139.74,2026/01/29 20:20:52
13864,1511.36,16252.4,-2135.74,2026/01/29 20:20:52
13865,1511.47,16254.3,-2141.84,2026/01/29 20:20:52
13866,1511.58,16182.8,-2137.45,2026/01/29 20:20:52
13867,1511.69,16126.8,-2145.58,2026/01/29 20:20:52
13868,1511.79,16111.9,-2141.81,2026/01/29 20:20:52
13869,1511.9,16128.3,-2148.9,2026/01/29 20:20:52
13870,1512.01,16159,-2150.71,2026/01/29 20:20:52
13871,1512.12,16181.3,-2146.24,2026/01/29 20:20:52
13872,1512.23,16199.9,-2139.97,2026/01/29 20:20:53
13873,1512.34,16230.5,-2135.66,2026/01/29 20:20:53
13874,1512.45,16273,-2138.96,2026/01/29 20:20:53
13875,1512.56,16202.6,-2140.04,2026/01/29 20:20:53
13876,1512.67,16135.1,-2141.97,2026/01/29 20:20:53
13877,1512.77,16087.6,-2142.6,2026/01/29 20:20:53
13878,1512.88,16132.3,-2150.39,2026/01/29 20:20:53
13879,1512.99,16166.6,-2145.92,2026/01/29 20:20:53
13880,1513.1,16186.6,-2145.3,2026/01/29 20:20:53
13881,1513.21,16197.9,-2137.34,2026/01/29 20:20:54
13882,1513.32,16209.5,-2136.11,2026/01/29 20:20:54
13883,1513.43,16254.9,-2136.59,2026/01/29 20:20:54
13884,1513.54,16196.8,-2140.89,2026/01/29 20:20:54
13885,1513.65,16111.2,-2146.36,2026/01/29 20:20:54
13886,1513.76,16081.4,-2144.03,2026/01/29 20:20:54
13887,1513.86,16128.5,-2151.23,2026/01/29 20:20:54
13888,1513.97,16166.9,-2149.61,2026/01/29 20:20:54
13889,1514.08,16182.1,-2141.79,2026/01/29 20:20:54
13890,1514.19,16195,-2138.88,2026/01/29 20:20:55
13891,1514.3,16257.3,-2138.63,2026/01/29 20:20:55
13892,1514.41,16239.1,-2136.47,2026/01/29 20:20:55
13893,1514.52,16173.2,-2140.62,2026/01/29 20:20:55
13894,1514.63,16095.3,-2141.21,2026/01/29 20:20:55
13895,1514.74,16111.2,-2145.6,2026/01/29 20:20:55
13896,1514.85,16150,-2153.1,2026/01/29 20:20:55
13897,1514.95,16176.5,-2145.12,2026/01/29 20:20:55
13898,1515.06,16181.2,-2146.07,2026/01/29 20:20:55
13899,1515.17,16197.2,-2139.11,2026/01/29 20:20:56
13900,1515.28,16195.9,-2135.76,2026/01/29 20:20:56
13901,1515.39,16253.5,-2137.97,2026/01/29 20:20:56
13902,1515.5,16216.6,-2135.09,2026/01/29 20:20:56
13903,1515.61,16150.9,-2144.54,2026/01/29 20:20:56
13904,1515.72,16085.7,-2141.28,2026/01/29 20:20:56
13905,1515.83,16076.4,-2143.5,2026/01/29 20:20:56
13906,1515.94,16137,-2151.69,2026/01/29 20:20:56
13907,1516.04,16166.1,-2147.27,2026/01/29 20:20:56
13908,1516.15,16182,-2142.15,2026/01/29 20:20:57
13909,1516.26,16188.2,-2141.07,2026/01/29 20:20:57
13910,1516.37,16246.6,-2134.45,2026/01/29 20:20:57
13911,1516.48,16256.7,-2142.78,2026/01/29 20:20:57
13912,1516.59,16187.2,-2136.66,2026/01/29 20:20:57
13913,1516.7,16130.8,-2141.21,2026/01/29 20:20:57
13914,1516.81,16124.6,-2142.19,2026/01/29 20:20:57
13915,1516.92,16149.5,-2149,2026/01/29 20:20:57
13916,1517.03,16176.6,-2146.15,2026/01/29 20:20:57
13917,1517.14,16199.3,-2139.66,2026/01/29 20:20:58
13918,1517.25,16205.6,-2135.84,2026/01/29 20:20:58
13919,1517.36,16238.9,-2133.81,2026/01/29 20:20:58
13920,1517.46,16266,-2139.64,2026/01/29 20:20:58
13921,1517.57,16193.2,-2140.51,2026/01/29 20:20:58
13922,1517.68,16119.9,-2143.33,2026/01/29 20:20:58
13923,1517.79,16086.5,-2142.22,2026/01/29 20:20:58
13924,1517.9,16111.1,-2150.42,2026/01/29 20:20:58
13925,1518.01,16154.7,-2147.82,2026/01/29 20:20:58
13926,1518.12,16178.8,-2146.23,2026/01/29 20:20:58
13927,1518.23,16195.4,-2136.42,2026/01/29 20:20:59
13928,1518.34,16214.8,-2136.94,2026/01/29 20:20:59
13929,1518.44,16254.5,-2137.62,2026/01/29 20:20:59
13930,1518.55,16199.9,-2139.3,2026/01/29 20:20:59
13931,1518.66,16128.1,-2146.74,2026/01/29 20:20:59
13932,1518.77,16096.2,-2144.51,2026/01/29 20:20:59
13933,1518.88,16117.3,-2147.51,2026/01/29 20:20:59
13934,1518.99,16158,-2151.32,2026/01/29 20:20:59
13935,1519.1,16179.2,-2144.05,2026/01/29 20:20:59
13936,1519.21,16193.6,-2140.52,2026/01/29 20:21:00
13937,1519.32,16221.3,-2136.97,2026/01/29 20:21:00
13938,1519.42,16254.6,-2138.64,2026/01/29 20:21:00
13939,1519.53,16198.9,-2138.81,2026/01/29 20:21:00
13940,1519.64,16128.4,-2144.42,2026/01/29 20:21:00
13941,1519.75,16076.5,-2142.47,2026/01/29 20:21:00
13942,1519.86,16089.5,-2149.83,2026/01/29 20:21:00
13943,1519.97,16145.7,-2151.09,2026/01/29 20:21:00
13944,1520.08,16171.2,-2149.23,2026/01/29 20:21:00
13945,1520.19,16194.9,-2137.54,2026/01/29 20:21:01
13946,1520.3,16198.4,-2137.82,2026/01/29 20:21:01
13947,1520.41,16231.5,-2134.44,2026/01/29 20:21:01
13948,1520.52,16264,-2139.45,2026/01/29 20:21:01
13949,1520.62,16181.6,-2141.11,2026/01/29 20:21:01
13950,1520.73,16097.3,-2142.69,2026/01/29 20:21:01
13951,1520.84,16073.5,-2144.89,2026/01/29 20:21:01
13952,1520.95,16135.2,-2150.19,2026/01/29 20:21:01
13953,1521.06,16163,-2147.02,2026/01/29 20:21:01
13954,1521.17,16182.3,-2143.43,2026/01/29 20:21:02
13955,1521.28,16193.5,-2136.55,2026/01/29 20:21:02
13956,1521.39,16220.8,-2135.24,2026/01/29 20:21:02
13957,1521.5,16252.6,-2136.77,2026/01/29 20:21:02
13958,1521.61,16206.9,-2137.72,2026/01/29 20:21:02
13959,1521.71,16138.9,-2146.22,2026/01/29 20:21:02
13960,1521.82,16080.7,-2143.79,2026/01/29 20:21:02
13961,1521.93,16092.5,-2146.41,2026/01/29 20:21:02
13962,1522.04,16145.1,-2152.77,2026/01/29 20:21:02
13963,1522.15,16175.9,-2144.95,2026/01/29 20:21:03
13964,1522.26,16188.6,-2141.04,2026/01/29 20:21:03
13965,1522.37,16207.2,-2133.48,2026/01/29 20:21:03
13966,1522.48,16236.8,-2138.12,2026/01/29 20:21:03
13967,1522.59,16248.2,-2133.83,2026/01/29 20:21:03
13968,1522.7,16152,-2144.95,2026/01/29 20:21:03
13969,1522.8,16075.7,-2143.25,2026/01/29 20:21:03
13970,1522.91,16098.6,-2149.98,2026/01/29 20:21:03
13971,1523.02,16149.4,-2151.31,2026/01/29 20:21:03
13972,1523.13,16175.9,-2146,2026/01/29 20:21:03
13973,1523.24,16182.4,-2140.25,2026/01/29 20:21:04
13974,1523.35,16196.1,-2138.19,2026/01/29 20:21:04
13975,1523.46,16230.3,-2133.53,2026/01/29 20:21:04
13976,1523.57,16256.2,-2140.12,2026/01/29 20:21:04
13977,1523.67,16191.5,-2139.38,2026/01/29 20:21:04
13978,1523.78,16126.2,-2141.98,2026/01/29 20:21:04
13979,1523.89,16079.1,-2141.24,2026/01/29 20:21:04
13980,1524,16127.5,-2149.27,2026/01/29 20:21:04
13981,1524.11,16166.3,-2144.53,2026/01/29 20:21:04
13982,1524.22,16182.8,-2142.03,2026/01/29 20:21:05
13983,1524.33,16200.6,-2138.46,2026/01/29 20:21:05
13984,1524.44,16225.9,-2134.23,2026/01/29 20:21:05
13985,1524.55,16251.3,-2136.8,2026/01/29 20:21:05
13986,1524.66,16194.1,-2141.51,2026/01/29 20:21:05
13987,1524.76,16117.4,-2143.82,2026/01/29 20:21:05
13988,1524.87,16074,-2143.39,2026/01/29 20:21:05
13989,1524.98,16119.6,-2150.91,2026/01/29 20:21:05
13990,1525.09,16161.8,-2148.75,2026/01/29 20:21:05
13991,1525.2,16173,-2146.78,2026/01/29 20:21:06
13992,1525.31,16188.2,-2138.94,2026/01/29 20:21:06
13993,1525.42,16204.1,-2140.34,2026/01/29 20:21:06
13994,1525.53,16251,-2135.26,2026/01/29 20:21:06
13995,1525.64,16182.2,-2143.9,2026/01/29 20:21:06
13996,1525.74,16109.8,-2141.22,2026/01/29 20:21:06
13997,1525.85,16101.9,-2147.01,2026/01/29 20:21:06
13998,1525.96,16153.6,-2150.05,2026/01/29 20:21:06
13999,1526.07,16181.4,-2145.36,2026/01/29 20:21:06
14000,1526.18,16214.5,-2137.38,2026/01/29 20:21:07
14001,1526.29,16243.1,-2133.1,2026/01/29 20:21:07
14002,1526.4,16241.5,-2136.7,2026/01/29 20:21:07
14003,1526.51,16201.9,-2139.61,2026/01/29 20:21:07
14004,1526.62,16105.3,-2146.87,2026/01/29 20:21:07
14005,1526.73,16071.5,-2141.45,2026/01/29 20:21:07
14006,1526.84,16125.2,-2152.17,2026/01/29 20:21:07
14007,1526.95,16173.3,-2146.31,2026/01/29 20:21:07
14008,1527.05,16187.5,-2140.68,2026/01/29 20:21:07
14009,1527.16,16230.7,-2133.83,2026/01/29 20:21:08
14010,1527.27,16233.4,-2134.61,2026/01/29 20:21:08
14011,1527.38,16255.5,-2137.89,2026/01/29 20:21:08
14012,1527.49,16179.9,-2140.55,2026/01/29 20:21:08
14013,1527.6,16108.9,-2142.67,2026/01/29 20:21:08
14014,1527.71,16079.8,-2142.07,2026/01/29 20:21:08
14015,1527.82,16114.3,-2149.41,2026/01/29 20:21:08
14016,1527.93,16163,-2149.03,2026/01/29 20:21:08
14017,1528.04,16177.1,-2142.86,2026/01/29 20:21:08
14018,1528.15,16194.7,-2139.48,2026/01/29 20:21:09
14019,1528.26,16226.3,-2135.28,2026/01/29 20:21:09
14020,1528.36,16254.1,-2140.91,2026/01/29 20:21:09
14021,1528.47,16181.8,-2139.34,2026/01/29 20:21:09
14022,1528.58,16103.9,-2141.67,2026/01/29 20:21:09
14023,1528.69,16080.6,-2142.72,2026/01/29 20:21:09
14024,1528.8,16117,-2149.31,2026/01/29 20:21:09
14025,1528.91,16161.7,-2149.4,2026/01/29 20:21:09
14026,1529.02,16176.6,-2141.95,2026/01/29 20:21:09
14027,1529.13,16191,-2139.41,2026/01/29 20:21:09
14028,1529.24,16228.4,-2134.83,2026/01/29 20:21:10
14029,1529.34,16252.9,-2140.99,2026/01/29 20:21:10
14030,1529.45,16181.1,-2139.89,2026/01/29 20:21:10
14031,1529.56,16109.9,-2142.9,2026/01/29 20:21:10
14032,1529.67,16105.3,-2145.29,2026/01/29 20:21:10
14033,1529.78,16155.9,-2151.64,2026/01/29 20:21:10
14034,1529.89,16175.4,-2145.94,2026/01/29 20:21:10
14035,1530,16188.5,-2140.86,2026/01/29 20:21:10
14036,1530.11,16215.1,-2137.86,2026/01/29 20:21:10
14037,1530.22,16251.6,-2136.83,2026/01/29 20:21:11
14038,1530.33,16205.8,-2140.37,2026/01/29 20:21:11
14039,1530.44,16140.3,-2141.25,2026/01/29 20:21:11
14040,1530.54,16087.1,-2143.1,2026/01/29 20:21:11
14041,1530.65,16130.8,-2148.27,2026/01/29 20:21:11
14042,1530.76,16164.2,-2149.08,2026/01/29 20:21:11
14043,1530.87,16181.3,-2144.35,2026/01/29 20:21:11
14044,1530.98,16192.5,-2140.68,2026/01/29 20:21:11
14045,1531.09,16204.6,-2138.29,2026/01/29 20:21:11
14046,1531.2,16243.1,-2135.17,2026/01/29 20:21:12
14047,1531.31,16250.8,-2137.94,2026/01/29 20:21:12
14048,1531.42,16170.7,-2138.85,2026/01/29 20:21:12
14049,1531.52,16111.5,-2140.92,2026/01/29 20:21:12
14050,1531.64,16123.7,-2144.44,2026/01/29 20:21:12
14051,1531.74,16165,-2150.05,2026/01/29 20:21:12
14052,1531.85,16183,-2144.53,2026/01/29 20:21:12
14053,1531.96,16198.7,-2139.76,2026/01/29 20:21:12
14054,1532.07,16220.3,-2135.75,2026/01/29 20:21:12
14055,1532.18,16260.9,-2138.34,2026/01/29 20:21:13
14056,1532.29,16205.9,-2138.76,2026/01/29 20:21:13
14057,1532.4,16135.9,-2140.61,2026/01/29 20:21:13
14058,1532.51,16076.1,-2143.23,2026/01/29 20:21:13
14059,1532.61,16109.1,-2146.88,2026/01/29 20:21:13
14060,1532.72,16157.1,-2149.65,2026/01/29 20:21:13
14061,1532.83,16182,-2142.37,2026/01/29 20:21:13
14062,1532.94,16196.4,-2137.14,2026/01/29 20:21:13
14063,1533.05,16229.2,-2134.75,2026/01/29 20:21:13
14064,1533.16,16260,-2138.67,2026/01/29 20:21:14
14065,1533.27,16173.1,-2141.56,2026/01/29 20:21:14
14066,1533.38,16092.8,-2142.96,2026/01/29 20:21:14
14067,1533.49,16089.8,-2146.15,2026/01/29 20:21:14
14068,1533.6,16125.3,-2148.48,2026/01/29 20:21:14
14069,1533.71,16164,-2149.95,2026/01/29 20:21:14
14070,1533.81,16190,-2141.61,2026/01/29 20:21:14
14071,1533.92,16246.4,-2134.71,2026/01/29 20:21:14
14072,1534.03,16262.2,-2130.45,2026/01/29 20:21:14
14073,1534.14,16250.7,-2134,2026/01/29 20:21:15
14074,1534.25,16232.6,-2133.8,2026/01/29 20:21:15
14075,1534.36,16146.7,-2144.75,2026/01/29 20:21:15
14076,1534.47,16073.1,-2141.12,2026/01/29 20:21:15
14077,1534.58,16067.5,-2143.99,2026/01/29 20:21:15
14078,1534.69,16143.6,-2151.47,2026/01/29 20:21:15
14079,1534.8,16168.4,-2146,2026/01/29 20:21:15
14080,1534.91,16193.3,-2140.81,2026/01/29 20:21:15
14081,1535.02,16212.3,-2135.28,2026/01/29 20:21:15
14082,1535.12,16235.2,-2132.96,2026/01/29 20:21:15
14083,1535.23,16263.8,-2136.59,2026/01/29 20:21:16
14084,1535.34,16199.7,-2137.6,2026/01/29 20:21:16
14085,1535.45,16131.2,-2141.04,2026/01/29 20:21:16
14086,1535.56,16081,-2143.28,2026/01/29 20:21:16
14087,1535.67,16119.7,-2146.87,2026/01/29 20:21:16
14088,1535.78,16159.5,-2149.26,2026/01/29 20:21:16
14089,1535.89,16193.4,-2139.35,2026/01/29 20:21:16
14090,1536,16219.1,-2136.99,2026/01/29 20:21:16
14091,1536.11,16241,-2129.86,2026/01/29 20:21:16
14092,1536.22,16270.6,-2139.87,2026/01/29 20:21:17
14093,1536.32,16183.8,-2139.36,2026/01/29 20:21:17
14094,1536.43,16094.2,-2142.95,2026/01/29 20:21:17
14095,1536.54,16097.3,-2147.8,2026/01/29 20:21:17
14096,1536.65,16157.9,-2151.38,2026/01/29 20:21:17
14097,1536.76,16174,-2145.87,2026/01/29 20:21:17
14098,1536.87,16198,-2138.18,2026/01/29 20:21:17
14099,1536.98,16233.3,-2134.23,2026/01/29 20:21:17
14100,1537.09,16257.8,-2132.76,2026/01/29 20:21:17
14101,1537.2,16244.8,-2136.44,2026/01/29 20:21:18
14102,1537.31,16172.1,-2140.06,2026/01/29 20:21:18
14103,1537.42,16099.3,-2142.69,2026/01/29 20:21:18
14104,1537.53,16090.6,-2144.85,2026/01/29 20:21:18
14105,1537.63,16124.3,-2148.34,2026/01/29 20:21:18
14106,1537.74,16160.3,-2149.22,2026/01/29 20:21:18
14107,1537.85,16187.5,-2142,2026/01/29 20:21:18
14108,1537.96,16227.6,-2136.08,2026/01/29 20:21:18
14109,1538.07,16253.2,-2131.51,2026/01/29 20:21:18
14110,1538.18,16261.5,-2135.29,2026/01/29 20:21:19
14111,1538.29,16214.7,-2139.44,2026/01/29 20:21:19
14112,1538.4,16139.1,-2142.22,2026/01/29 20:21:19
14113,1538.51,16083.4,-2142.33,2026/01/29 20:21:19
14114,1538.61,16102,-2147.16,2026/01/29 20:21:19
14115,1538.72,16154.5,-2148.99,2026/01/29 20:21:19
14116,1538.83,16187.6,-2142.72,2026/01/29 20:21:19
14117,1538.94,16232.3,-2135.76,2026/01/29 20:21:19
14118,1539.05,16249.8,-2131.04,2026/01/29 20:21:19
14119,1539.16,16277,-2137.69,2026/01/29 20:21:20
14120,1539.27,16182.6,-2139.96,2026/01/29 20:21:20
14121,1539.38,16099.6,-2143.9,2026/01/29 20:21:20
14122,1539.49,16072.8,-2139.47,2026/01/29 20:21:20
14123,1539.6,16106.7,-2149.85,2026/01/29 20:21:20
14124,1539.71,16162.4,-2145.05,2026/01/29 20:21:20
14125,1539.82,16186.4,-2142.29,2026/01/29 20:21:20
14126,1539.92,16211.7,-2138.91,2026/01/29 20:21:20
14127,1540.04,16248.2,-2134.65,2026/01/29 20:21:20
14128,1540.14,16260.7,-2136.38,2026/01/29 20:21:21
14129,1540.25,16177.1,-2141.29,2026/01/29 20:21:21
14130,1540.36,16103.3,-2141.37,2026/01/29 20:21:21
14131,1540.47,16119.1,-2145.58,2026/01/29 20:21:21
14132,1540.58,16157.4,-2151.13,2026/01/29 20:21:21
14133,1540.69,16184.7,-2144.25,2026/01/29 20:21:21
14134,1540.8,16200.2,-2141.18,2026/01/29 20:21:21
14135,1540.91,16245.3,-2131.02,2026/01/29 20:21:21
14136,1541.02,16274.4,-2138.13,2026/01/29 20:21:21
14137,1541.12,16194.4,-2139.2,2026/01/29 20:21:21
14138,1541.23,16121.8,-2141.18,2026/01/29 20:21:22
14139,1541.34,16136.2,-2146.46,2026/01/29 20:21:22
14140,1541.45,16174.1,-2145.67,2026/01/29 20:21:22
14141,1541.56,16202.9,-2140.61,2026/01/29 20:21:22
14142,1541.67,16249.2,-2132.06,2026/01/29 20:21:22
14143,1541.78,16254.3,-2130.55,2026/01/29 20:21:22
14144,1541.89,16258.1,-2132.16,2026/01/29 20:21:22
14145,1542,16256.3,-2129.18,2026/01/29 20:21:22
14146,1542.11,16262.5,-2131.66,2026/01/29 20:21:22
14147,1542.22,16258.3,-2130.51,2026/01/29 20:21:23
14148,1542.33,16265.6,-2130.28,2026/01/29 20:21:23
14149,1542.44,16263.6,-2130.51,2026/01/29 20:21:23
14150,1542.54,16264.2,-2129.67,2026/01/29 20:21:23
14151,1542.65,16266.1,-2130.95,2026/01/29 20:21:23
14152,1542.76,16265.1,-2131.67,2026/01/29 20:21:23
14153,1542.87,16268.7,-2128.92,2026/01/29 20:21:23
14154,1542.98,16268,-2131.9,2026/01/29 20:21:23
14155,1543.09,16268,-2129.65,2026/01/29 20:21:23
14156,1543.2,16269,-2129.71,2026/01/29 20:21:24
14157,1543.31,16269.9,-2131.27,2026/01/29 20:21:24
14158,1543.42,16267.4,-2129.3,2026/01/29 20:21:24
14159,1543.53,16270.7,-2130.59,2026/01/29 20:21:24
14160,1543.64,16269.1,-2130.04,2026/01/29 20:21:24
14161,1543.75,16272.5,-2130.21,2026/01/29 20:21:24
14162,1543.86,16275.1,-2129.83,2026/01/29 20:21:24
14163,1543.96,16270.9,-2130.49,2026/01/29 20:21:24
14164,1544.07,16275.9,-2128.43,2026/01/29 20:21:24
14165,1544.18,16272.6,-2131.11,2026/01/29 20:21:25
14166,1544.29,16274.5,-2127.93,2026/01/29 20:21:25
14167,1544.4,16274.7,-2130.38,2026/01/29 20:21:25
14168,1544.51,16274.7,-2129.13,2026/01/29 20:21:25
14169,1544.62,16273.8,-2129.38,2026/01/29 20:21:25
14170,1544.73,16275.9,-2130.14,2026/01/29 20:21:25
14171,1544.84,16274.7,-2128.74,2026/01/29 20:21:25
14172,1544.95,16276,-2129.2,2026/01/29 20:21:25
14173,1545.06,16279,-2128.75,2026/01/29 20:21:25
14174,1545.16,16276.2,-2129.68,2026/01/29 20:21:26
14175,1545.27,16281.4,-2127.28,2026/01/29 20:21:26
14176,1545.38,16276,-2130.83,2026/01/29 20:21:26
14177,1545.49,16280.2,-2126,2026/01/29 20:21:26
14178,1545.6,16278.9,-2131.1,2026/01/29 20:21:26
14179,1545.71,16279.6,-2127.25,2026/01/29 20:21:26
14180,1545.82,16281,-2129,2026/01/29 20:21:26
14181,1545.93,16280.2,-2129.42,2026/01/29 20:21:26
14182,1546.04,16280.4,-2128.37,2026/01/29 20:21:26
14183,1546.15,16281.3,-2129.44,2026/01/29 20:21:27
14184,1546.26,16280,-2128.29,2026/01/29 20:21:27
14185,1546.37,16281.5,-2129.32,2026/01/29 20:21:27
14186,1546.48,16281.3,-2129.69,2026/01/29 20:21:27
14187,1546.59,16279.6,-2128.99,2026/01/29 20:21:27
14188,1546.7,16283.4,-2127.52,2026/01/29 20:21:27
14189,1546.8,16280.6,-2130.28,2026/01/29 20:21:27
14190,1546.91,16283.8,-2126.49,2026/01/29 20:21:27
14191,1547.02,16282.5,-2130.69,2026/01/29 20:21:27
14192,1547.13,16282.4,-2128.74,2026/01/29 20:21:27
14193,1547.24,16283.9,-2128.38,2026/01/29 20:21:28
14194,1547.35,16283.7,-2129.35,2026/01/29 20:21:28
14195,1547.46,16282.8,-2128.13,2026/01/29 20:21:28
14196,1547.57,16284.1,-2128.92,2026/01/29 20:21:28
14197,1547.68,16286.1,-2127.82,2026/01/29 20:21:28
14198,1547.79,16281.5,-2129.71,2026/01/29 20:21:28
14199,1547.89,16288.7,-2126.85,2026/01/29 20:21:28
14200,1548,16282.5,-2130.96,2026/01/29 20:21:28
14201,1548.11,16286.2,-2127.32,2026/01/29 20:21:28
14202,1548.22,16286.7,-2128.58,2026/01/29 20:21:29
14203,1548.33,16284.4,-2129,2026/01/29 20:21:29
14204,1548.44,16286.8,-2128.45,2026/01/29 20:21:29
14205,1548.55,16285.3,-2129.6,2026/01/29 20:21:29
14206,1548.66,16286.2,-2129.59,2026/01/29 20:21:29
14207,1548.76,16285.6,-2127.51,2026/01/29 20:21:29
14208,1548.87,16288.3,-2129.85,2026/01/29 20:21:29
14209,1548.98,16285.8,-2128.52,2026/01/29 20:21:29
14210,1549.09,16287.1,-2129.29,2026/01/29 20:21:29
14211,1549.2,16288.2,-2127.99,2026/01/29 20:21:30
14212,1549.31,16283.7,-2130.41,2026/01/29 20:21:30
14213,1549.42,16290.3,-2126.77,2026/01/29 20:21:30
14214,1549.53,16286.3,-2131.65,2026/01/29 20:21:30
14215,1549.63,16289.4,-2125.9,2026/01/29 20:21:30
14216,1549.74,16288.6,-2129.83,2026/01/29 20:21:30
14217,1549.85,16288,-2127.96,2026/01/29 20:21:30
14218,1549.96,16287.7,-2129.31,2026/01/29 20:21:30
14219,1550.07,16287.1,-2129.53,2026/01/29 20:21:30
14220,1550.18,16288.8,-2127.52,2026/01/29 20:21:31
14221,1550.29,16287.1,-2129.3,2026/01/29 20:21:31
14222,1550.4,16290.4,-2129.56,2026/01/29 20:21:31
14223,1550.51,16284.4,-2128.4,2026/01/29 20:21:31
14224,1550.61,16290.8,-2129.08,2026/01/29 20:21:31
14225,1550.72,16286.9,-2129.66,2026/01/29 20:21:31
14226,1550.83,16289.8,-2127.85,2026/01/29 20:21:31
14227,1550.94,16288.9,-2128.95,2026/01/29 20:21:31
14228,1551.05,16287.6,-2128.75,2026/01/29 20:21:31
14229,1551.16,16289.9,-2129.35,2026/01/29 20:21:32
14230,1551.27,16287.7,-2130.54,2026/01/29 20:21:32
14231,1551.38,16288.3,-2128.87,2026/01/29 20:21:32
14232,1551.49,16288.1,-2129.43,2026/01/29 20:21:32
14233,1551.6,16288.8,-2130.73,2026/01/29 20:21:32
14234,1551.71,16287.5,-2127.84,2026/01/29 20:21:32
14235,1551.81,16289.8,-2130.39,2026/01/29 20:21:32
14236,1551.92,16287.4,-2129.04,2026/01/29 20:21:32
14237,1552.03,16287.9,-2129.51,2026/01/29 20:21:32
14238,1552.14,16289.3,-2129.06,2026/01/29 20:21:33
14239,1552.25,16286.4,-2130.73,2026/01/29 20:21:33
14240,1552.36,16290.6,-2128.18,2026/01/29 20:21:33
14241,1552.47,16285.8,-2132.27,2026/01/29 20:21:33
14242,1552.58,16289.1,-2127.02,2026/01/29 20:21:33
14243,1552.69,16287.7,-2131.44,2026/01/29 20:21:33
14244,1552.79,16287.5,-2128.79,2026/01/29 20:21:33
14245,1552.9,16287.9,-2130.14,2026/01/29 20:21:33
14246,1553.01,16286.5,-2130.14,2026/01/29 20:21:33
14247,1553.12,16289.6,-2128.5,2026/01/29 20:21:33
14248,1553.23,16287,-2131.38,2026/01/29 20:21:34
14249,1553.34,16289,-2129.47,2026/01/29 20:21:34
14250,1553.45,16284.9,-2130.41,2026/01/29 20:21:34
14251,1553.56,16291.9,-2129.17,2026/01/29 20:21:34
14252,1553.67,16284.2,-2130.69,2026/01/29 20:21:34
14253,1553.78,16289.8,-2129.62,2026/01/29 20:21:34
14254,1553.88,16286.4,-2131.27,2026/01/29 20:21:34
14255,1553.99,16287.1,-2130.4,2026/01/29 20:21:34
14256,1554.1,16288.3,-2130.38,2026/01/29 20:21:34
14257,1554.21,16286.2,-2130.49,2026/01/29 20:21:35
14258,1554.32,16288.5,-2130.26,2026/01/29 20:21:35
14259,1554.43,16286.2,-2131.19,2026/01/29 20:21:35
14260,1554.54,16287,-2129.91,2026/01/29 20:21:35
14261,1554.65,16286.4,-2130.15,2026/01/29 20:21:35
14262,1554.76,16287.8,-2131.18,2026/01/29 20:21:35
14263,1554.87,16286.4,-2129.64,2026/01/29 20:21:35
14264,1554.97,16287.1,-2131.22,2026/01/29 20:21:35
14265,1555.08,16286.4,-2130.26,2026/01/29 20:21:35
14266,1555.19,16285.2,-2132,2026/01/29 20:21:36
14267,1555.3,16289.6,-2129.78,2026/01/29 20:21:36
14268,1555.41,16284.1,-2131.62,2026/01/29 20:21:36
14269,1555.52,16290.9,-2128.54,2026/01/29 20:21:36
14270,1555.63,16284.5,-2133.22,2026/01/29 20:21:36
14271,1555.74,16288.9,-2128.44,2026/01/29 20:21:36
14272,1555.85,16286.5,-2131.83,2026/01/29 20:21:36
14273,1555.96,16287.1,-2129.71,2026/01/29 20:21:36
14274,1556.07,16287.1,-2131.66,2026/01/29 20:21:36
14275,1556.17,16287,-2129.71,2026/01/29 20:21:37
14276,1556.28,16287.9,-2130.93,2026/01/29 20:21:37
14277,1556.39,16285.5,-2131.7,2026/01/29 20:21:37
14278,1556.5,16288,-2130.6,2026/01/29 20:21:37
14279,1556.61,16286.3,-2131.61,2026/01/29 20:21:37
14280,1556.72,16289,-2131.17,2026/01/29 20:21:37
14281,1556.83,16285.3,-2129.76,2026/01/29 20:21:37
14282,1556.94,16289.2,-2131.66,2026/01/29 20:21:37
14283,1557.05,16285.1,-2130.69,2026/01/29 20:21:37
14284,1557.16,16289.8,-2130.83,2026/01/29 20:21:38
14285,1557.27,16285.3,-2131.27,2026/01/29 20:21:38
14286,1557.38,16288.5,-2130.39,2026/01/29 20:21:38
14287,1557.49,16287.2,-2130.64,2026/01/29 20:21:38
14288,1557.6,16287.4,-2131.09,2026/01/29 20:21:38
14289,1557.7,16288,-2131.64,2026/01/29 20:21:38
14290,1557.81,16287.2,-2130.74,2026/01/29 20:21:38
14291,1557.92,16294.2,-2129.11,2026/01/29 20:21:38
14292,1558.03,16285.2,-2134.42,2026/01/29 20:21:38
14293,1558.14,16262.7,-2125.65,2026/01/29 20:21:39
14294,1558.25,16173.2,-2134.72,2026/01/29 20:21:39
14295,1558.36,16120.3,-2136.47,2026/01/29 20:21:39
14296,1558.47,16126.9,-2137.92,2026/01/29 20:21:39
14297,1558.58,16187.6,-2144.87,2026/01/29 20:21:39
14298,1558.69,16230.5,-2139.26,2026/01/29 20:21:39
14299,1558.79,16272.7,-2133.72,2026/01/29 20:21:39
14300,1558.9,16286.5,-2128.85,2026/01/29 20:21:39
14301,1559.01,16282.4,-2134.07,2026/01/29 20:21:39
14302,1559.12,16194.8,-2146.21,2026/01/29 20:21:39
14303,1559.23,16100.8,-2144.63,2026/01/29 20:21:40
14304,1559.34,16111.6,-2147.35,2026/01/29 20:21:40
14305,1559.45,16168.1,-2151.06,2026/01/29 20:21:40
14306,1559.56,16208.9,-2143.65,2026/01/29 20:21:40
14307,1559.67,16231.3,-2138,2026/01/29 20:21:40
14308,1559.78,16261.2,-2130.82,2026/01/29 20:21:40
14309,1559.89,16277.8,-2136.99,2026/01/29 20:21:40
14310,1559.99,16203.1,-2142.51,2026/01/29 20:21:40
14311,1560.1,16142.5,-2145.28,2026/01/29 20:21:40
14312,1560.21,16117.3,-2145.85,2026/01/29 20:21:41
14313,1560.32,16129.1,-2145.18,2026/01/29 20:21:41
14314,1560.43,16177.4,-2152.26,2026/01/29 20:21:41
14315,1560.54,16211.1,-2140.33,2026/01/29 20:21:41
14316,1560.65,16227.6,-2137.66,2026/01/29 20:21:41
14317,1560.76,16262.3,-2134.75,2026/01/29 20:21:41
14318,1560.87,16207.6,-2142.01,2026/01/29 20:21:41
14319,1560.98,16133.1,-2149.96,2026/01/29 20:21:41
14320,1561.08,16099.8,-2145.81,2026/01/29 20:21:41
14321,1561.19,16109.9,-2148.73,2026/01/29 20:21:42
14322,1561.3,16168.7,-2152.7,2026/01/29 20:21:42
14323,1561.41,16200.7,-2143.17,2026/01/29 20:21:42
14324,1561.52,16220,-2139.4,2026/01/29 20:21:42
14325,1561.63,16258.3,-2135.83,2026/01/29 20:21:42
14326,1561.74,16208.3,-2141.25,2026/01/29 20:21:42
14327,1561.85,16133.1,-2145.89,2026/01/29 20:21:42
14328,1561.96,16103.6,-2144.33,2026/01/29 20:21:42
14329,1562.07,16133.6,-2147.25,2026/01/29 20:21:42
14330,1562.17,16178.1,-2149.68,2026/01/29 20:21:43
14331,1562.29,16211.8,-2141.57,2026/01/29 20:21:43
14332,1562.39,16221,-2138.15,2026/01/29 20:21:43
14333,1562.5,16267,-2136.72,2026/01/29 20:21:43
14334,1562.61,16200.9,-2143.06,2026/01/29 20:21:43
14335,1562.72,16138.4,-2145.41,2026/01/29 20:21:43
14336,1562.83,16110.2,-2146.4,2026/01/29 20:21:43
14337,1562.94,16159,-2149.01,2026/01/29 20:21:43
14338,1563.05,16187.3,-2147.41,2026/01/29 20:21:43
14339,1563.16,16214.4,-2139.85,2026/01/29 20:21:44
14340,1563.27,16224,-2137.8,2026/01/29 20:21:44
14341,1563.38,16265.4,-2136.81,2026/01/29 20:21:44
14342,1563.49,16208.9,-2140.62,2026/01/29 20:21:44
14343,1563.6,16137.5,-2144.18,2026/01/29 20:21:44
14344,1563.71,16104.1,-2143.53,2026/01/29 20:21:44
14345,1563.81,16130.3,-2149.75,2026/01/29 20:21:44
14346,1563.92,16184,-2145.04,2026/01/29 20:21:44
14347,1564.03,16210.6,-2141.82,2026/01/29 20:21:44
14348,1564.14,16249.3,-2131.74,2026/01/29 20:21:45
14349,1564.25,16259.6,-2134.94,2026/01/29 20:21:45
14350,1564.36,16285.4,-2134.49,2026/01/29 20:21:45
14351,1564.47,16200.3,-2144.17,2026/01/29 20:21:45
14352,1564.58,16102.8,-2141.11,2026/01/29 20:21:45
14353,1564.69,16082.5,-2144.84,2026/01/29 20:21:45
14354,1564.8,16146.6,-2151.22,2026/01/29 20:21:45
14355,1564.91,16189.8,-2145.22,2026/01/29 20:21:45
14356,1565.02,16206.9,-2141.23,2026/01/29 20:21:45
14357,1565.13,16246.8,-2133.61,2026/01/29 20:21:45
14358,1565.23,16267.8,-2135.02,2026/01/29 20:21:46
14359,1565.34,16236.5,-2135.88,2026/01/29 20:21:46
14360,1565.45,16162.6,-2143.73,2026/01/29 20:21:46
14361,1565.56,16104.6,-2143,2026/01/29 20:21:46
14362,1565.67,16154.9,-2150.06,2026/01/29 20:21:46
14363,1565.78,16192.8,-2144.51,2026/01/29 20:21:46
14364,1565.89,16215.4,-2139.49,2026/01/29 20:21:46
14365,1566,16241.9,-2137.93,2026/01/29 20:21:46
14366,1566.1,16269.6,-2137.5,2026/01/29 20:21:46
14367,1566.21,16192.1,-2140.49,2026/01/29 20:21:47
14368,1566.32,16125.3,-2142.42,2026/01/29 20:21:47
14369,1566.43,16143.7,-2145.67,2026/01/29 20:21:47
14370,1566.54,16185.8,-2147.41,2026/01/29 20:21:47
14371,1566.65,16209.6,-2142.16,2026/01/29 20:21:47
14372,1566.76,16225.4,-2136.78,2026/01/29 20:21:47
14373,1566.87,16275.1,-2134.18,2026/01/29 20:21:47
14374,1566.98,16258.1,-2135.29,2026/01/29 20:21:47
14375,1567.09,16194.4,-2140.08,2026/01/29 20:21:47
14376,1567.2,16131,-2142.33,2026/01/29 20:21:48
14377,1567.3,16123.6,-2143.11,2026/01/29 20:21:48
14378,1567.41,16157.6,-2149.19,2026/01/29 20:21:48
14379,1567.52,16192.1,-2146.2,2026/01/29 20:21:48
14380,1567.63,16215.6,-2140.54,2026/01/29 20:21:48
14381,1567.74,16232.7,-2135.25,2026/01/29 20:21:48
14382,1567.85,16279.8,-2136.17,2026/01/29 20:21:48
14383,1567.96,16226.1,-2139.42,2026/01/29 20:21:48
14384,1568.07,16177.4,-2142.2,2026/01/29 20:21:48
14385,1568.18,16120.7,-2142.38,2026/01/29 20:21:49
14386,1568.28,16139.1,-2145.23,2026/01/29 20:21:49
14387,1568.39,16183.2,-2147.85,2026/01/29 20:21:49
14388,1568.5,16211.5,-2141.02,2026/01/29 20:21:49
14389,1568.61,16230.1,-2136.13,2026/01/29 20:21:49
14390,1568.72,16261.4,-2131.36,2026/01/29 20:21:49
14391,1568.83,16292.7,-2139.47,2026/01/29 20:21:49
14392,1568.94,16213.6,-2139.26,2026/01/29 20:21:49
14393,1569.05,16157.1,-2143.82,2026/01/29 20:21:49
14394,1569.16,16115.1,-2141.57,2026/01/29 20:21:50
14395,1569.27,16147.1,-2147.93,2026/01/29 20:21:50
14396,1569.38,16185.6,-2145.09,2026/01/29 20:21:50
14397,1569.48,16216.5,-2139.69,2026/01/29 20:21:50
14398,1569.59,16247.2,-2134.84,2026/01/29 20:21:50
14399,1569.7,16271,-2131.43,2026/01/29 20:21:50
14400,1569.81,16282.5,-2137.05,2026/01/29 20:21:50
14401,1569.92,16205.7,-2138.59,2026/01/29 20:21:50
14402,1570.03,16121.1,-2143.58,2026/01/29 20:21:50
14403,1570.14,16116.1,-2144.96,2026/01/29 20:21:51
14404,1570.25,16170.6,-2152.17,2026/01/29 20:21:51
14405,1570.36,16197,-2144.24,2026/01/29 20:21:51
14406,1570.47,16215.1,-2139.36,2026/01/29 20:21:51
14407,1570.58,16223.3,-2137.22,2026/01/29 20:21:51
14408,1570.68,16283.1,-2134.35,2026/01/29 20:21:51
14409,1570.79,16284.2,-2141.08,2026/01/29 20:21:51
14410,1570.9,16238.5,-2138.01,2026/01/29 20:21:51
14411,1571.01,16195.4,-2135.68,2026/01/29 20:21:51
14412,1571.12,16157.7,-2138.58,2026/01/29 20:21:51
14413,1571.23,16138.5,-2138.9,2026/01/29 20:21:52
14414,1571.34,16165.6,-2146.17,2026/01/29 20:21:52
14415,1571.45,16184.1,-2147.51,2026/01/29 20:21:52
14416,1571.56,16209.4,-2142.89,2026/01/29 20:21:52
14417,1571.67,16233.9,-2136.64,2026/01/29 20:21:52
14418,1571.78,16276.7,-2131.08,2026/01/29 20:21:52
14419,1571.88,16293.9,-2129.1,2026/01/29 20:21:52
14420,1571.99,16291.8,-2130.29,2026/01/29 20:21:52
14421,1572.1,16291.2,-2130.84,2026/01/29 20:21:52
14422,1572.21,16284.8,-2137.59,2026/01/29 20:21:53
14423,1572.32,16217.7,-2136.64,2026/01/29 20:21:53
14424,1572.43,16149.7,-2143.05,2026/01/29 20:21:53
14425,1572.54,16128.3,-2141.42,2026/01/29 20:21:53
14426,1572.65,16146.7,-2148.1,2026/01/29 20:21:53
14427,1572.76,16189.8,-2152.16,2026/01/29 20:21:53
14428,1572.87,16201,-2143.49,2026/01/29 20:21:53
14429,1572.98,16222,-2140.38,2026/01/29 20:21:53
14430,1573.09,16253,-2132.13,2026/01/29 20:21:53
14431,1573.2,16274.8,-2131.04,2026/01/29 20:21:54
14432,1573.31,16278.7,-2130.02,2026/01/29 20:21:54
14433,1573.41,16280.4,-2132.98,2026/01/29 20:21:54
14434,1573.52,16305,-2136.94,2026/01/29 20:21:54
14435,1573.63,16230.2,-2138.05,2026/01/29 20:21:54
14436,1573.74,16195,-2138.16,2026/01/29 20:21:54
14437,1573.85,16161.1,-2143.9,2026/01/29 20:21:54
14438,1573.96,16178.9,-2143.64,2026/01/29 20:21:54
14439,1574.07,16191.8,-2151.44,2026/01/29 20:21:54
14440,1574.18,16209.4,-2143.13,2026/01/29 20:21:55
14441,1574.29,16228.5,-2138.9,2026/01/29 20:21:55
14442,1574.4,16243.9,-2134.11,2026/01/29 20:21:55
14443,1574.5,16271.6,-2131.5,2026/01/29 20:21:55
14444,1574.61,16286,-2137.75,2026/01/29 20:21:55
14445,1574.72,16213.7,-2137.96,2026/01/29 20:21:55
14446,1574.83,16147.8,-2140.42,2026/01/29 20:21:55
14447,1574.94,16101.6,-2141.67,2026/01/29 20:21:55
14448,1575.05,16099.3,-2144.2,2026/01/29 20:21:55
14449,1575.16,16146.7,-2146.63,2026/01/29 20:21:56
14450,1575.27,16181.8,-2149.33,2026/01/29 20:21:56
14451,1575.38,16214.4,-2138.77,2026/01/29 20:21:56
14452,1575.49,16228.5,-2137.09,2026/01/29 20:21:56
14453,1575.6,16236.1,-2133.06,2026/01/29 20:21:56
14454,1575.71,16256.3,-2132.02,2026/01/29 20:21:56
14455,1575.81,16287.8,-2136.76,2026/01/29 20:21:56
14456,1575.92,16208,-2139.57,2026/01/29 20:21:56
14457,1576.03,16134.3,-2143.88,2026/01/29 20:21:56
14458,1576.14,16107.8,-2143.86,2026/01/29 20:21:57
14459,1576.25,16120.6,-2148.97,2026/01/29 20:21:57
14460,1576.36,16128.7,-2147.95,2026/01/29 20:21:57
14461,1576.47,16093.2,-2146.32,2026/01/29 20:21:57
14462,1576.58,16082.2,-2142.28,2026/01/29 20:21:57
14463,1576.68,16155.6,-2150.06,2026/01/29 20:21:57
14464,1576.79,16185.9,-2145.22,2026/01/29 20:21:57
14465,1576.9,16214.1,-2139.59,2026/01/29 20:21:57
14466,1577.01,16231,-2133.42,2026/01/29 20:21:57
14467,1577.12,16234.1,-2132.92,2026/01/29 20:21:57
14468,1577.23,16262.6,-2133.07,2026/01/29 20:21:58
14469,1577.34,16294.2,-2136.59,2026/01/29 20:21:58
14470,1577.45,16215.9,-2140.24,2026/01/29 20:21:58
14471,1577.56,16149.3,-2143.71,2026/01/29 20:21:58
14472,1577.67,16089.8,-2145.58,2026/01/29 20:21:58
14473,1577.78,16099.1,-2144.71,2026/01/29 20:21:58
14474,1577.89,16158.4,-2154.29,2026/01/29 20:21:58
14475,1577.99,16196.6,-2143.03,2026/01/29 20:21:58
14476,1578.1,16216.7,-2138.49,2026/01/29 20:21:58
14477,1578.21,16233.7,-2132.97,2026/01/29 20:21:59
14478,1578.32,16250.5,-2131.93,2026/01/29 20:21:59
14479,1578.43,16281.9,-2136.12,2026/01/29 20:21:59
14480,1578.54,16250.6,-2135.95,2026/01/29 20:21:59
14481,1578.65,16196.9,-2137.71,2026/01/29 20:21:59
14482,1578.76,16130,-2143.43,2026/01/29 20:21:59
14483,1578.86,16110.7,-2148.08,2026/01/29 20:21:59
14484,1578.97,16161,-2150.56,2026/01/29 20:21:59
14485,1579.08,16186.2,-2146.13,2026/01/29 20:21:59
14486,1579.19,16210.5,-2140.65,2026/01/29 20:22:00
14487,1579.3,16239.1,-2134.83,2026/01/29 20:22:00
14488,1579.41,16254.2,-2132.99,2026/01/29 20:22:00
14489,1579.52,16278,-2131.44,2026/01/29 20:22:00
14490,1579.63,16242.9,-2133.56,2026/01/29 20:22:00
14491,1579.73,16182.7,-2142.84,2026/01/29 20:22:00
14492,1579.84,16112.1,-2142.56,2026/01/29 20:22:00
14493,1579.95,16106.5,-2147.24,2026/01/29 20:22:00
14494,1580.06,16152.4,-2151.79,2026/01/29 20:22:00
14495,1580.17,16178.8,-2155.89,2026/01/29 20:22:01
14496,1580.28,16195.8,-2145.08,2026/01/29 20:22:01
14497,1580.39,16214.2,-2141.25,2026/01/29 20:22:01
14498,1580.5,16228.9,-2133.13,2026/01/29 20:22:01
14499,1580.6,16231.9,-2136.45,2026/01/29 20:22:01
14500,1580.71,16264.4,-2130.15,2026/01/29 20:22:01
14501,1580.82,16274.8,-2138.35,2026/01/29 20:22:01
14502,1580.93,16209.6,-2138.78,2026/01/29 20:22:01
14503,1581.04,16155.2,-2143.46,2026/01/29 20:22:01
14504,1581.15,16096.5,-2142.78,2026/01/29 20:22:02
14505,1581.26,16077.3,-2141.68,2026/01/29 20:22:02
14506,1581.37,16131.1,-2148.99,2026/01/29 20:22:02
14507,1581.48,16190.8,-2141.1,2026/01/29 20:22:02
14508,1581.59,16217.5,-2138.68,2026/01/29 20:22:02
14509,1581.7,16256.2,-2131,2026/01/29 20:22:02
14510,1581.81,16264.9,-2132.42,2026/01/29 20:22:02
14511,1581.91,16278,-2129.85,2026/01/29 20:22:02
14512,1582.02,16269.5,-2135.56,2026/01/29 20:22:02
14513,1582.13,16207.4,-2139.09,2026/01/29 20:22:02
14514,1582.24,16143,-2143.01,2026/01/29 20:22:03
14515,1582.35,16125.8,-2143.57,2026/01/29 20:22:03
14516,1582.46,16167.2,-2150.11,2026/01/29 20:22:03
14517,1582.57,16194.5,-2145.56,2026/01/29 20:22:03
14518,1582.68,16224.4,-2138.91,2026/01/29 20:22:03
14519,1582.78,16234.8,-2131.45,2026/01/29 20:22:03
14520,1582.89,16238.7,-2132.9,2026/01/29 20:22:03
14521,1583,16265,-2131.97,2026/01/29 20:22:03
14522,1583.11,16289.4,-2135.16,2026/01/29 20:22:03
14523,1583.22,16212.5,-2140.01,2026/01/29 20:22:04
14524,1583.33,16143.2,-2144.28,2026/01/29 20:22:04
14525,1583.44,16110,-2144.17,2026/01/29 20:22:04
14526,1583.54,16162.5,-2152.28,2026/01/29 20:22:04
14527,1583.65,16199.6,-2142.26,2026/01/29 20:22:04
14528,1583.76,16221.1,-2139.94,2026/01/29 20:22:04
14529,1583.87,16262.1,-2130.51,2026/01/29 20:22:04
14530,1583.98,16257.9,-2130.26,2026/01/29 20:22:04
14531,1584.09,16269.7,-2132.3,2026/01/29 20:22:04
14532,1584.2,16290.6,-2136.01,2026/01/29 20:22:05
14533,1584.31,16219.4,-2138.62,2026/01/29 20:22:05
14534,1584.42,16157.3,-2142.52,2026/01/29 20:22:05
14535,1584.53,16105.7,-2142.08,2026/01/29 20:22:05
14536,1584.64,16137.1,-2147.41,2026/01/29 20:22:05
14537,1584.75,16178.1,-2150.14,2026/01/29 20:22:05
14538,1584.86,16208.5,-2143.98,2026/01/29 20:22:05
14539,1584.96,16250.8,-2137.18,2026/01/29 20:22:05
14540,1585.07,16277.7,-2128.33,2026/01/29 20:22:05
14541,1585.18,16278.7,-2135.32,2026/01/29 20:22:06
14542,1585.29,16242.8,-2134.66,2026/01/29 20:22:06
14543,1585.4,16171.5,-2143.27,2026/01/29 20:22:06
14544,1585.51,16110,-2144.08,2026/01/29 20:22:06
14545,1585.62,16095.4,-2144.37,2026/01/29 20:22:06
14546,1585.73,16098.5,-2146.77,2026/01/29 20:22:06
14547,1585.84,16122.8,-2149.76,2026/01/29 20:22:06
14548,1585.95,16175.2,-2148.29,2026/01/29 20:22:06
14549,1586.05,16214.5,-2141.16,2026/01/29 20:22:06
14550,1586.16,16236.5,-2134.6,2026/01/29 20:22:07
14551,1586.27,16263.9,-2128.52,2026/01/29 20:22:07
14552,1586.38,16275.1,-2134.29,2026/01/29 20:22:07
14553,1586.49,16293.7,-2132.06,2026/01/29 20:22:07
14554,1586.6,16207.9,-2141.05,2026/01/29 20:22:07
14555,1586.71,16126.5,-2142.54,2026/01/29 20:22:07
14556,1586.82,16090.8,-2145.04,2026/01/29 20:22:07
14557,1586.93,16122.1,-2152.41,2026/01/29 20:22:07
14558,1587.03,16159.8,-2154.56,2026/01/29 20:22:07
14559,1587.14,16184.7,-2148.9,2026/01/29 20:22:08
14560,1587.25,16220.2,-2139.9,2026/01/29 20:22:08
14561,1587.36,16258.2,-2132.49,2026/01/29 20:22:08
14562,1587.47,16273.1,-2130.13,2026/01/29 20:22:08
14563,1587.58,16298.3,-2135.91,2026/01/29 20:22:08
14564,1587.69,16234.7,-2137.47,2026/01/29 20:22:08
14565,1587.8,16175.1,-2144.54,2026/01/29 20:22:08
14566,1587.91,16099.6,-2140.35,2026/01/29 20:22:08
14567,1588.02,16072.7,-2143.99,2026/01/29 20:22:08
14568,1588.13,16086.3,-2144.01,2026/01/29 20:22:08
14569,1588.24,16152.1,-2157.56,2026/01/29 20:22:09
14570,1588.34,16188.3,-2145.31,2026/01/29 20:22:09
14571,1588.45,16224.9,-2137.66,2026/01/29 20:22:09
14572,1588.56,16252.6,-2133.89,2026/01/29 20:22:09
14573,1588.67,16294.5,-2136.12,2026/01/29 20:22:09
14574,1588.78,16231.8,-2139.21,2026/01/29 20:22:09
14575,1588.89,16184.8,-2141.74,2026/01/29 20:22:09
14576,1589,16096.4,-2142.26,2026/01/29 20:22:09
14577,1589.11,16058.4,-2140.82,2026/01/29 20:22:09
14578,1589.22,16088.9,-2147.03,2026/01/29 20:22:10
14579,1589.33,16180,-2148.51,2026/01/29 20:22:10
14580,1589.44,16179.9,-2147.11,2026/01/29 20:22:10
14581,1589.55,16207.8,-2136.67,2026/01/29 20:22:10
14582,1589.66,16221.8,-2135.93,2026/01/29 20:22:10
14583,1589.77,16294.8,-2134.54,2026/01/29 20:22:10
14584,1589.87,16218.9,-2139.63,2026/01/29 20:22:10
14585,1589.98,16161.5,-2143.39,2026/01/29 20:22:10
14586,1590.09,16104.3,-2143.51,2026/01/29 20:22:10
14587,1590.2,16088.3,-2145.39,2026/01/29 20:22:11
14588,1590.31,16090,-2145.69,2026/01/29 20:22:11
14589,1590.42,16122.4,-2145.55,2026/01/29 20:22:11
14590,1590.53,16167.4,-2149.82,2026/01/29 20:22:11
14591,1590.64,16210.6,-2140.5,2026/01/29 20:22:11
14592,1590.75,16249.2,-2134.81,2026/01/29 20:22:11
14593,1590.86,16277.4,-2133.69,2026/01/29 20:22:11
14594,1590.96,16268.8,-2134.94,2026/01/29 20:22:11
14595,1591.07,16198.5,-2143.15,2026/01/29 20:22:11
14596,1591.18,16097.4,-2143.16,2026/01/29 20:22:12
14597,1591.29,16063.8,-2141.63,2026/01/29 20:22:12
14598,1591.4,16078.3,-2145.84,2026/01/29 20:22:12
14599,1591.51,16162.7,-2152.21,2026/01/29 20:22:12
14600,1591.62,16183.7,-2143.91,2026/01/29 20:22:12
14601,1591.73,16213,-2138.15,2026/01/29 20:22:12
14602,1591.84,16221.7,-2135.29,2026/01/29 20:22:12
14603,1591.95,16295,-2138.85,2026/01/29 20:22:12
14604,1592.06,16221.1,-2139.51,2026/01/29 20:22:12
14605,1592.16,16171.2,-2141.86,2026/01/29 20:22:13
14606,1592.27,16101.8,-2142.63,2026/01/29 20:22:13
14607,1592.38,16086.7,-2144.9,2026/01/29 20:22:13
14608,1592.49,16112.4,-2148.33,2026/01/29 20:22:13
14609,1592.6,16176.8,-2148.47,2026/01/29 20:22:13
14610,1592.71,16193.6,-2144.25,2026/01/29 20:22:13
14611,1592.82,16232.4,-2137.93,2026/01/29 20:22:13
14612,1592.92,16275.3,-2128.13,2026/01/29 20:22:13
14613,1593.04,16299.3,-2140.14,2026/01/29 20:22:13
14614,1593.14,16226.5,-2138.68,2026/01/29 20:22:14
14615,1593.25,16189.2,-2142.74,2026/01/29 20:22:14
14616,1593.36,16130.5,-2139.38,2026/01/29 20:22:14
14617,1593.47,16086.9,-2141.63,2026/01/29 20:22:14
14618,1593.58,16125,-2146.51,2026/01/29 20:22:14
14619,1593.69,16183.4,-2148,2026/01/29 20:22:14
14620,1593.8,16196.2,-2144.06,2026/01/29 20:22:14
14621,1593.91,16228.7,-2137.12,2026/01/29 20:22:14
14622,1594.02,16258.4,-2133.41,2026/01/29 20:22:14
14623,1594.13,16284.9,-2138.64,2026/01/29 20:22:14
14624,1594.23,16202.9,-2139.76,2026/01/29 20:22:15
14625,1594.34,16139.5,-2143.21,2026/01/29 20:22:15
14626,1594.45,16094.5,-2143.16,2026/01/29 20:22:15
14627,1594.56,16103.6,-2147.42,2026/01/29 20:22:15
14628,1594.67,16157.6,-2151.65,2026/01/29 20:22:15
14629,1594.78,16187,-2145.76,2026/01/29 20:22:15
14630,1594.89,16217.7,-2138.63,2026/01/29 20:22:15
14631,1595,16262.3,-2134.37,2026/01/29 20:22:15
14632,1595.11,16295,-2134.66,2026/01/29 20:22:15
14633,1595.21,16222,-2141.43,2026/01/29 20:22:16
14634,1595.32,16159.8,-2141.9,2026/01/29 20:22:16
14635,1595.43,16086.2,-2142.59,2026/01/29 20:22:16
14636,1595.54,16086.5,-2144.48,2026/01/29 20:22:16
14637,1595.65,16138.2,-2148.74,2026/01/29 20:22:16
14638,1595.76,16184.4,-2148.88,2026/01/29 20:22:16
14639,1595.87,16197.7,-2143.58,2026/01/29 20:22:16
14640,1595.98,16209.7,-2136.65,2026/01/29 20:22:16
14641,1596.09,16230.3,-2134.84,2026/01/29 20:22:16
14642,1596.19,16240.2,-2132.3,2026/01/29 20:22:17
14643,1596.3,16277.8,-2136.87,2026/01/29 20:22:17
14644,1596.41,16235.7,-2136.81,2026/01/29 20:22:17
14645,1596.52,16183.3,-2144.1,2026/01/29 20:22:17
14646,1596.63,16114.8,-2142.96,2026/01/29 20:22:17
14647,1596.74,16105.7,-2146.33,2026/01/29 20:22:17
14648,1596.85,16122.2,-2148.15,2026/01/29 20:22:17
14649,1596.96,16162.4,-2152.58,2026/01/29 20:22:17
14650,1597.07,16194.6,-2144.17,2026/01/29 20:22:17
14651,1597.18,16228.8,-2139.16,2026/01/29 20:22:18
14652,1597.29,16258,-2129.35,2026/01/29 20:22:18
14653,1597.39,16268.6,-2134.43,2026/01/29 20:22:18
14654,1597.5,16296.5,-2136.32,2026/01/29 20:22:18
14655,1597.61,16204.3,-2141.16,2026/01/29 20:22:18
14656,1597.72,16111.6,-2143.83,2026/01/29 20:22:18
14657,1597.83,16104.5,-2147.7,2026/01/29 20:22:18
14658,1597.94,16129.7,-2150.66,2026/01/29 20:22:18
14659,1598.05,16167.5,-2153.99,2026/01/29 20:22:18
14660,1598.16,16193.6,-2145.43,2026/01/29 20:22:19
14661,1598.27,16227.2,-2136.39,2026/01/29 20:22:19
14662,1598.38,16255.4,-2132.85,2026/01/29 20:22:19
14663,1598.49,16283.6,-2133.64,2026/01/29 20:22:19
14664,1598.59,16238.8,-2135.96,2026/01/29 20:22:19
14665,1598.7,16174.1,-2144.25,2026/01/29 20:22:19
14666,1598.81,16091.6,-2142.17,2026/01/29 20:22:19
14667,1598.92,16096,-2146.84,2026/01/29 20:22:19
14668,1599.03,16109,-2148.89,2026/01/29 20:22:19
14669,1599.14,16156.6,-2153.29,2026/01/29 20:22:20
14670,1599.25,16189.5,-2145.19,2026/01/29 20:22:20
14671,1599.36,16220.7,-2137.93,2026/01/29 20:22:20
14672,1599.47,16249.5,-2132.23,2026/01/29 20:22:20
14673,1599.58,16289.8,-2137.55,2026/01/29 20:22:20
14674,1599.69,16219.5,-2139.81,2026/01/29 20:22:20
14675,1599.79,16137.1,-2143.98,2026/01/29 20:22:20
14676,1599.9,16095.7,-2142.67,2026/01/29 20:22:20
14677,1600.01,16112.4,-2150.15,2026/01/29 20:22:20
14678,1600.12,16139.5,-2149.46,2026/01/29 20:22:20
14679,1600.23,16180.3,-2146.49,2026/01/29 20:22:21
14680,1600.34,16213.9,-2140.14,2026/01/29 20:22:21
14681,1600.45,16257.4,-2133.05,2026/01/29 20:22:21
14682,1600.56,16270.1,-2133.21,2026/01/29 20:22:21
14683,1600.67,16301.6,-2137.07,2026/01/29 20:22:21
14684,1600.78,16208.8,-2140.12,2026/01/29 20:22:21
14685,1600.88,16150.3,-2140.33,2026/01/29 20:22:21
14686,1600.99,16096.4,-2144.35,2026/01/29 20:22:21
14687,1601.1,16093.6,-2143.6,2026/01/29 20:22:21
14688,1601.21,16114,-2148.22,2026/01/29 20:22:22
14689,1601.32,16169.5,-2151.15,2026/01/29 20:22:22
14690,1601.43,16192.7,-2144.13,2026/01/29 20:22:22
14691,1601.54,16217.4,-2137.94,2026/01/29 20:22:22
14692,1601.65,16261.2,-2133.83,2026/01/29 20:22:22
14693,1601.76,16274.2,-2141.28,2026/01/29 20:22:22
14694,1601.87,16204.3,-2138.98,2026/01/29 20:22:22
14695,1601.98,16149.9,-2142.29,2026/01/29 20:22:22
14696,1602.09,16084.1,-2141.76,2026/01/29 20:22:22
14697,1602.2,16070.6,-2143.35,2026/01/29 20:22:23
14698,1602.31,16131.9,-2149.94,2026/01/29 20:22:23
14699,1602.42,16168.8,-2146.99,2026/01/29 20:22:23
14700,1602.52,16193.7,-2144.73,2026/01/29 20:22:23
14701,1602.63,16215.5,-2138.13,2026/01/29 20:22:23
14702,1602.74,16287.9,-2134.79,2026/01/29 20:22:23
14703,1602.85,16231.4,-2139.16,2026/01/29 20:22:23
14704,1602.96,16178.8,-2141.41,2026/01/29 20:22:23
14705,1603.07,16108.1,-2143.09,2026/01/29 20:22:23
14706,1603.18,16084.2,-2141.88,2026/01/29 20:22:24
14707,1603.29,16105.2,-2142.61,2026/01/29 20:22:24
14708,1603.4,16155.3,-2145.59,2026/01/29 20:22:24
14709,1603.51,16183.2,-2145.18,2026/01/29 20:22:24
14710,1603.61,16209.4,-2141.47,2026/01/29 20:22:24
14711,1603.72,16232.1,-2133.29,2026/01/29 20:22:24
14712,1603.83,16271,-2136.66,2026/01/29 20:22:24
14713,1603.94,16272.5,-2132.94,2026/01/29 20:22:24
14714,1604.05,16200,-2138.5,2026/01/29 20:22:24
14715,1604.16,16150.6,-2139.58,2026/01/29 20:22:25
14716,1604.27,16095.4,-2142.62,2026/01/29 20:22:25
14717,1604.38,16086.6,-2141.64,2026/01/29 20:22:25
14718,1604.49,16128.4,-2147.34,2026/01/29 20:22:25
14719,1604.6,16167.1,-2148.71,2026/01/29 20:22:25
14720,1604.7,16206.4,-2140.97,2026/01/29 20:22:25
14721,1604.81,16223.3,-2135.12,2026/01/29 20:22:25
14722,1604.92,16281,-2134.43,2026/01/29 20:22:25
14723,1605.03,16240.2,-2137.25,2026/01/29 20:22:25
14724,1605.14,16178.1,-2143.62,2026/01/29 20:22:26
14725,1605.25,16101.9,-2142.16,2026/01/29 20:22:26
14726,1605.36,16112.4,-2147.44,2026/01/29 20:22:26
14727,1605.47,16141,-2147.87,2026/01/29 20:22:26
14728,1605.58,16175.4,-2149.58,2026/01/29 20:22:26
14729,1605.68,16210.9,-2141.09,2026/01/29 20:22:26
14730,1605.79,16258.6,-2132.16,2026/01/29 20:22:26
14731,1605.9,16277.8,-2131.39,2026/01/29 20:22:26
14732,1606.01,16286.3,-2135.29,2026/01/29 20:22:26
14733,1606.12,16252,-2137.8,2026/01/29 20:22:26
14734,1606.23,16195.7,-2141.32,2026/01/29 20:22:27
14735,1606.34,16128,-2140.39,2026/01/29 20:22:27
14736,1606.45,16097.9,-2141.12,2026/01/29 20:22:27
14737,1606.55,16089.4,-2143.01,2026/01/29 20:22:27
14738,1606.66,16119,-2145.89,2026/01/29 20:22:27
14739,1606.77,16163.8,-2150.76,2026/01/29 20:22:27
14740,1606.88,16194.6,-2143.26,2026/01/29 20:22:27
14741,1606.99,16218.5,-2137.75,2026/01/29 20:22:27
14742,1607.1,16270.5,-2134.33,2026/01/29 20:22:27
14743,1607.21,16280,-2144.26,2026/01/29 20:22:28
14744,1607.32,16210,-2137.43,2026/01/29 20:22:28
14745,1607.43,16146.5,-2143.95,2026/01/29 20:22:28
14746,1607.54,16074.2,-2139.84,2026/01/29 20:22:28
14747,1607.65,16044.6,-2136.67,2026/01/29 20:22:28
14748,1607.76,16115.3,-2138.84,2026/01/29 20:22:28
14749,1607.87,16153.5,-2148.92,2026/01/29 20:22:28
14750,1607.98,16189.4,-2144.05,2026/01/29 20:22:28
14751,1608.08,16216.2,-2136.3,2026/01/29 20:22:28
14752,1608.19,16275.6,-2136.27,2026/01/29 20:22:29
14753,1608.3,16281.6,-2139.48,2026/01/29 20:22:29
14754,1608.41,16204.3,-2142.93,2026/01/29 20:22:29
14755,1608.52,16148.8,-2137.04,2026/01/29 20:22:29
14756,1608.63,16095.3,-2142.96,2026/01/29 20:22:29
14757,1608.74,16107,-2142.62,2026/01/29 20:22:29
14758,1608.85,16145.7,-2143.46,2026/01/29 20:22:29
14759,1608.96,16170,-2147.84,2026/01/29 20:22:29
14760,1609.07,16203.4,-2143.7,2026/01/29 20:22:29
14761,1609.18,16229.5,-2134.09,2026/01/29 20:22:30
14762,1609.28,16276.8,-2133.37,2026/01/29 20:22:30
14763,1609.4,16244.5,-2136.64,2026/01/29 20:22:30
14764,1609.5,16186.2,-2141.49,2026/01/29 20:22:30
14765,1609.61,16105.6,-2143.83,2026/01/29 20:22:30
14766,1609.72,16093.5,-2141.92,2026/01/29 20:22:30
14767,1609.83,16114.3,-2148.92,2026/01/29 20:22:30
14768,1609.94,16164.4,-2150.99,2026/01/29 20:22:30
14769,1610.05,16191.7,-2145.02,2026/01/29 20:22:30
14770,1610.16,16222.9,-2135.76,2026/01/29 20:22:31
14771,1610.27,16257.8,-2132.98,2026/01/29 20:22:31
14772,1610.38,16296.9,-2138.34,2026/01/29 20:22:31
14773,1610.48,16212.7,-2138.2,2026/01/29 20:22:31
14774,1610.6,16143.3,-2142.33,2026/01/29 20:22:31
14775,1610.7,16105.8,-2141.21,2026/01/29 20:22:31
14776,1610.81,16109.3,-2145.81,2026/01/29 20:22:31
14777,1610.92,16163.5,-2147.77,2026/01/29 20:22:31
14778,1611.03,16182.9,-2145.48,2026/01/29 20:22:31
14779,1611.14,16225.6,-2136.92,2026/01/29 20:22:32
14780,1611.25,16268.2,-2131.2,2026/01/29 20:22:32
14781,1611.36,16282.8,-2131.81,2026/01/29 20:22:32
14782,1611.47,16300,-2139.29,2026/01/29 20:22:32
14783,1611.58,16228.5,-2137.88,2026/01/29 20:22:32
14784,1611.69,16186.4,-2140.15,2026/01/29 20:22:32
14785,1611.8,16140.6,-2140.52,2026/01/29 20:22:32
14786,1611.9,16110.5,-2138.31,2026/01/29 20:22:32
14787,1612.01,16133.9,-2145.44,2026/01/29 20:22:32
14788,1612.12,16178.7,-2146.33,2026/01/29 20:22:32
14789,1612.23,16202.4,-2142.85,2026/01/29 20:22:33
14790,1612.34,16241.5,-2135.86,2026/01/29 20:22:33
14791,1612.45,16271.4,-2130.25,2026/01/29 20:22:33
14792,1612.56,16282.4,-2134.11,2026/01/29 20:22:33
14793,1612.67,16229.2,-2138.79,2026/01/29 20:22:33
14794,1612.78,16166.1,-2143.47,2026/01/29 20:22:33
14795,1612.88,16097.4,-2142.6,2026/01/29 20:22:33
14796,1613,16092.9,-2144.77,2026/01/29 20:22:33
14797,1613.11,16144.9,-2149.71,2026/01/29 20:22:33
14798,1613.21,16166,-2150.85,2026/01/29 20:22:34
14799,1613.32,16198.2,-2142.66,2026/01/29 20:22:34
14800,1613.43,16215.3,-2139.45,2026/01/29 20:22:34
14801,1613.54,16260,-2131.76,2026/01/29 20:22:34
14802,1613.65,16269.3,-2129.5,2026/01/29 20:22:34
14803,1613.76,16269.5,-2130.33,2026/01/29 20:22:34
14804,1613.87,16272.4,-2132.57,2026/01/29 20:22:34
14805,1613.97,16286.1,-2141.73,2026/01/29 20:22:34
14806,1614.08,16202.3,-2135.08,2026/01/29 20:22:34
14807,1614.19,16152.9,-2138.15,2026/01/29 20:22:35
14808,1614.3,16178.7,-2141.66,2026/01/29 20:22:35
14809,1614.41,16195,-2145.42,2026/01/29 20:22:35
14810,1614.52,16228.7,-2136.98,2026/01/29 20:22:35
14811,1614.63,16281.2,-2130.29,2026/01/29 20:22:35
14812,1614.74,16299,-2127.72,2026/01/29 20:22:35
14813,1614.85,16294.1,-2130.12,2026/01/29 20:22:35
14814,1614.95,16295.5,-2134.23,2026/01/29 20:22:35
14815,1615.06,16287.4,-2134.33,2026/01/29 20:22:35
14816,1615.17,16200.6,-2136.41,2026/01/29 20:22:36
14817,1615.28,16160.8,-2133.97,2026/01/29 20:22:36
14818,1615.39,16149.4,-2141.05,2026/01/29 20:22:36
14819,1615.5,16170.3,-2141.22,2026/01/29 20:22:36
14820,1615.61,16198.2,-2144.1,2026/01/29 20:22:36
14821,1615.72,16221.4,-2139.68,2026/01/29 20:22:36
14822,1615.83,16258.6,-2134.14,2026/01/29 20:22:36
14823,1615.94,16274.5,-2129.69,2026/01/29 20:22:36
14824,1616.05,16290.6,-2132.49,2026/01/29 20:22:36
14825,1616.15,16278.6,-2138.09,2026/01/29 20:22:37
14826,1616.26,16195,-2134.26,2026/01/29 20:22:37
14827,1616.37,16141.9,-2141.24,2026/01/29 20:22:37
14828,1616.48,16152.9,-2142.06,2026/01/29 20:22:37
14829,1616.59,16176,-2149.06,2026/01/29 20:22:37
14830,1616.7,16195.2,-2146.03,2026/01/29 20:22:37
14831,1616.81,16223.1,-2138.77,2026/01/29 20:22:37
14832,1616.91,16268.1,-2133.56,2026/01/29 20:22:37
14833,1617.02,16282.8,-2128.56,2026/01/29 20:22:37
14834,1617.13,16288.8,-2133.45,2026/01/29 20:22:37
14835,1617.24,16257.1,-2134.58,2026/01/29 20:22:38
14836,1617.35,16185.7,-2139.21,2026/01/29 20:22:38
14837,1617.46,16095.6,-2142.49,2026/01/29 20:22:38
14838,1617.57,16091.1,-2143.61,2026/01/29 20:22:38
14839,1617.68,16121.9,-2150.18,2026/01/29 20:22:38
14840,1617.78,16159.8,-2152.74,2026/01/29 20:22:38
14841,1617.89,16188.3,-2145.66,2026/01/29 20:22:38
14842,1618,16240.3,-2138.83,2026/01/29 20:22:38
14843,1618.11,16276,-2129.22,2026/01/29 20:22:38
14844,1618.22,16284.7,-2132.47,2026/01/29 20:22:39
14845,1618.33,16305.5,-2136.64,2026/01/29 20:22:39
14846,1618.44,16235.7,-2136.99,2026/01/29 20:22:39
14847,1618.55,16153.4,-2136.88,2026/01/29 20:22:39
14848,1618.66,16125,-2139.06,2026/01/29 20:22:39
14849,1618.77,16161.1,-2144.79,2026/01/29 20:22:39
14850,1618.87,16185.2,-2146.98,2026/01/29 20:22:39
14851,1618.98,16211.2,-2140.74,2026/01/29 20:22:39
14852,1619.09,16233.6,-2136.81,2026/01/29 20:22:39
14853,1619.2,16272.7,-2128.61,2026/01/29 20:22:40
14854,1619.31,16281.9,-2134.05,2026/01/29 20:22:40
14855,1619.42,16272.5,-2133.54,2026/01/29 20:22:40
14856,1619.53,16194.7,-2139.89,2026/01/29 20:22:40
14857,1619.64,16134.2,-2140.22,2026/01/29 20:22:40
14858,1619.75,16153.2,-2145.82,2026/01/29 20:22:40
14859,1619.86,16183.4,-2150.41,2026/01/29 20:22:40
14860,1619.97,16201.9,-2142.49,2026/01/29 20:22:40
14861,1620.07,16243.1,-2139.02,2026/01/29 20:22:40
14862,1620.18,16285.1,-2127.7,2026/01/29 20:22:41
14863,1620.29,16282.7,-2132.15,2026/01/29 20:22:41
14864,1620.4,16291.8,-2133.24,2026/01/29 20:22:41
14865,1620.51,16204.3,-2140.48,2026/01/29 20:22:41
14866,1620.62,16104.1,-2141.46,2026/01/29 20:22:41
14867,1620.73,16090.5,-2143.2,2026/01/29 20:22:41
14868,1620.84,16136.5,-2150.8,2026/01/29 20:22:41
14869,1620.95,16181.8,-2146.67,2026/01/29 20:22:41
14870,1621.06,16200.5,-2143.54,2026/01/29 20:22:41
14871,1621.17,16224.9,-2134.7,2026/01/29 20:22:42
14872,1621.27,16249.8,-2132.1,2026/01/29 20:22:42
14873,1621.38,16288.7,-2137.6,2026/01/29 20:22:42
14874,1621.49,16235,-2135.96,2026/01/29 20:22:42
14875,1621.6,16182.5,-2140.81,2026/01/29 20:22:42
14876,1621.71,16101.9,-2141.02,2026/01/29 20:22:42
14877,1621.82,16107.2,-2143.59,2026/01/29 20:22:42
14878,1621.93,16169.3,-2149.98,2026/01/29 20:22:42
14879,1622.04,16191.2,-2144.77,2026/01/29 20:22:42
14880,1622.14,16228.2,-2135.15,2026/01/29 20:22:43
14881,1622.25,16257.2,-2133.23,2026/01/29 20:22:43
14882,1622.36,16276.4,-2129.05,2026/01/29 20:22:43
14883,1622.47,16295.7,-2137.63,2026/01/29 20:22:43
14884,1622.58,16207.2,-2137.17,2026/01/29 20:22:43
14885,1622.69,16128.2,-2141.69,2026/01/29 20:22:43
14886,1622.8,16119.9,-2143.96,2026/01/29 20:22:43
14887,1622.91,16159.6,-2148.92,2026/01/29 20:22:43
14888,1623.02,16185.3,-2147.13,2026/01/29 20:22:43
14889,1623.13,16213.5,-2139.52,2026/01/29 20:22:43
14890,1623.24,16264.9,-2133.89,2026/01/29 20:22:44
14891,1623.34,16278.9,-2130.05,2026/01/29 20:22:44
14892,1623.46,16281.7,-2132.52,2026/01/29 20:22:44
14893,1623.56,16238.8,-2137.56,2026/01/29 20:22:44
14894,1623.67,16163,-2140.4,2026/01/29 20:22:44
14895,1623.78,16083.5,-2143.55,2026/01/29 20:22:44
14896,1623.89,16084.8,-2142.88,2026/01/29 20:22:44
14897,1624,16141.7,-2148.3,2026/01/29 20:22:44
14898,1624.11,16178.8,-2145.85,2026/01/29 20:22:44
14899,1624.22,16200.9,-2143.47,2026/01/29 20:22:45
14900,1624.33,16245.9,-2133.32,2026/01/29 20:22:45
14901,1624.44,16273.6,-2129.53,2026/01/29 20:22:45
14902,1624.55,16281.4,-2132.95,2026/01/29 20:22:45
14903,1624.66,16253.8,-2135.43,2026/01/29 20:22:45
14904,1624.76,16182.1,-2139.16,2026/01/29 20:22:45
14905,1624.87,16099.7,-2145.2,2026/01/29 20:22:45
14906,1624.98,16106,-2143.56,2026/01/29 20:22:45
14907,1625.09,16142.1,-2150.5,2026/01/29 20:22:45
14908,1625.2,16178.7,-2150.03,2026/01/29 20:22:46
14909,1625.31,16199.1,-2142.84,2026/01/29 20:22:46
14910,1625.42,16223.9,-2136.25,2026/01/29 20:22:46
14911,1625.53,16260.3,-2130.98,2026/01/29 20:22:46
14912,1625.64,16270.9,-2131.4,2026/01/29 20:22:46
14913,1625.75,16296.6,-2139.18,2026/01/29 20:22:46
14914,1625.85,16213.1,-2137.81,2026/01/29 20:22:46
14915,1625.96,16124.8,-2142.13,2026/01/29 20:22:46
14916,1626.07,16081.4,-2142.39,2026/01/29 20:22:46
14917,1626.18,16115.5,-2148.02,2026/01/29 20:22:47
14918,1626.29,16171.4,-2152.65,2026/01/29 20:22:47
14919,1626.4,16192.3,-2144.87,2026/01/29 20:22:47
14920,1626.51,16224.2,-2133.94,2026/01/29 20:22:47
14921,1626.62,16226.1,-2134.24,2026/01/29 20:22:47
14922,1626.73,16259.2,-2129.57,2026/01/29 20:22:47
14923,1626.84,16287.2,-2141.33,2026/01/29 20:22:47
14924,1626.94,16208.9,-2136.41,2026/01/29 20:22:47
14925,1627.05,16118.9,-2143.03,2026/01/29 20:22:47
14926,1627.16,16103.4,-2145.34,2026/01/29 20:22:48
14927,1627.27,16155.2,-2152.22,2026/01/29 20:22:48
14928,1627.38,16179.5,-2147.64,2026/01/29 20:22:48
14929,1627.49,16201.6,-2140.19,2026/01/29 20:22:48
14930,1627.6,16255,-2134.04,2026/01/29 20:22:48
14931,1627.71,16277.2,-2129.71,2026/01/29 20:22:48
14932,1627.82,16271.4,-2129.27,2026/01/29 20:22:48
14933,1627.93,16295.6,-2134.77,2026/01/29 20:22:48
14934,1628.03,16195.8,-2140.08,2026/01/29 20:22:48
14935,1628.15,16101.1,-2142,2026/01/29 20:22:49
14936,1628.25,16099.8,-2148.86,2026/01/29 20:22:49
14937,1628.36,16160.3,-2151.69,2026/01/29 20:22:49
14938,1628.47,16182.5,-2147.76,2026/01/29 20:22:49
14939,1628.58,16200.6,-2140.85,2026/01/29 20:22:49
14940,1628.69,16243.5,-2133.5,2026/01/29 20:22:49
14941,1628.8,16263,-2130.16,2026/01/29 20:22:49
14942,1628.91,16277.6,-2131,2026/01/29 20:22:49
14943,1629.02,16266.4,-2134.97,2026/01/29 20:22:49
14944,1629.13,16196.8,-2138.74,2026/01/29 20:22:49
14945,1629.24,16113.5,-2140.57,2026/01/29 20:22:50
14946,1629.35,16099.5,-2145.66,2026/01/29 20:22:50
14947,1629.45,16142.6,-2148.46,2026/01/29 20:22:50
14948,1629.56,16185.6,-2143.98,2026/01/29 20:22:50
14949,1629.67,16207.6,-2139.37,2026/01/29 20:22:50
14950,1629.78,16249,-2132.75,2026/01/29 20:22:50
14951,1629.89,16266.2,-2130.46,2026/01/29 20:22:50
14952,1630,16266.7,-2131.29,2026/01/29 20:22:50
14953,1630.11,16288,-2133.54,2026/01/29 20:22:50
14954,1630.22,16201.9,-2141.01,2026/01/29 20:22:51
14955,1630.33,16111.6,-2139.1,2026/01/29 20:22:51
14956,1630.44,16089.2,-2145.4,2026/01/29 20:22:51
14957,1630.55,16126.5,-2148.2,2026/01/29 20:22:51
14958,1630.66,16162.5,-2152.64,2026/01/29 20:22:51
14959,1630.76,16188.8,-2144.68,2026/01/29 20:22:51
14960,1630.87,16218.1,-2136.93,2026/01/29 20:22:51
14961,1630.98,16264.8,-2131.42,2026/01/29 20:22:51
14962,1631.09,16275.5,-2130.49,2026/01/29 20:22:51
14963,1631.2,16301.4,-2135.64,2026/01/29 20:22:52
14964,1631.31,16215,-2137.84,2026/01/29 20:22:52
14965,1631.42,16121.7,-2139.1,2026/01/29 20:22:52
14966,1631.53,16076.6,-2140.27,2026/01/29 20:22:52
14967,1631.64,16110.4,-2148.24,2026/01/29 20:22:52
14968,1631.74,16174.8,-2147.84,2026/01/29 20:22:52
14969,1631.85,16197.1,-2143.41,2026/01/29 20:22:52
14970,1631.96,16238.5,-2136.68,2026/01/29 20:22:52
14971,1632.07,16277.8,-2128.47,2026/01/29 20:22:52
14972,1632.18,16288.2,-2135.2,2026/01/29 20:22:53
14973,1632.29,16237,-2137.76,2026/01/29 20:22:53
14974,1632.4,16168.8,-2139.7,2026/01/29 20:22:53
14975,1632.51,16096.4,-2141.78,2026/01/29 20:22:53
14976,1632.62,16102.9,-2142.63,2026/01/29 20:22:53
14977,1632.73,16161.7,-2150.22,2026/01/29 20:22:53
14978,1632.83,16190.8,-2142.33,2026/01/29 20:22:53
14979,1632.94,16215.7,-2138.78,2026/01/29 20:22:53
14980,1633.05,16235.8,-2131.97,2026/01/29 20:22:53
14981,1633.16,16269.5,-2133.32,2026/01/29 20:22:54
14982,1633.27,16286.6,-2133.35,2026/01/29 20:22:54
14983,1633.38,16196.8,-2142.44,2026/01/29 20:22:54
14984,1633.49,16127.5,-2139.71,2026/01/29 20:22:54
14985,1633.6,16128.4,-2145.08,2026/01/29 20:22:54
14986,1633.7,16165.3,-2148.98,2026/01/29 20:22:54
14987,1633.81,16193.5,-2143.99,2026/01/29 20:22:54
14988,1633.92,16220.2,-2139.47,2026/01/29 20:22:54
14989,1634.03,16278.3,-2130.57,2026/01/29 20:22:54
14990,1634.14,16284,-2128.45,2026/01/29 20:22:55
14991,1634.25,16303.9,-2138.63,2026/01/29 20:22:55
14992,1634.36,16221.1,-2137.34,2026/01/29 20:22:55
14993,1634.47,16150.4,-2140.11,2026/01/29 20:22:55
14994,1634.58,16105.6,-2141,2026/01/29 20:22:55
14995,1634.69,16150.9,-2147.26,2026/01/29 20:22:55
14996,1634.79,16185.6,-2152.62,2026/01/29 20:22:55
14997,1634.9,16196,-2144.99,2026/01/29 20:22:55
14998,1635.01,16234,-2136.29,2026/01/29 20:22:55
14999,1635.12,16265.1,-2132.47,2026/01/29 20:22:55
15000,1635.23,16276,-2127.31,2026/01/29 20:22:56
15001,1635.34,16288.2,-2135.42,2026/01/29 20:22:56
15002,1635.45,16237.9,-2135.83,2026/01/29 20:22:56
15003,1635.56,16181,-2140.89,2026/01/29 20:22:56
15004,1635.67,16121.3,-2138.93,2026/01/29 20:22:56
15005,1635.78,16133.4,-2142.77,2026/01/29 20:22:56
15006,1635.89,16164.4,-2148.75,2026/01/29 20:22:56
15007,1636,16191.2,-2144.08,2026/01/29 20:22:56
15008,1636.11,16229.2,-2139.42,2026/01/29 20:22:56
15009,1636.22,16284.1,-2129.6,2026/01/29 20:22:57
15010,1636.33,16289.1,-2129.47,2026/01/29 20:22:57
15011,1636.43,16295,-2134.29,2026/01/29 20:22:57
15012,1636.55,16227.7,-2138.8,2026/01/29 20:22:57
15013,1636.65,16163,-2140.58,2026/01/29 20:22:57
15014,1636.76,16113,-2141.35,2026/01/29 20:22:57
15015,1636.87,16130.4,-2141.36,2026/01/29 20:22:57
15016,1636.98,16161.5,-2150.09,2026/01/29 20:22:57
15017,1637.09,16196.9,-2142.55,2026/01/29 20:22:57
15018,1637.2,16224.3,-2138.61,2026/01/29 20:22:58
15019,1637.31,16266.6,-2130.96,2026/01/29 20:22:58
15020,1637.42,16278.6,-2128.37,2026/01/29 20:22:58
15021,1637.52,16293.3,-2134.79,2026/01/29 20:22:58
15022,1637.63,16235.3,-2137.79,2026/01/29 20:22:58
15023,1637.74,16168.7,-2140.87,2026/01/29 20:22:58
15024,1637.85,16125.1,-2141.02,2026/01/29 20:22:58
15025,1637.96,16142.5,-2145.1,2026/01/29 20:22:58
15026,1638.07,16183.8,-2151.97,2026/01/29 20:22:58
15027,1638.18,16198.6,-2143.45,2026/01/29 20:22:59
15028,1638.29,16231,-2136.86,2026/01/29 20:22:59
15029,1638.4,16276.4,-2130.44,2026/01/29 20:22:59
15030,1638.51,16277.4,-2130.95,2026/01/29 20:22:59
15031,1638.62,16296.8,-2134.63,2026/01/29 20:22:59
15032,1638.73,16209.8,-2139.7,2026/01/29 20:22:59
15033,1638.83,16126.9,-2138.54,2026/01/29 20:22:59
15034,1638.94,16102.1,-2144.23,2026/01/29 20:22:59
15035,1639.05,16148.5,-2147.02,2026/01/29 20:22:59
15036,1639.16,16187.7,-2152.3,2026/01/29 20:23:00
15037,1639.27,16201.1,-2143.74,2026/01/29 20:23:00
15038,1639.38,16260.2,-2133.77,2026/01/29 20:23:00
15039,1639.49,16284.1,-2129.3,2026/01/29 20:23:00
15040,1639.6,16286.6,-2133.45,2026/01/29 20:23:00
15041,1639.71,16242.8,-2136.09,2026/01/29 20:23:00
15042,1639.81,16192.9,-2140.22,2026/01/29 20:23:00
15043,1639.92,16115.6,-2140.67,2026/01/29 20:23:00
15044,1640.03,16122.6,-2140.38,2026/01/29 20:23:00
15045,1640.14,16138.1,-2147.07,2026/01/29 20:23:01
15046,1640.25,16181.1,-2148.2,2026/01/29 20:23:01
15047,1640.36,16208.9,-2142.27,2026/01/29 20:23:01
15048,1640.47,16264,-2133.53,2026/01/29 20:23:01
15049,1640.58,16281.5,-2128.22,2026/01/29 20:23:01
15050,1640.69,16293.6,-2136.02,2026/01/29 20:23:01
15051,1640.79,16227.8,-2138.3,2026/01/29 20:23:01
15052,1640.9,16161.3,-2140.9,2026/01/29 20:23:01
15053,1641.01,16125.5,-2142.78,2026/01/29 20:23:01
15054,1641.12,16144.5,-2145.44,2026/01/29 20:23:01
15055,1641.23,16183.1,-2151.56,2026/01/29 20:23:02
15056,1641.34,16199.4,-2142.89,2026/01/29 20:23:02
15057,1641.45,16228.2,-2136.72,2026/01/29 20:23:02
15058,1641.56,16252.4,-2131.65,2026/01/29 20:23:02
15059,1641.67,16284.2,-2135.96,2026/01/29 20:23:02
15060,1641.78,16238.6,-2136.52,2026/01/29 20:23:02
15061,1641.89,16192.2,-2140.7,2026/01/29 20:23:02
15062,1641.99,16133,-2137.12,2026/01/29 20:23:02
15063,1642.1,16107.4,-2142.95,2026/01/29 20:23:02
15064,1642.21,16122.7,-2141.04,2026/01/29 20:23:03
15065,1642.32,16180.4,-2146.89,2026/01/29 20:23:03
15066,1642.43,16202.7,-2141.87,2026/01/29 20:23:03
15067,1642.54,16262.7,-2132.54,2026/01/29 20:23:03
15068,1642.65,16283,-2129.43,2026/01/29 20:23:03
15069,1642.76,16289.8,-2127.05,2026/01/29 20:23:03
15070,1642.87,16295.3,-2134.28,2026/01/29 20:23:03
15071,1642.98,16229.6,-2137.86,2026/01/29 20:23:03
15072,1643.09,16150.7,-2138.03,2026/01/29 20:23:03
15073,1643.19,16111.7,-2139.77,2026/01/29 20:23:04
15074,1643.3,16144.2,-2147.82,2026/01/29 20:23:04
15075,1643.41,16205.9,-2146.71,2026/01/29 20:23:04
15076,1643.52,16207.3,-2142.67,2026/01/29 20:23:04
15077,1643.63,16242.8,-2134.28,2026/01/29 20:23:04
15078,1643.74,16272.2,-2129.92,2026/01/29 20:23:04
15079,1643.85,16283,-2131.77,2026/01/29 20:23:04
15080,1643.96,16247.8,-2133.97,2026/01/29 20:23:04
15081,1644.07,16185.8,-2141.71,2026/01/29 20:23:04
15082,1644.18,16140.6,-2139.65,2026/01/29 20:23:05
15083,1644.28,16143.7,-2141.17,2026/01/29 20:23:05
15084,1644.39,16152.4,-2144.34,2026/01/29 20:23:05
15085,1644.5,16187.5,-2147.33,2026/01/29 20:23:05
15086,1644.61,16209.9,-2142.22,2026/01/29 20:23:05
15087,1644.72,16257.2,-2132.66,2026/01/29 20:23:05
15088,1644.83,16276.6,-2128.85,2026/01/29 20:23:05
15089,1644.94,16297.9,-2133.28,2026/01/29 20:23:05
15090,1645.05,16216.3,-2140.76,2026/01/29 20:23:05
15091,1645.16,16131.3,-2138.61,2026/01/29 20:23:06
15092,1645.27,16095.3,-2145.94,2026/01/29 20:23:06
15093,1645.37,16135.5,-2146.2,2026/01/29 20:23:06
15094,1645.48,16175.7,-2156.4,2026/01/29 20:23:06
15095,1645.59,16195,-2143.95,2026/01/29 20:23:06
15096,1645.7,16227.1,-2136.33,2026/01/29 20:23:06
15097,1645.81,16251.3,-2132.11,2026/01/29 20:23:06
15098,1645.92,16279.6,-2132.99,2026/01/29 20:23:06
15099,1646.03,16229.1,-2136.61,2026/01/29 20:23:06
15100,1646.14,16164.2,-2143.61,2026/01/29 20:23:07
15101,1646.25,16085,-2142.28,2026/01/29 20:23:07
15102,1646.35,16084.5,-2144.81,2026/01/29 20:23:07
15103,1646.46,16150.8,-2148.65,2026/01/29 20:23:07
15104,1646.57,16188,-2142.97,2026/01/29 20:23:07
15105,1646.68,16225.2,-2136.54,2026/01/29 20:23:07
15106,1646.79,16264.9,-2130.7,2026/01/29 20:23:07
15107,1646.9,16276.4,-2127.75,2026/01/29 20:23:07
15108,1647.01,16282.6,-2135.49,2026/01/29 20:23:07
15109,1647.12,16224.7,-2135.97,2026/01/29 20:23:07
15110,1647.23,16143.6,-2144.24,2026/01/29 20:23:08
15111,1647.33,16106.5,-2141.69,2026/01/29 20:23:08
15112,1647.44,16150,-2149.73,2026/01/29 20:23:08
15113,1647.55,16188,-2145.7,2026/01/29 20:23:08
15114,1647.66,16197.7,-2141.47,2026/01/29 20:23:08
15115,1647.77,16216.7,-2135.37,2026/01/29 20:23:08
15116,1647.88,16231.6,-2132.11,2026/01/29 20:23:08
15117,1647.99,16266,-2132.7,2026/01/29 20:23:08
15118,1648.09,16256,-2135.38,2026/01/29 20:23:08
15119,1648.2,16193.2,-2138.52,2026/01/29 20:23:09
15120,1648.31,16132.1,-2139.25,2026/01/29 20:23:09
15121,1648.42,16114.6,-2139.03,2026/01/29 20:23:09
15122,1648.53,16143.1,-2146.63,2026/01/29 20:23:09
15123,1648.64,16197.6,-2139.43,2026/01/29 20:23:09
15124,1648.75,16216.8,-2137.82,2026/01/29 20:23:09
15125,1648.86,16275.7,-2128.47,2026/01/29 20:23:09
15126,1648.97,16280.2,-2129.14,2026/01/29 20:23:09
15127,1649.08,16283,-2129.8,2026/01/29 20:23:09
15128,1649.19,16278.4,-2136.03,2026/01/29 20:23:10
15129,1649.3,16208.4,-2136.04,2026/01/29 20:23:10
15130,1649.4,16135.7,-2139.48,2026/01/29 20:23:10
15131,1649.51,16113.3,-2138.51,2026/01/29 20:23:10
15132,1649.62,16151.4,-2146.07,2026/01/29 20:23:10
15133,1649.73,16195.4,-2144.11,2026/01/29 20:23:10
15134,1649.84,16214.8,-2138.52,2026/01/29 20:23:10
15135,1649.95,16255.1,-2134.32,2026/01/29 20:23:10
15136,1650.06,16277.6,-2127.63,2026/01/29 20:23:10
15137,1650.17,16277.1,-2130.35,2026/01/29 20:23:11
15138,1650.28,16296.7,-2134.88,2026/01/29 20:23:11
15139,1650.39,16214.9,-2138.59,2026/01/29 20:23:11
15140,1650.49,16130.8,-2139.6,2026/01/29 20:23:11
15141,1650.6,16092.8,-2139.7,2026/01/29 20:23:11
15142,1650.71,16100,-2141.77,2026/01/29 20:23:11
15143,1650.82,16133.2,-2147.43,2026/01/29 20:23:11
15144,1650.93,16184.5,-2143.83,2026/01/29 20:23:11
15145,1651.04,16215.3,-2142.33,2026/01/29 20:23:11
15146,1651.15,16267.6,-2129.51,2026/01/29 20:23:12
15147,1651.26,16290.3,-2129.02,2026/01/29 20:23:12
15148,1651.37,16282.2,-2127.66,2026/01/29 20:23:12
15149,1651.48,16317,-2135.59,2026/01/29 20:23:12
15150,1651.59,16230.7,-2137.01,2026/01/29 20:23:12
15151,1651.7,16160.8,-2139.62,2026/01/29 20:23:12
15152,1651.8,16091.5,-2140.71,2026/01/29 20:23:12
15153,1651.92,16128.2,-2146.55,2026/01/29 20:23:12
15154,1652.02,16183.9,-2148,2026/01/29 20:23:12
15155,1652.13,16210.5,-2140.97,2026/01/29 20:23:12
15156,1652.24,16272.5,-2129.37,2026/01/29 20:23:13
15157,1652.35,16284.1,-2130.44,2026/01/29 20:23:13
15158,1652.46,16289,-2125.94,2026/01/29 20:23:13
15159,1652.57,16309.9,-2137.33,2026/01/29 20:23:13
15160,1652.68,16222.9,-2133.19,2026/01/29 20:23:13
15161,1652.79,16140.6,-2139.25,2026/01/29 20:23:13
15162,1652.9,16129.2,-2140.44,2026/01/29 20:23:13
15163,1653,16179,-2151.13,2026/01/29 20:23:13
15164,1653.11,16201.7,-2142.44,2026/01/29 20:23:13
15165,1653.22,16225.8,-2137.77,2026/01/29 20:23:14
15166,1653.33,16281.8,-2130.1,2026/01/29 20:23:14
15167,1653.44,16297.2,-2127.31,2026/01/29 20:23:14
15168,1653.55,16297.5,-2130.05,2026/01/29 20:23:14
15169,1653.66,16298.5,-2132.38,2026/01/29 20:23:14
15170,1653.77,16229.4,-2138.64,2026/01/29 20:23:14
15171,1653.88,16165.9,-2138.83,2026/01/29 20:23:14
15172,1653.99,16143.4,-2140.57,2026/01/29 20:23:14
15173,1654.09,16180.5,-2146.75,2026/01/29 20:23:14
15174,1654.2,16201.5,-2144.34,2026/01/29 20:23:15
15175,1654.31,16218,-2139.85,2026/01/29 20:23:15
15176,1654.42,16252.8,-2132.47,2026/01/29 20:23:15
15177,1654.53,16275.1,-2128.68,2026/01/29 20:23:15
15178,1654.64,16285.7,-2128.48,2026/01/29 20:23:15
15179,1654.75,16286.8,-2132,2026/01/29 20:23:15
15180,1654.86,16301.5,-2139.36,2026/01/29 20:23:15
15181,1654.97,16237.3,-2131.52,2026/01/29 20:23:15
15182,1655.08,16203.3,-2134.46,2026/01/29 20:23:15
15183,1655.19,16199.1,-2136.48,2026/01/29 20:23:16
15184,1655.3,16195.2,-2140.55,2026/01/29 20:23:16
15185,1655.41,16185.4,-2139.19,2026/01/29 20:23:16
15186,1655.52,16211,-2140.2,2026/01/29 20:23:16
15187,1655.62,16295,-2131.58,2026/01/29 20:23:16
15188,1655.73,16320.5,-2132.68,2026/01/29 20:23:16
15189,1655.84,16325.8,-2132.11,2026/01/29 20:23:16
15190,1655.95,16330.9,-2130.8,2026/01/29 20:23:16
15191,1656.06,16299.1,-2134.18,2026/01/29 20:23:16
15192,1656.17,16285.9,-2130.27,2026/01/29 20:23:17
15193,1656.28,16160.7,-2132.78,2026/01/29 20:23:17
15194,1656.39,16122.4,-2134.53,2026/01/29 20:23:17
15195,1656.5,16150.2,-2139.93,2026/01/29 20:23:17
15196,1656.61,16176.2,-2144.37,2026/01/29 20:23:17
15197,1656.71,16204.5,-2143.38,2026/01/29 20:23:17
15198,1656.82,16254.1,-2135.82,2026/01/29 20:23:17
15199,1656.93,16290.5,-2129.33,2026/01/29 20:23:17
15200,1657.04,16300.5,-2128.52,2026/01/29 20:23:17
15201,1657.15,16306.3,-2134.39,2026/01/29 20:23:18
15202,1657.26,16247.3,-2132.75,2026/01/29 20:23:18
15203,1657.37,16156,-2131.28,2026/01/29 20:23:18
15204,1657.48,16135.4,-2148.19,2026/01/29 20:23:18
15205,1657.59,16093,-2137,2026/01/29 20:23:18
15206,1657.7,16119.6,-2143.28,2026/01/29 20:23:18
15207,1657.81,16188.4,-2143.63,2026/01/29 20:23:18
15208,1657.91,16233.1,-2138.27,2026/01/29 20:23:18
15209,1658.02,16286,-2129.57,2026/01/29 20:23:18
15210,1658.13,16292.8,-2130.78,2026/01/29 20:23:18
15211,1658.24,16312.3,-2135.78,2026/01/29 20:23:19
15212,1658.35,16257.5,-2132.76,2026/01/29 20:23:19
15213,1658.46,16184,-2133.79,2026/01/29 20:23:19
15214,1658.57,16154.4,-2132.66,2026/01/29 20:23:19
15215,1658.68,16169.1,-2139.6,2026/01/29 20:23:19
15216,1658.79,16196.3,-2142.24,2026/01/29 20:23:19
15217,1658.9,16228.7,-2139.12,2026/01/29 20:23:19
15218,1659,16296.7,-2130.66,2026/01/29 20:23:19
15219,1659.11,16308.6,-2129.6,2026/01/29 20:23:19
15220,1659.22,16305.5,-2129.6,2026/01/29 20:23:20
15221,1659.33,16317.5,-2136.58,2026/01/29 20:23:20
15222,1659.44,16246.3,-2133.63,2026/01/29 20:23:20
15223,1659.55,16174.4,-2133.34,2026/01/29 20:23:20
15224,1659.66,16157.2,-2145.3,2026/01/29 20:23:20
15225,1659.77,16152.4,-2138.83,2026/01/29 20:23:20
15226,1659.88,16189.6,-2143.28,2026/01/29 20:23:20
15227,1659.99,16210.3,-2143.43,2026/01/29 20:23:20
15228,1660.1,16272.7,-2131.09,2026/01/29 20:23:20
15229,1660.21,16290.8,-2130.54,2026/01/29 20:23:21
15230,1660.32,16298.3,-2127.41,2026/01/29 20:23:21
15231,1660.42,16302,-2128.79,2026/01/29 20:23:21
15232,1660.53,16296.1,-2128.45,2026/01/29 20:23:21
15233,1660.64,16287.6,-2132.91,2026/01/29 20:23:21
15234,1660.75,16297.9,-2132.29,2026/01/29 20:23:21
15235,1660.86,16317.8,-2130.66,2026/01/29 20:23:21
15236,1660.97,16336.3,-2128.96,2026/01/29 20:23:21
15237,1661.08,16277.5,-2135.41,2026/01/29 20:23:21
15238,1661.19,16305.6,-2142.97,2026/01/29 20:23:22
15239,1661.3,16331.3,-2133.85,2026/01/29 20:23:22
15240,1661.41,16335.5,-2137.17,2026/01/29 20:23:22
15241,1661.52,16345.5,-2133.23,2026/01/29 20:23:22
15242,1661.63,16319.9,-2135.71,2026/01/29 20:23:22
15243,1661.73,16299.6,-2133.58,2026/01/29 20:23:22
15244,1661.84,16202.6,-2129.66,2026/01/29 20:23:22
15245,1661.95,16172.2,-2129.37,2026/01/29 20:23:22
15246,1662.06,16186.3,-2133.3,2026/01/29 20:23:22
15247,1662.17,16213.1,-2142.64,2026/01/29 20:23:23
15248,1662.28,16242,-2137.97,2026/01/29 20:23:23
15249,1662.39,16286,-2131.18,2026/01/29 20:23:23
15250,1662.5,16305.8,-2129.08,2026/01/29 20:23:23
15251,1662.61,16308,-2127.56,2026/01/29 20:23:23
15252,1662.72,16301.3,-2132.78,2026/01/29 20:23:23
15253,1662.83,16305.9,-2131.91,2026/01/29 20:23:23
15254,1662.94,16310.8,-2131.84,2026/01/29 20:23:23
15255,1663.05,16267.5,-2125.96,2026/01/29 20:23:23
15256,1663.16,16241.9,-2129.96,2026/01/29 20:23:24
15257,1663.27,16239.4,-2135.58,2026/01/29 20:23:24
15258,1663.38,16215.3,-2131.7,2026/01/29 20:23:24
15259,1663.48,16213,-2142.34,2026/01/29 20:23:24
15260,1663.59,16251.3,-2141.2,2026/01/29 20:23:24
15261,1663.7,16293.9,-2133.38,2026/01/29 20:23:24
15262,1663.81,16310.2,-2131.1,2026/01/29 20:23:24
15263,1663.92,16319.3,-2127.97,2026/01/29 20:23:24
15264,1664.03,16311.1,-2132.63,2026/01/29 20:23:24
15265,1664.14,16312.2,-2131.55,2026/01/29 20:23:25
15266,1664.25,16264.4,-2137.9,2026/01/29 20:23:25
15267,1664.36,16217.3,-2133.24,2026/01/29 20:23:25
15268,1664.46,16181.9,-2133.22,2026/01/29 20:23:25
15269,1664.58,16179,-2133.83,2026/01/29 20:23:25
15270,1664.68,16207.7,-2143.37,2026/01/29 20:23:25
15271,1664.79,16230.5,-2140.83,2026/01/29 20:23:25
15272,1664.9,16263.3,-2134.93,2026/01/29 20:23:25
15273,1665.01,16292.7,-2131.07,2026/01/29 20:23:25
15274,1665.12,16310.2,-2128.12,2026/01/29 20:23:25
15275,1665.23,16324,-2133.46,2026/01/29 20:23:26
15276,1665.34,16238.1,-2134.98,2026/01/29 20:23:26
15277,1665.45,16179.4,-2131.94,2026/01/29 20:23:26
15278,1665.56,16172.6,-2136.89,2026/01/29 20:23:26
15279,1665.67,16178.6,-2138.33,2026/01/29 20:23:26
15280,1665.77,16204.3,-2143.67,2026/01/29 20:23:26
15281,1665.88,16232.6,-2140.27,2026/01/29 20:23:26
15282,1665.99,16282.9,-2133.53,2026/01/29 20:23:26
15283,1666.1,16313.2,-2128.68,2026/01/29 20:23:26
15284,1666.21,16323.9,-2128.48,2026/01/29 20:23:27
15285,1666.32,16311.1,-2128.55,2026/01/29 20:23:27
15286,1666.43,16318.5,-2138.83,2026/01/29 20:23:27
15287,1666.54,16230,-2131.56,2026/01/29 20:23:27
15288,1666.65,16188.6,-2137.26,2026/01/29 20:23:27
15289,1666.76,16198.1,-2135.98,2026/01/29 20:23:27
15290,1666.86,16183.7,-2137.37,2026/01/29 20:23:27
15291,1666.97,16143.6,-2135.42,2026/01/29 20:23:27
15292,1667.08,16164.9,-2145.42,2026/01/29 20:23:27
15293,1667.19,16179.8,-2144.26,2026/01/29 20:23:28
15294,1667.3,16199.1,-2143.32,2026/01/29 20:23:28
15295,1667.41,16214.7,-2142.28,2026/01/29 20:23:28
15296,1667.52,16250.9,-2134.9,2026/01/29 20:23:28
15297,1667.63,16279.4,-2129.39,2026/01/29 20:23:28
15298,1667.74,16315.8,-2137.54,2026/01/29 20:23:28
15299,1667.84,16224.5,-2135.8,2026/01/29 20:23:28
15300,1667.95,16157.6,-2135.68,2026/01/29 20:23:28
15301,1668.06,16141.1,-2137,2026/01/29 20:23:28
15302,1668.17,16156.4,-2142.33,2026/01/29 20:23:29
15303,1668.28,16212.1,-2146.34,2026/01/29 20:23:29
15304,1668.39,16222.3,-2141.16,2026/01/29 20:23:29
15305,1668.5,16282.6,-2132.07,2026/01/29 20:23:29
15306,1668.61,16299.8,-2129.58,2026/01/29 20:23:29
15307,1668.72,16299.3,-2131.47,2026/01/29 20:23:29
15308,1668.83,16315.8,-2137.13,2026/01/29 20:23:29
15309,1668.94,16225.3,-2135.4,2026/01/29 20:23:29
15310,1669.05,16170.5,-2136.84,2026/01/29 20:23:29
15311,1669.16,16191.8,-2139.4,2026/01/29 20:23:30
15312,1669.27,16213.8,-2140.28,2026/01/29 20:23:30
15313,1669.37,16243.7,-2138.37,2026/01/29 20:23:30
15314,1669.48,16305.6,-2130.03,2026/01/29 20:23:30
15315,1669.59,16318.8,-2129.09,2026/01/29 20:23:30
15316,1669.7,16315,-2128.92,2026/01/29 20:23:30
15317,1669.81,16314,-2135.62,2026/01/29 20:23:30
15318,1669.92,16243.7,-2133.02,2026/01/29 20:23:30
15319,1670.03,16172.5,-2133.85,2026/01/29 20:23:30
15320,1670.14,16142.9,-2137.6,2026/01/29 20:23:31
15321,1670.25,16195.4,-2147.22,2026/01/29 20:23:31
15322,1670.35,16211.6,-2140.59,2026/01/29 20:23:31
15323,1670.46,16226.6,-2140.85,2026/01/29 20:23:31
15324,1670.57,16245.3,-2131.42,2026/01/29 20:23:31
15325,1670.68,16247.2,-2131.79,2026/01/29 20:23:31
15326,1670.79,16274.1,-2130.76,2026/01/29 20:23:31
15327,1670.9,16283.3,-2128.45,2026/01/29 20:23:31
15328,1671.01,16282.5,-2129.04,2026/01/29 20:23:31
15329,1671.12,16291.6,-2129.45,2026/01/29 20:23:31
15330,1671.22,16291,-2127.55,2026/01/29 20:23:32
15331,1671.33,16295.2,-2129.41,2026/01/29 20:23:32
15332,1671.44,16296.1,-2128.69,2026/01/29 20:23:32
15333,1671.55,16296.8,-2128.52,2026/01/29 20:23:32
15334,1671.66,16300,-2128.45,2026/01/29 20:23:32
15335,1671.77,16299.4,-2129.6,2026/01/29 20:23:32
15336,1671.88,16302.5,-2126.95,2026/01/29 20:23:32
15337,1671.98,16300,-2131.33,2026/01/29 20:23:32
15338,1672.09,16305.5,-2125.73,2026/01/29 20:23:32
15339,1672.2,16300.5,-2129.46,2026/01/29 20:23:33
15340,1672.31,16306.2,-2127.53,2026/01/29 20:23:33
15341,1672.42,16304.6,-2127.63,2026/01/29 20:23:33
15342,1672.53,16307.2,-2128.1,2026/01/29 20:23:33
15343,1672.64,16305.9,-2126.85,2026/01/29 20:23:33
15344,1672.75,16306.8,-2128.19,2026/01/29 20:23:33
15345,1672.86,16309.1,-2127.14,2026/01/29 20:23:33
15346,1672.97,16309.2,-2127.21,2026/01/29 20:23:33
15347,1673.07,16313.6,-2126.18,2026/01/29 20:23:33
15348,1673.18,16319,-2126.25,2026/01/29 20:23:34
15349,1673.29,16326.8,-2123.58,2026/01/29 20:23:34
15350,1673.4,16330.9,-2126.72,2026/01/29 20:23:34
15351,1673.51,16334.3,-2124.12,2026/01/29 20:23:34
15352,1673.62,16338.7,-2126.55,2026/01/29 20:23:34
15353,1673.73,16343,-2125.5,2026/01/29 20:23:34
15354,1673.84,16343.7,-2125.96,2026/01/29 20:23:34
15355,1673.95,16342.3,-2126.77,2026/01/29 20:23:34
15356,1674.06,16346.5,-2125.63,2026/01/29 20:23:34
15357,1674.16,16341.9,-2126.53,2026/01/29 20:23:35
15358,1674.27,16346.3,-2127.94,2026/01/29 20:23:35
15359,1674.38,16344.9,-2125.52,2026/01/29 20:23:35
15360,1674.49,16345.9,-2125.92,2026/01/29 20:23:35
15361,1674.6,16345.8,-2127.24,2026/01/29 20:23:35
15362,1674.71,16344.8,-2126.86,2026/01/29 20:23:35
15363,1674.82,16346.6,-2126.7,2026/01/29 20:23:35
15364,1674.93,16344.3,-2126.49,2026/01/29 20:23:35
15365,1675.03,16348.2,-2125.53,2026/01/29 20:23:35
15366,1675.14,16344.5,-2128.18,2026/01/29 20:23:36
15367,1675.25,16350,-2125.44,2026/01/29 20:23:36
15368,1675.36,16342.8,-2127.45,2026/01/29 20:23:36
15369,1675.47,16348.9,-2127.81,2026/01/29 20:23:36
15370,1675.58,16346.2,-2126.74,2026/01/29 20:23:36
15371,1675.69,16347.6,-2127.83,2026/01/29 20:23:36
15372,1675.8,16347.9,-2126.94,2026/01/29 20:23:36
15373,1675.91,16347.9,-2127.74,2026/01/29 20:23:36
15374,1676.02,16349.1,-2127.14,2026/01/29 20:23:36
15375,1676.13,16346.6,-2127.95,2026/01/29 20:23:36
15376,1676.23,16349.4,-2127.44,2026/01/29 20:23:37
15377,1676.34,16347.2,-2128.19,2026/01/29 20:23:37
15378,1676.45,16350.7,-2124.79,2026/01/29 20:23:37
15379,1676.56,16346.3,-2130.17,2026/01/29 20:23:37
15380,1676.67,16351.6,-2125.9,2026/01/29 20:23:37
15381,1676.78,16346.7,-2127.7,2026/01/29 20:23:37
15382,1676.89,16351.9,-2128,2026/01/29 20:23:37
15383,1677,16346.9,-2126.35,2026/01/29 20:23:37
15384,1677.11,16349.6,-2128.79,2026/01/29 20:23:37
15385,1677.22,16349.9,-2127.7,2026/01/29 20:23:38
15386,1677.32,16348.1,-2129.15,2026/01/29 20:23:38
15387,1677.43,16350.4,-2127.72,2026/01/29 20:23:38
15388,1677.54,16349.9,-2127.97,2026/01/29 20:23:38
15389,1677.65,16350.1,-2127.52,2026/01/29 20:23:38
15390,1677.76,16349.3,-2129.47,2026/01/29 20:23:38
15391,1677.87,16351.6,-2125.3,2026/01/29 20:23:38
15392,1677.98,16348.3,-2130.88,2026/01/29 20:23:38
15393,1678.09,16353.2,-2126.33,2026/01/29 20:23:38
15394,1678.2,16348.2,-2128.64,2026/01/29 20:23:39
15395,1678.31,16351.3,-2128.13,2026/01/29 20:23:39
15396,1678.42,16349.6,-2128.17,2026/01/29 20:23:39
15397,1678.53,16351.6,-2128.7,2026/01/29 20:23:39
15398,1678.63,16350.8,-2127.77,2026/01/29 20:23:39
15399,1678.74,16349.6,-2129.58,2026/01/29 20:23:39
15400,1678.85,16352.1,-2127.98,2026/01/29 20:23:39
15401,1678.96,16350.7,-2127.93,2026/01/29 20:23:39
15402,1679.07,16350.7,-2127.48,2026/01/29 20:23:39
15403,1679.18,16351,-2129.73,2026/01/29 20:23:40
15404,1679.29,16352.1,-2125.77,2026/01/29 20:23:40
15405,1679.4,16350.6,-2129.96,2026/01/29 20:23:40
15406,1679.5,16350.5,-2127.97,2026/01/29 20:23:40
15407,1679.61,16351.6,-2129.2,2026/01/29 20:23:40
15408,1679.72,16350.2,-2128.82,2026/01/29 20:23:40
15409,1679.83,16354.1,-2127.65,2026/01/29 20:23:40
15410,1679.94,16349.9,-2129.3,2026/01/29 20:23:40
15411,1680.05,16354.8,-2128.24,2026/01/29 20:23:40
15412,1680.16,16349,-2127.76,2026/01/29 20:23:41
15413,1680.27,16353.5,-2130.42,2026/01/29 20:23:41
15414,1680.38,16351.4,-2127.92,2026/01/29 20:23:41
15415,1680.49,16352.3,-2128.61,2026/01/29 20:23:41
15416,1680.59,16353.2,-2128.43,2026/01/29 20:23:41
15417,1680.7,16351.1,-2128.7,2026/01/29 20:23:41
15418,1680.81,16353.2,-2127.36,2026/01/29 20:23:41
15419,1680.92,16351.1,-2130.08,2026/01/29 20:23:41
15420,1681.03,16354.7,-2126.37,2026/01/29 20:23:41
15421,1681.14,16349.8,-2131.83,2026/01/29 20:23:42
15422,1681.25,16356.3,-2127.04,2026/01/29 20:23:42
15423,1681.36,16350.3,-2128.58,2026/01/29 20:23:42
15424,1681.47,16354,-2128.9,2026/01/29 20:23:42
15425,1681.57,16353.3,-2128.63,2026/01/29 20:23:42
15426,1681.68,16352,-2130.37,2026/01/29 20:23:42
15427,1681.79,16354.2,-2128.58,2026/01/29 20:23:42
15428,1681.9,16352.6,-2130.41,2026/01/29 20:23:42
15429,1682.01,16354.9,-2128.19,2026/01/29 20:23:42
15430,1682.12,16354.4,-2128.92,2026/01/29 20:23:42
15431,1682.23,16354.4,-2126.75,2026/01/29 20:23:43
15432,1682.34,16353.9,-2129.8,2026/01/29 20:23:43
15433,1682.45,16355.9,-2126.54,2026/01/29 20:23:43
15434,1682.56,16352.3,-2131.72,2026/01/29 20:23:43
15435,1682.67,16357.2,-2126.94,2026/01/29 20:23:43
15436,1682.77,16352.7,-2129.83,2026/01/29 20:23:43
15437,1682.88,16355.3,-2129.18,2026/01/29 20:23:43
15438,1682.99,16354.7,-2128.77,2026/01/29 20:23:43
15439,1683.1,16355,-2129.2,2026/01/29 20:23:43
15440,1683.21,16356.4,-2127.23,2026/01/29 20:23:44
15441,1683.32,16354.4,-2129.37,2026/01/29 20:23:44
15442,1683.43,16355.5,-2129.76,2026/01/29 20:23:44
15443,1683.54,16355.4,-2129.38,2026/01/29 20:23:44
15444,1683.64,16355.1,-2127.88,2026/01/29 20:23:44
15445,1683.75,16355.2,-2131.63,2026/01/29 20:23:44
15446,1683.86,16355.8,-2127.31,2026/01/29 20:23:44
15447,1683.97,16356,-2128.8,2026/01/29 20:23:44
15448,1684.08,16355.3,-2128.37,2026/01/29 20:23:44
15449,1684.19,16357.3,-2128.48,2026/01/29 20:23:45
15450,1684.3,16353.4,-2130.05,2026/01/29 20:23:45
15451,1684.41,16359.3,-2127.76,2026/01/29 20:23:45
15452,1684.52,16352.5,-2128.81,2026/01/29 20:23:45
15453,1684.63,16358.3,-2130.57,2026/01/29 20:23:45
15454,1684.73,16355.1,-2127.65,2026/01/29 20:23:45
15455,1684.84,16356.5,-2129.98,2026/01/29 20:23:45
15456,1684.95,16356.7,-2129.1,2026/01/29 20:23:45
15457,1685.06,16356.3,-2128.1,2026/01/29 20:23:45
15458,1685.17,16357.7,-2129.6,2026/01/29 20:23:46
15459,1685.28,16355,-2129.08,2026/01/29 20:23:46
15460,1685.39,16358.3,-2129.43,2026/01/29 20:23:46
15461,1685.5,16355.2,-2130.27,2026/01/29 20:23:46
15462,1685.61,16359.6,-2127.22,2026/01/29 20:23:46
15463,1685.71,16352.9,-2131.01,2026/01/29 20:23:46
15464,1685.82,16360.5,-2128.68,2026/01/29 20:23:46
15465,1685.93,16353.2,-2128.68,2026/01/29 20:23:46
15466,1686.04,16359.1,-2130.15,2026/01/29 20:23:46
15467,1686.15,16355.1,-2128.1,2026/01/29 20:23:47
15468,1686.26,16357.1,-2129.87,2026/01/29 20:23:47
15469,1686.37,16357.3,-2129.16,2026/01/29 20:23:47
15470,1686.48,16355.9,-2129.46,2026/01/29 20:23:47
15471,1686.59,16358.7,-2129.77,2026/01/29 20:23:47
15472,1686.7,16356.1,-2129.75,2026/01/29 20:23:47
15473,1686.81,16358,-2128.53,2026/01/29 20:23:47
15474,1686.92,16355.4,-2130.78,2026/01/29 20:23:47
15475,1687.02,16360.3,-2127.1,2026/01/29 20:23:47
15476,1687.13,16354,-2131.69,2026/01/29 20:23:47
15477,1687.24,16360.7,-2128.87,2026/01/29 20:23:48
15478,1687.35,16355,-2128.78,2026/01/29 20:23:48
15479,1687.46,16358.4,-2130.14,2026/01/29 20:23:48
15480,1687.57,16357.5,-2128.9,2026/01/29 20:23:48
15481,1687.68,16357.9,-2129.71,2026/01/29 20:23:48
15482,1687.79,16358.1,-2129.19,2026/01/29 20:23:48
15483,1687.9,16356.8,-2129.49,2026/01/29 20:23:48
15484,1688.01,16358.3,-2128.58,2026/01/29 20:23:48
15485,1688.11,16357.7,-2129.99,2026/01/29 20:23:48
15486,1688.22,16359.1,-2127.19,2026/01/29 20:23:49
15487,1688.33,16356.7,-2132.25,2026/01/29 20:23:49
15488,1688.44,16360.8,-2126.53,2026/01/29 20:23:49
15489,1688.55,16354.9,-2131.62,2026/01/29 20:23:49
15490,1688.66,16361,-2128.49,2026/01/29 20:23:49
15491,1688.77,16356.2,-2129.2,2026/01/29 20:23:49
15492,1688.88,16359.3,-2129.64,2026/01/29 20:23:49
15493,1688.99,16357.5,-2128.57,2026/01/29 20:23:49
15494,1689.1,16358.9,-2129.97,2026/01/29 20:23:49
15495,1689.21,16359.9,-2128.27,2026/01/29 20:23:50
15496,1689.32,16357.7,-2129.56,2026/01/29 20:23:50
15497,1689.43,16359.4,-2129.21,2026/01/29 20:23:50
15498,1689.53,16358.3,-2130.17,2026/01/29 20:23:50
15499,1689.64,16359.3,-2128.48,2026/01/29 20:23:50
15500,1689.75,16358.1,-2131.98,2026/01/29 20:23:50
15501,1689.86,16360.1,-2127.92,2026/01/29 20:23:50
15502,1689.97,16358.5,-2130.29,2026/01/29 20:23:50
15503,1690.08,16359.7,-2129.67,2026/01/29 20:23:50
15504,1690.19,16359.1,-2129.14,2026/01/29 20:23:51
15505,1690.29,16358.1,-2130.58,2026/01/29 20:23:51
15506,1690.4,16361.7,-2128.62,2026/01/29 20:23:51
15507,1690.51,16357.3,-2129.77,2026/01/29 20:23:51
15508,1690.62,16361.4,-2130.19,2026/01/29 20:23:51
15509,1690.73,16359.7,-2128.53,2026/01/29 20:23:51
15510,1690.84,16360,-2129.77,2026/01/29 20:23:51
15511,1690.95,16360.9,-2130.37,2026/01/29 20:23:51
15512,1691.06,16360.4,-2128.14,2026/01/29 20:23:51
15513,1691.17,16360.5,-2130.92,2026/01/29 20:23:52
15514,1691.28,16360,-2129.59,2026/01/29 20:23:52
15515,1691.39,16362.3,-2129.42,2026/01/29 20:23:52
15516,1691.49,16358.6,-2130.65,2026/01/29 20:23:52
15517,1691.6,16364.1,-2127.85,2026/01/29 20:23:52
15518,1691.71,16357,-2130.12,2026/01/29 20:23:52
15519,1691.82,16364.5,-2130.73,2026/01/29 20:23:52
15520,1691.93,16358.5,-2128.31,2026/01/29 20:23:52
15521,1692.04,16361.9,-2130.67,2026/01/29 20:23:52
15522,1692.15,16359.9,-2129.31,2026/01/29 20:23:53
15523,1692.26,16360.7,-2129.48,2026/01/29 20:23:53
15524,1692.37,16362.4,-2129.17,2026/01/29 20:23:53
15525,1692.47,16360,-2129.71,2026/01/29 20:23:53
15526,1692.58,16362.7,-2129.71,2026/01/29 20:23:53
15527,1692.69,16359.9,-2130.2,2026/01/29 20:23:53
15528,1692.8,16363.9,-2127.89,2026/01/29 20:23:53
15529,1692.91,16358,-2131.69,2026/01/29 20:23:53
15530,1693.02,16364.2,-2128.86,2026/01/29 20:23:53
15531,1693.13,16358.8,-2129.37,2026/01/29 20:23:53
15532,1693.24,16362.6,-2129.61,2026/01/29 20:23:54
15533,1693.34,16361.5,-2129.23,2026/01/29 20:23:54
15534,1693.45,16360.2,-2130.23,2026/01/29 20:23:54
15535,1693.56,16362.1,-2130.54,2026/01/29 20:23:54
15536,1693.67,16361.4,-2129.01,2026/01/29 20:23:54
15537,1693.78,16361.3,-2128.99,2026/01/29 20:23:54
15538,1693.89,16360,-2132.48,2026/01/29 20:23:54
15539,1694,16362.9,-2128.53,2026/01/29 20:23:54
15540,1694.1,16363,-2130.21,2026/01/29 20:23:54
15541,1694.21,16358.1,-2130.44,2026/01/29 20:23:55
15542,1694.32,16362.9,-2128.92,2026/01/29 20:23:55
15543,1694.43,16357.6,-2132.1,2026/01/29 20:23:55
15544,1694.54,16364.4,-2128.73,2026/01/29 20:23:55
15545,1694.65,16357.6,-2130.66,2026/01/29 20:23:55
15546,1694.76,16364.1,-2130.65,2026/01/29 20:23:55
15547,1694.87,16359.5,-2128.62,2026/01/29 20:23:55
15548,1694.98,16362,-2130.48,2026/01/29 20:23:55
15549,1695.09,16361.8,-2130.09,2026/01/29 20:23:55
15550,1695.19,16361,-2129.14,2026/01/29 20:23:56
15551,1695.3,16362.9,-2130.9,2026/01/29 20:23:56
15552,1695.41,16360.5,-2129.81,2026/01/29 20:23:56
15553,1695.52,16362.6,-2129.86,2026/01/29 20:23:56
15554,1695.63,16359.2,-2132.02,2026/01/29 20:23:56
15555,1695.74,16365,-2127.99,2026/01/29 20:23:56
15556,1695.85,16358.1,-2131.73,2026/01/29 20:23:56
15557,1695.96,16364.9,-2130.56,2026/01/29 20:23:56
15558,1696.07,16359.6,-2129.55,2026/01/29 20:23:56
15559,1696.18,16363.8,-2131.06,2026/01/29 20:23:57
15560,1696.28,16362,-2129.94,2026/01/29 20:23:57
15561,1696.39,16362.3,-2130.39,2026/01/29 20:23:57
15562,1696.5,16363.4,-2128.89,2026/01/29 20:23:57
15563,1696.61,16360.9,-2130.38,2026/01/29 20:23:57
15564,1696.72,16363.2,-2129.67,2026/01/29 20:23:57
15565,1696.83,16361,-2130.46,2026/01/29 20:23:57
15566,1696.94,16363.7,-2129.44,2026/01/29 20:23:57
15567,1697.05,16360.2,-2132.35,2026/01/29 20:23:57
15568,1697.16,16365,-2127.76,2026/01/29 20:23:58
15569,1697.27,16359.2,-2132.81,2026/01/29 20:23:58
15570,1697.38,16366,-2128.67,2026/01/29 20:23:58
15571,1697.49,16358.7,-2130.96,2026/01/29 20:23:58
15572,1697.6,16365.4,-2131.09,2026/01/29 20:23:58
15573,1697.7,16360.3,-2129.44,2026/01/29 20:23:58
15574,1697.81,16363.9,-2131.83,2026/01/29 20:23:58
15575,1697.92,16362.5,-2129.85,2026/01/29 20:23:58
15576,1698.03,16361.4,-2131.01,2026/01/29 20:23:58
15577,1698.14,16363.9,-2130.33,2026/01/29 20:23:59
15578,1698.25,16362.2,-2131.28,2026/01/29 20:23:59
15579,1698.36,16362.5,-2130.2,2026/01/29 20:23:59
15580,1698.47,16361.4,-2133.32,2026/01/29 20:23:59
15581,1698.57,16363.6,-2127.95,2026/01/29 20:23:59
15582,1698.68,16361.1,-2132.08,2026/01/29 20:23:59
15583,1698.79,16363,-2130,2026/01/29 20:23:59
15584,1698.9,16362.1,-2131.12,2026/01/29 20:23:59
15585,1699.01,16359.8,-2131.66,2026/01/29 20:23:59
15586,1699.12,16365.1,-2130.36,2026/01/29 20:23:59
15587,1699.23,16358.3,-2130.75,2026/01/29 20:24:00
15588,1699.33,16364.3,-2132.59,2026/01/29 20:24:00
15589,1699.44,16360.2,-2130.27,2026/01/29 20:24:00
15590,1699.55,16362.1,-2131.13,2026/01/29 20:24:00
15591,1699.66,16362.8,-2130.97,2026/01/29 20:24:00
15592,1699.77,16360,-2132.25,2026/01/29 20:24:00
15593,1699.88,16363,-2131.17,2026/01/29 20:24:00
15594,1699.99,16361.6,-2131.77,2026/01/29 20:24:00
15595,1700.1,16362.9,-2129.09,2026/01/29 20:24:00
15596,1700.2,16360.6,-2134.12,2026/01/29 20:24:01
15597,1700.31,16363.9,-2129.32,2026/01/29 20:24:01
15598,1700.42,16360.2,-2132.75,2026/01/29 20:24:01
15599,1700.53,16362.2,-2131.45,2026/01/29 20:24:01
15600,1700.64,16363.2,-2130.63,2026/01/29 20:24:01
15601,1700.75,16358,-2132.72,2026/01/29 20:24:01
15602,1700.85,16365.1,-2132.29,2026/01/29 20:24:01
15603,1700.96,16359.7,-2130.45,2026/01/29 20:24:01
15604,1701.07,16362.9,-2132.68,2026/01/29 20:24:01
15605,1701.18,16362.2,-2131.17,2026/01/29 20:24:02
15606,1701.29,16361.1,-2131.91,2026/01/29 20:24:02
15607,1701.4,16361.9,-2132.36,2026/01/29 20:24:02
15608,1701.51,16360.3,-2131.68,2026/01/29 20:24:02
15609,1701.62,16363.3,-2132.01,2026/01/29 20:24:02
15610,1701.73,16360,-2131.34,2026/01/29 20:24:02
15611,1701.84,16363.3,-2130.86,2026/01/29 20:24:02
15612,1701.94,16358.9,-2134.58,2026/01/29 20:24:02
15613,1702.06,16364.3,-2129.96,2026/01/29 20:24:02
15614,1702.16,16357.8,-2134.01,2026/01/29 20:24:03
15615,1702.27,16365.4,-2131.31,2026/01/29 20:24:03
15616,1702.38,16358.2,-2131.58,2026/01/29 20:24:03
15617,1702.49,16363.8,-2133,2026/01/29 20:24:03
15618,1702.6,16359.6,-2131.14,2026/01/29 20:24:03
15619,1702.71,16361.3,-2132.77,2026/01/29 20:24:03
15620,1702.82,16361.2,-2131.78,2026/01/29 20:24:03
15621,1702.93,16360.2,-2132.89,2026/01/29 20:24:03
15622,1703.04,16363.2,-2131.2,2026/01/29 20:24:03
15623,1703.15,16360.8,-2132.73,2026/01/29 20:24:04
15624,1703.25,16361.5,-2131.58,2026/01/29 20:24:04
15625,1703.36,16361.7,-2133.99,2026/01/29 20:24:04
15626,1703.47,16362.7,-2129.69,2026/01/29 20:24:04
15627,1703.58,16360.3,-2134.97,2026/01/29 20:24:04
15628,1703.69,16362.9,-2130.89,2026/01/29 20:24:04
15629,1703.8,16359.8,-2133.25,2026/01/29 20:24:04
15630,1703.91,16363.1,-2131.24,2026/01/29 20:24:04
15631,1704.02,16360.2,-2132.54,2026/01/29 20:24:04
15632,1704.13,16362.8,-2132.63,2026/01/29 20:24:04
15633,1704.24,16360.6,-2132.22,2026/01/29 20:24:05
15634,1704.35,16362.6,-2133.38,2026/01/29 20:24:05
15635,1704.46,16362.3,-2132.15,2026/01/29 20:24:05
15636,1704.57,16360.8,-2134.18,2026/01/29 20:24:05
15637,1704.68,16363,-2131.62,2026/01/29 20:24:05
15638,1704.79,16360.6,-2132.9,2026/01/29 20:24:05
15639,1704.89,16363.1,-2132.95,2026/01/29 20:24:05
15640,1705,16362.3,-2133.34,2026/01/29 20:24:05
15641,1705.11,16361.7,-2131.93,2026/01/29 20:24:05
15642,1705.22,16361.2,-2134.86,2026/01/29 20:24:06
15643,1705.33,16361.3,-2131.13,2026/01/29 20:24:06
15644,1705.44,16361.3,-2134.16,2026/01/29 20:24:06
15645,1705.55,16362.4,-2131.4,2026/01/29 20:24:06
15646,1705.66,16360.9,-2134.41,2026/01/29 20:24:06
15647,1705.77,16362.2,-2133.44,2026/01/29 20:24:06
15648,1705.88,16362.5,-2132.92,2026/01/29 20:24:06
15649,1705.98,16360.4,-2133.63,2026/01/29 20:24:06
15650,1706.09,16364.4,-2131.67,2026/01/29 20:24:06
15651,1706.2,16360.8,-2134.06,2026/01/29 20:24:07
15652,1706.31,16365.5,-2132.26,2026/01/29 20:24:07
15653,1706.42,16358.8,-2132.83,2026/01/29 20:24:07
15654,1706.53,16364.8,-2134.1,2026/01/29 20:24:07
15655,1706.64,16360.4,-2132.11,2026/01/29 20:24:07
15656,1706.75,16363.1,-2133.78,2026/01/29 20:24:07
15657,1706.86,16362.6,-2132.21,2026/01/29 20:24:07
15658,1706.97,16361.6,-2134.33,2026/01/29 20:24:07
15659,1707.07,16363.9,-2132.87,2026/01/29 20:24:07
15660,1707.18,16363.1,-2132.55,2026/01/29 20:24:08
15661,1707.29,16365.4,-2132.47,2026/01/29 20:24:08
15662,1707.4,16362.1,-2137.05,2026/01/29 20:24:08
15663,1707.51,16325.4,-2131.44,2026/01/29 20:24:08
15664,1707.62,16230.4,-2132.83,2026/01/29 20:24:08
15665,1707.73,16163.1,-2122.52,2026/01/29 20:24:08
15666,1707.84,16154,-2132.39,2026/01/29 20:24:08
15667,1707.95,16193.1,-2139.3,2026/01/29 20:24:08
15668,1708.05,16266.4,-2143.19,2026/01/29 20:24:08
15669,1708.17,16273.8,-2139.23,2026/01/29 20:24:09
15670,1708.27,16319,-2131.29,2026/01/29 20:24:09
15671,1708.38,16323.5,-2132.24,2026/01/29 20:24:09
15672,1708.49,16317.4,-2131.69,2026/01/29 20:24:09
15673,1708.6,16220.3,-2144.65,2026/01/29 20:24:09
15674,1708.71,16176.9,-2140.38,2026/01/29 20:24:09
15675,1708.82,16210.5,-2146.61,2026/01/29 20:24:09
15676,1708.93,16264,-2146.07,2026/01/29 20:24:09
15677,1709.04,16284.7,-2137.47,2026/01/29 20:24:09
15678,1709.14,16321.2,-2131.91,2026/01/29 20:24:10
15679,1709.25,16320,-2134.81,2026/01/29 20:24:10
15680,1709.36,16280.5,-2142.32,2026/01/29 20:24:10
15681,1709.47,16209.5,-2142.16,2026/01/29 20:24:10
15682,1709.58,16162.8,-2140.44,2026/01/29 20:24:10
15683,1709.69,16191.6,-2146.05,2026/01/29 20:24:10
15684,1709.8,16248.3,-2145.36,2026/01/29 20:24:10
15685,1709.91,16288.6,-2139.59,2026/01/29 20:24:10
15686,1710.02,16329.6,-2130.81,2026/01/29 20:24:10
15687,1710.13,16338.8,-2134.86,2026/01/29 20:24:10
15688,1710.24,16251.9,-2145.04,2026/01/29 20:24:11
15689,1710.35,16158,-2143.6,2026/01/29 20:24:11
15690,1710.46,16124.2,-2144.16,2026/01/29 20:24:11
15691,1710.57,16127.1,-2142.68,2026/01/29 20:24:11
15692,1710.67,16094.5,-2135.35,2026/01/29 20:24:11
15693,1710.78,16125.9,-2139.92,2026/01/29 20:24:11
15694,1710.89,16207.4,-2145.54,2026/01/29 20:24:11
15695,1711,16246.1,-2144.6,2026/01/29 20:24:11
15696,1711.11,16272.9,-2135.44,2026/01/29 20:24:11
15697,1711.22,16313.7,-2133.7,2026/01/29 20:24:12
15698,1711.33,16324.9,-2128.26,2026/01/29 20:24:12
15699,1711.44,16324.1,-2135.07,2026/01/29 20:24:12
15700,1711.55,16308.4,-2132.03,2026/01/29 20:24:12
15701,1711.66,16250.4,-2141.21,2026/01/29 20:24:12
15702,1711.76,16191.4,-2139.61,2026/01/29 20:24:12
15703,1711.87,16158.4,-2139.77,2026/01/29 20:24:12
15704,1711.98,16214,-2147.95,2026/01/29 20:24:12
15705,1712.09,16252.2,-2141.62,2026/01/29 20:24:12
15706,1712.2,16278.5,-2140.65,2026/01/29 20:24:13
15707,1712.31,16323,-2128.18,2026/01/29 20:24:13
15708,1712.42,16322.4,-2132.17,2026/01/29 20:24:13
15709,1712.53,16344.5,-2132.09,2026/01/29 20:24:13
15710,1712.64,16258.5,-2141.89,2026/01/29 20:24:13
15711,1712.74,16197.3,-2141.03,2026/01/29 20:24:13
15712,1712.85,16148,-2140.67,2026/01/29 20:24:13
15713,1712.96,16151.8,-2141.75,2026/01/29 20:24:13
15714,1713.07,16221.9,-2144.51,2026/01/29 20:24:13
15715,1713.18,16258,-2142.89,2026/01/29 20:24:14
15716,1713.29,16306.1,-2131.75,2026/01/29 20:24:14
15717,1713.4,16320.9,-2130.76,2026/01/29 20:24:14
15718,1713.51,16346,-2133.52,2026/01/29 20:24:14
15719,1713.62,16257.9,-2141.39,2026/01/29 20:24:14
15720,1713.72,16183.2,-2140.05,2026/01/29 20:24:14
15721,1713.83,16115.7,-2137.54,2026/01/29 20:24:14
15722,1713.94,16154.8,-2144.41,2026/01/29 20:24:14
15723,1714.05,16225.6,-2144.66,2026/01/29 20:24:14
15724,1714.16,16252.4,-2143.14,2026/01/29 20:24:15
15725,1714.27,16317.1,-2131.52,2026/01/29 20:24:15
15726,1714.38,16321.4,-2131.09,2026/01/29 20:24:15
15727,1714.49,16348,-2134.6,2026/01/29 20:24:15
15728,1714.6,16267.7,-2138.85,2026/01/29 20:24:15
15729,1714.71,16216.6,-2140.69,2026/01/29 20:24:15
15730,1714.82,16178.2,-2141.22,2026/01/29 20:24:15
15731,1714.93,16188.4,-2143.1,2026/01/29 20:24:15
15732,1715.04,16209.6,-2147.25,2026/01/29 20:24:15
15733,1715.15,16246.9,-2143.87,2026/01/29 20:24:16
15734,1715.26,16275.3,-2139.32,2026/01/29 20:24:16
15735,1715.36,16312.6,-2130.92,2026/01/29 20:24:16
15736,1715.47,16318.4,-2131.78,2026/01/29 20:24:16
15737,1715.58,16305.8,-2132.85,2026/01/29 20:24:16
15738,1715.69,16240.2,-2140.09,2026/01/29 20:24:16
15739,1715.8,16171,-2140.5,2026/01/29 20:24:16
15740,1715.91,16151.5,-2141.07,2026/01/29 20:24:16
15741,1716.02,16219.8,-2154.5,2026/01/29 20:24:16
15742,1716.13,16243.2,-2141.82,2026/01/29 20:24:16
15743,1716.24,16278.9,-2141.23,2026/01/29 20:24:17
15744,1716.35,16322.8,-2128.18,2026/01/29 20:24:17
15745,1716.46,16322.1,-2133.54,2026/01/29 20:24:17
15746,1716.57,16290.9,-2134.97,2026/01/29 20:24:17
15747,1716.68,16234.9,-2143.94,2026/01/29 20:24:17
15748,1716.78,16174.4,-2139.38,2026/01/29 20:24:17
15749,1716.89,16118.5,-2139.72,2026/01/29 20:24:17
15750,1717,16156.6,-2137.31,2026/01/29 20:24:17
15751,1717.11,16217.1,-2141.37,2026/01/29 20:24:17
15752,1717.22,16252.9,-2144.25,2026/01/29 20:24:18
15753,1717.33,16307.5,-2131.8,2026/01/29 20:24:18
15754,1717.44,16323.6,-2129.63,2026/01/29 20:24:18
15755,1717.55,16328.6,-2133.15,2026/01/29 20:24:18
15756,1717.66,16274.1,-2140.06,2026/01/29 20:24:18
15757,1717.76,16204.5,-2142.79,2026/01/29 20:24:18
15758,1717.87,16136.2,-2138.84,2026/01/29 20:24:18
15759,1717.98,16108.2,-2133.71,2026/01/29 20:24:18
15760,1718.09,16181.6,-2146.69,2026/01/29 20:24:18
15761,1718.2,16219.6,-2143.01,2026/01/29 20:24:19
15762,1718.31,16248.5,-2142.65,2026/01/29 20:24:19
15763,1718.42,16283.2,-2133.16,2026/01/29 20:24:19
15764,1718.52,16312.9,-2129.78,2026/01/29 20:24:19
15765,1718.63,16326.5,-2132.43,2026/01/29 20:24:19
15766,1718.74,16274.6,-2138.06,2026/01/29 20:24:19
15767,1718.85,16219.5,-2139.2,2026/01/29 20:24:19
15768,1718.96,16155.7,-2141.37,2026/01/29 20:24:19
15769,1719.07,16149.4,-2140.24,2026/01/29 20:24:19
15770,1719.18,16192.6,-2154.75,2026/01/29 20:24:20
15771,1719.29,16227.7,-2145.86,2026/01/29 20:24:20
15772,1719.4,16250.9,-2146.23,2026/01/29 20:24:20
15773,1719.51,16310.6,-2132.13,2026/01/29 20:24:20
15774,1719.62,16322.7,-2130.34,2026/01/29 20:24:20
15775,1719.73,16324.9,-2132.58,2026/01/29 20:24:20
15776,1719.84,16296.3,-2134.66,2026/01/29 20:24:20
15777,1719.95,16236.3,-2142.13,2026/01/29 20:24:20
15778,1720.06,16162.3,-2137.57,2026/01/29 20:24:20
15779,1720.16,16143.4,-2144.23,2026/01/29 20:24:21
15780,1720.27,16190.9,-2148.29,2026/01/29 20:24:21
15781,1720.38,16217.6,-2151.42,2026/01/29 20:24:21
15782,1720.49,16260.2,-2140.61,2026/01/29 20:24:21
15783,1720.6,16304.1,-2135.61,2026/01/29 20:24:21
15784,1720.71,16317.8,-2129.06,2026/01/29 20:24:21
15785,1720.82,16327.6,-2134.87,2026/01/29 20:24:21
15786,1720.93,16285.3,-2135.17,2026/01/29 20:24:21
15787,1721.04,16247.3,-2139.69,2026/01/29 20:24:21
15788,1721.15,16196.8,-2138.83,2026/01/29 20:24:22
15789,1721.26,16172.4,-2138.22,2026/01/29 20:24:22
15790,1721.37,16224.9,-2136.69,2026/01/29 20:24:22
15791,1721.47,16244.1,-2143.64,2026/01/29 20:24:22
15792,1721.58,16263.9,-2139.2,2026/01/29 20:24:22
15793,1721.69,16304.6,-2131.84,2026/01/29 20:24:22
15794,1721.8,16312.6,-2130.71,2026/01/29 20:24:22
15795,1721.91,16321.5,-2130.06,2026/01/29 20:24:22
15796,1722.02,16325.4,-2135.15,2026/01/29 20:24:22
15797,1722.13,16257.9,-2138.42,2026/01/29 20:24:22
15798,1722.24,16197.4,-2139.4,2026/01/29 20:24:23
15799,1722.34,16169.8,-2139.78,2026/01/29 20:24:23
15800,1722.45,16194.2,-2146.11,2026/01/29 20:24:23
15801,1722.56,16234.7,-2145.65,2026/01/29 20:24:23
15802,1722.67,16255.8,-2143.33,2026/01/29 20:24:23
15803,1722.78,16279.1,-2133.46,2026/01/29 20:24:23
15804,1722.89,16315.1,-2130.01,2026/01/29 20:24:23
15805,1723,16315.8,-2131.78,2026/01/29 20:24:23
15806,1723.11,16323.9,-2134.46,2026/01/29 20:24:23
15807,1723.22,16256.3,-2139.8,2026/01/29 20:24:24
15808,1723.33,16189.2,-2139.11,2026/01/29 20:24:24
15809,1723.44,16165.2,-2138.28,2026/01/29 20:24:24
15810,1723.55,16195.3,-2144.27,2026/01/29 20:24:24
15811,1723.66,16220.1,-2146.4,2026/01/29 20:24:24
15812,1723.76,16236.2,-2143.13,2026/01/29 20:24:24
15813,1723.87,16274.8,-2138.27,2026/01/29 20:24:24
15814,1723.98,16306.5,-2130.81,2026/01/29 20:24:24
15815,1724.09,16317.2,-2130.52,2026/01/29 20:24:24
15816,1724.2,16339.6,-2136.1,2026/01/29 20:24:25
15817,1724.31,16256.7,-2139.84,2026/01/29 20:24:25
15818,1724.42,16183.7,-2139.16,2026/01/29 20:24:25
15819,1724.53,16146.2,-2139.81,2026/01/29 20:24:25
15820,1724.64,16126.8,-2138.09,2026/01/29 20:24:25
15821,1724.74,16132.3,-2140.03,2026/01/29 20:24:25
15822,1724.85,16224.4,-2143.66,2026/01/29 20:24:25
15823,1724.96,16258.8,-2141.52,2026/01/29 20:24:25
15824,1725.07,16297.6,-2136.02,2026/01/29 20:24:25
15825,1725.18,16320.1,-2131.98,2026/01/29 20:24:26
15826,1725.29,16328.1,-2130.91,2026/01/29 20:24:26
15827,1725.4,16343.4,-2131.58,2026/01/29 20:24:26
15828,1725.51,16258.1,-2134.73,2026/01/29 20:24:26
15829,1725.62,16195.2,-2130.99,2026/01/29 20:24:26
15830,1725.73,16156.2,-2142.65,2026/01/29 20:24:26
15831,1725.83,16192.9,-2141.83,2026/01/29 20:24:26
15832,1725.94,16232.8,-2139.99,2026/01/29 20:24:26
15833,1726.05,16249.9,-2143.64,2026/01/29 20:24:26
15834,1726.16,16274.4,-2135.66,2026/01/29 20:24:27
15835,1726.27,16285,-2131.37,2026/01/29 20:24:27
15836,1726.38,16313.4,-2129.98,2026/01/29 20:24:27
15837,1726.49,16334.2,-2133.63,2026/01/29 20:24:27
15838,1726.6,16262.4,-2134.94,2026/01/29 20:24:27
15839,1726.71,16193.1,-2139.5,2026/01/29 20:24:27
15840,1726.82,16180.3,-2137.03,2026/01/29 20:24:27
15841,1726.93,16202.9,-2144.05,2026/01/29 20:24:27
15842,1727.03,16239.5,-2147.14,2026/01/29 20:24:27
15843,1727.14,16238.2,-2143.58,2026/01/29 20:24:28
15844,1727.25,16272.5,-2138.58,2026/01/29 20:24:28
15845,1727.36,16322.2,-2129.27,2026/01/29 20:24:28
15846,1727.47,16328.2,-2128.52,2026/01/29 20:24:28
15847,1727.58,16334.8,-2131.36,2026/01/29 20:24:28
15848,1727.69,16279.4,-2138.54,2026/01/29 20:24:28
15849,1727.8,16222.4,-2138.29,2026/01/29 20:24:28
15850,1727.91,16155.4,-2140.75,2026/01/29 20:24:28
15851,1728.02,16205.3,-2150.13,2026/01/29 20:24:28
15852,1728.13,16219.7,-2146.23,2026/01/29 20:24:28
15853,1728.24,16236.6,-2147.6,2026/01/29 20:24:29
15854,1728.35,16254,-2142.38,2026/01/29 20:24:29
15855,1728.46,16279,-2134.56,2026/01/29 20:24:29
15856,1728.56,16284.2,-2129.45,2026/01/29 20:24:29
15857,1728.67,16305.1,-2130.73,2026/01/29 20:24:29
15858,1728.78,16332.1,-2134.77,2026/01/29 20:24:29
15859,1728.89,16262.5,-2136.81,2026/01/29 20:24:29
15860,1729,16198.2,-2139.03,2026/01/29 20:24:29
15861,1729.11,16139.4,-2138.76,2026/01/29 20:24:29
15862,1729.22,16175.4,-2148.36,2026/01/29 20:24:30
15863,1729.33,16190.8,-2150.67,2026/01/29 20:24:30
15864,1729.44,16221.9,-2144.94,2026/01/29 20:24:30
15865,1729.55,16257.4,-2140.38,2026/01/29 20:24:30
15866,1729.66,16278,-2131.9,2026/01/29 20:24:30
15867,1729.77,16292.4,-2129.02,2026/01/29 20:24:30
15868,1729.88,16333.7,-2136.15,2026/01/29 20:24:30
15869,1729.99,16259.9,-2136.81,2026/01/29 20:24:30
15870,1730.1,16198.8,-2140.24,2026/01/29 20:24:30
15871,1730.21,16111.7,-2139.42,2026/01/29 20:24:31
15872,1730.32,16114.7,-2141.21,2026/01/29 20:24:31
15873,1730.43,16185.4,-2140.1,2026/01/29 20:24:31
15874,1730.53,16219.4,-2141.46,2026/01/29 20:24:31
15875,1730.64,16262.5,-2136.81,2026/01/29 20:24:31
15876,1730.75,16293.4,-2132,2026/01/29 20:24:31
15877,1730.86,16314.1,-2127.76,2026/01/29 20:24:31
15878,1730.97,16320.4,-2129.48,2026/01/29 20:24:31
15879,1731.08,16341.4,-2133.65,2026/01/29 20:24:31
15880,1731.19,16258.1,-2132.54,2026/01/29 20:24:32
15881,1731.3,16174.1,-2137.33,2026/01/29 20:24:32
15882,1731.41,16121.5,-2133.24,2026/01/29 20:24:32
15883,1731.52,16174,-2145.9,2026/01/29 20:24:32
15884,1731.63,16211.2,-2139.6,2026/01/29 20:24:32
15885,1731.73,16229.1,-2141.83,2026/01/29 20:24:32
15886,1731.84,16268.1,-2136.49,2026/01/29 20:24:32
15887,1731.95,16304.1,-2130.59,2026/01/29 20:24:32
15888,1732.06,16316.2,-2125.83,2026/01/29 20:24:32
15889,1732.17,16318.9,-2130.91,2026/01/29 20:24:33
15890,1732.28,16335.6,-2133.19,2026/01/29 20:24:33
15891,1732.39,16260.5,-2137.11,2026/01/29 20:24:33
15892,1732.5,16186.8,-2137.96,2026/01/29 20:24:33
15893,1732.61,16134.2,-2135.76,2026/01/29 20:24:33
15894,1732.71,16123.4,-2130.06,2026/01/29 20:24:33
15895,1732.82,16172,-2143.47,2026/01/29 20:24:33
15896,1732.93,16209.5,-2142.67,2026/01/29 20:24:33
15897,1733.04,16259.4,-2137.34,2026/01/29 20:24:33
15898,1733.15,16301.8,-2132.43,2026/01/29 20:24:34
15899,1733.26,16321.8,-2125.73,2026/01/29 20:24:34
15900,1733.37,16321,-2133.32,2026/01/29 20:24:34
15901,1733.48,16308.8,-2132.45,2026/01/29 20:24:34
15902,1733.59,16243.7,-2140.55,2026/01/29 20:24:34
15903,1733.7,16168.3,-2137.32,2026/01/29 20:24:34
15904,1733.81,16111.3,-2132.62,2026/01/29 20:24:34
15905,1733.92,16153,-2151.2,2026/01/29 20:24:34
15906,1734.03,16210.2,-2142.45,2026/01/29 20:24:34
15907,1734.13,16240.6,-2142.39,2026/01/29 20:24:34
15908,1734.24,16279.7,-2132.33,2026/01/29 20:24:35
15909,1734.35,16303.8,-2129.07,2026/01/29 20:24:35
15910,1734.46,16323.1,-2128.76,2026/01/29 20:24:35
15911,1734.57,16290.5,-2133.69,2026/01/29 20:24:35
15912,1734.68,16228.5,-2137.28,2026/01/29 20:24:35
15913,1734.79,16133.1,-2134.1,2026/01/29 20:24:35
15914,1734.9,16146.9,-2134.27,2026/01/29 20:24:35
15915,1735.01,16192.2,-2145.75,2026/01/29 20:24:35
15916,1735.12,16209.9,-2146.11,2026/01/29 20:24:35
15917,1735.22,16248.4,-2141.34,2026/01/29 20:24:36
15918,1735.34,16277.2,-2132.43,2026/01/29 20:24:36
15919,1735.44,16294.8,-2130.01,2026/01/29 20:24:36
15920,1735.55,16315.8,-2128.86,2026/01/29 20:24:36
15921,1735.66,16299.7,-2134.34,2026/01/29 20:24:36
15922,1735.77,16233,-2139.57,2026/01/29 20:24:36
15923,1735.88,16151.4,-2136.65,2026/01/29 20:24:36
15924,1735.99,16096,-2129.73,2026/01/29 20:24:36
15925,1736.1,16173,-2149.5,2026/01/29 20:24:36
15926,1736.21,16208.1,-2145.24,2026/01/29 20:24:37
15927,1736.32,16246.4,-2139.73,2026/01/29 20:24:37
15928,1736.43,16274.6,-2130.23,2026/01/29 20:24:37
15929,1736.54,16278.7,-2128.98,2026/01/29 20:24:37
15930,1736.65,16312.6,-2129.67,2026/01/29 20:24:37
15931,1736.76,16271.3,-2134.81,2026/01/29 20:24:37
15932,1736.87,16223.4,-2139.23,2026/01/29 20:24:37
15933,1736.98,16148.8,-2135.72,2026/01/29 20:24:37
15934,1737.09,16133.2,-2134.16,2026/01/29 20:24:37
15935,1737.2,16152.8,-2144.11,2026/01/29 20:24:38
15936,1737.31,16206.6,-2139.11,2026/01/29 20:24:38
15937,1737.42,16224.4,-2141.88,2026/01/29 20:24:38
15938,1737.53,16265.8,-2133.85,2026/01/29 20:24:38
15939,1737.63,16271,-2131.35,2026/01/29 20:24:38
15940,1737.74,16316.1,-2126.61,2026/01/29 20:24:38
15941,1737.85,16327.9,-2137.63,2026/01/29 20:24:38
15942,1737.96,16255.1,-2133.19,2026/01/29 20:24:38
15943,1738.07,16174,-2138.28,2026/01/29 20:24:38
15944,1738.18,16117,-2134.11,2026/01/29 20:24:39
15945,1738.29,16184.1,-2142.15,2026/01/29 20:24:39
15946,1738.4,16207.6,-2145.62,2026/01/29 20:24:39
15947,1738.51,16235.9,-2141.71,2026/01/29 20:24:39
15948,1738.62,16269.6,-2132.12,2026/01/29 20:24:39
15949,1738.73,16302.5,-2129.78,2026/01/29 20:24:39
15950,1738.83,16309.3,-2126.33,2026/01/29 20:24:39
15951,1738.94,16327.2,-2133.42,2026/01/29 20:24:39
15952,1739.05,16243.2,-2137.21,2026/01/29 20:24:39
15953,1739.16,16151,-2136.36,2026/01/29 20:24:40
15954,1739.27,16134.4,-2139.93,2026/01/29 20:24:40
15955,1739.38,16186,-2140.45,2026/01/29 20:24:40
15956,1739.49,16215.8,-2146.68,2026/01/29 20:24:40
15957,1739.6,16246.6,-2141.7,2026/01/29 20:24:40
15958,1739.71,16295.4,-2128.21,2026/01/29 20:24:40
15959,1739.82,16307.5,-2129.96,2026/01/29 20:24:40
15960,1739.93,16328.4,-2131.85,2026/01/29 20:24:40
15961,1740.03,16254.7,-2137.9,2026/01/29 20:24:40
15962,1740.14,16171.5,-2136.61,2026/01/29 20:24:41
15963,1740.25,16085.6,-2129.5,2026/01/29 20:24:41
15964,1740.36,16104.4,-2130.92,2026/01/29 20:24:41
15965,1740.47,16184.1,-2141.83,2026/01/29 20:24:41
15966,1740.58,16223.4,-2141.01,2026/01/29 20:24:41
15967,1740.69,16260,-2134.19,2026/01/29 20:24:41
15968,1740.8,16270.3,-2129.97,2026/01/29 20:24:41
15969,1740.91,16307.9,-2126.12,2026/01/29 20:24:41
15970,1741.02,16323.3,-2135.91,2026/01/29 20:24:41
15971,1741.12,16243.6,-2137.15,2026/01/29 20:24:41
15972,1741.23,16135,-2136.09,2026/01/29 20:24:42
15973,1741.34,16098.2,-2124.84,2026/01/29 20:24:42
15974,1741.45,16168.2,-2146.02,2026/01/29 20:24:42
15975,1741.56,16213.1,-2143.01,2026/01/29 20:24:42
15976,1741.67,16239.2,-2137.92,2026/01/29 20:24:42
15977,1741.78,16269.2,-2130.41,2026/01/29 20:24:42
15978,1741.89,16281.2,-2129.05,2026/01/29 20:24:42
15979,1742,16318,-2129.79,2026/01/29 20:24:42
15980,1742.11,16282.1,-2132.55,2026/01/29 20:24:42
15981,1742.22,16213.6,-2136.26,2026/01/29 20:24:43
15982,1742.32,16121.4,-2135.08,2026/01/29 20:24:43
15983,1742.43,16171.4,-2144.33,2026/01/29 20:24:43
15984,1742.54,16217.6,-2140.81,2026/01/29 20:24:43
15985,1742.65,16231.4,-2140.97,2026/01/29 20:24:43
15986,1742.76,16264.2,-2134.03,2026/01/29 20:24:43
15987,1742.87,16287.7,-2128.43,2026/01/29 20:24:43
15988,1742.98,16324.6,-2135.13,2026/01/29 20:24:43
15989,1743.09,16262.8,-2134.82,2026/01/29 20:24:43
15990,1743.2,16214.5,-2139.98,2026/01/29 20:24:44
15991,1743.3,16140.6,-2133.85,2026/01/29 20:24:44
15992,1743.41,16141.2,-2132.59,2026/01/29 20:24:44
15993,1743.52,16168.4,-2146.38,2026/01/29 20:24:44
15994,1743.63,16193.3,-2138.69,2026/01/29 20:24:44
15995,1743.74,16237.9,-2141.56,2026/01/29 20:24:44
15996,1743.85,16280.3,-2130.1,2026/01/29 20:24:44
15997,1743.96,16284.1,-2127.76,2026/01/29 20:24:44
15998,1744.07,16313.3,-2127.16,2026/01/29 20:24:44
15999,1744.18,16304.8,-2134.91,2026/01/29 20:24:45
16000,1744.29,16241.3,-2132.45,2026/01/29 20:24:45
16001,1744.4,16142.1,-2134.68,2026/01/29 20:24:45
16002,1744.51,16093.2,-2129.86,2026/01/29 20:24:45
16003,1744.61,16176.9,-2146.74,2026/01/29 20:24:45
16004,1744.72,16220.9,-2137.04,2026/01/29 20:24:45
16005,1744.83,16262.8,-2133.04,2026/01/29 20:24:45
16006,1744.94,16305.5,-2129.23,2026/01/29 20:24:45
16007,1745.05,16319.6,-2127.04,2026/01/29 20:24:45
16008,1745.16,16332.4,-2131.61,2026/01/29 20:24:46
16009,1745.27,16272.5,-2132.96,2026/01/29 20:24:46
16010,1745.38,16218.5,-2133.27,2026/01/29 20:24:46
16011,1745.49,16133.2,-2132.77,2026/01/29 20:24:46
16012,1745.59,16159.7,-2132.37,2026/01/29 20:24:46
16013,1745.7,16215.1,-2143.28,2026/01/29 20:24:46
16014,1745.81,16232.2,-2138.86,2026/01/29 20:24:46
16015,1745.92,16263.1,-2135.78,2026/01/29 20:24:46
16016,1746.03,16282.4,-2127.2,2026/01/29 20:24:46
16017,1746.14,16295.6,-2128.86,2026/01/29 20:24:47
16018,1746.25,16316.1,-2125.16,2026/01/29 20:24:47
16019,1746.36,16322.4,-2137.14,2026/01/29 20:24:47
16020,1746.47,16284.2,-2125.05,2026/01/29 20:24:47
16021,1746.58,16236.8,-2131.39,2026/01/29 20:24:47
16022,1746.69,16181.6,-2129.77,2026/01/29 20:24:47
16023,1746.79,16091.5,-2124.81,2026/01/29 20:24:47
16024,1746.9,16080.9,-2129.44,2026/01/29 20:24:47
16025,1747.01,16197.3,-2143.3,2026/01/29 20:24:47
16026,1747.12,16231.5,-2138.89,2026/01/29 20:24:47
16027,1747.23,16262.4,-2133.38,2026/01/29 20:24:48
16028,1747.34,16269.6,-2127.75,2026/01/29 20:24:48
16029,1747.45,16307.2,-2130.97,2026/01/29 20:24:48
16030,1747.56,16325.7,-2133.54,2026/01/29 20:24:48
16031,1747.67,16297,-2125.69,2026/01/29 20:24:48
16032,1747.78,16244.1,-2122.09,2026/01/29 20:24:48
16033,1747.88,16102.9,-2120.41,2026/01/29 20:24:48
16034,1747.99,16055.8,-2119,2026/01/29 20:24:48
16035,1748.1,16107.4,-2136.71,2026/01/29 20:24:48
16036,1748.21,16206.3,-2138.58,2026/01/29 20:24:49
16037,1748.32,16230.4,-2138.26,2026/01/29 20:24:49
16038,1748.43,16259.3,-2131.79,2026/01/29 20:24:49
16039,1748.54,16270.8,-2127.41,2026/01/29 20:24:49
16040,1748.65,16336.6,-2135.39,2026/01/29 20:24:49
16041,1748.76,16261.2,-2125.54,2026/01/29 20:24:49
16042,1748.87,16225.8,-2128.4,2026/01/29 20:24:49
16043,1748.98,16136.1,-2128.2,2026/01/29 20:24:49
16044,1749.09,16145.6,-2135.84,2026/01/29 20:24:49
16045,1749.2,16212.2,-2138.47,2026/01/29 20:24:50
16046,1749.31,16235.7,-2136.32,2026/01/29 20:24:50
16047,1749.42,16260.1,-2135.67,2026/01/29 20:24:50
16048,1749.52,16272.2,-2129.01,2026/01/29 20:24:50
16049,1749.63,16339.5,-2129.83,2026/01/29 20:24:50
16050,1749.74,16293.2,-2134.56,2026/01/29 20:24:50
16051,1749.85,16247.9,-2131.43,2026/01/29 20:24:50
16052,1749.96,16166,-2129.66,2026/01/29 20:24:50
16053,1750.07,16101.5,-2125.82,2026/01/29 20:24:50
16054,1750.18,16190.3,-2133.83,2026/01/29 20:24:51
16055,1750.29,16219.8,-2142.71,2026/01/29 20:24:51
16056,1750.4,16236.2,-2139.6,2026/01/29 20:24:51
16057,1750.51,16260.6,-2133.85,2026/01/29 20:24:51
16058,1750.62,16272.3,-2127.41,2026/01/29 20:24:51
16059,1750.72,16325.4,-2132.7,2026/01/29 20:24:51
16060,1750.84,16294.1,-2132.03,2026/01/29 20:24:51
16061,1750.94,16239.6,-2135.25,2026/01/29 20:24:51
16062,1751.05,16207.3,-2127.19,2026/01/29 20:24:51
16063,1751.16,16171.7,-2133.17,2026/01/29 20:24:52
16064,1751.27,16193.9,-2129.65,2026/01/29 20:24:52
16065,1751.38,16230.2,-2140.48,2026/01/29 20:24:52
16066,1751.49,16248.9,-2138.11,2026/01/29 20:24:52
16067,1751.6,16273.5,-2133.73,2026/01/29 20:24:52
16068,1751.71,16278,-2128.25,2026/01/29 20:24:52
16069,1751.82,16322.9,-2131.53,2026/01/29 20:24:52
16070,1751.93,16275.6,-2126.7,2026/01/29 20:24:52
16071,1752.04,16213.6,-2119.01,2026/01/29 20:24:52
16072,1752.15,16159.4,-2130.36,2026/01/29 20:24:53
16073,1752.25,16121.8,-2119.02,2026/01/29 20:24:53
16074,1752.36,16121,-2125.57,2026/01/29 20:24:53
16075,1752.47,16206.7,-2133.32,2026/01/29 20:24:53
16076,1752.58,16249.9,-2138.44,2026/01/29 20:24:53
16077,1752.69,16279.7,-2129.47,2026/01/29 20:24:53
16078,1752.8,16283.7,-2129.59,2026/01/29 20:24:53
16079,1752.91,16324.5,-2129.21,2026/01/29 20:24:53
16080,1753.02,16302.2,-2133.14,2026/01/29 20:24:53
16081,1753.13,16246.7,-2128.41,2026/01/29 20:24:53
16082,1753.24,16147.5,-2126.42,2026/01/29 20:24:54
16083,1753.35,16115.5,-2121.94,2026/01/29 20:24:54
16084,1753.45,16163.1,-2137.32,2026/01/29 20:24:54
16085,1753.56,16221.4,-2140.71,2026/01/29 20:24:54
16086,1753.67,16263.9,-2138.19,2026/01/29 20:24:54
16087,1753.78,16282.3,-2126.02,2026/01/29 20:24:54
16088,1753.89,16295.8,-2124.71,2026/01/29 20:24:54
16089,1754,16316.4,-2124.12,2026/01/29 20:24:54
16090,1754.11,16319.3,-2134.14,2026/01/29 20:24:54
16091,1754.22,16245.5,-2129.8,2026/01/29 20:24:55
16092,1754.33,16186,-2126.8,2026/01/29 20:24:55
16093,1754.44,16127.4,-2122.93,2026/01/29 20:24:55
16094,1754.55,16187,-2136.31,2026/01/29 20:24:55
16095,1754.66,16226.1,-2138.08,2026/01/29 20:24:55
16096,1754.77,16266,-2136.19,2026/01/29 20:24:55
16097,1754.87,16295.4,-2128.68,2026/01/29 20:24:55
16098,1754.98,16314.8,-2124.47,2026/01/29 20:24:55
16099,1755.09,16321.3,-2126.57,2026/01/29 20:24:55
16100,1755.2,16281.2,-2128.83,2026/01/29 20:24:56
16101,1755.31,16224.3,-2135.87,2026/01/29 20:24:56
16102,1755.42,16129.2,-2134.19,2026/01/29 20:24:56
16103,1755.53,16142.8,-2141.67,2026/01/29 20:24:56
16104,1755.64,16238.1,-2146.13,2026/01/29 20:24:56
16105,1755.74,16250.5,-2139.63,2026/01/29 20:24:56
16106,1755.85,16275.8,-2126.69,2026/01/29 20:24:56
16107,1755.96,16289.8,-2125.92,2026/01/29 20:24:56
16108,1756.07,16302.7,-2122.5,2026/01/29 20:24:56
16109,1756.18,16324.8,-2129.24,2026/01/29 20:24:57
16110,1756.29,16251.5,-2131.23,2026/01/29 20:24:57
16111,1756.4,16192.4,-2135.33,2026/01/29 20:24:57
16112,1756.51,16179.1,-2140.87,2026/01/29 20:24:57
16113,1756.62,16226.5,-2145.68,2026/01/29 20:24:57
16114,1756.73,16234.6,-2137.43,2026/01/29 20:24:57
16115,1756.84,16255.9,-2135.95,2026/01/29 20:24:57
16116,1756.94,16264.7,-2127.8,2026/01/29 20:24:57
16117,1757.05,16296.9,-2129.67,2026/01/29 20:24:57
16118,1757.16,16306.2,-2134.94,2026/01/29 20:24:58
16119,1757.27,16255.5,-2132.84,2026/01/29 20:24:58
16120,1757.38,16226.2,-2134.49,2026/01/29 20:24:58
16121,1757.49,16210.7,-2139.27,2026/01/29 20:24:58
16122,1757.6,16227,-2142.8,2026/01/29 20:24:58
16123,1757.71,16232.9,-2140.66,2026/01/29 20:24:58
16124,1757.82,16260,-2132.26,2026/01/29 20:24:58
16125,1757.93,16268.3,-2129.8,2026/01/29 20:24:58
16126,1758.03,16284.1,-2125.04,2026/01/29 20:24:58
16127,1758.14,16322.4,-2134.1,2026/01/29 20:24:59
16128,1758.25,16255.9,-2133.04,2026/01/29 20:24:59
16129,1758.36,16212.5,-2138.31,2026/01/29 20:24:59
16130,1758.47,16163.1,-2137.23,2026/01/29 20:24:59
16131,1758.58,16195.4,-2141.5,2026/01/29 20:24:59
16132,1758.69,16243.1,-2145.05,2026/01/29 20:24:59
16133,1758.8,16232.6,-2137.78,2026/01/29 20:24:59
16134,1758.91,16251.5,-2134.83,2026/01/29 20:24:59
16135,1759.02,16266.2,-2129.42,2026/01/29 20:24:59
16136,1759.13,16314.4,-2127.72,2026/01/29 20:24:59
16137,1759.24,16277.7,-2133.16,2026/01/29 20:25:00
16138,1759.35,16233.2,-2134.44,2026/01/29 20:25:00
16139,1759.46,16203,-2138.06,2026/01/29 20:25:00
16140,1759.56,16202,-2141.97,2026/01/29 20:25:00
16141,1759.67,16235.8,-2144.8,2026/01/29 20:25:00
16142,1759.78,16239.3,-2138.37,2026/01/29 20:25:00
16143,1759.89,16263.7,-2129.23,2026/01/29 20:25:00
16144,1760,16270.7,-2126.64,2026/01/29 20:25:00
16145,1760.11,16318.5,-2129.03,2026/01/29 20:25:00
16146,1760.22,16267.2,-2132.63,2026/01/29 20:25:01
16147,1760.33,16231.7,-2134.78,2026/01/29 20:25:01
16148,1760.44,16176.1,-2135.72,2026/01/29 20:25:01
16149,1760.55,16158.8,-2139.94,2026/01/29 20:25:01
16150,1760.66,16182.3,-2142.48,2026/01/29 20:25:01
16151,1760.76,16245.8,-2155.85,2026/01/29 20:25:01
16152,1760.87,16250.5,-2136.54,2026/01/29 20:25:01
16153,1760.98,16267.9,-2130.46,2026/01/29 20:25:01
16154,1761.09,16274.4,-2127.13,2026/01/29 20:25:01
16155,1761.2,16322.3,-2130.42,2026/01/29 20:25:02
16156,1761.31,16261.6,-2133.43,2026/01/29 20:25:02
16157,1761.42,16235.8,-2136.41,2026/01/29 20:25:02
16158,1761.53,16176.6,-2136.97,2026/01/29 20:25:02
16159,1761.63,16129.9,-2138.19,2026/01/29 20:25:02
16160,1761.74,16119.4,-2137.48,2026/01/29 20:25:02
16161,1761.85,16163.2,-2144.25,2026/01/29 20:25:02
16162,1761.96,16239.5,-2154.96,2026/01/29 20:25:02
16163,1762.07,16225.9,-2139.5,2026/01/29 20:25:02
16164,1762.18,16257.2,-2132.04,2026/01/29 20:25:03
16165,1762.29,16259,-2130.3,2026/01/29 20:25:03
16166,1762.4,16300.3,-2124.5,2026/01/29 20:25:03
16167,1762.51,16317.9,-2134.69,2026/01/29 20:25:03
16168,1762.62,16265.5,-2131.77,2026/01/29 20:25:03
16169,1762.72,16232.5,-2136.49,2026/01/29 20:25:03
16170,1762.83,16178.5,-2139.58,2026/01/29 20:25:03
16171,1762.94,16129.2,-2139.61,2026/01/29 20:25:03
16172,1763.05,16148.3,-2144.06,2026/01/29 20:25:03
16173,1763.16,16200.5,-2150.05,2026/01/29 20:25:04
16174,1763.27,16237.9,-2140.4,2026/01/29 20:25:04
16175,1763.38,16229.5,-2137.91,2026/01/29 20:25:04
16176,1763.49,16246.7,-2132.52,2026/01/29 20:25:04
16177,1763.6,16289.8,-2130.08,2026/01/29 20:25:04
16178,1763.71,16299.1,-2136.28,2026/01/29 20:25:04
16179,1763.81,16243.3,-2133.83,2026/01/29 20:25:04
16180,1763.92,16209.9,-2136.64,2026/01/29 20:25:04
16181,1764.03,16168.7,-2140.13,2026/01/29 20:25:04
16182,1764.14,16168.7,-2140.12,2026/01/29 20:25:05
16183,1764.25,16183.9,-2141.76,2026/01/29 20:25:05
16184,1764.36,16221.4,-2153.81,2026/01/29 20:25:05
16185,1764.47,16226.8,-2136.89,2026/01/29 20:25:05
16186,1764.58,16257.4,-2134.65,2026/01/29 20:25:05
16187,1764.69,16267.8,-2126.26,2026/01/29 20:25:05
16188,1764.8,16304.1,-2127.21,2026/01/29 20:25:05
16189,1764.91,16308,-2132.19,2026/01/29 20:25:05
16190,1765.02,16247.1,-2134.2,2026/01/29 20:25:05
16191,1765.13,16200.5,-2138.36,2026/01/29 20:25:05
16192,1765.23,16139.4,-2137.03,2026/01/29 20:25:06
16193,1765.34,16119.3,-2139.09,2026/01/29 20:25:06
16194,1765.45,16162.4,-2144.01,2026/01/29 20:25:06
16195,1765.56,16221.9,-2150.85,2026/01/29 20:25:06
16196,1765.67,16222.4,-2138,2026/01/29 20:25:06
16197,1765.78,16240.8,-2134.85,2026/01/29 20:25:06
16198,1765.89,16247.4,-2132.84,2026/01/29 20:25:06
16199,1766,16274.7,-2128.01,2026/01/29 20:25:06
16200,1766.11,16314.4,-2133.16,2026/01/29 20:25:06
16201,1766.22,16265.6,-2132.18,2026/01/29 20:25:07
16202,1766.32,16225.7,-2136.45,2026/01/29 20:25:07
16203,1766.43,16173.2,-2136.75,2026/01/29 20:25:07
16204,1766.54,16141.2,-2137.63,2026/01/29 20:25:07
16205,1766.65,16123.6,-2137.78,2026/01/29 20:25:07
16206,1766.76,16112.7,-2135.82,2026/01/29 20:25:07
16207,1766.87,16111.7,-2138.65,2026/01/29 20:25:07
16208,1766.98,16199.1,-2142.08,2026/01/29 20:25:07
16209,1767.09,16208.9,-2142.39,2026/01/29 20:25:07
16210,1767.2,16236.3,-2135.51,2026/01/29 20:25:08
16211,1767.31,16256.3,-2132.43,2026/01/29 20:25:08
16212,1767.42,16309.8,-2127.01,2026/01/29 20:25:08
16213,1767.52,16294.2,-2135.35,2026/01/29 20:25:08
16214,1767.63,16233.6,-2133.26,2026/01/29 20:25:08
16215,1767.74,16179.8,-2135.53,2026/01/29 20:25:08
16216,1767.85,16124.5,-2137.7,2026/01/29 20:25:08
16217,1767.96,16109.4,-2137.73,2026/01/29 20:25:08
16218,1768.07,16136.5,-2142.63,2026/01/29 20:25:08
16219,1768.18,16215.8,-2144.92,2026/01/29 20:25:09
16220,1768.29,16231.8,-2138.15,2026/01/29 20:25:09
16221,1768.4,16264.9,-2130.65,2026/01/29 20:25:09
16222,1768.51,16303.8,-2126.84,2026/01/29 20:25:09
16223,1768.62,16327,-2130.31,2026/01/29 20:25:09
16224,1768.73,16258.7,-2135.65,2026/01/29 20:25:09
16225,1768.84,16212.4,-2136.96,2026/01/29 20:25:09
16226,1768.94,16142.7,-2133.7,2026/01/29 20:25:09
16227,1769.05,16115.5,-2135.38,2026/01/29 20:25:09
16228,1769.16,16146.8,-2138.76,2026/01/29 20:25:10
16229,1769.27,16202.3,-2144.12,2026/01/29 20:25:10
16230,1769.38,16246.8,-2139.31,2026/01/29 20:25:10
16231,1769.49,16250.3,-2137.48,2026/01/29 20:25:10
16232,1769.6,16268.4,-2129,2026/01/29 20:25:10
16233,1769.71,16316.7,-2131.66,2026/01/29 20:25:10
16234,1769.82,16256.1,-2134.72,2026/01/29 20:25:10
16235,1769.93,16227.2,-2135.73,2026/01/29 20:25:10
16236,1770.04,16171.2,-2134.92,2026/01/29 20:25:10
16237,1770.14,16155,-2135.19,2026/01/29 20:25:11
16238,1770.25,16164.4,-2139.42,2026/01/29 20:25:11
16239,1770.36,16190.6,-2136.87,2026/01/29 20:25:11
16240,1770.47,16228.1,-2156.29,2026/01/29 20:25:11
16241,1770.58,16228.3,-2139.38,2026/01/29 20:25:11
16242,1770.69,16257.7,-2132.3,2026/01/29 20:25:11
16243,1770.8,16268.9,-2127.81,2026/01/29 20:25:11
16244,1770.91,16314.2,-2126.88,2026/01/29 20:25:11
16245,1771.02,16306.9,-2135.82,2026/01/29 20:25:11
16246,1771.13,16251.7,-2135.02,2026/01/29 20:25:11
16247,1771.24,16211.6,-2137.92,2026/01/29 20:25:12
16248,1771.34,16140,-2135.35,2026/01/29 20:25:12
16249,1771.46,16097.3,-2137.54,2026/01/29 20:25:12
16250,1771.56,16159.3,-2140.96,2026/01/29 20:25:12
16251,1771.67,16231.4,-2148.57,2026/01/29 20:25:12
16252,1771.78,16232.4,-2136.61,2026/01/29 20:25:12
16253,1771.89,16255.7,-2131.73,2026/01/29 20:25:12
16254,1772,16261.5,-2125.58,2026/01/29 20:25:12
16255,1772.11,16268.5,-2128.21,2026/01/29 20:25:12
16256,1772.22,16313.4,-2127.93,2026/01/29 20:25:13
16257,1772.33,16276.5,-2134.42,2026/01/29 20:25:13
16258,1772.44,16230.6,-2134.5,2026/01/29 20:25:13
16259,1772.54,16148.3,-2135.35,2026/01/29 20:25:13
16260,1772.65,16092,-2138.09,2026/01/29 20:25:13
16261,1772.76,16133.9,-2142.23,2026/01/29 20:25:13
16262,1772.87,16210.4,-2151.07,2026/01/29 20:25:13
16263,1772.98,16235.8,-2136.36,2026/01/29 20:25:13
16264,1773.09,16246.5,-2135.19,2026/01/29 20:25:13
16265,1773.2,16263.1,-2123.91,2026/01/29 20:25:14
16266,1773.31,16297.3,-2128.43,2026/01/29 20:25:14
16267,1773.42,16314,-2130.92,2026/01/29 20:25:14
16268,1773.53,16238.3,-2136.04,2026/01/29 20:25:14
16269,1773.64,16173.3,-2135.31,2026/01/29 20:25:14
16270,1773.75,16103.1,-2139.37,2026/01/29 20:25:14
16271,1773.85,16113.8,-2141.35,2026/01/29 20:25:14
16272,1773.96,16183.3,-2142.87,2026/01/29 20:25:14
16273,1774.07,16224.5,-2142.46,2026/01/29 20:25:14
16274,1774.18,16238.1,-2136.38,2026/01/29 20:25:15
16275,1774.29,16256.9,-2128.44,2026/01/29 20:25:15
16276,1774.4,16298.5,-2124.18,2026/01/29 20:25:15
16277,1774.51,16313,-2132.73,2026/01/29 20:25:15
16278,1774.62,16242.9,-2134.99,2026/01/29 20:25:15
16279,1774.73,16149.2,-2135.16,2026/01/29 20:25:15
16280,1774.84,16084.9,-2138.44,2026/01/29 20:25:15
16281,1774.94,16111.5,-2140.12,2026/01/29 20:25:15
16282,1775.05,16200.8,-2139.53,2026/01/29 20:25:15
16283,1775.16,16237.4,-2142.46,2026/01/29 20:25:16
16284,1775.27,16238.4,-2137.09,2026/01/29 20:25:16
16285,1775.38,16261.3,-2126.87,2026/01/29 20:25:16
16286,1775.49,16316.6,-2130.47,2026/01/29 20:25:16
16287,1775.6,16245.9,-2134.86,2026/01/29 20:25:16
16288,1775.71,16203.2,-2137.45,2026/01/29 20:25:16
16289,1775.82,16104,-2136.64,2026/01/29 20:25:16
16290,1775.93,16068.4,-2138.18,2026/01/29 20:25:16
16291,1776.04,16168.8,-2142.75,2026/01/29 20:25:16
16292,1776.15,16225.5,-2146.28,2026/01/29 20:25:17
16293,1776.25,16229.6,-2138.46,2026/01/29 20:25:17
16294,1776.36,16258.7,-2128.44,2026/01/29 20:25:17
16295,1776.47,16263.7,-2124.9,2026/01/29 20:25:17
16296,1776.58,16301.7,-2124.61,2026/01/29 20:25:17
16297,1776.69,16290.6,-2133.29,2026/01/29 20:25:17
16298,1776.8,16228,-2132.01,2026/01/29 20:25:17
16299,1776.91,16145.4,-2137.42,2026/01/29 20:25:17
16300,1777.02,16116.8,-2137.73,2026/01/29 20:25:17
16301,1777.12,16164,-2140.42,2026/01/29 20:25:17
16302,1777.23,16233.3,-2147.08,2026/01/29 20:25:18
16303,1777.34,16232.2,-2137.06,2026/01/29 20:25:18
16304,1777.45,16267.5,-2128.36,2026/01/29 20:25:18
16305,1777.56,16299.7,-2123.68,2026/01/29 20:25:18
16306,1777.67,16316.9,-2132.08,2026/01/29 20:25:18
16307,1777.78,16241.3,-2134.43,2026/01/29 20:25:18
16308,1777.89,16177.2,-2135.08,2026/01/29 20:25:18
16309,1778,16121.2,-2139.15,2026/01/29 20:25:18
16310,1778.11,16133.2,-2142.02,2026/01/29 20:25:18
16311,1778.22,16193.7,-2143.65,2026/01/29 20:25:19
16312,1778.32,16236.9,-2141.04,2026/01/29 20:25:19
16313,1778.43,16240.3,-2134.84,2026/01/29 20:25:19
16314,1778.54,16281.5,-2126.6,2026/01/29 20:25:19
16315,1778.65,16300.1,-2126.49,2026/01/29 20:25:19
16316,1778.76,16298.8,-2129.63,2026/01/29 20:25:19
16317,1778.87,16227.7,-2138.51,2026/01/29 20:25:19
16318,1778.98,16155.6,-2134.36,2026/01/29 20:25:19
16319,1779.09,16119.5,-2141.66,2026/01/29 20:25:19
16320,1779.2,16181.5,-2144.79,2026/01/29 20:25:20
16321,1779.3,16235.1,-2143.01,2026/01/29 20:25:20
16322,1779.41,16233.5,-2136.86,2026/01/29 20:25:20
16323,1779.52,16258,-2128.6,2026/01/29 20:25:20
16324,1779.63,16294.2,-2126.88,2026/01/29 20:25:20
16325,1779.74,16298.2,-2133.47,2026/01/29 20:25:20
16326,1779.85,16230.7,-2135.96,2026/01/29 20:25:20
16327,1779.96,16168.8,-2137.06,2026/01/29 20:25:20
16328,1780.07,16122.2,-2140.17,2026/01/29 20:25:20
16329,1780.18,16127.2,-2141.65,2026/01/29 20:25:21
16330,1780.29,16166,-2145.18,2026/01/29 20:25:21
16331,1780.4,16206.1,-2139.33,2026/01/29 20:25:21
16332,1780.5,16237.4,-2138.96,2026/01/29 20:25:21
16333,1780.61,16276.8,-2127.35,2026/01/29 20:25:21
16334,1780.72,16309.5,-2128.07,2026/01/29 20:25:21
16335,1780.83,16247.5,-2134.3,2026/01/29 20:25:21
16336,1780.94,16196.4,-2138.42,2026/01/29 20:25:21
16337,1781.05,16147.2,-2140.63,2026/01/29 20:25:21
16338,1781.16,16167.9,-2143.17,2026/01/29 20:25:22
16339,1781.27,16201,-2147.8,2026/01/29 20:25:22
16340,1781.38,16227.5,-2137.55,2026/01/29 20:25:22
16341,1781.48,16258,-2132.32,2026/01/29 20:25:22
16342,1781.6,16298.9,-2123.81,2026/01/29 20:25:22
16343,1781.7,16300.3,-2124.95,2026/01/29 20:25:22
16344,1781.81,16319.2,-2130.3,2026/01/29 20:25:22
16345,1781.92,16243.7,-2134.95,2026/01/29 20:25:22
16346,1782.03,16177.1,-2136.11,2026/01/29 20:25:22
16347,1782.14,16140.4,-2137.21,2026/01/29 20:25:23
16348,1782.25,16180.8,-2143.29,2026/01/29 20:25:23
16349,1782.36,16232.6,-2133.43,2026/01/29 20:25:23
16350,1782.46,16250.5,-2133.17,2026/01/29 20:25:23
16351,1782.57,16302.2,-2125.4,2026/01/29 20:25:23
16352,1782.68,16300,-2124.62,2026/01/29 20:25:23
16353,1782.79,16284.3,-2131.52,2026/01/29 20:25:23
16354,1782.9,16213.3,-2138.05,2026/01/29 20:25:23
16355,1783.01,16118.7,-2137.04,2026/01/29 20:25:23
16356,1783.12,16123.2,-2140.76,2026/01/29 20:25:23
16357,1783.23,16185.9,-2145.92,2026/01/29 20:25:24
16358,1783.34,16218.3,-2138.15,2026/01/29 20:25:24
16359,1783.45,16244.4,-2134.52,2026/01/29 20:25:24
16360,1783.56,16263.6,-2126.12,2026/01/29 20:25:24
16361,1783.66,16299,-2126.76,2026/01/29 20:25:24
16362,1783.78,16296.6,-2129.58,2026/01/29 20:25:24
16363,1783.89,16224.3,-2137.35,2026/01/29 20:25:24
16364,1783.99,16144.9,-2137.41,2026/01/29 20:25:24
16365,1784.1,16091.6,-2137.26,2026/01/29 20:25:24
16366,1784.21,16154.6,-2143.33,2026/01/29 20:25:25
16367,1784.32,16232.4,-2151.39,2026/01/29 20:25:25
16368,1784.43,16229.8,-2138.14,2026/01/29 20:25:25
16369,1784.54,16258.6,-2131.11,2026/01/29 20:25:25
16370,1784.65,16303.3,-2126.31,2026/01/29 20:25:25
16371,1784.76,16304.2,-2135.15,2026/01/29 20:25:25
16372,1784.87,16236.7,-2132.95,2026/01/29 20:25:25
16373,1784.98,16211.4,-2132.72,2026/01/29 20:25:25
16374,1785.08,16159.3,-2135.49,2026/01/29 20:25:25
16375,1785.19,16159.3,-2136.36,2026/01/29 20:25:26
16376,1785.3,16190.3,-2137.07,2026/01/29 20:25:26
16377,1785.41,16250.4,-2144.65,2026/01/29 20:25:26
16378,1785.52,16252.8,-2136.55,2026/01/29 20:25:26
16379,1785.63,16276.2,-2127.12,2026/01/29 20:25:26
16380,1785.74,16307.6,-2127.97,2026/01/29 20:25:26
16381,1785.85,16306.4,-2135.25,2026/01/29 20:25:26
16382,1785.95,16245.5,-2134.67,2026/01/29 20:25:26
16383,1786.06,16187.6,-2134.76,2026/01/29 20:25:26
16384,1786.17,16144.1,-2132.53,2026/01/29 20:25:27
16385,1786.28,16180.8,-2140.41,2026/01/29 20:25:27
16386,1786.39,16250.5,-2145.93,2026/01/29 20:25:27
16387,1786.5,16235.8,-2138.04,2026/01/29 20:25:27
16388,1786.61,16291.5,-2128.6,2026/01/29 20:25:27
16389,1786.72,16310.8,-2125.59,2026/01/29 20:25:27
16390,1786.83,16313.8,-2133.18,2026/01/29 20:25:27
16391,1786.94,16246.9,-2132.94,2026/01/29 20:25:27
16392,1787.04,16191,-2132.75,2026/01/29 20:25:27
16393,1787.15,16123.4,-2133.81,2026/01/29 20:25:28
16394,1787.26,16116.6,-2135.85,2026/01/29 20:25:28
16395,1787.37,16191.4,-2137.96,2026/01/29 20:25:28
16396,1787.48,16235.9,-2141.94,2026/01/29 20:25:28
16397,1787.59,16260.7,-2132.87,2026/01/29 20:25:28
16398,1787.7,16298.1,-2127.59,2026/01/29 20:25:28
16399,1787.81,16323.9,-2127.53,2026/01/29 20:25:28
16400,1787.92,16292.5,-2131.84,2026/01/29 20:25:28
16401,1788.03,16233.5,-2135.63,2026/01/29 20:25:28
16402,1788.13,16148.6,-2131.45,2026/01/29 20:25:28
16403,1788.24,16146.9,-2137.49,2026/01/29 20:25:29
16404,1788.35,16210.3,-2147.16,2026/01/29 20:25:29
16405,1788.46,16248.9,-2137.28,2026/01/29 20:25:29
16406,1788.57,16266,-2132.1,2026/01/29 20:25:29
16407,1788.68,16300.1,-2126.72,2026/01/29 20:25:29
16408,1788.79,16318.2,-2125.09,2026/01/29 20:25:29
16409,1788.9,16290.5,-2132.53,2026/01/29 20:25:29
16410,1789.01,16234.1,-2134.06,2026/01/29 20:25:29
16411,1789.12,16146.6,-2132.63,2026/01/29 20:25:29
16412,1789.23,16156,-2137.07,2026/01/29 20:25:30
16413,1789.33,16241.4,-2147.27,2026/01/29 20:25:30
16414,1789.44,16236.2,-2138.47,2026/01/29 20:25:30
16415,1789.55,16276.3,-2129.44,2026/01/29 20:25:30
16416,1789.66,16302.7,-2124.05,2026/01/29 20:25:30
16417,1789.77,16322.7,-2127.52,2026/01/29 20:25:30
16418,1789.88,16303.5,-2130.03,2026/01/29 20:25:30
16419,1789.99,16244.3,-2134.08,2026/01/29 20:25:30
16420,1790.1,16181.8,-2134.11,2026/01/29 20:25:30
16421,1790.21,16166.5,-2135.9,2026/01/29 20:25:31
16422,1790.32,16209.7,-2145.76,2026/01/29 20:25:31
16423,1790.43,16240.5,-2132.52,2026/01/29 20:25:31
16424,1790.53,16260.4,-2133.12,2026/01/29 20:25:31
16425,1790.64,16302.9,-2124.2,2026/01/29 20:25:31
16426,1790.75,16321,-2126.51,2026/01/29 20:25:31
16427,1790.86,16295.4,-2133.56,2026/01/29 20:25:31
16428,1790.97,16248.7,-2130.67,2026/01/29 20:25:31
16429,1791.08,16189.2,-2131.95,2026/01/29 20:25:31
16430,1791.19,16161.8,-2135.03,2026/01/29 20:25:32
16431,1791.29,16200.4,-2139.16,2026/01/29 20:25:32
16432,1791.4,16248.1,-2144.52,2026/01/29 20:25:32
16433,1791.51,16249.8,-2133.81,2026/01/29 20:25:32
16434,1791.62,16281.9,-2129.17,2026/01/29 20:25:32
16435,1791.73,16311.5,-2123.09,2026/01/29 20:25:32
16436,1791.84,16331.3,-2131.33,2026/01/29 20:25:32
16437,1791.95,16252.6,-2131.83,2026/01/29 20:25:32
16438,1792.06,16196.7,-2134.9,2026/01/29 20:25:32
16439,1792.17,16148.8,-2129.97,2026/01/29 20:25:33
16440,1792.28,16157.2,-2138.43,2026/01/29 20:25:33
16441,1792.39,16201.4,-2138.51,2026/01/29 20:25:33
16442,1792.5,16250.8,-2144.11,2026/01/29 20:25:33
16443,1792.61,16258.2,-2136.91,2026/01/29 20:25:33
16444,1792.72,16290,-2126.02,2026/01/29 20:25:33
16445,1792.82,16318.4,-2127.04,2026/01/29 20:25:33
16446,1792.93,16302.4,-2132.39,2026/01/29 20:25:33
16447,1793.04,16243.4,-2134.87,2026/01/29 20:25:33
16448,1793.15,16179.9,-2130.56,2026/01/29 20:25:34
16449,1793.26,16127,-2133.27,2026/01/29 20:25:34
16450,1793.37,16165.6,-2136.85,2026/01/29 20:25:34
16451,1793.48,16245.3,-2150.16,2026/01/29 20:25:34
16452,1793.59,16245.8,-2134.41,2026/01/29 20:25:34
16453,1793.7,16301.2,-2129.08,2026/01/29 20:25:34
16454,1793.81,16322.5,-2125.34,2026/01/29 20:25:34
16455,1793.91,16296.6,-2131.83,2026/01/29 20:25:34
16456,1794.02,16242.3,-2131.43,2026/01/29 20:25:34
16457,1794.13,16182.4,-2129.79,2026/01/29 20:25:34
16458,1794.24,16138.9,-2132.45,2026/01/29 20:25:35
16459,1794.35,16186.9,-2134.46,2026/01/29 20:25:35
16460,1794.46,16247,-2142.26,2026/01/29 20:25:35
16461,1794.57,16248.9,-2136.53,2026/01/29 20:25:35
16462,1794.68,16278.3,-2129.67,2026/01/29 20:25:35
16463,1794.78,16308.1,-2122.21,2026/01/29 20:25:35
16464,1794.89,16320.1,-2133.92,2026/01/29 20:25:35
16465,1795,16246.5,-2131.94,2026/01/29 20:25:35
16466,1795.11,16171,-2131.3,2026/01/29 20:25:35
16467,1795.22,16137,-2131.87,2026/01/29 20:25:36
16468,1795.33,16190.5,-2135.52,2026/01/29 20:25:36
16469,1795.44,16252.5,-2150.02,2026/01/29 20:25:36
16470,1795.55,16252,-2136.3,2026/01/29 20:25:36
16471,1795.66,16264.8,-2131.26,2026/01/29 20:25:36
16472,1795.77,16282.9,-2127.88,2026/01/29 20:25:36
16473,1795.87,16320.3,-2131.22,2026/01/29 20:25:36
16474,1795.99,16257.2,-2131.18,2026/01/29 20:25:36
16475,1796.09,16218.5,-2134.1,2026/01/29 20:25:36
16476,1796.2,16146.5,-2130.69,2026/01/29 20:25:37
16477,1796.31,16150.8,-2136.05,2026/01/29 20:25:37
16478,1796.42,16212.8,-2147.09,2026/01/29 20:25:37
16479,1796.53,16254.5,-2135.67,2026/01/29 20:25:37
16480,1796.64,16253.2,-2134.7,2026/01/29 20:25:37
16481,1796.75,16282.7,-2126.21,2026/01/29 20:25:37
16482,1796.85,16313.9,-2125.23,2026/01/29 20:25:37
16483,1796.96,16280.6,-2131.31,2026/01/29 20:25:37
16484,1797.07,16226.3,-2135,2026/01/29 20:25:37
16485,1797.18,16147.6,-2133.33,2026/01/29 20:25:38
16486,1797.29,16153.2,-2133.5,2026/01/29 20:25:38
16487,1797.4,16190.1,-2140.61,2026/01/29 20:25:38
16488,1797.51,16247.4,-2143.57,2026/01/29 20:25:38
16489,1797.62,16248.8,-2135.17,2026/01/29 20:25:38
16490,1797.73,16275.4,-2125.72,2026/01/29 20:25:38
16491,1797.84,16306.2,-2126.78,2026/01/29 20:25:38
16492,1797.94,16304.1,-2129.29,2026/01/29 20:25:38
16493,1798.05,16234.7,-2133.68,2026/01/29 20:25:38
16494,1798.16,16168.2,-2132.69,2026/01/29 20:25:39
16495,1798.27,16132.4,-2133.6,2026/01/29 20:25:39
16496,1798.38,16179.6,-2138.63,2026/01/29 20:25:39
16497,1798.49,16241,-2152.36,2026/01/29 20:25:39
16498,1798.6,16239,-2134.98,2026/01/29 20:25:39
16499,1798.71,16263.5,-2129.91,2026/01/29 20:25:39
16500,1798.82,16279.2,-2126.44,2026/01/29 20:25:39
16501,1798.93,16318.2,-2128.06,2026/01/29 20:25:39
16502,1799.04,16270.1,-2133.58,2026/01/29 20:25:39
16503,1799.14,16237.3,-2131.26,2026/01/29 20:25:40
16504,1799.25,16173.8,-2134.7,2026/01/29 20:25:40
16505,1799.36,16150.7,-2131,2026/01/29 20:25:40
16506,1799.47,16181.8,-2138.29,2026/01/29 20:25:40
16507,1799.58,16249.6,-2145.46,2026/01/29 20:25:40
16508,1799.69,16247.3,-2135.73,2026/01/29 20:25:40
16509,1799.8,16303.7,-2126.74,2026/01/29 20:25:40
16510,1799.91,16316.3,-2123.37,2026/01/29 20:25:40
16511,1800.02,16330.3,-2131.74,2026/01/29 20:25:40
16512,1800.13,16254,-2132.73,2026/01/29 20:25:40
16513,1800.24,16210.5,-2133.53,2026/01/29 20:25:41
16514,1800.35,16175.5,-2132.18,2026/01/29 20:25:41
16515,1800.46,16197.7,-2136.07,2026/01/29 20:25:41
16516,1800.56,16249,-2138.35,2026/01/29 20:25:41
16517,1800.67,16258.9,-2136.18,2026/01/29 20:25:41
16518,1800.78,16305.6,-2122.53,2026/01/29 20:25:41
16519,1800.89,16315.4,-2125.27,2026/01/29 20:25:41
16520,1801,16320.4,-2128.37,2026/01/29 20:25:41
16521,1801.11,16246.7,-2131.94,2026/01/29 20:25:41
16522,1801.22,16199.8,-2132.75,2026/01/29 20:25:42
16523,1801.33,16134.8,-2131.64,2026/01/29 20:25:42
16524,1801.43,16142.1,-2135.6,2026/01/29 20:25:42
16525,1801.54,16222.8,-2146.69,2026/01/29 20:25:42
16526,1801.65,16244.5,-2135.64,2026/01/29 20:25:42
16527,1801.76,16270.9,-2130.09,2026/01/29 20:25:42
16528,1801.87,16312.9,-2125.12,2026/01/29 20:25:42
16529,1801.98,16323.2,-2123.18,2026/01/29 20:25:42
16530,1802.09,16302.3,-2131.87,2026/01/29 20:25:42
16531,1802.2,16246,-2129.7,2026/01/29 20:25:43
16532,1802.31,16158.5,-2131.27,2026/01/29 20:25:43
16533,1802.41,16100.1,-2134.38,2026/01/29 20:25:43
16534,1802.53,16166,-2138.76,2026/01/29 20:25:43
16535,1802.64,16218.9,-2134.92,2026/01/29 20:25:43
16536,1802.74,16246,-2134.68,2026/01/29 20:25:43
16537,1802.85,16274.4,-2126.08,2026/01/29 20:25:43
16538,1802.96,16291.1,-2123.24,2026/01/29 20:25:43
16539,1803.07,16325.5,-2125.56,2026/01/29 20:25:43
16540,1803.18,16254.7,-2130.81,2026/01/29 20:25:44
16541,1803.29,16208.7,-2133.19,2026/01/29 20:25:44
16542,1803.4,16154,-2131.7,2026/01/29 20:25:44
16543,1803.51,16188.5,-2137.33,2026/01/29 20:25:44
16544,1803.61,16234.7,-2140.57,2026/01/29 20:25:44
16545,1803.72,16249.6,-2135.08,2026/01/29 20:25:44
16546,1803.83,16286.6,-2127.5,2026/01/29 20:25:44
16547,1803.94,16318.3,-2120.82,2026/01/29 20:25:44
16548,1804.05,16326.4,-2130.57,2026/01/29 20:25:44
16549,1804.16,16261.9,-2131.23,2026/01/29 20:25:45
16550,1804.27,16211.3,-2130.92,2026/01/29 20:25:45
16551,1804.38,16145.6,-2133.27,2026/01/29 20:25:45
16552,1804.49,16140.7,-2132.63,2026/01/29 20:25:45
16553,1804.6,16167.9,-2137.95,2026/01/29 20:25:45
16554,1804.71,16172.8,-2139.16,2026/01/29 20:25:45
16555,1804.81,16189.4,-2139.67,2026/01/29 20:25:45
16556,1804.92,16214.6,-2139.49,2026/01/29 20:25:45
16557,1805.03,16264.8,-2131.61,2026/01/29 20:25:45
16558,1805.14,16326.6,-2122.71,2026/01/29 20:25:46
16559,1805.25,16331.3,-2124.47,2026/01/29 20:25:46
16560,1805.36,16346.3,-2126.65,2026/01/29 20:25:46
16561,1805.47,16252.7,-2130.95,2026/01/29 20:25:46
16562,1805.58,16196.2,-2130.19,2026/01/29 20:25:46
16563,1805.69,16116.6,-2131.1,2026/01/29 20:25:46
16564,1805.8,16079.4,-2133.04,2026/01/29 20:25:46
16565,1805.9,16124.7,-2139.1,2026/01/29 20:25:46
16566,1806.01,16216.8,-2140.96,2026/01/29 20:25:46
16567,1806.12,16243.7,-2139.97,2026/01/29 20:25:46
16568,1806.23,16281.5,-2129.36,2026/01/29 20:25:47
16569,1806.34,16318.4,-2123.3,2026/01/29 20:25:47
16570,1806.45,16325.9,-2125.78,2026/01/29 20:25:47
16571,1806.56,16345,-2124.43,2026/01/29 20:25:47
16572,1806.67,16278.5,-2130.82,2026/01/29 20:25:47
16573,1806.77,16239.6,-2129.73,2026/01/29 20:25:47
16574,1806.89,16148.9,-2130.58,2026/01/29 20:25:47
16575,1806.99,16090.2,-2128.89,2026/01/29 20:25:47
16576,1807.1,16147.5,-2136.8,2026/01/29 20:25:47
16577,1807.21,16215.1,-2139.08,2026/01/29 20:25:48
16578,1807.32,16265.9,-2131.15,2026/01/29 20:25:48
16579,1807.43,16322.3,-2124.36,2026/01/29 20:25:48
16580,1807.54,16328,-2123.45,2026/01/29 20:25:48
16581,1807.65,16333.9,-2124.39,2026/01/29 20:25:48
16582,1807.76,16334,-2122.15,2026/01/29 20:25:48
16583,1807.86,16325.9,-2133.03,2026/01/29 20:25:48
16584,1807.97,16265.6,-2127.57,2026/01/29 20:25:48
16585,1808.08,16200,-2130.67,2026/01/29 20:25:48
16586,1808.19,16099.8,-2126.97,2026/01/29 20:25:49
16587,1808.3,16068.6,-2130.53,2026/01/29 20:25:49
16588,1808.41,16181.8,-2138.88,2026/01/29 20:25:49
16589,1808.52,16223.8,-2136.87,2026/01/29 20:25:49
16590,1808.63,16247.5,-2134.8,2026/01/29 20:25:49
16591,1808.74,16311.9,-2126.37,2026/01/29 20:25:49
16592,1808.85,16327.7,-2122.59,2026/01/29 20:25:49
16593,1808.95,16345.3,-2128.13,2026/01/29 20:25:49
16594,1809.06,16267.4,-2129.56,2026/01/29 20:25:49
16595,1809.17,16226.1,-2130.72,2026/01/29 20:25:50
16596,1809.28,16167.3,-2132.98,2026/01/29 20:25:50
16597,1809.39,16179.2,-2137.31,2026/01/29 20:25:50
16598,1809.5,16225.9,-2143.18,2026/01/29 20:25:50
16599,1809.61,16250,-2140.47,2026/01/29 20:25:50
16600,1809.72,16280.8,-2130.45,2026/01/29 20:25:50
16601,1809.82,16325.1,-2123.82,2026/01/29 20:25:50
16602,1809.93,16330.7,-2122.94,2026/01/29 20:25:50
16603,1810.04,16332.8,-2123.53,2026/01/29 20:25:50
16604,1810.15,16311.3,-2130,2026/01/29 20:25:51
16605,1810.26,16253.6,-2131.17,2026/01/29 20:25:51
16606,1810.37,16194.4,-2132.77,2026/01/29 20:25:51
16607,1810.48,16215.7,-2137.33,2026/01/29 20:25:51
16608,1810.59,16230.6,-2139.28,2026/01/29 20:25:51
16609,1810.69,16247.4,-2134.36,2026/01/29 20:25:51
16610,1810.8,16293.6,-2127.58,2026/01/29 20:25:51
16611,1810.91,16315.2,-2120.82,2026/01/29 20:25:51
16612,1811.02,16325.3,-2122.99,2026/01/29 20:25:51
16613,1811.13,16303.8,-2127.57,2026/01/29 20:25:51
16614,1811.24,16253.1,-2129.65,2026/01/29 20:25:52
16615,1811.35,16196.8,-2134.37,2026/01/29 20:25:52
16616,1811.46,16187.2,-2133.45,2026/01/29 20:25:52
16617,1811.57,16227.7,-2139.58,2026/01/29 20:25:52
16618,1811.67,16240.9,-2135.96,2026/01/29 20:25:52
16619,1811.78,16276.4,-2126.67,2026/01/29 20:25:52
16620,1811.89,16314.5,-2123.36,2026/01/29 20:25:52
16621,1812,16321.3,-2122.15,2026/01/29 20:25:52
16622,1812.11,16303.1,-2129.19,2026/01/29 20:25:52
16623,1812.22,16248.2,-2132.39,2026/01/29 20:25:53
16624,1812.33,16198,-2132.31,2026/01/29 20:25:53
16625,1812.44,16178,-2135.9,2026/01/29 20:25:53
16626,1812.55,16212.9,-2137.2,2026/01/29 20:25:53
16627,1812.66,16238,-2133.64,2026/01/29 20:25:53
16628,1812.77,16289.9,-2129.34,2026/01/29 20:25:53
16629,1812.88,16328.7,-2120.12,2026/01/29 20:25:53
16630,1812.99,16321.1,-2122.24,2026/01/29 20:25:53
16631,1813.09,16330.8,-2120.26,2026/01/29 20:25:53
16632,1813.2,16324.2,-2120.02,2026/01/29 20:25:54
16633,1813.31,16330,-2121.51,2026/01/29 20:25:54
16634,1813.42,16328.2,-2120.59,2026/01/29 20:25:54
16635,1813.53,16331.7,-2121.17,2026/01/29 20:25:54
16636,1813.64,16333.3,-2120.5,2026/01/29 20:25:54
16637,1813.75,16331.1,-2121.32,2026/01/29 20:25:54
16638,1813.86,16334.3,-2120.99,2026/01/29 20:25:54
16639,1813.96,16333.7,-2120.99,2026/01/29 20:25:54
16640,1814.07,16336,-2118.94,2026/01/29 20:25:54
16641,1814.18,16334.1,-2123.28,2026/01/29 20:25:55
16642,1814.29,16338.4,-2117.62,2026/01/29 20:25:55
16643,1814.4,16333.4,-2122.6,2026/01/29 20:25:55
16644,1814.51,16338.9,-2120.09,2026/01/29 20:25:55
16645,1814.62,16336.9,-2120.26,2026/01/29 20:25:55
16646,1814.73,16336.4,-2122,2026/01/29 20:25:55
16647,1814.84,16339.9,-2119.46,2026/01/29 20:25:55
16648,1814.94,16336.8,-2119.91,2026/01/29 20:25:55
16649,1815.05,16340.5,-2122.58,2026/01/29 20:25:55
16650,1815.16,16339.1,-2119.71,2026/01/29 20:25:56
16651,1815.27,16340.3,-2119.82,2026/01/29 20:25:56
16652,1815.38,16340.4,-2121.09,2026/01/29 20:25:56
16653,1815.49,16340.7,-2119.56,2026/01/29 20:25:56
16654,1815.6,16341.7,-2120.61,2026/01/29 20:25:56
16655,1815.71,16341.3,-2120.33,2026/01/29 20:25:56
16656,1815.82,16342.8,-2120.63,2026/01/29 20:25:56
16657,1815.92,16340,-2121.41,2026/01/29 20:25:56
16658,1816.03,16345.6,-2118.65,2026/01/29 20:25:56
16659,1816.14,16338.4,-2122.02,2026/01/29 20:25:57
16660,1816.25,16346.5,-2120.44,2026/01/29 20:25:57
16661,1816.36,16340.7,-2119.42,2026/01/29 20:25:57
16662,1816.47,16345.6,-2121.34,2026/01/29 20:25:57
16663,1816.58,16341.5,-2119.8,2026/01/29 20:25:57
16664,1816.69,16344.2,-2120.93,2026/01/29 20:25:57
16665,1816.8,16343.9,-2120.36,2026/01/29 20:25:57
16666,1816.91,16343.5,-2121.14,2026/01/29 20:25:57
16667,1817.02,16346.9,-2119.56,2026/01/29 20:25:57
16668,1817.13,16344.6,-2120.74,2026/01/29 20:25:57
16669,1817.23,16347.4,-2120.36,2026/01/29 20:25:58
16670,1817.34,16345.6,-2121.42,2026/01/29 20:25:58
16671,1817.45,16348.5,-2118.54,2026/01/29 20:25:58
16672,1817.56,16344.4,-2123.39,2026/01/29 20:25:58
16673,1817.67,16348.1,-2119.64,2026/01/29 20:25:58
16674,1817.78,16347,-2120.85,2026/01/29 20:25:58
16675,1817.89,16348.2,-2120.77,2026/01/29 20:25:58
16676,1817.99,16347,-2120.57,2026/01/29 20:25:58
16677,1818.11,16348.3,-2120.54,2026/01/29 20:25:58
16678,1818.21,16349.7,-2119.8,2026/01/29 20:25:59
16679,1818.32,16345.8,-2120.43,2026/01/29 20:25:59
16680,1818.43,16350.6,-2121.32,2026/01/29 20:25:59
16681,1818.54,16347.9,-2119.98,2026/01/29 20:25:59
16682,1818.65,16350.5,-2120.77,2026/01/29 20:25:59
16683,1818.76,16349.6,-2120.59,2026/01/29 20:25:59
16684,1818.87,16349.4,-2120.43,2026/01/29 20:25:59
16685,1818.97,16351.6,-2120.82,2026/01/29 20:25:59
16686,1819.08,16348.8,-2120.91,2026/01/29 20:25:59
16687,1819.19,16351.2,-2121.21,2026/01/29 20:26:00
16688,1819.3,16348.6,-2120.8,2026/01/29 20:26:00
16689,1819.41,16351.8,-2119.73,2026/01/29 20:26:00
16690,1819.52,16348.9,-2122.66,2026/01/29 20:26:00
16691,1819.63,16354.2,-2118.24,2026/01/29 20:26:00
16692,1819.74,16349.6,-2121.61,2026/01/29 20:26:00
16693,1819.85,16352,-2120.5,2026/01/29 20:26:00
16694,1819.95,16351.4,-2120.68,2026/01/29 20:26:00
16695,1820.07,16352,-2120.91,2026/01/29 20:26:00
16696,1820.17,16353.6,-2119.97,2026/01/29 20:26:01
16697,1820.28,16349.3,-2121.3,2026/01/29 20:26:01
16698,1820.39,16354.9,-2121.02,2026/01/29 20:26:01
16699,1820.5,16351.2,-2119.35,2026/01/29 20:26:01
16700,1820.61,16352.6,-2121.4,2026/01/29 20:26:01
16701,1820.71,16352.9,-2120.33,2026/01/29 20:26:01
16702,1820.82,16351.5,-2121.47,2026/01/29 20:26:01
16703,1820.93,16353.5,-2120.78,2026/01/29 20:26:01
16704,1821.04,16352.8,-2121.39,2026/01/29 20:26:01
16705,1821.15,16354.3,-2120.21,2026/01/29 20:26:02
16706,1821.26,16357.6,-2121.83,2026/01/29 20:26:02
16707,1821.37,16356.4,-2118.24,2026/01/29 20:26:02
16708,1821.48,16348.5,-2124.47,2026/01/29 20:26:02
16709,1821.58,16337.6,-2123.3,2026/01/29 20:26:02
16710,1821.69,16252.4,-2123.03,2026/01/29 20:26:02
16711,1821.8,16189.7,-2125.25,2026/01/29 20:26:02
16712,1821.91,16139.1,-2122.22,2026/01/29 20:26:02
16713,1822.02,16161.3,-2137.2,2026/01/29 20:26:02
16714,1822.13,16251,-2133.76,2026/01/29 20:26:02
16715,1822.24,16261,-2133.23,2026/01/29 20:26:03
16716,1822.35,16294.9,-2124.4,2026/01/29 20:26:03
16717,1822.46,16334.4,-2119.98,2026/01/29 20:26:03
16718,1822.56,16336.6,-2122.55,2026/01/29 20:26:03
16719,1822.67,16310.5,-2126.09,2026/01/29 20:26:03
16720,1822.78,16261.3,-2127.99,2026/01/29 20:26:03
16721,1822.89,16224.5,-2130.12,2026/01/29 20:26:03
16722,1823,16199.6,-2132.55,2026/01/29 20:26:03
16723,1823.11,16194.5,-2134.59,2026/01/29 20:26:03
16724,1823.22,16190.3,-2134.23,2026/01/29 20:26:04
16725,1823.33,16244.4,-2142.05,2026/01/29 20:26:04
16726,1823.44,16265.8,-2134.3,2026/01/29 20:26:04
16727,1823.55,16323.5,-2124.8,2026/01/29 20:26:04
16728,1823.66,16341.6,-2125.62,2026/01/29 20:26:04
16729,1823.77,16286.5,-2128.36,2026/01/29 20:26:04
16730,1823.87,16251.8,-2131.11,2026/01/29 20:26:04
16731,1823.98,16197,-2131.73,2026/01/29 20:26:04
16732,1824.09,16214.4,-2135.54,2026/01/29 20:26:04
16733,1824.2,16239.3,-2139.61,2026/01/29 20:26:05
16734,1824.31,16265.5,-2134.68,2026/01/29 20:26:05
16735,1824.42,16325,-2126.42,2026/01/29 20:26:05
16736,1824.53,16337.4,-2118.9,2026/01/29 20:26:05
16737,1824.64,16338,-2128.59,2026/01/29 20:26:05
16738,1824.75,16302.3,-2126.85,2026/01/29 20:26:05
16739,1824.86,16255.5,-2133.05,2026/01/29 20:26:05
16740,1824.97,16172.4,-2129.54,2026/01/29 20:26:05
16741,1825.08,16119.3,-2136.48,2026/01/29 20:26:05
16742,1825.18,16172.5,-2138.03,2026/01/29 20:26:06
16743,1825.29,16221,-2144.97,2026/01/29 20:26:06
16744,1825.4,16247.8,-2136.85,2026/01/29 20:26:06
16745,1825.51,16298.7,-2129.09,2026/01/29 20:26:06
16746,1825.62,16331.8,-2122.49,2026/01/29 20:26:06
16747,1825.73,16336.7,-2125.35,2026/01/29 20:26:06
16748,1825.84,16308.2,-2130.44,2026/01/29 20:26:06
16749,1825.95,16265.7,-2131.22,2026/01/29 20:26:06
16750,1826.06,16201.7,-2133.85,2026/01/29 20:26:06
16751,1826.17,16183.8,-2136.14,2026/01/29 20:26:07
16752,1826.28,16220.9,-2141.93,2026/01/29 20:26:07
16753,1826.39,16247.3,-2136.14,2026/01/29 20:26:07
16754,1826.49,16286,-2128.87,2026/01/29 20:26:07
16755,1826.6,16325.2,-2122.58,2026/01/29 20:26:07
16756,1826.71,16330.4,-2121.37,2026/01/29 20:26:07
16757,1826.82,16348.6,-2128.21,2026/01/29 20:26:07
16758,1826.93,16268.1,-2128.81,2026/01/29 20:26:07
16759,1827.04,16184.3,-2130.7,2026/01/29 20:26:07
16760,1827.15,16018.2,-2122.86,2026/01/29 20:26:08
16761,1827.26,15924.8,-2127.27,2026/01/29 20:26:08
16762,1827.37,16070.5,-2131.07,2026/01/29 20:26:08
16763,1827.48,15983.5,-2115.54,2026/01/29 20:26:08
16764,1827.59,15901.2,-2109.12,2026/01/29 20:26:08
16765,1827.7,15873,-2105.63,2026/01/29 20:26:08
16766,1827.81,16051.7,-2136.84,2026/01/29 20:26:08
16767,1827.91,16176.9,-2144.38,2026/01/29 20:26:08
16768,1828.03,16179.5,-2145.43,2026/01/29 20:26:08
16769,1828.13,16184.9,-2150.1,2026/01/29 20:26:08
16770,1828.24,16186.2,-2149.49,2026/01/29 20:26:09
16771,1828.35,16201.7,-2140.73,2026/01/29 20:26:09
16772,1828.46,16230,-2136.36,2026/01/29 20:26:09
16773,1828.57,16284,-2132.34,2026/01/29 20:26:09
16774,1828.68,16301.8,-2128.32,2026/01/29 20:26:09
16775,1828.78,16309.5,-2130.27,2026/01/29 20:26:09
16776,1828.9,16308.5,-2128.94,2026/01/29 20:26:09
16777,1829,16312.2,-2130.46,2026/01/29 20:26:09
16778,1829.11,16312.8,-2128.84,2026/01/29 20:26:09
16779,1829.22,16313.7,-2130.3,2026/01/29 20:26:10
16780,1829.33,16315.1,-2129.15,2026/01/29 20:26:10
16781,1829.44,16313.5,-2129.87,2026/01/29 20:26:10
16782,1829.55,16316.4,-2129.23,2026/01/29 20:26:10
16783,1829.66,16311.7,-2129.85,2026/01/29 20:26:10
16784,1829.77,16316.4,-2129.36,2026/01/29 20:26:10
16785,1829.88,16311.7,-2128.58,2026/01/29 20:26:10
16786,1829.99,16317,-2130.8,2026/01/29 20:26:10
16787,1830.1,16312.6,-2127.53,2026/01/29 20:26:10
16788,1830.2,16316.8,-2129.55,2026/01/29 20:26:11
16789,1830.31,16314.7,-2128.34,2026/01/29 20:26:11
16790,1830.42,16315.8,-2128.78,2026/01/29 20:26:11
16791,1830.53,16317.3,-2128.12,2026/01/29 20:26:11
16792,1830.64,16312.7,-2129.87,2026/01/29 20:26:11
16793,1830.75,16319.6,-2128.58,2026/01/29 20:26:11
16794,1830.86,16312.7,-2128.5,2026/01/29 20:26:11
16795,1830.96,16317.2,-2128.71,2026/01/29 20:26:11
16796,1831.07,16315.4,-2128.92,2026/01/29 20:26:11
16797,1831.18,16315.6,-2128.15,2026/01/29 20:26:12
16798,1831.29,16317.6,-2128.56,2026/01/29 20:26:12
16799,1831.4,16313.7,-2129.74,2026/01/29 20:26:12
16800,1831.51,16317.7,-2127.63,2026/01/29 20:26:12
16801,1831.62,16312.7,-2131.43,2026/01/29 20:26:12
16802,1831.73,16316.9,-2126.14,2026/01/29 20:26:12
16803,1831.83,16314.6,-2129.63,2026/01/29 20:26:12
16804,1831.94,16315.4,-2127.1,2026/01/29 20:26:12
16805,1832.05,16316.3,-2128.17,2026/01/29 20:26:12
16806,1832.16,16313.1,-2128.67,2026/01/29 20:26:13
16807,1832.27,16316.1,-2128.53,2026/01/29 20:26:13
16808,1832.38,16313,-2128.2,2026/01/29 20:26:13
16809,1832.49,16314.8,-2127.65,2026/01/29 20:26:13
16810,1832.6,16315,-2128.24,2026/01/29 20:26:13
16811,1832.71,16314.8,-2128.85,2026/01/29 20:26:13
16812,1832.82,16313.1,-2127.77,2026/01/29 20:26:13
16813,1832.92,16314.5,-2128.44,2026/01/29 20:26:13
16814,1833.03,16314.6,-2127.94,2026/01/29 20:26:13
16815,1833.14,16312.7,-2130.08,2026/01/29 20:26:14
16816,1833.25,16316.2,-2127.83,2026/01/29 20:26:14
16817,1833.36,16310.8,-2128.57,2026/01/29 20:26:14
16818,1833.47,16318.1,-2127.53,2026/01/29 20:26:14
16819,1833.58,16311.4,-2128.8,2026/01/29 20:26:14
16820,1833.69,16315.5,-2127.27,2026/01/29 20:26:14
16821,1833.79,16313.9,-2128.24,2026/01/29 20:26:14
16822,1833.9,16313.2,-2127.88,2026/01/29 20:26:14
16823,1834.01,16314.5,-2128.05,2026/01/29 20:26:14
16824,1834.12,16312.3,-2128.92,2026/01/29 20:26:14
16825,1834.23,16314.6,-2127.34,2026/01/29 20:26:15
16826,1834.34,16313.8,-2128.6,2026/01/29 20:26:15
16827,1834.45,16313.7,-2128.27,2026/01/29 20:26:15
16828,1834.56,16313.3,-2127.69,2026/01/29 20:26:15
16829,1834.67,16314,-2129.17,2026/01/29 20:26:15
16830,1834.78,16312.6,-2127.79,2026/01/29 20:26:15
16831,1834.88,16313.6,-2128.6,2026/01/29 20:26:15
16832,1834.99,16313.9,-2126.91,2026/01/29 20:26:15
16833,1835.1,16310.7,-2128.99,2026/01/29 20:26:15
16834,1835.21,16317.2,-2126.67,2026/01/29 20:26:16
16835,1835.32,16309.3,-2130.21,2026/01/29 20:26:16
16836,1835.43,16314.6,-2126.01,2026/01/29 20:26:16
16837,1835.54,16310.9,-2130.8,2026/01/29 20:26:16
16838,1835.65,16313.4,-2125.55,2026/01/29 20:26:16
16839,1835.76,16312.6,-2128.79,2026/01/29 20:26:16
16840,1835.87,16311.7,-2127.33,2026/01/29 20:26:16
16841,1835.98,16311.9,-2128.13,2026/01/29 20:26:16
16842,1836.08,16311.3,-2128.23,2026/01/29 20:26:16
16843,1836.19,16313,-2126.66,2026/01/29 20:26:17
16844,1836.3,16313,-2128.58,2026/01/29 20:26:17
16845,1836.41,16319,-2126.52,2026/01/29 20:26:17
16846,1836.52,16312.9,-2128.07,2026/01/29 20:26:17
16847,1836.63,16314.7,-2123.54,2026/01/29 20:26:17
16848,1836.74,16247.3,-2121.4,2026/01/29 20:26:17
16849,1836.85,16210.3,-2116.13,2026/01/29 20:26:17
16850,1836.96,16182.8,-2117.18,2026/01/29 20:26:17
16851,1837.07,16130,-2098.5,2026/01/29 20:26:17
16852,1837.18,16147.8,-2110.85,2026/01/29 20:26:18
16853,1837.28,16215,-2133.24,2026/01/29 20:26:18
16854,1837.39,16255.7,-2132.94,2026/01/29 20:26:18
16855,1837.5,16271.3,-2127.48,2026/01/29 20:26:18
16856,1837.61,16322.1,-2125.56,2026/01/29 20:26:18
16857,1837.72,16329.3,-2125.13,2026/01/29 20:26:18
16858,1837.83,16358.7,-2128.95,2026/01/29 20:26:18
16859,1837.94,16266.2,-2132.69,2026/01/29 20:26:18
16860,1838.05,16215.7,-2123.38,2026/01/29 20:26:18
16861,1838.16,16126.3,-2111.69,2026/01/29 20:26:19
16862,1838.27,16125.5,-2112.36,2026/01/29 20:26:19
16863,1838.38,16208.7,-2131.87,2026/01/29 20:26:19
16864,1838.49,16265.9,-2133.44,2026/01/29 20:26:19
16865,1838.59,16285.5,-2128.61,2026/01/29 20:26:19
16866,1838.7,16335.9,-2124.49,2026/01/29 20:26:19
16867,1838.81,16344.2,-2127.37,2026/01/29 20:26:19
16868,1838.92,16357.2,-2131.2,2026/01/29 20:26:19
16869,1839.03,16271.9,-2130.44,2026/01/29 20:26:19
16870,1839.14,16211.9,-2120.04,2026/01/29 20:26:20
16871,1839.25,16141.6,-2111.66,2026/01/29 20:26:20
16872,1839.35,16181.3,-2127.3,2026/01/29 20:26:20
16873,1839.46,16227.7,-2139.63,2026/01/29 20:26:20
16874,1839.57,16268.4,-2132.35,2026/01/29 20:26:20
16875,1839.68,16339.2,-2127.65,2026/01/29 20:26:20
16876,1839.79,16346.5,-2126.01,2026/01/29 20:26:20
16877,1839.9,16348.1,-2130.5,2026/01/29 20:26:20
16878,1840.01,16301.8,-2130.87,2026/01/29 20:26:20
16879,1840.12,16241.1,-2127.07,2026/01/29 20:26:20
16880,1840.23,16151.2,-2110.88,2026/01/29 20:26:21
16881,1840.34,16146.3,-2114.74,2026/01/29 20:26:21
16882,1840.45,16220.3,-2138.05,2026/01/29 20:26:21
16883,1840.56,16254.8,-2134.95,2026/01/29 20:26:21
16884,1840.67,16274.9,-2129.65,2026/01/29 20:26:21
16885,1840.77,16328,-2122.39,2026/01/29 20:26:21
16886,1840.88,16346.2,-2131.54,2026/01/29 20:26:21
16887,1840.99,16306.4,-2130.11,2026/01/29 20:26:21
16888,1841.1,16259.9,-2131.68,2026/01/29 20:26:21
16889,1841.21,16183.9,-2114.73,2026/01/29 20:26:22
16890,1841.32,16136.4,-2112.35,2026/01/29 20:26:22
16891,1841.43,16207.5,-2136.11,2026/01/29 20:26:22
16892,1841.54,16250.5,-2134.75,2026/01/29 20:26:22
16893,1841.65,16260.7,-2133.34,2026/01/29 20:26:22
16894,1841.76,16327.6,-2123.12,2026/01/29 20:26:22
16895,1841.86,16337.8,-2124.9,2026/01/29 20:26:22
16896,1841.97,16363,-2126.96,2026/01/29 20:26:22
16897,1842.08,16272.6,-2131.37,2026/01/29 20:26:22
16898,1842.19,16208.4,-2121.45,2026/01/29 20:26:23
16899,1842.3,16111.3,-2109.5,2026/01/29 20:26:23
16900,1842.41,16147.7,-2118.3,2026/01/29 20:26:23
16901,1842.52,16215.5,-2134.04,2026/01/29 20:26:23
16902,1842.63,16259.1,-2134.95,2026/01/29 20:26:23
16903,1842.74,16315.7,-2126.14,2026/01/29 20:26:23
16904,1842.85,16340.1,-2125.91,2026/01/29 20:26:23
16905,1842.96,16361.5,-2126.57,2026/01/29 20:26:23
16906,1843.07,16266.7,-2131.63,2026/01/29 20:26:23
16907,1843.17,16191.8,-2112.53,2026/01/29 20:26:24
16908,1843.28,16137.3,-2113.24,2026/01/29 20:26:24
16909,1843.39,16215.4,-2132.44,2026/01/29 20:26:24
16910,1843.5,16265.6,-2136.29,2026/01/29 20:26:24
16911,1843.61,16307.4,-2127.46,2026/01/29 20:26:24
16912,1843.72,16348.8,-2125.35,2026/01/29 20:26:24
16913,1843.83,16345.9,-2128.76,2026/01/29 20:26:24
16914,1843.94,16296.6,-2128.53,2026/01/29 20:26:24
16915,1844.05,16254.5,-2128.9,2026/01/29 20:26:24
16916,1844.16,16179.8,-2111.82,2026/01/29 20:26:25
16917,1844.27,16190.5,-2129.27,2026/01/29 20:26:25
16918,1844.38,16239.9,-2138.39,2026/01/29 20:26:25
16919,1844.49,16263.9,-2135.01,2026/01/29 20:26:25
16920,1844.6,16346.2,-2123.49,2026/01/29 20:26:25
16921,1844.7,16361,-2123.77,2026/01/29 20:26:25
16922,1844.81,16348.8,-2126.47,2026/01/29 20:26:25
16923,1844.92,16305.8,-2130.68,2026/01/29 20:26:25
16924,1845.03,16258.1,-2127.65,2026/01/29 20:26:25
16925,1845.14,16187.6,-2113.04,2026/01/29 20:26:26
16926,1845.25,16205.6,-2130.46,2026/01/29 20:26:26
16927,1845.36,16242.8,-2137.43,2026/01/29 20:26:26
16928,1845.47,16261.8,-2135.68,2026/01/29 20:26:26
16929,1845.58,16317.3,-2128.85,2026/01/29 20:26:26
16930,1845.69,16344,-2122.91,2026/01/29 20:26:26
16931,1845.79,16347.9,-2128.5,2026/01/29 20:26:26
16932,1845.91,16300.3,-2129.77,2026/01/29 20:26:26
16933,1846.01,16263.1,-2130.37,2026/01/29 20:26:26
16934,1846.12,16209.5,-2125.24,2026/01/29 20:26:26
16935,1846.23,16187.3,-2126.38,2026/01/29 20:26:27
16936,1846.34,16212,-2132.46,2026/01/29 20:26:27
16937,1846.45,16237.9,-2139.71,2026/01/29 20:26:27
16938,1846.56,16262.1,-2134.49,2026/01/29 20:26:27
16939,1846.67,16318.2,-2129.03,2026/01/29 20:26:27
16940,1846.78,16346.1,-2122.21,2026/01/29 20:26:27
16941,1846.88,16343.9,-2127.71,2026/01/29 20:26:27
16942,1846.99,16300.4,-2129.99,2026/01/29 20:26:27
16943,1847.1,16255,-2127.81,2026/01/29 20:26:27
16944,1847.21,16192.5,-2125.24,2026/01/29 20:26:28
16945,1847.32,16213.3,-2130.62,2026/01/29 20:26:28
16946,1847.43,16228.1,-2137.75,2026/01/29 20:26:28
16947,1847.54,16262.8,-2136.64,2026/01/29 20:26:28
16948,1847.65,16300.8,-2129.55,2026/01/29 20:26:28
16949,1847.76,16347.9,-2123.05,2026/01/29 20:26:28
16950,1847.87,16360.6,-2129.54,2026/01/29 20:26:28
16951,1847.97,16275.1,-2129.08,2026/01/29 20:26:28
16952,1848.08,16236,-2126.96,2026/01/29 20:26:28
16953,1848.19,16200.2,-2127.03,2026/01/29 20:26:29
16954,1848.3,16229.1,-2135.06,2026/01/29 20:26:29
16955,1848.41,16255.6,-2136.61,2026/01/29 20:26:29
16956,1848.52,16285.2,-2132.12,2026/01/29 20:26:29
16957,1848.63,16350.1,-2124.91,2026/01/29 20:26:29
16958,1848.74,16354.7,-2123.22,2026/01/29 20:26:29
16959,1848.85,16356.9,-2130.93,2026/01/29 20:26:29
16960,1848.96,16273.6,-2130.1,2026/01/29 20:26:29
16961,1849.07,16218.9,-2125.46,2026/01/29 20:26:29
16962,1849.18,16200.4,-2129.15,2026/01/29 20:26:30
16963,1849.29,16232,-2137.88,2026/01/29 20:26:30
16964,1849.4,16260,-2134.86,2026/01/29 20:26:30
16965,1849.5,16314.4,-2129.2,2026/01/29 20:26:30
16966,1849.61,16360.1,-2121.88,2026/01/29 20:26:30
16967,1849.72,16358.5,-2122.61,2026/01/29 20:26:30
16968,1849.83,16352.3,-2129.44,2026/01/29 20:26:30
16969,1849.94,16274.6,-2125.97,2026/01/29 20:26:30
16970,1850.05,16232,-2130.5,2026/01/29 20:26:30
16971,1850.16,16215.1,-2125.95,2026/01/29 20:26:31
16972,1850.27,16239.7,-2140.97,2026/01/29 20:26:31
16973,1850.38,16263.2,-2134.92,2026/01/29 20:26:31
16974,1850.49,16335.1,-2127.73,2026/01/29 20:26:31
16975,1850.59,16365,-2123.18,2026/01/29 20:26:31
16976,1850.7,16361.1,-2123.31,2026/01/29 20:26:31
16977,1850.81,16331.5,-2128.66,2026/01/29 20:26:31
16978,1850.92,16267.4,-2132.11,2026/01/29 20:26:31
16979,1851.03,16195.2,-2125.77,2026/01/29 20:26:31
16980,1851.14,16215.2,-2134.29,2026/01/29 20:26:32
16981,1851.25,16238.8,-2137.65,2026/01/29 20:26:32
16982,1851.36,16267.1,-2134.94,2026/01/29 20:26:32
16983,1851.47,16338.4,-2123.85,2026/01/29 20:26:32
16984,1851.57,16359.2,-2120.7,2026/01/29 20:26:32
16985,1851.68,16358.5,-2128.19,2026/01/29 20:26:32
16986,1851.79,16273.5,-2132.07,2026/01/29 20:26:32
16987,1851.9,16234.7,-2127.21,2026/01/29 20:26:32
16988,1852.01,16205.7,-2133.12,2026/01/29 20:26:32
16989,1852.12,16240.1,-2136.3,2026/01/29 20:26:32
16990,1852.23,16259,-2137.54,2026/01/29 20:26:33
16991,1852.34,16335.8,-2122.54,2026/01/29 20:26:33
16992,1852.45,16358.5,-2122.79,2026/01/29 20:26:33
16993,1852.56,16350.2,-2127.96,2026/01/29 20:26:33
16994,1852.66,16291,-2127.98,2026/01/29 20:26:33
16995,1852.77,16254.8,-2128.66,2026/01/29 20:26:33
16996,1852.88,16202.9,-2127.22,2026/01/29 20:26:33
16997,1852.99,16214,-2130.71,2026/01/29 20:26:33
16998,1853.1,16245.6,-2139.48,2026/01/29 20:26:33
16999,1853.21,16269.8,-2133.95,2026/01/29 20:26:34
17000,1853.32,16345,-2125.77,2026/01/29 20:26:34
17001,1853.43,16353.7,-2122.06,2026/01/29 20:26:34
17002,1853.54,16357.4,-2129.79,2026/01/29 20:26:34
17003,1853.64,16272,-2129.57,2026/01/29 20:26:34
17004,1853.75,16210.5,-2128.36,2026/01/29 20:26:34
17005,1853.86,16193.8,-2128.8,2026/01/29 20:26:34
17006,1853.97,16231.5,-2136.33,2026/01/29 20:26:34
17007,1854.08,16257.6,-2135.45,2026/01/29 20:26:34
17008,1854.19,16292.2,-2132.11,2026/01/29 20:26:35
17009,1854.3,16354.2,-2121.65,2026/01/29 20:26:35
17010,1854.41,16354.1,-2128.05,2026/01/29 20:26:35
17011,1854.52,16299.3,-2129.47,2026/01/29 20:26:35
17012,1854.63,16260.2,-2131.08,2026/01/29 20:26:35
17013,1854.74,16209.5,-2129.08,2026/01/29 20:26:35
17014,1854.84,16229.5,-2135.11,2026/01/29 20:26:35
17015,1854.95,16247.7,-2139.15,2026/01/29 20:26:35
17016,1855.06,16273.5,-2133.98,2026/01/29 20:26:35
17017,1855.17,16358,-2125.85,2026/01/29 20:26:36
17018,1855.28,16374.9,-2121.04,2026/01/29 20:26:36
17019,1855.39,16357.1,-2125.43,2026/01/29 20:26:36
17020,1855.5,16305.9,-2128.38,2026/01/29 20:26:36
17021,1855.61,16245.8,-2130.06,2026/01/29 20:26:36
17022,1855.72,16155.1,-2119.04,2026/01/29 20:26:36
17023,1855.83,16213.2,-2134.47,2026/01/29 20:26:36
17024,1855.94,16243.9,-2139.45,2026/01/29 20:26:36
17025,1856.05,16269.6,-2135.11,2026/01/29 20:26:36
17026,1856.16,16338.1,-2127.27,2026/01/29 20:26:37
17027,1856.27,16357.5,-2121.68,2026/01/29 20:26:37
17028,1856.38,16357.6,-2130.16,2026/01/29 20:26:37
17029,1856.48,16281.3,-2129.47,2026/01/29 20:26:37
17030,1856.59,16235,-2128.73,2026/01/29 20:26:37
17031,1856.7,16150.9,-2115.15,2026/01/29 20:26:37
17032,1856.81,16164.5,-2125.9,2026/01/29 20:26:37
17033,1856.92,16236.4,-2141.39,2026/01/29 20:26:37
17034,1857.03,16267.8,-2138.25,2026/01/29 20:26:37
17035,1857.14,16308.8,-2129.34,2026/01/29 20:26:38
17036,1857.25,16345.7,-2124.02,2026/01/29 20:26:38
17037,1857.36,16364.1,-2129.23,2026/01/29 20:26:38
17038,1857.47,16272.7,-2129.07,2026/01/29 20:26:38
17039,1857.58,16227.1,-2127.75,2026/01/29 20:26:38
17040,1857.68,16168.6,-2116.71,2026/01/29 20:26:38
17041,1857.79,16179.3,-2136.17,2026/01/29 20:26:38
17042,1857.9,16140.9,-2116.77,2026/01/29 20:26:38
17043,1858.01,16202.7,-2141.03,2026/01/29 20:26:38
17044,1858.12,16249.1,-2142.17,2026/01/29 20:26:38
17045,1858.23,16292.2,-2136.81,2026/01/29 20:26:39
17046,1858.34,16345.7,-2123.62,2026/01/29 20:26:39
17047,1858.45,16357.4,-2131.75,2026/01/29 20:26:39
17048,1858.56,16300.5,-2130.73,2026/01/29 20:26:39
17049,1858.67,16262.4,-2132.38,2026/01/29 20:26:39
17050,1858.78,16155,-2114.03,2026/01/29 20:26:39
17051,1858.89,16093.1,-2115.81,2026/01/29 20:26:39
17052,1859,16209.7,-2142.04,2026/01/29 20:26:39
17053,1859.11,16240.6,-2146.63,2026/01/29 20:26:39
17054,1859.21,16258.3,-2135.99,2026/01/29 20:26:40
17055,1859.32,16316.2,-2125.12,2026/01/29 20:26:40
17056,1859.43,16341.5,-2124.54,2026/01/29 20:26:40
17057,1859.54,16362.4,-2129.53,2026/01/29 20:26:40
17058,1859.65,16273.1,-2128.41,2026/01/29 20:26:40
17059,1859.76,16237,-2125.96,2026/01/29 20:26:40
17060,1859.87,16138,-2109.63,2026/01/29 20:26:40
17061,1859.98,16072.5,-2109.39,2026/01/29 20:26:40
17062,1860.09,16177.7,-2139,2026/01/29 20:26:40
17063,1860.2,16221.6,-2148.97,2026/01/29 20:26:41
17064,1860.31,16244.6,-2138.73,2026/01/29 20:26:41
17065,1860.42,16263.9,-2131.16,2026/01/29 20:26:41
17066,1860.53,16315.6,-2124.14,2026/01/29 20:26:41
17067,1860.64,16335.7,-2126.49,2026/01/29 20:26:41
17068,1860.75,16310.3,-2133.85,2026/01/29 20:26:41
17069,1860.85,16252.7,-2126.97,2026/01/29 20:26:41
17070,1860.96,16201.4,-2123.29,2026/01/29 20:26:41
17071,1861.07,16095.5,-2106.11,2026/01/29 20:26:41
17072,1861.18,16130.4,-2116.24,2026/01/29 20:26:42
17073,1861.29,16204.4,-2133.08,2026/01/29 20:26:42
17074,1861.4,16255.7,-2139.96,2026/01/29 20:26:42
17075,1861.51,16290.4,-2127.63,2026/01/29 20:26:42
17076,1861.62,16345.4,-2125.19,2026/01/29 20:26:42
17077,1861.72,16356,-2122.89,2026/01/29 20:26:42
17078,1861.84,16352.6,-2132.65,2026/01/29 20:26:42
17079,1861.94,16265.9,-2123.77,2026/01/29 20:26:42
17080,1862.05,16178.7,-2109.8,2026/01/29 20:26:42
17081,1862.16,16042.2,-2102.66,2026/01/29 20:26:43
17082,1862.27,16123.7,-2121.88,2026/01/29 20:26:43
17083,1862.38,16201.2,-2141.75,2026/01/29 20:26:43
17084,1862.49,16211.2,-2144.16,2026/01/29 20:26:43
17085,1862.6,16247.6,-2138.89,2026/01/29 20:26:43
17086,1862.71,16302.6,-2126.07,2026/01/29 20:26:43
17087,1862.82,16339,-2127.01,2026/01/29 20:26:43
17088,1862.93,16315.5,-2133.69,2026/01/29 20:26:43
17089,1863.03,16252.8,-2126.6,2026/01/29 20:26:43
17090,1863.14,16232.2,-2124.44,2026/01/29 20:26:44
17091,1863.25,16124.4,-2105.19,2026/01/29 20:26:44
17092,1863.36,16078.5,-2113.58,2026/01/29 20:26:44
17093,1863.47,16176.9,-2138.04,2026/01/29 20:26:44
17094,1863.58,16216.6,-2149.34,2026/01/29 20:26:44
17095,1863.69,16232.8,-2140.64,2026/01/29 20:26:44
17096,1863.8,16272,-2130.82,2026/01/29 20:26:44
17097,1863.91,16336.8,-2122.92,2026/01/29 20:26:44
17098,1864.02,16342.9,-2127.53,2026/01/29 20:26:44
17099,1864.13,16304.7,-2133.73,2026/01/29 20:26:44
17100,1864.24,16255,-2127.11,2026/01/29 20:26:45
17101,1864.34,16200.2,-2120.31,2026/01/29 20:26:45
17102,1864.46,16076,-2111.42,2026/01/29 20:26:45
17103,1864.56,16140.3,-2129.92,2026/01/29 20:26:45
17104,1864.67,16195.3,-2141.34,2026/01/29 20:26:45
17105,1864.78,16221.2,-2146.59,2026/01/29 20:26:45
17106,1864.89,16248.5,-2136.06,2026/01/29 20:26:45
17107,1865,16322.1,-2124.67,2026/01/29 20:26:45
17108,1865.11,16341.3,-2123.5,2026/01/29 20:26:45
17109,1865.22,16341.3,-2135.05,2026/01/29 20:26:46
17110,1865.33,16263.7,-2127.14,2026/01/29 20:26:46
17111,1865.43,16223.5,-2124.91,2026/01/29 20:26:46
17112,1865.54,16118,-2107.24,2026/01/29 20:26:46
17113,1865.65,16171.6,-2132.14,2026/01/29 20:26:46
17114,1865.76,16217.4,-2138.91,2026/01/29 20:26:46
17115,1865.87,16244.5,-2140.25,2026/01/29 20:26:46
17116,1865.98,16314,-2127.62,2026/01/29 20:26:46
17117,1866.09,16358.2,-2123.88,2026/01/29 20:26:46
17118,1866.2,16348.8,-2123.11,2026/01/29 20:26:47
17119,1866.31,16336,-2136.41,2026/01/29 20:26:47
17120,1866.42,16266.2,-2127.5,2026/01/29 20:26:47
17121,1866.53,16229.6,-2126.22,2026/01/29 20:26:47
17122,1866.64,16117.4,-2107.15,2026/01/29 20:26:47
17123,1866.75,16164.4,-2136.25,2026/01/29 20:26:47
17124,1866.85,16219.5,-2145.29,2026/01/29 20:26:47
17125,1866.96,16242,-2136.45,2026/01/29 20:26:47
17126,1867.07,16286.3,-2131.25,2026/01/29 20:26:47
17127,1867.18,16351.1,-2121,2026/01/29 20:26:48
17128,1867.29,16350.2,-2125.91,2026/01/29 20:26:48
17129,1867.4,16365.8,-2126.64,2026/01/29 20:26:48
17130,1867.51,16272.6,-2126.98,2026/01/29 20:26:48
17131,1867.62,16240.3,-2123.85,2026/01/29 20:26:48
17132,1867.73,16121.9,-2105.35,2026/01/29 20:26:48
17133,1867.84,16134.3,-2124.54,2026/01/29 20:26:48
17134,1867.95,16216.8,-2141.94,2026/01/29 20:26:48
17135,1868.06,16229,-2141.77,2026/01/29 20:26:48
17136,1868.17,16255.1,-2132.74,2026/01/29 20:26:49
17137,1868.27,16337.9,-2123.89,2026/01/29 20:26:49
17138,1868.38,16360.3,-2121.29,2026/01/29 20:26:49
17139,1868.49,16338.3,-2126.56,2026/01/29 20:26:49
17140,1868.6,16312.9,-2133.74,2026/01/29 20:26:49
17141,1868.71,16254.5,-2124.07,2026/01/29 20:26:49
17142,1868.82,16197.3,-2120.96,2026/01/29 20:26:49
17143,1868.93,16173.4,-2124.02,2026/01/29 20:26:49
17144,1869.04,16219.4,-2135.87,2026/01/29 20:26:49
17145,1869.15,16246.3,-2139.97,2026/01/29 20:26:50
17146,1869.26,16286,-2131.55,2026/01/29 20:26:50
17147,1869.36,16352.6,-2122.63,2026/01/29 20:26:50
17148,1869.47,16356.5,-2123.63,2026/01/29 20:26:50
17149,1869.58,16362.3,-2128.47,2026/01/29 20:26:50
17150,1869.69,16271.9,-2126.89,2026/01/29 20:26:50
17151,1869.8,16224,-2122.59,2026/01/29 20:26:50
17152,1869.91,16084.5,-2112.34,2026/01/29 20:26:50
17153,1870.02,16051.4,-2107.74,2026/01/29 20:26:50
17154,1870.13,16173.4,-2142,2026/01/29 20:26:50
17155,1870.24,16214.4,-2146.03,2026/01/29 20:26:51
17156,1870.35,16235.4,-2138.45,2026/01/29 20:26:51
17157,1870.46,16292.7,-2126.33,2026/01/29 20:26:51
17158,1870.56,16337.1,-2121.75,2026/01/29 20:26:51
17159,1870.67,16344.4,-2128.43,2026/01/29 20:26:51
17160,1870.78,16291,-2128.87,2026/01/29 20:26:51
17161,1870.89,16247,-2127.06,2026/01/29 20:26:51
17162,1871,16163.1,-2108.78,2026/01/29 20:26:51
17163,1871.11,16079.8,-2117.24,2026/01/29 20:26:51
17164,1871.22,16199.8,-2143.58,2026/01/29 20:26:52
17165,1871.33,16218.8,-2137.39,2026/01/29 20:26:52
17166,1871.44,16252.7,-2133.99,2026/01/29 20:26:52
17167,1871.55,16340.2,-2120.98,2026/01/29 20:26:52
17168,1871.66,16364.1,-2120.95,2026/01/29 20:26:52
17169,1871.77,16344.5,-2125.08,2026/01/29 20:26:52
17170,1871.88,16300.3,-2125.93,2026/01/29 20:26:52
17171,1871.99,16252.7,-2124.64,2026/01/29 20:26:52
17172,1872.1,16154.9,-2111.16,2026/01/29 20:26:52
17173,1872.2,16111.1,-2114.51,2026/01/29 20:26:53
17174,1872.31,16208.4,-2133.84,2026/01/29 20:26:53
17175,1872.42,16242.3,-2135.78,2026/01/29 20:26:53
17176,1872.53,16274.6,-2134.07,2026/01/29 20:26:53
17177,1872.64,16352.2,-2119.86,2026/01/29 20:26:53
17178,1872.75,16355.6,-2123.21,2026/01/29 20:26:53
17179,1872.86,16368.3,-2127.41,2026/01/29 20:26:53
17180,1872.97,16274.8,-2130.04,2026/01/29 20:26:53
17181,1873.07,16224.6,-2128.72,2026/01/29 20:26:53
17182,1873.18,16190.3,-2128.61,2026/01/29 20:26:54
17183,1873.29,16213,-2135.92,2026/01/29 20:26:54
17184,1873.4,16249.2,-2139.23,2026/01/29 20:26:54
17185,1873.51,16262.4,-2134.74,2026/01/29 20:26:54
17186,1873.62,16346.1,-2125.03,2026/01/29 20:26:54
17187,1873.73,16358.9,-2121.49,2026/01/29 20:26:54
17188,1873.84,16347.2,-2125.93,2026/01/29 20:26:54
17189,1873.95,16314.2,-2134.16,2026/01/29 20:26:54
17190,1874.06,16260.5,-2128.37,2026/01/29 20:26:54
17191,1874.17,16185.8,-2123,2026/01/29 20:26:55
17192,1874.28,16162.8,-2124.84,2026/01/29 20:26:55
17193,1874.38,16215.2,-2138.28,2026/01/29 20:26:55
17194,1874.49,16237.8,-2146.24,2026/01/29 20:26:55
17195,1874.6,16264.5,-2134.76,2026/01/29 20:26:55
17196,1874.71,16333,-2125.71,2026/01/29 20:26:55
17197,1874.82,16355.3,-2121.03,2026/01/29 20:26:55
17198,1874.93,16357,-2130.1,2026/01/29 20:26:55
17199,1875.04,16277.7,-2129.45,2026/01/29 20:26:55
17200,1875.15,16227.7,-2127.21,2026/01/29 20:26:56
17201,1875.26,16164.3,-2120.18,2026/01/29 20:26:56
17202,1875.37,16201.5,-2135.47,2026/01/29 20:26:56
17203,1875.48,16234,-2143.91,2026/01/29 20:26:56
17204,1875.59,16252.2,-2137.96,2026/01/29 20:26:56
17205,1875.7,16330.9,-2124.19,2026/01/29 20:26:56
17206,1875.8,16357.1,-2122.81,2026/01/29 20:26:56
17207,1875.91,16352.8,-2128.46,2026/01/29 20:26:56
17208,1876.02,16289.9,-2130.71,2026/01/29 20:26:56
17209,1876.13,16243.3,-2129.49,2026/01/29 20:26:56
17210,1876.24,16139.5,-2112.29,2026/01/29 20:26:57
17211,1876.35,16166.5,-2134.06,2026/01/29 20:26:57
17212,1876.46,16221.7,-2141.37,2026/01/29 20:26:57
17213,1876.57,16239.4,-2139.83,2026/01/29 20:26:57
17214,1876.68,16289.8,-2130.29,2026/01/29 20:26:57
17215,1876.79,16335.5,-2123.3,2026/01/29 20:26:57
17216,1876.9,16343.6,-2124.31,2026/01/29 20:26:57
17217,1877.01,16355.3,-2130.9,2026/01/29 20:26:57
17218,1877.11,16270.6,-2128.12,2026/01/29 20:26:57
17219,1877.22,16231,-2129.07,2026/01/29 20:26:58
17220,1877.33,16146.1,-2114.97,2026/01/29 20:26:58
17221,1877.44,16154.6,-2124.74,2026/01/29 20:26:58
17222,1877.55,16206,-2138.38,2026/01/29 20:26:58
17223,1877.66,16238.8,-2146.21,2026/01/29 20:26:58
17224,1877.77,16247.3,-2137.86,2026/01/29 20:26:58
17225,1877.88,16318.7,-2124.68,2026/01/29 20:26:58
17226,1877.99,16327.4,-2122.78,2026/01/29 20:26:58
17227,1878.09,16337.9,-2134.19,2026/01/29 20:26:58
17228,1878.2,16260.7,-2130.33,2026/01/29 20:26:59
17229,1878.31,16185.2,-2122.06,2026/01/29 20:26:59
17230,1878.42,16072,-2120.44,2026/01/29 20:26:59
17231,1878.53,16200.4,-2141.08,2026/01/29 20:26:59
17232,1878.64,16243.6,-2146.39,2026/01/29 20:26:59
17233,1878.75,16241.6,-2135.99,2026/01/29 20:26:59
17234,1878.86,16320.3,-2123.57,2026/01/29 20:26:59
17235,1878.97,16331.3,-2122.42,2026/01/29 20:26:59
17236,1879.08,16356.6,-2127.42,2026/01/29 20:26:59
17237,1879.19,16260.7,-2127.98,2026/01/29 20:27:00
17238,1879.29,16218.5,-2128.28,2026/01/29 20:27:00
17239,1879.4,16165.6,-2122.42,2026/01/29 20:27:00
17240,1879.51,16217.2,-2137.98,2026/01/29 20:27:00
17241,1879.62,16247.8,-2146.83,2026/01/29 20:27:00
17242,1879.73,16256.8,-2136.17,2026/01/29 20:27:00
17243,1879.84,16341.8,-2123.54,2026/01/29 20:27:00
17244,1879.95,16356.3,-2122.14,2026/01/29 20:27:00
17245,1880.06,16359,-2128.58,2026/01/29 20:27:00
17246,1880.17,16273.5,-2130.28,2026/01/29 20:27:01
17247,1880.28,16224.8,-2124.8,2026/01/29 20:27:01
17248,1880.39,16195.4,-2132.54,2026/01/29 20:27:01
17249,1880.49,16238.4,-2137.69,2026/01/29 20:27:01
17250,1880.6,16254.2,-2134.55,2026/01/29 20:27:01
17251,1880.71,16340.6,-2124.9,2026/01/29 20:27:01
17252,1880.82,16358.7,-2119.98,2026/01/29 20:27:01
17253,1880.93,16344.9,-2126.74,2026/01/29 20:27:01
17254,1881.04,16297.6,-2130.6,2026/01/29 20:27:01
17255,1881.15,16252.1,-2130.78,2026/01/29 20:27:02
17256,1881.26,16178.7,-2118,2026/01/29 20:27:02
17257,1881.37,16188.5,-2135.05,2026/01/29 20:27:02
17258,1881.48,16244,-2142.28,2026/01/29 20:27:02
17259,1881.58,16258.7,-2137.8,2026/01/29 20:27:02
17260,1881.69,16346.7,-2120.54,2026/01/29 20:27:02
17261,1881.8,16359.3,-2122.76,2026/01/29 20:27:02
17262,1881.91,16347.7,-2126.54,2026/01/29 20:27:02
17263,1882.02,16293.5,-2130.53,2026/01/29 20:27:02
17264,1882.13,16242,-2130.38,2026/01/29 20:27:02
17265,1882.24,16144.5,-2112.54,2026/01/29 20:27:03
17266,1882.35,16217.1,-2137.35,2026/01/29 20:27:03
17267,1882.46,16252.3,-2137.24,2026/01/29 20:27:03
17268,1882.57,16309,-2130.93,2026/01/29 20:27:03
17269,1882.67,16363.1,-2123.45,2026/01/29 20:27:03
17270,1882.79,16358.7,-2123.28,2026/01/29 20:27:03
17271,1882.89,16368.4,-2128.48,2026/01/29 20:27:03
17272,1883,16276,-2132.76,2026/01/29 20:27:03
17273,1883.11,16205.7,-2122.14,2026/01/29 20:27:03
17274,1883.22,16147.3,-2116.74,2026/01/29 20:27:04
17275,1883.33,16221.7,-2135.96,2026/01/29 20:27:04
17276,1883.44,16264.4,-2140,2026/01/29 20:27:04
17277,1883.55,16298.4,-2132.17,2026/01/29 20:27:04
17278,1883.66,16349.3,-2122.41,2026/01/29 20:27:04
17279,1883.77,16349.9,-2124.34,2026/01/29 20:27:04
17280,1883.88,16334.4,-2132.22,2026/01/29 20:27:04
17281,1883.99,16272.7,-2130.11,2026/01/29 20:27:04
17282,1884.1,16200.2,-2121.56,2026/01/29 20:27:04
17283,1884.21,16140.3,-2116.44,2026/01/29 20:27:05
17284,1884.32,16233.5,-2136.34,2026/01/29 20:27:05
17285,1884.43,16261.8,-2132.86,2026/01/29 20:27:05
17286,1884.53,16329.5,-2126.99,2026/01/29 20:27:05
17287,1884.65,16357.9,-2121.93,2026/01/29 20:27:05
17288,1884.75,16369.7,-2125.7,2026/01/29 20:27:05
17289,1884.86,16288.1,-2129.83,2026/01/29 20:27:05
17290,1884.97,16249.4,-2127.69,2026/01/29 20:27:05
17291,1885.08,16128.2,-2109.61,2026/01/29 20:27:05
17292,1885.19,16145.5,-2121.41,2026/01/29 20:27:06
17293,1885.3,16227.5,-2139.91,2026/01/29 20:27:06
17294,1885.41,16258,-2134.75,2026/01/29 20:27:06
17295,1885.52,16314.7,-2128.62,2026/01/29 20:27:06
17296,1885.63,16350.7,-2122.02,2026/01/29 20:27:06
17297,1885.73,16365.3,-2128.73,2026/01/29 20:27:06
17298,1885.84,16278.2,-2128.28,2026/01/29 20:27:06
17299,1885.95,16234.1,-2125,2026/01/29 20:27:06
17300,1886.06,16189.8,-2129.84,2026/01/29 20:27:06
17301,1886.17,16242.4,-2137.82,2026/01/29 20:27:07
17302,1886.28,16263.5,-2134.94,2026/01/29 20:27:07
17303,1886.39,16347.9,-2124.57,2026/01/29 20:27:07
17304,1886.5,16368.7,-2120.16,2026/01/29 20:27:07
17305,1886.61,16355.8,-2123.34,2026/01/29 20:27:07
17306,1886.71,16332.5,-2126.23,2026/01/29 20:27:07
17307,1886.82,16263.8,-2128.17,2026/01/29 20:27:07
17308,1886.93,16184.2,-2114.24,2026/01/29 20:27:07
17309,1887.04,16203.6,-2135.27,2026/01/29 20:27:07
17310,1887.15,16244.8,-2137.99,2026/01/29 20:27:08
17311,1887.26,16278.2,-2136.46,2026/01/29 20:27:08
17312,1887.37,16365,-2120.62,2026/01/29 20:27:08
17313,1887.48,16364.2,-2122.3,2026/01/29 20:27:08
17314,1887.59,16369.3,-2128.43,2026/01/29 20:27:08
17315,1887.7,16287.6,-2128.66,2026/01/29 20:27:08
17316,1887.8,16238.9,-2130.44,2026/01/29 20:27:08
17317,1887.91,16153.3,-2112.65,2026/01/29 20:27:08
17318,1888.02,16205.9,-2136.9,2026/01/29 20:27:08
17319,1888.13,16262.8,-2139.1,2026/01/29 20:27:08
17320,1888.24,16292.6,-2131.98,2026/01/29 20:27:09
17321,1888.35,16347.1,-2121.46,2026/01/29 20:27:09
17322,1888.46,16352.6,-2124.34,2026/01/29 20:27:09
17323,1888.57,16370.3,-2127.77,2026/01/29 20:27:09
17324,1888.68,16280.2,-2128.03,2026/01/29 20:27:09
17325,1888.78,16226.3,-2126.63,2026/01/29 20:27:09
17326,1888.89,16152.4,-2114.68,2026/01/29 20:27:09
17327,1889,16218.5,-2136.34,2026/01/29 20:27:09
17328,1889.11,16265.6,-2137.46,2026/01/29 20:27:09
17329,1889.22,16270.4,-2132.94,2026/01/29 20:27:10
17330,1889.33,16331.9,-2125.3,2026/01/29 20:27:10
17331,1889.44,16340,-2121.55,2026/01/29 20:27:10
17332,1889.55,16372.2,-2126.89,2026/01/29 20:27:10
17333,1889.66,16274.3,-2127.46,2026/01/29 20:27:10
17334,1889.77,16233,-2125.74,2026/01/29 20:27:10
17335,1889.87,16168.1,-2116.42,2026/01/29 20:27:10
17336,1889.98,16223.7,-2135.06,2026/01/29 20:27:10
17337,1890.09,16261,-2142.03,2026/01/29 20:27:10
17338,1890.2,16273,-2134.49,2026/01/29 20:27:11
17339,1890.31,16332.5,-2122.46,2026/01/29 20:27:11
17340,1890.42,16350.3,-2122.77,2026/01/29 20:27:11
17341,1890.53,16354.4,-2123.93,2026/01/29 20:27:11
17342,1890.64,16306.5,-2130.76,2026/01/29 20:27:11
17343,1890.75,16262.9,-2129.59,2026/01/29 20:27:11
17344,1890.86,16159.4,-2110.74,2026/01/29 20:27:11
17345,1890.97,16197.8,-2135.78,2026/01/29 20:27:11
17346,1891.07,16246,-2140.47,2026/01/29 20:27:11
17347,1891.18,16256.1,-2137.6,2026/01/29 20:27:12
17348,1891.29,16330.1,-2126.23,2026/01/29 20:27:12
17349,1891.4,16355.6,-2120.85,2026/01/29 20:27:12
17350,1891.51,16369,-2127.79,2026/01/29 20:27:12
17351,1891.62,16282.7,-2128.96,2026/01/29 20:27:12
17352,1891.73,16237.6,-2128.39,2026/01/29 20:27:12
17353,1891.84,16137.9,-2113.45,2026/01/29 20:27:12
17354,1891.95,16202.2,-2133.71,2026/01/29 20:27:12
17355,1892.06,16243.2,-2146.66,2026/01/29 20:27:12
17356,1892.17,16276.2,-2135.89,2026/01/29 20:27:13
17357,1892.28,16340.5,-2121.98,2026/01/29 20:27:13
17358,1892.39,16357,-2122.57,2026/01/29 20:27:13
17359,1892.49,16367.4,-2128.54,2026/01/29 20:27:13
17360,1892.6,16283.9,-2129.31,2026/01/29 20:27:13
17361,1892.71,16223.7,-2126.43,2026/01/29 20:27:13
17362,1892.82,16123.1,-2113.83,2026/01/29 20:27:13
17363,1892.93,16193.4,-2137.84,2026/01/29 20:27:13
17364,1893.04,16231.6,-2140.17,2026/01/29 20:27:13
17365,1893.15,16277.2,-2133,2026/01/29 20:27:14
17366,1893.26,16343.4,-2124.07,2026/01/29 20:27:14
17367,1893.37,16354.8,-2120.21,2026/01/29 20:27:14
17368,1893.48,16338.9,-2131.79,2026/01/29 20:27:14
17369,1893.58,16276.2,-2130.24,2026/01/29 20:27:14
17370,1893.69,16134.8,-2110.88,2026/01/29 20:27:14
17371,1893.8,16160.3,-2132.89,2026/01/29 20:27:14
17372,1893.91,16234.5,-2137.51,2026/01/29 20:27:14
17373,1894.02,16258.5,-2136.1,2026/01/29 20:27:14
17374,1894.13,16347.9,-2122.29,2026/01/29 20:27:14
17375,1894.24,16369.2,-2120.57,2026/01/29 20:27:15
17376,1894.35,16372.4,-2125.15,2026/01/29 20:27:15
17377,1894.45,16294.1,-2128.38,2026/01/29 20:27:15
17378,1894.56,16231.5,-2122.71,2026/01/29 20:27:15
17379,1894.67,16135.1,-2115.38,2026/01/29 20:27:15
17380,1894.78,16214.8,-2135.93,2026/01/29 20:27:15
17381,1894.89,16243.1,-2145.43,2026/01/29 20:27:15
17382,1895,16268.5,-2135.96,2026/01/29 20:27:15
17383,1895.11,16356.8,-2122.3,2026/01/29 20:27:15
17384,1895.22,16361.9,-2121.55,2026/01/29 20:27:16
17385,1895.33,16380.1,-2126.29,2026/01/29 20:27:16
17386,1895.44,16281.3,-2129.11,2026/01/29 20:27:16
17387,1895.54,16220.6,-2128.27,2026/01/29 20:27:16
17388,1895.65,16218.5,-2131.68,2026/01/29 20:27:16
17389,1895.76,16254.9,-2137.53,2026/01/29 20:27:16
17390,1895.87,16264.7,-2134.43,2026/01/29 20:27:16
17391,1895.98,16343.4,-2125.41,2026/01/29 20:27:16
17392,1896.09,16378.6,-2119.66,2026/01/29 20:27:16
17393,1896.2,16361.2,-2123.28,2026/01/29 20:27:17
17394,1896.3,16334.3,-2125.27,2026/01/29 20:27:17
17395,1896.41,16272.6,-2132.31,2026/01/29 20:27:17
17396,1896.52,16214.4,-2124.46,2026/01/29 20:27:17
17397,1896.63,16205.2,-2131.76,2026/01/29 20:27:17
17398,1896.74,16249.8,-2135.53,2026/01/29 20:27:17
17399,1896.85,16279.9,-2131.62,2026/01/29 20:27:17
17400,1896.96,16328.6,-2127.58,2026/01/29 20:27:17
17401,1897.06,16372.8,-2120.94,2026/01/29 20:27:17
17402,1897.18,16356.6,-2123.16,2026/01/29 20:27:18
17403,1897.28,16314.3,-2129.15,2026/01/29 20:27:18
17404,1897.39,16262.2,-2127.93,2026/01/29 20:27:18
17405,1897.5,16162.1,-2111.27,2026/01/29 20:27:18
17406,1897.61,16219.1,-2137.18,2026/01/29 20:27:18
17407,1897.72,16263.5,-2144.72,2026/01/29 20:27:18
17408,1897.83,16277.9,-2135.24,2026/01/29 20:27:18
17409,1897.94,16350.3,-2121.62,2026/01/29 20:27:18
17410,1898.05,16363.1,-2122.05,2026/01/29 20:27:18
17411,1898.16,16373.8,-2126.8,2026/01/29 20:27:19
17412,1898.27,16280.9,-2128.4,2026/01/29 20:27:19
17413,1898.38,16223.5,-2125.4,2026/01/29 20:27:19
17414,1898.49,16155.5,-2111.39,2026/01/29 20:27:19
17415,1898.59,16232.4,-2133.38,2026/01/29 20:27:19
17416,1898.7,16280,-2139.54,2026/01/29 20:27:19
17417,1898.81,16308.2,-2128.92,2026/01/29 20:27:19
17418,1898.92,16368.1,-2122.75,2026/01/29 20:27:19
17419,1899.03,16369.8,-2121.04,2026/01/29 20:27:19
17420,1899.14,16373.7,-2127.56,2026/01/29 20:27:20
17421,1899.24,16277,-2127.62,2026/01/29 20:27:20
17422,1899.35,16217.9,-2124.51,2026/01/29 20:27:20
17423,1899.46,16189.6,-2118.52,2026/01/29 20:27:20
17424,1899.57,16240.8,-2136.36,2026/01/29 20:27:20
17425,1899.68,16277.8,-2132.19,2026/01/29 20:27:20
17426,1899.79,16312,-2133.07,2026/01/29 20:27:20
17427,1899.9,16371.4,-2120.94,2026/01/29 20:27:20
17428,1900.01,16361.9,-2122.23,2026/01/29 20:27:20
17429,1900.12,16350.5,-2126.75,2026/01/29 20:27:20
17430,1900.23,16276.9,-2128.87,2026/01/29 20:27:21
17431,1900.34,16233.4,-2128.46,2026/01/29 20:27:21
17432,1900.44,16231.2,-2129.13,2026/01/29 20:27:21
17433,1900.55,16249.5,-2138.39,2026/01/29 20:27:21
17434,1900.66,16265.1,-2136.74,2026/01/29 20:27:21
17435,1900.77,16337.9,-2124.85,2026/01/29 20:27:21
17436,1900.88,16370.1,-2119.21,2026/01/29 20:27:21
17437,1900.99,16368,-2127.79,2026/01/29 20:27:21
17438,1901.1,16292.2,-2128.24,2026/01/29 20:27:21
17439,1901.21,16254.8,-2127.11,2026/01/29 20:27:22
17440,1901.31,16195.8,-2121.67,2026/01/29 20:27:22
17441,1901.42,16212.7,-2131.26,2026/01/29 20:27:22
17442,1901.53,16266.1,-2143.56,2026/01/29 20:27:22
17443,1901.64,16288,-2132.01,2026/01/29 20:27:22
17444,1901.75,16336.8,-2125.29,2026/01/29 20:27:22
17445,1901.86,16358.4,-2123.36,2026/01/29 20:27:22
17446,1901.97,16324.9,-2130.14,2026/01/29 20:27:22
17447,1902.08,16273.7,-2128.84,2026/01/29 20:27:22
17448,1902.18,16220.7,-2125.74,2026/01/29 20:27:23
17449,1902.29,16215.2,-2132.64,2026/01/29 20:27:23
17450,1902.4,16271.8,-2134.17,2026/01/29 20:27:23
17451,1902.51,16275.7,-2133.13,2026/01/29 20:27:23
17452,1902.62,16348.7,-2123.89,2026/01/29 20:27:23
17453,1902.73,16374.9,-2120.71,2026/01/29 20:27:23
17454,1902.84,16362.9,-2122.49,2026/01/29 20:27:23
17455,1902.95,16320.6,-2133.54,2026/01/29 20:27:23
17456,1903.06,16275.1,-2126.03,2026/01/29 20:27:23
17457,1903.17,16208.7,-2126.69,2026/01/29 20:27:24
17458,1903.28,16231.8,-2130.32,2026/01/29 20:27:24
17459,1903.39,16253.5,-2140.45,2026/01/29 20:27:24
17460,1903.5,16270.2,-2133.97,2026/01/29 20:27:24
17461,1903.6,16363.1,-2121.37,2026/01/29 20:27:24
17462,1903.71,16369.5,-2121.11,2026/01/29 20:27:24
17463,1903.82,16379.8,-2124.61,2026/01/29 20:27:24
17464,1903.93,16292.5,-2126.09,2026/01/29 20:27:24
17465,1904.04,16256.6,-2126.91,2026/01/29 20:27:24
17466,1904.15,16202.3,-2124.47,2026/01/29 20:27:25
17467,1904.26,16225.3,-2132.08,2026/01/29 20:27:25
17468,1904.37,16263.3,-2138.57,2026/01/29 20:27:25
17469,1904.48,16266.2,-2132.6,2026/01/29 20:27:25
17470,1904.58,16296.5,-2130.37,2026/01/29 20:27:25
17471,1904.69,16344.5,-2121.5,2026/01/29 20:27:25
17472,1904.8,16351.4,-2122.79,2026/01/29 20:27:25
17473,1904.91,16313.1,-2129.04,2026/01/29 20:27:25
17474,1905.02,16269.3,-2125.04,2026/01/29 20:27:25
17475,1905.13,16214.4,-2127.45,2026/01/29 20:27:25
17476,1905.24,16237.3,-2125.65,2026/01/29 20:27:26
17477,1905.35,16261.4,-2135.96,2026/01/29 20:27:26
17478,1905.46,16280.2,-2132.6,2026/01/29 20:27:26
17479,1905.57,16345.4,-2123.4,2026/01/29 20:27:26
17480,1905.67,16365.2,-2120.48,2026/01/29 20:27:26
17481,1905.78,16375.5,-2126.03,2026/01/29 20:27:26
17482,1905.89,16283.5,-2130.48,2026/01/29 20:27:26
17483,1906,16234.7,-2125.57,2026/01/29 20:27:26
17484,1906.11,16176,-2116.47,2026/01/29 20:27:26
17485,1906.22,16250.3,-2136.4,2026/01/29 20:27:27
17486,1906.33,16269.9,-2132.12,2026/01/29 20:27:27
17487,1906.44,16320.4,-2126.73,2026/01/29 20:27:27
17488,1906.54,16368.7,-2120.92,2026/01/29 20:27:27
17489,1906.65,16363,-2120.62,2026/01/29 20:27:27
17490,1906.76,16342.1,-2126.43,2026/01/29 20:27:27
17491,1906.87,16277.6,-2130.18,2026/01/29 20:27:27
17492,1906.98,16228.4,-2123.71,2026/01/29 20:27:27
17493,1907.09,16227.4,-2132.07,2026/01/29 20:27:27
17494,1907.2,16278.1,-2132.99,2026/01/29 20:27:28
17495,1907.31,16268.3,-2136.77,2026/01/29 20:27:28
17496,1907.42,16333,-2125.23,2026/01/29 20:27:28
17497,1907.52,16361.6,-2122.2,2026/01/29 20:27:28
17498,1907.64,16367.1,-2120.24,2026/01/29 20:27:28
17499,1907.74,16344.9,-2127.66,2026/01/29 20:27:28
17500,1907.85,16272.8,-2129.01,2026/01/29 20:27:28
17501,1907.96,16222.1,-2124.71,2026/01/29 20:27:28
17502,1908.07,16246.5,-2129.53,2026/01/29 20:27:28
17503,1908.18,16262.7,-2134.65,2026/01/29 20:27:29
17504,1908.29,16300.3,-2128.44,2026/01/29 20:27:29
17505,1908.4,16367,-2122.23,2026/01/29 20:27:29
17506,1908.51,16367.4,-2119.28,2026/01/29 20:27:29
17507,1908.61,16366.4,-2126.77,2026/01/29 20:27:29
17508,1908.72,16279.2,-2124.71,2026/01/29 20:27:29
17509,1908.83,16234.6,-2123.22,2026/01/29 20:27:29
17510,1908.94,16244.1,-2126.68,2026/01/29 20:27:29
17511,1909.05,16253.1,-2137.47,2026/01/29 20:27:29
17512,1909.16,16271.6,-2133.31,2026/01/29 20:27:30
17513,1909.27,16333.6,-2125.69,2026/01/29 20:27:30
17514,1909.38,16364.1,-2118,2026/01/29 20:27:30
17515,1909.49,16377.2,-2127.29,2026/01/29 20:27:30
17516,1909.6,16299,-2126.13,2026/01/29 20:27:30
17517,1909.7,16270.2,-2128.85,2026/01/29 20:27:30
17518,1909.81,16221.8,-2124.13,2026/01/29 20:27:30
17519,1909.92,16213,-2129.76,2026/01/29 20:27:30
17520,1910.03,16254,-2134.55,2026/01/29 20:27:30
17521,1910.14,16274.2,-2137.27,2026/01/29 20:27:31
17522,1910.25,16277.3,-2134.22,2026/01/29 20:27:31
17523,1910.35,16336.7,-2124.39,2026/01/29 20:27:31
17524,1910.46,16350.3,-2123.89,2026/01/29 20:27:31
17525,1910.57,16319.2,-2129.46,2026/01/29 20:27:31
17526,1910.68,16273.4,-2126.84,2026/01/29 20:27:31
17527,1910.79,16221.6,-2125.09,2026/01/29 20:27:31
17528,1910.9,16237.8,-2129.14,2026/01/29 20:27:31
17529,1911.01,16278,-2139.46,2026/01/29 20:27:31
17530,1911.12,16276.8,-2132.03,2026/01/29 20:27:31
17531,1911.23,16344.4,-2124,2026/01/29 20:27:32
17532,1911.34,16381.7,-2121.41,2026/01/29 20:27:32
17533,1911.44,16366.4,-2123.39,2026/01/29 20:27:32
17534,1911.55,16304,-2129.43,2026/01/29 20:27:32
17535,1911.66,16262.5,-2125.75,2026/01/29 20:27:32
17536,1911.77,16197.1,-2121.99,2026/01/29 20:27:32
17537,1911.88,16241.8,-2132.42,2026/01/29 20:27:32
17538,1911.99,16264.4,-2134.42,2026/01/29 20:27:32
17539,1912.1,16347,-2126.37,2026/01/29 20:27:32
17540,1912.21,16393.1,-2121.1,2026/01/29 20:27:33
17541,1912.32,16376.6,-2122.69,2026/01/29 20:27:33
17542,1912.43,16318.8,-2126.61,2026/01/29 20:27:33
17543,1912.54,16274.4,-2124.64,2026/01/29 20:27:33
17544,1912.65,16237.7,-2124.98,2026/01/29 20:27:33
17545,1912.75,16268.4,-2133.06,2026/01/29 20:27:33
17546,1912.87,16261.2,-2137.13,2026/01/29 20:27:33
17547,1912.97,16297.7,-2129.65,2026/01/29 20:27:33
17548,1913.08,16371.9,-2122.37,2026/01/29 20:27:33
17549,1913.19,16376.4,-2119.87,2026/01/29 20:27:34
17550,1913.3,16323,-2127.12,2026/01/29 20:27:34
17551,1913.41,16275.2,-2125.76,2026/01/29 20:27:34
17552,1913.52,16241.3,-2124.96,2026/01/29 20:27:34
17553,1913.63,16270.8,-2125.37,2026/01/29 20:27:34
17554,1913.74,16264,-2133.05,2026/01/29 20:27:34
17555,1913.85,16304.4,-2128.28,2026/01/29 20:27:34
17556,1913.96,16367,-2119.86,2026/01/29 20:27:34
17557,1914.07,16371.9,-2121.37,2026/01/29 20:27:34
17558,1914.18,16392.4,-2121.79,2026/01/29 20:27:35
17559,1914.29,16303.7,-2129.05,2026/01/29 20:27:35
17560,1914.39,16278.1,-2126.37,2026/01/29 20:27:35
17561,1914.5,16237.5,-2126.78,2026/01/29 20:27:35
17562,1914.61,16258.5,-2129,2026/01/29 20:27:35
17563,1914.72,16268.2,-2138.55,2026/01/29 20:27:35
17564,1914.83,16274.3,-2131.86,2026/01/29 20:27:35
17565,1914.94,16310.9,-2125.42,2026/01/29 20:27:35
17566,1915.05,16347.2,-2122.97,2026/01/29 20:27:35
17567,1915.16,16370.8,-2117.12,2026/01/29 20:27:36
17568,1915.27,16371,-2120.69,2026/01/29 20:27:36
17569,1915.37,16374.5,-2117.39,2026/01/29 20:27:36
17570,1915.48,16388,-2123.96,2026/01/29 20:27:36
17571,1915.59,16328.9,-2127.43,2026/01/29 20:27:36
17572,1915.7,16287.6,-2125.46,2026/01/29 20:27:36
17573,1915.81,16253.9,-2126.16,2026/01/29 20:27:36
17574,1915.92,16248.8,-2126.48,2026/01/29 20:27:36
17575,1916.03,16262.6,-2123.98,2026/01/29 20:27:36
17576,1916.14,16270.2,-2134.04,2026/01/29 20:27:37
17577,1916.25,16266.2,-2134.36,2026/01/29 20:27:37
17578,1916.35,16292.7,-2130.58,2026/01/29 20:27:37
17579,1916.46,16342.6,-2123.63,2026/01/29 20:27:37
17580,1916.57,16372.7,-2117.83,2026/01/29 20:27:37
17581,1916.68,16373,-2125.06,2026/01/29 20:27:37
17582,1916.79,16315.9,-2126.69,2026/01/29 20:27:37
17583,1916.9,16275.6,-2128,2026/01/29 20:27:37
17584,1917.01,16219.2,-2125.08,2026/01/29 20:27:37
17585,1917.12,16235.3,-2129.36,2026/01/29 20:27:37
17586,1917.23,16283.1,-2141.04,2026/01/29 20:27:38
17587,1917.34,16278.5,-2131.88,2026/01/29 20:27:38
17588,1917.45,16338.4,-2128.56,2026/01/29 20:27:38
17589,1917.55,16389.5,-2117.19,2026/01/29 20:27:38
17590,1917.66,16378,-2122.29,2026/01/29 20:27:38
17591,1917.77,16347.9,-2126.09,2026/01/29 20:27:38
17592,1917.88,16288.5,-2125.31,2026/01/29 20:27:38
17593,1917.99,16240.6,-2124.6,2026/01/29 20:27:38
17594,1918.1,16260,-2125.51,2026/01/29 20:27:38
17595,1918.21,16264.6,-2138.09,2026/01/29 20:27:39
17596,1918.31,16293.9,-2130.35,2026/01/29 20:27:39
17597,1918.42,16376.8,-2121.79,2026/01/29 20:27:39
17598,1918.53,16386.1,-2117.47,2026/01/29 20:27:39
17599,1918.64,16392.5,-2124.74,2026/01/29 20:27:39
17600,1918.75,16298.9,-2127.13,2026/01/29 20:27:39
17601,1918.86,16252.2,-2123.55,2026/01/29 20:27:39
17602,1918.97,16215.1,-2126.57,2026/01/29 20:27:39
17603,1919.08,16258.5,-2131.97,2026/01/29 20:27:39
17604,1919.18,16281.4,-2136.07,2026/01/29 20:27:40
17605,1919.29,16351.4,-2124.84,2026/01/29 20:27:40
17606,1919.4,16393.2,-2120.79,2026/01/29 20:27:40
17607,1919.51,16384.9,-2120.72,2026/01/29 20:27:40
17608,1919.62,16385.9,-2126.63,2026/01/29 20:27:40
17609,1919.73,16301.8,-2127.74,2026/01/29 20:27:40
17610,1919.83,16256,-2122.96,2026/01/29 20:27:40
17611,1919.94,16172.6,-2111.51,2026/01/29 20:27:40
17612,1920.05,16247.3,-2133.75,2026/01/29 20:27:40
17613,1920.16,16270.2,-2136.56,2026/01/29 20:27:41
17614,1920.27,16290.7,-2135.65,2026/01/29 20:27:41
17615,1920.38,16364.9,-2122.63,2026/01/29 20:27:41
17616,1920.49,16384.8,-2120.19,2026/01/29 20:27:41
17617,1920.6,16390.5,-2125.55,2026/01/29 20:27:41
17618,1920.71,16316.7,-2127.48,2026/01/29 20:27:41
17619,1920.82,16273.8,-2127.55,2026/01/29 20:27:41
17620,1920.92,16227.8,-2126.37,2026/01/29 20:27:41
17621,1921.04,16256.5,-2135.1,2026/01/29 20:27:41
17622,1921.14,16277.6,-2132.17,2026/01/29 20:27:42
17623,1921.25,16320,-2128.64,2026/01/29 20:27:42
17624,1921.36,16374.5,-2120.49,2026/01/29 20:27:42
17625,1921.47,16386.6,-2121.04,2026/01/29 20:27:42
17626,1921.58,16390.8,-2123.2,2026/01/29 20:27:42
17627,1921.69,16314.3,-2127.43,2026/01/29 20:27:42
17628,1921.8,16272.7,-2127.23,2026/01/29 20:27:42
17629,1921.91,16204.1,-2115.35,2026/01/29 20:27:42
17630,1922.01,16241.9,-2133.1,2026/01/29 20:27:42
17631,1922.12,16265,-2138.63,2026/01/29 20:27:42
17632,1922.23,16329.4,-2128.92,2026/01/29 20:27:43
17633,1922.34,16390.9,-2120.55,2026/01/29 20:27:43
17634,1922.45,16398.4,-2120.56,2026/01/29 20:27:43
17635,1922.56,16393.3,-2119.94,2026/01/29 20:27:43
17636,1922.67,16396.3,-2128.35,2026/01/29 20:27:43
17637,1922.78,16316.3,-2125.53,2026/01/29 20:27:43
17638,1922.88,16263,-2127.61,2026/01/29 20:27:43
17639,1922.99,16204.2,-2116.82,2026/01/29 20:27:43
17640,1923.1,16244.2,-2133.23,2026/01/29 20:27:43
17641,1923.21,16274,-2138.25,2026/01/29 20:27:44
17642,1923.32,16308.4,-2132.98,2026/01/29 20:27:44
17643,1923.43,16363.4,-2124.1,2026/01/29 20:27:44
17644,1923.54,16386,-2117.69,2026/01/29 20:27:44
17645,1923.65,16382.1,-2126.85,2026/01/29 20:27:44
17646,1923.76,16337,-2126.69,2026/01/29 20:27:44
17647,1923.86,16294.4,-2128.73,2026/01/29 20:27:44
17648,1923.97,16212.5,-2116.35,2026/01/29 20:27:44
17649,1924.08,16213.4,-2124.18,2026/01/29 20:27:44
17650,1924.19,16271.6,-2141.12,2026/01/29 20:27:45
17651,1924.3,16291.6,-2136.31,2026/01/29 20:27:45
17652,1924.41,16341.2,-2128.76,2026/01/29 20:27:45
17653,1924.52,16395,-2122.28,2026/01/29 20:27:45
17654,1924.63,16400.3,-2118.64,2026/01/29 20:27:45
17655,1924.73,16397.8,-2126.24,2026/01/29 20:27:45
17656,1924.84,16322,-2125.46,2026/01/29 20:27:45
17657,1924.96,16274.7,-2128.25,2026/01/29 20:27:45
17658,1925.06,16213.3,-2118.2,2026/01/29 20:27:45
17659,1925.17,16251.8,-2134.39,2026/01/29 20:27:46
17660,1925.28,16270.2,-2136.02,2026/01/29 20:27:46
17661,1925.39,16314.2,-2132,2026/01/29 20:27:46
17662,1925.5,16392.2,-2120.74,2026/01/29 20:27:46
17663,1925.61,16409.3,-2120.91,2026/01/29 20:27:46
17664,1925.72,16400.9,-2119.25,2026/01/29 20:27:46
17665,1925.83,16393.2,-2125.26,2026/01/29 20:27:46
17666,1925.94,16313,-2124.25,2026/01/29 20:27:46
17667,1926.05,16233.5,-2126.15,2026/01/29 20:27:46
17668,1926.16,16233.9,-2130.74,2026/01/29 20:27:47
17669,1926.26,16264.8,-2138.61,2026/01/29 20:27:47
17670,1926.37,16314.2,-2130.04,2026/01/29 20:27:47
17671,1926.48,16404.9,-2120.52,2026/01/29 20:27:47
17672,1926.59,16412.6,-2119.2,2026/01/29 20:27:47
17673,1926.7,16398.3,-2120,2026/01/29 20:27:47
17674,1926.81,16365.6,-2125.11,2026/01/29 20:27:47
17675,1926.92,16296.4,-2125.33,2026/01/29 20:27:47
17676,1927.03,16215.6,-2116.46,2026/01/29 20:27:47
17677,1927.14,16265,-2133.56,2026/01/29 20:27:48
17678,1927.25,16274.6,-2132.72,2026/01/29 20:27:48
17679,1927.36,16342.2,-2129.93,2026/01/29 20:27:48
17680,1927.46,16401.8,-2119.68,2026/01/29 20:27:48
17681,1927.58,16410.8,-2119.89,2026/01/29 20:27:48
17682,1927.68,16397,-2120.24,2026/01/29 20:27:48
17683,1927.79,16374.2,-2126.53,2026/01/29 20:27:48
17684,1927.9,16308.5,-2124.8,2026/01/29 20:27:48
17685,1928.01,16239.3,-2124.82,2026/01/29 20:27:48
17686,1928.12,16273.3,-2131.66,2026/01/29 20:27:48
17687,1928.23,16279.3,-2133.02,2026/01/29 20:27:49
17688,1928.34,16327,-2127.28,2026/01/29 20:27:49
17689,1928.44,16401.9,-2120.13,2026/01/29 20:27:49
17690,1928.55,16410.9,-2118.59,2026/01/29 20:27:49
17691,1928.66,16399.9,-2118.16,2026/01/29 20:27:49
17692,1928.77,16397.4,-2127.76,2026/01/29 20:27:49
17693,1928.88,16314.3,-2122.83,2026/01/29 20:27:49
17694,1928.99,16272,-2126.91,2026/01/29 20:27:49
17695,1929.1,16244,-2121.23,2026/01/29 20:27:49
17696,1929.21,16263,-2129.51,2026/01/29 20:27:50
17697,1929.32,16284.7,-2134.25,2026/01/29 20:27:50
17698,1929.43,16334.9,-2129.32,2026/01/29 20:27:50
17699,1929.54,16401.9,-2121.24,2026/01/29 20:27:50
17700,1929.64,16405.7,-2118.46,2026/01/29 20:27:50
17701,1929.75,16403.3,-2126.01,2026/01/29 20:27:50
17702,1929.86,16318.9,-2127.14,2026/01/29 20:27:50
17703,1929.97,16271.1,-2124.15,2026/01/29 20:27:50
17704,1930.08,16196.3,-2111.88,2026/01/29 20:27:50
17705,1930.19,16232.5,-2131.22,2026/01/29 20:27:51
17706,1930.3,16285.1,-2137.29,2026/01/29 20:27:51
17707,1930.41,16314.6,-2133.47,2026/01/29 20:27:51
17708,1930.52,16399.9,-2122.33,2026/01/29 20:27:51
17709,1930.62,16413.2,-2119.97,2026/01/29 20:27:51
17710,1930.74,16400,-2121.59,2026/01/29 20:27:51
17711,1930.85,16368.6,-2126.82,2026/01/29 20:27:51
17712,1930.95,16304,-2124.9,2026/01/29 20:27:51
17713,1931.06,16238,-2123.67,2026/01/29 20:27:51
17714,1931.17,16229.9,-2129.45,2026/01/29 20:27:52
17715,1931.28,16275.7,-2130.8,2026/01/29 20:27:52
17716,1931.39,16296.9,-2135.81,2026/01/29 20:27:52
17717,1931.5,16359.5,-2125.38,2026/01/29 20:27:52
17718,1931.61,16402.2,-2122.44,2026/01/29 20:27:52
17719,1931.72,16404,-2119.33,2026/01/29 20:27:52
17720,1931.83,16397.4,-2122.6,2026/01/29 20:27:52
17721,1931.93,16342.7,-2128.33,2026/01/29 20:27:52
17722,1932.04,16300.9,-2124.5,2026/01/29 20:27:52
17723,1932.15,16233.6,-2120.64,2026/01/29 20:27:53
17724,1932.26,16195.2,-2112.76,2026/01/29 20:27:53
17725,1932.37,16237.7,-2133.27,2026/01/29 20:27:53
17726,1932.48,16276.9,-2138.31,2026/01/29 20:27:53
17727,1932.59,16299.7,-2134.82,2026/01/29 20:27:53
17728,1932.7,16368.2,-2126.19,2026/01/29 20:27:53
17729,1932.81,16393.7,-2120.5,2026/01/29 20:27:53
17730,1932.92,16394.6,-2121.24,2026/01/29 20:27:53
17731,1933.03,16401.3,-2127.16,2026/01/29 20:27:53
17732,1933.13,16316.8,-2126.35,2026/01/29 20:27:53
17733,1933.24,16248.4,-2119.76,2026/01/29 20:27:54
17734,1933.35,16170.8,-2116.15,2026/01/29 20:27:54
17735,1933.46,16270.7,-2131.9,2026/01/29 20:27:54
17736,1933.57,16279.9,-2137.31,2026/01/29 20:27:54
17737,1933.68,16335.6,-2126.57,2026/01/29 20:27:54
17738,1933.79,16387.2,-2122.28,2026/01/29 20:27:54
17739,1933.89,16395.9,-2119.26,2026/01/29 20:27:54
17740,1934.01,16393.3,-2123.17,2026/01/29 20:27:54
17741,1934.11,16333.4,-2128.03,2026/01/29 20:27:54
17742,1934.22,16294.6,-2126.02,2026/01/29 20:27:55
17743,1934.33,16236.7,-2124.76,2026/01/29 20:27:55
17744,1934.44,16259.3,-2125.72,2026/01/29 20:27:55
17745,1934.55,16281,-2133.61,2026/01/29 20:27:55
17746,1934.66,16305.3,-2132.46,2026/01/29 20:27:55
17747,1934.77,16365.9,-2124.19,2026/01/29 20:27:55
17748,1934.88,16391.4,-2120.34,2026/01/29 20:27:55
17749,1934.98,16389.1,-2121.39,2026/01/29 20:27:55
17750,1935.09,16352,-2127.49,2026/01/29 20:27:55
17751,1935.2,16302,-2126.14,2026/01/29 20:27:56
17752,1935.31,16238.6,-2122.3,2026/01/29 20:27:56
17753,1935.42,16232.6,-2130.23,2026/01/29 20:27:56
17754,1935.53,16276.7,-2133.7,2026/01/29 20:27:56
17755,1935.64,16291.3,-2135,2026/01/29 20:27:56
17756,1935.75,16345.4,-2127.61,2026/01/29 20:27:56
17757,1935.85,16399.8,-2121.31,2026/01/29 20:27:56
17758,1935.97,16413.3,-2118.67,2026/01/29 20:27:56
17759,1936.08,16394.7,-2123.11,2026/01/29 20:27:56
17760,1936.18,16366.6,-2126.29,2026/01/29 20:27:57
17761,1936.29,16299.7,-2126.94,2026/01/29 20:27:57
17762,1936.4,16256.5,-2124.53,2026/01/29 20:27:57
17763,1936.51,16232.1,-2126.47,2026/01/29 20:27:57
17764,1936.62,16277.9,-2136.13,2026/01/29 20:27:57
17765,1936.73,16295.9,-2134.8,2026/01/29 20:27:57
17766,1936.83,16344.2,-2128.92,2026/01/29 20:27:57
17767,1936.94,16392.2,-2119.41,2026/01/29 20:27:57
17768,1937.05,16394.3,-2122.28,2026/01/29 20:27:57
17769,1937.16,16395.9,-2121.14,2026/01/29 20:27:58
17770,1937.27,16352.5,-2128.79,2026/01/29 20:27:58
17771,1937.38,16295.3,-2125.88,2026/01/29 20:27:58
17772,1937.48,16236.3,-2120.45,2026/01/29 20:27:58
17773,1937.59,16208.2,-2118.51,2026/01/29 20:27:58
17774,1937.7,16260.3,-2127.91,2026/01/29 20:27:58
17775,1937.81,16271.6,-2141.81,2026/01/29 20:27:58
17776,1937.92,16302,-2134.16,2026/01/29 20:27:58
17777,1938.03,16384.1,-2124.95,2026/01/29 20:27:58
17778,1938.14,16404.1,-2119.8,2026/01/29 20:27:59
17779,1938.24,16408.4,-2119.55,2026/01/29 20:27:59
17780,1938.35,16401,-2125.51,2026/01/29 20:27:59
17781,1938.46,16334.1,-2125.07,2026/01/29 20:27:59
17782,1938.57,16279,-2127.61,2026/01/29 20:27:59
17783,1938.68,16217.8,-2115.52,2026/01/29 20:27:59
17784,1938.79,16270.4,-2139.53,2026/01/29 20:27:59
17785,1938.9,16285.3,-2129.53,2026/01/29 20:27:59
17786,1939.01,16331.1,-2129.49,2026/01/29 20:27:59
17787,1939.12,16390.3,-2117.86,2026/01/29 20:27:59
17788,1939.23,16402.1,-2119.22,2026/01/29 20:28:00
17789,1939.34,16396.4,-2121.83,2026/01/29 20:28:00
17790,1939.45,16336.9,-2126.39,2026/01/29 20:28:00
17791,1939.55,16294.2,-2125.36,2026/01/29 20:28:00
17792,1939.66,16222.1,-2120.13,2026/01/29 20:28:00
17793,1939.77,16227.6,-2133.18,2026/01/29 20:28:00
17794,1939.88,16269.4,-2133.92,2026/01/29 20:28:00
17795,1939.99,16293.2,-2137.24,2026/01/29 20:28:00
17796,1940.1,16377.1,-2123.83,2026/01/29 20:28:00
17797,1940.21,16409,-2120.92,2026/01/29 20:28:01
17798,1940.32,16400.9,-2120.45,2026/01/29 20:28:01
17799,1940.43,16404.4,-2126.3,2026/01/29 20:28:01
17800,1940.53,16312.5,-2126.68,2026/01/29 20:28:01
17801,1940.64,16244.6,-2122.51,2026/01/29 20:28:01
17802,1940.75,16192.9,-2113.56,2026/01/29 20:28:01
17803,1940.86,16257.4,-2129.62,2026/01/29 20:28:01
17804,1940.97,16260.6,-2143.2,2026/01/29 20:28:01
17805,1941.08,16311.3,-2131.87,2026/01/29 20:28:01
17806,1941.19,16402.1,-2122.03,2026/01/29 20:28:02
17807,1941.3,16416.6,-2119.04,2026/01/29 20:28:02
17808,1941.41,16402.2,-2121.93,2026/01/29 20:28:02
17809,1941.51,16385.3,-2124.21,2026/01/29 20:28:02
17810,1941.62,16315.5,-2125.08,2026/01/29 20:28:02
17811,1941.73,16241.6,-2124.91,2026/01/29 20:28:02
17812,1941.84,16222.2,-2120.89,2026/01/29 20:28:02
17813,1941.95,16266.4,-2142.29,2026/01/29 20:28:02
17814,1942.06,16278.9,-2136.51,2026/01/29 20:28:02
17815,1942.17,16331.7,-2129.91,2026/01/29 20:28:03
17816,1942.28,16391.8,-2121.26,2026/01/29 20:28:03
17817,1942.39,16399.4,-2119.35,2026/01/29 20:28:03
17818,1942.49,16397.6,-2127.52,2026/01/29 20:28:03
17819,1942.6,16317.6,-2125.05,2026/01/29 20:28:03
17820,1942.71,16255.1,-2126.3,2026/01/29 20:28:03
17821,1942.82,16222.2,-2120.82,2026/01/29 20:28:03
17822,1942.93,16260.8,-2130.29,2026/01/29 20:28:03
17823,1943.04,16279.3,-2137.9,2026/01/29 20:28:03
17824,1943.15,16329.8,-2131.09,2026/01/29 20:28:04
17825,1943.26,16405.8,-2121.92,2026/01/29 20:28:04
17826,1943.37,16418.3,-2118.87,2026/01/29 20:28:04
17827,1943.48,16408.1,-2120.48,2026/01/29 20:28:04
17828,1943.59,16411.7,-2124.77,2026/01/29 20:28:04
17829,1943.7,16319.3,-2125.89,2026/01/29 20:28:04
17830,1943.8,16253.1,-2121.34,2026/01/29 20:28:04
17831,1943.91,16189.5,-2111.02,2026/01/29 20:28:04
17832,1944.02,16254.6,-2128.99,2026/01/29 20:28:04
17833,1944.13,16265.3,-2139.53,2026/01/29 20:28:04
17834,1944.24,16301.8,-2132.28,2026/01/29 20:28:05
17835,1944.35,16354.5,-2126.21,2026/01/29 20:28:05
17836,1944.46,16384.1,-2118.64,2026/01/29 20:28:05
17837,1944.57,16401.3,-2124.22,2026/01/29 20:28:05
17838,1944.68,16330.1,-2126.09,2026/01/29 20:28:05
17839,1944.79,16288.6,-2124.43,2026/01/29 20:28:05
17840,1944.9,16199.2,-2108.59,2026/01/29 20:28:05
17841,1945.01,16214.5,-2125.05,2026/01/29 20:28:05
17842,1945.12,16262.2,-2137.95,2026/01/29 20:28:05
17843,1945.22,16272.4,-2136.87,2026/01/29 20:28:06
17844,1945.33,16327.4,-2127.3,2026/01/29 20:28:06
17845,1945.44,16382.5,-2120.89,2026/01/29 20:28:06
17846,1945.55,16386,-2119.97,2026/01/29 20:28:06
17847,1945.66,16398.3,-2127.57,2026/01/29 20:28:06
17848,1945.77,16313.6,-2125.04,2026/01/29 20:28:06
17849,1945.88,16264.2,-2123.29,2026/01/29 20:28:06
17850,1945.99,16210.1,-2113.74,2026/01/29 20:28:06
17851,1946.09,16277.3,-2135.19,2026/01/29 20:28:06
17852,1946.2,16278.8,-2136.11,2026/01/29 20:28:07
17853,1946.31,16312.1,-2132.11,2026/01/29 20:28:07
17854,1946.42,16376.1,-2121.86,2026/01/29 20:28:07
17855,1946.53,16389.5,-2123.25,2026/01/29 20:28:07
17856,1946.64,16394.7,-2120.88,2026/01/29 20:28:07
17857,1946.75,16331.3,-2128.8,2026/01/29 20:28:07
17858,1946.86,16297.8,-2124.37,2026/01/29 20:28:07
17859,1946.97,16215.1,-2117.77,2026/01/29 20:28:07
17860,1947.07,16253,-2130.1,2026/01/29 20:28:07
17861,1947.18,16268.2,-2136.61,2026/01/29 20:28:08
17862,1947.29,16312.7,-2134.46,2026/01/29 20:28:08
17863,1947.4,16377.9,-2124.69,2026/01/29 20:28:08
17864,1947.51,16411.9,-2120.96,2026/01/29 20:28:08
17865,1947.62,16404.8,-2120.75,2026/01/29 20:28:08
17866,1947.73,16357.3,-2128.35,2026/01/29 20:28:08
17867,1947.84,16308.1,-2121.91,2026/01/29 20:28:08
17868,1947.95,16256.5,-2124.4,2026/01/29 20:28:08
17869,1948.06,16249.8,-2122.42,2026/01/29 20:28:08
17870,1948.17,16281,-2138.37,2026/01/29 20:28:09
17871,1948.28,16312.7,-2132.07,2026/01/29 20:28:09
17872,1948.39,16378.8,-2127.88,2026/01/29 20:28:09
17873,1948.49,16438.3,-2123.73,2026/01/29 20:28:09
17874,1948.6,16429.2,-2119.85,2026/01/29 20:28:09
17875,1948.71,16420.6,-2127.82,2026/01/29 20:28:09
17876,1948.82,16324.7,-2125.05,2026/01/29 20:28:09
17877,1948.93,16275.9,-2123.35,2026/01/29 20:28:09
17878,1949.04,16245.8,-2125.99,2026/01/29 20:28:09
17879,1949.15,16273,-2131.47,2026/01/29 20:28:10
17880,1949.26,16299.5,-2136,2026/01/29 20:28:10
17881,1949.36,16343.4,-2130.1,2026/01/29 20:28:10
17882,1949.47,16426.4,-2121.97,2026/01/29 20:28:10
17883,1949.58,16435.6,-2120.86,2026/01/29 20:28:10
17884,1949.69,16406.1,-2125.3,2026/01/29 20:28:10
17885,1949.8,16355.4,-2126.29,2026/01/29 20:28:10
17886,1949.91,16308.1,-2124.85,2026/01/29 20:28:10
17887,1950.02,16269.2,-2123.15,2026/01/29 20:28:10
17888,1950.12,16237.7,-2124.47,2026/01/29 20:28:10
17889,1950.23,16280.4,-2134.58,2026/01/29 20:28:11
17890,1950.34,16317.2,-2132.54,2026/01/29 20:28:11
17891,1950.45,16379.3,-2125.84,2026/01/29 20:28:11
17892,1950.56,16416.1,-2118.7,2026/01/29 20:28:11
17893,1950.67,16406.8,-2125.08,2026/01/29 20:28:11
17894,1950.77,16344.2,-2125.29,2026/01/29 20:28:11
17895,1950.88,16304.4,-2122.47,2026/01/29 20:28:11
17896,1950.99,16271.8,-2121.38,2026/01/29 20:28:11
17897,1951.1,16285.1,-2125.68,2026/01/29 20:28:11
17898,1951.21,16291.5,-2132.26,2026/01/29 20:28:12
17899,1951.32,16319.3,-2131.47,2026/01/29 20:28:12
17900,1951.43,16411.7,-2121.38,2026/01/29 20:28:12
17901,1951.54,16431.7,-2120.54,2026/01/29 20:28:12
17902,1951.65,16411.1,-2119.97,2026/01/29 20:28:12
17903,1951.75,16376.3,-2122.91,2026/01/29 20:28:12
17904,1951.86,16317.5,-2124.19,2026/01/29 20:28:12
17905,1951.97,16263.2,-2121.01,2026/01/29 20:28:12
17906,1952.08,16247.8,-2127.22,2026/01/29 20:28:12
17907,1952.19,16290.1,-2131.53,2026/01/29 20:28:13
17908,1952.3,16327.9,-2131.46,2026/01/29 20:28:13
17909,1952.41,16418,-2120.49,2026/01/29 20:28:13
17910,1952.52,16432,-2117.7,2026/01/29 20:28:13
17911,1952.63,16412.7,-2121.07,2026/01/29 20:28:13
17912,1952.74,16408.5,-2127.67,2026/01/29 20:28:13
17913,1952.84,16328.6,-2122.31,2026/01/29 20:28:13
17914,1952.95,16297.2,-2123.77,2026/01/29 20:28:13
17915,1953.06,16251.7,-2122.34,2026/01/29 20:28:13
17916,1953.17,16228.6,-2118.15,2026/01/29 20:28:14
17917,1953.28,16258,-2129.68,2026/01/29 20:28:14
17918,1953.39,16289.7,-2136.78,2026/01/29 20:28:14
17919,1953.5,16328.7,-2132.63,2026/01/29 20:28:14
17920,1953.61,16395.2,-2125.06,2026/01/29 20:28:14
17921,1953.72,16418.7,-2118.62,2026/01/29 20:28:14
17922,1953.82,16399.8,-2127.39,2026/01/29 20:28:14
17923,1953.93,16327.4,-2126.3,2026/01/29 20:28:14
17924,1954.04,16264.2,-2121.42,2026/01/29 20:28:14
17925,1954.15,16207.7,-2111.21,2026/01/29 20:28:15
17926,1954.26,16276.7,-2129.82,2026/01/29 20:28:15
17927,1954.37,16277.9,-2135.54,2026/01/29 20:28:15
17928,1954.48,16351.7,-2129.87,2026/01/29 20:28:15
17929,1954.59,16418.9,-2120.23,2026/01/29 20:28:15
17930,1954.7,16426.7,-2119.65,2026/01/29 20:28:15
17931,1954.81,16423.6,-2122.22,2026/01/29 20:28:15
17932,1954.91,16429,-2118.12,2026/01/29 20:28:15
17933,1955.02,16424.9,-2120.73,2026/01/29 20:28:15
17934,1955.13,16427.3,-2120.75,2026/01/29 20:28:15
17935,1955.24,16429.1,-2119.79,2026/01/29 20:28:16
17936,1955.35,16425.4,-2121.42,2026/01/29 20:28:16
17937,1955.45,16429.4,-2122.75,2026/01/29 20:28:16
17938,1955.56,16427.5,-2120.26,2026/01/29 20:28:16
17939,1955.67,16429.2,-2120.25,2026/01/29 20:28:16
17940,1955.78,16428.9,-2122.03,2026/01/29 20:28:16
17941,1955.89,16427.8,-2121.4,2026/01/29 20:28:16
17942,1956,16429.6,-2121.57,2026/01/29 20:28:16
17943,1956.11,16427.8,-2122.35,2026/01/29 20:28:16
17944,1956.21,16431.3,-2120.64,2026/01/29 20:28:17
17945,1956.32,16425.8,-2123.82,2026/01/29 20:28:17
17946,1956.43,16432.4,-2121.25,2026/01/29 20:28:17
17947,1956.54,16429.1,-2120.84,2026/01/29 20:28:17
17948,1956.65,16430.3,-2121.98,2026/01/29 20:28:17
17949,1956.76,16431.9,-2119.8,2026/01/29 20:28:17
17950,1956.86,16428.7,-2121.4,2026/01/29 20:28:17
17951,1956.97,16431.6,-2121.73,2026/01/29 20:28:17
17952,1957.08,16430.9,-2121.54,2026/01/29 20:28:17
17953,1957.19,16431.3,-2119.88,2026/01/29 20:28:18
17954,1957.3,16431.4,-2122.21,2026/01/29 20:28:18
17955,1957.41,16432.1,-2120.53,2026/01/29 20:28:18
17956,1957.52,16431.7,-2121.14,2026/01/29 20:28:18
17957,1957.63,16430.5,-2120.02,2026/01/29 20:28:18
17958,1957.73,16433.1,-2120.4,2026/01/29 20:28:18
17959,1957.84,16427.9,-2122.76,2026/01/29 20:28:18
17960,1957.95,16434.6,-2121.05,2026/01/29 20:28:18
17961,1958.06,16429.8,-2120.66,2026/01/29 20:28:18
17962,1958.17,16432.6,-2121.66,2026/01/29 20:28:19
17963,1958.28,16433.5,-2119.6,2026/01/29 20:28:19
17964,1958.38,16431,-2121.26,2026/01/29 20:28:19
17965,1958.49,16432.5,-2121.84,2026/01/29 20:28:19
17966,1958.6,16432.9,-2121.74,2026/01/29 20:28:19
17967,1958.71,16434.1,-2119.21,2026/01/29 20:28:19
17968,1958.82,16432.2,-2123.27,2026/01/29 20:28:19
17969,1958.93,16434.6,-2118.36,2026/01/29 20:28:19
17970,1959.04,16433.1,-2122.09,2026/01/29 20:28:19
17971,1959.14,16433.5,-2120.29,2026/01/29 20:28:20
17972,1959.25,16435.3,-2119.55,2026/01/29 20:28:20
17973,1959.36,16432,-2122.34,2026/01/29 20:28:20
17974,1959.47,16437.7,-2120.26,2026/01/29 20:28:20
17975,1959.58,16432.9,-2119.93,2026/01/29 20:28:20
17976,1959.69,16435.1,-2122.01,2026/01/29 20:28:20
17977,1959.8,16436.1,-2120.52,2026/01/29 20:28:20
17978,1959.9,16432.9,-2122.26,2026/01/29 20:28:20
17979,1960.01,16436.5,-2121.47,2026/01/29 20:28:20
17980,1960.12,16434.6,-2121.67,2026/01/29 20:28:20
17981,1960.23,16436.1,-2118.98,2026/01/29 20:28:21
17982,1960.34,16434.7,-2123.54,2026/01/29 20:28:21
17983,1960.45,16436.5,-2119.57,2026/01/29 20:28:21
17984,1960.56,16435.2,-2121.93,2026/01/29 20:28:21
17985,1960.66,16436.2,-2120.91,2026/01/29 20:28:21
17986,1960.77,16436.3,-2121.41,2026/01/29 20:28:21
17987,1960.88,16436.6,-2121.25,2026/01/29 20:28:21
17988,1960.99,16438.2,-2120.23,2026/01/29 20:28:21
17989,1961.1,16434.7,-2121.31,2026/01/29 20:28:21
17990,1961.21,16437.9,-2122.63,2026/01/29 20:28:22
17991,1961.32,16435.8,-2121.54,2026/01/29 20:28:22
17992,1961.43,16436.1,-2120.45,2026/01/29 20:28:22
17993,1961.53,16438.4,-2121.21,2026/01/29 20:28:22
17994,1961.64,16435.4,-2120.93,2026/01/29 20:28:22
17995,1961.75,16438.5,-2120.31,2026/01/29 20:28:22
17996,1961.86,16435,-2124.12,2026/01/29 20:28:22
17997,1961.97,16440.2,-2119.05,2026/01/29 20:28:22
17998,1962.08,16437.1,-2121.79,2026/01/29 20:28:22
17999,1962.18,16438.3,-2121.22,2026/01/29 20:28:23
18000,1962.29,16439.2,-2119.8,2026/01/29 20:28:23
18001,1962.4,16435,-2121.65,2026/01/29 20:28:23
18002,1962.51,16440.5,-2121.8,2026/01/29 20:28:23
18003,1962.62,16436.6,-2119.94,2026/01/29 20:28:23
18004,1962.73,16438.3,-2122.24,2026/01/29 20:28:23
18005,1962.84,16438.2,-2121.16,2026/01/29 20:28:23
18006,1962.94,16437.8,-2120.73,2026/01/29 20:28:23
18007,1963.05,16439.7,-2121.36,2026/01/29 20:28:23
18008,1963.16,16437,-2121.27,2026/01/29 20:28:24
18009,1963.27,16440.8,-2119.21,2026/01/29 20:28:24
18010,1963.38,16436.3,-2123.07,2026/01/29 20:28:24
18011,1963.49,16442.7,-2118.91,2026/01/29 20:28:24
18012,1963.6,16435.3,-2122.24,2026/01/29 20:28:24
18013,1963.71,16442.8,-2121.06,2026/01/29 20:28:24
18014,1963.82,16437,-2120.32,2026/01/29 20:28:24
18015,1963.92,16439.9,-2122.1,2026/01/29 20:28:24
18016,1964.03,16440.1,-2120.84,2026/01/29 20:28:24
18017,1964.14,16438.7,-2122.14,2026/01/29 20:28:25
18018,1964.25,16441.8,-2120.75,2026/01/29 20:28:25
18019,1964.36,16439.2,-2120.97,2026/01/29 20:28:25
18020,1964.47,16440,-2120.58,2026/01/29 20:28:25
18021,1964.58,16439,-2123.4,2026/01/29 20:28:25
18022,1964.69,16441.9,-2118.41,2026/01/29 20:28:25
18023,1964.79,16438.5,-2122.55,2026/01/29 20:28:25
18024,1964.9,16442,-2121.15,2026/01/29 20:28:25
18025,1965.01,16439.8,-2121.52,2026/01/29 20:28:25
18026,1965.12,16439.2,-2122.85,2026/01/29 20:28:25
18027,1965.23,16444.5,-2120.56,2026/01/29 20:28:26
18028,1965.34,16438.6,-2121.87,2026/01/29 20:28:26
18029,1965.45,16442.4,-2122.97,2026/01/29 20:28:26
18030,1965.55,16440.7,-2121.14,2026/01/29 20:28:26
18031,1965.66,16441.4,-2120.98,2026/01/29 20:28:26
18032,1965.77,16442.9,-2121.06,2026/01/29 20:28:26
18033,1965.88,16440.7,-2121.37,2026/01/29 20:28:26
18034,1965.99,16442.9,-2121.01,2026/01/29 20:28:26
18035,1966.1,16440.1,-2123.73,2026/01/29 20:28:26
18036,1966.21,16444.7,-2118.59,2026/01/29 20:28:27
18037,1966.32,16438.5,-2124.53,2026/01/29 20:28:27
18038,1966.42,16444.4,-2121.43,2026/01/29 20:28:27
18039,1966.53,16441.4,-2121.08,2026/01/29 20:28:27
18040,1966.64,16442.1,-2122.02,2026/01/29 20:28:27
18041,1966.75,16444.3,-2121.26,2026/01/29 20:28:27
18042,1966.86,16440.5,-2120.77,2026/01/29 20:28:27
18043,1966.96,16443.1,-2122.86,2026/01/29 20:28:27
18044,1967.07,16442.1,-2121.94,2026/01/29 20:28:27
18045,1967.18,16442.7,-2120.98,2026/01/29 20:28:28
18046,1967.29,16444.1,-2122.25,2026/01/29 20:28:28
18047,1967.4,16442.7,-2122.31,2026/01/29 20:28:28
18048,1967.51,16444.9,-2121.2,2026/01/29 20:28:28
18049,1967.62,16441.1,-2124.77,2026/01/29 20:28:28
18050,1967.72,16446.5,-2120.08,2026/01/29 20:28:28
18051,1967.83,16443,-2122.5,2026/01/29 20:28:28
18052,1967.94,16444.4,-2121.82,2026/01/29 20:28:28
18053,1968.05,16445.8,-2120.92,2026/01/29 20:28:28
18054,1968.16,16441.6,-2122.39,2026/01/29 20:28:29
18055,1968.26,16446.7,-2123.29,2026/01/29 20:28:29
18056,1968.37,16443.6,-2121.28,2026/01/29 20:28:29
18057,1968.48,16444.2,-2122.4,2026/01/29 20:28:29
18058,1968.59,16445.3,-2122.78,2026/01/29 20:28:29
18059,1968.7,16444.8,-2121.73,2026/01/29 20:28:29
18060,1968.81,16446.4,-2122.05,2026/01/29 20:28:29
18061,1968.92,16443.5,-2122.62,2026/01/29 20:28:29
18062,1969.03,16447.1,-2122.31,2026/01/29 20:28:29
18063,1969.14,16443.6,-2123.53,2026/01/29 20:28:30
18064,1969.24,16449.4,-2120.22,2026/01/29 20:28:30
18065,1969.35,16442.8,-2123.54,2026/01/29 20:28:30
18066,1969.46,16447.9,-2122.5,2026/01/29 20:28:30
18067,1969.57,16445,-2121.78,2026/01/29 20:28:30
18068,1969.68,16444.6,-2123.66,2026/01/29 20:28:30
18069,1969.79,16447.4,-2122.29,2026/01/29 20:28:30
18070,1969.9,16444.8,-2122.41,2026/01/29 20:28:30
18071,1970.01,16447.5,-2122.13,2026/01/29 20:28:30
18072,1970.11,16445.9,-2123.39,2026/01/29 20:28:30
18073,1970.22,16447.1,-2122.07,2026/01/29 20:28:31
18074,1970.33,16446.2,-2125.18,2026/01/29 20:28:31
18075,1970.44,16448.1,-2121.8,2026/01/29 20:28:31
18076,1970.55,16447.4,-2122.54,2026/01/29 20:28:31
18077,1970.66,16445.8,-2122.87,2026/01/29 20:28:31
18078,1970.76,16449.7,-2121.28,2026/01/29 20:28:31
18079,1970.87,16443.9,-2123.57,2026/01/29 20:28:31
18080,1970.98,16450.5,-2123.4,2026/01/29 20:28:31
18081,1971.09,16446.5,-2121.6,2026/01/29 20:28:31
18082,1971.2,16451.4,-2123,2026/01/29 20:28:32
18083,1971.31,16453.7,-2121.89,2026/01/29 20:28:32
18084,1971.42,16450.5,-2125.9,2026/01/29 20:28:32
18085,1971.53,16441.2,-2123.99,2026/01/29 20:28:32
18086,1971.63,16381.9,-2123.35,2026/01/29 20:28:32
18087,1971.74,16352.6,-2121.28,2026/01/29 20:28:32
18088,1971.85,16329.3,-2124.4,2026/01/29 20:28:32
18089,1971.96,16282.7,-2127.59,2026/01/29 20:28:32
18090,1972.07,16227.5,-2116.13,2026/01/29 20:28:32
18091,1972.18,16179.2,-2112.77,2026/01/29 20:28:33
18092,1972.29,16282.4,-2133.42,2026/01/29 20:28:33
18093,1972.4,16326.7,-2125.42,2026/01/29 20:28:33
18094,1972.51,16370.8,-2121.13,2026/01/29 20:28:33
18095,1972.62,16427.7,-2118.83,2026/01/29 20:28:33
18096,1972.73,16424.6,-2118.43,2026/01/29 20:28:33
18097,1972.84,16400.7,-2121.3,2026/01/29 20:28:33
18098,1972.95,16342.7,-2122.66,2026/01/29 20:28:33
18099,1973.06,16275.8,-2121.71,2026/01/29 20:28:33
18100,1973.16,16250.3,-2119.76,2026/01/29 20:28:34
18101,1973.27,16251.1,-2127.43,2026/01/29 20:28:34
18102,1973.38,16236.2,-2125.05,2026/01/29 20:28:34
18103,1973.49,16306.2,-2145.43,2026/01/29 20:28:34
18104,1973.6,16354,-2130.4,2026/01/29 20:28:34
18105,1973.71,16419.3,-2123.61,2026/01/29 20:28:34
18106,1973.82,16445.3,-2119.23,2026/01/29 20:28:34
18107,1973.93,16436.7,-2118.84,2026/01/29 20:28:34
18108,1974.04,16433.3,-2126.52,2026/01/29 20:28:34
18109,1974.15,16354.9,-2124.52,2026/01/29 20:28:35
18110,1974.26,16292.6,-2124.19,2026/01/29 20:28:35
18111,1974.37,16209.9,-2110.98,2026/01/29 20:28:35
18112,1974.48,16250.4,-2132.66,2026/01/29 20:28:35
18113,1974.59,16301.8,-2145.35,2026/01/29 20:28:35
18114,1974.7,16359.7,-2129.54,2026/01/29 20:28:35
18115,1974.81,16425.5,-2123.03,2026/01/29 20:28:35
18116,1974.92,16443.9,-2119.23,2026/01/29 20:28:35
18117,1975.02,16434.4,-2119.29,2026/01/29 20:28:35
18118,1975.13,16415.7,-2125.93,2026/01/29 20:28:35
18119,1975.24,16350.5,-2126.15,2026/01/29 20:28:36
18120,1975.35,16294.2,-2126.98,2026/01/29 20:28:36
18121,1975.46,16233.1,-2113.88,2026/01/29 20:28:36
18122,1975.57,16241.1,-2127.47,2026/01/29 20:28:36
18123,1975.68,16306.2,-2142.31,2026/01/29 20:28:36
18124,1975.78,16352.9,-2131.21,2026/01/29 20:28:36
18125,1975.89,16412.5,-2124.36,2026/01/29 20:28:36
18126,1976,16442.3,-2120.34,2026/01/29 20:28:36
18127,1976.11,16433.3,-2122.27,2026/01/29 20:28:36
18128,1976.22,16415.8,-2123.63,2026/01/29 20:28:37
18129,1976.33,16346,-2126.65,2026/01/29 20:28:37
18130,1976.44,16302.8,-2128.34,2026/01/29 20:28:37
18131,1976.54,16282.3,-2128.75,2026/01/29 20:28:37
18132,1976.65,16306,-2137.11,2026/01/29 20:28:37
18133,1976.76,16350.8,-2131.45,2026/01/29 20:28:37
18134,1976.87,16433.4,-2121.57,2026/01/29 20:28:37
18135,1976.98,16446.6,-2119.49,2026/01/29 20:28:37
18136,1977.09,16442.4,-2120.07,2026/01/29 20:28:37
18137,1977.2,16436.6,-2122.22,2026/01/29 20:28:38
18138,1977.31,16357,-2128.28,2026/01/29 20:28:38
18139,1977.42,16323.1,-2125.25,2026/01/29 20:28:38
18140,1977.53,16312,-2134.74,2026/01/29 20:28:38
18141,1977.64,16324.2,-2130.75,2026/01/29 20:28:38
18142,1977.74,16365.2,-2129.62,2026/01/29 20:28:38
18143,1977.85,16441.8,-2119.3,2026/01/29 20:28:38
18144,1977.96,16448.6,-2118.83,2026/01/29 20:28:38
18145,1978.07,16442.3,-2120.49,2026/01/29 20:28:38
18146,1978.18,16441.2,-2124.34,2026/01/29 20:28:39
18147,1978.29,16355.9,-2124.93,2026/01/29 20:28:39
18148,1978.39,16318.6,-2127.39,2026/01/29 20:28:39
18149,1978.5,16308,-2129.9,2026/01/29 20:28:39
18150,1978.61,16314.3,-2134.01,2026/01/29 20:28:39
18151,1978.72,16358.1,-2130.66,2026/01/29 20:28:39
18152,1978.83,16428.6,-2120.87,2026/01/29 20:28:39
18153,1978.94,16443.8,-2115.4,2026/01/29 20:28:39
18154,1979.04,16427.8,-2124.27,2026/01/29 20:28:39
18155,1979.15,16405.2,-2125.11,2026/01/29 20:28:40
18156,1979.26,16348.9,-2125.13,2026/01/29 20:28:40
18157,1979.37,16316.3,-2128.37,2026/01/29 20:28:40
18158,1979.48,16304.9,-2127.09,2026/01/29 20:28:40
18159,1979.59,16300.8,-2132.14,2026/01/29 20:28:40
18160,1979.7,16308.8,-2135.51,2026/01/29 20:28:40
18161,1979.8,16320.2,-2132.33,2026/01/29 20:28:40
18162,1979.91,16374.5,-2128.84,2026/01/29 20:28:40
18163,1980.02,16432.4,-2121.1,2026/01/29 20:28:40
18164,1980.13,16438.4,-2119.05,2026/01/29 20:28:40
18165,1980.24,16444.9,-2123.62,2026/01/29 20:28:41
18166,1980.35,16357.6,-2127.87,2026/01/29 20:28:41
18167,1980.46,16324.1,-2124.09,2026/01/29 20:28:41
18168,1980.56,16279.6,-2129.87,2026/01/29 20:28:41
18169,1980.67,16304.3,-2132.43,2026/01/29 20:28:41
18170,1980.78,16317,-2133.17,2026/01/29 20:28:41
18171,1980.89,16370.3,-2127.23,2026/01/29 20:28:41
18172,1981,16427.2,-2119.25,2026/01/29 20:28:41
18173,1981.11,16434.3,-2119.51,2026/01/29 20:28:41
18174,1981.22,16438.3,-2123.92,2026/01/29 20:28:42
18175,1981.33,16354.6,-2125.27,2026/01/29 20:28:42
18176,1981.43,16323.8,-2128.13,2026/01/29 20:28:42
18177,1981.54,16297.1,-2129.43,2026/01/29 20:28:42
18178,1981.65,16305.1,-2133.83,2026/01/29 20:28:42
18179,1981.76,16320.3,-2134.71,2026/01/29 20:28:42
18180,1981.87,16374.6,-2129.18,2026/01/29 20:28:42
18181,1981.98,16449.6,-2119.04,2026/01/29 20:28:42
18182,1982.09,16450.5,-2119.87,2026/01/29 20:28:42
18183,1982.19,16438.1,-2119.89,2026/01/29 20:28:43
18184,1982.3,16389.7,-2126.29,2026/01/29 20:28:43
18185,1982.41,16343.1,-2126.93,2026/01/29 20:28:43
18186,1982.52,16298.6,-2127.31,2026/01/29 20:28:43
18187,1982.63,16297.9,-2132.03,2026/01/29 20:28:43
18188,1982.74,16309.8,-2135.06,2026/01/29 20:28:43
18189,1982.85,16355.4,-2131.62,2026/01/29 20:28:43
18190,1982.96,16426.4,-2121.36,2026/01/29 20:28:43
18191,1983.06,16440.2,-2117.99,2026/01/29 20:28:43
18192,1983.17,16435.8,-2123,2026/01/29 20:28:44
18193,1983.28,16370.3,-2127.95,2026/01/29 20:28:44
18194,1983.39,16332.5,-2125.95,2026/01/29 20:28:44
18195,1983.5,16294.5,-2129.74,2026/01/29 20:28:44
18196,1983.61,16304.7,-2132.93,2026/01/29 20:28:44
18197,1983.72,16314.4,-2134.47,2026/01/29 20:28:44
18198,1983.83,16344.6,-2132.24,2026/01/29 20:28:44
18199,1983.94,16411.9,-2120.38,2026/01/29 20:28:44
18200,1984.04,16425.1,-2120.86,2026/01/29 20:28:44
18201,1984.15,16429.8,-2121.7,2026/01/29 20:28:45
18202,1984.26,16425.9,-2123.74,2026/01/29 20:28:45
18203,1984.37,16352,-2126.71,2026/01/29 20:28:45
18204,1984.48,16303.5,-2127.15,2026/01/29 20:28:45
18205,1984.59,16268.9,-2127.77,2026/01/29 20:28:45
18206,1984.7,16275.1,-2130.06,2026/01/29 20:28:45
18207,1984.81,16298.6,-2134.28,2026/01/29 20:28:45
18208,1984.92,16329.9,-2135.8,2026/01/29 20:28:45
18209,1985.02,16381.1,-2129.76,2026/01/29 20:28:45
18210,1985.13,16444.5,-2117.59,2026/01/29 20:28:45
18211,1985.24,16445.7,-2122.68,2026/01/29 20:28:46
18212,1985.35,16446.9,-2124.92,2026/01/29 20:28:46
18213,1985.46,16362.1,-2127.47,2026/01/29 20:28:46
18214,1985.57,16287.8,-2126.93,2026/01/29 20:28:46
18215,1985.68,16203.5,-2110.32,2026/01/29 20:28:46
18216,1985.79,16251.6,-2134.91,2026/01/29 20:28:46
18217,1985.9,16294.1,-2138.1,2026/01/29 20:28:46
18218,1986.01,16294.8,-2141.96,2026/01/29 20:28:46
18219,1986.11,16358.5,-2131.59,2026/01/29 20:28:46
18220,1986.22,16414.5,-2122.57,2026/01/29 20:28:47
18221,1986.33,16424.4,-2123.42,2026/01/29 20:28:47
18222,1986.44,16395.7,-2129.16,2026/01/29 20:28:47
18223,1986.55,16342.5,-2126.96,2026/01/29 20:28:47
18224,1986.66,16300,-2130.38,2026/01/29 20:28:47
18225,1986.77,16271.2,-2128.75,2026/01/29 20:28:47
18226,1986.88,16301.6,-2137.17,2026/01/29 20:28:47
18227,1986.98,16321.7,-2135.44,2026/01/29 20:28:47
18228,1987.09,16385.5,-2128.26,2026/01/29 20:28:47
18229,1987.2,16442.9,-2120.13,2026/01/29 20:28:48
18230,1987.31,16453.8,-2118.03,2026/01/29 20:28:48
18231,1987.42,16432.8,-2126.1,2026/01/29 20:28:48
18232,1987.53,16375,-2127.46,2026/01/29 20:28:48
18233,1987.64,16326.1,-2126.82,2026/01/29 20:28:48
18234,1987.75,16274.3,-2126.87,2026/01/29 20:28:48
18235,1987.86,16280.4,-2131.86,2026/01/29 20:28:48
18236,1987.97,16308.1,-2139.76,2026/01/29 20:28:48
18237,1988.07,16339.7,-2134.23,2026/01/29 20:28:48
18238,1988.18,16387.7,-2127.7,2026/01/29 20:28:49
18239,1988.3,16428.1,-2119.95,2026/01/29 20:28:49
18240,1988.4,16429.1,-2121.74,2026/01/29 20:28:49
18241,1988.51,16413.3,-2125.22,2026/01/29 20:28:49
18242,1988.62,16353,-2128.4,2026/01/29 20:28:49
18243,1988.73,16325.1,-2125.32,2026/01/29 20:28:49
18244,1988.84,16289.5,-2130.66,2026/01/29 20:28:49
18245,1988.95,16293.1,-2127.49,2026/01/29 20:28:49
18246,1989.06,16306.7,-2138.48,2026/01/29 20:28:49
18247,1989.17,16330.9,-2132.31,2026/01/29 20:28:50
18248,1989.28,16341.7,-2132.49,2026/01/29 20:28:50
18249,1989.39,16399,-2124.79,2026/01/29 20:28:50
18250,1989.5,16422.9,-2119.2,2026/01/29 20:28:50
18251,1989.61,16434.1,-2120.66,2026/01/29 20:28:50
18252,1989.72,16436.3,-2123.82,2026/01/29 20:28:50
18253,1989.82,16351.1,-2127.06,2026/01/29 20:28:50
18254,1989.93,16314,-2126.25,2026/01/29 20:28:50
18255,1990.04,16288.6,-2128.64,2026/01/29 20:28:50
18256,1990.15,16306.3,-2133.8,2026/01/29 20:28:51
18257,1990.26,16315.9,-2136.94,2026/01/29 20:28:51
18258,1990.37,16342.4,-2132.62,2026/01/29 20:28:51
18259,1990.48,16416.7,-2124.64,2026/01/29 20:28:51
18260,1990.59,16439.8,-2117.53,2026/01/29 20:28:51
18261,1990.7,16431.3,-2122.11,2026/01/29 20:28:51
18262,1990.81,16421.1,-2123.95,2026/01/29 20:28:51
18263,1990.91,16352.9,-2125.44,2026/01/29 20:28:51
18264,1991.02,16301.3,-2126.3,2026/01/29 20:28:51
18265,1991.13,16257.5,-2122.89,2026/01/29 20:28:51
18266,1991.24,16291.7,-2132.54,2026/01/29 20:28:52
18267,1991.35,16332.3,-2133.22,2026/01/29 20:28:52
18268,1991.46,16360,-2130.04,2026/01/29 20:28:52
18269,1991.57,16448.3,-2120.73,2026/01/29 20:28:52
18270,1991.68,16458.8,-2120.54,2026/01/29 20:28:52
18271,1991.79,16458.7,-2120.3,2026/01/29 20:28:52
18272,1991.89,16435.8,-2125.28,2026/01/29 20:28:52
18273,1992,16371.1,-2128.12,2026/01/29 20:28:52
18274,1992.11,16323.9,-2126.96,2026/01/29 20:28:52
18275,1992.22,16266.2,-2125.81,2026/01/29 20:28:53
18276,1992.33,16270.7,-2131.74,2026/01/29 20:28:53
18277,1992.44,16308.4,-2139.16,2026/01/29 20:28:53
18278,1992.55,16341.8,-2133.77,2026/01/29 20:28:53
18279,1992.66,16448.2,-2124.25,2026/01/29 20:28:53
18280,1992.77,16471.9,-2118.87,2026/01/29 20:28:53
18281,1992.88,16450.2,-2123.49,2026/01/29 20:28:53
18282,1992.98,16444.4,-2125.94,2026/01/29 20:28:53
18283,1993.09,16363.8,-2124.36,2026/01/29 20:28:53
18284,1993.2,16293.2,-2124.6,2026/01/29 20:28:54
18285,1993.31,16290.6,-2131.76,2026/01/29 20:28:54
18286,1993.42,16318.5,-2132.29,2026/01/29 20:28:54
18287,1993.53,16370.5,-2131.24,2026/01/29 20:28:54
18288,1993.64,16454.4,-2121.11,2026/01/29 20:28:54
18289,1993.75,16460.3,-2118.05,2026/01/29 20:28:54
18290,1993.86,16429.3,-2123.09,2026/01/29 20:28:54
18291,1993.97,16400.8,-2125.57,2026/01/29 20:28:54
18292,1994.08,16341.7,-2126.19,2026/01/29 20:28:54
18293,1994.18,16270.4,-2124.99,2026/01/29 20:28:55
18294,1994.29,16270.6,-2129.8,2026/01/29 20:28:55
18295,1994.4,16306.9,-2137.87,2026/01/29 20:28:55
18296,1994.51,16349.6,-2131.64,2026/01/29 20:28:55
18297,1994.62,16433,-2124.04,2026/01/29 20:28:55
18298,1994.73,16467.8,-2121.23,2026/01/29 20:28:55
18299,1994.84,16447.1,-2122.1,2026/01/29 20:28:55
18300,1994.95,16443.9,-2121.21,2026/01/29 20:28:55
18301,1995.05,16355.7,-2124.4,2026/01/29 20:28:55
18302,1995.16,16271.2,-2121.49,2026/01/29 20:28:56
18303,1995.27,16249.4,-2124.85,2026/01/29 20:28:56
18304,1995.38,16289.7,-2134.55,2026/01/29 20:28:56
18305,1995.49,16327.2,-2134.59,2026/01/29 20:28:56
18306,1995.6,16441.9,-2124.19,2026/01/29 20:28:56
18307,1995.71,16468.7,-2120.41,2026/01/29 20:28:56
18308,1995.82,16441.3,-2124.31,2026/01/29 20:28:56
18309,1995.93,16425.7,-2125.08,2026/01/29 20:28:56
18310,1996.03,16350.3,-2126.36,2026/01/29 20:28:56
18311,1996.14,16273.8,-2124.09,2026/01/29 20:28:57
18312,1996.25,16224.6,-2112.97,2026/01/29 20:28:57
18313,1996.36,16292.3,-2135.98,2026/01/29 20:28:57
18314,1996.47,16315.1,-2138.19,2026/01/29 20:28:57
18315,1996.58,16383.9,-2130.32,2026/01/29 20:28:57
18316,1996.69,16455,-2124.46,2026/01/29 20:28:57
18317,1996.79,16442.8,-2122.76,2026/01/29 20:28:57
18318,1996.9,16402.4,-2128.82,2026/01/29 20:28:57
18319,1997.01,16341.2,-2126.9,2026/01/29 20:28:57
18320,1997.12,16187.2,-2105.98,2026/01/29 20:28:57
18321,1997.23,16240.8,-2123.87,2026/01/29 20:28:58
18322,1997.34,16292.5,-2140.56,2026/01/29 20:28:58
18323,1997.45,16323.4,-2133.29,2026/01/29 20:28:58
18324,1997.56,16420.1,-2123.74,2026/01/29 20:28:58
18325,1997.67,16450.8,-2121.52,2026/01/29 20:28:58
18326,1997.77,16431.9,-2123.21,2026/01/29 20:28:58
18327,1997.88,16391,-2127.22,2026/01/29 20:28:58
18328,1997.99,16329.6,-2124.79,2026/01/29 20:28:58
18329,1998.1,16193.3,-2104.02,2026/01/29 20:28:58
18330,1998.21,16181.5,-2107.19,2026/01/29 20:28:59
18331,1998.32,16291.2,-2132.49,2026/01/29 20:28:59
18332,1998.43,16299.3,-2136.57,2026/01/29 20:28:59
18333,1998.53,16375.3,-2134.78,2026/01/29 20:28:59
18334,1998.64,16440,-2123.29,2026/01/29 20:28:59
18335,1998.75,16436.2,-2126.45,2026/01/29 20:28:59
18336,1998.86,16406.6,-2125.92,2026/01/29 20:28:59
18337,1998.97,16354.8,-2125.25,2026/01/29 20:28:59
18338,1999.08,16264.6,-2110.32,2026/01/29 20:28:59
18339,1999.19,16167.8,-2104.31,2026/01/29 20:29:00
18340,1999.3,16261.1,-2135.69,2026/01/29 20:29:00
18341,1999.41,16299.3,-2137.6,2026/01/29 20:29:00
18342,1999.52,16336.7,-2138.18,2026/01/29 20:29:00
18343,1999.62,16439,-2119.65,2026/01/29 20:29:00
18344,1999.73,16442.3,-2123.6,2026/01/29 20:29:00
18345,1999.84,16452.8,-2124.81,2026/01/29 20:29:00
18346,1999.95,16375.6,-2125.76,2026/01/29 20:29:00
18347,2000.06,16315.2,-2122.49,2026/01/29 20:29:00
18348,2000.17,16177.6,-2108.82,2026/01/29 20:29:01
18349,2000.28,16156.3,-2112.8,2026/01/29 20:29:01
18350,2000.39,16287.4,-2141.97,2026/01/29 20:29:01
18351,2000.5,16283.5,-2141.65,2026/01/29 20:29:01
18352,2000.61,16343.8,-2130.92,2026/01/29 20:29:01
18353,2000.71,16416.7,-2125.52,2026/01/29 20:29:01
18354,2000.82,16430.6,-2122.11,2026/01/29 20:29:01
18355,2000.93,16401.5,-2127.43,2026/01/29 20:29:01
18356,2001.04,16346.8,-2122.83,2026/01/29 20:29:01
18357,2001.15,16249.8,-2107.95,2026/01/29 20:29:02
18358,2001.26,16132.1,-2104.46,2026/01/29 20:29:02
18359,2001.37,16251.2,-2134.38,2026/01/29 20:29:02
18360,2001.48,16275.1,-2143.84,2026/01/29 20:29:02
18361,2001.59,16308.3,-2135.48,2026/01/29 20:29:02
18362,2001.7,16392.4,-2127.62,2026/01/29 20:29:02
18363,2001.81,16438.7,-2119.54,2026/01/29 20:29:02
18364,2001.91,16434.1,-2129.05,2026/01/29 20:29:02
18365,2002.02,16357.5,-2123.99,2026/01/29 20:29:02
18366,2002.13,16304.7,-2121.94,2026/01/29 20:29:02
18367,2002.24,16184.6,-2104.79,2026/01/29 20:29:03
18368,2002.35,16244.1,-2138.93,2026/01/29 20:29:03
18369,2002.46,16321,-2148.31,2026/01/29 20:29:03
18370,2002.57,16285.8,-2139.24,2026/01/29 20:29:03
18371,2002.68,16336.9,-2132.72,2026/01/29 20:29:03
18372,2002.79,16408.7,-2121.76,2026/01/29 20:29:03
18373,2002.9,16419,-2121.26,2026/01/29 20:29:03
18374,2003.01,16418,-2124.8,2026/01/29 20:29:03
18375,2003.12,16336.8,-2123.17,2026/01/29 20:29:03
18376,2003.23,16255.9,-2110.35,2026/01/29 20:29:04
18377,2003.34,16232.6,-2126.46,2026/01/29 20:29:04
18378,2003.45,16300.7,-2139.93,2026/01/29 20:29:04
18379,2003.55,16299.2,-2135.8,2026/01/29 20:29:04
18380,2003.67,16386.4,-2127.28,2026/01/29 20:29:04
18381,2003.77,16425.5,-2121.49,2026/01/29 20:29:04
18382,2003.88,16425.1,-2122.56,2026/01/29 20:29:04
18383,2003.99,16382.8,-2127.5,2026/01/29 20:29:04
18384,2004.1,16334.4,-2124.33,2026/01/29 20:29:04
18385,2004.21,16277.2,-2123.02,2026/01/29 20:29:05
18386,2004.32,16267,-2128.25,2026/01/29 20:29:05
18387,2004.43,16296.9,-2135.58,2026/01/29 20:29:05
18388,2004.54,16342.3,-2135.14,2026/01/29 20:29:05
18389,2004.65,16432.9,-2120.77,2026/01/29 20:29:05
18390,2004.75,16446.7,-2121.06,2026/01/29 20:29:05
18391,2004.86,16437.6,-2122.75,2026/01/29 20:29:05
18392,2004.97,16383,-2127.16,2026/01/29 20:29:05
18393,2005.08,16329.2,-2125.97,2026/01/29 20:29:05
18394,2005.19,16267.2,-2120.86,2026/01/29 20:29:06
18395,2005.3,16275.3,-2132.42,2026/01/29 20:29:06
18396,2005.41,16304.6,-2141.31,2026/01/29 20:29:06
18397,2005.52,16359.5,-2132.66,2026/01/29 20:29:06
18398,2005.62,16435.8,-2118.52,2026/01/29 20:29:06
18399,2005.73,16438.6,-2121.07,2026/01/29 20:29:06
18400,2005.84,16436.4,-2120.52,2026/01/29 20:29:06
18401,2005.95,16405.4,-2127.4,2026/01/29 20:29:06
18402,2006.06,16339.2,-2125.65,2026/01/29 20:29:06
18403,2006.17,16255.1,-2111.72,2026/01/29 20:29:07
18404,2006.28,16183.4,-2113.29,2026/01/29 20:29:07
18405,2006.38,16290.3,-2131.79,2026/01/29 20:29:07
18406,2006.49,16313.7,-2139.1,2026/01/29 20:29:07
18407,2006.6,16406.6,-2124.66,2026/01/29 20:29:07
18408,2006.71,16441.2,-2122.8,2026/01/29 20:29:07
18409,2006.82,16435.8,-2121.22,2026/01/29 20:29:07
18410,2006.93,16416,-2128.6,2026/01/29 20:29:07
18411,2007.04,16350,-2124.98,2026/01/29 20:29:07
18412,2007.15,16255.6,-2109.48,2026/01/29 20:29:08
18413,2007.26,16165.9,-2108.79,2026/01/29 20:29:08
18414,2007.37,16287.1,-2133.07,2026/01/29 20:29:08
18415,2007.47,16293.9,-2141.9,2026/01/29 20:29:08
18416,2007.58,16373.7,-2127.39,2026/01/29 20:29:08
18417,2007.69,16427.1,-2121.36,2026/01/29 20:29:08
18418,2007.8,16435,-2125.99,2026/01/29 20:29:08
18419,2007.91,16376.8,-2127.51,2026/01/29 20:29:08
18420,2008.02,16333.8,-2123.61,2026/01/29 20:29:08
18421,2008.13,16281.6,-2118.92,2026/01/29 20:29:08
18422,2008.24,16220.4,-2112.54,2026/01/29 20:29:09
18423,2008.35,16288.1,-2134.29,2026/01/29 20:29:09
18424,2008.46,16300.2,-2149.19,2026/01/29 20:29:09
18425,2008.57,16314.6,-2138.75,2026/01/29 20:29:09
18426,2008.67,16445.3,-2125.45,2026/01/29 20:29:09
18427,2008.79,16479.4,-2126.68,2026/01/29 20:29:09
18428,2008.89,16454.7,-2121.17,2026/01/29 20:29:09
18429,2009,16438.8,-2127.83,2026/01/29 20:29:09
18430,2009.11,16361.6,-2123.77,2026/01/29 20:29:09
18431,2009.22,16267.7,-2116.43,2026/01/29 20:29:10
18432,2009.33,16172.5,-2106.14,2026/01/29 20:29:10
18433,2009.44,16286.8,-2137.8,2026/01/29 20:29:10
18434,2009.55,16313.3,-2136.12,2026/01/29 20:29:10
18435,2009.65,16355.4,-2135.92,2026/01/29 20:29:10
18436,2009.76,16439.6,-2124.11,2026/01/29 20:29:10
18437,2009.87,16434,-2123.96,2026/01/29 20:29:10
18438,2009.98,16421.9,-2126.02,2026/01/29 20:29:10
18439,2010.09,16356.1,-2123.89,2026/01/29 20:29:10
18440,2010.2,16243.7,-2107.44,2026/01/29 20:29:11
18441,2010.31,16157.6,-2106.78,2026/01/29 20:29:11
18442,2010.42,16291.5,-2137.06,2026/01/29 20:29:11
18443,2010.53,16299.4,-2139.04,2026/01/29 20:29:11
18444,2010.64,16364.1,-2128.76,2026/01/29 20:29:11
18445,2010.75,16444.1,-2120.79,2026/01/29 20:29:11
18446,2010.86,16457.6,-2120.08,2026/01/29 20:29:11
18447,2010.97,16435.1,-2122.4,2026/01/29 20:29:11
18448,2011.07,16394.1,-2123.68,2026/01/29 20:29:11
18449,2011.18,16340.3,-2120.5,2026/01/29 20:29:12
18450,2011.29,16259.4,-2106.37,2026/01/29 20:29:12
18451,2011.4,16223.9,-2110.77,2026/01/29 20:29:12
18452,2011.51,16309.9,-2136.51,2026/01/29 20:29:12
18453,2011.61,16319.5,-2133.4,2026/01/29 20:29:12
18454,2011.72,16381.3,-2130.32,2026/01/29 20:29:12
18455,2011.84,16447.5,-2122.55,2026/01/29 20:29:12
18456,2011.94,16449,-2121.32,2026/01/29 20:29:12
18457,2012.05,16442.1,-2126.87,2026/01/29 20:29:12
18458,2012.16,16350.7,-2124.16,2026/01/29 20:29:13
18459,2012.27,16313.7,-2123.03,2026/01/29 20:29:13
18460,2012.38,16258.4,-2122.52,2026/01/29 20:29:13
18461,2012.49,16317.8,-2130.18,2026/01/29 20:29:13
18462,2012.6,16333.1,-2142.85,2026/01/29 20:29:13
18463,2012.71,16367.4,-2129.29,2026/01/29 20:29:13
18464,2012.82,16446.8,-2124.53,2026/01/29 20:29:13
18465,2012.92,16451.5,-2118.87,2026/01/29 20:29:13
18466,2013.03,16428.7,-2128.04,2026/01/29 20:29:13
18467,2013.14,16364.3,-2123.03,2026/01/29 20:29:14
18468,2013.25,16315.1,-2122.72,2026/01/29 20:29:14
18469,2013.36,16187.9,-2102.91,2026/01/29 20:29:14
18470,2013.47,16280.8,-2133.6,2026/01/29 20:29:14
18471,2013.58,16292.4,-2140.04,2026/01/29 20:29:14
18472,2013.69,16385.2,-2129.91,2026/01/29 20:29:14
18473,2013.8,16460.9,-2122.31,2026/01/29 20:29:14
18474,2013.91,16463.9,-2122.01,2026/01/29 20:29:14
18475,2014.01,16436.7,-2126.75,2026/01/29 20:29:14
18476,2014.12,16356.1,-2124.73,2026/01/29 20:29:14
18477,2014.23,16271.3,-2110.78,2026/01/29 20:29:15
18478,2014.34,16206.6,-2117.63,2026/01/29 20:29:15
18479,2014.45,16318.5,-2134.42,2026/01/29 20:29:15
18480,2014.56,16330.3,-2141.64,2026/01/29 20:29:15
18481,2014.67,16431.7,-2123.01,2026/01/29 20:29:15
18482,2014.78,16463.4,-2123.92,2026/01/29 20:29:15
18483,2014.88,16447.4,-2120.7,2026/01/29 20:29:15
18484,2014.99,16445.3,-2121.92,2026/01/29 20:29:15
18485,2015.1,16356.3,-2125.31,2026/01/29 20:29:15
18486,2015.21,16283.9,-2122.48,2026/01/29 20:29:16
18487,2015.32,16233.6,-2114.58,2026/01/29 20:29:16
18488,2015.43,16315,-2139.46,2026/01/29 20:29:16
18489,2015.54,16323.5,-2130.65,2026/01/29 20:29:16
18490,2015.65,16449.7,-2125.21,2026/01/29 20:29:16
18491,2015.75,16472.4,-2125.07,2026/01/29 20:29:16
18492,2015.86,16446,-2123.01,2026/01/29 20:29:16
18493,2015.97,16425.5,-2126.34,2026/01/29 20:29:16
18494,2016.08,16346.3,-2124.86,2026/01/29 20:29:16
18495,2016.19,16268.7,-2112.27,2026/01/29 20:29:17
18496,2016.3,16229.2,-2113.79,2026/01/29 20:29:17
18497,2016.41,16314.4,-2132.07,2026/01/29 20:29:17
18498,2016.52,16315.6,-2138.69,2026/01/29 20:29:17
18499,2016.63,16425.7,-2122.93,2026/01/29 20:29:17
18500,2016.74,16464.7,-2123.59,2026/01/29 20:29:17
18501,2016.85,16445.4,-2120.59,2026/01/29 20:29:17
18502,2016.96,16443.8,-2121.67,2026/01/29 20:29:17
18503,2017.06,16353.4,-2124.23,2026/01/29 20:29:17
18504,2017.17,16286.1,-2119.75,2026/01/29 20:29:18
18505,2017.28,16226.6,-2113.46,2026/01/29 20:29:18
18506,2017.39,16317.6,-2139.05,2026/01/29 20:29:18
18507,2017.5,16314.6,-2140.15,2026/01/29 20:29:18
18508,2017.61,16395.3,-2130.71,2026/01/29 20:29:18
18509,2017.72,16464.4,-2125.86,2026/01/29 20:29:18
18510,2017.82,16459.1,-2123.27,2026/01/29 20:29:18
18511,2017.93,16425.3,-2129.22,2026/01/29 20:29:18
18512,2018.04,16349.1,-2127.51,2026/01/29 20:29:18
18513,2018.15,16318.9,-2121.42,2026/01/29 20:29:19
18514,2018.26,16243,-2111.69,2026/01/29 20:29:19
18515,2018.37,16297.5,-2130.1,2026/01/29 20:29:19
18516,2018.48,16314.6,-2136.95,2026/01/29 20:29:19
18517,2018.59,16369.1,-2133.22,2026/01/29 20:29:19
18518,2018.7,16470.4,-2123.49,2026/01/29 20:29:19
18519,2018.8,16466.8,-2121.93,2026/01/29 20:29:19
18520,2018.91,16442.5,-2127.64,2026/01/29 20:29:19
18521,2019.02,16358.4,-2122.86,2026/01/29 20:29:19
18522,2019.13,16293.6,-2121.15,2026/01/29 20:29:19
18523,2019.24,16174.4,-2104.22,2026/01/29 20:29:20
18524,2019.35,16298.6,-2134.58,2026/01/29 20:29:20
18525,2019.46,16299.6,-2141.17,2026/01/29 20:29:20
18526,2019.57,16372.4,-2131.66,2026/01/29 20:29:20
18527,2019.68,16479.5,-2124.12,2026/01/29 20:29:20
18528,2019.78,16474,-2124.3,2026/01/29 20:29:20
18529,2019.89,16434.5,-2125.37,2026/01/29 20:29:20
18530,2020,16364.8,-2126.72,2026/01/29 20:29:20
18531,2020.11,16303.3,-2119.53,2026/01/29 20:29:20
18532,2020.22,16194.1,-2108.79,2026/01/29 20:29:21
18533,2020.33,16311.5,-2136.73,2026/01/29 20:29:21
18534,2020.44,16306.6,-2142.16,2026/01/29 20:29:21
18535,2020.55,16426.6,-2125.78,2026/01/29 20:29:21
18536,2020.66,16481.6,-2123.65,2026/01/29 20:29:21
18537,2020.77,16472.9,-2124.25,2026/01/29 20:29:21
18538,2020.88,16434.2,-2125.77,2026/01/29 20:29:21
18539,2020.98,16369.5,-2123.33,2026/01/29 20:29:21
18540,2021.09,16327.4,-2124.41,2026/01/29 20:29:21
18541,2021.2,16251.7,-2116.36,2026/01/29 20:29:22
18542,2021.31,16313.7,-2131.15,2026/01/29 20:29:22
18543,2021.42,16315.3,-2135.24,2026/01/29 20:29:22
18544,2021.53,16397.3,-2127.7,2026/01/29 20:29:22
18545,2021.64,16478.1,-2122.62,2026/01/29 20:29:22
18546,2021.74,16477.3,-2124.22,2026/01/29 20:29:22
18547,2021.85,16459.2,-2118.55,2026/01/29 20:29:22
18548,2021.96,16440.2,-2125.69,2026/01/29 20:29:22
18549,2022.07,16366.8,-2124.1,2026/01/29 20:29:22
18550,2022.18,16330.1,-2124.9,2026/01/29 20:29:23
18551,2022.29,16273.9,-2123.88,2026/01/29 20:29:23
18552,2022.4,16250,-2116.78,2026/01/29 20:29:23
18553,2022.51,16274.2,-2133.32,2026/01/29 20:29:23
18554,2022.62,16346.4,-2138.86,2026/01/29 20:29:23
18555,2022.72,16305.8,-2139.75,2026/01/29 20:29:23
18556,2022.83,16327.3,-2131.25,2026/01/29 20:29:23
18557,2022.94,16440.1,-2125.7,2026/01/29 20:29:23
18558,2023.05,16476.3,-2123.55,2026/01/29 20:29:23
18559,2023.16,16474.3,-2122.14,2026/01/29 20:29:24
18560,2023.27,16431.6,-2124.22,2026/01/29 20:29:24
18561,2023.38,16375.9,-2122.54,2026/01/29 20:29:24
18562,2023.49,16315.8,-2123.86,2026/01/29 20:29:24
18563,2023.59,16216.4,-2106.85,2026/01/29 20:29:24
18564,2023.7,16218.4,-2113.85,2026/01/29 20:29:24
18565,2023.81,16302.9,-2137.65,2026/01/29 20:29:24
18566,2023.92,16295.4,-2137.57,2026/01/29 20:29:24
18567,2024.03,16362.8,-2128.15,2026/01/29 20:29:24
18568,2024.14,16452.1,-2119.81,2026/01/29 20:29:25
18569,2024.25,16469.7,-2121.9,2026/01/29 20:29:25
18570,2024.36,16475.2,-2118.85,2026/01/29 20:29:25
18571,2024.47,16440.9,-2122.42,2026/01/29 20:29:25
18572,2024.57,16415.7,-2119.9,2026/01/29 20:29:25
18573,2024.68,16356.5,-2126.36,2026/01/29 20:29:25
18574,2024.79,16280,-2116.42,2026/01/29 20:29:25
18575,2024.9,16208.1,-2110.31,2026/01/29 20:29:25
18576,2025.01,16274.8,-2135.92,2026/01/29 20:29:25
18577,2025.12,16336.3,-2136.23,2026/01/29 20:29:25
18578,2025.23,16298.4,-2136.28,2026/01/29 20:29:26
18579,2025.34,16373.4,-2127.42,2026/01/29 20:29:26
18580,2025.44,16466.4,-2118.23,2026/01/29 20:29:26
18581,2025.55,16482.8,-2123.22,2026/01/29 20:29:26
18582,2025.66,16469.4,-2119.33,2026/01/29 20:29:26
18583,2025.77,16440.1,-2120.15,2026/01/29 20:29:26
18584,2025.88,16414.4,-2122.83,2026/01/29 20:29:26
18585,2025.99,16360.5,-2121.65,2026/01/29 20:29:26
18586,2026.1,16326.5,-2122.36,2026/01/29 20:29:26
18587,2026.21,16253.5,-2112.47,2026/01/29 20:29:27
18588,2026.32,16254.1,-2120.93,2026/01/29 20:29:27
18589,2026.43,16326.2,-2138.86,2026/01/29 20:29:27
18590,2026.53,16315.5,-2133.06,2026/01/29 20:29:27
18591,2026.64,16378.8,-2127.72,2026/01/29 20:29:27
18592,2026.75,16474,-2120.61,2026/01/29 20:29:27
18593,2026.86,16482,-2121.52,2026/01/29 20:29:27
18594,2026.97,16467.3,-2118.61,2026/01/29 20:29:27
18595,2027.08,16444.4,-2124.85,2026/01/29 20:29:27
18596,2027.19,16366.1,-2121.6,2026/01/29 20:29:28
18597,2027.29,16315.9,-2122.38,2026/01/29 20:29:28
18598,2027.4,16209.2,-2104.6,2026/01/29 20:29:28
18599,2027.51,16200.8,-2110.93,2026/01/29 20:29:28
18600,2027.62,16232.9,-2116.15,2026/01/29 20:29:28
18601,2027.73,16166.8,-2104.98,2026/01/29 20:29:28
18602,2027.84,16156.8,-2104.02,2026/01/29 20:29:28
18603,2027.95,16265.9,-2132.75,2026/01/29 20:29:28
18604,2028.06,16332.4,-2132.01,2026/01/29 20:29:28
18605,2028.17,16315.7,-2141.63,2026/01/29 20:29:29
18606,2028.28,16387.5,-2133.36,2026/01/29 20:29:29
18607,2028.39,16457.1,-2124.27,2026/01/29 20:29:29
18608,2028.49,16468.6,-2127.13,2026/01/29 20:29:29
18609,2028.6,16468.8,-2124.46,2026/01/29 20:29:29
18610,2028.71,16454.5,-2123.61,2026/01/29 20:29:29
18611,2028.82,16453.6,-2128,2026/01/29 20:29:29
18612,2028.93,16365.4,-2119.57,2026/01/29 20:29:29
18613,2029.04,16344.4,-2116.51,2026/01/29 20:29:29
18614,2029.15,16256.1,-2103.89,2026/01/29 20:29:30
18615,2029.26,16173.4,-2096.98,2026/01/29 20:29:30
18616,2029.37,16210.7,-2112.14,2026/01/29 20:29:30
18617,2029.47,16192.9,-2106.57,2026/01/29 20:29:30
18618,2029.58,16268.6,-2134.2,2026/01/29 20:29:30
18619,2029.69,16334.1,-2145.97,2026/01/29 20:29:30
18620,2029.8,16313.8,-2149.38,2026/01/29 20:29:30
18621,2029.91,16392.3,-2127.89,2026/01/29 20:29:30
18622,2030.02,16463.3,-2123.8,2026/01/29 20:29:30
18623,2030.13,16470.5,-2124.5,2026/01/29 20:29:30
18624,2030.24,16461.8,-2123.35,2026/01/29 20:29:31
18625,2030.35,16449.7,-2126.3,2026/01/29 20:29:31
18626,2030.45,16391.5,-2124.56,2026/01/29 20:29:31
18627,2030.56,16358.2,-2119.82,2026/01/29 20:29:31
18628,2030.67,16318.9,-2121.46,2026/01/29 20:29:31
18629,2030.78,16258.7,-2105.61,2026/01/29 20:29:31
18630,2030.89,16177.9,-2103.48,2026/01/29 20:29:31
18631,2031,16176.2,-2102.06,2026/01/29 20:29:31
18632,2031.11,16193.3,-2113.47,2026/01/29 20:29:31
18633,2031.22,16294.1,-2138.43,2026/01/29 20:29:32
18634,2031.33,16334.1,-2141.97,2026/01/29 20:29:32
18635,2031.44,16293.1,-2141.97,2026/01/29 20:29:32
18636,2031.54,16298,-2146.43,2026/01/29 20:29:32
18637,2031.65,16331,-2140.38,2026/01/29 20:29:32
18638,2031.76,16421.4,-2126.24,2026/01/29 20:29:32
18639,2031.87,16447.6,-2122.43,2026/01/29 20:29:32
18640,2031.98,16457.8,-2123.1,2026/01/29 20:29:32
18641,2032.09,16446.4,-2124.97,2026/01/29 20:29:32
18642,2032.2,16385.1,-2124.21,2026/01/29 20:29:33
18643,2032.31,16348.9,-2118.57,2026/01/29 20:29:33
18644,2032.42,16309.2,-2119.15,2026/01/29 20:29:33
18645,2032.52,16223.8,-2101.64,2026/01/29 20:29:33
18646,2032.63,16175.7,-2109.6,2026/01/29 20:29:33
18647,2032.74,16272.2,-2136.03,2026/01/29 20:29:33
18648,2032.85,16347.7,-2149.29,2026/01/29 20:29:33
18649,2032.96,16298.5,-2139.94,2026/01/29 20:29:33
18650,2033.07,16312.6,-2149.27,2026/01/29 20:29:33
18651,2033.18,16369.2,-2129.38,2026/01/29 20:29:34
18652,2033.29,16454,-2128.26,2026/01/29 20:29:34
18653,2033.4,16466.4,-2126.64,2026/01/29 20:29:34
18654,2033.51,16462.9,-2121.24,2026/01/29 20:29:34
18655,2033.61,16442.6,-2122.04,2026/01/29 20:29:34
18656,2033.72,16422.5,-2128,2026/01/29 20:29:34
18657,2033.83,16361.9,-2119.86,2026/01/29 20:29:34
18658,2033.94,16338.3,-2120.65,2026/01/29 20:29:34
18659,2034.05,16290.8,-2118.98,2026/01/29 20:29:34
18660,2034.16,16231.1,-2107.02,2026/01/29 20:29:35
18661,2034.27,16283.2,-2132.82,2026/01/29 20:29:35
18662,2034.38,16336.2,-2144.95,2026/01/29 20:29:35
18663,2034.49,16313,-2133.13,2026/01/29 20:29:35
18664,2034.6,16348.3,-2128.11,2026/01/29 20:29:35
18665,2034.71,16420.5,-2121.29,2026/01/29 20:29:35
18666,2034.82,16438,-2118.23,2026/01/29 20:29:35
18667,2034.92,16442.4,-2117.52,2026/01/29 20:29:35
18668,2035.03,16440.8,-2127.01,2026/01/29 20:29:35
18669,2035.14,16390.3,-2121.92,2026/01/29 20:29:36
18670,2035.25,16351.3,-2120.9,2026/01/29 20:29:36
18671,2035.36,16311.8,-2121.68,2026/01/29 20:29:36
18672,2035.46,16263.8,-2117.63,2026/01/29 20:29:36
18673,2035.57,16257.1,-2126.41,2026/01/29 20:29:36
18674,2035.68,16324.5,-2141.63,2026/01/29 20:29:36
18675,2035.79,16293.9,-2140.66,2026/01/29 20:29:36
18676,2035.9,16357.6,-2127.54,2026/01/29 20:29:36
18677,2036.01,16453.3,-2122.84,2026/01/29 20:29:36
18678,2036.12,16476.1,-2121.54,2026/01/29 20:29:36
18679,2036.23,16468.3,-2118.27,2026/01/29 20:29:37
18680,2036.34,16433.9,-2124.91,2026/01/29 20:29:37
18681,2036.44,16396.2,-2124.57,2026/01/29 20:29:37
18682,2036.55,16355,-2120.83,2026/01/29 20:29:37
18683,2036.66,16301.3,-2122.17,2026/01/29 20:29:37
18684,2036.77,16251.7,-2112.52,2026/01/29 20:29:37
18685,2036.88,16283.8,-2133.89,2026/01/29 20:29:37
18686,2036.98,16326.5,-2133.02,2026/01/29 20:29:37
18687,2037.1,16303,-2136.11,2026/01/29 20:29:37
18688,2037.2,16344.1,-2129.53,2026/01/29 20:29:38
18689,2037.31,16450.4,-2121.93,2026/01/29 20:29:38
18690,2037.42,16470,-2122.11,2026/01/29 20:29:38
18691,2037.53,16455.3,-2117.4,2026/01/29 20:29:38
18692,2037.64,16434.1,-2123.77,2026/01/29 20:29:38
18693,2037.75,16412.6,-2121.82,2026/01/29 20:29:38
18694,2037.86,16361.6,-2121.57,2026/01/29 20:29:38
18695,2037.97,16326.2,-2122.38,2026/01/29 20:29:38
18696,2038.08,16274.5,-2122.12,2026/01/29 20:29:38
18697,2038.18,16268.5,-2124.97,2026/01/29 20:29:39
18698,2038.29,16327,-2143.85,2026/01/29 20:29:39
18699,2038.4,16301.8,-2135.48,2026/01/29 20:29:39
18700,2038.51,16332.9,-2131.09,2026/01/29 20:29:39
18701,2038.62,16416.3,-2122.82,2026/01/29 20:29:39
18702,2038.73,16452.9,-2119.53,2026/01/29 20:29:39
18703,2038.84,16466,-2120.53,2026/01/29 20:29:39
18704,2038.95,16432.3,-2119.36,2026/01/29 20:29:39
18705,2039.06,16414,-2123.37,2026/01/29 20:29:39
18706,2039.17,16353.5,-2120.79,2026/01/29 20:29:40
18707,2039.28,16324.9,-2123.9,2026/01/29 20:29:40
18708,2039.39,16291.3,-2122.46,2026/01/29 20:29:40
18709,2039.5,16298.9,-2130.39,2026/01/29 20:29:40
18710,2039.6,16336.5,-2136.34,2026/01/29 20:29:40
18711,2039.71,16327.2,-2134.05,2026/01/29 20:29:40
18712,2039.82,16425,-2122.9,2026/01/29 20:29:40
18713,2039.93,16463.6,-2119.58,2026/01/29 20:29:40
18714,2040.04,16472.4,-2120.75,2026/01/29 20:29:40
18715,2040.15,16438.5,-2118.93,2026/01/29 20:29:41
18716,2040.26,16430.9,-2124.87,2026/01/29 20:29:41
18717,2040.37,16358.2,-2120.32,2026/01/29 20:29:41
18718,2040.48,16307.7,-2121.09,2026/01/29 20:29:41
18719,2040.59,16219.6,-2102.65,2026/01/29 20:29:41
18720,2040.69,16290.2,-2132.79,2026/01/29 20:29:41
18721,2040.8,16316.4,-2137.41,2026/01/29 20:29:41
18722,2040.91,16333.3,-2135.51,2026/01/29 20:29:41
18723,2041.02,16380.3,-2126.28,2026/01/29 20:29:41
18724,2041.13,16457.9,-2120.89,2026/01/29 20:29:41
18725,2041.24,16476.8,-2119.57,2026/01/29 20:29:42
18726,2041.35,16461.2,-2119.9,2026/01/29 20:29:42
18727,2041.46,16435.5,-2120.05,2026/01/29 20:29:42
18728,2041.57,16419.9,-2128.14,2026/01/29 20:29:42
18729,2041.68,16361.9,-2120.54,2026/01/29 20:29:42
18730,2041.79,16331.1,-2122.28,2026/01/29 20:29:42
18731,2041.89,16294.2,-2120.9,2026/01/29 20:29:42
18732,2042,16291,-2124.51,2026/01/29 20:29:42
18733,2042.11,16312.6,-2132.67,2026/01/29 20:29:42
18734,2042.22,16322.7,-2131.26,2026/01/29 20:29:43
18735,2042.33,16339,-2133.43,2026/01/29 20:29:43
18736,2042.44,16449.3,-2117.04,2026/01/29 20:29:43
18737,2042.55,16463.4,-2123.47,2026/01/29 20:29:43
18738,2042.66,16465.7,-2117.18,2026/01/29 20:29:43
18739,2042.77,16433.9,-2120.1,2026/01/29 20:29:43
18740,2042.88,16419.2,-2125.06,2026/01/29 20:29:43
18741,2042.98,16359.8,-2120.62,2026/01/29 20:29:43
18742,2043.09,16325.2,-2123.01,2026/01/29 20:29:43
18743,2043.2,16283.3,-2120.25,2026/01/29 20:29:44
18744,2043.31,16258.6,-2119.31,2026/01/29 20:29:44
18745,2043.42,16303.6,-2130.94,2026/01/29 20:29:44
18746,2043.53,16309.3,-2135.23,2026/01/29 20:29:44
18747,2043.64,16347.9,-2132.44,2026/01/29 20:29:44
18748,2043.75,16459.6,-2120.72,2026/01/29 20:29:44
18749,2043.86,16488.8,-2120.04,2026/01/29 20:29:44
18750,2043.97,16458.4,-2119.07,2026/01/29 20:29:44
18751,2044.08,16456.3,-2120.76,2026/01/29 20:29:44
18752,2044.19,16375.8,-2122.39,2026/01/29 20:29:45
18753,2044.3,16336.5,-2121.19,2026/01/29 20:29:45
18754,2044.4,16271.7,-2115.55,2026/01/29 20:29:45
18755,2044.51,16194.8,-2102.74,2026/01/29 20:29:45
18756,2044.62,16196.9,-2105.57,2026/01/29 20:29:45
18757,2044.73,16304.7,-2136.8,2026/01/29 20:29:45
18758,2044.84,16309.3,-2142,2026/01/29 20:29:45
18759,2044.95,16348.4,-2137.62,2026/01/29 20:29:45
18760,2045.06,16439.2,-2127.59,2026/01/29 20:29:45
18761,2045.17,16463.7,-2123.56,2026/01/29 20:29:46
18762,2045.27,16447.7,-2121.67,2026/01/29 20:29:46
18763,2045.38,16428.6,-2125.69,2026/01/29 20:29:46
18764,2045.49,16361.1,-2123.13,2026/01/29 20:29:46
18765,2045.6,16326.1,-2122.54,2026/01/29 20:29:46
18766,2045.71,16282.3,-2124.2,2026/01/29 20:29:46
18767,2045.82,16285.9,-2127.51,2026/01/29 20:29:46
18768,2045.93,16320.9,-2142.98,2026/01/29 20:29:46
18769,2046.04,16307.8,-2135.99,2026/01/29 20:29:46
18770,2046.15,16363.4,-2130.73,2026/01/29 20:29:47
18771,2046.26,16478.7,-2122.33,2026/01/29 20:29:47
18772,2046.36,16493.8,-2122.78,2026/01/29 20:29:47
18773,2046.47,16471.1,-2121.87,2026/01/29 20:29:47
18774,2046.58,16452.1,-2123.38,2026/01/29 20:29:47
18775,2046.69,16376.9,-2122.44,2026/01/29 20:29:47
18776,2046.8,16327.9,-2119.9,2026/01/29 20:29:47
18777,2046.91,16225.4,-2103.83,2026/01/29 20:29:47
18778,2047.02,16302.8,-2134.43,2026/01/29 20:29:47
18779,2047.13,16315,-2134.52,2026/01/29 20:29:47
18780,2047.24,16337.3,-2133.93,2026/01/29 20:29:48
18781,2047.35,16423,-2125.33,2026/01/29 20:29:48
18782,2047.46,16470.5,-2119.42,2026/01/29 20:29:48
18783,2047.57,16474.5,-2120.32,2026/01/29 20:29:48
18784,2047.67,16457.8,-2118.91,2026/01/29 20:29:48
18785,2047.79,16445,-2122.37,2026/01/29 20:29:48
18786,2047.89,16368.6,-2119.83,2026/01/29 20:29:48
18787,2048,16304.4,-2117.8,2026/01/29 20:29:48
18788,2048.11,16221.2,-2104.97,2026/01/29 20:29:48
18789,2048.22,16310.5,-2133.31,2026/01/29 20:29:49
18790,2048.33,16300.9,-2136.69,2026/01/29 20:29:49
18791,2048.44,16366.7,-2128.61,2026/01/29 20:29:49
18792,2048.55,16472.8,-2120.79,2026/01/29 20:29:49
18793,2048.66,16495.7,-2119.9,2026/01/29 20:29:49
18794,2048.77,16462.3,-2118.65,2026/01/29 20:29:49
18795,2048.88,16456,-2123.05,2026/01/29 20:29:49
18796,2048.99,16370.4,-2120.99,2026/01/29 20:29:49
18797,2049.1,16321.9,-2122.09,2026/01/29 20:29:49
18798,2049.21,16251.2,-2111.31,2026/01/29 20:29:50
18799,2049.31,16305.5,-2133.41,2026/01/29 20:29:50
18800,2049.42,16317.8,-2134.08,2026/01/29 20:29:50
18801,2049.53,16370.4,-2126.72,2026/01/29 20:29:50
18802,2049.64,16487.8,-2125.46,2026/01/29 20:29:50
18803,2049.75,16485.7,-2126.85,2026/01/29 20:29:50
18804,2049.86,16481.2,-2123.36,2026/01/29 20:29:50
18805,2049.97,16434.2,-2127.26,2026/01/29 20:29:50
18806,2050.08,16381.3,-2120.89,2026/01/29 20:29:50
18807,2050.18,16335.5,-2119.41,2026/01/29 20:29:51
18808,2050.29,16211.6,-2098.81,2026/01/29 20:29:51
18809,2050.4,16159.3,-2110.66,2026/01/29 20:29:51
18810,2050.51,16302.1,-2141.28,2026/01/29 20:29:51
18811,2050.62,16315.4,-2140.55,2026/01/29 20:29:51
18812,2050.73,16343.7,-2136.72,2026/01/29 20:29:51
18813,2050.84,16457.6,-2130.89,2026/01/29 20:29:51
18814,2050.95,16479.5,-2131.11,2026/01/29 20:29:51
18815,2051.06,16460.4,-2121.96,2026/01/29 20:29:51
18816,2051.17,16444.7,-2127.94,2026/01/29 20:29:52
18817,2051.27,16372.5,-2115.42,2026/01/29 20:29:52
18818,2051.38,16333.9,-2116.53,2026/01/29 20:29:52
18819,2051.49,16236.2,-2098.71,2026/01/29 20:29:52
18820,2051.6,16085.9,-2093.42,2026/01/29 20:29:52
18821,2051.71,16224.9,-2136.2,2026/01/29 20:29:52
18822,2051.82,16335,-2136.16,2026/01/29 20:29:52
18823,2051.93,16319.7,-2146.06,2026/01/29 20:29:52
18824,2052.04,16439.4,-2134.01,2026/01/29 20:29:52
18825,2052.15,16470.1,-2132.91,2026/01/29 20:29:53
18826,2052.26,16483.7,-2131.66,2026/01/29 20:29:53
18827,2052.36,16477.3,-2136.29,2026/01/29 20:29:53
18828,2052.47,16476.7,-2132.4,2026/01/29 20:29:53
18829,2052.58,16473.4,-2133.83,2026/01/29 20:29:53
18830,2052.69,16470.3,-2134.29,2026/01/29 20:29:53
18831,2052.79,16474.8,-2133.38,2026/01/29 20:29:53
18832,2052.9,16467.8,-2132.99,2026/01/29 20:29:53
18833,2053.01,16471.3,-2135.73,2026/01/29 20:29:53
18834,2053.12,16469.2,-2134.39,2026/01/29 20:29:53
18835,2053.23,16467.7,-2135.64,2026/01/29 20:29:54
18836,2053.33,16468.7,-2133.9,2026/01/29 20:29:54
18837,2053.44,16468.1,-2136.54,2026/01/29 20:29:54
18838,2053.55,16468.5,-2132.04,2026/01/29 20:29:54
18839,2053.66,16465.8,-2137.55,2026/01/29 20:29:54
18840,2053.77,16468.1,-2134.13,2026/01/29 20:29:54
18841,2053.88,16467.1,-2135.19,2026/01/29 20:29:54
18842,2053.99,16467.1,-2135.38,2026/01/29 20:29:54
18843,2054.1,16468,-2134.67,2026/01/29 20:29:54
18844,2054.2,16463.4,-2135.73,2026/01/29 20:29:55
18845,2054.31,16468.8,-2135.59,2026/01/29 20:29:55
18846,2054.42,16464.7,-2135.03,2026/01/29 20:29:55
18847,2054.53,16466.3,-2136.03,2026/01/29 20:29:55
18848,2054.64,16466.2,-2136.1,2026/01/29 20:29:55
18849,2054.75,16464.9,-2135.99,2026/01/29 20:29:55
18850,2054.86,16466.7,-2136.2,2026/01/29 20:29:55
18851,2054.96,16464.1,-2136.93,2026/01/29 20:29:55
18852,2055.07,16467.4,-2134.02,2026/01/29 20:29:55
18853,2055.18,16462.5,-2138.36,2026/01/29 20:29:56
18854,2055.29,16464.4,-2132.97,2026/01/29 20:29:56
18855,2055.4,16459.9,-2131.54,2026/01/29 20:29:56
18856,2055.51,16459.9,-2132.1,2026/01/29 20:29:56
18857,2055.62,16459.2,-2131.79,2026/01/29 20:29:56
18858,2055.72,16457.8,-2132.77,2026/01/29 20:29:56
18859,2055.83,16460.3,-2132.1,2026/01/29 20:29:56
18860,2055.94,16458.9,-2131.7,2026/01/29 20:29:56
18861,2056.05,16459.6,-2131.42,2026/01/29 20:29:56
18862,2056.16,16458.7,-2133.11,2026/01/29 20:29:57
18863,2056.27,16457.3,-2132.71,2026/01/29 20:29:57
18864,2056.37,16460,-2131.9,2026/01/29 20:29:57
18865,2056.48,16456.1,-2135.59,2026/01/29 20:29:57
18866,2056.59,16460.7,-2130.94,2026/01/29 20:29:57
18867,2056.7,16456.5,-2133.84,2026/01/29 20:29:57
18868,2056.81,16459.7,-2132.57,2026/01/29 20:29:57
18869,2056.92,16458.1,-2132.62,2026/01/29 20:29:57
18870,2057.02,16457,-2133.83,2026/01/29 20:29:57
18871,2057.13,16460.3,-2132.25,2026/01/29 20:29:57
18872,2057.24,16457.4,-2132.57,2026/01/29 20:29:58
18873,2057.35,16459,-2133.55,2026/01/29 20:29:58
18874,2057.46,16457.9,-2133.73,2026/01/29 20:29:58
18875,2057.57,16459.2,-2132.59,2026/01/29 20:29:58
18876,2057.67,16460,-2133.31,2026/01/29 20:29:58
18877,2057.78,16457.7,-2134.26,2026/01/29 20:29:58
18878,2057.89,16460.5,-2132.02,2026/01/29 20:29:58
18879,2058,16456.8,-2136.25,2026/01/29 20:29:58
18880,2058.11,16460.8,-2132.25,2026/01/29 20:29:58
18881,2058.22,16458.8,-2133.57,2026/01/29 20:29:59
18882,2058.32,16459.2,-2133.34,2026/01/29 20:29:59
18883,2058.43,16461.4,-2132.37,2026/01/29 20:29:59
18884,2058.54,16455.5,-2133.78,2026/01/29 20:29:59
18885,2058.65,16461.1,-2135.16,2026/01/29 20:29:59
18886,2058.76,16458.5,-2133.24,2026/01/29 20:29:59
18887,2058.86,16458.6,-2134.27,2026/01/29 20:29:59
18888,2058.97,16460.4,-2134,2026/01/29 20:29:59
18889,2059.08,16458.9,-2134.47,2026/01/29 20:29:59
18890,2059.19,16459.6,-2132.7,2026/01/29 20:30:00
18891,2059.3,16459.4,-2136.23,2026/01/29 20:30:00
18892,2059.41,16461.2,-2131.27,2026/01/29 20:30:00
18893,2059.52,16458.5,-2135.27,2026/01/29 20:30:00
18894,2059.63,16461.8,-2132.52,2026/01/29 20:30:00
18895,2059.74,16458.7,-2134.26,2026/01/29 20:30:00
18896,2059.84,16461.2,-2134.17,2026/01/29 20:30:00
18897,2059.95,16462.2,-2132.49,2026/01/29 20:30:00
18898,2060.06,16457.1,-2134.98,2026/01/29 20:30:00
18899,2060.17,16463.4,-2135.03,2026/01/29 20:30:01
18900,2060.28,16458.8,-2133.22,2026/01/29 20:30:01
18901,2060.39,16462.1,-2135.1,2026/01/29 20:30:01
18902,2060.5,16460.9,-2134.32,2026/01/29 20:30:01
18903,2060.6,16460.7,-2134.13,2026/01/29 20:30:01
18904,2060.71,16461,-2134.76,2026/01/29 20:30:01
18905,2060.82,16460.7,-2133.37,2026/01/29 20:30:01
18906,2060.93,16462.1,-2134.95,2026/01/29 20:30:01
18907,2061.04,16459.2,-2134.9,2026/01/29 20:30:01
18908,2061.15,16462.8,-2133.68,2026/01/29 20:30:02
18909,2061.26,16459,-2137.78,2026/01/29 20:30:02
18910,2061.36,16462.4,-2134.36,2026/01/29 20:30:02
18911,2061.47,16460.6,-2134.78,2026/01/29 20:30:02
18912,2061.58,16461.2,-2134.59,2026/01/29 20:30:02
18913,2061.69,16461,-2135.61,2026/01/29 20:30:02
18914,2061.8,16459.3,-2135.92,2026/01/29 20:30:02
18915,2061.91,16463,-2132.71,2026/01/29 20:30:02
18916,2062.02,16459.5,-2135.8,2026/01/29 20:30:02
18917,2062.13,16463.4,-2135.44,2026/01/29 20:30:02
18918,2062.24,16460.4,-2133.95,2026/01/29 20:30:03
18919,2062.35,16462,-2134.7,2026/01/29 20:30:03
18920,2062.45,16462,-2135.49,2026/01/29 20:30:03
18921,2062.56,16460.2,-2134.52,2026/01/29 20:30:03
18922,2062.67,16462.4,-2135.53,2026/01/29 20:30:03
18923,2062.78,16460.3,-2136.28,2026/01/29 20:30:03
18924,2062.89,16462.4,-2132.61,2026/01/29 20:30:03
18925,2063,16463.9,-2138.37,2026/01/29 20:30:03
18926,2063.1,16433.8,-2138.35,2026/01/29 20:30:03
18927,2063.21,16354.2,-2130.02,2026/01/29 20:30:04
18928,2063.32,16320.1,-2126.01,2026/01/29 20:30:04
18929,2063.43,16176,-2106.05,2026/01/29 20:30:04
18930,2063.54,16276.6,-2131.27,2026/01/29 20:30:04
18931,2063.65,16327.8,-2133.65,2026/01/29 20:30:04
18932,2063.76,16417.7,-2119.17,2026/01/29 20:30:04
18933,2063.87,16472.9,-2117.48,2026/01/29 20:30:04
18934,2063.98,16451.9,-2120.78,2026/01/29 20:30:04
18935,2064.09,16399.4,-2122.13,2026/01/29 20:30:04
18936,2064.2,16340.1,-2117.65,2026/01/29 20:30:05
18937,2064.3,16283.4,-2121.6,2026/01/29 20:30:05
18938,2064.41,16297.3,-2129.85,2026/01/29 20:30:05
18939,2064.52,16314.4,-2132.37,2026/01/29 20:30:05
18940,2064.63,16380.9,-2135.24,2026/01/29 20:30:05
18941,2064.74,16442.5,-2120.11,2026/01/29 20:30:05
18942,2064.85,16469,-2119.07,2026/01/29 20:30:05
18943,2064.96,16453.6,-2122.92,2026/01/29 20:30:05
18944,2065.07,16383.1,-2124.58,2026/01/29 20:30:05
18945,2065.18,16287.5,-2114.42,2026/01/29 20:30:06
18946,2065.29,16134.9,-2112.74,2026/01/29 20:30:06
18947,2065.4,16297.4,-2150.56,2026/01/29 20:30:06
18948,2065.51,16283.8,-2143.35,2026/01/29 20:30:06
18949,2065.61,16338.3,-2137.88,2026/01/29 20:30:06
18950,2065.72,16453.6,-2124.94,2026/01/29 20:30:06
18951,2065.83,16456.9,-2125.04,2026/01/29 20:30:06
18952,2065.94,16438.6,-2125.95,2026/01/29 20:30:06
18953,2066.05,16373.6,-2120.65,2026/01/29 20:30:06
18954,2066.16,16300.1,-2119.11,2026/01/29 20:30:07
18955,2066.27,16201.6,-2102.17,2026/01/29 20:30:07
18956,2066.38,16301.7,-2136.61,2026/01/29 20:30:07
18957,2066.49,16300.7,-2133.77,2026/01/29 20:30:07
18958,2066.6,16393.9,-2128.28,2026/01/29 20:30:07
18959,2066.71,16473.3,-2122.74,2026/01/29 20:30:07
18960,2066.82,16448.6,-2121.06,2026/01/29 20:30:07
18961,2066.93,16420.6,-2122.01,2026/01/29 20:30:07
18962,2067.03,16350,-2121.79,2026/01/29 20:30:07
18963,2067.14,16222.8,-2100.04,2026/01/29 20:30:08
18964,2067.25,16247.1,-2128.15,2026/01/29 20:30:08
18965,2067.36,16302.4,-2130.83,2026/01/29 20:30:08
18966,2067.47,16335.1,-2133.4,2026/01/29 20:30:08
18967,2067.58,16434.6,-2119.26,2026/01/29 20:30:08
18968,2067.69,16443.8,-2118.23,2026/01/29 20:30:08
18969,2067.8,16443.7,-2120.59,2026/01/29 20:30:08
18970,2067.91,16363,-2120.94,2026/01/29 20:30:08
18971,2068.02,16278.1,-2114.36,2026/01/29 20:30:08
18972,2068.13,16251.3,-2121.5,2026/01/29 20:30:08
18973,2068.24,16308.3,-2135.97,2026/01/29 20:30:09
18974,2068.35,16314.7,-2130.69,2026/01/29 20:30:09
18975,2068.45,16438.6,-2122.69,2026/01/29 20:30:09
18976,2068.56,16478.5,-2125.78,2026/01/29 20:30:09
18977,2068.67,16448,-2119.58,2026/01/29 20:30:09
18978,2068.78,16418.3,-2125.79,2026/01/29 20:30:09
18979,2068.89,16354.7,-2121.04,2026/01/29 20:30:09
18980,2068.99,16219.4,-2103.46,2026/01/29 20:30:09
18981,2069.11,16256.3,-2130.46,2026/01/29 20:30:09
18982,2069.21,16315.9,-2133.91,2026/01/29 20:30:10
18983,2069.32,16316.3,-2134.63,2026/01/29 20:30:10
18984,2069.43,16443.1,-2139.27,2026/01/29 20:30:10
18985,2069.54,16469.8,-2133.21,2026/01/29 20:30:10
18986,2069.65,16427.8,-2130.36,2026/01/29 20:30:10
18987,2069.76,16356.1,-2124.62,2026/01/29 20:30:10
18988,2069.86,16281.9,-2114.72,2026/01/29 20:30:10
18989,2069.97,16168.5,-2115.41,2026/01/29 20:30:10
18990,2070.08,16298.5,-2137.42,2026/01/29 20:30:10
18991,2070.19,16317.1,-2142.17,2026/01/29 20:30:11
18992,2070.3,16403.2,-2121.81,2026/01/29 20:30:11
18993,2070.41,16483.2,-2124.45,2026/01/29 20:30:11
18994,2070.52,16470.3,-2118.74,2026/01/29 20:30:11
18995,2070.63,16435.9,-2124.66,2026/01/29 20:30:11
18996,2070.74,16362.4,-2120.41,2026/01/29 20:30:11
18997,2070.85,16242.2,-2104.18,2026/01/29 20:30:11
18998,2070.96,16203.9,-2120.98,2026/01/29 20:30:11
18999,2071.07,16328.8,-2131.22,2026/01/29 20:30:11
19000,2071.17,16293.1,-2137.5,2026/01/29 20:30:12
19001,2071.28,16424.1,-2124.94,2026/01/29 20:30:12
19002,2071.39,16450.2,-2126.29,2026/01/29 20:30:12
19003,2071.5,16432.3,-2122.52,2026/01/29 20:30:12
19004,2071.61,16367.6,-2123.68,2026/01/29 20:30:12
19005,2071.72,16325.8,-2116.08,2026/01/29 20:30:12
19006,2071.83,16205.6,-2101.32,2026/01/29 20:30:12
19007,2071.94,16284,-2139.79,2026/01/29 20:30:12
19008,2072.05,16294.6,-2131.72,2026/01/29 20:30:12
19009,2072.15,16322.8,-2135.69,2026/01/29 20:30:13
19010,2072.26,16437.2,-2121.47,2026/01/29 20:30:13
19011,2072.37,16442.4,-2116.84,2026/01/29 20:30:13
19012,2072.48,16418.3,-2123.4,2026/01/29 20:30:13
19013,2072.59,16343.5,-2118.89,2026/01/29 20:30:13
19014,2072.7,16244.5,-2105.1,2026/01/29 20:30:13
19015,2072.81,16138.3,-2112.88,2026/01/29 20:30:13
19016,2072.92,16315.5,-2137.12,2026/01/29 20:30:13
19017,2073.03,16288.6,-2141.12,2026/01/29 20:30:13
19018,2073.14,16389.5,-2127.06,2026/01/29 20:30:14
19019,2073.25,16460.3,-2126.18,2026/01/29 20:30:14
19020,2073.35,16446.8,-2121.08,2026/01/29 20:30:14
19021,2073.46,16395.5,-2123.42,2026/01/29 20:30:14
19022,2073.57,16344.8,-2115.45,2026/01/29 20:30:14
19023,2073.68,16270.4,-2108.2,2026/01/29 20:30:14
19024,2073.79,16163.6,-2098.74,2026/01/29 20:30:14
19025,2073.9,16305.4,-2142.15,2026/01/29 20:30:14
19026,2074.01,16273.4,-2137.35,2026/01/29 20:30:14
19027,2074.12,16393.3,-2127.99,2026/01/29 20:30:14
19028,2074.23,16471.5,-2126.41,2026/01/29 20:30:15
19029,2074.34,16463,-2123.74,2026/01/29 20:30:15
19030,2074.44,16430.4,-2124.03,2026/01/29 20:30:15
19031,2074.55,16360,-2119.93,2026/01/29 20:30:15
19032,2074.66,16300.6,-2117.04,2026/01/29 20:30:15
19033,2074.77,16220.7,-2101.8,2026/01/29 20:30:15
19034,2074.88,16317.4,-2138.8,2026/01/29 20:30:15
19035,2074.99,16284.1,-2135.07,2026/01/29 20:30:15
19036,2075.1,16307.5,-2136.36,2026/01/29 20:30:15
19037,2075.21,16419.3,-2120.41,2026/01/29 20:30:16
19038,2075.32,16439.8,-2122.13,2026/01/29 20:30:16
19039,2075.42,16430.1,-2119.84,2026/01/29 20:30:16
19040,2075.53,16370.7,-2123,2026/01/29 20:30:16
19041,2075.64,16325.3,-2120.19,2026/01/29 20:30:16
19042,2075.75,16217.7,-2095.4,2026/01/29 20:30:16
19043,2075.86,16256,-2134.36,2026/01/29 20:30:16
19044,2075.97,16296.2,-2134.41,2026/01/29 20:30:16
19045,2076.08,16285.9,-2136.87,2026/01/29 20:30:16
19046,2076.19,16392.8,-2130.16,2026/01/29 20:30:17
19047,2076.29,16454.7,-2127.76,2026/01/29 20:30:17
19048,2076.4,16457.6,-2120.81,2026/01/29 20:30:17
19049,2076.51,16437.2,-2123.35,2026/01/29 20:30:17
19050,2076.62,16365.7,-2121.73,2026/01/29 20:30:17
19051,2076.73,16311.8,-2115.73,2026/01/29 20:30:17
19052,2076.84,16224.2,-2099.71,2026/01/29 20:30:17
19053,2076.95,16263.8,-2131.19,2026/01/29 20:30:17
19054,2077.06,16281.6,-2135.94,2026/01/29 20:30:17
19055,2077.17,16291.3,-2132.41,2026/01/29 20:30:18
19056,2077.28,16397.4,-2124.64,2026/01/29 20:30:18
19057,2077.39,16441.5,-2120.19,2026/01/29 20:30:18
19058,2077.49,16428.7,-2119.18,2026/01/29 20:30:18
19059,2077.6,16368.3,-2123.98,2026/01/29 20:30:18
19060,2077.71,16315.5,-2117.09,2026/01/29 20:30:18
19061,2077.82,16187,-2101.03,2026/01/29 20:30:18
19062,2077.93,16187.8,-2126.4,2026/01/29 20:30:18
19063,2078.04,16270.3,-2136.74,2026/01/29 20:30:18
19064,2078.15,16268,-2137.44,2026/01/29 20:30:19
19065,2078.26,16284.3,-2139.69,2026/01/29 20:30:19
19066,2078.37,16350.6,-2144.15,2026/01/29 20:30:19
19067,2078.48,16444,-2134.45,2026/01/29 20:30:19
19068,2078.59,16442.4,-2124.46,2026/01/29 20:30:19
19069,2078.7,16411.9,-2129.28,2026/01/29 20:30:19
19070,2078.8,16349.8,-2117.63,2026/01/29 20:30:19
19071,2078.91,16288.2,-2114.95,2026/01/29 20:30:19
19072,2079.02,16152.5,-2099.59,2026/01/29 20:30:19
19073,2079.13,16240.1,-2128.73,2026/01/29 20:30:19
19074,2079.24,16282.7,-2138.5,2026/01/29 20:30:20
19075,2079.35,16292.3,-2139.41,2026/01/29 20:30:20
19076,2079.46,16362,-2121.3,2026/01/29 20:30:20
19077,2079.57,16445.9,-2114.64,2026/01/29 20:30:20
19078,2079.68,16448.4,-2115.79,2026/01/29 20:30:20
19079,2079.79,16443.2,-2119.35,2026/01/29 20:30:20
19080,2079.9,16357.4,-2115.85,2026/01/29 20:30:20
19081,2080,16287.6,-2115.32,2026/01/29 20:30:20
19082,2080.11,16177.6,-2100.38,2026/01/29 20:30:20
19083,2080.22,16280,-2130.79,2026/01/29 20:30:21
19084,2080.33,16258.8,-2134,2026/01/29 20:30:21
19085,2080.44,16326.1,-2127.98,2026/01/29 20:30:21
19086,2080.55,16434,-2119.06,2026/01/29 20:30:21
19087,2080.66,16451.1,-2119.32,2026/01/29 20:30:21
19088,2080.77,16435.6,-2120.18,2026/01/29 20:30:21
19089,2080.88,16362.9,-2123.48,2026/01/29 20:30:21
19090,2080.99,16326.1,-2115.05,2026/01/29 20:30:21
19091,2081.1,16217.5,-2099.34,2026/01/29 20:30:21
19092,2081.2,16094.7,-2102.42,2026/01/29 20:30:22
19093,2081.31,16285,-2144.97,2026/01/29 20:30:22
19094,2081.42,16261.9,-2136.56,2026/01/29 20:30:22
19095,2081.53,16296.6,-2141.13,2026/01/29 20:30:22
19096,2081.64,16356.2,-2139.27,2026/01/29 20:30:22
19097,2081.75,16425.6,-2133.42,2026/01/29 20:30:22
19098,2081.86,16402.4,-2128.82,2026/01/29 20:30:22
19099,2081.97,16350,-2125.1,2026/01/29 20:30:22
19100,2082.08,16311.3,-2117.84,2026/01/29 20:30:22
19101,2082.18,16306.1,-2122.91,2026/01/29 20:30:23
19102,2082.29,16221.9,-2099.35,2026/01/29 20:30:23
19103,2082.4,16115.5,-2098.96,2026/01/29 20:30:23
19104,2082.51,16262.9,-2129.12,2026/01/29 20:30:23
19105,2082.62,16284.8,-2133.21,2026/01/29 20:30:23
19106,2082.73,16340.1,-2131.11,2026/01/29 20:30:23
19107,2082.84,16400.4,-2122.76,2026/01/29 20:30:23
19108,2082.95,16455.4,-2119.4,2026/01/29 20:30:23
19109,2083.06,16436.4,-2120.68,2026/01/29 20:30:23
19110,2083.17,16374.7,-2124.63,2026/01/29 20:30:24
19111,2083.28,16326.7,-2117.62,2026/01/29 20:30:24
19112,2083.39,16231.4,-2099.45,2026/01/29 20:30:24
19113,2083.5,16288.6,-2137.17,2026/01/29 20:30:24
19114,2083.61,16295.6,-2132.89,2026/01/29 20:30:24
19115,2083.71,16293.9,-2133.48,2026/01/29 20:30:24
19116,2083.82,16403.9,-2126.98,2026/01/29 20:30:24
19117,2083.93,16446.7,-2123.74,2026/01/29 20:30:24
19118,2084.04,16432.8,-2119.44,2026/01/29 20:30:24
19119,2084.15,16377.7,-2120.89,2026/01/29 20:30:25
19120,2084.26,16332.2,-2118.55,2026/01/29 20:30:25
19121,2084.37,16245.4,-2098.43,2026/01/29 20:30:25
19122,2084.47,16171.5,-2115.94,2026/01/29 20:30:25
19123,2084.58,16306.5,-2139.94,2026/01/29 20:30:25
19124,2084.69,16280.8,-2138.82,2026/01/29 20:30:25
19125,2084.8,16340.5,-2139.97,2026/01/29 20:30:25
19126,2084.91,16444.1,-2132.52,2026/01/29 20:30:25
19127,2085.02,16455.8,-2132.7,2026/01/29 20:30:25
19128,2085.13,16427.4,-2126.47,2026/01/29 20:30:25
19129,2085.24,16340.5,-2117.57,2026/01/29 20:30:26
19130,2085.35,16289.8,-2112.41,2026/01/29 20:30:26
19131,2085.46,16162.7,-2112.43,2026/01/29 20:30:26
19132,2085.57,16302.1,-2126.51,2026/01/29 20:30:26
19133,2085.67,16288.2,-2133.51,2026/01/29 20:30:26
19134,2085.78,16359.2,-2125.28,2026/01/29 20:30:26
19135,2085.89,16420.1,-2118.77,2026/01/29 20:30:26
19136,2086,16447,-2115.05,2026/01/29 20:30:26
19137,2086.11,16438.4,-2119.45,2026/01/29 20:30:26
19138,2086.22,16362.7,-2118.28,2026/01/29 20:30:27
19139,2086.33,16300.8,-2113.71,2026/01/29 20:30:27
19140,2086.44,16175.7,-2093.66,2026/01/29 20:30:27
19141,2086.55,16298.9,-2136.8,2026/01/29 20:30:27
19142,2086.66,16264.8,-2133.37,2026/01/29 20:30:27
19143,2086.77,16307.4,-2133.49,2026/01/29 20:30:27
19144,2086.88,16458.9,-2117.4,2026/01/29 20:30:27
19145,2086.98,16469.4,-2119.79,2026/01/29 20:30:27
19146,2087.09,16440.7,-2120.88,2026/01/29 20:30:27
19147,2087.2,16351.4,-2119.33,2026/01/29 20:30:28
19148,2087.31,16311.2,-2113.37,2026/01/29 20:30:28
19149,2087.42,16237.4,-2101.37,2026/01/29 20:30:28
19150,2087.53,16260.4,-2128.18,2026/01/29 20:30:28
19151,2087.64,16282.7,-2125.05,2026/01/29 20:30:28
19152,2087.75,16287.8,-2134.39,2026/01/29 20:30:28
19153,2087.85,16405,-2122.01,2026/01/29 20:30:28
19154,2087.96,16455.4,-2119.13,2026/01/29 20:30:28
19155,2088.07,16436.3,-2116.54,2026/01/29 20:30:28
19156,2088.18,16366.6,-2126.33,2026/01/29 20:30:29
19157,2088.29,16336,-2114.06,2026/01/29 20:30:29
19158,2088.4,16271.5,-2114.64,2026/01/29 20:30:29
19159,2088.51,16211.6,-2103.73,2026/01/29 20:30:29
19160,2088.62,16300.5,-2141.66,2026/01/29 20:30:29
19161,2088.73,16269.4,-2133.12,2026/01/29 20:30:29
19162,2088.83,16359,-2127.47,2026/01/29 20:30:29
19163,2088.94,16462.3,-2121.16,2026/01/29 20:30:29
19164,2089.05,16465.7,-2118.28,2026/01/29 20:30:29
19165,2089.16,16432,-2121.68,2026/01/29 20:30:30
19166,2089.27,16356.6,-2119.21,2026/01/29 20:30:30
19167,2089.38,16284,-2112.23,2026/01/29 20:30:30
19168,2089.49,16209.1,-2096.49,2026/01/29 20:30:30
19169,2089.6,16289.9,-2133.65,2026/01/29 20:30:30
19170,2089.71,16274,-2130.65,2026/01/29 20:30:30
19171,2089.82,16306.6,-2134.56,2026/01/29 20:30:30
19172,2089.92,16341.5,-2135.73,2026/01/29 20:30:30
19173,2090.03,16432.2,-2129.84,2026/01/29 20:30:30
19174,2090.14,16440.3,-2126.21,2026/01/29 20:30:31
19175,2090.25,16391.3,-2121.92,2026/01/29 20:30:31
19176,2090.36,16329.9,-2117.17,2026/01/29 20:30:31
19177,2090.47,16283.2,-2116.02,2026/01/29 20:30:31
19178,2090.58,16203.6,-2095.36,2026/01/29 20:30:31
19179,2090.69,16265.3,-2122.09,2026/01/29 20:30:31
19180,2090.8,16271,-2133.14,2026/01/29 20:30:31
19181,2090.91,16353.4,-2127.61,2026/01/29 20:30:31
19182,2091.02,16390.1,-2117.58,2026/01/29 20:30:31
19183,2091.12,16424.6,-2115.66,2026/01/29 20:30:31
19184,2091.23,16407.6,-2114.26,2026/01/29 20:30:32
19185,2091.34,16320.8,-2116.73,2026/01/29 20:30:32
19186,2091.45,16294.2,-2111.89,2026/01/29 20:30:32
19187,2091.56,16248.6,-2114.36,2026/01/29 20:30:32
19188,2091.67,16279.6,-2118.69,2026/01/29 20:30:32
19189,2091.78,16283.9,-2126.9,2026/01/29 20:30:32
19190,2091.89,16282.7,-2130.73,2026/01/29 20:30:32
19191,2092,16386.7,-2119.94,2026/01/29 20:30:32
19192,2092.11,16430,-2117.25,2026/01/29 20:30:32
19193,2092.22,16434.6,-2119.83,2026/01/29 20:30:33
19194,2092.32,16344,-2116.43,2026/01/29 20:30:33
19195,2092.43,16302.1,-2113.86,2026/01/29 20:30:33
19196,2092.54,16229,-2100.48,2026/01/29 20:30:33
19197,2092.65,16269.3,-2132.85,2026/01/29 20:30:33
19198,2092.76,16278.6,-2130.83,2026/01/29 20:30:33
19199,2092.87,16280.6,-2133.47,2026/01/29 20:30:33
19200,2092.98,16328.9,-2134.45,2026/01/29 20:30:33
19201,2093.09,16419.5,-2131.92,2026/01/29 20:30:33
19202,2093.2,16403,-2126.15,2026/01/29 20:30:34
19203,2093.31,16351.3,-2122.51,2026/01/29 20:30:34
19204,2093.42,16310.4,-2115.24,2026/01/29 20:30:34
19205,2093.52,16259.4,-2115.1,2026/01/29 20:30:34
19206,2093.63,16215.4,-2107.98,2026/01/29 20:30:34
19207,2093.74,16273.2,-2123.71,2026/01/29 20:30:34
19208,2093.85,16272.7,-2135.56,2026/01/29 20:30:34
19209,2093.96,16377.8,-2119.15,2026/01/29 20:30:34
19210,2094.07,16445.5,-2115.87,2026/01/29 20:30:34
19211,2094.18,16446.3,-2114.39,2026/01/29 20:30:35
19212,2094.29,16443.3,-2122.92,2026/01/29 20:30:35
19213,2094.39,16347.3,-2113.9,2026/01/29 20:30:35
19214,2094.5,16282.7,-2113.72,2026/01/29 20:30:35
19215,2094.61,16185.3,-2101.32,2026/01/29 20:30:35
19216,2094.72,16277.4,-2130.8,2026/01/29 20:30:35
19217,2094.83,16287.2,-2128.32,2026/01/29 20:30:35
19218,2094.94,16279.6,-2131.25,2026/01/29 20:30:35
19219,2095.05,16394.2,-2118.92,2026/01/29 20:30:35
19220,2095.16,16469.8,-2117.09,2026/01/29 20:30:36
19221,2095.27,16468.5,-2117.02,2026/01/29 20:30:36
19222,2095.37,16435,-2112.34,2026/01/29 20:30:36
19223,2095.48,16424.2,-2119.31,2026/01/29 20:30:36
19224,2095.59,16339.7,-2112.27,2026/01/29 20:30:36
19225,2095.7,16295.2,-2110.83,2026/01/29 20:30:36
19226,2095.81,16253.8,-2114.85,2026/01/29 20:30:36
19227,2095.92,16292.4,-2122.67,2026/01/29 20:30:36
19228,2096.02,16278.7,-2127.41,2026/01/29 20:30:36
19229,2096.13,16402.2,-2120.08,2026/01/29 20:30:36
19230,2096.24,16465.9,-2114.92,2026/01/29 20:30:37
19231,2096.35,16461.9,-2114.67,2026/01/29 20:30:37
19232,2096.46,16432.5,-2118.88,2026/01/29 20:30:37
19233,2096.57,16347.8,-2114.72,2026/01/29 20:30:37
19234,2096.68,16295.1,-2112.19,2026/01/29 20:30:37
19235,2096.79,16270.5,-2117.51,2026/01/29 20:30:37
19236,2096.9,16285.4,-2124.96,2026/01/29 20:30:37
19237,2097,16269.9,-2129.95,2026/01/29 20:30:37
19238,2097.11,16372.2,-2117.16,2026/01/29 20:30:37
19239,2097.22,16441.2,-2116.31,2026/01/29 20:30:38
19240,2097.33,16452.8,-2114.58,2026/01/29 20:30:38
19241,2097.44,16426.4,-2115.84,2026/01/29 20:30:38
19242,2097.55,16358.6,-2118.02,2026/01/29 20:30:38
19243,2097.66,16303.6,-2108.97,2026/01/29 20:30:38
19244,2097.76,16218.6,-2102.04,2026/01/29 20:30:38
19245,2097.87,16287.3,-2120.48,2026/01/29 20:30:38
19246,2097.98,16258.7,-2134.01,2026/01/29 20:30:38
19247,2098.09,16291.7,-2130.8,2026/01/29 20:30:38
19248,2098.2,16380.9,-2138.72,2026/01/29 20:30:39
19249,2098.31,16476.8,-2125.04,2026/01/29 20:30:39
19250,2098.42,16462.4,-2119.84,2026/01/29 20:30:39
19251,2098.53,16420,-2119.46,2026/01/29 20:30:39
19252,2098.64,16354,-2121.46,2026/01/29 20:30:39
19253,2098.75,16310.8,-2113.71,2026/01/29 20:30:39
19254,2098.85,16252.1,-2114.92,2026/01/29 20:30:39
19255,2098.97,16256.2,-2123.42,2026/01/29 20:30:39
19256,2099.07,16290.1,-2128.3,2026/01/29 20:30:39
19257,2099.18,16257.3,-2134.07,2026/01/29 20:30:40
19258,2099.29,16316.9,-2136.62,2026/01/29 20:30:40
19259,2099.4,16435,-2128.12,2026/01/29 20:30:40
19260,2099.51,16447.8,-2124.57,2026/01/29 20:30:40
19261,2099.62,16416.9,-2119.92,2026/01/29 20:30:40
19262,2099.73,16343.2,-2120.1,2026/01/29 20:30:40
19263,2099.84,16299.8,-2112.89,2026/01/29 20:30:40
19264,2099.94,16252.5,-2112.84,2026/01/29 20:30:40
19265,2100.05,16304.5,-2123.39,2026/01/29 20:30:40
19266,2100.16,16371,-2121.31,2026/01/29 20:30:41
19267,2100.27,16462.8,-2114.73,2026/01/29 20:30:41
19268,2100.38,16479.6,-2115.64,2026/01/29 20:30:41
19269,2100.49,16453,-2114.16,2026/01/29 20:30:41
19270,2100.6,16411.7,-2117.79,2026/01/29 20:30:41
19271,2100.71,16335,-2116.29,2026/01/29 20:30:41
19272,2100.82,16265.6,-2114.23,2026/01/29 20:30:41
19273,2100.93,16266.2,-2126.44,2026/01/29 20:30:41
19274,2101.04,16300.3,-2126.63,2026/01/29 20:30:41
19275,2101.14,16300.7,-2138.97,2026/01/29 20:30:42
19276,2101.25,16433.5,-2120.82,2026/01/29 20:30:42
19277,2101.36,16460.1,-2119,2026/01/29 20:30:42
19278,2101.47,16437.4,-2114.96,2026/01/29 20:30:42
19279,2101.58,16382.2,-2119.07,2026/01/29 20:30:42
19280,2101.69,16322.8,-2114.31,2026/01/29 20:30:42
19281,2101.8,16236.1,-2096.36,2026/01/29 20:30:42
19282,2101.9,16129.6,-2106.88,2026/01/29 20:30:42
19283,2102.01,16278.7,-2130.98,2026/01/29 20:30:42
19284,2102.12,16299.4,-2132.94,2026/01/29 20:30:42
19285,2102.23,16414.8,-2128.97,2026/01/29 20:30:43
19286,2102.34,16486.6,-2121.69,2026/01/29 20:30:43
19287,2102.45,16476.6,-2120.67,2026/01/29 20:30:43
19288,2102.56,16440.3,-2117.72,2026/01/29 20:30:43
19289,2102.67,16356.2,-2122.31,2026/01/29 20:30:43
19290,2102.78,16321.3,-2107.9,2026/01/29 20:30:43
19291,2102.88,16269.1,-2115.84,2026/01/29 20:30:43
19292,2102.99,16273.8,-2118.49,2026/01/29 20:30:43
19293,2103.1,16295.6,-2125.67,2026/01/29 20:30:43
19294,2103.21,16292.1,-2130.26,2026/01/29 20:30:44
19295,2103.32,16345.6,-2131.63,2026/01/29 20:30:44
19296,2103.43,16462.2,-2117.72,2026/01/29 20:30:44
19297,2103.54,16468.1,-2117.05,2026/01/29 20:30:44
19298,2103.65,16437.6,-2113.64,2026/01/29 20:30:44
19299,2103.76,16352.8,-2120.04,2026/01/29 20:30:44
19300,2103.87,16312.1,-2111.83,2026/01/29 20:30:44
19301,2103.98,16221.8,-2089.66,2026/01/29 20:30:44
19302,2104.08,16218.8,-2115.71,2026/01/29 20:30:44
19303,2104.19,16300.2,-2127.24,2026/01/29 20:30:45
19304,2104.3,16302.7,-2130.57,2026/01/29 20:30:45
19305,2104.41,16450.5,-2110.11,2026/01/29 20:30:45
19306,2104.52,16480.6,-2111.33,2026/01/29 20:30:45
19307,2104.63,16460.2,-2107.55,2026/01/29 20:30:45
19308,2104.74,16415.1,-2108.29,2026/01/29 20:30:45
19309,2104.85,16352.1,-2106.47,2026/01/29 20:30:45
19310,2104.96,16283.8,-2102.4,2026/01/29 20:30:45
19311,2105.07,16182.4,-2107.17,2026/01/29 20:30:45
19312,2105.18,16296,-2122.93,2026/01/29 20:30:46
19313,2105.29,16302,-2123.51,2026/01/29 20:30:46
19314,2105.4,16329.7,-2128.06,2026/01/29 20:30:46
19315,2105.51,16435.2,-2121.5,2026/01/29 20:30:46
19316,2105.62,16448.8,-2115.23,2026/01/29 20:30:46
19317,2105.73,16421,-2116.41,2026/01/29 20:30:46
19318,2105.83,16358.1,-2113.42,2026/01/29 20:30:46
19319,2105.94,16305.8,-2104.25,2026/01/29 20:30:46
19320,2106.05,16191.8,-2090.54,2026/01/29 20:30:46
19321,2106.16,16272.5,-2124.03,2026/01/29 20:30:47
19322,2106.27,16310.3,-2125.06,2026/01/29 20:30:47
19323,2106.38,16376,-2117.67,2026/01/29 20:30:47
19324,2106.49,16398.8,-2106.94,2026/01/29 20:30:47
19325,2106.59,16441.4,-2104.85,2026/01/29 20:30:47
19326,2106.71,16442.6,-2105.17,2026/01/29 20:30:47
19327,2106.82,16396.2,-2114.96,2026/01/29 20:30:47
19328,2106.92,16340.7,-2106.71,2026/01/29 20:30:47
19329,2107.03,16292.2,-2105.96,2026/01/29 20:30:47
19330,2107.14,16228.8,-2097.2,2026/01/29 20:30:48
19331,2107.25,16298.9,-2120.47,2026/01/29 20:30:48
19332,2107.36,16328.8,-2118.33,2026/01/29 20:30:48
19333,2107.47,16353.5,-2124.41,2026/01/29 20:30:48
19334,2107.58,16452.3,-2112.29,2026/01/29 20:30:48
19335,2107.68,16447.2,-2113,2026/01/29 20:30:48
19336,2107.79,16415.3,-2112.15,2026/01/29 20:30:48
19337,2107.9,16347,-2109.08,2026/01/29 20:30:48
19338,2108.01,16302.2,-2105.7,2026/01/29 20:30:48
19339,2108.12,16200.1,-2088.75,2026/01/29 20:30:48
19340,2108.23,16292.5,-2129.79,2026/01/29 20:30:49
19341,2108.34,16309.2,-2130.62,2026/01/29 20:30:49
19342,2108.45,16386.5,-2118.46,2026/01/29 20:30:49
19343,2108.56,16472,-2110.58,2026/01/29 20:30:49
19344,2108.66,16471.4,-2110.54,2026/01/29 20:30:49
19345,2108.77,16435.4,-2114.57,2026/01/29 20:30:49
19346,2108.88,16364.5,-2110.97,2026/01/29 20:30:49
19347,2108.99,16305.2,-2106.78,2026/01/29 20:30:49
19348,2109.1,16180.5,-2098.54,2026/01/29 20:30:49
19349,2109.21,16254.9,-2121.01,2026/01/29 20:30:50
19350,2109.32,16306.2,-2126.54,2026/01/29 20:30:50
19351,2109.43,16318.4,-2127.85,2026/01/29 20:30:50
19352,2109.54,16458.7,-2115.59,2026/01/29 20:30:50
19353,2109.65,16460.4,-2114.8,2026/01/29 20:30:50
19354,2109.76,16435.1,-2109.99,2026/01/29 20:30:50
19355,2109.86,16351.4,-2112.02,2026/01/29 20:30:50
19356,2109.97,16304.2,-2101.31,2026/01/29 20:30:50
19357,2110.08,16181.4,-2085.15,2026/01/29 20:30:50
19358,2110.19,16270,-2121.49,2026/01/29 20:30:51
19359,2110.3,16291.9,-2128.77,2026/01/29 20:30:51
19360,2110.41,16314.8,-2114.68,2026/01/29 20:30:51
19361,2110.52,16359.9,-2125.65,2026/01/29 20:30:51
19362,2110.63,16449.8,-2109.66,2026/01/29 20:30:51
19363,2110.74,16439.6,-2114.17,2026/01/29 20:30:51
19364,2110.85,16418.2,-2110.86,2026/01/29 20:30:51
19365,2110.96,16340.9,-2102.98,2026/01/29 20:30:51
19366,2111.07,16271.5,-2097.03,2026/01/29 20:30:51
19367,2111.18,16287.9,-2113.68,2026/01/29 20:30:52
19368,2111.28,16306.7,-2119.91,2026/01/29 20:30:52
19369,2111.39,16399.1,-2109.53,2026/01/29 20:30:52
19370,2111.5,16466.3,-2104.3,2026/01/29 20:30:52
19371,2111.61,16485.4,-2107.56,2026/01/29 20:30:52
19372,2111.72,16461.8,-2108.18,2026/01/29 20:30:52
19373,2111.83,16439.1,-2108.62,2026/01/29 20:30:52
19374,2111.94,16359.7,-2107.26,2026/01/29 20:30:52
19375,2112.05,16294.6,-2106.05,2026/01/29 20:30:52
19376,2112.15,16171.7,-2090.01,2026/01/29 20:30:53
19377,2112.26,16222.8,-2114.97,2026/01/29 20:30:53
19378,2112.37,16303.2,-2127.86,2026/01/29 20:30:53
19379,2112.48,16320,-2119.79,2026/01/29 20:30:53
19380,2112.59,16374.7,-2123.38,2026/01/29 20:30:53
19381,2112.7,16421.9,-2112.32,2026/01/29 20:30:53
19382,2112.81,16422.4,-2109.25,2026/01/29 20:30:53
19383,2112.92,16388.5,-2114.79,2026/01/29 20:30:53
19384,2113.03,16331.8,-2102.68,2026/01/29 20:30:53
19385,2113.14,16288.1,-2102.79,2026/01/29 20:30:54
19386,2113.24,16204.7,-2086.83,2026/01/29 20:30:54
19387,2113.35,16293.5,-2117.21,2026/01/29 20:30:54
19388,2113.46,16302.3,-2119.82,2026/01/29 20:30:54
19389,2113.57,16389.4,-2110.29,2026/01/29 20:30:54
19390,2113.68,16485.1,-2106.02,2026/01/29 20:30:54
19391,2113.79,16474.4,-2106.52,2026/01/29 20:30:54
19392,2113.9,16434.8,-2115.78,2026/01/29 20:30:54
19393,2114.01,16367.9,-2109.92,2026/01/29 20:30:54
19394,2114.11,16316.8,-2105.25,2026/01/29 20:30:54
19395,2114.22,16199.7,-2086.95,2026/01/29 20:30:55
19396,2114.33,16301.9,-2119.69,2026/01/29 20:30:55
19397,2114.44,16304.5,-2123.16,2026/01/29 20:30:55
19398,2114.55,16371.9,-2119.66,2026/01/29 20:30:55
19399,2114.66,16453.2,-2110.72,2026/01/29 20:30:55
19400,2114.77,16444.3,-2108.9,2026/01/29 20:30:55
19401,2114.88,16390.4,-2110.38,2026/01/29 20:30:55
19402,2114.99,16328.6,-2103.6,2026/01/29 20:30:55
19403,2115.1,16241.8,-2092.49,2026/01/29 20:30:55
19404,2115.21,16201.8,-2099.85,2026/01/29 20:30:56
19405,2115.32,16298,-2119.92,2026/01/29 20:30:56
19406,2115.42,16337.5,-2123.79,2026/01/29 20:30:56
19407,2115.53,16378.5,-2119.93,2026/01/29 20:30:56
19408,2115.64,16438,-2112.52,2026/01/29 20:30:56
19409,2115.75,16422.5,-2110.15,2026/01/29 20:30:56
19410,2115.86,16357.3,-2114.45,2026/01/29 20:30:56
19411,2115.97,16316.9,-2105.22,2026/01/29 20:30:56
19412,2116.08,16236.6,-2087.72,2026/01/29 20:30:56
19413,2116.19,16139.7,-2091.93,2026/01/29 20:30:57
19414,2116.3,16295.8,-2124.46,2026/01/29 20:30:57
19415,2116.41,16306.8,-2115.81,2026/01/29 20:30:57
19416,2116.52,16389.1,-2108.35,2026/01/29 20:30:57
19417,2116.62,16450,-2101.05,2026/01/29 20:30:57
19418,2116.73,16451.5,-2102.76,2026/01/29 20:30:57
19419,2116.84,16444.8,-2111.89,2026/01/29 20:30:57
19420,2116.95,16353.6,-2102.46,2026/01/29 20:30:57
19421,2117.06,16299.9,-2104.34,2026/01/29 20:30:57
19422,2117.17,16203.4,-2088.51,2026/01/29 20:30:58
19423,2117.28,16295.5,-2114.93,2026/01/29 20:30:58
19424,2117.39,16309,-2128.75,2026/01/29 20:30:58
19425,2117.49,16319.9,-2119.64,2026/01/29 20:30:58
19426,2117.6,16410.2,-2112.74,2026/01/29 20:30:58
19427,2117.71,16464.1,-2109.31,2026/01/29 20:30:58
19428,2117.82,16455.7,-2104.73,2026/01/29 20:30:58
19429,2117.93,16407.8,-2107.89,2026/01/29 20:30:58
19430,2118.04,16332.2,-2100.17,2026/01/29 20:30:58
19431,2118.15,16261.4,-2090.84,2026/01/29 20:30:59
19432,2118.26,16290.7,-2114.98,2026/01/29 20:30:59
19433,2118.37,16311.7,-2116.46,2026/01/29 20:30:59
19434,2118.48,16343.7,-2122.14,2026/01/29 20:30:59
19435,2118.58,16426.3,-2112.11,2026/01/29 20:30:59
19436,2118.69,16471.5,-2107.65,2026/01/29 20:30:59
19437,2118.8,16444.6,-2110,2026/01/29 20:30:59
19438,2118.91,16362.3,-2108.23,2026/01/29 20:30:59
19439,2119.02,16310.2,-2103.95,2026/01/29 20:30:59
19440,2119.13,16190.4,-2088.79,2026/01/29 20:30:59
19441,2119.24,16297,-2124.72,2026/01/29 20:31:00
19442,2119.35,16311.2,-2122.16,2026/01/29 20:31:00
19443,2119.46,16336,-2127.35,2026/01/29 20:31:00
19444,2119.56,16423.7,-2109.63,2026/01/29 20:31:00
19445,2119.67,16436.8,-2108.89,2026/01/29 20:31:00
19446,2119.78,16438.5,-2114.11,2026/01/29 20:31:00
19447,2119.89,16344,-2106.42,2026/01/29 20:31:00
19448,2120,16297.2,-2103.56,2026/01/29 20:31:00
19449,2120.11,16187.3,-2085.95,2026/01/29 20:31:00
19450,2120.22,16286.3,-2118.57,2026/01/29 20:31:01
19451,2120.33,16294.2,-2121.43,2026/01/29 20:31:01
19452,2120.44,16388.6,-2107.32,2026/01/29 20:31:01
19453,2120.55,16479.6,-2104.74,2026/01/29 20:31:01
19454,2120.66,16484.2,-2107.73,2026/01/29 20:31:01
19455,2120.76,16481.4,-2104.62,2026/01/29 20:31:01
19456,2120.87,16474.7,-2108.45,2026/01/29 20:31:01
19457,2120.98,16477,-2107.84,2026/01/29 20:31:01
19458,2121.09,16446.7,-2105.17,2026/01/29 20:31:01
19459,2121.2,16384.2,-2108.48,2026/01/29 20:31:02
19460,2121.31,16327.6,-2099.84,2026/01/29 20:31:02
19461,2121.42,16249.2,-2095.3,2026/01/29 20:31:02
19462,2121.52,16311,-2117.68,2026/01/29 20:31:02
19463,2121.63,16367,-2116.85,2026/01/29 20:31:02
19464,2121.74,16483.7,-2105.97,2026/01/29 20:31:02
19465,2121.85,16493.2,-2109.63,2026/01/29 20:31:02
19466,2121.96,16431.2,-2108.79,2026/01/29 20:31:02
19467,2122.07,16368.6,-2108.09,2026/01/29 20:31:02
19468,2122.18,16320.4,-2104.16,2026/01/29 20:31:03
19469,2122.28,16249,-2094.07,2026/01/29 20:31:03
19470,2122.39,16300.7,-2120.96,2026/01/29 20:31:03
19471,2122.5,16329.7,-2117.53,2026/01/29 20:31:03
19472,2122.61,16424.8,-2109.08,2026/01/29 20:31:03
19473,2122.72,16480.6,-2109.83,2026/01/29 20:31:03
19474,2122.83,16474.5,-2108.73,2026/01/29 20:31:03
19475,2122.94,16471.5,-2109.58,2026/01/29 20:31:03
19476,2123.05,16472.1,-2107.92,2026/01/29 20:31:03
19477,2123.16,16467.8,-2108.89,2026/01/29 20:31:04
19478,2123.26,16469,-2108.96,2026/01/29 20:31:04
19479,2123.37,16466.9,-2110.96,2026/01/29 20:31:04
19480,2123.48,16467.4,-2107.39,2026/01/29 20:31:04
19481,2123.59,16466.4,-2109.36,2026/01/29 20:31:04
19482,2123.7,16466.1,-2108.73,2026/01/29 20:31:04
19483,2123.81,16467.1,-2108.13,2026/01/29 20:31:04
19484,2123.91,16461.5,-2110.85,2026/01/29 20:31:04
19485,2124.02,16468.3,-2109.42,2026/01/29 20:31:04
19486,2124.13,16462.6,-2108.23,2026/01/29 20:31:04
19487,2124.24,16464.4,-2110.05,2026/01/29 20:31:05
19488,2124.35,16464,-2109.05,2026/01/29 20:31:05
19489,2124.46,16462.4,-2110.94,2026/01/29 20:31:05
19490,2124.56,16464.9,-2110.08,2026/01/29 20:31:05
19491,2124.67,16464,-2109.88,2026/01/29 20:31:05
19492,2124.78,16464.1,-2108.22,2026/01/29 20:31:05
19493,2124.89,16462.6,-2112.31,2026/01/29 20:31:05
19494,2125,16465.4,-2107.41,2026/01/29 20:31:05
19495,2125.11,16460.8,-2112.19,2026/01/29 20:31:05
19496,2125.22,16464.7,-2109.37,2026/01/29 20:31:06
19497,2125.33,16462.6,-2110.47,2026/01/29 20:31:06
19498,2125.43,16461.9,-2110.77,2026/01/29 20:31:06
19499,2125.54,16466.7,-2109.36,2026/01/29 20:31:06
19500,2125.65,16460.1,-2110.85,2026/01/29 20:31:06
19501,2125.76,16464.6,-2111.53,2026/01/29 20:31:06
19502,2125.87,16463.2,-2110.51,2026/01/29 20:31:06
19503,2125.98,16462.3,-2111.02,2026/01/29 20:31:06
19504,2126.09,16464.2,-2110.38,2026/01/29 20:31:06
19505,2126.19,16462,-2110.72,2026/01/29 20:31:07
19506,2126.3,16463,-2110.04,2026/01/29 20:31:07
19507,2126.41,16462.1,-2113.57,2026/01/29 20:31:07
19508,2126.52,16464.2,-2110.09,2026/01/29 20:31:07
19509,2126.63,16462.4,-2112.51,2026/01/29 20:31:07
19510,2126.74,16464,-2110.66,2026/01/29 20:31:07
19511,2126.84,16462.4,-2111.38,2026/01/29 20:31:07
19512,2126.95,16463.2,-2111.3,2026/01/29 20:31:07
19513,2127.06,16464.4,-2109.55,2026/01/29 20:31:07
19514,2127.17,16460.4,-2112.01,2026/01/29 20:31:08
19515,2127.28,16465.2,-2112.89,2026/01/29 20:31:08
19516,2127.39,16462.3,-2110.36,2026/01/29 20:31:08
19517,2127.5,16462.9,-2112.64,2026/01/29 20:31:08
19518,2127.61,16463.6,-2111.9,2026/01/29 20:31:08
19519,2127.71,16461.9,-2111.16,2026/01/29 20:31:08
19520,2127.82,16464.3,-2112.54,2026/01/29 20:31:08
19521,2127.93,16461.7,-2113.26,2026/01/29 20:31:08
19522,2128.04,16465.1,-2108.95,2026/01/29 20:31:08
19523,2128.15,16460.1,-2114.77,2026/01/29 20:31:09
19524,2128.26,16464.8,-2110.99,2026/01/29 20:31:09
19525,2128.37,16460.4,-2111.94,2026/01/29 20:31:09
19526,2128.47,16463.7,-2111.96,2026/01/29 20:31:09
19527,2128.58,16462.6,-2111.58,2026/01/29 20:31:09
19528,2128.69,16461.5,-2113.28,2026/01/29 20:31:09
19529,2128.8,16464.5,-2112.36,2026/01/29 20:31:09
19530,2128.91,16462.3,-2111.16,2026/01/29 20:31:09
19531,2129.02,16463.5,-2111.37,2026/01/29 20:31:09
19532,2129.12,16462.5,-2112.9,2026/01/29 20:31:09
19533,2129.23,16462,-2112.23,2026/01/29 20:31:10
19534,2129.34,16463.9,-2111.12,2026/01/29 20:31:10
19535,2129.45,16461.7,-2115.13,2026/01/29 20:31:10
19536,2129.56,16465.7,-2110.29,2026/01/29 20:31:10
19537,2129.66,16461.2,-2113.45,2026/01/29 20:31:10
19538,2129.77,16464,-2112.37,2026/01/29 20:31:10
19539,2129.88,16465.2,-2110.96,2026/01/29 20:31:10
19540,2129.99,16460,-2113.06,2026/01/29 20:31:10
19541,2130.1,16465.8,-2113.74,2026/01/29 20:31:10
19542,2130.21,16462.2,-2111.41,2026/01/29 20:31:11
19543,2130.31,16463.2,-2112.46,2026/01/29 20:31:11
19544,2130.42,16464.6,-2111.62,2026/01/29 20:31:11
19545,2130.53,16462.5,-2112.87,2026/01/29 20:31:11
19546,2130.64,16463.4,-2111.6,2026/01/29 20:31:11
19547,2130.75,16462.5,-2114.91,2026/01/29 20:31:11
19548,2130.85,16464.1,-2111.18,2026/01/29 20:31:11
19549,2130.96,16463.8,-2112.7,2026/01/29 20:31:11
19550,2131.07,16463.6,-2112.86,2026/01/29 20:31:11
19551,2131.18,16465.2,-2111.76,2026/01/29 20:31:12
19552,2131.29,16462.2,-2113.72,2026/01/29 20:31:12
19553,2131.4,16467.2,-2111.86,2026/01/29 20:31:12
19554,2131.51,16460.8,-2111.26,2026/01/29 20:31:12
19555,2131.61,16465.1,-2113.83,2026/01/29 20:31:12
19556,2131.72,16464.4,-2112.49,2026/01/29 20:31:12
19557,2131.83,16462.7,-2113.14,2026/01/29 20:31:12
19558,2131.94,16464.9,-2112.99,2026/01/29 20:31:12
19559,2132.05,16464.1,-2112.82,2026/01/29 20:31:12
19560,2132.16,16464.4,-2111.21,2026/01/29 20:31:13
19561,2132.26,16462.7,-2115.74,2026/01/29 20:31:13
19562,2132.37,16465.2,-2111.65,2026/01/29 20:31:13
19563,2132.48,16464.6,-2113.44,2026/01/29 20:31:13
19564,2132.59,16461.8,-2113.98,2026/01/29 20:31:13
19565,2132.7,16468.3,-2111.17,2026/01/29 20:31:13
19566,2132.81,16460.2,-2113.54,2026/01/29 20:31:13
19567,2132.91,16470.6,-2113.6,2026/01/29 20:31:13
19568,2133.02,16459.4,-2113.35,2026/01/29 20:31:13
19569,2133.13,16397.7,-2115.25,2026/01/29 20:31:13
19570,2133.24,16347.6,-2107.36,2026/01/29 20:31:14
19571,2133.35,16309.8,-2108.47,2026/01/29 20:31:14
19572,2133.46,16197.2,-2077.93,2026/01/29 20:31:14
19573,2133.57,16030.1,-2078.1,2026/01/29 20:31:14
19574,2133.68,16280.2,-2124.14,2026/01/29 20:31:14
19575,2133.79,16286.5,-2103.21,2026/01/29 20:31:14
19576,2133.9,16396.4,-2098.43,2026/01/29 20:31:14
19577,2134,16440.6,-2105.3,2026/01/29 20:31:14
19578,2134.11,16445.7,-2105.23,2026/01/29 20:31:14
19579,2134.22,16406.3,-2105.54,2026/01/29 20:31:15
19580,2134.33,16328.4,-2105.42,2026/01/29 20:31:15
19581,2134.44,16236.1,-2080.31,2026/01/29 20:31:15
19582,2134.55,16134.2,-2105.45,2026/01/29 20:31:15
19583,2134.65,16315.5,-2117.26,2026/01/29 20:31:15
19584,2134.77,16415.5,-2096.53,2026/01/29 20:31:15
19585,2134.87,16445.3,-2102.24,2026/01/29 20:31:15
19586,2134.98,16440.9,-2105.38,2026/01/29 20:31:15
19587,2135.09,16371.7,-2106.24,2026/01/29 20:31:15
19588,2135.2,16317.4,-2103.07,2026/01/29 20:31:16
19589,2135.31,16201.4,-2081.07,2026/01/29 20:31:16
19590,2135.42,16275.4,-2118.19,2026/01/29 20:31:16
19591,2135.53,16306.6,-2124.33,2026/01/29 20:31:16
19592,2135.64,16419.4,-2101.02,2026/01/29 20:31:16
19593,2135.75,16454.6,-2103.67,2026/01/29 20:31:16
19594,2135.85,16449.1,-2102.37,2026/01/29 20:31:16
19595,2135.96,16356.8,-2108.78,2026/01/29 20:31:16
19596,2136.07,16324.6,-2102.65,2026/01/29 20:31:16
19597,2136.18,16209.4,-2083.22,2026/01/29 20:31:17
19598,2136.29,16299.9,-2113.52,2026/01/29 20:31:17
19599,2136.4,16323.6,-2109.88,2026/01/29 20:31:17
19600,2136.51,16410.2,-2105.2,2026/01/29 20:31:17
19601,2136.62,16459.9,-2109.85,2026/01/29 20:31:17
19602,2136.73,16449.8,-2108.63,2026/01/29 20:31:17
19603,2136.83,16349.4,-2106.68,2026/01/29 20:31:17
19604,2136.94,16312.2,-2101.34,2026/01/29 20:31:17
19605,2137.05,16081.2,-2075.14,2026/01/29 20:31:17
19606,2137.16,16225.6,-2116.41,2026/01/29 20:31:18
19607,2137.27,16290,-2106.8,2026/01/29 20:31:18
19608,2137.38,16338.5,-2114.52,2026/01/29 20:31:18
19609,2137.49,16389.5,-2104.6,2026/01/29 20:31:18
19610,2137.6,16428.9,-2105.44,2026/01/29 20:31:18
19611,2137.7,16340.2,-2109.77,2026/01/29 20:31:18
19612,2137.81,16303.1,-2102.37,2026/01/29 20:31:18
19613,2137.92,16187.8,-2083.38,2026/01/29 20:31:18
19614,2138.03,16280.5,-2113.25,2026/01/29 20:31:18
19615,2138.14,16319.9,-2114.74,2026/01/29 20:31:19
19616,2138.25,16407.5,-2107.56,2026/01/29 20:31:19
19617,2138.36,16407.6,-2105.25,2026/01/29 20:31:19
19618,2138.47,16438.5,-2108.81,2026/01/29 20:31:19
19619,2138.58,16366.9,-2110.12,2026/01/29 20:31:19
19620,2138.68,16323,-2109.19,2026/01/29 20:31:19
19621,2138.79,16240.7,-2079.1,2026/01/29 20:31:19
19622,2138.9,16035.2,-2083.85,2026/01/29 20:31:19
19623,2139.01,16319.3,-2118.81,2026/01/29 20:31:19
19624,2139.12,16280.8,-2115.42,2026/01/29 20:31:19
19625,2139.23,16382.9,-2117.11,2026/01/29 20:31:20
19626,2139.34,16394,-2100.95,2026/01/29 20:31:20
19627,2139.45,16418.1,-2099.49,2026/01/29 20:31:20
19628,2139.56,16394.4,-2107.05,2026/01/29 20:31:20
19629,2139.67,16307.5,-2102.79,2026/01/29 20:31:20
19630,2139.78,16246.2,-2094.4,2026/01/29 20:31:20
19631,2139.88,16094.3,-2079.65,2026/01/29 20:31:20
19632,2139.99,16278.5,-2118.74,2026/01/29 20:31:20
19633,2140.1,16335.5,-2125.8,2026/01/29 20:31:20
19634,2140.21,16387.3,-2118.9,2026/01/29 20:31:21
19635,2140.32,16414.8,-2106.31,2026/01/29 20:31:21
19636,2140.43,16455.8,-2108.45,2026/01/29 20:31:21
19637,2140.54,16442.8,-2103.34,2026/01/29 20:31:21
19638,2140.65,16319.8,-2108.14,2026/01/29 20:31:21
19639,2140.75,16293.8,-2092.45,2026/01/29 20:31:21
19640,2140.86,16055.5,-2078.23,2026/01/29 20:31:21
19641,2140.97,16241,-2127.48,2026/01/29 20:31:21
19642,2141.08,16306.5,-2119.77,2026/01/29 20:31:21
19643,2141.19,16284.3,-2112.92,2026/01/29 20:31:22
19644,2141.3,16385.9,-2109.56,2026/01/29 20:31:22
19645,2141.41,16440.9,-2105.47,2026/01/29 20:31:22
19646,2141.52,16452.6,-2106.22,2026/01/29 20:31:22
19647,2141.63,16465.8,-2106.65,2026/01/29 20:31:22
19648,2141.74,16452.7,-2105.03,2026/01/29 20:31:22
19649,2141.84,16409,-2106.95,2026/01/29 20:31:22
19650,2141.95,16334.1,-2105.22,2026/01/29 20:31:22
19651,2142.06,16303.5,-2095.05,2026/01/29 20:31:22
19652,2142.17,16181.8,-2086.18,2026/01/29 20:31:23
19653,2142.28,16320.4,-2124.55,2026/01/29 20:31:23
19654,2142.39,16297.4,-2110.48,2026/01/29 20:31:23
19655,2142.5,16387.3,-2110.02,2026/01/29 20:31:23
19656,2142.61,16472.1,-2103.56,2026/01/29 20:31:23
19657,2142.72,16481.4,-2107.29,2026/01/29 20:31:23
19658,2142.82,16450.6,-2107.2,2026/01/29 20:31:23
19659,2142.93,16349.7,-2107.38,2026/01/29 20:31:23
19660,2143.04,16311.1,-2096.97,2026/01/29 20:31:23
19661,2143.15,16168.3,-2085.98,2026/01/29 20:31:24
19662,2143.26,16314.4,-2118.71,2026/01/29 20:31:24
19663,2143.37,16345.4,-2115.79,2026/01/29 20:31:24
19664,2143.48,16404.9,-2107.7,2026/01/29 20:31:24
19665,2143.59,16471.3,-2111.99,2026/01/29 20:31:24
19666,2143.7,16477.5,-2111.66,2026/01/29 20:31:24
19667,2143.81,16474.8,-2109.31,2026/01/29 20:31:24
19668,2143.91,16465.4,-2110.46,2026/01/29 20:31:24
19669,2144.02,16382.6,-2108.98,2026/01/29 20:31:24
19670,2144.13,16342,-2105.67,2026/01/29 20:31:24
19671,2144.24,16317.9,-2098.87,2026/01/29 20:31:25
19672,2144.35,16270.7,-2081.41,2026/01/29 20:31:25
19673,2144.46,16144.7,-2087.51,2026/01/29 20:31:25
19674,2144.57,16231.9,-2117.16,2026/01/29 20:31:25
19675,2144.68,16310,-2120.47,2026/01/29 20:31:25
19676,2144.79,16304.2,-2121.91,2026/01/29 20:31:25
19677,2144.89,16313.6,-2126.35,2026/01/29 20:31:25
19678,2145,16422.4,-2115.42,2026/01/29 20:31:25
19679,2145.11,16464.2,-2112.11,2026/01/29 20:31:25
19680,2145.22,16475.9,-2113.01,2026/01/29 20:31:26
19681,2145.33,16478.3,-2108.08,2026/01/29 20:31:26
19682,2145.44,16436.3,-2107.99,2026/01/29 20:31:26
19683,2145.54,16348.1,-2103.04,2026/01/29 20:31:26
19684,2145.65,16319.3,-2096.22,2026/01/29 20:31:26
19685,2145.76,16198.2,-2079.81,2026/01/29 20:31:26
19686,2145.87,16128.1,-2086,2026/01/29 20:31:26
19687,2145.98,16310.3,-2118.2,2026/01/29 20:31:26
19688,2146.09,16327.3,-2115.45,2026/01/29 20:31:26
19689,2146.2,16383.9,-2113.38,2026/01/29 20:31:27
19690,2146.31,16401.2,-2102.33,2026/01/29 20:31:27
19691,2146.42,16455.1,-2103.65,2026/01/29 20:31:27
19692,2146.53,16465,-2107,2026/01/29 20:31:27
19693,2146.63,16445,-2106.21,2026/01/29 20:31:27
19694,2146.74,16371.7,-2108.14,2026/01/29 20:31:27
19695,2146.85,16332.4,-2101.09,2026/01/29 20:31:27
19696,2146.96,16305.9,-2094.63,2026/01/29 20:31:27
19697,2147.07,16231.7,-2083.6,2026/01/29 20:31:27
19698,2147.18,16161,-2091.34,2026/01/29 20:31:28
19699,2147.29,16310.7,-2114.86,2026/01/29 20:31:28
19700,2147.4,16325.3,-2113.77,2026/01/29 20:31:28
19701,2147.51,16337.9,-2130.78,2026/01/29 20:31:28
19702,2147.62,16419.2,-2116.16,2026/01/29 20:31:28
19703,2147.72,16447,-2112.66,2026/01/29 20:31:28
19704,2147.83,16437.3,-2110.21,2026/01/29 20:31:28
19705,2147.94,16338.1,-2111.48,2026/01/29 20:31:28
19706,2148.05,16307.6,-2096.6,2026/01/29 20:31:28
19707,2148.16,16249,-2080,2026/01/29 20:31:29
19708,2148.27,16194.8,-2096.58,2026/01/29 20:31:29
19709,2148.38,16314,-2117.22,2026/01/29 20:31:29
19710,2148.49,16305.8,-2111.48,2026/01/29 20:31:29
19711,2148.6,16383.9,-2106.3,2026/01/29 20:31:29
19712,2148.71,16420.4,-2102.26,2026/01/29 20:31:29
19713,2148.82,16448,-2102.05,2026/01/29 20:31:29
19714,2148.93,16454.1,-2102.67,2026/01/29 20:31:29
19715,2149.04,16454.1,-2111.06,2026/01/29 20:31:29
19716,2149.14,16367.2,-2106.49,2026/01/29 20:31:30
19717,2149.25,16318.4,-2095.99,2026/01/29 20:31:30
19718,2149.36,16244.9,-2081.04,2026/01/29 20:31:30
19719,2149.47,16107.2,-2078.15,2026/01/29 20:31:30
19720,2149.58,16305.2,-2124.75,2026/01/29 20:31:30
19721,2149.69,16290.4,-2111.64,2026/01/29 20:31:30
19722,2149.8,16334.3,-2117.29,2026/01/29 20:31:30
19723,2149.91,16409.7,-2108.43,2026/01/29 20:31:30
19724,2150.01,16431.2,-2114.12,2026/01/29 20:31:30
19725,2150.12,16439.6,-2111.95,2026/01/29 20:31:30
19726,2150.23,16444.3,-2112.35,2026/01/29 20:31:31
19727,2150.34,16349.5,-2107.62,2026/01/29 20:31:31
19728,2150.45,16316.3,-2097.89,2026/01/29 20:31:31
19729,2150.56,16242.9,-2075.95,2026/01/29 20:31:31
19730,2150.67,16099.5,-2076.71,2026/01/29 20:31:31
19731,2150.78,16288.2,-2116.33,2026/01/29 20:31:31
19732,2150.89,16328.6,-2125.12,2026/01/29 20:31:31
19733,2150.99,16299.4,-2122.58,2026/01/29 20:31:31
19734,2151.1,16376.6,-2107.06,2026/01/29 20:31:31
19735,2151.21,16405.6,-2099.67,2026/01/29 20:31:32
19736,2151.32,16434.6,-2110.61,2026/01/29 20:31:32
19737,2151.43,16384.1,-2101.03,2026/01/29 20:31:32
19738,2151.54,16316.8,-2106.06,2026/01/29 20:31:32
19739,2151.65,16299.3,-2096.31,2026/01/29 20:31:32
19740,2151.76,16206.8,-2080.77,2026/01/29 20:31:32
19741,2151.87,16260.7,-2122.33,2026/01/29 20:31:32
19742,2151.98,16296.8,-2111.35,2026/01/29 20:31:32
19743,2152.09,16280.6,-2108.77,2026/01/29 20:31:32
19744,2152.19,16353.8,-2112.05,2026/01/29 20:31:33
19745,2152.3,16386.7,-2101.66,2026/01/29 20:31:33
19746,2152.41,16415.4,-2100.72,2026/01/29 20:31:33
19747,2152.52,16440.9,-2109.42,2026/01/29 20:31:33
19748,2152.63,16375.5,-2106.19,2026/01/29 20:31:33
19749,2152.74,16314.7,-2102.81,2026/01/29 20:31:33
19750,2152.85,16277.3,-2085.22,2026/01/29 20:31:33
19751,2152.96,16140.6,-2092.77,2026/01/29 20:31:33
19752,2153.07,16311.5,-2121.77,2026/01/29 20:31:33
19753,2153.18,16292.2,-2103.59,2026/01/29 20:31:34
19754,2153.29,16309,-2111.26,2026/01/29 20:31:34
19755,2153.39,16384.5,-2102.29,2026/01/29 20:31:34
19756,2153.5,16427,-2097.03,2026/01/29 20:31:34
19757,2153.61,16453.3,-2102.48,2026/01/29 20:31:34
19758,2153.72,16462.6,-2097.91,2026/01/29 20:31:34
19759,2153.83,16352.7,-2106.24,2026/01/29 20:31:34
19760,2153.94,16311.6,-2091.71,2026/01/29 20:31:34
19761,2154.05,16201.2,-2072.28,2026/01/29 20:31:34
19762,2154.16,16118.8,-2082.88,2026/01/29 20:31:35
19763,2154.27,16199.3,-2094.51,2026/01/29 20:31:35
19764,2154.38,16291.8,-2122.65,2026/01/29 20:31:35
19765,2154.48,16276.7,-2116.5,2026/01/29 20:31:35
19766,2154.59,16346,-2106.4,2026/01/29 20:31:35
19767,2154.7,16385.4,-2106.69,2026/01/29 20:31:35
19768,2154.81,16377.4,-2100.62,2026/01/29 20:31:35
19769,2154.92,16388.9,-2104.15,2026/01/29 20:31:35
19770,2155.03,16321.9,-2106.08,2026/01/29 20:31:35
