序号,相对时间(s),R（Ω）,X（Ω）,时间
1,0,15163.6,-2347.23,2026/01/29 19:38:54
2,0.11,15165.1,-2347.48,2026/01/29 19:38:54
3,0.22,15164.1,-2347.46,2026/01/29 19:38:54
4,0.33,15165.4,-2347.49,2026/01/29 19:38:55
5,0.44,15164.2,-2347.2,2026/01/29 19:38:55
6,0.54,15164.4,-2347.54,2026/01/29 19:38:55
7,0.65,15163.5,-2347.48,2026/01/29 19:38:55
8,0.76,15163.8,-2347.29,2026/01/29 19:38:55
9,0.87,15163.9,-2347.21,2026/01/29 19:38:55
10,0.98,15164.1,-2347.61,2026/01/29 19:38:55
11,1.09,15165.3,-2347.19,2026/01/29 19:38:55
12,1.2,15164.9,-2347.21,2026/01/29 19:38:55
13,1.31,15166.1,-2347.11,2026/01/29 19:38:55
14,1.42,15164.6,-2346.95,2026/01/29 19:38:56
15,1.53,15164.9,-2347.33,2026/01/29 19:38:56
16,1.63,15164.1,-2346.99,2026/01/29 19:38:56
17,1.74,15164.4,-2347.14,2026/01/29 19:38:56
18,1.85,15164.4,-2346.89,2026/01/29 19:38:56
19,1.96,15164.5,-2347.22,2026/01/29 19:38:56
20,2.07,15165.4,-2346.79,2026/01/29 19:38:56
21,2.18,15164.7,-2346.96,2026/01/29 19:38:56
22,2.29,15165.8,-2346.66,2026/01/29 19:38:56
23,2.4,15164.6,-2346.68,2026/01/29 19:38:57
24,2.51,15165.6,-2346.68,2026/01/29 19:38:57
25,2.62,15164.7,-2346.49,2026/01/29 19:38:57
26,2.72,15165.3,-2346.59,2026/01/29 19:38:57
27,2.83,15165.2,-2346.58,2026/01/29 19:38:57
28,2.94,15165,-2346.69,2026/01/29 19:38:57
29,3.05,15165.8,-2346.14,2026/01/29 19:38:57
30,3.16,15164.7,-2346.4,2026/01/29 19:38:57
31,3.27,15166.3,-2346.14,2026/01/29 19:38:57
32,3.38,15165.2,-2346.28,2026/01/29 19:38:58
33,3.49,15166.6,-2346.31,2026/01/29 19:38:58
34,3.6,15165.8,-2346.31,2026/01/29 19:38:58
35,3.7,15166.6,-2346.19,2026/01/29 19:38:58
36,3.81,15166.3,-2346.32,2026/01/29 19:38:58
37,3.92,15166.4,-2346.03,2026/01/29 19:38:58
38,4.03,15166.9,-2345.89,2026/01/29 19:38:58
39,4.14,15166.3,-2346.04,2026/01/29 19:38:58
40,4.25,15167.5,-2345.88,2026/01/29 19:38:58
41,4.36,15166.4,-2346.34,2026/01/29 19:38:59
42,4.47,15167.8,-2345.59,2026/01/29 19:38:59
43,4.58,15166.9,-2346.25,2026/01/29 19:38:59
44,4.69,15167.8,-2345.76,2026/01/29 19:38:59
45,4.79,15167.7,-2346.29,2026/01/29 19:38:59
46,4.9,15168,-2345.82,2026/01/29 19:38:59
47,5.01,15168.3,-2346.17,2026/01/29 19:38:59
48,5.12,15168,-2345.88,2026/01/29 19:38:59
49,5.23,15168.6,-2345.6,2026/01/29 19:38:59
50,5.34,15167.8,-2345.54,2026/01/29 19:39:00
51,5.45,15168.3,-2345,2026/01/29 19:39:00
52,5.56,15168.2,-2345.95,2026/01/29 19:39:00
53,5.67,15168.8,-2344.87,2026/01/29 19:39:00
54,5.77,15169,-2345.44,2026/01/29 19:39:00
55,5.88,15169.2,-2345.08,2026/01/29 19:39:00
56,5.99,15169.3,-2345.16,2026/01/29 19:39:00
57,6.1,15169,-2345.42,2026/01/29 19:39:00
58,6.21,15169.8,-2345.06,2026/01/29 19:39:00
59,6.32,15169.5,-2345.37,2026/01/29 19:39:00
60,6.43,15169.8,-2345.16,2026/01/29 19:39:01
61,6.54,15169.9,-2345.04,2026/01/29 19:39:01
62,6.65,15170.2,-2345.11,2026/01/29 19:39:01
63,6.76,15170,-2344.87,2026/01/29 19:39:01
64,6.87,15170.6,-2344.93,2026/01/29 19:39:01
65,6.97,15170.5,-2344.76,2026/01/29 19:39:01
66,7.08,15170.9,-2344.93,2026/01/29 19:39:01
67,7.19,15171.1,-2344.41,2026/01/29 19:39:01
68,7.3,15170.9,-2344.82,2026/01/29 19:39:01
69,7.41,15172,-2344.72,2026/01/29 19:39:02
70,7.52,15170.9,-2344.56,2026/01/29 19:39:02
71,7.63,15172.3,-2344.86,2026/01/29 19:39:02
72,7.74,15171.4,-2344.67,2026/01/29 19:39:02
73,7.85,15172.2,-2344.43,2026/01/29 19:39:02
74,7.95,15172,-2344.6,2026/01/29 19:39:02
75,8.06,15172.3,-2344.33,2026/01/29 19:39:02
76,8.17,15172.9,-2344.41,2026/01/29 19:39:02
77,8.28,15172.1,-2344.63,2026/01/29 19:39:02
78,8.39,15173.2,-2344.04,2026/01/29 19:39:03
79,8.5,15172.5,-2344.65,2026/01/29 19:39:03
80,8.61,15173.3,-2343.74,2026/01/29 19:39:03
81,8.72,15173.2,-2344.68,2026/01/29 19:39:03
82,8.83,15173.3,-2344.03,2026/01/29 19:39:03
83,8.94,15173.5,-2344.35,2026/01/29 19:39:03
84,9.04,15173.6,-2344.17,2026/01/29 19:39:03
85,9.15,15174.2,-2343.9,2026/01/29 19:39:03
86,9.26,15173.8,-2344.14,2026/01/29 19:39:03
87,9.37,15174.3,-2344.17,2026/01/29 19:39:04
88,9.48,15174.2,-2343.81,2026/01/29 19:39:04
89,9.59,15174.7,-2344.05,2026/01/29 19:39:04
90,9.7,15174.2,-2343.49,2026/01/29 19:39:04
91,9.81,15175.1,-2343.87,2026/01/29 19:39:04
92,9.92,15174.9,-2343.75,2026/01/29 19:39:04
93,10.02,15175.3,-2343.79,2026/01/29 19:39:04
94,10.13,15175.7,-2343.71,2026/01/29 19:39:04
95,10.24,15175.2,-2343.79,2026/01/29 19:39:04
96,10.35,15176.5,-2343.3,2026/01/29 19:39:05
97,10.46,15175.4,-2343.95,2026/01/29 19:39:05
98,10.57,15176.6,-2343.08,2026/01/29 19:39:05
99,10.68,15176.2,-2344.05,2026/01/29 19:39:05
100,10.79,15176.5,-2343.37,2026/01/29 19:39:05
101,10.9,15176.7,-2343.6,2026/01/29 19:39:05
102,11.01,15176.8,-2343.48,2026/01/29 19:39:05
103,11.11,15177.4,-2343.42,2026/01/29 19:39:05
104,11.22,15177.3,-2343.53,2026/01/29 19:39:05
105,11.33,15177.5,-2343.35,2026/01/29 19:39:06
106,11.44,15177.4,-2343.08,2026/01/29 19:39:06
107,11.55,15178.2,-2343.6,2026/01/29 19:39:06
108,11.66,15177.7,-2343.3,2026/01/29 19:39:06
109,11.77,15178.2,-2343.16,2026/01/29 19:39:06
110,11.87,15178.3,-2343.25,2026/01/29 19:39:06
111,11.98,15178.1,-2343.03,2026/01/29 19:39:06
112,12.09,15179.2,-2343.19,2026/01/29 19:39:06
113,12.2,15178.2,-2343.47,2026/01/29 19:39:06
114,12.31,15179.4,-2342.45,2026/01/29 19:39:06
115,12.42,15178.9,-2343.59,2026/01/29 19:39:07
116,12.53,15179.3,-2342.77,2026/01/29 19:39:07
117,12.64,15179.5,-2343.08,2026/01/29 19:39:07
118,12.75,15179.6,-2343.1,2026/01/29 19:39:07
119,12.85,15179.9,-2342.86,2026/01/29 19:39:07
120,12.96,15179.7,-2342.95,2026/01/29 19:39:07
121,13.07,15180.5,-2343.11,2026/01/29 19:39:07
122,13.18,15180,-2342.64,2026/01/29 19:39:07
123,13.29,15181.3,-2342.9,2026/01/29 19:39:07
124,13.4,15180.7,-2342.82,2026/01/29 19:39:08
125,13.51,15181.3,-2342.52,2026/01/29 19:39:08
126,13.62,15181.4,-2342.79,2026/01/29 19:39:08
127,13.73,15181.4,-2342.83,2026/01/29 19:39:08
128,13.84,15182.2,-2342.51,2026/01/29 19:39:08
129,13.94,15181.9,-2342.98,2026/01/29 19:39:08
130,14.05,15182.4,-2342.46,2026/01/29 19:39:08
131,14.16,15182.6,-2342.57,2026/01/29 19:39:08
132,14.27,15182.9,-2342.87,2026/01/29 19:39:08
133,14.38,15182.8,-2342.22,2026/01/29 19:39:09
134,14.49,15183.6,-2342.55,2026/01/29 19:39:09
135,14.6,15183.5,-2342.59,2026/01/29 19:39:09
136,14.71,15184,-2342.17,2026/01/29 19:39:09
137,14.82,15184.8,-2342.51,2026/01/29 19:39:09
138,14.92,15184.1,-2342.57,2026/01/29 19:39:09
139,15.04,15185.4,-2342.21,2026/01/29 19:39:09
140,15.15,15184.9,-2342.68,2026/01/29 19:39:09
141,15.25,15185.3,-2342.33,2026/01/29 19:39:09
142,15.36,15185.6,-2342.25,2026/01/29 19:39:10
143,15.47,15185.7,-2342.37,2026/01/29 19:39:10
144,15.58,15185.8,-2341.98,2026/01/29 19:39:10
145,15.69,15186.4,-2342.2,2026/01/29 19:39:10
146,15.8,15186.2,-2342.05,2026/01/29 19:39:10
147,15.91,15186.5,-2342.03,2026/01/29 19:39:10
148,16.02,15187.2,-2341.97,2026/01/29 19:39:10
149,16.13,15186.5,-2342.29,2026/01/29 19:39:10
150,16.24,15187.4,-2341.68,2026/01/29 19:39:10
151,16.34,15186.9,-2342.47,2026/01/29 19:39:11
152,16.45,15187.2,-2341.57,2026/01/29 19:39:11
153,16.56,15187.3,-2342.1,2026/01/29 19:39:11
154,16.67,15187.5,-2341.96,2026/01/29 19:39:11
155,16.78,15187.2,-2341.92,2026/01/29 19:39:11
156,16.89,15187.3,-2341.94,2026/01/29 19:39:11
157,17,15187.7,-2341.86,2026/01/29 19:39:11
158,17.11,15187.2,-2341.94,2026/01/29 19:39:11
159,17.22,15188.4,-2341.72,2026/01/29 19:39:11
160,17.32,15187,-2342.14,2026/01/29 19:39:12
161,17.43,15188.4,-2341.34,2026/01/29 19:39:12
162,17.54,15187.7,-2342.09,2026/01/29 19:39:12
163,17.65,15188,-2341.55,2026/01/29 19:39:12
164,17.76,15188.2,-2341.91,2026/01/29 19:39:12
165,17.87,15188.3,-2341.65,2026/01/29 19:39:12
166,17.98,15188.9,-2341.61,2026/01/29 19:39:12
167,18.09,15188.9,-2341.59,2026/01/29 19:39:12
168,18.2,15189.7,-2341.61,2026/01/29 19:39:12
169,18.31,15188.8,-2341.56,2026/01/29 19:39:12
170,18.42,15190.4,-2341.52,2026/01/29 19:39:13
171,18.53,15189,-2341.72,2026/01/29 19:39:13
172,18.63,15190.5,-2341.23,2026/01/29 19:39:13
173,18.74,15190,-2341.6,2026/01/29 19:39:13
174,18.85,15190.4,-2341.26,2026/01/29 19:39:13
175,18.96,15190.7,-2341.63,2026/01/29 19:39:13
176,19.07,15190.5,-2341.62,2026/01/29 19:39:13
177,19.18,15191.1,-2341.35,2026/01/29 19:39:13
178,19.29,15190.8,-2341.48,2026/01/29 19:39:13
179,19.4,15191.6,-2341.52,2026/01/29 19:39:14
180,19.51,15191.1,-2341.08,2026/01/29 19:39:14
181,19.61,15192.1,-2341.63,2026/01/29 19:39:14
182,19.72,15191.5,-2341.19,2026/01/29 19:39:14
183,19.83,15192.3,-2341.26,2026/01/29 19:39:14
184,19.94,15192.3,-2341.26,2026/01/29 19:39:14
185,20.05,15192.1,-2341.25,2026/01/29 19:39:14
186,20.16,15192.7,-2341.29,2026/01/29 19:39:14
187,20.27,15192.1,-2341.4,2026/01/29 19:39:14
188,20.38,15192.4,-2340.67,2026/01/29 19:39:15
189,20.49,15192.1,-2341.49,2026/01/29 19:39:15
190,20.59,15192.2,-2341.05,2026/01/29 19:39:15
191,20.7,15192.2,-2341.06,2026/01/29 19:39:15
192,20.81,15192.5,-2341.16,2026/01/29 19:39:15
193,20.92,15192.6,-2341.07,2026/01/29 19:39:15
194,21.03,15192.4,-2341.33,2026/01/29 19:39:15
195,21.14,15193.5,-2341.12,2026/01/29 19:39:15
196,21.25,15192.6,-2341.17,2026/01/29 19:39:15
197,21.36,15194.4,-2340.67,2026/01/29 19:39:16
198,21.47,15193.5,-2341.5,2026/01/29 19:39:16
199,21.58,15194.6,-2340.58,2026/01/29 19:39:16
200,21.68,15194.4,-2341.37,2026/01/29 19:39:16
201,21.79,15194.9,-2340.77,2026/01/29 19:39:16
202,21.9,15195.3,-2340.96,2026/01/29 19:39:16
203,22.01,15195,-2341.19,2026/01/29 19:39:16
204,22.12,15195.8,-2340.92,2026/01/29 19:39:16
205,22.23,15195.7,-2340.97,2026/01/29 19:39:16
206,22.34,15196.2,-2341.03,2026/01/29 19:39:17
207,22.45,15195.8,-2340.6,2026/01/29 19:39:17
208,22.56,15196.7,-2341.28,2026/01/29 19:39:17
209,22.67,15196.6,-2340.96,2026/01/29 19:39:17
210,22.77,15197.1,-2340.92,2026/01/29 19:39:17
211,22.88,15197.1,-2340.98,2026/01/29 19:39:17
212,22.99,15196.6,-2341.09,2026/01/29 19:39:17
213,23.1,15198,-2340.45,2026/01/29 19:39:17
214,23.21,15197,-2341.25,2026/01/29 19:39:17
215,23.32,15197.9,-2340.36,2026/01/29 19:39:17
216,23.43,15197.8,-2340.97,2026/01/29 19:39:18
217,23.54,15198.1,-2340.5,2026/01/29 19:39:18
218,23.64,15198.3,-2340.66,2026/01/29 19:39:18
219,23.75,15198.1,-2340.81,2026/01/29 19:39:18
220,23.86,15198.5,-2340.52,2026/01/29 19:39:18
221,23.97,15198.2,-2340.64,2026/01/29 19:39:18
222,24.08,15199.1,-2340.59,2026/01/29 19:39:18
223,24.19,15198.5,-2340.41,2026/01/29 19:39:18
224,24.3,15199.8,-2340.83,2026/01/29 19:39:18
225,24.41,15198.9,-2340.51,2026/01/29 19:39:19
226,24.52,15199.6,-2340.41,2026/01/29 19:39:19
227,24.62,15199.8,-2340.52,2026/01/29 19:39:19
228,24.73,15199.6,-2340.44,2026/01/29 19:39:19
229,24.84,15200.3,-2340.47,2026/01/29 19:39:19
230,24.95,15199.9,-2340.67,2026/01/29 19:39:19
231,25.06,15200.5,-2340.15,2026/01/29 19:39:19
232,25.17,15200.3,-2340.92,2026/01/29 19:39:19
233,25.28,15200.6,-2340.26,2026/01/29 19:39:19
234,25.39,15200.5,-2340.48,2026/01/29 19:39:20
235,25.5,15200.7,-2340.41,2026/01/29 19:39:20
236,25.61,15200.9,-2340.28,2026/01/29 19:39:20
237,25.71,15201,-2340.42,2026/01/29 19:39:20
238,25.82,15201.6,-2340.18,2026/01/29 19:39:20
239,25.93,15201.2,-2340.31,2026/01/29 19:39:20
240,26.04,15202.2,-2340.27,2026/01/29 19:39:20
241,26.15,15201.1,-2340.36,2026/01/29 19:39:20
242,26.26,15202.8,-2340.1,2026/01/29 19:39:20
243,26.37,15201.5,-2340.39,2026/01/29 19:39:21
244,26.48,15202.5,-2339.93,2026/01/29 19:39:21
245,26.59,15202.6,-2340.12,2026/01/29 19:39:21
246,26.7,15202.2,-2340.13,2026/01/29 19:39:21
247,26.8,15203,-2340.13,2026/01/29 19:39:21
248,26.91,15202.5,-2340.3,2026/01/29 19:39:21
249,27.02,15202.8,-2339.8,2026/01/29 19:39:21
250,27.13,15203,-2340.13,2026/01/29 19:39:21
251,27.24,15203,-2339.84,2026/01/29 19:39:21
252,27.35,15203.1,-2339.87,2026/01/29 19:39:22
253,27.46,15203.4,-2339.99,2026/01/29 19:39:22
254,27.57,15203.5,-2339.79,2026/01/29 19:39:22
255,27.68,15204.1,-2339.93,2026/01/29 19:39:22
256,27.78,15204.6,-2339.62,2026/01/29 19:39:22
257,27.89,15204.3,-2339.87,2026/01/29 19:39:22
258,28,15205.6,-2339.79,2026/01/29 19:39:22
259,28.11,15204.2,-2340.03,2026/01/29 19:39:22
260,28.22,15205.8,-2339.51,2026/01/29 19:39:22
261,28.33,15204.4,-2340.13,2026/01/29 19:39:23
262,28.44,15205.5,-2339.5,2026/01/29 19:39:23
263,28.55,15205.1,-2339.97,2026/01/29 19:39:23
264,28.66,15205.2,-2339.71,2026/01/29 19:39:23
265,28.77,15206.1,-2339.73,2026/01/29 19:39:23
266,28.87,15205.7,-2339.98,2026/01/29 19:39:23
267,28.98,15206.2,-2339.67,2026/01/29 19:39:23
268,29.09,15206.4,-2339.8,2026/01/29 19:39:23
269,29.2,15206.5,-2339.58,2026/01/29 19:39:23
270,29.31,15206.7,-2339.65,2026/01/29 19:39:23
271,29.42,15206.7,-2339.69,2026/01/29 19:39:24
272,29.53,15207.2,-2339.35,2026/01/29 19:39:24
273,29.63,15207.1,-2339.64,2026/01/29 19:39:24
274,29.74,15208,-2339.5,2026/01/29 19:39:24
275,29.85,15207.2,-2339.5,2026/01/29 19:39:24
276,29.96,15208.7,-2339.6,2026/01/29 19:39:24
277,30.07,15207.7,-2339.54,2026/01/29 19:39:24
278,30.18,15209,-2339.54,2026/01/29 19:39:24
279,30.29,15208.8,-2339.61,2026/01/29 19:39:24
280,30.4,15209.2,-2339.35,2026/01/29 19:39:25
281,30.51,15209.6,-2339.47,2026/01/29 19:39:25
282,30.62,15209.6,-2339.59,2026/01/29 19:39:25
283,30.72,15210.4,-2339.11,2026/01/29 19:39:25
284,30.83,15210,-2339.73,2026/01/29 19:39:25
285,30.94,15210.7,-2338.72,2026/01/29 19:39:25
286,31.05,15210.6,-2339.43,2026/01/29 19:39:25
287,31.16,15211,-2338.54,2026/01/29 19:39:25
288,31.27,15211.8,-2338.56,2026/01/29 19:39:25
289,31.38,15211.2,-2338.9,2026/01/29 19:39:26
290,31.49,15212.3,-2338.74,2026/01/29 19:39:26
291,31.59,15212,-2338.62,2026/01/29 19:39:26
292,31.7,15212.9,-2338.85,2026/01/29 19:39:26
293,31.81,15213.4,-2338.52,2026/01/29 19:39:26
294,31.92,15213.8,-2338.58,2026/01/29 19:39:26
295,32.03,15213.3,-2338.25,2026/01/29 19:39:26
296,32.14,15212.8,-2338.09,2026/01/29 19:39:26
297,32.25,15212.7,-2337.91,2026/01/29 19:39:26
298,32.36,15212.1,-2338.02,2026/01/29 19:39:27
299,32.47,15212.9,-2337.49,2026/01/29 19:39:27
300,32.57,15211.8,-2337.76,2026/01/29 19:39:27
301,32.68,15213.8,-2337.34,2026/01/29 19:39:27
302,32.79,15213,-2338.18,2026/01/29 19:39:27
303,32.9,15214.3,-2337.6,2026/01/29 19:39:27
304,33.01,15214.7,-2338,2026/01/29 19:39:27
305,33.12,15214.1,-2337.17,2026/01/29 19:39:27
306,33.23,15214,-2337.05,2026/01/29 19:39:27
307,33.34,15212.9,-2337.33,2026/01/29 19:39:28
308,33.44,15213.5,-2336.95,2026/01/29 19:39:28
309,33.55,15213.7,-2337.09,2026/01/29 19:39:28
310,33.66,15214.2,-2336.5,2026/01/29 19:39:28
311,33.77,15214.1,-2337.03,2026/01/29 19:39:28
312,33.88,15214.3,-2336.7,2026/01/29 19:39:28
313,33.99,15214.6,-2337.12,2026/01/29 19:39:28
314,34.1,15214.9,-2336.86,2026/01/29 19:39:28
315,34.21,15215.5,-2336.59,2026/01/29 19:39:28
316,34.32,15215.2,-2337.18,2026/01/29 19:39:28
317,34.43,15215.9,-2336.79,2026/01/29 19:39:29
318,34.54,15215.6,-2336.88,2026/01/29 19:39:29
319,34.64,15216.5,-2336.73,2026/01/29 19:39:29
320,34.75,15216,-2336.5,2026/01/29 19:39:29
321,34.86,15216.7,-2337.18,2026/01/29 19:39:29
322,34.97,15216.3,-2336.84,2026/01/29 19:39:29
323,35.08,15216.7,-2336.7,2026/01/29 19:39:29
324,35.19,15217.6,-2336.58,2026/01/29 19:39:29
325,35.3,15218,-2337,2026/01/29 19:39:29
326,35.41,15218.2,-2336.32,2026/01/29 19:39:30
327,35.52,15216.8,-2336.98,2026/01/29 19:39:30
328,35.62,15221.1,-2336.99,2026/01/29 19:39:30
329,35.73,15220.1,-2337.61,2026/01/29 19:39:30
330,35.84,15221,-2337.05,2026/01/29 19:39:30
331,35.95,15220.3,-2337.57,2026/01/29 19:39:30
332,36.06,15220.2,-2337.19,2026/01/29 19:39:30
333,36.17,15220.5,-2337.7,2026/01/29 19:39:30
334,36.28,15219.3,-2337.28,2026/01/29 19:39:30
335,36.39,15221.8,-2337.13,2026/01/29 19:39:31
336,36.5,15224.3,-2337.79,2026/01/29 19:39:31
337,36.6,15220.1,-2337.88,2026/01/29 19:39:31
338,36.71,15214.8,-2339.28,2026/01/29 19:39:31
339,36.82,15213.1,-2339.49,2026/01/29 19:39:31
340,36.93,15208.5,-2339.55,2026/01/29 19:39:31
341,37.04,15211.3,-2336.29,2026/01/29 19:39:31
342,37.15,15207.3,-2335.7,2026/01/29 19:39:31
343,37.26,15199.5,-2334.86,2026/01/29 19:39:31
344,37.37,15200.3,-2336.02,2026/01/29 19:39:32
345,37.48,15206.8,-2336.74,2026/01/29 19:39:32
346,37.59,15221.1,-2336.21,2026/01/29 19:39:32
347,37.7,15222.1,-2336.81,2026/01/29 19:39:32
348,37.81,15220.7,-2338.13,2026/01/29 19:39:32
349,37.91,15216.7,-2339.81,2026/01/29 19:39:32
350,38.02,15214.4,-2341.37,2026/01/29 19:39:32
351,38.13,15212.9,-2337.72,2026/01/29 19:39:32
352,38.24,15222.2,-2332.69,2026/01/29 19:39:32
353,38.35,15217.5,-2328.92,2026/01/29 19:39:33
354,38.46,15226.2,-2327.08,2026/01/29 19:39:33
355,38.57,15217,-2330.21,2026/01/29 19:39:33
356,38.68,15218.6,-2333.27,2026/01/29 19:39:33
357,38.79,15224.3,-2335.82,2026/01/29 19:39:33
358,38.9,15230.7,-2336.27,2026/01/29 19:39:33
359,39,15232,-2337.98,2026/01/29 19:39:33
360,39.11,15221.8,-2337.12,2026/01/29 19:39:33
361,39.22,15218.6,-2336.12,2026/01/29 19:39:33
362,39.33,15225.6,-2333.18,2026/01/29 19:39:34
363,39.44,15224.9,-2329.15,2026/01/29 19:39:34
364,39.55,15220.6,-2327.63,2026/01/29 19:39:34
365,39.66,15228.5,-2327.35,2026/01/29 19:39:34
366,39.77,15235.3,-2329.29,2026/01/29 19:39:34
367,39.88,15234.8,-2333.17,2026/01/29 19:39:34
368,39.98,15237.3,-2334.48,2026/01/29 19:39:34
369,40.09,15240.6,-2334.77,2026/01/29 19:39:34
370,40.2,15243.6,-2335.67,2026/01/29 19:39:34
371,40.31,15237.8,-2335.99,2026/01/29 19:39:34
372,40.42,15231.5,-2334.09,2026/01/29 19:39:35
373,40.53,15243.6,-2330.25,2026/01/29 19:39:35
374,40.64,15242.9,-2328.8,2026/01/29 19:39:35
375,40.75,15240.3,-2328.17,2026/01/29 19:39:35
376,40.85,15239.5,-2329.31,2026/01/29 19:39:35
377,40.96,15239.1,-2330.41,2026/01/29 19:39:35
378,41.07,15242.2,-2334.2,2026/01/29 19:39:35
379,41.18,15246.4,-2335.07,2026/01/29 19:39:35
380,41.29,15248,-2335.31,2026/01/29 19:39:35
381,41.4,15250,-2335.47,2026/01/29 19:39:36
382,41.51,15244,-2336.28,2026/01/29 19:39:36
383,41.62,15237.9,-2335.76,2026/01/29 19:39:36
384,41.73,15233,-2334.75,2026/01/29 19:39:36
385,41.84,15242.9,-2332.29,2026/01/29 19:39:36
386,41.95,15247,-2329.37,2026/01/29 19:39:36
387,42.05,15238.2,-2330.89,2026/01/29 19:39:36
388,42.16,15232,-2329.97,2026/01/29 19:39:36
389,42.27,15235.8,-2333.32,2026/01/29 19:39:36
390,42.38,15239.6,-2335.31,2026/01/29 19:39:37
391,42.49,15244.4,-2335.3,2026/01/29 19:39:37
392,42.6,15245,-2335.59,2026/01/29 19:39:37
393,42.71,15246.5,-2336.19,2026/01/29 19:39:37
394,42.82,15236.3,-2336.08,2026/01/29 19:39:37
395,42.93,15232.4,-2335.41,2026/01/29 19:39:37
396,43.04,15239.9,-2332.96,2026/01/29 19:39:37
397,43.14,15247.1,-2330.29,2026/01/29 19:39:37
398,43.25,15251.2,-2329.89,2026/01/29 19:39:37
399,43.36,15238.8,-2329.01,2026/01/29 19:39:38
400,43.47,15235.1,-2331.51,2026/01/29 19:39:38
401,43.58,15237.5,-2333.59,2026/01/29 19:39:38
402,43.69,15241,-2334.54,2026/01/29 19:39:38
403,43.8,15242.8,-2335.31,2026/01/29 19:39:38
404,43.91,15245.7,-2335.62,2026/01/29 19:39:38
405,44.02,15237.1,-2335.29,2026/01/29 19:39:38
406,44.12,15233.9,-2332.82,2026/01/29 19:39:38
407,44.23,15241.9,-2328.41,2026/01/29 19:39:38
408,44.34,15238.7,-2326.39,2026/01/29 19:39:39
409,44.45,15251.9,-2326.74,2026/01/29 19:39:39
410,44.56,15255.2,-2328.42,2026/01/29 19:39:39
411,44.67,15250.1,-2331.37,2026/01/29 19:39:39
412,44.78,15250.4,-2332.96,2026/01/29 19:39:39
413,44.89,15248,-2333.67,2026/01/29 19:39:39
414,45,15249.1,-2334.63,2026/01/29 19:39:39
415,45.1,15252.2,-2335.29,2026/01/29 19:39:39
416,45.22,15241.7,-2334.35,2026/01/29 19:39:39
417,45.32,15241,-2332.85,2026/01/29 19:39:40
418,45.43,15250.2,-2329.77,2026/01/29 19:39:40
419,45.54,15248,-2326.86,2026/01/29 19:39:40
420,45.65,15250.5,-2325.66,2026/01/29 19:39:40
421,45.76,15256,-2326.41,2026/01/29 19:39:40
422,45.87,15260.1,-2328.95,2026/01/29 19:39:40
423,45.98,15257.3,-2332.13,2026/01/29 19:39:40
424,46.09,15257.3,-2333.31,2026/01/29 19:39:40
425,46.2,15254.2,-2334.16,2026/01/29 19:39:40
426,46.31,15258.7,-2334.95,2026/01/29 19:39:40
427,46.42,15255.5,-2334.88,2026/01/29 19:39:41
428,46.52,15247.9,-2333.49,2026/01/29 19:39:41
429,46.63,15253.6,-2329.48,2026/01/29 19:39:41
430,46.74,15249.8,-2326.07,2026/01/29 19:39:41
431,46.85,15252.1,-2325.43,2026/01/29 19:39:41
432,46.96,15258.9,-2326.52,2026/01/29 19:39:41
433,47.07,15261.7,-2329.12,2026/01/29 19:39:41
434,47.18,15260.4,-2331.91,2026/01/29 19:39:41
435,47.29,15258.8,-2332.79,2026/01/29 19:39:41
436,47.4,15256,-2333.69,2026/01/29 19:39:42
437,47.51,15260.2,-2334.16,2026/01/29 19:39:42
438,47.61,15256.7,-2334.46,2026/01/29 19:39:42
439,47.72,15250.2,-2333.63,2026/01/29 19:39:42
440,47.83,15250.3,-2331.27,2026/01/29 19:39:42
441,47.94,15255.1,-2327.43,2026/01/29 19:39:42
442,48.05,15254.5,-2325.47,2026/01/29 19:39:42
443,48.16,15260.8,-2325.72,2026/01/29 19:39:42
444,48.27,15271.6,-2327.78,2026/01/29 19:39:42
445,48.38,15267.3,-2331.08,2026/01/29 19:39:43
446,48.49,15267.2,-2332.77,2026/01/29 19:39:43
447,48.6,15268.1,-2333.48,2026/01/29 19:39:43
448,48.71,15270,-2333.55,2026/01/29 19:39:43
449,48.81,15261.2,-2332.98,2026/01/29 19:39:43
450,48.92,15255.2,-2331.36,2026/01/29 19:39:43
451,49.03,15265.5,-2329.45,2026/01/29 19:39:43
452,49.14,15254.5,-2325.28,2026/01/29 19:39:43
453,49.25,15258.8,-2324.18,2026/01/29 19:39:43
454,49.36,15277,-2327.2,2026/01/29 19:39:44
455,49.47,15276,-2328.56,2026/01/29 19:39:44
456,49.58,15277.4,-2331.42,2026/01/29 19:39:44
457,49.69,15273.4,-2332.46,2026/01/29 19:39:44
458,49.8,15273.8,-2333.32,2026/01/29 19:39:44
459,49.9,15276.5,-2333.09,2026/01/29 19:39:44
460,50.01,15266.5,-2332.62,2026/01/29 19:39:44
461,50.12,15262.3,-2329.64,2026/01/29 19:39:44
462,50.23,15269.4,-2326.51,2026/01/29 19:39:44
463,50.34,15265.7,-2324.14,2026/01/29 19:39:45
464,50.45,15267.1,-2323.86,2026/01/29 19:39:45
465,50.56,15279.1,-2326.13,2026/01/29 19:39:45
466,50.67,15280.5,-2328.68,2026/01/29 19:39:45
467,50.78,15280.1,-2330.9,2026/01/29 19:39:45
468,50.89,15280.7,-2330.43,2026/01/29 19:39:45
469,50.99,15287.7,-2332.14,2026/01/29 19:39:45
470,51.1,15281.8,-2329.42,2026/01/29 19:39:45
471,51.21,15286.4,-2327.15,2026/01/29 19:39:45
472,51.32,15281.3,-2322.33,2026/01/29 19:39:45
473,51.43,15283.8,-2320.9,2026/01/29 19:39:46
474,51.54,15295.4,-2321.6,2026/01/29 19:39:46
475,51.65,15310.5,-2324.37,2026/01/29 19:39:46
476,51.76,15311.7,-2325.98,2026/01/29 19:39:46
477,51.87,15313.5,-2327.36,2026/01/29 19:39:46
478,51.98,15315,-2327.59,2026/01/29 19:39:46
479,52.09,15325.6,-2327.13,2026/01/29 19:39:46
480,52.19,15319.8,-2327.3,2026/01/29 19:39:46
481,52.3,15316.6,-2324.46,2026/01/29 19:39:46
482,52.41,15321.9,-2323.15,2026/01/29 19:39:47
483,52.52,15312.2,-2320.55,2026/01/29 19:39:47
484,52.63,15314.4,-2319.88,2026/01/29 19:39:47
485,52.74,15327,-2321.27,2026/01/29 19:39:47
486,52.85,15331,-2323.59,2026/01/29 19:39:47
487,52.96,15336.4,-2324.78,2026/01/29 19:39:47
488,53.07,15337.6,-2325.29,2026/01/29 19:39:47
489,53.18,15336,-2326.28,2026/01/29 19:39:47
490,53.29,15344.1,-2325.83,2026/01/29 19:39:47
491,53.4,15344.3,-2326.29,2026/01/29 19:39:48
492,53.5,15338.7,-2323.96,2026/01/29 19:39:48
493,53.61,15342.2,-2321.53,2026/01/29 19:39:48
494,53.72,15335.8,-2319.16,2026/01/29 19:39:48
495,53.83,15336.1,-2318.53,2026/01/29 19:39:48
496,53.94,15347.4,-2321.15,2026/01/29 19:39:48
497,54.05,15351.3,-2322.35,2026/01/29 19:39:48
498,54.16,15355.7,-2323.72,2026/01/29 19:39:48
499,54.27,15356.9,-2323.3,2026/01/29 19:39:48
500,54.37,15360.1,-2323.54,2026/01/29 19:39:49
501,54.48,15369.4,-2324.17,2026/01/29 19:39:49
502,54.59,15361.9,-2322.24,2026/01/29 19:39:49
503,54.7,15365,-2319.87,2026/01/29 19:39:49
504,54.81,15349.4,-2316.74,2026/01/29 19:39:49
505,54.92,15351.3,-2315.04,2026/01/29 19:39:49
506,55.03,15375.5,-2317.9,2026/01/29 19:39:49
507,55.14,15381.3,-2320.06,2026/01/29 19:39:49
508,55.25,15385.5,-2320.98,2026/01/29 19:39:49
509,55.36,15387,-2321,2026/01/29 19:39:50
510,55.47,15393.7,-2320.93,2026/01/29 19:39:50
511,55.57,15398.5,-2320.72,2026/01/29 19:39:50
512,55.68,15397.9,-2319.99,2026/01/29 19:39:50
513,55.79,15393.1,-2317.97,2026/01/29 19:39:50
514,55.9,15386.3,-2313.59,2026/01/29 19:39:50
515,56.01,15381.9,-2311.08,2026/01/29 19:39:50
516,56.12,15392,-2310.44,2026/01/29 19:39:50
517,56.23,15403.8,-2313.45,2026/01/29 19:39:50
518,56.34,15410.9,-2315.58,2026/01/29 19:39:51
519,56.45,15414,-2315.71,2026/01/29 19:39:51
520,56.56,15416.2,-2315.68,2026/01/29 19:39:51
521,56.66,15422.8,-2315.3,2026/01/29 19:39:51
522,56.77,15425.5,-2315.02,2026/01/29 19:39:51
523,56.88,15418.6,-2312.42,2026/01/29 19:39:51
524,56.99,15411.5,-2308.54,2026/01/29 19:39:51
525,57.1,15408.7,-2305.26,2026/01/29 19:39:51
526,57.21,15422.1,-2306.56,2026/01/29 19:39:51
527,57.32,15431.1,-2308.54,2026/01/29 19:39:51
528,57.43,15437.3,-2309.77,2026/01/29 19:39:52
529,57.54,15439.4,-2309.8,2026/01/29 19:39:52
530,57.64,15447.7,-2309.4,2026/01/29 19:39:52
531,57.75,15450.3,-2309.45,2026/01/29 19:39:52
532,57.86,15446.6,-2306.34,2026/01/29 19:39:52
533,57.97,15434.8,-2302.04,2026/01/29 19:39:52
534,58.08,15433.2,-2298.62,2026/01/29 19:39:52
535,58.19,15450.1,-2298.81,2026/01/29 19:39:52
536,58.3,15460,-2301.13,2026/01/29 19:39:52
537,58.41,15469,-2302.74,2026/01/29 19:39:53
538,58.52,15471.3,-2303.61,2026/01/29 19:39:53
539,58.62,15477.9,-2302.64,2026/01/29 19:39:53
540,58.73,15484.1,-2303.35,2026/01/29 19:39:53
541,58.84,15479.6,-2300.93,2026/01/29 19:39:53
542,58.95,15481.9,-2298.16,2026/01/29 19:39:53
543,59.06,15466.8,-2295.13,2026/01/29 19:39:53
544,59.17,15470.3,-2293.15,2026/01/29 19:39:53
545,59.28,15470.9,-2291.78,2026/01/29 19:39:53
546,59.39,15491.3,-2295.56,2026/01/29 19:39:54
547,59.5,15501.6,-2297.92,2026/01/29 19:39:54
548,59.61,15503.5,-2297.48,2026/01/29 19:39:54
549,59.71,15508.3,-2297.54,2026/01/29 19:39:54
550,59.82,15516,-2297.34,2026/01/29 19:39:54
551,59.93,15510.7,-2295.15,2026/01/29 19:39:54
552,60.04,15506.5,-2291.18,2026/01/29 19:39:54
553,60.15,15494.2,-2287.99,2026/01/29 19:39:54
554,60.26,15498.1,-2286.72,2026/01/29 19:39:54
555,60.37,15519.1,-2291.33,2026/01/29 19:39:55
556,60.48,15529.3,-2292.61,2026/01/29 19:39:55
557,60.59,15538.2,-2292.68,2026/01/29 19:39:55
558,60.7,15541,-2292.45,2026/01/29 19:39:55
559,60.8,15547,-2292.98,2026/01/29 19:39:55
560,60.91,15552.8,-2292.64,2026/01/29 19:39:55
561,61.02,15546.5,-2290.98,2026/01/29 19:39:55
562,61.13,15541.9,-2287.5,2026/01/29 19:39:55
563,61.24,15524.4,-2284.68,2026/01/29 19:39:55
564,61.35,15523,-2282.63,2026/01/29 19:39:56
565,61.46,15533.7,-2284.3,2026/01/29 19:39:56
566,61.57,15548.3,-2286.46,2026/01/29 19:39:56
567,61.68,15556.4,-2286.91,2026/01/29 19:39:56
568,61.78,15559.7,-2286.05,2026/01/29 19:39:56
569,61.89,15567.5,-2287.15,2026/01/29 19:39:56
570,62,15569.4,-2285.1,2026/01/29 19:39:56
571,62.11,15561,-2283.12,2026/01/29 19:39:56
572,62.22,15540.2,-2278.69,2026/01/29 19:39:56
573,62.33,15536.9,-2276.21,2026/01/29 19:39:57
574,62.44,15540.5,-2274.4,2026/01/29 19:39:57
575,62.55,15564.6,-2278.81,2026/01/29 19:39:57
576,62.66,15573.5,-2279.77,2026/01/29 19:39:57
577,62.76,15579.7,-2278.32,2026/01/29 19:39:57
578,62.87,15581.9,-2278.77,2026/01/29 19:39:57
579,62.98,15590.5,-2277.83,2026/01/29 19:39:57
580,63.09,15590.9,-2276.97,2026/01/29 19:39:57
581,63.2,15584,-2275.15,2026/01/29 19:39:57
582,63.31,15576.9,-2271.66,2026/01/29 19:39:57
583,63.42,15560.6,-2268.94,2026/01/29 19:39:58
584,63.53,15561,-2265.48,2026/01/29 19:39:58
585,63.64,15572,-2268.1,2026/01/29 19:39:58
586,63.75,15592.7,-2268.63,2026/01/29 19:39:58
587,63.86,15603.4,-2267.19,2026/01/29 19:39:58
588,63.96,15610.4,-2264.79,2026/01/29 19:39:58
589,64.07,15621.3,-2263.46,2026/01/29 19:39:58
590,64.18,15631,-2262.16,2026/01/29 19:39:58
591,64.29,15629.8,-2258.52,2026/01/29 19:39:58
592,64.4,15626.9,-2257.72,2026/01/29 19:39:59
593,64.51,15608.9,-2253.84,2026/01/29 19:39:59
594,64.62,15599.8,-2252.08,2026/01/29 19:39:59
595,64.73,15600.4,-2252.09,2026/01/29 19:39:59
596,64.84,15614.5,-2255.95,2026/01/29 19:39:59
597,64.95,15625.4,-2257.33,2026/01/29 19:39:59
598,65.05,15628.3,-2257.53,2026/01/29 19:39:59
599,65.16,15630,-2257.17,2026/01/29 19:39:59
600,65.27,15635,-2258.18,2026/01/29 19:39:59
601,65.38,15638.9,-2257.57,2026/01/29 19:40:00
602,65.49,15632.8,-2256.99,2026/01/29 19:40:00
603,65.6,15622.9,-2254.43,2026/01/29 19:40:00
604,65.71,15596.6,-2251.94,2026/01/29 19:40:00
605,65.82,15593.3,-2250.7,2026/01/29 19:40:00
606,65.92,15596.1,-2250.01,2026/01/29 19:40:00
607,66.03,15599.5,-2253.17,2026/01/29 19:40:00
608,66.14,15626.1,-2258.28,2026/01/29 19:40:00
609,66.25,15629.1,-2258.38,2026/01/29 19:40:00
610,66.36,15627.7,-2256.85,2026/01/29 19:40:01
611,66.47,15626.5,-2256.99,2026/01/29 19:40:01
612,66.58,15626.9,-2256.59,2026/01/29 19:40:01
613,66.69,15630.5,-2257.3,2026/01/29 19:40:01
614,66.8,15636.9,-2257.46,2026/01/29 19:40:01
615,66.9,15629.6,-2255.79,2026/01/29 19:40:01
616,67.01,15612.1,-2252.91,2026/01/29 19:40:01
617,67.12,15598.8,-2250.91,2026/01/29 19:40:01
618,67.23,15596.3,-2249.56,2026/01/29 19:40:01
619,67.34,15609.7,-2256.4,2026/01/29 19:40:02
620,67.45,15624.3,-2257.17,2026/01/29 19:40:02
621,67.56,15625.7,-2257.2,2026/01/29 19:40:02
622,67.67,15624.4,-2256.79,2026/01/29 19:40:02
623,67.78,15627.1,-2257.15,2026/01/29 19:40:02
624,67.89,15633.6,-2258.17,2026/01/29 19:40:02
625,67.99,15629.5,-2256.79,2026/01/29 19:40:02
626,68.1,15621.2,-2253.56,2026/01/29 19:40:02
627,68.21,15599.9,-2251.44,2026/01/29 19:40:02
628,68.32,15598.3,-2249.96,2026/01/29 19:40:02
629,68.43,15598.3,-2251.91,2026/01/29 19:40:03
630,68.54,15625.6,-2259.76,2026/01/29 19:40:03
631,68.65,15625.8,-2257.68,2026/01/29 19:40:03
632,68.76,15624.3,-2256.61,2026/01/29 19:40:03
633,68.87,15629.2,-2257.42,2026/01/29 19:40:03
634,68.98,15632.7,-2257.69,2026/01/29 19:40:03
635,69.08,15629.8,-2256.31,2026/01/29 19:40:03
636,69.19,15627.7,-2255.69,2026/01/29 19:40:03
637,69.3,15609.1,-2251.86,2026/01/29 19:40:03
638,69.41,15596,-2250.66,2026/01/29 19:40:04
639,69.52,15597.2,-2249.51,2026/01/29 19:40:04
640,69.63,15616,-2258.53,2026/01/29 19:40:04
641,69.74,15625.6,-2257.4,2026/01/29 19:40:04
642,69.85,15623.2,-2256.87,2026/01/29 19:40:04
643,69.96,15625.6,-2256.82,2026/01/29 19:40:04
644,70.07,15629.4,-2257.04,2026/01/29 19:40:04
645,70.18,15625,-2255.85,2026/01/29 19:40:04
646,70.28,15623.7,-2254.13,2026/01/29 19:40:04
647,70.39,15599.8,-2250.91,2026/01/29 19:40:05
648,70.5,15595.3,-2249.88,2026/01/29 19:40:05
649,70.61,15606.3,-2254.62,2026/01/29 19:40:05
650,70.72,15623.4,-2258.35,2026/01/29 19:40:05
651,70.83,15624.3,-2256.63,2026/01/29 19:40:05
652,70.94,15624.7,-2256.91,2026/01/29 19:40:05
653,71.05,15628.7,-2256.7,2026/01/29 19:40:05
654,71.16,15624.2,-2255.21,2026/01/29 19:40:05
655,71.27,15616.5,-2252.92,2026/01/29 19:40:05
656,71.38,15594.8,-2250.08,2026/01/29 19:40:06
657,71.48,15593.5,-2249.51,2026/01/29 19:40:06
658,71.59,15610.2,-2256.02,2026/01/29 19:40:06
659,71.7,15622.4,-2258.3,2026/01/29 19:40:06
660,71.81,15621.3,-2256.59,2026/01/29 19:40:06
661,71.92,15620.7,-2255.56,2026/01/29 19:40:06
662,72.03,15621.5,-2256.93,2026/01/29 19:40:06
663,72.14,15622.4,-2255.26,2026/01/29 19:40:06
664,72.25,15622.2,-2255.07,2026/01/29 19:40:06
665,72.36,15606.1,-2250.91,2026/01/29 19:40:07
666,72.47,15600.4,-2250.03,2026/01/29 19:40:07
667,72.57,15599,-2251.17,2026/01/29 19:40:07
668,72.68,15618.1,-2256.35,2026/01/29 19:40:07
669,72.79,15620,-2256.23,2026/01/29 19:40:07
670,72.9,15622.1,-2255.77,2026/01/29 19:40:07
671,73.01,15622.9,-2256.54,2026/01/29 19:40:07
672,73.12,15626.1,-2256.48,2026/01/29 19:40:07
673,73.23,15620.6,-2254.91,2026/01/29 19:40:07
674,73.34,15614.8,-2252.66,2026/01/29 19:40:08
675,73.44,15598.9,-2250.48,2026/01/29 19:40:08
676,73.56,15596.6,-2249.32,2026/01/29 19:40:08
677,73.67,15599.3,-2251.92,2026/01/29 19:40:08
678,73.78,15617.7,-2256.8,2026/01/29 19:40:08
679,73.88,15623.7,-2255.92,2026/01/29 19:40:08
680,73.99,15622.2,-2256.35,2026/01/29 19:40:08
681,74.1,15626.7,-2256.73,2026/01/29 19:40:08
682,74.21,15626.9,-2256.86,2026/01/29 19:40:08
683,74.32,15625.1,-2255.2,2026/01/29 19:40:08
684,74.43,15604.1,-2251.21,2026/01/29 19:40:09
685,74.54,15598.7,-2249.64,2026/01/29 19:40:09
686,74.65,15596.8,-2249.64,2026/01/29 19:40:09
687,74.76,15615.4,-2257.38,2026/01/29 19:40:09
688,74.86,15624.8,-2256.52,2026/01/29 19:40:09
689,74.97,15623.4,-2256,2026/01/29 19:40:09
690,75.08,15625.3,-2256.44,2026/01/29 19:40:09
691,75.19,15629.3,-2257.58,2026/01/29 19:40:09
692,75.3,15626.6,-2255.46,2026/01/29 19:40:09
693,75.41,15622.9,-2254.92,2026/01/29 19:40:10
694,75.52,15603.8,-2250.43,2026/01/29 19:40:10
695,75.63,15593.7,-2249.53,2026/01/29 19:40:10
696,75.74,15608.2,-2253.65,2026/01/29 19:40:10
697,75.85,15622.1,-2257.2,2026/01/29 19:40:10
698,75.96,15622.1,-2255.56,2026/01/29 19:40:10
699,76.06,15624.2,-2256.42,2026/01/29 19:40:10
700,76.17,15628.9,-2257.06,2026/01/29 19:40:10
701,76.28,15626.3,-2255.97,2026/01/29 19:40:10
702,76.39,15619.9,-2253.56,2026/01/29 19:40:11
703,76.5,15598.7,-2250.21,2026/01/29 19:40:11
704,76.61,15596,-2250.43,2026/01/29 19:40:11
705,76.72,15615.9,-2255.88,2026/01/29 19:40:11
706,76.83,15619.4,-2255.47,2026/01/29 19:40:11
707,76.94,15621,-2255.62,2026/01/29 19:40:11
708,77.05,15623.3,-2256.02,2026/01/29 19:40:11
709,77.15,15624.8,-2255.8,2026/01/29 19:40:11
710,77.26,15621.5,-2254.24,2026/01/29 19:40:11
711,77.37,15605.9,-2250.9,2026/01/29 19:40:12
712,77.48,15598.6,-2249.29,2026/01/29 19:40:12
713,77.59,15598,-2249.84,2026/01/29 19:40:12
714,77.7,15615.5,-2254.98,2026/01/29 19:40:12
715,77.81,15621.2,-2255.69,2026/01/29 19:40:12
716,77.92,15621.9,-2255.86,2026/01/29 19:40:12
717,78.03,15626.2,-2256.45,2026/01/29 19:40:12
718,78.14,15627.3,-2256.09,2026/01/29 19:40:12
719,78.25,15620.2,-2254.24,2026/01/29 19:40:12
720,78.36,15619.1,-2252.23,2026/01/29 19:40:13
721,78.47,15603.3,-2250.08,2026/01/29 19:40:13
722,78.57,15598.6,-2249.25,2026/01/29 19:40:13
723,78.68,15618.9,-2255.52,2026/01/29 19:40:13
724,78.79,15624.3,-2256.22,2026/01/29 19:40:13
725,78.9,15623.7,-2255.63,2026/01/29 19:40:13
726,79.01,15627.7,-2256.38,2026/01/29 19:40:13
727,79.12,15630.7,-2256.15,2026/01/29 19:40:13
728,79.23,15622.5,-2254.96,2026/01/29 19:40:13
729,79.34,15625,-2252.82,2026/01/29 19:40:14
730,79.45,15603.3,-2250.68,2026/01/29 19:40:14
731,79.56,15599.3,-2247.99,2026/01/29 19:40:14
732,79.67,15609.9,-2256.34,2026/01/29 19:40:14
733,79.77,15625.6,-2255.69,2026/01/29 19:40:14
734,79.88,15625.1,-2255.59,2026/01/29 19:40:14
735,79.99,15626.7,-2255.69,2026/01/29 19:40:14
736,80.1,15631.8,-2256.8,2026/01/29 19:40:14
737,80.21,15623.9,-2254.49,2026/01/29 19:40:14
738,80.32,15619.2,-2251.92,2026/01/29 19:40:14
739,80.43,15600.9,-2249.87,2026/01/29 19:40:15
740,80.54,15599.4,-2248.78,2026/01/29 19:40:15
741,80.65,15617,-2256.57,2026/01/29 19:40:15
742,80.76,15625,-2255.46,2026/01/29 19:40:15
743,80.87,15624.2,-2255.08,2026/01/29 19:40:15
744,80.98,15626.7,-2255.77,2026/01/29 19:40:15
745,81.08,15629.7,-2255.7,2026/01/29 19:40:15
746,81.19,15628.2,-2255.29,2026/01/29 19:40:15
747,81.3,15626.6,-2253.37,2026/01/29 19:40:15
748,81.41,15605.7,-2249.94,2026/01/29 19:40:16
749,81.52,15601.1,-2248.18,2026/01/29 19:40:16
750,81.63,15603,-2250.83,2026/01/29 19:40:16
751,81.74,15621.1,-2255.74,2026/01/29 19:40:16
752,81.85,15625,-2255.31,2026/01/29 19:40:16
753,81.96,15626.3,-2255.56,2026/01/29 19:40:16
754,82.07,15630.1,-2256,2026/01/29 19:40:16
755,82.18,15630.3,-2256.16,2026/01/29 19:40:16
756,82.29,15623.9,-2254.22,2026/01/29 19:40:16
757,82.39,15610.4,-2250.82,2026/01/29 19:40:17
758,82.5,15600.6,-2248.95,2026/01/29 19:40:17
759,82.61,15600.1,-2248.69,2026/01/29 19:40:17
760,82.72,15623.5,-2256.96,2026/01/29 19:40:17
761,82.83,15629.7,-2256.16,2026/01/29 19:40:17
762,82.94,15628.3,-2255.56,2026/01/29 19:40:17
763,83.05,15631.3,-2256.17,2026/01/29 19:40:17
764,83.16,15634,-2256.33,2026/01/29 19:40:17
765,83.27,15627.6,-2254.41,2026/01/29 19:40:17
766,83.38,15610.1,-2250.36,2026/01/29 19:40:18
767,83.48,15601.1,-2248.93,2026/01/29 19:40:18
768,83.59,15601.7,-2248.85,2026/01/29 19:40:18
769,83.7,15626.8,-2258.34,2026/01/29 19:40:18
770,83.81,15630.6,-2255.89,2026/01/29 19:40:18
771,83.92,15627.8,-2254.66,2026/01/29 19:40:18
772,84.03,15630.2,-2255.77,2026/01/29 19:40:18
773,84.14,15633.6,-2255.77,2026/01/29 19:40:18
774,84.25,15626.9,-2254.26,2026/01/29 19:40:18
775,84.36,15606.1,-2249.53,2026/01/29 19:40:19
776,84.47,15599.3,-2248.32,2026/01/29 19:40:19
777,84.58,15613.8,-2254.44,2026/01/29 19:40:19
778,84.69,15629.5,-2256.31,2026/01/29 19:40:19
779,84.79,15627.8,-2254.63,2026/01/29 19:40:19
780,84.9,15629.3,-2255.37,2026/01/29 19:40:19
781,85.01,15633.1,-2255.76,2026/01/29 19:40:19
782,85.12,15630.3,-2254.66,2026/01/29 19:40:19
783,85.23,15625.8,-2253.03,2026/01/29 19:40:19
784,85.34,15602.7,-2248.83,2026/01/29 19:40:20
785,85.45,15601,-2248.2,2026/01/29 19:40:20
786,85.56,15608.2,-2252.1,2026/01/29 19:40:20
787,85.67,15627.1,-2257.31,2026/01/29 19:40:20
788,85.77,15627.2,-2254.07,2026/01/29 19:40:20
789,85.88,15628.1,-2254.79,2026/01/29 19:40:20
790,85.99,15631.4,-2254.77,2026/01/29 19:40:20
791,86.1,15626.1,-2253.27,2026/01/29 19:40:20
792,86.21,15621.6,-2251.93,2026/01/29 19:40:20
793,86.32,15606.1,-2248.84,2026/01/29 19:40:20
794,86.43,15604.7,-2248.54,2026/01/29 19:40:21
795,86.54,15602.7,-2248.63,2026/01/29 19:40:21
796,86.65,15624.6,-2256.03,2026/01/29 19:40:21
797,86.76,15629.9,-2254.24,2026/01/29 19:40:21
798,86.86,15630.7,-2255.22,2026/01/29 19:40:21
799,86.97,15632.7,-2255.23,2026/01/29 19:40:21
800,87.08,15634.3,-2255.53,2026/01/29 19:40:21
801,87.19,15627.8,-2254.12,2026/01/29 19:40:21
802,87.3,15610.1,-2249.67,2026/01/29 19:40:21
803,87.41,15599,-2247.45,2026/01/29 19:40:22
804,87.52,15611.8,-2252.55,2026/01/29 19:40:22
805,87.63,15629,-2256.03,2026/01/29 19:40:22
806,87.74,15627,-2253.88,2026/01/29 19:40:22
807,87.85,15627.1,-2254.14,2026/01/29 19:40:22
808,87.95,15630.7,-2254.72,2026/01/29 19:40:22
809,88.06,15627.7,-2253.57,2026/01/29 19:40:22
810,88.17,15625.2,-2251.68,2026/01/29 19:40:22
811,88.28,15600.8,-2248.17,2026/01/29 19:40:22
812,88.39,15600.6,-2247.43,2026/01/29 19:40:23
813,88.5,15622.9,-2257.59,2026/01/29 19:40:23
814,88.61,15630.8,-2255.23,2026/01/29 19:40:23
815,88.72,15628.3,-2254.46,2026/01/29 19:40:23
816,88.83,15633.2,-2254.78,2026/01/29 19:40:23
817,88.94,15633.1,-2254.64,2026/01/29 19:40:23
818,89.05,15625.1,-2252.97,2026/01/29 19:40:23
819,89.15,15609.5,-2249.96,2026/01/29 19:40:23
820,89.26,15600.4,-2247.43,2026/01/29 19:40:23
821,89.37,15608.4,-2251.22,2026/01/29 19:40:24
822,89.48,15628.2,-2256.49,2026/01/29 19:40:24
823,89.59,15626.5,-2253.85,2026/01/29 19:40:24
824,89.7,15628.9,-2254.15,2026/01/29 19:40:24
825,89.81,15629.2,-2254.51,2026/01/29 19:40:24
826,89.92,15631.7,-2253.78,2026/01/29 19:40:24
827,90.03,15627.8,-2252.18,2026/01/29 19:40:24
828,90.14,15604.4,-2247.86,2026/01/29 19:40:24
829,90.25,15601.2,-2247.54,2026/01/29 19:40:24
830,90.35,15624.9,-2255.39,2026/01/29 19:40:25
831,90.46,15631.1,-2255.01,2026/01/29 19:40:25
832,90.57,15627.2,-2253.88,2026/01/29 19:40:25
833,90.68,15630.6,-2254.42,2026/01/29 19:40:25
834,90.79,15632.7,-2254.66,2026/01/29 19:40:25
835,90.9,15633.4,-2254.19,2026/01/29 19:40:25
836,91.01,15624.7,-2253.47,2026/01/29 19:40:25
837,91.12,15610.8,-2248.73,2026/01/29 19:40:25
838,91.23,15600.7,-2247.96,2026/01/29 19:40:25
839,91.34,15613.8,-2252.35,2026/01/29 19:40:26
840,91.44,15627,-2254.66,2026/01/29 19:40:26
841,91.55,15626.9,-2254.15,2026/01/29 19:40:26
842,91.66,15630.5,-2254.19,2026/01/29 19:40:26
843,91.77,15633.1,-2254.94,2026/01/29 19:40:26
844,91.88,15629.6,-2253.67,2026/01/29 19:40:26
845,91.99,15627.7,-2252.35,2026/01/29 19:40:26
846,92.1,15607.6,-2249.33,2026/01/29 19:40:26
847,92.21,15604.1,-2247.39,2026/01/29 19:40:26
848,92.32,15603.5,-2249.88,2026/01/29 19:40:26
849,92.43,15625.4,-2255.08,2026/01/29 19:40:27
850,92.54,15629.9,-2254.43,2026/01/29 19:40:27
851,92.64,15632.1,-2254.9,2026/01/29 19:40:27
852,92.75,15634.8,-2255.16,2026/01/29 19:40:27
853,92.86,15628.4,-2253.35,2026/01/29 19:40:27
854,92.97,15622.7,-2251.81,2026/01/29 19:40:27
855,93.08,15605.3,-2247.9,2026/01/29 19:40:27
856,93.19,15600.4,-2247.5,2026/01/29 19:40:27
857,93.3,15612.6,-2251.69,2026/01/29 19:40:27
858,93.41,15624.7,-2255.09,2026/01/29 19:40:28
859,93.52,15626.3,-2253.51,2026/01/29 19:40:28
860,93.62,15626.3,-2253.49,2026/01/29 19:40:28
861,93.73,15630.5,-2254.41,2026/01/29 19:40:28
862,93.84,15628.4,-2253.06,2026/01/29 19:40:28
863,93.95,15624.3,-2252.47,2026/01/29 19:40:28
864,94.06,15613.4,-2249.28,2026/01/29 19:40:28
865,94.17,15596.6,-2246.54,2026/01/29 19:40:28
866,94.28,15603.3,-2247.79,2026/01/29 19:40:28
867,94.39,15626.4,-2255.08,2026/01/29 19:40:29
868,94.5,15632.8,-2254.7,2026/01/29 19:40:29
869,94.61,15629.9,-2254.1,2026/01/29 19:40:29
870,94.71,15632,-2254.51,2026/01/29 19:40:29
871,94.82,15635,-2254.64,2026/01/29 19:40:29
872,94.93,15624.8,-2252.34,2026/01/29 19:40:29
873,95.04,15610.9,-2248.37,2026/01/29 19:40:29
874,95.15,15600.7,-2247.44,2026/01/29 19:40:29
875,95.26,15616,-2251.5,2026/01/29 19:40:29
876,95.37,15629.3,-2255.59,2026/01/29 19:40:30
877,95.48,15627.7,-2253.43,2026/01/29 19:40:30
878,95.59,15629.6,-2253.82,2026/01/29 19:40:30
879,95.7,15631.5,-2254.36,2026/01/29 19:40:30
880,95.8,15632.3,-2253.31,2026/01/29 19:40:30
881,95.91,15625.4,-2251,2026/01/29 19:40:30
882,96.02,15602.9,-2247.43,2026/01/29 19:40:30
883,96.13,15604.1,-2246.45,2026/01/29 19:40:30
884,96.24,15626.6,-2256.52,2026/01/29 19:40:30
885,96.35,15632.4,-2254.31,2026/01/29 19:40:31
886,96.46,15629.3,-2253.53,2026/01/29 19:40:31
887,96.57,15631.6,-2253.78,2026/01/29 19:40:31
888,96.68,15634.9,-2253.94,2026/01/29 19:40:31
889,96.79,15626.7,-2251.47,2026/01/29 19:40:31
890,96.9,15607.5,-2247.77,2026/01/29 19:40:31
891,97,15604.1,-2246.76,2026/01/29 19:40:31
892,97.11,15620.4,-2254.24,2026/01/29 19:40:31
893,97.22,15633.1,-2254.79,2026/01/29 19:40:31
894,97.33,15632.4,-2254.5,2026/01/29 19:40:32
895,97.44,15634.7,-2254.36,2026/01/29 19:40:32
896,97.55,15637,-2254.71,2026/01/29 19:40:32
897,97.66,15625.6,-2252.29,2026/01/29 19:40:32
898,97.77,15614.9,-2248.71,2026/01/29 19:40:32
899,97.88,15605,-2246.71,2026/01/29 19:40:32
900,97.98,15622.3,-2252.86,2026/01/29 19:40:32
901,98.1,15627.9,-2253.54,2026/01/29 19:40:32
902,98.2,15628.8,-2253.18,2026/01/29 19:40:32
903,98.31,15630.9,-2254.26,2026/01/29 19:40:32
904,98.42,15634.6,-2253.58,2026/01/29 19:40:33
905,98.53,15626.3,-2253.01,2026/01/29 19:40:33
906,98.64,15608.4,-2248.08,2026/01/29 19:40:33
907,98.75,15604.3,-2247.29,2026/01/29 19:40:33
908,98.86,15622.6,-2253.52,2026/01/29 19:40:33
909,98.97,15630.3,-2253.35,2026/01/29 19:40:33
910,99.08,15628.1,-2253.09,2026/01/29 19:40:33
911,99.18,15631,-2253.51,2026/01/29 19:40:33
912,99.29,15634.2,-2253.82,2026/01/29 19:40:33
913,99.4,15631,-2252.95,2026/01/29 19:40:34
914,99.51,15622.3,-2250,2026/01/29 19:40:34
915,99.62,15607.2,-2246.94,2026/01/29 19:40:34
916,99.73,15624.7,-2252.3,2026/01/29 19:40:34
917,99.84,15629.7,-2253.49,2026/01/29 19:40:34
918,99.95,15628.5,-2253.15,2026/01/29 19:40:34
919,100.06,15628.7,-2253.17,2026/01/29 19:40:34
920,100.17,15630.9,-2253.24,2026/01/29 19:40:34
921,100.27,15632.1,-2253.75,2026/01/29 19:40:34
922,100.38,15633.7,-2253.9,2026/01/29 19:40:35
923,100.49,15627.3,-2251.58,2026/01/29 19:40:35
924,100.6,15606.6,-2247.99,2026/01/29 19:40:35
925,100.71,15600.8,-2246.25,2026/01/29 19:40:35
926,100.82,15623.7,-2254.5,2026/01/29 19:40:35
927,100.93,15627.6,-2253.41,2026/01/29 19:40:35
928,101.04,15627.6,-2252.91,2026/01/29 19:40:35
929,101.15,15628.9,-2252.64,2026/01/29 19:40:35
930,101.26,15629.6,-2253.3,2026/01/29 19:40:35
931,101.36,15634.5,-2252.66,2026/01/29 19:40:36
932,101.47,15629.1,-2252.45,2026/01/29 19:40:36
933,101.58,15623.3,-2248.99,2026/01/29 19:40:36
934,101.69,15605.5,-2246.63,2026/01/29 19:40:36
935,101.8,15626,-2252.4,2026/01/29 19:40:36
936,101.91,15631.2,-2252.94,2026/01/29 19:40:36
937,102.02,15629.6,-2253.24,2026/01/29 19:40:36
938,102.13,15631.6,-2253.25,2026/01/29 19:40:36
939,102.24,15635.6,-2254.48,2026/01/29 19:40:36
940,102.35,15632.6,-2252.59,2026/01/29 19:40:37
941,102.45,15628.1,-2251.73,2026/01/29 19:40:37
942,102.56,15614.3,-2247.57,2026/01/29 19:40:37
943,102.67,15616.6,-2250.45,2026/01/29 19:40:37
944,102.78,15626.7,-2252.55,2026/01/29 19:40:37
945,102.89,15627.7,-2252.79,2026/01/29 19:40:37
946,103,15630.1,-2253.47,2026/01/29 19:40:37
947,103.11,15634.8,-2253.62,2026/01/29 19:40:37
948,103.22,15629.1,-2252.69,2026/01/29 19:40:37
949,103.33,15628.9,-2251.38,2026/01/29 19:40:38
950,103.43,15611.6,-2247.12,2026/01/29 19:40:38
951,103.54,15614.6,-2249.93,2026/01/29 19:40:38
952,103.65,15623.2,-2252.3,2026/01/29 19:40:38
953,103.76,15626,-2252.57,2026/01/29 19:40:38
954,103.87,15628.5,-2253,2026/01/29 19:40:38
955,103.98,15629.7,-2253.15,2026/01/29 19:40:38
956,104.09,15633.3,-2253.04,2026/01/29 19:40:38
957,104.2,15627.5,-2252.17,2026/01/29 19:40:38
958,104.31,15609.3,-2246.46,2026/01/29 19:40:38
959,104.41,15607.2,-2248.03,2026/01/29 19:40:39
960,104.52,15623.5,-2252.38,2026/01/29 19:40:39
961,104.63,15628.1,-2252.56,2026/01/29 19:40:39
962,104.74,15629,-2252.61,2026/01/29 19:40:39
963,104.85,15630.7,-2252.7,2026/01/29 19:40:39
964,104.96,15632.7,-2253.19,2026/01/29 19:40:39
965,105.07,15625.8,-2250.74,2026/01/29 19:40:39
966,105.18,15617.1,-2248.92,2026/01/29 19:40:39
967,105.29,15608.3,-2245.92,2026/01/29 19:40:39
968,105.4,15610.4,-2248.6,2026/01/29 19:40:40
969,105.51,15629.3,-2252.41,2026/01/29 19:40:40
970,105.61,15634.3,-2254.13,2026/01/29 19:40:40
971,105.72,15637.8,-2253.97,2026/01/29 19:40:40
972,105.83,15640.2,-2254.24,2026/01/29 19:40:40
973,105.94,15625.4,-2251.61,2026/01/29 19:40:40
974,106.05,15615.6,-2247.98,2026/01/29 19:40:40
975,106.16,15607.2,-2246.56,2026/01/29 19:40:40
976,106.27,15608.8,-2248.7,2026/01/29 19:40:40
977,106.38,15622,-2252.22,2026/01/29 19:40:41
978,106.49,15627.4,-2252.67,2026/01/29 19:40:41
979,106.59,15630,-2252.46,2026/01/29 19:40:41
980,106.7,15634.6,-2253.25,2026/01/29 19:40:41
981,106.81,15627.4,-2251.51,2026/01/29 19:40:41
982,106.92,15620.8,-2249.24,2026/01/29 19:40:41
983,107.03,15609.8,-2246.37,2026/01/29 19:40:41
984,107.14,15607.5,-2247.74,2026/01/29 19:40:41
985,107.25,15621.9,-2251.56,2026/01/29 19:40:41
986,107.36,15627.7,-2253.22,2026/01/29 19:40:42
987,107.47,15630.8,-2252.26,2026/01/29 19:40:42
988,107.58,15633.6,-2253.19,2026/01/29 19:40:42
989,107.68,15625.5,-2251.04,2026/01/29 19:40:42
990,107.79,15616.2,-2247.55,2026/01/29 19:40:42
991,107.9,15603,-2245.66,2026/01/29 19:40:42
992,108.01,15604.5,-2245.12,2026/01/29 19:40:42
993,108.12,15623.3,-2254.15,2026/01/29 19:40:42
994,108.23,15631.4,-2252.67,2026/01/29 19:40:42
995,108.34,15629.3,-2252.54,2026/01/29 19:40:43
996,108.45,15632,-2252.67,2026/01/29 19:40:43
997,108.55,15634.7,-2253.14,2026/01/29 19:40:43
998,108.66,15628,-2251.04,2026/01/29 19:40:43
999,108.77,15607.7,-2245.6,2026/01/29 19:40:43
1000,108.88,15603.2,-2245.36,2026/01/29 19:40:43
1001,108.99,15626.3,-2255.02,2026/01/29 19:40:43
1002,109.1,15629.3,-2252.76,2026/01/29 19:40:43
1003,109.21,15628,-2251.44,2026/01/29 19:40:43
1004,109.32,15628.3,-2251.27,2026/01/29 19:40:43
1005,109.43,15631,-2252.1,2026/01/29 19:40:44
1006,109.54,15629.5,-2250.75,2026/01/29 19:40:44
1007,109.64,15619.2,-2247.95,2026/01/29 19:40:44
1008,109.75,15607,-2244.71,2026/01/29 19:40:44
1009,109.86,15616.4,-2250.12,2026/01/29 19:40:44
1010,109.97,15630.9,-2252.68,2026/01/29 19:40:44
1011,110.08,15629,-2252.33,2026/01/29 19:40:44
1012,110.19,15630.3,-2251.18,2026/01/29 19:40:44
1013,110.3,15630.6,-2252.08,2026/01/29 19:40:44
1014,110.41,15632.5,-2251.36,2026/01/29 19:40:45
1015,110.52,15625.9,-2249.28,2026/01/29 19:40:45
1016,110.62,15606.8,-2246,2026/01/29 19:40:45
1017,110.73,15608.1,-2245.19,2026/01/29 19:40:45
1018,110.84,15624.9,-2253.01,2026/01/29 19:40:45
1019,110.95,15633.3,-2252.94,2026/01/29 19:40:45
1020,111.06,15632.4,-2252.2,2026/01/29 19:40:45
1021,111.17,15634.9,-2252.89,2026/01/29 19:40:45
1022,111.28,15638.3,-2252.65,2026/01/29 19:40:45
1023,111.39,15629.2,-2250.52,2026/01/29 19:40:46
1024,111.5,15609.4,-2246.35,2026/01/29 19:40:46
1025,111.61,15605.1,-2244.9,2026/01/29 19:40:46
1026,111.71,15625.4,-2253.06,2026/01/29 19:40:46
1027,111.82,15631.8,-2252.84,2026/01/29 19:40:46
1028,111.93,15632.6,-2251.67,2026/01/29 19:40:46
1029,112.04,15633.9,-2253.13,2026/01/29 19:40:46
1030,112.15,15637.8,-2252.57,2026/01/29 19:40:46
1031,112.26,15631,-2251.35,2026/01/29 19:40:46
1032,112.37,15618.3,-2247.58,2026/01/29 19:40:47
1033,112.48,15602.2,-2244.65,2026/01/29 19:40:47
1034,112.59,15610.6,-2248.39,2026/01/29 19:40:47
1035,112.7,15632,-2254.16,2026/01/29 19:40:47
1036,112.8,15631.3,-2252.33,2026/01/29 19:40:47
1037,112.91,15634.2,-2252.04,2026/01/29 19:40:47
1038,113.02,15630.6,-2251.39,2026/01/29 19:40:47
1039,113.13,15633.5,-2251.07,2026/01/29 19:40:47
1040,113.24,15636.3,-2252.32,2026/01/29 19:40:47
1041,113.35,15632.1,-2250.42,2026/01/29 19:40:48
1042,113.46,15610.1,-2246.35,2026/01/29 19:40:48
1043,113.57,15608.3,-2244.6,2026/01/29 19:40:48
1044,113.68,15627.5,-2252.61,2026/01/29 19:40:48
1045,113.79,15637.5,-2253.02,2026/01/29 19:40:48
1046,113.9,15637.9,-2252.48,2026/01/29 19:40:48
1047,114.01,15640.7,-2253.34,2026/01/29 19:40:48
1048,114.12,15642.8,-2252.68,2026/01/29 19:40:48
1049,114.23,15629.2,-2250.85,2026/01/29 19:40:48
1050,114.34,15615.4,-2246.49,2026/01/29 19:40:49
1051,114.44,15601.4,-2243.35,2026/01/29 19:40:49
1052,114.55,15624.2,-2252.89,2026/01/29 19:40:49
1053,114.66,15631.2,-2252.58,2026/01/29 19:40:49
1054,114.77,15632.2,-2251.33,2026/01/29 19:40:49
1055,114.88,15630.5,-2251.76,2026/01/29 19:40:49
1056,114.99,15633.3,-2251.48,2026/01/29 19:40:49
1057,115.1,15636.4,-2252.39,2026/01/29 19:40:49
1058,115.21,15627.5,-2249.72,2026/01/29 19:40:49
1059,115.32,15608.8,-2245.06,2026/01/29 19:40:49
1060,115.42,15605.3,-2246.08,2026/01/29 19:40:50
1061,115.53,15623.4,-2251.77,2026/01/29 19:40:50
1062,115.64,15636.2,-2252.67,2026/01/29 19:40:50
1063,115.75,15634.3,-2252.26,2026/01/29 19:40:50
1064,115.86,15635.8,-2252.31,2026/01/29 19:40:50
1065,115.97,15640.8,-2253.16,2026/01/29 19:40:50
1066,116.08,15637.6,-2251.71,2026/01/29 19:40:50
1067,116.19,15624.2,-2248.27,2026/01/29 19:40:50
1068,116.3,15607.5,-2244.85,2026/01/29 19:40:50
1069,116.41,15612.2,-2248,2026/01/29 19:40:51
1070,116.51,15630.1,-2251.95,2026/01/29 19:40:51
1071,116.62,15627.6,-2251.52,2026/01/29 19:40:51
1072,116.73,15628.6,-2250.53,2026/01/29 19:40:51
1073,116.84,15628.7,-2251.54,2026/01/29 19:40:51
1074,116.95,15633.9,-2252.01,2026/01/29 19:40:51
1075,117.06,15628.2,-2250.2,2026/01/29 19:40:51
1076,117.17,15603,-2244.65,2026/01/29 19:40:51
1077,117.28,15606.3,-2244.5,2026/01/29 19:40:51
1078,117.39,15628,-2253.27,2026/01/29 19:40:52
1079,117.49,15634.5,-2251.92,2026/01/29 19:40:52
1080,117.6,15633,-2251.7,2026/01/29 19:40:52
1081,117.71,15636.5,-2252.35,2026/01/29 19:40:52
1082,117.82,15636.7,-2251.55,2026/01/29 19:40:52
1083,117.93,15626.5,-2249.34,2026/01/29 19:40:52
1084,118.04,15604.9,-2244.44,2026/01/29 19:40:52
1085,118.15,15604.2,-2243.97,2026/01/29 19:40:52
1086,118.26,15626.1,-2252.07,2026/01/29 19:40:52
1087,118.37,15634.8,-2251.98,2026/01/29 19:40:53
1088,118.48,15633.4,-2251.31,2026/01/29 19:40:53
1089,118.58,15634.8,-2252.15,2026/01/29 19:40:53
1090,118.69,15637.8,-2251.84,2026/01/29 19:40:53
1091,118.8,15630.3,-2250.04,2026/01/29 19:40:53
1092,118.91,15613.9,-2245.9,2026/01/29 19:40:53
1093,119.02,15603.7,-2243.58,2026/01/29 19:40:53
1094,119.13,15610.1,-2247.37,2026/01/29 19:40:53
1095,119.24,15631.3,-2253.22,2026/01/29 19:40:53
1096,119.35,15631.5,-2251.28,2026/01/29 19:40:54
1097,119.46,15632.8,-2250.78,2026/01/29 19:40:54
1098,119.56,15635.2,-2252,2026/01/29 19:40:54
1099,119.67,15633.7,-2250.09,2026/01/29 19:40:54
1100,119.78,15615.6,-2245.38,2026/01/29 19:40:54
1101,119.89,15603,-2242.44,2026/01/29 19:40:54
1102,120,15615.8,-2246.84,2026/01/29 19:40:54
1103,120.11,15627.2,-2248.24,2026/01/29 19:40:54
1104,120.22,15626.9,-2246.84,2026/01/29 19:40:54
1105,120.33,15629.2,-2248.01,2026/01/29 19:40:55
1106,120.44,15631.4,-2247.29,2026/01/29 19:40:55
1107,120.55,15622.2,-2245.87,2026/01/29 19:40:55
1108,120.66,15611.3,-2243.52,2026/01/29 19:40:55
1109,120.76,15603,-2240.33,2026/01/29 19:40:55
1110,120.87,15618.4,-2247.27,2026/01/29 19:40:55
1111,120.98,15628.4,-2246.9,2026/01/29 19:40:55
1112,121.09,15627.2,-2246.61,2026/01/29 19:40:55
1113,121.2,15629.9,-2247.06,2026/01/29 19:40:55
1114,121.31,15633.1,-2246.98,2026/01/29 19:40:55
1115,121.42,15626.7,-2245.7,2026/01/29 19:40:56
1116,121.53,15621.5,-2244.5,2026/01/29 19:40:56
1117,121.64,15600.7,-2240.21,2026/01/29 19:40:56
1118,121.75,15601,-2240.34,2026/01/29 19:40:56
1119,121.85,15622.4,-2246.42,2026/01/29 19:40:56
1120,121.96,15625.7,-2245.59,2026/01/29 19:40:56
1121,122.07,15626.3,-2245.09,2026/01/29 19:40:56
1122,122.18,15626.8,-2245.8,2026/01/29 19:40:56
1123,122.29,15627.9,-2245.67,2026/01/29 19:40:56
1124,122.4,15628.1,-2245.15,2026/01/29 19:40:57
1125,122.51,15622.7,-2244.01,2026/01/29 19:40:57
1126,122.62,15604.4,-2240.01,2026/01/29 19:40:57
1127,122.72,15602.3,-2240.03,2026/01/29 19:40:57
1128,122.83,15617.5,-2246.11,2026/01/29 19:40:57
1129,122.94,15625.7,-2245.39,2026/01/29 19:40:57
1130,123.05,15625.3,-2244.85,2026/01/29 19:40:57
1131,123.16,15627,-2245.3,2026/01/29 19:40:57
1132,123.27,15629.3,-2245.64,2026/01/29 19:40:57
1133,123.38,15625.2,-2244.25,2026/01/29 19:40:58
1134,123.49,15614.6,-2242.36,2026/01/29 19:40:58
1135,123.6,15602.1,-2239.45,2026/01/29 19:40:58
1136,123.71,15603,-2239.76,2026/01/29 19:40:58
1137,123.81,15620.1,-2244.89,2026/01/29 19:40:58
1138,123.92,15625.5,-2244.26,2026/01/29 19:40:58
1139,124.03,15625.8,-2244.47,2026/01/29 19:40:58
1140,124.14,15627.9,-2244.59,2026/01/29 19:40:58
1141,124.25,15628.5,-2244.62,2026/01/29 19:40:58
1142,124.36,15621.3,-2243.72,2026/01/29 19:40:59
1143,124.47,15604.9,-2240.76,2026/01/29 19:40:59
1144,124.58,15598.1,-2239,2026/01/29 19:40:59
1145,124.69,15617.7,-2245.69,2026/01/29 19:40:59
1146,124.8,15625.1,-2243.93,2026/01/29 19:40:59
1147,124.9,15622.4,-2243.3,2026/01/29 19:40:59
1148,125.01,15625.9,-2243.93,2026/01/29 19:40:59
1149,125.12,15625.5,-2243.3,2026/01/29 19:40:59
1150,125.23,15619.7,-2242.49,2026/01/29 19:40:59
1151,125.34,15599.6,-2239.29,2026/01/29 19:41:00
1152,125.45,15598.8,-2238.35,2026/01/29 19:41:00
1153,125.56,15614.7,-2246.37,2026/01/29 19:41:00
1154,125.67,15620.5,-2243.06,2026/01/29 19:41:00
1155,125.78,15618.9,-2242.75,2026/01/29 19:41:00
1156,125.89,15618.2,-2242.29,2026/01/29 19:41:00
1157,125.99,15621.1,-2243.28,2026/01/29 19:41:00
1158,126.1,15619.4,-2242.46,2026/01/29 19:41:00
1159,126.21,15607,-2240.53,2026/01/29 19:41:00
1160,126.32,15600.3,-2238.28,2026/01/29 19:41:00
1161,126.43,15610.8,-2244.06,2026/01/29 19:41:01
1162,126.54,15624.1,-2243.77,2026/01/29 19:41:01
1163,126.65,15622.1,-2243.07,2026/01/29 19:41:01
1164,126.76,15625,-2243.73,2026/01/29 19:41:01
1165,126.87,15628.3,-2243.38,2026/01/29 19:41:01
1166,126.97,15620.8,-2242.45,2026/01/29 19:41:01
1167,127.08,15600.1,-2238.9,2026/01/29 19:41:01
1168,127.19,15599.1,-2237.92,2026/01/29 19:41:01
1169,127.3,15616.6,-2244.87,2026/01/29 19:41:01
1170,127.41,15624.3,-2242.93,2026/01/29 19:41:02
1171,127.52,15622,-2242.61,2026/01/29 19:41:02
1172,127.63,15624.3,-2243.03,2026/01/29 19:41:02
1173,127.74,15623.4,-2242.18,2026/01/29 19:41:02
1174,127.85,15604.3,-2239.68,2026/01/29 19:41:02
1175,127.95,15596.1,-2237.85,2026/01/29 19:41:02
1176,128.06,15614,-2242.49,2026/01/29 19:41:02
1177,128.17,15623,-2242.77,2026/01/29 19:41:02
1178,128.28,15620.2,-2242.44,2026/01/29 19:41:02
1179,128.39,15621.9,-2242.9,2026/01/29 19:41:03
1180,128.5,15625,-2242.56,2026/01/29 19:41:03
1181,128.61,15626.9,-2243.37,2026/01/29 19:41:03
1182,128.72,15618.8,-2242.24,2026/01/29 19:41:03
1183,128.83,15602,-2239.4,2026/01/29 19:41:03
1184,128.94,15599.4,-2238.51,2026/01/29 19:41:03
1185,129.04,15616,-2243.08,2026/01/29 19:41:03
1186,129.15,15619.7,-2242.22,2026/01/29 19:41:03
1187,129.26,15622.3,-2242.85,2026/01/29 19:41:03
1188,129.37,15623.6,-2242.84,2026/01/29 19:41:04
1189,129.48,15626.1,-2242.9,2026/01/29 19:41:04
1190,129.59,15617.2,-2241.37,2026/01/29 19:41:04
1191,129.7,15597.2,-2238.28,2026/01/29 19:41:04
1192,129.81,15597.8,-2237.3,2026/01/29 19:41:04
1193,129.92,15615.4,-2243.49,2026/01/29 19:41:04
1194,130.03,15622.6,-2242.58,2026/01/29 19:41:04
1195,130.13,15621,-2241.52,2026/01/29 19:41:04
1196,130.24,15622.9,-2242.36,2026/01/29 19:41:04
1197,130.35,15626.1,-2242.35,2026/01/29 19:41:05
1198,130.46,15626,-2242.12,2026/01/29 19:41:05
1199,130.57,15619.4,-2240.58,2026/01/29 19:41:05
1200,130.68,15599.1,-2238.2,2026/01/29 19:41:05
1201,130.79,15603.1,-2239.03,2026/01/29 19:41:05
1202,130.9,15619.4,-2242.51,2026/01/29 19:41:05
1203,131.01,15619.9,-2242.6,2026/01/29 19:41:05
1204,131.11,15624.6,-2242.33,2026/01/29 19:41:05
1205,131.22,15626.3,-2243.01,2026/01/29 19:41:05
1206,131.33,15625.3,-2242.35,2026/01/29 19:41:06
1207,131.44,15617.2,-2240.43,2026/01/29 19:41:06
1208,131.55,15598.8,-2238.1,2026/01/29 19:41:06
1209,131.66,15600.7,-2237.06,2026/01/29 19:41:06
1210,131.77,15615.7,-2243.17,2026/01/29 19:41:06
1211,131.88,15624.4,-2241.91,2026/01/29 19:41:06
1212,131.99,15623.6,-2242.61,2026/01/29 19:41:06
1213,132.1,15627.2,-2242.67,2026/01/29 19:41:06
1214,132.2,15628.3,-2242.27,2026/01/29 19:41:06
1215,132.31,15619.7,-2241.21,2026/01/29 19:41:06
1216,132.42,15607.5,-2239.54,2026/01/29 19:41:07
1217,132.53,15597.8,-2236.84,2026/01/29 19:41:07
1218,132.64,15598.5,-2235.74,2026/01/29 19:41:07
1219,132.75,15611.2,-2245.54,2026/01/29 19:41:07
1220,132.86,15625,-2241.01,2026/01/29 19:41:07
1221,132.97,15620.9,-2240.88,2026/01/29 19:41:07
1222,133.08,15622.4,-2240.42,2026/01/29 19:41:07
1223,133.18,15625.2,-2241.77,2026/01/29 19:41:07
1224,133.29,15622.3,-2239.93,2026/01/29 19:41:07
1225,133.4,15606,-2238.95,2026/01/29 19:41:08
1226,133.51,15596.8,-2236.17,2026/01/29 19:41:08
1227,133.62,15603.9,-2239.69,2026/01/29 19:41:08
1228,133.73,15622.2,-2241.64,2026/01/29 19:41:08
1229,133.84,15621.6,-2240.52,2026/01/29 19:41:08
1230,133.95,15623.9,-2241.05,2026/01/29 19:41:08
1231,134.06,15627.5,-2241.09,2026/01/29 19:41:08
1232,134.17,15624.6,-2240.61,2026/01/29 19:41:08
1233,134.28,15617.2,-2239.42,2026/01/29 19:41:08
1234,134.38,15601.4,-2237.83,2026/01/29 19:41:09
1235,134.49,15599.2,-2235.42,2026/01/29 19:41:09
1236,134.6,15609.2,-2243.76,2026/01/29 19:41:09
1237,134.71,15622.9,-2240.73,2026/01/29 19:41:09
1238,134.82,15621.2,-2240.63,2026/01/29 19:41:09
1239,134.93,15623.3,-2240.68,2026/01/29 19:41:09
1240,135.04,15626.7,-2241.34,2026/01/29 19:41:09
1241,135.15,15623.2,-2240.28,2026/01/29 19:41:09
1242,135.26,15616.1,-2238.23,2026/01/29 19:41:09
1243,135.37,15600.3,-2237.2,2026/01/29 19:41:10
1244,135.47,15601.4,-2236.51,2026/01/29 19:41:10
1245,135.58,15615.4,-2240.97,2026/01/29 19:41:10
1246,135.69,15622.2,-2241.08,2026/01/29 19:41:10
1247,135.8,15624.3,-2241.18,2026/01/29 19:41:10
1248,135.91,15626.8,-2241.2,2026/01/29 19:41:10
1249,136.02,15626.3,-2240.94,2026/01/29 19:41:10
1250,136.13,15617.9,-2239.86,2026/01/29 19:41:10
1251,136.24,15601.4,-2237.12,2026/01/29 19:41:10
1252,136.35,15599.6,-2236.04,2026/01/29 19:41:11
1253,136.45,15615.5,-2240.07,2026/01/29 19:41:11
1254,136.56,15621.1,-2240.9,2026/01/29 19:41:11
1255,136.67,15624.3,-2240.92,2026/01/29 19:41:11
1256,136.78,15627.9,-2240.97,2026/01/29 19:41:11
1257,136.89,15623.6,-2240.39,2026/01/29 19:41:11
1258,137,15618.9,-2238.99,2026/01/29 19:41:11
1259,137.11,15600.7,-2236.8,2026/01/29 19:41:11
1260,137.22,15597.2,-2234.89,2026/01/29 19:41:11
1261,137.33,15611.8,-2242.54,2026/01/29 19:41:12
1262,137.44,15623,-2239.51,2026/01/29 19:41:12
1263,137.54,15620.9,-2239.26,2026/01/29 19:41:12
1264,137.65,15623.1,-2239.35,2026/01/29 19:41:12
1265,137.76,15625.3,-2239.67,2026/01/29 19:41:12
1266,137.87,15618.7,-2238.64,2026/01/29 19:41:12
1267,137.98,15604,-2237.48,2026/01/29 19:41:12
1268,138.09,15600,-2235.3,2026/01/29 19:41:12
1269,138.2,15608.5,-2241,2026/01/29 19:41:12
1270,138.31,15623.7,-2239.84,2026/01/29 19:41:12
1271,138.42,15623.1,-2239.51,2026/01/29 19:41:13
1272,138.53,15624.8,-2239.48,2026/01/29 19:41:13
1273,138.63,15626.8,-2239.23,2026/01/29 19:41:13
1274,138.74,15618.3,-2238.09,2026/01/29 19:41:13
1275,138.85,15602.3,-2236.22,2026/01/29 19:41:13
1276,138.96,15601,-2234.89,2026/01/29 19:41:13
1277,139.07,15608.1,-2239.69,2026/01/29 19:41:13
1278,139.18,15622.6,-2239.43,2026/01/29 19:41:13
1279,139.29,15621.9,-2238.93,2026/01/29 19:41:13
1280,139.4,15624.7,-2239.13,2026/01/29 19:41:14
1281,139.51,15627.4,-2239.49,2026/01/29 19:41:14
1282,139.61,15623.8,-2238.78,2026/01/29 19:41:14
1283,139.72,15610.5,-2237.76,2026/01/29 19:41:14
1284,139.83,15596.7,-2235.23,2026/01/29 19:41:14
1285,139.94,15601.5,-2234.43,2026/01/29 19:41:14
1286,140.05,15618.8,-2239.13,2026/01/29 19:41:14
1287,140.16,15621.9,-2238.63,2026/01/29 19:41:14
1288,140.27,15624.4,-2238.85,2026/01/29 19:41:14
1289,140.38,15626.6,-2238.81,2026/01/29 19:41:15
1290,140.49,15621.4,-2238.33,2026/01/29 19:41:15
1291,140.6,15609.8,-2237.18,2026/01/29 19:41:15
1292,140.71,15600.3,-2235.08,2026/01/29 19:41:15
1293,140.82,15602.4,-2234.88,2026/01/29 19:41:15
1294,140.92,15617.2,-2238.13,2026/01/29 19:41:15
1295,141.03,15622.1,-2238.03,2026/01/29 19:41:15
1296,141.14,15622.7,-2238.53,2026/01/29 19:41:15
1297,141.25,15626.2,-2238.07,2026/01/29 19:41:15
1298,141.36,15617.2,-2237.85,2026/01/29 19:41:16
1299,141.47,15597.7,-2234.84,2026/01/29 19:41:16
1300,141.58,15598.3,-2233.13,2026/01/29 19:41:16
1301,141.69,15612.5,-2238.54,2026/01/29 19:41:16
1302,141.8,15619.8,-2237.63,2026/01/29 19:41:16
1303,141.9,15619.4,-2237.65,2026/01/29 19:41:16
1304,142.01,15619.9,-2238.13,2026/01/29 19:41:16
1305,142.12,15622.8,-2238.44,2026/01/29 19:41:16
1306,142.23,15624.9,-2238.22,2026/01/29 19:41:16
1307,142.34,15617.4,-2238.52,2026/01/29 19:41:17
1308,142.45,15627.3,-2238.68,2026/01/29 19:41:17
1309,142.56,15626.8,-2239.46,2026/01/29 19:41:17
1310,142.67,15628.6,-2238.81,2026/01/29 19:41:17
1311,142.78,15629.3,-2238.39,2026/01/29 19:41:17
1312,142.88,15628.3,-2239.03,2026/01/29 19:41:17
1313,142.99,15555.9,-2233.99,2026/01/29 19:41:17
1314,143.1,15554.1,-2232.54,2026/01/29 19:41:17
1315,143.21,15548.2,-2232.91,2026/01/29 19:41:17
1316,143.32,15551.5,-2233.38,2026/01/29 19:41:17
1317,143.43,15552.6,-2232.72,2026/01/29 19:41:18
1318,143.54,15560.2,-2233.55,2026/01/29 19:41:18
1319,143.65,15575.1,-2233.74,2026/01/29 19:41:18
1320,143.76,15576.2,-2233.67,2026/01/29 19:41:18
1321,143.87,15582.9,-2233.63,2026/01/29 19:41:18
1322,143.97,15591.4,-2234.68,2026/01/29 19:41:18
1323,144.08,15596.4,-2233.38,2026/01/29 19:41:18
1324,144.19,15596.9,-2234.07,2026/01/29 19:41:18
1325,144.3,15593.6,-2233.38,2026/01/29 19:41:18
1326,144.41,15591,-2233.43,2026/01/29 19:41:19
1327,144.52,15588,-2233.54,2026/01/29 19:41:19
1328,144.63,15585.9,-2233.33,2026/01/29 19:41:19
1329,144.74,15611.2,-2235.41,2026/01/29 19:41:19
1330,144.85,15617.5,-2236.56,2026/01/29 19:41:19
1331,144.96,15620.5,-2236.82,2026/01/29 19:41:19
1332,145.06,15623.4,-2237.29,2026/01/29 19:41:19
1333,145.17,15625.2,-2238.09,2026/01/29 19:41:19
1334,145.28,15625,-2237.43,2026/01/29 19:41:19
1335,145.39,15625.2,-2237.92,2026/01/29 19:41:20
1336,145.5,15624.9,-2237.78,2026/01/29 19:41:20
1337,145.61,15626.5,-2237.98,2026/01/29 19:41:20
1338,145.72,15625.6,-2238.06,2026/01/29 19:41:20
1339,145.83,15626.4,-2237.8,2026/01/29 19:41:20
1340,145.94,15624.8,-2238.24,2026/01/29 19:41:20
1341,146.05,15625.9,-2238.01,2026/01/29 19:41:20
1342,146.15,15625.4,-2237.83,2026/01/29 19:41:20
1343,146.26,15628.7,-2238.32,2026/01/29 19:41:20
1344,146.37,15628.3,-2238.22,2026/01/29 19:41:21
1345,146.48,15628.2,-2238.07,2026/01/29 19:41:21
1346,146.59,15628.3,-2238.08,2026/01/29 19:41:21
1347,146.7,15627.4,-2238.45,2026/01/29 19:41:21
1348,146.81,15628.4,-2238.4,2026/01/29 19:41:21
1349,146.92,15627.6,-2238.15,2026/01/29 19:41:21
1350,147.03,15628.2,-2238.1,2026/01/29 19:41:21
1351,147.14,15627.4,-2238.63,2026/01/29 19:41:21
1352,147.25,15628.7,-2237.88,2026/01/29 19:41:21
1353,147.35,15627.3,-2238.64,2026/01/29 19:41:22
1354,147.46,15630.5,-2238.5,2026/01/29 19:41:22
1355,147.57,15629.4,-2238.31,2026/01/29 19:41:22
1356,147.68,15629.7,-2238.6,2026/01/29 19:41:22
1357,147.79,15629.8,-2238.04,2026/01/29 19:41:22
1358,147.9,15629,-2238.54,2026/01/29 19:41:22
1359,148.01,15629.8,-2238.28,2026/01/29 19:41:22
1360,148.12,15629.4,-2238.44,2026/01/29 19:41:22
1361,148.22,15629.5,-2238.22,2026/01/29 19:41:22
1362,148.33,15629.3,-2238.82,2026/01/29 19:41:23
1363,148.44,15629.8,-2237.81,2026/01/29 19:41:23
1364,148.55,15629.2,-2238.71,2026/01/29 19:41:23
1365,148.66,15630,-2238.23,2026/01/29 19:41:23
1366,148.77,15629.6,-2238.36,2026/01/29 19:41:23
1367,148.88,15630.3,-2238.47,2026/01/29 19:41:23
1368,148.99,15632,-2238.44,2026/01/29 19:41:23
1369,149.1,15631.2,-2238.56,2026/01/29 19:41:23
1370,149.2,15632.2,-2238.46,2026/01/29 19:41:23
1371,149.31,15631.4,-2238.33,2026/01/29 19:41:23
1372,149.42,15632,-2238.72,2026/01/29 19:41:24
1373,149.53,15631.4,-2238.41,2026/01/29 19:41:24
1374,149.64,15631.7,-2238.35,2026/01/29 19:41:24
1375,149.75,15631.8,-2238.59,2026/01/29 19:41:24
1376,149.86,15631.3,-2238.5,2026/01/29 19:41:24
1377,149.97,15632,-2238.66,2026/01/29 19:41:24
1378,150.08,15631.3,-2238.44,2026/01/29 19:41:24
1379,150.18,15631.9,-2238.29,2026/01/29 19:41:24
1380,150.29,15630.8,-2238.92,2026/01/29 19:41:24
1381,150.4,15632,-2237.9,2026/01/29 19:41:25
1382,150.51,15631,-2238.53,2026/01/29 19:41:25
1383,150.62,15631.9,-2238.55,2026/01/29 19:41:25
1384,150.73,15631.4,-2238.34,2026/01/29 19:41:25
1385,150.84,15631.5,-2238.56,2026/01/29 19:41:25
1386,150.95,15631.5,-2238.35,2026/01/29 19:41:25
1387,151.06,15630.8,-2238.8,2026/01/29 19:41:25
1388,151.16,15631.5,-2238.7,2026/01/29 19:41:25
1389,151.27,15631,-2238.65,2026/01/29 19:41:25
1390,151.38,15631.6,-2238.38,2026/01/29 19:41:26
1391,151.49,15631.7,-2238.63,2026/01/29 19:41:26
1392,151.6,15631.7,-2237.99,2026/01/29 19:41:26
1393,151.71,15631.2,-2239.01,2026/01/29 19:41:26
1394,151.82,15632,-2237.85,2026/01/29 19:41:26
1395,151.93,15631,-2238.79,2026/01/29 19:41:26
1396,152.04,15631.8,-2238.1,2026/01/29 19:41:26
1397,152.15,15631.3,-2238.61,2026/01/29 19:41:26
1398,152.26,15631.6,-2238.31,2026/01/29 19:41:26
1399,152.37,15631.4,-2238.31,2026/01/29 19:41:27
1400,152.47,15631.4,-2238.44,2026/01/29 19:41:27
1401,152.58,15631.8,-2238.28,2026/01/29 19:41:27
1402,152.69,15631.2,-2238.28,2026/01/29 19:41:27
1403,152.8,15631.7,-2238.41,2026/01/29 19:41:27
1404,152.91,15631.3,-2237.99,2026/01/29 19:41:27
1405,153.02,15631.6,-2238.42,2026/01/29 19:41:27
1406,153.13,15631.4,-2238.4,2026/01/29 19:41:27
1407,153.24,15631.3,-2238.18,2026/01/29 19:41:27
1408,153.35,15631.1,-2238.6,2026/01/29 19:41:28
1409,153.46,15631.3,-2238.21,2026/01/29 19:41:28
1410,153.56,15631.7,-2238.3,2026/01/29 19:41:28
1411,153.67,15631.2,-2238.36,2026/01/29 19:41:28
1412,153.78,15632,-2238.12,2026/01/29 19:41:28
1413,153.89,15631,-2238.62,2026/01/29 19:41:28
1414,154,15632.4,-2237.91,2026/01/29 19:41:28
1415,154.11,15631,-2238.23,2026/01/29 19:41:28
1416,154.22,15632.4,-2238.35,2026/01/29 19:41:28
1417,154.33,15631.5,-2237.97,2026/01/29 19:41:29
1418,154.44,15632.1,-2238.42,2026/01/29 19:41:29
1419,154.54,15632.2,-2238.17,2026/01/29 19:41:29
1420,154.65,15631.7,-2238.19,2026/01/29 19:41:29
1421,154.76,15632.5,-2238.15,2026/01/29 19:41:29
1422,154.87,15632.1,-2238.03,2026/01/29 19:41:29
1423,154.98,15632.2,-2237.97,2026/01/29 19:41:29
1424,155.09,15632.2,-2238.47,2026/01/29 19:41:29
1425,155.2,15632.5,-2237.61,2026/01/29 19:41:29
1426,155.31,15632.2,-2238.43,2026/01/29 19:41:29
1427,155.42,15632.1,-2238.02,2026/01/29 19:41:30
1428,155.52,15632.3,-2238.12,2026/01/29 19:41:30
1429,155.63,15631.8,-2238.19,2026/01/29 19:41:30
1430,155.74,15632.7,-2237.65,2026/01/29 19:41:30
1431,155.85,15631.7,-2238.3,2026/01/29 19:41:30
1432,155.96,15633.2,-2237.92,2026/01/29 19:41:30
1433,156.07,15631.7,-2237.84,2026/01/29 19:41:30
1434,156.18,15633.3,-2238.48,2026/01/29 19:41:30
1435,156.29,15632.5,-2237.69,2026/01/29 19:41:30
1436,156.4,15632.9,-2238.15,2026/01/29 19:41:31
1437,156.51,15633.1,-2238.06,2026/01/29 19:41:31
1438,156.62,15633.1,-2237.99,2026/01/29 19:41:31
1439,156.72,15632.9,-2237.93,2026/01/29 19:41:31
1440,156.83,15632.9,-2238.18,2026/01/29 19:41:31
1441,156.94,15633.3,-2237.63,2026/01/29 19:41:31
1442,157.05,15632.5,-2237.98,2026/01/29 19:41:31
1443,157.16,15633.2,-2237.91,2026/01/29 19:41:31
1444,157.27,15632.6,-2238.15,2026/01/29 19:41:31
1445,157.38,15633.3,-2237.22,2026/01/29 19:41:32
1446,157.49,15632.5,-2238.44,2026/01/29 19:41:32
1447,157.6,15633.5,-2237.74,2026/01/29 19:41:32
1448,157.7,15632.8,-2238.15,2026/01/29 19:41:32
1449,157.81,15633.3,-2237.73,2026/01/29 19:41:32
1450,157.92,15632.9,-2237.67,2026/01/29 19:41:32
1451,158.03,15632.9,-2237.91,2026/01/29 19:41:32
1452,158.14,15633.3,-2237.69,2026/01/29 19:41:32
1453,158.25,15632.7,-2237.96,2026/01/29 19:41:32
1454,158.36,15633.7,-2237.95,2026/01/29 19:41:33
1455,158.47,15632.7,-2237.71,2026/01/29 19:41:33
1456,158.58,15633.3,-2237.97,2026/01/29 19:41:33
1457,158.69,15633,-2237.86,2026/01/29 19:41:33
1458,158.8,15633.4,-2237.84,2026/01/29 19:41:33
1459,158.91,15633.3,-2237.9,2026/01/29 19:41:33
1460,159.01,15633.1,-2237.73,2026/01/29 19:41:33
1461,159.12,15633.3,-2238.23,2026/01/29 19:41:33
1462,159.23,15633.1,-2237.74,2026/01/29 19:41:33
1463,159.34,15633.5,-2237.74,2026/01/29 19:41:34
1464,159.45,15632.8,-2237.71,2026/01/29 19:41:34
1465,159.56,15633.4,-2237.72,2026/01/29 19:41:34
1466,159.67,15632.6,-2238.07,2026/01/29 19:41:34
1467,159.78,15633.7,-2237.23,2026/01/29 19:41:34
1468,159.89,15632.2,-2238.03,2026/01/29 19:41:34
1469,160,15633.6,-2237.64,2026/01/29 19:41:34
1470,160.1,15632.5,-2237.83,2026/01/29 19:41:34
1471,160.21,15633.3,-2237.7,2026/01/29 19:41:34
1472,160.32,15632.8,-2237.57,2026/01/29 19:41:34
1473,160.43,15633,-2237.79,2026/01/29 19:41:35
1474,160.54,15633.1,-2237.3,2026/01/29 19:41:35
1475,160.65,15632.5,-2237.94,2026/01/29 19:41:35
1476,160.76,15633.3,-2237.7,2026/01/29 19:41:35
1477,160.87,15633,-2237.63,2026/01/29 19:41:35
1478,160.98,15633.4,-2237.75,2026/01/29 19:41:35
1479,161.09,15632.7,-2237.7,2026/01/29 19:41:35
1480,161.19,15632.5,-2237.63,2026/01/29 19:41:35
1481,161.3,15632.2,-2237.81,2026/01/29 19:41:35
1482,161.41,15631.7,-2237.6,2026/01/29 19:41:36
1483,161.52,15632.9,-2237.55,2026/01/29 19:41:36
1484,161.63,15632.2,-2238.12,2026/01/29 19:41:36
1485,161.74,15633.4,-2237.32,2026/01/29 19:41:36
1486,161.85,15632.5,-2238.09,2026/01/29 19:41:36
1487,161.96,15634.3,-2236.97,2026/01/29 19:41:36
1488,162.06,15633.3,-2237.89,2026/01/29 19:41:36
1489,162.17,15634.2,-2237.33,2026/01/29 19:41:36
1490,162.28,15633.6,-2237.6,2026/01/29 19:41:36
1491,162.39,15633.7,-2237.56,2026/01/29 19:41:37
1492,162.5,15633.8,-2237.59,2026/01/29 19:41:37
1493,162.61,15634,-2237.52,2026/01/29 19:41:37
1494,162.72,15635.2,-2237.48,2026/01/29 19:41:37
1495,162.83,15634.5,-2237.72,2026/01/29 19:41:37
1496,162.94,15637.3,-2237.76,2026/01/29 19:41:37
1497,163.05,15637.5,-2237.43,2026/01/29 19:41:37
1498,163.15,15638.9,-2238.09,2026/01/29 19:41:37
1499,163.26,15639.1,-2237.61,2026/01/29 19:41:37
1500,163.37,15641.3,-2237.7,2026/01/29 19:41:38
1501,163.48,15643.1,-2237.64,2026/01/29 19:41:38
1502,163.59,15645.9,-2238.23,2026/01/29 19:41:38
1503,163.7,15648.3,-2237.96,2026/01/29 19:41:38
1504,163.81,15650.6,-2238.65,2026/01/29 19:41:38
1505,163.92,15649.8,-2238.06,2026/01/29 19:41:38
1506,164.03,15648.6,-2238.52,2026/01/29 19:41:38
1507,164.14,15648.8,-2237.94,2026/01/29 19:41:38
1508,164.24,15633.4,-2237.34,2026/01/29 19:41:38
1509,164.35,15627.8,-2236.19,2026/01/29 19:41:39
1510,164.46,15613.8,-2236.18,2026/01/29 19:41:39
1511,164.57,15612.5,-2236.06,2026/01/29 19:41:39
1512,164.68,15614.3,-2235.78,2026/01/29 19:41:39
1513,164.79,15615,-2235.93,2026/01/29 19:41:39
1514,164.9,15615.6,-2235.56,2026/01/29 19:41:39
1515,165.01,15616.6,-2236.17,2026/01/29 19:41:39
1516,165.12,15617.3,-2235.6,2026/01/29 19:41:39
1517,165.23,15615.8,-2236.18,2026/01/29 19:41:39
1518,165.34,15630,-2236.63,2026/01/29 19:41:40
1519,165.44,15628.4,-2236.6,2026/01/29 19:41:40
1520,165.55,15629.5,-2236.77,2026/01/29 19:41:40
1521,165.66,15628.8,-2236.54,2026/01/29 19:41:40
1522,165.77,15628.8,-2236.74,2026/01/29 19:41:40
1523,165.88,15627.3,-2237.43,2026/01/29 19:41:40
1524,165.99,15636.3,-2237.96,2026/01/29 19:41:40
1525,166.1,15638.9,-2237.68,2026/01/29 19:41:40
1526,166.21,15637.9,-2237.82,2026/01/29 19:41:40
1527,166.32,15640,-2237.92,2026/01/29 19:41:40
1528,166.42,15639.6,-2237.86,2026/01/29 19:41:41
1529,166.53,15639.7,-2237.95,2026/01/29 19:41:41
1530,166.64,15639.8,-2237.96,2026/01/29 19:41:41
1531,166.75,15639.8,-2237.78,2026/01/29 19:41:41
1532,166.86,15639.8,-2238.03,2026/01/29 19:41:41
1533,166.97,15639.8,-2237.77,2026/01/29 19:41:41
1534,167.08,15640,-2237.87,2026/01/29 19:41:41
1535,167.19,15639.4,-2237.82,2026/01/29 19:41:41
1536,167.3,15640.1,-2237.76,2026/01/29 19:41:41
1537,167.41,15639.4,-2237.76,2026/01/29 19:41:42
1538,167.52,15640.3,-2237.47,2026/01/29 19:41:42
1539,167.63,15639.3,-2238.15,2026/01/29 19:41:42
1540,167.73,15640.8,-2237.4,2026/01/29 19:41:42
1541,167.84,15639.7,-2238.31,2026/01/29 19:41:42
1542,167.95,15641.1,-2237.52,2026/01/29 19:41:42
1543,168.06,15640.2,-2237.92,2026/01/29 19:41:42
1544,168.17,15641,-2237.63,2026/01/29 19:41:42
1545,168.28,15640.6,-2237.83,2026/01/29 19:41:42
1546,168.39,15641,-2237.79,2026/01/29 19:41:43
1547,168.5,15641.3,-2237.59,2026/01/29 19:41:43
1548,168.61,15640.8,-2237.94,2026/01/29 19:41:43
1549,168.72,15641.6,-2237.75,2026/01/29 19:41:43
1550,168.82,15640.4,-2237.77,2026/01/29 19:41:43
1551,168.93,15641.5,-2238.02,2026/01/29 19:41:43
1552,169.04,15640.8,-2237.64,2026/01/29 19:41:43
1553,169.15,15641.5,-2237.99,2026/01/29 19:41:43
1554,169.26,15641.1,-2237.62,2026/01/29 19:41:43
1555,169.37,15641.3,-2237.94,2026/01/29 19:41:44
1556,169.48,15641.1,-2237.59,2026/01/29 19:41:44
1557,169.59,15641.1,-2237.93,2026/01/29 19:41:44
1558,169.7,15641.6,-2237.46,2026/01/29 19:41:44
1559,169.81,15641.1,-2237.72,2026/01/29 19:41:44
1560,169.91,15641.7,-2237.58,2026/01/29 19:41:44
1561,170.02,15641.5,-2237.74,2026/01/29 19:41:44
1562,170.13,15641.6,-2237.52,2026/01/29 19:41:44
1563,170.24,15641.5,-2237.94,2026/01/29 19:41:44
1564,170.35,15641.7,-2237.23,2026/01/29 19:41:45
1565,170.46,15641.7,-2238.12,2026/01/29 19:41:45
1566,170.57,15641.9,-2237.62,2026/01/29 19:41:45
1567,170.68,15641.9,-2237.7,2026/01/29 19:41:45
1568,170.79,15641.8,-2237.6,2026/01/29 19:41:45
1569,170.9,15642.1,-2237.59,2026/01/29 19:41:45
1570,171,15641.6,-2237.91,2026/01/29 19:41:45
1571,171.11,15642.4,-2237.39,2026/01/29 19:41:45
1572,171.22,15641.6,-2238.16,2026/01/29 19:41:45
1573,171.33,15642.4,-2237.14,2026/01/29 19:41:46
1574,171.44,15641.5,-2237.97,2026/01/29 19:41:46
1575,171.55,15642.4,-2237.41,2026/01/29 19:41:46
1576,171.66,15641.9,-2237.61,2026/01/29 19:41:46
1577,171.77,15642.1,-2237.77,2026/01/29 19:41:46
1578,171.88,15642.2,-2237.53,2026/01/29 19:41:46
1579,171.99,15641.8,-2237.68,2026/01/29 19:41:46
1580,172.1,15642.6,-2237.47,2026/01/29 19:41:46
1581,172.2,15641.3,-2237.61,2026/01/29 19:41:46
1582,172.31,15643.1,-2237.61,2026/01/29 19:41:46
1583,172.42,15641.6,-2237.47,2026/01/29 19:41:47
1584,172.53,15642.9,-2237.66,2026/01/29 19:41:47
1585,172.64,15642,-2237.1,2026/01/29 19:41:47
1586,172.75,15642.4,-2237.72,2026/01/29 19:41:47
1587,172.86,15642.2,-2237.23,2026/01/29 19:41:47
1588,172.97,15642.3,-2237.73,2026/01/29 19:41:47
1589,173.08,15642.5,-2237.33,2026/01/29 19:41:47
1590,173.19,15642.2,-2237.67,2026/01/29 19:41:47
1591,173.29,15642.5,-2237.32,2026/01/29 19:41:47
1592,173.4,15642.1,-2237.52,2026/01/29 19:41:48
1593,173.51,15642.3,-2237.41,2026/01/29 19:41:48
1594,173.62,15642.3,-2237.51,2026/01/29 19:41:48
1595,173.73,15642.3,-2237.18,2026/01/29 19:41:48
1596,173.84,15642.3,-2237.67,2026/01/29 19:41:48
1597,173.95,15642.2,-2237.31,2026/01/29 19:41:48
1598,174.06,15642.4,-2237.38,2026/01/29 19:41:48
1599,174.17,15642,-2237.48,2026/01/29 19:41:48
1600,174.28,15642.4,-2237.36,2026/01/29 19:41:48
1601,174.38,15641.9,-2237.62,2026/01/29 19:41:49
1602,174.49,15642.4,-2237.12,2026/01/29 19:41:49
1603,174.61,15641.7,-2237.44,2026/01/29 19:41:49
1604,174.71,15642.6,-2237.16,2026/01/29 19:41:49
1605,174.82,15641.7,-2237.77,2026/01/29 19:41:49
1606,174.93,15642.7,-2237.03,2026/01/29 19:41:49
1607,175.04,15641.6,-2237.86,2026/01/29 19:41:49
1608,175.15,15642.5,-2236.85,2026/01/29 19:41:49
1609,175.26,15641.9,-2237.46,2026/01/29 19:41:49
1610,175.37,15642.2,-2236.87,2026/01/29 19:41:50
1611,175.48,15641.8,-2237.33,2026/01/29 19:41:50
1612,175.59,15642,-2237.26,2026/01/29 19:41:50
1613,175.7,15642.4,-2237.27,2026/01/29 19:41:50
1614,175.8,15641.7,-2237.38,2026/01/29 19:41:50
1615,175.91,15642.7,-2237.01,2026/01/29 19:41:50
1616,176.02,15641,-2237.4,2026/01/29 19:41:50
1617,176.13,15642.2,-2237.31,2026/01/29 19:41:50
1618,176.24,15641.4,-2237.27,2026/01/29 19:41:50
1619,176.35,15641.8,-2237.46,2026/01/29 19:41:51
1620,176.46,15641.4,-2237.25,2026/01/29 19:41:51
1621,176.57,15641.1,-2237.6,2026/01/29 19:41:51
1622,176.68,15641.1,-2236.85,2026/01/29 19:41:51
1623,176.79,15641,-2237.49,2026/01/29 19:41:51
1624,176.89,15641.1,-2237.02,2026/01/29 19:41:51
1625,177,15639.5,-2237.13,2026/01/29 19:41:51
1626,177.11,15640.1,-2237.07,2026/01/29 19:41:51
1627,177.22,15639.8,-2237,2026/01/29 19:41:51
1628,177.33,15640,-2237.14,2026/01/29 19:41:52
1629,177.44,15643.1,-2237.19,2026/01/29 19:41:52
1630,177.55,15642.7,-2237.08,2026/01/29 19:41:52
1631,177.66,15644.6,-2237.18,2026/01/29 19:41:52
1632,177.77,15645.2,-2237.17,2026/01/29 19:41:52
1633,177.88,15647.6,-2237.19,2026/01/29 19:41:52
1634,177.98,15647.6,-2237.38,2026/01/29 19:41:52
1635,178.09,15648.2,-2237.43,2026/01/29 19:41:52
1636,178.2,15647.6,-2237.44,2026/01/29 19:41:52
1637,178.31,15648.5,-2237.13,2026/01/29 19:41:52
1638,178.42,15650.5,-2237.77,2026/01/29 19:41:53
1639,178.53,15658.2,-2237.6,2026/01/29 19:41:53
1640,178.64,15665.1,-2238.19,2026/01/29 19:41:53
1641,178.75,15660.7,-2236.71,2026/01/29 19:41:53
1642,178.86,15653.4,-2234,2026/01/29 19:41:53
1643,178.97,15654.9,-2237.71,2026/01/29 19:41:53
1644,179.07,15610.5,-2231.52,2026/01/29 19:41:53
1645,179.18,15618.8,-2236.08,2026/01/29 19:41:53
1646,179.29,15654.3,-2239.51,2026/01/29 19:41:53
1647,179.4,15639.7,-2237.89,2026/01/29 19:41:54
1648,179.51,15652.5,-2236.92,2026/01/29 19:41:54
1649,179.62,15654,-2237.24,2026/01/29 19:41:54
1650,179.73,15666,-2236.81,2026/01/29 19:41:54
1651,179.84,15657.3,-2234.94,2026/01/29 19:41:54
1652,179.95,15658.1,-2234.45,2026/01/29 19:41:54
1653,180.06,15647.6,-2234.96,2026/01/29 19:41:54
1654,180.16,15651.4,-2235.48,2026/01/29 19:41:54
1655,180.27,15651.5,-2235.4,2026/01/29 19:41:54
1656,180.38,15630.3,-2237.51,2026/01/29 19:41:55
1657,180.49,15645.4,-2235.3,2026/01/29 19:41:55
1658,180.6,15645.3,-2235.06,2026/01/29 19:41:55
1659,180.71,15657.9,-2236.11,2026/01/29 19:41:55
1660,180.82,15649.5,-2234.55,2026/01/29 19:41:55
1661,180.93,15653.3,-2229.43,2026/01/29 19:41:55
1662,181.04,15652.2,-2234.23,2026/01/29 19:41:55
1663,181.15,15626.1,-2227.51,2026/01/29 19:41:55
1664,181.26,15613.4,-2229.97,2026/01/29 19:41:55
1665,181.37,15620.3,-2233.2,2026/01/29 19:41:56
1666,181.47,15636.5,-2234.69,2026/01/29 19:41:56
1667,181.58,15645.9,-2236.14,2026/01/29 19:41:56
1668,181.69,15647.2,-2235.29,2026/01/29 19:41:56
1669,181.8,15646,-2234.88,2026/01/29 19:41:56
1670,181.91,15643.2,-2234.48,2026/01/29 19:41:56
1671,182.02,15635.2,-2230.59,2026/01/29 19:41:56
1672,182.13,15626.8,-2229.86,2026/01/29 19:41:56
1673,182.24,15637.2,-2226.11,2026/01/29 19:41:56
1674,182.35,15627.7,-2233.82,2026/01/29 19:41:57
1675,182.46,15638.7,-2235.16,2026/01/29 19:41:57
1676,182.57,15644.2,-2235.63,2026/01/29 19:41:57
1677,182.68,15648.4,-2235.53,2026/01/29 19:41:57
1678,182.78,15647.9,-2234.99,2026/01/29 19:41:57
1679,182.89,15642.9,-2231.35,2026/01/29 19:41:57
1680,183,15628.3,-2230.37,2026/01/29 19:41:57
1681,183.11,15622.9,-2231.5,2026/01/29 19:41:57
1682,183.22,15635.8,-2234.99,2026/01/29 19:41:57
1683,183.33,15644.9,-2235.94,2026/01/29 19:41:58
1684,183.44,15645.9,-2236.08,2026/01/29 19:41:58
1685,183.55,15648.5,-2235.89,2026/01/29 19:41:58
1686,183.66,15656.4,-2236.15,2026/01/29 19:41:58
1687,183.77,15648.5,-2234.14,2026/01/29 19:41:58
1688,183.87,15643.2,-2228.41,2026/01/29 19:41:58
1689,183.98,15625.1,-2232.23,2026/01/29 19:41:58
1690,184.09,15635,-2234.62,2026/01/29 19:41:58
1691,184.2,15643.2,-2236.24,2026/01/29 19:41:58
1692,184.31,15645.1,-2235.42,2026/01/29 19:41:58
1693,184.42,15645.3,-2236,2026/01/29 19:41:59
1694,184.53,15651.7,-2236.52,2026/01/29 19:41:59
1695,184.63,15651.7,-2234.48,2026/01/29 19:41:59
1696,184.74,15640.5,-2231.35,2026/01/29 19:41:59
1697,184.85,15650.5,-2224.45,2026/01/29 19:41:59
1698,184.96,15619.3,-2232.3,2026/01/29 19:41:59
1699,185.07,15630,-2237.82,2026/01/29 19:41:59
1700,185.18,15644.9,-2235.97,2026/01/29 19:41:59
1701,185.29,15645.6,-2234.87,2026/01/29 19:41:59
1702,185.4,15648.5,-2236.19,2026/01/29 19:42:00
1703,185.51,15656,-2235.56,2026/01/29 19:42:00
1704,185.62,15653.6,-2233.93,2026/01/29 19:42:00
1705,185.73,15643.4,-2234.4,2026/01/29 19:42:00
1706,185.83,15619,-2231.18,2026/01/29 19:42:00
1707,185.94,15631.3,-2238,2026/01/29 19:42:00
1708,186.05,15645.6,-2235.16,2026/01/29 19:42:00
1709,186.16,15646.6,-2235.89,2026/01/29 19:42:00
1710,186.27,15649.3,-2234.83,2026/01/29 19:42:00
1711,186.38,15655.1,-2236.29,2026/01/29 19:42:01
1712,186.49,15650.3,-2233.57,2026/01/29 19:42:01
1713,186.6,15642.2,-2229.49,2026/01/29 19:42:01
1714,186.7,15621.9,-2231.03,2026/01/29 19:42:01
1715,186.81,15621.4,-2232.59,2026/01/29 19:42:01
1716,186.92,15640,-2235.57,2026/01/29 19:42:01
1717,187.03,15656,-2236.63,2026/01/29 19:42:01
1718,187.14,15655,-2236.6,2026/01/29 19:42:01
1719,187.25,15658.5,-2235.74,2026/01/29 19:42:01
1720,187.36,15658.9,-2236.43,2026/01/29 19:42:02
1721,187.47,15649.9,-2233.78,2026/01/29 19:42:02
1722,187.58,15619.7,-2232.77,2026/01/29 19:42:02
1723,187.69,15617.4,-2230.37,2026/01/29 19:42:02
1724,187.8,15617.8,-2235.89,2026/01/29 19:42:02
1725,187.9,15642.1,-2234.93,2026/01/29 19:42:02
1726,188.01,15649.7,-2234.64,2026/01/29 19:42:02
1727,188.12,15650,-2235.1,2026/01/29 19:42:02
1728,188.23,15656.7,-2235.14,2026/01/29 19:42:02
1729,188.34,15654.6,-2234.94,2026/01/29 19:42:03
1730,188.45,15643.8,-2231.24,2026/01/29 19:42:03
1731,188.56,15616.9,-2231.73,2026/01/29 19:42:03
1732,188.67,15619.9,-2230.64,2026/01/29 19:42:03
1733,188.78,15633.4,-2236.39,2026/01/29 19:42:03
1734,188.89,15647.9,-2235,2026/01/29 19:42:03
1735,188.99,15648.2,-2234.6,2026/01/29 19:42:03
1736,189.1,15649.5,-2235.09,2026/01/29 19:42:03
1737,189.21,15657.8,-2235.02,2026/01/29 19:42:03
1738,189.32,15650.2,-2234.87,2026/01/29 19:42:03
1739,189.43,15647.4,-2228.84,2026/01/29 19:42:04
1740,189.54,15615.3,-2231.38,2026/01/29 19:42:04
1741,189.65,15623.4,-2230.04,2026/01/29 19:42:04
1742,189.76,15624.6,-2237.1,2026/01/29 19:42:04
1743,189.87,15646.6,-2234.35,2026/01/29 19:42:04
1744,189.98,15647.1,-2234.35,2026/01/29 19:42:04
1745,190.08,15647.4,-2234.06,2026/01/29 19:42:04
1746,190.19,15652.4,-2234.91,2026/01/29 19:42:04
1747,190.3,15652.8,-2236.16,2026/01/29 19:42:04
1748,190.41,15650.9,-2235.68,2026/01/29 19:42:05
1749,190.52,15652.8,-2222.54,2026/01/29 19:42:05
1750,190.63,15628.6,-2227.24,2026/01/29 19:42:05
1751,190.74,15624.1,-2235.25,2026/01/29 19:42:05
1752,190.85,15649,-2235.66,2026/01/29 19:42:05
1753,190.96,15651.4,-2235.47,2026/01/29 19:42:05
1754,191.07,15651.7,-2234.68,2026/01/29 19:42:05
1755,191.17,15653.3,-2234.94,2026/01/29 19:42:05
1756,191.28,15653.3,-2234.91,2026/01/29 19:42:05
1757,191.39,15643.4,-2231.98,2026/01/29 19:42:06
1758,191.5,15635.4,-2225.02,2026/01/29 19:42:06
1759,191.61,15621.1,-2230.16,2026/01/29 19:42:06
1760,191.72,15620.9,-2236.82,2026/01/29 19:42:06
1761,191.83,15645.6,-2234.51,2026/01/29 19:42:06
1762,191.94,15645.9,-2234.2,2026/01/29 19:42:06
1763,192.05,15648.8,-2234.31,2026/01/29 19:42:06
1764,192.15,15655.2,-2234.47,2026/01/29 19:42:06
1765,192.26,15647,-2233.03,2026/01/29 19:42:06
1766,192.37,15617.4,-2231.52,2026/01/29 19:42:07
1767,192.48,15617.7,-2230.04,2026/01/29 19:42:07
1768,192.59,15622.7,-2230.1,2026/01/29 19:42:07
1769,192.7,15620.8,-2238.06,2026/01/29 19:42:07
1770,192.81,15640.9,-2232.87,2026/01/29 19:42:07
1771,192.92,15642.2,-2232.98,2026/01/29 19:42:07
1772,193.03,15646,-2233.33,2026/01/29 19:42:07
1773,193.14,15652.5,-2233.36,2026/01/29 19:42:07
1774,193.24,15647,-2231.4,2026/01/29 19:42:07
1775,193.35,15621.2,-2230.43,2026/01/29 19:42:08
1776,193.46,15619.7,-2229.96,2026/01/29 19:42:08
1777,193.57,15623.1,-2229.77,2026/01/29 19:42:08
1778,193.68,15618.1,-2237.18,2026/01/29 19:42:08
1779,193.79,15640,-2233.17,2026/01/29 19:42:08
1780,193.9,15641,-2232.95,2026/01/29 19:42:08
1781,194.01,15646.3,-2233.54,2026/01/29 19:42:08
1782,194.12,15649.5,-2233.01,2026/01/29 19:42:08
1783,194.23,15646.8,-2232.73,2026/01/29 19:42:08
1784,194.34,15619.7,-2231,2026/01/29 19:42:09
1785,194.44,15617.6,-2229.32,2026/01/29 19:42:09
1786,194.55,15618.7,-2234.99,2026/01/29 19:42:09
1787,194.66,15635.6,-2232.71,2026/01/29 19:42:09
1788,194.77,15636.2,-2231.65,2026/01/29 19:42:09
1789,194.88,15637.3,-2232.63,2026/01/29 19:42:09
1790,194.99,15640.9,-2232.97,2026/01/29 19:42:09
1791,195.1,15645.5,-2231.84,2026/01/29 19:42:09
1792,195.21,15634.4,-2230.51,2026/01/29 19:42:09
1793,195.32,15618.3,-2229.75,2026/01/29 19:42:09
1794,195.43,15618.8,-2229.47,2026/01/29 19:42:10
1795,195.54,15616.9,-2232.07,2026/01/29 19:42:10
1796,195.65,15634.4,-2233.02,2026/01/29 19:42:10
1797,195.75,15639.3,-2232.94,2026/01/29 19:42:10
1798,195.86,15641.5,-2233.25,2026/01/29 19:42:10
1799,195.97,15648.6,-2233.26,2026/01/29 19:42:10
1800,196.08,15643.6,-2233.16,2026/01/29 19:42:10
1801,196.19,15623.8,-2230.6,2026/01/29 19:42:10
1802,196.3,15618.7,-2229.27,2026/01/29 19:42:10
1803,196.41,15617.1,-2233.11,2026/01/29 19:42:11
1804,196.52,15636,-2233.08,2026/01/29 19:42:11
1805,196.63,15640,-2232.77,2026/01/29 19:42:11
1806,196.74,15639.8,-2232.82,2026/01/29 19:42:11
1807,196.85,15647.1,-2233.34,2026/01/29 19:42:11
1808,196.95,15644.5,-2232.31,2026/01/29 19:42:11
1809,197.06,15627.6,-2230.9,2026/01/29 19:42:11
1810,197.17,15619.9,-2229.69,2026/01/29 19:42:11
1811,197.28,15617.5,-2231.69,2026/01/29 19:42:11
1812,197.39,15637.1,-2233.48,2026/01/29 19:42:12
1813,197.5,15641.7,-2233.71,2026/01/29 19:42:12
1814,197.61,15642.7,-2233.12,2026/01/29 19:42:12
1815,197.72,15646.4,-2234.13,2026/01/29 19:42:12
1816,197.83,15648.5,-2233.09,2026/01/29 19:42:12
1817,197.93,15643.2,-2232.11,2026/01/29 19:42:12
1818,198.04,15620.9,-2230.69,2026/01/29 19:42:12
1819,198.15,15622.6,-2229.19,2026/01/29 19:42:12
1820,198.26,15615.9,-2231.37,2026/01/29 19:42:12
1821,198.37,15635,-2232.9,2026/01/29 19:42:13
1822,198.48,15638.8,-2233.45,2026/01/29 19:42:13
1823,198.59,15639.7,-2232.54,2026/01/29 19:42:13
1824,198.7,15644.6,-2233.96,2026/01/29 19:42:13
1825,198.81,15647.5,-2232.32,2026/01/29 19:42:13
1826,198.92,15640.8,-2230.6,2026/01/29 19:42:13
1827,199.03,15619.5,-2230.02,2026/01/29 19:42:13
1828,199.13,15620.2,-2230.62,2026/01/29 19:42:13
1829,199.24,15630.4,-2233.08,2026/01/29 19:42:13
1830,199.35,15640.2,-2233.58,2026/01/29 19:42:14
1831,199.46,15642.5,-2233.95,2026/01/29 19:42:14
1832,199.57,15644.7,-2233.4,2026/01/29 19:42:14
1833,199.68,15650.8,-2235.08,2026/01/29 19:42:14
1834,199.79,15651.2,-2233.03,2026/01/29 19:42:14
1835,199.9,15645.6,-2233.53,2026/01/29 19:42:14
1836,200.01,15637.7,-2230.69,2026/01/29 19:42:14
1837,200.11,15620.3,-2230.44,2026/01/29 19:42:14
1838,200.22,15618.6,-2229.82,2026/01/29 19:42:14
1839,200.33,15636.6,-2233.58,2026/01/29 19:42:15
1840,200.44,15647.9,-2234.46,2026/01/29 19:42:15
1841,200.55,15649.4,-2234.08,2026/01/29 19:42:15
1842,200.66,15650.5,-2235.02,2026/01/29 19:42:15
1843,200.77,15662.4,-2232.51,2026/01/29 19:42:15
1844,200.88,15644.8,-2233.36,2026/01/29 19:42:15
1845,200.99,15623.7,-2230.74,2026/01/29 19:42:15
1846,201.1,15618.3,-2229.64,2026/01/29 19:42:15
1847,201.2,15622.6,-2229.83,2026/01/29 19:42:15
1848,201.31,15624.1,-2236.3,2026/01/29 19:42:15
1849,201.42,15638,-2233.07,2026/01/29 19:42:16
1850,201.53,15640.1,-2232.32,2026/01/29 19:42:16
1851,201.64,15641.9,-2233.18,2026/01/29 19:42:16
1852,201.75,15651.2,-2232.76,2026/01/29 19:42:16
1853,201.86,15643.1,-2229.46,2026/01/29 19:42:16
1854,201.97,15618.2,-2229.97,2026/01/29 19:42:16
1855,202.08,15621.8,-2228.7,2026/01/29 19:42:16
1856,202.18,15619.6,-2233.24,2026/01/29 19:42:16
1857,202.29,15633.4,-2233,2026/01/29 19:42:16
1858,202.4,15636.9,-2232.27,2026/01/29 19:42:17
1859,202.51,15640.1,-2232.51,2026/01/29 19:42:17
1860,202.62,15646.8,-2232.99,2026/01/29 19:42:17
1861,202.73,15647.7,-2231.6,2026/01/29 19:42:17
1862,202.84,15618.5,-2229.92,2026/01/29 19:42:17
1863,202.95,15622.9,-2229.08,2026/01/29 19:42:17
1864,203.06,15621.4,-2234.92,2026/01/29 19:42:17
1865,203.16,15642.6,-2233.76,2026/01/29 19:42:17
1866,203.27,15643.6,-2232.73,2026/01/29 19:42:17
1867,203.38,15647.4,-2233.55,2026/01/29 19:42:18
1868,203.49,15655.1,-2232.99,2026/01/29 19:42:18
1869,203.6,15646.3,-2231.22,2026/01/29 19:42:18
1870,203.71,15617.8,-2230.08,2026/01/29 19:42:18
1871,203.82,15622.7,-2229.34,2026/01/29 19:42:18
1872,203.93,15620.8,-2232.1,2026/01/29 19:42:18
1873,204.04,15637.6,-2232.81,2026/01/29 19:42:18
1874,204.15,15643.1,-2232.91,2026/01/29 19:42:18
1875,204.26,15645.2,-2233.13,2026/01/29 19:42:18
1876,204.36,15650.7,-2233.39,2026/01/29 19:42:19
1877,204.47,15645.4,-2232.64,2026/01/29 19:42:19
1878,204.58,15629.1,-2230.21,2026/01/29 19:42:19
1879,204.69,15613.1,-2228.72,2026/01/29 19:42:19
1880,204.8,15617.8,-2230.12,2026/01/29 19:42:19
1881,204.91,15629.7,-2231.83,2026/01/29 19:42:19
1882,205.02,15634.7,-2232.71,2026/01/29 19:42:19
1883,205.13,15643.8,-2232.98,2026/01/29 19:42:19
1884,205.23,15646.6,-2233.17,2026/01/29 19:42:19
1885,205.34,15646.7,-2233.1,2026/01/29 19:42:20
1886,205.45,15643.5,-2233.9,2026/01/29 19:42:20
1887,205.56,15633.6,-2231.04,2026/01/29 19:42:20
1888,205.67,15623.7,-2229.24,2026/01/29 19:42:20
1889,205.78,15620.5,-2229.9,2026/01/29 19:42:20
1890,205.89,15634.9,-2233.04,2026/01/29 19:42:20
1891,206,15650.9,-2234.24,2026/01/29 19:42:20
1892,206.11,15648.7,-2233.46,2026/01/29 19:42:20
1893,206.22,15650.6,-2234,2026/01/29 19:42:20
1894,206.33,15649.6,-2233.12,2026/01/29 19:42:21
1895,206.43,15643.3,-2232.73,2026/01/29 19:42:21
1896,206.54,15630.8,-2225.94,2026/01/29 19:42:21
1897,206.65,15622.4,-2229.05,2026/01/29 19:42:21
1898,206.76,15624.3,-2230.07,2026/01/29 19:42:21
1899,206.87,15637,-2233.68,2026/01/29 19:42:21
1900,206.98,15655.2,-2234.99,2026/01/29 19:42:21
1901,207.09,15650.8,-2233.27,2026/01/29 19:42:21
1902,207.2,15651.7,-2233.36,2026/01/29 19:42:21
1903,207.31,15645.7,-2232.83,2026/01/29 19:42:21
1904,207.42,15623.6,-2231.32,2026/01/29 19:42:22
1905,207.53,15622.9,-2228.31,2026/01/29 19:42:22
1906,207.64,15619.1,-2233.3,2026/01/29 19:42:22
1907,207.74,15643.1,-2232.47,2026/01/29 19:42:22
1908,207.85,15650.2,-2233.2,2026/01/29 19:42:22
1909,207.96,15653.6,-2233.14,2026/01/29 19:42:22
1910,208.07,15656,-2233.46,2026/01/29 19:42:22
1911,208.18,15648.5,-2233.54,2026/01/29 19:42:22
1912,208.29,15624.9,-2230.33,2026/01/29 19:42:22
1913,208.4,15620.3,-2228.96,2026/01/29 19:42:23
1914,208.51,15618.7,-2231.55,2026/01/29 19:42:23
1915,208.62,15637.7,-2232.78,2026/01/29 19:42:23
1916,208.73,15647.7,-2232.89,2026/01/29 19:42:23
1917,208.83,15651.6,-2233.37,2026/01/29 19:42:23
1918,208.94,15655.5,-2233.44,2026/01/29 19:42:23
1919,209.05,15647.5,-2233.18,2026/01/29 19:42:23
1920,209.16,15626.2,-2230.43,2026/01/29 19:42:23
1921,209.27,15618.9,-2228.3,2026/01/29 19:42:23
1922,209.38,15619,-2229.32,2026/01/29 19:42:24
1923,209.49,15636.4,-2232.1,2026/01/29 19:42:24
1924,209.6,15646.1,-2233.5,2026/01/29 19:42:24
1925,209.7,15648.5,-2232.96,2026/01/29 19:42:24
1926,209.81,15651,-2233.08,2026/01/29 19:42:24
1927,209.92,15644.2,-2232.94,2026/01/29 19:42:24
1928,210.03,15631.9,-2227.76,2026/01/29 19:42:24
1929,210.14,15622.2,-2228.43,2026/01/29 19:42:24
1930,210.25,15619.1,-2229.92,2026/01/29 19:42:24
1931,210.36,15635.4,-2232.26,2026/01/29 19:42:25
1932,210.47,15641.5,-2232.28,2026/01/29 19:42:25
1933,210.58,15644.5,-2232.46,2026/01/29 19:42:25
1934,210.69,15647,-2232.56,2026/01/29 19:42:25
1935,210.79,15651.6,-2232.72,2026/01/29 19:42:25
1936,210.9,15646.3,-2232.29,2026/01/29 19:42:25
1937,211.01,15638.9,-2230.2,2026/01/29 19:42:25
1938,211.12,15621.3,-2228.98,2026/01/29 19:42:25
1939,211.23,15622.9,-2228.28,2026/01/29 19:42:25
1940,211.34,15632.5,-2232.94,2026/01/29 19:42:26
1941,211.45,15646.8,-2233.62,2026/01/29 19:42:26
1942,211.56,15650.9,-2233.54,2026/01/29 19:42:26
1943,211.67,15652,-2233.31,2026/01/29 19:42:26
1944,211.78,15652.7,-2232.46,2026/01/29 19:42:26
1945,211.88,15645.6,-2232.21,2026/01/29 19:42:26
1946,211.99,15623.3,-2228.76,2026/01/29 19:42:26
1947,212.1,15624.4,-2227.87,2026/01/29 19:42:26
1948,212.21,15615.1,-2229.45,2026/01/29 19:42:26
1949,212.32,15630.6,-2231.38,2026/01/29 19:42:26
1950,212.43,15639.8,-2232.43,2026/01/29 19:42:27
1951,212.54,15644.4,-2232.49,2026/01/29 19:42:27
1952,212.65,15645.6,-2231.93,2026/01/29 19:42:27
1953,212.76,15642.5,-2232.75,2026/01/29 19:42:27
1954,212.87,15637.2,-2231.04,2026/01/29 19:42:27
1955,212.97,15640.5,-2228.46,2026/01/29 19:42:27
1956,213.08,15625.7,-2227.19,2026/01/29 19:42:27
1957,213.19,15631.1,-2231.7,2026/01/29 19:42:27
1958,213.3,15641.4,-2232.66,2026/01/29 19:42:27
1959,213.41,15645.7,-2232.48,2026/01/29 19:42:28
1960,213.52,15646.4,-2233.02,2026/01/29 19:42:28
1961,213.63,15644,-2232.14,2026/01/29 19:42:28
1962,213.74,15639.7,-2233.08,2026/01/29 19:42:28
1963,213.85,15644.3,-2226.89,2026/01/29 19:42:28
1964,213.96,15626.6,-2228.5,2026/01/29 19:42:28
1965,214.06,15628.8,-2232.99,2026/01/29 19:42:28
1966,214.17,15646.1,-2233.07,2026/01/29 19:42:28
1967,214.28,15649,-2233.61,2026/01/29 19:42:28
1968,214.39,15650.6,-2233.05,2026/01/29 19:42:29
1969,214.5,15649.6,-2232.73,2026/01/29 19:42:29
1970,214.61,15644.7,-2232.81,2026/01/29 19:42:29
1971,214.72,15637.1,-2229.15,2026/01/29 19:42:29
1972,214.83,15625.1,-2228.51,2026/01/29 19:42:29
1973,214.94,15627.7,-2228.42,2026/01/29 19:42:29
1974,215.05,15637.4,-2232.14,2026/01/29 19:42:29
1975,215.16,15649.1,-2233.18,2026/01/29 19:42:29
1976,215.26,15652.7,-2233.48,2026/01/29 19:42:29
1977,215.37,15654.6,-2233.18,2026/01/29 19:42:30
1978,215.48,15652.7,-2232.79,2026/01/29 19:42:30
1979,215.59,15650.3,-2232.89,2026/01/29 19:42:30
1980,215.7,15644.4,-2232.03,2026/01/29 19:42:30
1981,215.81,15627.1,-2229.43,2026/01/29 19:42:30
1982,215.92,15626.1,-2228.01,2026/01/29 19:42:30
1983,216.03,15617.2,-2234.45,2026/01/29 19:42:30
1984,216.13,15643.5,-2232.52,2026/01/29 19:42:30
1985,216.24,15649.4,-2232.56,2026/01/29 19:42:30
1986,216.35,15653,-2232.43,2026/01/29 19:42:31
1987,216.46,15655.8,-2233.13,2026/01/29 19:42:31
1988,216.57,15649.5,-2232.36,2026/01/29 19:42:31
1989,216.68,15629.9,-2230.44,2026/01/29 19:42:31
1990,216.79,15622.9,-2227.74,2026/01/29 19:42:31
1991,216.9,15629.3,-2227.05,2026/01/29 19:42:31
1992,217.01,15615.7,-2232.62,2026/01/29 19:42:31
1993,217.12,15641.3,-2232.49,2026/01/29 19:42:31
1994,217.22,15648.9,-2232.36,2026/01/29 19:42:31
1995,217.33,15648.1,-2231.82,2026/01/29 19:42:32
1996,217.44,15649.1,-2232.52,2026/01/29 19:42:32
1997,217.55,15645.3,-2232.27,2026/01/29 19:42:32
1998,217.66,15632.6,-2230.14,2026/01/29 19:42:32
1999,217.77,15627.5,-2227.7,2026/01/29 19:42:32
2000,217.88,15629.6,-2228.45,2026/01/29 19:42:32
2001,217.99,15635.1,-2232.49,2026/01/29 19:42:32
2002,218.1,15645.8,-2232.87,2026/01/29 19:42:32
2003,218.21,15649.3,-2232.64,2026/01/29 19:42:32
2004,218.32,15653.8,-2232.65,2026/01/29 19:42:32
2005,218.43,15650,-2232.43,2026/01/29 19:42:33
2006,218.53,15646.3,-2229.72,2026/01/29 19:42:33
2007,218.64,15626.6,-2228.12,2026/01/29 19:42:33
2008,218.75,15629.1,-2227.74,2026/01/29 19:42:33
2009,218.86,15626.4,-2233.29,2026/01/29 19:42:33
2010,218.97,15647.4,-2233.17,2026/01/29 19:42:33
2011,219.08,15648.4,-2232.44,2026/01/29 19:42:33
2012,219.19,15651.4,-2232.7,2026/01/29 19:42:33
2013,219.3,15652.5,-2232.71,2026/01/29 19:42:33
2014,219.41,15654.7,-2231.9,2026/01/29 19:42:34
2015,219.51,15637.4,-2229.41,2026/01/29 19:42:34
2016,219.62,15622.3,-2227.92,2026/01/29 19:42:34
2017,219.73,15632.1,-2226.86,2026/01/29 19:42:34
2018,219.84,15612.8,-2229.67,2026/01/29 19:42:34
2019,219.95,15637.7,-2231.42,2026/01/29 19:42:34
2020,220.06,15646.7,-2233.14,2026/01/29 19:42:34
2021,220.17,15648.4,-2232.18,2026/01/29 19:42:34
2022,220.28,15648.3,-2231.8,2026/01/29 19:42:34
2023,220.39,15646.6,-2231.97,2026/01/29 19:42:35
2024,220.5,15628.5,-2229.55,2026/01/29 19:42:35
2025,220.6,15630.4,-2226.82,2026/01/29 19:42:35
2026,220.71,15623.4,-2228.19,2026/01/29 19:42:35
2027,220.82,15636,-2232,2026/01/29 19:42:35
2028,220.93,15648.2,-2232.62,2026/01/29 19:42:35
2029,221.04,15650,-2233,2026/01/29 19:42:35
2030,221.15,15650.4,-2231.91,2026/01/29 19:42:35
2031,221.26,15647.1,-2232.6,2026/01/29 19:42:35
2032,221.37,15640,-2227.9,2026/01/29 19:42:36
2033,221.48,15629.7,-2227.39,2026/01/29 19:42:36
2034,221.59,15623.1,-2228.2,2026/01/29 19:42:36
2035,221.69,15635.7,-2231.65,2026/01/29 19:42:36
2036,221.8,15646.6,-2232.91,2026/01/29 19:42:36
2037,221.91,15650.5,-2233.2,2026/01/29 19:42:36
2038,222.02,15651.1,-2232.47,2026/01/29 19:42:36
2039,222.13,15653.5,-2232.67,2026/01/29 19:42:36
2040,222.24,15648.9,-2231.86,2026/01/29 19:42:36
2041,222.35,15632.3,-2229.49,2026/01/29 19:42:37
2042,222.46,15631.7,-2227.25,2026/01/29 19:42:37
2043,222.57,15634.5,-2227.11,2026/01/29 19:42:37
2044,222.67,15623,-2231.44,2026/01/29 19:42:37
2045,222.78,15649.4,-2233.56,2026/01/29 19:42:37
2046,222.89,15656.1,-2232.32,2026/01/29 19:42:37
2047,223,15654.4,-2233,2026/01/29 19:42:37
2048,223.11,15656.3,-2232.65,2026/01/29 19:42:37
2049,223.22,15651.1,-2231.73,2026/01/29 19:42:37
2050,223.33,15628.3,-2229.97,2026/01/29 19:42:38
2051,223.44,15632.3,-2226.3,2026/01/29 19:42:38
2052,223.55,15616.7,-2229.24,2026/01/29 19:42:38
2053,223.66,15637.8,-2232.32,2026/01/29 19:42:38
2054,223.76,15649.9,-2232.21,2026/01/29 19:42:38
2055,223.87,15652.4,-2232.84,2026/01/29 19:42:38
2056,223.98,15650.2,-2231.99,2026/01/29 19:42:38
2057,224.09,15646,-2232.9,2026/01/29 19:42:38
2058,224.2,15645.8,-2232.95,2026/01/29 19:42:38
2059,224.31,15637.1,-2227.9,2026/01/29 19:42:38
2060,224.42,15632.1,-2226.52,2026/01/29 19:42:39
2061,224.53,15622.3,-2228.12,2026/01/29 19:42:39
2062,224.64,15641.9,-2232.42,2026/01/29 19:42:39
2063,224.74,15657.6,-2233.65,2026/01/29 19:42:39
2064,224.85,15655.6,-2233.01,2026/01/29 19:42:39
2065,224.96,15652.7,-2231.97,2026/01/29 19:42:39
2066,225.07,15655.8,-2231.6,2026/01/29 19:42:39
2067,225.18,15649.7,-2231.26,2026/01/29 19:42:39
2068,225.29,15628.9,-2228.94,2026/01/29 19:42:39
2069,225.4,15634.6,-2226.65,2026/01/29 19:42:40
2070,225.51,15623.9,-2231.56,2026/01/29 19:42:40
2071,225.62,15649.5,-2232.3,2026/01/29 19:42:40
2072,225.73,15653,-2233.17,2026/01/29 19:42:40
2073,225.83,15656.2,-2232.14,2026/01/29 19:42:40
2074,225.94,15658.4,-2232.23,2026/01/29 19:42:40
2075,226.05,15650.5,-2230.02,2026/01/29 19:42:40
2076,226.16,15635.2,-2229.02,2026/01/29 19:42:40
2077,226.27,15638.1,-2226.97,2026/01/29 19:42:40
2078,226.38,15637.7,-2227.27,2026/01/29 19:42:41
2079,226.49,15632.8,-2233.5,2026/01/29 19:42:41
2080,226.6,15658.6,-2233.24,2026/01/29 19:42:41
2081,226.71,15656.1,-2232.57,2026/01/29 19:42:41
2082,226.81,15662.5,-2233.05,2026/01/29 19:42:41
2083,226.92,15654.2,-2231.28,2026/01/29 19:42:41
2084,227.03,15633.2,-2229,2026/01/29 19:42:41
2085,227.14,15632.9,-2226.46,2026/01/29 19:42:41
2086,227.25,15643.5,-2223.59,2026/01/29 19:42:41
2087,227.36,15633.3,-2227.12,2026/01/29 19:42:42
2088,227.47,15634.8,-2231.46,2026/01/29 19:42:42
2089,227.58,15652.9,-2231.9,2026/01/29 19:42:42
2090,227.69,15653.1,-2232.66,2026/01/29 19:42:42
2091,227.8,15649,-2230.37,2026/01/29 19:42:42
2092,227.9,15647.3,-2232.27,2026/01/29 19:42:42
2093,228.01,15636,-2228.64,2026/01/29 19:42:42
2094,228.12,15630.5,-2225.82,2026/01/29 19:42:42
2095,228.23,15633.7,-2223.77,2026/01/29 19:42:42
2096,228.34,15616.9,-2230.13,2026/01/29 19:42:43
2097,228.45,15635.3,-2230.69,2026/01/29 19:42:43
2098,228.56,15650.1,-2231.82,2026/01/29 19:42:43
2099,228.67,15650.2,-2232.2,2026/01/29 19:42:43
2100,228.78,15653,-2231.42,2026/01/29 19:42:43
2101,228.89,15647.8,-2231.16,2026/01/29 19:42:43
2102,228.99,15631,-2227.63,2026/01/29 19:42:43
2103,229.1,15633.9,-2223.11,2026/01/29 19:42:43
2104,229.21,15631.8,-2226.86,2026/01/29 19:42:43
2105,229.32,15621.5,-2228.77,2026/01/29 19:42:43
2106,229.43,15636,-2230.9,2026/01/29 19:42:44
2107,229.54,15652,-2231.95,2026/01/29 19:42:44
2108,229.65,15651.5,-2232.41,2026/01/29 19:42:44
2109,229.76,15649.3,-2230.56,2026/01/29 19:42:44
2110,229.87,15648.2,-2231.23,2026/01/29 19:42:44
2111,229.97,15637.7,-2228.96,2026/01/29 19:42:44
2112,230.08,15628.9,-2226.46,2026/01/29 19:42:44
2113,230.19,15633.9,-2225.7,2026/01/29 19:42:44
2114,230.3,15626.2,-2229.53,2026/01/29 19:42:44
2115,230.41,15636,-2231.28,2026/01/29 19:42:45
2116,230.52,15651,-2231.61,2026/01/29 19:42:45
2117,230.63,15654.1,-2232.64,2026/01/29 19:42:45
2118,230.74,15652.7,-2230.75,2026/01/29 19:42:45
2119,230.85,15650.7,-2231.59,2026/01/29 19:42:45
2120,230.96,15633.9,-2227.39,2026/01/29 19:42:45
2121,231.07,15641.7,-2222.23,2026/01/29 19:42:45
2122,231.17,15636.5,-2225.05,2026/01/29 19:42:45
2123,231.28,15633.1,-2227.23,2026/01/29 19:42:45
2124,231.39,15628.7,-2230.54,2026/01/29 19:42:46
2125,231.5,15650,-2231.66,2026/01/29 19:42:46
2126,231.61,15650.4,-2230.95,2026/01/29 19:42:46
2127,231.72,15647.5,-2230.89,2026/01/29 19:42:46
2128,231.83,15645.4,-2230.9,2026/01/29 19:42:46
2129,231.94,15641.2,-2229.51,2026/01/29 19:42:46
2130,232.05,15629.1,-2236.03,2026/01/29 19:42:46
2131,232.15,15637.4,-2228.35,2026/01/29 19:42:46
2132,232.26,15614.8,-2229.74,2026/01/29 19:42:46
2133,232.37,15629.8,-2230.13,2026/01/29 19:42:47
2134,232.48,15643.8,-2230.96,2026/01/29 19:42:47
2135,232.59,15649,-2231.61,2026/01/29 19:42:47
2136,232.7,15645.4,-2230.83,2026/01/29 19:42:47
2137,232.81,15647.3,-2231.08,2026/01/29 19:42:47
2138,232.92,15637.1,-2228.93,2026/01/29 19:42:47
2139,233.03,15646.4,-2221.85,2026/01/29 19:42:47
2140,233.14,15636.6,-2224.81,2026/01/29 19:42:47
2141,233.25,15615.1,-2229.11,2026/01/29 19:42:47
2142,233.36,15632.2,-2230.04,2026/01/29 19:42:48
2143,233.46,15642.9,-2230.45,2026/01/29 19:42:48
2144,233.57,15645.4,-2230.78,2026/01/29 19:42:48
2145,233.68,15645.9,-2230.73,2026/01/29 19:42:48
2146,233.79,15646.1,-2231.07,2026/01/29 19:42:48
2147,233.9,15646.6,-2231.02,2026/01/29 19:42:48
2148,234.01,15638.5,-2224.85,2026/01/29 19:42:48
2149,234.12,15639.4,-2226,2026/01/29 19:42:48
2150,234.23,15614.8,-2229.94,2026/01/29 19:42:48
2151,234.34,15639.8,-2230.75,2026/01/29 19:42:49
2152,234.44,15653.6,-2232.17,2026/01/29 19:42:49
2153,234.55,15651.8,-2232.13,2026/01/29 19:42:49
2154,234.66,15649.9,-2230.12,2026/01/29 19:42:49
2155,234.77,15649.5,-2230.34,2026/01/29 19:42:49
2156,234.88,15628.9,-2229.33,2026/01/29 19:42:49
2157,234.99,15639.7,-2225,2026/01/29 19:42:49
2158,235.1,15632.3,-2226.7,2026/01/29 19:42:49
2159,235.21,15636.6,-2230.79,2026/01/29 19:42:49
2160,235.32,15652.7,-2232.74,2026/01/29 19:42:49
2161,235.43,15656.9,-2232.53,2026/01/29 19:42:50
2162,235.54,15657,-2232.91,2026/01/29 19:42:50
2163,235.65,15656.8,-2232.77,2026/01/29 19:42:50
2164,235.75,15652.6,-2232.01,2026/01/29 19:42:50
2165,235.86,15648.8,-2231.51,2026/01/29 19:42:50
2166,235.97,15631,-2229.03,2026/01/29 19:42:50
2167,236.08,15635.4,-2220.95,2026/01/29 19:42:50
2168,236.19,15624,-2225.01,2026/01/29 19:42:50
2169,236.3,15626.4,-2227.52,2026/01/29 19:42:50
2170,236.41,15627.4,-2229.2,2026/01/29 19:42:51
2171,236.52,15646.6,-2231.59,2026/01/29 19:42:51
2172,236.63,15658.1,-2231.51,2026/01/29 19:42:51
2173,236.73,15651.2,-2230.99,2026/01/29 19:42:51
2174,236.84,15644.7,-2231.4,2026/01/29 19:42:51
2175,236.95,15644.7,-2231.32,2026/01/29 19:42:51
2176,237.06,15631.1,-2227.62,2026/01/29 19:42:51
2177,237.17,15638.2,-2224.94,2026/01/29 19:42:51
2178,237.28,15623.9,-2227.8,2026/01/29 19:42:51
2179,237.39,15643.5,-2230.53,2026/01/29 19:42:52
2180,237.5,15656.8,-2233.32,2026/01/29 19:42:52
2181,237.61,15656.9,-2231.8,2026/01/29 19:42:52
2182,237.71,15651.8,-2230.77,2026/01/29 19:42:52
2183,237.82,15656,-2230.83,2026/01/29 19:42:52
2184,237.93,15649.4,-2229.88,2026/01/29 19:42:52
2185,238.04,15638.9,-2224.68,2026/01/29 19:42:52
2186,238.15,15631.4,-2225.15,2026/01/29 19:42:52
2187,238.26,15612.9,-2229.49,2026/01/29 19:42:52
2188,238.37,15633.7,-2230.76,2026/01/29 19:42:53
2189,238.48,15654.6,-2232.48,2026/01/29 19:42:53
2190,238.59,15657.3,-2231.77,2026/01/29 19:42:53
2191,238.7,15647.6,-2230.3,2026/01/29 19:42:53
2192,238.8,15645.4,-2231.08,2026/01/29 19:42:53
2193,238.91,15633.9,-2228.99,2026/01/29 19:42:53
2194,239.02,15636.6,-2224.84,2026/01/29 19:42:53
2195,239.13,15630.8,-2226.94,2026/01/29 19:42:53
2196,239.24,15630,-2229.72,2026/01/29 19:42:53
2197,239.35,15645.9,-2231.62,2026/01/29 19:42:54
2198,239.46,15660.6,-2232.92,2026/01/29 19:42:54
2199,239.57,15655.5,-2231.69,2026/01/29 19:42:54
2200,239.68,15649.1,-2230.77,2026/01/29 19:42:54
2201,239.79,15647.4,-2231.39,2026/01/29 19:42:54
2202,239.9,15640.2,-2227.91,2026/01/29 19:42:54
2203,240,15650.5,-2228.46,2026/01/29 19:42:54
2204,240.11,15633.7,-2225.47,2026/01/29 19:42:54
2205,240.22,15629.6,-2230.2,2026/01/29 19:42:54
2206,240.33,15644.4,-2231.31,2026/01/29 19:42:55
2207,240.44,15658.6,-2232.33,2026/01/29 19:42:55
2208,240.55,15654.7,-2232.11,2026/01/29 19:42:55
2209,240.66,15648.4,-2229.67,2026/01/29 19:42:55
2210,240.77,15646.8,-2230.85,2026/01/29 19:42:55
2211,240.88,15632,-2228.38,2026/01/29 19:42:55
2212,240.98,15648.6,-2216.13,2026/01/29 19:42:55
2213,241.09,15640.8,-2226.66,2026/01/29 19:42:55
2214,241.2,15627,-2228.42,2026/01/29 19:42:55
2215,241.31,15642.1,-2230.45,2026/01/29 19:42:55
2216,241.42,15652.2,-2231.29,2026/01/29 19:42:56
2217,241.53,15647.4,-2230.5,2026/01/29 19:42:56
2218,241.64,15644,-2229.25,2026/01/29 19:42:56
2219,241.75,15638.8,-2229.27,2026/01/29 19:42:56
2220,241.86,15631.9,-2224.56,2026/01/29 19:42:56
2221,241.97,15635.8,-2224.07,2026/01/29 19:42:56
2222,242.07,15639.7,-2225.67,2026/01/29 19:42:56
2223,242.18,15610.4,-2232.55,2026/01/29 19:42:56
2224,242.29,15638.8,-2230.94,2026/01/29 19:42:56
2225,242.4,15653.8,-2231.74,2026/01/29 19:42:57
2226,242.51,15654.1,-2231.38,2026/01/29 19:42:57
2227,242.62,15648.3,-2229.7,2026/01/29 19:42:57
2228,242.73,15645.8,-2229.16,2026/01/29 19:42:57
2229,242.84,15629.8,-2225.27,2026/01/29 19:42:57
2230,242.95,15636.6,-2224.7,2026/01/29 19:42:57
2231,243.05,15624.6,-2227.69,2026/01/29 19:42:57
2232,243.16,15635.3,-2229.83,2026/01/29 19:42:57
2233,243.27,15652.9,-2231.36,2026/01/29 19:42:57
2234,243.38,15654.2,-2231,2026/01/29 19:42:58
2235,243.49,15649.1,-2229.52,2026/01/29 19:42:58
2236,243.6,15644.5,-2229.89,2026/01/29 19:42:58
2237,243.71,15630.1,-2228.4,2026/01/29 19:42:58
2238,243.82,15640.3,-2224.15,2026/01/29 19:42:58
2239,243.93,15637,-2226.07,2026/01/29 19:42:58
2240,244.04,15614.8,-2229.82,2026/01/29 19:42:58
2241,244.14,15641.7,-2230.32,2026/01/29 19:42:58
2242,244.25,15656.5,-2231.94,2026/01/29 19:42:58
2243,244.36,15651.1,-2229.65,2026/01/29 19:42:59
2244,244.47,15648.8,-2229.53,2026/01/29 19:42:59
2245,244.58,15643.9,-2229.08,2026/01/29 19:42:59
2246,244.69,15630.7,-2226.25,2026/01/29 19:42:59
2247,244.8,15639.1,-2224.64,2026/01/29 19:42:59
2248,244.91,15628.7,-2227.79,2026/01/29 19:42:59
2249,245.01,15632.3,-2230.35,2026/01/29 19:42:59
2250,245.12,15651,-2229.75,2026/01/29 19:42:59
2251,245.23,15653.5,-2231.35,2026/01/29 19:42:59
2252,245.34,15649,-2228.99,2026/01/29 19:43:00
2253,245.45,15647.2,-2229.72,2026/01/29 19:43:00
2254,245.56,15635.1,-2227.36,2026/01/29 19:43:00
2255,245.67,15632.8,-2224.45,2026/01/29 19:43:00
2256,245.78,15637.1,-2223.26,2026/01/29 19:43:00
2257,245.89,15631.5,-2226.57,2026/01/29 19:43:00
2258,245.99,15619.2,-2231.17,2026/01/29 19:43:00
2259,246.1,15641.8,-2229.95,2026/01/29 19:43:00
2260,246.21,15653.1,-2231.03,2026/01/29 19:43:00
2261,246.32,15648.7,-2229.07,2026/01/29 19:43:00
2262,246.43,15646.6,-2229.33,2026/01/29 19:43:01
2263,246.54,15643.7,-2228.86,2026/01/29 19:43:01
2264,246.65,15626.6,-2226.11,2026/01/29 19:43:01
2265,246.76,15629.3,-2223.48,2026/01/29 19:43:01
2266,246.86,15616.1,-2227.09,2026/01/29 19:43:01
2267,246.97,15630.4,-2229.77,2026/01/29 19:43:01
2268,247.08,15645.5,-2229.92,2026/01/29 19:43:01
2269,247.19,15649.4,-2230.72,2026/01/29 19:43:01
2270,247.3,15646.7,-2229.4,2026/01/29 19:43:01
2271,247.41,15642.4,-2229.78,2026/01/29 19:43:02
2272,247.52,15635.7,-2228.6,2026/01/29 19:43:02
2273,247.63,15629.6,-2224.71,2026/01/29 19:43:02
2274,247.74,15636.9,-2225.04,2026/01/29 19:43:02
2275,247.84,15627.9,-2225.82,2026/01/29 19:43:02
2276,247.95,15632.7,-2230.33,2026/01/29 19:43:02
2277,248.06,15651.1,-2230.62,2026/01/29 19:43:02
2278,248.17,15653.6,-2231.22,2026/01/29 19:43:02
2279,248.28,15650.3,-2229.82,2026/01/29 19:43:02
2280,248.39,15648.9,-2229.41,2026/01/29 19:43:03
2281,248.5,15646.7,-2229.14,2026/01/29 19:43:03
2282,248.61,15634.9,-2225.35,2026/01/29 19:43:03
2283,248.72,15634.5,-2223.84,2026/01/29 19:43:03
2284,248.83,15620.4,-2227.37,2026/01/29 19:43:03
2285,248.93,15639.4,-2230.47,2026/01/29 19:43:03
2286,249.04,15652,-2230.4,2026/01/29 19:43:03
2287,249.15,15650.4,-2230.27,2026/01/29 19:43:03
2288,249.26,15646.2,-2229.19,2026/01/29 19:43:03
2289,249.37,15636.5,-2227.34,2026/01/29 19:43:04
2290,249.48,15637.7,-2223.27,2026/01/29 19:43:04
2291,249.59,15639,-2223.8,2026/01/29 19:43:04
2292,249.7,15636.2,-2226.48,2026/01/29 19:43:04
2293,249.81,15618.2,-2231.08,2026/01/29 19:43:04
2294,249.92,15642.4,-2230.48,2026/01/29 19:43:04
2295,250.02,15650.8,-2229.64,2026/01/29 19:43:04
2296,250.13,15648.5,-2229.61,2026/01/29 19:43:04
2297,250.24,15649.6,-2227.95,2026/01/29 19:43:04
2298,250.35,15632,-2227.05,2026/01/29 19:43:05
2299,250.46,15635.8,-2223.51,2026/01/29 19:43:05
2300,250.57,15621.9,-2228.12,2026/01/29 19:43:05
2301,250.68,15637.9,-2229.54,2026/01/29 19:43:05
2302,250.79,15654.8,-2230.32,2026/01/29 19:43:05
2303,250.9,15655.2,-2231.35,2026/01/29 19:43:05
2304,251,15653.3,-2228.97,2026/01/29 19:43:05
2305,251.11,15648.8,-2229.92,2026/01/29 19:43:05
2306,251.22,15647.1,-2228.15,2026/01/29 19:43:05
2307,251.33,15633.5,-2229.26,2026/01/29 19:43:06
2308,251.44,15630.2,-2224.92,2026/01/29 19:43:06
2309,251.55,15636,-2231.37,2026/01/29 19:43:06
2310,251.66,15652.2,-2231.59,2026/01/29 19:43:06
2311,251.77,15653.7,-2230.59,2026/01/29 19:43:06
2312,251.88,15654.6,-2231.23,2026/01/29 19:43:06
2313,251.98,15658.5,-2230.31,2026/01/29 19:43:06
2314,252.09,15653.2,-2230.2,2026/01/29 19:43:06
2315,252.2,15643.9,-2226.3,2026/01/29 19:43:06
2316,252.31,15634.2,-2225.43,2026/01/29 19:43:06
2317,252.42,15633.5,-2224.39,2026/01/29 19:43:07
2318,252.53,15626.6,-2233.09,2026/01/29 19:43:07
2319,252.64,15653.3,-2231.43,2026/01/29 19:43:07
2320,252.75,15659,-2230.56,2026/01/29 19:43:07
2321,252.86,15658.4,-2230.78,2026/01/29 19:43:07
2322,252.97,15660.8,-2230.42,2026/01/29 19:43:07
2323,253.08,15654.7,-2230.54,2026/01/29 19:43:07
2324,253.18,15646.3,-2226.35,2026/01/29 19:43:07
2325,253.29,15631.5,-2225.25,2026/01/29 19:43:07
2326,253.4,15637.8,-2223.66,2026/01/29 19:43:08
2327,253.51,15624.5,-2229.96,2026/01/29 19:43:08
2328,253.62,15649.2,-2229.71,2026/01/29 19:43:08
2329,253.73,15660.2,-2229.95,2026/01/29 19:43:08
2330,253.84,15659.5,-2230.31,2026/01/29 19:43:08
2331,253.95,15660.4,-2229.47,2026/01/29 19:43:08
2332,254.06,15653.4,-2229.82,2026/01/29 19:43:08
2333,254.17,15630.1,-2226.65,2026/01/29 19:43:08
2334,254.28,15628.5,-2222.75,2026/01/29 19:43:08
2335,254.38,15624,-2225.31,2026/01/29 19:43:09
2336,254.49,15635.3,-2229.85,2026/01/29 19:43:09
2337,254.6,15649.3,-2229.85,2026/01/29 19:43:09
2338,254.71,15652.8,-2229.73,2026/01/29 19:43:09
2339,254.82,15656.2,-2229.78,2026/01/29 19:43:09
2340,254.93,15654.9,-2229.45,2026/01/29 19:43:09
2341,255.04,15648.8,-2229.23,2026/01/29 19:43:09
2342,255.15,15630.1,-2225.97,2026/01/29 19:43:09
2343,255.26,15630.8,-2224.29,2026/01/29 19:43:09
2344,255.37,15624.6,-2228.56,2026/01/29 19:43:10
2345,255.48,15648,-2230.72,2026/01/29 19:43:10
2346,255.58,15661.1,-2230.49,2026/01/29 19:43:10
2347,255.69,15658.7,-2231.08,2026/01/29 19:43:10
2348,255.8,15662.1,-2230.53,2026/01/29 19:43:10
2349,255.91,15654.1,-2229.81,2026/01/29 19:43:10
2350,256.02,15632.9,-2226.54,2026/01/29 19:43:10
2351,256.13,15633.3,-2224.02,2026/01/29 19:43:10
2352,256.24,15629.4,-2227,2026/01/29 19:43:10
2353,256.34,15642.4,-2228.99,2026/01/29 19:43:11
2354,256.45,15652,-2229.87,2026/01/29 19:43:11
2355,256.56,15651.7,-2229.53,2026/01/29 19:43:11
2356,256.67,15656,-2230.01,2026/01/29 19:43:11
2357,256.78,15653.4,-2229.37,2026/01/29 19:43:11
2358,256.89,15647.9,-2227.51,2026/01/29 19:43:11
2359,257,15632.7,-2225.39,2026/01/29 19:43:11
2360,257.11,15632,-2223.69,2026/01/29 19:43:11
2361,257.22,15632.3,-2233.15,2026/01/29 19:43:11
2362,257.32,15659.8,-2230.95,2026/01/29 19:43:12
2363,257.43,15659.1,-2230.48,2026/01/29 19:43:12
2364,257.54,15661.2,-2230.67,2026/01/29 19:43:12
2365,257.65,15657,-2229.31,2026/01/29 19:43:12
2366,257.76,15650.5,-2228.56,2026/01/29 19:43:12
2367,257.87,15629.3,-2226.1,2026/01/29 19:43:12
2368,257.98,15632.5,-2223.26,2026/01/29 19:43:12
2369,258.09,15623.5,-2228.75,2026/01/29 19:43:12
2370,258.2,15645.9,-2229.68,2026/01/29 19:43:12
2371,258.31,15651.7,-2229.48,2026/01/29 19:43:12
2372,258.41,15657.2,-2229.49,2026/01/29 19:43:13
2373,258.52,15655.1,-2228.88,2026/01/29 19:43:13
2374,258.63,15650.5,-2226.68,2026/01/29 19:43:13
2375,258.74,15629.8,-2224.53,2026/01/29 19:43:13
2376,258.85,15629.4,-2223.5,2026/01/29 19:43:13
2377,258.96,15622.5,-2230.24,2026/01/29 19:43:13
2378,259.07,15645.9,-2229.48,2026/01/29 19:43:13
2379,259.18,15650.7,-2229.68,2026/01/29 19:43:13
2380,259.29,15657.8,-2229.71,2026/01/29 19:43:13
2381,259.4,15657.2,-2229.5,2026/01/29 19:43:14
2382,259.5,15655.6,-2227.65,2026/01/29 19:43:14
2383,259.61,15631,-2225.93,2026/01/29 19:43:14
2384,259.72,15638,-2222.92,2026/01/29 19:43:14
2385,259.83,15630.6,-2226.42,2026/01/29 19:43:14
2386,259.94,15640.9,-2231.13,2026/01/29 19:43:14
2387,260.05,15654.1,-2229.91,2026/01/29 19:43:14
2388,260.16,15655.9,-2229.75,2026/01/29 19:43:14
2389,260.27,15659,-2229.7,2026/01/29 19:43:14
2390,260.38,15654.5,-2228.93,2026/01/29 19:43:15
2391,260.48,15639.6,-2226.27,2026/01/29 19:43:15
2392,260.59,15635.1,-2224.33,2026/01/29 19:43:15
2393,260.7,15633.4,-2224.24,2026/01/29 19:43:15
2394,260.81,15624.3,-2232.66,2026/01/29 19:43:15
2395,260.92,15653.6,-2229.48,2026/01/29 19:43:15
2396,261.03,15659,-2230.53,2026/01/29 19:43:15
2397,261.14,15659.4,-2229.81,2026/01/29 19:43:15
2398,261.25,15658.8,-2229.65,2026/01/29 19:43:15
2399,261.36,15654,-2228.63,2026/01/29 19:43:16
2400,261.46,15632.1,-2225.99,2026/01/29 19:43:16
2401,261.58,15640.2,-2222.7,2026/01/29 19:43:16
2402,261.68,15637.3,-2224.36,2026/01/29 19:43:16
2403,261.79,15625.6,-2230.02,2026/01/29 19:43:16
2404,261.9,15650.2,-2229.84,2026/01/29 19:43:16
2405,262.01,15659.3,-2229.32,2026/01/29 19:43:16
2406,262.12,15655,-2229.17,2026/01/29 19:43:16
2407,262.23,15651.4,-2228.72,2026/01/29 19:43:16
2408,262.34,15647,-2228.43,2026/01/29 19:43:17
2409,262.45,15632.4,-2224.4,2026/01/29 19:43:17
2410,262.56,15639.4,-2222.54,2026/01/29 19:43:17
2411,262.66,15632.5,-2225.41,2026/01/29 19:43:17
2412,262.77,15630.7,-2228.94,2026/01/29 19:43:17
2413,262.88,15652.7,-2230,2026/01/29 19:43:17
2414,262.99,15656.7,-2229.95,2026/01/29 19:43:17
2415,263.1,15655.9,-2228.26,2026/01/29 19:43:17
2416,263.21,15648.9,-2228.93,2026/01/29 19:43:17
2417,263.32,15647.6,-2228.41,2026/01/29 19:43:17
2418,263.43,15632.8,-2223.73,2026/01/29 19:43:18
2419,263.54,15631.5,-2222.61,2026/01/29 19:43:18
2420,263.65,15626.3,-2225.74,2026/01/29 19:43:18
2421,263.75,15633.1,-2229.18,2026/01/29 19:43:18
2422,263.86,15655.1,-2229.9,2026/01/29 19:43:18
2423,263.97,15655.2,-2229,2026/01/29 19:43:18
2424,264.08,15655,-2228.31,2026/01/29 19:43:18
2425,264.19,15650.1,-2228.8,2026/01/29 19:43:18
2426,264.3,15644,-2229.09,2026/01/29 19:43:18
2427,264.41,15634.5,-2225.29,2026/01/29 19:43:19
2428,264.52,15632.9,-2222.75,2026/01/29 19:43:19
2429,264.63,15630.6,-2224.97,2026/01/29 19:43:19
2430,264.74,15639.8,-2228.15,2026/01/29 19:43:19
2431,264.85,15657.6,-2230.08,2026/01/29 19:43:19
2432,264.95,15657,-2229.32,2026/01/29 19:43:19
2433,265.06,15654.3,-2228.1,2026/01/29 19:43:19
2434,265.17,15649.6,-2228.82,2026/01/29 19:43:19
2435,265.28,15644.6,-2225.73,2026/01/29 19:43:19
2436,265.39,15632.4,-2224.14,2026/01/29 19:43:20
2437,265.5,15637.8,-2224.04,2026/01/29 19:43:20
2438,265.61,15622.7,-2229.99,2026/01/29 19:43:20
2439,265.72,15648.5,-2229.05,2026/01/29 19:43:20
2440,265.83,15653.4,-2228.99,2026/01/29 19:43:20
2441,265.94,15648.5,-2229.02,2026/01/29 19:43:20
2442,266.05,15643.2,-2229.45,2026/01/29 19:43:20
2443,266.15,15647.7,-2228.39,2026/01/29 19:43:20
2444,266.26,15639.6,-2226.95,2026/01/29 19:43:20
2445,266.37,15632.5,-2224.29,2026/01/29 19:43:21
2446,266.48,15638.9,-2221.99,2026/01/29 19:43:21
2447,266.59,15621.9,-2224.77,2026/01/29 19:43:21
2448,266.7,15643.9,-2228.36,2026/01/29 19:43:21
2449,266.81,15664.5,-2230.45,2026/01/29 19:43:21
2450,266.92,15653.4,-2228.63,2026/01/29 19:43:21
2451,267.03,15653.8,-2227.79,2026/01/29 19:43:21
2452,267.14,15649.2,-2228.29,2026/01/29 19:43:21
2453,267.24,15643.5,-2227.59,2026/01/29 19:43:21
2454,267.35,15630.4,-2224.3,2026/01/29 19:43:22
2455,267.46,15634.5,-2223.43,2026/01/29 19:43:22
2456,267.57,15639.8,-2228.77,2026/01/29 19:43:22
2457,267.68,15667.8,-2231.26,2026/01/29 19:43:22
2458,267.79,15654.7,-2228.76,2026/01/29 19:43:22
2459,267.9,15653.1,-2228.25,2026/01/29 19:43:22
2460,268.01,15647.1,-2228.99,2026/01/29 19:43:22
2461,268.12,15647.6,-2229.21,2026/01/29 19:43:22
2462,268.23,15631.9,-2224.89,2026/01/29 19:43:22
2463,268.34,15625.7,-2222.42,2026/01/29 19:43:23
2464,268.45,15624.5,-2225.67,2026/01/29 19:43:23
2465,268.55,15624.3,-2225.87,2026/01/29 19:43:23
2466,268.66,15641.9,-2228.02,2026/01/29 19:43:23
2467,268.77,15649.5,-2228.21,2026/01/29 19:43:23
2468,268.88,15649.8,-2228.85,2026/01/29 19:43:23
2469,268.99,15646.1,-2229.12,2026/01/29 19:43:23
2470,269.1,15639.6,-2228.26,2026/01/29 19:43:23
2471,269.21,15636.6,-2223.98,2026/01/29 19:43:23
2472,269.32,15639.6,-2222.42,2026/01/29 19:43:23
2473,269.43,15624,-2225.38,2026/01/29 19:43:24
2474,269.53,15640.1,-2228.22,2026/01/29 19:43:24
2475,269.64,15658.6,-2229.79,2026/01/29 19:43:24
2476,269.75,15652.3,-2228.2,2026/01/29 19:43:24
2477,269.86,15650.8,-2227.86,2026/01/29 19:43:24
2478,269.97,15647.6,-2226.97,2026/01/29 19:43:24
2479,270.08,15629.8,-2225.37,2026/01/29 19:43:24
2480,270.19,15639,-2222.29,2026/01/29 19:43:24
2481,270.3,15624,-2225.28,2026/01/29 19:43:24
2482,270.41,15638.6,-2228.74,2026/01/29 19:43:25
2483,270.52,15660.7,-2229.48,2026/01/29 19:43:25
2484,270.62,15656.1,-2229.17,2026/01/29 19:43:25
2485,270.73,15654.2,-2227.92,2026/01/29 19:43:25
2486,270.84,15649.9,-2228.29,2026/01/29 19:43:25
2487,270.95,15651.7,-2226.36,2026/01/29 19:43:25
2488,271.06,15629.2,-2225.99,2026/01/29 19:43:25
2489,271.17,15638.3,-2222.89,2026/01/29 19:43:25
2490,271.28,15637.8,-2225.03,2026/01/29 19:43:25
2491,271.39,15631.6,-2228.92,2026/01/29 19:43:26
2492,271.49,15653.8,-2229.39,2026/01/29 19:43:26
2493,271.6,15652.8,-2228.55,2026/01/29 19:43:26
2494,271.71,15655.4,-2228.19,2026/01/29 19:43:26
2495,271.82,15652.7,-2228.88,2026/01/29 19:43:26
2496,271.93,15653.6,-2227.93,2026/01/29 19:43:26
2497,272.04,15652.6,-2228.42,2026/01/29 19:43:26
2498,272.15,15652.1,-2228.01,2026/01/29 19:43:26
2499,272.26,15652.6,-2227.82,2026/01/29 19:43:26
2500,272.37,15651.8,-2228.18,2026/01/29 19:43:27
2501,272.48,15651.7,-2227.89,2026/01/29 19:43:27
2502,272.59,15650.9,-2228.3,2026/01/29 19:43:27
2503,272.7,15650.7,-2228.18,2026/01/29 19:43:27
2504,272.8,15650.3,-2228.2,2026/01/29 19:43:27
2505,272.91,15650.6,-2228.35,2026/01/29 19:43:27
2506,273.02,15650.3,-2227.97,2026/01/29 19:43:27
2507,273.13,15650.2,-2228.04,2026/01/29 19:43:27
2508,273.24,15650,-2228.25,2026/01/29 19:43:27
2509,273.35,15650.1,-2227.93,2026/01/29 19:43:28
2510,273.46,15650.2,-2228.22,2026/01/29 19:43:28
2511,273.57,15649.8,-2228.05,2026/01/29 19:43:28
2512,273.67,15650.4,-2228.05,2026/01/29 19:43:28
2513,273.78,15648.5,-2228.51,2026/01/29 19:43:28
2514,273.89,15650.3,-2227.69,2026/01/29 19:43:28
2515,274,15648.8,-2228.21,2026/01/29 19:43:28
2516,274.11,15650.1,-2228.23,2026/01/29 19:43:28
2517,274.22,15648.8,-2228.27,2026/01/29 19:43:28
2518,274.33,15649.3,-2228.46,2026/01/29 19:43:29
2519,274.44,15649.2,-2228.58,2026/01/29 19:43:29
2520,274.55,15648.8,-2228.76,2026/01/29 19:43:29
2521,274.66,15649.2,-2228.77,2026/01/29 19:43:29
2522,274.77,15648.5,-2229.01,2026/01/29 19:43:29
2523,274.88,15649.1,-2228.96,2026/01/29 19:43:29
2524,274.98,15648.7,-2228.98,2026/01/29 19:43:29
2525,275.09,15649.1,-2228.72,2026/01/29 19:43:29
2526,275.2,15648.5,-2229.23,2026/01/29 19:43:29
2527,275.31,15649.1,-2228.48,2026/01/29 19:43:29
2528,275.42,15648.2,-2229.16,2026/01/29 19:43:30
2529,275.53,15649.2,-2228.47,2026/01/29 19:43:30
2530,275.64,15648.5,-2228.88,2026/01/29 19:43:30
2531,275.75,15648.9,-2228.82,2026/01/29 19:43:30
2532,275.86,15648.4,-2228.8,2026/01/29 19:43:30
2533,275.97,15648.3,-2228.93,2026/01/29 19:43:30
2534,276.08,15648.8,-2228.35,2026/01/29 19:43:30
2535,276.18,15648,-2228.92,2026/01/29 19:43:30
2536,276.29,15649,-2228.98,2026/01/29 19:43:30
2537,276.4,15648.1,-2228.58,2026/01/29 19:43:31
2538,276.51,15648.3,-2229.08,2026/01/29 19:43:31
2539,276.62,15648.1,-2228.73,2026/01/29 19:43:31
2540,276.73,15648.3,-2228.62,2026/01/29 19:43:31
2541,276.84,15648,-2228.89,2026/01/29 19:43:31
2542,276.95,15648.1,-2228.46,2026/01/29 19:43:31
2543,277.06,15647.9,-2228.54,2026/01/29 19:43:31
2544,277.16,15647.6,-2228.8,2026/01/29 19:43:31
2545,277.27,15648.3,-2228.44,2026/01/29 19:43:31
2546,277.38,15647.6,-2229.02,2026/01/29 19:43:32
2547,277.49,15648.2,-2228.59,2026/01/29 19:43:32
2548,277.6,15647.5,-2228.98,2026/01/29 19:43:32
2549,277.71,15648.6,-2228.37,2026/01/29 19:43:32
2550,277.82,15647.2,-2229.11,2026/01/29 19:43:32
2551,277.93,15648.8,-2228.75,2026/01/29 19:43:32
2552,278.04,15647.4,-2228.5,2026/01/29 19:43:32
2553,278.15,15648.4,-2228.99,2026/01/29 19:43:32
2554,278.26,15647.9,-2228.43,2026/01/29 19:43:32
2555,278.37,15648.2,-2228.53,2026/01/29 19:43:33
2556,278.48,15647.9,-2228.75,2026/01/29 19:43:33
2557,278.59,15648.2,-2228.73,2026/01/29 19:43:33
2558,278.69,15648.6,-2228.51,2026/01/29 19:43:33
2559,278.8,15648.3,-2228.67,2026/01/29 19:43:33
2560,278.91,15648.6,-2228.39,2026/01/29 19:43:33
2561,279.02,15648.4,-2228.94,2026/01/29 19:43:33
2562,279.13,15648.8,-2228.22,2026/01/29 19:43:33
2563,279.24,15648.4,-2229.05,2026/01/29 19:43:33
2564,279.35,15649.2,-2228.29,2026/01/29 19:43:34
2565,279.46,15649.1,-2228.9,2026/01/29 19:43:34
2566,279.57,15649.2,-2228.52,2026/01/29 19:43:34
2567,279.67,15649.2,-2228.64,2026/01/29 19:43:34
2568,279.78,15649,-2228.95,2026/01/29 19:43:34
2569,279.89,15649.9,-2228.55,2026/01/29 19:43:34
2570,280,15648.6,-2228.69,2026/01/29 19:43:34
2571,280.11,15650.3,-2228.44,2026/01/29 19:43:34
2572,280.22,15648.6,-2228.25,2026/01/29 19:43:34
2573,280.33,15649.8,-2228.65,2026/01/29 19:43:35
2574,280.44,15649.3,-2228.26,2026/01/29 19:43:35
2575,280.55,15649.5,-2228.47,2026/01/29 19:43:35
2576,280.65,15649.7,-2228.48,2026/01/29 19:43:35
2577,280.76,15649.3,-2228.93,2026/01/29 19:43:35
2578,280.87,15649.9,-2228.55,2026/01/29 19:43:35
2579,280.98,15649.6,-2228.73,2026/01/29 19:43:35
2580,281.09,15649.8,-2228.47,2026/01/29 19:43:35
2581,281.2,15649.8,-2228.76,2026/01/29 19:43:35
2582,281.31,15649.8,-2228.26,2026/01/29 19:43:35
2583,281.42,15649.7,-2228.91,2026/01/29 19:43:36
2584,281.53,15649.9,-2228.15,2026/01/29 19:43:36
2585,281.64,15650,-2228.76,2026/01/29 19:43:36
2586,281.74,15649.8,-2228.6,2026/01/29 19:43:36
2587,281.85,15650.1,-2228.56,2026/01/29 19:43:36
2588,281.96,15649.8,-2228.34,2026/01/29 19:43:36
2589,282.07,15652.9,-2228.76,2026/01/29 19:43:36
2590,282.18,15665.3,-2229.51,2026/01/29 19:43:36
2591,282.29,15668.5,-2228.5,2026/01/29 19:43:36
2592,282.4,15667,-2229.56,2026/01/29 19:43:37
2593,282.51,15691.8,-2230.91,2026/01/29 19:43:37
2594,282.62,15704.3,-2232.38,2026/01/29 19:43:37
2595,282.73,15714.8,-2231.89,2026/01/29 19:43:37
2596,282.84,15714.8,-2231.49,2026/01/29 19:43:37
2597,282.95,15711.4,-2230.21,2026/01/29 19:43:37
2598,283.05,15685.2,-2231.16,2026/01/29 19:43:37
2599,283.16,15684,-2231.46,2026/01/29 19:43:37
2600,283.27,15683.7,-2230.81,2026/01/29 19:43:37
2601,283.38,15677,-2231.25,2026/01/29 19:43:38
2602,283.49,15678.1,-2231.24,2026/01/29 19:43:38
2603,283.6,15678.3,-2231.18,2026/01/29 19:43:38
2604,283.71,15677.5,-2230.77,2026/01/29 19:43:38
2605,283.82,15677.5,-2231.37,2026/01/29 19:43:38
2606,283.93,15678.8,-2230.76,2026/01/29 19:43:38
2607,284.04,15678.7,-2231.4,2026/01/29 19:43:38
2608,284.15,15679.2,-2230.51,2026/01/29 19:43:38
2609,284.26,15678.9,-2231.4,2026/01/29 19:43:38
2610,284.37,15679.8,-2230.55,2026/01/29 19:43:39
2611,284.47,15679.4,-2231.13,2026/01/29 19:43:39
2612,284.58,15679.5,-2231,2026/01/29 19:43:39
2613,284.69,15679.6,-2230.92,2026/01/29 19:43:39
2614,284.8,15678.7,-2230.93,2026/01/29 19:43:39
2615,284.91,15680.8,-2230.65,2026/01/29 19:43:39
2616,285.02,15679.7,-2231.14,2026/01/29 19:43:39
2617,285.13,15681.5,-2230.6,2026/01/29 19:43:39
2618,285.24,15679.7,-2230.61,2026/01/29 19:43:39
2619,285.35,15681.2,-2230.92,2026/01/29 19:43:40
2620,285.46,15680.2,-2230.72,2026/01/29 19:43:40
2621,285.56,15680.8,-2230.66,2026/01/29 19:43:40
2622,285.67,15680.6,-2230.68,2026/01/29 19:43:40
2623,285.78,15680.3,-2231.05,2026/01/29 19:43:40
2624,285.89,15681.1,-2230.91,2026/01/29 19:43:40
2625,286,15680.7,-2231.03,2026/01/29 19:43:40
2626,286.11,15681.1,-2231.02,2026/01/29 19:43:40
2627,286.22,15680.8,-2230.95,2026/01/29 19:43:40
2628,286.33,15680.9,-2230.9,2026/01/29 19:43:41
2629,286.44,15680.8,-2231.02,2026/01/29 19:43:41
2630,286.55,15681,-2230.6,2026/01/29 19:43:41
2631,286.65,15680.6,-2231.05,2026/01/29 19:43:41
2632,286.76,15681,-2230.53,2026/01/29 19:43:41
2633,286.87,15681.3,-2230.65,2026/01/29 19:43:41
2634,286.98,15680.5,-2230.82,2026/01/29 19:43:41
2635,287.09,15681.3,-2230.8,2026/01/29 19:43:41
2636,287.2,15681,-2230.8,2026/01/29 19:43:41
2637,287.31,15681.7,-2230.53,2026/01/29 19:43:41
2638,287.42,15680.6,-2231.28,2026/01/29 19:43:42
2639,287.53,15681.9,-2230.13,2026/01/29 19:43:42
2640,287.64,15680.3,-2231.04,2026/01/29 19:43:42
2641,287.75,15682,-2230.62,2026/01/29 19:43:42
2642,287.85,15681.2,-2230.61,2026/01/29 19:43:42
2643,287.96,15681.6,-2230.59,2026/01/29 19:43:42
2644,288.07,15681.6,-2230.49,2026/01/29 19:43:42
2645,288.18,15681.4,-2230.48,2026/01/29 19:43:42
2646,288.29,15682.1,-2230.37,2026/01/29 19:43:42
2647,288.4,15681.4,-2230.73,2026/01/29 19:43:43
2648,288.51,15683.2,-2230.43,2026/01/29 19:43:43
2649,288.62,15683,-2230.4,2026/01/29 19:43:43
2650,288.73,15683.1,-2230.89,2026/01/29 19:43:43
2651,288.84,15682.5,-2230.7,2026/01/29 19:43:43
2652,288.94,15682.9,-2231.1,2026/01/29 19:43:43
2653,289.05,15682.7,-2230.96,2026/01/29 19:43:43
2654,289.16,15682.8,-2230.86,2026/01/29 19:43:43
2655,289.27,15682.7,-2231.03,2026/01/29 19:43:43
2656,289.38,15682.4,-2231.12,2026/01/29 19:43:44
2657,289.49,15682.9,-2231.1,2026/01/29 19:43:44
2658,289.6,15682.6,-2231.41,2026/01/29 19:43:44
2659,289.71,15682.9,-2230.9,2026/01/29 19:43:44
2660,289.82,15682.4,-2231.7,2026/01/29 19:43:44
2661,289.93,15683.1,-2230.48,2026/01/29 19:43:44
2662,290.03,15682.5,-2231.24,2026/01/29 19:43:44
2663,290.14,15682.8,-2230.68,2026/01/29 19:43:44
2664,290.25,15682.8,-2231.06,2026/01/29 19:43:44
2665,290.36,15682.6,-2231,2026/01/29 19:43:45
2666,290.47,15682.7,-2230.9,2026/01/29 19:43:45
2667,290.58,15682.4,-2231.04,2026/01/29 19:43:45
2668,290.69,15683.1,-2230.69,2026/01/29 19:43:45
2669,290.8,15681.9,-2231.21,2026/01/29 19:43:45
2670,290.91,15683.4,-2230.71,2026/01/29 19:43:45
2671,291.02,15682.1,-2230.89,2026/01/29 19:43:45
2672,291.13,15683.1,-2231.31,2026/01/29 19:43:45
2673,291.23,15682.1,-2230.54,2026/01/29 19:43:45
2674,291.34,15682.8,-2230.93,2026/01/29 19:43:46
2675,291.45,15682.4,-2230.96,2026/01/29 19:43:46
2676,291.56,15682.5,-2230.9,2026/01/29 19:43:46
2677,291.67,15682.6,-2230.65,2026/01/29 19:43:46
2678,291.78,15682.3,-2231.12,2026/01/29 19:43:46
2679,291.89,15682.6,-2230.73,2026/01/29 19:43:46
2680,292,15682.4,-2230.95,2026/01/29 19:43:46
2681,292.11,15682.4,-2230.74,2026/01/29 19:43:46
2682,292.22,15682.5,-2231.09,2026/01/29 19:43:46
2683,292.32,15682.5,-2230.43,2026/01/29 19:43:47
2684,292.43,15682.3,-2231.26,2026/01/29 19:43:47
2685,292.54,15682.4,-2230.27,2026/01/29 19:43:47
2686,292.65,15682.3,-2230.86,2026/01/29 19:43:47
2687,292.76,15682.4,-2230.49,2026/01/29 19:43:47
2688,292.87,15682.4,-2230.63,2026/01/29 19:43:47
2689,292.98,15682.1,-2230.53,2026/01/29 19:43:47
2690,293.09,15682.7,-2230.6,2026/01/29 19:43:47
2691,293.2,15681.7,-2230.82,2026/01/29 19:43:47
2692,293.31,15682.8,-2230.27,2026/01/29 19:43:47
2693,293.42,15681.3,-2230.95,2026/01/29 19:43:48
2694,293.52,15683,-2230.54,2026/01/29 19:43:48
2695,293.63,15681.4,-2230.56,2026/01/29 19:43:48
2696,293.74,15682.5,-2230.87,2026/01/29 19:43:48
2697,293.85,15682,-2230.46,2026/01/29 19:43:48
2698,293.96,15682.2,-2230.62,2026/01/29 19:43:48
2699,294.07,15682.1,-2230.57,2026/01/29 19:43:48
2700,294.18,15681.6,-2230.9,2026/01/29 19:43:48
2701,294.29,15682.1,-2230.55,2026/01/29 19:43:48
2702,294.4,15681.8,-2230.63,2026/01/29 19:43:49
2703,294.51,15682,-2230.66,2026/01/29 19:43:49
2704,294.61,15681.9,-2230.54,2026/01/29 19:43:49
2705,294.72,15681.9,-2230.39,2026/01/29 19:43:49
2706,294.83,15681.9,-2230.62,2026/01/29 19:43:49
2707,294.94,15681.9,-2230.26,2026/01/29 19:43:49
2708,295.05,15681.9,-2230.58,2026/01/29 19:43:49
2709,295.16,15681.9,-2230.19,2026/01/29 19:43:49
2710,295.27,15681.9,-2230.35,2026/01/29 19:43:49
2711,295.38,15681.5,-2230.52,2026/01/29 19:43:50
2712,295.49,15682.2,-2230.27,2026/01/29 19:43:50
2713,295.6,15681.4,-2230.57,2026/01/29 19:43:50
2714,295.71,15682,-2229.87,2026/01/29 19:43:50
2715,295.82,15680.9,-2230.69,2026/01/29 19:43:50
2716,295.92,15682.2,-2229.77,2026/01/29 19:43:50
2717,296.03,15680.9,-2230.78,2026/01/29 19:43:50
2718,296.14,15682.2,-2230.07,2026/01/29 19:43:50
2719,296.25,15681.2,-2230.32,2026/01/29 19:43:50
2720,296.36,15681.7,-2230.02,2026/01/29 19:43:51
2721,296.47,15681.4,-2230.27,2026/01/29 19:43:51
2722,296.58,15681.4,-2230.21,2026/01/29 19:43:51
2723,296.69,15681.8,-2229.9,2026/01/29 19:43:51
2724,296.8,15681.1,-2230.37,2026/01/29 19:43:51
2725,296.9,15682,-2230.31,2026/01/29 19:43:51
2726,297.01,15681.2,-2229.86,2026/01/29 19:43:51
2727,297.12,15681.9,-2230.58,2026/01/29 19:43:51
2728,297.23,15681.2,-2230.04,2026/01/29 19:43:51
2729,297.34,15681.7,-2230.16,2026/01/29 19:43:52
2730,297.45,15681.4,-2230.2,2026/01/29 19:43:52
2731,297.56,15681.7,-2229.99,2026/01/29 19:43:52
2732,297.67,15681.4,-2229.97,2026/01/29 19:43:52
2733,297.78,15681.4,-2230.19,2026/01/29 19:43:52
2734,297.89,15681.8,-2229.94,2026/01/29 19:43:52
2735,298,15681.4,-2230.17,2026/01/29 19:43:52
2736,298.1,15681.8,-2229.73,2026/01/29 19:43:52
2737,298.21,15681.4,-2230.34,2026/01/29 19:43:52
2738,298.33,15681.9,-2229.69,2026/01/29 19:43:53
2739,298.43,15681.4,-2230.45,2026/01/29 19:43:53
2740,298.54,15682,-2229.49,2026/01/29 19:43:53
2741,298.65,15681.1,-2230.51,2026/01/29 19:43:53
2742,298.76,15681.8,-2229.77,2026/01/29 19:43:53
2743,298.87,15681.5,-2230.22,2026/01/29 19:43:53
2744,298.98,15681.5,-2229.98,2026/01/29 19:43:53
2745,299.09,15681.9,-2230.1,2026/01/29 19:43:53
2746,299.2,15681.3,-2230.05,2026/01/29 19:43:53
2747,299.3,15682.1,-2229.56,2026/01/29 19:43:53
2748,299.41,15681,-2230.05,2026/01/29 19:43:54
2749,299.52,15682.6,-2229.68,2026/01/29 19:43:54
2750,299.63,15681.1,-2229.66,2026/01/29 19:43:54
2751,299.74,15682.2,-2230.22,2026/01/29 19:43:54
2752,299.85,15681.4,-2229.66,2026/01/29 19:43:54
2753,299.96,15681.7,-2230.04,2026/01/29 19:43:54
2754,300.07,15681.6,-2229.73,2026/01/29 19:43:54
2755,300.18,15681.7,-2229.93,2026/01/29 19:43:54
2756,300.29,15681.8,-2229.77,2026/01/29 19:43:54
2757,300.4,15681.6,-2229.91,2026/01/29 19:43:55
2758,300.51,15681.9,-2229.64,2026/01/29 19:43:55
2759,300.62,15681.7,-2229.86,2026/01/29 19:43:55
2760,300.72,15681.9,-2229.84,2026/01/29 19:43:55
2761,300.83,15681.8,-2229.82,2026/01/29 19:43:55
2762,300.94,15681.8,-2229.6,2026/01/29 19:43:55
2763,301.05,15681.6,-2230.31,2026/01/29 19:43:55
2764,301.16,15682.2,-2229.32,2026/01/29 19:43:55
2765,301.27,15681.9,-2230.05,2026/01/29 19:43:55
2766,301.38,15681.9,-2229.66,2026/01/29 19:43:56
2767,301.49,15681.7,-2229.63,2026/01/29 19:43:56
2768,301.6,15681.6,-2229.75,2026/01/29 19:43:56
2769,301.71,15682.1,-2229.72,2026/01/29 19:43:56
2770,301.81,15681.4,-2229.92,2026/01/29 19:43:56
2771,301.92,15682.4,-2229.37,2026/01/29 19:43:56
2772,302.03,15681.1,-2230.05,2026/01/29 19:43:56
2773,302.14,15682.4,-2229.4,2026/01/29 19:43:56
2774,302.25,15681.3,-2229.8,2026/01/29 19:43:56
2775,302.36,15682.1,-2229.6,2026/01/29 19:43:57
2776,302.47,15681.7,-2229.69,2026/01/29 19:43:57
2777,302.58,15682,-2229.77,2026/01/29 19:43:57
2778,302.69,15682,-2229.61,2026/01/29 19:43:57
2779,302.79,15682.1,-2229.9,2026/01/29 19:43:57
2780,302.9,15683.1,-2229.52,2026/01/29 19:43:57
2781,303.01,15682.4,-2229.57,2026/01/29 19:43:57
2782,303.12,15683.1,-2229.71,2026/01/29 19:43:57
2783,303.23,15682.6,-2229.42,2026/01/29 19:43:57
2784,303.34,15683.1,-2229.81,2026/01/29 19:43:58
2785,303.45,15682.8,-2229.34,2026/01/29 19:43:58
2786,303.56,15682.8,-2229.61,2026/01/29 19:43:58
2787,303.67,15683.1,-2229.58,2026/01/29 19:43:58
2788,303.78,15682.7,-2229.7,2026/01/29 19:43:58
2789,303.88,15683.1,-2229.57,2026/01/29 19:43:58
2790,303.99,15682.8,-2229.67,2026/01/29 19:43:58
2791,304.1,15683.1,-2229.42,2026/01/29 19:43:58
2792,304.21,15683,-2230.04,2026/01/29 19:43:58
2793,304.32,15683.2,-2229.04,2026/01/29 19:43:58
2794,304.43,15682.8,-2229.82,2026/01/29 19:43:59
2795,304.54,15683,-2229.31,2026/01/29 19:43:59
2796,304.65,15682.8,-2229.79,2026/01/29 19:43:59
2797,304.76,15683,-2229.5,2026/01/29 19:43:59
2798,304.87,15683.1,-2229.63,2026/01/29 19:43:59
2799,304.97,15682.8,-2229.55,2026/01/29 19:43:59
2800,305.08,15683.6,-2229.21,2026/01/29 19:43:59
2801,305.19,15682.5,-2229.9,2026/01/29 19:43:59
2802,305.3,15684,-2228.92,2026/01/29 19:43:59
2803,305.41,15682.5,-2229.78,2026/01/29 19:44:00
2804,305.52,15683.8,-2229.49,2026/01/29 19:44:00
2805,305.63,15682.8,-2229.46,2026/01/29 19:44:00
2806,305.74,15683.2,-2229.35,2026/01/29 19:44:00
2807,305.85,15683,-2229.46,2026/01/29 19:44:00
2808,305.96,15683,-2229.47,2026/01/29 19:44:00
2809,306.07,15683.4,-2229.27,2026/01/29 19:44:00
2810,306.17,15682.9,-2229.51,2026/01/29 19:44:00
2811,306.28,15683.6,-2229.25,2026/01/29 19:44:00
2812,306.39,15682.6,-2229.37,2026/01/29 19:44:01
2813,306.5,15683.6,-2229.86,2026/01/29 19:44:01
2814,306.61,15682.9,-2228.97,2026/01/29 19:44:01
2815,306.72,15683.5,-2229.31,2026/01/29 19:44:01
2816,306.83,15683.4,-2228.94,2026/01/29 19:44:01
2817,306.94,15683.5,-2228.78,2026/01/29 19:44:01
2818,307.05,15683.5,-2228.9,2026/01/29 19:44:01
2819,307.15,15683.2,-2229.08,2026/01/29 19:44:01
2820,307.26,15683.6,-2228.9,2026/01/29 19:44:01
2821,307.37,15683.3,-2229.04,2026/01/29 19:44:02
2822,307.48,15683.3,-2228.94,2026/01/29 19:44:02
2823,307.59,15683.4,-2229.03,2026/01/29 19:44:02
2824,307.7,15683.6,-2228.58,2026/01/29 19:44:02
2825,307.81,15683.4,-2229.03,2026/01/29 19:44:02
2826,307.92,15683.3,-2228.62,2026/01/29 19:44:02
2827,308.03,15683.4,-2228.99,2026/01/29 19:44:02
2828,308.14,15683.5,-2228.47,2026/01/29 19:44:02
2829,308.24,15683.6,-2228.69,2026/01/29 19:44:02
2830,308.35,15683.2,-2228.68,2026/01/29 19:44:03
2831,308.46,15683.9,-2228.63,2026/01/29 19:44:03
2832,308.57,15683,-2228.95,2026/01/29 19:44:03
2833,308.68,15683.9,-2228.4,2026/01/29 19:44:03
2834,308.79,15682.9,-2229.23,2026/01/29 19:44:03
2835,308.9,15683.9,-2228.01,2026/01/29 19:44:03
2836,309.01,15684.6,-2228.83,2026/01/29 19:44:03
2837,309.12,15685.3,-2228.47,2026/01/29 19:44:03
2838,309.23,15684.4,-2228.66,2026/01/29 19:44:03
2839,309.34,15684,-2228.62,2026/01/29 19:44:04
2840,309.44,15682.8,-2228.52,2026/01/29 19:44:04
2841,309.55,15682.8,-2228.72,2026/01/29 19:44:04
2842,309.66,15684.7,-2228.46,2026/01/29 19:44:04
2843,309.77,15686.7,-2229.13,2026/01/29 19:44:04
2844,309.88,15688.3,-2228.48,2026/01/29 19:44:04
2845,309.99,15687.1,-2228.88,2026/01/29 19:44:04
2846,310.1,15689.3,-2228.77,2026/01/29 19:44:04
2847,310.21,15690.6,-2228.94,2026/01/29 19:44:04
2848,310.32,15695.8,-2229.08,2026/01/29 19:44:04
2849,310.43,15686.6,-2229.19,2026/01/29 19:44:05
2850,310.54,15687.8,-2228.95,2026/01/29 19:44:05
2851,310.64,15686.6,-2228.81,2026/01/29 19:44:05
2852,310.75,15683.9,-2228.96,2026/01/29 19:44:05
2853,310.86,15678.4,-2226.95,2026/01/29 19:44:05
2854,310.97,15682.6,-2223.84,2026/01/29 19:44:05
2855,311.08,15663,-2223.27,2026/01/29 19:44:05
2856,311.19,15662.5,-2220.97,2026/01/29 19:44:05
2857,311.3,15668.7,-2218.8,2026/01/29 19:44:05
2858,311.4,15651,-2218.77,2026/01/29 19:44:06
2859,311.51,15649.8,-2218.63,2026/01/29 19:44:06
2860,311.62,15645.8,-2226,2026/01/29 19:44:06
2861,311.73,15660.4,-2225.26,2026/01/29 19:44:06
2862,311.84,15673.9,-2227.43,2026/01/29 19:44:06
2863,311.95,15685.3,-2227.9,2026/01/29 19:44:06
2864,312.06,15679.8,-2227.67,2026/01/29 19:44:06
2865,312.17,15675.2,-2227.19,2026/01/29 19:44:06
2866,312.28,15670.4,-2227.16,2026/01/29 19:44:06
2867,312.39,15666.3,-2225.56,2026/01/29 19:44:07
2868,312.49,15681.6,-2227.23,2026/01/29 19:44:07
2869,312.6,15678.8,-2226.13,2026/01/29 19:44:07
2870,312.71,15651.8,-2223.77,2026/01/29 19:44:07
2871,312.82,15669.2,-2226.61,2026/01/29 19:44:07
2872,312.93,15682.8,-2227.89,2026/01/29 19:44:07
2873,313.04,15687.5,-2228.11,2026/01/29 19:44:07
2874,313.15,15684.5,-2227.88,2026/01/29 19:44:07
2875,313.26,15681,-2227.7,2026/01/29 19:44:07
2876,313.37,15678.3,-2223.03,2026/01/29 19:44:08
2877,313.48,15684.9,-2224.3,2026/01/29 19:44:08
2878,313.58,15681.7,-2222.09,2026/01/29 19:44:08
2879,313.69,15650.3,-2221.86,2026/01/29 19:44:08
2880,313.8,15654.3,-2223.78,2026/01/29 19:44:08
2881,313.91,15665.8,-2225.73,2026/01/29 19:44:08
2882,314.02,15678.1,-2227.2,2026/01/29 19:44:08
2883,314.13,15678.1,-2226.83,2026/01/29 19:44:08
2884,314.24,15675.5,-2227.5,2026/01/29 19:44:08
2885,314.35,15672.3,-2225.11,2026/01/29 19:44:09
2886,314.46,15685,-2218.73,2026/01/29 19:44:09
2887,314.56,15678,-2221.42,2026/01/29 19:44:09
2888,314.67,15684.3,-2213.46,2026/01/29 19:44:09
2889,314.78,15646.2,-2222.6,2026/01/29 19:44:09
2890,314.89,15647.8,-2223.85,2026/01/29 19:44:09
2891,315,15669.6,-2226.44,2026/01/29 19:44:09
2892,315.11,15675.1,-2226.23,2026/01/29 19:44:09
2893,315.22,15673,-2226.94,2026/01/29 19:44:09
2894,315.33,15664.1,-2226.67,2026/01/29 19:44:10
2895,315.44,15662.6,-2225.88,2026/01/29 19:44:10
2896,315.55,15681.2,-2219.46,2026/01/29 19:44:10
2897,315.66,15678.5,-2215.85,2026/01/29 19:44:10
2898,315.77,15655.9,-2214.02,2026/01/29 19:44:10
2899,315.88,15634.3,-2224.12,2026/01/29 19:44:10
2900,315.98,15650.1,-2225.32,2026/01/29 19:44:10
2901,316.09,15674.7,-2227.18,2026/01/29 19:44:10
2902,316.2,15673.1,-2226.89,2026/01/29 19:44:10
2903,316.31,15671.3,-2227.1,2026/01/29 19:44:10
2904,316.42,15664.4,-2227.52,2026/01/29 19:44:11
2905,316.53,15652.9,-2226.28,2026/01/29 19:44:11
2906,316.64,15667.2,-2221.1,2026/01/29 19:44:11
2907,316.75,15650.8,-2216.8,2026/01/29 19:44:11
2908,316.86,15650.8,-2226.6,2026/01/29 19:44:11
2909,316.96,15649.1,-2219.86,2026/01/29 19:44:11
2910,317.07,15659.4,-2225.54,2026/01/29 19:44:11
2911,317.18,15672.4,-2226.86,2026/01/29 19:44:11
2912,317.29,15671.2,-2227.01,2026/01/29 19:44:11
2913,317.4,15671.2,-2226.92,2026/01/29 19:44:12
2914,317.51,15656.7,-2227.6,2026/01/29 19:44:12
2915,317.62,15651,-2223.72,2026/01/29 19:44:12
2916,317.73,15658.5,-2222.9,2026/01/29 19:44:12
2917,317.84,15656,-2223.94,2026/01/29 19:44:12
2918,317.95,15673,-2220.07,2026/01/29 19:44:12
2919,318.06,15640.4,-2223.96,2026/01/29 19:44:12
2920,318.16,15657,-2225.62,2026/01/29 19:44:12
2921,318.27,15669.3,-2226.71,2026/01/29 19:44:12
2922,318.38,15667.8,-2226.15,2026/01/29 19:44:13
2923,318.49,15662.9,-2227.03,2026/01/29 19:44:13
2924,318.6,15652.3,-2226.28,2026/01/29 19:44:13
2925,318.71,15679,-2223.27,2026/01/29 19:44:13
2926,318.82,15657.3,-2217.5,2026/01/29 19:44:13
2927,318.93,15680.7,-2226.22,2026/01/29 19:44:13
2928,319.04,15648.2,-2220.83,2026/01/29 19:44:13
2929,319.15,15659.1,-2225.62,2026/01/29 19:44:13
2930,319.26,15671,-2226.99,2026/01/29 19:44:13
2931,319.36,15671.3,-2226.77,2026/01/29 19:44:14
2932,319.47,15667.4,-2225.92,2026/01/29 19:44:14
2933,319.58,15657.3,-2225.35,2026/01/29 19:44:14
2934,319.69,15653.5,-2225.08,2026/01/29 19:44:14
2935,319.8,15650.2,-2216.69,2026/01/29 19:44:14
2936,319.91,15675.9,-2217.9,2026/01/29 19:44:14
2937,320.02,15665.6,-2225.26,2026/01/29 19:44:14
2938,320.13,15642.7,-2224.18,2026/01/29 19:44:14
2939,320.24,15668.7,-2226.64,2026/01/29 19:44:14
2940,320.34,15674.1,-2226.38,2026/01/29 19:44:15
2941,320.45,15668.9,-2226.28,2026/01/29 19:44:15
2942,320.56,15663,-2225.87,2026/01/29 19:44:15
2943,320.67,15653.8,-2225.24,2026/01/29 19:44:15
2944,320.78,15649.6,-2219.47,2026/01/29 19:44:15
2945,320.89,15681.9,-2217.9,2026/01/29 19:44:15
2946,321,15665.7,-2218.38,2026/01/29 19:44:15
2947,321.11,15635.5,-2225.17,2026/01/29 19:44:15
2948,321.22,15662.9,-2226.28,2026/01/29 19:44:15
2949,321.33,15674.5,-2226.27,2026/01/29 19:44:16
2950,321.43,15670.3,-2226.64,2026/01/29 19:44:16
2951,321.54,15667.8,-2225.86,2026/01/29 19:44:16
2952,321.65,15654.8,-2225.89,2026/01/29 19:44:16
2953,321.76,15648,-2220.01,2026/01/29 19:44:16
2954,321.87,15665.5,-2220.04,2026/01/29 19:44:16
2955,321.98,15657.1,-2213.06,2026/01/29 19:44:16
2956,322.09,15659.4,-2222.82,2026/01/29 19:44:16
2957,322.2,15644.2,-2223.76,2026/01/29 19:44:16
2958,322.31,15666.9,-2226.38,2026/01/29 19:44:16
2959,322.41,15666.4,-2226.75,2026/01/29 19:44:17
2960,322.52,15666.5,-2225.06,2026/01/29 19:44:17
2961,322.63,15659.6,-2224.9,2026/01/29 19:44:17
2962,322.74,15647.8,-2224.77,2026/01/29 19:44:17
2963,322.85,15657,-2221.8,2026/01/29 19:44:17
2964,322.96,15679.7,-2216.04,2026/01/29 19:44:17
2965,323.07,15656.8,-2213.83,2026/01/29 19:44:17
2966,323.18,15649.3,-2226.5,2026/01/29 19:44:17
2967,323.29,15644.6,-2224.45,2026/01/29 19:44:17
2968,323.4,15666,-2225.78,2026/01/29 19:44:18
2969,323.5,15660.2,-2224.72,2026/01/29 19:44:18
2970,323.61,15657.2,-2224.7,2026/01/29 19:44:18
2971,323.72,15650.3,-2223.52,2026/01/29 19:44:18
2972,323.83,15670,-2222.04,2026/01/29 19:44:18
2973,323.94,15656.1,-2216.82,2026/01/29 19:44:18
2974,324.05,15649,-2215.01,2026/01/29 19:44:18
2975,324.16,15649.6,-2216.8,2026/01/29 19:44:18
2976,324.27,15643.7,-2228.64,2026/01/29 19:44:18
2977,324.38,15649,-2224.56,2026/01/29 19:44:19
2978,324.49,15660.1,-2225.65,2026/01/29 19:44:19
2979,324.59,15659,-2225.46,2026/01/29 19:44:19
2980,324.7,15653.4,-2223.47,2026/01/29 19:44:19
2981,324.81,15640.1,-2223.95,2026/01/29 19:44:19
2982,324.92,15639.4,-2222.77,2026/01/29 19:44:19
2983,325.03,15645.9,-2218.44,2026/01/29 19:44:19
2984,325.14,50995.9,-9145.95,2026/01/29 19:44:19
2985,325.25,220117,-11601500,2026/01/29 19:44:19
2986,325.38,115432,42381.7,2026/01/29 19:44:20
2987,325.49,15648.4,-2225.15,2026/01/29 19:44:20
2988,325.64,15659.3,-2227,2026/01/29 19:44:20
2989,325.75,15656.8,-2226.08,2026/01/29 19:44:20
2990,325.86,15650.7,-2224.86,2026/01/29 19:44:20
2991,325.97,15647,-2224.05,2026/01/29 19:44:20
2992,326.07,15635.8,-2222,2026/01/29 19:44:20
2993,326.18,510138,-11283000,2026/01/29 19:44:20
2994,326.29,261646,-11248700,2026/01/29 19:44:20
2995,326.42,140831,-11782300,2026/01/29 19:44:21
2996,326.53,16759.6,-2318.72,2026/01/29 19:44:21
2997,326.66,15657.1,-2227.89,2026/01/29 19:44:21
2998,326.79,15658.7,-2227.47,2026/01/29 19:44:21
2999,326.9,15658.5,-2227.22,2026/01/29 19:44:21
3000,327.01,15657.6,-2226.79,2026/01/29 19:44:21
3001,327.12,15654.3,-2226.2,2026/01/29 19:44:21
3002,327.23,15646.5,-2225.54,2026/01/29 19:44:21
3003,327.34,63765,21458.3,2026/01/29 19:44:22
3004,327.45,222922,-11496200,2026/01/29 19:44:22
3005,327.56,279614,-11535100,2026/01/29 19:44:22
3006,327.69,87478.2,11818,2026/01/29 19:44:22
3007,327.8,15653.6,-2228.47,2026/01/29 19:44:22
3008,327.95,15652.4,-2227.73,2026/01/29 19:44:22
3009,328.06,15654.7,-2226.87,2026/01/29 19:44:22
3010,328.17,15652.6,-2226.01,2026/01/29 19:44:22
3011,328.28,15647.5,-2225.81,2026/01/29 19:44:22
3012,328.38,-35641.5,-11654600,2026/01/29 19:44:23
3013,328.49,91734.6,6222.88,2026/01/29 19:44:23
3014,328.62,15786.2,-2404.18,2026/01/29 19:44:23
3015,328.78,15657,-2229.3,2026/01/29 19:44:23
3016,328.95,15653.1,-2228.91,2026/01/29 19:44:23
3017,329.06,15655.7,-2227.4,2026/01/29 19:44:23
3018,329.17,15650.7,-2226.93,2026/01/29 19:44:23
3019,329.28,15650.3,-2225.45,2026/01/29 19:44:23
3020,329.39,25733.2,-116.378,2026/01/29 19:44:24
3021,329.5,318147,-11341300,2026/01/29 19:44:24
3022,329.63,3364170,-1897690,2026/01/29 19:44:24
3023,329.73,446010,-11466700,2026/01/29 19:44:24
3024,329.84,47516.4,-5883.48,2026/01/29 19:44:24
3025,329.95,15650,-2229.5,2026/01/29 19:44:24
3026,330.11,15652.4,-2228.47,2026/01/29 19:44:24
3027,330.22,15650.6,-2228.5,2026/01/29 19:44:24
3028,330.32,15652.4,-2227.52,2026/01/29 19:44:25
3029,330.43,15649.6,-2227.86,2026/01/29 19:44:25
3030,330.54,15648.9,-2226.56,2026/01/29 19:44:25
3031,330.65,15648.8,-2226.46,2026/01/29 19:44:25
3032,330.76,15640.6,-2226.81,2026/01/29 19:44:25
3033,330.87,15635.8,-2228.48,2026/01/29 19:44:25
3034,330.98,15657.6,-2225.39,2026/01/29 19:44:25
3035,331.09,15654.1,-2225.46,2026/01/29 19:44:25
3036,331.19,15658.8,-2226.28,2026/01/29 19:44:25
3037,331.3,15654.9,-2225.92,2026/01/29 19:44:25
3038,331.41,15657.8,-2226.18,2026/01/29 19:44:26
3039,331.52,15656.5,-2226.03,2026/01/29 19:44:26
3040,331.63,15657.7,-2225.87,2026/01/29 19:44:26
3041,331.74,15662.6,-2225,2026/01/29 19:44:26
3042,331.85,15670.3,-2222.36,2026/01/29 19:44:26
3043,331.96,15658.4,-2226.2,2026/01/29 19:44:26
3044,332.07,15660.5,-2225.6,2026/01/29 19:44:26
3045,332.18,15657.8,-2226.26,2026/01/29 19:44:26
3046,332.28,15659.6,-2225.81,2026/01/29 19:44:26
3047,332.39,15660.8,-2225.13,2026/01/29 19:44:27
3048,332.5,15660.5,-2225.14,2026/01/29 19:44:27
3049,332.61,15659.5,-2226.05,2026/01/29 19:44:27
3050,332.72,15659.4,-2225.79,2026/01/29 19:44:27
3051,332.83,15659.8,-2225.91,2026/01/29 19:44:27
3052,332.94,15659.7,-2226.01,2026/01/29 19:44:27
3053,333.05,15660,-2225.98,2026/01/29 19:44:27
3054,333.16,15659.9,-2226.09,2026/01/29 19:44:27
3055,333.27,15659.9,-2226.11,2026/01/29 19:44:27
3056,333.37,15659.8,-2225.88,2026/01/29 19:44:28
3057,333.48,15660.3,-2226.26,2026/01/29 19:44:28
3058,333.59,15659.8,-2225.79,2026/01/29 19:44:28
3059,333.7,15660.6,-2225.88,2026/01/29 19:44:28
3060,333.81,15660.5,-2225.52,2026/01/29 19:44:28
3061,333.92,15661.4,-2225.49,2026/01/29 19:44:28
3062,334.03,15663,-2226.58,2026/01/29 19:44:28
3063,334.14,15664.4,-2226.47,2026/01/29 19:44:28
3064,334.25,15660.4,-2225.54,2026/01/29 19:44:28
3065,334.36,15662,-2226.49,2026/01/29 19:44:29
3066,334.46,15662.6,-2225.1,2026/01/29 19:44:29
3067,334.57,15663.1,-2226.05,2026/01/29 19:44:29
3068,334.68,15664.8,-2225.39,2026/01/29 19:44:29
3069,334.79,15665.1,-2225.35,2026/01/29 19:44:29
3070,334.9,15664.5,-2225.63,2026/01/29 19:44:29
3071,335.01,15664.9,-2225.22,2026/01/29 19:44:29
3072,335.12,15664.3,-2225.7,2026/01/29 19:44:29
3073,335.23,15665.1,-2225.43,2026/01/29 19:44:29
3074,335.34,15665.1,-2224.78,2026/01/29 19:44:30
3075,335.45,15665.8,-2225.38,2026/01/29 19:44:30
3076,335.56,15664.2,-2225.44,2026/01/29 19:44:30
3077,335.66,15665.8,-2225.15,2026/01/29 19:44:30
3078,335.77,15664.9,-2225.44,2026/01/29 19:44:30
3079,335.88,15665.3,-2225.14,2026/01/29 19:44:30
3080,335.99,15665.1,-2225.25,2026/01/29 19:44:30
3081,336.1,15665,-2225.37,2026/01/29 19:44:30
3082,336.21,15665.6,-2225.26,2026/01/29 19:44:30
3083,336.32,15665,-2225.23,2026/01/29 19:44:30
