序号,相对时间(s),R（Ω）,X（Ω）,时间
1,0,18395.7,-412.743,2026/01/23 15:47:32
2,0.15,18401.2,-420.01,2026/01/23 15:47:32
3,0.26,18392.9,-415.218,2026/01/23 15:47:32
4,0.37,18402.4,-418.451,2026/01/23 15:47:32
5,0.48,18395.2,-416.407,2026/01/23 15:47:32
6,0.59,18404.5,-417.149,2026/01/23 15:47:32
7,0.7,18403.9,-422.688,2026/01/23 15:47:32
8,0.81,18402.5,-416.682,2026/01/23 15:47:32
9,0.92,18408.3,-420.72,2026/01/23 15:47:32
10,1.03,18401.2,-416.259,2026/01/23 15:47:33
11,1.14,18413,-419.903,2026/01/23 15:47:33
12,1.24,18402,-419.048,2026/01/23 15:47:33
13,1.35,18415.6,-416.545,2026/01/23 15:47:33
14,1.46,18403.4,-419.335,2026/01/23 15:47:33
15,1.57,18412.6,-420.264,2026/01/23 15:47:33
16,1.68,18410.8,-418.841,2026/01/23 15:47:33
17,1.79,18407.5,-420.794,2026/01/23 15:47:33
18,1.9,18413.4,-415.949,2026/01/23 15:47:33
19,2.01,19870.5,-641.715,2026/01/23 15:47:34
20,2.12,23736.1,-435.488,2026/01/23 15:47:34
21,2.22,23841.7,-393.349,2026/01/23 15:47:34
22,2.33,23843.6,-377.472,2026/01/23 15:47:34
23,2.44,23822.6,-396.63,2026/01/23 15:47:34
24,2.55,23844.1,-381.104,2026/01/23 15:47:34
25,2.66,23829.1,-389.721,2026/01/23 15:47:34
26,2.77,23846,-391.91,2026/01/23 15:47:34
27,2.88,23825.4,-386.129,2026/01/23 15:47:34
28,2.99,23848.9,-396.394,2026/01/23 15:47:35
29,3.1,23839.7,-381.604,2026/01/23 15:47:35
30,3.21,22052.4,-119.552,2026/01/23 15:47:35
31,3.32,18868.9,-384.054,2026/01/23 15:47:35
32,3.42,18710.3,-418.923,2026/01/23 15:47:35
33,3.53,18660.2,-410.463,2026/01/23 15:47:35
34,3.64,18621.9,-422.331,2026/01/23 15:47:35
35,3.75,18601.6,-411.456,2026/01/23 15:47:35
36,3.86,18569.2,-420.45,2026/01/23 15:47:35
37,3.97,18565.8,-414.316,2026/01/23 15:47:36
38,4.08,18536.7,-418.396,2026/01/23 15:47:36
39,4.19,18537.7,-419.938,2026/01/23 15:47:36
40,4.29,18518.9,-416.264,2026/01/23 15:47:36
41,4.4,18637.5,-455.767,2026/01/23 15:47:36
42,4.51,22674.8,-556.928,2026/01/23 15:47:36
43,4.62,23843.5,-395.937,2026/01/23 15:47:36
44,4.73,23848.2,-368.81,2026/01/23 15:47:36
45,4.84,23830.5,-399.06,2026/01/23 15:47:36
46,4.95,23842,-378.246,2026/01/23 15:47:36
47,5.06,23836.5,-399.968,2026/01/23 15:47:37
48,5.17,23832.9,-380.102,2026/01/23 15:47:37
49,5.28,23841,-392.081,2026/01/23 15:47:37
50,5.38,23827.3,-378.784,2026/01/23 15:47:37
51,5.49,23846.2,-391.622,2026/01/23 15:47:37
52,5.6,23627.5,-304.458,2026/01/23 15:47:37
53,5.71,19422.3,-283.856,2026/01/23 15:47:37
54,5.82,18765.1,-417.856,2026/01/23 15:47:37
55,5.93,18698.5,-414.694,2026/01/23 15:47:37
56,6.04,18662.8,-419.456,2026/01/23 15:47:38
57,6.15,18623,-420.624,2026/01/23 15:47:38
58,6.26,18603.9,-416.699,2026/01/23 15:47:38
59,6.37,18574.5,-421.398,2026/01/23 15:47:38
60,6.47,18571.6,-415.638,2026/01/23 15:47:38
61,6.58,18543.9,-423.355,2026/01/23 15:47:38
62,6.69,18541.5,-416.308,2026/01/23 15:47:38
63,6.8,18524.8,-421.372,2026/01/23 15:47:38
64,6.91,20624.6,-653.271,2026/01/23 15:47:38
65,7.02,23808.1,-403.514,2026/01/23 15:47:39
66,7.13,23826.7,-399.605,2026/01/23 15:47:39
67,7.24,23813.7,-377.963,2026/01/23 15:47:39
68,7.34,23820.1,-397.341,2026/01/23 15:47:39
69,7.46,23818.5,-377.841,2026/01/23 15:47:39
70,7.56,23807.2,-392.479,2026/01/23 15:47:39
71,7.67,23815.9,-371.247,2026/01/23 15:47:39
72,7.78,23798.1,-395.123,2026/01/23 15:47:39
73,7.89,23817.4,-387.735,2026/01/23 15:47:39
74,8,23807.1,-391.739,2026/01/23 15:47:40
75,8.11,21296.7,-95.3672,2026/01/23 15:47:40
76,8.22,18834.7,-402.906,2026/01/23 15:47:40
77,8.33,18738.4,-414.56,2026/01/23 15:47:40
78,8.43,18686.7,-417.644,2026/01/23 15:47:40
79,8.54,18651.6,-417.913,2026/01/23 15:47:40
80,8.65,18630.7,-415.046,2026/01/23 15:47:40
81,8.76,18600.2,-427.314,2026/01/23 15:47:40
82,8.87,18592.3,-414.74,2026/01/23 15:47:40
83,8.98,18572.2,-426.599,2026/01/23 15:47:41
84,9.09,18560.7,-415.995,2026/01/23 15:47:41
85,9.2,18551.8,-427.243,2026/01/23 15:47:41
86,9.31,18847.7,-486.503,2026/01/23 15:47:41
87,9.42,23149.4,-519.771,2026/01/23 15:47:41
88,9.52,23845.9,-387.114,2026/01/23 15:47:41
89,9.63,23858.9,-389.89,2026/01/23 15:47:41
90,9.74,23836.9,-385.876,2026/01/23 15:47:41
91,9.85,23846,-391.783,2026/01/23 15:47:41
92,9.96,23850.9,-384.478,2026/01/23 15:47:42
93,10.07,23843.1,-392.628,2026/01/23 15:47:42
94,10.18,23859.3,-390.156,2026/01/23 15:47:42
95,10.29,23850,-392.203,2026/01/23 15:47:42
96,10.4,23867.4,-376.849,2026/01/23 15:47:42
97,10.5,23347.2,-252.352,2026/01/23 15:47:42
98,10.62,19191.7,-335.782,2026/01/23 15:47:42
99,10.72,18791.9,-423.232,2026/01/23 15:47:42
100,10.83,18743.2,-414.519,2026/01/23 15:47:42
101,10.94,18690.9,-417.211,2026/01/23 15:47:42
102,11.05,18669.7,-421.507,2026/01/23 15:47:43
103,11.16,18632.4,-417.63,2026/01/23 15:47:43
104,11.27,18619.3,-421.296,2026/01/23 15:47:43
105,11.38,18591.3,-419.145,2026/01/23 15:47:43
106,11.49,18582.4,-422.735,2026/01/23 15:47:43
107,11.59,18569.7,-418.103,2026/01/23 15:47:43
108,11.7,18563.3,-427.349,2026/01/23 15:47:43
109,11.81,21404.9,-619.957,2026/01/23 15:47:43
110,11.92,23857.4,-405.82,2026/01/23 15:47:43
111,12.03,23852,-380.326,2026/01/23 15:47:44
112,12.14,23837.8,-397.847,2026/01/23 15:47:44
113,12.25,23837.1,-371.732,2026/01/23 15:47:44
114,12.36,23833.8,-397.793,2026/01/23 15:47:44
115,12.47,23829.4,-387.134,2026/01/23 15:47:44
116,12.58,23848.5,-396.539,2026/01/23 15:47:44
117,12.69,23824.7,-385.515,2026/01/23 15:47:44
118,12.79,23847.8,-391.426,2026/01/23 15:47:44
119,12.9,23833.4,-386.001,2026/01/23 15:47:44
120,13.01,20489.2,-132.394,2026/01/23 15:47:45
121,13.12,18832.7,-413.593,2026/01/23 15:47:45
122,13.23,18748.7,-422.494,2026/01/23 15:47:45
123,13.34,18705.4,-415.271,2026/01/23 15:47:45
124,13.45,18665.2,-423.138,2026/01/23 15:47:45
125,13.56,18642.4,-413.389,2026/01/23 15:47:45
126,13.67,18612.3,-427.945,2026/01/23 15:47:45
127,13.78,18597.8,-414.317,2026/01/23 15:47:45
128,13.88,18571.7,-427.788,2026/01/23 15:47:45
129,13.99,18566,-419.39,2026/01/23 15:47:46
130,14.1,18543.6,-423.489,2026/01/23 15:47:46
131,14.21,19274.4,-579.879,2026/01/23 15:47:46
132,14.32,23468.8,-470.938,2026/01/23 15:47:46
133,14.43,23827.6,-386.182,2026/01/23 15:47:46
134,14.54,23796.3,-390.918,2026/01/23 15:47:46
135,14.65,23804.5,-384.096,2026/01/23 15:47:46
136,14.76,23796.4,-399.691,2026/01/23 15:47:46
137,14.87,23805.5,-378.804,2026/01/23 15:47:46
138,14.98,23805.9,-390.3,2026/01/23 15:47:47
139,15.09,23808.2,-391.094,2026/01/23 15:47:47
140,15.19,23817,-390.382,2026/01/23 15:47:47
141,15.3,23817.8,-397.136,2026/01/23 15:47:47
142,15.41,22633.4,-162.573,2026/01/23 15:47:47
143,15.52,18992.8,-379.432,2026/01/23 15:47:47
144,15.63,18772,-413.694,2026/01/23 15:47:47
145,15.74,18730.3,-420.441,2026/01/23 15:47:47
146,15.85,18682.8,-420.976,2026/01/23 15:47:47
147,15.96,18665.4,-418.062,2026/01/23 15:47:48
148,16.07,18628.6,-420.495,2026/01/23 15:47:48
149,16.18,18623.5,-419.654,2026/01/23 15:47:48
150,16.28,18591.7,-424.531,2026/01/23 15:47:48
151,16.39,18587.5,-422.39,2026/01/23 15:47:48
152,16.5,18570.1,-419.205,2026/01/23 15:47:48
153,16.61,18621,-438.126,2026/01/23 15:47:48
154,16.72,22306.2,-573.905,2026/01/23 15:47:48
155,16.83,23857.1,-397.763,2026/01/23 15:47:48
156,16.94,23828.8,-381.152,2026/01/23 15:47:48
157,17.05,23831.4,-405.923,2026/01/23 15:47:49
158,17.16,23832.9,-378.044,2026/01/23 15:47:49
159,17.27,23830.9,-400.766,2026/01/23 15:47:49
160,17.38,23842.9,-377.881,2026/01/23 15:47:49
161,17.49,23822.6,-392.522,2026/01/23 15:47:49
162,17.59,23838.6,-388.616,2026/01/23 15:47:49
163,17.7,23822.2,-392.936,2026/01/23 15:47:49
164,17.81,23763.2,-338.866,2026/01/23 15:47:49
165,17.92,19693.5,-245.311,2026/01/23 15:47:49
166,18.03,18823.4,-413.726,2026/01/23 15:47:50
167,18.14,18748.9,-421.076,2026/01/23 15:47:50
168,18.25,18711.9,-414.609,2026/01/23 15:47:50
169,18.36,18679.3,-422.335,2026/01/23 15:47:50
170,18.47,18649.6,-417.021,2026/01/23 15:47:50
171,18.57,18633.7,-422.059,2026/01/23 15:47:50
172,18.68,18609.1,-425.915,2026/01/23 15:47:50
173,18.79,18596.5,-413.607,2026/01/23 15:47:50
174,18.9,18583.6,-423.768,2026/01/23 15:47:50
175,19.01,18571.8,-416.108,2026/01/23 15:47:51
176,19.12,20194.5,-659.067,2026/01/23 15:47:51
177,19.23,23753,-420.768,2026/01/23 15:47:51
178,19.34,23837.7,-391.901,2026/01/23 15:47:51
179,19.45,23812.4,-384.295,2026/01/23 15:47:51
180,19.56,23832.1,-387.482,2026/01/23 15:47:51
181,19.67,23822.8,-384.891,2026/01/23 15:47:51
182,19.77,23815.1,-387.818,2026/01/23 15:47:51
183,19.88,23819,-376.077,2026/01/23 15:47:51
184,19.99,23810.1,-397.564,2026/01/23 15:47:52
185,20.1,23819.1,-385.354,2026/01/23 15:47:52
186,20.21,23816.4,-396.759,2026/01/23 15:47:52
187,20.32,21680.5,-91.751,2026/01/23 15:47:52
188,20.43,18898.4,-404.516,2026/01/23 15:47:52
189,20.54,18775.8,-410.196,2026/01/23 15:47:52
190,20.65,18714.6,-422.552,2026/01/23 15:47:52
191,20.76,18685.2,-410.145,2026/01/23 15:47:52
192,20.86,18647.7,-420.732,2026/01/23 15:47:52
193,20.97,18630.2,-421.229,2026/01/23 15:47:53
194,21.08,18599.3,-417.128,2026/01/23 15:47:53
195,21.19,18591.3,-424.785,2026/01/23 15:47:53
196,21.3,18566.5,-416.69,2026/01/23 15:47:53
197,21.41,18558.5,-423.409,2026/01/23 15:47:53
198,21.52,18739.1,-471.638,2026/01/23 15:47:53
199,21.63,22921.9,-548.206,2026/01/23 15:47:53
200,21.74,23812.4,-381.081,2026/01/23 15:47:53
201,21.85,23793.7,-400.816,2026/01/23 15:47:53
202,21.95,23808.3,-388.338,2026/01/23 15:47:53
203,22.06,23788.8,-396.297,2026/01/23 15:47:54
204,22.17,23813.9,-387.976,2026/01/23 15:47:54
205,22.28,23796.5,-393.735,2026/01/23 15:47:54
206,22.39,23815,-382.789,2026/01/23 15:47:54
207,22.5,23810.3,-386.858,2026/01/23 15:47:54
208,22.61,23813.9,-394.295,2026/01/23 15:47:54
209,22.72,23513.6,-265.321,2026/01/23 15:47:54
210,22.83,19295.2,-322.095,2026/01/23 15:47:54
211,22.93,18817.1,-413.095,2026/01/23 15:47:54
212,23.04,18744.9,-423.587,2026/01/23 15:47:55
213,23.15,18714.3,-413.508,2026/01/23 15:47:55
214,23.26,18674.3,-425.178,2026/01/23 15:47:55
215,23.37,18652,-418.012,2026/01/23 15:47:55
216,23.48,18629.1,-423.182,2026/01/23 15:47:55
217,23.59,18613.6,-416.674,2026/01/23 15:47:55
218,23.7,18599,-424.466,2026/01/23 15:47:55
219,23.81,18579.4,-419.884,2026/01/23 15:47:55
220,23.92,18574.8,-421.832,2026/01/23 15:47:55
221,24.03,21094.5,-640.597,2026/01/23 15:47:56
222,24.14,23831.6,-387.386,2026/01/23 15:47:56
223,24.25,23816.4,-396.017,2026/01/23 15:47:56
224,24.35,23811.9,-380.637,2026/01/23 15:47:56
225,24.46,23801.4,-399.654,2026/01/23 15:47:56
226,24.57,23801.4,-374.202,2026/01/23 15:47:56
227,24.68,23798.8,-396.033,2026/01/23 15:47:56
228,24.79,23794.3,-377.63,2026/01/23 15:47:56
229,24.9,23801.4,-397.998,2026/01/23 15:47:56
230,25.01,23794.4,-380.595,2026/01/23 15:47:57
231,25.12,23805.3,-399.114,2026/01/23 15:47:57
232,25.23,20659.6,-121.199,2026/01/23 15:47:57
233,25.34,18848,-409.864,2026/01/23 15:47:57
234,25.45,18748.6,-417.656,2026/01/23 15:47:57
235,25.56,18703.5,-415.664,2026/01/23 15:47:57
236,25.66,18664.1,-423.979,2026/01/23 15:47:57
237,25.77,18636,-413.089,2026/01/23 15:47:57
238,25.88,18610.2,-428.599,2026/01/23 15:47:57
239,25.99,18588.3,-414.694,2026/01/23 15:47:58
240,26.1,18576.2,-426.794,2026/01/23 15:47:58
241,26.21,18556.4,-417.898,2026/01/23 15:47:58
242,26.32,18552.4,-425.854,2026/01/23 15:47:58
243,26.43,19133.5,-557.888,2026/01/23 15:47:58
244,26.54,23404.2,-481.5,2026/01/23 15:47:58
245,26.65,23790.7,-395.975,2026/01/23 15:47:58
246,26.76,23777.9,-383.496,2026/01/23 15:47:58
247,26.86,23774.9,-391.886,2026/01/23 15:47:58
248,26.97,23772.2,-376.612,2026/01/23 15:47:59
249,27.08,23783.4,-401.432,2026/01/23 15:47:59
250,27.19,23778.4,-384.64,2026/01/23 15:47:59
251,27.3,23792.9,-400.158,2026/01/23 15:47:59
252,27.41,23791.9,-383.518,2026/01/23 15:47:59
253,27.52,23794.7,-403.119,2026/01/23 15:47:59
254,27.63,22787.7,-176.9,2026/01/23 15:47:59
255,27.74,19029.4,-371.851,2026/01/23 15:47:59
256,27.85,18779,-418.274,2026/01/23 15:47:59
257,27.96,18729.8,-415.837,2026/01/23 15:47:59
258,28.07,18686.6,-426.724,2026/01/23 15:48:00
259,28.17,18661.1,-411.952,2026/01/23 15:48:00
260,28.28,18632.7,-425.692,2026/01/23 15:48:00
261,28.39,18617.8,-415.734,2026/01/23 15:48:00
262,28.5,18599.3,-426.308,2026/01/23 15:48:00
263,28.61,18592.6,-418.021,2026/01/23 15:48:00
264,28.72,18578.9,-420.035,2026/01/23 15:48:00
265,28.83,18607.5,-434.868,2026/01/23 15:48:00
266,28.94,22082.5,-579.313,2026/01/23 15:48:00
267,29.04,23838.7,-401.068,2026/01/23 15:48:01
268,29.15,23840.7,-379.653,2026/01/23 15:48:01
269,29.26,23817.7,-402.033,2026/01/23 15:48:01
270,29.37,23837.6,-386.639,2026/01/23 15:48:01
271,29.48,23831.8,-388.806,2026/01/23 15:48:01
272,29.59,23849.3,-387.794,2026/01/23 15:48:01
273,29.7,23848.8,-391.63,2026/01/23 15:48:01
274,29.81,23851,-402.063,2026/01/23 15:48:01
275,29.92,23858.5,-375.337,2026/01/23 15:48:01
276,30.03,23812.2,-363.007,2026/01/23 15:48:02
277,30.13,19916.7,-203.526,2026/01/23 15:48:02
278,30.24,18871.9,-414.45,2026/01/23 15:48:02
279,30.35,18811.7,-423.158,2026/01/23 15:48:02
280,30.46,18753.6,-418.753,2026/01/23 15:48:02
281,30.57,18726.7,-424.966,2026/01/23 15:48:02
282,30.68,18691.3,-417.784,2026/01/23 15:48:02
283,30.79,18675.1,-424.611,2026/01/23 15:48:02
284,30.9,18655.4,-413.433,2026/01/23 15:48:02
285,31.01,18636.8,-425.735,2026/01/23 15:48:03
286,31.12,18632.3,-422.539,2026/01/23 15:48:03
287,31.22,18617.3,-418.925,2026/01/23 15:48:03
288,31.33,19866.5,-631.947,2026/01/23 15:48:03
289,31.44,23765.3,-432.158,2026/01/23 15:48:03
290,31.55,23881.3,-392.216,2026/01/23 15:48:03
291,31.66,23876,-374.018,2026/01/23 15:48:03
292,31.77,23865.8,-392.519,2026/01/23 15:48:03
293,31.88,23883.2,-388.272,2026/01/23 15:48:03
294,31.99,23869.1,-400.14,2026/01/23 15:48:04
295,32.1,23889.8,-389.801,2026/01/23 15:48:04
296,32.21,23870.3,-397,2026/01/23 15:48:04
297,32.31,23885.9,-388.872,2026/01/23 15:48:04
298,32.42,23883.3,-390.108,2026/01/23 15:48:04
299,32.53,22077.3,-120.135,2026/01/23 15:48:04
300,32.64,19004.1,-393.163,2026/01/23 15:48:04
301,32.75,18843.5,-417.269,2026/01/23 15:48:04
302,32.86,18801.5,-421.31,2026/01/23 15:48:04
303,32.97,18754.2,-418.723,2026/01/23 15:48:05
304,33.08,18735.1,-421.239,2026/01/23 15:48:05
305,33.19,18700.8,-419.641,2026/01/23 15:48:05
306,33.29,18688.5,-424.772,2026/01/23 15:48:05
307,33.4,18669.9,-426.538,2026/01/23 15:48:05
308,33.51,18659.2,-415.109,2026/01/23 15:48:05
309,33.62,18643.1,-425.827,2026/01/23 15:48:05
310,33.73,18751.9,-445.081,2026/01/23 15:48:05
311,33.84,22744.4,-565.724,2026/01/23 15:48:05
312,33.95,23916.1,-383.411,2026/01/23 15:48:05
313,34.06,23894.4,-386.621,2026/01/23 15:48:06
314,34.17,23888.2,-387.974,2026/01/23 15:48:06
315,34.27,23891.1,-384.439,2026/01/23 15:48:06
316,34.38,23878.8,-404.773,2026/01/23 15:48:06
317,34.49,23900.4,-389.832,2026/01/23 15:48:06
318,34.6,23875.5,-398.696,2026/01/23 15:48:06
319,34.71,23896.9,-388.635,2026/01/23 15:48:06
320,34.82,23876,-387.771,2026/01/23 15:48:06
321,34.93,23677.1,-307.404,2026/01/23 15:48:06
322,35.04,19476,-280.819,2026/01/23 15:48:07
323,35.15,18876.2,-427.397,2026/01/23 15:48:07
324,35.25,18817.8,-413.531,2026/01/23 15:48:07
325,35.36,18763.9,-420.811,2026/01/23 15:48:07
326,35.47,18735.1,-422.782,2026/01/23 15:48:07
327,35.58,18703.3,-416.929,2026/01/23 15:48:07
328,35.69,18678.9,-427.529,2026/01/23 15:48:07
329,35.8,18663.4,-414.847,2026/01/23 15:48:07
330,35.91,18641,-424.141,2026/01/23 15:48:07
331,36.02,18638.7,-420.817,2026/01/23 15:48:08
332,36.13,18613.2,-429.601,2026/01/23 15:48:08
333,36.24,20658.9,-646.062,2026/01/23 15:48:08
334,36.34,23844.9,-404.854,2026/01/23 15:48:08
335,36.45,23867.8,-395.173,2026/01/23 15:48:08
336,36.56,23859.4,-389.833,2026/01/23 15:48:08
337,36.67,23840.1,-379.12,2026/01/23 15:48:08
338,36.78,23850.7,-398.794,2026/01/23 15:48:08
339,36.89,23845.5,-384.611,2026/01/23 15:48:08
340,37,23848.6,-404.532,2026/01/23 15:48:09
341,37.11,23852.4,-380.1,2026/01/23 15:48:09
342,37.22,23848.5,-400.342,2026/01/23 15:48:09
343,37.33,23850.4,-389.54,2026/01/23 15:48:09
344,37.44,21320.2,-101.975,2026/01/23 15:48:09
345,37.54,18925.4,-407.896,2026/01/23 15:48:09
346,37.65,18829.1,-412.681,2026/01/23 15:48:09
347,37.76,18768.3,-420.632,2026/01/23 15:48:09
348,37.87,18744.4,-417.853,2026/01/23 15:48:09
349,37.98,18701.9,-420.362,2026/01/23 15:48:10
350,38.09,18690.2,-424.394,2026/01/23 15:48:10
351,38.2,18661.2,-417.996,2026/01/23 15:48:10
352,38.31,18652.6,-422.999,2026/01/23 15:48:10
353,38.42,18638.7,-412.482,2026/01/23 15:48:10
354,38.52,18623.7,-431.075,2026/01/23 15:48:10
355,38.63,18929.4,-490.323,2026/01/23 15:48:10
356,38.74,23200.3,-513.023,2026/01/23 15:48:10
357,38.85,23889,-393.244,2026/01/23 15:48:10
358,38.96,23879,-385.885,2026/01/23 15:48:11
359,39.07,23876.2,-393.529,2026/01/23 15:48:11
360,39.18,23883.5,-385.124,2026/01/23 15:48:11
361,39.29,23874,-394.153,2026/01/23 15:48:11
362,39.4,23895.6,-386.602,2026/01/23 15:48:11
363,39.51,23877.8,-390.355,2026/01/23 15:48:11
364,39.62,23900.8,-398.122,2026/01/23 15:48:11
365,39.72,23883.1,-390.874,2026/01/23 15:48:11
366,39.83,23356.6,-228.146,2026/01/23 15:48:11
367,39.94,19238.7,-347.332,2026/01/23 15:48:11
368,40.05,18877.2,-412.13,2026/01/23 15:48:12
369,40.16,18819.6,-426.938,2026/01/23 15:48:12
370,40.27,18775.7,-415.979,2026/01/23 15:48:12
371,40.38,18740.7,-423.735,2026/01/23 15:48:12
372,40.49,18718.3,-417.565,2026/01/23 15:48:12
373,40.6,18696.8,-425.448,2026/01/23 15:48:12
374,40.7,18678.6,-427.583,2026/01/23 15:48:12
375,40.81,18664,-416.177,2026/01/23 15:48:12
376,40.92,18640.9,-430.462,2026/01/23 15:48:12
377,41.03,18655.4,-427.446,2026/01/23 15:48:13
378,41.14,21475.4,-632.562,2026/01/23 15:48:13
379,41.25,23925.2,-390.792,2026/01/23 15:48:13
380,41.36,23881.7,-385.829,2026/01/23 15:48:13
381,41.47,23881.4,-399.804,2026/01/23 15:48:13
382,41.58,23879.5,-375.195,2026/01/23 15:48:13
383,41.69,23875.5,-406.112,2026/01/23 15:48:13
384,41.8,23886.5,-367.982,2026/01/23 15:48:13
385,41.91,23877.6,-409.442,2026/01/23 15:48:13
386,42.01,23893.8,-390.909,2026/01/23 15:48:14
387,42.12,23880.2,-389.932,2026/01/23 15:48:14
388,42.23,23895.3,-398.4,2026/01/23 15:48:14
389,42.34,20440.7,-144.092,2026/01/23 15:48:14
390,42.45,18922.7,-418.083,2026/01/23 15:48:14
391,42.56,18847.9,-423.911,2026/01/23 15:48:14
392,42.67,18785.7,-418.463,2026/01/23 15:48:14
393,42.78,18756.2,-421.511,2026/01/23 15:48:14
394,42.89,18718.1,-416.084,2026/01/23 15:48:14
395,43,18699.9,-424.77,2026/01/23 15:48:15
396,43.1,18671.3,-420.896,2026/01/23 15:48:15
397,43.21,18660.7,-418.815,2026/01/23 15:48:15
398,43.32,18637.8,-424.542,2026/01/23 15:48:15
399,43.43,18633.8,-415.843,2026/01/23 15:48:15
400,43.54,19361.3,-586.694,2026/01/23 15:48:15
401,43.65,23573.1,-476.853,2026/01/23 15:48:15
402,43.76,23879.2,-392.665,2026/01/23 15:48:15
403,43.87,23883.5,-387.468,2026/01/23 15:48:15
404,43.97,23866.3,-392.958,2026/01/23 15:48:16
405,44.08,23877.3,-396.434,2026/01/23 15:48:16
406,44.19,23873.1,-388.458,2026/01/23 15:48:16
407,44.3,23867,-403.158,2026/01/23 15:48:16
408,44.41,23886.1,-382.231,2026/01/23 15:48:16
409,44.52,23865.7,-393.479,2026/01/23 15:48:16
410,44.63,23883.8,-391.663,2026/01/23 15:48:16
411,44.74,22684,-163.482,2026/01/23 15:48:16
412,44.85,19076.2,-384.182,2026/01/23 15:48:16
413,44.96,18861.1,-417.047,2026/01/23 15:48:16
414,45.07,18807.3,-422.421,2026/01/23 15:48:17
415,45.18,18767.1,-414.802,2026/01/23 15:48:17
416,45.28,18731.5,-426.88,2026/01/23 15:48:17
417,45.39,18717.2,-416.767,2026/01/23 15:48:17
418,45.5,18685.8,-423.853,2026/01/23 15:48:17
419,45.61,18678.9,-416.686,2026/01/23 15:48:17
420,45.72,18657.5,-415.755,2026/01/23 15:48:17
421,45.83,18641.9,-416.923,2026/01/23 15:48:17
422,45.94,18688.8,-433.003,2026/01/23 15:48:17
423,46.05,22346.4,-578.667,2026/01/23 15:48:18
424,46.16,23900.9,-397.106,2026/01/23 15:48:18
425,46.27,23869.8,-385.146,2026/01/23 15:48:18
426,46.38,23880.9,-392.834,2026/01/23 15:48:18
427,46.48,23856.1,-386.253,2026/01/23 15:48:18
428,46.59,23875.2,-391.922,2026/01/23 15:48:18
429,46.7,23866.2,-391.05,2026/01/23 15:48:18
430,46.81,23875,-392.883,2026/01/23 15:48:18
431,46.92,23865.1,-399.428,2026/01/23 15:48:18
432,47.03,23878.2,-377.81,2026/01/23 15:48:19
433,47.14,23783.1,-356.656,2026/01/23 15:48:19
434,47.25,19740.5,-228.589,2026/01/23 15:48:19
435,47.36,18885.8,-416.406,2026/01/23 15:48:19
436,47.47,18820.7,-415.868,2026/01/23 15:48:19
437,47.57,18763.8,-418.843,2026/01/23 15:48:19
438,47.69,18737.2,-418.413,2026/01/23 15:48:19
439,47.79,18697.3,-420.267,2026/01/23 15:48:19
440,47.9,18678.5,-424.201,2026/01/23 15:48:19
441,48.01,18666.4,-413.438,2026/01/23 15:48:20
442,48.12,18639.1,-424.707,2026/01/23 15:48:20
443,48.23,18633.9,-420.066,2026/01/23 15:48:20
444,48.34,18617.2,-417.876,2026/01/23 15:48:20
445,48.45,20212.9,-660.383,2026/01/23 15:48:20
446,48.56,23796.9,-424.856,2026/01/23 15:48:20
447,48.66,23866.8,-389.191,2026/01/23 15:48:20
448,48.77,23860.8,-379.926,2026/01/23 15:48:20
449,48.88,23842.7,-404.01,2026/01/23 15:48:20
450,48.99,23864.4,-388.688,2026/01/23 15:48:21
451,49.1,23843.9,-394.363,2026/01/23 15:48:21
452,49.21,23850.4,-391.976,2026/01/23 15:48:21
453,49.32,23851.6,-395.308,2026/01/23 15:48:21
454,49.43,23844.3,-385.825,2026/01/23 15:48:21
455,49.54,23859.7,-402.424,2026/01/23 15:48:21
456,49.64,21808.2,-101.432,2026/01/23 15:48:21
457,49.75,18969.7,-398.733,2026/01/23 15:48:21
458,49.86,18827,-412.788,2026/01/23 15:48:21
459,49.97,18780.1,-422.69,2026/01/23 15:48:22
460,50.08,18737.3,-418.33,2026/01/23 15:48:22
461,50.19,18714.5,-415.929,2026/01/23 15:48:22
462,50.3,18681.9,-426.301,2026/01/23 15:48:22
463,50.41,18674.2,-417.098,2026/01/23 15:48:22
464,50.52,18646.2,-425.806,2026/01/23 15:48:22
465,50.63,18643.4,-419.529,2026/01/23 15:48:22
466,50.73,18620.7,-419.241,2026/01/23 15:48:22
467,50.84,18775.5,-462.37,2026/01/23 15:48:22
468,50.95,22904.1,-534.358,2026/01/23 15:48:22
469,51.06,23877.3,-401.101,2026/01/23 15:48:23
470,51.17,23883.6,-382.796,2026/01/23 15:48:23
471,51.28,23865.2,-393.125,2026/01/23 15:48:23
472,51.39,23869.8,-390.961,2026/01/23 15:48:23
473,51.5,23874.9,-387.484,2026/01/23 15:48:23
474,51.61,23868.2,-401.922,2026/01/23 15:48:23
475,51.71,23882,-390.023,2026/01/23 15:48:23
476,51.82,23871.1,-393.644,2026/01/23 15:48:23
477,51.93,23891.3,-396.157,2026/01/23 15:48:23
478,52.04,23559.4,-278.619,2026/01/23 15:48:24
479,52.15,19380.6,-316.427,2026/01/23 15:48:24
480,52.26,18884.1,-413.751,2026/01/23 15:48:24
481,52.37,18826.6,-415.673,2026/01/23 15:48:24
482,52.48,18776.2,-422.729,2026/01/23 15:48:24
483,52.59,18749.5,-413.978,2026/01/23 15:48:24
484,52.7,18717.8,-425.881,2026/01/23 15:48:24
485,52.8,18703.3,-415.379,2026/01/23 15:48:24
486,52.91,18678.9,-420.134,2026/01/23 15:48:24
487,53.02,18674.1,-417.014,2026/01/23 15:48:25
488,53.13,18651.1,-419.038,2026/01/23 15:48:25
489,53.24,18644.2,-428.139,2026/01/23 15:48:25
490,53.35,20974.5,-634.697,2026/01/23 15:48:25
491,53.46,23887.7,-407.631,2026/01/23 15:48:25
492,53.57,23909.5,-390.352,2026/01/23 15:48:25
493,53.68,23894.5,-382.91,2026/01/23 15:48:25
494,53.79,23896.5,-393.637,2026/01/23 15:48:25
495,53.89,23902.5,-383.544,2026/01/23 15:48:25
496,54,23886.3,-391.154,2026/01/23 15:48:26
497,54.11,23916.7,-391.781,2026/01/23 15:48:26
498,54.22,23884.6,-395.335,2026/01/23 15:48:26
499,54.33,23912.2,-394.554,2026/01/23 15:48:26
500,54.44,23893.6,-385.72,2026/01/23 15:48:26
501,54.55,21009.3,-103.797,2026/01/23 15:48:26
502,54.66,18954.7,-406.267,2026/01/23 15:48:26
503,54.77,18860,-408.953,2026/01/23 15:48:26
504,54.88,18803.3,-423.619,2026/01/23 15:48:26
505,54.98,18773.1,-412.728,2026/01/23 15:48:27
506,55.09,18732.3,-423.817,2026/01/23 15:48:27
507,55.2,18720,-417.157,2026/01/23 15:48:27
508,55.31,18690.8,-419.276,2026/01/23 15:48:27
509,55.42,18680.6,-422.544,2026/01/23 15:48:27
510,55.53,18663.8,-411.322,2026/01/23 15:48:27
511,55.64,18647.3,-427.231,2026/01/23 15:48:27
512,55.75,19083.2,-515.559,2026/01/23 15:48:27
513,55.86,23377.4,-498.324,2026/01/23 15:48:27
514,55.97,23917,-391.047,2026/01/23 15:48:28
515,56.08,23902.8,-385.04,2026/01/23 15:48:28
516,56.18,23894.5,-399.23,2026/01/23 15:48:28
517,56.29,23909.1,-387.787,2026/01/23 15:48:28
518,56.4,23891.1,-396.583,2026/01/23 15:48:28
519,56.51,23913,-395.528,2026/01/23 15:48:28
520,56.62,23889.5,-381.125,2026/01/23 15:48:28
521,56.73,23914.5,-395.646,2026/01/23 15:48:28
522,56.84,23901.9,-392.014,2026/01/23 15:48:28
523,56.95,23175.4,-204.672,2026/01/23 15:48:28
524,57.06,19188.8,-363.985,2026/01/23 15:48:29
525,57.16,18898.7,-411.283,2026/01/23 15:48:29
526,57.27,18829.8,-423.206,2026/01/23 15:48:29
527,57.38,18796.5,-414.532,2026/01/23 15:48:29
528,57.49,18752.9,-418.948,2026/01/23 15:48:29
529,57.6,18735.4,-419.617,2026/01/23 15:48:29
530,57.71,18707.8,-414.372,2026/01/23 15:48:29
531,57.82,18687.5,-424.224,2026/01/23 15:48:29
532,57.93,18679.8,-411.81,2026/01/23 15:48:29
533,58.04,18658.2,-423.794,2026/01/23 15:48:30
534,58.15,18672.3,-427.896,2026/01/23 15:48:30
535,58.25,21806.7,-611.285,2026/01/23 15:48:30
536,58.36,23913.3,-388.786,2026/01/23 15:48:30
537,58.47,23906.9,-384.818,2026/01/23 15:48:30
538,58.58,23885.8,-396.207,2026/01/23 15:48:30
539,58.69,23897.5,-390.865,2026/01/23 15:48:30
540,58.8,23877.5,-387.762,2026/01/23 15:48:30
541,58.91,23899.4,-388.432,2026/01/23 15:48:30
542,59.02,23885.3,-389.609,2026/01/23 15:48:31
543,59.13,23885.5,-391.685,2026/01/23 15:48:31
544,59.23,23888.2,-400.322,2026/01/23 15:48:31
545,59.34,23880.2,-366.321,2026/01/23 15:48:31
546,59.45,20265.5,-164.062,2026/01/23 15:48:31
547,59.56,18924,-408.841,2026/01/23 15:48:31
548,59.67,18834.1,-421.069,2026/01/23 15:48:31
549,59.78,18793.4,-416.077,2026/01/23 15:48:31
550,59.89,18751.3,-414.606,2026/01/23 15:48:31
551,60,18720.9,-423.909,2026/01/23 15:48:32
552,60.11,18705.1,-414.35,2026/01/23 15:48:32
553,60.21,18675.1,-423.356,2026/01/23 15:48:32
554,60.32,18673.2,-418.948,2026/01/23 15:48:32
555,60.43,18649.2,-417.267,2026/01/23 15:48:32
556,60.54,18642.9,-423.9,2026/01/23 15:48:32
557,60.65,19503.7,-587.958,2026/01/23 15:48:32
558,60.76,23616.5,-464.429,2026/01/23 15:48:32
559,60.87,23905.4,-375.376,2026/01/23 15:48:32
560,60.98,23874.1,-392.347,2026/01/23 15:48:33
561,61.09,23893,-383.468,2026/01/23 15:48:33
562,61.19,23871.5,-386.518,2026/01/23 15:48:33
563,61.3,23878.5,-392.83,2026/01/23 15:48:33
564,61.41,23880.4,-391.555,2026/01/23 15:48:33
565,61.52,23873.6,-383.345,2026/01/23 15:48:33
566,61.63,23885.3,-397.107,2026/01/23 15:48:33
567,61.74,23882.3,-383.984,2026/01/23 15:48:33
568,61.85,22572.4,-159.073,2026/01/23 15:48:33
569,61.96,19060.4,-377.618,2026/01/23 15:48:34
570,62.07,18864.6,-419.459,2026/01/23 15:48:34
571,62.18,18800.9,-418.099,2026/01/23 15:48:34
572,62.29,18762.5,-412.069,2026/01/23 15:48:34
573,62.39,18719.2,-427.907,2026/01/23 15:48:34
574,62.5,18703.9,-415.122,2026/01/23 15:48:34
575,62.61,18665.5,-423.043,2026/01/23 15:48:34
576,62.72,18660.3,-418.736,2026/01/23 15:48:34
577,62.83,18628.8,-415.638,2026/01/23 15:48:34
578,62.94,18623.2,-421.8,2026/01/23 15:48:34
579,63.05,18665,-427.192,2026/01/23 15:48:35
580,63.16,22338.5,-594.581,2026/01/23 15:48:35
581,63.27,23863.3,-377.533,2026/01/23 15:48:35
582,63.37,23832.1,-385.759,2026/01/23 15:48:35
583,63.48,23833.5,-396.131,2026/01/23 15:48:35
584,63.59,23826.1,-379.354,2026/01/23 15:48:35
585,63.7,23828.9,-391.159,2026/01/23 15:48:35
586,63.81,23829.9,-390.035,2026/01/23 15:48:35
587,63.92,22934.9,8.44531,2026/01/23 15:48:35
588,64.03,13874.5,118.595,2026/01/23 15:48:36
589,64.14,8718.88,-261.308,2026/01/23 15:48:36
590,64.25,9434.31,-270.87,2026/01/23 15:48:36
591,64.38,7728.14,-253.739,2026/01/23 15:48:36
592,64.49,7186.44,-317.182,2026/01/23 15:48:36
593,64.6,7308.06,-321.924,2026/01/23 15:48:36
594,64.7,7429.11,-321.277,2026/01/23 15:48:36
595,64.81,7484.3,-317.836,2026/01/23 15:48:36
596,64.92,7571.59,-320.286,2026/01/23 15:48:36
597,65.03,7652.78,-326.213,2026/01/23 15:48:37
598,65.14,7763.76,-328.511,2026/01/23 15:48:37
599,65.25,7892.88,-332.611,2026/01/23 15:48:37
600,65.36,7968.83,-328.005,2026/01/23 15:48:37
601,65.47,8068.25,-346.884,2026/01/23 15:48:37
602,65.58,10353.2,-467.514,2026/01/23 15:48:37
603,65.69,12227.9,-333.771,2026/01/23 15:48:37
604,65.82,12529.1,-329.708,2026/01/23 15:48:37
605,65.92,12703.5,-333.772,2026/01/23 15:48:37
606,66.03,12941.9,-339.085,2026/01/23 15:48:38
607,66.14,13187.7,-335.751,2026/01/23 15:48:38
608,66.25,13418.2,-340.381,2026/01/23 15:48:38
609,66.36,13591.1,-336.415,2026/01/23 15:48:38
610,66.47,13768,-340.603,2026/01/23 15:48:38
611,66.58,13976.8,-345.281,2026/01/23 15:48:38
612,66.69,14182.2,-317.458,2026/01/23 15:48:38
613,66.8,11481.9,-186.904,2026/01/23 15:48:38
614,66.91,10034.9,-347.697,2026/01/23 15:48:38
615,67.02,9914.39,-363.631,2026/01/23 15:48:39
616,67.12,9879.2,-357.042,2026/01/23 15:48:39
617,67.23,9869.65,-362.608,2026/01/23 15:48:39
618,67.34,9875.43,-363.533,2026/01/23 15:48:39
619,67.45,9882.08,-362.52,2026/01/23 15:48:39
620,67.56,9890.42,-365.819,2026/01/23 15:48:39
621,67.67,9904.23,-363.931,2026/01/23 15:48:39
622,67.78,9910.85,-368.101,2026/01/23 15:48:39
623,67.88,9923.81,-365.738,2026/01/23 15:48:39
624,67.99,11541.2,-554.565,2026/01/23 15:48:40
625,68.1,14515.2,-387.249,2026/01/23 15:48:40
626,68.21,14664.7,-345.775,2026/01/23 15:48:40
627,68.32,14748.1,-346.033,2026/01/23 15:48:40
628,68.43,14849.1,-344.881,2026/01/23 15:48:40
629,68.54,14910.8,-343.724,2026/01/23 15:48:40
630,68.65,14963.3,-342.575,2026/01/23 15:48:40
631,68.76,14998.2,-346.89,2026/01/23 15:48:40
632,68.87,15045.9,-343.64,2026/01/23 15:48:40
633,68.97,15074.7,-344.104,2026/01/23 15:48:41
634,69.09,15114.5,-348.761,2026/01/23 15:48:41
635,69.19,13715.9,-129.516,2026/01/23 15:48:41
636,69.3,10743.7,-342.862,2026/01/23 15:48:41
637,69.41,10394.2,-393.118,2026/01/23 15:48:41
638,69.52,10386,-393.973,2026/01/23 15:48:41
639,69.63,10378.4,-397.229,2026/01/23 15:48:41
640,69.74,10377.2,-394.134,2026/01/23 15:48:41
641,69.85,10380,-396.776,2026/01/23 15:48:41
642,69.96,10379.2,-395.607,2026/01/23 15:48:41
643,70.07,10386.6,-398.01,2026/01/23 15:48:42
644,70.17,10389.4,-396.292,2026/01/23 15:48:42
645,70.28,10398.5,-397.398,2026/01/23 15:48:42
646,70.39,10663.7,-449.708,2026/01/23 15:48:42
647,70.5,14412.4,-492.473,2026/01/23 15:48:42
648,70.61,15444.2,-359.159,2026/01/23 15:48:42
649,70.72,15498.1,-349.052,2026/01/23 15:48:42
650,70.83,15512.6,-356.543,2026/01/23 15:48:42
651,70.94,15510.5,-348.59,2026/01/23 15:48:42
652,71.05,15505.9,-356.427,2026/01/23 15:48:43
653,71.16,15493.6,-348.228,2026/01/23 15:48:43
654,71.27,15491.2,-356.842,2026/01/23 15:48:43
655,71.37,15485.3,-355.778,2026/01/23 15:48:43
656,71.48,15488.7,-352.247,2026/01/23 15:48:43
657,71.59,15300,-284.067,2026/01/23 15:48:43
658,71.7,11662.1,-250.178,2026/01/23 15:48:43
659,71.81,11011,-407.227,2026/01/23 15:48:43
660,71.92,10963.5,-401.676,2026/01/23 15:48:43
661,72.03,10945.8,-402.275,2026/01/23 15:48:44
662,72.14,10926.9,-399.314,2026/01/23 15:48:44
663,72.25,10904.8,-403.092,2026/01/23 15:48:44
664,72.35,10893.1,-401.811,2026/01/23 15:48:44
665,72.46,10878.7,-401.233,2026/01/23 15:48:44
666,72.57,10863.9,-402.405,2026/01/23 15:48:44
667,72.68,10854.6,-398.874,2026/01/23 15:48:44
668,72.79,10850.1,-408.665,2026/01/23 15:48:44
669,72.9,12927.3,-568.097,2026/01/23 15:48:44
670,73.01,15611,-373.33,2026/01/23 15:48:45
671,73.12,15714.2,-354.895,2026/01/23 15:48:45
672,73.23,15756.3,-362.097,2026/01/23 15:48:45
673,73.34,15787.5,-356.817,2026/01/23 15:48:45
674,73.45,15818.3,-357.112,2026/01/23 15:48:45
675,73.55,15834.9,-360.605,2026/01/23 15:48:45
676,73.66,15856.5,-355.042,2026/01/23 15:48:45
677,73.77,15871,-362.402,2026/01/23 15:48:45
678,73.88,15880.3,-351.622,2026/01/23 15:48:45
679,73.99,15892.4,-362.777,2026/01/23 15:48:46
680,74.1,13652.6,-108.518,2026/01/23 15:48:46
681,74.21,11175.4,-386.918,2026/01/23 15:48:46
682,74.32,11119,-397.079,2026/01/23 15:48:46
683,74.42,11120.7,-401.477,2026/01/23 15:48:46
684,74.53,11101.5,-398.98,2026/01/23 15:48:46
685,74.64,11102.7,-399.857,2026/01/23 15:48:46
686,74.75,11102.6,-401.548,2026/01/23 15:48:46
687,74.86,11101.9,-399.139,2026/01/23 15:48:46
688,74.97,11132.2,-401.372,2026/01/23 15:48:47
689,75.08,11157.3,-401.421,2026/01/23 15:48:47
690,75.19,11175.5,-399.803,2026/01/23 15:48:47
691,75.3,11747.1,-496.732,2026/01/23 15:48:47
692,75.41,15652.8,-458.235,2026/01/23 15:48:47
693,75.52,16231.9,-360.937,2026/01/23 15:48:47
694,75.63,16276.5,-359.469,2026/01/23 15:48:47
695,75.73,16300.2,-361.819,2026/01/23 15:48:47
696,75.84,16339.4,-358.608,2026/01/23 15:48:47
697,75.95,16355.9,-358.221,2026/01/23 15:48:47
698,76.06,16378.2,-362.245,2026/01/23 15:48:48
699,76.17,16401.9,-362.241,2026/01/23 15:48:48
700,76.28,16416.8,-364.102,2026/01/23 15:48:48
701,76.39,16437.2,-361.359,2026/01/23 15:48:48
702,76.5,15865.9,-219.049,2026/01/23 15:48:48
703,76.61,11955.5,-306.132,2026/01/23 15:48:48
704,76.72,11452.6,-401.829,2026/01/23 15:48:48
705,76.83,11414.3,-398.552,2026/01/23 15:48:48
706,76.93,11403.1,-401.5,2026/01/23 15:48:48
707,77.04,11413.1,-397.426,2026/01/23 15:48:49
708,77.15,11414.6,-399.249,2026/01/23 15:48:49
709,77.26,11425.1,-399.729,2026/01/23 15:48:49
710,77.37,11430.2,-398.638,2026/01/23 15:48:49
711,77.48,11442.1,-400.678,2026/01/23 15:48:49
712,77.59,11444.5,-396.182,2026/01/23 15:48:49
713,77.7,11510.7,-420.933,2026/01/23 15:48:49
714,77.81,14654.6,-557.07,2026/01/23 15:48:49
715,77.92,16628.1,-365.118,2026/01/23 15:48:49
716,78.03,16676.5,-358.083,2026/01/23 15:48:50
717,78.13,16690.9,-370.233,2026/01/23 15:48:50
718,78.24,16723.4,-354.994,2026/01/23 15:48:50
719,78.35,16733.7,-364.212,2026/01/23 15:48:50
720,78.46,16766.1,-361.485,2026/01/23 15:48:50
721,78.57,16773.7,-362.63,2026/01/23 15:48:50
722,78.68,16801.2,-359.188,2026/01/23 15:48:50
723,78.79,16807.3,-365.658,2026/01/23 15:48:50
724,78.9,16818.7,-351.761,2026/01/23 15:48:50
725,79,13674.9,-123.351,2026/01/23 15:48:51
726,79.11,11753.4,-394.289,2026/01/23 15:48:51
727,79.22,11658.7,-397.002,2026/01/23 15:48:51
728,79.33,11622.2,-402.186,2026/01/23 15:48:51
729,79.44,11599.3,-396.525,2026/01/23 15:48:51
730,79.55,11582.5,-401.241,2026/01/23 15:48:51
731,79.66,11571.9,-396.138,2026/01/23 15:48:51
732,79.77,11567.1,-400.453,2026/01/23 15:48:51
733,79.88,11559.5,-397.933,2026/01/23 15:48:51
734,79.99,11558.7,-399.836,2026/01/23 15:48:52
735,80.09,11552.1,-398.475,2026/01/23 15:48:52
736,80.2,12684.6,-559.822,2026/01/23 15:48:52
737,80.31,16502.4,-425.287,2026/01/23 15:48:52
738,80.42,16821.1,-359.775,2026/01/23 15:48:52
739,80.53,16861.7,-364.72,2026/01/23 15:48:52
740,80.64,16877.2,-365.771,2026/01/23 15:48:52
741,80.75,16908.6,-360.103,2026/01/23 15:48:52
742,80.86,16915.5,-365.409,2026/01/23 15:48:52
743,80.97,16937.6,-362.582,2026/01/23 15:48:53
744,81.07,16953.3,-363.301,2026/01/23 15:48:53
745,81.18,16968.9,-365.047,2026/01/23 15:48:53
746,81.29,16983.7,-361.731,2026/01/23 15:48:53
747,81.4,15925.9,-166.425,2026/01/23 15:48:53
748,81.51,12138.6,-347.399,2026/01/23 15:48:53
749,81.62,11791.3,-406.105,2026/01/23 15:48:53
750,81.73,11739.4,-398.031,2026/01/23 15:48:53
751,81.84,11706.8,-404.127,2026/01/23 15:48:53
752,81.95,11689.7,-398.289,2026/01/23 15:48:53
753,82.05,11669.5,-401.422,2026/01/23 15:48:54
754,82.16,11660.5,-397.37,2026/01/23 15:48:54
755,82.27,11646.1,-399.155,2026/01/23 15:48:54
756,82.38,11643,-401.045,2026/01/23 15:48:54
757,82.49,11633.8,-399.882,2026/01/23 15:48:54
758,82.6,11786.3,-438.418,2026/01/23 15:48:54
759,82.71,15473.1,-533.362,2026/01/23 15:48:54
760,82.82,16956.8,-362.812,2026/01/23 15:48:54
761,82.93,16987.1,-363.739,2026/01/23 15:48:54
762,83.04,16996.4,-370.983,2026/01/23 15:48:55
763,83.14,17022.3,-357.131,2026/01/23 15:48:55
764,83.25,17032.9,-368.775,2026/01/23 15:48:55
765,83.36,17058.1,-357.353,2026/01/23 15:48:55
766,83.47,17065.8,-368.521,2026/01/23 15:48:55
767,83.58,17080.2,-359.593,2026/01/23 15:48:55
768,83.69,17095.2,-366.22,2026/01/23 15:48:55
769,83.8,17029.1,-324.255,2026/01/23 15:48:55
770,83.91,13262.8,-179.131,2026/01/23 15:48:55
771,84.01,11894.3,-398.771,2026/01/23 15:48:56
772,84.12,11822.6,-400.99,2026/01/23 15:48:56
773,84.23,11788.6,-402.65,2026/01/23 15:48:56
774,84.34,11759.4,-401.483,2026/01/23 15:48:56
775,84.45,11743.6,-403.075,2026/01/23 15:48:56
776,84.56,11726.9,-400.698,2026/01/23 15:48:56
777,84.67,11720.6,-402.219,2026/01/23 15:48:56
778,84.78,11705.4,-400.599,2026/01/23 15:48:56
779,84.89,11702.9,-401.3,2026/01/23 15:48:56
780,85,11691.8,-403.287,2026/01/23 15:48:57
781,85.1,13442.3,-604.403,2026/01/23 15:48:57
782,85.21,16898.1,-401.715,2026/01/23 15:48:57
783,85.32,17077.8,-363.26,2026/01/23 15:48:57
784,85.43,17109.6,-357.934,2026/01/23 15:48:57
785,85.54,17128.9,-367.804,2026/01/23 15:48:57
786,85.65,17144.1,-357.572,2026/01/23 15:48:57
787,85.76,17158.8,-368.28,2026/01/23 15:48:57
788,85.87,17172.6,-362.633,2026/01/23 15:48:57
789,85.98,17186.7,-371.622,2026/01/23 15:48:58
790,86.09,17200.7,-361.718,2026/01/23 15:48:58
791,86.2,17207.1,-369.393,2026/01/23 15:48:58
792,86.31,15372.5,-97.939,2026/01/23 15:48:58
793,86.42,12124.1,-378.062,2026/01/23 15:48:58
794,86.52,11913,-401.091,2026/01/23 15:48:58
795,86.63,11853,-403.956,2026/01/23 15:48:58
796,86.74,11825.6,-400.355,2026/01/23 15:48:58
797,86.85,11799.2,-404.969,2026/01/23 15:48:58
798,86.96,11785.7,-400.455,2026/01/23 15:48:59
799,87.07,11766.2,-403.799,2026/01/23 15:48:59
800,87.18,11759.2,-400.237,2026/01/23 15:48:59
801,87.29,11746.4,-402.246,2026/01/23 15:48:59
802,87.4,11739.8,-400.391,2026/01/23 15:48:59
803,87.51,12126.2,-477.927,2026/01/23 15:48:59
804,87.62,16235.9,-492.673,2026/01/23 15:48:59
805,87.73,17159.2,-358.229,2026/01/23 15:48:59
806,87.84,17184.7,-367.761,2026/01/23 15:48:59
807,87.94,17207.9,-362.005,2026/01/23 15:48:59
808,88.05,17226.1,-373.029,2026/01/23 15:49:00
809,88.16,17238.1,-361.524,2026/01/23 15:49:00
810,88.27,17254.3,-370.981,2026/01/23 15:49:00
811,88.38,17263.8,-362.99,2026/01/23 15:49:00
812,88.49,17278.8,-366.784,2026/01/23 15:49:00
813,88.6,17279.8,-363.015,2026/01/23 15:49:00
814,88.71,16918.3,-247.528,2026/01/23 15:49:00
815,88.82,12735.4,-266.197,2026/01/23 15:49:00
816,88.92,11963.9,-404.309,2026/01/23 15:49:00
817,89.03,11908.1,-404.862,2026/01/23 15:49:01
818,89.14,11869.4,-402.77,2026/01/23 15:49:01
819,89.25,11845.1,-403.104,2026/01/23 15:49:01
820,89.36,11819.3,-404.75,2026/01/23 15:49:01
821,89.47,11808.9,-401.606,2026/01/23 15:49:01
822,89.58,11789.6,-404.187,2026/01/23 15:49:01
823,89.69,11783.6,-401.148,2026/01/23 15:49:01
824,89.8,11771.5,-401.106,2026/01/23 15:49:01
825,89.9,11783.8,-414.274,2026/01/23 15:49:01
826,90.01,14505.7,-594.239,2026/01/23 15:49:02
827,90.12,17157,-382.848,2026/01/23 15:49:02
828,90.23,17231.5,-364.324,2026/01/23 15:49:02
829,90.34,17258.6,-371.779,2026/01/23 15:49:02
830,90.45,17280.7,-360.537,2026/01/23 15:49:02
831,90.56,17287.3,-372.726,2026/01/23 15:49:02
832,90.66,17314.6,-365.737,2026/01/23 15:49:02
833,90.77,17317.6,-364.745,2026/01/23 15:49:02
834,90.88,17331.4,-365.622,2026/01/23 15:49:02
835,90.99,17335.7,-360.109,2026/01/23 15:49:03
836,91.1,17352.5,-367.175,2026/01/23 15:49:03
837,91.21,14591,-91.6689,2026/01/23 15:49:03
838,91.32,12104,-389.343,2026/01/23 15:49:03
839,91.43,11957.6,-402.248,2026/01/23 15:49:03
840,91.54,11910.7,-404.991,2026/01/23 15:49:03
841,91.65,11877.9,-401.191,2026/01/23 15:49:03
842,91.76,11855.1,-405.657,2026/01/23 15:49:03
843,91.87,11838,-399.612,2026/01/23 15:49:03
844,91.98,11822.8,-403.756,2026/01/23 15:49:04
845,92.09,11814.7,-398.631,2026/01/23 15:49:04
846,92.2,11802.9,-402.014,2026/01/23 15:49:04
847,92.3,11799.9,-403.088,2026/01/23 15:49:04
848,92.41,12650,-541.717,2026/01/23 15:49:04
849,92.52,16781.7,-448.573,2026/01/23 15:49:04
850,92.63,17281.5,-358.755,2026/01/23 15:49:04
851,92.74,17326.4,-365.188,2026/01/23 15:49:04
852,92.85,17339.7,-364.726,2026/01/23 15:49:04
853,92.96,17366,-373.831,2026/01/23 15:49:05
854,93.07,17379.7,-365.96,2026/01/23 15:49:05
855,93.18,17393.8,-371.864,2026/01/23 15:49:05
856,93.29,17413.3,-361.306,2026/01/23 15:49:05
857,93.4,17413.2,-371.279,2026/01/23 15:49:05
858,93.51,17432.9,-367.5,2026/01/23 15:49:05
859,93.61,16493.9,-173.86,2026/01/23 15:49:05
860,93.72,12441.7,-338.883,2026/01/23 15:49:05
861,93.83,12023.2,-405.243,2026/01/23 15:49:05
862,93.94,11967.7,-406.705,2026/01/23 15:49:05
863,94.05,11932.9,-400.525,2026/01/23 15:49:06
864,94.16,11905.6,-406.874,2026/01/23 15:49:06
865,94.27,11887.9,-400.363,2026/01/23 15:49:06
866,94.38,11867.9,-404.637,2026/01/23 15:49:06
867,94.49,11858.7,-401.456,2026/01/23 15:49:06
868,94.6,11844.8,-405.851,2026/01/23 15:49:06
869,94.71,11839.2,-402.24,2026/01/23 15:49:06
870,94.81,11950,-435.558,2026/01/23 15:49:06
871,94.92,15622.9,-561.071,2026/01/23 15:49:06
872,95.03,17335.5,-364.604,2026/01/23 15:49:07
873,95.14,17379.1,-369.684,2026/01/23 15:49:07
874,95.25,17408.1,-360.403,2026/01/23 15:49:07
875,95.36,17424.9,-370.763,2026/01/23 15:49:07
876,95.47,17446,-362.463,2026/01/23 15:49:07
877,95.58,17449,-368.204,2026/01/23 15:49:07
878,95.69,17473.7,-364.778,2026/01/23 15:49:07
879,95.8,17479.7,-365.625,2026/01/23 15:49:07
880,95.9,17489.7,-364.464,2026/01/23 15:49:07
881,96.01,17440.5,-327.585,2026/01/23 15:49:08
882,96.12,13629.5,-159.61,2026/01/23 15:49:08
883,96.23,12107.6,-394.269,2026/01/23 15:49:08
884,96.34,12014.7,-403.845,2026/01/23 15:49:08
885,96.45,11976.4,-402.177,2026/01/23 15:49:08
886,96.56,11939,-403.285,2026/01/23 15:49:08
887,96.67,11921.6,-402.166,2026/01/23 15:49:08
888,96.78,11898.8,-401.887,2026/01/23 15:49:08
889,96.89,11893.7,-403.104,2026/01/23 15:49:08
890,97,11883.2,-402.469,2026/01/23 15:49:09
891,97.1,11876.1,-402.175,2026/01/23 15:49:09
892,97.21,11869.6,-403.672,2026/01/23 15:49:09
893,97.32,13584.6,-600.571,2026/01/23 15:49:09
894,97.43,17212,-412.396,2026/01/23 15:49:09
895,97.54,17434.2,-356.763,2026/01/23 15:49:09
896,97.65,17476.8,-370.482,2026/01/23 15:49:09
897,97.76,17491.6,-363.369,2026/01/23 15:49:09
898,97.87,17516.9,-368.445,2026/01/23 15:49:09
899,97.98,17527.9,-363.212,2026/01/23 15:49:10
900,98.09,17541.1,-367.952,2026/01/23 15:49:10
901,98.2,17554.4,-369.66,2026/01/23 15:49:10
902,98.31,17568.6,-358.131,2026/01/23 15:49:10
903,98.42,17566.2,-372.69,2026/01/23 15:49:10
904,98.52,15770.6,-92.0952,2026/01/23 15:49:10
905,98.63,12328,-376.611,2026/01/23 15:49:10
906,98.74,12096.2,-403.027,2026/01/23 15:49:10
907,98.85,12032,-402.127,2026/01/23 15:49:10
908,98.96,12002,-403.426,2026/01/23 15:49:11
909,99.07,11973.3,-401.54,2026/01/23 15:49:11
910,99.18,11953.7,-406.821,2026/01/23 15:49:11
911,99.29,11939.8,-400.693,2026/01/23 15:49:11
912,99.4,11924.9,-406.81,2026/01/23 15:49:11
913,99.5,11919.3,-402.881,2026/01/23 15:49:11
914,99.61,11908.1,-401.899,2026/01/23 15:49:11
915,99.72,12246.6,-471.436,2026/01/23 15:49:11
916,99.83,16439.1,-500.069,2026/01/23 15:49:11
917,99.94,17489.7,-368.642,2026/01/23 15:49:11
918,100.05,17534.3,-365.163,2026/01/23 15:49:12
919,100.16,17549.5,-367.864,2026/01/23 15:49:12
920,100.27,17583.7,-374.024,2026/01/23 15:49:12
921,100.38,17592.3,-363.378,2026/01/23 15:49:12
922,100.49,17608.7,-369.038,2026/01/23 15:49:12
923,100.59,17619.1,-371.403,2026/01/23 15:49:12
924,100.7,17636.8,-358.48,2026/01/23 15:49:12
925,100.81,17645.9,-371.929,2026/01/23 15:49:12
926,100.92,17391.4,-266.312,2026/01/23 15:49:12
927,101.03,13089.6,-239.157,2026/01/23 15:49:13
928,101.14,12168.1,-402.168,2026/01/23 15:49:13
929,101.25,12104.1,-403.757,2026/01/23 15:49:13
930,101.36,12065.2,-407.959,2026/01/23 15:49:13
931,101.47,12036.8,-400.949,2026/01/23 15:49:13
932,101.57,12011.5,-405.326,2026/01/23 15:49:13
933,101.68,11998.5,-403.595,2026/01/23 15:49:13
934,101.79,11983.4,-403.476,2026/01/23 15:49:13
935,101.9,11971.6,-402.13,2026/01/23 15:49:13
936,102.01,11965.6,-405.717,2026/01/23 15:49:14
937,102.12,11970.9,-410.953,2026/01/23 15:49:14
938,102.23,14614.3,-612.675,2026/01/23 15:49:14
939,102.34,17501,-381.663,2026/01/23 15:49:14
940,102.45,17607.6,-371.19,2026/01/23 15:49:14
941,102.56,17659.2,-365.431,2026/01/23 15:49:14
942,102.66,17679.2,-359.833,2026/01/23 15:49:14
943,102.77,17690.4,-371.377,2026/01/23 15:49:14
944,102.88,17721.2,-369.827,2026/01/23 15:49:14
945,102.99,17732.3,-364.482,2026/01/23 15:49:15
946,103.1,17746.8,-367.636,2026/01/23 15:49:15
947,103.21,17764.8,-368.845,2026/01/23 15:49:15
948,103.32,17768.8,-362.271,2026/01/23 15:49:15
949,103.43,15190.1,-89.8442,2026/01/23 15:49:15
950,103.53,12371.2,-388.874,2026/01/23 15:49:15
951,103.64,12200.7,-404.117,2026/01/23 15:49:15
952,103.75,12147.3,-406.151,2026/01/23 15:49:15
953,103.86,12116.7,-400.478,2026/01/23 15:49:15
954,103.97,12088.1,-405.653,2026/01/23 15:49:16
955,104.08,12071.7,-404.387,2026/01/23 15:49:16
956,104.19,12057.5,-402.724,2026/01/23 15:49:16
957,104.3,12061,-403.483,2026/01/23 15:49:16
958,104.41,12057,-405.769,2026/01/23 15:49:16
959,104.52,12051.1,-401.884,2026/01/23 15:49:16
960,104.63,12746.4,-528.949,2026/01/23 15:49:16
961,104.74,17110.6,-460.698,2026/01/23 15:49:16
962,104.84,17784.3,-369.154,2026/01/23 15:49:16
963,104.95,17840.7,-378.573,2026/01/23 15:49:16
964,105.06,17943.7,-371.954,2026/01/23 15:49:17
965,105.17,18433.1,-434.707,2026/01/23 15:49:17
966,105.28,19609.2,-421.864,2026/01/23 15:49:17
967,105.39,20236.7,-386.354,2026/01/23 15:49:17
968,105.5,20504.9,-381.108,2026/01/23 15:49:17
969,105.61,20631.7,-387.566,2026/01/23 15:49:17
970,105.72,20707.5,-372.314,2026/01/23 15:49:17
971,105.83,20025.9,-208.306,2026/01/23 15:49:17
972,105.93,16122.2,-344.21,2026/01/23 15:49:17
973,106.04,15650,-416.623,2026/01/23 15:49:18
974,106.15,15556.7,-423.868,2026/01/23 15:49:18
975,106.26,15503.5,-414.571,2026/01/23 15:49:18
976,106.37,15452.4,-419.974,2026/01/23 15:49:18
977,106.48,15424.5,-419.306,2026/01/23 15:49:18
978,106.59,15399.4,-417.414,2026/01/23 15:49:18
979,106.7,15372.8,-413.667,2026/01/23 15:49:18
980,106.81,15354.4,-421.354,2026/01/23 15:49:18
981,106.92,15343.3,-413.491,2026/01/23 15:49:18
982,107.02,15366.2,-432.319,2026/01/23 15:49:19
983,107.13,18555.5,-583.634,2026/01/23 15:49:19
984,107.24,20682.1,-370.041,2026/01/23 15:49:19
985,107.35,20734.1,-393.521,2026/01/23 15:49:19
986,107.46,20782.2,-372.026,2026/01/23 15:49:19
987,107.57,20795.7,-381.716,2026/01/23 15:49:19
988,107.68,20825.1,-387.788,2026/01/23 15:49:19
989,107.79,20845.2,-383.222,2026/01/23 15:49:19
990,107.9,20860.5,-375.409,2026/01/23 15:49:19
991,108,20863.9,-389.737,2026/01/23 15:49:20
992,108.11,20890.8,-373.129,2026/01/23 15:49:20
993,108.22,20869.3,-366.942,2026/01/23 15:49:20
994,108.33,17421.8,-161.229,2026/01/23 15:49:20
995,108.44,15896.3,-409.226,2026/01/23 15:49:20
996,108.55,15768.3,-423.046,2026/01/23 15:49:20
997,108.66,15703.2,-415.018,2026/01/23 15:49:20
998,108.77,15650.9,-415.842,2026/01/23 15:49:20
999,108.88,15615.9,-417.786,2026/01/23 15:49:20
1000,108.99,15590.8,-420.543,2026/01/23 15:49:21
1001,109.09,15568.3,-414.611,2026/01/23 15:49:21
1002,109.2,15549.8,-419.75,2026/01/23 15:49:21
1003,109.31,15540.5,-417.059,2026/01/23 15:49:21
1004,109.42,15519.4,-419.192,2026/01/23 15:49:21
1005,109.53,16607.2,-592.997,2026/01/23 15:49:21
1006,109.64,20540,-446.307,2026/01/23 15:49:21
1007,109.75,20855.7,-394.387,2026/01/23 15:49:21
1008,109.86,20895.8,-377.329,2026/01/23 15:49:21
1009,109.97,20903.2,-388.423,2026/01/23 15:49:22
1010,110.08,20927.3,-382.831,2026/01/23 15:49:22
1011,110.19,20942.3,-378.697,2026/01/23 15:49:22
1012,110.29,20958.7,-373.868,2026/01/23 15:49:22
1013,110.4,20965.6,-385.07,2026/01/23 15:49:22
1014,110.51,20982.8,-374.802,2026/01/23 15:49:22
1015,110.62,20981.7,-378.843,2026/01/23 15:49:22
1016,110.73,19651.5,-147.514,2026/01/23 15:49:22
1017,110.84,16210.7,-376.138,2026/01/23 15:49:22
1018,110.95,15920.3,-425.361,2026/01/23 15:49:22
1019,111.06,15837.3,-414.69,2026/01/23 15:49:23
1020,111.17,15773.9,-421.428,2026/01/23 15:49:23
1021,111.28,15742.7,-419.88,2026/01/23 15:49:23
1022,111.38,15713.8,-417.912,2026/01/23 15:49:23
1023,111.49,15689.3,-416.638,2026/01/23 15:49:23
1024,111.6,15676.7,-423.352,2026/01/23 15:49:23
1025,111.71,15662.2,-415.719,2026/01/23 15:49:23
1026,111.82,15643,-422.695,2026/01/23 15:49:23
1027,111.93,15762.5,-448.64,2026/01/23 15:49:23
1028,112.04,19503.3,-548.209,2026/01/23 15:49:24
1029,112.15,20966.2,-394.854,2026/01/23 15:49:24
1030,112.26,21003.2,-372.831,2026/01/23 15:49:24
1031,112.37,21014.6,-380.893,2026/01/23 15:49:24
1032,112.47,21042.1,-390.562,2026/01/23 15:49:24
1033,112.58,21057.2,-379.434,2026/01/23 15:49:24
1034,112.69,21064.3,-374.758,2026/01/23 15:49:24
1035,112.8,21088.4,-386.444,2026/01/23 15:49:24
1036,112.91,21095.9,-372.88,2026/01/23 15:49:24
1037,113.02,21100.7,-388.392,2026/01/23 15:49:25
1038,113.13,21008.8,-321.896,2026/01/23 15:49:25
1039,113.24,17021.7,-249.397,2026/01/23 15:49:25
1040,113.35,16075.8,-423.901,2026/01/23 15:49:25
1041,113.46,15971.5,-413.982,2026/01/23 15:49:25
1042,113.57,15900.1,-424.76,2026/01/23 15:49:25
1043,113.67,15863.8,-416.522,2026/01/23 15:49:25
1044,113.78,15824.9,-417.354,2026/01/23 15:49:25
1045,113.89,15800.8,-418.211,2026/01/23 15:49:25
1046,114,15780.7,-420.715,2026/01/23 15:49:26
1047,114.11,15761.4,-415.69,2026/01/23 15:49:26
1048,114.22,15748.4,-423.899,2026/01/23 15:49:26
1049,114.33,15739.1,-418.688,2026/01/23 15:49:26
1050,114.44,17633.8,-629.981,2026/01/23 15:49:26
1051,114.55,20973.6,-403.263,2026/01/23 15:49:26
1052,114.66,21090.4,-367.482,2026/01/23 15:49:26
1053,114.76,21115.9,-391.271,2026/01/23 15:49:26
1054,114.87,21137.6,-380.46,2026/01/23 15:49:26
1055,114.98,21143.7,-380.075,2026/01/23 15:49:27
1056,115.09,21156.5,-380.2,2026/01/23 15:49:27
1057,115.2,21175.7,-377.002,2026/01/23 15:49:27
1058,115.31,21181.3,-378.374,2026/01/23 15:49:27
1059,115.42,21193.3,-392.764,2026/01/23 15:49:27
1060,115.53,21200,-376.501,2026/01/23 15:49:27
1061,115.64,19027.9,-98.6016,2026/01/23 15:49:27
1062,115.74,16284.3,-398.619,2026/01/23 15:49:27
1063,115.85,16086.7,-417.713,2026/01/23 15:49:27
1064,115.96,16004.5,-425.738,2026/01/23 15:49:28
1065,116.07,15958.4,-415.122,2026/01/23 15:49:28
1066,116.18,15914.8,-417.342,2026/01/23 15:49:28
1067,116.29,15889.1,-422.546,2026/01/23 15:49:28
1068,116.4,15869.5,-417.407,2026/01/23 15:49:28
1069,116.51,15846.1,-420.394,2026/01/23 15:49:28
1070,116.62,15837.8,-419.97,2026/01/23 15:49:28
1071,116.73,15815.3,-417.667,2026/01/23 15:49:28
1072,116.83,16109.5,-485.81,2026/01/23 15:49:28
1073,116.94,20229.5,-507.713,2026/01/23 15:49:28
1074,117.05,21163.4,-381.046,2026/01/23 15:49:29
1075,117.16,21181.1,-396.263,2026/01/23 15:49:29
1076,117.27,21210.5,-376.415,2026/01/23 15:49:29
1077,117.38,21211.5,-384.94,2026/01/23 15:49:29
1078,117.49,21239.6,-385.994,2026/01/23 15:49:29
1079,117.6,21243.2,-377.172,2026/01/23 15:49:29
1080,117.71,21264.4,-387.241,2026/01/23 15:49:29
1081,117.82,21274.7,-376.949,2026/01/23 15:49:29
1082,117.92,21280,-379.715,2026/01/23 15:49:29
1083,118.03,20885.3,-254.059,2026/01/23 15:49:30
1084,118.14,16780.4,-319.41,2026/01/23 15:49:30
1085,118.25,16216.4,-422.494,2026/01/23 15:49:30
1086,118.36,16116.3,-422.17,2026/01/23 15:49:30
1087,118.47,16067.3,-413.894,2026/01/23 15:49:30
1088,118.58,16018.2,-421.379,2026/01/23 15:49:30
1089,118.69,15996.6,-417.541,2026/01/23 15:49:30
1090,118.8,15966.1,-417.342,2026/01/23 15:49:30
1091,118.9,15951.3,-422.623,2026/01/23 15:49:30
1092,119.01,15937.8,-415.537,2026/01/23 15:49:31
1093,119.12,15920.4,-424.001,2026/01/23 15:49:31
1094,119.23,15932.1,-424.874,2026/01/23 15:49:31
1095,119.34,18603.4,-609.239,2026/01/23 15:49:31
1096,119.45,21259.6,-390.537,2026/01/23 15:49:31
1097,119.56,21304.8,-382.199,2026/01/23 15:49:31
1098,119.67,21338.7,-376.935,2026/01/23 15:49:31
1099,119.78,21350.9,-387.505,2026/01/23 15:49:31
1100,119.89,21372.5,-371.091,2026/01/23 15:49:31
1101,119.99,21373.6,-387.224,2026/01/23 15:49:32
1102,120.1,21406,-379.742,2026/01/23 15:49:32
1103,120.22,21410.8,-374.374,2026/01/23 15:49:32
1104,120.32,21429.5,-386.567,2026/01/23 15:49:32
1105,120.43,21442.5,-370.076,2026/01/23 15:49:32
1106,120.54,18328.3,-127.062,2026/01/23 15:49:32
1107,120.65,16425,-410.634,2026/01/23 15:49:32
1108,120.76,16277.6,-423.579,2026/01/23 15:49:32
1109,120.87,16212.3,-422.155,2026/01/23 15:49:32
1110,120.98,16160.5,-423.815,2026/01/23 15:49:33
1111,121.09,16126.5,-416.564,2026/01/23 15:49:33
1112,121.2,16099.3,-424.854,2026/01/23 15:49:33
1113,121.3,16082.4,-417.608,2026/01/23 15:49:33
1114,121.41,16058.6,-422.953,2026/01/23 15:49:33
1115,121.52,16048.6,-424.068,2026/01/23 15:49:33
1116,121.63,16030.1,-418.941,2026/01/23 15:49:33
1117,121.74,16760.8,-562.682,2026/01/23 15:49:33
1118,121.85,20938.3,-464.389,2026/01/23 15:49:33
1119,121.96,21408.5,-384.663,2026/01/23 15:49:34
1120,122.07,21448.8,-380.799,2026/01/23 15:49:34
1121,122.18,21452.7,-376.409,2026/01/23 15:49:34
1122,122.29,21465.9,-377.892,2026/01/23 15:49:34
1123,122.4,21481.1,-386.7,2026/01/23 15:49:34
1124,122.5,21499.5,-375.286,2026/01/23 15:49:34
1125,122.61,21509.2,-388.47,2026/01/23 15:49:34
1126,122.72,21525.5,-378.163,2026/01/23 15:49:34
1127,122.83,21521.3,-384.659,2026/01/23 15:49:34
1128,122.94,20568.1,-182.361,2026/01/23 15:49:34
1129,123.05,16757.8,-360.518,2026/01/23 15:49:35
1130,123.16,16392.9,-426.558,2026/01/23 15:49:35
1131,123.27,16311.9,-422.202,2026/01/23 15:49:35
1132,123.37,16252,-420.019,2026/01/23 15:49:35
1133,123.48,16211.6,-421.651,2026/01/23 15:49:35
1134,123.59,16189.5,-421.24,2026/01/23 15:49:35
1135,123.7,16158.9,-418.91,2026/01/23 15:49:35
1136,123.81,16144.3,-423.878,2026/01/23 15:49:35
1137,123.92,16127.5,-416.007,2026/01/23 15:49:35
1138,124.03,16109.7,-424.951,2026/01/23 15:49:36
1139,124.14,16163.5,-436.859,2026/01/23 15:49:36
1140,124.25,19612.3,-573.417,2026/01/23 15:49:36
1141,124.36,21481,-386.833,2026/01/23 15:49:36
1142,124.47,21531.7,-376.719,2026/01/23 15:49:36
1143,124.57,21534.5,-382.627,2026/01/23 15:49:36
1144,124.68,21549.7,-388.133,2026/01/23 15:49:36
1145,124.79,21571.5,-374.27,2026/01/23 15:49:36
1146,124.9,21568.5,-382.245,2026/01/23 15:49:36
1147,125.01,21589.2,-385.19,2026/01/23 15:49:37
1148,125.12,21586.8,-376.882,2026/01/23 15:49:37
1149,125.23,21600.8,-384.275,2026/01/23 15:49:37
1150,125.34,21564.3,-342.817,2026/01/23 15:49:37
1151,125.45,17710.6,-206.671,2026/01/23 15:49:37
1152,125.56,16511.4,-425.606,2026/01/23 15:49:37
1153,125.67,16406.1,-416.992,2026/01/23 15:49:37
1154,125.77,16333.2,-424.718,2026/01/23 15:49:37
1155,125.88,16296.1,-424.103,2026/01/23 15:49:37
1156,125.99,16258.5,-418.116,2026/01/23 15:49:38
1157,126.1,16231.5,-422.146,2026/01/23 15:49:38
1158,126.21,16214.8,-419.222,2026/01/23 15:49:38
1159,126.32,16188.9,-422.847,2026/01/23 15:49:38
1160,126.43,16181,-424.139,2026/01/23 15:49:38
1161,126.54,16161.6,-416.617,2026/01/23 15:49:38
1162,126.64,17528.6,-612.606,2026/01/23 15:49:38
1163,126.75,21346.2,-435.542,2026/01/23 15:49:38
1164,126.86,21587.9,-374.053,2026/01/23 15:49:38
1165,126.97,21599.3,-388.911,2026/01/23 15:49:39
1166,127.08,21629.3,-379.969,2026/01/23 15:49:39
1167,127.19,21627.7,-382.969,2026/01/23 15:49:39
1168,127.3,21651.6,-389.669,2026/01/23 15:49:39
1169,127.41,21657.8,-371.204,2026/01/23 15:49:39
1170,127.52,21663.3,-390.202,2026/01/23 15:49:39
1171,127.63,21687.8,-375.505,2026/01/23 15:49:39
1172,127.73,21676.2,-387.157,2026/01/23 15:49:39
1173,127.84,20038.1,-123.815,2026/01/23 15:49:39
1174,127.95,16755.2,-390.794,2026/01/23 15:49:39
1175,128.06,16511.4,-416.955,2026/01/23 15:49:40
1176,128.17,16432.1,-424.981,2026/01/23 15:49:40
1177,128.28,16382.3,-418.388,2026/01/23 15:49:40
1178,128.39,16336.6,-424.966,2026/01/23 15:49:40
1179,128.5,16313.9,-421.505,2026/01/23 15:49:40
1180,128.61,16284.3,-419.583,2026/01/23 15:49:40
1181,128.71,16267.2,-425.041,2026/01/23 15:49:40
1182,128.82,16250.3,-415.553,2026/01/23 15:49:40
1183,128.93,16228.1,-426.489,2026/01/23 15:49:40
1184,129.04,16387.1,-455.657,2026/01/23 15:49:41
1185,129.15,20340.8,-548.402,2026/01/23 15:49:41
1186,129.26,21629.9,-376.452,2026/01/23 15:49:41
1187,129.37,21667.2,-381.776,2026/01/23 15:49:41
1188,129.48,21682.1,-371.327,2026/01/23 15:49:41
1189,129.59,21697,-391.572,2026/01/23 15:49:41
1190,129.7,21708.7,-372.499,2026/01/23 15:49:41
1191,129.8,21722.5,-384.193,2026/01/23 15:49:41
1192,129.91,21731.9,-385.556,2026/01/23 15:49:41
1193,130.02,21741.3,-373.415,2026/01/23 15:49:42
1194,130.13,21740.9,-382.33,2026/01/23 15:49:42
1195,130.24,21579.2,-296.913,2026/01/23 15:49:42
1196,130.35,17421.8,-275.881,2026/01/23 15:49:42
1197,130.46,16619.8,-426.663,2026/01/23 15:49:42
1198,130.57,16526.1,-420.96,2026/01/23 15:49:42
1199,130.68,16458.5,-420.855,2026/01/23 15:49:42
1200,130.79,16419.7,-423.999,2026/01/23 15:49:42
1201,130.89,16380.3,-420.001,2026/01/23 15:49:42
1202,131,16355.6,-425.401,2026/01/23 15:49:43
1203,131.11,16329.5,-418.905,2026/01/23 15:49:43
1204,131.22,16313.2,-421.947,2026/01/23 15:49:43
1205,131.33,16294.8,-426.91,2026/01/23 15:49:43
1206,131.44,16286,-419.779,2026/01/23 15:49:43
1207,131.55,18422.6,-631.139,2026/01/23 15:49:43
1208,131.66,21622.9,-406.821,2026/01/23 15:49:43
1209,131.77,21703.6,-369.788,2026/01/23 15:49:43
1210,131.88,21721.5,-382.461,2026/01/23 15:49:43
1211,131.98,21744.7,-377.787,2026/01/23 15:49:44
1212,132.09,21737.8,-388.931,2026/01/23 15:49:44
1213,132.2,21768.7,-381.29,2026/01/23 15:49:44
1214,132.31,21759.9,-378.976,2026/01/23 15:49:44
1215,132.42,21775.4,-380.164,2026/01/23 15:49:44
1216,132.53,21771.3,-386.477,2026/01/23 15:49:44
1217,132.64,21787.1,-371.883,2026/01/23 15:49:44
1218,132.75,19303,-99.4424,2026/01/23 15:49:44
1219,132.86,16762,-400.38,2026/01/23 15:49:44
1220,132.97,16586,-421.719,2026/01/23 15:49:45
1221,133.07,16519.6,-426.745,2026/01/23 15:49:45
1222,133.18,16467,-415.642,2026/01/23 15:49:45
1223,133.29,16427.2,-426.401,2026/01/23 15:49:45
1224,133.4,16407,-418.551,2026/01/23 15:49:45
1225,133.51,16376.4,-418.395,2026/01/23 15:49:45
1226,133.62,16361.5,-422.122,2026/01/23 15:49:45
1227,133.73,16342.1,-423.602,2026/01/23 15:49:45
1228,133.84,16328,-419.923,2026/01/23 15:49:45
1229,133.95,16707.7,-504.619,2026/01/23 15:49:45
1230,134.06,20993.2,-493.778,2026/01/23 15:49:46
1231,134.17,21738.8,-385.565,2026/01/23 15:49:46
1232,134.28,21779.3,-380.878,2026/01/23 15:49:46
1233,134.38,21783,-378.152,2026/01/23 15:49:46
1234,134.49,21800.4,-381.64,2026/01/23 15:49:46
1235,134.6,21801.5,-374.753,2026/01/23 15:49:46
1236,134.71,21806.4,-389.948,2026/01/23 15:49:46
1237,134.82,21830.9,-376.677,2026/01/23 15:49:46
1238,134.93,21823.1,-388.474,2026/01/23 15:49:46
1239,135.04,21841.9,-384.315,2026/01/23 15:49:47
1240,135.15,21248.6,-229.692,2026/01/23 15:49:47
1241,135.26,17154,-341.935,2026/01/23 15:49:47
1242,135.37,16682.3,-429.733,2026/01/23 15:49:47
1243,135.47,16597.3,-417.899,2026/01/23 15:49:47
1244,135.58,16532.3,-426.056,2026/01/23 15:49:47
1245,135.69,16497.1,-421.426,2026/01/23 15:49:47
1246,135.8,16456.8,-419.829,2026/01/23 15:49:47
1247,135.91,16431.9,-428.183,2026/01/23 15:49:47
1248,136.02,16415.1,-415.899,2026/01/23 15:49:48
1249,136.13,16387.3,-426.997,2026/01/23 15:49:48
1250,136.24,16379,-425,2026/01/23 15:49:48
1251,136.35,16388.8,-428.526,2026/01/23 15:49:48
1252,136.46,19392.9,-609.067,2026/01/23 15:49:48
1253,136.56,21780.4,-387.53,2026/01/23 15:49:48
1254,136.67,21805.2,-370.322,2026/01/23 15:49:48
1255,136.78,21827.3,-391.546,2026/01/23 15:49:48
1256,136.89,21834.6,-374.032,2026/01/23 15:49:48
1257,137,21842.7,-379.095,2026/01/23 15:49:49
1258,137.11,21844.2,-388.46,2026/01/23 15:49:49
1259,137.22,21861.8,-372.565,2026/01/23 15:49:49
1260,137.33,21851.9,-379.617,2026/01/23 15:49:49
1261,137.43,21871,-388.114,2026/01/23 15:49:49
1262,137.54,21865.9,-373.218,2026/01/23 15:49:49
1263,137.65,18616.9,-128.138,2026/01/23 15:49:49
1264,137.76,16785.5,-414.1,2026/01/23 15:49:49
1265,137.87,16645.3,-422.803,2026/01/23 15:49:49
1266,137.98,16584.8,-421.519,2026/01/23 15:49:50
1267,138.09,16531.3,-421.065,2026/01/23 15:49:50
1268,138.2,16500.7,-420.707,2026/01/23 15:49:50
1269,138.31,16464,-425.566,2026/01/23 15:49:50
1270,138.41,16446.3,-416.894,2026/01/23 15:49:50
1271,138.52,16420.3,-425.762,2026/01/23 15:49:50
1272,138.63,16413.1,-423.632,2026/01/23 15:49:50
1273,138.74,16392.5,-422.363,2026/01/23 15:49:50
1274,138.85,17175.7,-574.052,2026/01/23 15:49:50
1275,138.96,21388.9,-458.523,2026/01/23 15:49:51
1276,139.07,21827.8,-392.566,2026/01/23 15:49:51
1277,139.18,21867.6,-378.574,2026/01/23 15:49:51
1278,139.29,21869.5,-390.414,2026/01/23 15:49:51
1279,139.39,21890.8,-385.867,2026/01/23 15:49:51
1280,139.5,21897.3,-392.486,2026/01/23 15:49:51
1281,139.61,21903.3,-373.49,2026/01/23 15:49:51
1282,139.72,21914.8,-391.566,2026/01/23 15:49:51
1283,139.83,21930.7,-376.001,2026/01/23 15:49:51
1284,139.94,21925.2,-382.937,2026/01/23 15:49:51
1285,140.05,20894.9,-163.111,2026/01/23 15:49:52
1286,140.16,17082.4,-368.201,2026/01/23 15:49:52
1287,140.27,16742.4,-429.56,2026/01/23 15:49:52
1288,140.38,16670.5,-419.068,2026/01/23 15:49:52
1289,140.48,16607.5,-422.007,2026/01/23 15:49:52
1290,140.59,16571.7,-424.587,2026/01/23 15:49:52
1291,140.7,16542.6,-420.6,2026/01/23 15:49:52
1292,140.81,16513.5,-423.552,2026/01/23 15:49:52
1293,140.92,16498.1,-425.282,2026/01/23 15:49:52
1294,141.03,16477.8,-418.712,2026/01/23 15:49:53
1295,141.14,16465.4,-426.291,2026/01/23 15:49:53
1296,141.25,16521,-437.625,2026/01/23 15:49:53
1297,141.36,20066.5,-582.262,2026/01/23 15:49:53
1298,141.47,21898,-390.126,2026/01/23 15:49:53
1299,141.57,21940.6,-372.979,2026/01/23 15:49:53
1300,141.68,21930,-390.935,2026/01/23 15:49:53
1301,141.79,21962.9,-390.132,2026/01/23 15:49:53
1302,141.9,21961.3,-371.942,2026/01/23 15:49:53
1303,142.01,21968.6,-382.813,2026/01/23 15:49:54
1304,142.12,21975.6,-377.361,2026/01/23 15:49:54
1305,142.23,21970.2,-381.687,2026/01/23 15:49:54
1306,142.34,21993.4,-385.879,2026/01/23 15:49:54
1307,142.45,21929.2,-345.802,2026/01/23 15:49:54
1308,142.55,18046.8,-204.699,2026/01/23 15:49:54
1309,142.66,16833.3,-424.421,2026/01/23 15:49:54
1310,142.77,16735.9,-420.06,2026/01/23 15:49:54
1311,142.88,16660.8,-428.322,2026/01/23 15:49:54
1312,142.99,16622.8,-422.794,2026/01/23 15:49:55
1313,143.1,16577.3,-420.539,2026/01/23 15:49:55
1314,143.21,16555.7,-427.249,2026/01/23 15:49:55
1315,143.32,16530.1,-421.058,2026/01/23 15:49:55
1316,143.43,16508.7,-429.827,2026/01/23 15:49:55
1317,143.54,16497,-419.085,2026/01/23 15:49:55
1318,143.64,16472.8,-425.786,2026/01/23 15:49:55
1319,143.75,17872.1,-617.132,2026/01/23 15:49:55
1320,143.86,21718.1,-433.389,2026/01/23 15:49:55
1321,143.97,21935.1,-377.127,2026/01/23 15:49:56
1322,144.08,21948,-388.251,2026/01/23 15:49:56
1323,144.19,21966.9,-373.803,2026/01/23 15:49:56
1324,144.3,21968.8,-386.398,2026/01/23 15:49:56
1325,144.41,21992.7,-377.472,2026/01/23 15:49:56
1326,144.52,21982.1,-383.349,2026/01/23 15:49:56
1327,144.62,21999.1,-384.081,2026/01/23 15:49:56
1328,144.73,22006,-370.728,2026/01/23 15:49:56
1329,144.84,22002.5,-391.088,2026/01/23 15:49:56
1330,144.95,20263.2,-108.97,2026/01/23 15:49:56
1331,145.06,17015.1,-391.411,2026/01/23 15:49:57
1332,145.17,16781,-423.296,2026/01/23 15:49:57
1333,145.28,16704.8,-424.491,2026/01/23 15:49:57
1334,145.39,16647.5,-421.842,2026/01/23 15:49:57
1335,145.5,16610.3,-426.478,2026/01/23 15:49:57
1336,145.61,16580.5,-420.46,2026/01/23 15:49:57
1337,145.71,16553.7,-425.988,2026/01/23 15:49:57
1338,145.82,16536.2,-421.824,2026/01/23 15:49:57
1339,145.93,16516.1,-419.341,2026/01/23 15:49:57
1340,146.04,16501.5,-426.32,2026/01/23 15:49:58
1341,146.15,16672.6,-458.891,2026/01/23 15:49:58
1342,146.26,20704.1,-548.442,2026/01/23 15:49:58
1343,146.37,21959,-383.146,2026/01/23 15:49:58
1344,146.48,21978.6,-380.497,2026/01/23 15:49:58
1345,146.59,21993,-393.415,2026/01/23 15:49:58
1346,146.7,22013.5,-384.394,2026/01/23 15:49:58
1347,146.81,22012.1,-377.157,2026/01/23 15:49:58
1348,146.92,22032.7,-385.53,2026/01/23 15:49:58
1349,147.02,22027.1,-378.617,2026/01/23 15:49:59
1350,147.13,22040.7,-389.249,2026/01/23 15:49:59
1351,147.24,22042.4,-382.761,2026/01/23 15:49:59
1352,147.35,21804.1,-282.626,2026/01/23 15:49:59
1353,147.46,17585.4,-298.905,2026/01/23 15:49:59
1354,147.57,16878.4,-420.449,2026/01/23 15:49:59
1355,147.68,16774,-424.285,2026/01/23 15:49:59
1356,147.79,16724.3,-426.834,2026/01/23 15:49:59
1357,147.9,16676.7,-421.011,2026/01/23 15:49:59
1358,148,16645.5,-426.196,2026/01/23 15:50:00
1359,148.11,16625.5,-418.762,2026/01/23 15:50:00
1360,148.22,16598.6,-427.091,2026/01/23 15:50:00
1361,148.33,16590.5,-423.608,2026/01/23 15:50:00
1362,148.44,16566.1,-423.264,2026/01/23 15:50:00
1363,148.55,16560.4,-430.017,2026/01/23 15:50:00
1364,148.66,18793.5,-640.541,2026/01/23 15:50:00
1365,148.77,21970.2,-397.415,2026/01/23 15:50:00
1366,148.88,22036.1,-394.104,2026/01/23 15:50:00
1367,148.99,22069.5,-383.17,2026/01/23 15:50:01
1368,149.09,22067.4,-381.202,2026/01/23 15:50:01
1369,149.2,22096.3,-388.69,2026/01/23 15:50:01
1370,149.31,22098.3,-381.218,2026/01/23 15:50:01
1371,149.42,22104,-390.879,2026/01/23 15:50:01
1372,149.53,22118.9,-375.072,2026/01/23 15:50:01
1373,149.64,22111,-392.556,2026/01/23 15:50:01
1374,149.75,22135.1,-387.765,2026/01/23 15:50:01
1375,149.86,19482.8,-98.9336,2026/01/23 15:50:01
1376,149.97,17034.6,-412.07,2026/01/23 15:50:02
1377,150.07,16882.8,-430.194,2026/01/23 15:50:02
1378,150.18,16811,-420.047,2026/01/23 15:50:02
1379,150.29,16758.4,-428.962,2026/01/23 15:50:02
1380,150.4,16720.9,-421.5,2026/01/23 15:50:02
1381,150.51,16692.4,-423.373,2026/01/23 15:50:02
1382,150.62,16666.6,-431.072,2026/01/23 15:50:02
1383,150.73,16652.1,-418.403,2026/01/23 15:50:02
1384,150.84,16629.4,-431.631,2026/01/23 15:50:02
1385,150.95,16623.2,-422.805,2026/01/23 15:50:02
1386,151.06,17031.4,-507.786,2026/01/23 15:50:03
1387,151.17,21358.1,-509.334,2026/01/23 15:50:03
1388,151.27,22119.5,-379.938,2026/01/23 15:50:03
1389,151.38,22133.4,-382.915,2026/01/23 15:50:03
1390,151.49,22164.9,-383.425,2026/01/23 15:50:03
1391,151.6,22156.7,-376.857,2026/01/23 15:50:03
1392,151.71,22181.3,-392.938,2026/01/23 15:50:03
1393,151.82,22185.2,-382.498,2026/01/23 15:50:03
1394,151.93,22196.1,-382.116,2026/01/23 15:50:03
1395,152.04,22195.7,-385.877,2026/01/23 15:50:04
1396,152.15,22217.8,-375.186,2026/01/23 15:50:04
1397,152.26,21576.1,-220.073,2026/01/23 15:50:04
1398,152.36,17458.8,-350.986,2026/01/23 15:50:04
1399,152.47,16991.4,-423.433,2026/01/23 15:50:04
1400,152.58,16907.9,-429.294,2026/01/23 15:50:04
1401,152.69,16852.4,-421.512,2026/01/23 15:50:04
1402,152.8,16802.6,-424.695,2026/01/23 15:50:04
1403,152.91,16781.7,-423.688,2026/01/23 15:50:04
1404,153.02,16742.6,-422.416,2026/01/23 15:50:05
1405,153.13,16729.2,-424.12,2026/01/23 15:50:05
1406,153.24,16704.9,-425.535,2026/01/23 15:50:05
1407,153.35,16693.7,-422.357,2026/01/23 15:50:05
1408,153.45,16697.2,-441.984,2026/01/23 15:50:05
1409,153.56,19777.4,-612.764,2026/01/23 15:50:05
1410,153.67,22152.1,-379.503,2026/01/23 15:50:05
1411,153.78,22199,-382.884,2026/01/23 15:50:05
1412,153.89,22206.8,-376.566,2026/01/23 15:50:05
1413,154,22215.5,-392.698,2026/01/23 15:50:06
1414,154.11,22232.4,-371.687,2026/01/23 15:50:06
1415,154.22,22228.1,-383.473,2026/01/23 15:50:06
1416,154.33,22251.2,-379.965,2026/01/23 15:50:06
1417,154.44,22241.9,-386.946,2026/01/23 15:50:06
1418,154.55,22251.4,-384.974,2026/01/23 15:50:06
1419,154.65,22243.1,-374.867,2026/01/23 15:50:06
1420,154.76,18693.1,-146.12,2026/01/23 15:50:06
1421,154.87,17086.7,-429.448,2026/01/23 15:50:06
1422,154.98,16971.9,-423.938,2026/01/23 15:50:07
1423,155.09,16894,-425.964,2026/01/23 15:50:07
1424,155.2,16851.6,-423.989,2026/01/23 15:50:07
1425,155.31,16809.7,-423.604,2026/01/23 15:50:07
1426,155.42,16780.5,-432.485,2026/01/23 15:50:07
1427,155.52,16762.9,-420.667,2026/01/23 15:50:07
1428,155.63,16733.8,-425.19,2026/01/23 15:50:07
1429,155.74,16716,-427.186,2026/01/23 15:50:07
1430,155.85,16707.7,-426.903,2026/01/23 15:50:07
1431,155.96,17568.8,-587.87,2026/01/23 15:50:08
1432,156.07,21814.3,-473.251,2026/01/23 15:50:08
1433,156.18,22206.4,-376.696,2026/01/23 15:50:08
1434,156.29,22233,-387.412,2026/01/23 15:50:08
1435,156.4,22240.8,-377.803,2026/01/23 15:50:08
1436,156.51,22251.2,-377.632,2026/01/23 15:50:08
1437,156.61,22256.1,-393.763,2026/01/23 15:50:08
1438,156.72,22275.9,-372.848,2026/01/23 15:50:08
1439,156.83,22267,-379.933,2026/01/23 15:50:08
1440,156.94,22285.4,-385.064,2026/01/23 15:50:08
1441,157.05,22290.9,-378.484,2026/01/23 15:50:09
1442,157.16,21078.9,-155.934,2026/01/23 15:50:09
1443,157.27,17359.8,-379.45,2026/01/23 15:50:09
1444,157.38,17041.9,-425.923,2026/01/23 15:50:09
1445,157.49,16967,-427.14,2026/01/23 15:50:09
1446,157.6,16907.8,-422.576,2026/01/23 15:50:09
1447,157.7,16870.6,-426.92,2026/01/23 15:50:09
1448,157.81,16831.3,-422.886,2026/01/23 15:50:09
1449,157.92,16805.7,-422.466,2026/01/23 15:50:09
1450,158.03,16780.3,-431.427,2026/01/23 15:50:10
1451,158.14,16772.9,-426.249,2026/01/23 15:50:10
1452,158.25,16743.7,-426.429,2026/01/23 15:50:10
1453,158.36,16824.2,-453.159,2026/01/23 15:50:10
1454,158.47,20563.1,-575.88,2026/01/23 15:50:10
1455,158.58,22235.1,-384.563,2026/01/23 15:50:10
1456,158.69,22272.2,-386.7,2026/01/23 15:50:10
1457,158.8,22269.9,-378.96,2026/01/23 15:50:10
1458,158.9,22295.5,-390.029,2026/01/23 15:50:10
1459,159.01,22289.7,-386.51,2026/01/23 15:50:11
1460,159.12,22312.3,-378.885,2026/01/23 15:50:11
1461,159.23,22297.4,-392.043,2026/01/23 15:50:11
1462,159.34,22322.8,-380.117,2026/01/23 15:50:11
1463,159.45,22312.8,-377.28,2026/01/23 15:50:11
1464,159.56,22245.3,-335.485,2026/01/23 15:50:11
1465,159.67,18177.7,-223.233,2026/01/23 15:50:11
1466,159.78,17123,-434.101,2026/01/23 15:50:11
1467,159.88,17029.3,-419.646,2026/01/23 15:50:11
1468,159.99,16954.4,-426.847,2026/01/23 15:50:12
1469,160.1,16913.3,-424.109,2026/01/23 15:50:12
1470,160.21,16872.5,-426.491,2026/01/23 15:50:12
1471,160.32,16843.3,-426.624,2026/01/23 15:50:12
1472,160.43,16816.6,-426.258,2026/01/23 15:50:12
1473,160.54,16799.4,-424.951,2026/01/23 15:50:12
1474,160.65,16771.2,-428.616,2026/01/23 15:50:12
1475,160.76,16762.3,-427.729,2026/01/23 15:50:12
1476,160.86,18311.5,-635.381,2026/01/23 15:50:12
1477,160.97,22089.5,-440.91,2026/01/23 15:50:13
1478,161.08,22274.6,-376.594,2026/01/23 15:50:13
1479,161.19,22269.3,-393.093,2026/01/23 15:50:13
1480,161.3,22292.8,-383.981,2026/01/23 15:50:13
1481,161.41,22294.5,-385.55,2026/01/23 15:50:13
1482,161.52,22295.3,-372.962,2026/01/23 15:50:13
1483,161.63,22305.1,-390.355,2026/01/23 15:50:13
1484,161.74,22307.9,-374.286,2026/01/23 15:50:13
1485,161.84,22309.3,-387.501,2026/01/23 15:50:13
1486,161.95,22322.8,-380.657,2026/01/23 15:50:13
1487,162.06,20410.8,-97.9492,2026/01/23 15:50:14
1488,162.17,17274.7,-405.655,2026/01/23 15:50:14
1489,162.28,17061.9,-420.862,2026/01/23 15:50:14
1490,162.39,16979.1,-427.115,2026/01/23 15:50:14
1491,162.5,16926.8,-427.733,2026/01/23 15:50:14
1492,162.61,16888.9,-422.489,2026/01/23 15:50:14
1493,162.72,16849,-427.209,2026/01/23 15:50:14
1494,162.82,16826,-431.157,2026/01/23 15:50:14
1495,162.93,16799.2,-421.865,2026/01/23 15:50:14
1496,163.04,16780.6,-432.309,2026/01/23 15:50:15
1497,163.15,16765.5,-424.151,2026/01/23 15:50:15
1498,163.26,16946.2,-464.155,2026/01/23 15:50:15
1499,163.37,21075.8,-547.58,2026/01/23 15:50:15
1500,163.48,22256.4,-375.83,2026/01/23 15:50:15
1501,163.59,22258.1,-388.636,2026/01/23 15:50:15
1502,163.7,22280.4,-390.348,2026/01/23 15:50:15
1503,163.81,22282.7,-378.312,2026/01/23 15:50:15
1504,163.91,22282.4,-389.472,2026/01/23 15:50:15
1505,164.02,22297.2,-386.374,2026/01/23 15:50:16
1506,164.13,22284.5,-382.378,2026/01/23 15:50:16
1507,164.24,22303.6,-391.826,2026/01/23 15:50:16
1508,164.35,22292.9,-375.321,2026/01/23 15:50:16
1509,164.46,21996.5,-279.865,2026/01/23 15:50:16
1510,164.57,17754.6,-309.314,2026/01/23 15:50:16
1511,164.68,17091.2,-423.307,2026/01/23 15:50:16
1512,164.79,16988.8,-433.767,2026/01/23 15:50:16
1513,164.9,16936.9,-423.049,2026/01/23 15:50:16
1514,165.01,16884.8,-423.854,2026/01/23 15:50:17
1515,165.12,16852.1,-431.606,2026/01/23 15:50:17
1516,165.22,16825.7,-425.54,2026/01/23 15:50:17
1517,165.33,16792.8,-427.331,2026/01/23 15:50:17
1518,165.44,16779.8,-429.766,2026/01/23 15:50:17
1519,165.55,16756.3,-421.615,2026/01/23 15:50:17
1520,165.66,16753.3,-431.654,2026/01/23 15:50:17
1521,165.77,19115.6,-639,2026/01/23 15:50:17
1522,165.88,22187.1,-392.319,2026/01/23 15:50:17
1523,165.99,22247.9,-388.31,2026/01/23 15:50:18
1524,166.1,22281.8,-372.241,2026/01/23 15:50:18
1525,166.21,22272.7,-383.437,2026/01/23 15:50:18
1526,166.31,22291.6,-390.483,2026/01/23 15:50:18
1527,166.42,22296.9,-377.62,2026/01/23 15:50:18
1528,166.53,22299.8,-384.632,2026/01/23 15:50:18
1529,166.64,22312.1,-379.891,2026/01/23 15:50:18
1530,166.75,22307.4,-384.545,2026/01/23 15:50:18
1531,166.86,22329.3,-384.029,2026/01/23 15:50:18
1532,166.97,19454.4,-100.062,2026/01/23 15:50:19
1533,167.08,17208.2,-415.181,2026/01/23 15:50:19
1534,167.18,17052,-431.786,2026/01/23 15:50:19
1535,167.29,16989.2,-419.159,2026/01/23 15:50:19
1536,167.4,16925.2,-430.561,2026/01/23 15:50:19
1537,167.51,16900.4,-431.909,2026/01/23 15:50:19
1538,167.62,16864,-422.508,2026/01/23 15:50:19
1539,167.73,16843,-430.374,2026/01/23 15:50:19
1540,167.84,16824.4,-423.013,2026/01/23 15:50:19
1541,167.95,16800.3,-432.638,2026/01/23 15:50:19
1542,168.06,16796.4,-426.634,2026/01/23 15:50:20
1543,168.17,17244.6,-521.293,2026/01/23 15:50:20
1544,168.27,21603.9,-501.75,2026/01/23 15:50:20
1545,168.38,22287.9,-390.653,2026/01/23 15:50:20
1546,168.49,22314.8,-375.844,2026/01/23 15:50:20
1547,168.6,22316.6,-389.049,2026/01/23 15:50:20
1548,168.71,22334.4,-379.244,2026/01/23 15:50:20
1549,168.82,22327.3,-377.459,2026/01/23 15:50:20
1550,168.93,22348.4,-384.188,2026/01/23 15:50:20
1551,169.04,22345.7,-374.554,2026/01/23 15:50:21
1552,169.15,22349.8,-397.501,2026/01/23 15:50:21
1553,169.26,22367,-372.664,2026/01/23 15:50:21
1554,169.36,21636.1,-213.136,2026/01/23 15:50:21
1555,169.47,17559.2,-357.918,2026/01/23 15:50:21
1556,169.58,17135,-428.221,2026/01/23 15:50:21
1557,169.69,17051.3,-428.661,2026/01/23 15:50:21
1558,169.8,16988.8,-429.502,2026/01/23 15:50:21
1559,169.91,16945.7,-422.231,2026/01/23 15:50:21
1560,170.02,16914.1,-428.638,2026/01/23 15:50:22
1561,170.13,16891.3,-422.782,2026/01/23 15:50:22
1562,170.24,16861.9,-425.613,2026/01/23 15:50:22
1563,170.35,16847.8,-432.452,2026/01/23 15:50:22
1564,170.45,16828.3,-422.615,2026/01/23 15:50:22
1565,170.56,16842.6,-444.712,2026/01/23 15:50:22
1566,170.67,20024.8,-610.603,2026/01/23 15:50:22
1567,170.78,22299.7,-374.795,2026/01/23 15:50:22
1568,170.89,22333.8,-385.751,2026/01/23 15:50:22
1569,171,22353.9,-384.101,2026/01/23 15:50:23
1570,171.11,22350.3,-378.568,2026/01/23 15:50:23
1571,171.22,22371,-386.873,2026/01/23 15:50:23
1572,171.33,22367,-372.565,2026/01/23 15:50:23
1573,171.44,22371.1,-387.318,2026/01/23 15:50:23
1574,171.54,22379.6,-380.085,2026/01/23 15:50:23
1575,171.65,22388.9,-378.548,2026/01/23 15:50:23
1576,171.76,22368.4,-379.937,2026/01/23 15:50:23
1577,171.87,18792.7,-149.391,2026/01/23 15:50:23
1578,171.98,17220.7,-422.47,2026/01/23 15:50:24
1579,172.09,17110.2,-434.381,2026/01/23 15:50:24
1580,172.2,17041.3,-424.127,2026/01/23 15:50:24
1581,172.31,16988.2,-432.028,2026/01/23 15:50:24
1582,172.42,16962.2,-425.473,2026/01/23 15:50:24
1583,172.52,16923.3,-427.971,2026/01/23 15:50:24
1584,172.63,16911.3,-427.503,2026/01/23 15:50:24
1585,172.74,16882.7,-428.577,2026/01/23 15:50:24
1586,172.85,16873.9,-427.835,2026/01/23 15:50:24
1587,172.96,16853.5,-433.53,2026/01/23 15:50:25
1588,173.07,17781.1,-589.246,2026/01/23 15:50:25
1589,173.18,21992.2,-472.83,2026/01/23 15:50:25
1590,173.29,22383.8,-386.576,2026/01/23 15:50:25
1591,173.4,22390.1,-381.845,2026/01/23 15:50:25
1592,173.5,22408.4,-395.987,2026/01/23 15:50:25
1593,173.61,22427.1,-370.081,2026/01/23 15:50:25
1594,173.72,22416.5,-389.733,2026/01/23 15:50:25
1595,173.83,22440.2,-377.333,2026/01/23 15:50:25
1596,173.94,22434.6,-381.713,2026/01/23 15:50:25
1597,174.05,22440.4,-376.205,2026/01/23 15:50:26
1598,174.16,22451.6,-388.842,2026/01/23 15:50:26
1599,174.27,21170,-137.766,2026/01/23 15:50:26
1600,174.38,17490.6,-393.943,2026/01/23 15:50:26
1601,174.49,17205.9,-427.813,2026/01/23 15:50:26
1602,174.6,17113,-431.985,2026/01/23 15:50:26
1603,174.7,17065.2,-428.409,2026/01/23 15:50:26
1604,174.81,17023.1,-423.102,2026/01/23 15:50:26
1605,174.92,16989.8,-432.493,2026/01/23 15:50:26
1606,175.03,16972.4,-424.723,2026/01/23 15:50:27
1607,175.14,16946.7,-425.954,2026/01/23 15:50:27
1608,175.25,16924.5,-431.979,2026/01/23 15:50:27
1609,175.36,16912.7,-427.675,2026/01/23 15:50:27
1610,175.47,16980.5,-448.352,2026/01/23 15:50:27
1611,175.58,20750.4,-575.609,2026/01/23 15:50:27
1612,175.68,22400.6,-376.542,2026/01/23 15:50:27
1613,175.79,22426.5,-392.063,2026/01/23 15:50:27
1614,175.9,22443.2,-376.237,2026/01/23 15:50:27
1615,176.01,22446.3,-380.981,2026/01/23 15:50:28
1616,176.12,22443,-393.817,2026/01/23 15:50:28
1617,176.23,22469.6,-382.41,2026/01/23 15:50:28
1618,176.34,22455,-375.185,2026/01/23 15:50:28
1619,176.45,22468.7,-392.934,2026/01/23 15:50:28
1620,176.55,22472.5,-375.808,2026/01/23 15:50:28
1621,176.66,22393.6,-337.118,2026/01/23 15:50:28
1622,176.77,18323.8,-225.08,2026/01/23 15:50:28
1623,176.88,17260.2,-428.177,2026/01/23 15:50:28
1624,176.99,17167.4,-432.67,2026/01/23 15:50:29
1625,177.1,17090.1,-429.536,2026/01/23 15:50:29
1626,177.21,17051,-424.823,2026/01/23 15:50:29
1627,177.32,17007.3,-433.033,2026/01/23 15:50:29
1628,177.43,16985.4,-425.333,2026/01/23 15:50:29
1629,177.54,16950.9,-430.632,2026/01/23 15:50:29
1630,177.65,16939.1,-429.54,2026/01/23 15:50:29
1631,177.75,16911.9,-428.73,2026/01/23 15:50:29
1632,177.86,16900.4,-434.661,2026/01/23 15:50:29
1633,177.97,18473.6,-639.351,2026/01/23 15:50:30
1634,178.08,22248.6,-433.116,2026/01/23 15:50:30
1635,178.19,22423.9,-376.484,2026/01/23 15:50:30
1636,178.3,22416.1,-384.187,2026/01/23 15:50:30
1637,178.41,22437.7,-382.116,2026/01/23 15:50:30
1638,178.52,22443.8,-389.397,2026/01/23 15:50:30
1639,178.63,22450.9,-371.319,2026/01/23 15:50:30
1640,178.73,22445.3,-395.381,2026/01/23 15:50:30
1641,178.84,22458.7,-373.077,2026/01/23 15:50:30
1642,178.95,22440.4,-384.35,2026/01/23 15:50:30
1643,179.06,22457.5,-380.705,2026/01/23 15:50:31
1644,179.17,20446.9,-92.8184,2026/01/23 15:50:31
1645,179.28,17391.3,-411.854,2026/01/23 15:50:31
1646,179.39,17182.9,-427.457,2026/01/23 15:50:31
1647,179.5,17096.4,-433.806,2026/01/23 15:50:31
1648,179.61,17048.6,-431.377,2026/01/23 15:50:31
1649,179.72,17005.7,-426.92,2026/01/23 15:50:31
1650,179.82,16971.4,-427.686,2026/01/23 15:50:31
1651,179.93,16946.6,-429.606,2026/01/23 15:50:31
1652,180.04,16922.4,-423.846,2026/01/23 15:50:32
1653,180.15,16903.8,-432.214,2026/01/23 15:50:32
1654,180.26,16886.8,-425.44,2026/01/23 15:50:32
1655,180.37,17084.3,-476.736,2026/01/23 15:50:32
1656,180.48,21248.7,-540.66,2026/01/23 15:50:32
1657,180.59,22373.2,-374.669,2026/01/23 15:50:32
1658,180.7,22384.5,-396.833,2026/01/23 15:50:32
1659,180.81,22408.4,-376.808,2026/01/23 15:50:32
1660,180.92,22404.8,-386.522,2026/01/23 15:50:32
1661,181.02,22419.9,-389.036,2026/01/23 15:50:33
1662,181.13,22426.1,-373.807,2026/01/23 15:50:33
1663,181.24,22419.9,-386.522,2026/01/23 15:50:33
1664,181.35,22434.9,-385.476,2026/01/23 15:50:33
1665,181.46,22426.4,-380.603,2026/01/23 15:50:33
1666,181.57,22104.1,-271.394,2026/01/23 15:50:33
1667,181.68,17819,-317.748,2026/01/23 15:50:33
1668,181.79,17211.3,-434.935,2026/01/23 15:50:33
1669,181.9,17118.7,-427.133,2026/01/23 15:50:33
1670,182.01,17056.8,-427.134,2026/01/23 15:50:34
1671,182.12,17006.1,-435.599,2026/01/23 15:50:34
1672,182.22,16981,-424.646,2026/01/23 15:50:34
1673,182.33,16943.6,-427.305,2026/01/23 15:50:34
1674,182.44,16927.4,-431.538,2026/01/23 15:50:34
1675,182.55,16908.1,-425.083,2026/01/23 15:50:34
1676,182.66,16884.3,-433.593,2026/01/23 15:50:34
1677,182.77,16883.6,-429.796,2026/01/23 15:50:34
1678,182.88,19301.5,-636.133,2026/01/23 15:50:34
1679,182.99,22323,-404.021,2026/01/23 15:50:35
1680,183.09,22368.7,-379.954,2026/01/23 15:50:35
1681,183.2,22391.9,-377.354,2026/01/23 15:50:35
1682,183.31,22393.8,-390.63,2026/01/23 15:50:35
1683,183.42,22411,-374.762,2026/01/23 15:50:35
1684,183.53,22396.3,-380.956,2026/01/23 15:50:35
1685,183.64,22418.4,-384.405,2026/01/23 15:50:35
1686,183.75,22407.1,-380.177,2026/01/23 15:50:35
1687,183.86,22422.8,-388.284,2026/01/23 15:50:35
1688,183.97,22424.3,-369.418,2026/01/23 15:50:36
1689,184.08,19511.6,-105.717,2026/01/23 15:50:36
1690,184.18,17306.2,-413.093,2026/01/23 15:50:36
1691,184.29,17152.7,-427.77,2026/01/23 15:50:36
1692,184.4,17084.7,-428.3,2026/01/23 15:50:36
1693,184.51,17035.6,-429.784,2026/01/23 15:50:36
1694,184.62,16992.5,-423.942,2026/01/23 15:50:36
1695,184.73,16969.1,-432.194,2026/01/23 15:50:36
1696,184.84,16942.7,-426.401,2026/01/23 15:50:36
1697,184.95,16916.1,-431.216,2026/01/23 15:50:36
1698,185.06,16905.4,-427.659,2026/01/23 15:50:37
1699,185.17,16880.8,-428.876,2026/01/23 15:50:37
1700,185.28,17395.4,-535.865,2026/01/23 15:50:37
1701,185.38,21758.2,-490.922,2026/01/23 15:50:37
1702,185.49,22364.2,-391.309,2026/01/23 15:50:37
1703,185.6,22399.9,-381.585,2026/01/23 15:50:37
1704,185.71,22402.6,-380.072,2026/01/23 15:50:37
1705,185.82,22404.6,-384.66,2026/01/23 15:50:37
1706,185.93,22423.7,-384.616,2026/01/23 15:50:37
1707,186.04,22412.2,-380.115,2026/01/23 15:50:38
1708,186.15,22424.4,-388.597,2026/01/23 15:50:38
1709,186.26,22419.4,-374.178,2026/01/23 15:50:38
1710,186.37,22426.5,-388.799,2026/01/23 15:50:38
1711,186.47,21619,-195.681,2026/01/23 15:50:38
1712,186.58,17596.3,-359.735,2026/01/23 15:50:38
1713,186.69,17199.8,-434.75,2026/01/23 15:50:38
1714,186.8,17121.9,-421.686,2026/01/23 15:50:38
1715,186.91,17051.9,-432.553,2026/01/23 15:50:38
1716,187.02,17019.4,-431.507,2026/01/23 15:50:39
1717,187.13,16984.8,-425.487,2026/01/23 15:50:39
1718,187.24,16956.6,-432.61,2026/01/23 15:50:39
1719,187.35,16936.6,-428.952,2026/01/23 15:50:39
1720,187.46,16910.5,-427.782,2026/01/23 15:50:39
1721,187.57,16900,-431.926,2026/01/23 15:50:39
1722,187.68,16924.7,-440.975,2026/01/23 15:50:39
1723,187.78,20281.6,-606.722,2026/01/23 15:50:39
1724,187.89,22359,-375.728,2026/01/23 15:50:39
1725,188,22392.4,-375.446,2026/01/23 15:50:40
1726,188.11,22398.5,-389.461,2026/01/23 15:50:40
1727,188.22,22419.4,-373.284,2026/01/23 15:50:40
1728,188.33,22408.9,-382.78,2026/01/23 15:50:40
1729,188.44,22424.6,-385.799,2026/01/23 15:50:40
1730,188.55,22416.2,-377.896,2026/01/23 15:50:40
1731,188.66,22420.5,-393.521,2026/01/23 15:50:40
1732,188.77,22435.5,-374.771,2026/01/23 15:50:40
1733,188.87,22397.1,-360.233,2026/01/23 15:50:40
1734,188.98,18593.9,-185.447,2026/01/23 15:50:41
1735,189.09,17251.9,-427.326,2026/01/23 15:50:41
1736,189.2,17154.1,-431.007,2026/01/23 15:50:41
1737,189.31,17078.7,-429.539,2026/01/23 15:50:41
1738,189.42,17037.2,-425.692,2026/01/23 15:50:41
1739,189.53,16996.3,-435.78,2026/01/23 15:50:41
1740,189.64,16977.9,-427.652,2026/01/23 15:50:41
1741,189.75,16940.8,-430.894,2026/01/23 15:50:41
1742,189.85,16929.3,-429.101,2026/01/23 15:50:41
1743,189.96,16906.8,-427.585,2026/01/23 15:50:42
1744,190.07,16888.1,-433.876,2026/01/23 15:50:42
1745,190.18,17984,-598.118,2026/01/23 15:50:42
1746,190.29,22085.9,-446.045,2026/01/23 15:50:42
1747,190.4,22377.2,-382.857,2026/01/23 15:50:42
1748,190.51,22400.8,-377.487,2026/01/23 15:50:42
1749,190.62,22406,-374.946,2026/01/23 15:50:42
1750,190.73,22414.4,-390.656,2026/01/23 15:50:42
1751,190.83,22416,-375.263,2026/01/23 15:50:42
1752,190.94,22419.7,-387.371,2026/01/23 15:50:42
1753,191.05,22430.3,-377.598,2026/01/23 15:50:43
1754,191.16,22426.9,-377.313,2026/01/23 15:50:43
1755,191.27,22430,-386.619,2026/01/23 15:50:43
1756,191.38,20949.9,-122.314,2026/01/23 15:50:43
1757,191.49,17436.2,-399.539,2026/01/23 15:50:43
1758,191.6,17188.1,-432.541,2026/01/23 15:50:43
1759,191.71,17101,-430.756,2026/01/23 15:50:43
1760,191.82,17047.3,-432.569,2026/01/23 15:50:43
1761,191.93,17009.1,-426.789,2026/01/23 15:50:43
1762,192.03,16970,-432.116,2026/01/23 15:50:44
1763,192.14,16952.4,-432.748,2026/01/23 15:50:44
1764,192.25,16923.5,-429.398,2026/01/23 15:50:44
1765,192.36,16910.4,-432.88,2026/01/23 15:50:44
1766,192.47,16886.7,-427.852,2026/01/23 15:50:44
1767,192.58,16997.6,-455.294,2026/01/23 15:50:44
1768,192.69,20903.9,-567.2,2026/01/23 15:50:44
1769,192.8,22360.3,-371.608,2026/01/23 15:50:44
1770,192.91,22365.1,-383.581,2026/01/23 15:50:44
1771,193.02,22390,-385.829,2026/01/23 15:50:45
1772,193.12,22391.2,-375.681,2026/01/23 15:50:45
1773,193.23,22397.2,-387.749,2026/01/23 15:50:45
1774,193.34,22404.6,-376.224,2026/01/23 15:50:45
1775,193.45,22399.7,-386.702,2026/01/23 15:50:45
1776,193.56,22420.1,-380.823,2026/01/23 15:50:45
1777,193.67,22408.6,-382.203,2026/01/23 15:50:45
1778,193.78,22270.2,-308.663,2026/01/23 15:50:45
1779,193.89,18079,-269.455,2026/01/23 15:50:45
1780,193.99,17219.5,-424.646,2026/01/23 15:50:46
1781,194.1,17119.9,-433.016,2026/01/23 15:50:46
1782,194.21,17059,-425.602,2026/01/23 15:50:46
1783,194.32,17009.1,-432.931,2026/01/23 15:50:46
1784,194.43,16984.1,-428.847,2026/01/23 15:50:46
1785,194.54,16947.5,-428.155,2026/01/23 15:50:46
1786,194.65,16926.2,-436.232,2026/01/23 15:50:46
1787,194.76,16909,-425.554,2026/01/23 15:50:46
1788,194.87,16883.4,-432.497,2026/01/23 15:50:46
1789,194.98,16876,-433.938,2026/01/23 15:50:47
1790,195.09,18756.9,-647.013,2026/01/23 15:50:47
1791,195.19,22241.3,-406.464,2026/01/23 15:50:47
1792,195.3,22362.1,-387.556,2026/01/23 15:50:47
1793,195.41,22370.1,-373.03,2026/01/23 15:50:47
1794,195.52,22383,-389.7,2026/01/23 15:50:47
1795,195.63,22387.5,-378.394,2026/01/23 15:50:47
1796,195.74,22389.6,-389.002,2026/01/23 15:50:47
1797,195.85,22401.9,-378.283,2026/01/23 15:50:47
1798,195.96,22406.9,-375.452,2026/01/23 15:50:48
1799,196.07,22398.2,-391.342,2026/01/23 15:50:48
1800,196.18,22418.3,-379.392,2026/01/23 15:50:48
1801,196.28,20059.7,-84.1533,2026/01/23 15:50:48
1802,196.39,17336,-412.541,2026/01/23 15:50:48
1803,196.5,17159.2,-430.335,2026/01/23 15:50:48
1804,196.61,17086,-430.009,2026/01/23 15:50:48
1805,196.72,17041,-428.584,2026/01/23 15:50:48
1806,196.83,16994.9,-432.236,2026/01/23 15:50:48
1807,196.94,16973.8,-433.373,2026/01/23 15:50:48
1808,197.05,16943.5,-423.488,2026/01/23 15:50:49
1809,197.16,16928.5,-427.545,2026/01/23 15:50:49
1810,197.26,16904.3,-434.76,2026/01/23 15:50:49
1811,197.37,16898.3,-424.993,2026/01/23 15:50:49
1812,197.48,17156.4,-488.515,2026/01/23 15:50:49
1813,197.59,21422.1,-535.259,2026/01/23 15:50:49
1814,197.7,22353.5,-377.259,2026/01/23 15:50:49
1815,197.81,22379.6,-390.454,2026/01/23 15:50:49
1816,197.92,22393.2,-373.609,2026/01/23 15:50:49
1817,198.03,22388,-391.608,2026/01/23 15:50:50
1818,198.14,22411,-378.075,2026/01/23 15:50:50
1819,198.25,22394.8,-386.935,2026/01/23 15:50:50
1820,198.35,22415.1,-386.324,2026/01/23 15:50:50
1821,198.46,22418.7,-389.889,2026/01/23 15:50:50
1822,198.57,22422.7,-376.886,2026/01/23 15:50:50
1823,198.68,21971.9,-244.999,2026/01/23 15:50:50
1824,198.79,17762.5,-328.652,2026/01/23 15:50:50
1825,198.9,17211.4,-434.838,2026/01/23 15:50:50
1826,199.01,17135.4,-430.31,2026/01/23 15:50:51
1827,199.12,17067,-427.003,2026/01/23 15:50:51
1828,199.23,17028.2,-432.578,2026/01/23 15:50:51
1829,199.34,16997.1,-424.321,2026/01/23 15:50:51
1830,199.45,16963.9,-438.115,2026/01/23 15:50:51
1831,199.56,16952.5,-426.906,2026/01/23 15:50:51
1832,199.66,16920.8,-432.782,2026/01/23 15:50:51
1833,199.78,16916.4,-430.29,2026/01/23 15:50:51
1834,199.88,16908.7,-434.894,2026/01/23 15:50:51
1835,199.99,19751.3,-615.579,2026/01/23 15:50:52
1836,200.1,22353.2,-392.579,2026/01/23 15:50:52
1837,200.21,22395.9,-375.64,2026/01/23 15:50:52
1838,200.32,22403.2,-381.251,2026/01/23 15:50:52
1839,200.43,22426.9,-380.141,2026/01/23 15:50:52
1840,200.54,22426.9,-380.831,2026/01/23 15:50:52
1841,200.65,22441.4,-385.544,2026/01/23 15:50:52
1842,200.76,22445,-368.537,2026/01/23 15:50:52
1843,200.86,22440.1,-388.101,2026/01/23 15:50:52
1844,200.97,22462.6,-378.683,2026/01/23 15:50:53
1845,201.08,22449.7,-379.153,2026/01/23 15:50:53
1846,201.19,19114.2,-120.992,2026/01/23 15:50:53
1847,201.3,17310.5,-427.497,2026/01/23 15:50:53
1848,201.41,17187.3,-424.79,2026/01/23 15:50:53
1849,201.52,17116.6,-431.802,2026/01/23 15:50:53
1850,201.63,17071.3,-422.052,2026/01/23 15:50:53
1851,201.74,17030.8,-431.663,2026/01/23 15:50:53
1852,201.85,17007.2,-427.79,2026/01/23 15:50:53
1853,201.95,16974.4,-431.023,2026/01/23 15:50:53
1854,202.06,16956.7,-435.256,2026/01/23 15:50:54
1855,202.17,16937.6,-423.946,2026/01/23 15:50:54
1856,202.28,16915.2,-433.902,2026/01/23 15:50:54
1857,202.39,17676.7,-578.773,2026/01/23 15:50:54
1858,202.5,21953.3,-475.669,2026/01/23 15:50:54
1859,202.61,22390.3,-385.471,2026/01/23 15:50:54
1860,202.72,22419.5,-389.413,2026/01/23 15:50:54
1861,202.83,22418,-374.319,2026/01/23 15:50:54
1862,202.94,22429.6,-388.074,2026/01/23 15:50:54
1863,203.04,22437.2,-372.31,2026/01/23 15:50:55
1864,203.16,22432.4,-389.566,2026/01/23 15:50:55
1865,203.26,22450.3,-375.61,2026/01/23 15:50:55
1866,203.37,22440.5,-368.631,2026/01/23 15:50:55
1867,203.48,22439.4,-393.433,2026/01/23 15:50:55
1868,203.59,21321.7,-156.85,2026/01/23 15:50:55
1869,203.7,17529.4,-380.3,2026/01/23 15:50:55
1870,203.81,17219,-435.51,2026/01/23 15:50:55
1871,203.92,17139.9,-427.128,2026/01/23 15:50:55
1872,204.03,17080.5,-430.127,2026/01/23 15:50:56
1873,204.14,17045.8,-431.243,2026/01/23 15:50:56
1874,204.25,17008.1,-423.213,2026/01/23 15:50:56
1875,204.35,16989.7,-433.826,2026/01/23 15:50:56
1876,204.46,16968.8,-429.48,2026/01/23 15:50:56
1877,204.57,16947.9,-429.978,2026/01/23 15:50:56
1878,204.68,16935.5,-432.609,2026/01/23 15:50:56
1879,204.79,17002.6,-445.129,2026/01/23 15:50:56
1880,204.9,20616.9,-583.677,2026/01/23 15:50:56
1881,205.01,22396.7,-383.747,2026/01/23 15:50:57
1882,205.12,22409,-377.798,2026/01/23 15:50:57
1883,205.23,22427.6,-388.557,2026/01/23 15:50:57
1884,205.34,22446.6,-384.18,2026/01/23 15:50:57
1885,205.45,22446.7,-382.847,2026/01/23 15:50:57
1886,205.55,22459.7,-389.708,2026/01/23 15:50:57
1887,205.66,22459.8,-374.32,2026/01/23 15:50:57
1888,205.77,22471.7,-386.249,2026/01/23 15:50:57
1889,205.88,22476,-369.483,2026/01/23 15:50:57
1890,205.99,22388.4,-332.295,2026/01/23 15:50:58
1891,206.1,18297.7,-241.364,2026/01/23 15:50:58
1892,206.21,17302.1,-429.912,2026/01/23 15:50:58
1893,206.32,17195.8,-433.658,2026/01/23 15:50:58
1894,206.43,17142.4,-432.323,2026/01/23 15:50:58
1895,206.54,17091.8,-425.749,2026/01/23 15:50:58
1896,206.65,17056.5,-435.657,2026/01/23 15:50:58
1897,206.75,17034.2,-426.96,2026/01/23 15:50:58
1898,206.86,17005.5,-429.894,2026/01/23 15:50:58
1899,206.97,16997.9,-427.907,2026/01/23 15:50:59
1900,207.08,16969.9,-426.767,2026/01/23 15:50:59
1901,207.19,16965.1,-429.365,2026/01/23 15:50:59
1902,207.3,18463.3,-645.502,2026/01/23 15:50:59
1903,207.41,22275.4,-416.583,2026/01/23 15:50:59
1904,207.51,22431.3,-386.588,2026/01/23 15:50:59
1905,207.63,22462.3,-376.247,2026/01/23 15:50:59
1906,207.73,22458.9,-377.483,2026/01/23 15:50:59
1907,207.85,22483.5,-385.686,2026/01/23 15:50:59
1908,207.95,22473.6,-371.209,2026/01/23 15:50:59
1909,208.06,22477.9,-388.276,2026/01/23 15:51:00
1910,208.17,22490.7,-368.86,2026/01/23 15:51:00
1911,208.28,22481.9,-388.019,2026/01/23 15:51:00
1912,208.39,22494.4,-386.624,2026/01/23 15:51:00
1913,208.5,20526.7,-94.1084,2026/01/23 15:51:00
1914,208.61,17448.6,-403.644,2026/01/23 15:51:00
1915,208.71,17248.3,-437.895,2026/01/23 15:51:00
1916,208.82,17166.8,-425.82,2026/01/23 15:51:00
1917,208.93,17113.3,-436.858,2026/01/23 15:51:00
1918,209.04,17077.9,-429.372,2026/01/23 15:51:01
1919,209.15,17042.3,-432.31,2026/01/23 15:51:01
1920,209.26,17019.6,-434.344,2026/01/23 15:51:01
1921,209.37,16999.4,-427.592,2026/01/23 15:51:01
1922,209.48,16979.1,-430.646,2026/01/23 15:51:01
1923,209.59,16966.3,-429.424,2026/01/23 15:51:01
1924,209.69,17134.1,-462.551,2026/01/23 15:51:01
1925,209.8,21226.2,-548.177,2026/01/23 15:51:01
1926,209.91,22415.3,-380.067,2026/01/23 15:51:01
1927,210.02,22426,-381.796,2026/01/23 15:51:02
1928,210.13,22454.3,-383.712,2026/01/23 15:51:02
1929,210.24,22444.6,-373.933,2026/01/23 15:51:02
1930,210.35,22461.9,-386.642,2026/01/23 15:51:02
1931,210.46,22456.5,-384.409,2026/01/23 15:51:02
1932,210.57,22466.3,-369.028,2026/01/23 15:51:02
1933,210.67,22453.1,-392.392,2026/01/23 15:51:02
1934,210.78,22472.2,-377.109,2026/01/23 15:51:02
1935,210.89,22193,-275.104,2026/01/23 15:51:02
1936,211,17955.9,-307.024,2026/01/23 15:51:03
1937,211.11,17275.1,-428.32,2026/01/23 15:51:03
1938,211.22,17179.9,-434.659,2026/01/23 15:51:03
1939,211.33,17129.8,-426.942,2026/01/23 15:51:03
1940,211.44,17072.5,-435.045,2026/01/23 15:51:03
1941,211.55,17052.3,-432.994,2026/01/23 15:51:03
1942,211.66,17017.1,-428.609,2026/01/23 15:51:03
1943,211.77,16999.5,-429.638,2026/01/23 15:51:03
1944,211.88,16973.6,-433.96,2026/01/23 15:51:03
1945,211.98,16961.2,-428.057,2026/01/23 15:51:04
1946,212.09,16941.5,-438.105,2026/01/23 15:51:04
1947,212.2,19313.4,-624.303,2026/01/23 15:51:04
1948,212.31,22333.1,-397.334,2026/01/23 15:51:04
1949,212.42,22411.3,-386.099,2026/01/23 15:51:04
1950,212.53,22421,-374.679,2026/01/23 15:51:04
1951,212.64,22423.5,-388.541,2026/01/23 15:51:04
1952,212.75,22446.6,-371.228,2026/01/23 15:51:04
1953,212.86,22430.9,-384.631,2026/01/23 15:51:04
1954,212.97,22447.9,-381.157,2026/01/23 15:51:05
1955,213.07,22455.2,-385.467,2026/01/23 15:51:05
1956,213.18,22449.7,-374.548,2026/01/23 15:51:05
1957,213.29,22452.7,-395.95,2026/01/23 15:51:05
1958,213.4,19647.6,-92.0303,2026/01/23 15:51:05
1959,213.51,17347.7,-423.866,2026/01/23 15:51:05
1960,213.62,17216.4,-430.727,2026/01/23 15:51:05
1961,213.73,17137.3,-430.122,2026/01/23 15:51:05
1962,213.84,17089.4,-435.347,2026/01/23 15:51:05
1963,213.95,17056.6,-424.718,2026/01/23 15:51:05
1964,214.05,17019.5,-433.059,2026/01/23 15:51:06
1965,214.16,17003.7,-431.149,2026/01/23 15:51:06
1966,214.27,16984.1,-431.927,2026/01/23 15:51:06
1967,214.38,16963,-431.782,2026/01/23 15:51:06
1968,214.49,16953.8,-431.673,2026/01/23 15:51:06
1969,214.6,17376.8,-514.412,2026/01/23 15:51:06
1970,214.71,21703.8,-512.632,2026/01/23 15:51:06
1971,214.82,22404.4,-370.678,2026/01/23 15:51:06
1972,214.93,22411.9,-383.604,2026/01/23 15:51:06
1973,215.04,22438.4,-382.294,2026/01/23 15:51:07
1974,215.14,22440.3,-373.072,2026/01/23 15:51:07
1975,215.25,22443.6,-392.63,2026/01/23 15:51:07
1976,215.36,22456.6,-369.34,2026/01/23 15:51:07
1977,215.47,22451.3,-380.792,2026/01/23 15:51:07
1978,215.58,22457.3,-392.371,2026/01/23 15:51:07
1979,215.69,22467.9,-379.344,2026/01/23 15:51:07
1980,215.8,21740.7,-204.599,2026/01/23 15:51:07
1981,215.91,17678.4,-358.126,2026/01/23 15:51:07
1982,216.02,17260.3,-428.505,2026/01/23 15:51:08
1983,216.13,17180,-431.024,2026/01/23 15:51:08
1984,216.23,17119.7,-427.163,2026/01/23 15:51:08
1985,216.34,17079.5,-427.221,2026/01/23 15:51:08
1986,216.45,17045,-436.642,2026/01/23 15:51:08
1987,216.56,17026.4,-427.699,2026/01/23 15:51:08
1988,216.67,16995.5,-429.993,2026/01/23 15:51:08
1989,216.78,16982,-432.352,2026/01/23 15:51:08
1990,216.89,16964.6,-428.019,2026/01/23 15:51:08
1991,217,16975.7,-446.186,2026/01/23 15:51:09
1992,217.11,20095.4,-607.421,2026/01/23 15:51:09
1993,217.22,22370.1,-376.472,2026/01/23 15:51:09
1994,217.33,22417.7,-384.354,2026/01/23 15:51:09
1995,217.43,22415.1,-376.021,2026/01/23 15:51:09
1996,217.54,22435.5,-383.128,2026/01/23 15:51:09
1997,217.65,22428.3,-387.006,2026/01/23 15:51:09
1998,217.76,22448.2,-367.173,2026/01/23 15:51:09
1999,217.87,22432,-381.299,2026/01/23 15:51:09
2000,217.98,22452.6,-380.952,2026/01/23 15:51:10
2001,218.09,22446.1,-372.959,2026/01/23 15:51:10
2002,218.2,22444.3,-374.068,2026/01/23 15:51:10
2003,218.31,18765.5,-158.579,2026/01/23 15:51:10
2004,218.42,17309,-432.459,2026/01/23 15:51:10
2005,218.52,17213.3,-430.226,2026/01/23 15:51:10
2006,218.63,17141.1,-428.959,2026/01/23 15:51:10
2007,218.74,17103.1,-433.353,2026/01/23 15:51:10
2008,218.85,17063.8,-429.23,2026/01/23 15:51:10
2009,218.96,17042.4,-427.057,2026/01/23 15:51:11
2010,219.07,17012.3,-433.042,2026/01/23 15:51:11
2011,219.18,17004.4,-425.839,2026/01/23 15:51:11
2012,219.29,16978.3,-431.549,2026/01/23 15:51:11
2013,219.4,16976.5,-431.607,2026/01/23 15:51:11
2014,219.51,17991.7,-591.897,2026/01/23 15:51:11
2015,219.62,22117.5,-457.39,2026/01/23 15:51:11
2016,219.72,22425.6,-376.422,2026/01/23 15:51:11
2017,219.83,22432.3,-393.251,2026/01/23 15:51:11
2018,219.94,22455.5,-379.93,2026/01/23 15:51:11
2019,220.05,22446.3,-379.55,2026/01/23 15:51:12
2020,220.16,22461.6,-375.328,2026/01/23 15:51:12
2021,220.27,22460.9,-383.05,2026/01/23 15:51:12
2022,220.38,22464,-368.012,2026/01/23 15:51:12
2023,220.48,22463.7,-388.524,2026/01/23 15:51:12
2024,220.59,22468.6,-374.77,2026/01/23 15:51:12
2025,220.7,21049.6,-135.699,2026/01/23 15:51:12
2026,220.81,17516.8,-395.15,2026/01/23 15:51:12
2027,220.92,17249.3,-429.647,2026/01/23 15:51:12
2028,221.03,17171.3,-439.785,2026/01/23 15:51:13
2029,221.14,17123.6,-426.024,2026/01/23 15:51:13
2030,221.25,17077.3,-433.313,2026/01/23 15:51:13
2031,221.36,17051.9,-433.579,2026/01/23 15:51:13
2032,221.47,17026.2,-427.235,2026/01/23 15:51:13
2033,221.58,17003.7,-428.136,2026/01/23 15:51:13
2034,221.69,16989.5,-434.4,2026/01/23 15:51:13
2035,221.8,16970,-426.403,2026/01/23 15:51:13
2036,221.9,17058.5,-453.256,2026/01/23 15:51:13
2037,222.01,20857.2,-560.2,2026/01/23 15:51:14
2038,222.12,22394.4,-388.532,2026/01/23 15:51:14
2039,222.23,22431.4,-376.891,2026/01/23 15:51:14
2040,222.34,22437.1,-371.083,2026/01/23 15:51:14
2041,222.45,22445.6,-382.615,2026/01/23 15:51:14
2042,222.56,22465.5,-370.145,2026/01/23 15:51:14
2043,222.67,22455.1,-378.147,2026/01/23 15:51:14
2044,222.78,22465.6,-380.706,2026/01/23 15:51:14
2045,222.89,22468.3,-374.656,2026/01/23 15:51:14
2046,223,22461.7,-386.037,2026/01/23 15:51:15
2047,223.1,22333.4,-313.507,2026/01/23 15:51:15
2048,223.21,18130.5,-263.756,2026/01/23 15:51:15
2049,223.32,17304.6,-436.347,2026/01/23 15:51:15
2050,223.43,17212.4,-430.439,2026/01/23 15:51:15
2051,223.54,17154.8,-435.496,2026/01/23 15:51:15
2052,223.65,17108.9,-431.089,2026/01/23 15:51:15
2053,223.76,17077.6,-427.038,2026/01/23 15:51:15
2054,223.87,17048.1,-437.226,2026/01/23 15:51:15
2055,223.98,17032.8,-427.045,2026/01/23 15:51:16
2056,224.09,17003.5,-431.361,2026/01/23 15:51:16
2057,224.19,16994.5,-431.989,2026/01/23 15:51:16
2058,224.3,16975.3,-429.317,2026/01/23 15:51:16
2059,224.41,18834.6,-653.441,2026/01/23 15:51:16
2060,224.52,22325.1,-404.708,2026/01/23 15:51:16
2061,224.63,22416,-381.941,2026/01/23 15:51:16
2062,224.74,22447.7,-377.837,2026/01/23 15:51:16
2063,224.85,22435.1,-377.016,2026/01/23 15:51:16
2064,224.96,22456.1,-381.542,2026/01/23 15:51:17
2065,225.07,22443.9,-377.189,2026/01/23 15:51:17
2066,225.18,22456.3,-376.657,2026/01/23 15:51:17
2067,225.29,22444.4,-388.221,2026/01/23 15:51:17
2068,225.39,22462.7,-376.394,2026/01/23 15:51:17
2069,225.5,22447.5,-383.866,2026/01/23 15:51:17
2070,225.61,20099.5,-85.9316,2026/01/23 15:51:17
2071,225.72,17392.3,-411.598,2026/01/23 15:51:17
2072,225.83,17229.3,-435.254,2026/01/23 15:51:17
2073,225.94,17159.2,-426.522,2026/01/23 15:51:17
2074,226.05,17102,-435.585,2026/01/23 15:51:18
2075,226.16,17072.4,-428.767,2026/01/23 15:51:18
2076,226.26,17036.8,-428.872,2026/01/23 15:51:18
2077,226.37,17012.6,-429.45,2026/01/23 15:51:18
2078,226.48,16992.2,-430.905,2026/01/23 15:51:18
2079,226.59,16971.2,-425.426,2026/01/23 15:51:18
2080,226.7,16957.8,-432.874,2026/01/23 15:51:18
2081,226.81,17223.7,-480.505,2026/01/23 15:51:18
2082,226.92,21466.4,-533.545,2026/01/23 15:51:18
2083,227.03,22382,-377.041,2026/01/23 15:51:19
2084,227.14,22383.9,-382.559,2026/01/23 15:51:19
2085,227.25,22406.1,-382.076,2026/01/23 15:51:19
2086,227.36,22404.3,-372.591,2026/01/23 15:51:19
2087,227.47,22405.2,-388.263,2026/01/23 15:51:19
2088,227.58,22420.7,-370.115,2026/01/23 15:51:19
2089,227.68,22408.6,-374.8,2026/01/23 15:51:19
2090,227.79,22416.3,-381.854,2026/01/23 15:51:19
2091,227.9,22417.2,-373.142,2026/01/23 15:51:19
2092,228.01,21886,-235.402,2026/01/23 15:51:20
2093,228.12,17708.6,-354.517,2026/01/23 15:51:20
2094,228.23,17236,-430.242,2026/01/23 15:51:20
2095,228.34,17156.9,-434.42,2026/01/23 15:51:20
2096,228.45,17100.6,-426.762,2026/01/23 15:51:20
2097,228.56,17059.2,-436.458,2026/01/23 15:51:20
2098,228.67,17027.4,-431.058,2026/01/23 15:51:20
2099,228.78,16998.4,-428.243,2026/01/23 15:51:20
2100,228.88,16974.1,-436.887,2026/01/23 15:51:20
2101,228.99,16964.4,-427.435,2026/01/23 15:51:21
2102,229.1,16940,-432.077,2026/01/23 15:51:21
2103,229.21,16954.5,-438.096,2026/01/23 15:51:21
2104,229.32,19844.8,-615.478,2026/01/23 15:51:21
2105,229.43,22345.3,-386.175,2026/01/23 15:51:21
2106,229.54,22377.5,-375.204,2026/01/23 15:51:21
2107,229.65,22378.5,-386.146,2026/01/23 15:51:21
2108,229.76,22405.1,-377.215,2026/01/23 15:51:21
2109,229.87,22392.7,-380.926,2026/01/23 15:51:21
2110,229.98,22416.6,-384.642,2026/01/23 15:51:22
2111,230.08,22408.6,-378.325,2026/01/23 15:51:22
2112,230.19,22421,-380.218,2026/01/23 15:51:22
2113,230.3,22415.8,-389.891,2026/01/23 15:51:22
2114,230.41,22422.7,-363.479,2026/01/23 15:51:22
2115,230.52,18891.9,-149.113,2026/01/23 15:51:22
2116,230.63,17315.5,-423.51,2026/01/23 15:51:22
2117,230.74,17197.7,-432.008,2026/01/23 15:51:22
2118,230.85,17145.2,-430.873,2026/01/23 15:51:22
2119,230.96,17087.6,-425.76,2026/01/23 15:51:23
2120,231.07,17060.3,-435.117,2026/01/23 15:51:23
2121,231.18,17033.8,-424.789,2026/01/23 15:51:23
2122,231.28,17006.8,-435.359,2026/01/23 15:51:23
2123,231.39,16997,-429.915,2026/01/23 15:51:23
2124,231.5,16970.9,-433.106,2026/01/23 15:51:23
2125,231.61,16968.4,-434.339,2026/01/23 15:51:23
2126,231.72,17773.5,-583.301,2026/01/23 15:51:23
2127,231.83,21985.4,-458.896,2026/01/23 15:51:23
2128,231.94,22395.1,-388.396,2026/01/23 15:51:23
2129,232.05,22415.5,-371.488,2026/01/23 15:51:24
2130,232.16,22428.1,-387.308,2026/01/23 15:51:24
2131,232.27,22446.1,-373.965,2026/01/23 15:51:24
2132,232.37,22449,-377.841,2026/01/23 15:51:24
2133,232.48,22447.3,-390.29,2026/01/23 15:51:24
2134,232.59,22464,-367.982,2026/01/23 15:51:24
2135,232.7,22451.8,-385.222,2026/01/23 15:51:24
2136,232.81,22471.9,-379.111,2026/01/23 15:51:24
2137,232.92,21243.8,-140.249,2026/01/23 15:51:24
2138,233.03,17555.4,-389.521,2026/01/23 15:51:25
2139,233.14,17272.6,-429.894,2026/01/23 15:51:25
2140,233.25,17188.2,-428.683,2026/01/23 15:51:25
2141,233.36,17142.1,-432.496,2026/01/23 15:51:25
2142,233.47,17092.5,-430.873,2026/01/23 15:51:25
2143,233.57,17071.3,-430.835,2026/01/23 15:51:25
2144,233.68,17036.1,-427.132,2026/01/23 15:51:25
2145,233.79,17021.8,-429.545,2026/01/23 15:51:25
2146,233.9,16993.4,-433.273,2026/01/23 15:51:25
2147,234.01,16984.3,-424.312,2026/01/23 15:51:26
2148,234.12,17043.8,-455.863,2026/01/23 15:51:26
2149,234.23,20726.6,-573.407,2026/01/23 15:51:26
2150,234.34,22380.5,-374.03,2026/01/23 15:51:26
2151,234.45,22415.2,-378.08,2026/01/23 15:51:26
2152,234.56,22414.6,-372.335,2026/01/23 15:51:26
2153,234.66,22423.6,-392.819,2026/01/23 15:51:26
2154,234.77,22427.9,-372.292,2026/01/23 15:51:26
2155,234.88,22422,-385.368,2026/01/23 15:51:26
2156,234.99,22434.4,-383.759,2026/01/23 15:51:27
2157,235.1,22437.1,-378.49,2026/01/23 15:51:27
2158,235.21,22437.1,-382.625,2026/01/23 15:51:27
2159,235.32,22369.4,-334.428,2026/01/23 15:51:27
2160,235.43,18299.9,-226.007,2026/01/23 15:51:27
2161,235.54,17299.6,-436.669,2026/01/23 15:51:27
2162,235.64,17211.4,-424.402,2026/01/23 15:51:27
2163,235.75,17145.4,-434.365,2026/01/23 15:51:27
2164,235.86,17108.5,-431.47,2026/01/23 15:51:27
2165,235.97,17074.7,-424.69,2026/01/23 15:51:28
2166,236.08,17047.9,-435.337,2026/01/23 15:51:28
2167,236.19,17032.7,-427.045,2026/01/23 15:51:28
2168,236.3,17007,-432.732,2026/01/23 15:51:28
2169,236.41,16999,-432.043,2026/01/23 15:51:28
2170,236.52,16979.6,-430.53,2026/01/23 15:51:28
2171,236.63,18560.9,-645.237,2026/01/23 15:51:28
2172,236.74,22267.4,-418.797,2026/01/23 15:51:28
2173,236.84,22412.9,-386.482,2026/01/23 15:51:28
2174,236.95,22441.1,-379.428,2026/01/23 15:51:28
2175,237.06,22426.8,-381.036,2026/01/23 15:51:29
2176,237.17,22446.2,-383.223,2026/01/23 15:51:29
2177,237.28,22440.1,-383.159,2026/01/23 15:51:29
2178,237.39,22452.3,-378.566,2026/01/23 15:51:29
2179,237.5,22444.4,-387.494,2026/01/23 15:51:29
2180,237.61,22456.4,-370.987,2026/01/23 15:51:29
2181,237.72,22443.7,-381.575,2026/01/23 15:51:29
2182,237.82,20434.3,-86.2324,2026/01/23 15:51:29
2183,237.93,17426.1,-406.079,2026/01/23 15:51:29
2184,238.04,17250.4,-438.478,2026/01/23 15:51:30
2185,238.15,17174.9,-426.3,2026/01/23 15:51:30
2186,238.26,17125.5,-436.239,2026/01/23 15:51:30
2187,238.37,17092.8,-424.28,2026/01/23 15:51:30
2188,238.48,17055.3,-429.693,2026/01/23 15:51:30
2189,238.59,17035.1,-430.888,2026/01/23 15:51:30
2190,238.7,17014.8,-430.653,2026/01/23 15:51:30
2191,238.81,16993.1,-430.22,2026/01/23 15:51:30
2192,238.91,16984.2,-435.19,2026/01/23 15:51:30
2193,239.02,17167.1,-465.019,2026/01/23 15:51:31
2194,239.13,21289.5,-537.528,2026/01/23 15:51:31
2195,239.24,22388.7,-371.986,2026/01/23 15:51:31
2196,239.35,22409.2,-386.319,2026/01/23 15:51:31
2197,239.46,22411.7,-376.462,2026/01/23 15:51:31
2198,239.57,22422,-376.412,2026/01/23 15:51:31
2199,239.68,22415.2,-385.58,2026/01/23 15:51:31
2200,239.79,22439.1,-376.245,2026/01/23 15:51:31
2201,239.9,22421.9,-380.835,2026/01/23 15:51:31
2202,240,22444.3,-386.205,2026/01/23 15:51:32
2203,240.11,22439.4,-372.46,2026/01/23 15:51:32
2204,240.22,22117.1,-267.126,2026/01/23 15:51:32
2205,240.33,17886.6,-308.784,2026/01/23 15:51:32
2206,240.44,17274.6,-434.146,2026/01/23 15:51:32
2207,240.55,17204.2,-434.31,2026/01/23 15:51:32
2208,240.66,17137.6,-430.485,2026/01/23 15:51:32
2209,240.77,17104.5,-429.16,2026/01/23 15:51:32
2210,240.88,17068.4,-437.408,2026/01/23 15:51:32
2211,240.99,17042.7,-427.083,2026/01/23 15:51:33
2212,241.09,17017.7,-434.965,2026/01/23 15:51:33
2213,241.2,16999.5,-423.407,2026/01/23 15:51:33
2214,241.31,16981.2,-434.294,2026/01/23 15:51:33
2215,241.42,16975.2,-434.467,2026/01/23 15:51:33
2216,241.53,19360.6,-636.39,2026/01/23 15:51:33
2217,241.64,22337.9,-400.808,2026/01/23 15:51:33
2218,241.75,22393.2,-375.833,2026/01/23 15:51:33
2219,241.86,22391.7,-383.124,2026/01/23 15:51:33
2220,241.97,22411.9,-375.847,2026/01/23 15:51:34
2221,242.08,22406.6,-380.157,2026/01/23 15:51:34
2222,242.18,22412.2,-384.443,2026/01/23 15:51:34
2223,242.29,22411.5,-375.486,2026/01/23 15:51:34
2224,242.4,22405,-391.847,2026/01/23 15:51:34
2225,242.51,22414.4,-378.384,2026/01/23 15:51:34
2226,242.62,22403.4,-382.286,2026/01/23 15:51:34
2227,242.73,19493.1,-100.528,2026/01/23 15:51:34
2228,242.84,17326.3,-419.899,2026/01/23 15:51:34
2229,242.95,17203.5,-428.784,2026/01/23 15:51:34
2230,243.06,17132.8,-432.376,2026/01/23 15:51:35
2231,243.16,17087.5,-427.188,2026/01/23 15:51:35
2232,243.27,17046.2,-437.814,2026/01/23 15:51:35
2233,243.38,17024.6,-424.515,2026/01/23 15:51:35
2234,243.49,16990.9,-431.598,2026/01/23 15:51:35
2235,243.6,16983.7,-425.833,2026/01/23 15:51:35
2236,243.71,16957.1,-431.741,2026/01/23 15:51:35
2237,243.82,16947.4,-430.793,2026/01/23 15:51:35
2238,243.93,17410.8,-520.202,2026/01/23 15:51:35
2239,244.04,21717.9,-500.249,2026/01/23 15:51:36
2240,244.15,22361.9,-372.284,2026/01/23 15:51:36
2241,244.26,22366.6,-376.919,2026/01/23 15:51:36
2242,244.36,22384.4,-380.229,2026/01/23 15:51:36
2243,244.47,22384.7,-375.427,2026/01/23 15:51:36
2244,244.58,22389,-385.577,2026/01/23 15:51:36
2245,244.69,22401.4,-376.965,2026/01/23 15:51:36
2246,244.8,22390.4,-377.596,2026/01/23 15:51:36
2247,244.91,22407.6,-386.099,2026/01/23 15:51:36
2248,245.02,22392.1,-374.099,2026/01/23 15:51:37
2249,245.13,21655.6,-193.99,2026/01/23 15:51:37
2250,245.24,17629.7,-365.769,2026/01/23 15:51:37
2251,245.34,17246.9,-429.724,2026/01/23 15:51:37
2252,245.45,17163.6,-438.214,2026/01/23 15:51:37
2253,245.56,17121.1,-424.08,2026/01/23 15:51:37
2254,245.67,17073.1,-430.196,2026/01/23 15:51:37
2255,245.78,17050.9,-430.639,2026/01/23 15:51:37
2256,245.89,17019.7,-430.222,2026/01/23 15:51:37
2257,246,17002.3,-437.739,2026/01/23 15:51:38
2258,246.11,16987.9,-427.351,2026/01/23 15:51:38
2259,246.21,16965.4,-435.17,2026/01/23 15:51:38
2260,246.32,16988.5,-439.73,2026/01/23 15:51:38
2261,246.43,20071.7,-602.282,2026/01/23 15:51:38
2262,246.54,22360,-379.785,2026/01/23 15:51:38
2263,246.65,22387.3,-374.577,2026/01/23 15:51:38
2264,246.76,22396.4,-384.279,2026/01/23 15:51:38
2265,246.87,22414.7,-377.933,2026/01/23 15:51:38
2266,246.98,22406.5,-379.528,2026/01/23 15:51:39
2267,247.09,22435.5,-378.954,2026/01/23 15:51:39
2268,247.2,22417.6,-376.476,2026/01/23 15:51:39
2269,247.3,22436,-375.776,2026/01/23 15:51:39
2270,247.41,22429,-376.027,2026/01/23 15:51:39
2271,247.52,22431.7,-353.746,2026/01/23 15:51:39
2272,247.63,18832.8,-163.091,2026/01/23 15:51:39
2273,247.74,17331.5,-425.567,2026/01/23 15:51:39
2274,247.85,17221.1,-438.935,2026/01/23 15:51:39
2275,247.96,17168.8,-430.33,2026/01/23 15:51:40
2276,248.07,17118.4,-432.944,2026/01/23 15:51:40
2277,248.18,17087.4,-432.925,2026/01/23 15:51:40
2278,248.29,17056.3,-427.927,2026/01/23 15:51:40
2279,248.39,17033.5,-436.495,2026/01/23 15:51:40
2280,248.5,17021.3,-426.6,2026/01/23 15:51:40
2281,248.61,16999.3,-430.593,2026/01/23 15:51:40
2282,248.72,16989.3,-434.754,2026/01/23 15:51:40
2283,248.83,17880.6,-585.438,2026/01/23 15:51:40
2284,248.94,22042.6,-458.991,2026/01/23 15:51:40
2285,249.05,22412.3,-377.77,2026/01/23 15:51:41
2286,249.16,22407.2,-385.896,2026/01/23 15:51:41
2287,249.27,22439.2,-377.159,2026/01/23 15:51:41
2288,249.38,22424.2,-374.211,2026/01/23 15:51:41
2289,249.48,22440.9,-378.065,2026/01/23 15:51:41
2290,249.59,22443.7,-388.562,2026/01/23 15:51:41
2291,249.7,22443.5,-371.637,2026/01/23 15:51:41
2292,249.81,22449.7,-386.425,2026/01/23 15:51:41
2293,249.92,22453.9,-372.039,2026/01/23 15:51:41
2294,250.03,21206.5,-150.464,2026/01/23 15:51:42
2295,250.14,17554.7,-385.44,2026/01/23 15:51:42
2296,250.25,17273.1,-432.321,2026/01/23 15:51:42
2297,250.35,17198,-435.862,2026/01/23 15:51:42
2298,250.46,17155.9,-426.733,2026/01/23 15:51:42
2299,250.57,17111,-435.319,2026/01/23 15:51:42
2300,250.68,17085.7,-425.295,2026/01/23 15:51:42
2301,250.79,17049.5,-430.317,2026/01/23 15:51:42
2302,250.9,17039.3,-435.824,2026/01/23 15:51:42
2303,251.01,17013.3,-428.717,2026/01/23 15:51:43
2304,251.12,17003.4,-437.37,2026/01/23 15:51:43
2305,251.23,17081.2,-443.634,2026/01/23 15:51:43
2306,251.34,20784,-575.604,2026/01/23 15:51:43
2307,251.45,22406.2,-377.145,2026/01/23 15:51:43
2308,251.56,22410.5,-379.057,2026/01/23 15:51:43
2309,251.66,22442.2,-380.613,2026/01/23 15:51:43
2310,251.77,22441.2,-371.193,2026/01/23 15:51:43
2311,251.88,22445.3,-382.136,2026/01/23 15:51:43
2312,251.99,22455.1,-384.912,2026/01/23 15:51:44
2313,252.1,22458.3,-366.794,2026/01/23 15:51:44
2314,252.21,22456.6,-383.521,2026/01/23 15:51:44
2315,252.32,22462.3,-371.497,2026/01/23 15:51:44
2316,252.43,22360.2,-329.748,2026/01/23 15:51:44
2317,252.54,18276.7,-247.759,2026/01/23 15:51:44
2318,252.64,17333,-433.567,2026/01/23 15:51:44
2319,252.75,17240,-431.373,2026/01/23 15:51:44
2320,252.86,17185.5,-428.992,2026/01/23 15:51:44
2321,252.97,17129.5,-437.303,2026/01/23 15:51:45
2322,253.08,17105.4,-429.487,2026/01/23 15:51:45
2323,253.19,17069.6,-426.726,2026/01/23 15:51:45
2324,253.3,17054.6,-430.213,2026/01/23 15:51:45
2325,253.41,17028.3,-429.088,2026/01/23 15:51:45
2326,253.52,17014.8,-432.172,2026/01/23 15:51:45
2327,253.62,17000.3,-425.903,2026/01/23 15:51:45
2328,253.74,18583.4,-648.198,2026/01/23 15:51:45
2329,253.84,22272.4,-413.062,2026/01/23 15:51:45
2330,253.95,22399.2,-379.59,2026/01/23 15:51:45
2331,254.06,22431.4,-378.848,2026/01/23 15:51:46
2332,254.17,22428.3,-370.133,2026/01/23 15:51:46
2333,254.28,22433.6,-382.583,2026/01/23 15:51:46
2334,254.39,22435.6,-381.649,2026/01/23 15:51:46
2335,254.5,22437.9,-372.637,2026/01/23 15:51:46
2336,254.61,22438.4,-380.196,2026/01/23 15:51:46
2337,254.72,22438.8,-369.304,2026/01/23 15:51:46
2338,254.83,22441.3,-385.953,2026/01/23 15:51:46
2339,254.94,20179.3,-79.0273,2026/01/23 15:51:46
2340,255.05,17420.7,-414.847,2026/01/23 15:51:47
2341,255.15,17257.3,-430.209,2026/01/23 15:51:47
2342,255.26,17186.3,-431.399,2026/01/23 15:51:47
2343,255.37,17133.1,-431.165,2026/01/23 15:51:47
2344,255.48,17106.3,-426.209,2026/01/23 15:51:47
2345,255.59,17060.7,-434.819,2026/01/23 15:51:47
2346,255.7,17046.7,-430.188,2026/01/23 15:51:47
2347,255.81,17017.1,-427.896,2026/01/23 15:51:47
2348,255.92,17007.9,-435.919,2026/01/23 15:51:47
2349,256.03,16983.7,-429.239,2026/01/23 15:51:48
2350,256.13,17196.6,-476.794,2026/01/23 15:51:48
2351,256.24,21354.1,-524.422,2026/01/23 15:51:48
2352,256.35,22356.9,-388.026,2026/01/23 15:51:48
2353,256.46,22389.5,-376.864,2026/01/23 15:51:48
2354,256.57,22387.5,-369.953,2026/01/23 15:51:48
2355,256.68,22390.2,-374.451,2026/01/23 15:51:48
2356,256.79,22395.8,-378.245,2026/01/23 15:51:48
2357,256.9,22389.8,-369.511,2026/01/23 15:51:48
2358,257.01,22407.8,-375.294,2026/01/23 15:51:49
2359,257.11,22395.1,-377.277,2026/01/23 15:51:49
2360,257.22,22411.3,-381.743,2026/01/23 15:51:49
2361,257.33,22016.3,-249.414,2026/01/23 15:51:49
2362,257.44,17833.4,-331.343,2026/01/23 15:51:49
2363,257.55,17269.9,-434.963,2026/01/23 15:51:49
2364,257.66,17199,-426.321,2026/01/23 15:51:49
2365,257.77,17137.7,-436.001,2026/01/23 15:51:49
2366,257.88,17104.9,-427.5,2026/01/23 15:51:49
2367,257.99,17067.2,-433.38,2026/01/23 15:51:50
2368,258.09,17051.4,-427.854,2026/01/23 15:51:50
2369,258.2,17018.6,-430.744,2026/01/23 15:51:50
2370,258.31,17009,-432.276,2026/01/23 15:51:50
2371,258.42,16991.4,-424.059,2026/01/23 15:51:50
2372,258.53,16983.9,-439.698,2026/01/23 15:51:50
2373,258.64,19483.4,-627.425,2026/01/23 15:51:50
2374,258.75,22326,-396.94,2026/01/23 15:51:50
2375,258.86,22383.8,-377.006,2026/01/23 15:51:50
2376,258.97,22387.9,-370.557,2026/01/23 15:51:51
2377,259.08,22393.4,-385.547,2026/01/23 15:51:51
2378,259.18,22404.9,-369.411,2026/01/23 15:51:51
2379,259.29,22401,-385.04,2026/01/23 15:51:51
2380,259.4,22419.1,-371.907,2026/01/23 15:51:51
2381,259.51,22400.6,-381.234,2026/01/23 15:51:51
2382,259.62,22427.7,-370.437,2026/01/23 15:51:51
2383,259.73,22421,-373.584,2026/01/23 15:51:51
2384,259.84,19419.9,-104.867,2026/01/23 15:51:51
2385,259.95,17369,-424.588,2026/01/23 15:51:51
2386,260.06,17242.3,-430.941,2026/01/23 15:51:52
2387,260.16,17179.8,-431.339,2026/01/23 15:51:52
2388,260.27,17130,-424.612,2026/01/23 15:51:52
2389,260.38,17100.1,-433.165,2026/01/23 15:51:52
2390,260.49,17071.7,-422.273,2026/01/23 15:51:52
2391,260.6,17052.6,-432.15,2026/01/23 15:51:52
2392,260.71,17024.3,-426.6,2026/01/23 15:51:52
2393,260.82,17015.1,-427.514,2026/01/23 15:51:52
2394,260.93,16990.6,-434.609,2026/01/23 15:51:52
2395,261.04,17491.6,-523.809,2026/01/23 15:51:53
2396,261.15,21746.8,-495.354,2026/01/23 15:51:53
2397,261.25,22379.1,-368.797,2026/01/23 15:51:53
2398,261.36,22383.3,-384.583,2026/01/23 15:51:53
2399,261.47,22405.1,-383.853,2026/01/23 15:51:53
2400,261.58,22407,-375.858,2026/01/23 15:51:53
2401,261.69,22402.1,-384.004,2026/01/23 15:51:53
2402,261.8,22424.1,-372.653,2026/01/23 15:51:53
2403,261.91,22404.4,-380.436,2026/01/23 15:51:53
2404,262.02,22422.4,-383.156,2026/01/23 15:51:54
2405,262.13,22412.3,-369.363,2026/01/23 15:51:54
2406,262.24,21646.3,-205.442,2026/01/23 15:51:54
2407,262.34,17654.8,-363.825,2026/01/23 15:51:54
2408,262.45,17278.4,-436.563,2026/01/23 15:51:54
2409,262.56,17202.4,-423.897,2026/01/23 15:51:54
2410,262.67,17143.4,-434.965,2026/01/23 15:51:54
2411,262.78,17115.8,-426.161,2026/01/23 15:51:54
2412,262.89,17075.4,-431.11,2026/01/23 15:51:54
2413,263,17053.4,-430.958,2026/01/23 15:51:55
2414,263.11,17034.3,-433.983,2026/01/23 15:51:55
2415,263.22,17008.5,-428.626,2026/01/23 15:51:55
2416,263.32,16999.8,-430.35,2026/01/23 15:51:55
2417,263.43,17017.2,-441.616,2026/01/23 15:51:55
2418,263.54,20202,-601.481,2026/01/23 15:51:55
2419,263.65,22348.4,-378.078,2026/01/23 15:51:55
2420,263.76,22385.4,-382.892,2026/01/23 15:51:55
2421,263.87,22377.3,-371.648,2026/01/23 15:51:55
2422,263.98,22403,-378.702,2026/01/23 15:51:56
2423,264.09,22392,-374.699,2026/01/23 15:51:56
2424,264.2,22398.8,-373.176,2026/01/23 15:51:56
2425,264.31,22393.9,-387.134,2026/01/23 15:51:56
2426,264.41,22392.8,-367.032,2026/01/23 15:51:56
2427,264.52,22393.5,-383.188,2026/01/23 15:51:56
2428,264.63,22377.7,-343.772,2026/01/23 15:51:56
2429,264.74,18652.5,-182.439,2026/01/23 15:51:56
2430,264.85,17312.4,-423.855,2026/01/23 15:51:56
2431,264.96,17215.7,-434.327,2026/01/23 15:51:57
2432,265.07,17150.3,-433.313,2026/01/23 15:51:57
2433,265.18,17109.3,-429.447,2026/01/23 15:51:57
2434,265.29,17067.4,-438.143,2026/01/23 15:51:57
2435,265.4,17050.8,-425.109,2026/01/23 15:51:57
2436,265.5,17014.8,-432.844,2026/01/23 15:51:57
2437,265.61,17005.9,-429.93,2026/01/23 15:51:57
2438,265.72,16981.1,-432.14,2026/01/23 15:51:57
2439,265.83,16973.3,-430.911,2026/01/23 15:51:57
2440,265.94,17975.1,-600.354,2026/01/23 15:51:57
2441,266.05,22043.8,-451.563,2026/01/23 15:51:58
2442,266.16,22334.8,-374.688,2026/01/23 15:51:58
2443,266.27,22336.6,-384.379,2026/01/23 15:51:58
2444,266.38,22358.4,-367.373,2026/01/23 15:51:58
2445,266.49,22353.1,-380.647,2026/01/23 15:51:58
2446,266.6,22376.8,-379.788,2026/01/23 15:51:58
2447,266.7,22359.3,-375.199,2026/01/23 15:51:58
2448,266.81,22372.8,-384.929,2026/01/23 15:51:58
2449,266.92,22361.4,-368.556,2026/01/23 15:51:58
2450,267.03,22372.5,-382.89,2026/01/23 15:51:59
2451,267.14,20884.1,-122.261,2026/01/23 15:51:59
2452,267.25,17468.3,-399.232,2026/01/23 15:51:59
2453,267.36,17233.7,-423.77,2026/01/23 15:51:59
2454,267.47,17151.5,-431.7,2026/01/23 15:51:59
2455,267.58,17107.6,-434.688,2026/01/23 15:51:59
2456,267.68,17063.4,-430.399,2026/01/23 15:51:59
2457,267.79,17031.1,-432.254,2026/01/23 15:51:59
2458,267.9,17005.9,-425.021,2026/01/23 15:51:59
2459,268.01,16982.9,-433.218,2026/01/23 15:52:00
2460,268.12,16970.1,-426.507,2026/01/23 15:52:00
2461,268.23,16944.7,-436.546,2026/01/23 15:52:00
2462,268.34,17044.5,-446.774,2026/01/23 15:52:00
2463,268.45,20858.7,-564.822,2026/01/23 15:52:00
2464,268.56,22297.1,-375.424,2026/01/23 15:52:00
2465,268.67,22307.1,-379.374,2026/01/23 15:52:00
2466,268.78,22318,-380.687,2026/01/23 15:52:00
2467,268.89,22324.1,-371.019,2026/01/23 15:52:00
2468,268.99,22319.7,-379.363,2026/01/23 15:52:01
2469,269.1,22331.7,-371.109,2026/01/23 15:52:01
2470,269.21,22320.9,-383.089,2026/01/23 15:52:01
2471,269.32,22334.8,-367.732,2026/01/23 15:52:01
2472,269.43,22320.8,-387.148,2026/01/23 15:52:01
2473,269.54,22188.1,-295.755,2026/01/23 15:52:01
2474,269.65,18027.1,-280.642,2026/01/23 15:52:01
2475,269.76,17247.2,-436.442,2026/01/23 15:52:01
2476,269.87,17160.4,-428.304,2026/01/23 15:52:01
2477,269.97,17101.5,-434.835,2026/01/23 15:52:02
2478,270.08,17066.6,-432.305,2026/01/23 15:52:02
2479,270.19,17025.3,-432.229,2026/01/23 15:52:02
2480,270.3,17005.8,-431.574,2026/01/23 15:52:02
2481,270.41,16978.1,-428.588,2026/01/23 15:52:02
2482,270.52,16968.8,-425.017,2026/01/23 15:52:02
2483,270.63,16940.6,-428.934,2026/01/23 15:52:02
2484,270.74,16927.7,-427.269,2026/01/23 15:52:02
2485,270.84,18671.2,-642.758,2026/01/23 15:52:02
2486,270.95,22170.1,-409.815,2026/01/23 15:52:02
2487,271.06,22284.3,-382.353,2026/01/23 15:52:03
2488,271.17,22291.1,-373.616,2026/01/23 15:52:03
2489,271.28,22309.5,-381.237,2026/01/23 15:52:03
2490,271.39,22299.9,-372.474,2026/01/23 15:52:03
2491,271.5,22323.7,-378.963,2026/01/23 15:52:03
2492,271.61,22308.6,-381.244,2026/01/23 15:52:03
2493,271.72,22320.8,-374.923,2026/01/23 15:52:03
2494,271.83,22324.6,-387.154,2026/01/23 15:52:03
2495,271.93,22324.1,-367.616,2026/01/23 15:52:03
2496,272.04,20044.7,-88.2227,2026/01/23 15:52:04
2497,272.15,17360.5,-409.13,2026/01/23 15:52:04
2498,272.26,17204.5,-431.804,2026/01/23 15:52:04
2499,272.37,17124.3,-431.086,2026/01/23 15:52:04
2500,272.48,17087.5,-433.379,2026/01/23 15:52:04
2501,272.59,17044.2,-428.04,2026/01/23 15:52:04
2502,272.7,17021.9,-427.099,2026/01/23 15:52:04
2503,272.81,16998.3,-431.114,2026/01/23 15:52:04
2504,272.91,16976.1,-427.589,2026/01/23 15:52:04
2505,273.02,16964.2,-430.679,2026/01/23 15:52:05
2506,273.13,16948.2,-429.271,2026/01/23 15:52:05
2507,273.24,17173.6,-477.911,2026/01/23 15:52:05
2508,273.35,21292.3,-521.707,2026/01/23 15:52:05
2509,273.46,22307.6,-376.313,2026/01/23 15:52:05
2510,273.57,22306.8,-374.07,2026/01/23 15:52:05
2511,273.68,22328,-376.41,2026/01/23 15:52:05
2512,273.79,22329.7,-386.464,2026/01/23 15:52:05
2513,273.89,22331.5,-373.875,2026/01/23 15:52:05
2514,274,22334.5,-381.171,2026/01/23 15:52:06
2515,274.11,22332.6,-368.585,2026/01/23 15:52:06
2516,274.22,22343.3,-385.668,2026/01/23 15:52:06
2517,274.33,22332.9,-370.646,2026/01/23 15:52:06
2518,274.44,21969,-259.615,2026/01/23 15:52:06
2519,274.55,17801.5,-325.127,2026/01/23 15:52:06
2520,274.66,17252.3,-433.397,2026/01/23 15:52:06
2521,274.77,17166.8,-435.307,2026/01/23 15:52:06
2522,274.88,17112.6,-424.495,2026/01/23 15:52:06
2523,274.98,17071.5,-438.147,2026/01/23 15:52:07
2524,275.09,17035.1,-427.077,2026/01/23 15:52:07
2525,275.2,17009.5,-430.034,2026/01/23 15:52:07
2526,275.31,16989.9,-425.329,2026/01/23 15:52:07
2527,275.42,16974.7,-436.261,2026/01/23 15:52:07
2528,275.53,16953.7,-427.195,2026/01/23 15:52:07
2529,275.64,16953.6,-435.258,2026/01/23 15:52:07
2530,275.75,19340.2,-640.034,2026/01/23 15:52:07
2531,275.86,22244.6,-382.338,2026/01/23 15:52:07
2532,275.96,22283.6,-385.577,2026/01/23 15:52:08
2533,276.07,22302.7,-367.279,2026/01/23 15:52:08
2534,276.18,22303.2,-384.668,2026/01/23 15:52:08
2535,276.29,22304.9,-369.39,2026/01/23 15:52:08
2536,276.4,22305.2,-382.874,2026/01/23 15:52:08
2537,276.51,22305.4,-371.525,2026/01/23 15:52:08
2538,276.62,22316.1,-379.165,2026/01/23 15:52:08
2539,276.73,22306,-383.144,2026/01/23 15:52:08
2540,276.84,22323.7,-368.189,2026/01/23 15:52:08
2541,276.94,19344.3,-108.414,2026/01/23 15:52:08
2542,277.05,17311.1,-417.224,2026/01/23 15:52:09
2543,277.16,17180.9,-436.629,2026/01/23 15:52:09
2544,277.27,17122.2,-428.978,2026/01/23 15:52:09
2545,277.38,17074.9,-430.882,2026/01/23 15:52:09
2546,277.49,17036.4,-430.394,2026/01/23 15:52:09
2547,277.6,17013,-424.841,2026/01/23 15:52:09
2548,277.71,16980.2,-436.198,2026/01/23 15:52:09
2549,277.81,16967.9,-424.355,2026/01/23 15:52:09
2550,277.92,16944.1,-437.494,2026/01/23 15:52:09
2551,278.03,16937.6,-428.483,2026/01/23 15:52:10
2552,278.14,17358.9,-519.562,2026/01/23 15:52:10
2553,278.25,21640.7,-482.12,2026/01/23 15:52:10
2554,278.36,22255.5,-381.722,2026/01/23 15:52:10
2555,278.47,22275.8,-373.361,2026/01/23 15:52:10
2556,278.58,22280.7,-373.9,2026/01/23 15:52:10
2557,278.69,22276.2,-371.742,2026/01/23 15:52:10
2558,278.8,22289.4,-372.412,2026/01/23 15:52:10
2559,278.91,22274.3,-385.604,2026/01/23 15:52:10
2560,279.01,22289.7,-361.479,2026/01/23 15:52:11
2561,279.12,22274.2,-378.988,2026/01/23 15:52:11
2562,279.23,22291,-370.801,2026/01/23 15:52:11
2563,279.34,21517.2,-201.719,2026/01/23 15:52:11
2564,279.45,17578,-360.612,2026/01/23 15:52:11
2565,279.56,17199.6,-428.307,2026/01/23 15:52:11
2566,279.67,17116.6,-435.032,2026/01/23 15:52:11
2567,279.78,17070.7,-423.256,2026/01/23 15:52:11
2568,279.89,17022.1,-435.95,2026/01/23 15:52:11
2569,279.99,17003.2,-427.478,2026/01/23 15:52:12
2570,280.1,16972.9,-431.794,2026/01/23 15:52:12
2571,280.21,16961.1,-426.659,2026/01/23 15:52:12
2572,280.32,16935.2,-431.311,2026/01/23 15:52:12
2573,280.43,16927.3,-430.161,2026/01/23 15:52:12
2574,280.54,16942.3,-438.566,2026/01/23 15:52:12
2575,280.65,19987.7,-605.23,2026/01/23 15:52:12
2576,280.76,22242.5,-363.909,2026/01/23 15:52:12
2577,280.87,22249.2,-382.182,2026/01/23 15:52:12
2578,280.97,22275.9,-370.965,2026/01/23 15:52:13
2579,281.08,22268.7,-383.062,2026/01/23 15:52:13
2580,281.19,22287.3,-379.132,2026/01/23 15:52:13
2581,281.3,22275.3,-373.294,2026/01/23 15:52:13
2582,281.41,22285.9,-376.795,2026/01/23 15:52:13
2583,281.52,22278.9,-380.893,2026/01/23 15:52:13
2584,281.63,22291.4,-379.732,2026/01/23 15:52:13
2585,281.74,22278.2,-355.295,2026/01/23 15:52:13
2586,281.85,18666.8,-167.469,2026/01/23 15:52:13
2587,281.96,17264.2,-423.675,2026/01/23 15:52:13
2588,282.06,17159.4,-433.421,2026/01/23 15:52:14
2589,282.17,17109.1,-431.432,2026/01/23 15:52:14
2590,282.28,17057.4,-429.75,2026/01/23 15:52:14
2591,282.39,17029.6,-429.333,2026/01/23 15:52:14
2592,282.5,17000.3,-423.201,2026/01/23 15:52:14
2593,282.61,16969.5,-434.571,2026/01/23 15:52:14
2594,282.72,16959.9,-423.341,2026/01/23 15:52:14
2595,282.82,16930,-431.551,2026/01/23 15:52:14
2596,282.93,16923.8,-429.974,2026/01/23 15:52:14
2597,283.04,17679.3,-567.845,2026/01/23 15:52:15
2598,283.15,21847.9,-464.873,2026/01/23 15:52:15
2599,283.26,22227.3,-375.983,2026/01/23 15:52:15
2600,283.37,22246.5,-384.006,2026/01/23 15:52:15
2601,283.48,22246.8,-365.544,2026/01/23 15:52:15
2602,283.59,22244.7,-380.217,2026/01/23 15:52:15
2603,283.7,22260.1,-371.855,2026/01/23 15:52:15
2604,283.8,22242.7,-370.463,2026/01/23 15:52:15
2605,283.91,22258,-377.61,2026/01/23 15:52:15
2606,284.02,22242.5,-374.6,2026/01/23 15:52:16
2607,284.13,22252.6,-377.425,2026/01/23 15:52:16
2608,284.24,21077.5,-143.862,2026/01/23 15:52:16
2609,284.35,17447.8,-391.922,2026/01/23 15:52:16
2610,284.46,17168.5,-427.323,2026/01/23 15:52:16
2611,284.57,17091.3,-437.307,2026/01/23 15:52:16
2612,284.68,17049.9,-421.089,2026/01/23 15:52:16
2613,284.79,17000.4,-429.304,2026/01/23 15:52:16
2614,284.9,16976.8,-424.516,2026/01/23 15:52:16
2615,285.01,16946.7,-430.321,2026/01/23 15:52:17
2616,285.11,16931.6,-432.825,2026/01/23 15:52:17
2617,285.22,16907.1,-426.421,2026/01/23 15:52:17
2618,285.33,16890.9,-433.612,2026/01/23 15:52:17
2619,285.44,16958,-437.976,2026/01/23 15:52:17
2620,285.55,20566.9,-569.32,2026/01/23 15:52:17
2621,285.66,22180.7,-367.676,2026/01/23 15:52:17
2622,285.77,22190.5,-393.186,2026/01/23 15:52:17
2623,285.88,22207.5,-364.942,2026/01/23 15:52:17
2624,285.99,22203.1,-382.418,2026/01/23 15:52:18
2625,286.1,22211.5,-377.072,2026/01/23 15:52:18
2626,286.21,22209.5,-378.088,2026/01/23 15:52:18
2627,286.31,22215,-384.157,2026/01/23 15:52:18
2628,286.42,22222,-371.942,2026/01/23 15:52:18
2629,286.53,22214.3,-382.174,2026/01/23 15:52:18
2630,286.64,22119.6,-309.952,2026/01/23 15:52:18
2631,286.75,18056.8,-262.724,2026/01/23 15:52:18
2632,286.86,17190.1,-429.24,2026/01/23 15:52:18
2633,286.97,17093.2,-434.943,2026/01/23 15:52:19
2634,287.08,17046,-431.43,2026/01/23 15:52:19
2635,287.19,16992.9,-429.868,2026/01/23 15:52:19
2636,287.3,16967.7,-434.154,2026/01/23 15:52:19
2637,287.4,16938.9,-427.164,2026/01/23 15:52:19
2638,287.51,16917.5,-427.466,2026/01/23 15:52:19
2639,287.62,16906.4,-426.225,2026/01/23 15:52:19
2640,287.73,16886.5,-427.638,2026/01/23 15:52:19
2641,287.84,16882.2,-429.966,2026/01/23 15:52:19
2642,287.95,18385.8,-631.185,2026/01/23 15:52:19
2643,288.06,22047.7,-414.197,2026/01/23 15:52:20
2644,288.16,22186.3,-366.562,2026/01/23 15:52:20
2645,288.27,22201,-377.445,2026/01/23 15:52:20
2646,288.38,22214.4,-376.235,2026/01/23 15:52:20
2647,288.49,22210.1,-369.182,2026/01/23 15:52:20
2648,288.6,22229.2,-379.973,2026/01/23 15:52:20
2649,288.71,22215.6,-374.04,2026/01/23 15:52:20
2650,288.82,22233.5,-381.456,2026/01/23 15:52:20
2651,288.93,22218.1,-374.04,2026/01/23 15:52:20
2652,289.04,22235.8,-377.771,2026/01/23 15:52:21
2653,289.15,20230.6,-90.6621,2026/01/23 15:52:21
2654,289.25,17335.1,-401.59,2026/01/23 15:52:21
2655,289.36,17150,-436.393,2026/01/23 15:52:21
2656,289.47,17088,-424.008,2026/01/23 15:52:21
2657,289.58,17040,-434.559,2026/01/23 15:52:21
2658,289.69,17001.1,-426.616,2026/01/23 15:52:21
2659,289.8,16974.2,-435.104,2026/01/23 15:52:21
2660,289.91,16948.8,-426.213,2026/01/23 15:52:21
2661,290.02,16933,-428.045,2026/01/23 15:52:22
2662,290.13,16914.2,-431.409,2026/01/23 15:52:22
2663,290.24,16898.6,-429.629,2026/01/23 15:52:22
2664,290.34,17068,-470.822,2026/01/23 15:52:22
2665,290.45,21102.4,-524.827,2026/01/23 15:52:22
2666,290.56,22181.4,-384.379,2026/01/23 15:52:22
2667,290.67,22205.1,-360.911,2026/01/23 15:52:22
2668,290.78,22202,-381.084,2026/01/23 15:52:22
2669,290.89,22216.3,-366.728,2026/01/23 15:52:22
2670,291,22212.5,-375.654,2026/01/23 15:52:23
2671,291.11,22209.2,-381.816,2026/01/23 15:52:23
2672,291.22,22217.1,-370.437,2026/01/23 15:52:23
2673,291.32,22206.8,-384.152,2026/01/23 15:52:23
2674,291.43,22218.3,-371.076,2026/01/23 15:52:23
2675,291.54,21901.4,-271.636,2026/01/23 15:52:23
2676,291.65,17775.3,-318.551,2026/01/23 15:52:23
2677,291.76,17172.3,-434.63,2026/01/23 15:52:23
2678,291.87,17103,-428.474,2026/01/23 15:52:23
2679,291.98,17036.8,-428.04,2026/01/23 15:52:24
2680,292.09,16996.4,-434.103,2026/01/23 15:52:24
2681,292.2,16967.2,-425.374,2026/01/23 15:52:24
2682,292.31,16930,-433.651,2026/01/23 15:52:24
2683,292.41,16918.4,-427.413,2026/01/23 15:52:24
2684,292.52,16895.1,-428.217,2026/01/23 15:52:24
2685,292.63,16885,-428.016,2026/01/23 15:52:24
2686,292.74,16869.3,-432.201,2026/01/23 15:52:24
2687,292.85,19135.5,-624.452,2026/01/23 15:52:24
2688,292.96,22108.8,-390.982,2026/01/23 15:52:25
2689,293.07,22164.3,-379.886,2026/01/23 15:52:25
2690,293.18,22171.2,-369.466,2026/01/23 15:52:25
2691,293.29,22183,-385.262,2026/01/23 15:52:25
2692,293.4,22189.8,-361.749,2026/01/23 15:52:25
2693,293.5,22176.7,-383.458,2026/01/23 15:52:25
2694,293.61,22199.2,-378.776,2026/01/23 15:52:25
2695,293.72,22185.4,-373.514,2026/01/23 15:52:25
2696,293.83,22194.6,-376.187,2026/01/23 15:52:25
2697,293.94,22183.4,-371.484,2026/01/23 15:52:25
2698,294.05,19407.4,-101.231,2026/01/23 15:52:26
2699,294.16,17244.1,-413.065,2026/01/23 15:52:26
2700,294.27,17109,-439.608,2026/01/23 15:52:26
2701,294.38,17054.1,-429.321,2026/01/23 15:52:26
2702,294.48,16996.9,-428.016,2026/01/23 15:52:26
2703,294.59,16970.3,-432.01,2026/01/23 15:52:26
2704,294.7,16936,-429.299,2026/01/23 15:52:26
2705,294.81,16914.2,-431.334,2026/01/23 15:52:26
2706,294.92,16893.3,-428.987,2026/01/23 15:52:26
2707,295.03,16877.2,-431.011,2026/01/23 15:52:27
2708,295.14,16863.5,-424.784,2026/01/23 15:52:27
2709,295.25,17250.9,-514.517,2026/01/23 15:52:27
2710,295.36,21496.6,-475.431,2026/01/23 15:52:27
2711,295.47,22129.8,-384.037,2026/01/23 15:52:27
2712,295.58,22156.3,-365.06,2026/01/23 15:52:27
2713,295.68,22154.2,-374.768,2026/01/23 15:52:27
2714,295.79,22162.9,-369.738,2026/01/23 15:52:27
2715,295.9,22158.4,-368.529,2026/01/23 15:52:27
2716,296.01,22163.8,-380.303,2026/01/23 15:52:28
2717,296.12,22167.8,-369.291,2026/01/23 15:52:28
2718,296.23,22166.4,-378.558,2026/01/23 15:52:28
2719,296.34,22171.7,-368.277,2026/01/23 15:52:28
2720,296.45,21421.9,-202.819,2026/01/23 15:52:28
2721,296.56,17513.9,-361.663,2026/01/23 15:52:28
2722,296.66,17134.8,-435.311,2026/01/23 15:52:28
2723,296.77,17068,-433.571,2026/01/23 15:52:28
2724,296.88,17013.2,-428.34,2026/01/23 15:52:28
2725,296.99,16978.3,-434.346,2026/01/23 15:52:29
2726,297.1,16942.2,-426.446,2026/01/23 15:52:29
2727,297.21,16918.5,-431.761,2026/01/23 15:52:29
2728,297.32,16896.3,-425.146,2026/01/23 15:52:29
2729,297.43,16879.8,-435.74,2026/01/23 15:52:29
2730,297.54,16868.6,-421.629,2026/01/23 15:52:29
2731,297.65,16875.2,-439.724,2026/01/23 15:52:29
2732,297.76,19879,-595.265,2026/01/23 15:52:29
2733,297.87,22122.6,-377.809,2026/01/23 15:52:29
2734,297.97,22155.9,-379.509,2026/01/23 15:52:30
2735,298.08,22149.6,-363.546,2026/01/23 15:52:30
2736,298.19,22160.8,-378.542,2026/01/23 15:52:30
2737,298.3,22158,-370.979,2026/01/23 15:52:30
2738,298.41,22172.2,-385.354,2026/01/23 15:52:30
2739,298.52,22172.1,-364.604,2026/01/23 15:52:30
2740,298.63,22172.1,-390.773,2026/01/23 15:52:30
2741,298.74,22183.8,-367.243,2026/01/23 15:52:30
2742,298.85,22152.2,-361.843,2026/01/23 15:52:30
2743,298.95,18558.3,-164.899,2026/01/23 15:52:30
2744,299.06,17192.9,-429.143,2026/01/23 15:52:31
2745,299.17,17105.8,-433.226,2026/01/23 15:52:31
2746,299.28,17039.7,-429.427,2026/01/23 15:52:31
2747,299.39,17003.2,-431.985,2026/01/23 15:52:31
2748,299.5,16963.2,-426.591,2026/01/23 15:52:31
2749,299.61,16942.9,-430.444,2026/01/23 15:52:31
2750,299.72,16914.8,-429.863,2026/01/23 15:52:31
2751,299.83,16899.4,-434.804,2026/01/23 15:52:31
2752,299.94,16879.4,-426.883,2026/01/23 15:52:31
2753,300.05,16867.7,-435.39,2026/01/23 15:52:32
2754,300.16,17898.3,-591.289,2026/01/23 15:52:32
2755,300.26,21869.7,-451.053,2026/01/23 15:52:32
2756,300.37,22151.9,-363.805,2026/01/23 15:52:32
2757,300.48,22139.5,-378.346,2026/01/23 15:52:32
2758,300.59,22159.4,-370.712,2026/01/23 15:52:32
2759,300.7,22153.2,-375.318,2026/01/23 15:52:32
2760,300.81,22168.6,-371.032,2026/01/23 15:52:32
2761,300.92,22155,-376.414,2026/01/23 15:52:32
2762,301.03,22162.3,-374.418,2026/01/23 15:52:33
2763,301.14,22157.3,-374.277,2026/01/23 15:52:33
2764,301.25,22160.2,-374.722,2026/01/23 15:52:33
2765,301.36,20637.3,-119.494,2026/01/23 15:52:33
2766,301.46,17342.5,-407.387,2026/01/23 15:52:33
2767,301.57,17122.6,-430.632,2026/01/23 15:52:33
2768,301.68,17046.2,-430.608,2026/01/23 15:52:33
2769,301.79,17001.6,-427.018,2026/01/23 15:52:33
2770,301.9,16955.5,-433.083,2026/01/23 15:52:33
2771,302.01,16931.7,-423.507,2026/01/23 15:52:34
2772,302.12,16905.4,-429.856,2026/01/23 15:52:34
2773,302.23,16884.7,-426.263,2026/01/23 15:52:34
2774,302.34,16870.2,-429.964,2026/01/23 15:52:34
2775,302.44,16845.4,-435.452,2026/01/23 15:52:34
2776,302.55,16940.9,-441.147,2026/01/23 15:52:34
2777,302.66,20631.9,-556.605,2026/01/23 15:52:34
2778,302.77,22105.5,-369.862,2026/01/23 15:52:34
2779,302.88,22115.9,-382.638,2026/01/23 15:52:34
2780,302.99,22130,-366.107,2026/01/23 15:52:35
2781,303.1,22132.2,-374.659,2026/01/23 15:52:35
2782,303.21,22127.5,-372.333,2026/01/23 15:52:35
2783,303.32,22141.9,-369.933,2026/01/23 15:52:35
2784,303.42,22132.3,-382.187,2026/01/23 15:52:35
2785,303.53,22136.3,-367.302,2026/01/23 15:52:35
2786,303.64,22134.7,-383.485,2026/01/23 15:52:35
2787,303.75,21996.4,-301.277,2026/01/23 15:52:35
2788,303.86,17937.8,-275.236,2026/01/23 15:52:35
2789,303.97,17140.4,-432.32,2026/01/23 15:52:36
2790,304.08,17063.6,-431.384,2026/01/23 15:52:36
2791,304.19,17001.2,-423.436,2026/01/23 15:52:36
2792,304.3,16969.1,-427.729,2026/01/23 15:52:36
2793,304.41,16928.8,-429.909,2026/01/23 15:52:36
2794,304.51,16901.4,-426.162,2026/01/23 15:52:36
2795,304.62,16879.8,-430.424,2026/01/23 15:52:36
2796,304.73,16858.3,-421.464,2026/01/23 15:52:36
2797,304.84,16844.9,-431.48,2026/01/23 15:52:36
2798,304.95,16822.4,-430.819,2026/01/23 15:52:36
2799,305.06,18550.9,-640.27,2026/01/23 15:52:37
2800,305.17,21978.1,-404.598,2026/01/23 15:52:37
2801,305.28,22104.7,-382.738,2026/01/23 15:52:37
2802,305.39,22095.8,-374.135,2026/01/23 15:52:37
2803,305.5,22105.5,-374.219,2026/01/23 15:52:37
2804,305.6,22107.2,-380.647,2026/01/23 15:52:37
2805,305.71,22112.9,-376.822,2026/01/23 15:52:37
2806,305.82,22127.8,-375.658,2026/01/23 15:52:37
2807,305.93,22113.6,-371.774,2026/01/23 15:52:37
2808,306.04,22138.6,-370.208,2026/01/23 15:52:38
2809,306.15,22124,-378.944,2026/01/23 15:52:38
2810,306.26,19909.8,-85.6943,2026/01/23 15:52:38
2811,306.37,17251.9,-413.036,2026/01/23 15:52:38
2812,306.48,17091.3,-436.49,2026/01/23 15:52:38
2813,306.58,17028.4,-433.55,2026/01/23 15:52:38
2814,306.69,16977.7,-430.564,2026/01/23 15:52:38
2815,306.8,16948.8,-429.283,2026/01/23 15:52:38
2816,306.91,16912.8,-429.547,2026/01/23 15:52:38
2817,307.02,16895.7,-430.245,2026/01/23 15:52:39
2818,307.13,16864.5,-432.55,2026/01/23 15:52:39
2819,307.24,16862,-424.28,2026/01/23 15:52:39
2820,307.35,16835.5,-435.558,2026/01/23 15:52:39
2821,307.46,17091.4,-472.729,2026/01/23 15:52:39
2822,307.57,21204.4,-521.209,2026/01/23 15:52:39
2823,307.68,22103.9,-365.899,2026/01/23 15:52:39
2824,307.79,22112.9,-371.246,2026/01/23 15:52:39
2825,307.89,22113.9,-383.618,2026/01/23 15:52:39
2826,308,22129.2,-372.067,2026/01/23 15:52:40
2827,308.11,22119.7,-377.108,2026/01/23 15:52:40
2828,308.22,22138,-367.372,2026/01/23 15:52:40
2829,308.33,22120.5,-379.649,2026/01/23 15:52:40
2830,308.44,22134.5,-369.466,2026/01/23 15:52:40
2831,308.55,22120.6,-380.462,2026/01/23 15:52:40
2832,308.66,21704.8,-242.744,2026/01/23 15:52:40
2833,308.76,17625.3,-332.71,2026/01/23 15:52:40
2834,308.87,17126.3,-432.116,2026/01/23 15:52:40
2835,308.98,17055.2,-426.736,2026/01/23 15:52:41
2836,309.09,16995.2,-432.287,2026/01/23 15:52:41
2837,309.2,16960.7,-424.313,2026/01/23 15:52:41
2838,309.31,16919.4,-430.517,2026/01/23 15:52:41
2839,309.42,16906.6,-426.748,2026/01/23 15:52:41
2840,309.53,16882.7,-427.875,2026/01/23 15:52:41
2841,309.63,16860.8,-433.235,2026/01/23 15:52:41
2842,309.74,16848.7,-425.964,2026/01/23 15:52:41
2843,309.85,16838.2,-433.519,2026/01/23 15:52:41
2844,309.96,19206.7,-625.568,2026/01/23 15:52:42
2845,310.07,22051.8,-399.076,2026/01/23 15:52:42
2846,310.18,22114.1,-363.753,2026/01/23 15:52:42
2847,310.29,22105.2,-380.879,2026/01/23 15:52:42
2848,310.4,22123.4,-370.244,2026/01/23 15:52:42
2849,310.51,22124.3,-377.342,2026/01/23 15:52:42
2850,310.61,22129.3,-372.818,2026/01/23 15:52:42
2851,310.72,22136,-370.214,2026/01/23 15:52:42
2852,310.83,22137.7,-380.579,2026/01/23 15:52:42
2853,310.94,22147.1,-368.348,2026/01/23 15:52:42
2854,311.05,22138.7,-379.117,2026/01/23 15:52:43
2855,311.16,19248.4,-99.2861,2026/01/23 15:52:43
2856,311.27,17219.1,-425.919,2026/01/23 15:52:43
2857,311.38,17111.3,-431.753,2026/01/23 15:52:43
2858,311.49,17046.5,-430.753,2026/01/23 15:52:43
2859,311.59,16995.8,-425.085,2026/01/23 15:52:43
2860,311.7,16964.8,-431.491,2026/01/23 15:52:43
2861,311.81,16927.8,-433.729,2026/01/23 15:52:43
2862,311.92,16921.6,-426.494,2026/01/23 15:52:43
2863,312.03,16886.5,-429.832,2026/01/23 15:52:44
2864,312.14,16882.6,-428.302,2026/01/23 15:52:44
2865,312.25,16856.4,-431.159,2026/01/23 15:52:44
2866,312.36,17287.9,-516.037,2026/01/23 15:52:44
2867,312.47,21502.9,-486.158,2026/01/23 15:52:44
2868,312.58,22120,-366.62,2026/01/23 15:52:44
2869,312.68,22130.4,-378.218,2026/01/23 15:52:44
2870,312.79,22139.8,-378.541,2026/01/23 15:52:44
2871,312.9,22154,-374.448,2026/01/23 15:52:44
2872,313.01,22145.1,-370.743,2026/01/23 15:52:45
2873,313.12,22160.2,-377.675,2026/01/23 15:52:45
2874,313.23,22148.6,-370.774,2026/01/23 15:52:45
2875,313.34,22164.2,-373.861,2026/01/23 15:52:45
2876,313.45,22146.5,-377.151,2026/01/23 15:52:45
2877,313.56,21363.2,-188.775,2026/01/23 15:52:45
2878,313.67,17508.4,-372.734,2026/01/23 15:52:45
2879,313.77,17163,-435.081,2026/01/23 15:52:45
2880,313.88,17087.3,-433,2026/01/23 15:52:45
2881,313.99,17038.3,-429.868,2026/01/23 15:52:46
2882,314.1,17001.1,-429.708,2026/01/23 15:52:46
2883,314.21,16960.3,-430.486,2026/01/23 15:52:46
2884,314.32,16946.2,-430.354,2026/01/23 15:52:46
2885,314.43,16917.5,-427.864,2026/01/23 15:52:46
2886,314.54,16908.6,-434.574,2026/01/23 15:52:46
2887,314.65,16884.2,-430.171,2026/01/23 15:52:46
2888,314.76,16908.5,-439.407,2026/01/23 15:52:46
2889,314.86,19999.9,-591.456,2026/01/23 15:52:46
2890,314.97,22127.9,-373.441,2026/01/23 15:52:47
2891,315.08,22158.7,-383.582,2026/01/23 15:52:47
2892,315.19,22159.4,-366.983,2026/01/23 15:52:47
2893,315.3,22170.9,-388.511,2026/01/23 15:52:47
2894,315.41,22166.1,-371.948,2026/01/23 15:52:47
2895,315.52,22183.6,-383.461,2026/01/23 15:52:47
2896,315.63,22176.1,-376.436,2026/01/23 15:52:47
2897,315.74,22190.5,-377.323,2026/01/23 15:52:47
2898,315.85,22186.6,-379.166,2026/01/23 15:52:47
2899,315.95,22173.7,-348.269,2026/01/23 15:52:47
2900,316.06,18552.4,-188.663,2026/01/23 15:52:48
2901,316.17,17244.9,-431.921,2026/01/23 15:52:48
2902,316.28,17152.2,-442.676,2026/01/23 15:52:48
2903,316.39,17092.3,-433.164,2026/01/23 15:52:48
2904,316.5,17048.7,-438.767,2026/01/23 15:52:48
2905,316.61,17011.9,-429.964,2026/01/23 15:52:48
2906,316.72,16990.1,-436.791,2026/01/23 15:52:48
2907,316.83,16965.7,-435.641,2026/01/23 15:52:48
2908,316.93,16949.4,-430.262,2026/01/23 15:52:48
2909,317.04,16929.6,-440.213,2026/01/23 15:52:49
2910,317.15,16918.4,-428.649,2026/01/23 15:52:49
2911,317.26,17846.7,-597.061,2026/01/23 15:52:49
2912,317.37,21880,-441.548,2026/01/23 15:52:49
2913,317.48,22168.6,-380.231,2026/01/23 15:52:49
2914,317.59,22182,-371.051,2026/01/23 15:52:49
2915,317.7,22187.5,-379.636,2026/01/23 15:52:49
2916,317.81,22192.6,-374.895,2026/01/23 15:52:49
2917,317.91,22210.1,-374.765,2026/01/23 15:52:49
2918,318.02,22192.2,-388.286,2026/01/23 15:52:50
2919,318.13,22215.6,-367.995,2026/01/23 15:52:50
2920,318.24,22200.8,-384.747,2026/01/23 15:52:50
2921,318.35,22220.3,-371.813,2026/01/23 15:52:50
2922,318.46,20778.1,-142.026,2026/01/23 15:52:50
2923,318.57,17436.9,-402.196,2026/01/23 15:52:50
2924,318.68,17196.4,-440.643,2026/01/23 15:52:50
2925,318.79,17135.6,-441.07,2026/01/23 15:52:50
2926,318.9,17084.5,-435.063,2026/01/23 15:52:50
2927,319.01,17042.6,-440.543,2026/01/23 15:52:51
2928,319.11,17021.2,-431.905,2026/01/23 15:52:51
2929,319.22,16985.4,-437.982,2026/01/23 15:52:51
2930,319.33,16976.6,-433.597,2026/01/23 15:52:51
2931,319.44,16944,-433.062,2026/01/23 15:52:51
2932,319.55,16938.5,-434.363,2026/01/23 15:52:51
2933,319.66,17013.2,-449.166,2026/01/23 15:52:51
2934,319.77,20690.2,-562.842,2026/01/23 15:52:51
2935,319.88,22159,-370.046,2026/01/23 15:52:51
2936,319.99,22173.9,-380.142,2026/01/23 15:52:52
2937,320.1,22187.5,-361.859,2026/01/23 15:52:52
2938,320.21,22175.6,-383.699,2026/01/23 15:52:52
2939,320.31,22192.3,-373.165,2026/01/23 15:52:52
2940,320.42,22176.1,-377.263,2026/01/23 15:52:52
2941,320.53,22194.3,-375.708,2026/01/23 15:52:52
2942,320.64,22179.3,-374.415,2026/01/23 15:52:52
2943,320.75,22190.4,-384.319,2026/01/23 15:52:52
2944,320.86,22040.4,-288.803,2026/01/23 15:52:52
2945,320.97,17985.5,-288.753,2026/01/23 15:52:53
2946,321.08,17226.6,-430.582,2026/01/23 15:52:53
2947,321.19,17142,-442.333,2026/01/23 15:52:53
2948,321.29,17093.2,-431.954,2026/01/23 15:52:53
2949,321.4,17044,-438.08,2026/01/23 15:52:53
2950,321.51,17012.7,-433.425,2026/01/23 15:52:53
2951,321.62,16983.8,-432.794,2026/01/23 15:52:53
2952,321.73,16957.7,-439.287,2026/01/23 15:52:53
2953,321.84,16937.4,-429.184,2026/01/23 15:52:53
2954,321.95,16916.5,-438.98,2026/01/23 15:52:53
2955,322.06,16907.6,-426.61,2026/01/23 15:52:54
2956,322.17,18572.9,-644.898,2026/01/23 15:52:54
2957,322.28,22043.2,-398.662,2026/01/23 15:52:54
2958,322.38,22132,-372.975,2026/01/23 15:52:54
2959,322.49,22141.2,-372.028,2026/01/23 15:52:54
2960,322.6,22147.6,-375.302,2026/01/23 15:52:54
2961,322.71,22140,-383.841,2026/01/23 15:52:54
2962,322.82,22153.7,-377.233,2026/01/23 15:52:54
2963,322.93,22141.3,-381.836,2026/01/23 15:52:54
2964,323.04,22152.7,-372.67,2026/01/23 15:52:55
2965,323.15,22135.3,-385.116,2026/01/23 15:52:55
2966,323.25,22151.8,-375.358,2026/01/23 15:52:55
2967,323.36,19932.6,-95.2256,2026/01/23 15:52:55
2968,323.47,17301.2,-419.31,2026/01/23 15:52:55
2969,323.58,17148.2,-439.457,2026/01/23 15:52:55
2970,323.69,17075.9,-431.513,2026/01/23 15:52:55
2971,323.8,17030.4,-434.05,2026/01/23 15:52:55
2972,323.91,16986.8,-433.498,2026/01/23 15:52:55
2973,324.02,16966.3,-433.088,2026/01/23 15:52:56
2974,324.13,16926.8,-437.858,2026/01/23 15:52:56
2975,324.24,16916.8,-432.354,2026/01/23 15:52:56
2976,324.34,16886.3,-432.444,2026/01/23 15:52:56
2977,324.46,16876.8,-430.647,2026/01/23 15:52:56
2978,324.56,17090.1,-474.027,2026/01/23 15:52:56
2979,324.67,21152.7,-512.159,2026/01/23 15:52:56
2980,324.78,22079.2,-380.879,2026/01/23 15:52:56
2981,324.89,22079,-370.092,2026/01/23 15:52:56
2982,325,22091.7,-383.813,2026/01/23 15:52:57
2983,325.11,22077.5,-375.596,2026/01/23 15:52:57
2984,325.22,22093.5,-379.095,2026/01/23 15:52:57
2985,325.33,22072.4,-378.358,2026/01/23 15:52:57
2986,325.44,22094.5,-375.468,2026/01/23 15:52:57
2987,325.55,22077.4,-381.057,2026/01/23 15:52:57
2988,325.65,22085.7,-382.061,2026/01/23 15:52:57
2989,325.76,21621.3,-232.727,2026/01/23 15:52:57
2990,325.87,17595.9,-346.732,2026/01/23 15:52:57
2991,325.98,17137.4,-440.412,2026/01/23 15:52:58
2992,326.09,17054.4,-432.9,2026/01/23 15:52:58
2993,326.2,17007.7,-440.271,2026/01/23 15:52:58
2994,326.31,16957,-433.776,2026/01/23 15:52:58
2995,326.42,16936,-434.138,2026/01/23 15:52:58
2996,326.53,16903.1,-430.296,2026/01/23 15:52:58
2997,326.64,16887.2,-430.66,2026/01/23 15:52:58
2998,326.74,16862,-431.583,2026/01/23 15:52:58
2999,326.85,16846.1,-429.353,2026/01/23 15:52:58
3000,326.96,16843.6,-441.367,2026/01/23 15:52:59
3001,327.07,19284.7,-620.709,2026/01/23 15:52:59
3002,327.18,22002,-387.644,2026/01/23 15:52:59
3003,327.29,22026.3,-374.371,2026/01/23 15:52:59
3004,327.4,22048.1,-382.396,2026/01/23 15:52:59
3005,327.51,22034.3,-377.513,2026/01/23 15:52:59
3006,327.62,22053.6,-373.772,2026/01/23 15:52:59
3007,327.72,22044.1,-375.885,2026/01/23 15:52:59
3008,327.83,22047.7,-373.442,2026/01/23 15:52:59
3009,327.94,22053.1,-383.782,2026/01/23 15:52:59
3010,328.05,22051.8,-370.444,2026/01/23 15:53:00
3011,328.16,22062.8,-380.555,2026/01/23 15:53:00
3012,328.27,18987.3,-121.738,2026/01/23 15:53:00
3013,328.38,17194.4,-431.698,2026/01/23 15:53:00
3014,328.49,17073.8,-435.204,2026/01/23 15:53:00
3015,328.6,17025.9,-440.03,2026/01/23 15:53:00
3016,328.71,16972.4,-428.371,2026/01/23 15:53:00
3017,328.82,16945.4,-433.859,2026/01/23 15:53:00
3018,328.92,16914,-433.476,2026/01/23 15:53:00
3019,329.04,16894.1,-437.364,2026/01/23 15:53:01
3020,329.14,16874.3,-439.869,2026/01/23 15:53:01
3021,329.25,16856.5,-427.748,2026/01/23 15:53:01
3022,329.36,16844.9,-437.86,2026/01/23 15:53:01
3023,329.47,17405.2,-543.33,2026/01/23 15:53:01
3024,329.58,21553.8,-477.646,2026/01/23 15:53:01
3025,329.69,22019.6,-372.688,2026/01/23 15:53:01
3026,329.8,22048.5,-376.674,2026/01/23 15:53:01
3027,329.91,22029.5,-377.583,2026/01/23 15:53:01
3028,330.02,22049.5,-377.09,2026/01/23 15:53:02
3029,330.13,22036.6,-371.659,2026/01/23 15:53:02
3030,330.23,22037.5,-377.066,2026/01/23 15:53:02
3031,330.34,22047.6,-381.094,2026/01/23 15:53:02
3032,330.45,22036.1,-377.364,2026/01/23 15:53:02
3033,330.56,22061.2,-377.874,2026/01/23 15:53:02
3034,330.67,21047.2,-171.12,2026/01/23 15:53:02
3035,330.78,17413.8,-391.717,2026/01/23 15:53:02
3036,330.89,17104.9,-438.227,2026/01/23 15:53:02
3037,331,17050.9,-435.289,2026/01/23 15:53:03
3038,331.1,16989.9,-434.866,2026/01/23 15:53:03
3039,331.21,16951.3,-438.119,2026/01/23 15:53:03
3040,331.32,16923.6,-432.942,2026/01/23 15:53:03
3041,331.43,16891.5,-432.144,2026/01/23 15:53:03
3042,331.54,16878.7,-435.585,2026/01/23 15:53:03
3043,331.65,16852.4,-431.929,2026/01/23 15:53:03
3044,331.76,16849.8,-430.92,2026/01/23 15:53:03
3045,331.87,16865,-444.644,2026/01/23 15:53:03
3046,331.98,20055.8,-590.897,2026/01/23 15:53:04
3047,332.08,22003.7,-375.023,2026/01/23 15:53:04
3048,332.19,22018.7,-373.53,2026/01/23 15:53:04
3049,332.3,22032.4,-377.717,2026/01/23 15:53:04
3050,332.41,22020.2,-373.103,2026/01/23 15:53:04
3051,332.52,22033.2,-375.787,2026/01/23 15:53:04
3052,332.63,22026.8,-383.245,2026/01/23 15:53:04
3053,332.74,22038,-370.28,2026/01/23 15:53:04
3054,332.85,22017.1,-388.218,2026/01/23 15:53:04
3055,332.96,22035,-370.302,2026/01/23 15:53:04
3056,333.07,21985.8,-361.233,2026/01/23 15:53:05
3057,333.17,18253.2,-215.085,2026/01/23 15:53:05
3058,333.28,17135.9,-437.366,2026/01/23 15:53:05
3059,333.39,17049.1,-444.942,2026/01/23 15:53:05
3060,333.5,16994.2,-434.785,2026/01/23 15:53:05
3061,333.61,16947,-434.693,2026/01/23 15:53:05
3062,333.72,16919.7,-429.313,2026/01/23 15:53:05
3063,333.83,16890.2,-439.654,2026/01/23 15:53:05
3064,333.94,16867.7,-432.292,2026/01/23 15:53:05
3065,334.05,16841.6,-439.633,2026/01/23 15:53:06
3066,334.15,16829.6,-431.764,2026/01/23 15:53:06
3067,334.26,16807.1,-428.723,2026/01/23 15:53:06
3068,334.37,17854.3,-596.375,2026/01/23 15:53:06
3069,334.48,21735.8,-429.395,2026/01/23 15:53:06
3070,334.59,21990.7,-381.815,2026/01/23 15:53:06
3071,334.7,21993.4,-368.157,2026/01/23 15:53:06
3072,334.81,21999.9,-386.181,2026/01/23 15:53:06
3073,334.92,22001.3,-376.422,2026/01/23 15:53:06
3074,335.03,22003,-383.918,2026/01/23 15:53:07
3075,335.14,22017.4,-367.792,2026/01/23 15:53:07
3076,335.25,22010.4,-384.831,2026/01/23 15:53:07
3077,335.35,22021.3,-376.521,2026/01/23 15:53:07
3078,335.46,22006.4,-374.217,2026/01/23 15:53:07
3079,335.57,20490,-124.562,2026/01/23 15:53:07
3080,335.68,17291.6,-406.37,2026/01/23 15:53:07
3081,335.79,17091.2,-440.572,2026/01/23 15:53:07
3082,335.9,17018.8,-432.557,2026/01/23 15:53:07
3083,336.01,16971,-440.961,2026/01/23 15:53:08
3084,336.11,16939.7,-428.757,2026/01/23 15:53:08
3085,336.22,16901.1,-436.583,2026/01/23 15:53:08
3086,336.33,16888.2,-427.646,2026/01/23 15:53:08
3087,336.44,16854.7,-440.547,2026/01/23 15:53:08
3088,336.55,16850.3,-433.663,2026/01/23 15:53:08
3089,336.66,16826.8,-435.901,2026/01/23 15:53:08
3090,336.77,16926.4,-451.32,2026/01/23 15:53:08
3091,336.88,20615.1,-560.595,2026/01/23 15:53:08
3092,336.99,21987.2,-372.316,2026/01/23 15:53:09
3093,337.1,22010.5,-367.677,2026/01/23 15:53:09
3094,337.2,22012.4,-381.508,2026/01/23 15:53:09
3095,337.31,22026.9,-362.968,2026/01/23 15:53:09
3096,337.42,22024.2,-384.944,2026/01/23 15:53:09
3097,337.53,22031,-367.728,2026/01/23 15:53:09
3098,337.64,22034.9,-385.093,2026/01/23 15:53:09
3099,337.75,22025.2,-373.499,2026/01/23 15:53:09
3100,337.86,22050.8,-383.109,2026/01/23 15:53:09
3101,337.97,21891.4,-312.703,2026/01/23 15:53:10
3102,338.08,17890.4,-287.246,2026/01/23 15:53:10
3103,338.18,17142.1,-439.907,2026/01/23 15:53:10
3104,338.29,17063.6,-431.666,2026/01/23 15:53:10
3105,338.4,17008.6,-437.446,2026/01/23 15:53:10
3106,338.51,16959.4,-430.776,2026/01/23 15:53:10
3107,338.62,16934.2,-436.086,2026/01/23 15:53:10
3108,338.73,16897.5,-432.747,2026/01/23 15:53:10
3109,338.84,16887.4,-430.523,2026/01/23 15:53:10
3110,338.95,16855,-437.874,2026/01/23 15:53:10
3111,339.06,16850,-430.367,2026/01/23 15:53:11
3112,339.17,16827.3,-435.26,2026/01/23 15:53:11
3113,339.27,18558.5,-643.64,2026/01/23 15:53:11
3114,339.38,21912.3,-402.479,2026/01/23 15:53:11
3115,339.49,22008.7,-384.544,2026/01/23 15:53:11
3116,339.6,22017.4,-366.402,2026/01/23 15:53:11
3117,339.71,22024.5,-384.917,2026/01/23 15:53:11
3118,339.82,22025.6,-370.268,2026/01/23 15:53:11
3119,339.93,22029.9,-385.389,2026/01/23 15:53:11
3120,340.04,22033.4,-367.914,2026/01/23 15:53:12
3121,340.15,22036.8,-388.176,2026/01/23 15:53:12
3122,340.26,22042.5,-372.646,2026/01/23 15:53:12
3123,340.36,22034.3,-387.351,2026/01/23 15:53:12
3124,340.47,19712.5,-96.5078,2026/01/23 15:53:12
3125,340.58,17243.4,-422.58,2026/01/23 15:53:12
3126,340.69,17106,-433.99,2026/01/23 15:53:12
3127,340.8,17034.4,-439.995,2026/01/23 15:53:12
3128,340.91,16996.8,-431.628,2026/01/23 15:53:12
3129,341.02,16953.5,-430.115,2026/01/23 15:53:13
3130,341.13,16923.1,-434.063,2026/01/23 15:53:13
3131,341.24,16904.2,-430.361,2026/01/23 15:53:13
3132,341.35,16876.4,-438.551,2026/01/23 15:53:13
3133,341.45,16863.3,-430.659,2026/01/23 15:53:13
3134,341.56,16840.9,-439.728,2026/01/23 15:53:13
3135,341.67,17070.5,-470.896,2026/01/23 15:53:13
3136,341.78,21092.9,-527.709,2026/01/23 15:53:13
3137,341.89,21998.1,-364.12,2026/01/23 15:53:13
3138,342,22002.9,-378.231,2026/01/23 15:53:14
3139,342.11,22008.4,-374.775,2026/01/23 15:53:14
3140,342.22,22021.5,-375.569,2026/01/23 15:53:14
3141,342.33,22012.9,-378.704,2026/01/23 15:53:14
3142,342.43,22018.7,-370.192,2026/01/23 15:53:14
3143,342.54,22019.9,-385.79,2026/01/23 15:53:14
3144,342.65,22023.6,-365.911,2026/01/23 15:53:14
3145,342.76,22028.4,-381.999,2026/01/23 15:53:14
3146,342.87,21591.7,-238.53,2026/01/23 15:53:14
3147,342.98,17596.3,-356.015,2026/01/23 15:53:15
3148,343.09,17121.8,-440.325,2026/01/23 15:53:15
3149,343.2,17056.4,-434.089,2026/01/23 15:53:15
3150,343.31,16993.6,-436.55,2026/01/23 15:53:15
3151,343.41,16956.3,-429.625,2026/01/23 15:53:15
3152,343.52,16927.8,-439.772,2026/01/23 15:53:15
3153,343.63,16899.2,-432.011,2026/01/23 15:53:15
3154,343.74,16881,-432.802,2026/01/23 15:53:15
3155,343.85,16854.6,-433.968,2026/01/23 15:53:15
3156,343.96,16840.7,-431.392,2026/01/23 15:53:16
3157,344.07,16827.1,-437.556,2026/01/23 15:53:16
3158,344.18,19331.5,-611.188,2026/01/23 15:53:16
3159,344.29,21946.4,-381.69,2026/01/23 15:53:16
3160,344.4,21989.6,-373.471,2026/01/23 15:53:16
3161,344.51,21985.3,-375.304,2026/01/23 15:53:16
3162,344.62,21984.3,-381.681,2026/01/23 15:53:16
3163,344.72,21986.1,-379.341,2026/01/23 15:53:16
3164,344.83,21983,-378.848,2026/01/23 15:53:16
3165,344.94,21991.5,-369.608,2026/01/23 15:53:16
3166,345.05,21979.1,-392.744,2026/01/23 15:53:17
3167,345.16,21994.7,-377.849,2026/01/23 15:53:17
3168,345.27,21978.5,-380.576,2026/01/23 15:53:17
3169,345.38,18955.1,-128.58,2026/01/23 15:53:17
3170,345.49,17158.4,-429.727,2026/01/23 15:53:17
3171,345.59,17053.2,-443.704,2026/01/23 15:53:17
3172,345.7,16988.5,-430.893,2026/01/23 15:53:17
3173,345.81,16942.9,-441.778,2026/01/23 15:53:17
3174,345.92,16906,-430.088,2026/01/23 15:53:17
3175,346.03,16879.9,-440.38,2026/01/23 15:53:18
3176,346.14,16863.2,-424.735,2026/01/23 15:53:18
3177,346.25,16832.8,-434.981,2026/01/23 15:53:18
3178,346.36,16818.1,-428.22,2026/01/23 15:53:18
3179,346.47,16800.3,-431.33,2026/01/23 15:53:18
3180,346.58,17271.8,-528.037,2026/01/23 15:53:18
3181,346.68,21389.3,-470.484,2026/01/23 15:53:18
3182,346.79,21948.5,-379.461,2026/01/23 15:53:18
3183,346.9,21941.6,-370.273,2026/01/23 15:53:18
3184,347.01,21946.6,-384.884,2026/01/23 15:53:19
3185,347.12,21949.9,-359.739,2026/01/23 15:53:19
3186,347.23,21952.4,-387.349,2026/01/23 15:53:19
3187,347.34,21963.5,-361.525,2026/01/23 15:53:19
3188,347.45,21949.1,-377.464,2026/01/23 15:53:19
3189,347.55,21963,-382.268,2026/01/23 15:53:19
3190,347.66,21956.5,-379.904,2026/01/23 15:53:19
3191,347.77,21090.4,-191.776,2026/01/23 15:53:19
3192,347.88,17368.5,-383.386,2026/01/23 15:53:19
3193,347.99,17065.5,-437.405,2026/01/23 15:53:20
3194,348.1,16985.2,-437.431,2026/01/23 15:53:20
3195,348.21,16937.8,-441.444,2026/01/23 15:53:20
3196,348.32,16906.2,-430.753,2026/01/23 15:53:20
3197,348.43,16862.1,-435.893,2026/01/23 15:53:20
3198,348.54,16846.2,-431.157,2026/01/23 15:53:20
3199,348.64,16815.4,-432.35,2026/01/23 15:53:20
3200,348.75,16805.3,-431.721,2026/01/23 15:53:20
3201,348.86,16779.9,-429.271,2026/01/23 15:53:20
3202,348.97,16796.1,-446.62,2026/01/23 15:53:21
3203,349.08,19814.3,-589.2,2026/01/23 15:53:21
3204,349.19,21894.7,-379.046,2026/01/23 15:53:21
3205,349.3,21919,-363.458,2026/01/23 15:53:21
3206,349.4,21910.4,-383.917,2026/01/23 15:53:21
3207,349.51,21935.1,-376.84,2026/01/23 15:53:21
3208,349.62,21923.9,-379.968,2026/01/23 15:53:21
3209,349.73,21940.2,-366.257,2026/01/23 15:53:21
3210,349.84,21932.6,-376.89,2026/01/23 15:53:21
3211,349.95,21945.4,-377.084,2026/01/23 15:53:21
3212,350.06,21941.5,-372.122,2026/01/23 15:53:22
3213,350.17,21917.7,-368.255,2026/01/23 15:53:22
3214,350.28,18383.6,-179.497,2026/01/23 15:53:22
3215,350.39,17090.5,-441.303,2026/01/23 15:53:22
3216,350.49,17009.1,-432.644,2026/01/23 15:53:22
3217,350.6,16941.1,-442.175,2026/01/23 15:53:22
3218,350.71,16906.3,-431.716,2026/01/23 15:53:22
3219,350.82,16862.5,-433.09,2026/01/23 15:53:22
3220,350.93,16841.4,-430.709,2026/01/23 15:53:22
3221,351.04,16815.1,-429.593,2026/01/23 15:53:23
3222,351.15,16793.5,-432.417,2026/01/23 15:53:23
3223,351.26,16781.6,-430.387,2026/01/23 15:53:23
3224,351.37,16756.1,-435.429,2026/01/23 15:53:23
3225,351.48,17629.2,-574.999,2026/01/23 15:53:23
3226,351.58,21582.2,-452.921,2026/01/23 15:53:23
3227,351.69,21902.5,-364.97,2026/01/23 15:53:23
3228,351.8,21897.1,-383.856,2026/01/23 15:53:23
3229,351.91,21910.3,-377.141,2026/01/23 15:53:23
3230,352.02,21906.2,-381.152,2026/01/23 15:53:24
3231,352.13,21910.1,-374.263,2026/01/23 15:53:24
3232,352.24,21914.9,-380.756,2026/01/23 15:53:24
3233,352.35,21909.6,-378.482,2026/01/23 15:53:24
3234,352.46,21922.3,-371.438,2026/01/23 15:53:24
3235,352.57,21907.3,-384.543,2026/01/23 15:53:24
3236,352.68,20493.3,-131.29,2026/01/23 15:53:24
3237,352.78,17242.5,-406.063,2026/01/23 15:53:24
3238,352.89,17023.8,-434.659,2026/01/23 15:53:24
3239,353,16948.1,-439.483,2026/01/23 15:53:25
3240,353.11,16906.3,-432.526,2026/01/23 15:53:25
3241,353.22,16864.1,-430.203,2026/01/23 15:53:25
3242,353.33,16832.2,-439.932,2026/01/23 15:53:25
3243,353.44,16810.9,-428.15,2026/01/23 15:53:25
3244,353.55,16785.4,-435.967,2026/01/23 15:53:25
3245,353.66,16775.7,-423.523,2026/01/23 15:53:25
3246,353.76,16751.4,-435.54,2026/01/23 15:53:25
3247,353.87,16834.8,-446.479,2026/01/23 15:53:25
3248,353.98,20377.4,-559.304,2026/01/23 15:53:26
3249,354.09,21876,-372.717,2026/01/23 15:53:26
3250,354.2,21878.3,-376.574,2026/01/23 15:53:26
3251,354.31,21891.2,-376.704,2026/01/23 15:53:26
3252,354.42,21896.6,-367.746,2026/01/23 15:53:26
3253,354.53,21879,-385.858,2026/01/23 15:53:26
3254,354.64,21903,-365.359,2026/01/23 15:53:26
3255,354.75,21882.3,-382.388,2026/01/23 15:53:26
3256,354.85,21900,-373.228,2026/01/23 15:53:26
3257,354.96,21891.7,-378.923,2026/01/23 15:53:27
3258,355.07,21775.1,-315.343,2026/01/23 15:53:27
3259,355.18,17806.9,-273.672,2026/01/23 15:53:27
3260,355.29,17053,-438.79,2026/01/23 15:53:27
3261,355.4,16974.6,-430.677,2026/01/23 15:53:27
3262,355.51,16918.9,-437.799,2026/01/23 15:53:27
3263,355.62,16882.3,-425.2,2026/01/23 15:53:27
3264,355.73,16842.3,-437.961,2026/01/23 15:53:27
3265,355.84,16823.6,-430.401,2026/01/23 15:53:27
3266,355.94,16792.2,-430.682,2026/01/23 15:53:27
3267,356.05,16780.3,-434.358,2026/01/23 15:53:28
3268,356.16,16758.9,-429.983,2026/01/23 15:53:28
3269,356.27,16746.7,-434.08,2026/01/23 15:53:28
3270,356.38,18375.8,-631.533,2026/01/23 15:53:28
3271,356.49,21768.2,-410.726,2026/01/23 15:53:28
3272,356.6,21876.4,-364.678,2026/01/23 15:53:28
3273,356.71,21872,-389.176,2026/01/23 15:53:28
3274,356.82,21885.9,-365.679,2026/01/23 15:53:28
3275,356.93,21873.1,-379.969,2026/01/23 15:53:28
3276,357.04,21880.5,-383.495,2026/01/23 15:53:29
3277,357.14,21878.3,-369.542,2026/01/23 15:53:29
3278,357.25,21870.3,-382.655,2026/01/23 15:53:29
3279,357.36,21879.5,-372.233,2026/01/23 15:53:29
3280,357.47,21871.3,-381.718,2026/01/23 15:53:29
3281,357.58,19630.7,-92.4365,2026/01/23 15:53:29
3282,357.69,17127.3,-425.382,2026/01/23 15:53:29
3283,357.8,16989.7,-435.927,2026/01/23 15:53:29
3284,357.91,16919.6,-437.622,2026/01/23 15:53:29
3285,358.02,16875,-436.513,2026/01/23 15:53:30
3286,358.12,16844.8,-437.046,2026/01/23 15:53:30
3287,358.23,16811.9,-434.267,2026/01/23 15:53:30
3288,358.34,16790.7,-439.661,2026/01/23 15:53:30
3289,358.45,16766.9,-428.098,2026/01/23 15:53:30
3290,358.56,16752,-434.361,2026/01/23 15:53:30
3291,358.67,16734.5,-427.009,2026/01/23 15:53:30
3292,358.78,16941.8,-475.244,2026/01/23 15:53:30
3293,358.89,20897.1,-515.6,2026/01/23 15:53:30
3294,359,21838,-366.989,2026/01/23 15:53:31
3295,359.11,21839.9,-379.135,2026/01/23 15:53:31
3296,359.21,21859.5,-366.904,2026/01/23 15:53:31
3297,359.32,21847,-388.245,2026/01/23 15:53:31
3298,359.43,21856.2,-368.551,2026/01/23 15:53:31
3299,359.54,21847.1,-383.535,2026/01/23 15:53:31
3300,359.65,21855.4,-372.335,2026/01/23 15:53:31
3301,359.76,21842.9,-380.537,2026/01/23 15:53:31
3302,359.87,21859.4,-373.403,2026/01/23 15:53:31
3303,359.98,21351.2,-232.132,2026/01/23 15:53:32
3304,360.09,17435.1,-358.459,2026/01/23 15:53:32
3305,360.2,17003.1,-433.898,2026/01/23 15:53:32
3306,360.31,16924.9,-442.17,2026/01/23 15:53:32
3307,360.42,16883.1,-430.886,2026/01/23 15:53:32
3308,360.52,16831.5,-433.743,2026/01/23 15:53:32
3309,360.63,16810.2,-435.261,2026/01/23 15:53:32
3310,360.74,16774.2,-428.141,2026/01/23 15:53:32
3311,360.85,16764.9,-437.179,2026/01/23 15:53:32
3312,360.96,16740.2,-427.124,2026/01/23 15:53:33
3313,361.07,16722.5,-436.949,2026/01/23 15:53:33
3314,361.18,16725.3,-431.409,2026/01/23 15:53:33
3315,361.29,19163.6,-625.175,2026/01/23 15:53:33
3316,361.39,21797.1,-385.497,2026/01/23 15:53:33
3317,361.5,21816.8,-372.439,2026/01/23 15:53:33
3318,361.61,21828.7,-377.876,2026/01/23 15:53:33
3319,361.72,21836.4,-368.443,2026/01/23 15:53:33
3320,361.83,21830.6,-378.034,2026/01/23 15:53:33
3321,361.94,21846.8,-373.123,2026/01/23 15:53:33
3322,362.05,21828.4,-380.246,2026/01/23 15:53:34
3323,362.16,21849.1,-382.58,2026/01/23 15:53:34
3324,362.27,21832.7,-365.62,2026/01/23 15:53:34
3325,362.37,21835.1,-375.42,2026/01/23 15:53:34
3326,362.48,18886.8,-127.725,2026/01/23 15:53:34
3327,362.59,17057.3,-427.747,2026/01/23 15:53:34
3328,362.7,16952.5,-438.386,2026/01/23 15:53:34
3329,362.81,16884.5,-432.206,2026/01/23 15:53:34
3330,362.92,16844.3,-437.72,2026/01/23 15:53:34
3331,363.03,16805.2,-435.536,2026/01/23 15:53:35
3332,363.14,16781.1,-432.289,2026/01/23 15:53:35
3333,363.25,16753.8,-433.415,2026/01/23 15:53:35
3334,363.35,16741.2,-427.684,2026/01/23 15:53:35
3335,363.46,16712.7,-435.135,2026/01/23 15:53:35
3336,363.57,16705.4,-427.06,2026/01/23 15:53:35
3337,363.68,17103.7,-516.481,2026/01/23 15:53:35
3338,363.79,21200.8,-481.802,2026/01/23 15:53:35
3339,363.9,21786.1,-365.432,2026/01/23 15:53:35
3340,364.01,21799.8,-383.95,2026/01/23 15:53:36
3341,364.12,21816.1,-367.032,2026/01/23 15:53:36
3342,364.22,21799.7,-376.185,2026/01/23 15:53:36
3343,364.33,21816.7,-376.084,2026/01/23 15:53:36
3344,364.44,21808.2,-375.906,2026/01/23 15:53:36
3345,364.55,21818.6,-379.48,2026/01/23 15:53:36
3346,364.66,21814.9,-366.103,2026/01/23 15:53:36
3347,364.77,21821.6,-385.078,2026/01/23 15:53:36
3348,364.88,21105.1,-199.795,2026/01/23 15:53:36
3349,364.98,17311.7,-379.459,2026/01/23 15:53:37
3350,365.09,16984,-434.101,2026/01/23 15:53:37
3351,365.2,16906.5,-433.944,2026/01/23 15:53:37
3352,365.31,16864,-436.643,2026/01/23 15:53:37
3353,365.42,16828.3,-425.121,2026/01/23 15:53:37
3354,365.53,16793.6,-437.14,2026/01/23 15:53:37
3355,365.64,16777.6,-428.322,2026/01/23 15:53:37
3356,365.75,16746.9,-435.726,2026/01/23 15:53:37
3357,365.86,16739.7,-429.105,2026/01/23 15:53:37
3358,365.96,16719.1,-435.214,2026/01/23 15:53:38
3359,366.07,16733.3,-439.753,2026/01/23 15:53:38
3360,366.18,19578.2,-587.224,2026/01/23 15:53:38
3361,366.29,21796.8,-370.183,2026/01/23 15:53:38
3362,366.4,21818,-375.255,2026/01/23 15:53:38
3363,366.51,21810.9,-375.463,2026/01/23 15:53:38
3364,366.62,21826.7,-378.854,2026/01/23 15:53:38
3365,366.73,21813.1,-370.056,2026/01/23 15:53:38
3366,366.84,21834.8,-385.385,2026/01/23 15:53:38
3367,366.94,21818.4,-378.101,2026/01/23 15:53:38
3368,367.05,21831.3,-376.208,2026/01/23 15:53:39
3369,367.16,21829,-382.611,2026/01/23 15:53:39
3370,367.27,21815.1,-352.941,2026/01/23 15:53:39
3371,367.38,18463.9,-165.04,2026/01/23 15:53:39
3372,367.49,17043,-428.921,2026/01/23 15:53:39
3373,367.6,16951.9,-436.874,2026/01/23 15:53:39
3374,367.7,16890.2,-432.314,2026/01/23 15:53:39
3375,367.81,16852.5,-431.647,2026/01/23 15:53:39
3376,367.92,16815.7,-438.733,2026/01/23 15:53:39
3377,368.03,16792,-428.844,2026/01/23 15:53:40
3378,368.14,16760.6,-437.034,2026/01/23 15:53:40
3379,368.25,16752.4,-428.354,2026/01/23 15:53:40
3380,368.36,16730,-432.87,2026/01/23 15:53:40
3381,368.47,16722.5,-427.402,2026/01/23 15:53:40
3382,368.58,17357.9,-555.942,2026/01/23 15:53:40
3383,368.69,21396.8,-466.775,2026/01/23 15:53:40
3384,368.79,21807.3,-363.934,2026/01/23 15:53:40
3385,368.9,21807.8,-384.073,2026/01/23 15:53:40
3386,369.01,21818.6,-361.428,2026/01/23 15:53:41
3387,369.12,21808.8,-384.843,2026/01/23 15:53:41
3388,369.23,21822.3,-370.547,2026/01/23 15:53:41
3389,369.34,21807.9,-380.218,2026/01/23 15:53:41
3390,369.45,21825.8,-371.688,2026/01/23 15:53:41
3391,369.56,21813.7,-380.544,2026/01/23 15:53:41
3392,369.67,21828.9,-375.646,2026/01/23 15:53:41
3393,369.78,20664.8,-149.834,2026/01/23 15:53:41
3394,369.88,17224.3,-395.817,2026/01/23 15:53:41
3395,369.99,16983.6,-431.655,2026/01/23 15:53:42
3396,370.1,16907.8,-439.741,2026/01/23 15:53:42
3397,370.21,16865.2,-433.756,2026/01/23 15:53:42
3398,370.32,16823.1,-434.271,2026/01/23 15:53:42
3399,370.43,16797.4,-431.363,2026/01/23 15:53:42
3400,370.54,16764.4,-428.776,2026/01/23 15:53:42
3401,370.65,16750.4,-433.642,2026/01/23 15:53:42
3402,370.76,16727,-427.869,2026/01/23 15:53:42
3403,370.87,16707.8,-434.177,2026/01/23 15:53:42
3404,370.98,16760.5,-438.153,2026/01/23 15:53:43
3405,371.08,20088.2,-574.788,2026/01/23 15:53:43
3406,371.19,21786.5,-365.579,2026/01/23 15:53:43
3407,371.3,21777.5,-369.692,2026/01/23 15:53:43
3408,371.41,21793.7,-379.323,2026/01/23 15:53:43
3409,371.52,21781.2,-368.151,2026/01/23 15:53:43
3410,371.63,21796.3,-381.391,2026/01/23 15:53:43
3411,371.74,21788.2,-364.404,2026/01/23 15:53:43
3412,371.85,21793.6,-382.56,2026/01/23 15:53:43
3413,371.96,21789.9,-365.62,2026/01/23 15:53:43
3414,372.07,21791.1,-387.124,2026/01/23 15:53:44
3415,372.17,21713.7,-316.886,2026/01/23 15:53:44
3416,372.28,17834.6,-270.199,2026/01/23 15:53:44
3417,372.39,16992.7,-433.691,2026/01/23 15:53:44
3418,372.5,16906.9,-436.084,2026/01/23 15:53:44
3419,372.61,16856.5,-436.558,2026/01/23 15:53:44
3420,372.72,16809.5,-429.722,2026/01/23 15:53:44
3421,372.83,16780,-437.016,2026/01/23 15:53:44
3422,372.94,16754.1,-425.684,2026/01/23 15:53:44
3423,373.05,16731.5,-437.074,2026/01/23 15:53:45
3424,373.16,16716.1,-422.61,2026/01/23 15:53:45
3425,373.26,16691.6,-435.101,2026/01/23 15:53:45
3426,373.37,16684.1,-425.562,2026/01/23 15:53:45
3427,373.48,18084.7,-633.324,2026/01/23 15:53:45
3428,373.59,21625.9,-411.278,2026/01/23 15:53:45
3429,373.7,21743.2,-371.953,2026/01/23 15:53:45
3430,373.81,21760,-380.804,2026/01/23 15:53:45
3431,373.92,21756.3,-367.286,2026/01/23 15:53:45
3432,374.03,21755.4,-379.579,2026/01/23 15:53:46
3433,374.14,21758,-370.784,2026/01/23 15:53:46
3434,374.25,21757.4,-380.451,2026/01/23 15:53:46
3435,374.36,21764.5,-364.318,2026/01/23 15:53:46
3436,374.46,21752.7,-378.76,2026/01/23 15:53:46
3437,374.57,21765.4,-364.632,2026/01/23 15:53:46
3438,374.68,19733.4,-96.6689,2026/01/23 15:53:46
3439,374.79,17075.1,-420.159,2026/01/23 15:53:46
3440,374.9,16917,-434.25,2026/01/23 15:53:46
3441,375.01,16853.4,-439.224,2026/01/23 15:53:47
3442,375.12,16800.7,-428.625,2026/01/23 15:53:47
3443,375.23,16768.9,-433.84,2026/01/23 15:53:47
3444,375.34,16740.1,-429.562,2026/01/23 15:53:47
3445,375.45,16713.3,-438.679,2026/01/23 15:53:47
3446,375.56,16697.3,-426.434,2026/01/23 15:53:47
3447,375.66,16674.3,-435.616,2026/01/23 15:53:47
3448,375.77,16665.3,-423.362,2026/01/23 15:53:47
3449,375.88,16826.1,-464.371,2026/01/23 15:53:47
3450,375.99,20721.6,-521.223,2026/01/23 15:53:48
3451,376.1,21707.9,-368.585,2026/01/23 15:53:48
3452,376.21,21723.3,-381.136,2026/01/23 15:53:48
3453,376.32,21714.3,-368.333,2026/01/23 15:53:48
3454,376.43,21722.5,-379.773,2026/01/23 15:53:48
3455,376.54,21721.2,-360.152,2026/01/23 15:53:48
3456,376.64,21715.8,-380.582,2026/01/23 15:53:48
3457,376.75,21728.6,-366.662,2026/01/23 15:53:48
3458,376.86,21710.5,-379.878,2026/01/23 15:53:48
3459,376.97,21725.4,-373.38,2026/01/23 15:53:49
3460,377.08,21368.1,-260.052,2026/01/23 15:53:49
3461,377.19,17418.9,-341.551,2026/01/23 15:53:49
3462,377.3,16919.9,-435.923,2026/01/23 15:53:49
3463,377.41,16855.5,-437.408,2026/01/23 15:53:49
3464,377.52,16796.4,-432.872,2026/01/23 15:53:49
3465,377.63,16761.7,-440.208,2026/01/23 15:53:49
3466,377.73,16734,-430.647,2026/01/23 15:53:49
3467,377.85,16709.3,-432.223,2026/01/23 15:53:49
3468,377.95,16694.1,-425.381,2026/01/23 15:53:49
3469,378.06,16666.5,-432.724,2026/01/23 15:53:50
3470,378.17,16662.7,-430.463,2026/01/23 15:53:50
3471,378.28,16645.8,-438.094,2026/01/23 15:53:50
3472,378.39,18913.5,-605.308,2026/01/23 15:53:50
3473,378.5,21658,-393.135,2026/01/23 15:53:50
3474,378.61,21699.3,-364.737,2026/01/23 15:53:50
3475,378.72,21698.7,-376.147,2026/01/23 15:53:50
3476,378.83,21700.7,-366.475,2026/01/23 15:53:50
3477,378.93,21709.1,-371.689,2026/01/23 15:53:50
3478,379.04,21707.4,-382.761,2026/01/23 15:53:51
3479,379.15,21703.2,-370.188,2026/01/23 15:53:51
3480,379.26,21711.1,-378.322,2026/01/23 15:53:51
3481,379.37,21705.4,-368.099,2026/01/23 15:53:51
3482,379.48,21717.2,-381.057,2026/01/23 15:53:51
3483,379.59,18836.7,-117.797,2026/01/23 15:53:51
3484,379.7,16994.8,-430.017,2026/01/23 15:53:51
3485,379.81,16871.6,-432.892,2026/01/23 15:53:51
3486,379.92,16822.7,-433.71,2026/01/23 15:53:51
3487,380.02,16771.9,-427.968,2026/01/23 15:53:52
3488,380.13,16739.4,-427.714,2026/01/23 15:53:52
3489,380.24,16713.8,-427.573,2026/01/23 15:53:52
3490,380.35,16692,-433.302,2026/01/23 15:53:52
3491,380.46,16671.4,-427.726,2026/01/23 15:53:52
3492,380.57,16654.1,-432.519,2026/01/23 15:53:52
3493,380.68,16642.5,-426.028,2026/01/23 15:53:52
3494,380.79,17068.5,-521.351,2026/01/23 15:53:52
3495,380.9,21130.5,-464.765,2026/01/23 15:53:52
3496,381.01,21684.7,-381.444,2026/01/23 15:53:53
3497,381.12,21695.1,-368.431,2026/01/23 15:53:53
3498,381.23,21688.4,-383.819,2026/01/23 15:53:53
3499,381.33,21706.5,-368.047,2026/01/23 15:53:53
3500,381.44,21690.6,-377.378,2026/01/23 15:53:53
3501,381.55,21714.4,-375.165,2026/01/23 15:53:53
3502,381.66,21700.7,-374.739,2026/01/23 15:53:53
3503,381.77,21714.3,-368.403,2026/01/23 15:53:53
3504,381.88,21706.4,-379.681,2026/01/23 15:53:53
3505,381.99,20865.2,-184.959,2026/01/23 15:53:54
3506,382.1,17216.1,-384.67,2026/01/23 15:53:54
3507,382.21,16905.7,-436.838,2026/01/23 15:53:54
3508,382.31,16847.4,-431.758,2026/01/23 15:53:54
3509,382.42,16793.2,-441.648,2026/01/23 15:53:54
3510,382.53,16758,-428.647,2026/01/23 15:53:54
3511,382.64,16730,-437.789,2026/01/23 15:53:54
3512,382.75,16698.3,-428.757,2026/01/23 15:53:54
3513,382.86,16683.5,-434.815,2026/01/23 15:53:54
3514,382.97,16656,-431.585,2026/01/23 15:53:55
3515,383.08,16654.4,-429.654,2026/01/23 15:53:55
3516,383.19,16660.7,-438.867,2026/01/23 15:53:55
3517,383.3,19705.4,-575.466,2026/01/23 15:53:55
3518,383.4,21658.4,-369.026,2026/01/23 15:53:55
3519,383.52,21674.7,-369.884,2026/01/23 15:53:55
3520,383.62,21676,-376.263,2026/01/23 15:53:55
3521,383.73,21682.1,-377.673,2026/01/23 15:53:55
3522,383.84,21677.8,-364.339,2026/01/23 15:53:55
3523,383.95,21683.7,-379.07,2026/01/23 15:53:55
3524,384.06,21676.7,-366.956,2026/01/23 15:53:56
3525,384.17,21690.4,-380.113,2026/01/23 15:53:56
3526,384.28,21682.4,-369.926,2026/01/23 15:53:56
3527,384.39,21651.3,-353.179,2026/01/23 15:53:56
3528,384.5,17951.3,-222.31,2026/01/23 15:53:56
3529,384.61,16925.8,-436.892,2026/01/23 15:53:56
3530,384.71,16854.4,-428.989,2026/01/23 15:53:56
3531,384.82,16788.6,-439.197,2026/01/23 15:53:56
3532,384.93,16754.5,-428.042,2026/01/23 15:53:56
3533,385.04,16721.4,-434.512,2026/01/23 15:53:57
3534,385.15,16691.4,-427.024,2026/01/23 15:53:57
3535,385.26,16676.2,-437.87,2026/01/23 15:53:57
3536,385.37,16653.1,-429.612,2026/01/23 15:53:57
3537,385.48,16642.7,-435.079,2026/01/23 15:53:57
3538,385.59,16619.3,-429.521,2026/01/23 15:53:57
3539,385.7,17693.1,-593.26,2026/01/23 15:53:57
3540,385.8,21446.4,-434.963,2026/01/23 15:53:57
3541,385.91,21662.3,-373.712,2026/01/23 15:53:57
3542,386.02,21671.8,-367.442,2026/01/23 15:53:58
3543,386.13,21674.7,-374.193,2026/01/23 15:53:58
3544,386.24,21679,-367.825,2026/01/23 15:53:58
3545,386.35,21686.8,-383.207,2026/01/23 15:53:58
3546,386.46,21690,-370.737,2026/01/23 15:53:58
3547,386.57,21692.6,-377.8,2026/01/23 15:53:58
3548,386.68,21693.9,-369.467,2026/01/23 15:53:58
3549,386.79,21702.8,-375.807,2026/01/23 15:53:58
3550,386.9,19864.2,-100.469,2026/01/23 15:53:58
3551,387.01,17056.3,-416.579,2026/01/23 15:53:59
3552,387.12,16891.6,-429.347,2026/01/23 15:53:59
3553,387.23,16822.1,-441.52,2026/01/23 15:53:59
3554,387.33,16784.9,-428.159,2026/01/23 15:53:59
3555,387.44,16741.4,-438.352,2026/01/23 15:53:59
3556,387.55,16715.6,-425.099,2026/01/23 15:53:59
3557,387.66,16691.5,-434.651,2026/01/23 15:53:59
3558,387.77,16669.4,-423.636,2026/01/23 15:53:59
3559,387.88,16655.3,-435.134,2026/01/23 15:53:59
3560,387.99,16634.2,-430.039,2026/01/23 15:54:00
3561,388.1,16790.5,-458.809,2026/01/23 15:54:00
3562,388.21,20602.4,-524.237,2026/01/23 15:54:00
3563,388.32,21661,-368.696,2026/01/23 15:54:00
3564,388.43,21657.1,-377.225,2026/01/23 15:54:00
3565,388.54,21669.6,-371.619,2026/01/23 15:54:00
3566,388.65,21667.9,-373.015,2026/01/23 15:54:00
3567,388.75,21676.6,-383.87,2026/01/23 15:54:00
3568,388.86,21673.2,-366.36,2026/01/23 15:54:00
3569,388.97,21683.9,-377.364,2026/01/23 15:54:01
3570,389.08,21673.5,-370.54,2026/01/23 15:54:01
3571,389.19,21689.3,-373.958,2026/01/23 15:54:01
3572,389.3,21346.5,-254.277,2026/01/23 15:54:01
3573,389.41,17398.1,-339.735,2026/01/23 15:54:01
3574,389.52,16913.3,-435.795,2026/01/23 15:54:01
3575,389.63,16833.9,-442.85,2026/01/23 15:54:01
3576,389.74,16790.4,-423.744,2026/01/23 15:54:01
3577,389.84,16748.8,-434.026,2026/01/23 15:54:01
3578,389.95,16717.7,-429.691,2026/01/23 15:54:01
3579,390.06,16701.5,-432.023,2026/01/23 15:54:02
3580,390.17,16671.4,-427.17,2026/01/23 15:54:02
3581,390.28,16663.6,-433.304,2026/01/23 15:54:02
3582,390.39,16638,-428.247,2026/01/23 15:54:02
3583,390.5,16634.6,-432.709,2026/01/23 15:54:02
3584,390.61,18755.6,-608.734,2026/01/23 15:54:02
3585,390.72,21609.4,-388.064,2026/01/23 15:54:02
3586,390.82,21653.6,-364.796,2026/01/23 15:54:02
3587,390.93,21653.5,-380.077,2026/01/23 15:54:02
3588,391.04,21651.6,-361.523,2026/01/23 15:54:03
3589,391.15,21661,-381.405,2026/01/23 15:54:03
3590,391.26,21660.8,-366.272,2026/01/23 15:54:03
3591,391.37,21663.7,-379.313,2026/01/23 15:54:03
3592,391.48,21671.5,-368.794,2026/01/23 15:54:03
3593,391.59,21665.8,-385.079,2026/01/23 15:54:03
3594,391.7,21675.6,-361.905,2026/01/23 15:54:03
3595,391.81,18880,-121.354,2026/01/23 15:54:03
3596,391.92,16978.9,-423.165,2026/01/23 15:54:03
3597,392.02,16870.6,-442.758,2026/01/23 15:54:04
3598,392.13,16808.9,-427.179,2026/01/23 15:54:04
3599,392.24,16776.1,-429.164,2026/01/23 15:54:04
3600,392.35,16730.7,-434.207,2026/01/23 15:54:04
3601,392.46,16712.1,-427.2,2026/01/23 15:54:04
3602,392.57,16677.8,-437.431,2026/01/23 15:54:04
3603,392.68,16659.7,-432.824,2026/01/23 15:54:04
3604,392.79,16640.4,-429.662,2026/01/23 15:54:04
3605,392.9,16629.1,-431.097,2026/01/23 15:54:04
3606,393.01,16989.9,-505.45,2026/01/23 15:54:05
3607,393.11,21003.5,-491.202,2026/01/23 15:54:05
3608,393.22,21629,-360.217,2026/01/23 15:54:05
3609,393.33,21634.1,-375.021,2026/01/23 15:54:05
3610,393.44,21640.6,-368.324,2026/01/23 15:54:05
3611,393.55,21631.3,-381.725,2026/01/23 15:54:05
3612,393.66,21645.4,-363.106,2026/01/23 15:54:05
3613,393.77,21633.3,-386.771,2026/01/23 15:54:05
3614,393.88,21640.4,-363.044,2026/01/23 15:54:05
3615,393.99,21644.1,-375.907,2026/01/23 15:54:06
3616,394.1,21635.4,-372.078,2026/01/23 15:54:06
3617,394.2,20852.5,-194.689,2026/01/23 15:54:06
3618,394.31,17173.8,-383.693,2026/01/23 15:54:06
3619,394.42,16875.3,-432.67,2026/01/23 15:54:06
3620,394.53,16797,-441.554,2026/01/23 15:54:06
3621,394.64,16760.3,-431.93,2026/01/23 15:54:06
3622,394.75,16711,-434.095,2026/01/23 15:54:06
3623,394.86,16691.8,-430.637,2026/01/23 15:54:06
3624,394.97,16657.3,-433.214,2026/01/23 15:54:07
3625,395.08,16652.9,-430.328,2026/01/23 15:54:07
3626,395.18,16622.2,-429.952,2026/01/23 15:54:07
3627,395.29,16614.7,-428.156,2026/01/23 15:54:07
3628,395.4,16628.3,-437.273,2026/01/23 15:54:07
3629,395.51,19484.6,-582.017,2026/01/23 15:54:07
3630,395.62,21602.3,-370.379,2026/01/23 15:54:07
3631,395.73,21607.5,-375.163,2026/01/23 15:54:07
3632,395.84,21613.1,-371.764,2026/01/23 15:54:07
3633,395.95,21619.7,-368.963,2026/01/23 15:54:07
3634,396.06,21611.2,-373.24,2026/01/23 15:54:08
3635,396.17,21624.3,-367.642,2026/01/23 15:54:08
3636,396.28,21614.5,-384.521,2026/01/23 15:54:08
3637,396.38,21620.5,-365.327,2026/01/23 15:54:08
3638,396.49,21625.5,-383.851,2026/01/23 15:54:08
3639,396.6,21620.3,-347.296,2026/01/23 15:54:08
3640,396.71,18096.7,-198.344,2026/01/23 15:54:08
3641,396.82,16921.3,-430.016,2026/01/23 15:54:08
3642,396.93,16825.7,-432.451,2026/01/23 15:54:08
3643,397.04,16779.2,-430.99,2026/01/23 15:54:09
3644,397.15,16734.3,-438.521,2026/01/23 15:54:09
3645,397.26,16697.8,-430.388,2026/01/23 15:54:09
3646,397.36,16678.8,-433.163,2026/01/23 15:54:09
3647,397.47,16647.7,-426.375,2026/01/23 15:54:09
3648,397.58,16633.3,-430.721,2026/01/23 15:54:09
3649,397.69,16611.2,-425.78,2026/01/23 15:54:09
3650,397.8,16598.8,-429.202,2026/01/23 15:54:09
3651,397.91,17437.3,-571.896,2026/01/23 15:54:09
3652,398.02,21278.1,-453.828,2026/01/23 15:54:10
3653,398.13,21579.8,-362.929,2026/01/23 15:54:10
3654,398.24,21578.4,-379.13,2026/01/23 15:54:10
3655,398.34,21581,-358.764,2026/01/23 15:54:10
3656,398.45,21581.4,-383.021,2026/01/23 15:54:10
3657,398.56,21590.4,-366.643,2026/01/23 15:54:10
3658,398.67,21573.5,-383.389,2026/01/23 15:54:10
3659,398.78,21595.6,-365.287,2026/01/23 15:54:10
3660,398.89,21576.4,-385.637,2026/01/23 15:54:10
3661,399,21595,-366.416,2026/01/23 15:54:11
3662,399.11,20200.8,-152.112,2026/01/23 15:54:11
3663,399.22,17042.8,-399.537,2026/01/23 15:54:11
3664,399.33,16840.1,-440.592,2026/01/23 15:54:11
3665,399.44,16770.6,-430.387,2026/01/23 15:54:11
3666,399.54,16733.4,-431.878,2026/01/23 15:54:11
3667,399.65,16690,-434.75,2026/01/23 15:54:11
3668,399.76,16663.3,-431.573,2026/01/23 15:54:11
3669,399.87,16643.1,-429.784,2026/01/23 15:54:11
3670,399.98,16624,-432.014,2026/01/23 15:54:12
3671,400.09,16607,-424.431,2026/01/23 15:54:12
3672,400.2,16592.5,-434.663,2026/01/23 15:54:12
3673,400.31,16654.4,-436.29,2026/01/23 15:54:12
3674,400.42,20090.6,-559.28,2026/01/23 15:54:12
3675,400.52,21564.2,-362.382,2026/01/23 15:54:12
3676,400.63,21566.4,-378.508,2026/01/23 15:54:12
3677,400.74,21588.3,-366.994,2026/01/23 15:54:12
3678,400.85,21575.6,-380.792,2026/01/23 15:54:12
3679,400.96,21599.9,-364.306,2026/01/23 15:54:13
3680,401.07,21587.1,-381.666,2026/01/23 15:54:13
3681,401.18,21603.6,-369.074,2026/01/23 15:54:13
3682,401.29,21601.2,-382.146,2026/01/23 15:54:13
3683,401.4,21606.7,-372.335,2026/01/23 15:54:13
3684,401.51,21506.9,-321.608,2026/01/23 15:54:13
3685,401.61,17631.8,-280.186,2026/01/23 15:54:13
3686,401.72,16895.5,-432.864,2026/01/23 15:54:13
3687,401.83,16822,-439.025,2026/01/23 15:54:13
3688,401.94,16765.1,-427.115,2026/01/23 15:54:13
3689,402.05,16734.2,-431.875,2026/01/23 15:54:14
3690,402.16,16694.8,-434.427,2026/01/23 15:54:14
3691,402.27,16678.8,-427.814,2026/01/23 15:54:14
3692,402.38,16649.1,-432.502,2026/01/23 15:54:14
3693,402.48,16645.3,-423.949,2026/01/23 15:54:14
3694,402.59,16622.4,-427.213,2026/01/23 15:54:14
3695,402.7,16614.9,-430.807,2026/01/23 15:54:14
3696,402.81,18027.1,-616.875,2026/01/23 15:54:14
3697,402.92,21480.4,-411.554,2026/01/23 15:54:14
3698,403.03,21596.6,-367.042,2026/01/23 15:54:15
3699,403.14,21611.3,-380.535,2026/01/23 15:54:15
3700,403.25,21611.6,-364.161,2026/01/23 15:54:15
3701,403.36,21618.7,-379.223,2026/01/23 15:54:15
3702,403.46,21629.4,-366.835,2026/01/23 15:54:15
3703,403.57,21618.8,-384.504,2026/01/23 15:54:15
3704,403.68,21637.6,-370.697,2026/01/23 15:54:15
3705,403.79,21624.4,-378.974,2026/01/23 15:54:15
3706,403.9,21636.3,-368.699,2026/01/23 15:54:15
3707,404.01,19621.7,-113.992,2026/01/23 15:54:16
3708,404.12,17022.5,-412.217,2026/01/23 15:54:16
3709,404.23,16868,-439.825,2026/01/23 15:54:16
3710,404.34,16803,-430.902,2026/01/23 15:54:16
3711,404.45,16768.7,-432.183,2026/01/23 15:54:16
3712,404.55,16728.3,-437.394,2026/01/23 15:54:16
3713,404.66,16701.7,-427.464,2026/01/23 15:54:16
3714,404.77,16676,-432.094,2026/01/23 15:54:16
3715,404.88,16652.4,-427.919,2026/01/23 15:54:16
3716,404.99,16642.5,-428.495,2026/01/23 15:54:17
3717,405.1,16617.6,-431.198,2026/01/23 15:54:17
3718,405.21,16762.2,-452.958,2026/01/23 15:54:17
3719,405.32,20509.7,-528.704,2026/01/23 15:54:17
3720,405.42,21590.7,-377.458,2026/01/23 15:54:17
3721,405.53,21593.2,-376.345,2026/01/23 15:54:17
3722,405.64,21591.2,-376.565,2026/01/23 15:54:17
3723,405.75,21602.6,-365.023,2026/01/23 15:54:17
3724,405.86,21589.6,-383.159,2026/01/23 15:54:17
3725,405.97,21603.1,-369.498,2026/01/23 15:54:18
3726,406.08,21592.6,-383.109,2026/01/23 15:54:18
3727,406.19,21608.8,-363.47,2026/01/23 15:54:18
3728,406.3,21593.3,-382.515,2026/01/23 15:54:18
3729,406.4,21325.3,-273.69,2026/01/23 15:54:18
3730,406.51,17383,-330.716,2026/01/23 15:54:18
3731,406.62,16879.5,-438.303,2026/01/23 15:54:18
3732,406.73,16804.7,-430.488,2026/01/23 15:54:18
3733,406.84,16760.5,-434.709,2026/01/23 15:54:18
3734,406.95,16718.8,-428.987,2026/01/23 15:54:18
3735,407.06,16687.2,-434.678,2026/01/23 15:54:19
3736,407.17,16667.3,-423.909,2026/01/23 15:54:19
3737,407.28,16638.3,-436.159,2026/01/23 15:54:19
3738,407.38,16626.4,-423.41,2026/01/23 15:54:19
3739,407.49,16599.5,-430.544,2026/01/23 15:54:19
3740,407.6,16601.1,-430.627,2026/01/23 15:54:19
3741,407.71,18568.6,-609.764,2026/01/23 15:54:19
3742,407.82,21525,-390.245,2026/01/23 15:54:19
3743,407.93,21555.6,-369.032,2026/01/23 15:54:19
3744,408.04,21575.1,-379.556,2026/01/23 15:54:20
3745,408.15,21570.2,-370.938,2026/01/23 15:54:20
3746,408.26,21568.2,-384.944,2026/01/23 15:54:20
3747,408.37,21583.2,-364.319,2026/01/23 15:54:20
3748,408.47,21563,-380.138,2026/01/23 15:54:20
3749,408.58,21588,-374.044,2026/01/23 15:54:20
3750,408.69,21571,-378.088,2026/01/23 15:54:20
3751,408.8,21592.5,-372.648,2026/01/23 15:54:20
3752,408.91,19020.2,-111.495,2026/01/23 15:54:20
3753,409.02,16944.9,-426.074,2026/01/23 15:54:21
3754,409.13,16827.5,-430.854,2026/01/23 15:54:21
3755,409.24,16764.8,-436.781,2026/01/23 15:54:21
3756,409.34,16724.3,-423.199,2026/01/23 15:54:21
3757,409.46,16683.4,-436.231,2026/01/23 15:54:21
3758,409.56,16664.4,-426.292,2026/01/23 15:54:21
3759,409.67,16628.6,-433.564,2026/01/23 15:54:21
3760,409.78,16615.7,-428.493,2026/01/23 15:54:21
3761,409.89,16586.8,-432.597,2026/01/23 15:54:21
3762,410,16580.6,-425.655,2026/01/23 15:54:22
3763,410.11,16891.1,-492.101,2026/01/23 15:54:22
3764,410.22,20873.3,-481.95,2026/01/23 15:54:22
3765,410.33,21529.5,-366.547,2026/01/23 15:54:22
3766,410.44,21538.6,-375.048,2026/01/23 15:54:22
3767,410.55,21539.2,-372.51,2026/01/23 15:54:22
3768,410.66,21526.6,-386.134,2026/01/23 15:54:22
3769,410.76,21548.1,-372.759,2026/01/23 15:54:22
3770,410.87,21531.1,-377.568,2026/01/23 15:54:22
3771,410.98,21550.6,-372.44,2026/01/23 15:54:23
3772,411.09,21528.5,-376.242,2026/01/23 15:54:23
3773,411.2,21552.4,-381.849,2026/01/23 15:54:23
3774,411.31,20858.5,-207.701,2026/01/23 15:54:23
3775,411.42,17156.2,-380.876,2026/01/23 15:54:23
3776,411.53,16827.7,-430.866,2026/01/23 15:54:23
3777,411.64,16754.9,-438.154,2026/01/23 15:54:23
3778,411.74,16715.5,-427.956,2026/01/23 15:54:23
3779,411.85,16665.7,-432.71,2026/01/23 15:54:23
3780,411.96,16649.7,-433.141,2026/01/23 15:54:24
3781,412.07,16615,-428.734,2026/01/23 15:54:24
3782,412.18,16596.8,-433.887,2026/01/23 15:54:24
3783,412.29,16575.1,-425.384,2026/01/23 15:54:24
3784,412.4,16566.3,-435.501,2026/01/23 15:54:24
3785,412.51,16573.8,-425.302,2026/01/23 15:54:24
3786,412.62,19354.2,-592.513,2026/01/23 15:54:24
3787,412.73,21507.8,-357.568,2026/01/23 15:54:24
3788,412.84,21516,-375.579,2026/01/23 15:54:24
3789,412.94,21533.2,-367.742,2026/01/23 15:54:24
3790,413.05,21528.6,-378.549,2026/01/23 15:54:25
3791,413.16,21538,-380.549,2026/01/23 15:54:25
3792,413.27,21545.1,-372.161,2026/01/23 15:54:25
3793,413.38,21539,-383.248,2026/01/23 15:54:25
3794,413.49,21553.5,-371.024,2026/01/23 15:54:25
3795,413.6,21549.6,-383.649,2026/01/23 15:54:25
3796,413.71,21552.1,-352.202,2026/01/23 15:54:25
3797,413.82,18059.2,-199.589,2026/01/23 15:54:25
3798,413.93,16895.6,-432.941,2026/01/23 15:54:25
3799,414.04,16801.7,-436.958,2026/01/23 15:54:26
3800,414.14,16753.3,-436.286,2026/01/23 15:54:26
3801,414.25,16712.9,-435.044,2026/01/23 15:54:26
3802,414.36,16675.5,-429.899,2026/01/23 15:54:26
3803,414.47,16658.1,-432.318,2026/01/23 15:54:26
3804,414.58,16622.2,-427.743,2026/01/23 15:54:26
3805,414.69,16609.1,-434.234,2026/01/23 15:54:26
3806,414.8,16586.1,-425.353,2026/01/23 15:54:26
3807,414.91,16576.1,-432.675,2026/01/23 15:54:26
3808,415.02,17381.1,-568.13,2026/01/23 15:54:27
3809,415.13,21237,-445.021,2026/01/23 15:54:27
3810,415.23,21509.2,-377.563,2026/01/23 15:54:27
3811,415.34,21524.9,-371.12,2026/01/23 15:54:27
3812,415.45,21522.6,-381.922,2026/01/23 15:54:27
3813,415.56,21529.2,-369.427,2026/01/23 15:54:27
3814,415.67,21514.2,-378.801,2026/01/23 15:54:27
3815,415.78,21531.3,-375.991,2026/01/23 15:54:27
3816,415.89,21524.5,-382.337,2026/01/23 15:54:27
3817,416,21536.8,-378.696,2026/01/23 15:54:28
3818,416.11,21535.3,-373.295,2026/01/23 15:54:28
3819,416.22,20125.4,-155.379,2026/01/23 15:54:28
3820,416.33,17022.9,-402.9,2026/01/23 15:54:28
3821,416.44,16829.6,-443.99,2026/01/23 15:54:28
3822,416.54,16775.1,-431.797,2026/01/23 15:54:28
3823,416.65,16726.7,-432.887,2026/01/23 15:54:28
3824,416.76,16697.8,-435.336,2026/01/23 15:54:28
3825,416.87,16666.9,-432.671,2026/01/23 15:54:28
3826,416.98,16638.9,-433.913,2026/01/23 15:54:29
3827,417.09,16620.1,-430.421,2026/01/23 15:54:29
3828,417.2,16599.8,-436.288,2026/01/23 15:54:29
3829,417.31,16591.5,-432.064,2026/01/23 15:54:29
3830,417.42,16652.8,-449.345,2026/01/23 15:54:29
3831,417.53,20152.9,-545.88,2026/01/23 15:54:29
3832,417.63,21505.2,-373.219,2026/01/23 15:54:29
3833,417.74,21523.2,-372.41,2026/01/23 15:54:29
3834,417.85,21527.6,-379.069,2026/01/23 15:54:29
3835,417.96,21527.1,-367.72,2026/01/23 15:54:30
3836,418.07,21530.5,-383.236,2026/01/23 15:54:30
3837,418.18,21533.6,-371.888,2026/01/23 15:54:30
3838,418.29,21536.5,-387.897,2026/01/23 15:54:30
3839,418.4,21540.5,-366.948,2026/01/23 15:54:30
3840,418.51,21534.9,-388.274,2026/01/23 15:54:30
3841,418.62,21392.3,-304.453,2026/01/23 15:54:30
3842,418.73,17510.6,-297.669,2026/01/23 15:54:30
3843,418.83,16862.9,-445.176,2026/01/23 15:54:30
3844,418.94,16799.8,-431.842,2026/01/23 15:54:30
3845,419.05,16739.6,-434.089,2026/01/23 15:54:31
3846,419.16,16708.9,-434.349,2026/01/23 15:54:31
3847,419.27,16669.4,-424.656,2026/01/23 15:54:31
3848,419.38,16647.5,-439.087,2026/01/23 15:54:31
3849,419.49,16622.9,-423.488,2026/01/23 15:54:31
3850,419.6,16596.4,-439.505,2026/01/23 15:54:31
3851,419.7,16585.7,-427.283,2026/01/23 15:54:31
3852,419.81,16567.6,-433.49,2026/01/23 15:54:31
3853,419.92,18119.4,-628.047,2026/01/23 15:54:31
3854,420.03,21412.3,-404.887,2026/01/23 15:54:32
3855,420.14,21496.8,-371.729,2026/01/23 15:54:32
3856,420.25,21503.8,-384.551,2026/01/23 15:54:32
3857,420.36,21497.8,-372.764,2026/01/23 15:54:32
3858,420.47,21504.5,-384.016,2026/01/23 15:54:32
3859,420.58,21497.5,-367.236,2026/01/23 15:54:32
3860,420.68,21506.1,-382.504,2026/01/23 15:54:32
3861,420.79,21502.2,-377.018,2026/01/23 15:54:32
3862,420.9,21514.4,-367.429,2026/01/23 15:54:32
3863,421.01,21496.8,-390.847,2026/01/23 15:54:33
3864,421.12,19341.2,-105.699,2026/01/23 15:54:33
3865,421.23,16933.6,-422.761,2026/01/23 15:54:33
3866,421.34,16809.4,-436.51,2026/01/23 15:54:33
3867,421.45,16742,-428.897,2026/01/23 15:54:33
3868,421.56,16701.1,-433.09,2026/01/23 15:54:33
3869,421.67,16666.6,-427.613,2026/01/23 15:54:33
3870,421.77,16635.9,-438.87,2026/01/23 15:54:33
3871,421.88,16617,-426.896,2026/01/23 15:54:33
3872,421.99,16585.9,-436.711,2026/01/23 15:54:34
3873,422.1,16576,-430.333,2026/01/23 15:54:34
3874,422.21,16558.6,-427.771,2026/01/23 15:54:34
3875,422.32,16745.8,-467.489,2026/01/23 15:54:34
3876,422.43,20594.4,-515.789,2026/01/23 15:54:34
3877,422.54,21461.8,-363.258,2026/01/23 15:54:34
3878,422.65,21467.7,-387.938,2026/01/23 15:54:34
3879,422.76,21476,-371.953,2026/01/23 15:54:34
3880,422.86,21470.3,-383.593,2026/01/23 15:54:34
3881,422.98,21480.9,-371.636,2026/01/23 15:54:35
3882,423.08,21469.4,-378.448,2026/01/23 15:54:35
3883,423.19,21474.7,-385.053,2026/01/23 15:54:35
3884,423.3,21478.5,-364.548,2026/01/23 15:54:35
3885,423.41,21471.2,-390.307,2026/01/23 15:54:35
3886,423.52,20961.5,-222.146,2026/01/23 15:54:35
3887,423.63,17170,-373.468,2026/01/23 15:54:35
3888,423.74,16814.6,-437.565,2026/01/23 15:54:35
3889,423.85,16746.6,-434.689,2026/01/23 15:54:35
3890,423.96,16694.9,-433.778,2026/01/23 15:54:36
3891,424.07,16664.9,-434.009,2026/01/23 15:54:36
3892,424.18,16627.1,-429.861,2026/01/23 15:54:36
3893,424.28,16610.5,-433.892,2026/01/23 15:54:36
3894,424.39,16577.8,-427.277,2026/01/23 15:54:36
3895,424.5,16562.1,-434.846,2026/01/23 15:54:36
3896,424.61,16543.8,-433.339,2026/01/23 15:54:36
3897,424.72,16544.7,-432.827,2026/01/23 15:54:36
3898,424.83,18955,-606.468,2026/01/23 15:54:36
3899,424.94,21429.3,-371.876,2026/01/23 15:54:36
3900,425.05,21428.6,-377.072,2026/01/23 15:54:37
3901,425.16,21449.2,-378.166,2026/01/23 15:54:37
3902,425.27,21439.5,-371.829,2026/01/23 15:54:37
3903,425.38,21442.6,-387.007,2026/01/23 15:54:37
3904,425.48,21448.3,-373.513,2026/01/23 15:54:37
3905,425.59,21440.6,-381.82,2026/01/23 15:54:37
3906,425.7,21459.9,-379.267,2026/01/23 15:54:37
3907,425.81,21437.8,-380.999,2026/01/23 15:54:37
3908,425.92,21461.2,-377.446,2026/01/23 15:54:37
3909,426.03,18276.8,-157.661,2026/01/23 15:54:38
3910,426.14,16853.2,-431.73,2026/01/23 15:54:38
3911,426.25,16755.4,-440.919,2026/01/23 15:54:38
3912,426.36,16708.2,-432.351,2026/01/23 15:54:38
3913,426.47,16659.4,-436.388,2026/01/23 15:54:38
3914,426.57,16638.5,-434.834,2026/01/23 15:54:38
3915,426.68,16604.9,-428.811,2026/01/23 15:54:38
3916,426.79,16587.9,-432.362,2026/01/23 15:54:38
3917,426.9,16566.8,-425.781,2026/01/23 15:54:38
3918,427.01,16546.3,-434.329,2026/01/23 15:54:39
3919,427.12,16533.8,-427.585,2026/01/23 15:54:39
3920,427.23,17085.6,-540.37,2026/01/23 15:54:39
3921,427.34,21018.3,-464.666,2026/01/23 15:54:39
3922,427.45,21428,-374.944,2026/01/23 15:54:39
3923,427.56,21428.9,-369.931,2026/01/23 15:54:39
3924,427.66,21437.6,-382.217,2026/01/23 15:54:39
3925,427.77,21437.2,-371.507,2026/01/23 15:54:39
3926,427.88,21436.5,-381.183,2026/01/23 15:54:39
3927,427.99,21446.7,-370.691,2026/01/23 15:54:40
3928,428.1,21446.6,-376.556,2026/01/23 15:54:40
3929,428.21,21445.4,-383.26,2026/01/23 15:54:40
3930,428.32,21462.2,-368.879,2026/01/23 15:54:40
3931,428.43,20384,-175.069,2026/01/23 15:54:40
3932,428.54,17031.3,-402.675,2026/01/23 15:54:40
3933,428.65,16794.4,-431.938,2026/01/23 15:54:40
3934,428.75,16725.6,-438.704,2026/01/23 15:54:40
3935,428.86,16686.1,-435.038,2026/01/23 15:54:40
3936,428.97,16646.4,-428.751,2026/01/23 15:54:41
3937,429.08,16623.5,-433.606,2026/01/23 15:54:41
3938,429.19,16595.4,-429.168,2026/01/23 15:54:41
3939,429.3,16578.6,-435.165,2026/01/23 15:54:41
3940,429.41,16554.5,-430.702,2026/01/23 15:54:41
3941,429.52,16545.3,-425.574,2026/01/23 15:54:41
3942,429.63,16573.3,-447.317,2026/01/23 15:54:41
3943,429.74,19723.9,-567.339,2026/01/23 15:54:41
3944,429.84,21422.3,-367.497,2026/01/23 15:54:41
3945,429.95,21435.4,-380.904,2026/01/23 15:54:41
3946,430.06,21440.3,-371.144,2026/01/23 15:54:42
3947,430.17,21436.2,-380.194,2026/01/23 15:54:42
3948,430.28,21451.7,-383.507,2026/01/23 15:54:42
3949,430.39,21436.2,-378.979,2026/01/23 15:54:42
3950,430.5,21456.1,-385.308,2026/01/23 15:54:42
3951,430.61,21449.2,-384.514,2026/01/23 15:54:42
3952,430.72,21464.3,-379.04,2026/01/23 15:54:42
3953,430.83,21394.2,-356.118,2026/01/23 15:54:42
3954,430.93,17710,-248.422,2026/01/23 15:54:42
3955,431.04,16835.6,-440.73,2026/01/23 15:54:43
3956,431.15,16769.1,-439.435,2026/01/23 15:54:43
3957,431.26,16709.9,-426.717,2026/01/23 15:54:43
3958,431.37,16668,-436.175,2026/01/23 15:54:43
3959,431.48,16642.1,-430.697,2026/01/23 15:54:43
3960,431.59,16610.5,-435.293,2026/01/23 15:54:43
3961,431.7,16591,-436.819,2026/01/23 15:54:43
3962,431.8,16575.8,-435.717,2026/01/23 15:54:43
3963,431.91,16554.3,-427.334,2026/01/23 15:54:43
3964,432.02,16543.5,-438.323,2026/01/23 15:54:44
3965,432.13,17617.1,-586.682,2026/01/23 15:54:44
3966,432.24,21248.3,-436.424,2026/01/23 15:54:44
3967,432.35,21440.8,-370.236,2026/01/23 15:54:44
3968,432.46,21434,-377.108,2026/01/23 15:54:44
3969,432.57,21443,-384.892,2026/01/23 15:54:44
3970,432.68,21450.9,-370.515,2026/01/23 15:54:44
3971,432.78,21442.4,-382.874,2026/01/23 15:54:44
3972,432.89,21453.9,-385.292,2026/01/23 15:54:44
3973,433,21455.4,-374.311,2026/01/23 15:54:45
3974,433.11,21450.2,-382.746,2026/01/23 15:54:45
3975,433.22,21465.8,-378.651,2026/01/23 15:54:45
3976,433.33,19792.3,-123.003,2026/01/23 15:54:45
3977,433.44,16969,-417.059,2026/01/23 15:54:45
3978,433.55,16796.1,-436.595,2026/01/23 15:54:45
3979,433.66,16743,-437.083,2026/01/23 15:54:45
3980,433.77,16696.2,-435.599,2026/01/23 15:54:45
3981,433.87,16665.3,-428.47,2026/01/23 15:54:45
3982,433.98,16629.9,-439.416,2026/01/23 15:54:46
3983,434.09,16614.9,-427.751,2026/01/23 15:54:46
3984,434.2,16586.2,-431.644,2026/01/23 15:54:46
3985,434.31,16576.6,-434.956,2026/01/23 15:54:46
3986,434.42,16557.4,-425.196,2026/01/23 15:54:46
3987,434.53,16656.8,-452.273,2026/01/23 15:54:46
3988,434.64,20256.3,-528.87,2026/01/23 15:54:46
3989,434.75,21437.5,-384.188,2026/01/23 15:54:46
3990,434.86,21461.7,-375.124,2026/01/23 15:54:46
3991,434.96,21441.3,-372.692,2026/01/23 15:54:47
3992,435.07,21465.3,-381.154,2026/01/23 15:54:47
3993,435.18,21452.8,-381.244,2026/01/23 15:54:47
3994,435.29,21461.9,-369.927,2026/01/23 15:54:47
3995,435.4,21451.9,-390.765,2026/01/23 15:54:47
3996,435.51,21470.2,-382.211,2026/01/23 15:54:47
3997,435.62,21451.3,-381.45,2026/01/23 15:54:47
3998,435.73,21239.2,-290.866,2026/01/23 15:54:47
3999,435.84,17352.8,-329.069,2026/01/23 15:54:47
4000,435.95,16837.3,-449.508,2026/01/23 15:54:47
4001,436.06,16770.7,-436.583,2026/01/23 15:54:48
4002,436.16,16710.3,-436.661,2026/01/23 15:54:48
4003,436.27,16681.3,-429.53,2026/01/23 15:54:48
4004,436.38,16644.5,-432.156,2026/01/23 15:54:48
4005,436.49,16617.8,-430.995,2026/01/23 15:54:48
4006,436.6,16593.3,-433.412,2026/01/23 15:54:48
4007,436.71,16574.4,-428.447,2026/01/23 15:54:48
4008,436.82,16557,-435.408,2026/01/23 15:54:48
4009,436.93,16547.8,-430.286,2026/01/23 15:54:48
4010,437.04,18420.9,-618.509,2026/01/23 15:54:49
4011,437.15,21380.7,-393.796,2026/01/23 15:54:49
4012,437.25,21419.6,-375.114,2026/01/23 15:54:49
4013,437.36,21427.2,-393.21,2026/01/23 15:54:49
4014,437.47,21436.4,-370.798,2026/01/23 15:54:49
4015,437.58,21433.7,-391.366,2026/01/23 15:54:49
4016,437.69,21449.7,-373.977,2026/01/23 15:54:49
4017,437.8,21444.8,-381.142,2026/01/23 15:54:49
4018,437.91,21452.3,-379.782,2026/01/23 15:54:49
4019,438.02,21462.1,-388.307,2026/01/23 15:54:50
4020,438.13,21458.8,-377.185,2026/01/23 15:54:50
4021,438.24,18872,-129.732,2026/01/23 15:54:50
4022,438.35,16906.4,-428.692,2026/01/23 15:54:50
4023,438.46,16790.1,-443.608,2026/01/23 15:54:50
4024,438.56,16745.8,-436.854,2026/01/23 15:54:50
4025,438.67,16702.2,-434.958,2026/01/23 15:54:50
4026,438.78,16666.4,-439.876,2026/01/23 15:54:50
4027,438.89,16647.8,-428.487,2026/01/23 15:54:50
4028,439,16620.2,-434.741,2026/01/23 15:54:51
4029,439.11,16608.2,-431.873,2026/01/23 15:54:51
4030,439.22,16587.5,-427.078,2026/01/23 15:54:51
4031,439.33,16571.8,-430.055,2026/01/23 15:54:51
4032,439.44,16861.8,-490.426,2026/01/23 15:54:51
4033,439.54,20747.5,-489.646,2026/01/23 15:54:51
4034,439.65,21457.6,-380.448,2026/01/23 15:54:51
4035,439.76,21451.9,-384.524,2026/01/23 15:54:51
4036,439.87,21460,-376.638,2026/01/23 15:54:51
4037,439.98,21451,-388.842,2026/01/23 15:54:52
4038,440.09,21468.5,-368.604,2026/01/23 15:54:52
4039,440.2,21444.9,-385.653,2026/01/23 15:54:52
4040,440.31,21464.1,-388.957,2026/01/23 15:54:52
4041,440.42,21451.9,-379.708,2026/01/23 15:54:52
4042,440.52,21460.6,-387.655,2026/01/23 15:54:52
4043,440.63,20844.4,-217.658,2026/01/23 15:54:52
4044,440.74,17142.4,-388.069,2026/01/23 15:54:52
4045,440.85,16826.2,-437.418,2026/01/23 15:54:52
4046,440.96,16750.2,-439.49,2026/01/23 15:54:53
4047,441.07,16717.8,-435.913,2026/01/23 15:54:53
4048,441.18,16669.5,-429.883,2026/01/23 15:54:53
4049,441.29,16644.2,-437.877,2026/01/23 15:54:53
4050,441.4,16615.4,-440.534,2026/01/23 15:54:53
4051,441.51,16603,-427.268,2026/01/23 15:54:53
4052,441.62,16575.8,-434.372,2026/01/23 15:54:53
4053,441.73,16563.6,-429.563,2026/01/23 15:54:53
4054,441.83,16562.3,-437.718,2026/01/23 15:54:53
4055,441.94,19255.2,-591.514,2026/01/23 15:54:53
4056,442.05,21413.8,-367.022,2026/01/23 15:54:54
4057,442.16,21419.3,-391.216,2026/01/23 15:54:54
4058,442.27,21432.7,-368.78,2026/01/23 15:54:54
4059,442.38,21412.5,-383.965,2026/01/23 15:54:54
4060,442.49,21418.3,-385.957,2026/01/23 15:54:54
4061,442.6,21419.8,-377.838,2026/01/23 15:54:54
4062,442.71,21421.5,-377.639,2026/01/23 15:54:54
4063,442.82,21425.2,-392.437,2026/01/23 15:54:54
4064,442.93,21418.4,-374.537,2026/01/23 15:54:54
4065,443.03,21404.5,-375.864,2026/01/23 15:54:55
4066,443.14,17994.2,-196.157,2026/01/23 15:54:55
4067,443.25,16830.2,-443.01,2026/01/23 15:54:55
4068,443.36,16750.9,-438.956,2026/01/23 15:54:55
4069,443.47,16697.5,-432.656,2026/01/23 15:54:55
4070,443.58,16648.3,-439.597,2026/01/23 15:54:55
4071,443.69,16623.6,-430.478,2026/01/23 15:54:55
4072,443.8,16588.2,-433.706,2026/01/23 15:54:55
4073,443.91,16572.1,-437.447,2026/01/23 15:54:55
4074,444.01,16550.6,-430.556,2026/01/23 15:54:56
4075,444.12,16532.4,-430.524,2026/01/23 15:54:56
4076,444.23,16526.4,-430.962,2026/01/23 15:54:56
4077,444.34,17137.6,-557.103,2026/01/23 15:54:56
4078,444.45,21023.7,-454.573,2026/01/23 15:54:56
4079,444.56,21380.9,-382.249,2026/01/23 15:54:56
4080,444.67,21382.9,-371.505,2026/01/23 15:54:56
4081,444.77,21376.1,-389.495,2026/01/23 15:54:56
4082,444.88,21384,-376.483,2026/01/23 15:54:56
4083,444.99,21372.8,-387.829,2026/01/23 15:54:57
4084,445.1,21387.6,-381.297,2026/01/23 15:54:57
4085,445.21,21382.7,-375.497,2026/01/23 15:54:57
4086,445.32,21382.6,-392.322,2026/01/23 15:54:57
4087,445.43,21391.5,-370.759,2026/01/23 15:54:57
4088,445.54,20253.6,-176.26,2026/01/23 15:54:57
4089,445.64,16977.5,-405.952,2026/01/23 15:54:57
4090,445.75,16755.1,-440.271,2026/01/23 15:54:57
4091,445.86,16689,-439.116,2026/01/23 15:54:57
4092,445.97,16652.7,-435.144,2026/01/23 15:54:58
4093,446.08,16605.7,-432.165,2026/01/23 15:54:58
4094,446.19,16582.9,-432.291,2026/01/23 15:54:58
4095,446.3,16552.6,-427.53,2026/01/23 15:54:58
4096,446.41,16534.3,-432.502,2026/01/23 15:54:58
4097,446.52,16510.3,-436.919,2026/01/23 15:54:58
4098,446.63,16498.4,-423.63,2026/01/23 15:54:58
4099,446.73,16520.9,-444.936,2026/01/23 15:54:58
4100,446.84,19624.9,-568.007,2026/01/23 15:54:58
4101,446.95,21331.6,-375.435,2026/01/23 15:54:58
4102,447.06,21349,-378.11,2026/01/23 15:54:59
4103,447.17,21337.2,-368.659,2026/01/23 15:54:59
4104,447.28,21340.7,-385.911,2026/01/23 15:54:59
4105,447.39,21345.8,-367.316,2026/01/23 15:54:59
4106,447.5,21328.2,-385.727,2026/01/23 15:54:59
4107,447.61,21350.7,-376.647,2026/01/23 15:54:59
4108,447.72,21336.4,-378.07,2026/01/23 15:54:59
4109,447.82,21335,-381.008,2026/01/23 15:54:59
4110,447.93,21274.5,-348.42,2026/01/23 15:54:59
4111,448.04,17569.4,-260.645,2026/01/23 15:55:00
4112,448.15,16759.7,-445.348,2026/01/23 15:55:00
4113,448.26,16688.5,-434.195,2026/01/23 15:55:00
4114,448.37,16631.2,-441.827,2026/01/23 15:55:00
4115,448.48,16596.9,-434.939,2026/01/23 15:55:00
4116,448.59,16558.5,-431.762,2026/01/23 15:55:00
4117,448.7,16536.6,-434.835,2026/01/23 15:55:00
4118,448.81,16513.5,-428.129,2026/01/23 15:55:00
4119,448.92,16493.8,-438.31,2026/01/23 15:55:00
4120,449.02,16485.4,-424.122,2026/01/23 15:55:01
4121,449.13,16460.8,-430.765,2026/01/23 15:55:01
4122,449.24,17713.9,-612.002,2026/01/23 15:55:01
4123,449.35,21184.6,-411.912,2026/01/23 15:55:01
4124,449.46,21317.4,-376.642,2026/01/23 15:55:01
4125,449.57,21327.2,-384.937,2026/01/23 15:55:01
4126,449.68,21325.3,-377.278,2026/01/23 15:55:01
4127,449.79,21337.8,-386.018,2026/01/23 15:55:01
4128,449.9,21333.6,-376.009,2026/01/23 15:55:01
4129,450.01,21343.1,-392.172,2026/01/23 15:55:02
4130,450.12,21340.7,-382.049,2026/01/23 15:55:02
4131,450.23,21349.2,-378.194,2026/01/23 15:55:02
4132,450.33,21345.8,-393.114,2026/01/23 15:55:02
4133,450.44,19396.3,-105.288,2026/01/23 15:55:02
4134,450.55,16867.5,-425.862,2026/01/23 15:55:02
4135,450.66,16739.4,-440.122,2026/01/23 15:55:02
4136,450.77,16675.4,-432.057,2026/01/23 15:55:02
4137,450.88,16636.9,-438.3,2026/01/23 15:55:02
4138,450.99,16604.5,-431.909,2026/01/23 15:55:03
4139,451.1,16571.9,-437.406,2026/01/23 15:55:03
4140,451.21,16557.3,-432.774,2026/01/23 15:55:03
4141,451.32,16530.5,-437.728,2026/01/23 15:55:03
4142,451.43,16527.7,-430.759,2026/01/23 15:55:03
4143,451.53,16507.8,-428.954,2026/01/23 15:55:03
4144,451.64,16640.9,-452.855,2026/01/23 15:55:03
4145,451.75,20346.2,-523.562,2026/01/23 15:55:03
4146,451.86,21357,-366.17,2026/01/23 15:55:03
4147,451.97,21363,-384.638,2026/01/23 15:55:04
4148,452.08,21373.4,-376.995,2026/01/23 15:55:04
4149,452.18,21369.6,-379.634,2026/01/23 15:55:04
4150,452.29,21371.3,-390.874,2026/01/23 15:55:04
4151,452.4,21380.3,-374.229,2026/01/23 15:55:04
4152,452.51,21372.3,-391.162,2026/01/23 15:55:04
4153,452.62,21391.3,-384.724,2026/01/23 15:55:04
4154,452.73,21377.8,-381.21,2026/01/23 15:55:04
4155,452.84,21097,-284.698,2026/01/23 15:55:04
4156,452.95,17243,-344.462,2026/01/23 15:55:04
4157,453.06,16785.9,-440.765,2026/01/23 15:55:05
4158,453.17,16721.9,-433.365,2026/01/23 15:55:05
4159,453.27,16663.3,-439.239,2026/01/23 15:55:05
4160,453.38,16638.6,-436.403,2026/01/23 15:55:05
4161,453.49,16601.4,-435.057,2026/01/23 15:55:05
4162,453.6,16581.4,-435.226,2026/01/23 15:55:05
4163,453.71,16554.1,-437.25,2026/01/23 15:55:05
4164,453.82,16539.3,-428.474,2026/01/23 15:55:05
4165,453.93,16523.4,-434.238,2026/01/23 15:55:05
4166,454.04,16514.7,-434.089,2026/01/23 15:55:06
4167,454.15,18448.2,-617.341,2026/01/23 15:55:06
4168,454.26,21319.1,-388.158,2026/01/23 15:55:06
4169,454.36,21357.3,-376.425,2026/01/23 15:55:06
4170,454.47,21361.6,-384.03,2026/01/23 15:55:06
4171,454.58,21377.7,-371.693,2026/01/23 15:55:06
4172,454.69,21360.7,-379.397,2026/01/23 15:55:06
4173,454.8,21375.5,-387.959,2026/01/23 15:55:06
4174,454.91,21371.7,-379.125,2026/01/23 15:55:06
4175,455.02,21386,-386.553,2026/01/23 15:55:07
4176,455.13,21381.5,-380.03,2026/01/23 15:55:07
4177,455.23,21380.2,-392.502,2026/01/23 15:55:07
4178,455.34,18779.7,-121.477,2026/01/23 15:55:07
4179,455.45,16859.9,-435.335,2026/01/23 15:55:07
4180,455.56,16761,-434.228,2026/01/23 15:55:07
4181,455.67,16701.7,-436.351,2026/01/23 15:55:07
4182,455.78,16659.3,-435.635,2026/01/23 15:55:07
4183,455.89,16630.2,-439.433,2026/01/23 15:55:07
4184,456,16599.6,-430.768,2026/01/23 15:55:08
4185,456.11,16580.7,-439.267,2026/01/23 15:55:08
4186,456.22,16560.7,-428.604,2026/01/23 15:55:08
4187,456.33,16539.3,-437.606,2026/01/23 15:55:08
4188,456.44,16528,-428.722,2026/01/23 15:55:08
4189,456.54,16809.8,-494.354,2026/01/23 15:55:08
4190,456.65,20697,-488.17,2026/01/23 15:55:08
4191,456.76,21365.2,-365.477,2026/01/23 15:55:08
4192,456.87,21349.3,-384.444,2026/01/23 15:55:08
4193,456.98,21364.5,-376.129,2026/01/23 15:55:09
4194,457.09,21347.8,-377.746,2026/01/23 15:55:09
4195,457.2,21359.3,-385.175,2026/01/23 15:55:09
4196,457.31,21351.1,-377.805,2026/01/23 15:55:09
4197,457.41,21354.4,-390.254,2026/01/23 15:55:09
4198,457.52,21356.1,-380.382,2026/01/23 15:55:09
4199,457.63,21356.8,-393.127,2026/01/23 15:55:09
4200,457.74,20735.8,-222.93,2026/01/23 15:55:09
4201,457.85,17074.1,-381.428,2026/01/23 15:55:09
4202,457.96,16771.2,-440.685,2026/01/23 15:55:10
4203,458.07,16711.5,-436.618,2026/01/23 15:55:10
4204,458.18,16654.5,-435.848,2026/01/23 15:55:10
4205,458.29,16628.9,-438.444,2026/01/23 15:55:10
4206,458.4,16593.6,-433.554,2026/01/23 15:55:10
4207,458.5,16577.4,-437.545,2026/01/23 15:55:10
4208,458.61,16552.1,-425.448,2026/01/23 15:55:10
4209,458.72,16539.1,-431.632,2026/01/23 15:55:10
4210,458.83,16519.4,-434.958,2026/01/23 15:55:10
4211,458.94,16527.3,-430.585,2026/01/23 15:55:10
4212,459.05,19066.4,-591.521,2026/01/23 15:55:11
4213,459.16,21336.8,-373.625,2026/01/23 15:55:11
4214,459.27,21335.9,-380.424,2026/01/23 15:55:11
4215,459.37,21350.6,-379.925,2026/01/23 15:55:11
4216,459.48,21337.6,-377.306,2026/01/23 15:55:11
4217,459.59,21343.6,-385.258,2026/01/23 15:55:11
4218,459.7,21343.5,-376.509,2026/01/23 15:55:11
4219,459.81,21340.2,-392.695,2026/01/23 15:55:11
4220,459.92,21352.9,-373.491,2026/01/23 15:55:11
4221,460.03,21343.3,-382.52,2026/01/23 15:55:12
4222,460.14,21345.8,-379.758,2026/01/23 15:55:12
4223,460.25,18021.1,-185.953,2026/01/23 15:55:12
4224,460.36,16804.9,-438.923,2026/01/23 15:55:12
4225,460.47,16726.5,-440.915,2026/01/23 15:55:12
4226,460.58,16665.2,-437.309,2026/01/23 15:55:12
4227,460.68,16638.3,-433.692,2026/01/23 15:55:12
4228,460.79,16597.5,-432.693,2026/01/23 15:55:12
4229,460.9,16585.4,-439.252,2026/01/23 15:55:12
4230,461.01,16554,-428.026,2026/01/23 15:55:13
4231,461.12,16538.1,-430.217,2026/01/23 15:55:13
4232,461.23,16525.2,-436.179,2026/01/23 15:55:13
4233,461.34,16514,-428.825,2026/01/23 15:55:13
4234,461.45,17132.1,-559.028,2026/01/23 15:55:13
4235,461.56,20988.7,-448.893,2026/01/23 15:55:13
4236,461.66,21333.7,-378.655,2026/01/23 15:55:13
4237,461.77,21342.1,-376.122,2026/01/23 15:55:13
4238,461.88,21332.7,-385.999,2026/01/23 15:55:13
4239,461.99,21332.7,-389.595,2026/01/23 15:55:14
4240,462.1,21341,-374.357,2026/01/23 15:55:14
4241,462.21,21329,-397.574,2026/01/23 15:55:14
4242,462.32,21350.7,-377.855,2026/01/23 15:55:14
4243,462.43,21341.6,-380.659,2026/01/23 15:55:14
4244,462.54,21352.8,-393.944,2026/01/23 15:55:14
4245,462.64,20176.6,-170.078,2026/01/23 15:55:14
4246,462.75,16965.6,-408.635,2026/01/23 15:55:14
4247,462.86,16770.1,-441.114,2026/01/23 15:55:14
4248,462.97,16701.3,-440.365,2026/01/23 15:55:15
4249,463.08,16670,-434.924,2026/01/23 15:55:15
4250,463.19,16626.6,-434.285,2026/01/23 15:55:15
4251,463.3,16605,-432.04,2026/01/23 15:55:15
4252,463.41,16580.1,-433.965,2026/01/23 15:55:15
4253,463.52,16565.4,-428.121,2026/01/23 15:55:15
4254,463.63,16548,-437.849,2026/01/23 15:55:15
4255,463.74,16539.9,-428.505,2026/01/23 15:55:15
4256,463.84,16568.6,-441.784,2026/01/23 15:55:15
4257,463.95,19784.9,-553.522,2026/01/23 15:55:15
4258,464.06,21345.4,-380.052,2026/01/23 15:55:16
4259,464.17,21367,-384.119,2026/01/23 15:55:16
4260,464.28,21359.1,-368.361,2026/01/23 15:55:16
4261,464.39,21355.6,-390.826,2026/01/23 15:55:16
4262,464.5,21366.6,-377.839,2026/01/23 15:55:16
4263,464.61,21354.5,-383.366,2026/01/23 15:55:16
4264,464.71,21372.1,-392.95,2026/01/23 15:55:16
4265,464.82,21374.4,-374.576,2026/01/23 15:55:16
4266,464.93,21372.2,-396.86,2026/01/23 15:55:16
4267,465.04,21309.8,-338.343,2026/01/23 15:55:17
4268,465.15,17569.5,-281.067,2026/01/23 15:55:17
4269,465.26,16828,-439.195,2026/01/23 15:55:17
4270,465.37,16744,-438.45,2026/01/23 15:55:17
4271,465.48,16705.1,-437.113,2026/01/23 15:55:17
4272,465.59,16660.2,-435.367,2026/01/23 15:55:17
4273,465.7,16637,-428.991,2026/01/23 15:55:17
4274,465.8,16610.4,-435.51,2026/01/23 15:55:17
4275,465.91,16594.5,-427.348,2026/01/23 15:55:17
4276,466.02,16569.7,-433.309,2026/01/23 15:55:18
4277,466.13,16564,-428.988,2026/01/23 15:55:18
4278,466.24,16545.3,-430.542,2026/01/23 15:55:18
4279,466.35,17771,-613.956,2026/01/23 15:55:18
4280,466.46,21244.4,-410.108,2026/01/23 15:55:18
4281,466.57,21380.2,-384.298,2026/01/23 15:55:18
4282,466.68,21392.1,-376.3,2026/01/23 15:55:18
4283,466.79,21387.9,-382.085,2026/01/23 15:55:18
4284,466.9,21393.8,-385.094,2026/01/23 15:55:18
4285,467,21398.1,-382.599,2026/01/23 15:55:19
4286,467.11,21389.8,-380.085,2026/01/23 15:55:19
4287,467.22,21404.5,-392.439,2026/01/23 15:55:19
4288,467.33,21403.5,-380.312,2026/01/23 15:55:19
4289,467.44,21410.4,-394.318,2026/01/23 15:55:19
4290,467.55,19558,-119.411,2026/01/23 15:55:19
4291,467.66,16946.2,-423.454,2026/01/23 15:55:19
4292,467.77,16800.3,-443.749,2026/01/23 15:55:19
4293,467.88,16751.1,-432.222,2026/01/23 15:55:19
4294,467.99,16700.5,-442.601,2026/01/23 15:55:20
4295,468.09,16675.1,-433.758,2026/01/23 15:55:20
4296,468.2,16641,-435.293,2026/01/23 15:55:20
4297,468.31,16626.2,-437.411,2026/01/23 15:55:20
4298,468.42,16603.7,-430.637,2026/01/23 15:55:20
4299,468.53,16581,-433.821,2026/01/23 15:55:20
4300,468.64,16576.9,-429.012,2026/01/23 15:55:20
4301,468.75,16681.3,-450.841,2026/01/23 15:55:20
4302,468.86,20356.8,-523.133,2026/01/23 15:55:20
4303,468.97,21391.6,-379.788,2026/01/23 15:55:21
4304,469.07,21402.6,-373.973,2026/01/23 15:55:21
4305,469.18,21394.1,-388.376,2026/01/23 15:55:21
4306,469.29,21403.9,-373.82,2026/01/23 15:55:21
4307,469.4,21391.2,-388.249,2026/01/23 15:55:21
4308,469.51,21399.7,-385.178,2026/01/23 15:55:21
4309,469.62,21389.3,-383.396,2026/01/23 15:55:21
4310,469.73,21397.3,-394.62,2026/01/23 15:55:21
4311,469.84,21400.1,-381.457,2026/01/23 15:55:21
4312,469.95,21120.1,-296.261,2026/01/23 15:55:21
4313,470.05,17294.3,-344.653,2026/01/23 15:55:22
4314,470.16,16820.8,-440.174,2026/01/23 15:55:22
4315,470.27,16752.2,-439.565,2026/01/23 15:55:22
4316,470.38,16712.6,-438.358,2026/01/23 15:55:22
4317,470.49,16665.8,-430.151,2026/01/23 15:55:22
4318,470.6,16639.4,-437.391,2026/01/23 15:55:22
4319,470.71,16612.5,-428.687,2026/01/23 15:55:22
4320,470.82,16590.3,-435.69,2026/01/23 15:55:22
4321,470.93,16572.6,-435.08,2026/01/23 15:55:22
4322,471.04,16557.9,-428.628,2026/01/23 15:55:23
4323,471.14,16536.1,-437.029,2026/01/23 15:55:23
4324,471.25,18452.5,-606.147,2026/01/23 15:55:23
4325,471.36,21312.1,-386.687,2026/01/23 15:55:23
4326,471.47,21368,-385.761,2026/01/23 15:55:23
4327,471.58,21369.1,-378.804,2026/01/23 15:55:23
4328,471.69,21357.7,-381.75,2026/01/23 15:55:23
4329,471.8,21370.4,-386.248,2026/01/23 15:55:23
4330,471.91,21355.9,-378.088,2026/01/23 15:55:23
4331,472.02,21364.2,-391.761,2026/01/23 15:55:24
4332,472.12,21357.9,-383.554,2026/01/23 15:55:24
4333,472.23,21363.6,-385.488,2026/01/23 15:55:24
4334,472.34,21354.8,-388.709,2026/01/23 15:55:24
4335,472.45,18724.3,-128.155,2026/01/23 15:55:24
4336,472.56,16844.3,-432.134,2026/01/23 15:55:24
4337,472.67,16746.3,-444.149,2026/01/23 15:55:24
4338,472.78,16687.7,-436.098,2026/01/23 15:55:24
4339,472.89,16649.3,-439.082,2026/01/23 15:55:24
4340,473,16624.6,-431.272,2026/01/23 15:55:25
4341,473.1,16584.6,-435.894,2026/01/23 15:55:25
4342,473.21,16576.6,-432.051,2026/01/23 15:55:25
4343,473.32,16551.3,-434.077,2026/01/23 15:55:25
4344,473.43,16531.6,-427.706,2026/01/23 15:55:25
4345,473.54,16516.3,-436.022,2026/01/23 15:55:25
4346,473.65,16762,-474.918,2026/01/23 15:55:25
4347,473.76,20612.8,-499.271,2026/01/23 15:55:25
4348,473.87,21335.5,-379.117,2026/01/23 15:55:25
4349,473.98,21324.4,-374.751,2026/01/23 15:55:26
4350,474.08,21327.4,-389.465,2026/01/23 15:55:26
4351,474.19,21333.2,-380.531,2026/01/23 15:55:26
4352,474.3,21321.6,-382.939,2026/01/23 15:55:26
4353,474.41,21326.2,-388.276,2026/01/23 15:55:26
4354,474.52,21332.8,-389.784,2026/01/23 15:55:26
4355,474.63,21321.8,-380.858,2026/01/23 15:55:26
4356,474.73,21341,-392.942,2026/01/23 15:55:26
4357,474.84,20821.8,-232.014,2026/01/23 15:55:26
4358,474.95,17111.4,-377.693,2026/01/23 15:55:26
4359,475.06,16764.7,-442.358,2026/01/23 15:55:27
4360,475.17,16702,-432.665,2026/01/23 15:55:27
4361,475.28,16652.2,-444.986,2026/01/23 15:55:27
4362,475.39,16628.4,-431.809,2026/01/23 15:55:27
4363,475.5,16591.1,-435.232,2026/01/23 15:55:27
4364,475.61,16573.3,-435.372,2026/01/23 15:55:27
4365,475.72,16555.2,-428.075,2026/01/23 15:55:27
4366,475.82,16528.9,-429.968,2026/01/23 15:55:27
4367,475.93,16522.7,-430.052,2026/01/23 15:55:27
4368,476.04,16510.6,-433.789,2026/01/23 15:55:28
4369,476.15,18917.7,-595.286,2026/01/23 15:55:28
4370,476.26,21307.2,-378.302,2026/01/23 15:55:28
4371,476.37,21326.8,-375.48,2026/01/23 15:55:28
4372,476.48,21320,-389.449,2026/01/23 15:55:28
4373,476.59,21331.9,-376.107,2026/01/23 15:55:28
4374,476.7,21321.7,-388.952,2026/01/23 15:55:28
4375,476.81,21343.5,-383.104,2026/01/23 15:55:28
4376,476.91,21325.7,-380.558,2026/01/23 15:55:28
4377,477.02,21339.3,-393.107,2026/01/23 15:55:29
4378,477.13,21343.6,-374.008,2026/01/23 15:55:29
4379,477.24,21333,-389.714,2026/01/23 15:55:29
4380,477.35,18252.2,-161.614,2026/01/23 15:55:29
4381,477.46,16823.8,-437.837,2026/01/23 15:55:29
4382,477.57,16735.7,-438.606,2026/01/23 15:55:29
4383,477.68,16688.3,-437.798,2026/01/23 15:55:29
4384,477.79,16649.3,-433.706,2026/01/23 15:55:29
4385,477.89,16615.7,-439.733,2026/01/23 15:55:29
4386,478,16592.9,-427.409,2026/01/23 15:55:30
4387,478.11,16564.6,-435.562,2026/01/23 15:55:30
4388,478.22,16557.1,-431.672,2026/01/23 15:55:30
4389,478.33,16537.3,-429.385,2026/01/23 15:55:30
4390,478.44,16521,-436.971,2026/01/23 15:55:30
4391,478.55,17028.7,-531.686,2026/01/23 15:55:30
4392,478.66,20902.6,-465.205,2026/01/23 15:55:30
4393,478.77,21342.9,-379.657,2026/01/23 15:55:30
4394,478.88,21341,-377.033,2026/01/23 15:55:30
4395,478.98,21331,-382.028,2026/01/23 15:55:31
4396,479.09,21349.7,-383.282,2026/01/23 15:55:31
4397,479.2,21336.1,-377.827,2026/01/23 15:55:31
4398,479.31,21345.2,-385.932,2026/01/23 15:55:31
4399,479.42,21339.6,-380.583,2026/01/23 15:55:31
4400,479.53,21349.5,-385.331,2026/01/23 15:55:31
4401,479.64,21344.4,-391.732,2026/01/23 15:55:31
4402,479.75,20370.2,-175.194,2026/01/23 15:55:31
4403,479.86,16992.1,-403.29,2026/01/23 15:55:31
4404,479.96,16774.1,-441.135,2026/01/23 15:55:32
4405,480.07,16709.7,-434.018,2026/01/23 15:55:32
4406,480.18,16670.5,-440.773,2026/01/23 15:55:32
4407,480.29,16633.7,-431.055,2026/01/23 15:55:32
4408,480.4,16598.7,-436.87,2026/01/23 15:55:32
4409,480.51,16585.1,-430.894,2026/01/23 15:55:32
4410,480.62,16557.2,-431.657,2026/01/23 15:55:32
4411,480.73,16542.3,-432.176,2026/01/23 15:55:32
4412,480.84,16521.5,-430.615,2026/01/23 15:55:32
4413,480.95,16547.6,-436.957,2026/01/23 15:55:32
4414,481.05,19536.5,-580.046,2026/01/23 15:55:33
4415,481.16,21327.8,-364.489,2026/01/23 15:55:33
4416,481.27,21321.3,-381.785,2026/01/23 15:55:33
4417,481.38,21334.1,-377.061,2026/01/23 15:55:33
4418,481.49,21318.1,-378.57,2026/01/23 15:55:33
4419,481.6,21335.8,-387.206,2026/01/23 15:55:33
4420,481.71,21331.9,-370.138,2026/01/23 15:55:33
4421,481.82,21323.4,-386.774,2026/01/23 15:55:33
4422,481.93,21339.8,-381.708,2026/01/23 15:55:33
4423,482.04,21329.9,-378.587,2026/01/23 15:55:34
4424,482.14,21294.2,-356.257,2026/01/23 15:55:34
4425,482.25,17655.6,-258.563,2026/01/23 15:55:34
4426,482.36,16790.6,-441.002,2026/01/23 15:55:34
4427,482.47,16719.8,-442.817,2026/01/23 15:55:34
4428,482.58,16668.6,-436.166,2026/01/23 15:55:34
4429,482.69,16631.3,-437.293,2026/01/23 15:55:34
4430,482.8,16597,-434.267,2026/01/23 15:55:34
4431,482.91,16572.7,-426.809,2026/01/23 15:55:34
4432,483.02,16546.3,-439.309,2026/01/23 15:55:35
4433,483.12,16535.7,-424.762,2026/01/23 15:55:35
4434,483.23,16508.7,-431.589,2026/01/23 15:55:35
4435,483.34,16497.5,-436.693,2026/01/23 15:55:35
4436,483.45,17483.9,-578.065,2026/01/23 15:55:35
4437,483.56,21093.3,-430.333,2026/01/23 15:55:35
4438,483.67,21305.7,-372.944,2026/01/23 15:55:35
4439,483.78,21287.7,-383.562,2026/01/23 15:55:35
4440,483.89,21301.4,-379.986,2026/01/23 15:55:35
4441,484,21285,-382.601,2026/01/23 15:55:36
4442,484.11,21299.6,-387.355,2026/01/23 15:55:36
4443,484.21,21285.1,-390.311,2026/01/23 15:55:36
4444,484.32,21293.4,-378.296,2026/01/23 15:55:36
4445,484.43,21284.5,-393.482,2026/01/23 15:55:36
4446,484.54,21299.5,-380.843,2026/01/23 15:55:36
4447,484.65,19639.9,-136.604,2026/01/23 15:55:36
4448,484.76,16875.4,-420.219,2026/01/23 15:55:36
4449,484.87,16709.3,-439.75,2026/01/23 15:55:36
4450,484.98,16655,-444.205,2026/01/23 15:55:37
4451,485.09,16618.6,-428.138,2026/01/23 15:55:37
4452,485.2,16572.6,-438.19,2026/01/23 15:55:37
4453,485.3,16555.1,-427.399,2026/01/23 15:55:37
4454,485.42,16526.6,-434.377,2026/01/23 15:55:37
4455,485.52,16505.1,-432.7,2026/01/23 15:55:37
4456,485.63,16493.3,-437.178,2026/01/23 15:55:37
4457,485.74,16472.6,-429.965,2026/01/23 15:55:37
4458,485.85,16556.9,-448.748,2026/01/23 15:55:37
4459,485.96,20054.6,-525.59,2026/01/23 15:55:38
4460,486.07,21261.7,-379.874,2026/01/23 15:55:38
4461,486.18,21274,-377.433,2026/01/23 15:55:38
4462,486.29,21259.7,-374.317,2026/01/23 15:55:38
4463,486.39,21261.1,-395.425,2026/01/23 15:55:38
4464,486.5,21271.8,-377.685,2026/01/23 15:55:38
4465,486.61,21255.4,-390.528,2026/01/23 15:55:38
4466,486.72,21264.1,-390.64,2026/01/23 15:55:38
4467,486.83,21262.3,-379.616,2026/01/23 15:55:38
4468,486.94,21258.2,-392.032,2026/01/23 15:55:38
4469,487.05,21073.5,-301.453,2026/01/23 15:55:39
4470,487.16,17243.3,-329.964,2026/01/23 15:55:39
4471,487.27,16724.8,-442.509,2026/01/23 15:55:39
4472,487.37,16647.9,-438.526,2026/01/23 15:55:39
4473,487.48,16607.4,-437.804,2026/01/23 15:55:39
4474,487.59,16566.3,-439.413,2026/01/23 15:55:39
4475,487.7,16537.7,-429.396,2026/01/23 15:55:39
4476,487.81,16508.9,-437.146,2026/01/23 15:55:39
4477,487.92,16495.6,-431.817,2026/01/23 15:55:39
4478,488.03,16465,-431.544,2026/01/23 15:55:40
4479,488.14,16456.4,-431.763,2026/01/23 15:55:40
4480,488.25,16440.3,-431.563,2026/01/23 15:55:40
4481,488.36,18075.7,-615.763,2026/01/23 15:55:40
4482,488.46,21166.9,-392.435,2026/01/23 15:55:40
4483,488.57,21220.9,-379.756,2026/01/23 15:55:40
4484,488.68,21236.8,-378.668,2026/01/23 15:55:40
4485,488.79,21225.7,-385.944,2026/01/23 15:55:40
4486,488.9,21224.8,-377.664,2026/01/23 15:55:40
4487,489.01,21220.4,-392.892,2026/01/23 15:55:41
4488,489.12,21225.8,-374.868,2026/01/23 15:55:41
4489,489.23,21222,-390.647,2026/01/23 15:55:41
4490,489.34,21233.4,-386.85,2026/01/23 15:55:41
4491,489.45,21215.6,-386.064,2026/01/23 15:55:41
4492,489.55,18813.4,-129.067,2026/01/23 15:55:41
4493,489.66,16764,-426.542,2026/01/23 15:55:41
4494,489.77,16652.7,-446.092,2026/01/23 15:55:41
4495,489.88,16606,-434.48,2026/01/23 15:55:41
4496,489.99,16564,-433.428,2026/01/23 15:55:42
4497,490.1,16534.7,-434.38,2026/01/23 15:55:42
4498,490.21,16513.4,-433.159,2026/01/23 15:55:42
4499,490.32,16487.8,-431.089,2026/01/23 15:55:42
4500,490.42,16473.9,-434.543,2026/01/23 15:55:42
4501,490.53,16453,-427.694,2026/01/23 15:55:42
4502,490.64,16444.1,-435.954,2026/01/23 15:55:42
4503,490.75,16654.5,-470.455,2026/01/23 15:55:42
4504,490.86,20454.6,-491.033,2026/01/23 15:55:42
4505,490.97,21226.9,-379.28,2026/01/23 15:55:43
4506,491.08,21242.6,-371.544,2026/01/23 15:55:43
4507,491.19,21229.6,-387.795,2026/01/23 15:55:43
4508,491.3,21241.1,-391.966,2026/01/23 15:55:43
4509,491.41,21237.6,-381.078,2026/01/23 15:55:43
4510,491.52,21243.5,-391.204,2026/01/23 15:55:43
4511,491.62,21256.4,-386.672,2026/01/23 15:55:43
4512,491.73,21240.6,-386.933,2026/01/23 15:55:43
4513,491.84,21263.6,-387.998,2026/01/23 15:55:43
4514,491.95,20748,-236.182,2026/01/23 15:55:43
4515,492.06,17055.7,-377.843,2026/01/23 15:55:44
4516,492.17,16708.4,-445.808,2026/01/23 15:55:44
4517,492.28,16652,-437.39,2026/01/23 15:55:44
4518,492.39,16600.8,-438.047,2026/01/23 15:55:44
4519,492.49,16575.6,-427.456,2026/01/23 15:55:44
4520,492.61,16538.3,-431.31,2026/01/23 15:55:44
4521,492.71,16520.2,-433.782,2026/01/23 15:55:44
4522,492.82,16494.2,-428.587,2026/01/23 15:55:44
4523,492.93,16470.9,-435.72,2026/01/23 15:55:44
4524,493.04,16463.3,-428.812,2026/01/23 15:55:45
4525,493.15,16450.1,-440.235,2026/01/23 15:55:45
4526,493.26,18822.5,-598.671,2026/01/23 15:55:45
4527,493.37,21222.8,-380.799,2026/01/23 15:55:45
4528,493.48,21232.3,-377.349,2026/01/23 15:55:45
4529,493.59,21239.2,-390.915,2026/01/23 15:55:45
4530,493.7,21232.2,-377.468,2026/01/23 15:55:45
4531,493.8,21229.7,-389.816,2026/01/23 15:55:45
4532,493.91,21232.2,-380.624,2026/01/23 15:55:45
4533,494.02,21222.3,-393.758,2026/01/23 15:55:46
4534,494.13,21239.5,-386.965,2026/01/23 15:55:46
4535,494.24,21232.3,-377.247,2026/01/23 15:55:46
4536,494.35,21226.6,-393.198,2026/01/23 15:55:46
4537,494.46,18041.3,-172.579,2026/01/23 15:55:46
4538,494.57,16728.5,-440.766,2026/01/23 15:55:46
4539,494.68,16651.7,-434.456,2026/01/23 15:55:46
4540,494.79,16592.8,-437.261,2026/01/23 15:55:46
4541,494.9,16552.9,-436.744,2026/01/23 15:55:46
4542,495,16529.6,-432.695,2026/01/23 15:55:47
4543,495.11,16495.6,-432.01,2026/01/23 15:55:47
4544,495.22,16479.1,-435.096,2026/01/23 15:55:47
4545,495.33,16455.2,-432.396,2026/01/23 15:55:47
4546,495.44,16442.8,-431.69,2026/01/23 15:55:47
4547,495.55,16423.2,-425.738,2026/01/23 15:55:47
4548,495.66,16990.1,-547.663,2026/01/23 15:55:47
4549,495.77,20811.4,-465.047,2026/01/23 15:55:47
4550,495.88,21210.6,-368.994,2026/01/23 15:55:47
4551,495.99,21190.8,-382.775,2026/01/23 15:55:48
4552,496.09,21207.7,-380.013,2026/01/23 15:55:48
4553,496.2,21193.1,-383.833,2026/01/23 15:55:48
4554,496.31,21199.1,-393.545,2026/01/23 15:55:48
4555,496.42,21195.1,-375.37,2026/01/23 15:55:48
4556,496.53,21186.8,-391.871,2026/01/23 15:55:48
4557,496.64,21201,-385.561,2026/01/23 15:55:48
4558,496.75,21184.8,-392.679,2026/01/23 15:55:48
4559,496.86,20126.2,-182.199,2026/01/23 15:55:48
4560,496.97,16852.5,-401.783,2026/01/23 15:55:49
4561,497.08,16639,-437.378,2026/01/23 15:55:49
4562,497.18,16578.1,-442.987,2026/01/23 15:55:49
4563,497.29,16535.1,-432.069,2026/01/23 15:55:49
4564,497.4,16497.9,-438.937,2026/01/23 15:55:49
4565,497.51,16476.9,-428.376,2026/01/23 15:55:49
4566,497.62,16445.9,-432.833,2026/01/23 15:55:49
4567,497.73,16430,-431.99,2026/01/23 15:55:49
4568,497.84,16413.3,-431.703,2026/01/23 15:55:49
4569,497.95,16397.7,-436.765,2026/01/23 15:55:49
4570,498.06,16430.4,-432.671,2026/01/23 15:55:50
4571,498.17,19524.5,-560.936,2026/01/23 15:55:50
4572,498.27,21166.6,-383.88,2026/01/23 15:55:50
4573,498.38,21166.3,-369.858,2026/01/23 15:55:50
4574,498.49,21154.2,-381.699,2026/01/23 15:55:50
4575,498.6,21164.7,-384.371,2026/01/23 15:55:50
4576,498.71,21152.8,-381.966,2026/01/23 15:55:50
4577,498.82,21165,-380.725,2026/01/23 15:55:50
4578,498.93,21148.4,-379.659,2026/01/23 15:55:50
4579,499.04,21163.2,-389.288,2026/01/23 15:55:51
4580,499.15,21152.5,-388.349,2026/01/23 15:55:51
4581,499.26,21089.7,-338.362,2026/01/23 15:55:51
4582,499.36,17404.9,-289.005,2026/01/23 15:55:51
4583,499.47,16651.4,-436.138,2026/01/23 15:55:51
4584,499.58,16576.8,-443.438,2026/01/23 15:55:51
4585,499.69,16535,-439.414,2026/01/23 15:55:51
4586,499.8,16488.5,-437.567,2026/01/23 15:55:51
4587,499.91,16463,-433.372,2026/01/23 15:55:51
4588,500.02,16434.8,-432.441,2026/01/23 15:55:52
4589,500.13,16415.6,-438.272,2026/01/23 15:55:52
4590,500.24,16401.2,-428.641,2026/01/23 15:55:52
4591,500.35,16377.4,-434.187,2026/01/23 15:55:52
4592,500.45,16372,-430.677,2026/01/23 15:55:52
4593,500.56,17537.6,-604.451,2026/01/23 15:55:52
4594,500.67,21011.8,-415.626,2026/01/23 15:55:52
4595,500.78,21147.8,-383.241,2026/01/23 15:55:52
4596,500.89,21142.3,-375.692,2026/01/23 15:55:52
4597,501,21142.5,-390.178,2026/01/23 15:55:53
4598,501.11,21143.5,-373.143,2026/01/23 15:55:53
4599,501.22,21139.1,-389.954,2026/01/23 15:55:53
4600,501.33,21148.9,-382.509,2026/01/23 15:55:53
4601,501.44,21148.9,-381.982,2026/01/23 15:55:53
4602,501.55,21145.1,-392.786,2026/01/23 15:55:53
4603,501.65,21157.7,-371.862,2026/01/23 15:55:53
4604,501.76,19298.9,-126.898,2026/01/23 15:55:53
4605,501.87,16739.7,-423.268,2026/01/23 15:55:53
4606,501.98,16591.8,-436.79,2026/01/23 15:55:54
4607,502.09,16536.4,-442.149,2026/01/23 15:55:54
4608,502.2,16498.3,-430.596,2026/01/23 15:55:54
4609,502.31,16457.7,-436.78,2026/01/23 15:55:54
4610,502.42,16443.2,-433.344,2026/01/23 15:55:54
4611,502.53,16409.9,-431.388,2026/01/23 15:55:54
4612,502.64,16403.3,-435.829,2026/01/23 15:55:54
4613,502.74,16383.6,-433.474,2026/01/23 15:55:54
4614,502.85,16367.5,-426.593,2026/01/23 15:55:54
4615,502.96,16478.8,-453.073,2026/01/23 15:55:55
4616,503.07,20074.5,-511.684,2026/01/23 15:55:55
4617,503.18,21130.9,-385.121,2026/01/23 15:55:55
4618,503.29,21144.9,-382.758,2026/01/23 15:55:55
4619,503.4,21134.5,-386.323,2026/01/23 15:55:55
4620,503.51,21136.9,-388.517,2026/01/23 15:55:55
4621,503.61,21132.4,-375.082,2026/01/23 15:55:55
4622,503.72,21128.8,-393.499,2026/01/23 15:55:55
4623,503.83,21146.9,-387.091,2026/01/23 15:55:55
4624,503.94,21141.5,-382.967,2026/01/23 15:55:55
4625,504.05,21138.2,-389.368,2026/01/23 15:55:56
4626,504.16,20908.8,-289.381,2026/01/23 15:55:56
4627,504.27,17105.2,-341.101,2026/01/23 15:55:56
4628,504.37,16622.6,-441.864,2026/01/23 15:55:56
4629,504.48,16548,-435.409,2026/01/23 15:55:56
4630,504.59,16501.7,-437.391,2026/01/23 15:55:56
4631,504.7,16466.5,-432.374,2026/01/23 15:55:56
4632,504.81,16442.3,-431.727,2026/01/23 15:55:56
4633,504.92,16411.9,-436.166,2026/01/23 15:55:56
4634,505.03,16396,-430.738,2026/01/23 15:55:57
4635,505.14,16367.3,-430.479,2026/01/23 15:55:57
4636,505.25,16363.5,-433.031,2026/01/23 15:55:57
4637,505.36,16343.3,-431.604,2026/01/23 15:55:57
4638,505.47,18192.6,-609.569,2026/01/23 15:55:57
4639,505.58,21076.6,-381.683,2026/01/23 15:55:57
4640,505.68,21111.8,-392.655,2026/01/23 15:55:57
4641,505.79,21124.3,-381.45,2026/01/23 15:55:57
4642,505.9,21101.4,-387.071,2026/01/23 15:55:57
4643,506.01,21114.1,-385.854,2026/01/23 15:55:58
4644,506.12,21114.8,-387.744,2026/01/23 15:55:58
4645,506.23,21111.6,-384.928,2026/01/23 15:55:58
4646,506.34,21110.8,-388.077,2026/01/23 15:55:58
4647,506.45,21108.3,-377.812,2026/01/23 15:55:58
4648,506.56,21106.9,-392.778,2026/01/23 15:55:58
4649,506.67,18485.3,-132.783,2026/01/23 15:55:58
4650,506.78,16642.2,-434.767,2026/01/23 15:55:58
4651,506.88,16543,-436.685,2026/01/23 15:55:58
4652,506.99,16482.9,-436.512,2026/01/23 15:55:59
4653,507.1,16438.1,-439.622,2026/01/23 15:55:59
4654,507.21,16413,-428.938,2026/01/23 15:55:59
4655,507.32,16376.4,-436.629,2026/01/23 15:55:59
4656,507.43,16358.1,-430.587,2026/01/23 15:55:59
4657,507.54,16334.9,-431.735,2026/01/23 15:55:59
4658,507.65,16319.4,-436.403,2026/01/23 15:55:59
4659,507.76,16302.1,-430.331,2026/01/23 15:55:59
4660,507.87,16625,-502.313,2026/01/23 15:55:59
4661,507.98,20504.1,-476.059,2026/01/23 15:56:00
4662,508.09,21056.4,-368.195,2026/01/23 15:56:00
4663,508.2,21063.7,-385.983,2026/01/23 15:56:00
4664,508.3,21053.9,-379.656,2026/01/23 15:56:00
4665,508.41,21055.3,-392.248,2026/01/23 15:56:00
4666,508.52,21048.8,-381.767,2026/01/23 15:56:00
4667,508.63,21056.9,-387.948,2026/01/23 15:56:00
4668,508.74,21055.6,-390.628,2026/01/23 15:56:00
4669,508.85,21057.7,-374.979,2026/01/23 15:56:00
4670,508.96,21040.9,-389.391,2026/01/23 15:56:01
4671,509.07,20285.7,-212.454,2026/01/23 15:56:01
4672,509.18,16797.9,-390.526,2026/01/23 15:56:01
4673,509.29,16525.5,-448.13,2026/01/23 15:56:01
4674,509.39,16461.6,-434.421,2026/01/23 15:56:01
4675,509.5,16412.5,-440.419,2026/01/23 15:56:01
4676,509.61,16388.5,-432.2,2026/01/23 15:56:01
4677,509.72,16347.8,-429.565,2026/01/23 15:56:01
4678,509.83,16336.2,-432.393,2026/01/23 15:56:01
4679,509.94,16306.1,-429.067,2026/01/23 15:56:01
4680,510.05,16291.7,-427.996,2026/01/23 15:56:02
4681,510.16,16273.2,-434.63,2026/01/23 15:56:02
4682,510.27,16284.6,-431.056,2026/01/23 15:56:02
4683,510.38,19017.5,-583.952,2026/01/23 15:56:02
4684,510.48,21013.3,-371.582,2026/01/23 15:56:02
4685,510.59,21012.9,-382.034,2026/01/23 15:56:02
4686,510.7,21019.8,-385.215,2026/01/23 15:56:02
4687,510.81,21014.2,-371.221,2026/01/23 15:56:02
4688,510.92,21005,-391.219,2026/01/23 15:56:02
4689,511.03,21028.4,-390.295,2026/01/23 15:56:03
4690,511.14,21014.5,-380.407,2026/01/23 15:56:03
4691,511.25,21024.2,-392.087,2026/01/23 15:56:03
4692,511.35,21026.7,-377.682,2026/01/23 15:56:03
4693,511.46,21010.1,-384.274,2026/01/23 15:56:03
4694,511.57,17732.3,-201.674,2026/01/23 15:56:03
4695,511.68,16554.1,-443.475,2026/01/23 15:56:03
4696,511.79,16478.9,-439.224,2026/01/23 15:56:03
4697,511.9,16425.5,-437.481,2026/01/23 15:56:03
4698,512.01,16388.4,-436.549,2026/01/23 15:56:04
4699,512.11,16358.6,-436.551,2026/01/23 15:56:04
4700,512.22,16333.4,-427.982,2026/01/23 15:56:04
4701,512.33,16312.4,-439.183,2026/01/23 15:56:04
4702,512.44,16297.8,-429.499,2026/01/23 15:56:04
4703,512.55,16277.6,-431.477,2026/01/23 15:56:04
4704,512.66,16266.9,-431.465,2026/01/23 15:56:04
4705,512.77,16965.1,-560.383,2026/01/23 15:56:04
4706,512.88,20703.8,-448.352,2026/01/23 15:56:04
4707,512.99,21019.1,-365.921,2026/01/23 15:56:05
4708,513.1,21002.2,-378.085,2026/01/23 15:56:05
4709,513.21,21021.1,-386.944,2026/01/23 15:56:05
4710,513.31,21004.5,-379.351,2026/01/23 15:56:05
4711,513.42,21004.5,-391.794,2026/01/23 15:56:05
4712,513.53,21007.8,-380.845,2026/01/23 15:56:05
4713,513.64,21001.9,-389.323,2026/01/23 15:56:05
4714,513.75,21012.4,-377.304,2026/01/23 15:56:05
4715,513.86,21001.4,-384.099,2026/01/23 15:56:05
4716,513.97,19802.1,-170.845,2026/01/23 15:56:06
4717,514.08,16689.6,-407.103,2026/01/23 15:56:06
4718,514.19,16489,-435.062,2026/01/23 15:56:06
4719,514.3,16431.1,-437.953,2026/01/23 15:56:06
4720,514.4,16381.5,-433.005,2026/01/23 15:56:06
4721,514.51,16351.4,-439.038,2026/01/23 15:56:06
4722,514.62,16323.3,-427.589,2026/01/23 15:56:06
4723,514.73,16294.6,-437.449,2026/01/23 15:56:06
4724,514.84,16280.1,-431.475,2026/01/23 15:56:06
4725,514.95,16266,-429.354,2026/01/23 15:56:06
4726,515.06,16243.1,-435.869,2026/01/23 15:56:07
4727,515.17,16297.1,-432.195,2026/01/23 15:56:07
4728,515.28,19437.8,-546.188,2026/01/23 15:56:07
4729,515.38,20979,-377.438,2026/01/23 15:56:07
4730,515.49,20978.3,-372.847,2026/01/23 15:56:07
4731,515.6,20979.8,-389.719,2026/01/23 15:56:07
4732,515.71,20976.7,-375.928,2026/01/23 15:56:07
4733,515.82,20975.2,-392.409,2026/01/23 15:56:07
4734,515.93,20980.5,-379.519,2026/01/23 15:56:07
4735,516.04,20964.7,-394.503,2026/01/23 15:56:08
4736,516.15,20984.2,-384.408,2026/01/23 15:56:08
4737,516.26,20972,-391.127,2026/01/23 15:56:08
4738,516.37,20877.7,-335.678,2026/01/23 15:56:08
4739,516.48,17184.6,-300.799,2026/01/23 15:56:08
4740,516.58,16508,-435.228,2026/01/23 15:56:08
4741,516.69,16441.5,-443.077,2026/01/23 15:56:08
4742,516.8,16393,-429.6,2026/01/23 15:56:08
4743,516.91,16361.8,-440.717,2026/01/23 15:56:08
4744,517.02,16331.3,-426.854,2026/01/23 15:56:09
4745,517.13,16305.1,-435.258,2026/01/23 15:56:09
4746,517.24,16290.9,-429.442,2026/01/23 15:56:09
4747,517.35,16275.2,-430.244,2026/01/23 15:56:09
4748,517.46,16256.8,-435.76,2026/01/23 15:56:09
4749,517.57,16250,-424.995,2026/01/23 15:56:09
4750,517.68,17595,-616.542,2026/01/23 15:56:09
4751,517.78,20891.4,-407.584,2026/01/23 15:56:09
4752,517.89,20982.8,-378.765,2026/01/23 15:56:09
4753,518,21001,-379.957,2026/01/23 15:56:10
4754,518.11,20990.7,-380.944,2026/01/23 15:56:10
4755,518.22,20998.7,-386.433,2026/01/23 15:56:10
4756,518.33,21001.5,-369.939,2026/01/23 15:56:10
4757,518.44,20997.1,-396.664,2026/01/23 15:56:10
4758,518.55,21014.9,-382.048,2026/01/23 15:56:10
4759,518.66,20991.9,-391.74,2026/01/23 15:56:10
4760,518.77,21008,-388.156,2026/01/23 15:56:10
4761,518.87,18957.4,-127.049,2026/01/23 15:56:10
4762,518.98,16624.1,-425.991,2026/01/23 15:56:11
4763,519.09,16499.6,-440.45,2026/01/23 15:56:11
4764,519.2,16437.5,-436.585,2026/01/23 15:56:11
4765,519.31,16400.6,-437.676,2026/01/23 15:56:11
4766,519.42,16361.1,-433.566,2026/01/23 15:56:11
4767,519.53,16347.1,-440,2026/01/23 15:56:11
4768,519.64,16317.2,-430.796,2026/01/23 15:56:11
4769,519.75,16302.4,-430.885,2026/01/23 15:56:11
4770,519.85,16279.5,-435.583,2026/01/23 15:56:11
4771,519.96,16275.1,-422.664,2026/01/23 15:56:12
4772,520.07,16409.2,-462.182,2026/01/23 15:56:12
4773,520.18,20057.3,-503.656,2026/01/23 15:56:12
4774,520.29,20993.6,-377.114,2026/01/23 15:56:12
4775,520.4,21002.9,-378.923,2026/01/23 15:56:12
4776,520.51,20994.1,-380.079,2026/01/23 15:56:12
4777,520.62,20999.4,-384.782,2026/01/23 15:56:12
4778,520.73,20999.4,-377.753,2026/01/23 15:56:12
4779,520.84,20988.1,-398.448,2026/01/23 15:56:12
4780,520.94,21009,-378.482,2026/01/23 15:56:12
4781,521.05,20992.7,-389.708,2026/01/23 15:56:13
4782,521.16,21006.6,-386.067,2026/01/23 15:56:13
4783,521.27,20641.2,-261.974,2026/01/23 15:56:13
4784,521.38,16924.9,-365.294,2026/01/23 15:56:13
4785,521.49,16515.7,-437.284,2026/01/23 15:56:13
4786,521.6,16454.2,-441.29,2026/01/23 15:56:13
4787,521.71,16409.4,-433.183,2026/01/23 15:56:13
4788,521.82,16367.2,-443.907,2026/01/23 15:56:13
4789,521.93,16350,-434.129,2026/01/23 15:56:13
4790,522.03,16321.1,-431.024,2026/01/23 15:56:14
4791,522.14,16301.3,-434.498,2026/01/23 15:56:14
4792,522.25,16286.1,-432.882,2026/01/23 15:56:14
4793,522.36,16268.8,-432.357,2026/01/23 15:56:14
4794,522.47,16263.7,-429.95,2026/01/23 15:56:14
4795,522.58,18329.7,-601.628,2026/01/23 15:56:14
4796,522.69,20971,-387.902,2026/01/23 15:56:14
4797,522.8,20980.3,-373.23,2026/01/23 15:56:14
4798,522.91,20997.3,-385.188,2026/01/23 15:56:14
4799,523.01,20986,-380.3,2026/01/23 15:56:15
4800,523.12,20994.6,-384.705,2026/01/23 15:56:15
4801,523.23,20991.9,-389.047,2026/01/23 15:56:15
4802,523.34,20994.7,-379.34,2026/01/23 15:56:15
4803,523.45,20997.1,-394.272,2026/01/23 15:56:15
4804,523.56,20994.8,-380.63,2026/01/23 15:56:15
4805,523.67,21003.7,-388.787,2026/01/23 15:56:15
4806,523.78,18274.7,-148.234,2026/01/23 15:56:15
4807,523.89,16583,-436.5,2026/01/23 15:56:15
4808,524,16481.9,-441.792,2026/01/23 15:56:16
4809,524.11,16431.6,-437.751,2026/01/23 15:56:16
4810,524.21,16394.3,-440.305,2026/01/23 15:56:16
4811,524.33,16366.8,-433.804,2026/01/23 15:56:16
4812,524.43,16331.9,-440.186,2026/01/23 15:56:16
4813,524.54,16324.7,-424.468,2026/01/23 15:56:16
4814,524.65,16295.3,-436.126,2026/01/23 15:56:16
4815,524.76,16287.8,-423.377,2026/01/23 15:56:16
4816,524.87,16264.6,-434.12,2026/01/23 15:56:16
4817,524.98,16658.3,-509.204,2026/01/23 15:56:17
4818,525.09,20477.7,-477.793,2026/01/23 15:56:17
4819,525.2,20987.8,-380.396,2026/01/23 15:56:17
4820,525.3,20991.7,-374.513,2026/01/23 15:56:17
4821,525.41,20978.9,-393.425,2026/01/23 15:56:17
4822,525.52,20995.4,-373.942,2026/01/23 15:56:17
4823,525.63,20974,-387.29,2026/01/23 15:56:17
4824,525.74,20995.6,-383.579,2026/01/23 15:56:17
4825,525.85,20978.5,-386.437,2026/01/23 15:56:17
4826,525.96,20994,-389.239,2026/01/23 15:56:18
4827,526.07,20980.5,-384.057,2026/01/23 15:56:18
4828,526.18,20136.1,-200.879,2026/01/23 15:56:18
4829,526.29,16750.1,-392.295,2026/01/23 15:56:18
4830,526.4,16499.3,-440.171,2026/01/23 15:56:18
4831,526.51,16441.7,-430.749,2026/01/23 15:56:18
4832,526.61,16394.4,-443.248,2026/01/23 15:56:18
4833,526.72,16369.3,-429.171,2026/01/23 15:56:18
4834,526.83,16332,-432.076,2026/01/23 15:56:18
4835,526.94,16318.8,-435.176,2026/01/23 15:56:18
4836,527.05,16289.4,-433.362,2026/01/23 15:56:19
4837,527.16,16283,-431.1,2026/01/23 15:56:19
4838,527.27,16259.5,-429.922,2026/01/23 15:56:19
4839,527.38,16279.8,-433.783,2026/01/23 15:56:19
4840,527.49,19124.6,-568.494,2026/01/23 15:56:19
4841,527.6,20961.8,-384.698,2026/01/23 15:56:19
4842,527.71,20967.9,-376.432,2026/01/23 15:56:19
4843,527.81,20955,-386.904,2026/01/23 15:56:19
4844,527.92,20967.3,-370.145,2026/01/23 15:56:19
4845,528.03,20950.6,-390.625,2026/01/23 15:56:20
4846,528.14,20961.7,-381.176,2026/01/23 15:56:20
4847,528.25,20949.8,-392.364,2026/01/23 15:56:20
4848,528.36,20963.6,-382.48,2026/01/23 15:56:20
4849,528.47,20949.8,-387.394,2026/01/23 15:56:20
4850,528.58,20915.5,-351.537,2026/01/23 15:56:20
4851,528.69,17350.3,-258.904,2026/01/23 15:56:20
4852,528.8,16510.3,-440.229,2026/01/23 15:56:20
4853,528.91,16431.7,-439.909,2026/01/23 15:56:20
4854,529.01,16378.6,-439.467,2026/01/23 15:56:21
4855,529.12,16351.4,-429.431,2026/01/23 15:56:21
4856,529.23,16312.5,-441.153,2026/01/23 15:56:21
4857,529.34,16299.1,-424.701,2026/01/23 15:56:21
4858,529.45,16273.7,-435.34,2026/01/23 15:56:21
4859,529.56,16258.1,-424.843,2026/01/23 15:56:21
4860,529.67,16237.1,-431.905,2026/01/23 15:56:21
4861,529.78,16228.2,-429.648,2026/01/23 15:56:21
4862,529.89,17220.9,-586.992,2026/01/23 15:56:21
4863,530,20747.4,-423.017,2026/01/23 15:56:22
4864,530.1,20941.5,-374.072,2026/01/23 15:56:22
4865,530.21,20934.2,-382.794,2026/01/23 15:56:22
4866,530.32,20938.3,-376.936,2026/01/23 15:56:22
4867,530.43,20932.1,-389.001,2026/01/23 15:56:22
4868,530.54,20933.4,-375.297,2026/01/23 15:56:22
4869,530.65,20935.8,-386.123,2026/01/23 15:56:22
4870,530.76,20932.1,-374.93,2026/01/23 15:56:22
4871,530.87,20945.8,-388.726,2026/01/23 15:56:22
4872,530.98,20931.5,-385.871,2026/01/23 15:56:23
4873,531.09,19250.5,-135.935,2026/01/23 15:56:23
4874,531.2,16606.3,-419.269,2026/01/23 15:56:23
4875,531.3,16452.9,-438.885,2026/01/23 15:56:23
4876,531.41,16397.7,-441.122,2026/01/23 15:56:23
4877,531.52,16355.5,-433.921,2026/01/23 15:56:23
4878,531.63,16328.3,-434.505,2026/01/23 15:56:23
4879,531.74,16295.1,-428.411,2026/01/23 15:56:23
4880,531.85,16281.5,-431.942,2026/01/23 15:56:23
4881,531.96,16252.7,-432.291,2026/01/23 15:56:24
4882,532.07,16250,-430.723,2026/01/23 15:56:24
4883,532.18,16220.5,-432.021,2026/01/23 15:56:24
4884,532.28,16318.5,-441.938,2026/01/23 15:56:24
4885,532.39,19775.4,-518.835,2026/01/23 15:56:24
4886,532.5,20913.2,-377.994,2026/01/23 15:56:24
4887,532.61,20914.1,-377.005,2026/01/23 15:56:24
4888,532.72,20907.4,-386.183,2026/01/23 15:56:24
4889,532.83,20909.1,-379.892,2026/01/23 15:56:24
4890,532.94,20905.2,-388.542,2026/01/23 15:56:24
4891,533.05,20908.1,-380.917,2026/01/23 15:56:25
4892,533.16,20900.7,-392.238,2026/01/23 15:56:25
4893,533.27,20909.9,-376.786,2026/01/23 15:56:25
4894,533.38,20894.7,-393.787,2026/01/23 15:56:25
4895,533.48,20678.1,-282.741,2026/01/23 15:56:25
4896,533.59,16932.4,-343.37,2026/01/23 15:56:25
4897,533.7,16466.5,-438.721,2026/01/23 15:56:25
4898,533.81,16391.1,-442.085,2026/01/23 15:56:25
4899,533.92,16353.5,-436.362,2026/01/23 15:56:25
4900,534.03,16310.7,-440.022,2026/01/23 15:56:26
4901,534.14,16294.8,-431.86,2026/01/23 15:56:26
4902,534.25,16256.8,-435.872,2026/01/23 15:56:26
4903,534.36,16241.8,-432.236,2026/01/23 15:56:26
4904,534.47,16221.1,-429.63,2026/01/23 15:56:26
4905,534.58,16208.1,-433.579,2026/01/23 15:56:26
4906,534.69,16199.6,-429.125,2026/01/23 15:56:26
4907,534.8,18088.7,-606.159,2026/01/23 15:56:26
4908,534.9,20849.4,-382.73,2026/01/23 15:56:26
4909,535.01,20882.6,-384.523,2026/01/23 15:56:27
4910,535.12,20882.6,-372.976,2026/01/23 15:56:27
4911,535.23,20884.4,-386.618,2026/01/23 15:56:27
4912,535.34,20873.7,-374.076,2026/01/23 15:56:27
4913,535.45,20882.9,-386.92,2026/01/23 15:56:27
4914,535.56,20870.8,-380.391,2026/01/23 15:56:27
4915,535.67,20885,-380.306,2026/01/23 15:56:27
4916,535.78,20873.8,-383.832,2026/01/23 15:56:27
4917,535.88,20877.1,-387.975,2026/01/23 15:56:27
4918,535.99,18286.9,-144.222,2026/01/23 15:56:28
4919,536.1,16498.9,-432.063,2026/01/23 15:56:28
4920,536.21,16399.1,-439.737,2026/01/23 15:56:28
4921,536.32,16344.1,-439.706,2026/01/23 15:56:28
4922,536.43,16310.1,-428.784,2026/01/23 15:56:28
4923,536.54,16271.6,-440.851,2026/01/23 15:56:28
4924,536.65,16250.5,-429.106,2026/01/23 15:56:28
4925,536.76,16220.2,-435.614,2026/01/23 15:56:28
4926,536.87,16210.3,-428.943,2026/01/23 15:56:28
4927,536.97,16185,-433.996,2026/01/23 15:56:29
4928,537.08,16176.1,-430.827,2026/01/23 15:56:29
4929,537.19,16445.7,-489.92,2026/01/23 15:56:29
4930,537.3,20227.9,-482.41,2026/01/23 15:56:29
4931,537.41,20837,-375.11,2026/01/23 15:56:29
4932,537.52,20842.9,-377.625,2026/01/23 15:56:29
4933,537.63,20834.7,-381.446,2026/01/23 15:56:29
4934,537.74,20824.2,-386.382,2026/01/23 15:56:29
4935,537.85,20830.4,-377.802,2026/01/23 15:56:29
4936,537.95,20828.4,-395.857,2026/01/23 15:56:29
4937,538.06,20828.7,-380.115,2026/01/23 15:56:30
4938,538.17,20826.4,-392.619,2026/01/23 15:56:30
4939,538.28,20820.1,-382.218,2026/01/23 15:56:30
4940,538.39,20190.5,-228.809,2026/01/23 15:56:30
4941,538.5,16670.5,-387.831,2026/01/23 15:56:30
4942,538.61,16385.6,-439.709,2026/01/23 15:56:30
4943,538.72,16315.6,-440.133,2026/01/23 15:56:30
4944,538.83,16282.3,-430.035,2026/01/23 15:56:30
4945,538.94,16245.8,-437.878,2026/01/23 15:56:30
4946,539.05,16218.5,-435.583,2026/01/23 15:56:31
4947,539.15,16194.2,-426.509,2026/01/23 15:56:31
4948,539.26,16177.5,-438.6,2026/01/23 15:56:31
4949,539.37,16158.1,-431.039,2026/01/23 15:56:31
4950,539.48,16149.4,-432.55,2026/01/23 15:56:31
4951,539.59,16148,-434.417,2026/01/23 15:56:31
4952,539.7,18720,-581.786,2026/01/23 15:56:31
4953,539.81,20797,-370.194,2026/01/23 15:56:31
4954,539.92,20801,-382.688,2026/01/23 15:56:31
4955,540.03,20809.4,-373.819,2026/01/23 15:56:32
4956,540.13,20800.5,-387.403,2026/01/23 15:56:32
4957,540.24,20798.2,-369.705,2026/01/23 15:56:32
4958,540.35,20798.2,-391.644,2026/01/23 15:56:32
4959,540.46,20794.8,-381.248,2026/01/23 15:56:32
4960,540.57,20810.5,-386.526,2026/01/23 15:56:32
4961,540.68,20791,-385.894,2026/01/23 15:56:32
4962,540.79,20796.6,-372.427,2026/01/23 15:56:32
4963,540.9,17500.8,-213.787,2026/01/23 15:56:32
4964,541.01,16416.4,-441.237,2026/01/23 15:56:33
4965,541.12,16329.6,-433.293,2026/01/23 15:56:33
4966,541.22,16287,-438.429,2026/01/23 15:56:33
4967,541.33,16248,-429.68,2026/01/23 15:56:33
4968,541.44,16225.2,-433.615,2026/01/23 15:56:33
4969,541.55,16194.5,-430.293,2026/01/23 15:56:33
4970,541.66,16179.8,-432.173,2026/01/23 15:56:33
4971,541.77,16156.4,-434.23,2026/01/23 15:56:33
4972,541.88,16141.2,-428.874,2026/01/23 15:56:33
4973,541.99,16130.4,-425.871,2026/01/23 15:56:34
4974,542.1,16796.9,-562.837,2026/01/23 15:56:34
4975,542.21,20483.2,-436.927,2026/01/23 15:56:34
4976,542.32,20782,-383.72,2026/01/23 15:56:34
4977,542.42,20774.3,-375.227,2026/01/23 15:56:34
4978,542.53,20782,-382.915,2026/01/23 15:56:34
4979,542.64,20764,-387.681,2026/01/23 15:56:34
4980,542.75,20775,-378.55,2026/01/23 15:56:34
4981,542.86,20766.4,-394.751,2026/01/23 15:56:34
4982,542.97,20777.7,-371.888,2026/01/23 15:56:35
4983,543.08,20765.9,-392.365,2026/01/23 15:56:35
4984,543.19,20782.6,-387.298,2026/01/23 15:56:35
4985,543.3,19454.4,-166.53,2026/01/23 15:56:35
4986,543.41,16531.4,-409.826,2026/01/23 15:56:35
4987,543.51,16340.9,-444.885,2026/01/23 15:56:35
4988,543.62,16290.1,-431.047,2026/01/23 15:56:35
4989,543.73,16247.9,-440.85,2026/01/23 15:56:35
4990,543.84,16219.2,-430.547,2026/01/23 15:56:35
4991,543.95,16202.5,-438.386,2026/01/23 15:56:35
4992,544.06,16176.2,-435.083,2026/01/23 15:56:36
4993,544.17,16159.3,-434.368,2026/01/23 15:56:36
4994,544.28,16146.2,-431.356,2026/01/23 15:56:36
4995,544.39,16130,-435.273,2026/01/23 15:56:36
4996,544.49,16176.5,-432.795,2026/01/23 15:56:36
4997,544.61,19379.6,-542.073,2026/01/23 15:56:36
4998,544.71,20771.3,-371.809,2026/01/23 15:56:36
4999,544.82,20785.1,-380.878,2026/01/23 15:56:36
5000,544.93,20783.7,-380.144,2026/01/23 15:56:36
5001,545.04,20778.5,-384.39,2026/01/23 15:56:37
5002,545.15,20783.8,-379.4,2026/01/23 15:56:37
5003,545.26,20776.4,-392.1,2026/01/23 15:56:37
5004,545.37,20782.8,-375.142,2026/01/23 15:56:37
5005,545.48,20796.1,-393.828,2026/01/23 15:56:37
5006,545.58,20788.8,-379.659,2026/01/23 15:56:37
5007,545.69,20694,-323.078,2026/01/23 15:56:37
5008,545.8,17017.6,-306.839,2026/01/23 15:56:37
5009,545.91,16395.5,-438.049,2026/01/23 15:56:37
5010,546.02,16325.3,-441.976,2026/01/23 15:56:38
5011,546.13,16286.6,-437.459,2026/01/23 15:56:38
5012,546.24,16246.7,-436.599,2026/01/23 15:56:38
5013,546.35,16230.2,-430.476,2026/01/23 15:56:38
5014,546.46,16197.6,-440.583,2026/01/23 15:56:38
5015,546.57,16186.7,-430.987,2026/01/23 15:56:38
5016,546.68,16162.4,-439.704,2026/01/23 15:56:38
5017,546.79,16148.3,-430.545,2026/01/23 15:56:38
5018,546.89,16142,-433.398,2026/01/23 15:56:38
5019,547,17535.2,-614.06,2026/01/23 15:56:39
5020,547.11,20708.2,-403.71,2026/01/23 15:56:39
5021,547.22,20780.8,-382.619,2026/01/23 15:56:39
5022,547.33,20786.4,-383.926,2026/01/23 15:56:39
5023,547.44,20779.6,-374.937,2026/01/23 15:56:39
5024,547.55,20777,-386.759,2026/01/23 15:56:39
5025,547.66,20772.2,-378.537,2026/01/23 15:56:39
5026,547.77,20781.3,-388.164,2026/01/23 15:56:39
5027,547.88,20774.7,-385.273,2026/01/23 15:56:39
5028,547.98,20771.9,-380.316,2026/01/23 15:56:40
5029,548.09,20780.2,-381.59,2026/01/23 15:56:40
5030,548.2,18690,-129.564,2026/01/23 15:56:40
5031,548.31,16460.7,-420.801,2026/01/23 15:56:40
5032,548.42,16331.7,-438.426,2026/01/23 15:56:40
5033,548.53,16277.2,-437.157,2026/01/23 15:56:40
5034,548.64,16247.4,-436.503,2026/01/23 15:56:40
5035,548.75,16210.7,-440.067,2026/01/23 15:56:40
5036,548.86,16187.9,-429.207,2026/01/23 15:56:40
5037,548.97,16161.2,-439.798,2026/01/23 15:56:41
5038,549.07,16146.3,-428.656,2026/01/23 15:56:41
5039,549.18,16123.7,-437.754,2026/01/23 15:56:41
5040,549.29,16119.5,-428.677,2026/01/23 15:56:41
5041,549.4,16263.7,-465.249,2026/01/23 15:56:41
5042,549.51,19887.2,-497.897,2026/01/23 15:56:41
5043,549.62,20755.3,-378.048,2026/01/23 15:56:41
5044,549.73,20753.4,-370.857,2026/01/23 15:56:41
5045,549.84,20760.6,-381.126,2026/01/23 15:56:41
5046,549.95,20742.5,-383.512,2026/01/23 15:56:41
5047,550.05,20754.8,-385.087,2026/01/23 15:56:42
5048,550.16,20739.7,-393.498,2026/01/23 15:56:42
5049,550.27,20745.4,-383.323,2026/01/23 15:56:42
5050,550.38,20742.6,-380.056,2026/01/23 15:56:42
5051,550.49,20748.4,-389.063,2026/01/23 15:56:42
5052,550.6,20319.9,-251.383,2026/01/23 15:56:42
5053,550.71,16702.9,-371.907,2026/01/23 15:56:42
5054,550.82,16334,-441.957,2026/01/23 15:56:42
5055,550.93,16279.2,-437.107,2026/01/23 15:56:42
5056,551.04,16235.6,-440.128,2026/01/23 15:56:43
5057,551.15,16196.3,-435.194,2026/01/23 15:56:43
5058,551.26,16178.7,-436.237,2026/01/23 15:56:43
5059,551.36,16150.9,-431.604,2026/01/23 15:56:43
5060,551.47,16134.3,-431.236,2026/01/23 15:56:43
5061,551.58,16118.9,-429.988,2026/01/23 15:56:43
5062,551.69,16101.9,-434.507,2026/01/23 15:56:43
5063,551.8,16093.4,-430.609,2026/01/23 15:56:43
5064,551.91,18250,-597.288,2026/01/23 15:56:43
5065,552.02,20706.9,-376.583,2026/01/23 15:56:44
5066,552.13,20731.1,-383.083,2026/01/23 15:56:44
5067,552.24,20733.6,-376.332,2026/01/23 15:56:44
5068,552.35,20720.5,-389.571,2026/01/23 15:56:44
5069,552.45,20733.3,-372.025,2026/01/23 15:56:44
5070,552.56,20732.7,-385.091,2026/01/23 15:56:44
5071,552.67,20722.5,-382.233,2026/01/23 15:56:44
5072,552.78,20742.6,-380.603,2026/01/23 15:56:44
5073,552.89,20728.8,-393.175,2026/01/23 15:56:44
5074,553,20743.6,-387.12,2026/01/23 15:56:45
5075,553.11,17906.4,-161.145,2026/01/23 15:56:45
5076,553.21,16395.4,-431.946,2026/01/23 15:56:45
5077,553.32,16297.6,-436.844,2026/01/23 15:56:45
5078,553.43,16258,-437.281,2026/01/23 15:56:45
5079,553.54,16209.9,-435.783,2026/01/23 15:56:45
5080,553.65,16191.8,-433.481,2026/01/23 15:56:45
5081,553.76,16162.2,-436.477,2026/01/23 15:56:45
5082,553.87,16145.8,-429.524,2026/01/23 15:56:45
5083,553.98,16129.7,-433.356,2026/01/23 15:56:46
5084,554.09,16109.5,-431.88,2026/01/23 15:56:46
5085,554.2,16102.9,-437.011,2026/01/23 15:56:46
5086,554.31,16513.5,-521.568,2026/01/23 15:56:46
5087,554.42,20280.4,-469.256,2026/01/23 15:56:46
5088,554.52,20739.7,-366.279,2026/01/23 15:56:46
5089,554.63,20739.3,-384.134,2026/01/23 15:56:46
5090,554.74,20740,-373.793,2026/01/23 15:56:46
5091,554.85,20743.1,-388.436,2026/01/23 15:56:46
5092,554.96,20743.7,-376.48,2026/01/23 15:56:47
5093,555.07,20735.8,-391.281,2026/01/23 15:56:47
5094,555.18,20752.3,-377.668,2026/01/23 15:56:47
5095,555.28,20749.5,-395.912,2026/01/23 15:56:47
5096,555.39,20757.4,-376.3,2026/01/23 15:56:47
5097,555.5,19948.9,-208.253,2026/01/23 15:56:47
5098,555.61,16594.3,-396.877,2026/01/23 15:56:47
5099,555.72,16353.7,-442.929,2026/01/23 15:56:47
5100,555.83,16288.3,-440.044,2026/01/23 15:56:47
5101,555.94,16259.5,-432.06,2026/01/23 15:56:47
5102,556.05,16222.8,-438.285,2026/01/23 15:56:48
5103,556.16,16202.6,-430.909,2026/01/23 15:56:48
5104,556.27,16174.2,-437.502,2026/01/23 15:56:48
5105,556.38,16164.7,-432.836,2026/01/23 15:56:48
5106,556.48,16137.8,-438.238,2026/01/23 15:56:48
5107,556.59,16134.1,-430.289,2026/01/23 15:56:48
5108,556.7,16142.1,-443.589,2026/01/23 15:56:48
5109,556.81,18911.9,-569.711,2026/01/23 15:56:48
5110,556.92,20767.1,-380.836,2026/01/23 15:56:48
5111,557.03,20760.9,-377.283,2026/01/23 15:56:49
5112,557.14,20778.8,-383.273,2026/01/23 15:56:49
5113,557.25,20770.1,-384.169,2026/01/23 15:56:49
5114,557.36,20775.5,-386.962,2026/01/23 15:56:49
5115,557.47,20777.8,-376.534,2026/01/23 15:56:49
5116,557.57,20775.5,-387.101,2026/01/23 15:56:49
5117,557.68,20774,-378.44,2026/01/23 15:56:49
5118,557.79,20782.4,-392.453,2026/01/23 15:56:49
5119,557.9,20758,-356.003,2026/01/23 15:56:49
5120,558.01,17333.5,-243.938,2026/01/23 15:56:50
5121,558.12,16404.7,-436.497,2026/01/23 15:56:50
5122,558.23,16325.1,-444.23,2026/01/23 15:56:50
5123,558.34,16287.4,-431.992,2026/01/23 15:56:50
5124,558.45,16253.2,-441.225,2026/01/23 15:56:50
5125,558.56,16221.7,-431.37,2026/01/23 15:56:50
5126,558.67,16204.4,-438.418,2026/01/23 15:56:50
5127,558.77,16176.5,-436.833,2026/01/23 15:56:50
5128,558.88,16168.2,-428.156,2026/01/23 15:56:50
5129,558.99,16147,-438.17,2026/01/23 15:56:51
5130,559.1,16138.4,-429.006,2026/01/23 15:56:51
5131,559.21,16990,-578.919,2026/01/23 15:56:51
5132,559.32,20571.6,-425.409,2026/01/23 15:56:51
5133,559.43,20767.3,-382.203,2026/01/23 15:56:51
5134,559.54,20785.6,-380.213,2026/01/23 15:56:51
5135,559.65,20770.5,-385.517,2026/01/23 15:56:51
5136,559.76,20775.4,-372.187,2026/01/23 15:56:51
5137,559.86,20777.4,-388.344,2026/01/23 15:56:51
5138,559.97,20770.3,-383.778,2026/01/23 15:56:52
5139,560.08,20790,-385.214,2026/01/23 15:56:52
5140,560.19,20776.1,-385.861,2026/01/23 15:56:52
5141,560.3,20789.9,-388.541,2026/01/23 15:56:52
5142,560.41,19280.3,-152.993,2026/01/23 15:56:52
5143,560.52,16527.9,-418.926,2026/01/23 15:56:52
5144,560.63,16361.3,-437.429,2026/01/23 15:56:52
5145,560.74,16310.4,-440.993,2026/01/23 15:56:52
5146,560.84,16270.8,-433.584,2026/01/23 15:56:52
5147,560.95,16241.1,-442.942,2026/01/23 15:56:52
5148,561.06,16216.9,-431.6,2026/01/23 15:56:53
5149,561.17,16191.2,-436.692,2026/01/23 15:56:53
5150,561.28,16181.1,-427.223,2026/01/23 15:56:53
5151,561.39,16162.1,-441.085,2026/01/23 15:56:53
5152,561.5,16149,-428.147,2026/01/23 15:56:53
5153,561.61,16216,-443.219,2026/01/23 15:56:53
5154,561.72,19506.6,-526.852,2026/01/23 15:56:53
5155,561.83,20798.8,-377.86,2026/01/23 15:56:53
5156,561.94,20788.1,-382.753,2026/01/23 15:56:53
5157,562.04,20799.5,-382.071,2026/01/23 15:56:54
5158,562.15,20781.3,-394.225,2026/01/23 15:56:54
5159,562.26,20791.2,-377.634,2026/01/23 15:56:54
5160,562.37,20780.8,-378.153,2026/01/23 15:56:54
5161,562.48,20799.7,-384.962,2026/01/23 15:56:54
5162,562.59,20792.9,-387.437,2026/01/23 15:56:54
5163,562.7,20804.4,-388.644,2026/01/23 15:56:54
5164,562.81,20647.1,-319.05,2026/01/23 15:56:54
5165,562.91,16958.1,-326.581,2026/01/23 15:56:54
5166,563.02,16405.5,-445.418,2026/01/23 15:56:55
5167,563.13,16340.5,-442.364,2026/01/23 15:56:55
5168,563.24,16300.2,-432.344,2026/01/23 15:56:55
5169,563.35,16265.4,-436.084,2026/01/23 15:56:55
5170,563.46,16235.7,-436.693,2026/01/23 15:56:55
5171,563.57,16217.3,-433.55,2026/01/23 15:56:55
5172,563.68,16199.2,-433.942,2026/01/23 15:56:55
5173,563.79,16185.4,-431.204,2026/01/23 15:56:55
5174,563.89,16168.4,-443.211,2026/01/23 15:56:55
5175,564,16158.2,-431.844,2026/01/23 15:56:56
5176,564.11,17627.5,-618.168,2026/01/23 15:56:56
5177,564.22,20748.4,-387.88,2026/01/23 15:56:56
5178,564.33,20806,-381.535,2026/01/23 15:56:56
5179,564.44,20816.4,-371.34,2026/01/23 15:56:56
5180,564.55,20808.9,-392.826,2026/01/23 15:56:56
5181,564.66,20811,-377.124,2026/01/23 15:56:56
5182,564.77,20819.1,-385.451,2026/01/23 15:56:56
5183,564.88,20813.9,-385.495,2026/01/23 15:56:56
5184,564.98,20828.8,-379.77,2026/01/23 15:56:57
5185,565.09,20823.6,-379.34,2026/01/23 15:56:57
5186,565.2,20828,-385.144,2026/01/23 15:56:57
5187,565.31,18610.2,-129.149,2026/01/23 15:56:57
5188,565.42,16503.6,-433.563,2026/01/23 15:56:57
5189,565.53,16381.7,-437.931,2026/01/23 15:56:57
5190,565.64,16342.1,-442.132,2026/01/23 15:56:57
5191,565.75,16296.7,-438.682,2026/01/23 15:56:57
5192,565.86,16273.9,-436.916,2026/01/23 15:56:57
5193,565.97,16248.2,-435.383,2026/01/23 15:56:58
5194,566.07,16222.7,-434.019,2026/01/23 15:56:58
5195,566.18,16210,-434.628,2026/01/23 15:56:58
5196,566.29,16193.5,-440.343,2026/01/23 15:56:58
5197,566.4,16180.4,-427.362,2026/01/23 15:56:58
5198,566.51,16353.5,-468.179,2026/01/23 15:56:58
5199,566.62,20014.8,-499.013,2026/01/23 15:56:58
5200,566.73,20831.4,-372.694,2026/01/23 15:56:58
5201,566.84,20819.2,-382.584,2026/01/23 15:56:58
5202,566.95,20827.4,-370.354,2026/01/23 15:56:58
5203,567.06,20816.9,-392.108,2026/01/23 15:56:59
5204,567.17,20825.2,-377.052,2026/01/23 15:56:59
5205,567.27,20818.3,-391.767,2026/01/23 15:56:59
5206,567.38,20826.2,-373.437,2026/01/23 15:56:59
5207,567.49,20813.8,-396.683,2026/01/23 15:56:59
5208,567.6,20827,-374.918,2026/01/23 15:56:59
5209,567.71,20330.9,-252.146,2026/01/23 15:56:59
5210,567.82,16743.6,-376.313,2026/01/23 15:56:59
5211,567.93,16412.9,-443.444,2026/01/23 15:56:59
5212,568.04,16346.4,-438.951,2026/01/23 15:57:00
5213,568.15,16313.8,-438.74,2026/01/23 15:57:00
5214,568.26,16274.3,-436.91,2026/01/23 15:57:00
5215,568.36,16248.4,-435.283,2026/01/23 15:57:00
5216,568.47,16230.7,-432.826,2026/01/23 15:57:00
5217,568.58,16208.8,-433.447,2026/01/23 15:57:00
5218,568.69,16193.3,-433.338,2026/01/23 15:57:00
5219,568.8,16179,-436.255,2026/01/23 15:57:00
5220,568.91,16171.1,-428.813,2026/01/23 15:57:00
5221,569.02,18353.5,-603.759,2026/01/23 15:57:01
5222,569.13,20806.5,-377.913,2026/01/23 15:57:01
5223,569.24,20800.8,-386.438,2026/01/23 15:57:01
5224,569.34,20811.8,-370.16,2026/01/23 15:57:01
5225,569.45,20803.1,-388.23,2026/01/23 15:57:01
5226,569.56,20806.9,-373.39,2026/01/23 15:57:01
5227,569.67,20809.8,-386.705,2026/01/23 15:57:01
5228,569.78,20798.3,-379.045,2026/01/23 15:57:01
5229,569.89,20814.5,-383.141,2026/01/23 15:57:01
5230,570,20804.9,-382.792,2026/01/23 15:57:02
5231,570.11,20818.3,-387.233,2026/01/23 15:57:02
5232,570.21,17907.2,-162.609,2026/01/23 15:57:02
5233,570.32,16462.3,-441.34,2026/01/23 15:57:02
5234,570.43,16374.6,-437.136,2026/01/23 15:57:02
5235,570.54,16332.3,-440.474,2026/01/23 15:57:02
5236,570.65,16286.5,-438.471,2026/01/23 15:57:02
5237,570.76,16266.2,-437.019,2026/01/23 15:57:02
5238,570.87,16233.1,-439.571,2026/01/23 15:57:02
5239,570.98,16218.3,-434.821,2026/01/23 15:57:03
5240,571.09,16202.1,-433.918,2026/01/23 15:57:03
5241,571.2,16182.1,-434.28,2026/01/23 15:57:03
5242,571.31,16172.6,-429.831,2026/01/23 15:57:03
5243,571.42,16602.5,-525.481,2026/01/23 15:57:03
5244,571.52,20364.7,-460.483,2026/01/23 15:57:03
5245,571.63,20818.9,-369.738,2026/01/23 15:57:03
5246,571.74,20807.6,-378.666,2026/01/23 15:57:03
5247,571.85,20816.2,-374.078,2026/01/23 15:57:03
5248,571.96,20808.4,-389.64,2026/01/23 15:57:04
5249,572.07,20815.3,-377.613,2026/01/23 15:57:04
5250,572.18,20800.5,-390.128,2026/01/23 15:57:04
5251,572.29,20819.5,-379.428,2026/01/23 15:57:04
5252,572.4,20809.4,-390.234,2026/01/23 15:57:04
5253,572.5,20823.5,-380.354,2026/01/23 15:57:04
5254,572.61,19906.7,-199.858,2026/01/23 15:57:04
5255,572.72,16639.1,-397.821,2026/01/23 15:57:04
5256,572.83,16401.5,-447.093,2026/01/23 15:57:04
5257,572.94,16345.6,-434.233,2026/01/23 15:57:04
5258,573.05,16310.8,-442.543,2026/01/23 15:57:05
5259,573.16,16273.3,-434.693,2026/01/23 15:57:05
5260,573.27,16249.2,-439.37,2026/01/23 15:57:05
5261,573.38,16228.7,-433.631,2026/01/23 15:57:05
5262,573.49,16209.9,-434.368,2026/01/23 15:57:05
5263,573.59,16196.1,-432.217,2026/01/23 15:57:05
5264,573.7,16181.2,-434.533,2026/01/23 15:57:05
5265,573.81,16198.1,-435.083,2026/01/23 15:57:05
5266,573.92,19016.9,-575.154,2026/01/23 15:57:05
5267,574.03,20808.2,-364.215,2026/01/23 15:57:06
5268,574.14,20806.6,-386.756,2026/01/23 15:57:06
5269,574.25,20806.3,-374.125,2026/01/23 15:57:06
5270,574.36,20793.9,-387.222,2026/01/23 15:57:06
5271,574.47,20799.7,-374.38,2026/01/23 15:57:06
5272,574.58,20792.2,-391.516,2026/01/23 15:57:06
5273,574.68,20791.8,-378.135,2026/01/23 15:57:06
5274,574.79,20801.1,-389.544,2026/01/23 15:57:06
5275,574.9,20787.7,-380.728,2026/01/23 15:57:06
5276,575.01,20765.6,-357.063,2026/01/23 15:57:07
5277,575.12,17299.7,-251.193,2026/01/23 15:57:07
5278,575.23,16417.7,-441.731,2026/01/23 15:57:07
5279,575.34,16345.7,-433.639,2026/01/23 15:57:07
5280,575.45,16297.5,-441.938,2026/01/23 15:57:07
5281,575.56,16258.3,-431.963,2026/01/23 15:57:07
5282,575.66,16234.1,-438.729,2026/01/23 15:57:07
5283,575.77,16205.8,-437.389,2026/01/23 15:57:07
5284,575.88,16188,-435.396,2026/01/23 15:57:07
5285,575.99,16170.5,-430.765,2026/01/23 15:57:08
5286,576.1,16154.1,-436.66,2026/01/23 15:57:08
5287,576.21,16140.4,-429.996,2026/01/23 15:57:08
5288,576.32,17011.1,-579.854,2026/01/23 15:57:08
5289,576.43,20566.9,-426.022,2026/01/23 15:57:08
5290,576.54,20768.4,-377.554,2026/01/23 15:57:08
5291,576.65,20752.4,-378.731,2026/01/23 15:57:08
5292,576.75,20765.7,-379.354,2026/01/23 15:57:08
5293,576.86,20746.2,-392.801,2026/01/23 15:57:08
5294,576.97,20765.3,-376.457,2026/01/23 15:57:09
5295,577.08,20748.2,-393.447,2026/01/23 15:57:09
5296,577.19,20759,-379.83,2026/01/23 15:57:09
5297,577.3,20748.8,-381.957,2026/01/23 15:57:09
5298,577.41,20764.4,-385.433,2026/01/23 15:57:09
5299,577.52,19263.4,-155.697,2026/01/23 15:57:09
5300,577.62,16511.1,-413.548,2026/01/23 15:57:09
5301,577.73,16345.4,-446.928,2026/01/23 15:57:09
5302,577.84,16290.8,-438.146,2026/01/23 15:57:09
5303,577.95,16253.9,-439.668,2026/01/23 15:57:09
5304,578.06,16219.7,-436.072,2026/01/23 15:57:10
5305,578.17,16194.9,-438.52,2026/01/23 15:57:10
5306,578.28,16176.8,-431.934,2026/01/23 15:57:10
5307,578.39,16155.8,-435.695,2026/01/23 15:57:10
5308,578.5,16141.7,-429.174,2026/01/23 15:57:10
5309,578.61,16127.8,-439.159,2026/01/23 15:57:10
5310,578.72,16186,-439.812,2026/01/23 15:57:10
5311,578.82,19486.7,-534.816,2026/01/23 15:57:10
5312,578.93,20751.8,-371.683,2026/01/23 15:57:10
5313,579.04,20736.6,-387.975,2026/01/23 15:57:11
5314,579.15,20744.4,-374.89,2026/01/23 15:57:11
5315,579.26,20730.9,-390.028,2026/01/23 15:57:11
5316,579.37,20727.8,-378.189,2026/01/23 15:57:11
5317,579.48,20735.2,-385.484,2026/01/23 15:57:11
5318,579.59,20724,-381.515,2026/01/23 15:57:11
5319,579.69,20739.7,-382.379,2026/01/23 15:57:11
5320,579.8,20722.9,-391.221,2026/01/23 15:57:11
5321,579.91,20578.8,-308.601,2026/01/23 15:57:11
5322,580.02,16874.4,-336.376,2026/01/23 15:57:12
5323,580.13,16354.3,-442.22,2026/01/23 15:57:12
5324,580.24,16281.6,-441.583,2026/01/23 15:57:12
5325,580.35,16247.3,-433.893,2026/01/23 15:57:12
5326,580.46,16204.7,-443.637,2026/01/23 15:57:12
5327,580.57,16183.9,-433.013,2026/01/23 15:57:12
5328,580.68,16159.3,-439.49,2026/01/23 15:57:12
5329,580.79,16132.7,-429.943,2026/01/23 15:57:12
5330,580.9,16125.7,-434.625,2026/01/23 15:57:12
5331,581,16098.5,-438.193,2026/01/23 15:57:13
5332,581.11,16091.9,-433.249,2026/01/23 15:57:13
5333,581.22,17612.2,-601.737,2026/01/23 15:57:13
5334,581.33,20649.3,-403.638,2026/01/23 15:57:13
5335,581.44,20705.1,-379.022,2026/01/23 15:57:13
5336,581.55,20708.2,-387.217,2026/01/23 15:57:13
5337,581.66,20692.2,-383.93,2026/01/23 15:57:13
5338,581.77,20704.2,-383.284,2026/01/23 15:57:13
5339,581.88,20687.7,-391.685,2026/01/23 15:57:13
5340,581.99,20691.2,-384.119,2026/01/23 15:57:14
5341,582.09,20695.8,-381.62,2026/01/23 15:57:14
5342,582.2,20685,-380.431,2026/01/23 15:57:14
5343,582.31,20689.4,-379.384,2026/01/23 15:57:14
5344,582.42,18365.9,-135.847,2026/01/23 15:57:14
5345,582.53,16386.1,-430.827,2026/01/23 15:57:14
5346,582.64,16274.8,-440.683,2026/01/23 15:57:14
5347,582.75,16218.8,-439.348,2026/01/23 15:57:14
5348,582.86,16187.6,-432.16,2026/01/23 15:57:14
5349,582.97,16154.5,-446.28,2026/01/23 15:57:15
5350,583.08,16131.6,-434.633,2026/01/23 15:57:15
5351,583.18,16108.3,-440.705,2026/01/23 15:57:15
5352,583.29,16096.6,-431.808,2026/01/23 15:57:15
5353,583.4,16075.9,-439.896,2026/01/23 15:57:15
5354,583.51,16071.3,-428.393,2026/01/23 15:57:15
5355,583.62,16267.2,-474.771,2026/01/23 15:57:15
5356,583.73,19941.3,-486.576,2026/01/23 15:57:15
5357,583.84,20691.7,-382.078,2026/01/23 15:57:15
5358,583.95,20674.8,-382.923,2026/01/23 15:57:15
5359,584.06,20680.5,-376.68,2026/01/23 15:57:16
5360,584.17,20670.4,-380.124,2026/01/23 15:57:16
5361,584.27,20669.9,-384.903,2026/01/23 15:57:16
5362,584.38,20668.3,-382.952,2026/01/23 15:57:16
5363,584.49,20674.5,-386.812,2026/01/23 15:57:16
5364,584.6,20662.9,-383.873,2026/01/23 15:57:16
5365,584.71,20675.9,-389.287,2026/01/23 15:57:16
5366,584.82,20166.3,-242.895,2026/01/23 15:57:16
5367,584.93,16612,-377.128,2026/01/23 15:57:16
5368,585.04,16289.4,-439.629,2026/01/23 15:57:17
5369,585.15,16229.7,-443.324,2026/01/23 15:57:17
5370,585.25,16190.9,-434.766,2026/01/23 15:57:17
5371,585.36,16157.5,-438.487,2026/01/23 15:57:17
5372,585.47,16128.5,-434.375,2026/01/23 15:57:17
5373,585.58,16108.5,-433.938,2026/01/23 15:57:17
5374,585.69,16083.4,-436.102,2026/01/23 15:57:17
5375,585.8,16069.9,-431.612,2026/01/23 15:57:17
5376,585.91,16052.6,-439.673,2026/01/23 15:57:17
5377,586.02,16053,-431.251,2026/01/23 15:57:18
5378,586.13,18322.4,-596.71,2026/01/23 15:57:18
5379,586.24,20666.7,-372.444,2026/01/23 15:57:18
5380,586.34,20652.2,-379.932,2026/01/23 15:57:18
5381,586.45,20660.7,-370.896,2026/01/23 15:57:18
5382,586.56,20645.9,-388.823,2026/01/23 15:57:18
5383,586.67,20653.3,-378.377,2026/01/23 15:57:18
5384,586.78,20649.6,-384.997,2026/01/23 15:57:18
5385,586.89,20640.5,-387.921,2026/01/23 15:57:18
5386,587,20657.5,-379.561,2026/01/23 15:57:19
5387,587.11,20640,-383.507,2026/01/23 15:57:19
5388,587.22,20657.4,-376.216,2026/01/23 15:57:19
5389,587.33,17570.1,-191.161,2026/01/23 15:57:19
5390,587.43,16317.2,-440.279,2026/01/23 15:57:19
5391,587.54,16232.3,-437.518,2026/01/23 15:57:19
5392,587.65,16190.2,-441.994,2026/01/23 15:57:19
5393,587.76,16142.2,-437.555,2026/01/23 15:57:19
5394,587.87,16120.9,-435.111,2026/01/23 15:57:19
5395,587.98,16091.3,-437.513,2026/01/23 15:57:20
5396,588.09,16076.6,-428.194,2026/01/23 15:57:20
5397,588.2,16061.5,-435.012,2026/01/23 15:57:20
5398,588.31,16037.6,-436.604,2026/01/23 15:57:20
5399,588.42,16027.4,-434.501,2026/01/23 15:57:20
5400,588.53,16570.8,-540.36,2026/01/23 15:57:20
5401,588.64,20276,-454.845,2026/01/23 15:57:20
5402,588.74,20641,-377.745,2026/01/23 15:57:20
5403,588.85,20627,-390.403,2026/01/23 15:57:20
5404,588.96,20631.5,-374.806,2026/01/23 15:57:21
5405,589.07,20623.8,-393.557,2026/01/23 15:57:21
5406,589.18,20633.4,-371.174,2026/01/23 15:57:21
5407,589.29,20616.3,-386.466,2026/01/23 15:57:21
5408,589.4,20633.5,-382.671,2026/01/23 15:57:21
5409,589.51,20619.1,-384.552,2026/01/23 15:57:21
5410,589.61,20636.7,-378.751,2026/01/23 15:57:21
5411,589.72,19632.4,-191.341,2026/01/23 15:57:21
5412,589.83,16459.1,-403.295,2026/01/23 15:57:21
5413,589.94,16240.6,-447.622,2026/01/23 15:57:21
5414,590.05,16179.1,-441.479,2026/01/23 15:57:22
5415,590.16,16145.2,-438.316,2026/01/23 15:57:22
5416,590.27,16111,-439.425,2026/01/23 15:57:22
5417,590.38,16082.9,-439.431,2026/01/23 15:57:22
5418,590.49,16061.1,-432.584,2026/01/23 15:57:22
5419,590.6,16042.9,-439.496,2026/01/23 15:57:22
5420,590.7,16027.8,-434.068,2026/01/23 15:57:22
5421,590.81,16013.9,-440.647,2026/01/23 15:57:22
5422,590.92,16034.3,-439.182,2026/01/23 15:57:22
5423,591.03,18925.7,-566.158,2026/01/23 15:57:23
5424,591.14,20614.7,-371.431,2026/01/23 15:57:23
5425,591.25,20598.5,-384.927,2026/01/23 15:57:23
5426,591.36,20610.9,-371.69,2026/01/23 15:57:23
5427,591.47,20604.4,-393.26,2026/01/23 15:57:23
5428,591.58,20596.9,-379.257,2026/01/23 15:57:23
5429,591.69,20606.3,-387.67,2026/01/23 15:57:23
5430,591.79,20593.7,-381.557,2026/01/23 15:57:23
5431,591.9,20614.7,-384.504,2026/01/23 15:57:23
5432,592.01,20599.8,-392.625,2026/01/23 15:57:24
5433,592.12,20559.8,-361.206,2026/01/23 15:57:24
5434,592.23,17062.7,-261.962,2026/01/23 15:57:24
5435,592.34,16257.5,-446.18,2026/01/23 15:57:24
5436,592.45,16183.1,-438.966,2026/01/23 15:57:24
5437,592.56,16142.9,-443.862,2026/01/23 15:57:24
5438,592.67,16102.3,-440.024,2026/01/23 15:57:24
5439,592.77,16080.3,-430.499,2026/01/23 15:57:24
5440,592.88,16055.2,-437.743,2026/01/23 15:57:24
5441,592.99,16030.1,-433.747,2026/01/23 15:57:25
5442,593.1,16015.4,-433.816,2026/01/23 15:57:25
5443,593.21,15999,-438.214,2026/01/23 15:57:25
5444,593.32,15984.4,-434.912,2026/01/23 15:57:25
5445,593.43,16985.6,-585.968,2026/01/23 15:57:25
5446,593.54,20416.9,-427.646,2026/01/23 15:57:25
5447,593.65,20595,-373.505,2026/01/23 15:57:25
5448,593.76,20574.7,-383.099,2026/01/23 15:57:25
5449,593.86,20576.9,-374.991,2026/01/23 15:57:25
5450,593.97,20571.7,-391.577,2026/01/23 15:57:26
5451,594.08,20575.2,-374.022,2026/01/23 15:57:26
5452,594.19,20569.1,-391.557,2026/01/23 15:57:26
5453,594.3,20586.3,-382.06,2026/01/23 15:57:26
5454,594.41,20574.2,-385.99,2026/01/23 15:57:26
5455,594.52,20587.6,-380.29,2026/01/23 15:57:26
5456,594.63,18943.7,-145.697,2026/01/23 15:57:26
5457,594.74,16355.5,-417.143,2026/01/23 15:57:26
5458,594.84,16206,-445.543,2026/01/23 15:57:26
5459,594.95,16143.7,-436.975,2026/01/23 15:57:26
5460,595.06,16115,-438.518,2026/01/23 15:57:27
5461,595.17,16081,-439.141,2026/01/23 15:57:27
5462,595.28,16059.4,-437.577,2026/01/23 15:57:27
5463,595.39,16040.2,-434.895,2026/01/23 15:57:27
5464,595.5,16019.9,-438.522,2026/01/23 15:57:27
5465,595.61,16002.5,-432.792,2026/01/23 15:57:27
5466,595.72,15992.5,-436.479,2026/01/23 15:57:27
5467,595.83,16076.8,-443.863,2026/01/23 15:57:27
5468,595.94,19487.3,-524.141,2026/01/23 15:57:27
5469,596.04,20585.9,-371.729,2026/01/23 15:57:28
5470,596.15,20578,-383.996,2026/01/23 15:57:28
5471,596.26,20582.3,-374.739,2026/01/23 15:57:28
5472,596.37,20569.9,-388.067,2026/01/23 15:57:28
5473,596.48,20570.1,-374.448,2026/01/23 15:57:28
5474,596.59,20569.9,-390.787,2026/01/23 15:57:28
5475,596.7,20558.6,-383.759,2026/01/23 15:57:28
5476,596.81,20573.4,-379.158,2026/01/23 15:57:28
5477,596.92,20550.9,-382.852,2026/01/23 15:57:28
5478,597.03,20348.5,-297.402,2026/01/23 15:57:29
5479,597.13,16675.2,-350.923,2026/01/23 15:57:29
5480,597.24,16207.8,-442.755,2026/01/23 15:57:29
5481,597.35,16143,-440.76,2026/01/23 15:57:29
5482,597.46,16104.7,-439.183,2026/01/23 15:57:29
5483,597.57,16065.3,-438.263,2026/01/23 15:57:29
5484,597.68,16045.6,-437.727,2026/01/23 15:57:29
5485,597.79,16013.5,-435.745,2026/01/23 15:57:29
5486,597.9,16003.3,-436.405,2026/01/23 15:57:29
5487,598.01,15981.8,-434.542,2026/01/23 15:57:30
5488,598.11,15968.6,-436.141,2026/01/23 15:57:30
5489,598.23,15962,-432.348,2026/01/23 15:57:30
5490,598.33,17682.4,-603.953,2026/01/23 15:57:30
5491,598.44,20527.4,-391.404,2026/01/23 15:57:30
5492,598.55,20562.1,-375.527,2026/01/23 15:57:30
5493,598.66,20544,-379.358,2026/01/23 15:57:30
5494,598.77,20550.9,-381.492,2026/01/23 15:57:30
5495,598.88,20542.8,-391.825,2026/01/23 15:57:30
5496,598.99,20548.1,-380.923,2026/01/23 15:57:31
5497,599.1,20544.6,-388.792,2026/01/23 15:57:31
5498,599.21,20553.2,-379.186,2026/01/23 15:57:31
5499,599.31,20541.8,-396.409,2026/01/23 15:57:31
5500,599.42,20559.9,-374.788,2026/01/23 15:57:31
5501,599.53,18111.9,-142.596,2026/01/23 15:57:31
5502,599.64,16271.2,-428.843,2026/01/23 15:57:31
5503,599.75,16158.4,-442.82,2026/01/23 15:57:31
5504,599.86,16113.9,-438.956,2026/01/23 15:57:31
5505,599.97,16078.9,-442.267,2026/01/23 15:57:32
5506,600.08,16045.6,-436.018,2026/01/23 15:57:32
5507,600.19,16028.3,-436.677,2026/01/23 15:57:32
5508,600.29,16006.8,-434.051,2026/01/23 15:57:32
5509,600.4,15991.6,-434.308,2026/01/23 15:57:32
5510,600.51,15978.2,-433.633,2026/01/23 15:57:32
5511,600.62,15962,-436.729,2026/01/23 15:57:32
5512,600.73,16187.1,-470.333,2026/01/23 15:57:32
5513,600.84,19867.2,-500.506,2026/01/23 15:57:32
5514,600.95,20563,-363.753,2026/01/23 15:57:32
5515,601.06,20547.8,-385.599,2026/01/23 15:57:33
5516,601.17,20554.7,-370.279,2026/01/23 15:57:33
5517,601.27,20539.2,-388.173,2026/01/23 15:57:33
5518,601.38,20550.7,-371.259,2026/01/23 15:57:33
5519,601.49,20541.4,-392.02,2026/01/23 15:57:33
5520,601.6,20550.2,-378.377,2026/01/23 15:57:33
5521,601.71,20546.4,-394.226,2026/01/23 15:57:33
5522,601.82,20549.6,-381.328,2026/01/23 15:57:33
5523,601.93,19990.6,-238.371,2026/01/23 15:57:33
5524,602.04,16487.5,-385.71,2026/01/23 15:57:34
5525,602.15,16191.7,-441.795,2026/01/23 15:57:34
5526,602.26,16125.2,-441.472,2026/01/23 15:57:34
5527,602.37,16087.1,-442.782,2026/01/23 15:57:34
5528,602.48,16055.8,-437.065,2026/01/23 15:57:34
5529,602.58,16035.2,-436.921,2026/01/23 15:57:34
5530,602.69,16007.5,-435.749,2026/01/23 15:57:34
5531,602.8,15998.2,-436.123,2026/01/23 15:57:34
5532,602.91,15973.7,-436.567,2026/01/23 15:57:34
5533,603.02,15970.8,-438.117,2026/01/23 15:57:35
5534,603.13,15966.5,-440.813,2026/01/23 15:57:35
5535,603.24,18420,-575.02,2026/01/23 15:57:35
5536,603.35,20552.5,-371.598,2026/01/23 15:57:35
5537,603.46,20545.8,-377.066,2026/01/23 15:57:35
5538,603.57,20552.2,-376.913,2026/01/23 15:57:35
5539,603.67,20552.8,-385.813,2026/01/23 15:57:35
5540,603.78,20540.8,-380.494,2026/01/23 15:57:35
5541,603.89,20554.1,-381.45,2026/01/23 15:57:35
5542,604,20543.9,-389.942,2026/01/23 15:57:36
5543,604.11,20558.6,-374.067,2026/01/23 15:57:36
5544,604.22,20553.9,-394.716,2026/01/23 15:57:36
5545,604.33,20549.8,-367.007,2026/01/23 15:57:36
5546,604.44,17356.8,-211.128,2026/01/23 15:57:36
5547,604.55,16246.2,-436.872,2026/01/23 15:57:36
5548,604.66,16155,-444.503,2026/01/23 15:57:36
5549,604.76,16122.2,-436.987,2026/01/23 15:57:36
5550,604.87,16076.9,-440.599,2026/01/23 15:57:36
5551,604.98,16057.3,-432.237,2026/01/23 15:57:37
5552,605.09,16034.7,-441.475,2026/01/23 15:57:37
5553,605.2,16010.9,-431.09,2026/01/23 15:57:37
5554,605.31,16000.6,-435.129,2026/01/23 15:57:37
5555,605.42,15975.3,-433.91,2026/01/23 15:57:37
5556,605.53,15969.3,-433.938,2026/01/23 15:57:37
5557,605.64,16580,-552.751,2026/01/23 15:57:37
5558,605.74,20250.1,-455.765,2026/01/23 15:57:37
5559,605.85,20559.8,-371.253,2026/01/23 15:57:37
5560,605.96,20556.9,-391.043,2026/01/23 15:57:38
5561,606.07,20548.7,-375.569,2026/01/23 15:57:38
5562,606.18,20547.5,-391.949,2026/01/23 15:57:38
5563,606.29,20547,-378.922,2026/01/23 15:57:38
5564,606.4,20544.6,-393.911,2026/01/23 15:57:38
5565,606.51,20552,-376.208,2026/01/23 15:57:38
5566,606.62,20537.2,-393.373,2026/01/23 15:57:38
5567,606.73,20553.1,-375.459,2026/01/23 15:57:38
5568,606.83,19388.9,-186.126,2026/01/23 15:57:38
5569,606.94,16374,-407.14,2026/01/23 15:57:38
5570,607.05,16182,-444.911,2026/01/23 15:57:39
5571,607.16,16115,-441.188,2026/01/23 15:57:39
5572,607.27,16089.6,-439.518,2026/01/23 15:57:39
5573,607.38,16053.3,-438.357,2026/01/23 15:57:39
5574,607.49,16031.8,-435.644,2026/01/23 15:57:39
5575,607.6,16007.6,-431.763,2026/01/23 15:57:39
5576,607.71,15995.1,-441.311,2026/01/23 15:57:39
5577,607.82,15974.7,-433.429,2026/01/23 15:57:39
5578,607.93,15969.7,-435.023,2026/01/23 15:57:39
5579,608.03,16002.4,-445.109,2026/01/23 15:57:40
5580,608.14,19042.8,-545.599,2026/01/23 15:57:40
5581,608.25,20558.4,-373.366,2026/01/23 15:57:40
5582,608.36,20546.1,-379.425,2026/01/23 15:57:40
5583,608.47,20552.8,-384.832,2026/01/23 15:57:40
5584,608.58,20539.5,-384.469,2026/01/23 15:57:40
5585,608.69,20538.8,-383.669,2026/01/23 15:57:40
5586,608.8,20551.4,-387.73,2026/01/23 15:57:40
5587,608.9,20541.1,-383.749,2026/01/23 15:57:40
5588,609.02,20550.2,-380.674,2026/01/23 15:57:41
5589,609.12,20543.3,-391.672,2026/01/23 15:57:41
5590,609.23,20457.7,-327.333,2026/01/23 15:57:41
5591,609.34,16878.1,-301.019,2026/01/23 15:57:41
5592,609.45,16213.7,-436.626,2026/01/23 15:57:41
5593,609.56,16140.6,-445.265,2026/01/23 15:57:41
5594,609.67,16107.6,-438.19,2026/01/23 15:57:41
5595,609.78,16064.8,-441.448,2026/01/23 15:57:41
5596,609.89,16039.1,-434.774,2026/01/23 15:57:41
5597,610,16016.2,-443.281,2026/01/23 15:57:42
5598,610.1,15996.1,-429.701,2026/01/23 15:57:42
5599,610.21,15983.2,-439.044,2026/01/23 15:57:42
5600,610.32,15961.4,-437.404,2026/01/23 15:57:42
5601,610.43,15952.5,-431.872,2026/01/23 15:57:42
5602,610.54,17125.7,-600.381,2026/01/23 15:57:42
5603,610.65,20424.9,-417.216,2026/01/23 15:57:42
5604,610.76,20529.3,-377.234,2026/01/23 15:57:42
5605,610.87,20531.4,-381.496,2026/01/23 15:57:42
5606,610.98,20512.3,-378.054,2026/01/23 15:57:43
5607,611.08,20527.7,-385.364,2026/01/23 15:57:43
5608,611.19,20510.7,-376.628,2026/01/23 15:57:43
5609,611.3,20513,-386.447,2026/01/23 15:57:43
5610,611.41,20516,-379.878,2026/01/23 15:57:43
5611,611.52,20508.1,-394.284,2026/01/23 15:57:43
5612,611.63,20515,-377.232,2026/01/23 15:57:43
5613,611.74,18673.7,-136.555,2026/01/23 15:57:43
5614,611.85,16280.2,-424.736,2026/01/23 15:57:43
5615,611.96,16146.7,-441.732,2026/01/23 15:57:43
5616,612.07,16093.5,-443.474,2026/01/23 15:57:44
5617,612.17,16065.3,-433.458,2026/01/23 15:57:44
5618,612.28,16033.4,-440.905,2026/01/23 15:57:44
5619,612.39,16016.4,-432.568,2026/01/23 15:57:44
5620,612.5,15990.6,-440.328,2026/01/23 15:57:44
5621,612.61,15982.1,-433.889,2026/01/23 15:57:44
5622,612.72,15960.1,-439.649,2026/01/23 15:57:44
5623,612.83,15959.7,-435.886,2026/01/23 15:57:44
5624,612.94,16067.1,-456.947,2026/01/23 15:57:44
5625,613.05,19549.3,-514.245,2026/01/23 15:57:45
5626,613.16,20552.7,-375.46,2026/01/23 15:57:45
5627,613.27,20533.1,-377.366,2026/01/23 15:57:45
5628,613.37,20546.8,-380.772,2026/01/23 15:57:45
5629,613.48,20527.4,-385.317,2026/01/23 15:57:45
5630,613.59,20543.4,-383.255,2026/01/23 15:57:45
5631,613.7,20537,-384.52,2026/01/23 15:57:45
5632,613.81,20545.3,-384.334,2026/01/23 15:57:45
5633,613.92,20536.8,-384.688,2026/01/23 15:57:45
5634,614.03,20545.1,-388.742,2026/01/23 15:57:46
5635,614.14,20199.3,-271.569,2026/01/23 15:57:46
5636,614.25,16589.1,-364.312,2026/01/23 15:57:46
5637,614.36,16188.8,-445.231,2026/01/23 15:57:46
5638,614.47,16132.6,-442.944,2026/01/23 15:57:46
5639,614.57,16095.5,-439.638,2026/01/23 15:57:46
5640,614.68,16057.5,-442.34,2026/01/23 15:57:46
5641,614.79,16033.8,-436.374,2026/01/23 15:57:46
5642,614.9,16018.1,-434.813,2026/01/23 15:57:46
5643,615.01,15995.1,-437.349,2026/01/23 15:57:47
5644,615.12,15979.8,-431.614,2026/01/23 15:57:47
5645,615.23,15962,-439.309,2026/01/23 15:57:47
5646,615.34,15959.2,-429.395,2026/01/23 15:57:47
5647,615.45,17874.9,-606.437,2026/01/23 15:57:47
5648,615.56,20514.6,-380.349,2026/01/23 15:57:47
5649,615.66,20521.8,-390.194,2026/01/23 15:57:47
5650,615.77,20530.9,-367.987,2026/01/23 15:57:47
5651,615.88,20510.1,-380.936,2026/01/23 15:57:47
5652,615.99,20518.9,-376.621,2026/01/23 15:57:48
5653,616.1,20508.7,-392.46,2026/01/23 15:57:48
5654,616.21,20504.2,-376.97,2026/01/23 15:57:48
5655,616.32,20518.4,-390.435,2026/01/23 15:57:48
5656,616.43,20503.2,-382.657,2026/01/23 15:57:48
5657,616.53,20521,-379.792,2026/01/23 15:57:48
5658,616.64,17829.5,-157.052,2026/01/23 15:57:48
5659,616.75,16233.6,-435.604,2026/01/23 15:57:48
5660,616.86,16132.2,-438.197,2026/01/23 15:57:48
5661,616.97,16090.5,-443.965,2026/01/23 15:57:49
5662,617.08,16050.4,-435.814,2026/01/23 15:57:49
5663,617.19,16025.9,-441.901,2026/01/23 15:57:49
5664,617.3,16001.5,-437.494,2026/01/23 15:57:49
5665,617.41,15982,-433.053,2026/01/23 15:57:49
5666,617.52,15974,-434.952,2026/01/23 15:57:49
5667,617.63,15946.4,-436.613,2026/01/23 15:57:49
5668,617.73,15940,-430.367,2026/01/23 15:57:49
5669,617.84,16258.3,-503.167,2026/01/23 15:57:49
5670,617.95,19974.1,-473.893,2026/01/23 15:57:49
5671,618.06,20520.3,-373.345,2026/01/23 15:57:50
5672,618.17,20512.1,-382.484,2026/01/23 15:57:50
5673,618.28,20514.4,-371.706,2026/01/23 15:57:50
5674,618.39,20504.3,-393.285,2026/01/23 15:57:50
5675,618.5,20515,-376.289,2026/01/23 15:57:50
5676,618.61,20503.7,-389.355,2026/01/23 15:57:50
5677,618.72,20516.1,-382.064,2026/01/23 15:57:50
5678,618.82,20506.7,-390.558,2026/01/23 15:57:50
5679,618.93,20522.1,-370.854,2026/01/23 15:57:50
5680,619.04,19753.9,-217.232,2026/01/23 15:57:51
5681,619.15,16428.8,-391.534,2026/01/23 15:57:51
5682,619.26,16170,-445.349,2026/01/23 15:57:51
5683,619.37,16108.7,-440.91,2026/01/23 15:57:51
5684,619.48,16078.5,-439.595,2026/01/23 15:57:51
5685,619.59,16036.3,-439.505,2026/01/23 15:57:51
5686,619.7,16016.2,-440.647,2026/01/23 15:57:51
5687,619.81,15995.3,-433.576,2026/01/23 15:57:51
5688,619.92,15977,-439.1,2026/01/23 15:57:51
5689,620.02,15958.9,-430.515,2026/01/23 15:57:52
5690,620.13,15949.8,-434.628,2026/01/23 15:57:52
5691,620.24,15950.6,-441.021,2026/01/23 15:57:52
5692,620.35,18581.4,-573.623,2026/01/23 15:57:52
5693,620.46,20511.5,-368.779,2026/01/23 15:57:52
5694,620.57,20504.8,-382.918,2026/01/23 15:57:52
5695,620.68,20502.8,-372.715,2026/01/23 15:57:52
5696,620.79,20486.5,-389.403,2026/01/23 15:57:52
5697,620.89,20489.2,-381.646,2026/01/23 15:57:52
5698,621,20487.9,-387.598,2026/01/23 15:57:53
5699,621.11,20483,-378.691,2026/01/23 15:57:53
5700,621.22,20489.6,-383.821,2026/01/23 15:57:53
5701,621.33,20482.1,-386.691,2026/01/23 15:57:53
5702,621.44,20473.5,-356.841,2026/01/23 15:57:53
5703,621.55,17175.6,-236.169,2026/01/23 15:57:53
5704,621.66,16193.3,-438.783,2026/01/23 15:57:53
5705,621.77,16109.4,-443.324,2026/01/23 15:57:53
5706,621.88,16076.8,-436.48,2026/01/23 15:57:53
5707,621.98,16032.5,-444.222,2026/01/23 15:57:54
5708,622.09,16018.1,-438.252,2026/01/23 15:57:54
5709,622.2,15991,-441.559,2026/01/23 15:57:54
5710,622.31,15973.3,-432.899,2026/01/23 15:57:54
5711,622.42,15964.7,-438.77,2026/01/23 15:57:54
5712,622.53,15942.7,-436.262,2026/01/23 15:57:54
5713,622.64,15934.4,-435.276,2026/01/23 15:57:54
5714,622.75,16648.8,-559.424,2026/01/23 15:57:54
5715,622.86,20255.4,-444.92,2026/01/23 15:57:54
5716,622.97,20500.4,-375.271,2026/01/23 15:57:55
5717,623.07,20500.2,-382.522,2026/01/23 15:57:55
5718,623.18,20496.3,-376.346,2026/01/23 15:57:55
5719,623.29,20500.7,-394.762,2026/01/23 15:57:55
5720,623.4,20493,-370.857,2026/01/23 15:57:55
5721,623.51,20493.6,-391.247,2026/01/23 15:57:55
5722,623.62,20502,-376.834,2026/01/23 15:57:55
5723,623.73,20490.1,-390.048,2026/01/23 15:57:55
5724,623.84,20500.1,-371.563,2026/01/23 15:57:55
5725,623.95,19156.1,-171.774,2026/01/23 15:57:55
5726,624.06,16320.7,-412.716,2026/01/23 15:57:56
5727,624.16,16147.6,-446.256,2026/01/23 15:57:56
5728,624.27,16092.1,-438.836,2026/01/23 15:57:56
5729,624.38,16065.7,-436.363,2026/01/23 15:57:56
5730,624.49,16023.6,-440.265,2026/01/23 15:57:56
5731,624.6,16007.3,-436.803,2026/01/23 15:57:56
5732,624.71,15987.2,-435.607,2026/01/23 15:57:56
5733,624.82,15973.6,-438.912,2026/01/23 15:57:56
5734,624.93,15955.1,-438.52,2026/01/23 15:57:56
5735,625.04,15946.3,-438.209,2026/01/23 15:57:57
5736,625.14,15991.1,-446.484,2026/01/23 15:57:57
5737,625.25,19141.5,-538.438,2026/01/23 15:57:57
5738,625.36,20516.2,-377.853,2026/01/23 15:57:57
5739,625.47,20504.9,-379.542,2026/01/23 15:57:57
5740,625.58,20509.2,-378.77,2026/01/23 15:57:57
5741,625.69,20504.1,-385.482,2026/01/23 15:57:57
5742,625.8,20500.2,-382.87,2026/01/23 15:57:57
5743,625.91,20511.9,-383.769,2026/01/23 15:57:57
5744,626.02,20503.8,-388.331,2026/01/23 15:57:58
5745,626.12,20513.7,-378.591,2026/01/23 15:57:58
5746,626.23,20501.8,-396.244,2026/01/23 15:57:58
5747,626.34,20405.8,-317.649,2026/01/23 15:57:58
5748,626.45,16815.2,-311.745,2026/01/23 15:57:58
5749,626.56,16191.4,-440.111,2026/01/23 15:57:58
5750,626.67,16119.6,-443.286,2026/01/23 15:57:58
5751,626.78,16082.6,-438.208,2026/01/23 15:57:58
5752,626.89,16045.4,-442.014,2026/01/23 15:57:58
5753,627,16023.1,-434.297,2026/01/23 15:57:59
5754,627.1,15999.2,-440.049,2026/01/23 15:57:59
5755,627.21,15979.5,-437.137,2026/01/23 15:57:59
5756,627.32,15971.2,-437.184,2026/01/23 15:57:59
5757,627.43,15952.8,-433.742,2026/01/23 15:57:59
5758,627.54,15942.5,-434.432,2026/01/23 15:57:59
5759,627.65,17184.5,-598.927,2026/01/23 15:57:59
5760,627.76,20423.9,-413.973,2026/01/23 15:57:59
5761,627.87,20513.4,-373.918,2026/01/23 15:57:59
5762,627.98,20516.4,-384.455,2026/01/23 15:58:00
5763,628.09,20504.8,-379.81,2026/01/23 15:58:00
5764,628.19,20510.9,-380.559,2026/01/23 15:58:00
5765,628.3,20508.6,-379.344,2026/01/23 15:58:00
5766,628.41,20506.3,-383.136,2026/01/23 15:58:00
5767,628.52,20510.7,-378.812,2026/01/23 15:58:00
5768,628.63,20501.1,-389.887,2026/01/23 15:58:00
5769,628.74,20513.5,-379.924,2026/01/23 15:58:00
5770,628.85,18444.9,-130.571,2026/01/23 15:58:00
5771,628.96,16268.8,-425.674,2026/01/23 15:58:01
5772,629.07,16150.5,-440.587,2026/01/23 15:58:01
5773,629.18,16098.5,-441.626,2026/01/23 15:58:01
5774,629.29,16063.1,-433.563,2026/01/23 15:58:01
5775,629.4,16034.4,-440.712,2026/01/23 15:58:01
5776,629.51,16006.7,-433.694,2026/01/23 15:58:01
5777,629.61,15989.5,-444.573,2026/01/23 15:58:01
5778,629.73,15972.5,-436.366,2026/01/23 15:58:01
5779,629.83,15956,-437.609,2026/01/23 15:58:01
5780,629.94,15944.7,-429.483,2026/01/23 15:58:01
5781,630.05,16113.7,-473.869,2026/01/23 15:58:02
5782,630.16,19723.7,-490.728,2026/01/23 15:58:02
5783,630.27,20507.6,-383.007,2026/01/23 15:58:02
5784,630.38,20485.5,-372.029,2026/01/23 15:58:02
5785,630.49,20497.1,-381.273,2026/01/23 15:58:02
5786,630.6,20468.7,-386.563,2026/01/23 15:58:02
5787,630.71,20480.9,-380.515,2026/01/23 15:58:02
5788,630.81,20464.6,-390.083,2026/01/23 15:58:02
5789,630.92,20479.1,-385.261,2026/01/23 15:58:02
5790,631.03,20469.1,-376.856,2026/01/23 15:58:03
5791,631.14,20480,-389.086,2026/01/23 15:58:03
5792,631.25,20024.3,-251.497,2026/01/23 15:58:03
5793,631.36,16497.9,-375.588,2026/01/23 15:58:03
5794,631.47,16151.7,-447.368,2026/01/23 15:58:03
5795,631.58,16094.3,-439.689,2026/01/23 15:58:03
5796,631.69,16054.6,-444.469,2026/01/23 15:58:03
5797,631.8,16022.8,-437.988,2026/01/23 15:58:03
5798,631.91,16007,-442.257,2026/01/23 15:58:03
5799,632.01,15977.9,-442.563,2026/01/23 15:58:04
5800,632.12,15965.6,-436.279,2026/01/23 15:58:04
5801,632.23,15948.5,-434.643,2026/01/23 15:58:04
5802,632.34,15938.3,-440.51,2026/01/23 15:58:04
5803,632.45,15932.6,-435.527,2026/01/23 15:58:04
5804,632.56,18172,-595.325,2026/01/23 15:58:04
5805,632.67,20483.6,-373.83,2026/01/23 15:58:04
5806,632.78,20495.5,-377.483,2026/01/23 15:58:04
5807,632.89,20484.7,-376.772,2026/01/23 15:58:04
5808,633,20478.2,-382.612,2026/01/23 15:58:05
5809,633.11,20484.7,-378.558,2026/01/23 15:58:05
5810,633.21,20474.4,-386.653,2026/01/23 15:58:05
5811,633.32,20484.3,-384.705,2026/01/23 15:58:05
5812,633.43,20489.4,-385.679,2026/01/23 15:58:05
5813,633.54,20483.6,-386.807,2026/01/23 15:58:05
5814,633.65,20493.4,-375.144,2026/01/23 15:58:05
5815,633.76,17523.9,-184.586,2026/01/23 15:58:05
5816,633.87,16216.2,-434.672,2026/01/23 15:58:05
5817,633.98,16127.5,-450.225,2026/01/23 15:58:06
5818,634.08,16091,-438.193,2026/01/23 15:58:06
5819,634.19,16047.5,-443.246,2026/01/23 15:58:06
5820,634.3,16031.2,-434.62,2026/01/23 15:58:06
5821,634.41,15999.2,-441.19,2026/01/23 15:58:06
5822,634.52,15990.2,-435.711,2026/01/23 15:58:06
5823,634.63,15969.1,-442.043,2026/01/23 15:58:06
5824,634.74,15956.1,-432.915,2026/01/23 15:58:06
5825,634.85,15948.9,-440.026,2026/01/23 15:58:06
5826,634.96,16432.5,-537.242,2026/01/23 15:58:07
5827,635.07,20135.9,-458.384,2026/01/23 15:58:07
5828,635.18,20487.6,-383.337,2026/01/23 15:58:07
5829,635.29,20496.1,-375.244,2026/01/23 15:58:07
5830,635.4,20476.7,-382.685,2026/01/23 15:58:07
5831,635.51,20483.1,-382.309,2026/01/23 15:58:07
5832,635.61,20475.1,-380.054,2026/01/23 15:58:07
5833,635.72,20486.9,-384.229,2026/01/23 15:58:07
5834,635.83,20470.9,-388.018,2026/01/23 15:58:07
5835,635.94,20479.4,-380.423,2026/01/23 15:58:07
5836,636.05,20477.8,-388.353,2026/01/23 15:58:08
5837,636.16,19394.4,-177.414,2026/01/23 15:58:08
5838,636.27,16351,-408.217,2026/01/23 15:58:08
5839,636.38,16144.8,-444.537,2026/01/23 15:58:08
5840,636.49,16096,-444.181,2026/01/23 15:58:08
5841,636.6,16057.8,-438.034,2026/01/23 15:58:08
5842,636.71,16025,-442.938,2026/01/23 15:58:08
5843,636.81,16004.3,-436.504,2026/01/23 15:58:08
5844,636.92,15985.8,-440.779,2026/01/23 15:58:08
5845,637.03,15966.3,-431.249,2026/01/23 15:58:09
5846,637.14,15955.9,-439.786,2026/01/23 15:58:09
5847,637.25,15938.7,-437.716,2026/01/23 15:58:09
5848,637.36,15977.3,-442.892,2026/01/23 15:58:09
5849,637.47,19026.3,-550.185,2026/01/23 15:58:09
5850,637.58,20492.4,-377.954,2026/01/23 15:58:09
5851,637.69,20489.3,-372.612,2026/01/23 15:58:09
5852,637.8,20472.6,-387.171,2026/01/23 15:58:09
5853,637.91,20468.5,-372.569,2026/01/23 15:58:09
5854,638.01,20477.1,-386.069,2026/01/23 15:58:10
5855,638.12,20464.3,-379.84,2026/01/23 15:58:10
5856,638.23,20473.3,-382.318,2026/01/23 15:58:10
5857,638.34,20467.6,-394.738,2026/01/23 15:58:10
5858,638.45,20478.9,-374.921,2026/01/23 15:58:10
5859,638.56,20374.9,-341.773,2026/01/23 15:58:10
5860,638.67,16815.2,-298.178,2026/01/23 15:58:10
5861,638.78,16171.1,-447.096,2026/01/23 15:58:10
5862,638.89,16120.7,-438.999,2026/01/23 15:58:10
5863,639,16069.3,-446.468,2026/01/23 15:58:11
5864,639.11,16041,-433.114,2026/01/23 15:58:11
5865,639.21,16018.1,-444.303,2026/01/23 15:58:11
5866,639.32,15989,-433.394,2026/01/23 15:58:11
5867,639.43,15977.3,-439.697,2026/01/23 15:58:11
5868,639.54,15953.2,-438.04,2026/01/23 15:58:11
5869,639.65,15944.1,-432.582,2026/01/23 15:58:11
5870,639.76,15928.5,-435.833,2026/01/23 15:58:11
5871,639.87,17130.9,-603.426,2026/01/23 15:58:11
5872,639.98,20372.5,-405.972,2026/01/23 15:58:12
5873,640.09,20468.9,-381.231,2026/01/23 15:58:12
5874,640.2,20449.3,-376.13,2026/01/23 15:58:12
5875,640.3,20451.6,-377.905,2026/01/23 15:58:12
5876,640.41,20446.5,-376.342,2026/01/23 15:58:12
5877,640.52,20438.3,-381.887,2026/01/23 15:58:12
5878,640.63,20450.4,-381.398,2026/01/23 15:58:12
5879,640.74,20444.5,-384.415,2026/01/23 15:58:12
5880,640.85,20445.5,-379.237,2026/01/23 15:58:12
5881,640.96,20456.8,-387.4,2026/01/23 15:58:13
5882,641.07,18558.1,-131.282,2026/01/23 15:58:13
5883,641.18,16251.2,-420.793,2026/01/23 15:58:13
5884,641.28,16118.4,-449.237,2026/01/23 15:58:13
5885,641.39,16076.8,-435.646,2026/01/23 15:58:13
5886,641.5,16039.8,-444.781,2026/01/23 15:58:13
5887,641.61,16021.3,-436.543,2026/01/23 15:58:13
5888,641.72,15989.2,-441.184,2026/01/23 15:58:13
5889,641.83,15979.3,-437.813,2026/01/23 15:58:13
5890,641.94,15953.7,-440.251,2026/01/23 15:58:13
5891,642.05,15945.6,-432.229,2026/01/23 15:58:14
5892,642.16,15932.8,-440.476,2026/01/23 15:58:14
5893,642.27,16042.6,-450.483,2026/01/23 15:58:14
5894,642.37,19527.5,-511.853,2026/01/23 15:58:14
5895,642.48,20463.4,-374.448,2026/01/23 15:58:14
5896,642.59,20470.5,-378.856,2026/01/23 15:58:14
5897,642.7,20447.6,-384.11,2026/01/23 15:58:14
5898,642.81,20446.7,-387.396,2026/01/23 15:58:14
5899,642.92,20445.3,-377.739,2026/01/23 15:58:14
5900,643.03,20448.8,-384.181,2026/01/23 15:58:15
5901,643.14,20436,-381.298,2026/01/23 15:58:15
5902,643.25,20449.5,-388.314,2026/01/23 15:58:15
5903,643.36,20436.2,-386.028,2026/01/23 15:58:15
5904,643.46,20113,-278.622,2026/01/23 15:58:15
5905,643.57,16530.2,-364.564,2026/01/23 15:58:15
5906,643.68,16139,-446.626,2026/01/23 15:58:15
5907,643.79,16084.8,-437.78,2026/01/23 15:58:15
5908,643.9,16045.7,-446.931,2026/01/23 15:58:15
5909,644.01,16012.5,-438.665,2026/01/23 15:58:16
5910,644.12,15991.3,-441.999,2026/01/23 15:58:16
5911,644.23,15965.3,-445.198,2026/01/23 15:58:16
5912,644.34,15957.3,-434.555,2026/01/23 15:58:16
5913,644.44,15933.4,-444.775,2026/01/23 15:58:16
5914,644.55,15927.8,-434.675,2026/01/23 15:58:16
5915,644.66,15904.8,-438.078,2026/01/23 15:58:16
5916,644.77,17731.7,-601.941,2026/01/23 15:58:16
5917,644.88,20424.5,-393.351,2026/01/23 15:58:16
5918,644.99,20457.4,-370.7,2026/01/23 15:58:17
5919,645.1,20441.4,-389.678,2026/01/23 15:58:17
5920,645.21,20443.4,-371.796,2026/01/23 15:58:17
5921,645.32,20439.5,-382.717,2026/01/23 15:58:17
5922,645.42,20435.3,-385.702,2026/01/23 15:58:17
5923,645.53,20442.9,-381.51,2026/01/23 15:58:17
5924,645.64,20444.2,-386.671,2026/01/23 15:58:17
5925,645.75,20441.1,-389.156,2026/01/23 15:58:17
5926,645.86,20447.2,-382.833,2026/01/23 15:58:17
5927,645.97,17901,-154.362,2026/01/23 15:58:18
5928,646.08,16211.8,-429.303,2026/01/23 15:58:18
5929,646.19,16111.1,-450.601,2026/01/23 15:58:18
5930,646.3,16064.5,-439.447,2026/01/23 15:58:18
5931,646.4,16027.3,-443.006,2026/01/23 15:58:18
5932,646.51,16008,-433.781,2026/01/23 15:58:18
5933,646.62,15978.4,-444.509,2026/01/23 15:58:18
5934,646.73,15966.8,-432.625,2026/01/23 15:58:18
5935,646.84,15946.2,-441.48,2026/01/23 15:58:18
5936,646.95,15934.9,-433.682,2026/01/23 15:58:18
5937,647.06,15923.7,-435.254,2026/01/23 15:58:19
5938,647.17,16177.7,-484.69,2026/01/23 15:58:19
5939,647.28,19876.6,-486.297,2026/01/23 15:58:19
5940,647.38,20459.2,-374.185,2026/01/23 15:58:19
5941,647.49,20453.4,-378.002,2026/01/23 15:58:19
5942,647.6,20452.3,-372.628,2026/01/23 15:58:19
5943,647.71,20441.9,-391.84,2026/01/23 15:58:19
5944,647.82,20446,-380.695,2026/01/23 15:58:19
5945,647.93,20448.1,-387.905,2026/01/23 15:58:19
5946,648.04,20442.7,-376.483,2026/01/23 15:58:20
5947,648.15,20449.8,-393.847,2026/01/23 15:58:20
5948,648.26,20455.7,-378.133,2026/01/23 15:58:20
5949,648.37,19813.4,-230.318,2026/01/23 15:58:20
5950,648.47,16430.2,-386.942,2026/01/23 15:58:20
5951,648.58,16147.6,-446.085,2026/01/23 15:58:20
5952,648.69,16102.1,-434.625,2026/01/23 15:58:20
5953,648.8,16057.7,-443.496,2026/01/23 15:58:20
5954,648.91,16029,-435.835,2026/01/23 15:58:20
5955,649.02,16008.9,-445.776,2026/01/23 15:58:21
5956,649.13,15980.7,-436.627,2026/01/23 15:58:21
5957,649.24,15973.7,-436.791,2026/01/23 15:58:21
5958,649.35,15949.8,-440.42,2026/01/23 15:58:21
5959,649.46,15939,-440.055,2026/01/23 15:58:21
5960,649.56,15943.8,-438.661,2026/01/23 15:58:21
5961,649.67,18347.4,-582.506,2026/01/23 15:58:21
5962,649.78,20474.5,-374.431,2026/01/23 15:58:21
5963,649.89,20460.9,-382.18,2026/01/23 15:58:21
5964,650,20452.4,-375.425,2026/01/23 15:58:22
5965,650.11,20449.1,-383.564,2026/01/23 15:58:22
5966,650.22,20447.4,-368.217,2026/01/23 15:58:22
5967,650.33,20445.6,-391.117,2026/01/23 15:58:22
5968,650.44,20446,-373.825,2026/01/23 15:58:22
5969,650.54,20437,-391.774,2026/01/23 15:58:22
5970,650.65,20446.9,-375.177,2026/01/23 15:58:22
5971,650.76,20426.9,-378.813,2026/01/23 15:58:22
5972,650.87,17285.9,-205.715,2026/01/23 15:58:22
5973,650.98,16179.2,-445.836,2026/01/23 15:58:23
5974,651.09,16109.8,-441.939,2026/01/23 15:58:23
5975,651.2,16070.3,-445.377,2026/01/23 15:58:23
5976,651.31,16030.7,-437.203,2026/01/23 15:58:23
5977,651.42,16013.5,-437.316,2026/01/23 15:58:23
5978,651.53,15989.3,-438.227,2026/01/23 15:58:23
5979,651.64,15969.3,-438.419,2026/01/23 15:58:23
5980,651.74,15956.7,-436.083,2026/01/23 15:58:23
5981,651.85,15940.4,-439.286,2026/01/23 15:58:23
5982,651.96,15934.9,-433.179,2026/01/23 15:58:24
5983,652.07,16538.9,-557.81,2026/01/23 15:58:24
5984,652.18,20173.6,-439.926,2026/01/23 15:58:24
5985,652.29,20448.8,-388.301,2026/01/23 15:58:24
5986,652.4,20452.6,-372.458,2026/01/23 15:58:24
5987,652.51,20439.5,-388.135,2026/01/23 15:58:24
5988,652.62,20447.3,-376.941,2026/01/23 15:58:24
5989,652.73,20431.4,-387.885,2026/01/23 15:58:24
5990,652.84,20445.9,-381.595,2026/01/23 15:58:24
5991,652.94,20426.7,-387.511,2026/01/23 15:58:24
5992,653.05,20451.3,-385.622,2026/01/23 15:58:25
5993,653.16,20436.1,-388.654,2026/01/23 15:58:25
5994,653.27,19229.7,-169.133,2026/01/23 15:58:25
5995,653.38,16315.4,-416.485,2026/01/23 15:58:25
5996,653.49,16134.1,-447.517,2026/01/23 15:58:25
5997,653.6,16089.5,-436.853,2026/01/23 15:58:25
5998,653.71,16043.4,-443.863,2026/01/23 15:58:25
5999,653.82,16024,-433.201,2026/01/23 15:58:25
6000,653.92,15998.5,-447.121,2026/01/23 15:58:25
6001,654.03,15981.3,-434.385,2026/01/23 15:58:26
6002,654.14,15963.3,-443.565,2026/01/23 15:58:26
6003,654.25,15946.9,-431.388,2026/01/23 15:58:26
6004,654.36,15941.7,-440.724,2026/01/23 15:58:26
6005,654.47,15975.5,-443.945,2026/01/23 15:58:26
6006,654.58,19036,-544.809,2026/01/23 15:58:26
6007,654.69,20461.9,-379.135,2026/01/23 15:58:26
6008,654.8,20451.6,-384.748,2026/01/23 15:58:26
6009,654.9,20448.9,-372.061,2026/01/23 15:58:26
6010,655.01,20437.3,-384.557,2026/01/23 15:58:27
6011,655.12,20440.7,-379.842,2026/01/23 15:58:27
6012,655.23,20438.1,-387.198,2026/01/23 15:58:27
6013,655.34,20440.9,-372.05,2026/01/23 15:58:27
6014,655.45,20433.7,-391.395,2026/01/23 15:58:27
6015,655.56,20445,-375.834,2026/01/23 15:58:27
6016,655.67,20318.6,-338.184,2026/01/23 15:58:27
6017,655.78,16757.3,-306.912,2026/01/23 15:58:27
6018,655.89,16157.5,-445.033,2026/01/23 15:58:27
6019,656,16103.5,-440.741,2026/01/23 15:58:28
6020,656.11,16055.6,-440.917,2026/01/23 15:58:28
6021,656.22,16034.2,-441.093,2026/01/23 15:58:28
6022,656.32,16000.6,-436.359,2026/01/23 15:58:28
6023,656.43,15990.1,-440.584,2026/01/23 15:58:28
6024,656.54,15963.2,-436.593,2026/01/23 15:58:28
6025,656.65,15946.8,-442.212,2026/01/23 15:58:28
6026,656.76,15935.7,-433.907,2026/01/23 15:58:28
6027,656.87,15919.4,-440.993,2026/01/23 15:58:28
6028,656.98,17222.4,-605.525,2026/01/23 15:58:29
6029,657.09,20359,-407.963,2026/01/23 15:58:29
6030,657.2,20439.9,-373.578,2026/01/23 15:58:29
6031,657.31,20424.4,-387.065,2026/01/23 15:58:29
6032,657.42,20429.4,-373.978,2026/01/23 15:58:29
6033,657.52,20428.5,-391.169,2026/01/23 15:58:29
6034,657.63,20424.5,-377.997,2026/01/23 15:58:29
6035,657.74,20428.4,-380.843,2026/01/23 15:58:29
6036,657.85,20423.9,-380.428,2026/01/23 15:58:29
6037,657.96,20435.5,-389.71,2026/01/23 15:58:30
6038,658.07,20426.7,-380.392,2026/01/23 15:58:30
6039,658.18,18337.4,-129.506,2026/01/23 15:58:30
6040,658.29,16236.3,-433.869,2026/01/23 15:58:30
6041,658.4,16120.2,-444.879,2026/01/23 15:58:30
6042,658.5,16077.7,-441.066,2026/01/23 15:58:30
6043,658.62,16037.2,-441.338,2026/01/23 15:58:30
6044,658.72,16015.9,-440.492,2026/01/23 15:58:30
6045,658.83,15989.9,-443.185,2026/01/23 15:58:30
6046,658.94,15979.3,-435.976,2026/01/23 15:58:30
6047,659.05,15951.4,-442.799,2026/01/23 15:58:31
6048,659.16,15945.9,-437.005,2026/01/23 15:58:31
6049,659.27,15927.8,-442.743,2026/01/23 15:58:31
6050,659.38,16086.4,-462.542,2026/01/23 15:58:31
6051,659.49,19651.7,-499.737,2026/01/23 15:58:31
6052,659.6,20441.8,-385.258,2026/01/23 15:58:31
6053,659.71,20433.4,-377.494,2026/01/23 15:58:31
6054,659.81,20423.9,-387.357,2026/01/23 15:58:31
6055,659.92,20416.1,-380.439,2026/01/23 15:58:31
6056,660.03,20416.3,-394.866,2026/01/23 15:58:32
6057,660.14,20417.7,-369.99,2026/01/23 15:58:32
6058,660.25,20409.2,-392.984,2026/01/23 15:58:32
6059,660.36,20421.6,-384.802,2026/01/23 15:58:32
6060,660.47,20406,-385.419,2026/01/23 15:58:32
6061,660.58,20002.4,-259.799,2026/01/23 15:58:32
6062,660.69,16474.1,-377.362,2026/01/23 15:58:32
6063,660.79,16143.4,-446.762,2026/01/23 15:58:32
6064,660.9,16084.9,-439.521,2026/01/23 15:58:32
6065,661.01,16057.7,-442.709,2026/01/23 15:58:33
6066,661.12,16022.5,-439.903,2026/01/23 15:58:33
6067,661.23,15994.6,-441.849,2026/01/23 15:58:33
6068,661.34,15981.4,-436.83,2026/01/23 15:58:33
6069,661.45,15954.9,-444.245,2026/01/23 15:58:33
6070,661.56,15952,-435.89,2026/01/23 15:58:33
6071,661.67,15931.1,-443.66,2026/01/23 15:58:33
6072,661.78,15932.5,-437.607,2026/01/23 15:58:33
6073,661.88,18008.4,-601.042,2026/01/23 15:58:33
6074,661.99,20444.1,-377.444,2026/01/23 15:58:34
6075,662.1,20439.6,-386.041,2026/01/23 15:58:34
6076,662.21,20425.3,-382.612,2026/01/23 15:58:34
6077,662.32,20431.3,-382.623,2026/01/23 15:58:34
6078,662.43,20421.5,-383.155,2026/01/23 15:58:34
6079,662.54,20429.8,-378.027,2026/01/23 15:58:34
6080,662.65,20425,-394.03,2026/01/23 15:58:34
6081,662.76,20433,-375.114,2026/01/23 15:58:34
6082,662.87,20434.9,-390.125,2026/01/23 15:58:34
6083,662.97,20433,-377.388,2026/01/23 15:58:35
6084,663.08,17572.5,-177.861,2026/01/23 15:58:35
6085,663.19,16200.3,-436.112,2026/01/23 15:58:35
6086,663.3,16125,-446.079,2026/01/23 15:58:35
6087,663.41,16079.4,-442.966,2026/01/23 15:58:35
6088,663.52,16047.2,-440.616,2026/01/23 15:58:35
6089,663.63,16021.8,-447.668,2026/01/23 15:58:35
6090,663.74,15999.5,-437.568,2026/01/23 15:58:35
6091,663.85,15984.1,-443.711,2026/01/23 15:58:35
6092,663.96,15960.5,-439.374,2026/01/23 15:58:35
6093,664.06,15952.2,-443.49,2026/01/23 15:58:36
6094,664.17,15933.6,-439.473,2026/01/23 15:58:36
6095,664.28,16339.3,-522.388,2026/01/23 15:58:36
6096,664.39,20018.8,-470.485,2026/01/23 15:58:36
6097,664.5,20463.6,-379.098,2026/01/23 15:58:36
6098,664.61,20445.3,-381.432,2026/01/23 15:58:36
6099,664.72,20442,-377.74,2026/01/23 15:58:36
6100,664.83,20439.6,-379.599,2026/01/23 15:58:36
6101,664.94,20425.3,-382.425,2026/01/23 15:58:36
6102,665.05,20443.8,-384.406,2026/01/23 15:58:37
6103,665.15,20435.4,-381.72,2026/01/23 15:58:37
6104,665.26,20440.1,-385.351,2026/01/23 15:58:37
6105,665.37,20437.6,-382.027,2026/01/23 15:58:37
6106,665.48,19505.1,-193.793,2026/01/23 15:58:37
6107,665.59,16360.7,-409.423,2026/01/23 15:58:37
6108,665.7,16156.8,-445.452,2026/01/23 15:58:37
6109,665.81,16101.9,-447.207,2026/01/23 15:58:37
6110,665.92,16067.4,-445.137,2026/01/23 15:58:37
6111,666.03,16041.4,-446.335,2026/01/23 15:58:38
6112,666.14,16013.9,-441.743,2026/01/23 15:58:38
6113,666.24,16003.5,-444.271,2026/01/23 15:58:38
6114,666.35,15976.8,-442.021,2026/01/23 15:58:38
6115,666.46,15973.9,-445.05,2026/01/23 15:58:38
6116,666.57,15947.3,-441.092,2026/01/23 15:58:38
6117,666.68,15975.4,-445.207,2026/01/23 15:58:38
6118,666.79,18729.4,-572.806,2026/01/23 15:58:38
6119,666.9,20467.3,-372.516,2026/01/23 15:58:38
6120,667.01,20459.3,-377.259,2026/01/23 15:58:39
6121,667.12,20439.3,-373.702,2026/01/23 15:58:39
6122,667.22,20446,-386.826,2026/01/23 15:58:39
6123,667.33,20436.8,-380.037,2026/01/23 15:58:39
6124,667.44,20443.7,-391.429,2026/01/23 15:58:39
6125,667.55,20437.3,-380.05,2026/01/23 15:58:39
6126,667.66,20439.5,-392.032,2026/01/23 15:58:39
6127,667.77,20435.9,-389.613,2026/01/23 15:58:39
6128,667.88,20409.4,-350.197,2026/01/23 15:58:39
6129,667.99,17005.7,-269.132,2026/01/23 15:58:40
6130,668.1,16186.1,-442.973,2026/01/23 15:58:40
6131,668.2,16114.5,-449.012,2026/01/23 15:58:40
6132,668.31,16078.1,-443.292,2026/01/23 15:58:40
6133,668.42,16044.5,-446.14,2026/01/23 15:58:40
6134,668.53,16023.9,-441.523,2026/01/23 15:58:40
6135,668.64,16001.9,-442.92,2026/01/23 15:58:40
6136,668.75,15981.8,-445.977,2026/01/23 15:58:40
6137,668.86,15972.1,-437.911,2026/01/23 15:58:40
6138,668.97,15948.1,-447.394,2026/01/23 15:58:41
6139,669.08,15946.6,-437.683,2026/01/23 15:58:41
6140,669.19,16819,-584.163,2026/01/23 15:58:41
6141,669.3,20288.7,-430.761,2026/01/23 15:58:41
6142,669.41,20438.3,-378.735,2026/01/23 15:58:41
6143,669.51,20438.1,-382.778,2026/01/23 15:58:41
6144,669.62,20418.1,-374.141,2026/01/23 15:58:41
6145,669.73,20421.7,-392.263,2026/01/23 15:58:41
6146,669.84,20417.4,-371.558,2026/01/23 15:58:41
6147,669.95,20403.6,-396.233,2026/01/23 15:58:41
6148,670.06,20414.1,-377.702,2026/01/23 15:58:42
6149,670.17,20410.6,-383.433,2026/01/23 15:58:42
6150,670.28,20411.7,-390.251,2026/01/23 15:58:42
6151,670.39,18838.6,-141.409,2026/01/23 15:58:42
6152,670.49,16264.4,-424.246,2026/01/23 15:58:42
6153,670.6,16120.3,-444.994,2026/01/23 15:58:42
6154,670.71,16065.3,-444.808,2026/01/23 15:58:42
6155,670.82,16041.2,-446.364,2026/01/23 15:58:42
6156,670.93,16002,-441.884,2026/01/23 15:58:42
6157,671.04,15987.9,-444.76,2026/01/23 15:58:43
6158,671.15,15963.2,-445.35,2026/01/23 15:58:43
6159,671.26,15946.5,-437.649,2026/01/23 15:58:43
6160,671.37,15929.8,-450.238,2026/01/23 15:58:43
6161,671.47,15918.9,-437.717,2026/01/23 15:58:43
6162,671.58,15981.1,-457.948,2026/01/23 15:58:43
6163,671.69,19248.7,-532.15,2026/01/23 15:58:43
6164,671.8,20408.6,-384.108,2026/01/23 15:58:43
6165,671.91,20407.6,-376.069,2026/01/23 15:58:43
6166,672.02,20387.5,-374.451,2026/01/23 15:58:44
6167,672.13,20375,-391.085,2026/01/23 15:58:44
6168,672.24,20385.2,-376.755,2026/01/23 15:58:44
6169,672.35,20371.2,-388.153,2026/01/23 15:58:44
6170,672.46,20371.9,-388.702,2026/01/23 15:58:44
6171,672.56,20374,-377.995,2026/01/23 15:58:44
6172,672.67,20368.4,-394.325,2026/01/23 15:58:44
6173,672.78,20224.7,-308.208,2026/01/23 15:58:44
6174,672.89,16633.1,-335.422,2026/01/23 15:58:44
6175,673,16117.3,-446.707,2026/01/23 15:58:45
6176,673.11,16053,-445.249,2026/01/23 15:58:45
6177,673.22,16013.5,-443.721,2026/01/23 15:58:45
6178,673.33,15982.7,-451.386,2026/01/23 15:58:45
6179,673.43,15958.6,-443.382,2026/01/23 15:58:45
6180,673.54,15936.4,-449.105,2026/01/23 15:58:45
6181,673.65,15920.4,-442.831,2026/01/23 15:58:45
6182,673.76,15898.5,-442.87,2026/01/23 15:58:45
6183,673.87,15890.1,-445.784,2026/01/23 15:58:45
6184,673.98,15877.9,-438.922,2026/01/23 15:58:46
6185,674.09,17232.6,-618.975,2026/01/23 15:58:46
6186,674.2,20318.1,-402.526,2026/01/23 15:58:46
6187,674.3,20354.4,-380.886,2026/01/23 15:58:46
6188,674.41,20344.7,-386.401,2026/01/23 15:58:46
6189,674.52,20343.2,-377.968,2026/01/23 15:58:46
6190,674.63,20331.4,-385.624,2026/01/23 15:58:46
6191,674.74,20342.3,-383.223,2026/01/23 15:58:46
6192,674.85,20324.8,-381.044,2026/01/23 15:58:46
6193,674.96,20339.6,-388.701,2026/01/23 15:58:47
6194,675.07,20324.3,-382.218,2026/01/23 15:58:47
6195,675.18,20333.8,-384.459,2026/01/23 15:58:47
6196,675.29,18257.5,-143.743,2026/01/23 15:58:47
6197,675.39,16171,-432.811,2026/01/23 15:58:47
6198,675.5,16045.5,-445.612,2026/01/23 15:58:47
6199,675.61,16011.8,-448.897,2026/01/23 15:58:47
6200,675.72,15966.8,-444.516,2026/01/23 15:58:47
6201,675.83,15942.5,-451.565,2026/01/23 15:58:47
6202,675.94,15923.6,-442.119,2026/01/23 15:58:47
6203,676.05,15896,-450.719,2026/01/23 15:58:48
6204,676.16,15888.6,-442.626,2026/01/23 15:58:48
6205,676.27,15862.3,-443.6,2026/01/23 15:58:48
6206,676.37,15854.7,-444.858,2026/01/23 15:58:48
6207,676.48,16001.2,-473.098,2026/01/23 15:58:48
6208,676.59,19523.4,-501.46,2026/01/23 15:58:48
6209,676.7,20335.4,-388.439,2026/01/23 15:58:48
6210,676.81,20327.3,-375.645,2026/01/23 15:58:48
6211,676.92,20303.3,-385.384,2026/01/23 15:58:48
6212,677.03,20314.4,-384.493,2026/01/23 15:58:49
6213,677.14,20295.9,-381.125,2026/01/23 15:58:49
6214,677.25,20301.6,-393.936,2026/01/23 15:58:49
6215,677.36,20304.6,-375.653,2026/01/23 15:58:49
6216,677.47,20289.4,-388.499,2026/01/23 15:58:49
6217,677.57,20300.9,-389.657,2026/01/23 15:58:49
6218,677.68,19864.6,-248.649,2026/01/23 15:58:49
6219,677.79,16375,-383.315,2026/01/23 15:58:49
6220,677.9,16048.9,-451.246,2026/01/23 15:58:49
6221,678.01,15994.1,-444.629,2026/01/23 15:58:50
6222,678.12,15950.8,-450.486,2026/01/23 15:58:50
6223,678.23,15928.5,-443.104,2026/01/23 15:58:50
6224,678.34,15896.9,-444.894,2026/01/23 15:58:50
6225,678.45,15881.9,-445.135,2026/01/23 15:58:50
6226,678.56,15863.9,-442.286,2026/01/23 15:58:50
6227,678.67,15843.2,-449.407,2026/01/23 15:58:50
6228,678.77,15838.9,-439.288,2026/01/23 15:58:50
6229,678.88,15826.9,-448.667,2026/01/23 15:58:50
6230,678.99,17926.1,-599.899,2026/01/23 15:58:51
6231,679.1,20309.3,-382.78,2026/01/23 15:58:51
6232,679.21,20286.9,-379.576,2026/01/23 15:58:51
6233,679.32,20279.4,-387.673,2026/01/23 15:58:51
6234,679.43,20269,-381.07,2026/01/23 15:58:51
6235,679.54,20264.8,-390,2026/01/23 15:58:51
6236,679.65,20263.6,-387.771,2026/01/23 15:58:51
6237,679.75,20270.6,-382.048,2026/01/23 15:58:51
6238,679.86,20255,-388.657,2026/01/23 15:58:51
6239,679.97,20274.9,-388.12,2026/01/23 15:58:52
6240,680.08,20262.1,-382.561,2026/01/23 15:58:52
6241,680.19,17479.5,-180.532,2026/01/23 15:58:52
6242,680.3,16079.3,-438.719,2026/01/23 15:58:52
6243,680.41,15990.1,-449.24,2026/01/23 15:58:52
6244,680.52,15956.3,-448.648,2026/01/23 15:58:52
6245,680.63,15915.3,-444.669,2026/01/23 15:58:52
6246,680.74,15896,-450.587,2026/01/23 15:58:52
6247,680.84,15865.2,-441.925,2026/01/23 15:58:52
6248,680.95,15853.4,-444.38,2026/01/23 15:58:52
6249,681.06,15832.9,-446.275,2026/01/23 15:58:53
6250,681.17,15826.8,-437.545,2026/01/23 15:58:53
6251,681.28,15802,-447.209,2026/01/23 15:58:53
6252,681.39,16192.6,-522.35,2026/01/23 15:58:53
6253,681.5,19846.3,-468.78,2026/01/23 15:58:53
6254,681.61,20273.3,-380.955,2026/01/23 15:58:53
6255,681.72,20259.1,-374.856,2026/01/23 15:58:53
6256,681.83,20239.3,-387.78,2026/01/23 15:58:53
6257,681.93,20244.8,-372.925,2026/01/23 15:58:53
6258,682.04,20225.2,-389.022,2026/01/23 15:58:54
6259,682.15,20232.4,-388.165,2026/01/23 15:58:54
6260,682.26,20220.6,-382.042,2026/01/23 15:58:54
6261,682.37,20232.4,-377.993,2026/01/23 15:58:54
6262,682.48,20220.3,-394.816,2026/01/23 15:58:54
6263,682.59,19338.9,-191.829,2026/01/23 15:58:54
6264,682.7,16195.4,-411.412,2026/01/23 15:58:54
6265,682.81,15984,-446.441,2026/01/23 15:58:54
6266,682.92,15924.6,-447.438,2026/01/23 15:58:54
6267,683.02,15893.1,-450.049,2026/01/23 15:58:55
6268,683.13,15860.1,-441.16,2026/01/23 15:58:55
6269,683.24,15837.4,-453.768,2026/01/23 15:58:55
6270,683.35,15827,-441.063,2026/01/23 15:58:55
6271,683.46,15797.7,-444.6,2026/01/23 15:58:55
6272,683.57,15783.9,-445.29,2026/01/23 15:58:55
6273,683.68,15775.7,-443.782,2026/01/23 15:58:55
6274,683.79,15786.5,-447.323,2026/01/23 15:58:55
6275,683.9,18501.9,-577.299,2026/01/23 15:58:55
6276,684.01,20232,-372.639,2026/01/23 15:58:56
6277,684.12,20211.2,-385.845,2026/01/23 15:58:56
6278,684.22,20204.8,-379.897,2026/01/23 15:58:56
6279,684.33,20196.1,-381.511,2026/01/23 15:58:56
6280,684.44,20192.2,-388.362,2026/01/23 15:58:56
6281,684.55,20200.5,-373.512,2026/01/23 15:58:56
6282,684.66,20192.1,-386.818,2026/01/23 15:58:56
6283,684.77,20211.5,-387.265,2026/01/23 15:58:56
6284,684.88,20203.8,-383.747,2026/01/23 15:58:56
6285,684.99,20170.2,-358.692,2026/01/23 15:58:57
6286,685.09,16803.4,-263.624,2026/01/23 15:58:57
6287,685.2,16000.9,-450.444,2026/01/23 15:58:57
6288,685.31,15945.6,-446.437,2026/01/23 15:58:57
6289,685.42,15898.5,-447.905,2026/01/23 15:58:57
6290,685.53,15877.1,-446.334,2026/01/23 15:58:57
6291,685.64,15842.9,-442.683,2026/01/23 15:58:57
6292,685.75,15832.9,-444.403,2026/01/23 15:58:57
6293,685.86,15808.8,-447.57,2026/01/23 15:58:57
6294,685.97,15798.9,-438.868,2026/01/23 15:58:58
6295,686.08,15778.9,-447.338,2026/01/23 15:58:58
6296,686.18,15775.5,-445.571,2026/01/23 15:58:58
6297,686.29,16631.6,-577.771,2026/01/23 15:58:58
6298,686.4,20072.3,-439.973,2026/01/23 15:58:58
6299,686.51,20228.2,-372.383,2026/01/23 15:58:58
6300,686.62,20210,-391.253,2026/01/23 15:58:58
6301,686.73,20209,-376.946,2026/01/23 15:58:58
6302,686.84,20185.7,-386.225,2026/01/23 15:58:58
6303,686.95,20197.9,-378.624,2026/01/23 15:58:58
6304,687.06,20183.1,-383.765,2026/01/23 15:58:59
6305,687.17,20186,-386.161,2026/01/23 15:58:59
6306,687.28,20192.5,-388.729,2026/01/23 15:58:59
6307,687.38,20179.3,-375.577,2026/01/23 15:58:59
6308,687.49,18602.3,-156.953,2026/01/23 15:58:59
6309,687.6,16082.9,-421,2026/01/23 15:58:59
6310,687.71,15931.7,-452.554,2026/01/23 15:58:59
6311,687.82,15885.9,-443.659,2026/01/23 15:58:59
6312,687.93,15850.9,-444.664,2026/01/23 15:58:59
6313,688.04,15824.1,-449.427,2026/01/23 15:59:00
6314,688.15,15804,-441.421,2026/01/23 15:59:00
6315,688.26,15778.8,-449.296,2026/01/23 15:59:00
6316,688.37,15769.7,-447.009,2026/01/23 15:59:00
6317,688.47,15746.5,-443.568,2026/01/23 15:59:00
6318,688.58,15735.1,-450.162,2026/01/23 15:59:00
6319,688.69,15814.4,-451.536,2026/01/23 15:59:00
6320,688.8,19074.4,-533.053,2026/01/23 15:59:00
6321,688.91,20192.9,-369.848,2026/01/23 15:59:00
6322,689.02,20161,-383.454,2026/01/23 15:59:01
6323,689.13,20159.6,-382.579,2026/01/23 15:59:01
6324,689.24,20136.9,-380.012,2026/01/23 15:59:01
6325,689.35,20138.8,-390.271,2026/01/23 15:59:01
6326,689.46,20128.8,-387.438,2026/01/23 15:59:01
6327,689.56,20131.4,-372.138,2026/01/23 15:59:01
6328,689.67,20128.5,-390.333,2026/01/23 15:59:01
6329,689.78,20134.6,-380.839,2026/01/23 15:59:01
6330,689.89,19912.5,-304.23,2026/01/23 15:59:01
6331,690,16375.1,-348.335,2026/01/23 15:59:02
6332,690.11,15910.5,-448.227,2026/01/23 15:59:02
6333,690.22,15864.1,-451.687,2026/01/23 15:59:02
6334,690.33,15821.2,-442.827,2026/01/23 15:59:02
6335,690.44,15790.9,-450.714,2026/01/23 15:59:02
6336,690.55,15774.2,-442.128,2026/01/23 15:59:02
6337,690.66,15746,-446.024,2026/01/23 15:59:02
6338,690.76,15732.9,-445.301,2026/01/23 15:59:02
6339,690.87,15718.9,-442.121,2026/01/23 15:59:02
6340,690.98,15702.5,-446.992,2026/01/23 15:59:03
6341,691.09,15696.8,-443.612,2026/01/23 15:59:03
6342,691.2,17322.9,-605.676,2026/01/23 15:59:03
6343,691.31,20128.3,-395.923,2026/01/23 15:59:03
6344,691.42,20128.9,-379.074,2026/01/23 15:59:03
6345,691.53,20128,-386.662,2026/01/23 15:59:03
6346,691.64,20109.4,-384.694,2026/01/23 15:59:03
6347,691.74,20109.5,-376.961,2026/01/23 15:59:03
6348,691.85,20103.4,-390.743,2026/01/23 15:59:03
6349,691.96,20102.8,-372.657,2026/01/23 15:59:04
6350,692.07,20097.9,-381.793,2026/01/23 15:59:04
6351,692.18,20109.4,-386.641,2026/01/23 15:59:04
6352,692.29,20105.4,-379.425,2026/01/23 15:59:04
6353,692.4,17839.2,-147.44,2026/01/23 15:59:04
6354,692.51,15972.6,-432.188,2026/01/23 15:59:04
6355,692.62,15860,-452.494,2026/01/23 15:59:04
6356,692.72,15821.9,-448.712,2026/01/23 15:59:04
6357,692.83,15783.6,-445.323,2026/01/23 15:59:04
6358,692.94,15759.4,-448.829,2026/01/23 15:59:04
6359,693.05,15738.3,-441.353,2026/01/23 15:59:05
6360,693.16,15713,-448.808,2026/01/23 15:59:05
6361,693.27,15700,-444.542,2026/01/23 15:59:05
6362,693.38,15681.3,-445.592,2026/01/23 15:59:05
6363,693.49,15675.6,-441.971,2026/01/23 15:59:05
6364,693.6,15864.2,-478.827,2026/01/23 15:59:05
6365,693.71,19449.9,-497.945,2026/01/23 15:59:05
6366,693.82,20108,-372.938,2026/01/23 15:59:05
6367,693.92,20089.3,-378.438,2026/01/23 15:59:05
6368,694.03,20081.2,-387.365,2026/01/23 15:59:06
6369,694.14,20065.9,-377.365,2026/01/23 15:59:06
6370,694.25,20064,-385.996,2026/01/23 15:59:06
6371,694.36,20067.5,-381.516,2026/01/23 15:59:06
6372,694.47,20059.4,-394.699,2026/01/23 15:59:06
6373,694.58,20063.9,-381.992,2026/01/23 15:59:06
6374,694.69,20062.9,-382.498,2026/01/23 15:59:06
6375,694.8,19544.4,-249.628,2026/01/23 15:59:06
6376,694.9,16160.4,-385.844,2026/01/23 15:59:06
6377,695.01,15851,-452.692,2026/01/23 15:59:07
6378,695.12,15813.5,-448.73,2026/01/23 15:59:07
6379,695.23,15765.7,-444.699,2026/01/23 15:59:07
6380,695.34,15747.6,-449.725,2026/01/23 15:59:07
6381,695.45,15720.4,-442.667,2026/01/23 15:59:07
6382,695.56,15699.7,-449.017,2026/01/23 15:59:07
6383,695.67,15688.1,-439.739,2026/01/23 15:59:07
6384,695.78,15666.6,-449.483,2026/01/23 15:59:07
6385,695.88,15656.7,-446.188,2026/01/23 15:59:07
6386,695.99,15656,-443.374,2026/01/23 15:59:08
6387,696.1,17791.6,-599.027,2026/01/23 15:59:08
6388,696.21,20090.9,-373.856,2026/01/23 15:59:08
6389,696.32,20067.4,-379.049,2026/01/23 15:59:08
6390,696.43,20062.3,-375.815,2026/01/23 15:59:08
6391,696.54,20043.1,-381.886,2026/01/23 15:59:08
6392,696.65,20049.5,-375.293,2026/01/23 15:59:08
6393,696.76,20031.5,-385.245,2026/01/23 15:59:08
6394,696.87,20036.6,-387.139,2026/01/23 15:59:08
6395,696.97,20028.6,-381.765,2026/01/23 15:59:09
6396,697.08,20030.4,-378.267,2026/01/23 15:59:09
6397,697.19,20032.2,-385.462,2026/01/23 15:59:09
6398,697.3,17055.8,-195.462,2026/01/23 15:59:09
6399,697.41,15876.5,-447.087,2026/01/23 15:59:09
6400,697.52,15802.6,-446.449,2026/01/23 15:59:09
6401,697.63,15762.6,-455.594,2026/01/23 15:59:09
6402,697.74,15729.1,-444.034,2026/01/23 15:59:09
6403,697.85,15705.9,-451.902,2026/01/23 15:59:09
6404,697.96,15684,-445.162,2026/01/23 15:59:09
6405,698.06,15671.5,-445.904,2026/01/23 15:59:10
6406,698.17,15653.7,-447.032,2026/01/23 15:59:10
6407,698.28,15644.7,-439.293,2026/01/23 15:59:10
6408,698.39,15624.7,-447.018,2026/01/23 15:59:10
6409,698.5,16118.6,-536.098,2026/01/23 15:59:10
6410,698.61,19718.2,-469.551,2026/01/23 15:59:10
6411,698.72,20067.2,-369.901,2026/01/23 15:59:10
6412,698.83,20042,-379.631,2026/01/23 15:59:10
6413,698.94,20037.7,-385.297,2026/01/23 15:59:10
6414,699.04,20028.5,-372.307,2026/01/23 15:59:11
6415,699.15,20020.3,-388.909,2026/01/23 15:59:11
6416,699.26,20030.5,-375.841,2026/01/23 15:59:11
6417,699.37,20012.5,-387.283,2026/01/23 15:59:11
6418,699.48,20024.4,-380.258,2026/01/23 15:59:11
6419,699.59,20009.4,-384.958,2026/01/23 15:59:11
6420,699.7,19060.1,-196.415,2026/01/23 15:59:11
6421,699.81,16018.8,-409.816,2026/01/23 15:59:11
6422,699.92,15816.4,-449.6,2026/01/23 15:59:11
6423,700.02,15770.8,-442.079,2026/01/23 15:59:12
6424,700.13,15731.1,-450.515,2026/01/23 15:59:12
6425,700.24,15711.7,-442.974,2026/01/23 15:59:12
6426,700.35,15680.5,-447.087,2026/01/23 15:59:12
6427,700.46,15667.8,-443.997,2026/01/23 15:59:12
6428,700.57,15647.4,-448.16,2026/01/23 15:59:12
6429,700.68,15637.9,-444.911,2026/01/23 15:59:12
6430,700.79,15620.8,-442.779,2026/01/23 15:59:12
6431,700.9,15652,-448.997,2026/01/23 15:59:12
6432,701.01,18430.3,-559.257,2026/01/23 15:59:13
6433,701.11,20057.1,-383.35,2026/01/23 15:59:13
6434,701.22,20039.4,-374.402,2026/01/23 15:59:13
6435,701.33,20013.8,-389.152,2026/01/23 15:59:13
6436,701.44,20022.4,-373.022,2026/01/23 15:59:13
6437,701.55,20000.7,-387.062,2026/01/23 15:59:13
6438,701.66,20013.2,-385.94,2026/01/23 15:59:13
6439,701.77,19999.8,-378.135,2026/01/23 15:59:13
6440,701.88,20010.7,-381.969,2026/01/23 15:59:13
6441,701.99,19995,-383.288,2026/01/23 15:59:14
6442,702.1,19954.6,-346.406,2026/01/23 15:59:14
6443,702.21,16540.3,-283.668,2026/01/23 15:59:14
6444,702.32,15829.9,-450.704,2026/01/23 15:59:14
6445,702.42,15768.7,-448.176,2026/01/23 15:59:14
6446,702.53,15723.2,-451.073,2026/01/23 15:59:14
6447,702.64,15701.8,-438.044,2026/01/23 15:59:14
6448,702.75,15669.5,-451.135,2026/01/23 15:59:14
6449,702.86,15658.3,-439.657,2026/01/23 15:59:14
6450,702.97,15634.3,-445.525,2026/01/23 15:59:15
6451,703.08,15628.9,-442.393,2026/01/23 15:59:15
6452,703.19,15611.4,-445.218,2026/01/23 15:59:15
6453,703.3,15605.4,-441.458,2026/01/23 15:59:15
6454,703.41,16628.4,-593.731,2026/01/23 15:59:15
6455,703.51,19911.6,-419.733,2026/01/23 15:59:15
6456,703.63,20027,-375.679,2026/01/23 15:59:15
6457,703.73,20009.6,-390.765,2026/01/23 15:59:15
6458,703.84,20005.1,-371.937,2026/01/23 15:59:15
6459,703.95,19995.9,-390.277,2026/01/23 15:59:15
6460,704.06,19996.1,-375.551,2026/01/23 15:59:16
6461,704.17,19998.2,-390.896,2026/01/23 15:59:16
6462,704.28,19995.5,-374.503,2026/01/23 15:59:16
6463,704.39,20005.1,-390.462,2026/01/23 15:59:16
6464,704.5,19996.3,-376.364,2026/01/23 15:59:16
6465,704.61,18239.9,-136.075,2026/01/23 15:59:16
6466,704.71,15923.9,-426.36,2026/01/23 15:59:16
6467,704.82,15794.8,-450.116,2026/01/23 15:59:16
6468,704.93,15753.8,-447.151,2026/01/23 15:59:16
6469,705.04,15719.9,-447.018,2026/01/23 15:59:17
6470,705.15,15698.6,-443.13,2026/01/23 15:59:17
6471,705.26,15678.2,-447.14,2026/01/23 15:59:17
6472,705.37,15663.4,-444.508,2026/01/23 15:59:17
6473,705.48,15642.6,-445.288,2026/01/23 15:59:17
6474,705.59,15631.2,-443.367,2026/01/23 15:59:17
6475,705.7,15617.6,-447.417,2026/01/23 15:59:17
6476,705.81,15735.6,-456.957,2026/01/23 15:59:17
6477,705.92,19126,-526.005,2026/01/23 15:59:17
6478,706.02,20048.4,-369.575,2026/01/23 15:59:18
6479,706.13,20014.9,-386.911,2026/01/23 15:59:18
6480,706.24,20013.2,-382.99,2026/01/23 15:59:18
6481,706.35,19992,-383.594,2026/01/23 15:59:18
6482,706.46,20000.2,-382.136,2026/01/23 15:59:18
6483,706.57,19984.9,-385.691,2026/01/23 15:59:18
6484,706.68,19992,-384.532,2026/01/23 15:59:18
6485,706.79,19982.7,-385.097,2026/01/23 15:59:18
6486,706.9,19980.2,-383.686,2026/01/23 15:59:18
6487,707.01,19661,-270.187,2026/01/23 15:59:19
6488,707.11,16170.3,-373.43,2026/01/23 15:59:19
6489,707.22,15800.3,-446.719,2026/01/23 15:59:19
6490,707.33,15744.4,-456.342,2026/01/23 15:59:19
6491,707.44,15709.7,-439.457,2026/01/23 15:59:19
6492,707.55,15681,-453.028,2026/01/23 15:59:19
6493,707.66,15656.8,-443.563,2026/01/23 15:59:19
6494,707.77,15637.6,-448.936,2026/01/23 15:59:19
6495,707.88,15613.3,-444.838,2026/01/23 15:59:19
6496,707.99,15611.2,-446.83,2026/01/23 15:59:20
6497,708.1,15589.7,-447.917,2026/01/23 15:59:20
6498,708.21,15590.8,-446.765,2026/01/23 15:59:20
6499,708.31,17447.7,-602.355,2026/01/23 15:59:20
6500,708.42,20003.6,-388.896,2026/01/23 15:59:20
6501,708.53,19998.7,-368.408,2026/01/23 15:59:20
6502,708.64,19992.1,-390.743,2026/01/23 15:59:20
6503,708.75,19973.2,-381.34,2026/01/23 15:59:20
6504,708.86,19978.5,-386,2026/01/23 15:59:20
6505,708.97,19975.8,-375.065,2026/01/23 15:59:21
6506,709.08,19973,-385.306,2026/01/23 15:59:21
6507,709.19,19976.9,-378.432,2026/01/23 15:59:21
6508,709.29,19966.4,-390.896,2026/01/23 15:59:21
6509,709.4,19970.5,-376.533,2026/01/23 15:59:21
6510,709.51,17343.1,-173.442,2026/01/23 15:59:21
6511,709.62,15840.6,-433.666,2026/01/23 15:59:21
6512,709.73,15758.3,-448.668,2026/01/23 15:59:21
6513,709.84,15713.5,-445.474,2026/01/23 15:59:21
6514,709.95,15690.4,-447.181,2026/01/23 15:59:21
6515,710.06,15653.4,-448.278,2026/01/23 15:59:22
6516,710.17,15640.5,-443.682,2026/01/23 15:59:22
6517,710.28,15616.9,-446.178,2026/01/23 15:59:22
6518,710.39,15607.9,-445.916,2026/01/23 15:59:22
6519,710.49,15590,-445.281,2026/01/23 15:59:22
6520,710.6,15584.7,-447.64,2026/01/23 15:59:22
6521,710.71,15899.7,-509.034,2026/01/23 15:59:22
6522,710.82,19532.6,-478.786,2026/01/23 15:59:22
6523,710.93,19995.4,-379.237,2026/01/23 15:59:22
6524,711.04,19982.4,-369.922,2026/01/23 15:59:23
6525,711.15,19979.9,-387.592,2026/01/23 15:59:23
6526,711.26,19964.9,-383.264,2026/01/23 15:59:23
6527,711.37,19964.1,-379.746,2026/01/23 15:59:23
6528,711.48,19963.5,-387.539,2026/01/23 15:59:23
6529,711.58,19960.4,-391.319,2026/01/23 15:59:23
6530,711.69,19968.1,-375.611,2026/01/23 15:59:23
6531,711.8,19959.2,-394.568,2026/01/23 15:59:23
6532,711.91,19247.4,-213.337,2026/01/23 15:59:23
6533,712.02,16026.8,-407.655,2026/01/23 15:59:24
6534,712.13,15785.3,-442.004,2026/01/23 15:59:24
6535,712.24,15728.7,-453.422,2026/01/23 15:59:24
6536,712.35,15705.9,-442.26,2026/01/23 15:59:24
6537,712.46,15669.6,-449.862,2026/01/23 15:59:24
6538,712.56,15649.5,-440.073,2026/01/23 15:59:24
6539,712.67,15631.9,-450.415,2026/01/23 15:59:24
6540,712.78,15615.8,-439.307,2026/01/23 15:59:24
6541,712.89,15610.6,-444.481,2026/01/23 15:59:24
6542,713,15590.8,-448.643,2026/01/23 15:59:25
6543,713.11,15610.9,-446.303,2026/01/23 15:59:25
6544,713.22,18144.8,-578.631,2026/01/23 15:59:25
6545,713.33,20023.6,-375.044,2026/01/23 15:59:25
6546,713.44,19990.2,-379.087,2026/01/23 15:59:25
6547,713.55,19995.7,-376.924,2026/01/23 15:59:25
6548,713.65,19966.5,-384.751,2026/01/23 15:59:25
6549,713.76,19974.9,-377.766,2026/01/23 15:59:25
6550,713.87,19967.6,-391.306,2026/01/23 15:59:25
6551,713.98,19969.4,-380.728,2026/01/23 15:59:26
6552,714.09,19976,-388.749,2026/01/23 15:59:26
6553,714.2,19966.4,-383.712,2026/01/23 15:59:26
6554,714.31,19949.5,-363.069,2026/01/23 15:59:26
6555,714.42,16711.8,-248.997,2026/01/23 15:59:26
6556,714.53,15820.2,-448.593,2026/01/23 15:59:26
6557,714.64,15750.9,-444.325,2026/01/23 15:59:26
6558,714.74,15719.8,-447.988,2026/01/23 15:59:26
6559,714.85,15680.7,-444.886,2026/01/23 15:59:26
6560,714.96,15664,-445.398,2026/01/23 15:59:27
6561,715.07,15642.7,-448.49,2026/01/23 15:59:27
6562,715.18,15625.1,-445.966,2026/01/23 15:59:27
6563,715.29,15614.2,-443.291,2026/01/23 15:59:27
6564,715.4,15598.4,-444.641,2026/01/23 15:59:27
6565,715.51,15588.3,-444.771,2026/01/23 15:59:27
6566,715.62,16318.8,-562.546,2026/01/23 15:59:27
6567,715.73,19791,-447.819,2026/01/23 15:59:27
6568,715.83,20005.7,-372.252,2026/01/23 15:59:27
6569,715.94,19986.3,-388.608,2026/01/23 15:59:27
6570,716.05,19973.1,-376.228,2026/01/23 15:59:28
6571,716.16,19974.1,-386.093,2026/01/23 15:59:28
6572,716.27,19974,-381.513,2026/01/23 15:59:28
6573,716.38,19963.9,-393.106,2026/01/23 15:59:28
6574,716.49,19966.1,-375.713,2026/01/23 15:59:28
6575,716.6,19968.5,-390.061,2026/01/23 15:59:28
6576,716.71,19960.2,-381.434,2026/01/23 15:59:28
6577,716.82,18609,-162.719,2026/01/23 15:59:28
6578,716.92,15934.8,-427.01,2026/01/23 15:59:28
6579,717.03,15772.7,-440.73,2026/01/23 15:59:29
6580,717.14,15725.7,-451.45,2026/01/23 15:59:29
6581,717.25,15697.7,-443.952,2026/01/23 15:59:29
6582,717.36,15659.9,-447.735,2026/01/23 15:59:29
6583,717.47,15647.6,-441.874,2026/01/23 15:59:29
6584,717.58,15612.8,-458.165,2026/01/23 15:59:29
6585,717.69,15611.6,-440.892,2026/01/23 15:59:29
6586,717.8,15596.1,-450.946,2026/01/23 15:59:29
6587,717.91,15580.9,-443.791,2026/01/23 15:59:29
6588,718.01,15643.8,-453.968,2026/01/23 15:59:30
6589,718.12,18733.2,-536.244,2026/01/23 15:59:30
6590,718.23,20000.2,-378.986,2026/01/23 15:59:30
6591,718.34,19973.2,-374.747,2026/01/23 15:59:30
6592,718.45,10099.6,-901.548,2026/01/23 15:59:30
6593,718.56,19948.2,-388.542,2026/01/23 15:59:30
6594,718.67,19955.7,-388.645,2026/01/23 15:59:30
6595,718.78,19931.8,-389.35,2026/01/23 15:59:30
6596,718.89,19942.4,-386.073,2026/01/23 15:59:30
6597,719,19936.3,-394.988,2026/01/23 15:59:31
6598,719.1,19929.8,-385.924,2026/01/23 15:59:31
6599,719.21,19792,-320.885,2026/01/23 15:59:31
6600,719.32,16291,-347.605,2026/01/23 15:59:31
6601,719.43,15767.2,-456.479,2026/01/23 15:59:31
6602,719.54,15718.3,-452.005,2026/01/23 15:59:31
6603,719.65,15676.8,-455.6,2026/01/23 15:59:31
6604,719.76,15650.2,-450.989,2026/01/23 15:59:31
6605,719.87,15625.3,-458.939,2026/01/23 15:59:31
6606,719.98,15603.6,-455.016,2026/01/23 15:59:32
6607,720.09,15591.9,-458.494,2026/01/23 15:59:32
6608,720.19,15575,-453.698,2026/01/23 15:59:32
6609,720.3,15559.3,-456.554,2026/01/23 15:59:32
6610,720.41,15550.8,-450.525,2026/01/23 15:59:32
6611,720.52,7708.19,1837.79,2026/01/23 15:59:32
6612,720.63,387.43,68.8353,2026/01/23 15:59:32
6613,720.78,83.7542,-7.64844,2026/01/23 15:59:32
6614,720.91,73.1872,-1.89464,2026/01/23 15:59:32
6615,721.05,77.9517,-5.20201,2026/01/23 15:59:33
6616,721.15,64.8421,4.39426,2026/01/23 15:59:33
6617,721.26,53.4124,-1.25931,2026/01/23 15:59:33
6618,721.37,60.492,-1.94076,2026/01/23 15:59:33
6619,721.48,70.4367,-1.33948,2026/01/23 15:59:33
6620,721.59,92.8709,-0.418583,2026/01/23 15:59:33
6621,721.7,3545.32,2167.88,2026/01/23 15:59:33
6622,721.81,178.545,82.3084,2026/01/23 15:59:33
6623,721.98,102.173,-3.69321,2026/01/23 15:59:34
6624,722.13,15611.9,-447.428,2026/01/23 15:59:34
6625,722.29,15579.7,-446.061,2026/01/23 15:59:34
6626,722.4,15573.1,-442.535,2026/01/23 15:59:34
6627,722.5,15549.5,-448,2026/01/23 15:59:34
6628,722.61,15540.6,-443.709,2026/01/23 15:59:34
6629,722.72,15523,-442.878,2026/01/23 15:59:34
6630,722.83,15523.7,-442.434,2026/01/23 15:59:34
6631,722.94,16019,-542.412,2026/01/23 15:59:34
6632,723.05,19599.3,-459.883,2026/01/23 15:59:35
6633,723.16,19913.7,-385.336,2026/01/23 15:59:35
6634,723.27,19894.1,-375.659,2026/01/23 15:59:35
6635,723.38,19896.6,-382.127,2026/01/23 15:59:35
6636,723.49,19878.5,-380.181,2026/01/23 15:59:35
6637,723.59,19876.1,-386.298,2026/01/23 15:59:35
6638,723.7,19885.1,-385.688,2026/01/23 15:59:35
6639,723.81,19873.3,-392.553,2026/01/23 15:59:35
6640,723.92,19880.9,-380.842,2026/01/23 15:59:35
6641,724.03,19881.1,-384.516,2026/01/23 15:59:36
6642,724.14,18859.9,-178.341,2026/01/23 15:59:36
6643,724.25,15915.7,-419.148,2026/01/23 15:59:36
6644,724.36,15711.3,-443.595,2026/01/23 15:59:36
6645,724.47,15661,-454.068,2026/01/23 15:59:36
6646,724.57,15638.6,-443.173,2026/01/23 15:59:36
6647,724.68,15607.4,-449.813,2026/01/23 15:59:36
6648,724.79,15584.8,-443.885,2026/01/23 15:59:36
6649,724.9,15570.7,-447,2026/01/23 15:59:36
6650,725.01,15552.8,-443.438,2026/01/23 15:59:37
6651,725.12,15550.4,-443.379,2026/01/23 15:59:37
6652,725.23,15526.6,-445.056,2026/01/23 15:59:37
6653,725.34,15566.2,-450.815,2026/01/23 15:59:37
6654,725.45,18387.3,-564.78,2026/01/23 15:59:37
6655,725.56,19939.3,-377.858,2026/01/23 15:59:37
6656,725.66,19913.6,-374.713,2026/01/23 15:59:37
6657,725.77,19913.9,-380.657,2026/01/23 15:59:37
6658,725.88,19899.3,-387.825,2026/01/23 15:59:37
6659,725.99,19894.2,-379.975,2026/01/23 15:59:38
6660,726.1,19898.6,-382.706,2026/01/23 15:59:38
6661,726.21,19888.8,-381.25,2026/01/23 15:59:38
6662,726.32,19896.9,-381.665,2026/01/23 15:59:38
6663,726.42,19905.6,-387.39,2026/01/23 15:59:38
6664,726.53,19847.6,-356.31,2026/01/23 15:59:38
6665,726.64,16513.2,-277.042,2026/01/23 15:59:38
6666,726.75,15746.9,-449.002,2026/01/23 15:59:38
6667,726.86,15690.7,-441.798,2026/01/23 15:59:38
6668,726.97,15649.9,-450.769,2026/01/23 15:59:39
6669,727.08,15621.7,-444.195,2026/01/23 15:59:39
6670,727.19,15596.9,-448.637,2026/01/23 15:59:39
6671,727.3,15578,-444.354,2026/01/23 15:59:39
6672,727.41,15554.1,-445.467,2026/01/23 15:59:39
6673,727.52,15547.2,-440.603,2026/01/23 15:59:39
6674,727.63,15526.7,-450.415,2026/01/23 15:59:39
6675,727.74,15514.5,-442.29,2026/01/23 15:59:39
6676,727.85,16568.4,-596.911,2026/01/23 15:59:39
6677,727.96,19803.4,-422.669,2026/01/23 15:59:39
6678,728.06,19901.7,-367.714,2026/01/23 15:59:40
6679,728.17,19876.8,-385.179,2026/01/23 15:59:40
6680,728.28,19872.5,-371.304,2026/01/23 15:59:40
6681,728.39,19867.4,-385.584,2026/01/23 15:59:40
6682,728.5,19865.9,-378.668,2026/01/23 15:59:40
6683,728.61,19850.4,-388.648,2026/01/23 15:59:40
6684,728.72,19872.1,-377.298,2026/01/23 15:59:40
6685,728.83,19852.7,-392.743,2026/01/23 15:59:40
6686,728.94,19854.3,-379.412,2026/01/23 15:59:40
6687,729.04,18110.8,-145.587,2026/01/23 15:59:41
6688,729.15,15810.3,-427.167,2026/01/23 15:59:41
6689,729.26,15680.1,-449.123,2026/01/23 15:59:41
6690,729.37,15629.8,-449.711,2026/01/23 15:59:41
6691,729.48,15601.4,-444.164,2026/01/23 15:59:41
6692,729.59,15572.5,-448.992,2026/01/23 15:59:41
6693,729.7,15555,-448.796,2026/01/23 15:59:41
6694,729.81,15533.5,-446.353,2026/01/23 15:59:41
6695,729.92,15524.8,-444.902,2026/01/23 15:59:41
6696,730.03,15505,-445.577,2026/01/23 15:59:42
6697,730.14,15500.6,-443.776,2026/01/23 15:59:42
6698,730.24,15599.7,-461.514,2026/01/23 15:59:42
6699,730.35,18921.1,-516.903,2026/01/23 15:59:42
6700,730.46,19889.2,-375.238,2026/01/23 15:59:42
6701,730.57,19868.2,-377.61,2026/01/23 15:59:42
6702,730.68,19847.9,-376.857,2026/01/23 15:59:42
6703,730.79,19855.4,-379.393,2026/01/23 15:59:42
6704,730.9,19842.6,-388.142,2026/01/23 15:59:42
6705,731.01,19845.8,-376.685,2026/01/23 15:59:43
6706,731.11,19844.4,-391.75,2026/01/23 15:59:43
6707,731.22,19843.1,-372.003,2026/01/23 15:59:43
6708,731.33,19842.6,-390.159,2026/01/23 15:59:43
6709,731.44,19583.2,-279.979,2026/01/23 15:59:43
6710,731.55,16104.2,-367.809,2026/01/23 15:59:43
6711,731.66,15694.5,-444.002,2026/01/23 15:59:43
6712,731.77,15641.1,-453.429,2026/01/23 15:59:43
6713,731.88,15605,-440.907,2026/01/23 15:59:43
6714,731.99,15579.1,-449.075,2026/01/23 15:59:44
6715,732.09,15552,-444.936,2026/01/23 15:59:44
6716,732.2,15542,-442.909,2026/01/23 15:59:44
6717,732.31,15515.9,-446.382,2026/01/23 15:59:44
6718,732.42,15509.2,-442.458,2026/01/23 15:59:44
6719,732.53,15492.9,-443.994,2026/01/23 15:59:44
6720,732.64,15491.2,-445.993,2026/01/23 15:59:44
6721,732.75,17196.1,-605.468,2026/01/23 15:59:44
6722,732.86,19862.6,-393.497,2026/01/23 15:59:44
6723,732.97,19851.1,-381.807,2026/01/23 15:59:45
6724,733.08,19845.1,-375.464,2026/01/23 15:59:45
6725,733.19,19832.1,-385.457,2026/01/23 15:59:45
6726,733.29,19823.9,-383.333,2026/01/23 15:59:45
6727,733.4,19826.6,-379.813,2026/01/23 15:59:45
6728,733.51,19819.9,-380.671,2026/01/23 15:59:45
6729,733.62,19817,-382.499,2026/01/23 15:59:45
6730,733.73,19825.4,-383.831,2026/01/23 15:59:45
6731,733.84,19822.1,-385.287,2026/01/23 15:59:45
6732,733.95,17390.1,-151.886,2026/01/23 15:59:45
6733,734.06,15740.1,-438.762,2026/01/23 15:59:46
6734,734.16,15639.6,-444.253,2026/01/23 15:59:46
6735,734.27,15596.4,-452.358,2026/01/23 15:59:46
6736,734.38,15567.7,-445.906,2026/01/23 15:59:46
6737,734.49,15539.8,-450.721,2026/01/23 15:59:46
6738,734.6,15523.1,-442.079,2026/01/23 15:59:46
6739,734.71,15501.5,-451.793,2026/01/23 15:59:46
6740,734.82,15484.7,-443.883,2026/01/23 15:59:46
6741,734.93,15474,-445.565,2026/01/23 15:59:46
6742,735.04,15457.1,-447.26,2026/01/23 15:59:47
6743,735.15,15720.2,-488.556,2026/01/23 15:59:47
6744,735.26,19277.8,-494.774,2026/01/23 15:59:47
6745,735.37,19832.3,-367.596,2026/01/23 15:59:47
6746,735.48,19813.3,-385.349,2026/01/23 15:59:47
6747,735.58,19814.5,-372.423,2026/01/23 15:59:47
6748,735.69,19790.8,-386.273,2026/01/23 15:59:47
6749,735.8,19808.4,-378.729,2026/01/23 15:59:47
6750,735.91,19794,-390.328,2026/01/23 15:59:47
6751,736.02,19800,-380.716,2026/01/23 15:59:48
6752,736.13,19803.3,-391.672,2026/01/23 15:59:48
6753,736.24,19803,-378.333,2026/01/23 15:59:48
6754,736.35,19133.9,-225.837,2026/01/23 15:59:48
6755,736.46,15916.4,-401.129,2026/01/23 15:59:48
6756,736.57,15659.5,-445.637,2026/01/23 15:59:48
6757,736.67,15613.9,-447.438,2026/01/23 15:59:48
6758,736.78,15582.2,-448.729,2026/01/23 15:59:48
6759,736.89,15550.2,-445.183,2026/01/23 15:59:48
6760,737,15537,-448.183,2026/01/23 15:59:49
6761,737.11,15511.7,-441.685,2026/01/23 15:59:49
6762,737.22,15503.7,-448.776,2026/01/23 15:59:49
6763,737.33,15487,-445.462,2026/01/23 15:59:49
6764,737.44,15475.7,-443.435,2026/01/23 15:59:49
6765,737.55,15490.9,-449.859,2026/01/23 15:59:49
6766,737.66,17967.6,-571.665,2026/01/23 15:59:49
6767,737.77,19872.7,-378.06,2026/01/23 15:59:49
6768,737.87,19847,-385.21,2026/01/23 15:59:49
6769,737.98,19832.4,-380.779,2026/01/23 15:59:50
6770,738.09,19834.4,-381.115,2026/01/23 15:59:50
6771,738.2,19824.7,-389.592,2026/01/23 15:59:50
6772,738.31,19826.2,-376.848,2026/01/23 15:59:50
6773,738.42,19828.4,-390.805,2026/01/23 15:59:50
6774,738.53,19826.4,-372.035,2026/01/23 15:59:50
6775,738.64,19833.3,-384.03,2026/01/23 15:59:50
6776,738.75,19819.3,-351.866,2026/01/23 15:59:50
6777,738.85,16633.2,-249.85,2026/01/23 15:59:50
6778,738.96,15710,-445.005,2026/01/23 15:59:51
6779,739.07,15638.9,-454.181,2026/01/23 15:59:51
6780,739.18,15600.6,-442.251,2026/01/23 15:59:51
6781,739.29,15575.9,-452.404,2026/01/23 15:59:51
6782,739.4,15544.7,-446.459,2026/01/23 15:59:51
6783,739.51,15531.7,-446.15,2026/01/23 15:59:51
6784,739.62,15508.8,-447.442,2026/01/23 15:59:51
6785,739.73,15501.5,-444.524,2026/01/23 15:59:51
6786,739.84,15482.1,-443.651,2026/01/23 15:59:51
6787,739.95,15471.9,-442.848,2026/01/23 15:59:51
6788,740.06,16177.8,-562.776,2026/01/23 15:59:52
6789,740.16,19645.3,-439.847,2026/01/23 15:59:52
6790,740.27,19830.1,-380.038,2026/01/23 15:59:52
6791,740.38,19821.1,-378.329,2026/01/23 15:59:52
6792,740.49,19807.6,-389.353,2026/01/23 15:59:52
6793,740.6,19799.1,-382.091,2026/01/23 15:59:52
6794,740.71,19803,-383.219,2026/01/23 15:59:52
6795,740.82,19786.9,-379.03,2026/01/23 15:59:52
6796,740.93,19797,-378.643,2026/01/23 15:59:52
6797,741.04,19786.1,-379.346,2026/01/23 15:59:53
6798,741.15,19790.8,-385.143,2026/01/23 15:59:53
6799,741.25,18402.3,-156.846,2026/01/23 15:59:53
6800,741.36,15793.8,-424.59,2026/01/23 15:59:53
6801,741.47,15626.2,-446.953,2026/01/23 15:59:53
6802,741.58,15586.4,-449.35,2026/01/23 15:59:53
6803,741.69,15546.3,-443.867,2026/01/23 15:59:53
6804,741.8,15522.7,-451.251,2026/01/23 15:59:53
6805,741.91,15504.7,-447.749,2026/01/23 15:59:53
6806,742.02,15479.9,-447.134,2026/01/23 15:59:54
6807,742.13,15470.7,-444.516,2026/01/23 15:59:54
6808,742.24,15456.1,-451.532,2026/01/23 15:59:54
6809,742.35,15442.1,-439.642,2026/01/23 15:59:54
6810,742.45,15505.6,-456.028,2026/01/23 15:59:54
6811,742.56,18591.3,-531.954,2026/01/23 15:59:54
6812,742.67,19817.5,-370.054,2026/01/23 15:59:54
6813,742.78,19787.4,-385.343,2026/01/23 15:59:54
6814,742.89,19780.8,-374.359,2026/01/23 15:59:54
6815,743,19763.9,-379.504,2026/01/23 15:59:55
6816,743.11,19766.9,-385.131,2026/01/23 15:59:55
6817,743.22,19755.5,-373.434,2026/01/23 15:59:55
6818,743.32,19769.3,-387.31,2026/01/23 15:59:55
6819,743.43,19758.1,-383.502,2026/01/23 15:59:55
6820,743.54,19762.3,-382.849,2026/01/23 15:59:55
6821,743.65,19629.1,-318.962,2026/01/23 15:59:55
6822,743.76,16177.5,-330.334,2026/01/23 15:59:55
6823,743.87,15640.2,-449.715,2026/01/23 15:59:55
6824,743.98,15586.5,-450.152,2026/01/23 15:59:56
6825,744.09,15552.2,-446.707,2026/01/23 15:59:56
6826,744.2,15524.8,-447.035,2026/01/23 15:59:56
6827,744.31,15499.4,-447.497,2026/01/23 15:59:56
6828,744.42,15488,-445.876,2026/01/23 15:59:56
6829,744.52,15466.8,-448.894,2026/01/23 15:59:56
6830,744.63,15456.8,-440.935,2026/01/23 15:59:56
6831,744.74,15445.8,-446.269,2026/01/23 15:59:56
6832,744.85,15435,-441.807,2026/01/23 15:59:56
6833,744.96,16736.6,-610.915,2026/01/23 15:59:57
6834,745.07,19760.4,-395.282,2026/01/23 15:59:57
6835,745.18,19788.4,-387.167,2026/01/23 15:59:57
6836,745.29,19788.4,-374.816,2026/01/23 15:59:57
6837,745.4,19776.2,-389.94,2026/01/23 15:59:57
6838,745.51,19770.6,-375.273,2026/01/23 15:59:57
6839,745.62,19776.1,-385.605,2026/01/23 15:59:57
6840,745.72,19768,-382.483,2026/01/23 15:59:57
6841,745.83,19780.7,-377.709,2026/01/23 15:59:57
6842,745.94,19770,-393.308,2026/01/23 15:59:57
6843,746.05,19786.4,-378.297,2026/01/23 15:59:58
6844,746.16,17596.2,-152.226,2026/01/23 15:59:58
6845,746.27,15729.9,-430.631,2026/01/23 15:59:58
6846,746.38,15609.5,-448.629,2026/01/23 15:59:58
6847,746.49,15582.1,-448.53,2026/01/23 15:59:58
6848,746.6,15547.1,-449.906,2026/01/23 15:59:58
6849,746.71,15527.1,-441.572,2026/01/23 15:59:58
6850,746.82,15503.3,-450.595,2026/01/23 15:59:58
6851,746.93,15483.4,-443.908,2026/01/23 15:59:58
6852,747.04,15475,-445.662,2026/01/23 15:59:59
6853,747.14,15454,-443.596,2026/01/23 15:59:59
6854,747.25,15449.2,-443.56,2026/01/23 15:59:59
6855,747.36,15633.2,-476.972,2026/01/23 15:59:59
6856,747.47,19135.3,-503.946,2026/01/23 15:59:59
6857,747.58,19808.2,-371.242,2026/01/23 15:59:59
6858,747.69,19801.5,-381.506,2026/01/23 15:59:59
6859,747.8,19776,-375.969,2026/01/23 15:59:59
6860,747.91,19783.2,-382.695,2026/01/23 15:59:59
6861,748.01,19776.4,-379.449,2026/01/23 16:00:00
6862,748.12,19768.4,-382.491,2026/01/23 16:00:00
6863,748.23,19780.1,-380.943,2026/01/23 16:00:00
6864,748.34,19776.3,-386.911,2026/01/23 16:00:00
6865,748.45,19778.6,-380.787,2026/01/23 16:00:00
6866,748.56,19274.4,-242.878,2026/01/23 16:00:00
6867,748.67,15942.3,-393.062,2026/01/23 16:00:00
6868,748.78,15636.2,-445.658,2026/01/23 16:00:00
6869,748.89,15591.2,-454.195,2026/01/23 16:00:00
6870,749,15553.6,-442.85,2026/01/23 16:00:01
6871,749.11,15531.9,-451.403,2026/01/23 16:00:01
6872,749.21,15507.9,-443.704,2026/01/23 16:00:01
6873,749.32,15485.9,-450.295,2026/01/23 16:00:01
6874,749.43,15479.2,-442.969,2026/01/23 16:00:01
6875,749.54,15459.2,-452.029,2026/01/23 16:00:01
6876,749.65,15451.3,-441.451,2026/01/23 16:00:01
6877,749.76,15450.5,-449.429,2026/01/23 16:00:01
6878,749.87,17664.8,-582.891,2026/01/23 16:00:01
6879,749.98,19821.7,-375.785,2026/01/23 16:00:02
6880,750.09,19787.3,-383.917,2026/01/23 16:00:02
6881,750.2,19792.7,-369.96,2026/01/23 16:00:02
6882,750.3,19773,-393.187,2026/01/23 16:00:02
6883,750.41,19781,-371.821,2026/01/23 16:00:02
6884,750.52,19767.6,-390.084,2026/01/23 16:00:02
6885,750.63,19781.4,-378.035,2026/01/23 16:00:02
6886,750.74,19765,-385.262,2026/01/23 16:00:02
6887,750.85,19771,-379.835,2026/01/23 16:00:02
6888,750.96,19770.5,-382.84,2026/01/23 16:00:03
6889,751.07,16880.4,-197.243,2026/01/23 16:00:03
6890,751.18,15683.2,-443.286,2026/01/23 16:00:03
6891,751.28,15605,-446.406,2026/01/23 16:00:03
6892,751.39,15567.9,-445.768,2026/01/23 16:00:03
6893,751.5,15541.7,-445.437,2026/01/23 16:00:03
6894,751.61,15514.1,-451.803,2026/01/23 16:00:03
6895,751.72,15495.8,-441.116,2026/01/23 16:00:03
6896,751.83,15482.7,-450.313,2026/01/23 16:00:03
6897,751.94,15464,-442.146,2026/01/23 16:00:03
6898,752.05,15449.9,-450.379,2026/01/23 16:00:04
6899,752.16,15440.9,-444.482,2026/01/23 16:00:04
6900,752.27,15889.1,-537.294,2026/01/23 16:00:04
6901,752.37,19459.4,-453.586,2026/01/23 16:00:04
6902,752.48,19795.9,-383.516,2026/01/23 16:00:04
6903,752.59,19779.4,-373.39,2026/01/23 16:00:04
6904,752.7,19776.5,-384.956,2026/01/23 16:00:04
6905,752.81,19760.9,-380.807,2026/01/23 16:00:04
6906,752.92,19768.2,-378.19,2026/01/23 16:00:04
6907,753.03,19752.3,-389.641,2026/01/23 16:00:05
6908,753.14,19764.9,-379.506,2026/01/23 16:00:05
6909,753.25,19756.9,-386.479,2026/01/23 16:00:05
6910,753.35,19760.5,-382.667,2026/01/23 16:00:05
6911,753.47,18737,-189.59,2026/01/23 16:00:05
6912,753.57,15825.7,-414.579,2026/01/23 16:00:05
6913,753.68,15611.5,-450.57,2026/01/23 16:00:05
6914,753.79,15578.4,-445.602,2026/01/23 16:00:05
6915,753.9,15540.8,-452.956,2026/01/23 16:00:05
6916,754.01,15519.6,-447.189,2026/01/23 16:00:06
6917,754.12,15495.8,-451.444,2026/01/23 16:00:06
6918,754.23,15479.4,-444.872,2026/01/23 16:00:06
6919,754.34,15468.8,-447.288,2026/01/23 16:00:06
6920,754.45,15450.5,-446.752,2026/01/23 16:00:06
6921,754.56,15444.3,-447.723,2026/01/23 16:00:06
6922,754.67,15473.9,-452.451,2026/01/23 16:00:06
6923,754.77,18305,-556.256,2026/01/23 16:00:06
6924,754.88,19802.7,-369.54,2026/01/23 16:00:06
6925,754.99,19786.2,-382.849,2026/01/23 16:00:07
6926,755.1,19769,-375.31,2026/01/23 16:00:07
6927,755.21,19767.6,-389.65,2026/01/23 16:00:07
6928,755.32,19758.4,-377.094,2026/01/23 16:00:07
6929,755.43,19756.7,-389.874,2026/01/23 16:00:07
6930,755.54,19767.4,-377.603,2026/01/23 16:00:07
6931,755.65,19760.7,-392.21,2026/01/23 16:00:07
6932,755.75,19765.7,-373.709,2026/01/23 16:00:07
6933,755.86,19701.2,-354.743,2026/01/23 16:00:07
6934,755.97,16352.9,-290.677,2026/01/23 16:00:08
6935,756.08,15654.9,-449.791,2026/01/23 16:00:08
6936,756.19,15592.1,-448.27,2026/01/23 16:00:08
6937,756.3,15563.3,-446.853,2026/01/23 16:00:08
6938,756.41,15529.3,-446.496,2026/01/23 16:00:08
6939,756.52,15509.1,-449.694,2026/01/23 16:00:08
6940,756.63,15487.4,-444.103,2026/01/23 16:00:08
6941,756.73,15471.9,-449.625,2026/01/23 16:00:08
6942,756.84,15455.9,-440.672,2026/01/23 16:00:08
6943,756.95,15449.4,-448.88,2026/01/23 16:00:08
6944,757.06,15435.9,-444.885,2026/01/23 16:00:09
6945,757.17,16411,-593.81,2026/01/23 16:00:09
6946,757.28,19682.8,-418.321,2026/01/23 16:00:09
6947,757.39,19786.1,-381.618,2026/01/23 16:00:09
6948,757.5,19785.3,-373.881,2026/01/23 16:00:09
6949,757.61,19766.5,-387.192,2026/01/23 16:00:09
6950,757.72,19767.5,-373.048,2026/01/23 16:00:09
6951,757.82,19768.7,-389.554,2026/01/23 16:00:09
6952,757.93,19763.2,-375.813,2026/01/23 16:00:09
6953,758.04,19769.7,-386.904,2026/01/23 16:00:10
6954,758.15,19765.6,-386.614,2026/01/23 16:00:10
6955,758.26,19776.9,-382.915,2026/01/23 16:00:10
6956,758.37,18057.7,-147.175,2026/01/23 16:00:10
6957,758.48,15759.3,-427.081,2026/01/23 16:00:10
6958,758.59,15620.3,-456.024,2026/01/23 16:00:10
6959,758.7,15587.2,-443.333,2026/01/23 16:00:10
6960,758.81,15548.6,-448.944,2026/01/23 16:00:10
6961,758.92,15532.1,-449.656,2026/01/23 16:00:10
6962,759.03,15501.9,-447.191,2026/01/23 16:00:11
6963,759.13,15493.4,-448.674,2026/01/23 16:00:11
6964,759.24,15470,-449.105,2026/01/23 16:00:11
6965,759.35,15461.6,-445.324,2026/01/23 16:00:11
6966,759.46,15444.3,-446.682,2026/01/23 16:00:11
6967,759.57,15551.9,-459.403,2026/01/23 16:00:11
6968,759.68,18878.4,-517.456,2026/01/23 16:00:11
6969,759.79,19797.5,-380.707,2026/01/23 16:00:11
6970,759.9,19778.3,-374.495,2026/01/23 16:00:11
6971,760.01,19767.1,-386.351,2026/01/23 16:00:12
6972,760.12,19753.1,-379.808,2026/01/23 16:00:12
6973,760.23,19759.8,-386.388,2026/01/23 16:00:12
6974,760.33,19743.6,-381.294,2026/01/23 16:00:12
6975,760.44,19754.9,-378.995,2026/01/23 16:00:12
6976,760.55,19747,-390.188,2026/01/23 16:00:12
6977,760.66,19754.2,-377.339,2026/01/23 16:00:12
6978,760.77,19448.2,-288.448,2026/01/23 16:00:12
6979,760.88,16020,-372.943,2026/01/23 16:00:12
6980,760.99,15626.2,-450.66,2026/01/23 16:00:13
6981,761.1,15587,-450.515,2026/01/23 16:00:13
6982,761.21,15542.8,-448.234,2026/01/23 16:00:13
6983,761.32,15526.7,-451.784,2026/01/23 16:00:13
6984,761.43,15496.5,-449.981,2026/01/23 16:00:13
6985,761.53,15485.7,-445.713,2026/01/23 16:00:13
6986,761.64,15466.5,-451.428,2026/01/23 16:00:13
6987,761.75,15452.3,-448.142,2026/01/23 16:00:13
6988,761.86,15444.4,-446.154,2026/01/23 16:00:13
6989,761.97,15435.7,-451.255,2026/01/23 16:00:14
