序号,相对时间(s),R（Ω）,X（Ω）,时间
1,0,24888.8,-1866.77,2026/01/23 17:40:40
2,0.11,24892.9,-1864.12,2026/01/23 17:40:40
3,0.22,24890.4,-1865.61,2026/01/23 17:40:40
4,0.33,24891.7,-1864.15,2026/01/23 17:40:40
5,0.43,24893.2,-1867.74,2026/01/23 17:40:41
6,0.54,24895.4,-1862.02,2026/01/23 17:40:41
7,0.65,24896.4,-1867.4,2026/01/23 17:40:41
8,0.76,24892.8,-1865.85,2026/01/23 17:40:41
9,0.87,24899.2,-1866.35,2026/01/23 17:40:41
10,0.98,24894.1,-1865.43,2026/01/23 17:40:41
11,1.09,24902.4,-1865.05,2026/01/23 17:40:41
12,1.2,24896.1,-1869.31,2026/01/23 17:40:41
13,1.31,24905,-1861.99,2026/01/23 17:40:41
14,1.41,24896.3,-1869.85,2026/01/23 17:40:42
15,1.52,24907.7,-1862.95,2026/01/23 17:40:42
16,1.63,24900.6,-1867.25,2026/01/23 17:40:42
17,1.74,24906.5,-1865.41,2026/01/23 17:40:42
18,1.85,24903.6,-1866.35,2026/01/23 17:40:42
19,1.96,24909.7,-1866.51,2026/01/23 17:40:42
20,2.07,24907.4,-1866.29,2026/01/23 17:40:42
21,2.18,24906.2,-1869.68,2026/01/23 17:40:42
22,2.29,24915.8,-1863.52,2026/01/23 17:40:42
23,2.4,24905.4,-1868.59,2026/01/23 17:40:43
24,2.5,24918.5,-1867.44,2026/01/23 17:40:43
25,2.61,24910.1,-1865.97,2026/01/23 17:40:43
26,2.72,24915.7,-1866.74,2026/01/23 17:40:43
27,2.83,24914.3,-1866.27,2026/01/23 17:40:43
28,2.94,24914.8,-1868.59,2026/01/23 17:40:43
29,3.05,24919,-1862.58,2026/01/23 17:40:43
30,3.16,24914.6,-1868.38,2026/01/23 17:40:43
31,3.27,24920.8,-1864.97,2026/01/23 17:40:43
32,3.38,24916.7,-1866.78,2026/01/23 17:40:44
33,3.49,24921.2,-1868.47,2026/01/23 17:40:44
34,3.6,24918.6,-1866.35,2026/01/23 17:40:44
35,3.7,24920.9,-1867.33,2026/01/23 17:40:44
36,3.81,24920,-1867.59,2026/01/23 17:40:44
37,3.92,24920.4,-1866.86,2026/01/23 17:40:44
38,4.03,24921.4,-1866.79,2026/01/23 17:40:44
39,4.14,24918.2,-1867.89,2026/01/23 17:40:44
40,4.25,24924.6,-1865.1,2026/01/23 17:40:44
41,4.36,24918.8,-1868.13,2026/01/23 17:40:45
42,4.47,24924.2,-1865.77,2026/01/23 17:40:45
43,4.58,24921.1,-1866.29,2026/01/23 17:40:45
44,4.69,24922.4,-1865.66,2026/01/23 17:40:45
45,4.79,24920.6,-1868.38,2026/01/23 17:40:45
46,4.9,24921.2,-1864.85,2026/01/23 17:40:45
47,5.01,24921.3,-1867.97,2026/01/23 17:40:45
48,5.12,24920,-1867.23,2026/01/23 17:40:45
49,5.23,24924.3,-1866.5,2026/01/23 17:40:45
50,5.34,24915.2,-1868.95,2026/01/23 17:40:45
51,5.45,24922.1,-1864.86,2026/01/23 17:40:46
52,5.56,24917.2,-1869.02,2026/01/23 17:40:46
53,5.67,24919,-1866.35,2026/01/23 17:40:46
54,5.77,24917.3,-1868.39,2026/01/23 17:40:46
55,5.88,24919.1,-1865.67,2026/01/23 17:40:46
56,5.99,24917.2,-1868.26,2026/01/23 17:40:46
57,6.1,24914.5,-1868.01,2026/01/23 17:40:46
58,6.21,24918.6,-1864.75,2026/01/23 17:40:46
59,6.32,24913.4,-1870.43,2026/01/23 17:40:46
60,6.43,24918,-1866.31,2026/01/23 17:40:47
61,6.54,24914.1,-1867.73,2026/01/23 17:40:47
62,6.65,24916.2,-1868.17,2026/01/23 17:40:47
63,6.76,24912.4,-1865.62,2026/01/23 17:40:47
64,6.86,24914.4,-1867.82,2026/01/23 17:40:47
65,6.97,24911.4,-1867.32,2026/01/23 17:40:47
66,7.08,24913.5,-1866.35,2026/01/23 17:40:47
67,7.19,24912.8,-1866.89,2026/01/23 17:40:47
68,7.3,24911.6,-1868.69,2026/01/23 17:40:47
69,7.41,24913.4,-1864.37,2026/01/23 17:40:48
70,7.52,24909.6,-1869.31,2026/01/23 17:40:48
71,7.63,24915.2,-1866.05,2026/01/23 17:40:48
72,7.74,24907.2,-1869.6,2026/01/23 17:40:48
73,7.85,24914.8,-1864.93,2026/01/23 17:40:48
74,7.96,24904,-1868.42,2026/01/23 17:40:48
75,8.06,24914.9,-1867.41,2026/01/23 17:40:48
76,8.18,24902.9,-1867.31,2026/01/23 17:40:48
77,8.28,24912.5,-1867.51,2026/01/23 17:40:48
78,8.39,24906.1,-1867.63,2026/01/23 17:40:49
79,8.5,24908.9,-1866.54,2026/01/23 17:40:49
80,8.61,24906.9,-1867.75,2026/01/23 17:40:49
81,8.72,24904.7,-1867.89,2026/01/23 17:40:49
82,8.83,24909.2,-1867.33,2026/01/23 17:40:49
83,8.94,24904.2,-1868.84,2026/01/23 17:40:49
84,9.05,24911.5,-1864.09,2026/01/23 17:40:49
85,9.16,24902.5,-1872.91,2026/01/23 17:40:49
86,9.26,24908.2,-1863.52,2026/01/23 17:40:49
87,9.37,24906.7,-1868.58,2026/01/23 17:40:50
88,9.48,24905.7,-1865.02,2026/01/23 17:40:50
89,9.59,24909.7,-1866.63,2026/01/23 17:40:50
90,9.7,24902.6,-1868.61,2026/01/23 17:40:50
91,9.81,24909.2,-1867.16,2026/01/23 17:40:50
92,9.92,24904,-1868.43,2026/01/23 17:40:50
93,10.03,24907.2,-1868.8,2026/01/23 17:40:50
94,10.14,24904.2,-1866.03,2026/01/23 17:40:50
95,10.25,24909.8,-1869.18,2026/01/23 17:40:50
96,10.36,24904.3,-1866.92,2026/01/23 17:40:51
97,10.46,24909.5,-1867.85,2026/01/23 17:40:51
98,10.57,24905.9,-1867.45,2026/01/23 17:40:51
99,10.68,24909.3,-1867.48,2026/01/23 17:40:51
100,10.79,24908,-1868.68,2026/01/23 17:40:51
101,10.9,24906.3,-1869.38,2026/01/23 17:40:51
102,11.01,24913,-1866.43,2026/01/23 17:40:51
103,11.12,24904.7,-1872.19,2026/01/23 17:40:51
104,11.23,24914.5,-1861.04,2026/01/23 17:40:51
105,11.34,24908.5,-1873.65,2026/01/23 17:40:51
106,11.45,24913.4,-1863.58,2026/01/23 17:40:52
107,11.55,24911.9,-1870.72,2026/01/23 17:40:52
108,11.66,24913.6,-1867.49,2026/01/23 17:40:52
109,11.77,24916.5,-1866.66,2026/01/23 17:40:52
110,11.88,24911.7,-1869,2026/01/23 17:40:52
111,11.99,24918.4,-1866.63,2026/01/23 17:40:52
112,12.1,24911,-1867.79,2026/01/23 17:40:52
113,12.21,24919.3,-1870.14,2026/01/23 17:40:52
114,12.32,24910.6,-1867.96,2026/01/23 17:40:52
115,12.42,24917.3,-1868.1,2026/01/23 17:40:53
116,12.53,24913.7,-1868.36,2026/01/23 17:40:53
117,12.64,24911.6,-1868.7,2026/01/23 17:40:53
118,12.75,24918.8,-1866.06,2026/01/23 17:40:53
119,12.86,24912.4,-1871.46,2026/01/23 17:40:53
120,12.97,24915.8,-1864.35,2026/01/23 17:40:53
121,13.08,24915,-1869.99,2026/01/23 17:40:53
122,13.19,24916,-1865.24,2026/01/23 17:40:53
123,13.3,24916.6,-1868.15,2026/01/23 17:40:53
124,13.4,24916.8,-1869.87,2026/01/23 17:40:54
125,13.51,24917.8,-1867.78,2026/01/23 17:40:54
126,13.62,24918.5,-1868.38,2026/01/23 17:40:54
127,13.73,24920.8,-1867,2026/01/23 17:40:54
128,13.84,24915.6,-1870.26,2026/01/23 17:40:54
129,13.95,24923.2,-1864.82,2026/01/23 17:40:54
130,14.06,24917.4,-1873.1,2026/01/23 17:40:54
131,14.17,24922.8,-1864.55,2026/01/23 17:40:54
132,14.28,24921.1,-1872.12,2026/01/23 17:40:54
133,14.39,24921.3,-1868.19,2026/01/23 17:40:55
134,14.49,24925.6,-1867.07,2026/01/23 17:40:55
135,14.6,24922.7,-1871.48,2026/01/23 17:40:55
136,14.71,24928.4,-1866.53,2026/01/23 17:40:55
137,14.82,24918.6,-1870.77,2026/01/23 17:40:55
138,14.93,24932.1,-1866.18,2026/01/23 17:40:55
139,15.04,24921.5,-1870.85,2026/01/23 17:40:55
140,15.15,24930.3,-1865.3,2026/01/23 17:40:55
141,15.26,24928.2,-1871.16,2026/01/23 17:40:55
142,15.37,24926.6,-1869.03,2026/01/23 17:40:56
143,15.47,24933.1,-1867.37,2026/01/23 17:40:56
144,15.58,24930.2,-1870.89,2026/01/23 17:40:56
145,15.69,24934.2,-1869.75,2026/01/23 17:40:56
146,15.8,24928.9,-1866.98,2026/01/23 17:40:56
147,15.91,24937,-1869.9,2026/01/23 17:40:56
148,16.02,24930.8,-1868.68,2026/01/23 17:40:56
149,16.13,24937.7,-1867,2026/01/23 17:40:56
150,16.24,24936.4,-1869.32,2026/01/23 17:40:56
151,16.34,24934.6,-1867.68,2026/01/23 17:40:57
152,16.45,24941.7,-1869.25,2026/01/23 17:40:57
153,16.56,24936.3,-1870.76,2026/01/23 17:40:57
154,16.67,24939.7,-1868.84,2026/01/23 17:40:57
155,16.78,24938.8,-1868.27,2026/01/23 17:40:57
156,16.89,24942.1,-1869.74,2026/01/23 17:40:57
157,17,24940.6,-1868.6,2026/01/23 17:40:57
158,17.11,24943.6,-1869.98,2026/01/23 17:40:57
159,17.22,24942,-1869.62,2026/01/23 17:40:57
160,17.32,24940.4,-1870.6,2026/01/23 17:40:57
161,17.43,24946.1,-1867.92,2026/01/23 17:40:58
162,17.54,24939.9,-1873.77,2026/01/23 17:40:58
163,17.65,24946.6,-1864.66,2026/01/23 17:40:58
164,17.76,24944.1,-1873.55,2026/01/23 17:40:58
165,17.87,24946,-1868.72,2026/01/23 17:40:58
166,17.98,24949.4,-1867.59,2026/01/23 17:40:58
167,18.09,24944,-1870.78,2026/01/23 17:40:58
168,18.19,24951.8,-1868.22,2026/01/23 17:40:58
169,18.3,24942.3,-1870.43,2026/01/23 17:40:58
170,18.41,24953.8,-1869.6,2026/01/23 17:40:59
171,18.52,24943.3,-1871.59,2026/01/23 17:40:59
172,18.63,24952.3,-1868.26,2026/01/23 17:40:59
173,18.74,24948.8,-1873.1,2026/01/23 17:40:59
174,18.85,24948.6,-1868.09,2026/01/23 17:40:59
175,18.96,24953.4,-1869.36,2026/01/23 17:40:59
176,19.07,24949.7,-1871.65,2026/01/23 17:40:59
177,19.17,24951.8,-1869.18,2026/01/23 17:40:59
178,19.28,24949.7,-1869.58,2026/01/23 17:40:59
179,19.39,24953.9,-1870.96,2026/01/23 17:41:00
180,19.5,24948.4,-1870.31,2026/01/23 17:41:00
181,19.61,24954,-1870.38,2026/01/23 17:41:00
182,19.72,24950.9,-1869.24,2026/01/23 17:41:00
183,19.83,24950.1,-1871.17,2026/01/23 17:41:00
184,19.94,24958.1,-1867.18,2026/01/23 17:41:00
185,20.05,24950.8,-1871.43,2026/01/23 17:41:00
186,20.15,24958.9,-1866.55,2026/01/23 17:41:00
187,20.26,24954.2,-1874.72,2026/01/23 17:41:00
188,20.37,24957.5,-1867.32,2026/01/23 17:41:01
189,20.48,24955.4,-1873.18,2026/01/23 17:41:01
190,20.59,24956,-1871.19,2026/01/23 17:41:01
191,20.7,24957.8,-1868.86,2026/01/23 17:41:01
192,20.81,24955.9,-1872.14,2026/01/23 17:41:01
193,20.92,24961.2,-1866.44,2026/01/23 17:41:01
194,21.03,24955.5,-1872.06,2026/01/23 17:41:01
195,21.14,24966,-1869.42,2026/01/23 17:41:01
196,21.25,24954.1,-1873.88,2026/01/23 17:41:01
197,21.35,24966.2,-1865.99,2026/01/23 17:41:02
198,21.46,24960,-1874.2,2026/01/23 17:41:02
199,21.57,24964.1,-1868.5,2026/01/23 17:41:02
200,21.68,24967.6,-1871.55,2026/01/23 17:41:02
201,21.79,24961.3,-1870.62,2026/01/23 17:41:02
202,21.9,24968.2,-1869.6,2026/01/23 17:41:02
203,22.01,24964.2,-1870.46,2026/01/23 17:41:02
204,22.11,24967.3,-1871.39,2026/01/23 17:41:02
205,22.22,24963.3,-1869.48,2026/01/23 17:41:02
206,22.33,24969.7,-1870.45,2026/01/23 17:41:02
207,22.44,24965.7,-1871.44,2026/01/23 17:41:03
208,22.55,24970.1,-1870.43,2026/01/23 17:41:03
209,22.66,24970.7,-1868.59,2026/01/23 17:41:03
210,22.77,24965,-1872.12,2026/01/23 17:41:03
211,22.88,24973.4,-1866.76,2026/01/23 17:41:03
212,22.99,24967.3,-1875.65,2026/01/23 17:41:03
213,23.1,24973.1,-1866.76,2026/01/23 17:41:03
214,23.2,24970.8,-1873.56,2026/01/23 17:41:03
215,23.31,24972.6,-1870.18,2026/01/23 17:41:03
216,23.42,24975.9,-1870.15,2026/01/23 17:41:04
217,23.53,24973.6,-1875.23,2026/01/23 17:41:04
218,23.64,24979.3,-1865.8,2026/01/23 17:41:04
219,23.75,24974.7,-1875.02,2026/01/23 17:41:04
220,23.86,24983,-1869.37,2026/01/23 17:41:04
221,23.97,24972.5,-1873.26,2026/01/23 17:41:04
222,24.07,24984.4,-1868.52,2026/01/23 17:41:04
223,24.18,24976.8,-1872.52,2026/01/23 17:41:04
224,24.29,24981.8,-1867.82,2026/01/23 17:41:04
225,24.4,24983.8,-1871.88,2026/01/23 17:41:05
226,24.51,24978.4,-1870.92,2026/01/23 17:41:05
227,24.62,24984.6,-1871.36,2026/01/23 17:41:05
228,24.73,24980.4,-1871.98,2026/01/23 17:41:05
229,24.84,24983.6,-1871.82,2026/01/23 17:41:05
230,24.95,24979.3,-1869.13,2026/01/23 17:41:05
231,25.06,24985.4,-1872.93,2026/01/23 17:41:05
232,25.16,24980.4,-1870.04,2026/01/23 17:41:05
233,25.28,24986.6,-1871.21,2026/01/23 17:41:05
234,25.38,24982.2,-1872.6,2026/01/23 17:41:06
235,25.49,24985.2,-1870.54,2026/01/23 17:41:06
236,25.6,24983.9,-1872.54,2026/01/23 17:41:06
237,25.71,24980.6,-1870.54,2026/01/23 17:41:06
238,25.82,24988.9,-1869.96,2026/01/23 17:41:06
239,25.93,24981.9,-1874.09,2026/01/23 17:41:06
240,26.04,24986.8,-1867.72,2026/01/23 17:41:06
241,26.15,24985.2,-1873.63,2026/01/23 17:41:06
242,26.26,24986.4,-1869.83,2026/01/23 17:41:06
243,26.36,24985.5,-1871.15,2026/01/23 17:41:07
244,26.47,24984.6,-1872.72,2026/01/23 17:41:07
245,26.58,24985.8,-1870,2026/01/23 17:41:07
246,26.69,24982.9,-1873.8,2026/01/23 17:41:07
247,26.8,24990.9,-1869.87,2026/01/23 17:41:07
248,26.91,24979.2,-1874.33,2026/01/23 17:41:07
249,27.02,24992,-1868.06,2026/01/23 17:41:07
250,27.13,24983.5,-1875.34,2026/01/23 17:41:07
251,27.24,24992.9,-1870.02,2026/01/23 17:41:07
252,27.34,24992.5,-1874.6,2026/01/23 17:41:08
253,27.45,24993.1,-1871.72,2026/01/23 17:41:08
254,27.56,24999.4,-1871.28,2026/01/23 17:41:08
255,27.67,24996.2,-1874.1,2026/01/23 17:41:08
256,27.78,25001.1,-1872.16,2026/01/23 17:41:08
257,27.89,25000.8,-1871.01,2026/01/23 17:41:08
258,28,25007.4,-1873.77,2026/01/23 17:41:08
259,28.11,25006.7,-1869.19,2026/01/23 17:41:08
260,28.22,25010.8,-1873.47,2026/01/23 17:41:08
261,28.32,25010.7,-1871.41,2026/01/23 17:41:08
262,28.43,25009.7,-1873.45,2026/01/23 17:41:09
263,28.54,25016.4,-1870.83,2026/01/23 17:41:09
264,28.65,25011.2,-1873.63,2026/01/23 17:41:09
265,28.76,25020.2,-1868.33,2026/01/23 17:41:09
266,28.87,25013.8,-1877.15,2026/01/23 17:41:09
267,28.98,25018.2,-1867.62,2026/01/23 17:41:09
268,29.09,25018,-1873.84,2026/01/23 17:41:09
269,29.2,25017,-1871.12,2026/01/23 17:41:09
270,29.31,25022.2,-1870.13,2026/01/23 17:41:09
271,29.41,25016.6,-1875.31,2026/01/23 17:41:10
272,29.52,25022.8,-1870,2026/01/23 17:41:10
273,29.63,25018.3,-1873.86,2026/01/23 17:41:10
274,29.74,25027.5,-1871.18,2026/01/23 17:41:10
275,29.85,25019.8,-1871.43,2026/01/23 17:41:10
276,29.96,25028.4,-1872.21,2026/01/23 17:41:10
277,30.07,25022.9,-1873.14,2026/01/23 17:41:10
278,30.18,25027,-1871.98,2026/01/23 17:41:10
279,30.29,25027.7,-1874.29,2026/01/23 17:41:10
280,30.4,25025.5,-1871.78,2026/01/23 17:41:11
281,30.5,25030.7,-1873.07,2026/01/23 17:41:11
282,30.61,25024.8,-1872.68,2026/01/23 17:41:11
283,30.72,25028.5,-1871.53,2026/01/23 17:41:11
284,30.83,25028.2,-1872.28,2026/01/23 17:41:11
285,30.94,25030.3,-1872.69,2026/01/23 17:41:11
286,31.05,25026.9,-1871.64,2026/01/23 17:41:11
287,31.16,25030.3,-1873.62,2026/01/23 17:41:11
288,31.27,25026.4,-1871.58,2026/01/23 17:41:11
289,31.38,25030,-1872.94,2026/01/23 17:41:12
290,31.48,25032.6,-1870.75,2026/01/23 17:41:12
291,31.59,25022.7,-1875.29,2026/01/23 17:41:12
292,31.7,25035.1,-1867.96,2026/01/23 17:41:12
293,31.81,25023.5,-1878.17,2026/01/23 17:41:12
294,31.92,25031.5,-1867.34,2026/01/23 17:41:12
295,32.03,25027.4,-1873.94,2026/01/23 17:41:12
296,32.14,25026.4,-1871.42,2026/01/23 17:41:12
297,32.25,25030.8,-1872.5,2026/01/23 17:41:12
298,32.36,25023.8,-1874.73,2026/01/23 17:41:13
299,32.47,25028.9,-1872.3,2026/01/23 17:41:13
300,32.57,25023.7,-1874.21,2026/01/23 17:41:13
301,32.68,25029.7,-1872.96,2026/01/23 17:41:13
302,32.79,25021,-1871.16,2026/01/23 17:41:13
303,32.9,25028.2,-1872.31,2026/01/23 17:41:13
304,33.01,25023.1,-1873.68,2026/01/23 17:41:13
305,33.12,25026.8,-1872.83,2026/01/23 17:41:13
306,33.23,25025.9,-1874.26,2026/01/23 17:41:13
307,33.34,25022.4,-1871.83,2026/01/23 17:41:13
308,33.45,25029.3,-1872.53,2026/01/23 17:41:14
309,33.56,25023.3,-1873.71,2026/01/23 17:41:14
310,33.66,25029.6,-1870.35,2026/01/23 17:41:14
311,33.77,25026.4,-1877.29,2026/01/23 17:41:14
312,33.88,25029.4,-1868.62,2026/01/23 17:41:14
313,33.99,25030.1,-1873.41,2026/01/23 17:41:14
314,34.1,25029.7,-1871.93,2026/01/23 17:41:14
315,34.21,25032.7,-1871,2026/01/23 17:41:14
316,34.32,25028.6,-1876.73,2026/01/23 17:41:14
317,34.43,25034.2,-1871.62,2026/01/23 17:41:15
318,34.53,25027.7,-1875.16,2026/01/23 17:41:15
319,34.64,25038.5,-1872.66,2026/01/23 17:41:15
320,34.75,25028.6,-1873.19,2026/01/23 17:41:15
321,34.86,25039.7,-1873.13,2026/01/23 17:41:15
322,34.97,25031.6,-1874.16,2026/01/23 17:41:15
323,35.08,25038,-1871.25,2026/01/23 17:41:15
324,35.19,25036.7,-1873.05,2026/01/23 17:41:15
325,35.3,25036.8,-1871.37,2026/01/23 17:41:15
326,35.41,25042.3,-1873.39,2026/01/23 17:41:16
327,35.52,25036.8,-1875.36,2026/01/23 17:41:16
328,35.62,25042.7,-1870.84,2026/01/23 17:41:16
329,35.73,25042.2,-1876.39,2026/01/23 17:41:16
330,35.84,25042.5,-1871.28,2026/01/23 17:41:16
331,35.95,25042.3,-1873.66,2026/01/23 17:41:16
332,36.06,25040,-1874.67,2026/01/23 17:41:16
333,36.17,25045.3,-1870.03,2026/01/23 17:41:16
334,36.28,25038.9,-1874.17,2026/01/23 17:41:16
335,36.39,25046.4,-1872.7,2026/01/23 17:41:17
336,36.49,25038.8,-1872.21,2026/01/23 17:41:17
337,36.6,25045.7,-1873.41,2026/01/23 17:41:17
338,36.71,25039.1,-1874.22,2026/01/23 17:41:17
339,36.82,25044.3,-1872.28,2026/01/23 17:41:17
340,36.93,25041.1,-1874.54,2026/01/23 17:41:17
341,37.04,25042.7,-1872.06,2026/01/23 17:41:17
342,37.15,25046.4,-1871.86,2026/01/23 17:41:17
343,37.26,25038.3,-1877.11,2026/01/23 17:41:17
344,37.37,25045.6,-1868.2,2026/01/23 17:41:18
345,37.47,25041.9,-1877.47,2026/01/23 17:41:18
346,37.58,25044,-1871.14,2026/01/23 17:41:18
347,37.69,25048,-1873.29,2026/01/23 17:41:18
348,37.8,25040.4,-1873.18,2026/01/23 17:41:18
349,37.91,25046.6,-1870.83,2026/01/23 17:41:18
350,38.02,25043.8,-1873.06,2026/01/23 17:41:18
351,38.13,25046.9,-1872.88,2026/01/23 17:41:18
352,38.23,25045.2,-1872.37,2026/01/23 17:41:18
353,38.34,25049.1,-1874.64,2026/01/23 17:41:19
354,38.45,25042.8,-1871.97,2026/01/23 17:41:19
355,38.56,25046.6,-1874.03,2026/01/23 17:41:19
356,38.67,25043.7,-1872.48,2026/01/23 17:41:19
357,38.78,25046.4,-1872.58,2026/01/23 17:41:19
358,38.89,25048.7,-1871.24,2026/01/23 17:41:19
359,39,25042.9,-1874.82,2026/01/23 17:41:19
360,39.11,25053.1,-1869.45,2026/01/23 17:41:19
361,39.22,25045.6,-1877.67,2026/01/23 17:41:19
362,39.32,25060.1,-1869.17,2026/01/23 17:41:19
363,39.43,25061,-1876.01,2026/01/23 17:41:20
364,39.54,25077.4,-1870.94,2026/01/23 17:41:20
365,39.65,25094.2,-1872.83,2026/01/23 17:41:20
366,39.76,25100.7,-1870.26,2026/01/23 17:41:20
367,39.87,25101,-1869.91,2026/01/23 17:41:20
368,39.98,25083,-1869.94,2026/01/23 17:41:20
369,40.09,25080.7,-1867.67,2026/01/23 17:41:20
370,40.2,25070.4,-1870.47,2026/01/23 17:41:20
371,40.3,25060.1,-1871.07,2026/01/23 17:41:20
372,40.41,25047.8,-1871.62,2026/01/23 17:41:21
373,40.52,25044.5,-1872.73,2026/01/23 17:41:21
374,40.63,25045.5,-1872.16,2026/01/23 17:41:21
375,40.74,25046.8,-1873.11,2026/01/23 17:41:21
376,40.85,25051.4,-1867.28,2026/01/23 17:41:21
377,40.96,25049.7,-1874.29,2026/01/23 17:41:21
378,41.07,25071.9,-1871.08,2026/01/23 17:41:21
379,41.18,25071.3,-1873.18,2026/01/23 17:41:21
380,41.29,25097.7,-1869.93,2026/01/23 17:41:21
381,41.39,25105,-1872.94,2026/01/23 17:41:22
382,41.5,25118.2,-1869.14,2026/01/23 17:41:22
383,41.61,25116.8,-1872.18,2026/01/23 17:41:22
384,41.72,25117.4,-1869.25,2026/01/23 17:41:22
385,41.83,25131.6,-1871.39,2026/01/23 17:41:22
386,41.94,25126.4,-1874.46,2026/01/23 17:41:22
387,42.05,25117.6,-1866.68,2026/01/23 17:41:22
388,42.16,25093.3,-1874.53,2026/01/23 17:41:22
389,42.26,25080.3,-1867.45,2026/01/23 17:41:22
390,42.37,25064.9,-1873.2,2026/01/23 17:41:23
391,42.48,25054.7,-1874.08,2026/01/23 17:41:23
392,42.59,25062.2,-1869.7,2026/01/23 17:41:23
393,42.7,25059.4,-1874.89,2026/01/23 17:41:23
394,42.81,25068.8,-1872.14,2026/01/23 17:41:23
395,42.92,25074,-1872.34,2026/01/23 17:41:23
396,43.03,25091.3,-1877.23,2026/01/23 17:41:23
397,43.14,25100.6,-1870.89,2026/01/23 17:41:23
398,43.25,25121.3,-1873.9,2026/01/23 17:41:23
399,43.35,25127.4,-1871.61,2026/01/23 17:41:24
400,43.46,25150.9,-1874.73,2026/01/23 17:41:24
401,43.57,25176.3,-1872.78,2026/01/23 17:41:24
402,43.68,25172.2,-1871.21,2026/01/23 17:41:24
403,43.79,25170.3,-1870.98,2026/01/23 17:41:24
404,43.9,25148.3,-1871.5,2026/01/23 17:41:24
405,44.01,25138.4,-1866.34,2026/01/23 17:41:24
406,44.12,25108.2,-1875.14,2026/01/23 17:41:24
407,44.23,25096.8,-1866.61,2026/01/23 17:41:24
408,44.33,25076.9,-1873.05,2026/01/23 17:41:24
409,44.44,25073.5,-1870.12,2026/01/23 17:41:25
410,44.55,25078.6,-1873.69,2026/01/23 17:41:25
411,44.66,25078.9,-1872.25,2026/01/23 17:41:25
412,44.77,25093.1,-1874,2026/01/23 17:41:25
413,44.88,25096.7,-1872.91,2026/01/23 17:41:25
414,44.99,25115.7,-1872.11,2026/01/23 17:41:25
415,45.1,25120.8,-1874.17,2026/01/23 17:41:25
416,45.21,25135.9,-1872.14,2026/01/23 17:41:25
417,45.32,25148.7,-1874.54,2026/01/23 17:41:25
418,45.43,25183.4,-1874.98,2026/01/23 17:41:26
419,45.53,25204.7,-1871.09,2026/01/23 17:41:26
420,45.64,25204.7,-1874.85,2026/01/23 17:41:26
421,45.75,25208.6,-1867.84,2026/01/23 17:41:26
422,45.86,25190.4,-1874.74,2026/01/23 17:41:26
423,45.97,25193.3,-1872.42,2026/01/23 17:41:26
424,46.08,25165.7,-1871.55,2026/01/23 17:41:26
425,46.19,25153.4,-1872.52,2026/01/23 17:41:26
426,46.3,25122.3,-1870.81,2026/01/23 17:41:26
427,46.4,25110,-1872.13,2026/01/23 17:41:27
428,46.51,25098.9,-1868.13,2026/01/23 17:41:27
429,46.62,25089.7,-1874.34,2026/01/23 17:41:27
430,46.73,25097.7,-1869.66,2026/01/23 17:41:27
431,46.84,25088.9,-1876.22,2026/01/23 17:41:27
432,46.95,25107.4,-1870.01,2026/01/23 17:41:27
433,47.06,25104.3,-1877.5,2026/01/23 17:41:27
434,47.17,25122,-1869.09,2026/01/23 17:41:27
435,47.28,25128,-1877.14,2026/01/23 17:41:27
436,47.39,25144.5,-1869.74,2026/01/23 17:41:28
437,47.5,25156.4,-1877.22,2026/01/23 17:41:28
438,47.6,25188.4,-1872.81,2026/01/23 17:41:28
439,47.71,25216.6,-1873.99,2026/01/23 17:41:28
440,47.82,25212.8,-1874.14,2026/01/23 17:41:28
441,47.93,25215.7,-1873.19,2026/01/23 17:41:28
442,48.04,25204.1,-1874.03,2026/01/23 17:41:28
443,48.15,25199.5,-1874.22,2026/01/23 17:41:28
444,48.26,25174.4,-1873.34,2026/01/23 17:41:28
445,48.37,25149.5,-1872.28,2026/01/23 17:41:29
446,48.48,25126.1,-1871.75,2026/01/23 17:41:29
447,48.58,25104.4,-1874.05,2026/01/23 17:41:29
448,48.69,25099,-1871.22,2026/01/23 17:41:29
449,48.8,25097.7,-1879.29,2026/01/23 17:41:29
450,48.91,25109.6,-1874.72,2026/01/23 17:41:29
451,49.02,25110.2,-1877.35,2026/01/23 17:41:29
452,49.13,25129.2,-1875.04,2026/01/23 17:41:29
453,49.24,25135.4,-1873.67,2026/01/23 17:41:29
454,49.35,25156.8,-1875.57,2026/01/23 17:41:30
455,49.46,25167.5,-1876.32,2026/01/23 17:41:30
456,49.56,25209.4,-1876.52,2026/01/23 17:41:30
457,49.67,25222.3,-1872.86,2026/01/23 17:41:30
458,49.78,25229,-1875.23,2026/01/23 17:41:30
459,49.89,25223.7,-1872.75,2026/01/23 17:41:30
460,50,25213.9,-1875.62,2026/01/23 17:41:30
461,50.11,25218.5,-1871.1,2026/01/23 17:41:30
462,50.22,25187.9,-1876.52,2026/01/23 17:41:30
463,50.33,25165,-1869.13,2026/01/23 17:41:30
464,50.44,25134.4,-1874.38,2026/01/23 17:41:31
465,50.55,25126.3,-1872.43,2026/01/23 17:41:31
466,50.66,25110.9,-1875.36,2026/01/23 17:41:31
467,50.77,25111.6,-1874.27,2026/01/23 17:41:31
468,50.87,25117.8,-1876.44,2026/01/23 17:41:31
469,50.98,25119.7,-1872.86,2026/01/23 17:41:31
470,51.09,25135.6,-1876.01,2026/01/23 17:41:31
471,51.2,25143,-1876.45,2026/01/23 17:41:31
472,51.31,25161.3,-1873.29,2026/01/23 17:41:31
473,51.42,25170.8,-1878.96,2026/01/23 17:41:32
474,51.53,25196.3,-1872.24,2026/01/23 17:41:32
475,51.64,25233.3,-1879.39,2026/01/23 17:41:32
476,51.75,25236.2,-1872.97,2026/01/23 17:41:32
477,51.85,25235.1,-1873.09,2026/01/23 17:41:32
478,51.96,25226.9,-1876.98,2026/01/23 17:41:32
479,52.07,25219.7,-1871.93,2026/01/23 17:41:32
480,52.18,25216.8,-1875.89,2026/01/23 17:41:32
481,52.29,25218.1,-1873.56,2026/01/23 17:41:32
482,52.4,25194.3,-1872.09,2026/01/23 17:41:33
483,52.51,25163.3,-1871.79,2026/01/23 17:41:33
484,52.62,25138.8,-1872.5,2026/01/23 17:41:33
485,52.73,25124.1,-1873.59,2026/01/23 17:41:33
486,52.84,25123.1,-1872.21,2026/01/23 17:41:33
487,52.94,25124.4,-1879.23,2026/01/23 17:41:33
488,53.05,25142,-1874.02,2026/01/23 17:41:33
489,53.16,25151.9,-1874.93,2026/01/23 17:41:33
490,53.27,25179.3,-1877.29,2026/01/23 17:41:33
491,53.38,25188.6,-1874.77,2026/01/23 17:41:34
492,53.49,25230,-1877.64,2026/01/23 17:41:34
493,53.6,25237.8,-1874.51,2026/01/23 17:41:34
494,53.71,25235.8,-1876.43,2026/01/23 17:41:34
495,53.81,25232.7,-1875.62,2026/01/23 17:41:34
496,53.92,25230.3,-1877.04,2026/01/23 17:41:34
497,54.03,25240.4,-1871.26,2026/01/23 17:41:34
498,54.14,25208.1,-1876.84,2026/01/23 17:41:34
499,54.25,25216.8,-1872.87,2026/01/23 17:41:34
500,54.36,25213.8,-1875.65,2026/01/23 17:41:35
501,54.47,25199.1,-1871.26,2026/01/23 17:41:35
502,54.58,25160.9,-1873.45,2026/01/23 17:41:35
503,54.68,25139.4,-1871.33,2026/01/23 17:41:35
504,54.79,25129.4,-1873.54,2026/01/23 17:41:35
505,54.9,25125.5,-1875.2,2026/01/23 17:41:35
506,55.01,25142.7,-1870.62,2026/01/23 17:41:35
507,55.12,25143.2,-1880.46,2026/01/23 17:41:35
508,55.23,25165.3,-1867.9,2026/01/23 17:41:35
509,55.34,25171.3,-1877.6,2026/01/23 17:41:35
510,55.45,25197.5,-1874.63,2026/01/23 17:41:36
511,55.56,25238.6,-1876.16,2026/01/23 17:41:36
512,55.67,25232.7,-1873.79,2026/01/23 17:41:36
513,55.77,25239.4,-1874.84,2026/01/23 17:41:36
514,55.88,25230.5,-1874.98,2026/01/23 17:41:36
515,55.99,25247.8,-1873.73,2026/01/23 17:41:36
516,56.1,25260.8,-1875.4,2026/01/23 17:41:36
517,56.21,25234.1,-1873.18,2026/01/23 17:41:36
518,56.32,25226.2,-1878.53,2026/01/23 17:41:36
519,56.43,25223.6,-1873.07,2026/01/23 17:41:37
520,56.54,25219.5,-1875.58,2026/01/23 17:41:37
521,56.65,25184.3,-1874.61,2026/01/23 17:41:37
522,56.75,25161.6,-1872.55,2026/01/23 17:41:37
523,56.86,25139.6,-1874.16,2026/01/23 17:41:37
524,56.97,25136.7,-1873.95,2026/01/23 17:41:37
525,57.08,25138.9,-1874.34,2026/01/23 17:41:37
526,57.19,25149,-1875.96,2026/01/23 17:41:37
527,57.3,25162.9,-1875.32,2026/01/23 17:41:37
528,57.41,25182.9,-1876.42,2026/01/23 17:41:38
529,57.52,25203.5,-1876.28,2026/01/23 17:41:38
530,57.63,25247.4,-1878.27,2026/01/23 17:41:38
531,57.73,25251,-1872.85,2026/01/23 17:41:38
532,57.84,25242.7,-1876.97,2026/01/23 17:41:38
533,57.95,25250,-1875.49,2026/01/23 17:41:38
534,58.06,25242.8,-1873.04,2026/01/23 17:41:38
535,58.17,25269.4,-1878.09,2026/01/23 17:41:38
536,58.28,25283,-1877.05,2026/01/23 17:41:38
537,58.39,25274.6,-1877.66,2026/01/23 17:41:39
538,58.5,25247.4,-1876.55,2026/01/23 17:41:39
539,58.6,25238.6,-1879.95,2026/01/23 17:41:39
540,58.71,25245.4,-1874.91,2026/01/23 17:41:39
541,58.82,25211.3,-1877.77,2026/01/23 17:41:39
542,58.93,25187.5,-1873.78,2026/01/23 17:41:39
543,59.04,25154.8,-1876.63,2026/01/23 17:41:39
544,59.15,25148.8,-1874.05,2026/01/23 17:41:39
545,59.26,25153.6,-1878.07,2026/01/23 17:41:39
546,59.37,25172.6,-1876.34,2026/01/23 17:41:40
547,59.47,25188.7,-1877.08,2026/01/23 17:41:40
548,59.58,25203.8,-1877.41,2026/01/23 17:41:40
549,59.69,25244.7,-1875.67,2026/01/23 17:41:40
550,59.8,25259.2,-1880.07,2026/01/23 17:41:40
551,59.91,25265.4,-1871.06,2026/01/23 17:41:40
552,60.02,25254.2,-1878.11,2026/01/23 17:41:40
553,60.13,25261.9,-1873.55,2026/01/23 17:41:40
554,60.24,25271.1,-1880.54,2026/01/23 17:41:40
555,60.35,25309,-1879.21,2026/01/23 17:41:41
556,60.46,25329.2,-1879.85,2026/01/23 17:41:41
557,60.56,25304.4,-1877.87,2026/01/23 17:41:41
558,60.67,25282.8,-1876.68,2026/01/23 17:41:41
559,60.78,25265.2,-1883.39,2026/01/23 17:41:41
560,60.89,25264.8,-1871.46,2026/01/23 17:41:41
561,61,25241.1,-1883.07,2026/01/23 17:41:41
562,61.11,25218.3,-1871.37,2026/01/23 17:41:41
563,61.22,25185,-1878.09,2026/01/23 17:41:41
564,61.33,25168.1,-1874.24,2026/01/23 17:41:41
565,61.44,25169.7,-1877.72,2026/01/23 17:41:42
566,61.55,25177.2,-1876.9,2026/01/23 17:41:42
567,61.65,25197.5,-1875,2026/01/23 17:41:42
568,61.76,25209,-1880.88,2026/01/23 17:41:42
569,61.87,25231.9,-1874.77,2026/01/23 17:41:42
570,61.98,25273.9,-1881.15,2026/01/23 17:41:42
571,62.09,25270.6,-1875.43,2026/01/23 17:41:42
572,62.2,25270.2,-1875,2026/01/23 17:41:42
573,62.31,25263,-1877.2,2026/01/23 17:41:42
574,62.41,25269.6,-1877.04,2026/01/23 17:41:43
575,62.52,25269.2,-1878.54,2026/01/23 17:41:43
576,62.63,25301.4,-1877.33,2026/01/23 17:41:43
577,62.74,25342.7,-1884.56,2026/01/23 17:41:43
578,62.85,25354.3,-1877.6,2026/01/23 17:41:43
579,62.96,25354.4,-1884.51,2026/01/23 17:41:43
580,63.07,25385.3,-1882.12,2026/01/23 17:41:43
581,63.18,25331.4,-1884.66,2026/01/23 17:41:43
582,63.29,25311.1,-1881.35,2026/01/23 17:41:43
583,63.4,25311.2,-1881.07,2026/01/23 17:41:44
584,63.5,25281.9,-1877.79,2026/01/23 17:41:44
585,63.61,25258.1,-1877.29,2026/01/23 17:41:44
586,63.72,25243,-1878.98,2026/01/23 17:41:44
587,63.83,25211.1,-1875.3,2026/01/23 17:41:44
588,63.94,25183.8,-1878.46,2026/01/23 17:41:44
589,64.05,25177.4,-1875.28,2026/01/23 17:41:44
590,64.16,25193.5,-1878.17,2026/01/23 17:41:44
591,64.27,25198.7,-1878.75,2026/01/23 17:41:44
592,64.38,25219.2,-1876.63,2026/01/23 17:41:45
593,64.48,25229.4,-1878.13,2026/01/23 17:41:45
594,64.59,25250.2,-1878.16,2026/01/23 17:41:45
595,64.7,25283.1,-1879.69,2026/01/23 17:41:45
596,64.81,25282.4,-1875.51,2026/01/23 17:41:45
597,64.92,25279.5,-1880.3,2026/01/23 17:41:45
598,65.03,25280.4,-1876.33,2026/01/23 17:41:45
599,65.14,25283.6,-1878.58,2026/01/23 17:41:45
600,65.25,25289.8,-1880.46,2026/01/23 17:41:45
601,65.36,25314.1,-1876.64,2026/01/23 17:41:46
602,65.46,25335.2,-1880.72,2026/01/23 17:41:46
603,65.57,25373.4,-1881.92,2026/01/23 17:41:46
604,65.68,25354.9,-1881.9,2026/01/23 17:41:46
605,65.79,25324.1,-1879.77,2026/01/23 17:41:46
606,65.9,25307.3,-1884.41,2026/01/23 17:41:46
607,66.01,25293,-1878.9,2026/01/23 17:41:46
608,66.12,25272.7,-1879.92,2026/01/23 17:41:46
609,66.23,25242.2,-1878.57,2026/01/23 17:41:46
610,66.34,25221.8,-1875.31,2026/01/23 17:41:46
611,66.45,25200.4,-1878.78,2026/01/23 17:41:47
612,66.56,25204.5,-1876.88,2026/01/23 17:41:47
613,66.66,25210.2,-1879.13,2026/01/23 17:41:47
614,66.77,25222.5,-1876.62,2026/01/23 17:41:47
615,66.88,25236.4,-1878.59,2026/01/23 17:41:47
616,66.99,25256.3,-1876.28,2026/01/23 17:41:47
617,67.1,25294.3,-1883.14,2026/01/23 17:41:47
618,67.21,25298.8,-1875.93,2026/01/23 17:41:47
619,67.32,25300.6,-1876.29,2026/01/23 17:41:47
620,67.43,25299.6,-1878.81,2026/01/23 17:41:48
621,67.54,25309.1,-1875.08,2026/01/23 17:41:48
622,67.64,25338.2,-1880.85,2026/01/23 17:41:48
623,67.75,25409.2,-1882.5,2026/01/23 17:41:48
624,67.86,25446.7,-1886.48,2026/01/23 17:41:48
625,67.97,25470.2,-1884.71,2026/01/23 17:41:48
626,68.08,25441.2,-1887.06,2026/01/23 17:41:48
627,68.19,25422.7,-1885.09,2026/01/23 17:41:48
628,68.3,25389.7,-1883.31,2026/01/23 17:41:48
629,68.41,25368,-1884.31,2026/01/23 17:41:49
630,68.51,25346.9,-1878.34,2026/01/23 17:41:49
631,68.62,25309,-1880.8,2026/01/23 17:41:49
632,68.73,25286.6,-1880.72,2026/01/23 17:41:49
633,68.84,25254.2,-1880.1,2026/01/23 17:41:49
634,68.95,25234.2,-1876.48,2026/01/23 17:41:49
635,69.06,25225.6,-1877.28,2026/01/23 17:41:49
636,69.17,25225.2,-1878.76,2026/01/23 17:41:49
637,69.28,25246.7,-1875.51,2026/01/23 17:41:49
638,69.38,25256.4,-1879.32,2026/01/23 17:41:50
639,69.49,25277.9,-1879.34,2026/01/23 17:41:50
640,69.6,25327.5,-1880.47,2026/01/23 17:41:50
641,69.71,25324.8,-1876.67,2026/01/23 17:41:50
642,69.82,25324.3,-1879.94,2026/01/23 17:41:50
643,69.93,25343.1,-1879.32,2026/01/23 17:41:50
644,70.04,25382.4,-1882.86,2026/01/23 17:41:50
645,70.15,25417.8,-1886.1,2026/01/23 17:41:50
646,70.26,25471,-1886.34,2026/01/23 17:41:50
647,70.36,25551.4,-1926.75,2026/01/23 17:41:51
648,70.47,25600.7,-1955.61,2026/01/23 17:41:51
649,70.58,25674.8,-2015.76,2026/01/23 17:41:51
650,70.69,25711.8,-2037.64,2026/01/23 17:41:51
651,70.8,25677.5,-2059,2026/01/23 17:41:51
652,70.91,25594,-2055.38,2026/01/23 17:41:51
653,71.02,25467.1,-2001.58,2026/01/23 17:41:51
654,71.13,25413.8,-1967.4,2026/01/23 17:41:51
655,71.24,25372.3,-1940.17,2026/01/23 17:41:51
656,71.35,25324.3,-1924.92,2026/01/23 17:41:52
657,71.46,25283.5,-1921.21,2026/01/23 17:41:52
658,71.57,25247.2,-1919.16,2026/01/23 17:41:52
659,71.68,25224.9,-1910.44,2026/01/23 17:41:52
660,71.79,25192.6,-1909.03,2026/01/23 17:41:52
661,71.89,25181.1,-1905.97,2026/01/23 17:41:52
662,72,25169.3,-1906.26,2026/01/23 17:41:52
663,72.11,25163.8,-1903.17,2026/01/23 17:41:52
664,72.22,25163.6,-1907.13,2026/01/23 17:41:52
665,72.33,25164.7,-1903.23,2026/01/23 17:41:52
666,72.44,25168.7,-1901.53,2026/01/23 17:41:53
667,72.55,25162.7,-1903.68,2026/01/23 17:41:53
668,72.66,25167.8,-1901.61,2026/01/23 17:41:53
669,72.76,25161.2,-1902.49,2026/01/23 17:41:53
670,72.87,25166.2,-1901.73,2026/01/23 17:41:53
671,72.98,25161.9,-1903.24,2026/01/23 17:41:53
672,73.09,25164.4,-1901.91,2026/01/23 17:41:53
673,73.2,25163.2,-1903.38,2026/01/23 17:41:53
674,73.31,25162.2,-1899.64,2026/01/23 17:41:53
675,73.42,25162,-1901.33,2026/01/23 17:41:54
676,73.53,25159.3,-1901.64,2026/01/23 17:41:54
677,73.64,25163.6,-1897.66,2026/01/23 17:41:54
678,73.74,25157.2,-1901.97,2026/01/23 17:41:54
679,73.85,25163.2,-1898.6,2026/01/23 17:41:54
680,73.96,25158.6,-1900.26,2026/01/23 17:41:54
681,74.07,25160.4,-1900.16,2026/01/23 17:41:54
682,74.18,25160,-1902.31,2026/01/23 17:41:54
683,74.29,25158.8,-1897.11,2026/01/23 17:41:54
684,74.4,25157.8,-1902.09,2026/01/23 17:41:55
685,74.51,25158,-1898.89,2026/01/23 17:41:55
686,74.62,25159.5,-1898.84,2026/01/23 17:41:55
687,74.73,25154.2,-1901.44,2026/01/23 17:41:55
688,74.84,25162.8,-1897.33,2026/01/23 17:41:55
689,74.94,25157.1,-1900.04,2026/01/23 17:41:55
690,75.05,25161.1,-1898.84,2026/01/23 17:41:55
691,75.16,25159.7,-1900.96,2026/01/23 17:41:55
692,75.27,25161.3,-1897.35,2026/01/23 17:41:55
693,75.38,25159.6,-1901.06,2026/01/23 17:41:56
694,75.49,25159.4,-1897.16,2026/01/23 17:41:56
695,75.6,25162.8,-1899.93,2026/01/23 17:41:56
696,75.71,25158.1,-1899.92,2026/01/23 17:41:56
697,75.82,25163.7,-1898.39,2026/01/23 17:41:56
698,75.92,25158.9,-1899.97,2026/01/23 17:41:56
699,76.03,25162,-1898.36,2026/01/23 17:41:56
700,76.14,25161.8,-1899.92,2026/01/23 17:41:56
701,76.25,25163.3,-1895.85,2026/01/23 17:41:56
702,76.36,25162.6,-1900.11,2026/01/23 17:41:57
703,76.47,25161.7,-1898.28,2026/01/23 17:41:57
704,76.58,25166.7,-1896.78,2026/01/23 17:41:57
705,76.69,25158.7,-1900,2026/01/23 17:41:57
706,76.79,25166.6,-1896.56,2026/01/23 17:41:57
707,76.9,25162.9,-1900.3,2026/01/23 17:41:57
708,77.01,25164.3,-1896.01,2026/01/23 17:41:57
709,77.12,25163.1,-1898.63,2026/01/23 17:41:57
710,77.23,25166.1,-1895.88,2026/01/23 17:41:57
711,77.34,25166.3,-1897.11,2026/01/23 17:41:57
712,77.45,25165,-1897.08,2026/01/23 17:41:58
713,77.56,25170.1,-1894,2026/01/23 17:41:58
714,77.66,25164.7,-1899.21,2026/01/23 17:41:58
715,77.77,25167.7,-1896.56,2026/01/23 17:41:58
716,77.88,25166.9,-1898.44,2026/01/23 17:41:58
717,77.99,25168.9,-1894.66,2026/01/23 17:41:58
718,78.1,25168.4,-1896.86,2026/01/23 17:41:58
719,78.21,25166.5,-1896.7,2026/01/23 17:41:58
720,78.32,25170.6,-1894.66,2026/01/23 17:41:58
721,78.43,25164.4,-1898.24,2026/01/23 17:41:59
722,78.53,25168.3,-1895.71,2026/01/23 17:41:59
723,78.64,25164.8,-1897.39,2026/01/23 17:41:59
724,78.75,25166.6,-1897.45,2026/01/23 17:41:59
725,78.86,25166.7,-1896.42,2026/01/23 17:41:59
726,78.97,25165.5,-1897.35,2026/01/23 17:41:59
727,79.08,25167.8,-1894.67,2026/01/23 17:41:59
728,79.19,25162,-1900.09,2026/01/23 17:41:59
729,79.29,25168.8,-1894.47,2026/01/23 17:41:59
730,79.4,25164.2,-1897.36,2026/01/23 17:42:00
731,79.51,25167,-1897.7,2026/01/23 17:42:00
732,79.62,25166,-1895.34,2026/01/23 17:42:00
733,79.73,25169.1,-1896.88,2026/01/23 17:42:00
734,79.84,25165.8,-1894.92,2026/01/23 17:42:00
735,79.95,25168.7,-1896.6,2026/01/23 17:42:00
736,80.06,25167.8,-1894.65,2026/01/23 17:42:00
737,80.17,25164.4,-1897.25,2026/01/23 17:42:00
738,80.28,25168,-1892.2,2026/01/23 17:42:00
739,80.38,25163.1,-1896.5,2026/01/23 17:42:01
740,80.49,25167.8,-1894.82,2026/01/23 17:42:01
741,80.6,25162.9,-1894.94,2026/01/23 17:42:01
742,80.71,25166.1,-1897.17,2026/01/23 17:42:01
743,80.82,25162.4,-1894.73,2026/01/23 17:42:01
744,80.93,25163.8,-1897.13,2026/01/23 17:42:01
745,81.04,25163.3,-1894.28,2026/01/23 17:42:01
746,81.15,25161.4,-1898.45,2026/01/23 17:42:01
747,81.25,25164,-1890.33,2026/01/23 17:42:01
748,81.36,25159.3,-1896.99,2026/01/23 17:42:02
749,81.47,25163,-1892.72,2026/01/23 17:42:02
750,81.58,25158.5,-1893.61,2026/01/23 17:42:02
751,81.69,25162.8,-1896.88,2026/01/23 17:42:02
752,81.8,25156.2,-1891.11,2026/01/23 17:42:02
753,81.91,25158.6,-1894.41,2026/01/23 17:42:02
754,82.02,25156.8,-1893.55,2026/01/23 17:42:02
755,82.13,25156.4,-1896.52,2026/01/23 17:42:02
756,82.23,25158.6,-1893.03,2026/01/23 17:42:02
757,82.34,25152.6,-1896.15,2026/01/23 17:42:02
758,82.45,25159.6,-1896.66,2026/01/23 17:42:03
759,82.56,25151.8,-1892.89,2026/01/23 17:42:03
760,82.67,25157.1,-1895.57,2026/01/23 17:42:03
761,82.78,25154.9,-1893.39,2026/01/23 17:42:03
762,82.89,25152.6,-1898.18,2026/01/23 17:42:03
763,82.99,25157.4,-1891.88,2026/01/23 17:42:03
764,83.1,25150.3,-1895.02,2026/01/23 17:42:03
765,83.21,25158.7,-1893.32,2026/01/23 17:42:03
766,83.32,25148.8,-1890.89,2026/01/23 17:42:03
767,83.43,25156.3,-1894.35,2026/01/23 17:42:04
768,83.54,25151.9,-1892.35,2026/01/23 17:42:04
769,83.65,25153.7,-1893.5,2026/01/23 17:42:04
770,83.76,25151.3,-1892.53,2026/01/23 17:42:04
771,83.87,25149.5,-1897.2,2026/01/23 17:42:04
772,83.98,25154.2,-1891.32,2026/01/23 17:42:04
773,84.08,25146.3,-1895.69,2026/01/23 17:42:04
774,84.19,25154.2,-1893.21,2026/01/23 17:42:04
775,84.3,25144.7,-1891.1,2026/01/23 17:42:04
776,84.41,25152.7,-1893.97,2026/01/23 17:42:05
777,84.52,25145.4,-1891.97,2026/01/23 17:42:05
778,84.63,25149.1,-1893.55,2026/01/23 17:42:05
779,84.74,25145.2,-1892.9,2026/01/23 17:42:05
780,84.85,25143.5,-1896.84,2026/01/23 17:42:05
781,84.95,25148.6,-1891.03,2026/01/23 17:42:05
782,85.06,25139.8,-1894.73,2026/01/23 17:42:05
783,85.17,25148.5,-1890.7,2026/01/23 17:42:05
784,85.28,25137.3,-1890.9,2026/01/23 17:42:05
785,85.39,25144.7,-1894.07,2026/01/23 17:42:06
786,85.5,25140.6,-1892.38,2026/01/23 17:42:06
787,85.61,25143.3,-1894.42,2026/01/23 17:42:06
788,85.72,25141.2,-1892.2,2026/01/23 17:42:06
789,85.83,25137.5,-1895.88,2026/01/23 17:42:06
790,85.93,25142.7,-1889.77,2026/01/23 17:42:06
791,86.04,25134.2,-1895.6,2026/01/23 17:42:06
792,86.15,25145.5,-1892.08,2026/01/23 17:42:06
793,86.26,25134.2,-1891.28,2026/01/23 17:42:06
794,86.37,25144.5,-1893.79,2026/01/23 17:42:07
795,86.48,25137.1,-1891.46,2026/01/23 17:42:07
796,86.59,25141.8,-1892.58,2026/01/23 17:42:07
797,86.7,25138.8,-1891.29,2026/01/23 17:42:07
798,86.81,25140.5,-1892.93,2026/01/23 17:42:07
799,86.92,25142.5,-1890.32,2026/01/23 17:42:07
800,87.02,25137.2,-1894.9,2026/01/23 17:42:07
801,87.13,25146.8,-1890.03,2026/01/23 17:42:07
802,87.24,25135.1,-1893.19,2026/01/23 17:42:07
803,87.35,25147.5,-1892.76,2026/01/23 17:42:08
804,87.46,25136.4,-1891.48,2026/01/23 17:42:08
805,87.57,25144.5,-1893.05,2026/01/23 17:42:08
806,87.68,25140.3,-1892.48,2026/01/23 17:42:08
807,87.79,25141.4,-1891.94,2026/01/23 17:42:08
808,87.9,25142.9,-1890.47,2026/01/23 17:42:08
809,88,25135.8,-1893.99,2026/01/23 17:42:08
810,88.11,25147.9,-1890.29,2026/01/23 17:42:08
811,88.22,25134.8,-1891.5,2026/01/23 17:42:08
812,88.33,25144.9,-1892.34,2026/01/23 17:42:08
813,88.44,25135.3,-1892.11,2026/01/23 17:42:09
814,88.55,25144.2,-1891.36,2026/01/23 17:42:09
815,88.66,25138.2,-1891.1,2026/01/23 17:42:09
816,88.77,25142.8,-1892.02,2026/01/23 17:42:09
817,88.88,25140.1,-1890.83,2026/01/23 17:42:09
818,88.99,25137.9,-1893.92,2026/01/23 17:42:09
819,89.09,25142.8,-1887.18,2026/01/23 17:42:09
820,89.2,25133.5,-1894.94,2026/01/23 17:42:09
821,89.31,25144.4,-1888.33,2026/01/23 17:42:09
822,89.42,25133.2,-1889.06,2026/01/23 17:42:10
823,89.53,25142.5,-1890.51,2026/01/23 17:42:10
824,89.64,25133.2,-1889.3,2026/01/23 17:42:10
825,89.75,25139,-1890.09,2026/01/23 17:42:10
826,89.86,25135.6,-1890.87,2026/01/23 17:42:10
827,89.97,25136.7,-1892.13,2026/01/23 17:42:10
828,90.08,25136.1,-1890.17,2026/01/23 17:42:10
829,90.19,25135.6,-1892.07,2026/01/23 17:42:10
830,90.29,25143.9,-1888.32,2026/01/23 17:42:10
831,90.4,25138.4,-1891.48,2026/01/23 17:42:11
832,90.51,25156.3,-1889.94,2026/01/23 17:42:11
833,90.62,25152.1,-1888.91,2026/01/23 17:42:11
834,90.73,25168.5,-1889.75,2026/01/23 17:42:11
835,90.84,25171.3,-1889.16,2026/01/23 17:42:11
836,90.95,25178.7,-1888.35,2026/01/23 17:42:11
837,91.05,25184.4,-1886.97,2026/01/23 17:42:11
838,91.16,25175.1,-1891.12,2026/01/23 17:42:11
839,91.27,25173.9,-1885.18,2026/01/23 17:42:11
840,91.38,25155.3,-1888.4,2026/01/23 17:42:12
841,91.49,25159.6,-1884.55,2026/01/23 17:42:12
842,91.6,25142.3,-1887.4,2026/01/23 17:42:12
843,91.71,25142.3,-1886.58,2026/01/23 17:42:12
844,91.82,25127.6,-1888.35,2026/01/23 17:42:12
845,91.93,25126.2,-1887.92,2026/01/23 17:42:12
846,92.04,25123.4,-1888.39,2026/01/23 17:42:12
847,92.14,25122.5,-1889.81,2026/01/23 17:42:12
848,92.25,25130,-1884.9,2026/01/23 17:42:12
849,92.36,25125.6,-1891.6,2026/01/23 17:42:13
850,92.47,25144.9,-1884.57,2026/01/23 17:42:13
851,92.58,25140.6,-1892.79,2026/01/23 17:42:13
852,92.69,25164.4,-1886.5,2026/01/23 17:42:13
853,92.8,25161.7,-1888.36,2026/01/23 17:42:13
854,92.91,25174.9,-1887.66,2026/01/23 17:42:13
855,93.02,25180,-1887.71,2026/01/23 17:42:13
856,93.13,25186,-1887.06,2026/01/23 17:42:13
857,93.24,25186.8,-1887.12,2026/01/23 17:42:13
858,93.34,25175.4,-1888.83,2026/01/23 17:42:13
859,93.45,25180.2,-1883.56,2026/01/23 17:42:14
860,93.56,25160,-1890.54,2026/01/23 17:42:14
861,93.67,25162,-1884.69,2026/01/23 17:42:14
862,93.78,25147.2,-1888.14,2026/01/23 17:42:14
863,93.89,25145.6,-1884.79,2026/01/23 17:42:14
864,94,25132.8,-1890.43,2026/01/23 17:42:14
865,94.11,25129.8,-1887.78,2026/01/23 17:42:14
866,94.22,25127.5,-1888.99,2026/01/23 17:42:14
867,94.33,25124.2,-1888.69,2026/01/23 17:42:14
868,94.43,25137.2,-1883.68,2026/01/23 17:42:15
869,94.54,25131.4,-1894.07,2026/01/23 17:42:15
870,94.65,25147.7,-1882.83,2026/01/23 17:42:15
871,94.76,25146.5,-1891.39,2026/01/23 17:42:15
872,94.87,25161.8,-1885.34,2026/01/23 17:42:15
873,94.98,25172.5,-1889.09,2026/01/23 17:42:15
874,95.09,25180.5,-1885.48,2026/01/23 17:42:15
875,95.2,25191.3,-1887.09,2026/01/23 17:42:15
876,95.3,25190.1,-1890.22,2026/01/23 17:42:15
877,95.41,25206.4,-1885.05,2026/01/23 17:42:16
878,95.52,25198.6,-1891.82,2026/01/23 17:42:16
879,95.63,25196.5,-1882.55,2026/01/23 17:42:16
880,95.74,25185.5,-1892.39,2026/01/23 17:42:16
881,95.85,25180.5,-1885.34,2026/01/23 17:42:16
882,95.96,25175.3,-1886.7,2026/01/23 17:42:16
883,96.07,25161.1,-1886.71,2026/01/23 17:42:16
884,96.18,25157.5,-1886.34,2026/01/23 17:42:16
885,96.28,25139.2,-1887.92,2026/01/23 17:42:16
886,96.39,25140.6,-1886.38,2026/01/23 17:42:17
887,96.5,25142,-1889.55,2026/01/23 17:42:17
888,96.61,25144,-1886.03,2026/01/23 17:42:17
889,96.72,25147.7,-1890.88,2026/01/23 17:42:17
890,96.83,25154.3,-1887.02,2026/01/23 17:42:17
891,96.94,25164.2,-1888.97,2026/01/23 17:42:17
892,97.05,25171,-1889.45,2026/01/23 17:42:17
893,97.16,25186.5,-1885.58,2026/01/23 17:42:17
894,97.27,25191.7,-1889.27,2026/01/23 17:42:17
895,97.37,25205.8,-1886.85,2026/01/23 17:42:18
896,97.48,25210.3,-1887.43,2026/01/23 17:42:18
897,97.59,25219.6,-1890.61,2026/01/23 17:42:18
898,97.7,25212,-1886.45,2026/01/23 17:42:18
899,97.81,25213.7,-1889.05,2026/01/23 17:42:18
900,97.92,25203.9,-1887.07,2026/01/23 17:42:18
901,98.03,25193.5,-1888.95,2026/01/23 17:42:18
902,98.14,25183.8,-1882.65,2026/01/23 17:42:18
903,98.25,25170.9,-1889.73,2026/01/23 17:42:18
904,98.35,25164.4,-1884.64,2026/01/23 17:42:19
905,98.46,25147.4,-1887.31,2026/01/23 17:42:19
906,98.57,25158.6,-1888.14,2026/01/23 17:42:19
907,98.68,25156.2,-1887.42,2026/01/23 17:42:19
908,98.79,25162.4,-1887.86,2026/01/23 17:42:19
909,98.9,25165.4,-1886.48,2026/01/23 17:42:19
910,99,25161.4,-1890.67,2026/01/23 17:42:19
911,99.11,25179.2,-1883.87,2026/01/23 17:42:19
912,99.22,25173.8,-1891.29,2026/01/23 17:42:19
913,99.33,25192.9,-1883.74,2026/01/23 17:42:19
914,99.44,25193.2,-1889.42,2026/01/23 17:42:20
915,99.55,25206.8,-1885.7,2026/01/23 17:42:20
916,99.66,25216.9,-1890.3,2026/01/23 17:42:20
917,99.77,25221.5,-1887.79,2026/01/23 17:42:20
918,99.87,25235.5,-1886.07,2026/01/23 17:42:20
919,99.98,25235.3,-1891.06,2026/01/23 17:42:20
920,100.09,25251.6,-1884.19,2026/01/23 17:42:20
921,100.2,25254.8,-1893.86,2026/01/23 17:42:20
922,100.31,25258.5,-1885.69,2026/01/23 17:42:20
923,100.42,25260.2,-1890.94,2026/01/23 17:42:21
924,100.53,25250.3,-1888.02,2026/01/23 17:42:21
925,100.64,25238,-1886,2026/01/23 17:42:21
926,100.75,25211.9,-1889.26,2026/01/23 17:42:21
927,100.86,25200.3,-1885.63,2026/01/23 17:42:21
928,100.97,25185,-1888.41,2026/01/23 17:42:21
929,101.07,25180.8,-1889.46,2026/01/23 17:42:21
930,101.18,25175.3,-1885.77,2026/01/23 17:42:21
931,101.29,25180.8,-1887.82,2026/01/23 17:42:21
932,101.4,25178,-1887.46,2026/01/23 17:42:22
933,101.51,25188.6,-1888,2026/01/23 17:42:22
934,101.62,25195.6,-1887.87,2026/01/23 17:42:22
935,101.73,25210,-1887.82,2026/01/23 17:42:22
936,101.84,25223.8,-1885.44,2026/01/23 17:42:22
937,101.95,25227.3,-1890.82,2026/01/23 17:42:22
938,102.05,25248.8,-1884.58,2026/01/23 17:42:22
939,102.16,25249.8,-1893.14,2026/01/23 17:42:22
940,102.27,25274.1,-1885.67,2026/01/23 17:42:22
941,102.38,25277.8,-1892.72,2026/01/23 17:42:23
942,102.49,25293.6,-1886.75,2026/01/23 17:42:23
943,102.6,25302.3,-1890.34,2026/01/23 17:42:23
944,102.71,25300.9,-1889.83,2026/01/23 17:42:23
945,102.82,25305.5,-1890.05,2026/01/23 17:42:23
946,102.93,25289.4,-1890.4,2026/01/23 17:42:23
947,103.03,25281.1,-1888.38,2026/01/23 17:42:23
948,103.14,25260.4,-1890.39,2026/01/23 17:42:23
949,103.25,25242.1,-1886.51,2026/01/23 17:42:23
950,103.36,25224.1,-1888.46,2026/01/23 17:42:24
951,103.47,25217.6,-1889.21,2026/01/23 17:42:24
952,103.58,25209.4,-1887.41,2026/01/23 17:42:24
953,103.69,25200.6,-1890.19,2026/01/23 17:42:24
954,103.8,25204,-1884.6,2026/01/23 17:42:24
955,103.91,25203,-1890.8,2026/01/23 17:42:24
956,104.02,25216.2,-1886.64,2026/01/23 17:42:24
957,104.13,25214.6,-1889.58,2026/01/23 17:42:24
958,104.23,25243.5,-1887.83,2026/01/23 17:42:24
959,104.34,25245.5,-1888.7,2026/01/23 17:42:24
960,104.45,25258.1,-1887.73,2026/01/23 17:42:25
961,104.56,25266.7,-1890.06,2026/01/23 17:42:25
962,104.67,25281.4,-1889.32,2026/01/23 17:42:25
963,104.78,25306.4,-1890.3,2026/01/23 17:42:25
964,104.89,25314.6,-1892.97,2026/01/23 17:42:25
965,104.99,25322.4,-1886.06,2026/01/23 17:42:25
966,105.1,25319.2,-1892.79,2026/01/23 17:42:25
967,105.21,25322.3,-1888.1,2026/01/23 17:42:25
968,105.32,25316.4,-1890.03,2026/01/23 17:42:25
969,105.43,25308.8,-1889.96,2026/01/23 17:42:26
970,105.54,25297.1,-1887.41,2026/01/23 17:42:26
971,105.65,25270.1,-1892.12,2026/01/23 17:42:26
972,105.76,25253.7,-1886.36,2026/01/23 17:42:26
973,105.87,25233.3,-1888.66,2026/01/23 17:42:26
974,105.98,25236.4,-1886.66,2026/01/23 17:42:26
975,106.08,25220.1,-1890.42,2026/01/23 17:42:26
976,106.19,25238,-1886.51,2026/01/23 17:42:26
977,106.3,25234.5,-1891.39,2026/01/23 17:42:26
978,106.41,25251.3,-1886.44,2026/01/23 17:42:27
979,106.52,25262.1,-1890.54,2026/01/23 17:42:27
980,106.63,25267.5,-1888.75,2026/01/23 17:42:27
981,106.74,25286.9,-1890.68,2026/01/23 17:42:27
982,106.85,25290.3,-1891.04,2026/01/23 17:42:27
983,106.96,25311.4,-1888.66,2026/01/23 17:42:27
984,107.07,25338.4,-1892.49,2026/01/23 17:42:27
985,107.18,25353.2,-1891.18,2026/01/23 17:42:27
986,107.29,25351.8,-1889.74,2026/01/23 17:42:27
987,107.39,25358.4,-1892.78,2026/01/23 17:42:28
988,107.5,25353.2,-1889.36,2026/01/23 17:42:28
989,107.61,25356.9,-1892.55,2026/01/23 17:42:28
990,107.72,25355.1,-1890.52,2026/01/23 17:42:28
991,107.83,25358.5,-1889.11,2026/01/23 17:42:28
992,107.94,25353.6,-1888.94,2026/01/23 17:42:28
993,108.05,25344.4,-1893.34,2026/01/23 17:42:28
994,108.16,25347.4,-1884.26,2026/01/23 17:42:28
995,108.27,25315,-1893.66,2026/01/23 17:42:28
996,108.38,25289.2,-1885.14,2026/01/23 17:42:29
997,108.48,25272,-1890.34,2026/01/23 17:42:29
998,108.59,25257.9,-1890.84,2026/01/23 17:42:29
999,108.7,25259.2,-1887.79,2026/01/23 17:42:29
1000,108.81,25261.2,-1890.78,2026/01/23 17:42:29
1001,108.92,25279.3,-1891.48,2026/01/23 17:42:29
1002,109.03,25285.3,-1888.33,2026/01/23 17:42:29
1003,109.14,25311.9,-1890.81,2026/01/23 17:42:29
1004,109.25,25323,-1890.27,2026/01/23 17:42:29
1005,109.35,25354.6,-1889.98,2026/01/23 17:42:30
1006,109.46,25371.4,-1892.84,2026/01/23 17:42:30
1007,109.57,25368.5,-1887.78,2026/01/23 17:42:30
1008,109.68,25373.2,-1890.49,2026/01/23 17:42:30
1009,109.79,25366.5,-1892.69,2026/01/23 17:42:30
1010,109.9,25370.1,-1888.59,2026/01/23 17:42:30
1011,110.01,25369.8,-1891.98,2026/01/23 17:42:30
1012,110.12,25365.5,-1889.69,2026/01/23 17:42:30
1013,110.23,25357.4,-1890.72,2026/01/23 17:42:30
1014,110.33,25341.2,-1890.08,2026/01/23 17:42:30
1015,110.44,25341.4,-1889.82,2026/01/23 17:42:31
1016,110.55,25357.2,-1891.7,2026/01/23 17:42:31
1017,110.66,25350.9,-1886.85,2026/01/23 17:42:31
1018,110.77,25319,-1890.35,2026/01/23 17:42:31
1019,110.88,25303.2,-1883.75,2026/01/23 17:42:31
1020,110.99,25287,-1895.26,2026/01/23 17:42:31
1021,111.1,25289.4,-1885.19,2026/01/23 17:42:31
1022,111.21,25280,-1892.08,2026/01/23 17:42:31
1023,111.31,25278.7,-1889.29,2026/01/23 17:42:31
1024,111.42,25284.7,-1888.85,2026/01/23 17:42:32
1025,111.53,25283,-1893.31,2026/01/23 17:42:32
1026,111.64,25297.3,-1889.69,2026/01/23 17:42:32
1027,111.75,25302.8,-1890.48,2026/01/23 17:42:32
1028,111.86,25325.1,-1891.78,2026/01/23 17:42:32
1029,111.97,25326.1,-1890.3,2026/01/23 17:42:32
1030,112.08,25349.6,-1890.43,2026/01/23 17:42:32
1031,112.19,25378,-1893.91,2026/01/23 17:42:32
1032,112.3,25391.3,-1890.88,2026/01/23 17:42:32
1033,112.4,25393.5,-1888.35,2026/01/23 17:42:33
1034,112.51,25390.8,-1893.37,2026/01/23 17:42:33
1035,112.62,25394.4,-1887.59,2026/01/23 17:42:33
1036,112.73,25396,-1893.77,2026/01/23 17:42:33
1037,112.84,25407,-1891.93,2026/01/23 17:42:33
1038,112.95,25410.1,-1891.5,2026/01/23 17:42:33
1039,113.06,25388.3,-1892.35,2026/01/23 17:42:33
1040,113.16,25381,-1888.42,2026/01/23 17:42:33
1041,113.27,25372.6,-1894.6,2026/01/23 17:42:33
1042,113.38,25394.5,-1889.19,2026/01/23 17:42:34
1043,113.49,25361.8,-1893.58,2026/01/23 17:42:34
1044,113.6,25344.8,-1886.88,2026/01/23 17:42:34
1045,113.71,25315.6,-1891.25,2026/01/23 17:42:34
1046,113.82,25304.9,-1887.07,2026/01/23 17:42:34
1047,113.93,25301.5,-1890.57,2026/01/23 17:42:34
1048,114.04,25299,-1892.31,2026/01/23 17:42:34
1049,114.14,25310.8,-1889.38,2026/01/23 17:42:34
1050,114.25,25319.1,-1890.92,2026/01/23 17:42:34
1051,114.36,25343.4,-1891.45,2026/01/23 17:42:35
1052,114.47,25357.1,-1891.18,2026/01/23 17:42:35
1053,114.58,25404.1,-1895.38,2026/01/23 17:42:35
1054,114.69,25405.2,-1892.12,2026/01/23 17:42:35
1055,114.8,25410.1,-1890.34,2026/01/23 17:42:35
1056,114.91,25405.7,-1891.81,2026/01/23 17:42:35
1057,115.02,25408.1,-1889.02,2026/01/23 17:42:35
1058,115.13,25416,-1892.38,2026/01/23 17:42:35
1059,115.24,25427.8,-1891.59,2026/01/23 17:42:35
1060,115.34,25432,-1888.33,2026/01/23 17:42:35
1061,115.45,25406.7,-1892.55,2026/01/23 17:42:36
1062,115.56,25403.7,-1889.63,2026/01/23 17:42:36
1063,115.67,25395.2,-1890.96,2026/01/23 17:42:36
1064,115.78,25405.1,-1892.56,2026/01/23 17:42:36
1065,115.89,25394.3,-1889.95,2026/01/23 17:42:36
1066,116,25371.2,-1891.89,2026/01/23 17:42:36
1067,116.11,25345.3,-1887.61,2026/01/23 17:42:36
1068,116.22,25324.4,-1891.7,2026/01/23 17:42:36
1069,116.32,25333.2,-1888,2026/01/23 17:42:36
1070,116.43,25325.6,-1896.41,2026/01/23 17:42:37
1071,116.54,25345.4,-1887.47,2026/01/23 17:42:37
1072,116.65,25357,-1892.98,2026/01/23 17:42:37
1073,116.76,25369.2,-1889.86,2026/01/23 17:42:37
1074,116.87,25389.6,-1890.32,2026/01/23 17:42:37
1075,116.98,25403.6,-1893.48,2026/01/23 17:42:37
1076,117.08,25436.1,-1891.36,2026/01/23 17:42:37
1077,117.19,25431.8,-1890.97,2026/01/23 17:42:37
1078,117.3,25434.4,-1893.31,2026/01/23 17:42:37
1079,117.41,25429.1,-1889.75,2026/01/23 17:42:38
1080,117.52,25442.5,-1892.21,2026/01/23 17:42:38
1081,117.63,25456.6,-1892,2026/01/23 17:42:38
1082,117.74,25463.7,-1891.02,2026/01/23 17:42:38
1083,117.85,25482.2,-1895.16,2026/01/23 17:42:38
1084,117.96,25478.3,-1896.75,2026/01/23 17:42:38
1085,118.06,25468.7,-1890,2026/01/23 17:42:38
1086,118.17,25458.6,-1899.59,2026/01/23 17:42:38
1087,118.28,25444.7,-1890.36,2026/01/23 17:42:38
1088,118.39,25438.6,-1895.68,2026/01/23 17:42:39
1089,118.5,25425.8,-1894.65,2026/01/23 17:42:39
1090,118.61,25414,-1888.99,2026/01/23 17:42:39
1091,118.72,25377.5,-1893.13,2026/01/23 17:42:39
1092,118.83,25361.5,-1889.44,2026/01/23 17:42:39
1093,118.93,25346.4,-1892.93,2026/01/23 17:42:39
1094,119.04,25369.1,-1890.58,2026/01/23 17:42:39
1095,119.15,25367.2,-1892.72,2026/01/23 17:42:39
1096,119.26,25390.7,-1891,2026/01/23 17:42:39
1097,119.37,25401.4,-1893.27,2026/01/23 17:42:40
1098,119.48,25421.9,-1892.3,2026/01/23 17:42:40
1099,119.59,25456.3,-1892.25,2026/01/23 17:42:40
1100,119.7,25451,-1892.42,2026/01/23 17:42:40
1101,119.81,25453.8,-1892.82,2026/01/23 17:42:40
1102,119.92,25449,-1893.06,2026/01/23 17:42:40
1103,120.03,25455.2,-1892.15,2026/01/23 17:42:40
1104,120.13,25468.9,-1892.67,2026/01/23 17:42:40
1105,120.24,25492.1,-1896.17,2026/01/23 17:42:40
1106,120.35,25507.3,-1895.59,2026/01/23 17:42:41
1107,120.46,25513.7,-1898.93,2026/01/23 17:42:41
1108,120.57,25536.2,-1894.02,2026/01/23 17:42:41
1109,120.68,25486.7,-1898.54,2026/01/23 17:42:41
1110,120.79,25479.8,-1893.86,2026/01/23 17:42:41
1111,120.9,25466.8,-1900.36,2026/01/23 17:42:41
1112,121,25462.8,-1890.6,2026/01/23 17:42:41
1113,121.11,25440,-1897.41,2026/01/23 17:42:41
1114,121.22,25425.5,-1890.52,2026/01/23 17:42:41
1115,121.33,25403.2,-1892.05,2026/01/23 17:42:41
1116,121.44,25374.6,-1894.6,2026/01/23 17:42:42
1117,121.55,25373.2,-1888.29,2026/01/23 17:42:42
1118,121.66,25371.7,-1892.8,2026/01/23 17:42:42
1119,121.77,25384.9,-1891.25,2026/01/23 17:42:42
1120,121.88,25389.2,-1892.79,2026/01/23 17:42:42
1121,121.99,25410.9,-1893.56,2026/01/23 17:42:42
1122,122.09,25417.7,-1892.36,2026/01/23 17:42:42
1123,122.2,25456.3,-1892.94,2026/01/23 17:42:42
1124,122.31,25460.9,-1893.55,2026/01/23 17:42:42
1125,122.42,25456.8,-1890.33,2026/01/23 17:42:43
1126,122.53,25461.4,-1891.59,2026/01/23 17:42:43
1127,122.64,25455.1,-1893.26,2026/01/23 17:42:43
1128,122.75,25470.1,-1891.82,2026/01/23 17:42:43
1129,122.86,25480.5,-1894.81,2026/01/23 17:42:43
1130,122.97,25500.3,-1894.1,2026/01/23 17:42:43
1131,123.08,25527.9,-1897.83,2026/01/23 17:42:43
1132,123.19,25564.8,-1900.1,2026/01/23 17:42:43
1133,123.29,25588.7,-1899.33,2026/01/23 17:42:43
1134,123.4,25556,-1898.74,2026/01/23 17:42:44
1135,123.51,25513.7,-1897.69,2026/01/23 17:42:44
1136,123.62,25500.8,-1900.07,2026/01/23 17:42:44
1137,123.73,25496.1,-1893.29,2026/01/23 17:42:44
1138,123.84,25456.3,-1896.73,2026/01/23 17:42:44
1139,123.95,25448.2,-1890.48,2026/01/23 17:42:44
1140,124.06,25412.6,-1898.46,2026/01/23 17:42:44
1141,124.17,25392.9,-1885.89,2026/01/23 17:42:44
1142,124.28,25376.4,-1895.19,2026/01/23 17:42:44
1143,124.38,25378.9,-1890.03,2026/01/23 17:42:45
1144,124.49,25394.3,-1889.71,2026/01/23 17:42:45
1145,124.6,25398.7,-1894.94,2026/01/23 17:42:45
1146,124.71,25417.9,-1890.77,2026/01/23 17:42:45
1147,124.82,25424,-1893.45,2026/01/23 17:42:45
1148,124.93,25448.4,-1894.02,2026/01/23 17:42:45
1149,125.04,25458.7,-1893.03,2026/01/23 17:42:45
1150,125.15,25468.4,-1892.22,2026/01/23 17:42:45
1151,125.25,25458.7,-1893.48,2026/01/23 17:42:45
1152,125.36,25463.3,-1891.18,2026/01/23 17:42:46
1153,125.47,25466.7,-1895.11,2026/01/23 17:42:46
1154,125.58,25479.8,-1895.63,2026/01/23 17:42:46
1155,125.69,25511.7,-1892.68,2026/01/23 17:42:46
1156,125.8,25544.6,-1903.43,2026/01/23 17:42:46
1157,125.91,25567.5,-1894.08,2026/01/23 17:42:46
1158,126.02,25547.2,-1903.48,2026/01/23 17:42:46
1159,126.13,25553.5,-1898.03,2026/01/23 17:42:46
1160,126.23,25521.3,-1896.87,2026/01/23 17:42:46
1161,126.34,25496.4,-1900.88,2026/01/23 17:42:46
1162,126.45,25497.9,-1893.86,2026/01/23 17:42:47
1163,126.56,25488.8,-1897.8,2026/01/23 17:42:47
1164,126.67,25474.6,-1892.64,2026/01/23 17:42:47
1165,126.78,25441.2,-1894.73,2026/01/23 17:42:47
1166,126.89,25424.4,-1892.06,2026/01/23 17:42:47
1167,127,25398.2,-1892.47,2026/01/23 17:42:47
1168,127.1,25394.2,-1891.23,2026/01/23 17:42:47
1169,127.21,25409,-1893.55,2026/01/23 17:42:47
1170,127.32,25417,-1891.98,2026/01/23 17:42:47
1171,127.43,25438.2,-1889.26,2026/01/23 17:42:48
1172,127.54,25450.3,-1894.53,2026/01/23 17:42:48
1173,127.65,25479.9,-1891.81,2026/01/23 17:42:48
1174,127.76,25481.3,-1891.21,2026/01/23 17:42:48
1175,127.87,25481.4,-1892.71,2026/01/23 17:42:48
1176,127.98,25483.5,-1891.46,2026/01/23 17:42:48
1177,128.09,25495.2,-1895.37,2026/01/23 17:42:48
1178,128.19,25524.4,-1894.36,2026/01/23 17:42:48
1179,128.3,25569.3,-1900.45,2026/01/23 17:42:48
1180,128.41,25610.3,-1899.16,2026/01/23 17:42:49
1181,128.52,25626.5,-1905.32,2026/01/23 17:42:49
1182,128.63,25629.5,-1900.99,2026/01/23 17:42:49
1183,128.74,25607.9,-1909.34,2026/01/23 17:42:49
1184,128.85,25561.9,-1902.04,2026/01/23 17:42:49
1185,128.96,25536.4,-1905.79,2026/01/23 17:42:49
1186,129.07,25526.8,-1899.43,2026/01/23 17:42:49
1187,129.17,25518.9,-1897.78,2026/01/23 17:42:49
1188,129.28,25489.3,-1896.78,2026/01/23 17:42:49
1189,129.39,25473.2,-1893.95,2026/01/23 17:42:50
1190,129.5,25445.9,-1895.48,2026/01/23 17:42:50
1191,129.61,25421.3,-1892.28,2026/01/23 17:42:50
1192,129.72,25405.8,-1891.74,2026/01/23 17:42:50
1193,129.83,25400.8,-1891.15,2026/01/23 17:42:50
1194,129.94,25407.6,-1890.15,2026/01/23 17:42:50
1195,130.05,25429.6,-1892.38,2026/01/23 17:42:50
1196,130.15,25448.1,-1888.18,2026/01/23 17:42:50
1197,130.26,25454.9,-1895.08,2026/01/23 17:42:50
1198,130.37,25494.9,-1889.94,2026/01/23 17:42:51
1199,130.48,25482.7,-1896.69,2026/01/23 17:42:51
1200,130.59,25494.2,-1886.75,2026/01/23 17:42:51
1201,130.7,25491.8,-1896.83,2026/01/23 17:42:51
1202,130.81,25521.6,-1892.7,2026/01/23 17:42:51
1203,130.92,25550.6,-1899.96,2026/01/23 17:42:51
1204,131.03,25587.3,-1901.09,2026/01/23 17:42:51
1205,131.14,25630.6,-1902.11,2026/01/23 17:42:51
1206,131.25,25635.7,-1909.64,2026/01/23 17:42:51
1207,131.35,25650,-1909.21,2026/01/23 17:42:52
1208,131.46,25638.8,-1910.51,2026/01/23 17:42:52
1209,131.57,25570.5,-1911.99,2026/01/23 17:42:52
1210,131.68,25536.4,-1905.1,2026/01/23 17:42:52
1211,131.79,25522.2,-1903.13,2026/01/23 17:42:52
1212,131.9,25490.2,-1898.34,2026/01/23 17:42:52
1213,132.01,25464.8,-1896.71,2026/01/23 17:42:52
1214,132.12,25425.7,-1894.57,2026/01/23 17:42:52
1215,132.23,25405.8,-1895.73,2026/01/23 17:42:52
1216,132.33,25411.7,-1892.02,2026/01/23 17:42:52
1217,132.44,25416.6,-1894.85,2026/01/23 17:42:53
1218,132.55,25438.2,-1887.77,2026/01/23 17:42:53
1219,132.66,25444.6,-1897.59,2026/01/23 17:42:53
1220,132.77,25465,-1891.51,2026/01/23 17:42:53
1221,132.88,25498.1,-1898.81,2026/01/23 17:42:53
1222,132.99,25497.4,-1893.74,2026/01/23 17:42:53
1223,133.1,25503.7,-1892.49,2026/01/23 17:42:53
1224,133.2,25518.1,-1896.44,2026/01/23 17:42:53
1225,133.31,25555.9,-1896.11,2026/01/23 17:42:53
1226,133.42,25604.2,-1904.42,2026/01/23 17:42:54
1227,133.53,25685.3,-1921.96,2026/01/23 17:42:54
1228,133.64,25754.3,-1971.83,2026/01/23 17:42:54
1229,133.75,25809.1,-2018.34,2026/01/23 17:42:54
1230,133.86,25837.1,-2043.52,2026/01/23 17:42:54
1231,133.97,25687.4,-2018.5,2026/01/23 17:42:54
1232,134.07,25618.5,-1964.12,2026/01/23 17:42:54
1233,134.18,25559.2,-1934.17,2026/01/23 17:42:54
1234,134.29,25527.9,-1923.69,2026/01/23 17:42:54
1235,134.4,25476.8,-1918.97,2026/01/23 17:42:55
1236,134.51,25452.7,-1913.36,2026/01/23 17:42:55
1237,134.62,25420.2,-1908.89,2026/01/23 17:42:55
1238,134.73,25401.5,-1905.33,2026/01/23 17:42:55
1239,134.84,25392.9,-1906.08,2026/01/23 17:42:55
1240,134.94,25378.8,-1910.5,2026/01/23 17:42:55
1241,135.06,25388.7,-1903.12,2026/01/23 17:42:55
1242,135.16,25383,-1910.37,2026/01/23 17:42:55
1243,135.27,25391.3,-1900.33,2026/01/23 17:42:55
1244,135.38,25394.7,-1908.7,2026/01/23 17:42:56
1245,135.49,25398.6,-1903.88,2026/01/23 17:42:56
1246,135.6,25400.3,-1905.33,2026/01/23 17:42:56
1247,135.71,25397.5,-1908.19,2026/01/23 17:42:56
1248,135.82,25403.1,-1902.07,2026/01/23 17:42:56
1249,135.93,25397.4,-1906.81,2026/01/23 17:42:56
1250,136.04,25400.8,-1904.71,2026/01/23 17:42:56
1251,136.14,25395.8,-1903.55,2026/01/23 17:42:56
1252,136.25,25402.5,-1907.06,2026/01/23 17:42:56
1253,136.36,25393.9,-1903.83,2026/01/23 17:42:57
1254,136.47,25399.8,-1904.53,2026/01/23 17:42:57
1255,136.58,25395.1,-1904.77,2026/01/23 17:42:57
1256,136.69,25399.4,-1904.78,2026/01/23 17:42:57
1257,136.8,25395.4,-1903.96,2026/01/23 17:42:57
1258,136.91,25397.2,-1903.11,2026/01/23 17:42:57
1259,137.02,25399.8,-1902.53,2026/01/23 17:42:57
1260,137.13,25393.7,-1905.63,2026/01/23 17:42:57
1261,137.24,25402.8,-1900.07,2026/01/23 17:42:57
1262,137.35,25391.6,-1908.19,2026/01/23 17:42:58
1263,137.45,25402.1,-1896.96,2026/01/23 17:42:58
1264,137.56,25394.6,-1905.78,2026/01/23 17:42:58
1265,137.67,25398.4,-1900.5,2026/01/23 17:42:58
1266,137.78,25400.1,-1903.92,2026/01/23 17:42:58
1267,137.89,25393.5,-1903.59,2026/01/23 17:42:58
1268,138,25400.6,-1901.57,2026/01/23 17:42:58
1269,138.11,25396.9,-1903.98,2026/01/23 17:42:58
1270,138.21,25397.6,-1899.62,2026/01/23 17:42:58
1271,138.32,25396.9,-1903.99,2026/01/23 17:42:58
1272,138.43,25394.7,-1901.99,2026/01/23 17:42:59
1273,138.54,25396.7,-1901.26,2026/01/23 17:42:59
1274,138.65,25391.6,-1903.98,2026/01/23 17:42:59
1275,138.76,25399.1,-1899.88,2026/01/23 17:42:59
1276,138.87,25394.5,-1902.43,2026/01/23 17:42:59
1277,138.97,25400.2,-1904.43,2026/01/23 17:42:59
1278,139.08,25395.1,-1901.5,2026/01/23 17:42:59
1279,139.19,25400.8,-1902.95,2026/01/23 17:42:59
1280,139.3,25397.2,-1901.88,2026/01/23 17:42:59
1281,139.41,25400,-1902.8,2026/01/23 17:43:00
1282,139.52,25397.8,-1902.07,2026/01/23 17:43:00
1283,139.63,25397.7,-1904.97,2026/01/23 17:43:00
1284,139.74,25405.1,-1899.79,2026/01/23 17:43:00
1285,139.85,25394.3,-1905.72,2026/01/23 17:43:00
1286,139.95,25406.1,-1898.68,2026/01/23 17:43:00
1287,140.06,25397.8,-1903.69,2026/01/23 17:43:00
1288,140.17,25405.7,-1900.23,2026/01/23 17:43:00
1289,140.28,25401.4,-1903.98,2026/01/23 17:43:00
1290,140.39,25404.5,-1901.29,2026/01/23 17:43:01
1291,140.5,25404.9,-1903.78,2026/01/23 17:43:01
1292,140.61,25400.7,-1900.87,2026/01/23 17:43:01
1293,140.72,25408.2,-1898.54,2026/01/23 17:43:01
1294,140.83,25400.8,-1906.13,2026/01/23 17:43:01
1295,140.93,25405.9,-1896.87,2026/01/23 17:43:01
1296,141.04,25401.6,-1905.25,2026/01/23 17:43:01
1297,141.15,25402.2,-1899.65,2026/01/23 17:43:01
1298,141.26,25402.5,-1901.51,2026/01/23 17:43:01
1299,141.37,25397.2,-1902.45,2026/01/23 17:43:02
1300,141.48,25404.1,-1899.47,2026/01/23 17:43:02
1301,141.59,25394.7,-1901.67,2026/01/23 17:43:02
1302,141.7,25400.5,-1899.57,2026/01/23 17:43:02
1303,141.81,25396.6,-1900.74,2026/01/23 17:43:02
1304,141.92,25397.9,-1901.32,2026/01/23 17:43:02
1305,142.02,25394.6,-1899.41,2026/01/23 17:43:02
1306,142.13,25396.7,-1900.5,2026/01/23 17:43:02
1307,142.24,25393.8,-1899.8,2026/01/23 17:43:02
1308,142.35,25392.8,-1901.31,2026/01/23 17:43:03
1309,142.46,25394.7,-1898.23,2026/01/23 17:43:03
1310,142.57,25390.1,-1903.9,2026/01/23 17:43:03
1311,142.68,25394.8,-1897.79,2026/01/23 17:43:03
1312,142.79,25386.6,-1903.17,2026/01/23 17:43:03
1313,142.9,25398.2,-1899.61,2026/01/23 17:43:03
1314,143.01,25386.8,-1900.4,2026/01/23 17:43:03
1315,143.11,25393.8,-1900.65,2026/01/23 17:43:03
1316,143.22,25387.5,-1901.18,2026/01/23 17:43:03
1317,143.33,25392.8,-1901,2026/01/23 17:43:03
1318,143.44,25387.8,-1900.78,2026/01/23 17:43:04
1319,143.55,25391.5,-1902.1,2026/01/23 17:43:04
1320,143.66,25390.4,-1898.22,2026/01/23 17:43:04
1321,143.77,25385.2,-1902.97,2026/01/23 17:43:04
1322,143.88,25394,-1897.77,2026/01/23 17:43:04
1323,143.99,25382.6,-1904.58,2026/01/23 17:43:04
1324,144.1,25394.3,-1899,2026/01/23 17:43:04
1325,144.2,25382.6,-1900.8,2026/01/23 17:43:04
1326,144.31,25389.1,-1899.49,2026/01/23 17:43:04
1327,144.42,25386,-1900.07,2026/01/23 17:43:05
1328,144.53,25387.3,-1899.86,2026/01/23 17:43:05
1329,144.64,25388.4,-1898.66,2026/01/23 17:43:05
1330,144.75,25380.8,-1901.91,2026/01/23 17:43:05
1331,144.86,25391,-1895.12,2026/01/23 17:43:05
1332,144.97,25377.1,-1902.68,2026/01/23 17:43:05
1333,145.08,25388.5,-1895.17,2026/01/23 17:43:05
1334,145.18,25377.8,-1902.28,2026/01/23 17:43:05
1335,145.29,25383.9,-1896.55,2026/01/23 17:43:05
1336,145.4,25378.3,-1899.88,2026/01/23 17:43:06
1337,145.51,25381.5,-1896.5,2026/01/23 17:43:06
1338,145.62,25379.4,-1900.48,2026/01/23 17:43:06
1339,145.73,25377.7,-1897.65,2026/01/23 17:43:06
1340,145.84,25382.4,-1897.12,2026/01/23 17:43:06
1341,145.95,25371.7,-1903.04,2026/01/23 17:43:06
1342,146.06,25379.9,-1895.05,2026/01/23 17:43:06
1343,146.16,25371.8,-1903.09,2026/01/23 17:43:06
1344,146.27,25376.4,-1895.06,2026/01/23 17:43:06
1345,146.38,25373.8,-1901.8,2026/01/23 17:43:07
1346,146.49,25371.7,-1899.09,2026/01/23 17:43:07
1347,146.6,25374.3,-1900.62,2026/01/23 17:43:07
1348,146.71,25369,-1898.24,2026/01/23 17:43:07
1349,146.82,25375.5,-1896.1,2026/01/23 17:43:07
1350,146.93,25368.6,-1900.61,2026/01/23 17:43:07
1351,147.04,25376.7,-1896.13,2026/01/23 17:43:07
1352,147.15,25370.4,-1905.24,2026/01/23 17:43:07
1353,147.26,25377.1,-1893.17,2026/01/23 17:43:07
1354,147.37,25371.1,-1902.77,2026/01/23 17:43:08
1355,147.47,25375.1,-1896.36,2026/01/23 17:43:08
1356,147.58,25374.3,-1901.64,2026/01/23 17:43:08
1357,147.69,25373,-1898.64,2026/01/23 17:43:08
1358,147.8,25376.2,-1900.53,2026/01/23 17:43:08
1359,147.91,25369.1,-1898.23,2026/01/23 17:43:08
1360,148.02,25376.3,-1897.63,2026/01/23 17:43:08
1361,148.13,25368,-1902.74,2026/01/23 17:43:08
1362,148.24,25376.5,-1893.79,2026/01/23 17:43:08
1363,148.35,25366.9,-1903.74,2026/01/23 17:43:09
1364,148.45,25374.8,-1894.82,2026/01/23 17:43:09
1365,148.56,25368.7,-1900.97,2026/01/23 17:43:09
1366,148.67,25371.3,-1896.29,2026/01/23 17:43:09
1367,148.78,25369.7,-1899.99,2026/01/23 17:43:09
1368,148.89,25366.1,-1897.55,2026/01/23 17:43:09
1369,149,25371.8,-1897.25,2026/01/23 17:43:09
1370,149.11,25362.7,-1903.05,2026/01/23 17:43:09
1371,149.22,25372.4,-1893.38,2026/01/23 17:43:09
1372,149.33,25362.5,-1903.75,2026/01/23 17:43:09
1373,149.44,25371,-1895.01,2026/01/23 17:43:10
1374,149.54,25361.2,-1899.01,2026/01/23 17:43:10
1375,149.65,25365.6,-1897.33,2026/01/23 17:43:10
1376,149.76,25360.9,-1900.04,2026/01/23 17:43:10
1377,149.87,25366.5,-1897.47,2026/01/23 17:43:10
1378,149.98,25361.2,-1898.31,2026/01/23 17:43:10
1379,150.09,25361.9,-1898.67,2026/01/23 17:43:10
1380,150.2,25362.1,-1896.02,2026/01/23 17:43:10
1381,150.31,25355.6,-1899.76,2026/01/23 17:43:10
1382,150.42,25365.4,-1897.1,2026/01/23 17:43:11
1383,150.53,25351.2,-1898.21,2026/01/23 17:43:11
1384,150.63,25360.6,-1897.47,2026/01/23 17:43:11
1385,150.74,25352.3,-1897.47,2026/01/23 17:43:11
1386,150.85,25356,-1898.9,2026/01/23 17:43:11
1387,150.96,25351.8,-1896.83,2026/01/23 17:43:11
1388,151.07,25350.1,-1899.85,2026/01/23 17:43:11
1389,151.18,25354.9,-1897.12,2026/01/23 17:43:11
1390,151.29,25347.6,-1896.86,2026/01/23 17:43:11
1391,151.4,25352.3,-1899.96,2026/01/23 17:43:12
1392,151.5,25346.8,-1895.5,2026/01/23 17:43:12
1393,151.61,25348.7,-1895.5,2026/01/23 17:43:12
1394,151.72,25345.6,-1896.79,2026/01/23 17:43:12
1395,151.83,25345.3,-1898.07,2026/01/23 17:43:12
1396,151.94,25346.7,-1896.58,2026/01/23 17:43:12
1397,152.05,25337.8,-1899.49,2026/01/23 17:43:12
1398,152.16,25343.2,-1895.93,2026/01/23 17:43:12
1399,152.27,25336.9,-1897.7,2026/01/23 17:43:12
1400,152.38,25341.2,-1894.66,2026/01/23 17:43:13
1401,152.49,25337.1,-1901.95,2026/01/23 17:43:13
1402,152.59,25340.5,-1891.99,2026/01/23 17:43:13
1403,152.7,25336.2,-1899.62,2026/01/23 17:43:13
1404,152.81,25338.1,-1894.74,2026/01/23 17:43:13
1405,152.92,25336.8,-1898.28,2026/01/23 17:43:13
1406,153.03,25336.1,-1894.54,2026/01/23 17:43:13
1407,153.14,25338.9,-1894.86,2026/01/23 17:43:13
1408,153.25,25328.2,-1899.71,2026/01/23 17:43:13
1409,153.36,25342,-1893.88,2026/01/23 17:43:14
1410,153.46,25328.5,-1897.37,2026/01/23 17:43:14
1411,153.57,25339.3,-1897.61,2026/01/23 17:43:14
1412,153.68,25330.1,-1894.79,2026/01/23 17:43:14
1413,153.79,25335.8,-1899.26,2026/01/23 17:43:14
1414,153.9,25333.8,-1895.79,2026/01/23 17:43:14
1415,154.01,25333,-1899.68,2026/01/23 17:43:14
1416,154.12,25337.3,-1893.36,2026/01/23 17:43:14
1417,154.23,25332.6,-1899.04,2026/01/23 17:43:14
1418,154.34,25336.2,-1896.24,2026/01/23 17:43:14
1419,154.44,25334.7,-1899.36,2026/01/23 17:43:15
1420,154.55,25335.2,-1892.57,2026/01/23 17:43:15
1421,154.66,25334,-1899.31,2026/01/23 17:43:15
1422,154.77,25334.7,-1893.13,2026/01/23 17:43:15
1423,154.88,25334.7,-1896.31,2026/01/23 17:43:15
1424,154.99,25332.6,-1892.94,2026/01/23 17:43:15
1425,155.1,25336.4,-1894.36,2026/01/23 17:43:15
1426,155.21,25327.5,-1898.84,2026/01/23 17:43:15
1427,155.32,25338.4,-1894.05,2026/01/23 17:43:15
1428,155.42,25326.9,-1898.17,2026/01/23 17:43:16
1429,155.53,25337.7,-1898.25,2026/01/23 17:43:16
1430,155.64,25329.6,-1895.48,2026/01/23 17:43:16
1431,155.75,25335.5,-1897.54,2026/01/23 17:43:16
1432,155.86,25331.1,-1897.02,2026/01/23 17:43:16
1433,155.97,25333.7,-1896.98,2026/01/23 17:43:16
1434,156.08,25332.6,-1898.09,2026/01/23 17:43:16
1435,156.19,25331.3,-1895.36,2026/01/23 17:43:16
1436,156.3,25335.1,-1897.1,2026/01/23 17:43:16
1437,156.41,25329.8,-1895.71,2026/01/23 17:43:17
1438,156.52,25336.1,-1895.55,2026/01/23 17:43:17
1439,156.62,25326.2,-1899.61,2026/01/23 17:43:17
1440,156.73,25337.6,-1894.17,2026/01/23 17:43:17
1441,156.84,25327,-1896.69,2026/01/23 17:43:17
1442,156.95,25335,-1896.74,2026/01/23 17:43:17
1443,157.06,25330.3,-1895.88,2026/01/23 17:43:17
1444,157.17,25332.8,-1898.17,2026/01/23 17:43:17
1445,157.28,25334.1,-1895.03,2026/01/23 17:43:17
1446,157.39,25328.8,-1898.06,2026/01/23 17:43:18
1447,157.5,25334.1,-1896.71,2026/01/23 17:43:18
1448,157.6,25328.9,-1898.68,2026/01/23 17:43:18
1449,157.71,25332.7,-1893.91,2026/01/23 17:43:18
1450,157.82,25327.3,-1902.71,2026/01/23 17:43:18
1451,157.93,25336.4,-1891.61,2026/01/23 17:43:18
1452,158.04,25325.9,-1899.14,2026/01/23 17:43:18
1453,158.15,25335.2,-1896.33,2026/01/23 17:43:18
1454,158.26,25328.5,-1897.17,2026/01/23 17:43:18
1455,158.37,25332.6,-1898.87,2026/01/23 17:43:19
1456,158.48,25333.3,-1894.48,2026/01/23 17:43:19
1457,158.59,25330.2,-1899.05,2026/01/23 17:43:19
1458,158.7,25334.5,-1895.36,2026/01/23 17:43:19
1459,158.8,25331.9,-1898.78,2026/01/23 17:43:19
1460,158.91,25334,-1892.06,2026/01/23 17:43:19
1461,159.02,25331.8,-1901.91,2026/01/23 17:43:19
1462,159.13,25339.5,-1893.42,2026/01/23 17:43:19
1463,159.24,25331.5,-1897.94,2026/01/23 17:43:19
1464,159.35,25337.3,-1894.7,2026/01/23 17:43:20
1465,159.46,25334.8,-1895.22,2026/01/23 17:43:20
1466,159.57,25338.3,-1898.41,2026/01/23 17:43:20
1467,159.67,25340.2,-1892.49,2026/01/23 17:43:20
1468,159.78,25336.8,-1897.23,2026/01/23 17:43:20
1469,159.89,25342,-1895.04,2026/01/23 17:43:20
1470,160,25340.2,-1895.72,2026/01/23 17:43:20
1471,160.11,25341.5,-1893.28,2026/01/23 17:43:20
1472,160.22,25339.2,-1900.86,2026/01/23 17:43:20
1473,160.33,25345.5,-1893.24,2026/01/23 17:43:20
1474,160.44,25339.3,-1899.05,2026/01/23 17:43:21
1475,160.55,25344.9,-1894.78,2026/01/23 17:43:21
1476,160.66,25340.6,-1895.37,2026/01/23 17:43:21
1477,160.76,25343.6,-1897.68,2026/01/23 17:43:21
1478,160.87,25344.7,-1894.26,2026/01/23 17:43:21
1479,160.98,25340.4,-1898.79,2026/01/23 17:43:21
1480,161.09,25344.4,-1896.5,2026/01/23 17:43:21
1481,161.2,25344.9,-1897.93,2026/01/23 17:43:21
1482,161.31,25345.4,-1892.27,2026/01/23 17:43:21
1483,161.42,25343.5,-1899.68,2026/01/23 17:43:22
1484,161.53,25346.2,-1894.05,2026/01/23 17:43:22
1485,161.64,25346.3,-1896.95,2026/01/23 17:43:22
1486,161.74,25345.7,-1895.08,2026/01/23 17:43:22
1487,161.85,25347.4,-1895.37,2026/01/23 17:43:22
1488,161.96,25344.5,-1900.04,2026/01/23 17:43:22
1489,162.07,25348.2,-1893.96,2026/01/23 17:43:22
1490,162.18,25342.6,-1898.6,2026/01/23 17:43:22
1491,162.29,25346.8,-1896.88,2026/01/23 17:43:22
1492,162.4,25345.6,-1897.07,2026/01/23 17:43:23
1493,162.51,25345.7,-1892.55,2026/01/23 17:43:23
1494,162.62,25345.9,-1897.53,2026/01/23 17:43:23
1495,162.72,25347.2,-1894,2026/01/23 17:43:23
1496,162.83,25346.9,-1896.3,2026/01/23 17:43:23
1497,162.94,25345.5,-1895.32,2026/01/23 17:43:23
1498,163.05,25348.4,-1895.37,2026/01/23 17:43:23
1499,163.16,25341.9,-1897.8,2026/01/23 17:43:23
1500,163.27,25352.5,-1895.29,2026/01/23 17:43:23
1501,163.38,25345.2,-1895.9,2026/01/23 17:43:24
1502,163.49,25351.4,-1896.51,2026/01/23 17:43:24
1503,163.6,25349.5,-1895.94,2026/01/23 17:43:24
1504,163.71,25352.3,-1894.4,2026/01/23 17:43:24
1505,163.81,25353.6,-1897.03,2026/01/23 17:43:24
1506,163.92,25351.2,-1894.78,2026/01/23 17:43:24
1507,164.03,25356.9,-1896.01,2026/01/23 17:43:24
1508,164.14,25353.5,-1894.84,2026/01/23 17:43:24
1509,164.25,25361,-1892.93,2026/01/23 17:43:24
1510,164.36,25353.2,-1899.61,2026/01/23 17:43:25
1511,164.47,25367.6,-1895.05,2026/01/23 17:43:25
1512,164.58,25357.2,-1896.13,2026/01/23 17:43:25
1513,164.68,25364.6,-1897.22,2026/01/23 17:43:25
1514,164.79,25367.6,-1893.43,2026/01/23 17:43:25
1515,164.9,25364.9,-1899.11,2026/01/23 17:43:25
1516,165.01,25372.2,-1893.66,2026/01/23 17:43:25
1517,165.12,25370.2,-1895.85,2026/01/23 17:43:25
1518,165.23,25372.6,-1891.31,2026/01/23 17:43:25
1519,165.34,25372.5,-1900.48,2026/01/23 17:43:25
1520,165.44,25379.1,-1892.25,2026/01/23 17:43:26
1521,165.55,25375,-1897.86,2026/01/23 17:43:26
1522,165.66,25379.3,-1894.47,2026/01/23 17:43:26
1523,165.77,25378.8,-1895.69,2026/01/23 17:43:26
1524,165.88,25381.5,-1897,2026/01/23 17:43:26
1525,165.99,25383.1,-1892.56,2026/01/23 17:43:26
1526,166.1,25378.9,-1898.49,2026/01/23 17:43:26
1527,166.21,25387.7,-1894.72,2026/01/23 17:43:26
1528,166.32,25387,-1895.27,2026/01/23 17:43:26
1529,166.43,25399.1,-1896.6,2026/01/23 17:43:27
1530,166.53,25412.2,-1898.16,2026/01/23 17:43:27
1531,166.64,25427.4,-1894.61,2026/01/23 17:43:27
1532,166.75,25440.7,-1896.97,2026/01/23 17:43:27
1533,166.86,25436.5,-1890.88,2026/01/23 17:43:27
1534,166.97,25421.5,-1893.68,2026/01/23 17:43:27
1535,167.08,25406.7,-1891.76,2026/01/23 17:43:27
1536,167.19,25396.2,-1892.84,2026/01/23 17:43:27
1537,167.3,25378.2,-1897.46,2026/01/23 17:43:27
1538,167.41,25382.6,-1891.53,2026/01/23 17:43:28
1539,167.51,25369.5,-1896.45,2026/01/23 17:43:28
1540,167.62,25380.8,-1896.82,2026/01/23 17:43:28
1541,167.73,25377.5,-1894.91,2026/01/23 17:43:28
1542,167.84,25388.5,-1896.56,2026/01/23 17:43:28
1543,167.95,25397.8,-1893.21,2026/01/23 17:43:28
1544,168.06,25403.8,-1899.07,2026/01/23 17:43:28
1545,168.17,25426.1,-1894.75,2026/01/23 17:43:28
1546,168.28,25440.2,-1896.33,2026/01/23 17:43:28
1547,168.39,25457.8,-1895.22,2026/01/23 17:43:29
1548,168.49,25476.5,-1901.88,2026/01/23 17:43:29
1549,168.6,25489.3,-1891.4,2026/01/23 17:43:29
1550,168.71,25474,-1897.5,2026/01/23 17:43:29
1551,168.82,25459.6,-1893.69,2026/01/23 17:43:29
1552,168.93,25434.3,-1894.55,2026/01/23 17:43:29
1553,169.04,25416.7,-1892.84,2026/01/23 17:43:29
1554,169.15,25403.9,-1891.74,2026/01/23 17:43:29
1555,169.26,25391.7,-1896.4,2026/01/23 17:43:29
1556,169.37,25400.2,-1893.03,2026/01/23 17:43:30
1557,169.47,25398.4,-1894.94,2026/01/23 17:43:30
1558,169.58,25408.2,-1896.52,2026/01/23 17:43:30
1559,169.69,25415.9,-1895.85,2026/01/23 17:43:30
1560,169.8,25431.4,-1893.73,2026/01/23 17:43:30
1561,169.91,25443.3,-1897.18,2026/01/23 17:43:30
1562,170.02,25453.6,-1893.95,2026/01/23 17:43:30
1563,170.13,25465.7,-1894.92,2026/01/23 17:43:30
1564,170.24,25470.5,-1894.95,2026/01/23 17:43:30
1565,170.35,25485.9,-1896.53,2026/01/23 17:43:31
1566,170.46,25474.1,-1898.33,2026/01/23 17:43:31
1567,170.56,25472.4,-1891.93,2026/01/23 17:43:31
1568,170.67,25445.7,-1898.93,2026/01/23 17:43:31
1569,170.78,25439.6,-1893,2026/01/23 17:43:31
1570,170.89,25413,-1894.17,2026/01/23 17:43:31
1571,171,25410,-1895.68,2026/01/23 17:43:31
1572,171.11,25401.7,-1895.62,2026/01/23 17:43:31
1573,171.22,25408.1,-1896.33,2026/01/23 17:43:31
1574,171.33,25415.4,-1894.29,2026/01/23 17:43:31
1575,171.44,25422.4,-1899.13,2026/01/23 17:43:32
1576,171.55,25445.6,-1894.1,2026/01/23 17:43:32
1577,171.65,25452.6,-1896.02,2026/01/23 17:43:32
1578,171.76,25463.1,-1896.16,2026/01/23 17:43:32
1579,171.87,25474.8,-1899.4,2026/01/23 17:43:32
1580,171.98,25492.2,-1893.08,2026/01/23 17:43:32
1581,172.09,25501.8,-1901.07,2026/01/23 17:43:32
1582,172.2,25491.7,-1894.07,2026/01/23 17:43:32
1583,172.31,25485.1,-1898.27,2026/01/23 17:43:32
1584,172.42,25462.7,-1894.11,2026/01/23 17:43:33
1585,172.53,25450.3,-1896.29,2026/01/23 17:43:33
1586,172.63,25431,-1897.5,2026/01/23 17:43:33
1587,172.74,25429.3,-1890.88,2026/01/23 17:43:33
1588,172.85,25405.8,-1895.84,2026/01/23 17:43:33
1589,172.96,25419.5,-1894.69,2026/01/23 17:43:33
1590,173.07,25417.1,-1895.16,2026/01/23 17:43:33
1591,173.18,25430.1,-1897.14,2026/01/23 17:43:33
1592,173.29,25442.8,-1895.8,2026/01/23 17:43:33
1593,173.4,25457.4,-1900.44,2026/01/23 17:43:34
1594,173.5,25475.7,-1894.05,2026/01/23 17:43:34
1595,173.61,25486.6,-1899.07,2026/01/23 17:43:34
1596,173.72,25509.2,-1899.45,2026/01/23 17:43:34
1597,173.83,25528.8,-1900.6,2026/01/23 17:43:34
1598,173.94,25535.1,-1895.39,2026/01/23 17:43:34
1599,174.05,25532.5,-1900.85,2026/01/23 17:43:34
1600,174.16,25526.8,-1894.34,2026/01/23 17:43:34
1601,174.27,25525.3,-1898.58,2026/01/23 17:43:34
1602,174.38,25517.7,-1896.73,2026/01/23 17:43:35
1603,174.49,25504.5,-1898,2026/01/23 17:43:35
1604,174.59,25474.7,-1895.94,2026/01/23 17:43:35
1605,174.7,25458.8,-1893,2026/01/23 17:43:35
1606,174.81,25437.3,-1896.59,2026/01/23 17:43:35
1607,174.92,25439.2,-1892.69,2026/01/23 17:43:35
1608,175.03,25429.9,-1897.95,2026/01/23 17:43:35
1609,175.14,25446,-1895.65,2026/01/23 17:43:35
1610,175.25,25444.4,-1895.33,2026/01/23 17:43:35
1611,175.36,25469.8,-1897.77,2026/01/23 17:43:36
1612,175.47,25484.2,-1895.64,2026/01/23 17:43:36
1613,175.58,25505.4,-1900.9,2026/01/23 17:43:36
1614,175.68,25537.7,-1894.65,2026/01/23 17:43:36
1615,175.79,25545.9,-1901.24,2026/01/23 17:43:36
1616,175.9,25548.1,-1896.05,2026/01/23 17:43:36
1617,176.01,25540.8,-1898.76,2026/01/23 17:43:36
1618,176.12,25534.3,-1896.13,2026/01/23 17:43:36
1619,176.23,25535.2,-1900.97,2026/01/23 17:43:36
1620,176.34,25513.1,-1894.15,2026/01/23 17:43:36
1621,176.45,25482.2,-1899.51,2026/01/23 17:43:37
1622,176.56,25459.9,-1893.17,2026/01/23 17:43:37
1623,176.67,25448.1,-1897.23,2026/01/23 17:43:37
1624,176.78,25447.2,-1893.38,2026/01/23 17:43:37
1625,176.89,25451.2,-1897.26,2026/01/23 17:43:37
1626,176.99,25453.6,-1894.47,2026/01/23 17:43:37
1627,177.1,25468.3,-1897.47,2026/01/23 17:43:37
1628,177.21,25478.9,-1897.89,2026/01/23 17:43:37
1629,177.32,25507.8,-1894.14,2026/01/23 17:43:37
1630,177.43,25515.4,-1903.07,2026/01/23 17:43:38
1631,177.54,25559.5,-1897.39,2026/01/23 17:43:38
1632,177.65,25553.4,-1899.65,2026/01/23 17:43:38
1633,177.76,25559.3,-1897.79,2026/01/23 17:43:38
1634,177.87,25554,-1898.49,2026/01/23 17:43:38
1635,177.98,25558.6,-1899.77,2026/01/23 17:43:38
1636,178.08,25549.4,-1894.8,2026/01/23 17:43:38
1637,178.19,25541.1,-1903.46,2026/01/23 17:43:38
1638,178.3,25546.3,-1894.93,2026/01/23 17:43:38
1639,178.41,25511.5,-1899.43,2026/01/23 17:43:39
1640,178.52,25486.2,-1896.66,2026/01/23 17:43:39
1641,178.63,25468.5,-1895.87,2026/01/23 17:43:39
1642,178.74,25461.4,-1895.95,2026/01/23 17:43:39
1643,178.85,25458.9,-1898.29,2026/01/23 17:43:39
1644,178.96,25467.9,-1896.6,2026/01/23 17:43:39
1645,179.07,25484.8,-1896.2,2026/01/23 17:43:39
1646,179.17,25493.5,-1898.9,2026/01/23 17:43:39
1647,179.28,25518.7,-1898,2026/01/23 17:43:39
1648,179.39,25526.7,-1899.95,2026/01/23 17:43:40
1649,179.5,25561.1,-1897.32,2026/01/23 17:43:40
1650,179.61,25569.7,-1902.7,2026/01/23 17:43:40
1651,179.72,25569.5,-1892.45,2026/01/23 17:43:40
1652,179.83,25563.9,-1902.32,2026/01/23 17:43:40
1653,179.94,25570.4,-1896.92,2026/01/23 17:43:40
1654,180.05,25571.8,-1901.63,2026/01/23 17:43:40
1655,180.15,25573.7,-1897.71,2026/01/23 17:43:40
1656,180.27,25563.1,-1898.35,2026/01/23 17:43:40
1657,180.37,25547,-1898.89,2026/01/23 17:43:41
1658,180.48,25557.1,-1895.58,2026/01/23 17:43:41
1659,180.59,25525.3,-1900.57,2026/01/23 17:43:41
1660,180.7,25499.1,-1892.8,2026/01/23 17:43:41
1661,180.81,25464.6,-1897.21,2026/01/23 17:43:41
1662,180.92,25474.6,-1897.6,2026/01/23 17:43:41
1663,181.03,25478.9,-1897.01,2026/01/23 17:43:41
1664,181.14,25504.8,-1898.35,2026/01/23 17:43:41
1665,181.25,25517.8,-1896.4,2026/01/23 17:43:41
1666,181.35,25543,-1900.23,2026/01/23 17:43:42
1667,181.47,25573.2,-1899.58,2026/01/23 17:43:42
1668,181.57,25577.8,-1901.97,2026/01/23 17:43:42
1669,181.68,25579.8,-1894.28,2026/01/23 17:43:42
1670,181.79,25570.5,-1900.83,2026/01/23 17:43:42
1671,181.9,25576.8,-1899.61,2026/01/23 17:43:42
1672,182.01,25574,-1898.8,2026/01/23 17:43:42
1673,182.12,25575.5,-1899.87,2026/01/23 17:43:42
1674,182.23,25583,-1901.63,2026/01/23 17:43:42
1675,182.34,25554.6,-1898.86,2026/01/23 17:43:42
1676,182.44,25549.6,-1900.17,2026/01/23 17:43:43
1677,182.55,25555.1,-1899.63,2026/01/23 17:43:43
1678,182.66,25551.8,-1897.27,2026/01/23 17:43:43
1679,182.77,25505.6,-1896.57,2026/01/23 17:43:43
1680,182.88,25480.6,-1894.84,2026/01/23 17:43:43
1681,182.99,25463.3,-1898.07,2026/01/23 17:43:43
1682,183.1,25481.4,-1891.98,2026/01/23 17:43:43
1683,183.21,25491.8,-1903.19,2026/01/23 17:43:43
1684,183.32,25515.6,-1894.67,2026/01/23 17:43:43
1685,183.42,25537.4,-1900.66,2026/01/23 17:43:44
1686,183.53,25566.8,-1899.57,2026/01/23 17:43:44
1687,183.64,25580.2,-1899.41,2026/01/23 17:43:44
1688,183.75,25570.4,-1898.37,2026/01/23 17:43:44
1689,183.86,25576.2,-1896.11,2026/01/23 17:43:44
1690,183.97,25570.9,-1903.22,2026/01/23 17:43:44
1691,184.08,25611.5,-1897.06,2026/01/23 17:43:44
1692,184.19,25616.7,-1904.17,2026/01/23 17:43:44
1693,184.3,25592.9,-1896.39,2026/01/23 17:43:44
1694,184.41,25569.1,-1902.03,2026/01/23 17:43:45
1695,184.51,25567.4,-1898.48,2026/01/23 17:43:45
1696,184.62,25557.4,-1899.79,2026/01/23 17:43:45
1697,184.73,25535.5,-1897.03,2026/01/23 17:43:45
1698,184.84,25503.5,-1894,2026/01/23 17:43:45
1699,184.95,25474.1,-1898.69,2026/01/23 17:43:45
1700,185.06,25492.9,-1894.67,2026/01/23 17:43:45
1701,185.17,25494.4,-1898.44,2026/01/23 17:43:45
1702,185.28,25524.8,-1898.73,2026/01/23 17:43:45
1703,185.38,25539.9,-1898.27,2026/01/23 17:43:46
1704,185.49,25582.7,-1901.04,2026/01/23 17:43:46
1705,185.6,25580.6,-1897.68,2026/01/23 17:43:46
1706,185.71,25582.2,-1898.56,2026/01/23 17:43:46
1707,185.82,25582.4,-1893.77,2026/01/23 17:43:46
1708,185.93,25595.5,-1903.12,2026/01/23 17:43:46
1709,186.04,25627.6,-1898.96,2026/01/23 17:43:46
1710,186.15,25607.7,-1901.92,2026/01/23 17:43:46
1711,186.26,25607.9,-1902.08,2026/01/23 17:43:46
1712,186.37,25570.8,-1901.01,2026/01/23 17:43:47
1713,186.47,25568.8,-1901.47,2026/01/23 17:43:47
1714,186.58,25567.1,-1899.15,2026/01/23 17:43:47
1715,186.69,25547.3,-1900.41,2026/01/23 17:43:47
1716,186.8,25523,-1895.4,2026/01/23 17:43:47
1717,186.91,25499.1,-1898.8,2026/01/23 17:43:47
1718,187.02,25500.5,-1895,2026/01/23 17:43:47
1719,187.13,25501.1,-1898.42,2026/01/23 17:43:47
1720,187.24,25529.5,-1900.04,2026/01/23 17:43:47
1721,187.35,25537.7,-1897.03,2026/01/23 17:43:48
1722,187.45,25568.1,-1900.55,2026/01/23 17:43:48
1723,187.56,25595.7,-1898.17,2026/01/23 17:43:48
1724,187.67,25593.2,-1900.06,2026/01/23 17:43:48
1725,187.78,25588.2,-1898.32,2026/01/23 17:43:48
1726,187.89,25587.7,-1903.29,2026/01/23 17:43:48
1727,188,25617.8,-1898.5,2026/01/23 17:43:48
1728,188.11,25642.3,-1902.66,2026/01/23 17:43:48
1729,188.22,25642.7,-1903.58,2026/01/23 17:43:48
1730,188.33,25598.1,-1901.28,2026/01/23 17:43:48
1731,188.44,25593.6,-1903.93,2026/01/23 17:43:49
1732,188.54,25575.1,-1901.56,2026/01/23 17:43:49
1733,188.65,25569.6,-1901.95,2026/01/23 17:43:49
1734,188.76,25537.1,-1897.62,2026/01/23 17:43:49
1735,188.87,25508.8,-1899.98,2026/01/23 17:43:49
1736,188.98,25499.7,-1895.99,2026/01/23 17:43:49
1737,189.09,25494.5,-1896.27,2026/01/23 17:43:49
1738,189.2,25511.3,-1899,2026/01/23 17:43:49
1739,189.31,25519.3,-1896.99,2026/01/23 17:43:49
1740,189.42,25542.5,-1900.49,2026/01/23 17:43:50
1741,189.52,25558,-1898.96,2026/01/23 17:43:50
1742,189.63,25588.3,-1902.35,2026/01/23 17:43:50
1743,189.74,25598.4,-1897.58,2026/01/23 17:43:50
1744,189.85,25598.9,-1899.82,2026/01/23 17:43:50
1745,189.96,25606,-1898.13,2026/01/23 17:43:50
1746,190.07,25629.1,-1904.67,2026/01/23 17:43:50
1747,190.18,25656.8,-1901.72,2026/01/23 17:43:50
1748,190.29,25647.4,-1902.25,2026/01/23 17:43:50
1749,190.4,25630.3,-1900.73,2026/01/23 17:43:51
1750,190.51,25592.2,-1901.4,2026/01/23 17:43:51
1751,190.61,25588.4,-1901.13,2026/01/23 17:43:51
1752,190.72,25577.4,-1900.54,2026/01/23 17:43:51
1753,190.83,25551.7,-1899.87,2026/01/23 17:43:51
1754,190.94,25519.4,-1894.09,2026/01/23 17:43:51
1755,191.05,25493.4,-1899.99,2026/01/23 17:43:51
1756,191.16,25507.7,-1895.12,2026/01/23 17:43:51
1757,191.27,25504.6,-1899.57,2026/01/23 17:43:51
1758,191.38,25524.9,-1897.8,2026/01/23 17:43:52
1759,191.49,25536.6,-1899.79,2026/01/23 17:43:52
1760,191.59,25565.6,-1898.91,2026/01/23 17:43:52
1761,191.7,25596.7,-1902.51,2026/01/23 17:43:52
1762,191.81,25604.5,-1897.2,2026/01/23 17:43:52
1763,191.92,25604,-1898.08,2026/01/23 17:43:52
1764,192.03,25600.3,-1901.18,2026/01/23 17:43:52
1765,192.14,25614.9,-1898.07,2026/01/23 17:43:52
1766,192.25,25629.2,-1907.83,2026/01/23 17:43:52
1767,192.36,25670.9,-1899.63,2026/01/23 17:43:53
1768,192.47,25687.2,-1907.75,2026/01/23 17:43:53
1769,192.57,25672.7,-1903.17,2026/01/23 17:43:53
1770,192.68,25655.1,-1906.47,2026/01/23 17:43:53
1771,192.79,25625.7,-1902.98,2026/01/23 17:43:53
1772,192.9,25619.4,-1905.38,2026/01/23 17:43:53
1773,193.01,25592.9,-1904.13,2026/01/23 17:43:53
1774,193.12,25585.9,-1898.26,2026/01/23 17:43:53
1775,193.23,25547.4,-1904.19,2026/01/23 17:43:53
1776,193.34,25522.4,-1891.9,2026/01/23 17:43:53
1777,193.45,25510.2,-1903.84,2026/01/23 17:43:54
1778,193.56,25526,-1897.12,2026/01/23 17:43:54
1779,193.66,25552.2,-1902.9,2026/01/23 17:43:54
1780,193.77,25570.9,-1899.72,2026/01/23 17:43:54
1781,193.88,25619.4,-1900.53,2026/01/23 17:43:54
1782,193.99,25608.5,-1901.06,2026/01/23 17:43:54
1783,194.1,25615.5,-1898.21,2026/01/23 17:43:54
1784,194.21,25625.8,-1902.82,2026/01/23 17:43:54
1785,194.32,25656.6,-1902.85,2026/01/23 17:43:54
1786,194.43,25690.7,-1906.91,2026/01/23 17:43:55
1787,194.54,25730.2,-1907.18,2026/01/23 17:43:55
1788,194.64,25755.2,-1909.62,2026/01/23 17:43:55
1789,194.75,25719.9,-1909.65,2026/01/23 17:43:55
1790,194.86,25702.8,-1904.78,2026/01/23 17:43:55
1791,194.97,25674,-1911.58,2026/01/23 17:43:55
1792,195.08,25662.1,-1905.99,2026/01/23 17:43:55
1793,195.19,25626.7,-1903.85,2026/01/23 17:43:55
1794,195.3,25604.1,-1906.85,2026/01/23 17:43:55
1795,195.41,25573.4,-1899.33,2026/01/23 17:43:56
1796,195.52,25547.1,-1901.23,2026/01/23 17:43:56
1797,195.63,25526.1,-1897.91,2026/01/23 17:43:56
1798,195.73,25534.9,-1900.92,2026/01/23 17:43:56
1799,195.84,25550.6,-1901.3,2026/01/23 17:43:56
1800,195.95,25565.7,-1903.59,2026/01/23 17:43:56
1801,196.06,25595.3,-1899.71,2026/01/23 17:43:56
1802,196.17,25615.3,-1905.87,2026/01/23 17:43:56
1803,196.28,25631.4,-1900.85,2026/01/23 17:43:56
1804,196.39,25618,-1902.51,2026/01/23 17:43:57
1805,196.5,25647.7,-1901.27,2026/01/23 17:43:57
1806,196.6,25667.3,-1905.87,2026/01/23 17:43:57
1807,196.71,25701.4,-1905.85,2026/01/23 17:43:57
1808,196.82,25731.2,-1912.02,2026/01/23 17:43:57
1809,196.93,25762.5,-1911.19,2026/01/23 17:43:57
1810,197.04,25789.7,-1913.48,2026/01/23 17:43:57
1811,197.15,25721.2,-1922.69,2026/01/23 17:43:57
1812,197.26,25688.9,-1908.81,2026/01/23 17:43:57
1813,197.37,25669.3,-1914.68,2026/01/23 17:43:58
1814,197.48,25657.8,-1904.4,2026/01/23 17:43:58
1815,197.59,25629.4,-1907.05,2026/01/23 17:43:58
1816,197.69,25602.8,-1906.52,2026/01/23 17:43:58
1817,197.8,25582.6,-1901.54,2026/01/23 17:43:58
1818,197.91,25544.1,-1902.34,2026/01/23 17:43:58
1819,198.02,25538.7,-1898.46,2026/01/23 17:43:58
1820,198.13,25535.1,-1904.29,2026/01/23 17:43:58
1821,198.24,25552,-1903.78,2026/01/23 17:43:58
1822,198.35,25572.4,-1900.55,2026/01/23 17:43:59
1823,198.46,25599.9,-1905.12,2026/01/23 17:43:59
1824,198.57,25620.7,-1899.52,2026/01/23 17:43:59
1825,198.68,25623.7,-1902.68,2026/01/23 17:43:59
1826,198.79,25626.4,-1899.82,2026/01/23 17:43:59
1827,198.89,25652.5,-1905.41,2026/01/23 17:43:59
1828,199,25690.5,-1902.74,2026/01/23 17:43:59
1829,199.11,25731.2,-1911.8,2026/01/23 17:43:59
1830,199.22,25804.2,-1923.09,2026/01/23 17:43:59
1831,199.33,25850.9,-1962.85,2026/01/23 17:43:59
1832,199.44,25941.3,-2017.15,2026/01/23 17:44:00
1833,199.55,25883.4,-2029.25,2026/01/23 17:44:00
1834,199.66,25769.5,-1975.34,2026/01/23 17:44:00
1835,199.77,25707,-1942.08,2026/01/23 17:44:00
1836,199.88,25665.7,-1924.8,2026/01/23 17:44:00
1837,199.99,25620.6,-1921.88,2026/01/23 17:44:00
1838,200.09,25590.3,-1916.82,2026/01/23 17:44:00
1839,200.2,25560.7,-1910.27,2026/01/23 17:44:00
1840,200.31,25532.8,-1913.08,2026/01/23 17:44:00
1841,200.42,25537.2,-1907.09,2026/01/23 17:44:01
1842,200.53,25556.6,-1916.51,2026/01/23 17:44:01
1843,200.64,25577.9,-1909.35,2026/01/23 17:44:01
1844,200.75,25604.6,-1915.2,2026/01/23 17:44:01
1845,200.86,25626.2,-1910.01,2026/01/23 17:44:01
1846,200.96,25633.1,-1910.11,2026/01/23 17:44:01
1847,201.07,25658.3,-1916.41,2026/01/23 17:44:01
1848,201.18,25706.1,-1914.92,2026/01/23 17:44:01
1849,201.29,25747.2,-1923.73,2026/01/23 17:44:01
1850,201.4,25822.3,-1964.16,2026/01/23 17:44:02
1851,201.51,25888.3,-2016.44,2026/01/23 17:44:02
1852,201.62,25957.6,-2054.6,2026/01/23 17:44:02
1853,201.73,25957.1,-2064.12,2026/01/23 17:44:02
1854,201.84,25963.4,-2074.87,2026/01/23 17:44:02
1855,201.95,25955.3,-2080.72,2026/01/23 17:44:02
1856,202.06,25926.3,-2087.14,2026/01/23 17:44:02
1857,202.16,25917.7,-2085.96,2026/01/23 17:44:02
1858,202.27,25812.7,-2068.12,2026/01/23 17:44:02
1859,202.38,25718.9,-1992.32,2026/01/23 17:44:03
1860,202.49,25651.7,-1966.91,2026/01/23 17:44:03
1861,202.6,25607.9,-1945.32,2026/01/23 17:44:03
1862,202.71,25570.1,-1947.6,2026/01/23 17:44:03
1863,202.82,25522.9,-1931.18,2026/01/23 17:44:03
1864,202.93,25494.1,-1931.12,2026/01/23 17:44:03
1865,203.04,25484.9,-1926.5,2026/01/23 17:44:03
1866,203.14,25495.6,-1928.26,2026/01/23 17:44:03
1867,203.25,25491.7,-1927.43,2026/01/23 17:44:03
1868,203.36,25494.3,-1925.54,2026/01/23 17:44:04
1869,203.47,25491.9,-1926.26,2026/01/23 17:44:04
1870,203.58,25491.6,-1923.54,2026/01/23 17:44:04
1871,203.69,25490,-1925.5,2026/01/23 17:44:04
1872,203.8,25492.1,-1923.82,2026/01/23 17:44:04
1873,203.91,25492.2,-1922.08,2026/01/23 17:44:04
1874,204.01,25488.5,-1927.64,2026/01/23 17:44:04
1875,204.12,25492.7,-1920.31,2026/01/23 17:44:04
1876,204.23,25484.1,-1925.02,2026/01/23 17:44:04
1877,204.34,25495.2,-1919.67,2026/01/23 17:44:04
1878,204.45,25482.4,-1924.11,2026/01/23 17:44:05
1879,204.56,25490.9,-1920.1,2026/01/23 17:44:05
1880,204.67,25483.3,-1922.02,2026/01/23 17:44:05
1881,204.78,25485.1,-1920.2,2026/01/23 17:44:05
1882,204.89,25483.3,-1922.58,2026/01/23 17:44:05
1883,204.99,25477.1,-1921.65,2026/01/23 17:44:05
1884,205.11,25484.5,-1919.36,2026/01/23 17:44:05
1885,205.21,25476.6,-1922.43,2026/01/23 17:44:05
1886,205.32,25479.7,-1917.41,2026/01/23 17:44:05
1887,205.43,25474.3,-1922.34,2026/01/23 17:44:06
1888,205.54,25475.3,-1919.16,2026/01/23 17:44:06
1889,205.65,25474.3,-1919.43,2026/01/23 17:44:06
1890,205.76,25469.3,-1923.35,2026/01/23 17:44:06
1891,205.87,25472.9,-1916.76,2026/01/23 17:44:06
1892,205.97,25465.4,-1921.78,2026/01/23 17:44:06
1893,206.08,25471.6,-1920.22,2026/01/23 17:44:06
1894,206.19,25462.6,-1919.09,2026/01/23 17:44:06
1895,206.3,25469.3,-1918.29,2026/01/23 17:44:06
1896,206.41,25460.5,-1920.01,2026/01/23 17:44:07
1897,206.52,25464.9,-1917.78,2026/01/23 17:44:07
1898,206.63,25460.5,-1920.37,2026/01/23 17:44:07
1899,206.74,25458.5,-1917.2,2026/01/23 17:44:07
1900,206.84,25463.5,-1914.38,2026/01/23 17:44:07
1901,206.95,25454.3,-1922.5,2026/01/23 17:44:07
1902,207.06,25459.3,-1913.23,2026/01/23 17:44:07
1903,207.17,25455,-1919.6,2026/01/23 17:44:07
1904,207.28,25452.8,-1916.06,2026/01/23 17:44:07
1905,207.39,25456.6,-1917.49,2026/01/23 17:44:08
1906,207.5,25449.2,-1919.02,2026/01/23 17:44:08
1907,207.61,25455.6,-1917.04,2026/01/23 17:44:08
1908,207.71,25449.6,-1917.65,2026/01/23 17:44:08
1909,207.82,25453.3,-1918.06,2026/01/23 17:44:08
1910,207.93,25446.9,-1915.68,2026/01/23 17:44:08
1911,208.04,25453.1,-1917.03,2026/01/23 17:44:08
1912,208.15,25446.8,-1916.9,2026/01/23 17:44:08
1913,208.26,25449.4,-1915.85,2026/01/23 17:44:08
1914,208.37,25445.4,-1918.08,2026/01/23 17:44:09
1915,208.48,25444.4,-1917.81,2026/01/23 17:44:09
1916,208.59,25449.6,-1915.35,2026/01/23 17:44:09
1917,208.69,25439,-1918.79,2026/01/23 17:44:09
1918,208.8,25446,-1911.31,2026/01/23 17:44:09
1919,208.91,25440.3,-1921.18,2026/01/23 17:44:09
1920,209.02,25441.9,-1913.55,2026/01/23 17:44:09
1921,209.13,25442.1,-1917.51,2026/01/23 17:44:09
1922,209.24,25439.1,-1917.54,2026/01/23 17:44:09
1923,209.35,25442.8,-1914.45,2026/01/23 17:44:10
1924,209.46,25435.7,-1920.78,2026/01/23 17:44:10
1925,209.57,25439.5,-1913.74,2026/01/23 17:44:10
1926,209.68,25432.4,-1918.89,2026/01/23 17:44:10
1927,209.79,25443.5,-1914.06,2026/01/23 17:44:10
1928,209.9,25430.6,-1918.95,2026/01/23 17:44:10
1929,210.01,25440.8,-1914.08,2026/01/23 17:44:10
1930,210.11,25431.5,-1918.64,2026/01/23 17:44:10
1931,210.22,25437.4,-1914.08,2026/01/23 17:44:10
1932,210.33,25432.7,-1918.9,2026/01/23 17:44:10
1933,210.44,25431.1,-1914.53,2026/01/23 17:44:11
1934,210.55,25435.7,-1916.12,2026/01/23 17:44:11
1935,210.66,25427.3,-1916.21,2026/01/23 17:44:11
1936,210.77,25433.6,-1914.58,2026/01/23 17:44:11
1937,210.88,25428.7,-1915.18,2026/01/23 17:44:11
1938,210.99,25431.4,-1915.79,2026/01/23 17:44:11
1939,211.09,25425.9,-1915.43,2026/01/23 17:44:11
1940,211.2,25428.8,-1915.81,2026/01/23 17:44:11
1941,211.31,25424.9,-1915.31,2026/01/23 17:44:11
1942,211.42,25424.3,-1917.6,2026/01/23 17:44:12
1943,211.53,25427.5,-1913.88,2026/01/23 17:44:12
1944,211.64,25418.5,-1918.37,2026/01/23 17:44:12
1945,211.75,25429.5,-1911.46,2026/01/23 17:44:12
1946,211.85,25419.3,-1920.88,2026/01/23 17:44:12
1947,211.96,25422.2,-1912.45,2026/01/23 17:44:12
1948,212.07,25424.3,-1917.27,2026/01/23 17:44:12
1949,212.18,25418.9,-1915.73,2026/01/23 17:44:12
1950,212.29,25426.1,-1913.65,2026/01/23 17:44:12
1951,212.4,25419.8,-1917.88,2026/01/23 17:44:13
1952,212.51,25424.2,-1915.06,2026/01/23 17:44:13
1953,212.62,25416.4,-1913.88,2026/01/23 17:44:13
1954,212.73,25424.5,-1915.48,2026/01/23 17:44:13
1955,212.84,25417.3,-1914.3,2026/01/23 17:44:13
1956,212.94,25424.1,-1914.58,2026/01/23 17:44:13
1957,213.05,25420.6,-1915.59,2026/01/23 17:44:13
1958,213.16,25422,-1912.86,2026/01/23 17:44:13
1959,213.27,25425.6,-1915.13,2026/01/23 17:44:13
1960,213.38,25417.8,-1917.27,2026/01/23 17:44:14
1961,213.49,25424.6,-1912.29,2026/01/23 17:44:14
1962,213.6,25421.3,-1918.33,2026/01/23 17:44:14
1963,213.71,25421.8,-1913.51,2026/01/23 17:44:14
1964,213.81,25419,-1916.15,2026/01/23 17:44:14
1965,213.92,25419.1,-1916.36,2026/01/23 17:44:14
1966,214.03,25420.6,-1913.35,2026/01/23 17:44:14
1967,214.14,25417.2,-1919.56,2026/01/23 17:44:14
1968,214.25,25421,-1912.65,2026/01/23 17:44:14
1969,214.36,25412.5,-1916.36,2026/01/23 17:44:15
1970,214.47,25426.8,-1911.52,2026/01/23 17:44:15
1971,214.58,25414.1,-1919.07,2026/01/23 17:44:15
1972,214.69,25422.7,-1910.17,2026/01/23 17:44:15
1973,214.79,25418.9,-1917.09,2026/01/23 17:44:15
1974,214.9,25418.2,-1914.06,2026/01/23 17:44:15
1975,215.01,25424.2,-1914.34,2026/01/23 17:44:15
1976,215.12,25419.8,-1916.58,2026/01/23 17:44:15
1977,215.23,25420.9,-1913.09,2026/01/23 17:44:15
1978,215.34,25420.2,-1915.11,2026/01/23 17:44:15
1979,215.45,25425.4,-1915.19,2026/01/23 17:44:16
1980,215.56,25419.3,-1913.56,2026/01/23 17:44:16
1981,215.66,25424.9,-1914.94,2026/01/23 17:44:16
1982,215.78,25420.7,-1913.52,2026/01/23 17:44:16
1983,215.88,25423.9,-1913.48,2026/01/23 17:44:16
1984,215.99,25427.5,-1914.16,2026/01/23 17:44:16
1985,216.1,25419.4,-1917.46,2026/01/23 17:44:16
1986,216.21,25428.6,-1911.3,2026/01/23 17:44:16
1987,216.32,25424,-1918.87,2026/01/23 17:44:16
1988,216.43,25425.3,-1911.15,2026/01/23 17:44:17
1989,216.54,25425.7,-1917.07,2026/01/23 17:44:17
1990,216.65,25424.7,-1915.31,2026/01/23 17:44:17
1991,216.76,25427.2,-1913.16,2026/01/23 17:44:17
1992,216.86,25422.2,-1918.29,2026/01/23 17:44:17
1993,216.97,25428.7,-1912.06,2026/01/23 17:44:17
1994,217.08,25419.5,-1916.59,2026/01/23 17:44:17
1995,217.19,25432.8,-1912.75,2026/01/23 17:44:17
1996,217.3,25421,-1914.99,2026/01/23 17:44:17
1997,217.41,25430.2,-1913.42,2026/01/23 17:44:18
1998,217.52,25424.7,-1915.68,2026/01/23 17:44:18
1999,217.62,25425,-1913.72,2026/01/23 17:44:18
2000,217.73,25427.8,-1915.16,2026/01/23 17:44:18
2001,217.84,25422.2,-1915.5,2026/01/23 17:44:18
2002,217.95,25425.6,-1910.73,2026/01/23 17:44:18
2003,218.06,25424.9,-1915.7,2026/01/23 17:44:18
2004,218.17,25424.9,-1912.36,2026/01/23 17:44:18
2005,218.28,25423.6,-1913.23,2026/01/23 17:44:18
2006,218.39,25424.8,-1914.68,2026/01/23 17:44:19
2007,218.5,25424.5,-1913.51,2026/01/23 17:44:19
2008,218.6,25427.4,-1913.74,2026/01/23 17:44:19
2009,218.71,25428.8,-1911,2026/01/23 17:44:19
2010,218.82,25424.4,-1914.39,2026/01/23 17:44:19
2011,218.93,25434.6,-1910.22,2026/01/23 17:44:19
2012,219.04,25422.5,-1918.35,2026/01/23 17:44:19
2013,219.15,25435.5,-1908.06,2026/01/23 17:44:19
2014,219.26,25429.4,-1918.3,2026/01/23 17:44:19
2015,219.37,25433.7,-1911.36,2026/01/23 17:44:20
2016,219.48,25438.1,-1912.22,2026/01/23 17:44:20
2017,219.58,25433,-1914.61,2026/01/23 17:44:20
2018,219.69,25440.1,-1911.93,2026/01/23 17:44:20
2019,219.8,25437,-1914.62,2026/01/23 17:44:20
2020,219.91,25441.2,-1915.19,2026/01/23 17:44:20
2021,220.02,25435.9,-1912.4,2026/01/23 17:44:20
2022,220.13,25441.7,-1915.12,2026/01/23 17:44:20
2023,220.24,25436.8,-1913.07,2026/01/23 17:44:20
2024,220.35,25442.1,-1913.34,2026/01/23 17:44:21
2025,220.46,25441.3,-1913.97,2026/01/23 17:44:21
2026,220.56,25439.8,-1915.57,2026/01/23 17:44:21
2027,220.67,25447.8,-1910.69,2026/01/23 17:44:21
2028,220.78,25442,-1917.07,2026/01/23 17:44:21
2029,220.89,25449.5,-1909.54,2026/01/23 17:44:21
2030,221,25449,-1917.45,2026/01/23 17:44:21
2031,221.11,25451.2,-1912.8,2026/01/23 17:44:21
2032,221.22,25455.1,-1914.36,2026/01/23 17:44:21
2033,221.33,25452.1,-1916.46,2026/01/23 17:44:21
2034,221.44,25459.4,-1910.91,2026/01/23 17:44:22
2035,221.54,25456.4,-1915.06,2026/01/23 17:44:22
2036,221.65,25463.6,-1912.05,2026/01/23 17:44:22
2037,221.76,25457.3,-1913.8,2026/01/23 17:44:22
2038,221.87,25470.2,-1914.67,2026/01/23 17:44:22
2039,221.98,25464.4,-1913.88,2026/01/23 17:44:22
2040,222.09,25471.3,-1913.04,2026/01/23 17:44:22
2041,222.2,25472.6,-1915.34,2026/01/23 17:44:22
2042,222.31,25472.9,-1910.98,2026/01/23 17:44:22
2043,222.42,25481.5,-1914.85,2026/01/23 17:44:23
2044,222.52,25475.7,-1915.56,2026/01/23 17:44:23
2045,222.63,25481,-1909.02,2026/01/23 17:44:23
2046,222.74,25480.9,-1916.89,2026/01/23 17:44:23
2047,222.85,25483,-1912.1,2026/01/23 17:44:23
2048,222.96,25485.4,-1913.25,2026/01/23 17:44:23
2049,223.07,25482.7,-1914.23,2026/01/23 17:44:23
2050,223.18,25487.9,-1909.87,2026/01/23 17:44:23
2051,223.29,25483.9,-1915.39,2026/01/23 17:44:23
2052,223.39,25494.5,-1913.16,2026/01/23 17:44:24
2053,223.5,25483.3,-1915.12,2026/01/23 17:44:24
2054,223.61,25493.8,-1913.55,2026/01/23 17:44:24
2055,223.72,25487.7,-1915.7,2026/01/23 17:44:24
2056,223.83,25490.3,-1913.67,2026/01/23 17:44:24
2057,223.94,25491.6,-1915.03,2026/01/23 17:44:24
2058,224.05,25487,-1913.09,2026/01/23 17:44:24
2059,224.16,25495.3,-1910.64,2026/01/23 17:44:24
2060,224.27,25490.4,-1919.72,2026/01/23 17:44:24
2061,224.37,25493.2,-1910.52,2026/01/23 17:44:25
2062,224.48,25491.7,-1916.3,2026/01/23 17:44:25
2063,224.59,25491,-1914.52,2026/01/23 17:44:25
2064,224.7,25491.4,-1913.21,2026/01/23 17:44:25
2065,224.81,25491.1,-1915.87,2026/01/23 17:44:25
2066,224.92,25495.1,-1910.1,2026/01/23 17:44:25
2067,225.03,25491.2,-1916.46,2026/01/23 17:44:25
2068,225.14,25499.9,-1910.92,2026/01/23 17:44:25
2069,225.24,25489.7,-1917.02,2026/01/23 17:44:25
2070,225.35,25503.9,-1911.43,2026/01/23 17:44:26
2071,225.46,25494.3,-1916.63,2026/01/23 17:44:26
2072,225.57,25502.3,-1912.41,2026/01/23 17:44:26
2073,225.68,25502.4,-1915.81,2026/01/23 17:44:26
2074,225.79,25498.7,-1914.06,2026/01/23 17:44:26
2075,225.9,25506.3,-1915.22,2026/01/23 17:44:26
2076,226.01,25502.3,-1917.23,2026/01/23 17:44:26
2077,226.12,25506.1,-1914.05,2026/01/23 17:44:26
2078,226.23,25505.5,-1914.46,2026/01/23 17:44:26
2079,226.33,25507.8,-1915.4,2026/01/23 17:44:26
2080,226.44,25506.8,-1914.75,2026/01/23 17:44:27
2081,226.55,25509.5,-1916.43,2026/01/23 17:44:27
2082,226.66,25510.7,-1912.59,2026/01/23 17:44:27
2083,226.77,25508.9,-1917.06,2026/01/23 17:44:27
2084,226.88,25516,-1912.21,2026/01/23 17:44:27
2085,226.99,25507.3,-1915.83,2026/01/23 17:44:27
2086,227.1,25520.5,-1910.09,2026/01/23 17:44:27
2087,227.2,25511.4,-1916.27,2026/01/23 17:44:27
2088,227.31,25518.9,-1909.66,2026/01/23 17:44:27
2089,227.42,25519.2,-1916.61,2026/01/23 17:44:28
2090,227.53,25516.5,-1913.61,2026/01/23 17:44:28
2091,227.64,25524.4,-1912.36,2026/01/23 17:44:28
2092,227.75,25518.2,-1915.03,2026/01/23 17:44:28
2093,227.86,25520.8,-1911.7,2026/01/23 17:44:28
2094,227.96,25521.3,-1914.77,2026/01/23 17:44:28
2095,228.07,25525.9,-1914.04,2026/01/23 17:44:28
2096,228.18,25526.1,-1912.59,2026/01/23 17:44:28
2097,228.29,25527.6,-1915.04,2026/01/23 17:44:28
2098,228.4,25533.6,-1910.24,2026/01/23 17:44:29
2099,228.51,25537.1,-1916.45,2026/01/23 17:44:29
2100,228.62,25558.7,-1910.43,2026/01/23 17:44:29
2101,228.73,25557.1,-1918.55,2026/01/23 17:44:29
2102,228.84,25582.3,-1910.61,2026/01/23 17:44:29
2103,228.94,25582.4,-1915.67,2026/01/23 17:44:29
2104,229.05,25592.4,-1910.48,2026/01/23 17:44:29
2105,229.16,25590.5,-1913.3,2026/01/23 17:44:29
2106,229.27,25570.1,-1913.33,2026/01/23 17:44:29
2107,229.38,25564.4,-1909.84,2026/01/23 17:44:30
2108,229.49,25546.3,-1912.74,2026/01/23 17:44:30
2109,229.6,25542.2,-1911.27,2026/01/23 17:44:30
2110,229.71,25530.6,-1909.99,2026/01/23 17:44:30
2111,229.82,25533.9,-1915.15,2026/01/23 17:44:30
2112,229.92,25531.1,-1911,2026/01/23 17:44:30
2113,230.03,25539.5,-1914.59,2026/01/23 17:44:30
2114,230.14,25540.8,-1913.64,2026/01/23 17:44:30
2115,230.25,25547.2,-1915.23,2026/01/23 17:44:30
2116,230.36,25567.1,-1908.5,2026/01/23 17:44:31
2117,230.47,25565.8,-1917.87,2026/01/23 17:44:31
2118,230.58,25579.4,-1908.17,2026/01/23 17:44:31
2119,230.69,25580.2,-1917.04,2026/01/23 17:44:31
2120,230.8,25589.3,-1909.82,2026/01/23 17:44:31
2121,230.91,25587.2,-1913.25,2026/01/23 17:44:31
2122,231.01,25575.8,-1911.81,2026/01/23 17:44:31
2123,231.12,25569.6,-1911.06,2026/01/23 17:44:31
2124,231.23,25552.5,-1915.34,2026/01/23 17:44:31
2125,231.34,25547.9,-1907.31,2026/01/23 17:44:31
2126,231.45,25534.5,-1914.08,2026/01/23 17:44:32
2127,231.56,25537.6,-1910.36,2026/01/23 17:44:32
2128,231.67,25527.5,-1915.4,2026/01/23 17:44:32
2129,231.78,25548.2,-1911.58,2026/01/23 17:44:32
2130,231.89,25548.9,-1916.14,2026/01/23 17:44:32
2131,232,25567.7,-1910.06,2026/01/23 17:44:32
2132,232.1,25574.5,-1915.77,2026/01/23 17:44:32
2133,232.21,25582,-1911.57,2026/01/23 17:44:32
2134,232.32,25592.2,-1914.17,2026/01/23 17:44:32
2135,232.43,25594.5,-1913.81,2026/01/23 17:44:33
2136,232.54,25603.6,-1912.18,2026/01/23 17:44:33
2137,232.65,25594.4,-1913.2,2026/01/23 17:44:33
2138,232.76,25589,-1913.23,2026/01/23 17:44:33
2139,232.87,25575.8,-1911.42,2026/01/23 17:44:33
2140,232.98,25563.4,-1912.26,2026/01/23 17:44:33
2141,233.09,25547.3,-1910.07,2026/01/23 17:44:33
2142,233.19,25533.5,-1912.62,2026/01/23 17:44:33
2143,233.3,25526.5,-1911.78,2026/01/23 17:44:33
2144,233.41,25530.1,-1913.09,2026/01/23 17:44:34
2145,233.52,25544.5,-1908.97,2026/01/23 17:44:34
2146,233.63,25540.3,-1915.93,2026/01/23 17:44:34
2147,233.74,25565,-1907.62,2026/01/23 17:44:34
2148,233.85,25569.4,-1917.85,2026/01/23 17:44:34
2149,233.96,25583.5,-1909.16,2026/01/23 17:44:34
2150,234.07,25588.5,-1915.64,2026/01/23 17:44:34
2151,234.18,25594.2,-1912.13,2026/01/23 17:44:34
2152,234.28,25607,-1912.85,2026/01/23 17:44:34
2153,234.39,25595.1,-1913.58,2026/01/23 17:44:35
2154,234.5,25593.6,-1911.31,2026/01/23 17:44:35
2155,234.61,25577,-1911.85,2026/01/23 17:44:35
2156,234.72,25565.3,-1914.91,2026/01/23 17:44:35
2157,234.83,25538.7,-1910.37,2026/01/23 17:44:35
2158,234.94,25533.8,-1912.76,2026/01/23 17:44:35
2159,235.05,25517.9,-1912.42,2026/01/23 17:44:35
2160,235.16,25520.2,-1912.62,2026/01/23 17:44:35
2161,235.26,25524.4,-1913.02,2026/01/23 17:44:35
2162,235.37,25530.5,-1914.02,2026/01/23 17:44:36
2163,235.48,25553.9,-1909.96,2026/01/23 17:44:36
2164,235.59,25558.2,-1917.57,2026/01/23 17:44:36
2165,235.7,25577.6,-1907.07,2026/01/23 17:44:36
2166,235.81,25579,-1920.35,2026/01/23 17:44:36
2167,235.92,25595.7,-1909.32,2026/01/23 17:44:36
2168,236.03,25611.9,-1917.13,2026/01/23 17:44:36
2169,236.14,25615.6,-1914.32,2026/01/23 17:44:36
2170,236.25,25622.6,-1914.13,2026/01/23 17:44:36
2171,236.36,25617,-1917.14,2026/01/23 17:44:37
2172,236.46,25605.6,-1912.46,2026/01/23 17:44:37
2173,236.57,25577.9,-1912.64,2026/01/23 17:44:37
2174,236.68,25558.5,-1913.75,2026/01/23 17:44:37
2175,236.79,25531.2,-1910.81,2026/01/23 17:44:37
2176,236.9,25522.2,-1913.1,2026/01/23 17:44:37
2177,237.01,25511.7,-1911.73,2026/01/23 17:44:37
2178,237.11,25513,-1914.69,2026/01/23 17:44:37
2179,237.22,25521.7,-1909.41,2026/01/23 17:44:37
2180,237.33,25517.5,-1915.64,2026/01/23 17:44:37
2181,237.44,25539.3,-1908.16,2026/01/23 17:44:38
2182,237.55,25541.2,-1918.22,2026/01/23 17:44:38
2183,237.66,25562.4,-1908.64,2026/01/23 17:44:38
2184,237.77,25568.8,-1915.6,2026/01/23 17:44:38
2185,237.88,25575.6,-1913.42,2026/01/23 17:44:38
2186,237.99,25592.2,-1916.05,2026/01/23 17:44:38
2187,238.09,25599.5,-1915.26,2026/01/23 17:44:38
2188,238.2,25622.2,-1913.52,2026/01/23 17:44:38
2189,238.31,25618.1,-1916.07,2026/01/23 17:44:38
2190,238.42,25619,-1913.06,2026/01/23 17:44:39
2191,238.53,25618.8,-1916.49,2026/01/23 17:44:39
2192,238.64,25606.9,-1913.3,2026/01/23 17:44:39
2193,238.75,25590.1,-1912.43,2026/01/23 17:44:39
2194,238.86,25566.6,-1915.24,2026/01/23 17:44:39
2195,238.97,25545.3,-1909.79,2026/01/23 17:44:39
2196,239.07,25521,-1913.96,2026/01/23 17:44:39
2197,239.18,25522.2,-1911.8,2026/01/23 17:44:39
2198,239.29,25516.8,-1912.43,2026/01/23 17:44:39
2199,239.4,25530.5,-1915.06,2026/01/23 17:44:40
2200,239.51,25534.8,-1912.7,2026/01/23 17:44:40
2201,239.62,25558.2,-1912.31,2026/01/23 17:44:40
2202,239.73,25567.3,-1913.93,2026/01/23 17:44:40
2203,239.84,25589.6,-1916.15,2026/01/23 17:44:40
2204,239.95,25608,-1916.41,2026/01/23 17:44:40
2205,240.06,25610.5,-1914.57,2026/01/23 17:44:40
2206,240.17,25617,-1911.61,2026/01/23 17:44:40
2207,240.27,25607.3,-1918.65,2026/01/23 17:44:40
2208,240.38,25614.2,-1907.02,2026/01/23 17:44:41
2209,240.49,25600.8,-1919.99,2026/01/23 17:44:41
2210,240.6,25596.9,-1908.98,2026/01/23 17:44:41
2211,240.71,25573.6,-1916.51,2026/01/23 17:44:41
2212,240.82,25552.6,-1910.67,2026/01/23 17:44:41
2213,240.93,25537.7,-1911.64,2026/01/23 17:44:41
2214,241.04,25521.7,-1914.5,2026/01/23 17:44:41
2215,241.14,25524.3,-1911.09,2026/01/23 17:44:41
2216,241.25,25528.7,-1913.9,2026/01/23 17:44:41
2217,241.36,25536.5,-1912.31,2026/01/23 17:44:42
2218,241.47,25551.6,-1913.5,2026/01/23 17:44:42
2219,241.58,25564.1,-1913.6,2026/01/23 17:44:42
2220,241.69,25579.7,-1913.21,2026/01/23 17:44:42
2221,241.8,25590.3,-1915.59,2026/01/23 17:44:42
2222,241.91,25603.2,-1913.55,2026/01/23 17:44:42
2223,242.02,25617.7,-1918.25,2026/01/23 17:44:42
2224,242.13,25638.2,-1912.98,2026/01/23 17:44:42
2225,242.24,25633.3,-1916.46,2026/01/23 17:44:42
2226,242.34,25637.8,-1915.31,2026/01/23 17:44:43
2227,242.45,25630.9,-1913.68,2026/01/23 17:44:43
2228,242.56,25638.8,-1915.98,2026/01/23 17:44:43
2229,242.67,25625.4,-1913.44,2026/01/23 17:44:43
2230,242.78,25631.7,-1914.6,2026/01/23 17:44:43
2231,242.89,25616.7,-1913.94,2026/01/23 17:44:43
2232,243,25591.6,-1915.5,2026/01/23 17:44:43
2233,243.1,25578.1,-1910.39,2026/01/23 17:44:43
2234,243.21,25551.7,-1914.1,2026/01/23 17:44:43
2235,243.32,25557.2,-1911.83,2026/01/23 17:44:43
2236,243.43,25556.7,-1914.08,2026/01/23 17:44:44
2237,243.54,25568.9,-1912.07,2026/01/23 17:44:44
2238,243.65,25580.8,-1914.82,2026/01/23 17:44:44
2239,243.76,25593.1,-1915.64,2026/01/23 17:44:44
2240,243.87,25619.3,-1912.86,2026/01/23 17:44:44
2241,243.97,25637,-1919.64,2026/01/23 17:44:44
2242,244.08,25666.2,-1909.3,2026/01/23 17:44:44
2243,244.19,25652.8,-1918.48,2026/01/23 17:44:44
2244,244.3,25656.6,-1913.03,2026/01/23 17:44:44
2245,244.41,25656.1,-1917.17,2026/01/23 17:44:45
2246,244.52,25658.4,-1914.04,2026/01/23 17:44:45
2247,244.63,25663.3,-1914.27,2026/01/23 17:44:45
2248,244.74,25634.2,-1916.62,2026/01/23 17:44:45
2249,244.84,25652.1,-1910.05,2026/01/23 17:44:45
2250,244.95,25644.6,-1918.92,2026/01/23 17:44:45
2251,245.06,25624.6,-1909.49,2026/01/23 17:44:45
2252,245.17,25591.3,-1915.41,2026/01/23 17:44:45
2253,245.28,25567.2,-1911.39,2026/01/23 17:44:45
2254,245.39,25574.1,-1914.52,2026/01/23 17:44:46
2255,245.5,25578.2,-1914.76,2026/01/23 17:44:46
2256,245.6,25600.7,-1912.07,2026/01/23 17:44:46
2257,245.71,25614.8,-1918.34,2026/01/23 17:44:46
2258,245.82,25637.8,-1910.48,2026/01/23 17:44:46
2259,245.93,25662.2,-1921.64,2026/01/23 17:44:46
2260,246.04,25676.8,-1912.32,2026/01/23 17:44:46
2261,246.15,25671.9,-1918.29,2026/01/23 17:44:46
2262,246.26,25666.3,-1914.06,2026/01/23 17:44:46
2263,246.37,25673.8,-1915.59,2026/01/23 17:44:47
2264,246.48,25661.4,-1914.68,2026/01/23 17:44:47
2265,246.59,25648.1,-1913.36,2026/01/23 17:44:47
2266,246.69,25652.9,-1918.92,2026/01/23 17:44:47
2267,246.8,25649.3,-1907.93,2026/01/23 17:44:47
2268,246.91,25617.3,-1919.75,2026/01/23 17:44:47
2269,247.02,25593,-1908.41,2026/01/23 17:44:47
2270,247.13,25572.8,-1916.44,2026/01/23 17:44:47
2271,247.24,25577.7,-1910.91,2026/01/23 17:44:47
2272,247.35,25588.8,-1916.16,2026/01/23 17:44:48
2273,247.46,25603.9,-1913.03,2026/01/23 17:44:48
2274,247.57,25628.1,-1915.56,2026/01/23 17:44:48
2275,247.68,25644.1,-1917.18,2026/01/23 17:44:48
2276,247.79,25681.7,-1914.39,2026/01/23 17:44:48
2277,247.89,25676.6,-1920.79,2026/01/23 17:44:48
2278,248,25675.4,-1909.76,2026/01/23 17:44:48
2279,248.11,25669,-1919.21,2026/01/23 17:44:48
2280,248.22,25673.1,-1912.2,2026/01/23 17:44:48
2281,248.33,25692.5,-1917.07,2026/01/23 17:44:48
2282,248.44,25686.6,-1914.38,2026/01/23 17:44:49
2283,248.55,25673,-1911.02,2026/01/23 17:44:49
2284,248.65,25647.4,-1919.54,2026/01/23 17:44:49
2285,248.76,25665.8,-1911.76,2026/01/23 17:44:49
2286,248.87,25648.3,-1914.67,2026/01/23 17:44:49
2287,248.98,25625.4,-1910.66,2026/01/23 17:44:49
2288,249.09,25597.9,-1913.05,2026/01/23 17:44:49
2289,249.2,25586.4,-1912.68,2026/01/23 17:44:49
2290,249.31,25593.1,-1912.25,2026/01/23 17:44:49
2291,249.42,25591.1,-1917.04,2026/01/23 17:44:50
2292,249.52,25621,-1912.94,2026/01/23 17:44:50
2293,249.63,25630.7,-1915.44,2026/01/23 17:44:50
2294,249.74,25671.6,-1916.85,2026/01/23 17:44:50
2295,249.85,25691.3,-1915.55,2026/01/23 17:44:50
2296,249.96,25685.7,-1916.96,2026/01/23 17:44:50
2297,250.07,25683.6,-1915.26,2026/01/23 17:44:50
2298,250.18,25701.9,-1921.7,2026/01/23 17:44:50
2299,250.29,25727.8,-1915.96,2026/01/23 17:44:50
2300,250.39,25716.8,-1917.92,2026/01/23 17:44:51
2301,250.5,25687.7,-1916.69,2026/01/23 17:44:51
2302,250.61,25666.5,-1916.83,2026/01/23 17:44:51
2303,250.72,25674.8,-1917.83,2026/01/23 17:44:51
2304,250.83,25656.8,-1916.69,2026/01/23 17:44:51
2305,250.94,25626.5,-1914.07,2026/01/23 17:44:51
2306,251.05,25607.5,-1913.89,2026/01/23 17:44:51
2307,251.16,25596.8,-1915.15,2026/01/23 17:44:51
2308,251.27,25612.7,-1915.54,2026/01/23 17:44:51
2309,251.38,25622.3,-1915.91,2026/01/23 17:44:52
2310,251.48,25644.4,-1913.17,2026/01/23 17:44:52
2311,251.59,25654.3,-1920.21,2026/01/23 17:44:52
2312,251.7,25683,-1911.41,2026/01/23 17:44:52
2313,251.81,25697.2,-1917.28,2026/01/23 17:44:52
2314,251.92,25698.5,-1915.7,2026/01/23 17:44:52
2315,252.03,25690.9,-1916.48,2026/01/23 17:44:52
2316,252.14,25691.4,-1917.44,2026/01/23 17:44:52
2317,252.24,25709.4,-1913.8,2026/01/23 17:44:52
2318,252.35,25716.2,-1916.25,2026/01/23 17:44:53
2319,252.46,25697.7,-1915.9,2026/01/23 17:44:53
2320,252.57,25672.2,-1916.37,2026/01/23 17:44:53
2321,252.68,25687.8,-1916.91,2026/01/23 17:44:53
2322,252.79,25677.2,-1915.43,2026/01/23 17:44:53
2323,252.9,25654.4,-1913.28,2026/01/23 17:44:53
2324,253.01,25635.3,-1914.1,2026/01/23 17:44:53
2325,253.12,25618.4,-1914.67,2026/01/23 17:44:53
2326,253.23,25638.3,-1915.74,2026/01/23 17:44:53
2327,253.33,25646.4,-1917.28,2026/01/23 17:44:53
2328,253.44,25669.6,-1911.47,2026/01/23 17:44:54
2329,253.55,25672.2,-1919.97,2026/01/23 17:44:54
2330,253.66,25714.4,-1915.78,2026/01/23 17:44:54
2331,253.77,25715.1,-1915.8,2026/01/23 17:44:54
2332,253.88,25720.6,-1917.93,2026/01/23 17:44:54
2333,253.99,25715.5,-1915.17,2026/01/23 17:44:54
2334,254.09,25712.3,-1922.15,2026/01/23 17:44:54
2335,254.2,25725.7,-1914.11,2026/01/23 17:44:54
2336,254.31,25737.2,-1918.53,2026/01/23 17:44:54
2337,254.42,25740.2,-1916.36,2026/01/23 17:44:55
2338,254.53,25717.8,-1920.13,2026/01/23 17:44:55
2339,254.64,25697.8,-1911.86,2026/01/23 17:44:55
2340,254.75,25705,-1919.92,2026/01/23 17:44:55
2341,254.86,25685.7,-1914.32,2026/01/23 17:44:55
2342,254.97,25654.2,-1915.94,2026/01/23 17:44:55
2343,255.08,25643.7,-1914.42,2026/01/23 17:44:55
2344,255.18,25637,-1914.32,2026/01/23 17:44:55
2345,255.29,25649,-1918.55,2026/01/23 17:44:55
2346,255.4,25670.1,-1913.77,2026/01/23 17:44:56
2347,255.51,25681.1,-1917.17,2026/01/23 17:44:56
2348,255.62,25706,-1918.15,2026/01/23 17:44:56
2349,255.73,25732.6,-1919.77,2026/01/23 17:44:56
2350,255.84,25729.6,-1910.06,2026/01/23 17:44:56
2351,255.95,25724.5,-1922.24,2026/01/23 17:44:56
2352,256.06,25747.5,-1915.03,2026/01/23 17:44:56
2353,256.17,25745.8,-1919.06,2026/01/23 17:44:56
2354,256.27,25757.5,-1918.06,2026/01/23 17:44:56
2355,256.38,25765.4,-1915.54,2026/01/23 17:44:57
2356,256.49,25720,-1922.83,2026/01/23 17:44:57
2357,256.6,25714.7,-1916.57,2026/01/23 17:44:57
2358,256.71,25715.3,-1921.08,2026/01/23 17:44:57
2359,256.82,25694.6,-1916.51,2026/01/23 17:44:57
2360,256.93,25663,-1918.63,2026/01/23 17:44:57
2361,257.04,25646.4,-1910.03,2026/01/23 17:44:57
2362,257.15,25646.9,-1920.12,2026/01/23 17:44:57
2363,257.26,25663.2,-1912.71,2026/01/23 17:44:57
2364,257.36,25675.3,-1918.31,2026/01/23 17:44:58
2365,257.47,25693.5,-1916.5,2026/01/23 17:44:58
2366,257.58,25716.3,-1917.66,2026/01/23 17:44:58
2367,257.69,25741.7,-1920.73,2026/01/23 17:44:58
2368,257.8,25740.2,-1913.73,2026/01/23 17:44:58
2369,257.91,25740.3,-1916.37,2026/01/23 17:44:58
2370,258.02,25766.7,-1918.23,2026/01/23 17:44:58
2371,258.13,25801.7,-1923.46,2026/01/23 17:44:58
2372,258.24,25846.8,-1919.3,2026/01/23 17:44:58
2373,258.35,25854.9,-1925.36,2026/01/23 17:44:59
2374,258.45,25815.9,-1920,2026/01/23 17:44:59
2375,258.56,25800,-1925.69,2026/01/23 17:44:59
2376,258.67,25784.4,-1921.29,2026/01/23 17:44:59
2377,258.78,25765.7,-1920.66,2026/01/23 17:44:59
2378,258.89,25735.1,-1918.5,2026/01/23 17:44:59
2379,259,25717,-1914.84,2026/01/23 17:44:59
2380,259.11,25676.5,-1918.2,2026/01/23 17:44:59
2381,259.22,25663.3,-1917.38,2026/01/23 17:44:59
2382,259.33,25662.9,-1917.16,2026/01/23 17:44:59
2383,259.44,25683.2,-1914.6,2026/01/23 17:45:00
2384,259.54,25698.3,-1921.02,2026/01/23 17:45:00
2385,259.65,25715.4,-1915.43,2026/01/23 17:45:00
2386,259.76,25745.7,-1921.72,2026/01/23 17:45:00
2387,259.87,25744,-1915.81,2026/01/23 17:45:00
2388,259.98,25746.6,-1916.18,2026/01/23 17:45:00
2389,260.09,25750.7,-1920.39,2026/01/23 17:45:00
2390,260.2,25783.6,-1916.98,2026/01/23 17:45:00
2391,260.31,25808.3,-1923.38,2026/01/23 17:45:00
2392,260.42,25864.4,-1927.85,2026/01/23 17:45:01
2393,260.52,25870.5,-1924.01,2026/01/23 17:45:01
2394,260.63,25867.5,-1926.75,2026/01/23 17:45:01
2395,260.74,25821.6,-1922.47,2026/01/23 17:45:01
2396,260.85,25780.2,-1924.59,2026/01/23 17:45:01
2397,260.96,25772.7,-1922.41,2026/01/23 17:45:01
2398,261.07,25740.6,-1921.93,2026/01/23 17:45:01
2399,261.18,25737.2,-1916.44,2026/01/23 17:45:01
2400,261.29,25702.3,-1923.53,2026/01/23 17:45:01
2401,261.39,25684.3,-1910.87,2026/01/23 17:45:02
2402,261.5,25660.3,-1916.25,2026/01/23 17:45:02
2403,261.61,25678.7,-1917.29,2026/01/23 17:45:02
2404,261.72,25691.8,-1915.64,2026/01/23 17:45:02
2405,261.83,25718.3,-1918.86,2026/01/23 17:45:02
2406,261.94,25745.7,-1919.67,2026/01/23 17:45:02
2407,262.05,25757.2,-1918.09,2026/01/23 17:45:02
2408,262.16,25760.6,-1916.5,2026/01/23 17:45:02
2409,262.27,25781.6,-1923.37,2026/01/23 17:45:02
2410,262.38,25828.5,-1923.3,2026/01/23 17:45:03
2411,262.49,25855.9,-1927.58,2026/01/23 17:45:03
2412,262.6,25906.7,-1928.84,2026/01/23 17:45:03
2413,262.71,25936,-1951.21,2026/01/23 17:45:03
2414,262.81,25992.5,-1969.49,2026/01/23 17:45:03
2415,262.92,25901.1,-1977.48,2026/01/23 17:45:03
2416,263.03,25842.6,-1944.26,2026/01/23 17:45:03
2417,263.14,25800.4,-1933.92,2026/01/23 17:45:03
2418,263.25,25759.6,-1930.03,2026/01/23 17:45:03
2419,263.36,25730.5,-1923.16,2026/01/23 17:45:04
2420,263.47,25683,-1922.32,2026/01/23 17:45:04
2421,263.58,25670.6,-1919.27,2026/01/23 17:45:04
2422,263.68,25670.3,-1921.25,2026/01/23 17:45:04
2423,263.79,25688.8,-1917.87,2026/01/23 17:45:04
2424,263.9,25704.7,-1925.85,2026/01/23 17:45:04
2425,264.01,25728.7,-1915.28,2026/01/23 17:45:04
2426,264.12,25759.6,-1926.33,2026/01/23 17:45:04
2427,264.23,25760.1,-1916.72,2026/01/23 17:45:04
2428,264.34,25769.6,-1923.69,2026/01/23 17:45:04
2429,264.45,25817.6,-1924.37,2026/01/23 17:45:05
2430,264.56,25876,-1930.08,2026/01/23 17:45:05
2431,264.67,25978.7,-1984.49,2026/01/23 17:45:05
2432,264.78,26123.7,-2060.59,2026/01/23 17:45:05
2433,264.88,26191.7,-2092.58,2026/01/23 17:45:05
2434,264.99,26215,-2108.12,2026/01/23 17:45:05
2435,265.1,26163.4,-2124.75,2026/01/23 17:45:05
2436,265.21,26086.8,-2120.25,2026/01/23 17:45:05
2437,265.32,25942.4,-2053.97,2026/01/23 17:45:05
2438,265.43,25849.6,-1998.84,2026/01/23 17:45:06
2439,265.54,25804.8,-1977.39,2026/01/23 17:45:06
2440,265.65,25762.2,-1961.76,2026/01/23 17:45:06
2441,265.76,25729.9,-1961.94,2026/01/23 17:45:06
2442,265.87,25700.1,-1953.75,2026/01/23 17:45:06
2443,265.98,25668.1,-1944.87,2026/01/23 17:45:06
2444,266.09,25648.3,-1944.95,2026/01/23 17:45:06
2445,266.19,25647.6,-1940.91,2026/01/23 17:45:06
2446,266.3,25640,-1943.94,2026/01/23 17:45:06
2447,266.41,25649,-1941.38,2026/01/23 17:45:07
2448,266.52,25648.6,-1940.09,2026/01/23 17:45:07
2449,266.63,25648.7,-1938.79,2026/01/23 17:45:07
2450,266.74,25649.1,-1941.87,2026/01/23 17:45:07
2451,266.85,25646.6,-1937.07,2026/01/23 17:45:07
2452,266.96,25649.7,-1940.44,2026/01/23 17:45:07
2453,267.07,25645.6,-1937.52,2026/01/23 17:45:07
2454,267.17,25651.4,-1938.75,2026/01/23 17:45:07
2455,267.28,25642.7,-1939.9,2026/01/23 17:45:07
2456,267.39,25653.6,-1934.82,2026/01/23 17:45:08
2457,267.5,25640.3,-1938.51,2026/01/23 17:45:08
2458,267.61,25650.1,-1940.14,2026/01/23 17:45:08
2459,267.72,25644.7,-1937.16,2026/01/23 17:45:08
2460,267.83,25647.4,-1939.05,2026/01/23 17:45:08
2461,267.94,25647.6,-1935.62,2026/01/23 17:45:08
2462,268.04,25642.2,-1939.28,2026/01/23 17:45:08
2463,268.15,25648,-1934.78,2026/01/23 17:45:08
2464,268.26,25643.2,-1939.44,2026/01/23 17:45:08
2465,268.37,25647,-1931.83,2026/01/23 17:45:09
2466,268.48,25641.2,-1942.99,2026/01/23 17:45:09
2467,268.59,25648.6,-1932.76,2026/01/23 17:45:09
2468,268.7,25640.7,-1936.79,2026/01/23 17:45:09
2469,268.81,25644.7,-1934.74,2026/01/23 17:45:09
2470,268.92,25640.3,-1935.23,2026/01/23 17:45:09
2471,269.02,25642.6,-1936.93,2026/01/23 17:45:09
2472,269.13,25643.9,-1933.05,2026/01/23 17:45:09
2473,269.24,25637.1,-1937.65,2026/01/23 17:45:09
2474,269.35,25643,-1937.27,2026/01/23 17:45:10
2475,269.46,25641.3,-1935.43,2026/01/23 17:45:10
2476,269.57,25640.7,-1933.08,2026/01/23 17:45:10
2477,269.68,25642,-1936.14,2026/01/23 17:45:10
2478,269.78,25636.4,-1934.85,2026/01/23 17:45:10
2479,269.89,25642.6,-1936.81,2026/01/23 17:45:10
2480,270,25633.4,-1933.69,2026/01/23 17:45:10
2481,270.11,25643.6,-1931.9,2026/01/23 17:45:10
2482,270.22,25631,-1939.16,2026/01/23 17:45:10
2483,270.33,25642.9,-1931.8,2026/01/23 17:45:10
2484,270.44,25630.8,-1934.7,2026/01/23 17:45:11
2485,270.55,25637.7,-1935.74,2026/01/23 17:45:11
2486,270.65,25634.1,-1932.58,2026/01/23 17:45:11
2487,270.76,25635.2,-1935.91,2026/01/23 17:45:11
2488,270.87,25638.9,-1931.45,2026/01/23 17:45:11
2489,270.98,25632.7,-1935.58,2026/01/23 17:45:11
2490,271.09,25636.2,-1934.57,2026/01/23 17:45:11
2491,271.2,25636,-1937.21,2026/01/23 17:45:11
2492,271.31,25636.9,-1928.61,2026/01/23 17:45:11
2493,271.42,25633.6,-1937.93,2026/01/23 17:45:12
2494,271.53,25636.9,-1930.97,2026/01/23 17:45:12
2495,271.63,25638.4,-1935.22,2026/01/23 17:45:12
2496,271.74,25636.4,-1933.99,2026/01/23 17:45:12
2497,271.85,25641.6,-1930.67,2026/01/23 17:45:12
2498,271.96,25634.2,-1936.55,2026/01/23 17:45:12
2499,272.07,25645.5,-1932.71,2026/01/23 17:45:12
2500,272.18,25634.9,-1932.69,2026/01/23 17:45:12
2501,272.29,25642,-1933.76,2026/01/23 17:45:12
2502,272.39,25638.8,-1932.46,2026/01/23 17:45:13
2503,272.5,25638.1,-1932.68,2026/01/23 17:45:13
2504,272.61,25641.5,-1931.67,2026/01/23 17:45:13
2505,272.72,25634.2,-1934.8,2026/01/23 17:45:13
2506,272.83,25641.1,-1933.46,2026/01/23 17:45:13
2507,272.94,25633,-1934.85,2026/01/23 17:45:13
2508,273.05,25641.2,-1928.6,2026/01/23 17:45:13
2509,273.16,25629.9,-1938.27,2026/01/23 17:45:13
2510,273.27,25642.4,-1927.71,2026/01/23 17:45:13
2511,273.38,25629.9,-1934.63,2026/01/23 17:45:14
2512,273.49,25639.9,-1931.41,2026/01/23 17:45:14
2513,273.59,25630.2,-1931.8,2026/01/23 17:45:14
2514,273.7,25636.8,-1932.75,2026/01/23 17:45:14
2515,273.81,25632.4,-1931.26,2026/01/23 17:45:14
2516,273.92,25633.4,-1932.87,2026/01/23 17:45:14
2517,274.03,25638.1,-1928.17,2026/01/23 17:45:14
2518,274.14,25632.7,-1934.9,2026/01/23 17:45:14
2519,274.25,25637,-1930.88,2026/01/23 17:45:14
2520,274.36,25635.3,-1933.12,2026/01/23 17:45:15
2521,274.47,25636.4,-1928.15,2026/01/23 17:45:15
2522,274.58,25635.2,-1938.67,2026/01/23 17:45:15
2523,274.68,25639.1,-1926.74,2026/01/23 17:45:15
2524,274.79,25635.6,-1934.09,2026/01/23 17:45:15
2525,274.9,25638.7,-1930.77,2026/01/23 17:45:15
2526,275.01,25637.7,-1932.48,2026/01/23 17:45:15
2527,275.12,25636.4,-1930.35,2026/01/23 17:45:15
2528,275.23,25639.3,-1929.81,2026/01/23 17:45:15
2529,275.34,25634.6,-1934.52,2026/01/23 17:45:15
2530,275.45,25644.3,-1930.37,2026/01/23 17:45:16
2531,275.56,25633.5,-1931.57,2026/01/23 17:45:16
2532,275.67,25644.5,-1934.28,2026/01/23 17:45:16
2533,275.77,25638.2,-1931.93,2026/01/23 17:45:16
2534,275.88,25639.5,-1932.52,2026/01/23 17:45:16
2535,275.99,25643.3,-1931.92,2026/01/23 17:45:16
2536,276.1,25637.5,-1934.9,2026/01/23 17:45:16
2537,276.21,25643.7,-1931.11,2026/01/23 17:45:16
2538,276.32,25640.8,-1931.22,2026/01/23 17:45:16
2539,276.43,25642.7,-1927.67,2026/01/23 17:45:17
2540,276.53,25641.9,-1935.53,2026/01/23 17:45:17
2541,276.64,25647.7,-1925.57,2026/01/23 17:45:17
2542,276.75,25642.8,-1934.57,2026/01/23 17:45:17
2543,276.86,25644.6,-1930.01,2026/01/23 17:45:17
2544,276.97,25645.5,-1933.35,2026/01/23 17:45:17
2545,277.08,25642.3,-1931.92,2026/01/23 17:45:17
2546,277.19,25650.6,-1928.62,2026/01/23 17:45:17
2547,277.3,25638.9,-1933.41,2026/01/23 17:45:17
2548,277.41,25653.6,-1927.88,2026/01/23 17:45:18
2549,277.51,25641.6,-1930.12,2026/01/23 17:45:18
2550,277.62,25651.8,-1930.93,2026/01/23 17:45:18
2551,277.73,25645.3,-1928.43,2026/01/23 17:45:18
2552,277.84,25648.8,-1931.45,2026/01/23 17:45:18
2553,277.95,25650.8,-1930.78,2026/01/23 17:45:18
2554,278.06,25647,-1932.44,2026/01/23 17:45:18
2555,278.17,25653.5,-1926.59,2026/01/23 17:45:18
2556,278.28,25648.7,-1931.49,2026/01/23 17:45:18
2557,278.39,25653.5,-1930.21,2026/01/23 17:45:19
2558,278.49,25657.5,-1934.51,2026/01/23 17:45:19
2559,278.6,25669.3,-1928.66,2026/01/23 17:45:19
2560,278.71,25679.8,-1934.9,2026/01/23 17:45:19
2561,278.82,25693.7,-1928.45,2026/01/23 17:45:19
2562,278.93,25706.1,-1931.23,2026/01/23 17:45:19
2563,279.04,25711.4,-1929.75,2026/01/23 17:45:19
2564,279.15,25714.8,-1932.03,2026/01/23 17:45:19
2565,279.26,25694.1,-1930.87,2026/01/23 17:45:19
2566,279.37,25682,-1924.58,2026/01/23 17:45:20
2567,279.48,25657.2,-1931.85,2026/01/23 17:45:20
2568,279.58,25661.3,-1924.12,2026/01/23 17:45:20
2569,279.69,25646.9,-1932.03,2026/01/23 17:45:20
2570,279.8,25664.2,-1929.81,2026/01/23 17:45:20
2571,279.91,25663.1,-1929.77,2026/01/23 17:45:20
2572,280.02,25679.6,-1930.79,2026/01/23 17:45:20
2573,280.13,25691.2,-1929.01,2026/01/23 17:45:20
2574,280.24,25701.6,-1933.23,2026/01/23 17:45:20
2575,280.35,25717.5,-1928.83,2026/01/23 17:45:21
2576,280.46,25723.9,-1932.41,2026/01/23 17:45:21
2577,280.56,25727.4,-1930.56,2026/01/23 17:45:21
2578,280.67,25720.4,-1929.05,2026/01/23 17:45:21
2579,280.78,25717.3,-1928.97,2026/01/23 17:45:21
2580,280.89,25703.9,-1930.27,2026/01/23 17:45:21
2581,281,25679.6,-1929.46,2026/01/23 17:45:21
2582,281.11,25676.5,-1926.34,2026/01/23 17:45:21
2583,281.22,25665,-1928.54,2026/01/23 17:45:21
2584,281.33,25667.9,-1926.42,2026/01/23 17:45:21
2585,281.43,25666.2,-1930.18,2026/01/23 17:45:22
2586,281.54,25674.2,-1924.34,2026/01/23 17:45:22
2587,281.65,25682.5,-1933.86,2026/01/23 17:45:22
2588,281.76,25696.9,-1926.94,2026/01/23 17:45:22
2589,281.87,25708.5,-1933.24,2026/01/23 17:45:22
2590,281.98,25717.6,-1928.25,2026/01/23 17:45:22
2591,282.09,25731.8,-1929.26,2026/01/23 17:45:22
2592,282.2,25734.4,-1932.73,2026/01/23 17:45:22
2593,282.3,25754.2,-1924.14,2026/01/23 17:45:22
2594,282.41,25732.2,-1934.44,2026/01/23 17:45:23
2595,282.52,25736,-1926.7,2026/01/23 17:45:23
2596,282.63,25709.6,-1930.05,2026/01/23 17:45:23
2597,282.74,25691.1,-1926.52,2026/01/23 17:45:23
2598,282.85,25675.4,-1927.55,2026/01/23 17:45:23
2599,282.96,25674.4,-1928.71,2026/01/23 17:45:23
2600,283.07,25681.1,-1926.19,2026/01/23 17:45:23
2601,283.18,25685.9,-1931.89,2026/01/23 17:45:23
2602,283.28,25706,-1927.83,2026/01/23 17:45:23
2603,283.39,25704.5,-1931.13,2026/01/23 17:45:24
2604,283.5,25723.1,-1930.77,2026/01/23 17:45:24
2605,283.61,25724.8,-1927.74,2026/01/23 17:45:24
2606,283.72,25744.6,-1932.03,2026/01/23 17:45:24
2607,283.83,25760.7,-1931.35,2026/01/23 17:45:24
2608,283.94,25776,-1931.09,2026/01/23 17:45:24
2609,284.05,25766.8,-1927.16,2026/01/23 17:45:24
2610,284.16,25750.9,-1932.31,2026/01/23 17:45:24
2611,284.26,25737,-1927.82,2026/01/23 17:45:24
2612,284.37,25713.1,-1927.86,2026/01/23 17:45:25
2613,284.48,25693.2,-1927.21,2026/01/23 17:45:25
2614,284.59,25682.1,-1928.64,2026/01/23 17:45:25
2615,284.7,25677.9,-1927.23,2026/01/23 17:45:25
2616,284.81,25683.4,-1928.46,2026/01/23 17:45:25
2617,284.92,25682,-1930.04,2026/01/23 17:45:25
2618,285.03,25703.2,-1927.72,2026/01/23 17:45:25
2619,285.14,25707.2,-1930.57,2026/01/23 17:45:25
2620,285.24,25726.1,-1926.63,2026/01/23 17:45:25
2621,285.35,25733.3,-1931.86,2026/01/23 17:45:26
2622,285.46,25749.3,-1926.68,2026/01/23 17:45:26
2623,285.57,25772.6,-1934.99,2026/01/23 17:45:26
2624,285.68,25778.2,-1928.71,2026/01/23 17:45:26
2625,285.79,25777.1,-1932.85,2026/01/23 17:45:26
2626,285.9,25765.8,-1930.53,2026/01/23 17:45:26
2627,286.01,25749.8,-1930.83,2026/01/23 17:45:26
2628,286.12,25715.9,-1927.51,2026/01/23 17:45:26
2629,286.22,25696.9,-1927.1,2026/01/23 17:45:26
2630,286.33,25679.9,-1932.98,2026/01/23 17:45:26
2631,286.44,25686,-1923.58,2026/01/23 17:45:27
2632,286.55,25676.8,-1934.7,2026/01/23 17:45:27
2633,286.66,25689,-1925.34,2026/01/23 17:45:27
2634,286.77,25689.7,-1931.98,2026/01/23 17:45:27
2635,286.88,25710,-1927.48,2026/01/23 17:45:27
2636,286.99,25724.7,-1931.66,2026/01/23 17:45:27
2637,287.1,25733.6,-1930.89,2026/01/23 17:45:27
2638,287.2,25763.4,-1929.45,2026/01/23 17:45:27
2639,287.31,25772.3,-1933.04,2026/01/23 17:45:27
2640,287.42,25777.1,-1925,2026/01/23 17:45:28
2641,287.53,25764.9,-1932.85,2026/01/23 17:45:28
2642,287.64,25763.8,-1928.76,2026/01/23 17:45:28
2643,287.75,25760.8,-1929.43,2026/01/23 17:45:28
2644,287.86,25743.6,-1930.86,2026/01/23 17:45:28
2645,287.96,25723.7,-1926.64,2026/01/23 17:45:28
2646,288.07,25689.1,-1931.78,2026/01/23 17:45:28
2647,288.18,25692.6,-1925.29,2026/01/23 17:45:28
2648,288.29,25673.1,-1929.96,2026/01/23 17:45:28
2649,288.4,25686.3,-1929.54,2026/01/23 17:45:29
2650,288.51,25684.9,-1930.13,2026/01/23 17:45:29
2651,288.62,25708,-1931.09,2026/01/23 17:45:29
2652,288.73,25721.9,-1929.71,2026/01/23 17:45:29
2653,288.84,25739.1,-1931.08,2026/01/23 17:45:29
2654,288.94,25765.4,-1927.69,2026/01/23 17:45:29
2655,289.05,25778.7,-1932.29,2026/01/23 17:45:29
2656,289.16,25783.1,-1928.46,2026/01/23 17:45:29
2657,289.27,25764.6,-1931.66,2026/01/23 17:45:29
2658,289.38,25775.7,-1931.58,2026/01/23 17:45:30
2659,289.49,25755.6,-1930.1,2026/01/23 17:45:30
2660,289.6,25762.1,-1929.82,2026/01/23 17:45:30
2661,289.71,25740,-1929.54,2026/01/23 17:45:30
2662,289.82,25710,-1931.37,2026/01/23 17:45:30
2663,289.92,25695.2,-1926.79,2026/01/23 17:45:30
2664,290.03,25674.5,-1929.89,2026/01/23 17:45:30
2665,290.14,25690.6,-1930.47,2026/01/23 17:45:30
2666,290.25,25691.3,-1929.21,2026/01/23 17:45:30
2667,290.36,25713.6,-1930.67,2026/01/23 17:45:31
2668,290.47,25723.1,-1929.94,2026/01/23 17:45:31
2669,290.58,25738,-1931.99,2026/01/23 17:45:31
2670,290.69,25754.7,-1929.44,2026/01/23 17:45:31
2671,290.8,25768.6,-1934.84,2026/01/23 17:45:31
2672,290.9,25768.7,-1927.48,2026/01/23 17:45:31
2673,291.01,25756,-1931.98,2026/01/23 17:45:31
2674,291.12,25766.4,-1931.01,2026/01/23 17:45:31
2675,291.23,25751.2,-1927.65,2026/01/23 17:45:31
2676,291.34,25755.7,-1932.9,2026/01/23 17:45:31
2677,291.45,25737.8,-1927.83,2026/01/23 17:45:32
2678,291.56,25715.5,-1929.14,2026/01/23 17:45:32
2679,291.67,25687.4,-1928.15,2026/01/23 17:45:32
2680,291.78,25674.1,-1932.05,2026/01/23 17:45:32
2681,291.88,25671.1,-1925.87,2026/01/23 17:45:32
2682,291.99,25671.9,-1929.83,2026/01/23 17:45:32
2683,292.1,25698,-1931.12,2026/01/23 17:45:32
2684,292.21,25710.9,-1927.84,2026/01/23 17:45:32
2685,292.32,25738,-1930.29,2026/01/23 17:45:32
2686,292.43,25769.6,-1930.15,2026/01/23 17:45:33
2687,292.54,25762.7,-1930.67,2026/01/23 17:45:33
2688,292.65,25759.7,-1928.3,2026/01/23 17:45:33
2689,292.76,25769.2,-1935,2026/01/23 17:45:33
2690,292.86,25797.5,-1928.26,2026/01/23 17:45:33
2691,292.97,25791.4,-1929.29,2026/01/23 17:45:33
2692,293.08,25754,-1932,2026/01/23 17:45:33
2693,293.19,25738.4,-1929.87,2026/01/23 17:45:33
2694,293.3,25743.8,-1933.16,2026/01/23 17:45:33
2695,293.41,25723,-1927.93,2026/01/23 17:45:34
2696,293.52,25696.9,-1929.89,2026/01/23 17:45:34
2697,293.63,25680.9,-1924.78,2026/01/23 17:45:34
2698,293.74,25666.9,-1932.11,2026/01/23 17:45:34
2699,293.85,25679.4,-1927.34,2026/01/23 17:45:34
2700,293.95,25690.5,-1929.95,2026/01/23 17:45:34
2701,294.06,25708.1,-1929.54,2026/01/23 17:45:34
2702,294.17,25716.2,-1927.88,2026/01/23 17:45:34
2703,294.28,25731.9,-1931.23,2026/01/23 17:45:34
2704,294.39,25753.9,-1930,2026/01/23 17:45:35
2705,294.5,25761.5,-1929.95,2026/01/23 17:45:35
2706,294.61,25752.6,-1928.97,2026/01/23 17:45:35
2707,294.72,25749.8,-1931.22,2026/01/23 17:45:35
2708,294.83,25756.5,-1926.3,2026/01/23 17:45:35
2709,294.93,25766.7,-1932.12,2026/01/23 17:45:35
2710,295.04,25734.5,-1927.93,2026/01/23 17:45:35
2711,295.15,25717.6,-1930.79,2026/01/23 17:45:35
2712,295.26,25736.3,-1931.3,2026/01/23 17:45:35
2713,295.37,25713.4,-1929.41,2026/01/23 17:45:36
2714,295.48,25687,-1927.66,2026/01/23 17:45:36
2715,295.59,25667.1,-1927.82,2026/01/23 17:45:36
2716,295.7,25667.5,-1931.06,2026/01/23 17:45:36
2717,295.81,25690.2,-1924.52,2026/01/23 17:45:36
2718,295.91,25701.1,-1932.94,2026/01/23 17:45:36
2719,296.02,25719.5,-1927.19,2026/01/23 17:45:36
2720,296.13,25736.7,-1931.01,2026/01/23 17:45:36
2721,296.24,25755.5,-1928.46,2026/01/23 17:45:36
2722,296.35,25743.7,-1930.14,2026/01/23 17:45:37
2723,296.46,25744.3,-1930.48,2026/01/23 17:45:37
2724,296.57,25750.4,-1928.98,2026/01/23 17:45:37
2725,296.68,25750.2,-1931.21,2026/01/23 17:45:37
2726,296.79,25723.8,-1927.5,2026/01/23 17:45:37
2727,296.9,25727,-1931.32,2026/01/23 17:45:37
2728,297,25720,-1927.02,2026/01/23 17:45:37
2729,297.11,25690.1,-1927.1,2026/01/23 17:45:37
2730,297.22,25666.7,-1926.91,2026/01/23 17:45:37
2731,297.33,25656.9,-1927.33,2026/01/23 17:45:37
2732,297.44,25663.6,-1925.76,2026/01/23 17:45:38
2733,297.55,25679.7,-1929.9,2026/01/23 17:45:38
2734,297.66,25697.5,-1929.18,2026/01/23 17:45:38
2735,297.77,25721.6,-1927.03,2026/01/23 17:45:38
2736,297.87,25744.9,-1930.97,2026/01/23 17:45:38
2737,297.98,25757,-1927.05,2026/01/23 17:45:38
2738,298.09,25748.3,-1929.99,2026/01/23 17:45:38
2739,298.2,25751.1,-1928.57,2026/01/23 17:45:38
2740,298.31,25779.3,-1934.54,2026/01/23 17:45:38
2741,298.42,25771.2,-1926.57,2026/01/23 17:45:39
2742,298.53,25734.4,-1931.47,2026/01/23 17:45:39
2743,298.64,25727,-1930.53,2026/01/23 17:45:39
2744,298.75,25727.2,-1929.24,2026/01/23 17:45:39
2745,298.85,25720.8,-1931.44,2026/01/23 17:45:39
2746,298.97,25703.5,-1927.75,2026/01/23 17:45:39
2747,299.07,25668.9,-1930.6,2026/01/23 17:45:39
2748,299.18,25664,-1926.97,2026/01/23 17:45:39
2749,299.29,25676.9,-1930.96,2026/01/23 17:45:39
2750,299.4,25694.5,-1925.79,2026/01/23 17:45:40
2751,299.51,25711.5,-1932.91,2026/01/23 17:45:40
2752,299.62,25736.3,-1930.29,2026/01/23 17:45:40
2753,299.73,25753.3,-1928.55,2026/01/23 17:45:40
2754,299.84,25742.4,-1930.96,2026/01/23 17:45:40
2755,299.94,25756.9,-1928.41,2026/01/23 17:45:40
2756,300.05,25777.1,-1932.6,2026/01/23 17:45:40
2757,300.16,25791,-1926.06,2026/01/23 17:45:40
2758,300.27,25751.3,-1932.86,2026/01/23 17:45:40
2759,300.38,25732.4,-1927.1,2026/01/23 17:45:41
2760,300.49,25723.7,-1933.54,2026/01/23 17:45:41
2761,300.6,25722.8,-1926.59,2026/01/23 17:45:41
2762,300.71,25698.8,-1927.47,2026/01/23 17:45:41
2763,300.82,25668.3,-1926.8,2026/01/23 17:45:41
2764,300.92,25669.5,-1929.22,2026/01/23 17:45:41
2765,301.03,25677.7,-1929.98,2026/01/23 17:45:41
2766,301.14,25697.6,-1925.81,2026/01/23 17:45:41
2767,301.25,25708.4,-1933.31,2026/01/23 17:45:41
2768,301.36,25730.1,-1924.53,2026/01/23 17:45:42
2769,301.47,25757.7,-1933.16,2026/01/23 17:45:42
2770,301.58,25753,-1926.92,2026/01/23 17:45:42
2771,301.69,25752.7,-1928.9,2026/01/23 17:45:42
2772,301.79,25765.1,-1929.96,2026/01/23 17:45:42
2773,301.9,25810,-1932.89,2026/01/23 17:45:42
2774,302.01,25843.4,-1936.96,2026/01/23 17:45:42
2775,302.12,25851.3,-1928.5,2026/01/23 17:45:42
2776,302.23,25783.2,-1938.13,2026/01/23 17:45:42
2777,302.34,25779.8,-1928.25,2026/01/23 17:45:42
2778,302.45,25767.4,-1938.34,2026/01/23 17:45:43
2779,302.56,25752,-1929,2026/01/23 17:45:43
2780,302.67,25726.8,-1931.55,2026/01/23 17:45:43
2781,302.78,25695.6,-1928.25,2026/01/23 17:45:43
2782,302.88,25678,-1928.48,2026/01/23 17:45:43
2783,302.99,25682.1,-1932.15,2026/01/23 17:45:43
2784,303.1,25717.1,-1926.08,2026/01/23 17:45:43
2785,303.21,25724.5,-1934.53,2026/01/23 17:45:43
2786,303.32,25774.1,-1926.41,2026/01/23 17:45:43
2787,303.43,25762.2,-1933.12,2026/01/23 17:45:44
2788,303.54,25778.1,-1929.5,2026/01/23 17:45:44
2789,303.65,25816.1,-1934.98,2026/01/23 17:45:44
2790,303.76,25862.5,-1934.83,2026/01/23 17:45:44
2791,303.87,25898.9,-1942.29,2026/01/23 17:45:44
2792,303.97,25931.7,-1947,2026/01/23 17:45:44
2793,304.08,25856.9,-1944.19,2026/01/23 17:45:44
2794,304.19,25813.5,-1947.74,2026/01/23 17:45:44
2795,304.3,25807,-1933.29,2026/01/23 17:45:44
2796,304.41,25760.4,-1936.59,2026/01/23 17:45:45
2797,304.52,25747.1,-1929.6,2026/01/23 17:45:45
2798,304.63,25701.2,-1931.16,2026/01/23 17:45:45
2799,304.74,25694.4,-1928.51,2026/01/23 17:45:45
2800,304.84,25721.5,-1932.14,2026/01/23 17:45:45
2801,304.95,25739.3,-1931.63,2026/01/23 17:45:45
2802,305.06,25784.5,-1926.84,2026/01/23 17:45:45
2803,305.17,25767.6,-1934.22,2026/01/23 17:45:45
2804,305.28,25795,-1927.87,2026/01/23 17:45:45
2805,305.39,25817.8,-1934.62,2026/01/23 17:45:46
2806,305.5,25894,-1939.65,2026/01/23 17:45:46
2807,305.61,26013,-2017.37,2026/01/23 17:45:46
2808,305.72,25970.3,-2029.09,2026/01/23 17:45:46
2809,305.83,25913.9,-2018.45,2026/01/23 17:45:46
2810,305.94,25853.5,-1971.57,2026/01/23 17:45:46
2811,306.04,25821,-1952.61,2026/01/23 17:45:46
2812,306.15,25782.2,-1950.73,2026/01/23 17:45:46
2813,306.26,25767.8,-1943.05,2026/01/23 17:45:46
2814,306.37,25716.8,-1937.61,2026/01/23 17:45:47
2815,306.48,25704.8,-1935.9,2026/01/23 17:45:47
2816,306.59,25704.5,-1937.1,2026/01/23 17:45:47
2817,306.7,25734.6,-1934.7,2026/01/23 17:45:47
2818,306.8,25753.6,-1935.95,2026/01/23 17:45:47
2819,306.91,25787.7,-1938.87,2026/01/23 17:45:47
2820,307.02,25787.9,-1934.4,2026/01/23 17:45:47
2821,307.13,25810.3,-1939.73,2026/01/23 17:45:47
2822,307.24,25867.4,-1938.74,2026/01/23 17:45:47
2823,307.35,25903,-1946.85,2026/01/23 17:45:48
2824,307.46,25950.9,-1964.07,2026/01/23 17:45:48
2825,307.57,25967.2,-1983.9,2026/01/23 17:45:48
2826,307.68,25979.6,-2006.07,2026/01/23 17:45:48
2827,307.79,25874.6,-1986.17,2026/01/23 17:45:48
2828,307.89,25830.3,-1965.35,2026/01/23 17:45:48
2829,308,25802.8,-1949.35,2026/01/23 17:45:48
2830,308.11,25768.1,-1947.93,2026/01/23 17:45:48
2831,308.22,25762.1,-1945.02,2026/01/23 17:45:48
2832,308.33,25711.1,-1937.95,2026/01/23 17:45:48
2833,308.44,25709.1,-1938.43,2026/01/23 17:45:49
2834,308.55,25722.7,-1937.41,2026/01/23 17:45:49
2835,308.66,25750.5,-1938.7,2026/01/23 17:45:49
2836,308.77,25771.2,-1938.75,2026/01/23 17:45:49
2837,308.88,25793.6,-1938.73,2026/01/23 17:45:49
2838,308.99,25794.3,-1937.94,2026/01/23 17:45:49
2839,309.09,25837.6,-1945.43,2026/01/23 17:45:49
2840,309.2,25892.9,-1944.76,2026/01/23 17:45:49
2841,309.31,25917.9,-1951.32,2026/01/23 17:45:49
2842,309.42,25970.4,-1979.23,2026/01/23 17:45:50
2843,309.53,26106.6,-2070.59,2026/01/23 17:45:50
2844,309.64,26159.7,-2098.67,2026/01/23 17:45:50
2845,309.75,26157.5,-2106.53,2026/01/23 17:45:50
2846,309.86,26178.9,-2118.66,2026/01/23 17:45:50
2847,309.97,26182.6,-2123.17,2026/01/23 17:45:50
2848,310.07,26166.4,-2145.03,2026/01/23 17:45:50
2849,310.18,26184.8,-2138.59,2026/01/23 17:45:50
2850,310.29,26146.7,-2147.16,2026/01/23 17:45:50
2851,310.4,26107.9,-2150.81,2026/01/23 17:45:51
2852,310.51,26070.6,-2155.26,2026/01/23 17:45:51
2853,310.62,26051.3,-2145.84,2026/01/23 17:45:51
2854,310.73,25897.7,-2055.15,2026/01/23 17:45:51
2855,310.84,25825,-2007.33,2026/01/23 17:45:51
2856,310.95,25761.8,-1991.46,2026/01/23 17:45:51
2857,311.06,25730.9,-1980.97,2026/01/23 17:45:51
2858,311.17,25677.4,-1969.35,2026/01/23 17:45:51
2859,311.27,25662.5,-1973.87,2026/01/23 17:45:51
2860,311.38,25676,-1963.63,2026/01/23 17:45:52
2861,311.49,25663.1,-1967.45,2026/01/23 17:45:52
2862,311.6,25673.6,-1962.5,2026/01/23 17:45:52
2863,311.71,25659.9,-1963.17,2026/01/23 17:45:52
2864,311.82,25669.1,-1963.95,2026/01/23 17:45:52
2865,311.93,25661.2,-1961.19,2026/01/23 17:45:52
2866,312.04,25662.7,-1962.28,2026/01/23 17:45:52
2867,312.15,25658.8,-1958.8,2026/01/23 17:45:52
2868,312.26,25661.3,-1962.14,2026/01/23 17:45:52
2869,312.36,25661,-1955.08,2026/01/23 17:45:53
2870,312.47,25655.7,-1961.98,2026/01/23 17:45:53
2871,312.58,25662.6,-1956.62,2026/01/23 17:45:53
2872,312.69,25649.8,-1959,2026/01/23 17:45:53
2873,312.8,25661,-1958.63,2026/01/23 17:45:53
2874,312.91,25649.6,-1956.87,2026/01/23 17:45:53
2875,313.02,25655.8,-1958.21,2026/01/23 17:45:53
2876,313.13,25652,-1957.22,2026/01/23 17:45:53
2877,313.23,25654.7,-1956.22,2026/01/23 17:45:53
2878,313.34,25656.2,-1953.76,2026/01/23 17:45:53
2879,313.45,25648.7,-1958.57,2026/01/23 17:45:54
2880,313.56,25662.7,-1952.81,2026/01/23 17:45:54
2881,313.67,25650,-1957.4,2026/01/23 17:45:54
2882,313.78,25660.9,-1955.01,2026/01/23 17:45:54
2883,313.89,25653.4,-1955.83,2026/01/23 17:45:54
2884,314,25658.4,-1956.59,2026/01/23 17:45:54
2885,314.11,25655.3,-1954.57,2026/01/23 17:45:54
2886,314.21,25653.7,-1957.87,2026/01/23 17:45:54
2887,314.32,25659.2,-1952.4,2026/01/23 17:45:54
2888,314.43,25649.6,-1958.49,2026/01/23 17:45:55
2889,314.54,25663,-1951.52,2026/01/23 17:45:55
2890,314.65,25651.3,-1954.68,2026/01/23 17:45:55
2891,314.76,25660.1,-1952.92,2026/01/23 17:45:55
2892,314.87,25655.6,-1954.2,2026/01/23 17:45:55
2893,314.98,25656.5,-1952.27,2026/01/23 17:45:55
2894,315.08,25659.2,-1949.91,2026/01/23 17:45:55
2895,315.19,25647.6,-1957.72,2026/01/23 17:45:55
2896,315.3,25661.4,-1948.77,2026/01/23 17:45:55
2897,315.41,25648.1,-1956.24,2026/01/23 17:45:56
2898,315.52,25660.6,-1949.64,2026/01/23 17:45:56
2899,315.63,25651.6,-1953.7,2026/01/23 17:45:56
2900,315.74,25651.7,-1951.05,2026/01/23 17:45:56
2901,315.85,25651.7,-1951.52,2026/01/23 17:45:56
2902,315.96,25650.9,-1949.73,2026/01/23 17:45:56
2903,316.07,25654.2,-1954,2026/01/23 17:45:56
2904,316.17,25648.9,-1952.84,2026/01/23 17:45:56
2905,316.28,25657.6,-1946.51,2026/01/23 17:45:56
2906,316.39,25648.3,-1956.12,2026/01/23 17:45:57
2907,316.5,25657.9,-1945.12,2026/01/23 17:45:57
2908,316.61,25653.9,-1955.06,2026/01/23 17:45:57
2909,316.72,25655.5,-1950.76,2026/01/23 17:45:57
2910,316.83,25662.2,-1951.99,2026/01/23 17:45:57
2911,316.93,25654.2,-1953.29,2026/01/23 17:45:57
2912,317.04,25661.9,-1945.97,2026/01/23 17:45:57
2913,317.15,25656.1,-1957.08,2026/01/23 17:45:57
2914,317.26,25661.3,-1945.72,2026/01/23 17:45:57
2915,317.37,25657.1,-1955.71,2026/01/23 17:45:58
2916,317.48,25660.9,-1947.19,2026/01/23 17:45:58
2917,317.59,25663.1,-1951.25,2026/01/23 17:45:58
2918,317.69,25657.9,-1949.57,2026/01/23 17:45:58
2919,317.81,25666.9,-1951.42,2026/01/23 17:45:58
2920,317.91,25661.7,-1952.58,2026/01/23 17:45:58
2921,318.02,25665,-1945.62,2026/01/23 17:45:58
2922,318.13,25663.8,-1954.84,2026/01/23 17:45:58
2923,318.24,25667.6,-1945.11,2026/01/23 17:45:58
2924,318.35,25666.7,-1952.62,2026/01/23 17:45:59
2925,318.46,25662.9,-1951.44,2026/01/23 17:45:59
2926,318.56,25669.2,-1947.89,2026/01/23 17:45:59
2927,318.67,25669,-1952.97,2026/01/23 17:45:59
2928,318.78,25668.6,-1945.11,2026/01/23 17:45:59
2929,318.89,25669.8,-1952.17,2026/01/23 17:45:59
2930,319,25665.8,-1951.53,2026/01/23 17:45:59
2931,319.1,25672.3,-1947.7,2026/01/23 17:45:59
2932,319.21,25668.1,-1950.78,2026/01/23 17:45:59
2933,319.32,25672.3,-1948.2,2026/01/23 17:45:59
2934,319.43,25670.1,-1949.95,2026/01/23 17:46:00
2935,319.54,25672.2,-1948.3,2026/01/23 17:46:00
2936,319.65,25669.5,-1951.9,2026/01/23 17:46:00
2937,319.76,25672.3,-1950.91,2026/01/23 17:46:00
2938,319.87,25673.1,-1949.9,2026/01/23 17:46:00
2939,319.98,25669.9,-1952.6,2026/01/23 17:46:00
2940,320.09,25674.3,-1945.68,2026/01/23 17:46:00
2941,320.19,25669.4,-1953.14,2026/01/23 17:46:00
2942,320.3,25674.7,-1947.64,2026/01/23 17:46:00
2943,320.41,25669,-1949.86,2026/01/23 17:46:01
2944,320.52,25673.3,-1953.28,2026/01/23 17:46:01
2945,320.63,25667.3,-1947.59,2026/01/23 17:46:01
2946,320.74,25670.4,-1951.76,2026/01/23 17:46:01
2947,320.85,25668.3,-1947.87,2026/01/23 17:46:01
2948,320.96,25671.7,-1951.54,2026/01/23 17:46:01
2949,321.07,25668.8,-1947.88,2026/01/23 17:46:01
2950,321.18,25670.7,-1950.54,2026/01/23 17:46:01
2951,321.29,25672.3,-1946.75,2026/01/23 17:46:01
2952,321.39,25664.2,-1951.75,2026/01/23 17:46:02
2953,321.5,25676.1,-1951.04,2026/01/23 17:46:02
2954,321.61,25664,-1950.2,2026/01/23 17:46:02
2955,321.72,25674.8,-1949.21,2026/01/23 17:46:02
2956,321.83,25664,-1950.85,2026/01/23 17:46:02
2957,321.94,25671,-1948.75,2026/01/23 17:46:02
2958,322.05,25668.5,-1950.9,2026/01/23 17:46:02
2959,322.15,25666.5,-1951.63,2026/01/23 17:46:02
2960,322.26,25673.3,-1947.19,2026/01/23 17:46:02
2961,322.37,25664.4,-1952.65,2026/01/23 17:46:03
2962,322.48,25677.6,-1943.28,2026/01/23 17:46:03
2963,322.59,25665.4,-1955.07,2026/01/23 17:46:03
2964,322.7,25674.9,-1944.47,2026/01/23 17:46:03
