序号,相对时间(s),R（Ω）,X（Ω）,时间
1,0,21611.5,-1720.01,2026/01/23 17:14:58
2,0.11,21617,-1715.58,2026/01/23 17:14:58
3,0.22,21612,-1721.82,2026/01/23 17:14:58
4,0.33,21613.7,-1717.22,2026/01/23 17:14:58
5,0.43,21613.9,-1717.95,2026/01/23 17:14:58
6,0.54,21610.6,-1719.36,2026/01/23 17:14:58
7,0.65,21613.3,-1717.3,2026/01/23 17:14:58
8,0.76,21612.7,-1718.61,2026/01/23 17:14:58
9,0.87,21613.4,-1718.74,2026/01/23 17:14:58
10,0.98,21611.7,-1718.44,2026/01/23 17:14:59
11,1.08,21612.4,-1719.23,2026/01/23 17:14:59
12,1.19,21611.8,-1718.82,2026/01/23 17:14:59
13,1.3,21612.1,-1718.61,2026/01/23 17:14:59
14,1.41,21613.7,-1717.18,2026/01/23 17:14:59
15,1.52,21609.3,-1718.83,2026/01/23 17:14:59
16,1.63,21616.5,-1718.48,2026/01/23 17:14:59
17,1.74,21608.3,-1718.83,2026/01/23 17:14:59
18,1.85,21615.4,-1717.76,2026/01/23 17:14:59
19,1.96,21609.4,-1718.24,2026/01/23 17:15:00
20,2.06,21612.6,-1717.72,2026/01/23 17:15:00
21,2.17,21611.6,-1717.8,2026/01/23 17:15:00
22,2.28,21610.9,-1718.17,2026/01/23 17:15:00
23,2.39,21613.6,-1717.93,2026/01/23 17:15:00
24,2.5,21607,-1720.58,2026/01/23 17:15:00
25,2.61,21613.7,-1716.59,2026/01/23 17:15:00
26,2.72,21607.9,-1720.9,2026/01/23 17:15:00
27,2.83,21611.9,-1715.07,2026/01/23 17:15:00
28,2.94,21607.8,-1722.36,2026/01/23 17:15:01
29,3.05,21610.2,-1715.96,2026/01/23 17:15:01
30,3.16,21608.1,-1720.12,2026/01/23 17:15:01
31,3.27,21609.2,-1717.19,2026/01/23 17:15:01
32,3.37,21609.6,-1718.84,2026/01/23 17:15:01
33,3.48,21606.6,-1718.77,2026/01/23 17:15:01
34,3.59,21610,-1718.29,2026/01/23 17:15:01
35,3.7,21606.4,-1719.52,2026/01/23 17:15:01
36,3.81,21608.7,-1718.15,2026/01/23 17:15:01
37,3.92,21607.5,-1718.84,2026/01/23 17:15:02
38,4.03,21608.7,-1719.07,2026/01/23 17:15:02
39,4.14,21606.6,-1720.04,2026/01/23 17:15:02
40,4.25,21609.1,-1719.24,2026/01/23 17:15:02
41,4.36,21608.1,-1719.14,2026/01/23 17:15:02
42,4.46,21606.9,-1718.87,2026/01/23 17:15:02
43,4.57,21610.4,-1717.41,2026/01/23 17:15:02
44,4.68,21606.8,-1719.65,2026/01/23 17:15:02
45,4.79,21611.1,-1719.02,2026/01/23 17:15:02
46,4.9,21605.7,-1718.08,2026/01/23 17:15:02
47,5.01,21611.4,-1720.88,2026/01/23 17:15:03
48,5.12,21606.4,-1719.13,2026/01/23 17:15:03
49,5.23,21610.4,-1720.39,2026/01/23 17:15:03
50,5.34,21608.8,-1719.26,2026/01/23 17:15:03
51,5.44,21609,-1719.14,2026/01/23 17:15:03
52,5.55,21609.6,-1719.26,2026/01/23 17:15:03
53,5.66,21607,-1719.47,2026/01/23 17:15:03
54,5.77,21614.1,-1717.84,2026/01/23 17:15:03
55,5.88,21605.7,-1720.42,2026/01/23 17:15:03
56,5.99,21613.5,-1718.54,2026/01/23 17:15:04
57,6.1,21605.8,-1719.35,2026/01/23 17:15:04
58,6.21,21610.8,-1719.48,2026/01/23 17:15:04
59,6.31,21609.4,-1718.42,2026/01/23 17:15:04
60,6.42,21607,-1720.66,2026/01/23 17:15:04
61,6.53,21612.7,-1718.02,2026/01/23 17:15:04
62,6.64,21605,-1721.13,2026/01/23 17:15:04
63,6.75,21614.7,-1717.51,2026/01/23 17:15:04
64,6.86,21604.9,-1720.34,2026/01/23 17:15:04
65,6.97,21612.4,-1718.85,2026/01/23 17:15:05
66,7.08,21607.5,-1720.11,2026/01/23 17:15:05
67,7.19,21611.2,-1719.2,2026/01/23 17:15:05
68,7.3,21609.9,-1719.81,2026/01/23 17:15:05
69,7.4,21607.4,-1719.69,2026/01/23 17:15:05
70,7.51,21612.3,-1718.52,2026/01/23 17:15:05
71,7.62,21605.4,-1721.63,2026/01/23 17:15:05
72,7.73,21612.3,-1716.77,2026/01/23 17:15:05
73,7.84,21605.5,-1720.9,2026/01/23 17:15:05
74,7.95,21610.5,-1718.99,2026/01/23 17:15:06
75,8.06,21608.6,-1720.54,2026/01/23 17:15:06
76,8.16,21608,-1719.36,2026/01/23 17:15:06
77,8.27,21609.4,-1719.62,2026/01/23 17:15:06
78,8.38,21605.1,-1718.76,2026/01/23 17:15:06
79,8.49,21610.8,-1717.6,2026/01/23 17:15:06
80,8.6,21603,-1721.87,2026/01/23 17:15:06
81,8.71,21612,-1716.82,2026/01/23 17:15:06
82,8.82,21603.8,-1720.92,2026/01/23 17:15:06
83,8.93,21610.1,-1717.83,2026/01/23 17:15:07
84,9.04,21605.7,-1719.89,2026/01/23 17:15:07
85,9.15,21608.9,-1717.78,2026/01/23 17:15:07
86,9.25,21606.4,-1719.82,2026/01/23 17:15:07
87,9.36,21605.9,-1719.39,2026/01/23 17:15:07
88,9.47,21608.8,-1718.8,2026/01/23 17:15:07
89,9.58,21602.6,-1721.51,2026/01/23 17:15:07
90,9.69,21610.5,-1717.66,2026/01/23 17:15:07
91,9.8,21602.3,-1720.8,2026/01/23 17:15:07
92,9.91,21608.1,-1718.97,2026/01/23 17:15:08
93,10.02,21603.2,-1719.82,2026/01/23 17:15:08
94,10.12,21605.3,-1719.82,2026/01/23 17:15:08
95,10.23,21604,-1719.58,2026/01/23 17:15:08
96,10.34,21600.6,-1721.33,2026/01/23 17:15:08
97,10.45,21608.2,-1717.5,2026/01/23 17:15:08
98,10.56,21597.7,-1721.25,2026/01/23 17:15:08
99,10.67,21607,-1718.04,2026/01/23 17:15:08
100,10.78,21597.9,-1719.68,2026/01/23 17:15:08
101,10.89,21604.6,-1719.81,2026/01/23 17:15:08
102,11,21598.5,-1719.89,2026/01/23 17:15:09
103,11.11,21601.5,-1719.79,2026/01/23 17:15:09
104,11.21,21601.4,-1717.97,2026/01/23 17:15:09
105,11.32,21597.8,-1720.75,2026/01/23 17:15:09
106,11.43,21603.5,-1719.07,2026/01/23 17:15:09
107,11.54,21596.1,-1720.04,2026/01/23 17:15:09
108,11.65,21601.7,-1720.49,2026/01/23 17:15:09
109,11.76,21596.4,-1719.52,2026/01/23 17:15:09
110,11.87,21599.7,-1719.16,2026/01/23 17:15:09
111,11.97,21597.7,-1719.97,2026/01/23 17:15:10
112,12.08,21597.1,-1721.16,2026/01/23 17:15:10
113,12.19,21599.5,-1718.02,2026/01/23 17:15:10
114,12.3,21595.2,-1721.14,2026/01/23 17:15:10
115,12.41,21598.9,-1719.81,2026/01/23 17:15:10
116,12.52,21596.2,-1719.7,2026/01/23 17:15:10
117,12.63,21597.7,-1718.92,2026/01/23 17:15:10
118,12.74,21597.2,-1720.17,2026/01/23 17:15:10
119,12.84,21595.3,-1722.3,2026/01/23 17:15:10
120,12.95,21599.1,-1719.45,2026/01/23 17:15:11
121,13.06,21594.9,-1721.76,2026/01/23 17:15:11
122,13.17,21598.3,-1719.23,2026/01/23 17:15:11
123,13.28,21595.9,-1722.92,2026/01/23 17:15:11
124,13.39,21597.9,-1716.46,2026/01/23 17:15:11
125,13.49,21595.6,-1721.79,2026/01/23 17:15:11
126,13.6,21597.2,-1719.01,2026/01/23 17:15:11
127,13.71,21597.9,-1719.75,2026/01/23 17:15:11
128,13.82,21593.8,-1718.55,2026/01/23 17:15:11
129,13.93,21597.6,-1717.7,2026/01/23 17:15:12
130,14.04,21591.5,-1722.38,2026/01/23 17:15:12
131,14.15,21598.4,-1716.53,2026/01/23 17:15:12
132,14.26,21590.4,-1722.33,2026/01/23 17:15:12
133,14.37,21596.4,-1719.89,2026/01/23 17:15:12
134,14.47,21594,-1720.37,2026/01/23 17:15:12
135,14.58,21595.2,-1719.66,2026/01/23 17:15:12
136,14.69,21595.8,-1719.21,2026/01/23 17:15:12
137,14.8,21592.8,-1721.37,2026/01/23 17:15:12
138,14.91,21597.6,-1718.64,2026/01/23 17:15:13
139,15.02,21591.3,-1721.24,2026/01/23 17:15:13
140,15.13,21598.3,-1721.31,2026/01/23 17:15:13
141,15.24,21592.7,-1719.65,2026/01/23 17:15:13
142,15.35,21596,-1720.04,2026/01/23 17:15:13
143,15.46,21592.9,-1720.41,2026/01/23 17:15:13
144,15.56,21595.5,-1720.31,2026/01/23 17:15:13
145,15.67,21594.4,-1720.51,2026/01/23 17:15:13
146,15.78,21592.6,-1721.41,2026/01/23 17:15:13
147,15.89,21596.3,-1718.5,2026/01/23 17:15:13
148,16,21590.6,-1721.03,2026/01/23 17:15:14
149,16.11,21594.5,-1719.62,2026/01/23 17:15:14
150,16.22,21593,-1722.81,2026/01/23 17:15:14
151,16.33,21594.2,-1717.42,2026/01/23 17:15:14
152,16.44,21590.8,-1723.15,2026/01/23 17:15:14
153,16.55,21594.7,-1717.84,2026/01/23 17:15:14
154,16.65,21590.5,-1722.64,2026/01/23 17:15:14
155,16.76,21593,-1719.15,2026/01/23 17:15:14
156,16.87,21591.1,-1721.55,2026/01/23 17:15:14
157,16.98,21591.5,-1720.38,2026/01/23 17:15:15
158,17.09,21593.6,-1719.19,2026/01/23 17:15:15
159,17.2,21588.8,-1722.06,2026/01/23 17:15:15
160,17.31,21595.4,-1718.55,2026/01/23 17:15:15
161,17.42,21587.6,-1721.65,2026/01/23 17:15:15
162,17.53,21594.6,-1720.42,2026/01/23 17:15:15
163,17.64,21588.5,-1719.92,2026/01/23 17:15:15
164,17.75,21594.1,-1722,2026/01/23 17:15:15
165,17.85,21591.8,-1720.04,2026/01/23 17:15:15
166,17.96,21593.6,-1720.68,2026/01/23 17:15:16
167,18.07,21596.6,-1719.46,2026/01/23 17:15:16
168,18.18,21593.7,-1721.17,2026/01/23 17:15:16
169,18.29,21597.3,-1719.29,2026/01/23 17:15:16
170,18.4,21596,-1723.81,2026/01/23 17:15:16
171,18.51,21599.4,-1717.92,2026/01/23 17:15:16
172,18.61,21596.4,-1723.79,2026/01/23 17:15:16
173,18.72,21599.4,-1719.48,2026/01/23 17:15:16
174,18.83,21599.9,-1721.03,2026/01/23 17:15:16
175,18.94,21598.6,-1719.98,2026/01/23 17:15:17
176,19.05,21602.2,-1719.99,2026/01/23 17:15:17
177,19.16,21594.9,-1723.75,2026/01/23 17:15:17
178,19.27,21605,-1718.92,2026/01/23 17:15:17
179,19.38,21596,-1723.3,2026/01/23 17:15:17
180,19.49,21604.8,-1720.57,2026/01/23 17:15:17
181,19.6,21597.2,-1719.41,2026/01/23 17:15:17
182,19.7,21602.4,-1722.48,2026/01/23 17:15:17
183,19.81,21598.9,-1722.01,2026/01/23 17:15:17
184,19.92,21600.7,-1720.83,2026/01/23 17:15:18
185,20.03,21602.6,-1719.99,2026/01/23 17:15:18
186,20.14,21598.1,-1722.37,2026/01/23 17:15:18
187,20.25,21602.2,-1720.62,2026/01/23 17:15:18
188,20.36,21597.4,-1721.54,2026/01/23 17:15:18
189,20.47,21602.4,-1719.23,2026/01/23 17:15:18
190,20.58,21597.6,-1723.92,2026/01/23 17:15:18
191,20.69,21603.4,-1717.42,2026/01/23 17:15:18
192,20.79,21597.4,-1723.55,2026/01/23 17:15:18
193,20.9,21604.3,-1720.54,2026/01/23 17:15:18
194,21.01,21601.2,-1722.08,2026/01/23 17:15:19
195,21.12,21604.5,-1720.29,2026/01/23 17:15:19
196,21.23,21603.6,-1721.78,2026/01/23 17:15:19
197,21.34,21605.8,-1722.62,2026/01/23 17:15:19
198,21.45,21608.8,-1718.59,2026/01/23 17:15:19
199,21.56,21607,-1722.39,2026/01/23 17:15:19
200,21.67,21612,-1720.27,2026/01/23 17:15:19
201,21.78,21611,-1721.35,2026/01/23 17:15:19
202,21.88,21614.2,-1720.46,2026/01/23 17:15:19
203,21.99,21613.7,-1723.86,2026/01/23 17:15:20
204,22.1,21617.5,-1718.68,2026/01/23 17:15:20
205,22.21,21617.4,-1723.55,2026/01/23 17:15:20
206,22.32,21620.1,-1720.37,2026/01/23 17:15:20
207,22.43,21620.7,-1722.91,2026/01/23 17:15:20
208,22.54,21620.1,-1723.05,2026/01/23 17:15:20
209,22.65,21626.2,-1719.75,2026/01/23 17:15:20
210,22.76,21621.6,-1724.54,2026/01/23 17:15:20
211,22.86,21630.8,-1720.9,2026/01/23 17:15:20
212,22.97,21623.6,-1721.08,2026/01/23 17:15:21
213,23.08,21630.9,-1722.94,2026/01/23 17:15:21
214,23.19,21629.3,-1721.4,2026/01/23 17:15:21
215,23.3,21630.1,-1722.62,2026/01/23 17:15:21
216,23.41,21633.3,-1720.65,2026/01/23 17:15:21
217,23.52,21630.3,-1723.96,2026/01/23 17:15:21
218,23.63,21635.1,-1722.8,2026/01/23 17:15:21
219,23.74,21632,-1723.26,2026/01/23 17:15:21
220,23.84,21637.4,-1721.23,2026/01/23 17:15:21
221,23.95,21634.1,-1725.74,2026/01/23 17:15:22
222,24.06,21641,-1719.39,2026/01/23 17:15:22
223,24.17,21635.3,-1724.24,2026/01/23 17:15:22
224,24.28,21642.2,-1722.13,2026/01/23 17:15:22
225,24.39,21639.5,-1723.03,2026/01/23 17:15:22
226,24.5,21642.6,-1723.18,2026/01/23 17:15:22
227,24.61,21641.9,-1721.9,2026/01/23 17:15:22
228,24.72,21641.6,-1725.49,2026/01/23 17:15:22
229,24.83,21644.1,-1721.03,2026/01/23 17:15:22
230,24.93,21641.4,-1724.11,2026/01/23 17:15:23
231,25.04,21644.5,-1723.31,2026/01/23 17:15:23
232,25.15,21644.4,-1723.89,2026/01/23 17:15:23
233,25.26,21645.1,-1720.12,2026/01/23 17:15:23
234,25.37,21644.6,-1724.43,2026/01/23 17:15:23
235,25.48,21644.7,-1720.79,2026/01/23 17:15:23
236,25.59,21645.6,-1723.67,2026/01/23 17:15:23
237,25.7,21641.9,-1722.23,2026/01/23 17:15:23
238,25.8,21646.7,-1721.29,2026/01/23 17:15:23
239,25.91,21640.3,-1724.83,2026/01/23 17:15:24
240,26.02,21649.7,-1720.57,2026/01/23 17:15:24
241,26.13,21640.4,-1722.79,2026/01/23 17:15:24
242,26.24,21647.4,-1722.54,2026/01/23 17:15:24
243,26.35,21644.4,-1722.18,2026/01/23 17:15:24
244,26.46,21646.4,-1723.92,2026/01/23 17:15:24
245,26.57,21646.4,-1722.04,2026/01/23 17:15:24
246,26.67,21643.7,-1725.93,2026/01/23 17:15:24
247,26.78,21647.6,-1722.52,2026/01/23 17:15:24
248,26.89,21644.8,-1723.39,2026/01/23 17:15:24
249,27,21646.7,-1720.72,2026/01/23 17:15:25
250,27.11,21645.6,-1726.42,2026/01/23 17:15:25
251,27.22,21646.8,-1720.6,2026/01/23 17:15:25
252,27.33,21647.6,-1723.3,2026/01/23 17:15:25
253,27.44,21646,-1722.13,2026/01/23 17:15:25
254,27.54,21649.3,-1722.1,2026/01/23 17:15:25
255,27.65,21645.1,-1724.66,2026/01/23 17:15:25
256,27.76,21651.7,-1720.33,2026/01/23 17:15:25
257,27.87,21643.7,-1724.03,2026/01/23 17:15:25
258,27.98,21652.1,-1723.44,2026/01/23 17:15:26
259,28.09,21646.8,-1722.86,2026/01/23 17:15:26
260,28.2,21652.1,-1724.32,2026/01/23 17:15:26
261,28.31,21650,-1722.61,2026/01/23 17:15:26
262,28.42,21651.4,-1723.37,2026/01/23 17:15:26
263,28.53,21652.8,-1721.03,2026/01/23 17:15:26
264,28.63,21648.6,-1725.51,2026/01/23 17:15:26
265,28.74,21652.6,-1722.79,2026/01/23 17:15:26
266,28.85,21650.6,-1724.6,2026/01/23 17:15:26
267,28.96,21653.3,-1723.16,2026/01/23 17:15:27
268,29.07,21652.4,-1725.95,2026/01/23 17:15:27
269,29.18,21654.2,-1719.43,2026/01/23 17:15:27
270,29.29,21650.7,-1725.97,2026/01/23 17:15:27
271,29.4,21654.2,-1721.55,2026/01/23 17:15:27
272,29.51,21653.9,-1723.02,2026/01/23 17:15:27
273,29.61,21652.8,-1721.51,2026/01/23 17:15:27
274,29.72,21655.8,-1722.09,2026/01/23 17:15:27
275,29.83,21651.6,-1724.16,2026/01/23 17:15:27
276,29.94,21659.9,-1721.01,2026/01/23 17:15:28
277,30.05,21651.4,-1723.1,2026/01/23 17:15:28
278,30.16,21659.3,-1723.93,2026/01/23 17:15:28
279,30.27,21655.8,-1723.33,2026/01/23 17:15:28
280,30.38,21658.6,-1724.26,2026/01/23 17:15:28
281,30.48,21658,-1722.11,2026/01/23 17:15:28
282,30.59,21657,-1725.44,2026/01/23 17:15:28
283,30.7,21660.6,-1722.75,2026/01/23 17:15:28
284,30.81,21658.2,-1723.91,2026/01/23 17:15:28
285,30.92,21660.3,-1722.78,2026/01/23 17:15:29
286,31.03,21660.6,-1724.82,2026/01/23 17:15:29
287,31.14,21662.3,-1721.87,2026/01/23 17:15:29
288,31.25,21664.2,-1725.41,2026/01/23 17:15:29
289,31.36,21669.8,-1723.38,2026/01/23 17:15:29
290,31.46,21677.8,-1724.04,2026/01/23 17:15:29
291,31.57,21678.6,-1723.73,2026/01/23 17:15:29
292,31.68,21692.8,-1725.56,2026/01/23 17:15:29
293,31.79,21697.3,-1726.39,2026/01/23 17:15:29
294,31.9,21705.4,-1723.03,2026/01/23 17:15:29
295,32.01,21681.8,-1726.82,2026/01/23 17:15:30
296,32.12,21675.7,-1722.1,2026/01/23 17:15:30
297,32.23,21666.7,-1725.93,2026/01/23 17:15:30
298,32.34,21684.3,-1724.85,2026/01/23 17:15:30
299,32.45,21686.2,-1724.69,2026/01/23 17:15:30
300,32.55,21696.4,-1724.65,2026/01/23 17:15:30
301,32.66,21711.6,-1724.93,2026/01/23 17:15:30
302,32.77,21702.9,-1726.41,2026/01/23 17:15:30
303,32.88,21690.3,-1723.06,2026/01/23 17:15:30
304,32.99,21671.1,-1724.84,2026/01/23 17:15:31
305,33.1,21684.1,-1726.01,2026/01/23 17:15:31
306,33.21,21684,-1725.12,2026/01/23 17:15:31
307,33.32,21694.7,-1726.58,2026/01/23 17:15:31
308,33.43,21705.8,-1725.99,2026/01/23 17:15:31
309,33.53,21720.4,-1727.54,2026/01/23 17:15:31
310,33.64,21713.5,-1724.65,2026/01/23 17:15:31
311,33.75,21690.4,-1725.88,2026/01/23 17:15:31
312,33.86,21685.4,-1726.15,2026/01/23 17:15:31
313,33.97,21690.8,-1726.27,2026/01/23 17:15:32
314,34.08,21698.6,-1724,2026/01/23 17:15:32
315,34.19,21705.4,-1729.23,2026/01/23 17:15:32
316,34.3,21725.6,-1724.88,2026/01/23 17:15:32
317,34.41,21732.5,-1728.03,2026/01/23 17:15:32
318,34.51,21714.6,-1723.2,2026/01/23 17:15:32
319,34.62,21697.7,-1724.75,2026/01/23 17:15:32
320,34.73,21694.7,-1725.78,2026/01/23 17:15:32
321,34.84,21706.1,-1726.48,2026/01/23 17:15:32
322,34.95,21703.4,-1727.65,2026/01/23 17:15:33
323,35.06,21712.4,-1725.4,2026/01/23 17:15:33
324,35.17,21716.3,-1730.46,2026/01/23 17:15:33
325,35.28,21736,-1723.88,2026/01/23 17:15:33
326,35.39,21734.3,-1728,2026/01/23 17:15:33
327,35.49,21723.6,-1724.65,2026/01/23 17:15:33
328,35.6,21704.3,-1725.6,2026/01/23 17:15:33
329,35.71,21707.1,-1725.11,2026/01/23 17:15:33
330,35.82,21712,-1725.88,2026/01/23 17:15:33
331,35.93,21714.6,-1728.86,2026/01/23 17:15:34
332,36.04,21727.9,-1725.35,2026/01/23 17:15:34
333,36.15,21729.7,-1729.55,2026/01/23 17:15:34
334,36.26,21740.9,-1724.39,2026/01/23 17:15:34
335,36.37,21717.4,-1726.49,2026/01/23 17:15:34
336,36.48,21709.9,-1725.42,2026/01/23 17:15:34
337,36.58,21706.5,-1726.45,2026/01/23 17:15:34
338,36.69,21712.5,-1726.29,2026/01/23 17:15:34
339,36.8,21717.1,-1726.46,2026/01/23 17:15:34
340,36.91,21728.7,-1727.76,2026/01/23 17:15:35
341,37.02,21744.2,-1725.63,2026/01/23 17:15:35
342,37.13,21737.8,-1728.56,2026/01/23 17:15:35
343,37.24,21731,-1726.69,2026/01/23 17:15:35
344,37.35,21708.7,-1726.37,2026/01/23 17:15:35
345,37.46,21719.8,-1728.4,2026/01/23 17:15:35
346,37.56,21716.7,-1725.63,2026/01/23 17:15:35
347,37.67,21723.3,-1728.33,2026/01/23 17:15:35
348,37.78,21729.5,-1725.96,2026/01/23 17:15:35
349,37.89,21740.6,-1730.67,2026/01/23 17:15:35
350,38,21758.5,-1726.59,2026/01/23 17:15:36
351,38.11,21742.4,-1726.9,2026/01/23 17:15:36
352,38.22,21728.9,-1727.04,2026/01/23 17:15:36
353,38.33,21713.2,-1726.91,2026/01/23 17:15:36
354,38.43,21721.5,-1727.33,2026/01/23 17:15:36
355,38.54,21721.6,-1727.54,2026/01/23 17:15:36
356,38.65,21729.4,-1729.63,2026/01/23 17:15:36
357,38.76,21742.2,-1726.31,2026/01/23 17:15:36
358,38.87,21747.5,-1729.04,2026/01/23 17:15:36
359,38.98,21743.8,-1725.69,2026/01/23 17:15:37
360,39.09,21715.6,-1725.07,2026/01/23 17:15:37
361,39.2,21720.8,-1727.34,2026/01/23 17:15:37
362,39.3,21719.4,-1727.18,2026/01/23 17:15:37
363,39.41,21728.6,-1728.45,2026/01/23 17:15:37
364,39.52,21734.8,-1725.99,2026/01/23 17:15:37
365,39.63,21739.7,-1729.43,2026/01/23 17:15:37
366,39.74,21761,-1727.25,2026/01/23 17:15:37
367,39.85,21752.8,-1728.78,2026/01/23 17:15:37
368,39.96,21741.8,-1727.6,2026/01/23 17:15:38
369,40.07,21720.5,-1726.9,2026/01/23 17:15:38
370,40.17,21726.4,-1728.7,2026/01/23 17:15:38
371,40.28,21726.6,-1726.08,2026/01/23 17:15:38
372,40.39,21721,-1727.91,2026/01/23 17:15:38
373,40.5,21727.7,-1725.39,2026/01/23 17:15:38
374,40.61,21718.2,-1730.8,2026/01/23 17:15:38
375,40.72,21728.3,-1725.96,2026/01/23 17:15:38
376,40.83,21721,-1728.88,2026/01/23 17:15:38
377,40.94,21727.1,-1726.37,2026/01/23 17:15:39
378,41.04,21723.8,-1729.38,2026/01/23 17:15:39
379,41.15,21725.4,-1728,2026/01/23 17:15:39
380,41.26,21725.7,-1728.57,2026/01/23 17:15:39
381,41.37,21721.6,-1727.72,2026/01/23 17:15:39
382,41.48,21726.6,-1726.11,2026/01/23 17:15:39
383,41.59,21721,-1730.19,2026/01/23 17:15:39
384,41.7,21727.7,-1723.54,2026/01/23 17:15:39
385,41.81,21721.7,-1730.62,2026/01/23 17:15:39
386,41.92,21724,-1725.96,2026/01/23 17:15:40
387,42.02,21724.5,-1729.88,2026/01/23 17:15:40
388,42.13,21722.5,-1728.33,2026/01/23 17:15:40
389,42.24,21726.9,-1727.77,2026/01/23 17:15:40
390,42.35,21722.3,-1728.62,2026/01/23 17:15:40
391,42.46,21724.3,-1726.18,2026/01/23 17:15:40
392,42.57,21724.3,-1729.51,2026/01/23 17:15:40
393,42.68,21724.8,-1727.63,2026/01/23 17:15:40
394,42.78,21725.8,-1728.8,2026/01/23 17:15:40
395,42.89,21726.1,-1729,2026/01/23 17:15:40
396,43,21729.7,-1725.09,2026/01/23 17:15:41
397,43.11,21726.6,-1729.64,2026/01/23 17:15:41
398,43.22,21731.1,-1728.38,2026/01/23 17:15:41
399,43.33,21726.6,-1727.31,2026/01/23 17:15:41
400,43.44,21732.3,-1729.08,2026/01/23 17:15:41
401,43.55,21727.2,-1727.26,2026/01/23 17:15:41
402,43.65,21731.1,-1728.52,2026/01/23 17:15:41
403,43.76,21730.9,-1727.45,2026/01/23 17:15:41
404,43.87,21729.6,-1728.24,2026/01/23 17:15:41
405,43.98,21735,-1727.05,2026/01/23 17:15:42
406,44.09,21729.2,-1731.3,2026/01/23 17:15:42
407,44.2,21737,-1725.2,2026/01/23 17:15:42
408,44.31,21734.6,-1729.74,2026/01/23 17:15:42
409,44.42,21736.4,-1726.88,2026/01/23 17:15:42
410,44.52,21739.2,-1728.6,2026/01/23 17:15:42
411,44.63,21735.2,-1728.65,2026/01/23 17:15:42
412,44.74,21740.3,-1727.68,2026/01/23 17:15:42
413,44.85,21737.2,-1729.84,2026/01/23 17:15:42
414,44.96,21738.7,-1728.11,2026/01/23 17:15:43
415,45.07,21737.3,-1727.42,2026/01/23 17:15:43
416,45.18,21741.3,-1730.09,2026/01/23 17:15:43
417,45.29,21740.6,-1728.13,2026/01/23 17:15:43
418,45.4,21741.4,-1729.62,2026/01/23 17:15:43
419,45.5,21743.6,-1726.34,2026/01/23 17:15:43
420,45.61,21738.1,-1730.52,2026/01/23 17:15:43
421,45.72,21748.2,-1727.17,2026/01/23 17:15:43
422,45.83,21741.1,-1730.35,2026/01/23 17:15:43
423,45.94,21745,-1727.91,2026/01/23 17:15:44
424,46.05,21745.4,-1729.17,2026/01/23 17:15:44
425,46.15,21742.8,-1727.75,2026/01/23 17:15:44
426,46.26,21747.6,-1728.81,2026/01/23 17:15:44
427,46.37,21744.5,-1729.07,2026/01/23 17:15:44
428,46.48,21746.6,-1729.6,2026/01/23 17:15:44
429,46.59,21746,-1728.94,2026/01/23 17:15:44
430,46.7,21748.1,-1728.76,2026/01/23 17:15:44
431,46.81,21746.7,-1728.74,2026/01/23 17:15:44
432,46.92,21749.2,-1729,2026/01/23 17:15:45
433,47.02,21747.7,-1728.86,2026/01/23 17:15:45
434,47.13,21745.8,-1729.19,2026/01/23 17:15:45
435,47.24,21751.3,-1727.48,2026/01/23 17:15:45
436,47.35,21745.5,-1730.43,2026/01/23 17:15:45
437,47.46,21751.5,-1725.55,2026/01/23 17:15:45
438,47.57,21749,-1731.59,2026/01/23 17:15:45
439,47.68,21750.4,-1728.81,2026/01/23 17:15:45
440,47.79,21754.6,-1727.75,2026/01/23 17:15:45
441,47.9,21751.5,-1731.33,2026/01/23 17:15:45
442,48,21755.3,-1728.92,2026/01/23 17:15:46
443,48.11,21752.1,-1729.01,2026/01/23 17:15:46
444,48.22,21760.3,-1728.53,2026/01/23 17:15:46
445,48.33,21751.9,-1730.82,2026/01/23 17:15:46
446,48.44,21760.7,-1726.96,2026/01/23 17:15:46
447,48.55,21755.2,-1730.48,2026/01/23 17:15:46
448,48.66,21758.1,-1727.71,2026/01/23 17:15:46
449,48.77,21760.6,-1729.47,2026/01/23 17:15:46
450,48.88,21756.5,-1729.64,2026/01/23 17:15:46
451,48.98,21760.7,-1727.84,2026/01/23 17:15:47
452,49.09,21758.2,-1729.91,2026/01/23 17:15:47
453,49.2,21761.8,-1729.33,2026/01/23 17:15:47
454,49.31,21757.6,-1728.6,2026/01/23 17:15:47
455,49.42,21763,-1729.62,2026/01/23 17:15:47
456,49.53,21760.9,-1730.09,2026/01/23 17:15:47
457,49.64,21763.7,-1729.12,2026/01/23 17:15:47
458,49.75,21767.2,-1728.84,2026/01/23 17:15:47
459,49.86,21763.2,-1731.28,2026/01/23 17:15:47
460,49.96,21769.8,-1727.3,2026/01/23 17:15:48
461,50.07,21767.5,-1732.03,2026/01/23 17:15:48
462,50.18,21770,-1727.94,2026/01/23 17:15:48
463,50.29,21770.3,-1729.83,2026/01/23 17:15:48
464,50.4,21769.9,-1731.34,2026/01/23 17:15:48
465,50.51,21774.2,-1727.73,2026/01/23 17:15:48
466,50.62,21770.4,-1730.12,2026/01/23 17:15:48
467,50.72,21776.3,-1729.79,2026/01/23 17:15:48
468,50.83,21769.3,-1730.02,2026/01/23 17:15:48
469,50.94,21776.2,-1728.3,2026/01/23 17:15:49
470,51.05,21771.5,-1730.45,2026/01/23 17:15:49
471,51.16,21772.3,-1729.15,2026/01/23 17:15:49
472,51.27,21776.2,-1730.68,2026/01/23 17:15:49
473,51.38,21771.1,-1730.39,2026/01/23 17:15:49
474,51.49,21776.4,-1727.9,2026/01/23 17:15:49
475,51.6,21774.3,-1731.33,2026/01/23 17:15:49
476,51.7,21776.4,-1729.42,2026/01/23 17:15:49
477,51.81,21773.7,-1729.54,2026/01/23 17:15:49
478,51.92,21776.2,-1730.99,2026/01/23 17:15:50
479,52.03,21774.4,-1729.38,2026/01/23 17:15:50
480,52.14,21775.7,-1730.13,2026/01/23 17:15:50
481,52.25,21778.3,-1728.6,2026/01/23 17:15:50
482,52.36,21772.2,-1730.82,2026/01/23 17:15:50
483,52.47,21780,-1727.12,2026/01/23 17:15:50
484,52.58,21772.8,-1733.46,2026/01/23 17:15:50
485,52.68,21779.1,-1727.09,2026/01/23 17:15:50
486,52.79,21776.1,-1732.18,2026/01/23 17:15:50
487,52.9,21777.1,-1729.21,2026/01/23 17:15:50
488,53.01,21780.5,-1729.52,2026/01/23 17:15:51
489,53.12,21777.5,-1732.11,2026/01/23 17:15:51
490,53.23,21781.6,-1729.29,2026/01/23 17:15:51
491,53.34,21778.9,-1730.44,2026/01/23 17:15:51
492,53.45,21784.3,-1732.02,2026/01/23 17:15:51
493,53.55,21778.7,-1730.7,2026/01/23 17:15:51
494,53.66,21785.5,-1730.53,2026/01/23 17:15:51
495,53.77,21782.6,-1729.69,2026/01/23 17:15:51
496,53.88,21781.2,-1730.64,2026/01/23 17:15:51
497,53.99,21787.2,-1730.14,2026/01/23 17:15:52
498,54.1,21782.8,-1732.67,2026/01/23 17:15:52
499,54.21,21787.3,-1726.75,2026/01/23 17:15:52
500,54.31,21785,-1732.92,2026/01/23 17:15:52
501,54.42,21786.2,-1729.18,2026/01/23 17:15:52
502,54.53,21787.2,-1729.13,2026/01/23 17:15:52
503,54.64,21785.9,-1732.26,2026/01/23 17:15:52
504,54.75,21789.1,-1728.96,2026/01/23 17:15:52
505,54.86,21783.5,-1731.01,2026/01/23 17:15:52
506,54.97,21791,-1731.32,2026/01/23 17:15:53
507,55.07,21784.8,-1730.39,2026/01/23 17:15:53
508,55.18,21790.7,-1729.83,2026/01/23 17:15:53
509,55.29,21787.9,-1732.62,2026/01/23 17:15:53
510,55.4,21788.2,-1729.08,2026/01/23 17:15:53
511,55.51,21791.9,-1730.41,2026/01/23 17:15:53
512,55.62,21786.8,-1731.29,2026/01/23 17:15:53
513,55.73,21792,-1729.32,2026/01/23 17:15:53
514,55.84,21790.9,-1731.99,2026/01/23 17:15:53
515,55.95,21791.5,-1730.34,2026/01/23 17:15:54
516,56.06,21790.5,-1731.12,2026/01/23 17:15:54
517,56.16,21791.3,-1731.16,2026/01/23 17:15:54
518,56.27,21791.4,-1729.93,2026/01/23 17:15:54
519,56.38,21789.6,-1731.79,2026/01/23 17:15:54
520,56.49,21795.7,-1729.88,2026/01/23 17:15:54
521,56.6,21786.7,-1732.58,2026/01/23 17:15:54
522,56.71,21795.7,-1728.42,2026/01/23 17:15:54
523,56.82,21788.2,-1734.1,2026/01/23 17:15:54
524,56.93,21793.3,-1728.82,2026/01/23 17:15:55
525,57.03,21793.3,-1730.43,2026/01/23 17:15:55
526,57.14,21789.5,-1731.2,2026/01/23 17:15:55
527,57.25,21794.7,-1730.08,2026/01/23 17:15:55
528,57.36,21791.8,-1731.98,2026/01/23 17:15:55
529,57.47,21792.8,-1731.02,2026/01/23 17:15:55
530,57.58,21790.6,-1730.99,2026/01/23 17:15:55
531,57.68,21792.6,-1731.41,2026/01/23 17:15:55
532,57.79,21790.6,-1729.96,2026/01/23 17:15:55
533,57.9,21791.3,-1731.67,2026/01/23 17:15:55
534,58.01,21793,-1730.12,2026/01/23 17:15:56
535,58.12,21787.4,-1731.75,2026/01/23 17:15:56
536,58.23,21796.4,-1727.87,2026/01/23 17:15:56
537,58.34,21788.3,-1734.33,2026/01/23 17:15:56
538,58.45,21793.6,-1728.05,2026/01/23 17:15:56
539,58.56,21792,-1733.33,2026/01/23 17:15:56
540,58.67,21791.7,-1729.53,2026/01/23 17:15:56
541,58.77,21794,-1730.79,2026/01/23 17:15:56
542,58.88,21789.1,-1733.25,2026/01/23 17:15:56
543,58.99,21793,-1729.2,2026/01/23 17:15:57
544,59.1,21789.7,-1733.33,2026/01/23 17:15:57
545,59.21,21794.4,-1730.8,2026/01/23 17:15:57
546,59.32,21787.5,-1730.11,2026/01/23 17:15:57
547,59.43,21795.8,-1730.7,2026/01/23 17:15:57
548,59.54,21788.4,-1731.29,2026/01/23 17:15:57
549,59.65,21791.4,-1730.07,2026/01/23 17:15:57
550,59.76,21791.5,-1731.01,2026/01/23 17:15:57
551,59.86,21788.7,-1729.96,2026/01/23 17:15:57
552,59.97,21793.9,-1731.19,2026/01/23 17:15:58
553,60.08,21788.4,-1733.08,2026/01/23 17:15:58
554,60.19,21790.9,-1728.7,2026/01/23 17:15:58
555,60.3,21790.4,-1732.35,2026/01/23 17:15:58
556,60.41,21792.3,-1730.33,2026/01/23 17:15:58
557,60.52,21789.5,-1731.04,2026/01/23 17:15:58
558,60.63,21790.8,-1730.96,2026/01/23 17:15:58
559,60.74,21789.8,-1730.79,2026/01/23 17:15:58
560,60.84,21791.1,-1730.78,2026/01/23 17:15:58
561,60.95,21792.4,-1730.59,2026/01/23 17:15:59
562,61.06,21784.9,-1733.47,2026/01/23 17:15:59
563,61.17,21794.5,-1727.39,2026/01/23 17:15:59
564,61.28,21786.5,-1734.48,2026/01/23 17:15:59
565,61.39,21791.3,-1727.9,2026/01/23 17:15:59
566,61.5,21789.4,-1731.88,2026/01/23 17:15:59
567,61.61,21788.4,-1730.58,2026/01/23 17:15:59
568,61.72,21791.4,-1729.03,2026/01/23 17:15:59
569,61.82,21787.8,-1732.88,2026/01/23 17:15:59
570,61.93,21791.5,-1730.08,2026/01/23 17:16:00
571,62.04,21786.1,-1731.46,2026/01/23 17:16:00
572,62.15,21792.6,-1732.07,2026/01/23 17:16:00
573,62.26,21785.7,-1730.37,2026/01/23 17:16:00
574,62.37,21791.3,-1730.9,2026/01/23 17:16:00
575,62.48,21787.5,-1732.9,2026/01/23 17:16:00
576,62.59,21788.4,-1730.16,2026/01/23 17:16:00
577,62.7,21789.9,-1732.79,2026/01/23 17:16:00
578,62.81,21785.9,-1731.23,2026/01/23 17:16:00
579,62.91,21790.1,-1729.48,2026/01/23 17:16:01
580,63.02,21787.9,-1732.49,2026/01/23 17:16:01
581,63.13,21789.1,-1730.95,2026/01/23 17:16:01
582,63.24,21787.2,-1729.52,2026/01/23 17:16:01
583,63.35,21789.9,-1731.98,2026/01/23 17:16:01
584,63.46,21785.7,-1730.24,2026/01/23 17:16:01
585,63.57,21789.8,-1731.49,2026/01/23 17:16:01
586,63.68,21787.5,-1731.17,2026/01/23 17:16:01
587,63.79,21789.1,-1729.85,2026/01/23 17:16:01
588,63.9,21791.6,-1730.38,2026/01/23 17:16:01
589,64,21785.9,-1731.97,2026/01/23 17:16:02
590,64.11,21791,-1729.51,2026/01/23 17:16:02
591,64.22,21786.7,-1734.17,2026/01/23 17:16:02
592,64.33,21789.9,-1729.31,2026/01/23 17:16:02
593,64.44,21789.9,-1731.69,2026/01/23 17:16:02
594,64.55,21788.4,-1730.97,2026/01/23 17:16:02
595,64.66,21789.8,-1729.01,2026/01/23 17:16:02
596,64.77,21786.5,-1733.28,2026/01/23 17:16:02
597,64.88,21790.3,-1729.92,2026/01/23 17:16:02
598,64.99,21785.5,-1732.09,2026/01/23 17:16:03
599,65.09,21793.3,-1729.62,2026/01/23 17:16:03
600,65.2,21785.7,-1732.16,2026/01/23 17:16:03
601,65.31,21789.9,-1728.94,2026/01/23 17:16:03
602,65.42,21789.8,-1731.82,2026/01/23 17:16:03
603,65.53,21787.9,-1729.62,2026/01/23 17:16:03
604,65.64,21792.2,-1730.09,2026/01/23 17:16:03
605,65.75,21788.3,-1732.4,2026/01/23 17:16:03
606,65.85,21791,-1729.05,2026/01/23 17:16:03
607,65.96,21789.7,-1732.47,2026/01/23 17:16:04
608,66.07,21792.2,-1730.75,2026/01/23 17:16:04
609,66.18,21790.4,-1730.73,2026/01/23 17:16:04
610,66.29,21792.8,-1732.25,2026/01/23 17:16:04
611,66.4,21794.3,-1729.56,2026/01/23 17:16:04
612,66.51,21789.4,-1732.78,2026/01/23 17:16:04
613,66.61,21798,-1729.41,2026/01/23 17:16:04
614,66.72,21790.7,-1734.42,2026/01/23 17:16:04
615,66.83,21798.5,-1728.67,2026/01/23 17:16:04
616,66.94,21794.8,-1732.27,2026/01/23 17:16:05
617,67.05,21796.2,-1729.88,2026/01/23 17:16:05
618,67.16,21799.4,-1730.81,2026/01/23 17:16:05
619,67.27,21794.4,-1731.79,2026/01/23 17:16:05
620,67.38,21798.8,-1730.98,2026/01/23 17:16:05
621,67.49,21796.5,-1732.79,2026/01/23 17:16:05
622,67.6,21799.7,-1731.1,2026/01/23 17:16:05
623,67.7,21794.8,-1730.25,2026/01/23 17:16:05
624,67.81,21801.4,-1731.4,2026/01/23 17:16:05
625,67.92,21795.9,-1730.92,2026/01/23 17:16:06
626,68.03,21801,-1730.59,2026/01/23 17:16:06
627,68.14,21800.5,-1731.12,2026/01/23 17:16:06
628,68.25,21799.8,-1730.38,2026/01/23 17:16:06
629,68.36,21805,-1730.96,2026/01/23 17:16:06
630,68.47,21799.6,-1732.37,2026/01/23 17:16:06
631,68.58,21803.8,-1730.01,2026/01/23 17:16:06
632,68.69,21802.7,-1732.51,2026/01/23 17:16:06
633,68.8,21804.4,-1731.04,2026/01/23 17:16:06
634,68.9,21803.3,-1730.22,2026/01/23 17:16:06
635,69.01,21804.4,-1731.72,2026/01/23 17:16:07
636,69.12,21804.2,-1730.54,2026/01/23 17:16:07
637,69.23,21803,-1732.4,2026/01/23 17:16:07
638,69.34,21807.1,-1730.07,2026/01/23 17:16:07
639,69.45,21800.6,-1733.09,2026/01/23 17:16:07
640,69.56,21810.1,-1727.22,2026/01/23 17:16:07
641,69.67,21802.5,-1735.21,2026/01/23 17:16:07
642,69.77,21808.1,-1728.5,2026/01/23 17:16:07
643,69.88,21806.3,-1732.43,2026/01/23 17:16:07
644,69.99,21803.2,-1731.43,2026/01/23 17:16:08
645,70.1,21808.3,-1729.4,2026/01/23 17:16:08
646,70.21,21804.5,-1732.3,2026/01/23 17:16:08
647,70.32,21808.3,-1730.55,2026/01/23 17:16:08
648,70.43,21803.5,-1729.11,2026/01/23 17:16:08
649,70.54,21807.7,-1732.58,2026/01/23 17:16:08
650,70.65,21804,-1730.71,2026/01/23 17:16:08
651,70.75,21806.1,-1731.14,2026/01/23 17:16:08
652,70.86,21804.7,-1731.75,2026/01/23 17:16:08
653,70.97,21801.7,-1730.85,2026/01/23 17:16:09
654,71.08,21806.5,-1729.6,2026/01/23 17:16:09
655,71.19,21801.1,-1732.33,2026/01/23 17:16:09
656,71.3,21804.6,-1728.5,2026/01/23 17:16:09
657,71.41,21802.9,-1733.68,2026/01/23 17:16:09
658,71.52,21803.8,-1730.46,2026/01/23 17:16:09
659,71.62,21802.7,-1731.35,2026/01/23 17:16:09
660,71.73,21802.1,-1731.84,2026/01/23 17:16:09
661,71.84,21803.3,-1728.57,2026/01/23 17:16:09
662,71.95,21798.5,-1732.08,2026/01/23 17:16:10
663,72.06,21805.8,-1729.14,2026/01/23 17:16:10
664,72.17,21796.3,-1732,2026/01/23 17:16:10
665,72.28,21804.5,-1729.01,2026/01/23 17:16:10
666,72.39,21799.1,-1732.96,2026/01/23 17:16:10
667,72.49,21798.6,-1731.19,2026/01/23 17:16:10
668,72.6,21801,-1730.57,2026/01/23 17:16:10
669,72.71,21796.1,-1730.75,2026/01/23 17:16:10
670,72.82,21799.6,-1728.95,2026/01/23 17:16:10
671,72.93,21796.5,-1730.95,2026/01/23 17:16:11
672,73.04,21797.1,-1731.21,2026/01/23 17:16:11
673,73.15,21795.3,-1730.87,2026/01/23 17:16:11
674,73.26,21796.5,-1731.19,2026/01/23 17:16:11
675,73.37,21794.6,-1730.84,2026/01/23 17:16:11
676,73.47,21795.3,-1730.06,2026/01/23 17:16:11
677,73.58,21796.7,-1729.86,2026/01/23 17:16:11
678,73.69,21792.8,-1731.28,2026/01/23 17:16:11
679,73.8,21799,-1727.29,2026/01/23 17:16:11
680,73.91,21793.7,-1734.42,2026/01/23 17:16:12
681,74.02,21799.3,-1726.46,2026/01/23 17:16:12
682,74.13,21796.5,-1734.32,2026/01/23 17:16:12
683,74.24,21798.5,-1729.83,2026/01/23 17:16:12
684,74.35,21798.8,-1730.21,2026/01/23 17:16:12
685,74.46,21797.5,-1732.58,2026/01/23 17:16:12
686,74.56,21801.3,-1727.48,2026/01/23 17:16:12
687,74.67,21798.7,-1732.04,2026/01/23 17:16:12
688,74.78,21802.4,-1730.22,2026/01/23 17:16:12
689,74.89,21796.1,-1730.85,2026/01/23 17:16:12
690,75,21803.7,-1730.95,2026/01/23 17:16:13
691,75.11,21797.5,-1730.57,2026/01/23 17:16:13
692,75.22,21803,-1729.97,2026/01/23 17:16:13
693,75.33,21803.2,-1731.39,2026/01/23 17:16:13
694,75.43,21799.8,-1730.89,2026/01/23 17:16:13
695,75.54,21805.3,-1729.75,2026/01/23 17:16:13
696,75.65,21802.4,-1731.74,2026/01/23 17:16:13
697,75.76,21805.4,-1728.8,2026/01/23 17:16:13
698,75.87,21802.8,-1732.45,2026/01/23 17:16:13
699,75.98,21803.7,-1731.05,2026/01/23 17:16:14
700,76.09,21803.7,-1731.5,2026/01/23 17:16:14
701,76.2,21803.9,-1733.01,2026/01/23 17:16:14
702,76.31,21805.4,-1728.42,2026/01/23 17:16:14
703,76.42,21802.2,-1732.82,2026/01/23 17:16:14
704,76.52,21808.9,-1729.78,2026/01/23 17:16:14
705,76.63,21801.2,-1732.66,2026/01/23 17:16:14
706,76.74,21810.4,-1729.35,2026/01/23 17:16:14
707,76.85,21805.3,-1732.08,2026/01/23 17:16:14
708,76.96,21808.4,-1729.75,2026/01/23 17:16:15
709,77.07,21812.1,-1730.91,2026/01/23 17:16:15
710,77.17,21808.7,-1732.27,2026/01/23 17:16:15
711,77.28,21811.4,-1730.87,2026/01/23 17:16:15
712,77.39,21810.7,-1731.33,2026/01/23 17:16:15
713,77.5,21813,-1731.39,2026/01/23 17:16:15
714,77.61,21810.9,-1731.64,2026/01/23 17:16:15
715,77.72,21814.9,-1730.57,2026/01/23 17:16:15
716,77.83,21812.9,-1730.88,2026/01/23 17:16:15
717,77.94,21812.6,-1733.38,2026/01/23 17:16:16
718,78.05,21816.9,-1729.91,2026/01/23 17:16:16
719,78.15,21810.9,-1733.63,2026/01/23 17:16:16
720,78.26,21820.3,-1727.42,2026/01/23 17:16:16
721,78.37,21814.5,-1735.49,2026/01/23 17:16:16
722,78.48,21819.1,-1729.75,2026/01/23 17:16:16
723,78.59,21820.9,-1730.93,2026/01/23 17:16:16
724,78.7,21816.6,-1732.64,2026/01/23 17:16:16
725,78.81,21821.6,-1730.7,2026/01/23 17:16:16
726,78.92,21818.6,-1733.49,2026/01/23 17:16:17
727,79.02,21821,-1731.11,2026/01/23 17:16:17
728,79.13,21819.5,-1730.83,2026/01/23 17:16:17
729,79.24,21823.6,-1732.18,2026/01/23 17:16:17
730,79.35,21821,-1731.44,2026/01/23 17:16:17
731,79.46,21823.4,-1731.5,2026/01/23 17:16:17
732,79.57,21821.2,-1731.73,2026/01/23 17:16:17
733,79.68,21821.6,-1730.16,2026/01/23 17:16:17
734,79.79,21825,-1730.45,2026/01/23 17:16:17
735,79.89,21819.7,-1733.21,2026/01/23 17:16:17
736,80,21823.6,-1727.6,2026/01/23 17:16:18
737,80.11,21821.1,-1734.56,2026/01/23 17:16:18
738,80.22,21822.1,-1730.62,2026/01/23 17:16:18
739,80.33,21824.6,-1730.13,2026/01/23 17:16:18
740,80.44,21821.5,-1732.69,2026/01/23 17:16:18
741,80.55,21825.5,-1730.8,2026/01/23 17:16:18
742,80.65,21820.7,-1731.65,2026/01/23 17:16:18
743,80.76,21827,-1732.75,2026/01/23 17:16:18
744,80.87,21820.8,-1731.45,2026/01/23 17:16:18
745,80.98,21826.1,-1731.08,2026/01/23 17:16:19
746,81.09,21824.7,-1730.93,2026/01/23 17:16:19
747,81.2,21823.9,-1731.03,2026/01/23 17:16:19
748,81.31,21828.6,-1731.16,2026/01/23 17:16:19
749,81.42,21823.4,-1734.11,2026/01/23 17:16:19
750,81.52,21827.1,-1729.61,2026/01/23 17:16:19
751,81.63,21825,-1734.52,2026/01/23 17:16:19
752,81.74,21826.3,-1729.65,2026/01/23 17:16:19
753,81.85,21827.8,-1732.12,2026/01/23 17:16:19
754,81.96,21827.6,-1732.25,2026/01/23 17:16:20
755,82.07,21827.7,-1731.67,2026/01/23 17:16:20
756,82.18,21827,-1734.12,2026/01/23 17:16:20
757,82.29,21830.4,-1730.82,2026/01/23 17:16:20
758,82.4,21825.5,-1733.65,2026/01/23 17:16:20
759,82.51,21837.3,-1728.49,2026/01/23 17:16:20
760,82.62,21828.7,-1734.17,2026/01/23 17:16:20
761,82.73,21837.9,-1728.74,2026/01/23 17:16:20
762,82.83,21831.7,-1735.1,2026/01/23 17:16:20
763,82.94,21834.9,-1729.31,2026/01/23 17:16:21
764,83.05,21835.2,-1732.75,2026/01/23 17:16:21
765,83.16,21834.1,-1732.89,2026/01/23 17:16:21
766,83.27,21839.2,-1729.68,2026/01/23 17:16:21
767,83.38,21836.8,-1732.81,2026/01/23 17:16:21
768,83.49,21841.2,-1731.26,2026/01/23 17:16:21
769,83.6,21839.1,-1730.51,2026/01/23 17:16:21
770,83.7,21843.3,-1733.44,2026/01/23 17:16:21
771,83.81,21839.8,-1730.79,2026/01/23 17:16:21
772,83.92,21844.1,-1731.78,2026/01/23 17:16:22
773,84.03,21844.2,-1731.73,2026/01/23 17:16:22
774,84.14,21844.6,-1730.68,2026/01/23 17:16:22
775,84.25,21847.9,-1731.17,2026/01/23 17:16:22
776,84.36,21842.8,-1733.29,2026/01/23 17:16:22
777,84.47,21848.8,-1730.4,2026/01/23 17:16:22
778,84.58,21844.5,-1736.11,2026/01/23 17:16:22
779,84.69,21847.1,-1729.94,2026/01/23 17:16:22
780,84.8,21845.8,-1733.88,2026/01/23 17:16:22
781,84.9,21846.6,-1732.11,2026/01/23 17:16:22
782,85.01,21849.6,-1731.16,2026/01/23 17:16:23
783,85.12,21848.3,-1733.9,2026/01/23 17:16:23
784,85.23,21852.3,-1729.96,2026/01/23 17:16:23
785,85.34,21850.9,-1733.18,2026/01/23 17:16:23
786,85.45,21856.6,-1731.71,2026/01/23 17:16:23
787,85.56,21851.1,-1730.46,2026/01/23 17:16:23
788,85.67,21859.2,-1732.92,2026/01/23 17:16:23
789,85.77,21855,-1732,2026/01/23 17:16:23
790,85.88,21859.1,-1731.07,2026/01/23 17:16:23
791,85.99,21859.3,-1732.89,2026/01/23 17:16:24
792,86.1,21858.1,-1731.52,2026/01/23 17:16:24
793,86.21,21862.9,-1731.88,2026/01/23 17:16:24
794,86.32,21860.2,-1735.65,2026/01/23 17:16:24
795,86.43,21861.9,-1729.59,2026/01/23 17:16:24
796,86.54,21862.8,-1734.83,2026/01/23 17:16:24
797,86.64,21864.8,-1732.14,2026/01/23 17:16:24
798,86.75,21867.2,-1734.17,2026/01/23 17:16:24
799,86.86,21866.3,-1735.46,2026/01/23 17:16:24
800,86.97,21871.1,-1731.61,2026/01/23 17:16:25
801,87.08,21868.9,-1733.83,2026/01/23 17:16:25
802,87.19,21877.7,-1733.04,2026/01/23 17:16:25
803,87.3,21870.8,-1733.8,2026/01/23 17:16:25
804,87.41,21881.4,-1731.49,2026/01/23 17:16:25
805,87.52,21873.8,-1735.61,2026/01/23 17:16:25
806,87.63,21883.8,-1731.74,2026/01/23 17:16:25
807,87.74,21880.9,-1735.18,2026/01/23 17:16:25
808,87.84,21881.7,-1734,2026/01/23 17:16:25
809,87.95,21888.4,-1733.34,2026/01/23 17:16:26
810,88.06,21884.8,-1733.83,2026/01/23 17:16:26
811,88.17,21890.2,-1730.86,2026/01/23 17:16:26
812,88.28,21890.9,-1733.85,2026/01/23 17:16:26
813,88.39,21892,-1732.61,2026/01/23 17:16:26
814,88.5,21890.1,-1733.73,2026/01/23 17:16:26
815,88.61,21892.7,-1734.32,2026/01/23 17:16:26
816,88.71,21895.8,-1733.3,2026/01/23 17:16:26
817,88.82,21905,-1734.06,2026/01/23 17:16:26
818,88.93,21913,-1733.55,2026/01/23 17:16:27
819,89.04,21915,-1736.81,2026/01/23 17:16:27
820,89.15,21937.9,-1732.75,2026/01/23 17:16:27
821,89.26,21949.6,-1737.64,2026/01/23 17:16:27
822,89.37,21954.2,-1732.97,2026/01/23 17:16:27
823,89.47,21935,-1733.97,2026/01/23 17:16:27
824,89.58,21908.9,-1733.58,2026/01/23 17:16:27
825,89.69,21901.8,-1731.57,2026/01/23 17:16:27
826,89.8,21909.7,-1735.99,2026/01/23 17:16:27
827,89.91,21920.3,-1734.26,2026/01/23 17:16:28
828,90.02,21933.2,-1735.49,2026/01/23 17:16:28
829,90.13,21952.7,-1736.64,2026/01/23 17:16:28
830,90.24,21960.6,-1734.41,2026/01/23 17:16:28
831,90.34,21942.3,-1735.83,2026/01/23 17:16:28
832,90.45,21922.1,-1731.5,2026/01/23 17:16:28
833,90.56,21900.1,-1735.55,2026/01/23 17:16:28
834,90.67,21920.8,-1734.44,2026/01/23 17:16:28
835,90.78,21923,-1735.58,2026/01/23 17:16:28
836,90.89,21944.6,-1735.47,2026/01/23 17:16:28
837,91,21959.4,-1737.42,2026/01/23 17:16:29
838,91.11,21955.8,-1732.49,2026/01/23 17:16:29
839,91.22,21936,-1734.59,2026/01/23 17:16:29
840,91.32,21910.5,-1733.86,2026/01/23 17:16:29
841,91.44,21914.4,-1734.48,2026/01/23 17:16:29
842,91.54,21921,-1736.9,2026/01/23 17:16:29
843,91.65,21932.9,-1735.89,2026/01/23 17:16:29
844,91.76,21946,-1736.12,2026/01/23 17:16:29
845,91.87,21963,-1735.72,2026/01/23 17:16:29
846,91.98,21968.2,-1735.01,2026/01/23 17:16:30
847,92.09,21958.7,-1735.12,2026/01/23 17:16:30
848,92.2,21937.4,-1731.94,2026/01/23 17:16:30
849,92.3,21914.5,-1735.79,2026/01/23 17:16:30
850,92.41,21926.1,-1733.46,2026/01/23 17:16:30
851,92.52,21925.4,-1736.63,2026/01/23 17:16:30
852,92.63,21942.6,-1733.8,2026/01/23 17:16:30
853,92.74,21959.3,-1737.02,2026/01/23 17:16:30
854,92.85,21969.4,-1736.64,2026/01/23 17:16:30
855,92.96,21970.4,-1734.62,2026/01/23 17:16:31
856,93.06,21946.6,-1734.36,2026/01/23 17:16:31
857,93.17,21931,-1733.39,2026/01/23 17:16:31
858,93.28,21923.5,-1734.55,2026/01/23 17:16:31
859,93.39,21932.2,-1736.48,2026/01/23 17:16:31
860,93.5,21943.2,-1735.42,2026/01/23 17:16:31
861,93.61,21965.4,-1737.87,2026/01/23 17:16:31
862,93.72,21973.1,-1736.53,2026/01/23 17:16:31
863,93.83,21968.6,-1735.23,2026/01/23 17:16:31
864,93.94,21948,-1735.23,2026/01/23 17:16:32
865,94.05,21928.7,-1734.62,2026/01/23 17:16:32
866,94.16,21928.5,-1733.32,2026/01/23 17:16:32
867,94.26,21931,-1738.6,2026/01/23 17:16:32
868,94.37,21947.9,-1732.89,2026/01/23 17:16:32
869,94.48,21964.4,-1739.05,2026/01/23 17:16:32
870,94.59,21979.8,-1734.72,2026/01/23 17:16:32
871,94.7,21972.1,-1735.51,2026/01/23 17:16:32
872,94.81,21954.3,-1735.22,2026/01/23 17:16:32
873,94.92,21936.8,-1733.27,2026/01/23 17:16:33
874,95.03,21925.6,-1738.67,2026/01/23 17:16:33
875,95.14,21940.5,-1734.64,2026/01/23 17:16:33
876,95.24,21948.1,-1737.68,2026/01/23 17:16:33
877,95.35,21975.6,-1736.06,2026/01/23 17:16:33
878,95.46,21986,-1738.81,2026/01/23 17:16:33
879,95.57,21988.8,-1735.01,2026/01/23 17:16:33
880,95.68,21964.6,-1737.02,2026/01/23 17:16:33
881,95.79,21948.6,-1732.71,2026/01/23 17:16:33
882,95.9,21938.8,-1735.06,2026/01/23 17:16:33
883,96.01,21943.2,-1735.96,2026/01/23 17:16:34
884,96.12,21955.5,-1736.29,2026/01/23 17:16:34
885,96.23,21962.7,-1738.11,2026/01/23 17:16:34
886,96.33,21982,-1737.35,2026/01/23 17:16:34
887,96.44,21998.1,-1738.4,2026/01/23 17:16:34
888,96.55,22001.8,-1735.92,2026/01/23 17:16:34
889,96.66,21978.9,-1734.71,2026/01/23 17:16:34
890,96.77,21954.7,-1738.38,2026/01/23 17:16:34
891,96.88,21949.1,-1734.07,2026/01/23 17:16:34
892,96.99,21950.3,-1738.19,2026/01/23 17:16:35
893,97.09,21969,-1735.93,2026/01/23 17:16:35
894,97.2,21978.8,-1739.52,2026/01/23 17:16:35
895,97.31,22000.8,-1735.24,2026/01/23 17:16:35
896,97.42,22000.6,-1738.21,2026/01/23 17:16:35
897,97.53,22000.6,-1735.48,2026/01/23 17:16:35
898,97.64,21985.3,-1736.57,2026/01/23 17:16:35
899,97.75,21958,-1733.67,2026/01/23 17:16:35
900,97.86,21943.4,-1734.96,2026/01/23 17:16:35
901,97.97,21948.8,-1736.8,2026/01/23 17:16:36
902,98.07,21948.2,-1734.14,2026/01/23 17:16:36
903,98.18,21945.1,-1735.55,2026/01/23 17:16:36
904,98.29,21948.4,-1735.6,2026/01/23 17:16:36
905,98.4,21947.7,-1734.99,2026/01/23 17:16:36
906,98.51,21947.2,-1737.24,2026/01/23 17:16:36
907,98.62,21949.2,-1732.72,2026/01/23 17:16:36
908,98.73,21945.7,-1736.43,2026/01/23 17:16:36
909,98.84,21951.9,-1734.31,2026/01/23 17:16:36
910,98.95,21943.9,-1737.96,2026/01/23 17:16:37
911,99.05,21951.5,-1733.65,2026/01/23 17:16:37
912,99.16,21945,-1738.37,2026/01/23 17:16:37
913,99.27,21949.1,-1733.73,2026/01/23 17:16:37
914,99.38,21947.6,-1737.64,2026/01/23 17:16:37
915,99.49,21946.4,-1734.99,2026/01/23 17:16:37
916,99.6,21949.8,-1735.95,2026/01/23 17:16:37
917,99.71,21946.2,-1735.98,2026/01/23 17:16:37
918,99.82,21949.7,-1735.36,2026/01/23 17:16:37
919,99.93,21947.8,-1736.63,2026/01/23 17:16:38
920,100.04,21950.7,-1736.76,2026/01/23 17:16:38
921,100.15,21946.5,-1735.08,2026/01/23 17:16:38
922,100.25,21951.4,-1736.42,2026/01/23 17:16:38
923,100.36,21947.2,-1735.18,2026/01/23 17:16:38
924,100.47,21947,-1738.65,2026/01/23 17:16:38
925,100.58,21952.4,-1733.98,2026/01/23 17:16:38
926,100.69,21943.2,-1737.34,2026/01/23 17:16:38
927,100.8,21951,-1733.68,2026/01/23 17:16:38
928,100.9,21944.4,-1737.14,2026/01/23 17:16:38
929,101.01,21948.6,-1734.65,2026/01/23 17:16:39
930,101.12,21948.1,-1735.63,2026/01/23 17:16:39
931,101.23,21943.5,-1735.55,2026/01/23 17:16:39
932,101.34,21948,-1735,2026/01/23 17:16:39
933,101.45,21946.9,-1738.12,2026/01/23 17:16:39
934,101.55,21946.3,-1735.45,2026/01/23 17:16:39
935,101.66,21949,-1735.89,2026/01/23 17:16:39
936,101.77,21946.2,-1738.38,2026/01/23 17:16:39
937,101.88,21950.1,-1737.64,2026/01/23 17:16:39
938,101.99,21945.9,-1735.05,2026/01/23 17:16:40
939,102.1,21952.8,-1737.41,2026/01/23 17:16:40
940,102.21,21947.5,-1736.79,2026/01/23 17:16:40
941,102.32,21953.8,-1735.93,2026/01/23 17:16:40
942,102.42,21948.3,-1737.01,2026/01/23 17:16:40
943,102.53,21949.7,-1735.2,2026/01/23 17:16:40
944,102.64,21953.4,-1735.7,2026/01/23 17:16:40
945,102.75,21947.1,-1737.23,2026/01/23 17:16:40
946,102.86,21953.3,-1732.73,2026/01/23 17:16:40
947,102.97,21950.3,-1740.66,2026/01/23 17:16:41
948,103.07,21952.2,-1735.54,2026/01/23 17:16:41
949,103.18,21954.7,-1734.47,2026/01/23 17:16:41
950,103.29,21951.5,-1738.33,2026/01/23 17:16:41
951,103.4,21954.5,-1736.27,2026/01/23 17:16:41
952,103.51,21951.3,-1736.01,2026/01/23 17:16:41
953,103.62,21956,-1738.69,2026/01/23 17:16:41
954,103.73,21949.6,-1736.76,2026/01/23 17:16:41
955,103.84,21954.9,-1737.29,2026/01/23 17:16:41
956,103.95,21951.4,-1736.03,2026/01/23 17:16:42
957,104.05,21952.1,-1736.51,2026/01/23 17:16:42
958,104.16,21954.2,-1736.3,2026/01/23 17:16:42
959,104.27,21948.6,-1736.93,2026/01/23 17:16:42
960,104.38,21954.3,-1734.77,2026/01/23 17:16:42
961,104.49,21949.3,-1738.56,2026/01/23 17:16:42
962,104.6,21954.5,-1733.18,2026/01/23 17:16:42
963,104.71,21951.2,-1740.36,2026/01/23 17:16:42
964,104.82,21953.3,-1734.59,2026/01/23 17:16:42
965,104.93,21953.4,-1738.44,2026/01/23 17:16:43
966,105.04,21953,-1736.56,2026/01/23 17:16:43
967,105.14,21955.1,-1734.85,2026/01/23 17:16:43
968,105.25,21952.5,-1739.59,2026/01/23 17:16:43
969,105.36,21955.6,-1735.02,2026/01/23 17:16:43
970,105.47,21950.8,-1737.5,2026/01/23 17:16:43
971,105.58,21959.3,-1737.62,2026/01/23 17:16:43
972,105.69,21953.2,-1737.23,2026/01/23 17:16:43
973,105.8,21958.7,-1737.08,2026/01/23 17:16:43
974,105.91,21955.2,-1738.08,2026/01/23 17:16:43
975,106.01,21956.7,-1735.11,2026/01/23 17:16:44
976,106.12,21961.4,-1737.26,2026/01/23 17:16:44
977,106.23,21956.3,-1738.16,2026/01/23 17:16:44
978,106.34,21961.3,-1735.2,2026/01/23 17:16:44
979,106.45,21958.8,-1738.68,2026/01/23 17:16:44
980,106.56,21959.6,-1735.11,2026/01/23 17:16:44
981,106.67,21960.4,-1738.28,2026/01/23 17:16:44
982,106.78,21959.4,-1737.06,2026/01/23 17:16:44
983,106.88,21961.3,-1734.35,2026/01/23 17:16:44
984,106.99,21958.9,-1738.92,2026/01/23 17:16:45
985,107.1,21962.5,-1735.26,2026/01/23 17:16:45
986,107.21,21955.7,-1738.3,2026/01/23 17:16:45
987,107.32,21963.4,-1736.13,2026/01/23 17:16:45
988,107.43,21954.1,-1738.91,2026/01/23 17:16:45
989,107.54,21962.6,-1734.64,2026/01/23 17:16:45
990,107.65,21955.4,-1739.46,2026/01/23 17:16:45
991,107.76,21958.8,-1735.05,2026/01/23 17:16:45
992,107.87,21960,-1737.51,2026/01/23 17:16:45
993,107.97,21955.2,-1736.5,2026/01/23 17:16:46
994,108.08,21959.8,-1736,2026/01/23 17:16:46
995,108.19,21958,-1737.66,2026/01/23 17:16:46
996,108.3,21958.3,-1736.71,2026/01/23 17:16:46
997,108.41,21956.1,-1738.33,2026/01/23 17:16:46
998,108.52,21958,-1737.75,2026/01/23 17:16:46
999,108.63,21956.9,-1736.27,2026/01/23 17:16:46
1000,108.74,21956.4,-1738,2026/01/23 17:16:46
1001,108.85,21957.1,-1735.08,2026/01/23 17:16:46
1002,108.95,21953,-1738.54,2026/01/23 17:16:47
1003,109.06,21960,-1735.86,2026/01/23 17:16:47
1004,109.17,21950.5,-1739.9,2026/01/23 17:16:47
1005,109.28,21958.2,-1733.47,2026/01/23 17:16:47
1006,109.39,21951.5,-1739.44,2026/01/23 17:16:47
1007,109.5,21954.8,-1735.32,2026/01/23 17:16:47
1008,109.61,21953.1,-1738.53,2026/01/23 17:16:47
1009,109.72,21951.4,-1737.14,2026/01/23 17:16:47
1010,109.83,21955.8,-1736.98,2026/01/23 17:16:47
1011,109.93,21950.9,-1737.45,2026/01/23 17:16:48
1012,110.04,21952.8,-1737.78,2026/01/23 17:16:48
1013,110.15,21951.7,-1737.33,2026/01/23 17:16:48
1014,110.26,21953.4,-1738.21,2026/01/23 17:16:48
1015,110.37,21950.4,-1737.11,2026/01/23 17:16:48
1016,110.48,21953,-1737.07,2026/01/23 17:16:48
1017,110.59,21950.4,-1736.19,2026/01/23 17:16:48
1018,110.7,21951.9,-1736.77,2026/01/23 17:16:48
1019,110.81,21952.5,-1736.42,2026/01/23 17:16:48
1020,110.91,21947,-1739.24,2026/01/23 17:16:49
1021,111.02,21956.3,-1734.37,2026/01/23 17:16:49
1022,111.13,21947.3,-1740.75,2026/01/23 17:16:49
1023,111.24,21954.1,-1735.07,2026/01/23 17:16:49
1024,111.35,21949.6,-1739,2026/01/23 17:16:49
1025,111.46,21948.6,-1737.97,2026/01/23 17:16:49
1026,111.57,21953.6,-1736.05,2026/01/23 17:16:49
1027,111.68,21948.2,-1736.88,2026/01/23 17:16:49
1028,111.78,21952.4,-1735.71,2026/01/23 17:16:49
1029,111.89,21949.7,-1737.58,2026/01/23 17:16:49
1030,112,21950.5,-1737.34,2026/01/23 17:16:50
1031,112.11,21949.1,-1737.3,2026/01/23 17:16:50
1032,112.22,21950.8,-1737.78,2026/01/23 17:16:50
1033,112.33,21949.6,-1737.01,2026/01/23 17:16:50
1034,112.44,21950.1,-1739.4,2026/01/23 17:16:50
1035,112.55,21954.6,-1736.75,2026/01/23 17:16:50
1036,112.65,21946.9,-1738.1,2026/01/23 17:16:50
1037,112.76,21956.1,-1736.38,2026/01/23 17:16:50
1038,112.87,21948.3,-1738.64,2026/01/23 17:16:50
1039,112.98,21954.4,-1734.81,2026/01/23 17:16:51
1040,113.09,21952.4,-1738.79,2026/01/23 17:16:51
1041,113.2,21953,-1735.82,2026/01/23 17:16:51
1042,113.31,21957.2,-1736.05,2026/01/23 17:16:51
1043,113.41,21953.4,-1741.49,2026/01/23 17:16:51
1044,113.52,21956.8,-1734.63,2026/01/23 17:16:51
1045,113.63,21954,-1739.86,2026/01/23 17:16:51
1046,113.74,21955.3,-1736.53,2026/01/23 17:16:51
1047,113.85,21956.5,-1737.75,2026/01/23 17:16:51
1048,113.96,21954.8,-1739.02,2026/01/23 17:16:52
1049,114.07,21959.1,-1734.03,2026/01/23 17:16:52
1050,114.18,21954.4,-1739.84,2026/01/23 17:16:52
1051,114.29,21957.2,-1736.25,2026/01/23 17:16:52
1052,114.4,21954.3,-1738.1,2026/01/23 17:16:52
1053,114.5,21960.9,-1737,2026/01/23 17:16:52
1054,114.61,21955.3,-1736.54,2026/01/23 17:16:52
1055,114.72,21961.8,-1737.46,2026/01/23 17:16:52
1056,114.83,21958.6,-1737.44,2026/01/23 17:16:52
1057,114.94,21961.3,-1736.25,2026/01/23 17:16:53
1058,115.05,21960.7,-1737.54,2026/01/23 17:16:53
1059,115.16,21959.1,-1737.83,2026/01/23 17:16:53
1060,115.27,21965.6,-1734.96,2026/01/23 17:16:53
1061,115.38,21959,-1739.1,2026/01/23 17:16:53
1062,115.48,21967.4,-1733.68,2026/01/23 17:16:53
1063,115.59,21963.2,-1741.62,2026/01/23 17:16:53
1064,115.7,21968.2,-1733.43,2026/01/23 17:16:53
1065,115.81,21968.8,-1738.75,2026/01/23 17:16:53
1066,115.92,21969.9,-1736.8,2026/01/23 17:16:54
1067,116.03,21973.4,-1735.29,2026/01/23 17:16:54
1068,116.14,21970.8,-1738.87,2026/01/23 17:16:54
1069,116.25,21973.5,-1737.23,2026/01/23 17:16:54
1070,116.35,21973.2,-1737.62,2026/01/23 17:16:54
1071,116.46,21974.8,-1737.64,2026/01/23 17:16:54
1072,116.57,21974,-1737.7,2026/01/23 17:16:54
1073,116.68,21975.5,-1737.32,2026/01/23 17:16:54
1074,116.79,21974.9,-1737.62,2026/01/23 17:16:54
1075,116.9,21976.5,-1737.8,2026/01/23 17:16:54
1076,117.01,21979.2,-1735.91,2026/01/23 17:16:55
1077,117.12,21977,-1738.56,2026/01/23 17:16:55
1078,117.23,21983.2,-1736,2026/01/23 17:16:55
1079,117.34,21974.7,-1739.22,2026/01/23 17:16:55
1080,117.44,21984.2,-1737.03,2026/01/23 17:16:55
1081,117.55,21977.9,-1738.82,2026/01/23 17:16:55
1082,117.66,21983.5,-1737.07,2026/01/23 17:16:55
1083,117.77,21979.3,-1738.2,2026/01/23 17:16:55
1084,117.88,21982.6,-1736.93,2026/01/23 17:16:55
1085,117.99,21983.5,-1738.34,2026/01/23 17:16:56
1086,118.1,21980.4,-1737.06,2026/01/23 17:16:56
1087,118.21,21986.7,-1737.07,2026/01/23 17:16:56
1088,118.32,21980.8,-1739.49,2026/01/23 17:16:56
1089,118.43,21986.7,-1735.55,2026/01/23 17:16:56
1090,118.54,21982.1,-1739.23,2026/01/23 17:16:56
1091,118.65,21987,-1733.45,2026/01/23 17:16:56
1092,118.75,21984.1,-1741,2026/01/23 17:16:56
1093,118.86,21987.1,-1736.63,2026/01/23 17:16:56
1094,118.97,21989.8,-1739.62,2026/01/23 17:16:57
1095,119.08,21987.9,-1737.94,2026/01/23 17:16:57
1096,119.19,21993.5,-1738.26,2026/01/23 17:16:57
1097,119.3,21988.3,-1738.12,2026/01/23 17:16:57
1098,119.41,21992.9,-1736.87,2026/01/23 17:16:57
1099,119.52,21992,-1739.76,2026/01/23 17:16:57
1100,119.62,21994.8,-1736.29,2026/01/23 17:16:57
1101,119.73,21992.7,-1740.13,2026/01/23 17:16:57
1102,119.84,21994.8,-1736.54,2026/01/23 17:16:57
1103,119.95,21995.4,-1739.02,2026/01/23 17:16:58
1104,120.06,21996.4,-1738.61,2026/01/23 17:16:58
1105,120.17,21998.6,-1736.55,2026/01/23 17:16:58
1106,120.28,21993.8,-1740.68,2026/01/23 17:16:58
1107,120.39,21998.3,-1736.77,2026/01/23 17:16:58
1108,120.5,21998.3,-1737.63,2026/01/23 17:16:58
1109,120.61,21997.8,-1738.4,2026/01/23 17:16:58
1110,120.71,21997.6,-1738.1,2026/01/23 17:16:58
1111,120.82,21997.5,-1738.44,2026/01/23 17:16:58
1112,120.93,21999.4,-1737.78,2026/01/23 17:16:59
1113,121.04,21994.8,-1740.74,2026/01/23 17:16:59
1114,121.15,21998.9,-1738.18,2026/01/23 17:16:59
1115,121.26,21996.7,-1739.91,2026/01/23 17:16:59
1116,121.37,22006.4,-1740.04,2026/01/23 17:16:59
1117,121.48,22010.5,-1739.84,2026/01/23 17:16:59
1118,121.58,22018,-1739.14,2026/01/23 17:16:59
1119,121.69,22020.2,-1739.47,2026/01/23 17:16:59
1120,121.8,22028.7,-1740.37,2026/01/23 17:16:59
1121,121.91,22036.2,-1738.57,2026/01/23 17:17:00
1122,122.02,22039.1,-1742.66,2026/01/23 17:17:00
1123,122.13,22047.8,-1738.3,2026/01/23 17:17:00
1124,122.24,22049.8,-1741.14,2026/01/23 17:17:00
1125,122.35,22060.9,-1741.5,2026/01/23 17:17:00
1126,122.46,22067.8,-1739.84,2026/01/23 17:17:00
1127,122.56,22073.5,-1739.71,2026/01/23 17:17:00
1128,122.67,22076.4,-1742.27,2026/01/23 17:17:00
1129,122.78,22083.5,-1740.95,2026/01/23 17:17:00
1130,122.89,22088.4,-1740.66,2026/01/23 17:17:00
1131,123,22080.5,-1740.73,2026/01/23 17:17:01
1132,123.11,22057,-1737.39,2026/01/23 17:17:01
1133,123.22,22027.4,-1739.63,2026/01/23 17:17:01
1134,123.33,22007.8,-1736.46,2026/01/23 17:17:01
1135,123.43,22018.9,-1741.78,2026/01/23 17:17:01
1136,123.54,22029.7,-1739.66,2026/01/23 17:17:01
1137,123.65,22047.1,-1741.68,2026/01/23 17:17:01
1138,123.76,22061.6,-1742.02,2026/01/23 17:17:01
1139,123.87,22081,-1740.62,2026/01/23 17:17:01
1140,123.98,22085,-1742.22,2026/01/23 17:17:02
1141,124.09,22068.8,-1737.77,2026/01/23 17:17:02
1142,124.2,22042.1,-1740.92,2026/01/23 17:17:02
1143,124.3,22023.1,-1736.11,2026/01/23 17:17:02
1144,124.41,22020.1,-1741.41,2026/01/23 17:17:02
1145,124.52,22031.2,-1738.2,2026/01/23 17:17:02
1146,124.63,22047.4,-1740.49,2026/01/23 17:17:02
1147,124.74,22059.9,-1740.65,2026/01/23 17:17:02
1148,124.85,22074.6,-1742.52,2026/01/23 17:17:02
1149,124.96,22075.9,-1743.86,2026/01/23 17:17:03
1150,125.07,22084.6,-1738.33,2026/01/23 17:17:03
1151,125.18,22063.2,-1742.17,2026/01/23 17:17:03
1152,125.28,22040.3,-1735.49,2026/01/23 17:17:03
1153,125.39,22010.4,-1739.85,2026/01/23 17:17:03
1154,125.5,22018.4,-1738.51,2026/01/23 17:17:03
1155,125.61,22028.1,-1739.79,2026/01/23 17:17:03
1156,125.72,22041.5,-1739.87,2026/01/23 17:17:03
1157,125.83,22060.2,-1740.23,2026/01/23 17:17:03
1158,125.94,22069.6,-1742.68,2026/01/23 17:17:04
1159,126.05,22079.6,-1739.76,2026/01/23 17:17:04
1160,126.16,22054.1,-1739.7,2026/01/23 17:17:04
1161,126.26,22041.4,-1740.07,2026/01/23 17:17:04
1162,126.37,22019.2,-1739.57,2026/01/23 17:17:04
1163,126.48,22015.9,-1739.21,2026/01/23 17:17:04
1164,126.59,22020,-1740.37,2026/01/23 17:17:04
1165,126.7,22030.7,-1742.91,2026/01/23 17:17:04
1166,126.81,22047.5,-1738.68,2026/01/23 17:17:04
1167,126.92,22054.9,-1743.77,2026/01/23 17:17:05
1168,127.03,22068.2,-1742.21,2026/01/23 17:17:05
1169,127.14,22067.4,-1743.18,2026/01/23 17:17:05
1170,127.24,22050.7,-1739.68,2026/01/23 17:17:05
1171,127.35,22030.7,-1741.18,2026/01/23 17:17:05
1172,127.46,22014.7,-1739.86,2026/01/23 17:17:05
1173,127.57,22014.1,-1740.77,2026/01/23 17:17:05
1174,127.68,22020.7,-1741.72,2026/01/23 17:17:05
1175,127.79,22040.3,-1741.97,2026/01/23 17:17:05
1176,127.9,22052.2,-1744.21,2026/01/23 17:17:05
1177,128,22071.3,-1738.65,2026/01/23 17:17:06
1178,128.11,22070.9,-1743.12,2026/01/23 17:17:06
1179,128.22,22064.3,-1739.9,2026/01/23 17:17:06
1180,128.33,22035.5,-1741.18,2026/01/23 17:17:06
1181,128.44,22020.6,-1739.08,2026/01/23 17:17:06
1182,128.55,22007,-1741.04,2026/01/23 17:17:06
1183,128.66,22016.3,-1741.53,2026/01/23 17:17:06
1184,128.77,22027.5,-1738.88,2026/01/23 17:17:06
1185,128.88,22037.4,-1743.79,2026/01/23 17:17:06
1186,128.99,22057.1,-1741.74,2026/01/23 17:17:07
1187,129.09,22071.6,-1743.84,2026/01/23 17:17:07
1188,129.2,22081.8,-1742.41,2026/01/23 17:17:07
1189,129.31,22070.8,-1742.64,2026/01/23 17:17:07
1190,129.42,22051.8,-1738.87,2026/01/23 17:17:07
1191,129.53,22024.5,-1742.77,2026/01/23 17:17:07
1192,129.64,22013.8,-1738.85,2026/01/23 17:17:07
1193,129.75,22025.3,-1743.4,2026/01/23 17:17:07
1194,129.86,22037.6,-1740,2026/01/23 17:17:07
1195,129.97,22055.4,-1744.9,2026/01/23 17:17:08
1196,130.08,22073,-1742.43,2026/01/23 17:17:08
1197,130.19,22080.3,-1740.91,2026/01/23 17:17:08
1198,130.3,22057.5,-1742.33,2026/01/23 17:17:08
1199,130.41,22042.2,-1739.4,2026/01/23 17:17:08
1200,130.51,22013.2,-1741.1,2026/01/23 17:17:08
1201,130.62,22018.9,-1742.56,2026/01/23 17:17:08
1202,130.73,22024.3,-1740.61,2026/01/23 17:17:08
1203,130.84,22041.8,-1742.34,2026/01/23 17:17:08
1204,130.95,22058.7,-1742.1,2026/01/23 17:17:09
1205,131.06,22071.2,-1743.09,2026/01/23 17:17:09
1206,131.17,22078.5,-1741.32,2026/01/23 17:17:09
1207,131.28,22052.5,-1741.81,2026/01/23 17:17:09
1208,131.39,22034.7,-1740.16,2026/01/23 17:17:09
1209,131.49,22013.7,-1742.39,2026/01/23 17:17:09
1210,131.6,22025.3,-1739.38,2026/01/23 17:17:09
1211,131.71,22030.2,-1744.72,2026/01/23 17:17:09
1212,131.82,22056.3,-1739.86,2026/01/23 17:17:09
1213,131.93,22067.7,-1744.3,2026/01/23 17:17:10
1214,132.04,22090.4,-1743.71,2026/01/23 17:17:10
1215,132.15,22089.4,-1743.14,2026/01/23 17:17:10
1216,132.26,22086.7,-1742.01,2026/01/23 17:17:10
1217,132.37,22062.1,-1740.5,2026/01/23 17:17:10
1218,132.48,22034.3,-1741.49,2026/01/23 17:17:10
1219,132.58,22024.6,-1739.48,2026/01/23 17:17:10
1220,132.69,22026.4,-1743.61,2026/01/23 17:17:10
1221,132.8,22026,-1737.46,2026/01/23 17:17:10
1222,132.91,22023.2,-1745.81,2026/01/23 17:17:11
1223,133.02,22027.3,-1738.4,2026/01/23 17:17:11
1224,133.13,22024,-1742.9,2026/01/23 17:17:11
1225,133.24,22025.5,-1740.86,2026/01/23 17:17:11
1226,133.34,22024.1,-1742.19,2026/01/23 17:17:11
1227,133.45,22023.3,-1742.89,2026/01/23 17:17:11
1228,133.56,22026.1,-1739.66,2026/01/23 17:17:11
1229,133.67,22021.4,-1740.83,2026/01/23 17:17:11
1230,133.78,22026.7,-1743.16,2026/01/23 17:17:11
1231,133.89,22023.4,-1742.1,2026/01/23 17:17:11
1232,134,22023.6,-1741.22,2026/01/23 17:17:12
1233,134.11,22024.7,-1742.77,2026/01/23 17:17:12
1234,134.21,22022.5,-1741.22,2026/01/23 17:17:12
1235,134.33,22025.8,-1742.85,2026/01/23 17:17:12
1236,134.43,22022.1,-1740.63,2026/01/23 17:17:12
1237,134.54,22027.4,-1738,2026/01/23 17:17:12
1238,134.65,22019,-1744.22,2026/01/23 17:17:12
1239,134.76,22028.7,-1740.44,2026/01/23 17:17:12
1240,134.87,22021.6,-1741.78,2026/01/23 17:17:12
1241,134.98,22028.5,-1742.54,2026/01/23 17:17:13
1242,135.09,22023.8,-1741.04,2026/01/23 17:17:13
1243,135.2,22024.9,-1741.88,2026/01/23 17:17:13
1244,135.3,22028.5,-1741.02,2026/01/23 17:17:13
1245,135.42,22023.9,-1742.98,2026/01/23 17:17:13
1246,135.52,22029.3,-1740.91,2026/01/23 17:17:13
1247,135.63,22023.9,-1740.43,2026/01/23 17:17:13
1248,135.74,22029.4,-1740.61,2026/01/23 17:17:13
1249,135.85,22023.6,-1742.92,2026/01/23 17:17:13
1250,135.96,22032.3,-1738.01,2026/01/23 17:17:14
1251,136.07,22022,-1742.24,2026/01/23 17:17:14
1252,136.18,22029.9,-1742.08,2026/01/23 17:17:14
1253,136.29,22024.1,-1741.76,2026/01/23 17:17:14
1254,136.4,22026.3,-1742.25,2026/01/23 17:17:14
1255,136.5,22027.3,-1740.22,2026/01/23 17:17:14
1256,136.61,22023.8,-1744.18,2026/01/23 17:17:14
1257,136.72,22027.7,-1740.59,2026/01/23 17:17:14
1258,136.83,22024.5,-1743.57,2026/01/23 17:17:14
1259,136.94,22028.1,-1739.76,2026/01/23 17:17:15
1260,137.05,22024.8,-1745.19,2026/01/23 17:17:15
1261,137.16,22027.7,-1738.59,2026/01/23 17:17:15
1262,137.27,22024.2,-1743.27,2026/01/23 17:17:15
1263,137.37,22026.5,-1741.28,2026/01/23 17:17:15
1264,137.48,22025.6,-1741.14,2026/01/23 17:17:15
1265,137.59,22024.3,-1743.47,2026/01/23 17:17:15
1266,137.7,22028.9,-1740.11,2026/01/23 17:17:15
1267,137.81,22026,-1742.87,2026/01/23 17:17:15
1268,137.92,22027.7,-1743.06,2026/01/23 17:17:16
1269,138.03,22027.5,-1741.52,2026/01/23 17:17:16
1270,138.14,22028.7,-1740.97,2026/01/23 17:17:16
1271,138.25,22027.8,-1744.47,2026/01/23 17:17:16
1272,138.35,22028.3,-1740.75,2026/01/23 17:17:16
1273,138.46,22028.5,-1743.54,2026/01/23 17:17:16
1274,138.57,22027.1,-1741.23,2026/01/23 17:17:16
1275,138.68,22029.1,-1742.3,2026/01/23 17:17:16
1276,138.79,22025.8,-1742.28,2026/01/23 17:17:16
1277,138.9,22030.5,-1740.79,2026/01/23 17:17:16
1278,139.01,22022.6,-1743.86,2026/01/23 17:17:17
1279,139.12,22031.7,-1740.31,2026/01/23 17:17:17
1280,139.23,22022.5,-1740.6,2026/01/23 17:17:17
1281,139.34,22027.7,-1743.08,2026/01/23 17:17:17
1282,139.44,22024.8,-1740.94,2026/01/23 17:17:17
1283,139.55,22025.2,-1742.35,2026/01/23 17:17:17
1284,139.66,22028,-1740.87,2026/01/23 17:17:17
1285,139.77,22022.6,-1743.17,2026/01/23 17:17:17
1286,139.88,22027.4,-1740.59,2026/01/23 17:17:17
1287,139.99,22022.9,-1743.74,2026/01/23 17:17:18
1288,140.1,22027.2,-1737.44,2026/01/23 17:17:18
1289,140.2,22020.7,-1745.65,2026/01/23 17:17:18
1290,140.31,22027.8,-1739.94,2026/01/23 17:17:18
1291,140.42,22022.9,-1742.8,2026/01/23 17:17:18
1292,140.53,22024.6,-1742.01,2026/01/23 17:17:18
1293,140.64,22022.9,-1741.89,2026/01/23 17:17:18
1294,140.75,22022.7,-1744.07,2026/01/23 17:17:18
1295,140.86,22026.3,-1739.94,2026/01/23 17:17:18
1296,140.97,22022,-1743.56,2026/01/23 17:17:19
1297,141.08,22026.5,-1741.72,2026/01/23 17:17:19
1298,141.19,22023.8,-1742.01,2026/01/23 17:17:19
1299,141.29,22025.5,-1741.24,2026/01/23 17:17:19
1300,141.4,22025.3,-1744.06,2026/01/23 17:17:19
1301,141.51,22024.7,-1740.37,2026/01/23 17:17:19
1302,141.62,22026,-1744.53,2026/01/23 17:17:19
1303,141.73,22025.1,-1741.33,2026/01/23 17:17:19
1304,141.84,22026.8,-1743.91,2026/01/23 17:17:19
1305,141.95,22022.6,-1741.94,2026/01/23 17:17:20
1306,142.06,22029.7,-1740.02,2026/01/23 17:17:20
1307,142.17,22020.5,-1744.98,2026/01/23 17:17:20
1308,142.27,22030.1,-1741.67,2026/01/23 17:17:20
1309,142.38,22022.2,-1741.17,2026/01/23 17:17:20
1310,142.49,22027.2,-1742.8,2026/01/23 17:17:20
1311,142.6,22024.4,-1742.1,2026/01/23 17:17:20
1312,142.71,22024.8,-1742.62,2026/01/23 17:17:20
1313,142.82,22027,-1741.42,2026/01/23 17:17:20
1314,142.93,22024.2,-1744.79,2026/01/23 17:17:21
1315,143.04,22028.7,-1741.97,2026/01/23 17:17:21
1316,143.15,22024.9,-1743.45,2026/01/23 17:17:21
1317,143.25,22027.3,-1739.84,2026/01/23 17:17:21
1318,143.36,22026.1,-1743.95,2026/01/23 17:17:21
1319,143.47,22028.4,-1741.65,2026/01/23 17:17:21
1320,143.58,22027.5,-1741.9,2026/01/23 17:17:21
1321,143.69,22026.6,-1741.53,2026/01/23 17:17:21
1322,143.8,22030.7,-1740.57,2026/01/23 17:17:21
1323,143.91,22023.3,-1743.59,2026/01/23 17:17:21
1324,144.01,22032,-1740.71,2026/01/23 17:17:22
1325,144.12,22024.3,-1742.36,2026/01/23 17:17:22
1326,144.23,22029.9,-1742.88,2026/01/23 17:17:22
1327,144.34,22026.6,-1742.23,2026/01/23 17:17:22
1328,144.45,22025.8,-1743.66,2026/01/23 17:17:22
1329,144.56,22029.2,-1740.85,2026/01/23 17:17:22
1330,144.67,22025.4,-1743.17,2026/01/23 17:17:22
1331,144.77,22027.9,-1741.65,2026/01/23 17:17:22
1332,144.88,22026.6,-1743.07,2026/01/23 17:17:22
1333,144.99,22026.2,-1739.25,2026/01/23 17:17:23
1334,145.1,22024.4,-1745.84,2026/01/23 17:17:23
1335,145.21,22026.9,-1738.74,2026/01/23 17:17:23
1336,145.32,22023.9,-1744.69,2026/01/23 17:17:23
1337,145.43,22023.7,-1743.24,2026/01/23 17:17:23
1338,145.54,22024.5,-1743.68,2026/01/23 17:17:23
1339,145.65,22020.6,-1742.84,2026/01/23 17:17:23
1340,145.76,22028.4,-1739.92,2026/01/23 17:17:23
1341,145.86,22017.6,-1744.43,2026/01/23 17:17:23
1342,145.97,22026.8,-1741.51,2026/01/23 17:17:24
1343,146.08,22019.6,-1741.04,2026/01/23 17:17:24
1344,146.19,22024.4,-1743.57,2026/01/23 17:17:24
1345,146.3,22020.9,-1742.07,2026/01/23 17:17:24
1346,146.41,22020.9,-1744.29,2026/01/23 17:17:24
1347,146.52,22022.8,-1740.34,2026/01/23 17:17:24
1348,146.63,22020.9,-1743.64,2026/01/23 17:17:24
1349,146.73,22023.3,-1743.09,2026/01/23 17:17:24
1350,146.84,22022.5,-1742.43,2026/01/23 17:17:24
1351,146.95,22024.3,-1740.85,2026/01/23 17:17:25
1352,147.06,22024.8,-1745.96,2026/01/23 17:17:25
1353,147.17,22025,-1740.76,2026/01/23 17:17:25
1354,147.28,22027,-1745.19,2026/01/23 17:17:25
1355,147.39,22026.5,-1742.21,2026/01/23 17:17:25
1356,147.5,22029.9,-1743.04,2026/01/23 17:17:25
1357,147.61,22026.8,-1742.64,2026/01/23 17:17:25
1358,147.71,22033.4,-1741.94,2026/01/23 17:17:25
1359,147.82,22027.2,-1746.22,2026/01/23 17:17:25
1360,147.93,22036.9,-1741.26,2026/01/23 17:17:26
1361,148.04,22030.1,-1743.17,2026/01/23 17:17:26
1362,148.15,22034.9,-1742.36,2026/01/23 17:17:26
1363,148.26,22034.1,-1742.8,2026/01/23 17:17:26
1364,148.37,22035.9,-1743.88,2026/01/23 17:17:26
1365,148.48,22038.3,-1741.85,2026/01/23 17:17:26
1366,148.58,22035.3,-1745.05,2026/01/23 17:17:26
1367,148.69,22040.4,-1742.03,2026/01/23 17:17:26
1368,148.8,22034.9,-1743.71,2026/01/23 17:17:26
1369,148.91,22040.2,-1743.88,2026/01/23 17:17:27
1370,149.02,22037.1,-1743.67,2026/01/23 17:17:27
1371,149.13,22038.7,-1743.55,2026/01/23 17:17:27
1372,149.24,22041.8,-1743.41,2026/01/23 17:17:27
1373,149.35,22039,-1744.29,2026/01/23 17:17:27
1374,149.46,22044.7,-1742.55,2026/01/23 17:17:27
1375,149.56,22041.9,-1745.26,2026/01/23 17:17:27
1376,149.67,22045.6,-1740.81,2026/01/23 17:17:27
1377,149.78,22044.7,-1746.39,2026/01/23 17:17:27
1378,149.89,22046.8,-1742.04,2026/01/23 17:17:27
1379,150,22049,-1744.47,2026/01/23 17:17:28
1380,150.1,22044.2,-1743.06,2026/01/23 17:17:28
1381,150.21,22052.1,-1741.5,2026/01/23 17:17:28
1382,150.32,22045.6,-1747.54,2026/01/23 17:17:28
1383,150.43,22053,-1741.07,2026/01/23 17:17:28
1384,150.54,22049.5,-1744.8,2026/01/23 17:17:28
1385,150.65,22050.4,-1742.7,2026/01/23 17:17:28
1386,150.76,22052,-1744.72,2026/01/23 17:17:28
1387,150.86,22049.9,-1744.73,2026/01/23 17:17:28
1388,150.97,22056.2,-1742.84,2026/01/23 17:17:29
1389,151.08,22049.5,-1745.97,2026/01/23 17:17:29
1390,151.19,22059.3,-1743.12,2026/01/23 17:17:29
1391,151.3,22051,-1743.99,2026/01/23 17:17:29
1392,151.41,22057.8,-1744.31,2026/01/23 17:17:29
1393,151.52,22052.9,-1744.75,2026/01/23 17:17:29
1394,151.63,22057.5,-1743.03,2026/01/23 17:17:29
1395,151.74,22056.7,-1743.92,2026/01/23 17:17:29
1396,151.85,22057.7,-1745.11,2026/01/23 17:17:29
1397,151.95,22059.6,-1741.53,2026/01/23 17:17:30
1398,152.06,22056.2,-1745.67,2026/01/23 17:17:30
1399,152.17,22060.1,-1745.07,2026/01/23 17:17:30
1400,152.28,22057.3,-1744.21,2026/01/23 17:17:30
1401,152.39,22060.2,-1743.98,2026/01/23 17:17:30
1402,152.5,22059.4,-1744.47,2026/01/23 17:17:30
1403,152.61,22058.3,-1744.41,2026/01/23 17:17:30
1404,152.71,22061.3,-1742.82,2026/01/23 17:17:30
1405,152.82,22058.2,-1746.52,2026/01/23 17:17:30
1406,152.93,22063.6,-1742.58,2026/01/23 17:17:31
1407,153.04,22059.8,-1745.27,2026/01/23 17:17:31
1408,153.15,22064.2,-1743.75,2026/01/23 17:17:31
1409,153.26,22062.7,-1746.38,2026/01/23 17:17:31
1410,153.37,22065.3,-1742.26,2026/01/23 17:17:31
1411,153.48,22063.4,-1746.59,2026/01/23 17:17:31
1412,153.59,22064.8,-1742.95,2026/01/23 17:17:31
1413,153.7,22066.1,-1745.44,2026/01/23 17:17:31
1414,153.81,22064.1,-1745.61,2026/01/23 17:17:31
1415,153.91,22068.6,-1744.69,2026/01/23 17:17:32
1416,154.02,22063.1,-1745.05,2026/01/23 17:17:32
1417,154.13,22069.3,-1743.61,2026/01/23 17:17:32
1418,154.24,22063.6,-1746.07,2026/01/23 17:17:32
1419,154.35,22068.2,-1741.2,2026/01/23 17:17:32
1420,154.46,22064.2,-1748.11,2026/01/23 17:17:32
1421,154.57,22067.8,-1741.36,2026/01/23 17:17:32
1422,154.68,22064.9,-1745.66,2026/01/23 17:17:32
1423,154.79,22064,-1743.13,2026/01/23 17:17:32
1424,154.89,22066.6,-1745.16,2026/01/23 17:17:32
1425,155,22062.1,-1744.43,2026/01/23 17:17:33
1426,155.11,22067.1,-1743.85,2026/01/23 17:17:33
1427,155.22,22061,-1746.94,2026/01/23 17:17:33
1428,155.33,22067.2,-1740.1,2026/01/23 17:17:33
1429,155.44,22061.8,-1747.03,2026/01/23 17:17:33
1430,155.55,22066.5,-1742.28,2026/01/23 17:17:33
1431,155.66,22064.1,-1746.46,2026/01/23 17:17:33
1432,155.77,22065.5,-1744.1,2026/01/23 17:17:33
1433,155.87,22066.3,-1745.25,2026/01/23 17:17:33
1434,155.98,22065.5,-1742.86,2026/01/23 17:17:34
1435,156.09,22070.3,-1744.07,2026/01/23 17:17:34
1436,156.2,22064.5,-1745.43,2026/01/23 17:17:34
1437,156.31,22070.5,-1742.12,2026/01/23 17:17:34
1438,156.42,22063.4,-1746.89,2026/01/23 17:17:34
1439,156.53,22070.9,-1740.99,2026/01/23 17:17:34
1440,156.64,22063.5,-1746.54,2026/01/23 17:17:34
1441,156.75,22069.4,-1742.14,2026/01/23 17:17:34
1442,156.86,22066.8,-1745.77,2026/01/23 17:17:34
1443,156.97,22067.8,-1742.6,2026/01/23 17:17:35
1444,157.07,22071.5,-1744.12,2026/01/23 17:17:35
1445,157.18,22066.7,-1746,2026/01/23 17:17:35
1446,157.29,22073.9,-1741.55,2026/01/23 17:17:35
1447,157.4,22067,-1748.09,2026/01/23 17:17:35
1448,157.51,22076.7,-1740.9,2026/01/23 17:17:35
1449,157.62,22070.3,-1746.33,2026/01/23 17:17:35
1450,157.73,22076.7,-1742.88,2026/01/23 17:17:35
1451,157.84,22075.9,-1744.08,2026/01/23 17:17:35
1452,157.95,22075.4,-1743.37,2026/01/23 17:17:36
1453,158.05,22079.8,-1744.41,2026/01/23 17:17:36
1454,158.16,22075.8,-1746.35,2026/01/23 17:17:36
1455,158.27,22083.1,-1742.86,2026/01/23 17:17:36
1456,158.38,22077.8,-1748.55,2026/01/23 17:17:36
1457,158.49,22084.5,-1740.71,2026/01/23 17:17:36
1458,158.6,22081.7,-1747.13,2026/01/23 17:17:36
1459,158.71,22084.1,-1743,2026/01/23 17:17:36
1460,158.81,22087,-1745.28,2026/01/23 17:17:36
1461,158.92,22084.2,-1744.13,2026/01/23 17:17:37
1462,159.03,22089.9,-1745.99,2026/01/23 17:17:37
1463,159.14,22087.1,-1745.92,2026/01/23 17:17:37
1464,159.25,22096,-1742.41,2026/01/23 17:17:37
1465,159.36,22100.1,-1749.63,2026/01/23 17:17:37
1466,159.47,22110.9,-1743.28,2026/01/23 17:17:37
1467,159.58,22116.7,-1748,2026/01/23 17:17:37
1468,159.69,22130.2,-1746.05,2026/01/23 17:17:37
1469,159.8,22153.1,-1746.82,2026/01/23 17:17:37
1470,159.9,22170.4,-1749.9,2026/01/23 17:17:37
1471,160.01,22183.8,-1746.02,2026/01/23 17:17:38
1472,160.12,22164.6,-1747.31,2026/01/23 17:17:38
1473,160.23,22144.7,-1745.42,2026/01/23 17:17:38
1474,160.34,22119.3,-1745.52,2026/01/23 17:17:38
1475,160.45,22104.8,-1744.34,2026/01/23 17:17:38
1476,160.56,22109.5,-1745.29,2026/01/23 17:17:38
1477,160.67,22124.6,-1746.71,2026/01/23 17:17:38
1478,160.78,22143.7,-1746.35,2026/01/23 17:17:38
1479,160.89,22161,-1751.05,2026/01/23 17:17:38
1480,160.99,22183.7,-1747.63,2026/01/23 17:17:39
1481,161.1,22195,-1749.25,2026/01/23 17:17:39
1482,161.21,22204.8,-1747.77,2026/01/23 17:17:39
1483,161.32,22181.5,-1745.97,2026/01/23 17:17:39
1484,161.43,22151.7,-1745.51,2026/01/23 17:17:39
1485,161.54,22109.7,-1743.91,2026/01/23 17:17:39
1486,161.65,22113,-1747.1,2026/01/23 17:17:39
1487,161.75,22126.3,-1747.49,2026/01/23 17:17:39
1488,161.86,22147.3,-1749.61,2026/01/23 17:17:39
1489,161.97,22179.5,-1745.87,2026/01/23 17:17:40
1490,162.08,22187.7,-1752.02,2026/01/23 17:17:40
1491,162.19,22188.5,-1744.55,2026/01/23 17:17:40
1492,162.3,22158.4,-1747.38,2026/01/23 17:17:40
1493,162.41,22133,-1744.61,2026/01/23 17:17:40
1494,162.52,22112.2,-1747.48,2026/01/23 17:17:40
1495,162.63,22119.5,-1746.21,2026/01/23 17:17:40
1496,162.73,22138.2,-1748.09,2026/01/23 17:17:40
1497,162.84,22156.6,-1750.07,2026/01/23 17:17:40
1498,162.95,22186.3,-1745.92,2026/01/23 17:17:41
1499,163.06,22196.2,-1751.46,2026/01/23 17:17:41
1500,163.17,22202,-1746.04,2026/01/23 17:17:41
1501,163.28,22183.7,-1747.2,2026/01/23 17:17:41
1502,163.39,22148.1,-1746.28,2026/01/23 17:17:41
1503,163.5,22123.1,-1745.32,2026/01/23 17:17:41
1504,163.61,22128.5,-1751.36,2026/01/23 17:17:41
1505,163.71,22147.2,-1747.13,2026/01/23 17:17:41
1506,163.82,22165.7,-1750.68,2026/01/23 17:17:41
1507,163.93,22196.1,-1749.08,2026/01/23 17:17:42
1508,164.04,22205.3,-1748.52,2026/01/23 17:17:42
1509,164.15,22202.4,-1748.18,2026/01/23 17:17:42
1510,164.26,22165.6,-1746.64,2026/01/23 17:17:42
1511,164.37,22139.4,-1744.97,2026/01/23 17:17:42
1512,164.48,22124,-1747.6,2026/01/23 17:17:42
1513,164.59,22136.4,-1746.43,2026/01/23 17:17:42
1514,164.7,22153.9,-1749.52,2026/01/23 17:17:42
1515,164.8,22171.2,-1749.95,2026/01/23 17:17:42
1516,164.91,22202.7,-1748.98,2026/01/23 17:17:43
1517,165.02,22207.6,-1752.9,2026/01/23 17:17:43
1518,165.13,22193,-1744.15,2026/01/23 17:17:43
1519,165.24,22163.5,-1747.72,2026/01/23 17:17:43
1520,165.35,22135.6,-1746.45,2026/01/23 17:17:43
1521,165.46,22135.2,-1747.07,2026/01/23 17:17:43
1522,165.57,22141.5,-1749.03,2026/01/23 17:17:43
1523,165.67,22160,-1748.13,2026/01/23 17:17:43
1524,165.78,22179.9,-1749.72,2026/01/23 17:17:43
1525,165.89,22203.5,-1749.99,2026/01/23 17:17:43
1526,166,22203.7,-1749.15,2026/01/23 17:17:44
1527,166.11,22209.9,-1749.05,2026/01/23 17:17:44
1528,166.22,22180.9,-1746.93,2026/01/23 17:17:44
1529,166.33,22148.8,-1745.59,2026/01/23 17:17:44
1530,166.44,22138.1,-1748.57,2026/01/23 17:17:44
1531,166.55,22146.4,-1747.53,2026/01/23 17:17:44
1532,166.66,22166.8,-1748.02,2026/01/23 17:17:44
1533,166.77,22181.6,-1750.99,2026/01/23 17:17:44
1534,166.87,22207.8,-1748.64,2026/01/23 17:17:44
1535,166.98,22220.5,-1751.34,2026/01/23 17:17:45
1536,167.09,22206.2,-1747.3,2026/01/23 17:17:45
1537,167.2,22178.3,-1747.16,2026/01/23 17:17:45
1538,167.31,22149,-1746.71,2026/01/23 17:17:45
1539,167.42,22145.3,-1745.22,2026/01/23 17:17:45
1540,167.53,22155.1,-1749.8,2026/01/23 17:17:45
1541,167.63,22178.4,-1747.02,2026/01/23 17:17:45
1542,167.74,22190.7,-1751.75,2026/01/23 17:17:45
1543,167.85,22222.7,-1748.76,2026/01/23 17:17:45
1544,167.96,22230.9,-1751.64,2026/01/23 17:17:46
1545,168.07,22231.4,-1748.15,2026/01/23 17:17:46
1546,168.18,22200,-1748.51,2026/01/23 17:17:46
1547,168.29,22162.8,-1745.95,2026/01/23 17:17:46
1548,168.4,22148.6,-1747.89,2026/01/23 17:17:46
1549,168.51,22151.6,-1748.44,2026/01/23 17:17:46
1550,168.62,22170.4,-1748.49,2026/01/23 17:17:46
1551,168.73,22194.2,-1751.2,2026/01/23 17:17:46
1552,168.83,22230.7,-1751.88,2026/01/23 17:17:46
1553,168.94,22242.4,-1749.19,2026/01/23 17:17:47
1554,169.05,22243.4,-1750.98,2026/01/23 17:17:47
1555,169.16,22219.9,-1748.94,2026/01/23 17:17:47
1556,169.27,22181.1,-1746.25,2026/01/23 17:17:47
1557,169.38,22147.7,-1748.9,2026/01/23 17:17:47
1558,169.49,22149.6,-1747.36,2026/01/23 17:17:47
1559,169.6,22154.9,-1745.44,2026/01/23 17:17:47
1560,169.71,22150.1,-1751.25,2026/01/23 17:17:47
1561,169.82,22151.2,-1745.39,2026/01/23 17:17:47
1562,169.92,22149.9,-1748.38,2026/01/23 17:17:48
1563,170.03,22150.9,-1747.11,2026/01/23 17:17:48
1564,170.14,22149.6,-1747.46,2026/01/23 17:17:48
1565,170.25,22147,-1751.05,2026/01/23 17:17:48
1566,170.36,22150.8,-1747.26,2026/01/23 17:17:48
1567,170.47,22143.8,-1750.52,2026/01/23 17:17:48
1568,170.58,22152.6,-1745.52,2026/01/23 17:17:48
1569,170.69,22143.6,-1750.1,2026/01/23 17:17:48
1570,170.79,22149.2,-1746.83,2026/01/23 17:17:48
1571,170.9,22146.9,-1750.07,2026/01/23 17:17:48
1572,171.01,22144.6,-1747.73,2026/01/23 17:17:49
1573,171.12,22149.1,-1749.3,2026/01/23 17:17:49
1574,171.23,22145.2,-1748.58,2026/01/23 17:17:49
1575,171.34,22147.1,-1748.57,2026/01/23 17:17:49
1576,171.45,22143.6,-1748.21,2026/01/23 17:17:49
1577,171.55,22146.6,-1748.05,2026/01/23 17:17:49
1578,171.66,22142.8,-1747.63,2026/01/23 17:17:49
1579,171.77,22145.3,-1749.41,2026/01/23 17:17:49
1580,171.88,22145.9,-1746.94,2026/01/23 17:17:49
1581,171.99,22140.7,-1749.85,2026/01/23 17:17:50
1582,172.1,22146.3,-1745.56,2026/01/23 17:17:50
1583,172.21,22139.3,-1751.7,2026/01/23 17:17:50
1584,172.32,22143.2,-1744.79,2026/01/23 17:17:50
1585,172.42,22142.3,-1749.22,2026/01/23 17:17:50
1586,172.53,22141.5,-1748,2026/01/23 17:17:50
1587,172.64,22143.1,-1746.62,2026/01/23 17:17:50
1588,172.75,22138.9,-1750.79,2026/01/23 17:17:50
1589,172.86,22143,-1747.15,2026/01/23 17:17:50
1590,172.97,22138.4,-1748.58,2026/01/23 17:17:51
1591,173.08,22145.4,-1746.94,2026/01/23 17:17:51
1592,173.19,22136.5,-1749,2026/01/23 17:17:51
1593,173.3,22142.8,-1746.01,2026/01/23 17:17:51
1594,173.4,22139.8,-1749.7,2026/01/23 17:17:51
1595,173.51,22138.6,-1747.47,2026/01/23 17:17:51
1596,173.62,22141.5,-1748.14,2026/01/23 17:17:51
1597,173.73,22137.3,-1747.76,2026/01/23 17:17:51
1598,173.84,22141.3,-1745.8,2026/01/23 17:17:51
1599,173.95,22139.4,-1747.6,2026/01/23 17:17:52
1600,174.06,22141.7,-1748.45,2026/01/23 17:17:52
1601,174.17,22139.1,-1747.6,2026/01/23 17:17:52
1602,174.27,22140.8,-1748.99,2026/01/23 17:17:52
1603,174.38,22139.2,-1746.58,2026/01/23 17:17:52
1604,174.49,22141,-1748.4,2026/01/23 17:17:52
1605,174.6,22142.4,-1746.46,2026/01/23 17:17:52
1606,174.71,22137.9,-1749.4,2026/01/23 17:17:52
1607,174.82,22143.8,-1745.23,2026/01/23 17:17:52
1608,174.93,22137.3,-1750.91,2026/01/23 17:17:53
1609,175.04,22139.7,-1744.02,2026/01/23 17:17:53
1610,175.15,22138.7,-1750.33,2026/01/23 17:17:53
1611,175.26,22137.9,-1746.55,2026/01/23 17:17:53
1612,175.37,22138.8,-1748.21,2026/01/23 17:17:53
1613,175.47,22136.9,-1748.64,2026/01/23 17:17:53
1614,175.58,22139.5,-1745.66,2026/01/23 17:17:53
1615,175.69,22133.7,-1748.66,2026/01/23 17:17:53
1616,175.8,22140.8,-1745.82,2026/01/23 17:17:53
1617,175.91,22131.9,-1748.5,2026/01/23 17:17:54
1618,176.02,22139.8,-1745.43,2026/01/23 17:17:54
1619,176.13,22132.9,-1748.89,2026/01/23 17:17:54
1620,176.24,22136.6,-1745.54,2026/01/23 17:17:54
1621,176.35,22136.8,-1747.6,2026/01/23 17:17:54
1622,176.45,22132.8,-1747.2,2026/01/23 17:17:54
1623,176.56,22138.5,-1746.94,2026/01/23 17:17:54
1624,176.67,22133.7,-1749.55,2026/01/23 17:17:54
1625,176.78,22136.5,-1747.57,2026/01/23 17:17:54
1626,176.89,22136,-1745.55,2026/01/23 17:17:54
1627,177,22139.2,-1747.54,2026/01/23 17:17:55
1628,177.11,22136.3,-1746.59,2026/01/23 17:17:55
1629,177.22,22139.1,-1747.22,2026/01/23 17:17:55
1630,177.32,22137.2,-1748.22,2026/01/23 17:17:55
1631,177.43,22136.1,-1748.33,2026/01/23 17:17:55
1632,177.54,22142.9,-1745.11,2026/01/23 17:17:55
1633,177.65,22136.5,-1750.74,2026/01/23 17:17:55
1634,177.76,22141,-1743.62,2026/01/23 17:17:55
1635,177.87,22138.5,-1750.83,2026/01/23 17:17:55
1636,177.98,22140.5,-1745.67,2026/01/23 17:17:56
1637,178.09,22140.6,-1748.23,2026/01/23 17:17:56
1638,178.2,22139.7,-1749.05,2026/01/23 17:17:56
1639,178.31,22143.4,-1745.23,2026/01/23 17:17:56
1640,178.41,22139.5,-1748.57,2026/01/23 17:17:56
1641,178.52,22146.1,-1747.25,2026/01/23 17:17:56
1642,178.63,22138.7,-1746.63,2026/01/23 17:17:56
1643,178.74,22148.1,-1746.73,2026/01/23 17:17:56
1644,178.85,22140.1,-1748.86,2026/01/23 17:17:56
1645,178.96,22146.4,-1746.65,2026/01/23 17:17:57
1646,179.07,22144.3,-1748.68,2026/01/23 17:17:57
1647,179.18,22142.1,-1745.99,2026/01/23 17:17:57
1648,179.28,22147.3,-1746.69,2026/01/23 17:17:57
1649,179.39,22141.8,-1748.96,2026/01/23 17:17:57
1650,179.5,22143.8,-1746.85,2026/01/23 17:17:57
1651,179.61,22142.8,-1747.83,2026/01/23 17:17:57
1652,179.72,22143.5,-1747.93,2026/01/23 17:17:57
1653,179.83,22139.9,-1747.39,2026/01/23 17:17:57
1654,179.94,22141.5,-1747.66,2026/01/23 17:17:58
1655,180.05,22141.3,-1747.15,2026/01/23 17:17:58
1656,180.16,22138.9,-1749.11,2026/01/23 17:17:58
1657,180.26,22143.1,-1746.38,2026/01/23 17:17:58
1658,180.37,22135.5,-1749.81,2026/01/23 17:17:58
1659,180.48,22144.1,-1744.09,2026/01/23 17:17:58
1660,180.59,22137.6,-1751.5,2026/01/23 17:17:58
1661,180.7,22141.3,-1744.39,2026/01/23 17:17:58
1662,180.81,22139.8,-1749.51,2026/01/23 17:17:58
1663,180.92,22139.1,-1746.64,2026/01/23 17:17:59
1664,181.03,22141,-1746,2026/01/23 17:17:59
1665,181.14,22137.3,-1749.82,2026/01/23 17:17:59
1666,181.25,22140.7,-1746.75,2026/01/23 17:17:59
1667,181.35,22135.6,-1748.58,2026/01/23 17:17:59
1668,181.46,22143.2,-1748.96,2026/01/23 17:17:59
1669,181.57,22136.7,-1748.2,2026/01/23 17:17:59
1670,181.68,22143.8,-1746.85,2026/01/23 17:17:59
1671,181.79,22138.5,-1748.03,2026/01/23 17:17:59
1672,181.9,22142.1,-1745.66,2026/01/23 17:17:59
1673,182.01,22142.9,-1748.74,2026/01/23 17:18:00
1674,182.12,22139.2,-1746.9,2026/01/23 17:18:00
1675,182.23,22144.8,-1745.83,2026/01/23 17:18:00
1676,182.33,22141.5,-1749.18,2026/01/23 17:18:00
1677,182.44,22143.8,-1746.73,2026/01/23 17:18:00
1678,182.55,22141.9,-1748.07,2026/01/23 17:18:00
1679,182.66,22146,-1748.02,2026/01/23 17:18:00
1680,182.77,22142.9,-1746.98,2026/01/23 17:18:00
1681,182.88,22146.3,-1748.03,2026/01/23 17:18:00
1682,182.99,22142.9,-1747.88,2026/01/23 17:18:01
1683,183.1,22143.9,-1747.71,2026/01/23 17:18:01
1684,183.21,22147.4,-1746.85,2026/01/23 17:18:01
1685,183.32,22142.4,-1748.3,2026/01/23 17:18:01
1686,183.43,22148,-1745.58,2026/01/23 17:18:01
1687,183.54,22144.1,-1750.77,2026/01/23 17:18:01
1688,183.64,22145.6,-1745.28,2026/01/23 17:18:01
1689,183.76,22145.4,-1749.36,2026/01/23 17:18:01
1690,183.86,22145.5,-1748.71,2026/01/23 17:18:01
1691,183.97,22145.6,-1748.55,2026/01/23 17:18:02
1692,184.08,22145.9,-1750.14,2026/01/23 17:18:02
1693,184.19,22148.7,-1745.25,2026/01/23 17:18:02
1694,184.3,22143.7,-1749.06,2026/01/23 17:18:02
1695,184.41,22151.9,-1748.09,2026/01/23 17:18:02
1696,184.51,22145.1,-1748.96,2026/01/23 17:18:02
1697,184.62,22151,-1745.73,2026/01/23 17:18:02
1698,184.73,22150.1,-1748.21,2026/01/23 17:18:02
1699,184.84,22149.2,-1746.84,2026/01/23 17:18:02
1700,184.95,22153.5,-1748.62,2026/01/23 17:18:03
1701,185.06,22150.8,-1750.46,2026/01/23 17:18:03
1702,185.17,22153.6,-1747.42,2026/01/23 17:18:03
1703,185.28,22152,-1749.11,2026/01/23 17:18:03
1704,185.39,22155.5,-1748.51,2026/01/23 17:18:03
1705,185.49,22151.7,-1747.21,2026/01/23 17:18:03
1706,185.6,22153.9,-1748.97,2026/01/23 17:18:03
1707,185.71,22152.6,-1747.14,2026/01/23 17:18:03
1708,185.82,22153.6,-1749.28,2026/01/23 17:18:03
1709,185.93,22155.5,-1747.14,2026/01/23 17:18:04
1710,186.04,22148.9,-1749.99,2026/01/23 17:18:04
1711,186.15,22157,-1745.63,2026/01/23 17:18:04
1712,186.25,22150.2,-1750.33,2026/01/23 17:18:04
1713,186.36,22155.3,-1746.68,2026/01/23 17:18:04
1714,186.47,22155.9,-1748.85,2026/01/23 17:18:04
1715,186.58,22150.8,-1747.82,2026/01/23 17:18:04
1716,186.69,22155.8,-1747.56,2026/01/23 17:18:04
1717,186.8,22153.9,-1748.05,2026/01/23 17:18:04
1718,186.91,22154.7,-1746.83,2026/01/23 17:18:05
1719,187.02,22152.6,-1748.97,2026/01/23 17:18:05
1720,187.12,22153.3,-1748.32,2026/01/23 17:18:05
1721,187.23,22153,-1747.36,2026/01/23 17:18:05
1722,187.34,22152.7,-1749.54,2026/01/23 17:18:05
1723,187.45,22156.2,-1744.65,2026/01/23 17:18:05
1724,187.56,22152.1,-1750.31,2026/01/23 17:18:05
1725,187.67,22160.3,-1744.76,2026/01/23 17:18:05
1726,187.78,22156.5,-1751.67,2026/01/23 17:18:05
1727,187.89,22163.5,-1744.6,2026/01/23 17:18:05
1728,188,22158.5,-1749.11,2026/01/23 17:18:06
1729,188.1,22157.7,-1746.99,2026/01/23 17:18:06
1730,188.21,22160.4,-1748.36,2026/01/23 17:18:06
1731,188.32,22154.7,-1748.85,2026/01/23 17:18:06
1732,188.43,22158.6,-1747.51,2026/01/23 17:18:06
1733,188.54,22154,-1748.18,2026/01/23 17:18:06
1734,188.65,22153.7,-1748.55,2026/01/23 17:18:06
1735,188.76,22148.6,-1747.48,2026/01/23 17:18:06
1736,188.87,22151.2,-1749.07,2026/01/23 17:18:06
1737,188.97,22148.7,-1747.07,2026/01/23 17:18:07
1738,189.08,22149.3,-1748.3,2026/01/23 17:18:07
1739,189.19,22151.4,-1746.49,2026/01/23 17:18:07
1740,189.3,22145.1,-1749.02,2026/01/23 17:18:07
1741,189.41,22152.8,-1743.76,2026/01/23 17:18:07
1742,189.52,22143.8,-1751.12,2026/01/23 17:18:07
1743,189.63,22150.5,-1745.14,2026/01/23 17:18:07
1744,189.74,22147.9,-1749.95,2026/01/23 17:18:07
1745,189.84,22156.7,-1746.86,2026/01/23 17:18:07
1746,189.95,22169.5,-1748.74,2026/01/23 17:18:08
1747,190.06,22177.3,-1750.26,2026/01/23 17:18:08
1748,190.17,22202.5,-1748.09,2026/01/23 17:18:08
1749,190.28,22217,-1751.77,2026/01/23 17:18:08
1750,190.39,22240.2,-1752.25,2026/01/23 17:18:08
1751,190.5,22248.9,-1750.89,2026/01/23 17:18:08
1752,190.61,22256,-1750.86,2026/01/23 17:18:08
1753,190.72,22237.7,-1752.06,2026/01/23 17:18:08
1754,190.83,22236.1,-1756.66,2026/01/23 17:18:08
1755,190.93,22245.7,-1759.95,2026/01/23 17:18:09
1756,191.04,22231.5,-1756.72,2026/01/23 17:18:09
1757,191.15,22196.8,-1755.21,2026/01/23 17:18:09
1758,191.26,22151,-1759.49,2026/01/23 17:18:09
1759,191.37,22164.7,-1755.19,2026/01/23 17:18:09
1760,191.48,22174.2,-1761.76,2026/01/23 17:18:09
1761,191.59,22195.8,-1757.9,2026/01/23 17:18:09
1762,191.7,22219,-1761.5,2026/01/23 17:18:09
1763,191.81,22239.9,-1761.71,2026/01/23 17:18:09
1764,191.91,22266.3,-1759.55,2026/01/23 17:18:10
1765,192.02,22269.4,-1761.71,2026/01/23 17:18:10
1766,192.13,22274.3,-1759.73,2026/01/23 17:18:10
1767,192.24,22264.5,-1761.08,2026/01/23 17:18:10
1768,192.35,22248.9,-1760.18,2026/01/23 17:18:10
1769,192.46,22204.1,-1757.56,2026/01/23 17:18:10
1770,192.57,22177.2,-1757.53,2026/01/23 17:18:10
1771,192.68,22173.7,-1758.63,2026/01/23 17:18:10
1772,192.79,22191,-1759.88,2026/01/23 17:18:10
1773,192.89,22214.7,-1759.58,2026/01/23 17:18:10
1774,193,22241.9,-1763.32,2026/01/23 17:18:11
1775,193.11,22279.2,-1759.59,2026/01/23 17:18:11
1776,193.22,22276.3,-1764.55,2026/01/23 17:18:11
1777,193.33,22278.2,-1758.57,2026/01/23 17:18:11
1778,193.44,22272.8,-1763.14,2026/01/23 17:18:11
1779,193.55,22260.2,-1758.54,2026/01/23 17:18:11
1780,193.66,22226.5,-1758.24,2026/01/23 17:18:11
1781,193.76,22191.2,-1760.2,2026/01/23 17:18:11
1782,193.87,22177.1,-1760.12,2026/01/23 17:18:11
1783,193.98,22188.9,-1760.22,2026/01/23 17:18:12
1784,194.09,22211.2,-1762.38,2026/01/23 17:18:12
1785,194.2,22234.3,-1762.23,2026/01/23 17:18:12
1786,194.31,22271.9,-1764.08,2026/01/23 17:18:12
1787,194.42,22281.6,-1761.44,2026/01/23 17:18:12
1788,194.53,22281.7,-1762.43,2026/01/23 17:18:12
1789,194.64,22281.5,-1759.11,2026/01/23 17:18:12
1790,194.74,22270.2,-1764.74,2026/01/23 17:18:12
1791,194.85,22279.7,-1759.59,2026/01/23 17:18:12
1792,194.96,22232.7,-1763.56,2026/01/23 17:18:13
1793,195.07,22202.5,-1755.25,2026/01/23 17:18:13
1794,195.18,22183.1,-1763.56,2026/01/23 17:18:13
1795,195.29,22202.7,-1760.88,2026/01/23 17:18:13
1796,195.4,22227.8,-1764.59,2026/01/23 17:18:13
1797,195.51,22262.1,-1763.48,2026/01/23 17:18:13
1798,195.62,22295.5,-1762.99,2026/01/23 17:18:13
1799,195.73,22285.6,-1765.12,2026/01/23 17:18:13
1800,195.84,22285.8,-1762.02,2026/01/23 17:18:13
1801,195.94,22265.7,-1762.81,2026/01/23 17:18:14
1802,196.05,22235.2,-1761.08,2026/01/23 17:18:14
1803,196.16,22198,-1760.03,2026/01/23 17:18:14
1804,196.27,22199.1,-1762.29,2026/01/23 17:18:14
1805,196.38,22206.7,-1762.6,2026/01/23 17:18:14
1806,196.49,22227.3,-1763.49,2026/01/23 17:18:14
1807,196.6,22257.8,-1765.23,2026/01/23 17:18:14
1808,196.71,22284.2,-1765.77,2026/01/23 17:18:14
1809,196.81,22308.5,-1762.03,2026/01/23 17:18:14
1810,196.92,22297.9,-1768.43,2026/01/23 17:18:15
1811,197.03,22300.8,-1761.89,2026/01/23 17:18:15
1812,197.14,22288.9,-1764.1,2026/01/23 17:18:15
1813,197.25,22252.1,-1762.16,2026/01/23 17:18:15
1814,197.36,22223.1,-1761.4,2026/01/23 17:18:15
1815,197.46,22208,-1764.25,2026/01/23 17:18:15
1816,197.57,22224.6,-1762.16,2026/01/23 17:18:15
1817,197.68,22242.8,-1764.66,2026/01/23 17:18:15
1818,197.79,22274.8,-1765.12,2026/01/23 17:18:15
1819,197.9,22308.7,-1766.63,2026/01/23 17:18:15
1820,198.01,22316,-1764.54,2026/01/23 17:18:16
1821,198.12,22314.3,-1764.97,2026/01/23 17:18:16
1822,198.23,22311.7,-1767.09,2026/01/23 17:18:16
1823,198.34,22313.4,-1763.68,2026/01/23 17:18:16
1824,198.44,22301.5,-1764.54,2026/01/23 17:18:16
1825,198.55,22273.2,-1760.66,2026/01/23 17:18:16
1826,198.66,22226.8,-1762.44,2026/01/23 17:18:16
1827,198.77,22226.6,-1761.72,2026/01/23 17:18:16
1828,198.88,22238.4,-1765.85,2026/01/23 17:18:16
1829,198.99,22266.6,-1763.01,2026/01/23 17:18:17
1830,199.1,22297.6,-1766.65,2026/01/23 17:18:17
1831,199.21,22326,-1764.35,2026/01/23 17:18:17
1832,199.32,22332.2,-1764.81,2026/01/23 17:18:17
1833,199.43,22323.3,-1767.1,2026/01/23 17:18:17
1834,199.53,22326.5,-1761.38,2026/01/23 17:18:17
1835,199.64,22323.3,-1768.43,2026/01/23 17:18:17
1836,199.75,22308.3,-1761.29,2026/01/23 17:18:17
1837,199.86,22271.6,-1763.28,2026/01/23 17:18:17
1838,199.97,22235.5,-1763.67,2026/01/23 17:18:18
1839,200.08,22232.2,-1763.86,2026/01/23 17:18:18
1840,200.19,22246.2,-1765.38,2026/01/23 17:18:18
1841,200.3,22272,-1765.31,2026/01/23 17:18:18
1842,200.41,22300.4,-1765.57,2026/01/23 17:18:18
1843,200.51,22335.9,-1765.61,2026/01/23 17:18:18
1844,200.62,22316.3,-1763.79,2026/01/23 17:18:18
1845,200.73,22311,-1765.51,2026/01/23 17:18:18
1846,200.84,22311.8,-1767.48,2026/01/23 17:18:18
1847,200.95,22318.8,-1767.02,2026/01/23 17:18:19
1848,201.06,22292.5,-1762.06,2026/01/23 17:18:19
1849,201.17,22253.8,-1765.28,2026/01/23 17:18:19
1850,201.27,22237,-1761.17,2026/01/23 17:18:19
1851,201.38,22241.2,-1766.72,2026/01/23 17:18:19
1852,201.49,22266.7,-1764.52,2026/01/23 17:18:19
1853,201.6,22286.9,-1768.47,2026/01/23 17:18:19
1854,201.71,22319.7,-1767.77,2026/01/23 17:18:19
1855,201.82,22337.3,-1766.44,2026/01/23 17:18:19
1856,201.93,22326.9,-1768.06,2026/01/23 17:18:20
1857,202.04,22329.7,-1764.84,2026/01/23 17:18:20
1858,202.14,22325.2,-1770.46,2026/01/23 17:18:20
1859,202.25,22330.3,-1763.53,2026/01/23 17:18:20
1860,202.36,22310.2,-1767.4,2026/01/23 17:18:20
1861,202.47,22282.2,-1762.96,2026/01/23 17:18:20
1862,202.58,22251,-1765.75,2026/01/23 17:18:20
1863,202.69,22239.4,-1765.87,2026/01/23 17:18:20
1864,202.8,22248.6,-1765.33,2026/01/23 17:18:20
1865,202.91,22242.7,-1766.24,2026/01/23 17:18:20
1866,203.02,22244.1,-1764.96,2026/01/23 17:18:21
1867,203.12,22243.2,-1765.02,2026/01/23 17:18:21
1868,203.23,22244.3,-1764.29,2026/01/23 17:18:21
1869,203.34,22241.6,-1765.19,2026/01/23 17:18:21
1870,203.45,22240.9,-1765.7,2026/01/23 17:18:21
1871,203.56,22244.2,-1763.03,2026/01/23 17:18:21
1872,203.67,22241.6,-1766.6,2026/01/23 17:18:21
1873,203.78,22245.8,-1763.82,2026/01/23 17:18:21
1874,203.89,22242.3,-1764.89,2026/01/23 17:18:21
1875,203.99,22245.2,-1765.15,2026/01/23 17:18:22
1876,204.1,22241.3,-1765.26,2026/01/23 17:18:22
1877,204.21,22245.8,-1765.78,2026/01/23 17:18:22
1878,204.32,22244.8,-1764.31,2026/01/23 17:18:22
1879,204.43,22246.4,-1766.54,2026/01/23 17:18:22
1880,204.54,22248.2,-1763.04,2026/01/23 17:18:22
1881,204.65,22242.2,-1766.44,2026/01/23 17:18:22
1882,204.76,22250.2,-1764.93,2026/01/23 17:18:22
1883,204.86,22241.2,-1764.47,2026/01/23 17:18:22
1884,204.97,22247.7,-1765.71,2026/01/23 17:18:23
1885,205.08,22243.4,-1765,2026/01/23 17:18:23
1886,205.19,22246,-1765.67,2026/01/23 17:18:23
1887,205.3,22243.7,-1765.65,2026/01/23 17:18:23
1888,205.41,22242.1,-1767.01,2026/01/23 17:18:23
1889,205.52,22247.4,-1763.35,2026/01/23 17:18:23
1890,205.63,22237.6,-1767.71,2026/01/23 17:18:23
1891,205.73,22247.1,-1764.09,2026/01/23 17:18:23
1892,205.84,22239.3,-1766.59,2026/01/23 17:18:23
1893,205.95,22244.8,-1764.87,2026/01/23 17:18:24
1894,206.06,22241.9,-1766.49,2026/01/23 17:18:24
1895,206.17,22244.7,-1764.7,2026/01/23 17:18:24
1896,206.28,22242.9,-1766.18,2026/01/23 17:18:24
1897,206.39,22241.7,-1765.92,2026/01/23 17:18:24
1898,206.5,22246.8,-1763.36,2026/01/23 17:18:24
1899,206.61,22239.2,-1767.18,2026/01/23 17:18:24
1900,206.72,22250,-1763.22,2026/01/23 17:18:24
1901,206.82,22241,-1766.69,2026/01/23 17:18:24
1902,206.93,22247.3,-1765.56,2026/01/23 17:18:25
1903,207.04,22244.1,-1765.73,2026/01/23 17:18:25
1904,207.15,22244.8,-1764.34,2026/01/23 17:18:25
1905,207.26,22247.1,-1763.46,2026/01/23 17:18:25
1906,207.37,22243.7,-1766.08,2026/01/23 17:18:25
1907,207.48,22250.3,-1761.93,2026/01/23 17:18:25
1908,207.59,22240.6,-1767.51,2026/01/23 17:18:25
1909,207.69,22249.7,-1763.55,2026/01/23 17:18:25
1910,207.8,22242.6,-1766.67,2026/01/23 17:18:25
1911,207.91,22248.7,-1764.59,2026/01/23 17:18:26
1912,208.02,22245.9,-1766.08,2026/01/23 17:18:26
1913,208.13,22245.4,-1767.13,2026/01/23 17:18:26
1914,208.24,22249.8,-1763.7,2026/01/23 17:18:26
1915,208.35,22244.4,-1767.89,2026/01/23 17:18:26
1916,208.46,22253.4,-1764.66,2026/01/23 17:18:26
1917,208.56,22246.8,-1766.38,2026/01/23 17:18:26
1918,208.67,22251.9,-1766.15,2026/01/23 17:18:26
1919,208.78,22249.4,-1764.75,2026/01/23 17:18:26
1920,208.89,22252.1,-1766.57,2026/01/23 17:18:26
1921,209,22253.8,-1763.29,2026/01/23 17:18:27
1922,209.11,22249.2,-1769.01,2026/01/23 17:18:27
1923,209.22,22257.2,-1764.42,2026/01/23 17:18:27
1924,209.32,22248.8,-1764.71,2026/01/23 17:18:27
1925,209.44,22257.5,-1766.18,2026/01/23 17:18:27
1926,209.54,22251.6,-1764.4,2026/01/23 17:18:27
1927,209.65,22256.8,-1766.66,2026/01/23 17:18:27
1928,209.76,22255.4,-1765.45,2026/01/23 17:18:27
1929,209.87,22256.1,-1766.47,2026/01/23 17:18:27
1930,209.98,22258.7,-1764.12,2026/01/23 17:18:28
1931,210.09,22256.2,-1767.93,2026/01/23 17:18:28
1932,210.2,22260.4,-1764.86,2026/01/23 17:18:28
1933,210.31,22256.9,-1767.02,2026/01/23 17:18:28
1934,210.42,22262.3,-1765.26,2026/01/23 17:18:28
1935,210.53,22257.3,-1767.09,2026/01/23 17:18:28
1936,210.64,22260.7,-1766.3,2026/01/23 17:18:28
1937,210.74,22259.3,-1765.57,2026/01/23 17:18:28
1938,210.85,22259.2,-1766.42,2026/01/23 17:18:28
1939,210.96,22259.5,-1765.94,2026/01/23 17:18:29
1940,211.07,22256.2,-1766.82,2026/01/23 17:18:29
1941,211.18,22262,-1764.57,2026/01/23 17:18:29
1942,211.29,22255.6,-1767.64,2026/01/23 17:18:29
1943,211.4,22259,-1764.63,2026/01/23 17:18:29
1944,211.5,22256.3,-1768.42,2026/01/23 17:18:29
1945,211.61,22257.5,-1763.81,2026/01/23 17:18:29
1946,211.72,22257.3,-1766.64,2026/01/23 17:18:29
1947,211.83,22255.2,-1765.65,2026/01/23 17:18:29
1948,211.94,22258.5,-1766.75,2026/01/23 17:18:30
1949,212.05,22253.6,-1764.55,2026/01/23 17:18:30
1950,212.16,22259.3,-1764.38,2026/01/23 17:18:30
1951,212.27,22253.2,-1768.71,2026/01/23 17:18:30
1952,212.37,22259.7,-1762.14,2026/01/23 17:18:30
1953,212.48,22251.7,-1768.37,2026/01/23 17:18:30
1954,212.59,22257.1,-1763.27,2026/01/23 17:18:30
1955,212.7,22252.4,-1766.39,2026/01/23 17:18:30
1956,212.81,22255.3,-1763.87,2026/01/23 17:18:30
1957,212.92,22251.7,-1765,2026/01/23 17:18:31
1958,213.03,22252,-1766.84,2026/01/23 17:18:31
1959,213.14,22253.1,-1763.53,2026/01/23 17:18:31
1960,213.25,22249.7,-1768.12,2026/01/23 17:18:31
1961,213.36,22253.4,-1764.16,2026/01/23 17:18:31
1962,213.47,22247.4,-1766.51,2026/01/23 17:18:31
1963,213.57,22252.3,-1765.69,2026/01/23 17:18:31
1964,213.68,22247.8,-1764.05,2026/01/23 17:18:31
1965,213.79,22250.5,-1766.68,2026/01/23 17:18:31
1966,213.9,22248.7,-1766.53,2026/01/23 17:18:31
1967,214.01,22249.8,-1765.64,2026/01/23 17:18:32
1968,214.12,22250.5,-1766.85,2026/01/23 17:18:32
1969,214.23,22248.1,-1765.55,2026/01/23 17:18:32
1970,214.34,22251.9,-1764.73,2026/01/23 17:18:32
1971,214.45,22246.9,-1765.4,2026/01/23 17:18:32
1972,214.56,22250.1,-1764.22,2026/01/23 17:18:32
1973,214.66,22247.2,-1769.33,2026/01/23 17:18:32
1974,214.77,22250.5,-1762.72,2026/01/23 17:18:32
1975,214.88,22246.2,-1769.5,2026/01/23 17:18:32
1976,214.99,22249.4,-1763.84,2026/01/23 17:18:33
1977,215.1,22248.8,-1765.38,2026/01/23 17:18:33
1978,215.21,22248,-1766,2026/01/23 17:18:33
1979,215.32,22251.5,-1764.16,2026/01/23 17:18:33
1980,215.43,22247,-1766.56,2026/01/23 17:18:33
1981,215.54,22252.4,-1764.12,2026/01/23 17:18:33
1982,215.64,22245.6,-1766.88,2026/01/23 17:18:33
1983,215.75,22254.3,-1764.85,2026/01/23 17:18:33
1984,215.86,22246,-1764.29,2026/01/23 17:18:33
1985,215.97,22253.1,-1766.81,2026/01/23 17:18:34
1986,216.08,22250.4,-1765.99,2026/01/23 17:18:34
1987,216.19,22252.1,-1766.54,2026/01/23 17:18:34
1988,216.3,22252.6,-1765.26,2026/01/23 17:18:34
1989,216.41,22251.1,-1767.55,2026/01/23 17:18:34
1990,216.51,22254.9,-1764.71,2026/01/23 17:18:34
1991,216.62,22253.5,-1767.98,2026/01/23 17:18:34
1992,216.73,22254.8,-1763.85,2026/01/23 17:18:34
1993,216.84,22254.6,-1768.49,2026/01/23 17:18:34
1994,216.95,22255.5,-1764.79,2026/01/23 17:18:35
1995,217.06,22257.1,-1766.16,2026/01/23 17:18:35
1996,217.17,22254.5,-1765.43,2026/01/23 17:18:35
1997,217.27,22260.3,-1764.44,2026/01/23 17:18:35
1998,217.38,22254.8,-1768.28,2026/01/23 17:18:35
1999,217.49,22262.5,-1764.39,2026/01/23 17:18:35
2000,217.6,22253.5,-1768.01,2026/01/23 17:18:35
2001,217.71,22263.4,-1764.77,2026/01/23 17:18:35
2002,217.82,22255.9,-1765.92,2026/01/23 17:18:35
2003,217.93,22263.1,-1766.38,2026/01/23 17:18:36
2004,218.04,22260.9,-1766.96,2026/01/23 17:18:36
2005,218.15,22263,-1767.3,2026/01/23 17:18:36
2006,218.26,22263.7,-1765.52,2026/01/23 17:18:36
2007,218.37,22261.5,-1768.43,2026/01/23 17:18:36
2008,218.47,22265.4,-1765.54,2026/01/23 17:18:36
2009,218.58,22262.7,-1767.23,2026/01/23 17:18:36
2010,218.69,22265.6,-1764.85,2026/01/23 17:18:36
2011,218.8,22264.8,-1768.76,2026/01/23 17:18:36
2012,218.91,22267.4,-1762.88,2026/01/23 17:18:37
2013,219.02,22264.1,-1769.43,2026/01/23 17:18:37
2014,219.13,22267.1,-1765.2,2026/01/23 17:18:37
2015,219.24,22265.2,-1768.17,2026/01/23 17:18:37
2016,219.35,22267.2,-1767.24,2026/01/23 17:18:37
2017,219.46,22267.1,-1767.21,2026/01/23 17:18:37
2018,219.56,22265.5,-1768.31,2026/01/23 17:18:37
2019,219.67,22271,-1763.89,2026/01/23 17:18:37
2020,219.78,22262.3,-1768.35,2026/01/23 17:18:37
2021,219.89,22270.7,-1767.49,2026/01/23 17:18:37
2022,220,22265.9,-1765.74,2026/01/23 17:18:38
2023,220.11,22269.4,-1767.06,2026/01/23 17:18:38
2024,220.22,22267.9,-1767,2026/01/23 17:18:38
2025,220.33,22268.2,-1765.4,2026/01/23 17:18:38
2026,220.44,22270.7,-1765.21,2026/01/23 17:18:38
2027,220.54,22267.2,-1767.26,2026/01/23 17:18:38
2028,220.65,22272.1,-1765.55,2026/01/23 17:18:38
2029,220.76,22267.6,-1768.39,2026/01/23 17:18:38
2030,220.87,22272.6,-1763.01,2026/01/23 17:18:38
2031,220.98,22267.5,-1768.61,2026/01/23 17:18:39
2032,221.09,22274.3,-1763.3,2026/01/23 17:18:39
2033,221.2,22266.3,-1767.14,2026/01/23 17:18:39
2034,221.31,22273,-1766.3,2026/01/23 17:18:39
2035,221.42,22269.6,-1766.31,2026/01/23 17:18:39
2036,221.53,22272.1,-1766.42,2026/01/23 17:18:39
2037,221.63,22270.7,-1766.07,2026/01/23 17:18:39
2038,221.74,22269,-1768.77,2026/01/23 17:18:39
2039,221.85,22272.2,-1765.55,2026/01/23 17:18:39
2040,221.96,22268.6,-1766.96,2026/01/23 17:18:40
2041,222.07,22271.5,-1765.96,2026/01/23 17:18:40
2042,222.18,22270.7,-1768.61,2026/01/23 17:18:40
2043,222.29,22273.1,-1762.63,2026/01/23 17:18:40
2044,222.4,22269.6,-1769.08,2026/01/23 17:18:40
2045,222.51,22274.1,-1762.75,2026/01/23 17:18:40
2046,222.62,22270,-1766.89,2026/01/23 17:18:40
2047,222.73,22272.7,-1764.63,2026/01/23 17:18:40
2048,222.83,22269.7,-1766.22,2026/01/23 17:18:40
2049,222.94,22271.8,-1765.4,2026/01/23 17:18:41
2050,223.05,22273.4,-1764.93,2026/01/23 17:18:41
2051,223.16,22268.7,-1767.89,2026/01/23 17:18:41
2052,223.27,22275.2,-1765.81,2026/01/23 17:18:41
2053,223.38,22268.4,-1766.42,2026/01/23 17:18:41
2054,223.49,22272.1,-1766.65,2026/01/23 17:18:41
2055,223.6,22270,-1766.66,2026/01/23 17:18:41
2056,223.71,22271.3,-1763.24,2026/01/23 17:18:41
2057,223.81,22271.2,-1768.65,2026/01/23 17:18:41
2058,223.92,22270.5,-1764.96,2026/01/23 17:18:42
2059,224.03,22271.1,-1766.63,2026/01/23 17:18:42
2060,224.14,22267.5,-1768.15,2026/01/23 17:18:42
2061,224.25,22272.3,-1763.33,2026/01/23 17:18:42
2062,224.36,22264.2,-1768.67,2026/01/23 17:18:42
2063,224.47,22272.8,-1765.38,2026/01/23 17:18:42
2064,224.58,22267,-1765.7,2026/01/23 17:18:42
2065,224.68,22269,-1766.52,2026/01/23 17:18:42
2066,224.79,22268.6,-1765.3,2026/01/23 17:18:42
2067,224.9,22267,-1768.66,2026/01/23 17:18:42
2068,225.01,22270,-1765.14,2026/01/23 17:18:43
2069,225.12,22266.5,-1766.87,2026/01/23 17:18:43
2070,225.23,22268.5,-1765.49,2026/01/23 17:18:43
2071,225.34,22267.4,-1767.99,2026/01/23 17:18:43
2072,225.45,22269.5,-1762.63,2026/01/23 17:18:43
2073,225.56,22266.2,-1769.73,2026/01/23 17:18:43
2074,225.67,22270.6,-1764.29,2026/01/23 17:18:43
2075,225.77,22267.9,-1765.33,2026/01/23 17:18:43
2076,225.88,22267.5,-1765.01,2026/01/23 17:18:43
2077,225.99,22270.4,-1765.03,2026/01/23 17:18:44
2078,226.1,22265.3,-1767.87,2026/01/23 17:18:44
2079,226.21,22272,-1764.27,2026/01/23 17:18:44
2080,226.32,22263.8,-1766.37,2026/01/23 17:18:44
2081,226.43,22268.9,-1767.81,2026/01/23 17:18:44
2082,226.54,22266,-1764.61,2026/01/23 17:18:44
2083,226.65,22267.3,-1766.38,2026/01/23 17:18:44
2084,226.76,22265.2,-1767.29,2026/01/23 17:18:44
2085,226.86,22266.8,-1763.38,2026/01/23 17:18:44
2086,226.97,22266.3,-1767.67,2026/01/23 17:18:45
2087,227.08,22266.7,-1763.37,2026/01/23 17:18:45
2088,227.19,22266.7,-1766.17,2026/01/23 17:18:45
2089,227.3,22264.4,-1765.88,2026/01/23 17:18:45
2090,227.41,22268.5,-1764.14,2026/01/23 17:18:45
2091,227.52,22261.4,-1768.76,2026/01/23 17:18:45
2092,227.63,22274.6,-1763.38,2026/01/23 17:18:45
2093,227.74,22268.3,-1765.29,2026/01/23 17:18:45
2094,227.84,22273.3,-1766.51,2026/01/23 17:18:45
2095,227.96,22266.7,-1764.74,2026/01/23 17:18:46
2096,228.07,22268.6,-1767.95,2026/01/23 17:18:46
2097,228.17,22268,-1765.6,2026/01/23 17:18:46
2098,228.28,22269.1,-1765.83,2026/01/23 17:18:46
2099,228.39,22278.7,-1765.92,2026/01/23 17:18:46
2100,228.5,22285.5,-1767.76,2026/01/23 17:18:46
2101,228.61,22309.4,-1768.71,2026/01/23 17:18:46
2102,228.72,22326.5,-1768.76,2026/01/23 17:18:46
2103,228.83,22363.2,-1768.75,2026/01/23 17:18:46
2104,228.94,22359.2,-1768.83,2026/01/23 17:18:47
2105,229.05,22343.9,-1764.43,2026/01/23 17:18:47
2106,229.16,22322.3,-1773.66,2026/01/23 17:18:47
2107,229.26,22339.6,-1774.71,2026/01/23 17:18:47
2108,229.37,22336.1,-1779.46,2026/01/23 17:18:47
2109,229.48,22322.4,-1777.16,2026/01/23 17:18:47
2110,229.59,22281.4,-1769.91,2026/01/23 17:18:47
2111,229.7,22232.6,-1770.8,2026/01/23 17:18:47
2112,229.81,22244.1,-1771.98,2026/01/23 17:18:47
2113,229.92,22252,-1773.73,2026/01/23 17:18:48
2114,230.03,22282.3,-1772.37,2026/01/23 17:18:48
2115,230.14,22316.5,-1775.56,2026/01/23 17:18:48
2116,230.25,22331.4,-1770.79,2026/01/23 17:18:48
2117,230.36,22296.5,-1775.86,2026/01/23 17:18:48
2118,230.46,22305.6,-1771.97,2026/01/23 17:18:48
2119,230.57,22320.7,-1784.25,2026/01/23 17:18:48
2120,230.68,22313,-1772.68,2026/01/23 17:18:48
2121,230.79,22267.3,-1772.29,2026/01/23 17:18:48
2122,230.9,22230.4,-1770.13,2026/01/23 17:18:48
2123,231.01,22240.9,-1771.73,2026/01/23 17:18:49
2124,231.12,22256,-1775.63,2026/01/23 17:18:49
2125,231.23,22284.7,-1773.2,2026/01/23 17:18:49
2126,231.34,22314.6,-1776.62,2026/01/23 17:18:49
2127,231.44,22341.2,-1775.69,2026/01/23 17:18:49
2128,231.55,22314.9,-1773.59,2026/01/23 17:18:49
2129,231.66,22302.1,-1775.33,2026/01/23 17:18:49
2130,231.77,22318.2,-1778.59,2026/01/23 17:18:49
2131,231.88,22319.3,-1775.59,2026/01/23 17:18:49
2132,231.99,22281,-1770.81,2026/01/23 17:18:50
2133,232.1,22234.7,-1772.51,2026/01/23 17:18:50
2134,232.2,22241.4,-1771.77,2026/01/23 17:18:50
2135,232.31,22250.8,-1776.95,2026/01/23 17:18:50
2136,232.42,22277.2,-1770.98,2026/01/23 17:18:50
2137,232.53,22312.2,-1779.71,2026/01/23 17:18:50
2138,232.64,22329.7,-1770.27,2026/01/23 17:18:50
2139,232.75,22293.8,-1775.4,2026/01/23 17:18:50
2140,232.86,22293.9,-1774.7,2026/01/23 17:18:50
2141,232.97,22324.1,-1779.1,2026/01/23 17:18:51
2142,233.08,22305.7,-1776.07,2026/01/23 17:18:51
2143,233.18,22271.8,-1770.21,2026/01/23 17:18:51
2144,233.29,22223.5,-1775.14,2026/01/23 17:18:51
2145,233.4,22243.9,-1773.6,2026/01/23 17:18:51
2146,233.51,22247.4,-1773.52,2026/01/23 17:18:51
2147,233.62,22287.2,-1777.49,2026/01/23 17:18:51
2148,233.73,22327.3,-1777.15,2026/01/23 17:18:51
2149,233.84,22288.5,-1773.92,2026/01/23 17:18:51
2150,233.95,22297.7,-1776.15,2026/01/23 17:18:52
2151,234.06,22329.5,-1777.38,2026/01/23 17:18:52
2152,234.17,22339.3,-1775.5,2026/01/23 17:18:52
2153,234.28,22332.1,-1780.89,2026/01/23 17:18:52
2154,234.38,22319.9,-1778.7,2026/01/23 17:18:52
2155,234.49,22279.5,-1775,2026/01/23 17:18:52
2156,234.6,22240.1,-1769.07,2026/01/23 17:18:52
2157,234.71,22234.6,-1775.7,2026/01/23 17:18:52
2158,234.82,22247.5,-1771,2026/01/23 17:18:52
2159,234.93,22272.8,-1777.97,2026/01/23 17:18:53
2160,235.04,22312.2,-1773.72,2026/01/23 17:18:53
2161,235.15,22310.4,-1771.29,2026/01/23 17:18:53
2162,235.26,22300.8,-1776.1,2026/01/23 17:18:53
2163,235.37,22322,-1778.46,2026/01/23 17:18:53
2164,235.47,22328.5,-1783.05,2026/01/23 17:18:53
2165,235.58,22335.6,-1780.89,2026/01/23 17:18:53
2166,235.69,22304.4,-1782.79,2026/01/23 17:18:53
2167,235.8,22283.3,-1776.01,2026/01/23 17:18:53
2168,235.91,22240.5,-1775.19,2026/01/23 17:18:54
2169,236.02,22240.4,-1775.66,2026/01/23 17:18:54
2170,236.13,22247.1,-1776.59,2026/01/23 17:18:54
2171,236.24,22272.5,-1777.89,2026/01/23 17:18:54
2172,236.35,22308.9,-1779.07,2026/01/23 17:18:54
2173,236.45,22299.5,-1776.84,2026/01/23 17:18:54
2174,236.56,22310.8,-1778.42,2026/01/23 17:18:54
2175,236.67,22330.9,-1782.34,2026/01/23 17:18:54
2176,236.78,22334.2,-1782.17,2026/01/23 17:18:54
2177,236.89,22321.1,-1782.06,2026/01/23 17:18:54
2178,237,22306.1,-1779.99,2026/01/23 17:18:55
2179,237.11,22268.6,-1775.61,2026/01/23 17:18:55
2180,237.22,22238.6,-1775.31,2026/01/23 17:18:55
2181,237.33,22237.6,-1773.73,2026/01/23 17:18:55
2182,237.43,22252.3,-1778.9,2026/01/23 17:18:55
2183,237.54,22283.1,-1777.53,2026/01/23 17:18:55
2184,237.65,22325.7,-1780.13,2026/01/23 17:18:55
2185,237.76,22301.9,-1776.72,2026/01/23 17:18:55
2186,237.87,22293.9,-1774.65,2026/01/23 17:18:55
2187,237.98,22282.8,-1777.92,2026/01/23 17:18:56
2188,238.09,22287.6,-1778.91,2026/01/23 17:18:56
2189,238.2,22312.2,-1782.67,2026/01/23 17:18:56
2190,238.31,22297.6,-1777.47,2026/01/23 17:18:56
2191,238.42,22259.1,-1776.06,2026/01/23 17:18:56
2192,238.53,22229,-1773.62,2026/01/23 17:18:56
2193,238.64,22240,-1777.43,2026/01/23 17:18:56
2194,238.75,22263.6,-1775.17,2026/01/23 17:18:56
2195,238.85,22286.3,-1780.26,2026/01/23 17:18:56
2196,238.96,22329.3,-1778.54,2026/01/23 17:18:57
2197,239.07,22289,-1774.13,2026/01/23 17:18:57
2198,239.18,22310.2,-1779.21,2026/01/23 17:18:57
2199,239.29,22318.5,-1780.3,2026/01/23 17:18:57
2200,239.4,22318.2,-1782.06,2026/01/23 17:18:57
2201,239.51,22318.9,-1783.86,2026/01/23 17:18:57
2202,239.62,22306.1,-1779.08,2026/01/23 17:18:57
2203,239.73,22269.9,-1775.63,2026/01/23 17:18:57
2204,239.84,22233,-1775.06,2026/01/23 17:18:57
2205,239.95,22235.6,-1773.42,2026/01/23 17:18:58
2206,240.05,22245.3,-1777.45,2026/01/23 17:18:58
2207,240.16,22271.9,-1777.69,2026/01/23 17:18:58
2208,240.27,22307,-1777.07,2026/01/23 17:18:58
2209,240.38,22313.4,-1774.76,2026/01/23 17:18:58
2210,240.49,22290.2,-1776.13,2026/01/23 17:18:58
2211,240.6,22297.6,-1778.81,2026/01/23 17:18:58
2212,240.71,22303,-1778.81,2026/01/23 17:18:58
2213,240.82,22315.4,-1787.62,2026/01/23 17:18:58
2214,240.92,22316,-1779.2,2026/01/23 17:18:59
2215,241.04,22280.8,-1777.83,2026/01/23 17:18:59
2216,241.14,22246.6,-1772.69,2026/01/23 17:18:59
2217,241.25,22224.6,-1774.02,2026/01/23 17:18:59
2218,241.36,22244.1,-1776.53,2026/01/23 17:18:59
2219,241.47,22258.9,-1775.79,2026/01/23 17:18:59
2220,241.58,22285,-1778.4,2026/01/23 17:18:59
2221,241.69,22323.8,-1778.33,2026/01/23 17:18:59
2222,241.79,22285,-1775.31,2026/01/23 17:18:59
2223,241.9,22288.2,-1775.01,2026/01/23 17:18:59
2224,242.01,22285.2,-1779.59,2026/01/23 17:19:00
2225,242.12,22309.8,-1780.81,2026/01/23 17:19:00
2226,242.23,22306.6,-1781.43,2026/01/23 17:19:00
2227,242.34,22290.3,-1775.88,2026/01/23 17:19:00
2228,242.45,22247.9,-1774.71,2026/01/23 17:19:00
2229,242.56,22234.5,-1774.44,2026/01/23 17:19:00
2230,242.67,22249.8,-1775.65,2026/01/23 17:19:00
2231,242.78,22273.8,-1776.96,2026/01/23 17:19:00
2232,242.89,22309.1,-1778.23,2026/01/23 17:19:00
2233,243,22308.4,-1772.34,2026/01/23 17:19:01
2234,243.11,22299.1,-1777.14,2026/01/23 17:19:01
2235,243.22,22304.5,-1778.33,2026/01/23 17:19:01
2236,243.32,22314.3,-1781.59,2026/01/23 17:19:01
2237,243.43,22316.3,-1783.52,2026/01/23 17:19:01
2238,243.54,22300.3,-1774.49,2026/01/23 17:19:01
2239,243.65,22271.5,-1778.68,2026/01/23 17:19:01
2240,243.76,22245.4,-1773.25,2026/01/23 17:19:01
2241,243.87,22239,-1777.16,2026/01/23 17:19:01
2242,243.98,22250,-1775.67,2026/01/23 17:19:02
2243,244.09,22278.5,-1776.25,2026/01/23 17:19:02
2244,244.2,22321.7,-1781.56,2026/01/23 17:19:02
2245,244.3,22306.6,-1774.04,2026/01/23 17:19:02
2246,244.41,22319.7,-1779.55,2026/01/23 17:19:02
2247,244.52,22331.9,-1780.91,2026/01/23 17:19:02
2248,244.63,22321,-1782.44,2026/01/23 17:19:02
2249,244.74,22328.7,-1783.41,2026/01/23 17:19:02
2250,244.85,22301.6,-1777.79,2026/01/23 17:19:02
2251,244.96,22271.3,-1775.3,2026/01/23 17:19:03
2252,245.07,22246,-1775.39,2026/01/23 17:19:03
2253,245.18,22239.2,-1777.35,2026/01/23 17:19:03
2254,245.28,22261.6,-1773.75,2026/01/23 17:19:03
2255,245.39,22278.9,-1781.22,2026/01/23 17:19:03
2256,245.5,22324,-1776.56,2026/01/23 17:19:03
2257,245.61,22307.5,-1777.4,2026/01/23 17:19:03
2258,245.72,22293.1,-1775.62,2026/01/23 17:19:03
2259,245.83,22295.5,-1778.76,2026/01/23 17:19:03
2260,245.94,22296.7,-1779.08,2026/01/23 17:19:04
2261,246.05,22310.6,-1782.43,2026/01/23 17:19:04
2262,246.16,22317.1,-1779.38,2026/01/23 17:19:04
2263,246.27,22281.3,-1775.26,2026/01/23 17:19:04
2264,246.37,22243.2,-1774.88,2026/01/23 17:19:04
2265,246.48,22251.1,-1777.84,2026/01/23 17:19:04
2266,246.59,22260.2,-1777.31,2026/01/23 17:19:04
2267,246.7,22287.3,-1777.49,2026/01/23 17:19:04
2268,246.81,22326.1,-1780.19,2026/01/23 17:19:04
2269,246.92,22316.7,-1773.5,2026/01/23 17:19:05
2270,247.03,22305.7,-1777.96,2026/01/23 17:19:05
2271,247.14,22306.3,-1781.17,2026/01/23 17:19:05
2272,247.25,22316.2,-1778.1,2026/01/23 17:19:05
2273,247.35,22324,-1786.86,2026/01/23 17:19:05
2274,247.46,22322.9,-1777.93,2026/01/23 17:19:05
2275,247.57,22293.8,-1777.59,2026/01/23 17:19:05
2276,247.68,22261.7,-1776.31,2026/01/23 17:19:05
2277,247.79,22249.2,-1776.1,2026/01/23 17:19:05
2278,247.9,22264.4,-1777.31,2026/01/23 17:19:05
2279,248.01,22284.4,-1777.46,2026/01/23 17:19:06
2280,248.12,22316.8,-1781.47,2026/01/23 17:19:06
2281,248.23,22338.3,-1773.38,2026/01/23 17:19:06
2282,248.34,22297.2,-1780.69,2026/01/23 17:19:06
2283,248.45,22315.1,-1775.96,2026/01/23 17:19:06
2284,248.55,22312.8,-1785.81,2026/01/23 17:19:06
2285,248.66,22325.4,-1782.3,2026/01/23 17:19:06
2286,248.77,22321.5,-1781.6,2026/01/23 17:19:06
2287,248.88,22287.2,-1777.01,2026/01/23 17:19:06
2288,248.99,22261.2,-1774.12,2026/01/23 17:19:07
2289,249.1,22248,-1779.24,2026/01/23 17:19:07
2290,249.21,22272,-1778.76,2026/01/23 17:19:07
2291,249.32,22295,-1779.89,2026/01/23 17:19:07
2292,249.43,22337,-1780.09,2026/01/23 17:19:07
2293,249.54,22316.4,-1775.21,2026/01/23 17:19:07
2294,249.64,22300,-1775.88,2026/01/23 17:19:07
2295,249.75,22328.4,-1784.1,2026/01/23 17:19:07
2296,249.86,22359.7,-1779.59,2026/01/23 17:19:07
2297,249.97,22350.2,-1785.73,2026/01/23 17:19:08
2298,250.08,22323.5,-1783.08,2026/01/23 17:19:08
2299,250.19,22313.5,-1779.77,2026/01/23 17:19:08
2300,250.3,22280,-1777.94,2026/01/23 17:19:08
2301,250.41,22255.7,-1778.06,2026/01/23 17:19:08
2302,250.52,22264.8,-1777.62,2026/01/23 17:19:08
2303,250.62,22288.3,-1779.12,2026/01/23 17:19:08
2304,250.73,22314,-1780.29,2026/01/23 17:19:08
2305,250.84,22355.6,-1781.58,2026/01/23 17:19:08
2306,250.95,22330.2,-1777.72,2026/01/23 17:19:09
2307,251.06,22300.5,-1778.62,2026/01/23 17:19:09
2308,251.17,22307,-1778.02,2026/01/23 17:19:09
2309,251.28,22306.2,-1784.96,2026/01/23 17:19:09
2310,251.39,22341.2,-1779.43,2026/01/23 17:19:09
2311,251.5,22300.2,-1778.18,2026/01/23 17:19:09
2312,251.61,22269.3,-1776.19,2026/01/23 17:19:09
2313,251.72,22259.6,-1777.18,2026/01/23 17:19:09
2314,251.83,22278.4,-1777.12,2026/01/23 17:19:09
2315,251.93,22299.7,-1779.95,2026/01/23 17:19:10
2316,252.04,22339.3,-1781.23,2026/01/23 17:19:10
2317,252.15,22356.1,-1778.35,2026/01/23 17:19:10
2318,252.26,22319.4,-1779.84,2026/01/23 17:19:10
2319,252.37,22332.9,-1778.08,2026/01/23 17:19:10
2320,252.48,22333,-1788.71,2026/01/23 17:19:10
2321,252.59,22349.7,-1778.9,2026/01/23 17:19:10
2322,252.7,22320.5,-1783.27,2026/01/23 17:19:10
2323,252.81,22292.5,-1775.32,2026/01/23 17:19:10
2324,252.92,22270.1,-1778.28,2026/01/23 17:19:11
2325,253.02,22276.9,-1778.36,2026/01/23 17:19:11
2326,253.13,22298,-1775.6,2026/01/23 17:19:11
2327,253.24,22326.4,-1783.03,2026/01/23 17:19:11
2328,253.35,22361.6,-1776.22,2026/01/23 17:19:11
2329,253.46,22313.7,-1782,2026/01/23 17:19:11
2330,253.57,22330.4,-1778.69,2026/01/23 17:19:11
2331,253.68,22326.6,-1783.52,2026/01/23 17:19:11
2332,253.79,22343.2,-1784.16,2026/01/23 17:19:11
2333,253.89,22337.4,-1782.46,2026/01/23 17:19:11
2334,254,22306.1,-1778,2026/01/23 17:19:12
2335,254.11,22281.5,-1776.3,2026/01/23 17:19:12
2336,254.22,22271.8,-1778.03,2026/01/23 17:19:12
2337,254.33,22276.2,-1778.6,2026/01/23 17:19:12
2338,254.44,22273.6,-1777.41,2026/01/23 17:19:12
2339,254.55,22279,-1779.43,2026/01/23 17:19:12
2340,254.66,22273.5,-1777.7,2026/01/23 17:19:12
2341,254.77,22277.3,-1777.28,2026/01/23 17:19:12
2342,254.87,22275.9,-1777.59,2026/01/23 17:19:12
2343,254.98,22277,-1776.17,2026/01/23 17:19:13
2344,255.09,22280,-1776.75,2026/01/23 17:19:13
2345,255.2,22276,-1779.63,2026/01/23 17:19:13
2346,255.31,22279.2,-1776.38,2026/01/23 17:19:13
2347,255.42,22277.5,-1780.7,2026/01/23 17:19:13
2348,255.53,22278.2,-1777.03,2026/01/23 17:19:13
2349,255.64,22277.3,-1778.81,2026/01/23 17:19:13
2350,255.75,22277.8,-1777.82,2026/01/23 17:19:13
2351,255.86,22276.6,-1777.55,2026/01/23 17:19:13
2352,255.97,22276.5,-1778.83,2026/01/23 17:19:14
2353,256.07,22278.9,-1775.79,2026/01/23 17:19:14
2354,256.18,22272,-1781.27,2026/01/23 17:19:14
2355,256.29,22281.4,-1774.7,2026/01/23 17:19:14
2356,256.4,22272,-1781.21,2026/01/23 17:19:14
2357,256.51,22278.6,-1774.46,2026/01/23 17:19:14
2358,256.62,22274.4,-1780.74,2026/01/23 17:19:14
2359,256.73,22275.3,-1776.32,2026/01/23 17:19:14
2360,256.84,22275.3,-1778.42,2026/01/23 17:19:14
2361,256.95,22272.4,-1779.18,2026/01/23 17:19:15
2362,257.05,22274.8,-1776.46,2026/01/23 17:19:15
2363,257.16,22271.6,-1778.66,2026/01/23 17:19:15
2364,257.27,22275,-1778.67,2026/01/23 17:19:15
2365,257.38,22267.6,-1777.11,2026/01/23 17:19:15
2366,257.49,22274.4,-1777.02,2026/01/23 17:19:15
2367,257.6,22268.5,-1778.32,2026/01/23 17:19:15
2368,257.71,22270.6,-1776.58,2026/01/23 17:19:15
2369,257.82,22268.4,-1777.9,2026/01/23 17:19:15
2370,257.93,22264.7,-1777,2026/01/23 17:19:16
2371,258.03,22268.4,-1775.26,2026/01/23 17:19:16
2372,258.14,22264.2,-1781.31,2026/01/23 17:19:16
2373,258.25,22264.8,-1774.95,2026/01/23 17:19:16
2374,258.36,22262.9,-1777.79,2026/01/23 17:19:16
2375,258.47,22261.6,-1777.45,2026/01/23 17:19:16
2376,258.58,22261.7,-1775.21,2026/01/23 17:19:16
2377,258.69,22257.8,-1779.55,2026/01/23 17:19:16
2378,258.8,22262.5,-1775.9,2026/01/23 17:19:16
2379,258.9,22253.3,-1777.2,2026/01/23 17:19:16
2380,259.01,22261.6,-1776.94,2026/01/23 17:19:17
2381,259.12,22253.4,-1778.59,2026/01/23 17:19:17
2382,259.23,22257.5,-1775.36,2026/01/23 17:19:17
2383,259.34,22253.4,-1778.27,2026/01/23 17:19:17
2384,259.45,22251.8,-1776.33,2026/01/23 17:19:17
2385,259.56,22255.3,-1777.84,2026/01/23 17:19:17
2386,259.67,22249.3,-1777.24,2026/01/23 17:19:17
2387,259.78,22253.1,-1775.42,2026/01/23 17:19:17
2388,259.88,22250.6,-1777.55,2026/01/23 17:19:17
2389,259.99,22251.9,-1778.08,2026/01/23 17:19:18
2390,260.1,22248,-1776.29,2026/01/23 17:19:18
2391,260.21,22249.8,-1778.4,2026/01/23 17:19:18
2392,260.32,22248.8,-1775.83,2026/01/23 17:19:18
2393,260.43,22247.4,-1778.98,2026/01/23 17:19:18
2394,260.54,22250.7,-1775.13,2026/01/23 17:19:18
2395,260.65,22243.3,-1779.73,2026/01/23 17:19:18
2396,260.75,22252.3,-1774.11,2026/01/23 17:19:18
2397,260.86,22245.8,-1778.32,2026/01/23 17:19:18
2398,260.97,22248.5,-1775.77,2026/01/23 17:19:19
2399,261.08,22249.9,-1776.42,2026/01/23 17:19:19
2400,261.19,22244.7,-1778.74,2026/01/23 17:19:19
2401,261.3,22248.6,-1775.63,2026/01/23 17:19:19
2402,261.4,22245.7,-1778.59,2026/01/23 17:19:19
2403,261.51,22246.5,-1777.62,2026/01/23 17:19:19
2404,261.62,22245.6,-1775.54,2026/01/23 17:19:19
2405,261.73,22246.2,-1777.31,2026/01/23 17:19:19
2406,261.84,22245.1,-1776.02,2026/01/23 17:19:19
2407,261.95,22243,-1779.39,2026/01/23 17:19:20
2408,262.06,22247,-1775.61,2026/01/23 17:19:20
2409,262.17,22240.4,-1778.12,2026/01/23 17:19:20
2410,262.28,22249.1,-1773.63,2026/01/23 17:19:20
2411,262.38,22239.6,-1778.94,2026/01/23 17:19:20
2412,262.49,22245.6,-1775.92,2026/01/23 17:19:20
2413,262.6,22244.5,-1777.13,2026/01/23 17:19:20
2414,262.71,22238.9,-1776.03,2026/01/23 17:19:20
2415,262.82,22244.3,-1775.01,2026/01/23 17:19:20
2416,262.93,22239.5,-1778.65,2026/01/23 17:19:21
2417,263.04,22240.3,-1773.9,2026/01/23 17:19:21
2418,263.14,22238.5,-1777.81,2026/01/23 17:19:21
2419,263.25,22241.2,-1775.86,2026/01/23 17:19:21
2420,263.36,22238.6,-1775.89,2026/01/23 17:19:21
2421,263.47,22239,-1777.86,2026/01/23 17:19:21
2422,263.58,22237.9,-1775.87,2026/01/23 17:19:21
2423,263.69,22234.8,-1779.53,2026/01/23 17:19:21
2424,263.8,22238.8,-1775.87,2026/01/23 17:19:21
2425,263.91,22231.3,-1778.07,2026/01/23 17:19:22
2426,264.02,22240.1,-1774.39,2026/01/23 17:19:22
2427,264.12,22229.7,-1778.87,2026/01/23 17:19:22
2428,264.23,22236.8,-1774.64,2026/01/23 17:19:22
2429,264.34,22232.3,-1778.41,2026/01/23 17:19:22
2430,264.45,22230.8,-1774.84,2026/01/23 17:19:22
2431,264.56,22235.1,-1776.4,2026/01/23 17:19:22
2432,264.67,22229.9,-1778.42,2026/01/23 17:19:22
2433,264.78,22231.7,-1773.8,2026/01/23 17:19:22
2434,264.88,22229.8,-1776.97,2026/01/23 17:19:22
2435,264.99,22228.4,-1777.35,2026/01/23 17:19:23
2436,265.1,22231.4,-1774.73,2026/01/23 17:19:23
2437,265.21,22227.2,-1777.85,2026/01/23 17:19:23
2438,265.32,22229.1,-1776.58,2026/01/23 17:19:23
2439,265.43,22226.4,-1774.97,2026/01/23 17:19:23
2440,265.53,22228.6,-1777.6,2026/01/23 17:19:23
2441,265.64,22226.7,-1775.73,2026/01/23 17:19:23
2442,265.75,22224.2,-1777.75,2026/01/23 17:19:23
2443,265.86,22231.4,-1774.16,2026/01/23 17:19:23
2444,265.97,22222,-1778.52,2026/01/23 17:19:24
2445,266.08,22228.9,-1773.77,2026/01/23 17:19:24
2446,266.18,22224.9,-1776.98,2026/01/23 17:19:24
2447,266.29,22226.1,-1775.13,2026/01/23 17:19:24
2448,266.4,22223.7,-1778.62,2026/01/23 17:19:24
2449,266.51,22221.8,-1776.6,2026/01/23 17:19:24
2450,266.62,22226.8,-1776.42,2026/01/23 17:19:24
2451,266.73,22222.3,-1777.22,2026/01/23 17:19:24
2452,266.84,22223,-1774.92,2026/01/23 17:19:24
2453,266.95,22222.9,-1775.42,2026/01/23 17:19:25
2454,267.05,22221.3,-1776.19,2026/01/23 17:19:25
2455,267.16,22223.1,-1774.26,2026/01/23 17:19:25
2456,267.27,22218.3,-1777.05,2026/01/23 17:19:25
2457,267.38,22222.6,-1778.4,2026/01/23 17:19:25
2458,267.49,22216.6,-1775.96,2026/01/23 17:19:25
2459,267.59,22219,-1776.26,2026/01/23 17:19:25
2460,267.7,22218.6,-1774.51,2026/01/23 17:19:25
2461,267.81,22211.3,-1777.51,2026/01/23 17:19:25
2462,267.92,22220.3,-1774.85,2026/01/23 17:19:26
2463,268.03,22213.9,-1777.39,2026/01/23 17:19:26
2464,268.14,22217.5,-1774.47,2026/01/23 17:19:26
2465,268.24,22214.1,-1778.19,2026/01/23 17:19:26
2466,268.35,22216.2,-1775.04,2026/01/23 17:19:26
2467,268.46,22216.2,-1776.93,2026/01/23 17:19:26
2468,268.57,22211.7,-1776.03,2026/01/23 17:19:26
2469,268.68,22216.6,-1776.59,2026/01/23 17:19:26
2470,268.79,22211.4,-1778.98,2026/01/23 17:19:26
2471,268.9,22214,-1775.68,2026/01/23 17:19:26
2472,269.01,22212.8,-1776.92,2026/01/23 17:19:27
2473,269.12,22213.5,-1776.26,2026/01/23 17:19:27
2474,269.23,22211.5,-1777.45,2026/01/23 17:19:27
2475,269.34,22211.7,-1776.42,2026/01/23 17:19:27
2476,269.44,22211.7,-1776.07,2026/01/23 17:19:27
2477,269.55,22211.5,-1777.14,2026/01/23 17:19:27
2478,269.66,22213.9,-1775.98,2026/01/23 17:19:27
2479,269.77,22206.8,-1777.34,2026/01/23 17:19:27
2480,269.88,22214.8,-1776.38,2026/01/23 17:19:27
2481,269.99,22207.3,-1777.34,2026/01/23 17:19:28
2482,270.1,22213.3,-1774.81,2026/01/23 17:19:28
2483,270.2,22210.4,-1776.35,2026/01/23 17:19:28
2484,270.31,22209.6,-1774.55,2026/01/23 17:19:28
2485,270.42,22213.5,-1774.98,2026/01/23 17:19:28
2486,270.53,22208.5,-1779.14,2026/01/23 17:19:28
2487,270.64,22212.7,-1772.87,2026/01/23 17:19:28
2488,270.75,22209.3,-1779.44,2026/01/23 17:19:28
2489,270.86,22211.7,-1775.17,2026/01/23 17:19:28
2490,270.97,22211,-1777.05,2026/01/23 17:19:29
2491,271.07,22207.8,-1777.87,2026/01/23 17:19:29
2492,271.18,22212.9,-1774.51,2026/01/23 17:19:29
2493,271.29,22210.3,-1776.6,2026/01/23 17:19:29
2494,271.4,22213.2,-1776.46,2026/01/23 17:19:29
2495,271.51,22209.2,-1775.17,2026/01/23 17:19:29
2496,271.62,22212.9,-1777.14,2026/01/23 17:19:29
2497,271.73,22209.5,-1776.04,2026/01/23 17:19:29
2498,271.84,22213.9,-1776.94,2026/01/23 17:19:29
2499,271.95,22210.3,-1776.56,2026/01/23 17:19:30
2500,272.05,22212.9,-1776.19,2026/01/23 17:19:30
2501,272.16,22211.9,-1777.14,2026/01/23 17:19:30
2502,272.27,22209.5,-1778,2026/01/23 17:19:30
2503,272.38,22216.3,-1773.94,2026/01/23 17:19:30
2504,272.49,22207.5,-1779.91,2026/01/23 17:19:30
2505,272.6,22215.9,-1773.26,2026/01/23 17:19:30
2506,272.71,22211.7,-1777.48,2026/01/23 17:19:30
2507,272.82,22212.1,-1776.14,2026/01/23 17:19:30
2508,272.92,22215.9,-1776.86,2026/01/23 17:19:31
2509,273.03,22210.3,-1775.82,2026/01/23 17:19:31
2510,273.14,22215.6,-1775.01,2026/01/23 17:19:31
2511,273.25,22214,-1778.12,2026/01/23 17:19:31
2512,273.36,22215,-1775.31,2026/01/23 17:19:31
2513,273.47,22214,-1777.62,2026/01/23 17:19:31
2514,273.58,22215.1,-1777.32,2026/01/23 17:19:31
2515,273.69,22214.7,-1775.98,2026/01/23 17:19:31
2516,273.79,22213.6,-1777.38,2026/01/23 17:19:31
2517,273.9,22216.3,-1773.99,2026/01/23 17:19:31
2518,274.01,22211.2,-1776.98,2026/01/23 17:19:32
2519,274.12,22217.5,-1775.24,2026/01/23 17:19:32
2520,274.23,22210.5,-1775.23,2026/01/23 17:19:32
2521,274.34,22217.2,-1776.68,2026/01/23 17:19:32
2522,274.45,22212.2,-1776.44,2026/01/23 17:19:32
2523,274.56,22215.5,-1775.98,2026/01/23 17:19:32
2524,274.67,22213.3,-1776.98,2026/01/23 17:19:32
2525,274.77,22210.2,-1777.31,2026/01/23 17:19:32
2526,274.88,22217.3,-1774.71,2026/01/23 17:19:32
2527,274.99,22209.7,-1779.03,2026/01/23 17:19:33
2528,275.1,22217.6,-1772.5,2026/01/23 17:19:33
2529,275.21,22211.9,-1780.06,2026/01/23 17:19:33
2530,275.32,22215.9,-1772.71,2026/01/23 17:19:33
2531,275.43,22213.7,-1776.6,2026/01/23 17:19:33
2532,275.54,22212,-1776.41,2026/01/23 17:19:33
2533,275.64,22216.6,-1774.76,2026/01/23 17:19:33
2534,275.75,22210.9,-1777.36,2026/01/23 17:19:33
2535,275.86,22214.2,-1774.54,2026/01/23 17:19:33
2536,275.97,22212.4,-1775.26,2026/01/23 17:19:34
2537,276.08,22214,-1777.01,2026/01/23 17:19:34
2538,276.19,22213.2,-1776.21,2026/01/23 17:19:34
2539,276.3,22214.9,-1777.01,2026/01/23 17:19:34
2540,276.41,22213.8,-1775.67,2026/01/23 17:19:34
2541,276.52,22215.9,-1775.57,2026/01/23 17:19:34
2542,276.63,22216.2,-1775.7,2026/01/23 17:19:34
2543,276.73,22215,-1777.15,2026/01/23 17:19:34
2544,276.84,22219.6,-1774.19,2026/01/23 17:19:34
2545,276.95,22211.9,-1777.32,2026/01/23 17:19:35
2546,277.06,22221.9,-1772.84,2026/01/23 17:19:35
2547,277.17,22213,-1777.23,2026/01/23 17:19:35
2548,277.28,22219.5,-1774.04,2026/01/23 17:19:35
2549,277.39,22215.3,-1776.63,2026/01/23 17:19:35
2550,277.5,22214.6,-1774.33,2026/01/23 17:19:35
2551,277.61,22218.3,-1775.4,2026/01/23 17:19:35
2552,277.71,22212.4,-1776.42,2026/01/23 17:19:35
2553,277.82,22217.6,-1772.78,2026/01/23 17:19:35
2554,277.93,22212.8,-1777.93,2026/01/23 17:19:36
2555,278.04,22214.8,-1772.4,2026/01/23 17:19:36
2556,278.15,22212.1,-1777.5,2026/01/23 17:19:36
2557,278.26,22211.5,-1774.61,2026/01/23 17:19:36
2558,278.37,22212.8,-1776.39,2026/01/23 17:19:36
2559,278.48,22209.6,-1776.66,2026/01/23 17:19:36
2560,278.59,22212.9,-1774.01,2026/01/23 17:19:36
2561,278.69,22208.8,-1776.08,2026/01/23 17:19:36
2562,278.8,22212.1,-1774.19,2026/01/23 17:19:36
2563,278.91,22207.2,-1774.52,2026/01/23 17:19:37
2564,279.02,22210,-1775.47,2026/01/23 17:19:37
2565,279.13,22205.6,-1775.22,2026/01/23 17:19:37
2566,279.24,22206.9,-1775.24,2026/01/23 17:19:37
2567,279.35,22204.8,-1773.91,2026/01/23 17:19:37
2568,279.46,22206.6,-1774.55,2026/01/23 17:19:37
2569,279.57,22206,-1773.15,2026/01/23 17:19:37
2570,279.67,22199.6,-1777.74,2026/01/23 17:19:37
2571,279.78,22208.8,-1772.61,2026/01/23 17:19:37
2572,279.89,22199,-1777.28,2026/01/23 17:19:37
2573,280,22205.9,-1772.65,2026/01/23 17:19:38
2574,280.11,22200.5,-1776.2,2026/01/23 17:19:38
2575,280.22,22203.6,-1773.42,2026/01/23 17:19:38
2576,280.33,22203.6,-1775.31,2026/01/23 17:19:38
2577,280.44,22200.7,-1774.93,2026/01/23 17:19:38
2578,280.54,22206.7,-1772.72,2026/01/23 17:19:38
2579,280.65,22202,-1775.77,2026/01/23 17:19:38
2580,280.76,22203.8,-1772.39,2026/01/23 17:19:38
2581,280.87,22204.8,-1777.89,2026/01/23 17:19:38
2582,280.98,22205.5,-1772.18,2026/01/23 17:19:39
2583,281.09,22206.2,-1776.77,2026/01/23 17:19:39
2584,281.2,22203.8,-1775.47,2026/01/23 17:19:39
2585,281.31,22208.3,-1773.68,2026/01/23 17:19:39
2586,281.42,22205.3,-1776.04,2026/01/23 17:19:39
2587,281.53,22208.1,-1774.11,2026/01/23 17:19:39
2588,281.63,22205.2,-1773.73,2026/01/23 17:19:39
2589,281.74,22209.2,-1774.69,2026/01/23 17:19:39
2590,281.85,22205.1,-1774.08,2026/01/23 17:19:39
2591,281.96,22208.2,-1775.73,2026/01/23 17:19:40
2592,282.07,22206.4,-1774.5,2026/01/23 17:19:40
2593,282.18,22208.1,-1776.25,2026/01/23 17:19:40
2594,282.29,22210,-1772.05,2026/01/23 17:19:40
2595,282.4,22203.1,-1775.42,2026/01/23 17:19:40
2596,282.5,22213,-1773.43,2026/01/23 17:19:40
2597,282.61,22204.5,-1775.59,2026/01/23 17:19:40
2598,282.72,22213.1,-1773.21,2026/01/23 17:19:40
2599,282.83,22207.2,-1775.27,2026/01/23 17:19:40
2600,282.94,22212.5,-1773.45,2026/01/23 17:19:41
2601,283.05,22211.5,-1775.91,2026/01/23 17:19:41
2602,283.16,22210.3,-1775.17,2026/01/23 17:19:41
2603,283.27,22216.3,-1772.94,2026/01/23 17:19:41
2604,283.37,22212,-1777.7,2026/01/23 17:19:41
2605,283.48,22220.2,-1770.56,2026/01/23 17:19:41
2606,283.59,22215.1,-1778.74,2026/01/23 17:19:41
2607,283.7,22220.3,-1771.45,2026/01/23 17:19:41
2608,283.81,22218.4,-1776.73,2026/01/23 17:19:41
2609,283.92,22220.2,-1773.94,2026/01/23 17:19:42
2610,284.03,22221.5,-1774.93,2026/01/23 17:19:42
2611,284.14,22218.8,-1775.05,2026/01/23 17:19:42
2612,284.25,22223.8,-1774.5,2026/01/23 17:19:42
2613,284.36,22220.3,-1777.32,2026/01/23 17:19:42
2614,284.47,22224.6,-1774.2,2026/01/23 17:19:42
2615,284.57,22222.3,-1776.57,2026/01/23 17:19:42
2616,284.68,22224.1,-1774.01,2026/01/23 17:19:42
2617,284.79,22223.1,-1775.09,2026/01/23 17:19:42
2618,284.9,22223.5,-1775.05,2026/01/23 17:19:42
2619,285.01,22225.4,-1774.42,2026/01/23 17:19:43
2620,285.12,22222.9,-1776.55,2026/01/23 17:19:43
2621,285.23,22226.8,-1772.74,2026/01/23 17:19:43
2622,285.34,22222.8,-1777.06,2026/01/23 17:19:43
2623,285.45,22227,-1773.3,2026/01/23 17:19:43
2624,285.56,22222.6,-1775.38,2026/01/23 17:19:43
2625,285.66,22228.2,-1774.53,2026/01/23 17:19:43
2626,285.77,22222.4,-1774.53,2026/01/23 17:19:43
2627,285.88,22229,-1775.21,2026/01/23 17:19:43
2628,285.99,22223.9,-1775.14,2026/01/23 17:19:44
2629,286.1,22228.3,-1774.56,2026/01/23 17:19:44
2630,286.21,22225.8,-1773.49,2026/01/23 17:19:44
2631,286.32,22228,-1776.95,2026/01/23 17:19:44
2632,286.43,22229.5,-1771.61,2026/01/23 17:19:44
2633,286.54,22224.8,-1778.08,2026/01/23 17:19:44
2634,286.65,22231.1,-1772.79,2026/01/23 17:19:44
2635,286.76,22222.2,-1776.8,2026/01/23 17:19:44
2636,286.86,22230.2,-1774.07,2026/01/23 17:19:44
2637,286.97,22222.7,-1776.06,2026/01/23 17:19:45
2638,287.08,22228.7,-1773.89,2026/01/23 17:19:45
2639,287.19,22225.7,-1774.56,2026/01/23 17:19:45
2640,287.3,22225.9,-1774.18,2026/01/23 17:19:45
2641,287.41,22227.8,-1775.27,2026/01/23 17:19:45
2642,287.52,22222.9,-1776.89,2026/01/23 17:19:45
2643,287.63,22230.2,-1773.38,2026/01/23 17:19:45
2644,287.74,22224.1,-1778.81,2026/01/23 17:19:45
2645,287.84,22229.2,-1771.52,2026/01/23 17:19:45
2646,287.95,22225.8,-1778.37,2026/01/23 17:19:46
2647,288.06,22226.7,-1773.46,2026/01/23 17:19:46
2648,288.17,22227.9,-1776.91,2026/01/23 17:19:46
2649,288.28,22226.6,-1774.87,2026/01/23 17:19:46
2650,288.39,22234.4,-1775.64,2026/01/23 17:19:46
2651,288.5,22241.8,-1777.81,2026/01/23 17:19:46
2652,288.61,22256.2,-1774.04,2026/01/23 17:19:46
2653,288.71,22267.7,-1779.9,2026/01/23 17:19:46
2654,288.82,22295.7,-1777.25,2026/01/23 17:19:46
2655,288.93,22329,-1778.47,2026/01/23 17:19:47
2656,289.04,22285.8,-1776.84,2026/01/23 17:19:47
2657,289.15,22328.1,-1780.97,2026/01/23 17:19:47
2658,289.26,22376.2,-1783.92,2026/01/23 17:19:47
2659,289.37,22360.2,-1785.58,2026/01/23 17:19:47
2660,289.48,22300.8,-1779.72,2026/01/23 17:19:47
2661,289.59,22248.6,-1775.88,2026/01/23 17:19:47
2662,289.69,22205.7,-1776.03,2026/01/23 17:19:47
2663,289.8,22231.8,-1776.63,2026/01/23 17:19:47
2664,289.91,22260,-1779.6,2026/01/23 17:19:48
2665,290.02,22316.1,-1780.33,2026/01/23 17:19:48
2666,290.13,22322.5,-1783.56,2026/01/23 17:19:48
2667,290.24,22407.8,-1787.11,2026/01/23 17:19:48
2668,290.35,22388.4,-1784.36,2026/01/23 17:19:48
2669,290.46,22355.9,-1785.16,2026/01/23 17:19:48
2670,290.56,22286.1,-1779.83,2026/01/23 17:19:48
2671,290.67,22224.6,-1774.67,2026/01/23 17:19:48
2672,290.78,22220,-1778.49,2026/01/23 17:19:48
2673,290.89,22242.6,-1778.54,2026/01/23 17:19:48
2674,291,22287.5,-1780.8,2026/01/23 17:19:49
2675,291.11,22325.9,-1774.19,2026/01/23 17:19:49
2676,291.22,22328.6,-1785.96,2026/01/23 17:19:49
2677,291.33,22411.8,-1783.48,2026/01/23 17:19:49
2678,291.44,22389.6,-1789.21,2026/01/23 17:19:49
2679,291.55,22375.4,-1786.45,2026/01/23 17:19:49
2680,291.65,22300,-1783.7,2026/01/23 17:19:49
2681,291.76,22254.8,-1776.4,2026/01/23 17:19:49
2682,291.87,22224.8,-1779.95,2026/01/23 17:19:49
2683,291.98,22243.5,-1777.7,2026/01/23 17:19:50
2684,292.09,22267.4,-1782.28,2026/01/23 17:19:50
2685,292.2,22325.6,-1784.75,2026/01/23 17:19:50
2686,292.31,22325.6,-1783.06,2026/01/23 17:19:50
2687,292.42,22401.2,-1792.13,2026/01/23 17:19:50
2688,292.53,22413.6,-1783.4,2026/01/23 17:19:50
2689,292.63,22381.5,-1794.15,2026/01/23 17:19:50
2690,292.74,22358.6,-1788.04,2026/01/23 17:19:50
2691,292.85,22297.5,-1787.24,2026/01/23 17:19:50
2692,292.96,22247.6,-1780.98,2026/01/23 17:19:51
2693,293.07,22222.7,-1779.99,2026/01/23 17:19:51
2694,293.18,22240,-1782.22,2026/01/23 17:19:51
2695,293.29,22267.3,-1782.05,2026/01/23 17:19:51
2696,293.4,22321.4,-1788.48,2026/01/23 17:19:51
2697,293.5,22321.9,-1789.28,2026/01/23 17:19:51
2698,293.61,22439.1,-1793.71,2026/01/23 17:19:51
2699,293.72,22467.7,-1773.91,2026/01/23 17:19:51
2700,293.83,22390.4,-1793.81,2026/01/23 17:19:51
2701,293.94,22334,-1793.97,2026/01/23 17:19:52
2702,294.05,22277.4,-1784.03,2026/01/23 17:19:52
2703,294.16,22225.4,-1781.12,2026/01/23 17:19:52
2704,294.27,22231.2,-1784.92,2026/01/23 17:19:52
2705,294.38,22246.5,-1783.51,2026/01/23 17:19:52
2706,294.48,22289.5,-1786.23,2026/01/23 17:19:52
2707,294.59,22316.5,-1779.41,2026/01/23 17:19:52
2708,294.7,22333.6,-1789.24,2026/01/23 17:19:52
2709,294.81,22388.5,-1786.88,2026/01/23 17:19:52
2710,294.92,22375.4,-1788.57,2026/01/23 17:19:53
2711,295.03,22366.4,-1793.97,2026/01/23 17:19:53
2712,295.14,22296.3,-1789.21,2026/01/23 17:19:53
2713,295.25,22250.2,-1779.21,2026/01/23 17:19:53
2714,295.35,22215,-1784.87,2026/01/23 17:19:53
2715,295.46,22248.8,-1783.09,2026/01/23 17:19:53
2716,295.57,22295.5,-1787.63,2026/01/23 17:19:53
2717,295.68,22308.7,-1783.21,2026/01/23 17:19:53
2718,295.79,22362.1,-1790.42,2026/01/23 17:19:53
2719,295.9,22431.4,-1785.21,2026/01/23 17:19:53
2720,296.01,22421.3,-1777.48,2026/01/23 17:19:54
2721,296.12,22398.7,-1792.62,2026/01/23 17:19:54
2722,296.23,22340.2,-1787.51,2026/01/23 17:19:54
2723,296.33,22274.2,-1786.69,2026/01/23 17:19:54
2724,296.44,22229.2,-1782.59,2026/01/23 17:19:54
2725,296.55,22246.4,-1785.48,2026/01/23 17:19:54
2726,296.66,22276.2,-1785.96,2026/01/23 17:19:54
2727,296.77,22337,-1785.43,2026/01/23 17:19:54
2728,296.88,22322.2,-1794.82,2026/01/23 17:19:54
2729,296.99,22410.1,-1783.33,2026/01/23 17:19:55
2730,297.09,22408.5,-1785.21,2026/01/23 17:19:55
2731,297.2,22402.5,-1784.07,2026/01/23 17:19:55
2732,297.31,22382.5,-1795.36,2026/01/23 17:19:55
2733,297.42,22307.7,-1790.31,2026/01/23 17:19:55
2734,297.53,22260.2,-1782.66,2026/01/23 17:19:55
2735,297.64,22231.1,-1786.74,2026/01/23 17:19:55
2736,297.75,22258.1,-1785.32,2026/01/23 17:19:55
2737,297.86,22297.6,-1786.63,2026/01/23 17:19:55
2738,297.97,22336.7,-1781.96,2026/01/23 17:19:56
2739,298.08,22363.5,-1791.85,2026/01/23 17:19:56
2740,298.18,22465.8,-1780.8,2026/01/23 17:19:56
2741,298.29,22456.9,-1770.43,2026/01/23 17:19:56
2742,298.4,22406.5,-1796.21,2026/01/23 17:19:56
2743,298.51,22376.2,-1791.22,2026/01/23 17:19:56
2744,298.62,22303.8,-1790.55,2026/01/23 17:19:56
2745,298.73,22261.5,-1783.8,2026/01/23 17:19:56
2746,298.84,22242.9,-1784.62,2026/01/23 17:19:56
2747,298.95,22274.1,-1787.02,2026/01/23 17:19:57
2748,299.05,22311.7,-1787.51,2026/01/23 17:19:57
2749,299.16,22333.7,-1782.45,2026/01/23 17:19:57
2750,299.27,22340.3,-1790.88,2026/01/23 17:19:57
2751,299.38,22441.6,-1777.22,2026/01/23 17:19:57
2752,299.49,22507.8,-1764.47,2026/01/23 17:19:57
2753,299.6,22429.4,-1788,2026/01/23 17:19:57
2754,299.71,22405.8,-1794.4,2026/01/23 17:19:57
2755,299.82,22367.3,-1795.65,2026/01/23 17:19:57
2756,299.93,22315.1,-1787.33,2026/01/23 17:19:58
2757,300.03,22267.8,-1785.94,2026/01/23 17:19:58
2758,300.14,22261.2,-1785.55,2026/01/23 17:19:58
2759,300.25,22283.2,-1785.89,2026/01/23 17:19:58
2760,300.36,22304.7,-1790.54,2026/01/23 17:19:58
2761,300.47,22351.8,-1786.8,2026/01/23 17:19:58
2762,300.58,22317.1,-1789.26,2026/01/23 17:19:58
2763,300.68,22427.7,-1777.49,2026/01/23 17:19:58
2764,300.79,22521.2,-1765.19,2026/01/23 17:19:58
2765,300.9,22479.9,-1769.55,2026/01/23 17:19:58
2766,301.01,22421.9,-1796.11,2026/01/23 17:19:59
2767,301.12,22385.4,-1795.69,2026/01/23 17:19:59
2768,301.23,22330,-1786.78,2026/01/23 17:19:59
2769,301.34,22288.4,-1789.21,2026/01/23 17:19:59
2770,301.45,22280.7,-1784.73,2026/01/23 17:19:59
2771,301.55,22299.9,-1789.72,2026/01/23 17:19:59
2772,301.66,22338.1,-1791.47,2026/01/23 17:19:59
2773,301.77,22355.4,-1783.79,2026/01/23 17:19:59
2774,301.88,22403.4,-1788.43,2026/01/23 17:19:59
2775,301.99,22506.1,-1762.81,2026/01/23 17:20:00
2776,302.1,22524.7,-1764.75,2026/01/23 17:20:00
2777,302.21,22496.3,-1767.82,2026/01/23 17:20:00
2778,302.32,22418.9,-1797.24,2026/01/23 17:20:00
2779,302.42,22348.6,-1791.87,2026/01/23 17:20:00
2780,302.53,22302.8,-1783.72,2026/01/23 17:20:00
2781,302.64,22275,-1788.58,2026/01/23 17:20:00
2782,302.75,22305,-1788.1,2026/01/23 17:20:00
2783,302.86,22345.8,-1790.21,2026/01/23 17:20:00
2784,302.97,22353.3,-1785.98,2026/01/23 17:20:01
2785,303.08,22429,-1778.38,2026/01/23 17:20:01
2786,303.18,22486.1,-1762.32,2026/01/23 17:20:01
2787,303.29,22446.5,-1782.01,2026/01/23 17:20:01
2788,303.4,22417,-1799.85,2026/01/23 17:20:01
2789,303.51,22365.4,-1790.15,2026/01/23 17:20:01
2790,303.62,22314.1,-1789.3,2026/01/23 17:20:01
2791,303.73,22289.5,-1782.85,2026/01/23 17:20:01
2792,303.84,22299,-1788.54,2026/01/23 17:20:01
2793,303.95,22342.6,-1788.8,2026/01/23 17:20:02
2794,304.06,22387.1,-1787.23,2026/01/23 17:20:02
2795,304.16,22409,-1787.62,2026/01/23 17:20:02
2796,304.27,22505.8,-1762.75,2026/01/23 17:20:02
2797,304.38,22508.1,-1766.64,2026/01/23 17:20:02
2798,304.49,22521.2,-1762.85,2026/01/23 17:20:02
2799,304.6,22481.6,-1776.03,2026/01/23 17:20:02
2800,304.71,22427.8,-1791.18,2026/01/23 17:20:02
2801,304.82,22349.9,-1793.06,2026/01/23 17:20:02
2802,304.93,22304.7,-1781.08,2026/01/23 17:20:03
2803,305.04,22297.3,-1790.62,2026/01/23 17:20:03
2804,305.15,22308.1,-1784.48,2026/01/23 17:20:03
2805,305.25,22309.2,-1787.39,2026/01/23 17:20:03
2806,305.36,22308.9,-1788.06,2026/01/23 17:20:03
2807,305.47,22314.5,-1785.51,2026/01/23 17:20:03
2808,305.58,22311.7,-1787.92,2026/01/23 17:20:03
2809,305.69,22313.6,-1786.19,2026/01/23 17:20:03
2810,305.8,22313.3,-1786.37,2026/01/23 17:20:03
2811,305.91,22313.6,-1786.78,2026/01/23 17:20:04
2812,306.02,22312.8,-1787.51,2026/01/23 17:20:04
2813,306.13,22313.4,-1786.39,2026/01/23 17:20:04
2814,306.23,22314.1,-1786.29,2026/01/23 17:20:04
2815,306.34,22312.8,-1787.66,2026/01/23 17:20:04
2816,306.45,22315.2,-1785.33,2026/01/23 17:20:04
2817,306.56,22312.5,-1786.96,2026/01/23 17:20:04
2818,306.67,22319.5,-1788.32,2026/01/23 17:20:04
2819,306.78,22314.8,-1785.95,2026/01/23 17:20:04
2820,306.89,22319.4,-1786.73,2026/01/23 17:20:04
2821,306.99,22318.7,-1786.88,2026/01/23 17:20:05
2822,307.1,22317.8,-1787.87,2026/01/23 17:20:05
2823,307.21,22323.8,-1784.15,2026/01/23 17:20:05
2824,307.32,22314.9,-1788.69,2026/01/23 17:20:05
2825,307.43,22324.5,-1784.45,2026/01/23 17:20:05
2826,307.54,22317.4,-1786.69,2026/01/23 17:20:05
2827,307.65,22323.4,-1785.95,2026/01/23 17:20:05
2828,307.75,22321.1,-1786.71,2026/01/23 17:20:05
2829,307.86,22322.4,-1784.85,2026/01/23 17:20:05
2830,307.97,22326,-1784.62,2026/01/23 17:20:06
2831,308.08,22320.3,-1790.06,2026/01/23 17:20:06
2832,308.19,22327,-1782.43,2026/01/23 17:20:06
2833,308.3,22323.8,-1788.18,2026/01/23 17:20:06
2834,308.41,22324.9,-1784.33,2026/01/23 17:20:06
2835,308.51,22326.9,-1785.73,2026/01/23 17:20:06
2836,308.62,22323.6,-1787.98,2026/01/23 17:20:06
2837,308.73,22329.1,-1786.65,2026/01/23 17:20:06
2838,308.84,22326,-1787.39,2026/01/23 17:20:06
2839,308.95,22328.8,-1786.35,2026/01/23 17:20:07
2840,309.06,22329.5,-1787.84,2026/01/23 17:20:07
2841,309.17,22330.1,-1785.52,2026/01/23 17:20:07
2842,309.28,22329.8,-1786.72,2026/01/23 17:20:07
2843,309.39,22329.3,-1787.84,2026/01/23 17:20:07
2844,309.5,22331.7,-1785.59,2026/01/23 17:20:07
2845,309.6,22328.8,-1787.28,2026/01/23 17:20:07
2846,309.71,22333.4,-1786.32,2026/01/23 17:20:07
2847,309.82,22327.7,-1785.68,2026/01/23 17:20:07
2848,309.93,22333.5,-1786.82,2026/01/23 17:20:08
2849,310.04,22328.4,-1786.19,2026/01/23 17:20:08
2850,310.15,22332.6,-1785.67,2026/01/23 17:20:08
2851,310.26,22330.8,-1786.49,2026/01/23 17:20:08
2852,310.37,22333.8,-1787.67,2026/01/23 17:20:08
2853,310.47,22332.2,-1787.14,2026/01/23 17:20:08
2854,310.58,22330.8,-1788.11,2026/01/23 17:20:08
2855,310.69,22336.4,-1784.57,2026/01/23 17:20:08
2856,310.8,22330,-1789.46,2026/01/23 17:20:08
2857,310.91,22339.1,-1783.19,2026/01/23 17:20:09
2858,311.02,22330.8,-1790.56,2026/01/23 17:20:09
2859,311.13,22337,-1783.32,2026/01/23 17:20:09
2860,311.24,22334.6,-1788.81,2026/01/23 17:20:09
2861,311.35,22335.6,-1785,2026/01/23 17:20:09
2862,311.46,22338.2,-1787.74,2026/01/23 17:20:09
2863,311.57,22334.1,-1787.01,2026/01/23 17:20:09
2864,311.67,22339,-1787.13,2026/01/23 17:20:09
2865,311.78,22335.6,-1788.14,2026/01/23 17:20:09
2866,311.89,22339.7,-1785.33,2026/01/23 17:20:09
2867,312,22338.9,-1788.41,2026/01/23 17:20:10
2868,312.11,22340,-1786.3,2026/01/23 17:20:10
2869,312.22,22342,-1788.3,2026/01/23 17:20:10
2870,312.33,22342.6,-1786.79,2026/01/23 17:20:10
2871,312.44,22344.4,-1785.61,2026/01/23 17:20:10
2872,312.55,22341.4,-1789.75,2026/01/23 17:20:10
2873,312.65,22344.3,-1786.11,2026/01/23 17:20:10
2874,312.76,22340.2,-1788.11,2026/01/23 17:20:10
2875,312.87,22346.1,-1787.85,2026/01/23 17:20:10
2876,312.98,22342.2,-1786.14,2026/01/23 17:20:11
2877,313.09,22343.7,-1788.03,2026/01/23 17:20:11
2878,313.2,22342.4,-1786.5,2026/01/23 17:20:11
2879,313.31,22342,-1789.72,2026/01/23 17:20:11
2880,313.41,22348,-1785.56,2026/01/23 17:20:11
2881,313.52,22339,-1788.34,2026/01/23 17:20:11
2882,313.63,22349.3,-1788.04,2026/01/23 17:20:11
2883,313.74,22342.5,-1786.8,2026/01/23 17:20:11
2884,313.85,22346.8,-1786.95,2026/01/23 17:20:11
2885,313.96,22346.2,-1787.87,2026/01/23 17:20:12
2886,314.07,22344.5,-1787.68,2026/01/23 17:20:12
2887,314.17,22350.3,-1786.36,2026/01/23 17:20:12
2888,314.28,22344.2,-1789.74,2026/01/23 17:20:12
2889,314.39,22353.2,-1783.83,2026/01/23 17:20:12
2890,314.5,22346.8,-1790.8,2026/01/23 17:20:12
2891,314.61,22353.8,-1784.03,2026/01/23 17:20:12
2892,314.72,22352.5,-1789.14,2026/01/23 17:20:12
2893,314.83,22354.4,-1787.09,2026/01/23 17:20:12
2894,314.94,22358.8,-1787.28,2026/01/23 17:20:13
2895,315.04,22356,-1789.15,2026/01/23 17:20:13
2896,315.15,22360.5,-1785.01,2026/01/23 17:20:13
2897,315.26,22359.9,-1791.08,2026/01/23 17:20:13
2898,315.37,22363.1,-1784.95,2026/01/23 17:20:13
2899,315.48,22361.3,-1790.53,2026/01/23 17:20:13
2900,315.59,22363.7,-1787.05,2026/01/23 17:20:13
2901,315.7,22365.8,-1788.84,2026/01/23 17:20:13
2902,315.81,22363.4,-1788.88,2026/01/23 17:20:13
2903,315.92,22369.3,-1786.45,2026/01/23 17:20:14
2904,316.03,22365.8,-1788.61,2026/01/23 17:20:14
2905,316.13,22369.3,-1788.41,2026/01/23 17:20:14
2906,316.24,22368.8,-1787.86,2026/01/23 17:20:14
2907,316.35,22371.1,-1789.58,2026/01/23 17:20:14
2908,316.46,22370.4,-1788,2026/01/23 17:20:14
2909,316.57,22373.8,-1788.06,2026/01/23 17:20:14
2910,316.68,22373.6,-1788.29,2026/01/23 17:20:14
2911,316.79,22375.1,-1788.52,2026/01/23 17:20:14
2912,316.9,22375.1,-1786.95,2026/01/23 17:20:14
2913,317.01,22374.4,-1791.33,2026/01/23 17:20:15
2914,317.11,22377.3,-1785.81,2026/01/23 17:20:15
2915,317.22,22373.2,-1789.22,2026/01/23 17:20:15
2916,317.33,22380,-1789.31,2026/01/23 17:20:15
2917,317.44,22374.1,-1787.18,2026/01/23 17:20:15
2918,317.55,22381.3,-1789.14,2026/01/23 17:20:15
2919,317.66,22377.8,-1787.64,2026/01/23 17:20:15
2920,317.77,22380.4,-1788.48,2026/01/23 17:20:15
2921,317.88,22379.8,-1788.04,2026/01/23 17:20:15
2922,317.99,22383.4,-1787.64,2026/01/23 17:20:16
2923,318.1,22383.7,-1787.71,2026/01/23 17:20:16
2924,318.2,22385.5,-1790.71,2026/01/23 17:20:16
2925,318.31,22411.3,-1788.53,2026/01/23 17:20:16
2926,318.42,22445.4,-1795.62,2026/01/23 17:20:16
2927,318.53,22440.8,-1787.53,2026/01/23 17:20:16
2928,318.64,22535.7,-1789.68,2026/01/23 17:20:16
2929,318.75,22756.3,-1854.13,2026/01/23 17:20:16
2930,318.86,22830.2,-1914.45,2026/01/23 17:20:16
2931,318.97,22794.2,-1914.85,2026/01/23 17:20:17
2932,319.08,22545,-1860.41,2026/01/23 17:20:17
2933,319.19,22467.4,-1838.31,2026/01/23 17:20:17
2934,319.3,22409.7,-1817.68,2026/01/23 17:20:17
2935,319.4,22366.2,-1816.13,2026/01/23 17:20:17
2936,319.51,22396.5,-1809.72,2026/01/23 17:20:17
2937,319.62,22435.7,-1818.62,2026/01/23 17:20:17
2938,319.73,22468.9,-1803.79,2026/01/23 17:20:17
2939,319.84,22575.4,-1789.37,2026/01/23 17:20:17
2940,319.95,22733.9,-1895.23,2026/01/23 17:20:18
2941,320.06,22748.1,-1921.01,2026/01/23 17:20:18
2942,320.17,22741.7,-1922.3,2026/01/23 17:20:18
2943,320.28,22562.7,-1862.39,2026/01/23 17:20:18
2944,320.38,22472.2,-1845.07,2026/01/23 17:20:18
2945,320.49,22413.4,-1822.04,2026/01/23 17:20:18
2946,320.6,22373.2,-1820.08,2026/01/23 17:20:18
2947,320.71,22401.7,-1814.67,2026/01/23 17:20:18
2948,320.82,22453.2,-1821.73,2026/01/23 17:20:18
2949,320.93,22506.4,-1793.71,2026/01/23 17:20:19
2950,321.04,22670.7,-1854.11,2026/01/23 17:20:19
2951,321.15,22757.8,-1923.28,2026/01/23 17:20:19
2952,321.26,22717,-1916.92,2026/01/23 17:20:19
2953,321.36,22552.2,-1863.73,2026/01/23 17:20:19
2954,321.47,22494.8,-1846.5,2026/01/23 17:20:19
2955,321.58,22428.2,-1828.61,2026/01/23 17:20:19
2956,321.69,22392.8,-1820.18,2026/01/23 17:20:19
2957,321.8,22404.3,-1820.58,2026/01/23 17:20:19
2958,321.91,22442.8,-1821.22,2026/01/23 17:20:20
2959,322.02,22496,-1812.39,2026/01/23 17:20:20
2960,322.13,22580.5,-1797.63,2026/01/23 17:20:20
2961,322.24,22708.3,-1874.62,2026/01/23 17:20:20
2962,322.35,22696.8,-1890.07,2026/01/23 17:20:20
2963,322.45,22643.6,-1875.01,2026/01/23 17:20:20
2964,322.56,22536.3,-1852.9,2026/01/23 17:20:20
2965,322.67,22471.3,-1841.36,2026/01/23 17:20:20
2966,322.78,22415,-1823.98,2026/01/23 17:20:20
2967,322.89,22381.7,-1817.52,2026/01/23 17:20:20
2968,323,22403,-1819.18,2026/01/23 17:20:21
2969,323.11,22451.1,-1821.56,2026/01/23 17:20:21
2970,323.22,22501.1,-1803.08,2026/01/23 17:20:21
2971,323.33,22653,-1834.34,2026/01/23 17:20:21
2972,323.44,22765.4,-1909.65,2026/01/23 17:20:21
2973,323.54,22744.2,-1929.6,2026/01/23 17:20:21
2974,323.65,22652.5,-1875.94,2026/01/23 17:20:21
2975,323.76,22497.3,-1854.56,2026/01/23 17:20:21
2976,323.87,22447.4,-1833.75,2026/01/23 17:20:21
2977,323.98,22401.8,-1823.53,2026/01/23 17:20:22
2978,324.09,22415.8,-1821.91,2026/01/23 17:20:22
2979,324.2,22464.3,-1826.87,2026/01/23 17:20:22
2980,324.31,22532.8,-1797.08,2026/01/23 17:20:22
2981,324.42,22675.4,-1849.68,2026/01/23 17:20:22
2982,324.52,22829.6,-1923,2026/01/23 17:20:22
2983,324.63,22809.6,-1922.38,2026/01/23 17:20:22
2984,324.74,22629.3,-1875.26,2026/01/23 17:20:22
2985,324.85,22524.4,-1849.93,2026/01/23 17:20:22
2986,324.96,22453.4,-1839.33,2026/01/23 17:20:23
2987,325.07,22409.5,-1825.18,2026/01/23 17:20:23
2988,325.18,22418.4,-1825.58,2026/01/23 17:20:23
2989,325.29,22458.5,-1827.38,2026/01/23 17:20:23
2990,325.4,22512.2,-1808.7,2026/01/23 17:20:23
2991,325.51,22606.9,-1804.69,2026/01/23 17:20:23
2992,325.62,22761.5,-1899.88,2026/01/23 17:20:23
2993,325.73,22742.7,-1918.43,2026/01/23 17:20:23
2994,325.83,22677.7,-1892.94,2026/01/23 17:20:23
2995,325.94,22524.2,-1852.75,2026/01/23 17:20:24
2996,326.05,22446.3,-1835.95,2026/01/23 17:20:24
2997,326.16,22401.9,-1824.81,2026/01/23 17:20:24
2998,326.27,22422.3,-1826.72,2026/01/23 17:20:24
2999,326.38,22471.8,-1823.47,2026/01/23 17:20:24
3000,326.49,22519.8,-1809.02,2026/01/23 17:20:24
3001,326.6,22655.5,-1812.76,2026/01/23 17:20:24
3002,326.7,22762.1,-1898.31,2026/01/23 17:20:24
3003,326.81,22733.3,-1908.21,2026/01/23 17:20:24
3004,326.92,22587.8,-1858.13,2026/01/23 17:20:25
3005,327.03,22513.8,-1845.84,2026/01/23 17:20:25
3006,327.14,22443.6,-1830.87,2026/01/23 17:20:25
3007,327.25,22405.1,-1823.51,2026/01/23 17:20:25
3008,327.36,22423,-1824.73,2026/01/23 17:20:25
3009,327.47,22460.7,-1826.72,2026/01/23 17:20:25
3010,327.58,22512.8,-1810.64,2026/01/23 17:20:25
3011,327.69,22647.8,-1812.2,2026/01/23 17:20:25
3012,327.79,22812.7,-1905.44,2026/01/23 17:20:25
3013,327.9,22790.9,-1922.71,2026/01/23 17:20:25
3014,328.01,22679.3,-1873.07,2026/01/23 17:20:26
3015,328.12,22542.5,-1854.63,2026/01/23 17:20:26
3016,328.23,22479.1,-1838.59,2026/01/23 17:20:26
3017,328.34,22427.2,-1828.45,2026/01/23 17:20:26
3018,328.45,22403.3,-1822.32,2026/01/23 17:20:26
3019,328.56,22443.6,-1825.63,2026/01/23 17:20:26
3020,328.67,22498.3,-1829.84,2026/01/23 17:20:26
3021,328.78,22581.4,-1802.21,2026/01/23 17:20:26
3022,328.89,22711.1,-1844.88,2026/01/23 17:20:26
3023,329,22780,-1901.26,2026/01/23 17:20:27
3024,329.11,22686.1,-1876.06,2026/01/23 17:20:27
3025,329.21,22568.2,-1853.14,2026/01/23 17:20:27
3026,329.32,22491.2,-1841.14,2026/01/23 17:20:27
3027,329.43,22435.1,-1828.48,2026/01/23 17:20:27
3028,329.54,22409.3,-1823.06,2026/01/23 17:20:27
3029,329.65,22436.3,-1825.18,2026/01/23 17:20:27
3030,329.76,22477.8,-1823.38,2026/01/23 17:20:27
3031,329.87,22515,-1809.21,2026/01/23 17:20:27
3032,329.98,22618.6,-1800.85,2026/01/23 17:20:28
3033,330.08,22758.3,-1882.38,2026/01/23 17:20:28
3034,330.2,22739.2,-1888.88,2026/01/23 17:20:28
3035,330.3,22589,-1854.84,2026/01/23 17:20:28
3036,330.41,22523.9,-1840.18,2026/01/23 17:20:28
3037,330.52,22450.6,-1827.1,2026/01/23 17:20:28
3038,330.63,22406.2,-1820.22,2026/01/23 17:20:28
3039,330.74,22433.7,-1822.93,2026/01/23 17:20:28
3040,330.85,22460.2,-1826.02,2026/01/23 17:20:28
3041,330.96,22520.4,-1812.81,2026/01/23 17:20:29
3042,331.07,22623,-1808.17,2026/01/23 17:20:29
3043,331.17,22803.2,-1890.63,2026/01/23 17:20:29
3044,331.28,22738.4,-1888.15,2026/01/23 17:20:29
3045,331.39,22583,-1851.26,2026/01/23 17:20:29
3046,331.5,22515,-1839,2026/01/23 17:20:29
3047,331.61,22446.5,-1829.54,2026/01/23 17:20:29
3048,331.72,22419.8,-1821.57,2026/01/23 17:20:29
3049,331.83,22439.6,-1824.08,2026/01/23 17:20:29
3050,331.94,22485.7,-1826.9,2026/01/23 17:20:30
3051,332.04,22534.9,-1803.4,2026/01/23 17:20:30
3052,332.15,22665.8,-1812.15,2026/01/23 17:20:30
3053,332.26,22792.5,-1891.94,2026/01/23 17:20:30
3054,332.37,22701.7,-1872.46,2026/01/23 17:20:30
3055,332.48,22575.9,-1849.17,2026/01/23 17:20:30
3056,332.59,22503.5,-1839.28,2026/01/23 17:20:30
3057,332.7,22454.4,-1823.68,2026/01/23 17:20:30
3058,332.81,22426.6,-1827.58,2026/01/23 17:20:30
3059,332.92,22461.6,-1819.81,2026/01/23 17:20:31
3060,333.02,22503.1,-1829.15,2026/01/23 17:20:31
3061,333.13,22585.5,-1799.6,2026/01/23 17:20:31
3062,333.24,22721.9,-1849.39,2026/01/23 17:20:31
3063,333.35,22788.9,-1897.19,2026/01/23 17:20:31
3064,333.46,22760.2,-1902.48,2026/01/23 17:20:31
3065,333.57,22624.3,-1854.46,2026/01/23 17:20:31
3066,333.68,22549.2,-1844.3,2026/01/23 17:20:31
3067,333.79,22485.8,-1832,2026/01/23 17:20:31
3068,333.9,22440.6,-1823.81,2026/01/23 17:20:31
3069,334,22447,-1821.36,2026/01/23 17:20:32
3070,334.11,22493.1,-1825.06,2026/01/23 17:20:32
3071,334.22,22534.4,-1805.39,2026/01/23 17:20:32
3072,334.33,22645.1,-1804.95,2026/01/23 17:20:32
3073,334.44,22767.6,-1880.52,2026/01/23 17:20:32
3074,334.55,22776.3,-1897.68,2026/01/23 17:20:32
3075,334.66,22655.3,-1850.87,2026/01/23 17:20:32
3076,334.77,22550.1,-1843.75,2026/01/23 17:20:32
3077,334.88,22491.4,-1822.07,2026/01/23 17:20:32
3078,334.99,22441,-1824.37,2026/01/23 17:20:33
3079,335.1,22469.3,-1818.69,2026/01/23 17:20:33
3080,335.2,22500.2,-1825.63,2026/01/23 17:20:33
3081,335.31,22548.3,-1810.04,2026/01/23 17:20:33
3082,335.42,22644.2,-1798.57,2026/01/23 17:20:33
3083,335.53,22753.4,-1865.71,2026/01/23 17:20:33
3084,335.64,22794.2,-1895.69,2026/01/23 17:20:33
3085,335.75,22661.7,-1851.46,2026/01/23 17:20:33
3086,335.86,22579.6,-1842.29,2026/01/23 17:20:33
3087,335.97,22508.7,-1828.69,2026/01/23 17:20:34
3088,336.08,22473.5,-1823.3,2026/01/23 17:20:34
3089,336.19,22464.8,-1821.5,2026/01/23 17:20:34
3090,336.29,22502.3,-1822.18,2026/01/23 17:20:34
3091,336.4,22558.7,-1820.83,2026/01/23 17:20:34
3092,336.51,22608.1,-1797.38,2026/01/23 17:20:34
3093,336.62,22732.5,-1847.25,2026/01/23 17:20:34
3094,336.73,22790.9,-1897.16,2026/01/23 17:20:34
3095,336.84,22771.1,-1891.7,2026/01/23 17:20:34
3096,336.95,22622,-1852.92,2026/01/23 17:20:35
3097,337.06,22538.5,-1833.98,2026/01/23 17:20:35
3098,337.17,22487.3,-1827.44,2026/01/23 17:20:35
3099,337.28,22470.4,-1819.36,2026/01/23 17:20:35
3100,337.38,22496.9,-1824.41,2026/01/23 17:20:35
3101,337.49,22560.6,-1820.79,2026/01/23 17:20:35
3102,337.6,22726.8,-1824.66,2026/01/23 17:20:35
3103,337.71,22850.6,-1909.51,2026/01/23 17:20:35
3104,337.82,22834.8,-1911.41,2026/01/23 17:20:35
3105,337.93,22706.9,-1870.37,2026/01/23 17:20:36
3106,338.04,22617.9,-1847.85,2026/01/23 17:20:36
3107,338.15,22557.5,-1840.74,2026/01/23 17:20:36
3108,338.26,22504.3,-1826.87,2026/01/23 17:20:36
3109,338.37,22462.4,-1822.64,2026/01/23 17:20:36
3110,338.48,22488.7,-1821.57,2026/01/23 17:20:36
3111,338.59,22486.6,-1821.51,2026/01/23 17:20:36
3112,338.69,22488.9,-1818.74,2026/01/23 17:20:36
3113,338.8,22493,-1819.55,2026/01/23 17:20:36
3114,338.91,22489.3,-1817.13,2026/01/23 17:20:37
3115,339.02,22496.4,-1815.34,2026/01/23 17:20:37
3116,339.13,22493.2,-1818.63,2026/01/23 17:20:37
3117,339.24,22495.1,-1815.56,2026/01/23 17:20:37
3118,339.35,22494.8,-1818.64,2026/01/23 17:20:37
3119,339.46,22495.9,-1815.83,2026/01/23 17:20:37
3120,339.57,22495.2,-1816.19,2026/01/23 17:20:37
3121,339.68,22495.8,-1816.77,2026/01/23 17:20:37
3122,339.78,22495.6,-1815.63,2026/01/23 17:20:37
3123,339.89,22494.7,-1818.84,2026/01/23 17:20:37
3124,340,22501.1,-1813.09,2026/01/23 17:20:38
